device_name,model_code,version,region_code,file_size,chipset,build_date,build_date_raw,filename,url,scraped_at,note
Tecno 7C,7C,5.1,,1 GB,MT6582,2015-04-30,20150430,Tecno_7C_MT6582_20150430_5.1.zip,https://naijarom.com/tecno-7c,2026-09-22T00:29:12.857397+00:00,
Tecno 7C Pro,,5.1,,1 GB,MT6582,2015-04-30,20150430,Tecno_7C_Pro_MT6582_20150430_5.1.zip,https://naijarom.com/tecno-7c-pro,2026-09-22T00:29:18.586152+00:00,
Tecno 7CS,,,,,,,,,https://naijarom.com/tecno-7cs,2026-09-22T00:29:23.269548+00:00,no firmware versions found on page
Tecno 7H,,,,,,,,,https://naijarom.com/tecno-7h,2026-09-22T00:29:28.287767+00:00,no firmware versions found on page
Tecno 8H,8H,5.0,,1 GB,MT6582,2015-05-07,20150507,Tecno_8H_MT6582_20150507_5.0.zip,https://naijarom.com/tecno-8h,2026-09-22T00:29:33.201306+00:00,
Tecno 611s,,,,,,,,,https://naijarom.com/tecno-611s,2026-09-22T00:29:37.761291+00:00,no firmware versions found on page
Tecno A6,A6,V116,,2 GB,MT6755,,161216,Tecno_A6_MT6755_V116_161216.zip,https://naijarom.com/tecno-a6,2026-09-22T00:29:42.670091+00:00,
Tecno A6,A6,V121,,2 GB,MT6755,,170103,Tecno_A6_MT6755_V121_170103.zip,https://naijarom.com/tecno-a6,2026-09-22T00:29:42.670134+00:00,
Tecno A6,A6,V138,,2 GB,MT6755,,180905,Tecno_A6_MT6755_V138_180905.zip,https://naijarom.com/tecno-a6,2026-09-22T00:29:42.670165+00:00,
Tecno A7 Phantom Z,A7,,,,,,,,https://naijarom.com/tecno-a7-phantom-z,2026-09-22T00:29:50.953920+00:00,no firmware versions found on page
Tecno A7S,A7S,,,,,,,,https://naijarom.com/tecno-a7s,2026-09-22T00:29:57.460200+00:00,no firmware versions found on page
Tecno A9,A9,,,,,,,,https://naijarom.com/tecno-a9,2026-09-22T00:30:02.754169+00:00,no firmware versions found on page
Ab7,,,,,,,,,https://naijarom.com/tecno-ab7,2026-09-22T00:30:11.534958+00:00,page redirects to homepage (dead URL)
Tecno AD9,AD9,V1775,,5 GB,MT6983,2025-10-22,221025,Tecno_AD9_MT6983_V1775_221025.zip,https://naijarom.com/tecno-ad9,2026-09-22T00:30:15.605200+00:00,
Tecno AD9,AD9,V3642,,5.79 GB,MT6983,2023-07-17,230717,Tecno_AD9_MT6983_V3642_230717.zip,https://naijarom.com/tecno-ad9,2026-09-22T00:30:15.605250+00:00,
Tecno AL58,AL58,,,,,,,,https://naijarom.com/tecno-al58,2026-09-22T00:30:19.644899+00:00,no firmware versions found on page
Tecno B1P,B1P,V148,,869 MB,MT6580,2023-03-19,190323,Tecno_B1P_MT6580_V148_190323.zip,https://naijarom.com/tecno-b1p,2026-09-22T00:30:22.622871+00:00,
Tecno B1P,B1P,V158,,869 MB,MT6580,2023-03-19,190323,Tecno_B1P_MT6580_V158_190323.zip,https://naijarom.com/tecno-b1p,2026-09-22T00:30:22.622918+00:00,
Tecno B1p F8017AB GO,F8017AB,,,,,,,,https://naijarom.com/tecno-b1p-f8017ab-go,2026-09-22T00:30:27.069930+00:00,no firmware versions found on page
Tecno B1p F8017C GO,F8017C,,,,,,,,https://naijarom.com/tecno-b1p-f8017c-go,2026-09-22T00:30:31.037066+00:00,no firmware versions found on page
Tecno B1S,B1S,,,,,,,,https://naijarom.com/tecno-b1s,2026-09-22T00:30:35.378132+00:00,no firmware versions found on page
Tecno B3,B3,,,,,,,,https://naijarom.com/tecno-b3,2026-09-22T00:30:39.590002+00:00,no firmware versions found on page
Tecno B6S,B6S,,,,,,,,https://naijarom.com/tecno-b6s,2026-09-22T00:30:44.813631+00:00,no firmware versions found on page
Ba2,,,,,,,,,https://naijarom.com/tecno-ba2,2026-09-22T00:30:49.797620+00:00,page redirects to homepage (dead URL)
Tecno BC1,BC1,V019,,1.9 GB,MT6580,2020-09-22,220920,Tecno_BC1_MT6580_V019_220920.zip,https://naijarom.com/tecno-bc1,2026-09-22T00:30:54.528021+00:00,
Tecno BC2C,BC2C,,,,,,,,https://naijarom.com/tecno-bc2c,2026-09-22T00:30:59.956939+00:00,no firmware versions found on page
Tecno BE6,BE6,,,,,,,,https://naijarom.com/tecno-be6,2026-09-22T00:31:04.506057+00:00,no firmware versions found on page
Tecno BF7,BF7,V185,,3 GB,MT6761,2022-10-09,221009,Tecno_BF7_MT6761_V185_221009.zip,https://naijarom.com/tecno-bf7,2026-09-22T00:31:08.391926+00:00,
Tecno Boom J5,J5,,,,,,,,https://naijarom.com/tecno-boom-j5,2026-09-22T00:31:15.754677+00:00,no firmware versions found on page
Tecno Boom J8,J8,,,,,,,,https://naijarom.com/tecno-boom-j8,2026-09-22T00:31:20.263439+00:00,no firmware versions found on page
Tecno C9 Plus,C9,,,,,,,,https://naijarom.com/tecno-c9-plus,2026-09-22T00:31:25.359193+00:00,no firmware versions found on page
Tecno C9 Pro,C9,,,,,,,,https://naijarom.com/tecno-c9-pro,2026-09-22T00:31:30.275817+00:00,no firmware versions found on page
Tecno CA7,CA7,,,,,,,,https://naijarom.com/tecno-ca7,2026-09-22T00:31:35.380450+00:00,no firmware versions found on page
Tecno Camon 11 CB7,CB7,V169,,2 GB,MT6761,,190308,Tecno_Camon_11_CB7_MT6761_V169_190308.zip,https://naijarom.com/tecno-camon-11-cb7,2026-09-22T00:31:40.665149+00:00,
Tecno Camon 11 CF7,CF7,V154,,2 GB,MT6739,,190107,Tecno_Camon_11_CF7_MT6739_V154_190107.zip,https://naijarom.com/tecno-camon-11-cf7,2026-09-22T00:31:45.336867+00:00,
Tecno Camon 11 CF7,CF7,V170,,2 GB,MT6739,,190107,Tecno_Camon_11_CF7_MT6739_V170_190107.zip,https://naijarom.com/tecno-camon-11-cf7,2026-09-22T00:31:45.336909+00:00,
Tecno Camon 11 CF7,CF7,V250,,1.53 GB,MT6739,2020-09-01,200901,Tecno_Camon_11_CF7_MT6739_V250_200901.zip,https://naijarom.com/tecno-camon-11-cf7,2026-09-22T00:31:45.336935+00:00,
Tecno Camon 11 CF7K,CF7K,V112,,1.81 GB,MT6761,2020-11-03,201103,Tecno_Camon_11_CF7K_MT6761_V112_201103.zip,https://naijarom.com/tecno-camon-11-cf7k,2026-09-22T00:31:50.760231+00:00,
Tecno Camon 11 CF7K,CF7K,V332,,1.81 GB,MT6761,2020-11-03,201103,Tecno_Camon_11_CF7K_MT6761_V332_201103.zip,https://naijarom.com/tecno-camon-11-cf7k,2026-09-22T00:31:50.760299+00:00,
Tecno Camon 11 CF7S,CF7S,V103,,1.54 GB,MT6739,2029-09-19,190929,Tecno_Camon_11_CF7S_MT6739_V103_190929.zip,https://naijarom.com/tecno-camon-11-cf7s,2026-09-22T00:31:54.717840+00:00,
Tecno Camon 11 Pro CF8,CF8,V150,,2 GB,MT6765,,181114,Tecno_Camon_11_Pro_CF8_MT6765_V150_181114.zip,https://naijarom.com/tecno-camon-11-pro-cf8,2026-09-22T00:31:59.397432+00:00,
Tecno Camon 11S CB7,CB7,V169,,1.53 GB,MT6761,,190308,Tecno_Camon_11S_CB7_MT6761_V169_190308.zip,https://naijarom.com/tecno-camon-11s-cb7,2026-09-22T00:32:05.429577+00:00,
Tecno Camon 12 CC7,CC7,V230,,2 GB,MT6765,,191216,Tecno_Camon_12_CC7_MT6765_V230_191216.zip,https://naijarom.com/tecno-camon-12-cc7,2026-09-22T00:32:10.067493+00:00,
Tecno Camon 12 CC7,CC7,V427,,2.14 GB,MT6765,2021-07-19,210719,Tecno_Camon_12_CC7_MT6765_V427_210719.zip,https://naijarom.com/tecno-camon-12-cc7,2026-09-22T00:32:10.067526+00:00,
Tecno Camon 12 Air CC6,CC6,,,,,,,,https://naijarom.com/tecno-camon-12-air-cc6,2026-09-22T00:32:14.546518+00:00,no firmware versions found on page
Tecno Camon 12 Pro CC9,CC9,V274,,2 GB,MT6765,2020-01-06,200106,Tecno_CC9_MT6765_V274_200106.zip,https://naijarom.com/tecno-cc9,2026-09-22T00:32:20.042097+00:00,
Tecno Camon 12 Pro CC9,CC9,V389,,2.26 GB,MT6765,2020-10-31,201031,Tecno_CC9_MT6765_V389_201031.zip,https://naijarom.com/tecno-cc9,2026-09-22T00:32:20.042140+00:00,
Tecno Camon 12 Pro CC9,CC9,V437,,2.26 GB,MT6765,2024-02-21,210224,Tecno_CC9_MT6765_V437_210224.zip,https://naijarom.com/tecno-cc9,2026-09-22T00:32:20.042173+00:00,
Tecno Camon 12 Pro CC9,CC9,V465,,2.26 GB,MT6765,2021-05-13,210513,Tecno_CC9_MT6765_V465_210513.zip,https://naijarom.com/tecno-cc9,2026-09-22T00:32:20.042203+00:00,
Tecno Camon 12 Pro CC9,CC9,V471,,2.26 GB,MT6765,2021-07-01,210701,Tecno_CC9_MT6765_V471_210701.zip,https://naijarom.com/tecno-cc9,2026-09-22T00:32:20.042230+00:00,
Tecno Camon 15 CD7,CD7,V163,,2.19 GB,MT6765,2029-12-21,211229,Tecno_Camon_15_CD7_MT6765_V163_211229.zip,https://naijarom.com/tecno-camon-15-cd7,2026-09-22T00:32:24.659270+00:00,
Tecno Camon 15 CD7,CD7,V359,,2 GB,MT6765,2020-01-02,200102,Tecno_CD7_MT6765_V359_200102.zip,https://naijarom.com/tecno-camon-15-cd7,2026-09-22T00:32:24.659312+00:00,
Tecno Camon 15 CD7,CD7,V565,,2 GB,MT6765,2022-09-20,200922,Tecno_Camon_15_CD7_MT6765_V565_200922.zip,https://naijarom.com/tecno-camon-15-cd7,2026-09-22T00:32:24.659346+00:00,
Tecno Camon 15 CD7,CD7,V601,,2.3 GB,MT6765,2020-12-18,201218,Tecno_Camon_15_CD7_MT6765_V601_201218.zip,https://naijarom.com/tecno-camon-15-cd7,2026-09-22T00:32:24.659370+00:00,
Tecno Camon 15 CD7,CD7,V787,,2.26 GB,MT6765,2021-12-01,211201,Tecno_Camon_15_CD7_MT6765_V787_211201.zip,https://naijarom.com/tecno-camon-15-cd7,2026-09-22T00:32:24.659388+00:00,
Tecno Camon 15 Air CD6,CD6,V302,,2.24 GB,MT6765,2021-07-06,210706,Tecno_Camon_15_Air_CD6_MT6765_V302_210706.zip,https://naijarom.com/tecno-camon-15-air-cd6,2026-09-22T00:32:29.292382+00:00,
Tecno Camon 15 Air CD6,CD6,V316,,2.24 GB,MT6765,2022-03-14,220314,Tecno_Camon_15_Air_CD6_MT6765_V316_220314.zip,https://naijarom.com/tecno-camon-15-air-cd6,2026-09-22T00:32:29.292414+00:00,
Tecno Camon 15 Air CD6S,CD6S,,,,,,,,https://naijarom.com/tecno-camon-15-air-cd6s,2026-09-22T00:32:34.516953+00:00,no firmware versions found on page
Tecno Camon 15 Premier CD8J,CD8J,V173,,2.29 GB,MT6765,2024-06-20,200624,Tecno_Camon_15_Premier_CD8J_MT6765_V173_200624.zip,https://naijarom.com/tecno-camon-15-premier-cd8j,2026-09-22T00:32:40.280165+00:00,
Tecno Camon 15 Premier CD8J,CD8J,V178,,2.33 GB,MT6765,2029-10-20,201029,Tecno_Camon_15_Premier_CD8J_MT6765_V178_201029.zip,https://naijarom.com/tecno-camon-15-premier-cd8j,2026-09-22T00:32:40.280201+00:00,
Tecno Camon 15 Premier CD8J,CD8J,V199,,2.33 GB,MT6765,2021-03-13,210313,Tecno_Camon_15_Premier_CD8J_MT6765_V199_210313.zip,https://naijarom.com/tecno-camon-15-premier-cd8j,2026-09-22T00:32:40.280243+00:00,
Tecno Camon 15 Premier CD8J,CD8J,V209,,2.22 GB,MT6765,2021-05-17,210517,Tecno_Camon_15_Premier_CD8J_MT6765_V209_210517.zip,https://naijarom.com/tecno-camon-15-premier-cd8j,2026-09-22T00:32:40.280265+00:00,
Tecno Camon 15 Premier CD8J,CD8J,V219,,2.22 GB,MT6765,2020-07-21,210720,Tecno_Camon_15_Premier_CD8J_MT6765_V219_210720.zip,https://naijarom.com/tecno-camon-15-premier-cd8j,2026-09-22T00:32:40.280285+00:00,
Tecno Camon 15 Premier CD8J,CD8J,V234,,2.22 GB,MT6765,2022-03-14,220314,Tecno_Camon_15_Premier_CD8J_MT6765_V234_220314.zip,https://naijarom.com/tecno-camon-15-premier-cd8j,2026-09-22T00:32:40.280304+00:00,
Tecno Camon 15 Pro CD8,CD8,V115,,2.24 GB,MT6765,2028-12-20,201228,Tecno_Camon_15_Pro_CD8_MT6765_V115_201228.zip,https://naijarom.com/tecno-camon-15-pro-cd8,2026-09-22T00:32:46.749521+00:00,
Tecno Camon 15 Pro CD8,CD8,V219,,2.22 GB,MT6765,2020-01-14,200114,Tecno_Camon_15_Pro_CD8_MT6765_V219_200114.zip,https://naijarom.com/tecno-camon-15-pro-cd8,2026-09-22T00:32:46.749552+00:00,
Tecno Camon 15 Pro CD8,CD8,V321,,2 GB,MT6765,2020-09-17,200917,Tecno_Camon_15_Pro_CD8_MT6765_V321_200917.zip,https://naijarom.com/tecno-camon-15-pro-cd8,2026-09-22T00:32:46.749572+00:00,
Tecno Camon 15 Pro CD8,CD8,V351,,2 GB,MT6765,2020-12-18,201218,Tecno_Camon_15_Pro_CD8_MT6765_V351_201218.zip,https://naijarom.com/tecno-camon-15-pro-cd8,2026-09-22T00:32:46.749593+00:00,
Tecno Camon 16 CE7,CE7,V303,,3 GB,MT6768,2022-09-20,200922,Tecno_Camon_16_CE7_MT6768_V303_200922.zip,https://naijarom.com/tecno-camon-16-ce7,2026-09-22T00:32:51.469586+00:00,
Tecno Camon 16 CE7,CE7,V431,,3 GB,MT6768,2020-12-01,201201,Tecno_Camon_16_CE7_MT6768_V431_201201.zip,https://naijarom.com/tecno-camon-16-ce7,2026-09-22T00:32:51.469620+00:00,
Tecno Camon 16 CE7,CE7,V641,,2.84 GB,MT6768,2021-08-31,210831,Tecno_Camon_16_CE7_MT6768_V641_210831.zip,https://naijarom.com/tecno-camon-16-ce7,2026-09-22T00:32:51.469641+00:00,
Tecno Camon 16 CE7,CE7,V687,,2.84 GB,MT6768,2021-11-09,211109,Tecno_Camon_16_CE7_MT6768_V687_211109.zip,https://naijarom.com/tecno-camon-16-ce7,2026-09-22T00:32:51.469663+00:00,
Tecno Camon 16 CE7,CE7,V754,,2.84 GB,MT6768,2022-03-09,220309,Tecno_Camon_16_CE7_MT6768_V754_220309.zip,https://naijarom.com/tecno-camon-16-ce7,2026-09-22T00:32:51.469683+00:00,
Tecno Camon 16 CE7,CE7,V774,,2.84 GB,MT6768,2022-05-10,220510,Tecno_Camon_16_CE7_MT6768_V774_220510.zip,https://naijarom.com/tecno-camon-16-ce7,2026-09-22T00:32:51.469730+00:00,
Tecno Camon 16 CE7,CE7,V803,,2.89 GB,MT6768,2022-09-19,220919,Tecno_Camon_16_CE7_MT6768_V803_220919.zip,https://naijarom.com/tecno-camon-16-ce7,2026-09-22T00:32:51.469772+00:00,
Tecno Camon 16 CE7J,CE7J,V250,,2.72 GB,MT6768,2020-12-15,201215,Tecno_Camon_16_CE7J_MT6768_V250_201215.zip,https://naijarom.com/tecno-camon-16-ce7j,2026-09-22T00:32:56.465296+00:00,
Tecno Camon 16 CE7J,CE7J,V435,,2.56 GB,MT6768,2023-01-11,230111,Tecno_Camon_16_CE7J_MT6768_V435_230111.zip,https://naijarom.com/tecno-camon-16-ce7j,2026-09-22T00:32:56.465420+00:00,
Tecno Camon 16 Pro CE8,CE8,V325,,2.9 GB,MT6768,2020-12-01,201201,Tecno_Camon_16_Pro_CE8_MT6768_V325_201201.zip,https://naijarom.com/tecno-camon-16-pro-ce8,2026-09-22T00:33:01.325514+00:00,
Tecno Camon 16 Pro CE8,CE8,V365,,2.94 GB,MT6768,2020-12-01,201201,Tecno_Camon_16_Pro_CE8_MT6768_V365_201201.zip,https://naijarom.com/tecno-camon-16-pro-ce8,2026-09-22T00:33:01.325555+00:00,
Tecno Camon 16 Pro CE8,CE8,V404,,3 GB,MT6768,2021-08-31,210831,Tecno_Camon_16_Pro_CE8_MT6768_V404_210831.zip,https://naijarom.com/tecno-camon-16-pro-ce8,2026-09-22T00:33:01.325581+00:00,
Tecno Camon 16 Pro CE8,CE8,V420,,3 GB,MT6768,2022-03-09,220309,Tecno_Camon_16_Pro_CE8_MT6768_V420_220309.zip,https://naijarom.com/tecno-camon-16-pro-ce8,2026-09-22T00:33:01.325601+00:00,
Tecno Camon 16 Pro CE8,CE8,V428,,3 GB,MT6768,2022-05-10,220510,Tecno_Camon_16_Pro_CE8_MT6768_V428_220510.zip,https://naijarom.com/tecno-camon-16-pro-ce8,2026-09-22T00:33:01.325620+00:00,
Tecno Camon 16 Pro CE8,CE8,V437,,1 GB,MT6768,2022-09-19,220919,Tecno_Camon_16_Pro_CE8_MT6768_V437_220919.zip,https://naijarom.com/tecno-camon-16-pro-ce8,2026-09-22T00:33:01.325638+00:00,
Tecno Camon 16 Premier CE9,CE9,V439,,3.11 GB,MT6785,2022-02-18,220218,Tecno_Camon_16_Premier_CE9_MT6785_V439_220218.zip,https://naijarom.com/tecno-camon-16-premier-ce9,2026-09-22T00:33:06.172523+00:00,
Tecno Camon 16 Premier CE9,CE9,V454,,3.12 GB,MT6785,2022-04-15,220415,Tecno_Camon_16_Premier_CE9_MT6785_V454_220415.zip,https://naijarom.com/tecno-camon-16-premier-ce9,2026-09-22T00:33:06.172571+00:00,
Tecno Camon 16 Premier CE9,CE9,V475,,3.10 GB,MT6785,2023-09-22,220923,Tecno_Camon_16_Premier_CE9_MT6785_V475_220923.zip,https://naijarom.com/tecno-camon-16-premier-ce9,2026-09-22T00:33:06.172607+00:00,
Tecno Camon 16 Premier CE9,CE9,V485,,2.93 GB,MT6785,2023-01-11,230111,Tecno_Camon_16_Premier_CE9_MT6785_V485_230111.zip,https://naijarom.com/tecno-camon-16-premier-ce9,2026-09-22T00:33:06.172651+00:00,
Tecno Camon 16 Premier CE9,CE9,V561,,3.2 GB,MT6785,2020-12-10,201210,Tecno_Camon_16_Premier_CE9_MT6785_V561_201210.zip,https://naijarom.com/tecno-camon-16-premier-ce9,2026-09-22T00:33:06.172698+00:00,
Tecno Camon 16 Premier CE9,CE9,V700,,3.23 GB,MT6785,2021-08-31,210831,Tecno_Camon_16_Premier_CE9_MT6785_V700_210831.zip,https://naijarom.com/tecno-camon-16-premier-ce9,2026-09-22T00:33:06.172742+00:00,
Tecno Camon 16 Premier CE9H,CE9H,V182,,3 GB,MT6785,2020-11-11,201111,Tecno_Camon_16_Premier_CE9H_MT6785_V182_201111.zip,https://naijarom.com/tecno-camon-16-premier-ce9h,2026-09-22T00:33:11.410937+00:00,
Tecno Camon 16 Premier CE9H,CE9H,V196,,3.2 GB,MT6785,2021-04-01,210401,Tecno_Camon_16_Premier_CE9H_MT6785_V196_210401.zip,https://naijarom.com/tecno-camon-16-premier-ce9h,2026-09-22T00:33:11.410977+00:00,
Tecno Camon 16 SE CE7J,CE7J,V282,,2.76 GB,MT6768,2021-05-17,210517,Tecno_Camon_16_SE_CE7J_MT6768_V282_210517.zip,https://naijarom.com/tecno-camon-16-se-ce7j,2026-09-22T00:33:16.383083+00:00,
Tecno Camon 16 SE CE7J,CE7J,V405,,2.74 GB,MT6768,2022-02-10,220210,Tecno_Camon_16_SE_CE7J_MT6768_V405_220210.zip,https://naijarom.com/tecno-camon-16-se-ce7j,2026-09-22T00:33:16.383138+00:00,
Tecno Camon 16 SE CE7J,CE7J,V435,,2.56 GB,MT6768,2023-01-11,230111,Tecno_Camon_16_SE_CE7J_MT6768_V435_230111.zip,https://naijarom.com/tecno-camon-16-se-ce7j,2026-09-22T00:33:16.383178+00:00,
Tecno Camon 16S CD6J,CD6J,V091,,2.6 GB,MT6765,2020-12-15,201215,Tecno_Camon_16S_CD6J_MT6765_V091_201215.zip,https://naijarom.com/tecno-camon-16s-cd6j,2026-09-22T00:33:21.580786+00:00,
Tecno Camon 16S CD6J,CD6J,V119,,2.58 GB,MT6765,2021-10-14,211014,Tecno_Camon_16S_CD6J_MT6765_V119_211014.zip,https://naijarom.com/tecno-camon-16s-cd6j,2026-09-22T00:33:21.580832+00:00,
Tecno Camon 16S CD6J,CD6J,V132,,2.58 GB,MT6765,2022-02-15,220215,Tecno_Camon_16S_CD6J_MT6765_V132_220215.zip,https://naijarom.com/tecno-camon-16s-cd6j,2026-09-22T00:33:21.580874+00:00,
Tecno Camon 16S CD6J,CD6J,V134,,2.58 GB,MT6765,2022-04-06,220406,Tecno_Camon_16S_CD6J_MT6765_V134_220406.zip,https://naijarom.com/tecno-camon-16s-cd6j,2026-09-22T00:33:21.580895+00:00,
Tecno Camon 17,,,,,,,,,https://naijarom.com/tecno-camon-17,2026-09-22T00:33:25.853679+00:00,no firmware versions found on page
Tecno Camon 17 CG6,CG6,V385,,3.28 GB,MT6768,2021-04-19,210419,Tecno_Camon_17_CG6_MT6768_V385_210419.zip,https://naijarom.com/tecno-camon-17-cg6,2026-09-22T00:33:30.354448+00:00,
Tecno Camon 17 CG6,CG6,V511,,3.34 GB,MT6768,2021-06-16,210616,Tecno_Camon_17_CG6_MT6768_V511_210616.zip,https://naijarom.com/tecno-camon-17-cg6,2026-09-22T00:33:30.354483+00:00,
Tecno Camon 17 CG6,CG6,V635,,3.36 GB,MT6768,2021-09-06,210906,Tecno_Camon_17_CG6_MT6768_V635_210906.zip,https://naijarom.com/tecno-camon-17-cg6,2026-09-22T00:33:30.354504+00:00,
Tecno Camon 17 CG6,CG6,V704,,3.47 GB,MT6768,2021-11-03,211103,Tecno_Camon_17_CG6_MT6768_V704_211103.zip,https://naijarom.com/tecno-camon-17-cg6,2026-09-22T00:33:30.354547+00:00,
Tecno Camon 17 CG6,CG6,V736,,3.5 GB,MT6768,2029-11-21,211129,Tecno_Camon_17_CG6_MT6768_V736_211129.zip,https://naijarom.com/tecno-camon-17-cg6,2026-09-22T00:33:30.354565+00:00,
Tecno Camon 17 CG6,CG6,V746,,3.5 GB,MT6768,2021-12-12,211212,Tecno_Camon_17_CG6_MT6768_V746_211212.zip,https://naijarom.com/tecno-camon-17-cg6,2026-09-22T00:33:30.354586+00:00,
Tecno Camon 17 CG6,CG6,V1649,,3.37 GB,MT6768,2021-12-14,211214,Tecno_Camon_17_CG6_MT6768_V1649_211214.zip,https://naijarom.com/tecno-camon-17-cg6,2026-09-22T00:33:30.354607+00:00,
Tecno Camon 17 CG6,CG6,V2091,,3.36 GB,MT6768,2022-02-14,220214,Tecno_Camon_17_CG6_MT6768_V2091_220214.zip,https://naijarom.com/tecno-camon-17-cg6,2026-09-22T00:33:30.354627+00:00,
Tecno Camon 17 CG6,CG6,V2547,,3.33 GB,MT6768,2027-05-22,220527,Tecno_Camon_17_CG6_MT6768_V2547_220527.zip,https://naijarom.com/tecno-camon-17-cg6,2026-09-22T00:33:30.354644+00:00,
Tecno Camon 17 CG6,CG6,V3121,,3.33 GB,MT6768,2029-09-22,220929,Tecno_Camon_17_CG6_MT6768_V3121_220929.zip,https://naijarom.com/tecno-camon-17-cg6,2026-09-22T00:33:30.354660+00:00,
Tecno Camon 17 CG6,CG6,V3269,,3.36 GB,MT6768,2022-11-15,221115,Tecno_Camon_17_CG6_MT6768_V3269_221115.zip,https://naijarom.com/tecno-camon-17-cg6,2026-09-22T00:33:30.354677+00:00,
Tecno Camon 17 CG6,CG6,V3393,,3.35 GB,MT6768,2023-12-22,221223,Tecno_Camon_17_CG6_MT6768_V3393_221223.zip,https://naijarom.com/tecno-camon-17-cg6,2026-09-22T00:33:30.354693+00:00,
Tecno Camon 17 CG6,CG6,V3570,,3.32 GB,MT6768,2023-02-16,230216,Tecno_Camon_17_CG6_MT6768_V3570_230216.zip,https://naijarom.com/tecno-camon-17-cg6,2026-09-22T00:33:30.354709+00:00,
Tecno Camon 17 CG6,CG6,V3709,,3.36 GB,MT6768,2020-04-23,230420,Tecno_Camon_17_CG6_MT6768_V3709_230420.zip,https://naijarom.com/tecno-camon-17-cg6,2026-09-22T00:33:30.354725+00:00,
Tecno Camon 17 CG6J,CG6J,V425,,3.3 GB,MT6768,2021-05-10,210510,Tecno_Camon_17_CG6J_MT6768_V425_210510.zip,https://naijarom.com/tecno-camon-17-cg6j,2026-09-22T00:33:35.180988+00:00,
Tecno Camon 17 CG6J,CG6J,V525,,3.49 GB,MT6768,2021-12-12,211212,Tecno_Camon_17_CG6J_MT6768_V525_211212.zip,https://naijarom.com/tecno-camon-17-cg6j,2026-09-22T00:33:35.181081+00:00,
Tecno Camon 17 CG6J,CG6J,V972,,3.37 GB,MT6768,2021-12-14,211214,Tecno_Camon_17_CG6J_MT6768_V972_211214.zip,https://naijarom.com/tecno-camon-17-cg6j,2026-09-22T00:33:35.181124+00:00,
Tecno Camon 17 CG6J,CG6J,V1176,,3.36 GB,MT6768,2022-02-14,220214,Tecno_Camon_17_CG6J_MT6768_V1176_220214.zip,https://naijarom.com/tecno-camon-17-cg6j,2026-09-22T00:33:35.181166+00:00,
Tecno Camon 17 CG6J,CG6J,V1428,,3.35 GB,MT6768,2029-09-22,220929,Tecno_Camon_17_CG6J_MT6768_V1428_220929.zip,https://naijarom.com/tecno-camon-17-cg6j,2026-09-22T00:33:35.181235+00:00,
Tecno Camon 17 CG7,CG7,,,,,,,,https://naijarom.com/tecno-camon-17-cg7,2026-09-22T00:33:39.984280+00:00,no firmware versions found on page
Tecno Camon 17 CG8,CG8,V944,,4 GB,MT6785,2026-09-22,220926,Tecno_Camon_17_CG8_MT6785_V944_220926.zip,https://naijarom.com/tecno-camon-17-cg8,2026-09-22T00:33:44.745403+00:00,
Tecno Camon 17 CG8,CG8,V970,,4.07 GB,MT6785,2023-03-03,230303,Tecno_Camon_17_CG8_MT6785_V970_230303.zip,https://naijarom.com/tecno-camon-17-cg8,2026-09-22T00:33:44.745442+00:00,
Tecno Camon 17 Pro CG8,CG8,V141,,3 GB,MT6785,2029-01-21,210129,Tecno_Camon_17_Pro_CG8_MT6785_V141_210129.zip,https://naijarom.com/tecno-camon-17-pro-cg8,2026-09-22T00:33:49.677869+00:00,
Tecno Camon 17 Pro CG8,CG8,V153,,3 GB,MT6785,2028-04-21,210428,Tecno_Camon_17_Pro_CG8_MT6785_V153_210428.zip,https://naijarom.com/tecno-camon-17-pro-cg8,2026-09-22T00:33:49.677913+00:00,
Tecno Camon 17 Pro CG8,CG8,V471,,3.64 GB,MT6785,2021-05-17,210517,Tecno_Camon_17_Pro_CG8_MT6785_V471_210517.zip,https://naijarom.com/tecno-camon-17-pro-cg8,2026-09-22T00:33:49.677986+00:00,
Tecno Camon 17 Pro CG8,CG8,V805,,4.02 GB,MT6785,2021-12-01,211201,Tecno_Camon_17_Pro_CG8_MT6785_V805_211201.zip,https://naijarom.com/tecno-camon-17-pro-cg8,2026-09-22T00:33:49.678017+00:00,
Tecno Camon 17 Pro CG8,CG8,V819,,4.01 GB,MT6785,2021-12-10,211210,Tecno_Camon_Pro_17_CG8_MT6785_V819_211210.zip,https://naijarom.com/tecno-camon-17-pro-cg8,2026-09-22T00:33:49.678047+00:00,
Tecno Camon 17 Pro CG8,CG8,V872,,4.01 GB,MT6785,2022-02-10,220210,Tecno_Camon_17_Pro_CG8_MT6785_V872_220210.zip,https://naijarom.com/tecno-camon-17-pro-cg8,2026-09-22T00:33:49.678076+00:00,
Tecno Camon 17 Pro CG8,CG8,V907,,3.97 GB,MT6785,2022-04-17,220417,Tecno_Camon_17_Pro_CG8_MT6785_V907_220417.zip,https://naijarom.com/tecno-camon-17-pro-cg8,2026-09-22T00:33:49.678105+00:00,
Tecno Camon 17 Pro CG8,CG8,V922,,3.99 GB,MT6785,2022-06-10,220610,Tecno_Camon_17_Pro_CG8_MT6785_V922_220610.zip,https://naijarom.com/tecno-camon-17-pro-cg8,2026-09-22T00:33:49.678133+00:00,
Tecno Camon 17 Pro CG8,CG8,V941,,4 GB,MT6785,2023-08-22,220823,Tecno_Camon_17_Pro_CG8_MT6785_V941_220823.zip,https://naijarom.com/tecno-camon-17-pro-cg8,2026-09-22T00:33:49.678169+00:00,
Tecno Camon 17 Pro CG8,CG8,V944,,4 GB,MT6785,2026-09-22,220926,Tecno_Camon_17_Pro_CG8_MT6785_V944_220926.zip,https://naijarom.com/tecno-camon-17-pro-cg8,2026-09-22T00:33:49.678201+00:00,
Tecno Camon 17 Pro CG8,CG8,V970,,4.07 GB,MT6785,2023-03-03,230303,Tecno_Camon_17_Pro_CG8_MT6785_V970_230303.zip,https://naijarom.com/tecno-camon-17-pro-cg8,2026-09-22T00:33:49.678247+00:00,
Tecno Camon 17 Pro CG8H,CG8H,V180,,3.84 GB,MT6785,2021-11-03,211103,Tecno_Camon_17_Pro_CG8H_MT6785_V180_211103.zip,https://naijarom.com/tecno-camon-17-pro-cg8h,2026-09-22T00:33:55.058557+00:00,
Tecno Camon 17 Pro CG8H,CG8H,V201,,3.83 GB,MT6785,2022-02-19,220219,Tecno_Camon_17_Pro_CG8H_MT6785_V201_220219.zip,https://naijarom.com/tecno-camon-17-pro-cg8h,2026-09-22T00:33:55.058620+00:00,
Tecno Camon 17 Pro CG8H,CG8H,V219,,3.82 GB,MT6785,2022-04-17,220417,Tecno_Camon_17_Pro_CG8H_MT6785_V219_220417.zip,https://naijarom.com/tecno-camon-17-pro-cg8h,2026-09-22T00:33:55.058666+00:00,
Tecno Camon 17 Pro CG8H,CG8H,V224,,3.90 GB,MT6785,2026-09-22,220926,Tecno_Camon_17_Pro_CG8H_MT6785_V224_220926.zip,https://naijarom.com/tecno-camon-17-pro-cg8h,2026-09-22T00:33:55.058709+00:00,
Tecno Camon 17 Pro CG8H,CG8H,V243,,3.90 GB,MT6785,2023-03-03,230303,Tecno_Camon_17_Pro_CG8H_MT6785_V243_230303.zip,https://naijarom.com/tecno-camon-17-pro-cg8h,2026-09-22T00:33:55.058760+00:00,
Tecno Camon 17P CG7,CG7,V248,,3.2 GB,MT6768,2023-02-21,210223,Tecno_Camon_17P_CG7_MT6768_V248_210223.zip,https://naijarom.com/tecno-camon-17p-cg7,2026-09-22T00:34:00.060283+00:00,
Tecno Camon 17P CG7,CG7,V609,,3.32 GB,MT6768,2021-06-08,210608,Tecno_Camon_17P_CG7_MT6768_V609_210608.zip,https://naijarom.com/tecno-camon-17p-cg7,2026-09-22T00:34:00.060313+00:00,
Tecno Camon 17P CG7,CG7,V681,,3.58 GB,MT6768,2028-07-21,210728,Tecno_Camon_17P_CG7_MT6768_V681_210728.zip,https://naijarom.com/tecno-camon-17p-cg7,2026-09-22T00:34:00.060331+00:00,
Tecno Camon 17P CG7,CG7,V707,,3.61 GB,MT6768,2021-08-16,210816,Tecno_Camon_17P_CG7_MT6768_V707_210816.zip,https://naijarom.com/tecno-camon-17p-cg7,2026-09-22T00:34:00.060348+00:00,
Tecno Camon 17P CG7,CG7,V733,,3.61 GB,MT6768,2021-09-07,210907,Tecno_Camon_17P_CG7_MT6768_V733_210907.zip,https://naijarom.com/tecno-camon-17p-cg7,2026-09-22T00:34:00.060364+00:00,
Tecno Camon 17P CG7,CG7,V796,,3.77 GB,MT6768,2021-10-13,211013,Tecno_Camon_17P_CG7_MT6768_V796_211013.zip,https://naijarom.com/tecno-camon-17p-cg7,2026-09-22T00:34:00.060386+00:00,
Tecno Camon 17P CG7,CG7,V797,,3.43 GB,MT6768,2021-10-13,211013,Tecno_Camon_17P_CG7_MT6768_V797_211013.zip,https://naijarom.com/tecno-camon-17p-cg7,2026-09-22T00:34:00.060402+00:00,
Tecno Camon 17P CG7,CG7,V859,,3.80 GB,MT6768,2021-12-10,211210,Tecno_Camon_17P_CG7_MT6768_V859_211210.zip,https://naijarom.com/tecno-camon-17p-cg7,2026-09-22T00:34:00.060417+00:00,
Tecno Camon 17P CG7,CG7,V1005,,3.79 GB,MT6768,2024-10-22,221024,Tecno_Camon_17P_CG7_MT6768_V1005_221024.zip,https://naijarom.com/tecno-camon-17p-cg7,2026-09-22T00:34:00.060445+00:00,
Tecno Camon 17P CG7,CG7,V1022,,3.77 GB,MT6768,2022-12-18,221218,Tecno_Camon_17P_CG7_MT6768_V1022_221218.zip,https://naijarom.com/tecno-camon-17p-cg7,2026-09-22T00:34:00.060461+00:00,
Tecno Camon 17P CG7,CG7,V1033,,3.77 GB,MT6768,2023-04-16,230416,Tecno_Camon_17P_CG7_MT6768_V1033_230416.zip,https://naijarom.com/tecno-camon-17p-cg7,2026-09-22T00:34:00.060477+00:00,
Tecno Camon 17P CG7,CG7,V1027,,3.78 GB,MT6768,2023-02-13,230213,Tecno_Camon_17P_CG7_MT6768_V1027_230213.zip,https://naijarom.com/tecno-camon-17p-cg7,2026-09-22T00:34:00.060495+00:00,
Tecno Camon 17P CG7n,MT6768,V140,,3.34 GB,MT6768,2024-05-21,210524,Tecno_Camon_17P_CG7n_MT6768_V140_210524.zip,https://naijarom.com/tecno-camon-17p-cg7n,2026-09-22T00:34:05.364309+00:00,
Tecno Camon 17P CG7n,MT6768,V155,,3.34 GB,MT6768,2021-04-08,210408,Tecno_Camon_17P_CG7n_MT6768_V155_210408.zip,https://naijarom.com/tecno-camon-17p-cg7n,2026-09-22T00:34:05.364339+00:00,
Tecno Camon 17P CG7n,CG7N,V167,,3.35 GB,MT6768,2029-07-21,210729,Tecno_Camon_17P_CG7N_MT6768_V167_210729.zip,https://naijarom.com/tecno-camon-17p-cg7n,2026-09-22T00:34:05.364359+00:00,
Tecno Camon 17P CG7n,CG7N,V173,,3.38 GB,MT6768,2021-08-16,210816,Tecno_Camon_17P_CG7N_MT6768_V173_210816.zip,https://naijarom.com/tecno-camon-17p-cg7n,2026-09-22T00:34:05.364376+00:00,
Tecno Camon 17P CG7n,CG7N,V184,,3.53 GB,MT6768,2021-10-13,211013,Tecno_Camon_17P_CG7N_MT6768_V184_211013.zip,https://naijarom.com/tecno-camon-17p-cg7n,2026-09-22T00:34:05.364406+00:00,
Tecno Camon 17P CG7n,CG7N,V193,,3.55 GB,MT6768,2022-05-10,220510,Tecno_Camon_17P_CG7N_MT6768_V193_220510.zip,https://naijarom.com/tecno-camon-17p-cg7n,2026-09-22T00:34:05.364424+00:00,
Tecno Camon 17P CG7n,CG7N,V251,,3.29 GB,MT6768,2021-08-10,210810,Tecno_Camon_17P_CG7N_MT6768_V251_210810.zip,https://naijarom.com/tecno-camon-17p-cg7n,2026-09-22T00:34:05.364458+00:00,
Tecno Camon 17P CG7n,CG7N,V259,,3.29 GB,MT6768,2021-08-13,210813,Tecno_Camon_17P_CG7N_MT6768_V259_210813.zip,https://naijarom.com/tecno-camon-17p-cg7n,2026-09-22T00:34:05.364475+00:00,
Tecno Camon 18 CH6H,CH6H,V369,,4.01 GB,MT6768,2021-12-03,211203,Tecno_Camon_18_CH6H_MT6768_V369_211203.zip,https://naijarom.com/tecno-camon-18-ch6h,2026-09-22T00:34:09.599705+00:00,
Tecno Camon 18 CH6H,CH6H,V464,,4.01 GB,MT6768,2022-02-16,220216,Tecno_Camon_18_CH6H_MT6768_V464_220216.zip,https://naijarom.com/tecno-camon-18-ch6h,2026-09-22T00:34:09.599793+00:00,
Tecno Camon 18 CH6H,CH6H,V485,,3.98 GB,MT6768,2029-04-22,220429,Tecno_Camon_18_CH6H_MT6768_V485_220429.zip,https://naijarom.com/tecno-camon-18-ch6h,2026-09-22T00:34:09.599836+00:00,
Tecno Camon 18 CH6H,CH6H,V520,,4.02 GB,MT6768,2022-08-22,220822,Tecno_Camon_18_CH6H_MT6768_V520_220822.zip,https://naijarom.com/tecno-camon-18-ch6h,2026-09-22T00:34:09.599881+00:00,
Tecno Camon 18 CH6H,CH6H,V529,,3.77 GB,MT6768,2020-10-22,221020,Tecno_Camon_18_CH6H_MT6768_V529_221020.zip,https://naijarom.com/tecno-camon-18-ch6h,2026-09-22T00:34:09.599956+00:00,
Tecno Camon 18 CH6H,CH6H,V601,,3.80 GB,MT6768,2023-03-23,230323,Tecno_Camon_18_CH6H_MT6768_V601_230323.zip,https://naijarom.com/tecno-camon-18-ch6h,2026-09-22T00:34:09.599997+00:00,
Tecno Camon 18 CH6H,CH6H,V854,,3.8 GB,MT6768,2023-08-14,230814,Tecno_Camon_18_CH6H_MT6768_V854_230814.zip,https://naijarom.com/tecno-camon-18-ch6h,2026-09-22T00:34:09.600107+00:00,
Tecno Camon 18 CH6,CH6,V220,,3.87 GB,MT6768,2022-09-17,220917,Tecno_Camon_18_CH6_MT6768_V220_220917.zip,https://naijarom.com/tecno-camon-18-ch6,2026-09-22T00:34:14.340550+00:00,
Tecno Camon 18 CH6,CH6,V388,,4.88 GB,MT6768,2021-11-08,211108,Tecno_Camon_18_CH6_MT6768_V388_211108.zip,https://naijarom.com/tecno-camon-18-ch6,2026-09-22T00:34:14.340609+00:00,
Tecno Camon 18 CH6,CH6,V475,,4.08 GB,MT6768,2021-12-17,211217,Tecno_Camon_18_CH6_MT6768_V475_211217.zip,https://naijarom.com/tecno-camon-18-ch6,2026-09-22T00:34:14.340652+00:00,
Tecno Camon 18 CH6,CH6,V514,,4.11 GB,MT6768,2029-03-22,220329,Tecno_Camon_18_CH6_MT6768_V514_220329.zip,https://naijarom.com/tecno-camon-18-ch6,2026-09-22T00:34:14.340698+00:00,
Tecno Camon 18 CH6,CH6,V519,,4.06 GB,MT6768,2022-04-16,220416,Tecno_Camon_18_CH6_MT6768_V519_220416.zip,https://naijarom.com/tecno-camon-18-ch6,2026-09-22T00:34:14.340740+00:00,
Tecno Camon 18 CH6,CH6,V576,,3.89 GB,MT6768,2020-10-22,221020,Tecno_Camon_18_CH6_MT6768_V576_221020.zip,https://naijarom.com/tecno-camon-18-ch6,2026-09-22T00:34:14.340782+00:00,
Tecno Camon 18 CH6,CH6,V845,,3.79 GB,MT6768,2023-08-15,230815,Tecno_Camon_18_CH6_MT6768_V845_230815.zip,https://naijarom.com/tecno-camon-18-ch6,2026-09-22T00:34:14.340823+00:00,
Tecno Camon 18 CH6N,CH6N,V443,,4 GB,MT6768,2022-09-17,220917,Tecno_Camon_18_CH6N_MT6768_V443_220917.zip,https://naijarom.com/tecno-camon-18-ch6n,2026-09-22T00:34:19.569434+00:00,
Tecno Camon 18 CH6N,CH6N,V847,,3.71 GB,MT6768,2021-12-17,211217,Tecno_Camon_18_CH6N_MT6768_V847_211217.zip,https://naijarom.com/tecno-camon-18-ch6n,2026-09-22T00:34:19.569491+00:00,
Tecno Camon 18 CH6N,CH6N,V848,,4.08 GB,MT6768,2021-12-17,211217,Tecno_Camon_18_CH6N_MT6768_V848_211217.zip,https://naijarom.com/tecno-camon-18-ch6n,2026-09-22T00:34:19.569513+00:00,
Tecno Camon 18 CH6N,CH6N,V849,,3.71 GB,MT6768,2021-12-17,211217,Tecno_Camon_18_CH6N_MT6768_V849_211217.zip,https://naijarom.com/tecno-camon-18-ch6n,2026-09-22T00:34:19.569532+00:00,
Tecno Camon 18 CH6N,CH6N,V923,,4.09 GB,MT6768,2022-02-10,220210,Tecno_Camon_18_CH6N_MT6768_V923_220210.zip,https://naijarom.com/tecno-camon-18-ch6n,2026-09-22T00:34:19.569550+00:00,
Tecno Camon 18 CH6N,CH6N,V943,,3.73 GB,MT6768,2025-02-22,220225,Tecno_Camon_18_CH6N_MT6768_V943_220225.zip,https://naijarom.com/tecno-camon-18-ch6n,2026-09-22T00:34:19.569573+00:00,
Tecno Camon 18 CH6N,CH6N,V965,,4.05 GB,MT6768,2022-04-19,220419,Tecno_Camon_18_CH6N_MT6768_V965_220419.zip,https://naijarom.com/tecno-camon-18-ch6n,2026-09-22T00:34:19.569590+00:00,
Tecno Camon 18 CH6N,CH6N,V1057,,3.88 GB,MT6768,2020-10-22,221020,Tecno_Camon_18_CH6N_MT6768_V1057_221020.zip,https://naijarom.com/tecno-camon-18-ch6n,2026-09-22T00:34:19.569612+00:00,
Tecno Camon 18 CH6N,CH6N,V2241,,4.13 GB,MT6768,2023-08-15,230815,Tecno_Camon_18_CH6N_MT6768_V2241_230815.zip,https://naijarom.com/tecno-camon-18-ch6n,2026-09-22T00:34:19.569643+00:00,
Tecno Camon 18 CH6N,CH6N,V2534,,4.14 GB,MT6768,2023-10-10,231010,Tecno_Camon_18_CH6N_MT6768_V2534_231010.zip,https://naijarom.com/tecno-camon-18-ch6n,2026-09-22T00:34:19.569673+00:00,
Tecno Camon 18 CH7,CH7,V469,,4.35 GB,MT6781,2021-12-17,211217,Tecno_Camon_18_CH7_MT6781_V469_211217.zip,https://naijarom.com/tecno-camon-18-ch7,2026-09-22T00:34:27.469569+00:00,
Tecno Camon 18 CH9N,CH9N,V655,,4.06 GB,MT6781,2021-12-07,211207,Tecno_Camon_18_CH9N_MT6781_V655_211207.zip,https://naijarom.com/tecno-camon-18-ch9n,2026-09-22T00:34:31.956891+00:00,
Tecno Camon 18 CH9N,CH9N,V678,,4.53 GB,MT6781,2027-12-21,211227,Tecno_Camon_18_CH9N_MT6781_V678_211227.zip,https://naijarom.com/tecno-camon-18-ch9n,2026-09-22T00:34:31.956944+00:00,
Tecno Camon 18 CH9N,CH9N,V680,,4.1 GB,MT6781,2029-12-21,211229,Tecno_Camon_18_CH9N_MT6781_V680_211229.zip,https://naijarom.com/tecno-camon-18-ch9n,2026-09-22T00:34:31.956987+00:00,
Tecno Camon 18 Premier CH9,CH9,V382,,4.17 GB,MT6781,2022-11-07,221107,Tecno_Camon_18_Premier_CH9_MT6781_V382_221107.zip,https://naijarom.com/tecno-camon-18-premier-ch9,2026-09-22T00:34:37.143233+00:00,
Tecno Camon 18 Premier CH9,CH9,V521,,4.18 GB,MT6781,2023-12-22,221223,Tecno_Camon_18_Premier_CH9_MT6781_V521_221223.zip,https://naijarom.com/tecno-camon-18-premier-ch9,2026-09-22T00:34:37.143293+00:00,
Tecno Camon 18 Premier CH9,CH9,V531,,4.45 GB,MT6781,2021-09-11,210911,Tecno_Camon_18_Premier_CH9_MT6781_V531_210911.zip,https://naijarom.com/tecno-camon-18-premier-ch9,2026-09-22T00:34:37.143338+00:00,
Tecno Camon 18 Premier CH9,CH9,V699,,4.52 GB,MT6781,2021-11-12,211112,Tecno_Camon_18_Premier_CH9_MT6781_V699_211112.zip,https://naijarom.com/tecno-camon-18-premier-ch9,2026-09-22T00:34:37.143380+00:00,
Tecno Camon 18 Premier CH9,CH9,V849,,4.58 GB,MT6781,2021-01-22,220121,Tecno_Camon_18_Premier_CH9_MT6781_V849_220121.zip,https://naijarom.com/tecno-camon-18-premier-ch9,2026-09-22T00:34:37.143435+00:00,
Tecno Camon 18 Premier CH9,CH9,V1021,,4.56 GB,MT6781,2025-05-22,220525,Tecno_Camon_18_Premier_CH9_MT6781_V1021_220525.zip,https://naijarom.com/tecno-camon-18-premier-ch9,2026-09-22T00:34:37.143456+00:00,
Tecno Camon 18 Premier CH9,CH9,V1045,,4.57 GB,MT6781,2020-09-22,220920,Tecno_Camon_18_Premier_CH9_MT6781_V1045_220920.zip,https://naijarom.com/tecno-camon-18-premier-ch9,2026-09-22T00:34:37.143473+00:00,
Tecno Camon 18 Premier CH9N,CH9N,V431,,4.43 GB,MT6781,2021-09-11,210911,Tecno_Camon_18_Premier_CH9N_MT6781_V431_210911.zip,https://naijarom.com/tecno-camon-18-premier-ch9n,2026-09-22T00:34:42.446124+00:00,
Tecno Camon 18 Premier CH9N,CH9N,V678,,4.53 GB,MT6781,2027-12-21,211227,Tecno_Camon_18_Premier_CH9N_MT6781_V678_211227.zip,https://naijarom.com/tecno-camon-18-premier-ch9n,2026-09-22T00:34:42.446157+00:00,
Tecno Camon 18 Premier CH9N,CH9N,V720,,4 GB,MT6781,2022-04-11,220411,Tecno_Camon_18_Premier_CH9N_MT6781_V720_220411.zip,https://naijarom.com/tecno-camon-18-premier-ch9n,2026-09-22T00:34:42.446179+00:00,
Tecno Camon 18 Premier CH9N,CH9N,V758,,4.52 GB,MT6781,2022-08-31,220831,Tecno_Camon_18_Premier_CH9N_MT6781_V758_220831.zip,https://naijarom.com/tecno-camon-18-premier-ch9n,2026-09-22T00:34:42.446199+00:00,
Tecno Camon 18 Premier CH9N,CH9N,V3282,,4.30 GB,MT6781,2023-02-13,230213,Tecno_Camon_18_Premier_CH9N_MT6781_V3282_230213.zip,https://naijarom.com/tecno-camon-18-premier-ch9n,2026-09-22T00:34:42.446219+00:00,
Tecno Camon 18 Premier CH9N,CH9N,V4380,,4.34 GB,MT6781,2026-04-23,230426,Tecno_Camon_18_Premier_CH9N_MT6781_V4380_230426.zip,https://naijarom.com/tecno-camon-18-premier-ch9n,2026-09-22T00:34:42.446238+00:00,
Tecno Camon 18 Premier CH9N,CH9N,V5034,,3.97 GB,MT6781,2023-06-11,230611,Tecno_Camon_18_Premier_CH9N_MT6781_V5034_230611.zip,https://naijarom.com/tecno-camon-18-premier-ch9n,2026-09-22T00:34:42.446257+00:00,
Tecno Camon 18i CG6,CG6,,,,,,,,https://naijarom.com/tecno-camon-18i-cg6,2026-09-22T00:34:48.602413+00:00,no firmware versions found on page
Tecno Camon 18P CH7,CH7,V219,,4.37 GB,MT6781,2022-11-07,221107,Tecno_Camon_18P_CH7_MT6781_V219_221107.zip,https://naijarom.com/tecno-camon-18p-ch7,2026-09-22T00:34:52.739718+00:00,
Tecno Camon 18P CH7,CH7,V353,,4.3 GB,MT6781,2021-11-12,211112,Tecno_Camon_18P_CH7_MT6781_V353_211112.zip,https://naijarom.com/tecno-camon-18p-ch7,2026-09-22T00:34:52.739846+00:00,
Tecno Camon 18P CH7,CH7,V469,,4.36 GB,MT6781,2021-12-17,211217,Tecno_Camon_18P_CH7_MT6781_V469_211217.zip,https://naijarom.com/tecno-camon-18p-ch7,2026-09-22T00:34:52.739894+00:00,
Tecno Camon 18P CH7,CH7,V503,,4.39 GB,MT6781,2023-08-15,230815,Tecno_Camon_18P_CH7_MT6781_V503_230815.zip,https://naijarom.com/tecno-camon-18p-ch7,2026-09-22T00:34:52.739915+00:00,
Tecno Camon 18P CH7,CH7,V505,,4.36 GB,MT6781,2021-12-31,211231,Tecno_Camon_18P_CH7_MT6781_V505_211231.zip,https://naijarom.com/tecno-camon-18p-ch7,2026-09-22T00:34:52.739934+00:00,
Tecno Camon 18P CH7,CH7,V551,,4.37 GB,MT6781,2020-01-22,220120,Tecno_Camon_18P_CH7_MT6781_V551_220120.zip,https://naijarom.com/tecno-camon-18p-ch7,2026-09-22T00:34:52.739953+00:00,
Tecno Camon 18P CH7,CH7,V670,,4.31 GB,MT6781,2022-04-07,220407,Tecno_Camon_18P_CH7_MT6781_V670_220407.zip,https://naijarom.com/tecno-camon-18p-ch7,2026-09-22T00:34:52.739989+00:00,
Tecno Camon 18P CH7,CH7,V723,,4.31 GB,MT6781,2021-06-22,220621,Tecno_Camon_18P_CH7_MT6781_V723_220621.zip,https://naijarom.com/tecno-camon-18p-ch7,2026-09-22T00:34:52.740010+00:00,
Tecno Camon 18P CH7N,CH7N,V501,,4.38 GB,MT6781,2022-11-07,221107,Tecno_Camon_18P_CH7N_MT6781_V501_221107.zip,https://naijarom.com/tecno-camon-18p-ch7n,2026-09-22T00:34:56.794450+00:00,
Tecno Camon 18P CH7N,CH7N,V597,,4.37 GB,MT6781,2022-12-22,221222,Tecno_Camon_18P_CH7N_MT6781_V597_221222.zip,https://naijarom.com/tecno-camon-18p-ch7n,2026-09-22T00:34:56.794499+00:00,
Tecno Camon 18P CH7N,CH7N,V739,,3.84 GB,MT6781,2027-02-23,230227,Tecno_Camon_18P_CH7N_MT6781_V739_230227.zip,https://naijarom.com/tecno-camon-18p-ch7n,2026-09-22T00:34:56.794549+00:00,
Tecno Camon 18P CH7N,CH7N,V740,,4.38 GB,MT6781,2027-02-23,230227,Tecno_Camon_18P_CH7N_MT6781_V740_230227.zip,https://naijarom.com/tecno-camon-18p-ch7n,2026-09-22T00:34:56.794569+00:00,
Tecno Camon 18P CH7N,CH7N,V1017,,4.42 GB,MT6781,2023-07-06,230706,Tecno_Camon_18P_CH7N_MT6781_V1017_230706.zip,https://naijarom.com/tecno-camon-18p-ch7n,2026-09-22T00:34:56.794588+00:00,
Tecno Camon 18P CH7N,CH7N,V1094,,4.40 GB,MT6781,2023-08-15,230815,Tecno_Camon_18P_CH7N_MT6781_V1094_230815.zip,https://naijarom.com/tecno-camon-18p-ch7n,2026-09-22T00:34:56.794606+00:00,
Tecno Camon 18P CH7N,CH7N,V1186,,4.52 GB,MT6781,2021-12-17,211217,Tecno_Camon_18P_CH7N_MT6781_V1186_211217.zip,https://naijarom.com/tecno-camon-18p-ch7n,2026-09-22T00:34:56.794624+00:00,
Tecno Camon 18P CH7N,CH7N,V1188,,4 GB,MT6781,2021-12-17,211217,Tecno_Camon_18P_CH7N_MT6781_V1188_211217.zip,https://naijarom.com/tecno-camon-18p-ch7n,2026-09-22T00:34:56.794642+00:00,
Tecno Camon 18P CH7N,CH7N,V1194,,4 GB,MT6781,2021-12-18,211218,Tecno_Camon_18P_CH7N_MT6781_V1194_211218.zip,https://naijarom.com/tecno-camon-18p-ch7n,2026-09-22T00:34:56.794660+00:00,
Tecno Camon 18P CH7N,CH7N,V1252,,4.53 GB,MT6781,2020-01-22,220120,Tecno_Camon_18P_CH7N_MT6781_V1252_220120.zip,https://naijarom.com/tecno-camon-18p-ch7n,2026-09-22T00:34:56.794710+00:00,
Tecno Camon 18P CH7N,CH7N,V1254,,4.01 GB,MT6781,2020-01-22,220120,Tecno_Camon_18P_CH7N_MT6781_V1254_220120.zip,https://naijarom.com/tecno-camon-18p-ch7n,2026-09-22T00:34:56.794730+00:00,
Tecno Camon 18P CH7N,CH7N,V1343,,4.52 GB,MT6781,2024-03-22,220324,Tecno_Camon_18P_CH7N_MT6781_V1343_220324.zip,https://naijarom.com/tecno-camon-18p-ch7n,2026-09-22T00:34:56.794751+00:00,
Tecno Camon 18P CH7N,CH7N,V1404,,4.51 GB,MT6781,2022-05-13,220513,Tecno_Camon_18P_CH7N_MT6781_V1404_220513.zip,https://naijarom.com/tecno-camon-18p-ch7n,2026-09-22T00:34:56.794773+00:00,
Tecno Camon 18P CH7N,CH7N,V1418,,4.51 GB,MT6781,2027-05-22,220527,Tecno_Camon_18P_CH7N_MT6781_V1418_220527.zip,https://naijarom.com/tecno-camon-18p-ch7n,2026-09-22T00:34:56.794792+00:00,
Tecno Camon 18P CH7N,CH7N,V1454,,4.47 GB,MT6781,2023-08-22,220823,Tecno_Camon_18P_CH7N_MT6781_V1454_220823.zip,https://naijarom.com/tecno-camon-18p-ch7n,2026-09-22T00:34:56.794809+00:00,
Tecno Camon 18P CH7N,CH7N,V1477,,4.59 GB,MT6781,2020-09-22,220920,Tecno_Camon_18P_CH7N_MT6781_V1477_220920.zip,https://naijarom.com/tecno-camon-18p-ch7n,2026-09-22T00:34:56.794827+00:00,
Tecno Camon 19 CI6,CI6,V335,,4.39 GB,MT6768,2023-09-05,230905,Tecno_Camon_19_CI6_MT6768_V335_230905.zip,https://naijarom.com/tecno-camon-19-ci6,2026-09-22T00:35:00.634704+00:00,
Tecno Camon 19 CI6,CI6,V595,,3.95 GB,MT6768,2024-05-22,220524,Tecno_Camon_19_CI6_MT6768_V595_220524.zip,https://naijarom.com/tecno-camon-19-ci6,2026-09-22T00:35:00.634752+00:00,
Tecno Camon 19 CI6,CI6,V702,,4.15 GB,MT6768,2022-09-22,220922,Tecno_Camon_19_CI6_MT6768_V702_220922.zip,https://naijarom.com/tecno-camon-19-ci6,2026-09-22T00:35:00.634786+00:00,
Tecno Camon 19 CI6,CI6,V725,,4.15 GB,MT6768,2022-10-18,221018,Tecno_Camon_19_CI6_MT6768_V725_221018.zip,https://naijarom.com/tecno-camon-19-ci6,2026-09-22T00:35:00.634805+00:00,
Tecno Camon 19 CI6,CI6,V758,,4.44 GB,MT6768,2026-03-24,240326,Tecno_Camon_19_CI6_MT6768_V758_240326.zip,https://naijarom.com/tecno-camon-19-ci6,2026-09-22T00:35:00.634823+00:00,
Tecno Camon 19 CI6,CI6,V807,,4.16 GB,MT6768,2023-01-06,230106,Tecno_Camon_19_CI6_MT6768_V807_230106.zip,https://naijarom.com/tecno-camon-19-ci6,2026-09-22T00:35:00.634840+00:00,
Tecno Camon 19 CI6,CI6,V850,,4.47 GB,MT6768,2024-05-16,240516,Tecno_Camon_19_CI6_MT6768_V850_240516.zip,https://naijarom.com/tecno-camon-19-ci6,2026-09-22T00:35:00.634858+00:00,
Tecno Camon 19 CI6N,CI6N,V1046,,4 GB,MT6768,2025-05-22,220525,Tecno_Camon_19_CI6N_MT6768_V1046_220525.zip,https://naijarom.com/tecno-camon-19-ci6n,2026-09-22T00:35:04.642315+00:00,
Tecno Camon 19 CI6N,CI6N,V1204,,4.25 GB,MT6768,2022-08-31,220831,Tecno_Camon_19_CI6N_MT6768_V1204_220831.zip,https://naijarom.com/tecno-camon-19-ci6n,2026-09-22T00:35:04.642416+00:00,
Tecno Camon 19 CI6N,CI6N,V1269,,4.25 GB,MT6768,2022-10-18,221018,Tecno_Camon_19_CI6N_MT6768_V1269_221018.zip,https://naijarom.com/tecno-camon-19-ci6n,2026-09-22T00:35:04.642460+00:00,
Tecno Camon 19 CI6N,CI6N,V1435,,4.27 GB,MT6768,2023-01-06,230106,Tecno_Camon_19_CI6N_MT6768_V1435_230106.zip,https://naijarom.com/tecno-camon-19-ci6n,2026-09-22T00:35:04.642515+00:00,
Tecno Camon 19 CH6IS,CH6IS,V1608,,3.68 GB,MT6768,2027-07-23,230727,Tecno_Camon_19_CH6IS_MT6768_V1608_230727.zip,https://naijarom.com/tecno-camon-19-ch6is,2026-09-22T00:35:08.762290+00:00,
Tecno Camon 19 CL6,CL6,15.0.3.127,OP001PF001AZ,7.84 GB,MT6789,2025-05-27,270525,Tecno_Camon_19_CL6_MT6789_15.0.3.127_OP001PF001AZ_270525_MXML.zip,https://naijarom.com/tecno-camon-19-cl6,2026-09-22T00:35:13.785195+00:00,
Tecno Camon 19 CL6,CL6,15.1.2.128,RU001PF001AZ,6.93 GB,MT6789,2025-10-10,251010,Tecno_Camon_19_CL6_MT6789_15.1.2.128_RU001PF001AZ_251010_MXML.zip,https://naijarom.com/tecno-camon-19-cl6,2026-09-22T00:35:13.785226+00:00,
Tecno Camon 19 CL6,CL6,15.1.0.139SP03,OP001PF001AZ,7.72 GB,MT6789,2025-07-27,270725,Tecno_Camon_19_CL6_MT6789_15.1.0.139SP03_OP001PF001AZ_270725_MXML.zip,https://naijarom.com/tecno-camon-19-cl6,2026-09-22T00:35:13.785253+00:00,
Tecno Camon 19 CL6,CL6,15.1.2.170SP05,TR001PF001AZ,7.24 GB,MT6789,2021-04-26,260421,Tecno_Camon_19_CL6_MT6789_15.1.2.170SP05_TR001PF001AZ_260421_MXML.zip,https://naijarom.com/tecno-camon-19-cl6,2026-09-22T00:35:13.785271+00:00,
Tecno Camon 19 Neo CH6i,MT6768,V770,,4.13 GB,MT6768,2022-05-13,220513,Tecno_Camon_19_Neo_CH6i_MT6768_V770_220513.zip,https://naijarom.com/tecno-camon-19-neo-ch6i,2026-09-22T00:35:19.019837+00:00,
Tecno Camon 19 Neo CH6i,MT6768,V1046,,4.67 GB,MT6768,2023-10-13,231013,Tecno_Camon_19_Neo_CH6i_MT6768_V1046_231013.zip,https://naijarom.com/tecno-camon-19-neo-ch6i,2026-09-22T00:35:19.019910+00:00,
Tecno Camon 19 Neo CH6i,MT6768,V1474,,4.36 GB,MT6768,2022-09-22,220922,Tecno_Camon_19_Neo_CH6i_MT6768_V1474_220922.zip,https://naijarom.com/tecno-camon-19-neo-ch6i,2026-09-22T00:35:19.019956+00:00,
Tecno Camon 19 Neo CH6i,MT6768,V1561,,5.06 GB,MT6768,2030-05-23,230530,Tecno_Camon_19_Neo_CH6i_MT6768_V1561_230530.zip,https://naijarom.com/tecno-camon-19-neo-ch6i,2026-09-22T00:35:19.019975+00:00,
Tecno Camon 19 Neo CH6i,MT6768,V1676,,4.16 GB,MT6768,2022-11-03,221103,Tecno_Camon_19_Neo_CH6i_MT6768_V1676_221103.zip,https://naijarom.com/tecno-camon-19-neo-ch6i,2026-09-22T00:35:19.019993+00:00,
Tecno Camon 19 Neo CH6i,MT6768,V1731,,4.76 GB,MT6768,2024-02-19,240219,Tecno_Camon_19_Neo_CH6i_MT6768_V1731_240219.zip,https://naijarom.com/tecno-camon-19-neo-ch6i,2026-09-22T00:35:19.020011+00:00,
Tecno Camon 19 Neo CH6i,MT6768,V1976,,4.76 GB,MT6768,2024-04-11,240411,Tecno_Camon_19_Neo_CH6i_MT6768_V1976_240411.zip,https://naijarom.com/tecno-camon-19-neo-ch6i,2026-09-22T00:35:19.020029+00:00,
Tecno Camon 19 Neo CH6IS,CH6IS,,,,,,,,https://naijarom.com/tecno-camon-19-neo-ch6is,2026-09-22T00:35:23.962256+00:00,no firmware versions found on page
Tecno Camon 19 Pro 5G,,,,,,,,,https://naijarom.com/tecno-camon-19-pro-5g,2026-09-22T00:35:28.687137+00:00,no firmware versions found on page
Tecno Camon 19 Pro 5G CI7N,CI7N,V202,,3.7 GB,MT6833,2028-03-23,230328,Tecno_Camon_19_Pro_5G_CI7N_MT6833_V202_230328.zip,https://naijarom.com/tecno-camon-19-pro-5g-ci7n,2026-09-22T00:35:33.394901+00:00,
Tecno Camon 19 Pro 5G CI7N,CI7N,V834,,4.43 GB,MT6833,2027-05-22,220527,Tecno_Camon_19_Pro_5G_CI7N_MT6833_V834_220527.zip,https://naijarom.com/tecno-camon-19-pro-5g-ci7n,2026-09-22T00:35:33.394963+00:00,
Tecno Camon 19 Pro 5G CI7N,CI7N,V1190,,4.64 GB,MT6833,2028-09-22,220928,5G_CI7N_MT6833_V1190_220928.zip,https://naijarom.com/tecno-camon-19-pro-5g-ci7n,2026-09-22T00:35:33.395013+00:00,
Tecno Camon 19 Pro 5G CI7N,CI7N,V1207,,4.66 GB,MT6833,2022-11-09,221109,5G_CI7N_MT6833_V1207_221109.zip,https://naijarom.com/tecno-camon-19-pro-5g-ci7n,2026-09-22T00:35:33.395035+00:00,
Tecno Camon 19 Pro 5G CI7N,CI7N,V1682,,4.22 GB,MT6833,2022-12-05,221205,Tecno_Camon_19_Pro_5G_CI7N_MT6833_V1682_221205.zip,https://naijarom.com/tecno-camon-19-pro-5g-ci7n,2026-09-22T00:35:33.395068+00:00,
Tecno Camon 19 Pro 5G CI7N,CI7N,V2502,,4.23 GB,MT6833,2023-03-13,230313,Tecno_Camon_19_Pro_5G_CI7N_MT6833_V2502_230313.zip,https://naijarom.com/tecno-camon-19-pro-5g-ci7n,2026-09-22T00:35:33.395099+00:00,
Tecno Camon 19 Pro 5G CI7N,CI7N,V3067,,4.26 GB,MT6833,2023-06-15,230615,Tecno_Camon_19_Pro_5G_CI7N_MT6833_V3067_230615.zip,https://naijarom.com/tecno-camon-19-pro-5g-ci7n,2026-09-22T00:35:33.395118+00:00,
Tecno Camon 19 Pro 5G CI7N,CI7N,V4239,,4.27 GB,MT6833,2029-04-24,240429,Tecno_Camon_19_Pro_5G_CI7N_MT6833_V4239_240429.zip,https://naijarom.com/tecno-camon-19-pro-5g-ci7n,2026-09-22T00:35:33.395149+00:00,
Tecno Camon 19 Pro CI8,CI8,V904,,4.51 GB,MT6781,2022-05-13,220513,Tecno_Camon_19_Pro_CI8_MT6781_V904_220513.zip,https://naijarom.com/tecno-camon-19-pro-ci8,2026-09-22T00:35:38.095722+00:00,
Tecno Camon 19 Pro CI8,CI8,V986,,4.48 GB,MT6781,2022-06-05,220605,Tecno_Camon_19_Pro_CI8_MT6781_V986_220605.zip,https://naijarom.com/tecno-camon-19-pro-ci8,2026-09-22T00:35:38.095787+00:00,
Tecno Camon 19 Pro CI8,CI8,V1262,,4.65 GB,MT6781,2022-09-05,220905,Tecno_Camon_19_Pro_CI8_MT6781_V1262_220905.zip,https://naijarom.com/tecno-camon-19-pro-ci8,2026-09-22T00:35:38.095845+00:00,
Tecno Camon 19 Pro CI8,CI8,V1360,,4.35 GB,MT6781,2022-10-10,221010,Tecno_Camon_19_Pro_CI8_MT6781_V1360_221010.zip,https://naijarom.com/tecno-camon-19-pro-ci8,2026-09-22T00:35:38.095901+00:00,
Tecno Camon 19 Pro CI8,CI8,V1466,,4.37 GB,MT6781,2022-12-02,221202,Tecno_Camon_19_Pro_CI8_MT6781_V1466_221202.zip,https://naijarom.com/tecno-camon-19-pro-ci8,2026-09-22T00:35:38.095956+00:00,
Tecno Camon 19 Pro CI8N,CI8N,V2407,,4.45 GB,MT6781,2022-12-02,221202,Tecno_Camon_19_Pro_CI8N_MT6781_V2407_221202.zip,https://naijarom.com/tecno-camon-19-pro-ci8n,2026-09-22T00:35:44.723730+00:00,
Tecno Camon 20 CK6,CK6,V497,,4.74 GB,MT6768,2023-03-31,230331,Tecno_Camon_20_CK6_MT6768_V497_230331.zip,https://naijarom.com/tecno-camon-20-ck6,2026-09-22T00:35:49.810285+00:00,
Tecno Camon 20 CK6,CK6,V192,,6.2 GB,MT6768,2030-04-24,240430,Tecno_Camon_20_CK6_MT6768_V192_240430.zip,https://naijarom.com/tecno-camon-20-ck6,2026-09-22T00:35:49.810319+00:00,
Tecno Camon 20 CK6,CK6,V246,,6.27 GB,MT6768,2024-07-12,240712,Tecno_Camon_20_CK6_MT6768_V246_240712.zip,https://naijarom.com/tecno-camon-20-ck6,2026-09-22T00:35:49.810360+00:00,
Tecno Camon 20 CK6,CK6,V311,,6.17 GB,MT6768,2024-10-14,241014,Tecno_Camon_20_CK6_MT6768_V311_241014.zip,https://naijarom.com/tecno-camon-20-ck6,2026-09-22T00:35:49.810393+00:00,
Tecno Camon 20 CK6,CK6,V875,,4.95 GB,MT6768,2023-07-17,230717,Tecno_Camon_20_CK6_MT6768_V875_230717.zip,https://naijarom.com/tecno-camon-20-ck6,2026-09-22T00:35:49.810423+00:00,
Tecno Camon 20 CK6,CK6,V1192,,4.95 GB,MT6768,2023-10-18,231018,Tecno_Camon_20_CK6_MT6768_V1192_231018.zip,https://naijarom.com/tecno-camon-20-ck6,2026-09-22T00:35:49.810453+00:00,
Tecno Camon 20 CK6,CK6,V1413,,5.10 GB,MT6768,2026-12-23,231226,Tecno_Camon_20_CK6_MT6768_V1413_231226.zip,https://naijarom.com/tecno-camon-20-ck6,2026-09-22T00:35:49.810483+00:00,
Tecno Camon 20 CK6,CK6,V1606,,5.05 GB,MT6768,2024-03-19,240319,Tecno_Camon_20_CK6_MT6768_V1606_240319.zip,https://naijarom.com/tecno-camon-20-ck6,2026-09-22T00:35:49.810501+00:00,
Tecno Camon 20 CK6,CK6,V1666,,5.12 GB,MT6768,2024-04-17,240417,Tecno_Camon_20_CK6_MT6768_V1666_240417.zip,https://naijarom.com/tecno-camon-20-ck6,2026-09-22T00:35:49.810538+00:00,
Tecno Camon 20 CK6N,CK6N,,,,,,,,https://naijarom.com/tecno-camon-20-ck6n,2026-09-22T00:35:56.243562+00:00,no firmware versions found on page
Tecno Camon 20 CK6NS,CK6NS,V183,,4.05 GB,MT6768,2023-05-31,230531,Tecno_Camon_20_CK6NS_MT6768_V183_230531.zip,https://naijarom.com/tecno-camon-20-ck6ns,2026-09-22T00:36:01.533713+00:00,
Tecno Camon 20 CK6NS,CK6NS,V529,,4.38 GB,MT6768,2023-07-11,230711,Tecno_Camon_20_CK6NS_MT6768_V529_230711.zip,https://naijarom.com/tecno-camon-20-ck6ns,2026-09-22T00:36:01.533758+00:00,
Tecno Camon 20 Premier CK9N,CK9N,V1613,,5.94 GB,MT6893,2028-08-23,230828,Tecno_Camon_20_Premier_CK9N_MT6893_V1613_230828.zip,https://naijarom.com/tecno-camon-20-premier-ck9n,2026-09-22T00:36:06.292778+00:00,
Tecno Camon 20 Premier CK9N,CK9N,V1901,,5.98 GB,MT6893,2023-09-11,230911,Tecno_Camon_20_Premier_CK9N_MT6893_V1901_230911.zip,https://naijarom.com/tecno-camon-20-premier-ck9n,2026-09-22T00:36:06.292846+00:00,
Tecno Camon 20 Premier CK9N,CK9N,V4844,,6.13 GB,MT6893,2024-03-07,240307,Tecno_Camon_20_Premier_CK9N_MT6893_V4844_240307.zip,https://naijarom.com/tecno-camon-20-premier-ck9n,2026-09-22T00:36:06.293019+00:00,
Tecno Camon 20 Premier CK9N,CK9N,V5386,,6.12 GB,MT6893,2024-04-24,240424,Tecno_Camon_20_Premier_CK9N_MT6893_V5386_240424.zip,https://naijarom.com/tecno-camon-20-premier-ck9n,2026-09-22T00:36:06.293142+00:00,
Tecno Camon 20 Premier 5G CK9N,CK9N,V3718,,6.18 GB,MT6893,2023-12-09,231209,Tecno_Camon_20_Premier_5G_CK9N_MT6893_V3718_231209.zip,https://naijarom.com/tecno-camon-20-premier-5g-ck9n,2026-09-22T00:36:11.287494+00:00,
Tecno Camon 20 Premier 5G CK9N,CK9N,V4844,,6.13 GB,MT6893,2024-03-07,240307,Tecno_Camon_20_Premier_5G_CK9N_MT6893_V4844_240307.zip,https://naijarom.com/tecno-camon-20-premier-5g-ck9n,2026-09-22T00:36:11.287633+00:00,
Tecno Camon 20 Premier 5G CK9N,CK9N,V5386,,6.12 GB,MT6893,2024-04-24,240424,Tecno_Camon_20_Premier_5G_CK9N_MT6893_V5386_240424.zip,https://naijarom.com/tecno-camon-20-premier-5g-ck9n,2026-09-22T00:36:11.287760+00:00,
Tecno Camon 20 Pro CK7N,CK7N,,,,,,,,https://naijarom.com/tecno-camon-20-pro-ck7n,2026-09-22T00:36:16.803233+00:00,no firmware versions found on page
Tecno Camon 20 Pro 5G CK8N,CK8N,V339,,6.86 GB,MT6893,2021-05-24,240521,Tecno_Camon_20_Pro_5G_CK8N_MT6893_V339_240521.zip,https://naijarom.com/tecno-camon-20-pro-5g-ck8n,2026-09-22T00:36:20.825659+00:00,
Tecno Camon 20 Pro 5G CK8N,CK8N,V388,,6.9 GB,MT6893,2024-07-02,240702,Tecno_Camon_20_Pro_5G_CK8N_MT6893_V388_240702.zip,https://naijarom.com/tecno-camon-20-pro-5g-ck8n,2026-09-22T00:36:20.825789+00:00,
Tecno Camon 20 Pro 5G CK8N,CK8N,V472,,6.82 GB,MT6893,2029-10-24,241029,Tecno_Camon_20_Pro_5G_CK8N_MT6893_V472_241029.zip,https://naijarom.com/tecno-camon-20-pro-5g-ck8n,2026-09-22T00:36:20.825948+00:00,
Tecno Camon 20 Pro 5G CK8N,CK8N,V518,,5.35 GB,MT6893,2028-03-23,230328,Tecno_Camon_20_Pro_5G_CK8N_MT6893_V518_230328.zip,https://naijarom.com/tecno-camon-20-pro-5g-ck8n,2026-09-22T00:36:20.826101+00:00,
Tecno Camon 20 Pro 5G CK8N,CK8N,V519,,5.35 GB,MT6893,2028-03-23,230328,Tecno_Camon_20_Pro_5G_CK8N_MT6893_V519_230328.zip,https://naijarom.com/tecno-camon-20-pro-5g-ck8n,2026-09-22T00:36:20.826146+00:00,
Tecno Camon 20 Pro 5G CK8N,CK8N,V1407,,5.52 GB,MT6893,2023-08-17,230817,Tecno_Camon_20_Pro_5G_CK8N_MT6893_V1407_230817.zip,https://naijarom.com/tecno-camon-20-pro-5g-ck8n,2026-09-22T00:36:20.826262+00:00,
Tecno Camon 20 Pro 5G CK8N,CK8N,V1914,,5.47 GB,MT6893,2022-11-23,231122,Tecno_Camon_20_Pro_5G_CK8N_MT6893_V1914_231122.zip,https://naijarom.com/tecno-camon-20-pro-5g-ck8n,2026-09-22T00:36:20.826379+00:00,
Tecno Camon 20 Pro 5G CK8N,CK8N,V2288,,5.72 GB,MT6893,2024-03-15,240315,Tecno_Camon_20_Pro_5G_CK8N_MT6893_V2288_240315.zip,https://naijarom.com/tecno-camon-20-pro-5g-ck8n,2026-09-22T00:36:20.826523+00:00,
Tecno Camon 20 Pro 5G CK8N,CK8N,V2484,,5.75 GB,MT6893,2021-05-24,240521,Tecno_Camon_20_Pro_5G_CK8N_MT6893_V2484_240521.zip,https://naijarom.com/tecno-camon-20-pro-5g-ck8n,2026-09-22T00:36:20.826608+00:00,
Tecno Camon 20 Pro 5G CK8NB,CK8NB,V170,,2.86 GB,MT6893,2021-09-23,230921,Tecno_Camon_20_Pro_5G_CK8NB_MT6893_V170_230921.zip,https://naijarom.com/tecno-camon-20-pro-5g-ck8nb,2026-09-22T00:36:24.422465+00:00,
Tecno Camon 20 Pro 5G CK8NB,CK8NB,V334,,6.86 GB,MT6893,2024-11-06,241106,Tecno_Camon_20_Pro_5G_CK8NB_MT6893_V334_241106.zip,https://naijarom.com/tecno-camon-20-pro-5g-ck8nb,2026-09-22T00:36:24.422708+00:00,
Tecno Camon 20 Pro 5G CK8NB,CK8NB,V378,,5.73 GB,MT6893,2028-02-24,240228,Tecno_Camon_20_Pro_5G_CK8NB_MT6893_V378_240228.zip,https://naijarom.com/tecno-camon-20-pro-5g-ck8nb,2026-09-22T00:36:24.422736+00:00,
Tecno Camon 20s Pro 5G CK8NB,CK8NB,V334,,6.86 GB,MT6893,2024-11-06,241106,Tecno_Camon_20s_Pro_5G_CK8NB_MT6893_V334_241106.zip,https://naijarom.com/tecno-camon-20s-pro-5g-ck8nb,2026-09-22T00:36:29.250452+00:00,
Tecno Camon 30 CL6,CL6,15.0.3.127,OP001PF001AZ,7.84 GB,MT6789,2025-05-27,270525,Tecno_Camon_30_CL6_MT6789_15.0.3.127_OP001PF001AZ_270525_MXML.zip,https://naijarom.com/tecno-camon-30-cl6,2026-09-22T00:36:32.867152+00:00,
Tecno Camon 30 CL6,CL6,15.1.2.128,RU001PF001AZ,6.93 GB,MT6789,2025-10-10,251010,Tecno_Camon_30_CL6_MT6789_15.1.2.128_RU001PF001AZ_251010_MXML.zip,https://naijarom.com/tecno-camon-30-cl6,2026-09-22T00:36:32.867179+00:00,
Tecno Camon 30 CL6,CL6,15.1.0.139SP03,RU001PF001AZ,6.81 GB,MT6789,2025-07-28,280725,Tecno_Camon_30_CL6_MT6789_15.1.0.139SP03_RU001PF001AZ_280725_MXML.zip,https://naijarom.com/tecno-camon-30-cl6,2026-09-22T00:36:32.867196+00:00,
Tecno Camon 30 CL6,CL6,15.1.0.139SP03,OP001PF001AZ,7.72 GB,MT6789,2025-07-27,270725,Tecno_Camon_30_CL6_MT6789_15.1.0.139SP03_OP001PF001AZ_270725_MXML.zip,https://naijarom.com/tecno-camon-30-cl6,2026-09-22T00:36:32.867212+00:00,
Tecno Camon 30 CL6,CL6,15.1.0.159SP01,,6.81 GB,MT6789,,,Tecno_Camon_30_CL6_MT6789_15.1.0.159SP01_RU001PF001AZ_MXML.zip,https://naijarom.com/tecno-camon-30-cl6,2026-09-22T00:36:32.867406+00:00,
Tecno Camon 30 CL6,CL6,15.1.2.170SP05,TR001PF001AZ,7.24 GB,MT6789,2021-04-26,260421,Tecno_Camon_30_CL6_MT6789_15.1.2.170SP05_TR001PF001AZ_260421_MXML.zip,https://naijarom.com/tecno-camon-30-cl6,2026-09-22T00:36:32.867430+00:00,
Tecno Camon 30 CL6,CL6,15.1.2.155,RU001PF001AZ,6.92 GB,MT6789,2026-01-14,260114,Tecno_Camon_30_CL6_MT6789_15.1.2.155_RU001PF001AZ_260114_MXML.zip,https://naijarom.com/tecno-camon-30-cl6,2026-09-22T00:36:32.867447+00:00,
Tecno Camon 30 CL6,CL6,15.1.2.155,TR001PF001AZ,7.24 GB,MT6789,2026-01-14,260114,Tecno_Camon_30_CL6_MT6789_15.1.2.155_TR001PF001AZ_260114_MXML.zip,https://naijarom.com/tecno-camon-30-cl6,2026-09-22T00:36:32.867462+00:00,
Tecno Camon 30 CL6,CL6,15.1.2.155,OPPJ001PF001PJ,7.83 GB,MT6789,2026-01-14,260114,Tecno_Camon_30_CL6_MT6789_15.1.2.155_OPPJ001PF001PJ_260114_MXML.zip,https://naijarom.com/tecno-camon-30-cl6,2026-09-22T00:36:32.867479+00:00,
Tecno Camon 30 CL6,CL6,15.1.2.180SP05,RU001PF001AZ,6.92 GB,MT6789,2026-06-18,260618,Tecno_Camon_30_CL6_MT6789_15.1.2.180SP05_RU001PF001AZ_260618_MXML.zip,https://naijarom.com/tecno-camon-30-cl6,2026-09-22T00:36:32.867494+00:00,
Tecno Camon 30 CL6,CL6,16.3.0.140SP18,,8.41 GB,MT6789,,,Tecno_Camon_30_CL6_MT6789_16.3.0.140SP18_OP005PF001AZ_MXML.zip,https://naijarom.com/tecno-camon-30-cl6,2026-09-22T00:36:32.867521+00:00,
Tecno Camon 30 CL6,CL6,15.1.2.180SP05,OP001PF001AZ,7.83 GB,MT6789,2026-06-18,260618,Tecno_Camon_30_CL6_MT6789_15.1.2.180SP05_OP001PF001AZ_260618_MXML.zip,https://naijarom.com/tecno-camon-30-cl6,2026-09-22T00:36:32.867563+00:00,
Tecno Camon 30 CL6,CL6,15.1.2.180SP05,OPPJ001PF001PJ,7.84 GB,MT6789,2026-06-18,260618,Tecno_Camon_30_CL6_MT6789_15.1.2.180SP05_OPPJ001PF001PJ_260618_MXML.zip,https://naijarom.com/tecno-camon-30-cl6,2026-09-22T00:36:32.867592+00:00,
Tecno Camon 30 CL6K,CL6K,15.0.3.126SP02,OP001PF001AZ,7.86 GB,MT6789,2025-05-24,240525,Tecno_Camon_30_CL6K_MT6789_15.0.3.126SP02_OP001PF001AZ_240525_MXML.zip,https://naijarom.com/tecno-camon-30-cl6k,2026-09-22T00:36:36.582118+00:00,
Tecno Camon 30 CL6K,CL6K,15.1.2.155,OP001PF001AZ,7.83 GB,MT6789,2026-01-14,260114,Tecno_Camon_30_CL6K_MT6789_15.1.2.155_OP001PF001AZ_260114_MXML.zip,https://naijarom.com/tecno-camon-30-cl6k,2026-09-22T00:36:36.582148+00:00,
Tecno Camon 30 CL6K,CL6K,15.1.0.159SP01,OP001PF001AZ,7.73 GB,MT6789,2025-09-09,090925,Tecno_Camon_30_CL6K_MT6789_15.1.0.159SP01_OP001PF001AZ_090925_MXML.zip,https://naijarom.com/tecno-camon-30-cl6k,2026-09-22T00:36:36.582166+00:00,
Tecno Camon 30 CL6K,CL6K,15.1.2.180SP05,OP001PF001AZ,7.82 GB,MT6789,2026-06-18,260618,Tecno_Camon_30_CL6K_MT6789_15.1.2.180SP05_OP001PF001AZ_260618_MXML.zip,https://naijarom.com/tecno-camon-30-cl6k,2026-09-22T00:36:36.582183+00:00,
Tecno Camon 30 5G CL7,CL7,15.0.3.127,IN001PF001AZ,7.55 GB,MT6855,2025-05-26,260525,Tecno_Camon_30_5G_CL7_MT6855_15.0.3.127_IN001PF001AZ_260525_MXML.zip,https://naijarom.com/tecno-camon-30-5g-cl7,2026-09-22T00:36:40.573887+00:00,
Tecno Camon 30 5G CL7,CL7,15.0.3.127,RU001PF001AZ,7.29 GB,MT6855,2026-05-25,250526,Tecno_Camon_30_5G_CL7_MT6855_15.0.3.127_RU001PF001AZ_250526_MXML.zip,https://naijarom.com/tecno-camon-30-5g-cl7,2026-09-22T00:36:40.573917+00:00,
Tecno Camon 30 5G CL7,CL7,15.1.2.128,RU001PF001AZ,7.36 GB,MT6855,2025-10-10,251010,Tecno_Camon_30_5G_CL7_MT6855_15.1.2.128_RU001PF001AZ_251010_MXML.zip,https://naijarom.com/tecno-camon-30-5g-cl7,2026-09-22T00:36:40.573935+00:00,
Tecno Camon 30 5G CL7,CL7,15.1.0.138SP05,OP001PF001AZ,8.21 GB,MT6855,2025-09-18,180925,Tecno_Camon_30_5G_CL7_MT6855_15.1.0.138SP05_OP001PF001AZ_180925_MXML.zip,https://naijarom.com/tecno-camon-30-5g-cl7,2026-09-22T00:36:40.573953+00:00,
Tecno Camon 30 5G CL7,CL7,15.1.2.140SP01,IN001PF001AZ,7.64 GB,MT6855,2025-12-03,031225,Tecno_Camon_30_5G_CL7_MT6855_15.1.2.140SP01_IN001PF001AZ_031225_MXML.zip,https://naijarom.com/tecno-camon-30-5g-cl7,2026-09-22T00:36:40.573969+00:00,
Tecno Camon 30 5G CL7,CL7,15.1.2.155,IN001PF001AZ,7.57 GB,MT6855,2026-01-15,260115,Tecno_Camon_30_5G_CL7_MT6855_15.1.2.155_IN001PF001AZ_260115_MXML.zip,https://naijarom.com/tecno-camon-30-5g-cl7,2026-09-22T00:36:40.573985+00:00,
Tecno Camon 30 5G CL7,CL7,15.1.2.170SP07,IN001PF001AZ,7.58 GB,MT6855,2029-04-26,260429,Tecno_Camon_30_5G_CL7_MT6855_15.1.2.170SP07_IN001PF001AZ_260429_MXML.zip,https://naijarom.com/tecno-camon-30-5g-cl7,2026-09-22T00:36:40.574024+00:00,
Tecno Camon 30 5G CL7,CL7,15.1.2.155,OP001PF001AZ,8.32 GB,MT6855,2026-01-15,260115,Tecno_Camon_30_5G_CL7_MT6855_15.1.2.155_OP001PF001AZ_260115_MXML.zip,https://naijarom.com/tecno-camon-30-5g-cl7,2026-09-22T00:36:40.574060+00:00,
Tecno Camon 30 5G CL7,CL7,15.1.2.155,RU001PF001AZ,7.38 GB,MT6855,2026-01-15,260115,Tecno_Camon_30_5G_CL7_MT6855_15.1.2.155_RU001PF001AZ_260115_MXML.zip,https://naijarom.com/tecno-camon-30-5g-cl7,2026-09-22T00:36:40.574094+00:00,
Tecno Camon 30 5G CL7,CL7,15.1.2.155,TR001PF001AZ,7.71 GB,MT6855,2026-01-15,260115,Tecno_Camon_30_5G_CL7_MT6855_15.1.2.155_TR001PF001AZ_260115_MXML.zip,https://naijarom.com/tecno-camon-30-5g-cl7,2026-09-22T00:36:40.574128+00:00,
Tecno Camon 30 5G CL7K,CL7K,15.0.3.127,IN001PF001AZ,7.55 GB,MT6855,2025-05-27,270525,Tecno_Camon_30_5G_CL7K_MT6855_15.0.3.127_IN001PF001AZ_270525_MXML.zip,https://naijarom.com/tecno-camon-30-5g-cl7k,2026-09-22T00:36:45.015315+00:00,
Tecno Camon 30 5G CL7K,CL7K,15.1.2.140SP01,IN001PF001AZ,7.64 GB,MT6855,2025-12-03,031225,Tecno_Camon_30_5G_CL7K_MT6855_15.1.2.140SP01_IN001PF001AZ_031225_MXML.zip,https://naijarom.com/tecno-camon-30-5g-cl7k,2026-09-22T00:36:45.015344+00:00,
Tecno Camon 30 5G CL7K,CL7K,15.1.2.155,IN001PF001AZ,7.57 GB,MT6855,2026-01-15,260115,Tecno_Camon_30_5G_CL7K_MT6855_15.1.2.155_IN001PF001AZ_260115_MXML.zip,https://naijarom.com/tecno-camon-30-5g-cl7k,2026-09-22T00:36:45.015360+00:00,
Tecno Camon 30 5G CL7K,CL7K,15.1.2.170SP07,IN001PF001AZ,7.58 GB,MT6855,2029-04-26,260429,Tecno_Camon_30_5G_CL7K_MT6855_15.1.2.170SP07_IN001PF001AZ_260429_MXML.zip,https://naijarom.com/tecno-camon-30-5g-cl7k,2026-09-22T00:36:45.015375+00:00,
Tecno Camon 30 5G CL7S,CL7S,,,,,,,,https://naijarom.com/tecno-camon-30-5g-cl7s,2026-09-22T00:36:49.713915+00:00,no firmware versions found on page
Tecno Camon 30 Pro CL8,CL8,15.0.3.121SP01,OP001PF001AZ,8.82 GB,MT6895,2025-04-29,290425,Tecno_Camon_30_Pro_CL8_MT6895_15.0.3.121SP01_OP001PF001AZ_290425_MXML.zip,https://naijarom.com/tecno-camon-30-pro-cl8,2026-09-22T00:36:53.902234+00:00,
Tecno Camon 30 Pro CL8,CL8,15.0.3.130,RU001PF001AZ,7.28 GB,MT6895,2025-06-16,160625,Tecno_Camon_30_Pro_CL8_MT6895_15.0.3.130_RU001PF001AZ_160625_MXML.zip,https://naijarom.com/tecno-camon-30-pro-cl8,2026-09-22T00:36:53.902263+00:00,
Tecno Camon 30 Pro CL8,CL8,15.0.3.130,OP001PF001AZ,8.17 GB,MT6895,2025-06-18,180625,Tecno_Camon_30_Pro_CL8_MT6895_15.0.3.130_OP001PF001AZ_180625_MXML.zip,https://naijarom.com/tecno-camon-30-pro-cl8,2026-09-22T00:36:53.902285+00:00,
Tecno Camon 30 Pro CL8,CL8,15.1.2.155SP11,TR001PF001AZ,7.30 GB,MT6895,2026-02-05,050226,Tecno_Camon_30_Pro_CL8_MT6895_15.1.2.155SP11_TR001PF001AZ_050226_MXML.zip,https://naijarom.com/tecno-camon-30-pro-cl8,2026-09-22T00:36:53.902303+00:00,
Tecno Camon 30 Pro CL8,CL8,15.1.2.155SP11,RU001PF001AZ,6.98 GB,MT6895,2026-02-05,050226,Tecno_Camon_30_Pro_CL8_MT6895_15.1.2.155SP11_RU001PF001AZ_050226_MXML.zip,https://naijarom.com/tecno-camon-30-pro-cl8,2026-09-22T00:36:53.902318+00:00,
Tecno Camon 30 Pro CL8,CL8,15.1.2.155SP11,OP001PF001AZ,7.87 GB,MT6895,2026-02-05,260205,Tecno_Camon_30_Pro_CL8_MT6895_15.1.2.155SP11_OP001PF001AZ_260205_MXML.zip,https://naijarom.com/tecno-camon-30-pro-cl8,2026-09-22T00:36:53.902334+00:00,
Tecno Camon 30 Pro CL8,CL8,15.1.0.161SP02,RU001PF001AZ,7.23 GB,MT6895,2020-10-25,251020,Tecno_Camon_30_Pro_CL8_MT6895_15.1.0.161SP02_RU001PF001AZ_251020_MXML.zip,https://naijarom.com/tecno-camon-30-pro-cl8,2026-09-22T00:36:53.902349+00:00,
Tecno Camon 30 Pro CL8,CL8,15.1.2.170SP05,RU001PF001AZ,6.96 GB,MT6895,2022-04-26,260422,Tecno_Camon_30_Pro_CL8_MT6895_15.1.2.170SP05_RU001PF001AZ_260422_MXML.zip,https://naijarom.com/tecno-camon-30-pro-cl8,2026-09-22T00:36:53.902363+00:00,
Tecno Camon 30 Pro CL8,CL8,15.1.2.170SP05,TR001PF001AZ,7.26 GB,MT6895,2026-04-22,220426,Tecno_Camon_30_Pro_CL8_MT6895_15.1.2.170SP05_TR001PF001AZ_220426_MXML.zip,https://naijarom.com/tecno-camon-30-pro-cl8,2026-09-22T00:36:53.902378+00:00,
Tecno Camon 30 Premier 5G CL9,CL9,15.0.3.117SP01,OP001PF001AZ,8.37 GB,MT6895,2025-04-22,220425,Tecno_Camon_30_Premier_5G_CL9_MT6895_15.0.3.117SP01_OP001PF001AZ_220425_MXML.zip,https://naijarom.com/tecno-camon-30-premier-5g-cl9,2026-09-22T00:37:00.359199+00:00,
Tecno Camon 30 Premier 5G CL9,CL9,15.0.3.127SP01,OP001PF001AZ,8.32 GB,MT6895,2025-05-28,280525,Tecno_Camon_30_Premier_5G_CL9_MT6895_15.0.3.127SP01_OP001PF001AZ_280525_MXML.zip,https://naijarom.com/tecno-camon-30-premier-5g-cl9,2026-09-22T00:37:00.359225+00:00,
Tecno Camon 30 Premier 5G CL9,CL9,15.1.2.129SP01,IN001PF001AZ,7.68 GB,MT6895,2025-10-17,251017,Tecno_Camon_30_Premier_5G_CL9_MT6895_15.1.2.129SP01_IN001PF001AZ_251017_MXML.zip,https://naijarom.com/tecno-camon-30-premier-5g-cl9,2026-09-22T00:37:00.359245+00:00,
Tecno Camon 30 Premier 5G CL9,CL9,15.1.0.139,OP001PF001AZ,8.28 GB,MT6895,2025-07-15,150725,Tecno_Camon_30_Premier_5G_CL9_MT6895_15.1.0.139_OP001PF001AZ_150725_MXML.zip,https://naijarom.com/tecno-camon-30-premier-5g-cl9,2026-09-22T00:37:00.359260+00:00,
Tecno Camon 30 Premier 5G CL9,CL9,15.1.2.155,IN001PF001AZ,7.66 GB,MT6895,2026-01-14,260114,Tecno_Camon_30_Premier_5G_CL9_MT6895_15.1.2.155_IN001PF001AZ_260114_MXML.zip,https://naijarom.com/tecno-camon-30-premier-5g-cl9,2026-09-22T00:37:00.359277+00:00,
Tecno Camon 30 Premier 5G CL9,CL9,15.1.0.159SP01,RU001PF001AZ,7.35 GB,MT6895,2025-09-09,250909,Tecno_Camon_30_Premier_5G_CL9_MT6895_15.1.0.159SP01_RU001PF001AZ_250909_MXML.zip,https://naijarom.com/tecno-camon-30-premier-5g-cl9,2026-09-22T00:37:00.359293+00:00,
Tecno Camon 30 Premier 5G CL9,CL9,15.1.2.170SP05,IN001PF001AZ,7.58 GB,MT6895,2022-04-26,260422,Tecno_Camon_30_Premier_5G_CL9_MT6895_15.1.2.170SP05_IN001PF001AZ_260422_MXML.zip,https://naijarom.com/tecno-camon-30-premier-5g-cl9,2026-09-22T00:37:00.359306+00:00,
Tecno Camon 30 Premier 5G CL9,CL9,15.1.2.170SP05,OP001PF001AZ,8.31 GB,MT6895,2022-04-26,260422,Tecno_Camon_30_Premier_5G_CL9_MT6895_15.1.2.170SP05_OP001PF001AZ_260422_MXML.zip,https://naijarom.com/tecno-camon-30-premier-5g-cl9,2026-09-22T00:37:00.359320+00:00,
Tecno Camon 30 Premier 5G CL9,CL9,15.1.2.170SP05,RU001PF001AZ,7.40 GB,MT6895,2022-04-26,260422,Tecno_Camon_30_Premier_5G_CL9_MT6895_15.1.2.170SP05_RU001PF001AZ_260422_MXML.zip,https://naijarom.com/tecno-camon-30-premier-5g-cl9,2026-09-22T00:37:00.359333+00:00,
Tecno Camon 30S CLA5,CLA5,15.0.3.117SP03,OP001PF001AZ,7.97 GB,MT6789,2025-04-28,280425,Tecno_Camon_30S_CLA5_MT6789_15.0.3.117SP03_OP001PF001AZ_280425_MXML.zip,https://naijarom.com/tecno-camon-30s-cla5,2026-09-22T00:37:05.113865+00:00,
Tecno Camon 30S CLA5,CLA5,15.0.3.127SP03,OP001PF001AZ,7.92 GB,MT6789,2025-06-12,120625,Tecno_Camon_30S_CLA5_MT6789_15.0.3.127SP03_OP001PF001AZ_120625_MXML.zip,https://naijarom.com/tecno-camon-30s-cla5,2026-09-22T00:37:05.113904+00:00,
Tecno Camon 30S CLA5,CLA5,15.1.2.129,RU001PF001AZ,7.03 GB,MT6789,2025-10-14,251014,Tecno_Camon_30S_CLA5_MT6789_15.1.2.129_RU001PF001AZ_251014_MXML.zip,https://naijarom.com/tecno-camon-30s-cla5,2026-09-22T00:37:05.113935+00:00,
Tecno Camon 30S CLA5,CLA5,15.1.2.129,OP001PF001AZ,7.95 GB,MT6789,2025-10-14,141025,Tecno_Camon_30S_CLA5_MT6789_15.1.2.129_OP001PF001AZ_141025_MXML.zip,https://naijarom.com/tecno-camon-30s-cla5,2026-09-22T00:37:05.113965+00:00,
Tecno Camon 30S CLA5,CLA5,15.1.0.136SP02,OP001PF001AZ,7.87 GB,MT6789,2025-07-30,300725,Tecno_Camon_30S_CLA5_MT6789_15.1.0.136SP02_OP001PF001AZ_300725_MXML.zip,https://naijarom.com/tecno-camon-30s-cla5,2026-09-22T00:37:05.114018+00:00,
Tecno Camon 30S CLA5,CLA5,15.1.0.136SP02,RU001PF001AZ,6.94 GB,MT6789,2025-07-30,300725,Tecno_Camon_30S_CLA5_MT6789_15.1.0.136SP02_RU001PF001AZ_300725_MXML.zip,https://naijarom.com/tecno-camon-30s-cla5,2026-09-22T00:37:05.114034+00:00,
Tecno Camon 30S CLA5,CLA5,15.1.2.155,OP001PF001AZ,7.97 GB,MT6789,2026-01-14,260114,Tecno_Camon_30S_CLA5_MT6789_15.1.2.155_OP001PF001AZ_260114_MXML.zip,https://naijarom.com/tecno-camon-30s-cla5,2026-09-22T00:37:05.114048+00:00,
Tecno Camon 30S CLA5,CLA5,15.1.2.155,RU001PF001AZ,7.05 GB,MT6789,2026-01-14,260114,Tecno_Camon_30S_CLA5_MT6789_15.1.2.155_RU001PF001AZ_260114_MXML.zip,https://naijarom.com/tecno-camon-30s-cla5,2026-09-22T00:37:05.114061+00:00,
Tecno Camon 30S CLA5,CLA5,15.1.2.155,TR001PF001AZ,7.37 GB,MT6789,2026-01-14,260114,Tecno_Camon_30S_CLA5_MT6789_15.1.2.155_TR001PF001AZ_260114_MXML.zip,https://naijarom.com/tecno-camon-30s-cla5,2026-09-22T00:37:05.114073+00:00,
Tecno Camon 30S CLA5,CLA5,16.3.0.140SP09,,9.33 GB,MT6789,,,Tecno_Camon_30S_CLA5_MT6789_16.3.0.140SP09_OP003PF001AZ_MXML.zip,https://naijarom.com/tecno-camon-30s-cla5,2026-09-22T00:37:05.114112+00:00,
Tecno Camon 30S CLA5,CLA5,15.1.0.159SP01,RU001PF001AZ,6.94 GB,MT6789,2025-09-09,250909,Tecno_Camon_30S_CLA5_MT6789_15.1.0.159SP01_RU001PF001AZ_250909_MXML.zip,https://naijarom.com/tecno-camon-30s-cla5,2026-09-22T00:37:05.114130+00:00,
Tecno Camon 30S CLA5,CLA5,15.1.0.159SP01,OP001PF001AZ,7.86 GB,MT6789,2025-09-09,090925,Tecno_Camon_30S_CLA5_MT6789_15.1.0.159SP01_OP001PF001AZ_090925_MXML.zip,https://naijarom.com/tecno-camon-30s-cla5,2026-09-22T00:37:05.114143+00:00,
Tecno Camon 30S CLA5,CLA5,15.1.2.170SP05,OP001PF001AZ,7.94 GB,MT6789,2021-04-26,260421,Tecno_Camon_30S_CLA5_MT6789_15.1.2.170SP05_OP001PF001AZ_260421_MXML.zip,https://naijarom.com/tecno-camon-30s-cla5,2026-09-22T00:37:05.114168+00:00,
Tecno Camon 30S CLA5,CLA5,15.1.2.170SP05,TR001PF001AZ,7.36 GB,MT6789,2021-04-26,260421,Tecno_Camon_30S_CLA5_MT6789_15.1.2.170SP05_TR001PF001AZ_260421_MXML.zip,https://naijarom.com/tecno-camon-30s-cla5,2026-09-22T00:37:05.114181+00:00,
Tecno Camon 30S Pro CLA6,CLA6,15.0.3.127SP01,OP001PF001AZ,7.89 GB,MT6789,2025-05-29,290525,Tecno_Camon_30S_Pro_CLA6_MT6789_15.0.3.127SP01_OP001PF001AZ_290525_MXML.zip,https://naijarom.com/tecno-camon-30s-pro-cla6,2026-09-22T00:37:10.023177+00:00,
Tecno Camon 30S Pro CLA6,CLA6,15.1.0.136SP02,RU001PF001AZ,6.91 GB,MT6789,2025-07-30,300725,Tecno_Camon_30S_Pro_CLA6_MT6789_15.1.0.136SP02_RU001PF001AZ_300725_MXML.zip,https://naijarom.com/tecno-camon-30s-pro-cla6,2026-09-22T00:37:10.023202+00:00,
Tecno Camon 30S Pro CLA6,CLA6,15.1.0.136SP02,TR001PF001AZ,7.24 GB,MT6789,2025-07-30,300725,Tecno_Camon_30S_Pro_CLA6_MT6789_15.1.0.136SP02_TR001PF001AZ_300725_MXML.zip,https://naijarom.com/tecno-camon-30s-pro-cla6,2026-09-22T00:37:10.023219+00:00,
Tecno Camon 30S Pro CLA6,CLA6,15.1.2.155,RU001PF001AZ,7.02 GB,MT6789,2026-01-14,260114,Tecno_Camon_30S_Pro_CLA6_MT6789_15.1.2.155_RU001PF001AZ_260114_MXML.zip,https://naijarom.com/tecno-camon-30s-pro-cla6,2026-09-22T00:37:10.023234+00:00,
Tecno Camon 30S Pro CLA6,CLA6,15.1.2.155,TR001PF001AZ,7.34 GB,MT6789,2026-01-14,260114,Tecno_Camon_30S_Pro_CLA6_MT6789_15.1.2.155_TR001PF001AZ_260114_MXML.zip,https://naijarom.com/tecno-camon-30s-pro-cla6,2026-09-22T00:37:10.023248+00:00,
Tecno Camon 30S Pro CLA6,CLA6,16.3.0.140SP09,,9.40 GB,MT6789,,,Tecno_Camon_30S_Pro_CLA6_MT6789_16.3.0.140SP09_OP004PF001AZ_MXML.zip,https://naijarom.com/tecno-camon-30s-pro-cla6,2026-09-22T00:37:10.023273+00:00,
Tecno Camon 30S Pro CLA6,CLA6,15.1.0.159SP01,OP001PF001AZ,7.83 GB,MT6789,2025-09-19,190925,Tecno_Camon_30S_Pro_CLA6_MT6789_15.1.0.159SP01_OP001PF001AZ_190925_MXML.zip,https://naijarom.com/tecno-camon-30s-pro-cla6,2026-09-22T00:37:10.023296+00:00,
Tecno Camon 40 CM5,CM5,15.0.2.115SP06,OP001PF001AZ,9.25 GB,,2025-04-22,220425,Tecno_Camon_40_CM5_15.0.2.115SP06_OP001PF001AZ_220425_MXML.zip,https://naijarom.com/tecno-camon-40-cm5,2026-09-22T00:37:14.144437+00:00,
Tecno Camon 40 CM5,CM5,15.0.3.128,,9.36 GB,MT6789,,,Tecno_Camon_40_CM5_MT6789_15.0.3.128_OP001PF001AZ_Open_Market_050625_MXML.zip,https://naijarom.com/tecno-camon-40-cm5,2026-09-22T00:37:14.144519+00:00,
Tecno Camon 40 CM5,CM5,16.2.0.135SP22,,9.63 GB,MT6789,,,Tecno_Camon_40_CM5_MT6789_16.2.0.135SP22_TR005PF001AZ_MXML.zip,https://naijarom.com/tecno-camon-40-cm5,2026-09-22T00:37:14.144584+00:00,
Tecno Camon 40 CM5,CM5,15.1.0.155SP03,RU001PF001AZ,8.65 GB,MT6789,2025-04-09,250409,Tecno_Camon_40_CM5_MT6789_15.1.0.155SP03_RU001PF001AZ_250409_MXML.zip,https://naijarom.com/tecno-camon-40-cm5,2026-09-22T00:37:14.144630+00:00,
Tecno Camon 40 CM5,CM5,15.1.2.145SP10,OP001PF001AZ,9.66 GB,MT6789,2026-01-16,260116,Tecno_Camon_40_CM5_MT6789_15.1.2.145SP10_OP001PF001AZ_260116_MXML.zip,https://naijarom.com/tecno-camon-40-cm5,2026-09-22T00:37:14.144773+00:00,
Tecno Camon 40 CM5,CM5,15.1.2.145SP10,RU001PF001AZ,8.81 GB,MT6789,2026-01-16,260116,Tecno_Camon_40_CM5_MT6789_15.1.2.145SP10_RU001PF001AZ_260116_MXML.zip,https://naijarom.com/tecno-camon-40-cm5,2026-09-22T00:37:14.144814+00:00,
Tecno Camon 40 CM5,CM5,15.0.1.109SP05,OP001PF001AZ,9.20 GB,MT6789,2020-01-25,250120,Tecno_Camon_40_CM5_MT6789_15.0.1.109SP05_OP001PF001AZ_250120_MXML.zip,https://naijarom.com/tecno-camon-40-cm5,2026-09-22T00:37:14.144852+00:00,
Tecno Camon 40 CM5,CM5,15.1.2.128SP01,TR001PF001AZ,8.93 GB,MT6789,2025-11-05,251105,Tecno_Camon_40_CM5_MT6789_15.1.2.128SP01_TR001PF001AZ_251105_MXML.zip,https://naijarom.com/tecno-camon-40-cm5,2026-09-22T00:37:14.144889+00:00,
Tecno Camon 40 CM5,CM5,16.2.0.150SP11,,10.25 GB,MT6789,,,Tecno_Camon_40_CM5_MT6789_16.2.0.150SP11_OP005PF001AZ_MXML.zip,https://naijarom.com/tecno-camon-40-cm5,2026-09-22T00:37:14.144948+00:00,
Tecno Camon 40 4G CM5,CM5,15.0.3.122SP05,,9.35 GB,MT6789,,,Tecno_Camon_40_4G_CM5_MT6789_15.0.3.122SP05_250507_MXML.zip,https://naijarom.com/tecno-camon-40-4g-cm5,2026-09-22T00:37:19.150941+00:00,
Tecno Camon 40 4G CM5,CM5,15.0.2.115SP10,OP001PF001AZ,1.45 GB,MT6789,2025-05-01,010525,Tecno_Camon_40_4G_CM5_MT6789_15.0.2.115SP10_OP001PF001AZ_010525_MXML.zip,https://naijarom.com/tecno-camon-40-4g-cm5,2026-09-22T00:37:19.150990+00:00,
Tecno Camon 40 4G CM5,CM5,15.0.2.115SP01,OP001PF001AZ,9.25 GB,MT6789,2025-03-27,270325,Tecno_Camon_40_4G_CM5_MT6789_15.0.2.115SP01_OP001PF001AZ_270325_MXML.zip,https://naijarom.com/tecno-camon-40-4g-cm5,2026-09-22T00:37:19.151026+00:00,
Tecno Camon 40 4G CM5,CM5,15.0.3.128,,9.36 GB,MT6789,,,Tecno_Camon_40_4G_CM5_MT6789_15.0.3.128_OP001PF001AZ_Open_Market_050625_MXML.zip,https://naijarom.com/tecno-camon-40-4g-cm5,2026-09-22T00:37:19.151061+00:00,
Tecno Camon 40 4G CM5,CM5,15.1.0.155SP03,OP001PF001AZ,9.43 GB,MT6789,2025-09-04,040925,Tecno_Camon_40_4G_CM5_MT6789_15.1.0.155SP03_OP001PF001AZ_040925_MXML.zip,https://naijarom.com/tecno-camon-40-4g-cm5,2026-09-22T00:37:19.151077+00:00,
Tecno Camon 40 4G CM5,CM5,15.1.0.155SP03,RU001PF001AZ,8.65 GB,MT6789,2025-09-04,040925,Tecno_Camon_40_4G_CM5_MT6789_15.1.0.155SP03_RU001PF001AZ_040925_MXML.zip,https://naijarom.com/tecno-camon-40-4g-cm5,2026-09-22T00:37:19.151091+00:00,
Tecno Camon 40 4G CM5,CM5,15.1.2.128,RU001PF001AZ,8.78 GB,MT6789,2025-10-11,111025,Tecno_Camon_40_4G_CM5_MT6789_15.1.2.128_RU001PF001AZ_111025_MXML.zip,https://naijarom.com/tecno-camon-40-4g-cm5,2026-09-22T00:37:19.151105+00:00,
Tecno Camon 40 4G CM5,CM5,16.2.0.135SP22,,9.66 GB,MT6789,,,Tecno_Camon_40_4G_CM5_MT6789_16.2.0.135SP22_OPPJ005PF001PJ_MXML.zip,https://naijarom.com/tecno-camon-40-4g-cm5,2026-09-22T00:37:19.151128+00:00,
Tecno Camon 40 4G CM5,CM5,15.1.2.145SP10,OP001PF001AZ,9.66 GB,MT6789,2026-01-16,260116,Tecno_Camon_40_4G_CM5_MT6789_15.1.2.145SP10_OP001PF001AZ_260116_MXML.zip,https://naijarom.com/tecno-camon-40-4g-cm5,2026-09-22T00:37:19.151160+00:00,
Tecno Camon 40 4G CM5,CM5,15.1.2.145SP10,RU001PF001AZ,8.81 GB,MT6789,2026-01-16,260116,Tecno_Camon_40_4G_CM5_MT6789_15.1.2.145SP10_RU001PF001AZ_260116_MXML.zip,https://naijarom.com/tecno-camon-40-4g-cm5,2026-09-22T00:37:19.151174+00:00,
Tecno Camon 40 4G CM5,CM5,15.0.1.109SP05,OP001PF001AZ,9.2 GB,MT6789,2020-01-25,250120,Tecno_Camon_40_4G_CM5_MT6789_15.0.1.109SP05_OP001PF001AZ_250120_MXML.zip,https://naijarom.com/tecno-camon-40-4g-cm5,2026-09-22T00:37:19.151188+00:00,
Tecno Camon 40 4G CM5,CM5,15.1.2.128SP01,TR001PF001AZ,8.93 GB,MT6789,2025-11-05,251105,Tecno_Camon_40_4G_CM5_MT6789_15.1.2.128SP01_TR001PF001AZ_251105_MXML.zip,https://naijarom.com/tecno-camon-40-4g-cm5,2026-09-22T00:37:19.151201+00:00,
Tecno Camon 40 4G CM5,CM5,16.2.0.150SP11,,10.25 GB,MT6789,,,Tecno_Camon_40_4G_CM5_MT6789_16.2.0.150SP11_OP005PF001AZ_MXML.zip,https://naijarom.com/tecno-camon-40-4g-cm5,2026-09-22T00:37:19.151225+00:00,
Tecno Camon 40 Premier 5G CM8,CM8,15.0.3.116SP02,OP001PF001AZ,9.47 GB,MT6897,2025-04-18,180425,Tecno_Camon_40_Premier_5G_CM8_MT6897_15.0.3.116SP02_OP001PF001AZ_180425_MXML.zip,https://naijarom.com/tecno-camon-40-premier-5g-cm8,2026-09-22T00:37:24.197767+00:00,
Tecno Camon 40 Premier 5G CM8,CM8,15.0.3.123SP05,OP001PF001AZ,9.48 GB,MT6897,2025-05-14,140525,Tecno_Camon_40_Premier_5G_CM8_MT6897_15.0.3.123SP05_OP001PF001AZ_140525_MXML.zip,https://naijarom.com/tecno-camon-40-premier-5g-cm8,2026-09-22T00:37:24.197800+00:00,
Tecno Camon 40 Premier 5G CM8,CM8,15.1.2.129SP02,RU001PF001AZ,8.93 GB,MT6897,2027-10-25,251027,Tecno_Camon_40_Premier_CM8_MT6897_15.1.2.129SP02_RU001PF001AZ_251027_MXML.zip,https://naijarom.com/tecno-camon-40-premier-5g-cm8,2026-09-22T00:37:24.197817+00:00,
Tecno Camon 40 Premier 5G CM8,CM8,15.1.0.139SP01,OP001PF001AZ,9.44 GB,MT6897,2025-07-22,220725,Tecno_Camon_40_Premier_5G_CM8_MT6897_15.1.0.139SP01_OP001PF001AZ_220725_MXML.zip,https://naijarom.com/tecno-camon-40-premier-5g-cm8,2026-09-22T00:37:24.197833+00:00,
Tecno Camon 40 Premier 5G CM8,CM8,16.2.0.145SP01,OP002PF001AZ,11.18 GB,MT6897,2020-05-26,260520,Tecno_Camon_40_Premier_5G_CM8_MT6897_16.2.0.145SP01_OP002PF001AZ_260520_MXML.zip,https://naijarom.com/tecno-camon-40-premier-5g-cm8,2026-09-22T00:37:24.197848+00:00,
Tecno Camon 40 Premier 5G CM8,CM8,16.2.0.145SP05,RU004PF001AZ,10.39 GB,MT6897,2020-05-26,260520,Tecno_Camon_40_Premier_5G_CM8_MT6897_16.2.0.145SP05_RU004PF001AZ_260520_MXML.zip,https://naijarom.com/tecno-camon-40-premier-5g-cm8,2026-09-22T00:37:24.197862+00:00,
Tecno Camon 40 Premier 5G CM8,CM8,16.2.0.145SP05,,10.57 GB,MT6897,,,Tecno_Camon_40_Premier_5G_CM8_MT6897_16.2.0.145SP05_TR004PF001AZ_MXML.zip,https://naijarom.com/tecno-camon-40-premier-5g-cm8,2026-09-22T00:37:24.197893+00:00,
Tecno Camon 40 Premier 5G CM8,CM8,16.2.0.150SP14,,11.10 GB,,,,Tecno_Camon_40_Premier_5G_CM8_16.2.0.150SP14_OP005PF001AZ_MXML.zip,https://naijarom.com/tecno-camon-40-premier-5g-cm8,2026-09-22T00:37:24.197916+00:00,
Tecno Camon 40 Premier 5G CM8,CM8,15.1.0.155SP03,RU001PF001AZ,8.79 GB,MT6897,2025-09-04,250904,Tecno_Camon_40_Premier_5G_CM8_MT6897_15.1.0.155SP03_RU001PF001AZ_250904_MXML.zip,https://naijarom.com/tecno-camon-40-premier-5g-cm8,2026-09-22T00:37:24.197934+00:00,
Tecno Camon 40 Premier 5G CM8,CM8,15.1.0.155SP03,TR001PF001AZ,8.94 GB,MT6897,2025-09-04,040925,Tecno_Camon_40_Premier_5G_CM8_MT6897_15.1.0.155SP03_TR001PF001AZ_040925_MXML.zip,https://naijarom.com/tecno-camon-40-premier-5g-cm8,2026-09-22T00:37:24.197952+00:00,
Tecno Camon 40 Premier 5G CM8,CM8,15.1.0.155SP03,OP001PF001AZ,9.61 GB,MT6897,2025-09-04,040925,Tecno_Camon_40_Premier_5G_CM8_MT6897_15.1.0.155SP03_OP001PF001AZ_040925_MXML.zip,https://naijarom.com/tecno-camon-40-premier-5g-cm8,2026-09-22T00:37:24.197967+00:00,
Tecno Camon 40 Premier 5G CM8,CM8,15.1.2.155SP05,OP001PF001AZ,9.92 GB,MT6897,2022-01-26,260122,Tecno_Camon_40_Premier_5G_CM8_MT6897_15.1.2.155SP05_OP001PF001AZ_260122_MXML.zip,https://naijarom.com/tecno-camon-40-premier-5g-cm8,2026-09-22T00:37:24.197980+00:00,
Tecno Camon 40 Premier 5G CM8,CM8,15.1.2.155SP05,COCL001PF001AZ,8.98 GB,,2026-06-26,260626,Tecno_Camon_40_Premier_5G_CM8_15.1.2.155SP05_COCL001PF001AZ_260626_MXML.zip,https://naijarom.com/tecno-camon-40-premier-5g-cm8,2026-09-22T00:37:24.198007+00:00,
Tecno Camon 40 Premier 5G CM8,CM8,15.1.2.165SP12,RU001PF001AZ,8.94 GB,MT6897,2026-04-14,260414,Tecno_Camon_40_Premier_5G_CM8_MT6897_15.1.2.165SP12_RU001PF001AZ_260414_MXML.zip,https://naijarom.com/tecno-camon-40-premier-5g-cm8,2026-09-22T00:37:24.198022+00:00,
Tecno Camon 40 Premier 5G CM8,CM8,15.1.2.165SP12,TR001PF001AZ,9.09 GB,MT6897,2026-04-14,260414,Tecno_Camon_40_Premier_5G_CM8_MT6897_15.1.2.165SP12_TR001PF001AZ_260414_MXML.zip,https://naijarom.com/tecno-camon-40-premier-5g-cm8,2026-09-22T00:37:24.198036+00:00,
Tecno Camon 40 Premier 5G CM8,CM8,15.1.2.165SP12,OP001PF001AZ,9.90 GB,,2026-04-14,260414,Tecno_Camon_40_Premier_5G_CM8_15.1.2.165SP12_OP001PF001AZ_260414_MXML.zip,https://naijarom.com/tecno-camon-40-premier-5g-cm8,2026-09-22T00:37:24.198052+00:00,
Tecno Camon 40 Premier 5G CM8,CM8,15.0.3.129SP16,COCL001PF001AZ,9.12 GB,MT6897,2025-07-03,250703,Tecno_Camon_40_Premier_5G_CM8_MT6897_15.0.3.129SP16_COCL001PF001AZ_250703_MXML.zip,https://naijarom.com/tecno-camon-40-premier-5g-cm8,2026-09-22T00:37:24.198072+00:00,
Tecno Camon 40 Premier 5G CM8,CM8,15.1.0.139SP03,OP001PF001AZ,9.44 GB,MT6897,2025-08-01,250801,Tecno_Camon_40_Premier_5G_CM8_MT6897_15.1.0.139SP03_OP001PF001AZ_250801_MXML.zip,https://naijarom.com/tecno-camon-40-premier-5g-cm8,2026-09-22T00:37:24.198086+00:00,
Tecno Camon 40 Premier 5G CM8,CM8,15.1.2.129SP05,COCL001PF001AZ,9.07 GB,MT6897,2025-11-13,251113,Tecno_Camon_40_Premier_5G_CM8_MT6897_15.1.2.129SP05_COCL001PF001AZ_251113_MXML.zip,https://naijarom.com/tecno-camon-40-premier-5g-cm8,2026-09-22T00:37:24.198100+00:00,
Tecno Camon 40 Premier 5G CM8,CM8,15.1.2.155SP05,RU001PF001AZ,8.95 GB,MT6897,2022-01-26,260122,Tecno_Camon_40_Premier_5G_CM8_MT6897_15.1.2.155SP05_RU001PF001AZ_260122_MXML.zip,https://naijarom.com/tecno-camon-40-premier-5g-cm8,2026-09-22T00:37:24.198116+00:00,
Tecno Camon 40 Premier 5G CM8,CM8,15.1.2.155SP05,TR001PF001AZ,9.11 GB,MT6897,2022-01-26,260122,Tecno_Camon_40_Premier_5G_CM8_MT6897_15.1.2.155SP05_TR001PF001AZ_260122_MXML.zip,https://naijarom.com/tecno-camon-40-premier-5g-cm8,2026-09-22T00:37:24.198130+00:00,
Tecno Camon 40 Pro CM6,CM6,15.0.1.112SP05,OP001PF001AZ,9.10 GB,MT6789,2025-02-11,250211,Tecno_Camon_40_Pro_CM6_MT6789_15.0.1.112SP05_OP001PF001AZ_250211_MXML.zip,https://naijarom.com/tecno-camon-40-pro-cm6,2026-09-22T00:37:29.074928+00:00,
Tecno Camon 40 Pro CM6,CM6,15.0.1.113SP03,RU001PF001AZ,8.32 GB,MT6789,2025-03-16,160325,Tecno_Camon_40_Pro_CM6_MT6789_15.0.1.113SP03_RU001PF001AZ_160325_MXML.zip,https://naijarom.com/tecno-camon-40-pro-cm6,2026-09-22T00:37:29.074959+00:00,
Tecno Camon 40 Pro CM6,CM6,15.0.2.115SP01,OP001PF001AZ,9.15 GB,MT6789,2025-03-27,270325,Tecno_Camon_40_Pro_CM6_MT6789_15.0.2.115SP01_OP001PF001AZ_270325_MXML.zip,https://naijarom.com/tecno-camon-40-pro-cm6,2026-09-22T00:37:29.074977+00:00,
Tecno Camon 40 Pro CM6,CM6,15.0.2.115SP06,OP001PF001AZ,9.15 GB,MT6789,2025-04-22,220425,Tecno_Camon_40_Pro_CM6_MT6789_15.0.2.115SP06_OP001PF001AZ_220425_MXML.zip,https://naijarom.com/tecno-camon-40-pro-cm6,2026-09-22T00:37:29.075011+00:00,
Tecno Camon 40 Pro CM6,CM6,15.0.3.122SP15,OP001PF001AZ,9.25 GB,MT6789,2025-05-29,290525,Tecno_Camon_40_Pro_CM6_MT6789_15.0.3.122SP15_OP001PF001AZ_290525_MXML.zip,https://naijarom.com/tecno-camon-40-pro-cm6,2026-09-22T00:37:29.075048+00:00,
Tecno Camon 40 Pro CM6,CM6,15.0.3.128,OP001PF001AZ,9.27 GB,MT6789,2025-06-05,050625,Tecno_Camon_40_Pro_CM6_MT6789_15.0.3.128_OP001PF001AZ_050625_MXML.zip,https://naijarom.com/tecno-camon-40-pro-cm6,2026-09-22T00:37:29.075082+00:00,
Tecno Camon 40 Pro CM6,CM6,15.0.3.122SP05,,9.25 GB,MT6789,,,Tecno_Camon_40_Pro_CM6_MT6789_15.0.3.122SP05_OP001PF001AZ_Open_Market_070525_MXML.zip,https://naijarom.com/tecno-camon-40-pro-cm6,2026-09-22T00:37:29.075155+00:00,
Tecno Camon 40 Pro CM6,CM6,15.1.0.155SP03,OP001PF001AZ,9.35 GB,MT6789,2025-09-04,040925,Tecno_Camon_40_Pro_CM6_MT6789_15.1.0.155SP03_OP001PF001AZ_040925_MXML.zip,https://naijarom.com/tecno-camon-40-pro-cm6,2026-09-22T00:37:29.075201+00:00,
Tecno Camon 40 Pro CM6,CM6,15.1.0.155SP03,RU001PF001AZ,8.57 GB,MT6789,2025-09-04,040925,Tecno_Camon_40_Pro_CM6_MT6789_15.1.0.155SP03_RU001PF001AZ_040925_MXML.zip,https://naijarom.com/tecno-camon-40-pro-cm6,2026-09-22T00:37:29.075236+00:00,
Tecno Camon 40 Pro CM6,CM6,15.1.0.155SP05,OPPJ001PF001PJ,9.36 GB,MT6789,2025-09-16,160925,Tecno_Camon_40_Pro_CM6_MT6789_15.1.0.155SP05_OPPJ001PF001PJ_160925_MXML.zip,https://naijarom.com/tecno-camon-40-pro-cm6,2026-09-22T00:37:29.075271+00:00,
Tecno Camon 40 Pro CM6,CM6,15.1.2.128,OP001PF001AZ,9.62 GB,MT6789,2025-10-10,101025,Tecno_Camon_40_Pro_CM6_MT6789_15.1.2.128_OP001PF001AZ_101025_MXML.zip,https://naijarom.com/tecno-camon-40-pro-cm6,2026-09-22T00:37:29.075305+00:00,
Tecno Camon 40 Pro CM6,CM6,15.1.2.128,RU001PF001AZ,8.69 GB,MT6789,2025-10-10,101025,Tecno_Camon_40_Pro_CM6_MT6789_15.1.2.128_RU001PF001AZ_101025_MXML.zip,https://naijarom.com/tecno-camon-40-pro-cm6,2026-09-22T00:37:29.075339+00:00,
Tecno Camon 40 Pro CM6,CM6,16.2.0.135SP22,,10.39 GB,MT6789,,,Tecno_Camon_40_Pro_CM6_MT6789_16.2.0.135SP22_OPPJ008PF001PJ_MXML.zip,https://naijarom.com/tecno-camon-40-pro-cm6,2026-09-22T00:37:29.075392+00:00,
Tecno Camon 40 Pro CM6,CM6,15.1.2.145SP10,OP001PF001AZ,9.57 GB,MT6789,2026-01-16,260116,Tecno_Camon_40_Pro_CM6_MT6789_15.1.2.145SP10_OP001PF001AZ_260116_MXML.zip,https://naijarom.com/tecno-camon-40-pro-cm6,2026-09-22T00:37:29.075414+00:00,
Tecno Camon 40 Pro CM6,CM6,15.1.2.165SP05,OP001PF001AZ,9.63 GB,MT6789,2024-03-26,260324,Tecno_Camon_40_Pro_CM6_MT6789_15.1.2.165SP05_OP001PF001AZ_260324_MXML.zip,https://naijarom.com/tecno-camon-40-pro-cm6,2026-09-22T00:37:29.075430+00:00,
Tecno Camon 40 Pro CM6,CM6,15.1.2.165SP05,OPPJ001PF001PJ,9.64 GB,MT6789,2026-03-25,250326,Tecno_Camon_40_Pro_CM6_MT6789_15.1.2.165SP05_OPPJ001PF001PJ_250326_MXML.zip,https://naijarom.com/tecno-camon-40-pro-cm6,2026-09-22T00:37:29.075445+00:00,
Tecno Camon 40 Pro CM6,CM6,16.2.0.150SP11,,10.3 GB,MT6789,,,Tecno_Camon_40_Pro_CM6_MT6789_16.2.0.150SP11_OP004PF001AZ_MXML.zip,https://naijarom.com/tecno-camon-40-pro-cm6,2026-09-22T00:37:29.075490+00:00,
Tecno Camon 40 Pro 5G CM7,CM7,15.0.2.115SP11,OP001PF001AZ,9.44 GB,MT6878,2025-04-21,210425,Tecno_Camon_40_Pro_5G_CM7_MT6878_15.0.2.115SP11_OP001PF001AZ_210425_MXML.zip,https://naijarom.com/tecno-camon-40-pro-5g-cm7,2026-09-22T00:37:34.093055+00:00,
Tecno Camon 40 Pro 5G CM7,CM7,15.0.3.128SP09,OP001PF001AZ,9.53 GB,MT6878,2025-06-26,260625,Tecno_Camon_40_Pro_5G_CM7_MT6878_15.0.3.128SP09_OP001PF001AZ_260625_MXML.zip,https://naijarom.com/tecno-camon-40-pro-5g-cm7,2026-09-22T00:37:34.093108+00:00,
Tecno Camon 40 Pro 5G CM7,CM7,15.0.3.123SP10,,9.53 GB,MT6878,,,Tecno_Camon_40_Pro_5G_CM7_MT6878_15.0.3.123SP10_OP001PF001AZ_Open_Market_280525_MXML.zip,https://naijarom.com/tecno-camon-40-pro-5g-cm7,2026-09-22T00:37:34.093192+00:00,
Tecno Camon 40 Pro 5G CM7,CM7,15.1.0.153SP01,OP001PF001AZ,9.35 GB,MT6878,2025-08-15,150825,Tecno_Camon_40_Pro_5G_CM7_MT6878_15.1.0.153SP01_OP001PF001AZ_150825_MXML.zip,https://naijarom.com/tecno-camon-40-pro-5g-cm7,2026-09-22T00:37:34.093230+00:00,
Tecno Camon 40 Pro 5G CM7,CM7,15.1.0.153SP03,,8.69 GB,MT6878,,,Tecno_Camon_40_Pro_5G_CM7_MT6878_15.1.0.153SP03_RU001PF001AZ_030925.zip,https://naijarom.com/tecno-camon-40-pro-5g-cm7,2026-09-22T00:37:34.093293+00:00,
Tecno Camon 40 Pro 5G CM7,CM7,15.1.0.153SP03,TR001PF001AZ,8.85 GB,MT6878,2025-09-03,030925,Tecno_Camon_40_Pro_5G_CM7_MT6878_15.1.0.153SP03_TR001PF001AZ_030925_MXML.zip,https://naijarom.com/tecno-camon-40-pro-5g-cm7,2026-09-22T00:37:34.093328+00:00,
Tecno Camon 40 Pro 5G CM7,CM7,15.1.2.128SP01,TR001PF001AZ,8.99 GB,MT6878,2025-10-10,101025,Tecno_Camon_40_Pro_5G_CM7_MT6878_15.1.2.128SP01_TR001PF001AZ_101025_MXML.zip,https://naijarom.com/tecno-camon-40-pro-5g-cm7,2026-09-22T00:37:34.093363+00:00,
Tecno Camon 40 Pro 5G CM7,CM7,15.1.2.128SP01,OP001PF001AZ,9.71 GB,MT6878,2025-10-10,101025,Tecno_Camon_40_Pro_5G_CM7_MT6878_15.1.2.128SP01_OP001PF001AZ_101025_MXML.zip,https://naijarom.com/tecno-camon-40-pro-5g-cm7,2026-09-22T00:37:34.093401+00:00,
Tecno Camon 40 Pro 5G CM7,CM7,15.1.2.128SP01,RU001PF001AZ,8.83 GB,MT6878,2025-10-10,101025,Tecno_Camon_40_Pro_5G_CM7_MT6878_15.1.2.128SP01_RU001PF001AZ_101025_MXML.zip,https://naijarom.com/tecno-camon-40-pro-5g-cm7,2026-09-22T00:37:34.093435+00:00,
Tecno Camon 40 Pro 5G CM7,CM7,16.2.0.135SP13,,10.86 GB,MT6878,,,Tecno_Camon_40_Pro_5G_CM7_MT6878_16.2.0.135SP13_OP005PF001AZ_MXML.zip,https://naijarom.com/tecno-camon-40-pro-5g-cm7,2026-09-22T00:37:34.093499+00:00,
Tecno Camon 40 Pro 5G CM7,CM7,16.2.0.135SP15,,10.11 GB,MT6878,,,Tecno_Camon_40_Pro_5G_CM7_MT6878_16.2.0.135SP15_TR006PF001AZ_MXML.zip,https://naijarom.com/tecno-camon-40-pro-5g-cm7,2026-09-22T00:37:34.093560+00:00,
Tecno Camon 40 Pro 5G CM7,CM7,16.2.0.135SP19,,9.93 GB,MT6878,,,Tecno_Camon_40_Pro_5G_CM7_MT6878_16.2.0.135SP19_RU008PF001AZ_MXML.zip,https://naijarom.com/tecno-camon-40-pro-5g-cm7,2026-09-22T00:37:34.093628+00:00,
Tecno Camon 40 Pro 5G CM7,CM7,15.1.2.145SP01,COCL001PF001AZ,8.86 GB,MT6878,2025-12-10,251210,Tecno_Camon_40_Pro_5G_CM7_MT6878_15.1.2.145SP01_COCL001PF001AZ_251210_MXML.zip,https://naijarom.com/tecno-camon-40-pro-5g-cm7,2026-09-22T00:37:34.093671+00:00,
Tecno Camon 40 Pro 5G CM7,CM7,16.2.0.145SP05,,10.82 GB,MT6878,,,Tecno_Camon_40_Pro_5G_CM7_MT6878_16.2.0.145SP05_OP003PF001AZ_MXML.zip,https://naijarom.com/tecno-camon-40-pro-5g-cm7,2026-09-22T00:37:34.093733+00:00,
Tecno Camon 40 Pro 5G CM7,CM7,15.1.2.165SP05,OP001PF001AZ,9.78 GB,MT6878,2026-03-20,200326,Tecno_Camon_40_Pro_5G_CM7_MT6878_15.1.2.165SP05_OP001PF001AZ_200326_MXML.zip,https://naijarom.com/tecno-camon-40-pro-5g-cm7,2026-09-22T00:37:34.093767+00:00,
Tecno Camon 40 Pro 5G CM7,CM7,15.1.2.165SP05,TR001PF001AZ,9.01 GB,MT6878,2020-03-26,260320,Tecno_Camon_40_Pro_5G_CM7_MT6878_15.1.2.165SP05_TR001PF001AZ_260320_MXML.zip,https://naijarom.com/tecno-camon-40-pro-5g-cm7,2026-09-22T00:37:34.093805+00:00,
Tecno Camon 40 Pro 5G CM7,CM7,15.1.2.165SP05,COCL001PF001AZ,8.85 GB,MT6878,2026-03-20,200326,Tecno_Camon_40_Pro_5G_CM7_MT6878_15.1.2.165SP05_COCL001PF001AZ_200326_MXML.zip,https://naijarom.com/tecno-camon-40-pro-5g-cm7,2026-09-22T00:37:34.093842+00:00,
Tecno Camon 40 Pro 5G CM7,CM7,15.0.2.109SP08,OP001PF001AZ,9.4 GB,MT6878,2025-03-12,250312,Tecno_Camon_40_Pro_5G_CM7_MT6878_15.0.2.109SP08_OP001PF001AZ_250312_MXML.zip,https://naijarom.com/tecno-camon-40-pro-5g-cm7,2026-09-22T00:37:34.093881+00:00,
Tecno Camon 40 Pro 5G CM7,CM7,15.1.2.180SP05,COCL001PF001AZ,8.85 GB,MT6878,2026-06-18,260618,Tecno_Camon_40_Pro_5G_CM7_MT6878_15.1.2.180SP05_COCL001PF001AZ_260618_MXML.zip,https://naijarom.com/tecno-camon-40-pro-5g-cm7,2026-09-22T00:37:34.093917+00:00,
Tecno Camon 40 Pro 5G CM7,CM7,16.2.0.150SP09,,10.74 GB,MT6878,,,Tecno_Camon_40_Pro_5G_CM7_MT6878_16.2.0.150SP09_OP004PF001AZ_MXML.zip,https://naijarom.com/tecno-camon-40-pro-5g-cm7,2026-09-22T00:37:34.094020+00:00,
Tecno Camon 50 Pro CN5C,CN5C,16.1.0.110SP23,OP001PF001AZ,11.72 GB,MT6789,2026-01-01,010126,Tecno_Camon_50_Pro_CN5C_MT6789_16.1.0.110SP23_OP001PF001AZ_010126_MXML.zip,https://naijarom.com/tecno-camon-50-pro-cn5c,2026-09-22T00:37:40.067500+00:00,
Tecno Camon 50 Pro CN5C,CN5C,16.1.0.150SP09,OP001PF001AZ,11.82 GB,MT6789,2026-01-01,010126,Tecno_Camon_50_Pro_CN5C_MT6789_16.1.0.150SP09_OP001PF001AZ_010126_MXML.zip,https://naijarom.com/tecno-camon-50-pro-cn5c,2026-09-22T00:37:40.067543+00:00,
Tecno Camon 50 Pro CN5C,CN5C,16.2.0.150SP07,,11.86 GB,MT6789,,,Tecno_Camon_50_Pro_CN5C_MT6789_16.2.0.150SP07_OP004PF001AZ_MXML.zip,https://naijarom.com/tecno-camon-50-pro-cn5c,2026-09-22T00:37:40.067608+00:00,
Tecno Camon 50 Pro CN5C,CN5C,16.1.0.160SP10,,11.90 GB,MT6789,,,Tecno_Camon_50_Pro_CN5C_MT6789_16.1.0.160SP10_OPPJ005PF001PJ_MXML.zip,https://naijarom.com/tecno-camon-50-pro-cn5c,2026-09-22T00:37:40.067719+00:00,
Tecno Camon 50 Pro 5G CN7C,CN7C,16.1.0.142SP10,COCL001PF001AZ,11.48 GB,MT6878,2026-01-01,010126,Tecno_Camon_50_Pro_5G_CN7C_MT6878_16.1.0.142SP10_COCL001PF001AZ_010126_MXML.zip,https://naijarom.com/tecno-camon-50-pro-5g-cn7c,2026-09-22T00:37:46.755690+00:00,
Tecno Camon 50 Pro 5G CN7C,CN7C,16.2.0.140SP11,,12.29 GB,MT6878,,,Tecno_Camon_50_Pro_5G_CN7C_MT6878_16.2.0.140SP11_OPPJ006PF001PJ_MXML.zip,https://naijarom.com/tecno-camon-50-pro-5g-cn7c,2026-09-22T00:37:46.755731+00:00,
Tecno Camon 50 Pro 5G CN7C,CN7C,16.2.0.145SP05,,12.36 GB,MT6878,,,Tecno_Camon_50_Pro_5G_CN7C_MT6878_16.2.0.145SP05_OP005PF001M1_MXML.zip,https://naijarom.com/tecno-camon-50-pro-5g-cn7c,2026-09-22T00:37:46.755762+00:00,
Tecno Camon 50 Pro 5G CN7C,CN7C,16.2.0.145SP05,OPPJ005PF001PJ,12.37 GB,MT6878,2026-01-01,010126,Tecno_Camon_50_Pro_5G_CN7C_MT6878_16.2.0.145SP05_OPPJ005PF001PJ_010126_MXML.zip,https://naijarom.com/tecno-camon-50-pro-5g-cn7c,2026-09-22T00:37:46.755779+00:00,
Tecno Camon 50 Pro 5G CN7C,CN7C,16.2.0.150SP04,,11.46 GB,MT6878,,,Tecno_Camon_50_Pro_5G_CN7C_MT6878_16.2.0.150SP04_IN005PF001AZ_MXML.zip,https://naijarom.com/tecno-camon-50-pro-5g-cn7c,2026-09-22T00:37:46.755840+00:00,
Tecno Camon 50 Pro 5G CN7C,CN7C,16.1.0.135SP11,,11.50 GB,MT6878,,,Tecno_Camon_50_Pro_5G_CN7C_MT6878_16.1.0.135SP11_TR001PF001AZ_MXML.zip,https://naijarom.com/tecno-camon-50-pro-5g-cn7c,2026-09-22T00:37:46.755861+00:00,
Tecno Camon 50 Pro 5G CN7C,CN7C,16.2.0.140SP13,,11.41 GB,MT6878,,,Tecno_Camon_50_Pro_5G_CN7C_MT6878_16.2.0.140SP13_TR007PF001AZ_MXML.zip,https://naijarom.com/tecno-camon-50-pro-5g-cn7c,2026-09-22T00:37:46.755881+00:00,
Tecno Camon 50 Pro 5G CN7C,CN7C,16.2.0.145SP12,,12.36 GB,MT6878,,,Tecno_Camon_50_Pro_5G_CN7C_MT6878_16.2.0.145SP12_OP006PF001AZ_MXML.zip,https://naijarom.com/tecno-camon-50-pro-5g-cn7c,2026-09-22T00:37:46.755918+00:00,
Tecno Camon 50 Pro 5G CN7C,CN7C,16.1.0.150SP14,,11.27 GB,MT6878,,,Tecno_Camon_50_Pro_5G_CN7C_MT6878_16.1.0.150SP14_RU004PF001AZ_MXML.zip,https://naijarom.com/tecno-camon-50-pro-5g-cn7c,2026-09-22T00:37:46.755972+00:00,
Tecno Camon 50 Pro 5G CN7C,CN7C,16.2.0.150SP13,,12.30 GB,MT6878,,,Tecno_Camon_50_Pro_5G_CN7C_MT6878_16.2.0.150SP13_OP006PF001AZ_MXML.zip,https://naijarom.com/tecno-camon-50-pro-5g-cn7c,2026-09-22T00:37:46.755992+00:00,
Tecno Camon 50 Pro 5G CN7C,CN7C,16.1.0.160SP13,,12.36 GB,MT6878,,,Tecno_Camon_50_Pro_5G_CN7C_MT6878_16.1.0.160SP13_OP007PF001AZ_MXML.zip,https://naijarom.com/tecno-camon-50-pro-5g-cn7c,2026-09-22T00:37:46.756039+00:00,
Tecno Camon 50 Ultra 5G CN7C,CN7C,16.1.0.150SP09,OPPJ001PF001PJ,12.34 GB,MT6878,2026-01-01,010126,Tecno_Camon_50_Ultra_5G_CN7C_MT6878_16.1.0.150SP09_OPPJ001PF001PJ_010126_MXML.zip,https://naijarom.com/tecno-camon-50-ultra-5g-cn7c,2026-09-22T00:37:51.602073+00:00,
Tecno Camon 50 Ultra 5G CN7C,CN7C,16.2.0.140SP11,,12.29 GB,MT6878,,,Tecno_Camon_50_Ultra_5G_CN7C_MT6878_16.2.0.140SP11_OPPJ006PF001PJ_MXML.zip,https://naijarom.com/tecno-camon-50-ultra-5g-cn7c,2026-09-22T00:37:51.602132+00:00,
Tecno Camon 50 Ultra 5G CN7C,CN7C,16.2.0.145SP05,,12.36 GB,MT6878,,,Tecno_Camon_50_Ultra_5G_CN7C_MT6878_16.2.0.145SP05_OP005PF001M1_MXML.zip,https://naijarom.com/tecno-camon-50-ultra-5g-cn7c,2026-09-22T00:37:51.602177+00:00,
Tecno Camon 50 Ultra 5G CN7C,CN7C,16.1.0.150SP14,OP004PF001AZ,12.34 GB,MT6878,2026-01-01,010126,Tecno_Camon_50_Ultra_5G_CN7C_MT6878_16.1.0.150SP14_OP004PF001AZ_010126_MXML.zip,https://naijarom.com/tecno-camon-50-ultra-5g-cn7c,2026-09-22T00:37:51.602198+00:00,
Tecno Camon 50 Ultra 5G CN7C,CN7c,16.2.0.140SP06,OP005PF001AZ,12.29 GB,MT6878,2030-04-26,260430,Tecno_Camon_50_Ultra_5G_CN7c_MT6878_16.2.0.140SP06_OP005PF001AZ_260430_MXML.zip,https://naijarom.com/tecno-camon-50-ultra-5g-cn7c,2026-09-22T00:37:51.602215+00:00,
Tecno Camon 50 Ultra 5G CN7C,CN7c,16.2.0.140SP11,RU006PF001AZ,11.23 GB,MT6878,2030-04-26,260430,Tecno_Camon_50_Ultra_5G_CN7c_MT6878_16.2.0.140SP11_RU006PF001AZ_260430_MXML.zip,https://naijarom.com/tecno-camon-50-ultra-5g-cn7c,2026-09-22T00:37:51.602235+00:00,
Tecno Camon 50 Ultra 5G CN7C,CN7C,16.1.0.142SP10,COCL001PF001AZ,11.48 GB,MT6878,2026-01-01,010126,Tecno_Camon_50_Ultra_5G_CN7C_MT6878_16.1.0.142SP10_COCL001PF001AZ_010126_MXML.zip,https://naijarom.com/tecno-camon-50-ultra-5g-cn7c,2026-09-22T00:37:51.602251+00:00,
Tecno Camon 50 Ultra 5G CN7C,CN7C,16.2.0.145SP05,OPPJ005PF001PJ,12.37 GB,MT6878,2026-01-01,010126,Tecno_Camon_50_Ultra_5G_CN7C_MT6878_16.2.0.145SP05_OPPJ005PF001PJ_010126_MXML.zip,https://naijarom.com/tecno-camon-50-ultra-5g-cn7c,2026-09-22T00:37:51.602266+00:00,
Tecno Camon 50 Ultra 5G CN7C,CN7C,16.2.0.150SP04,,11.46 GB,MT6878,,,Tecno_Camon_50_Ultra_5G_CN7C_MT6878_16.2.0.150SP04_IN005PF001AZ_MXML.zip,https://naijarom.com/tecno-camon-50-ultra-5g-cn7c,2026-09-22T00:37:51.602336+00:00,
Tecno Camon 50 Ultra 5G CN7C,MT6878,16.1.0.160SP13,,12.35 GB,MT6878,,,Tecno_Camon_50_Ultra_5G_CN7c_MT6878_16.1.0.160SP13_OP007PF001M1_MXML.zip,https://naijarom.com/tecno-camon-50-ultra-5g-cn7c,2026-09-22T00:37:51.602363+00:00,
Tecno Camon 50 Ultra 5G CN7C,CN7C,16.1.0.135SP11,,11.50 GB,MT6878,,,Tecno_Camon_50_Ultra_5G_CN7C_MT6878_16.1.0.135SP11_TR001PF001AZ_MXML.zip,https://naijarom.com/tecno-camon-50-ultra-5g-cn7c,2026-09-22T00:37:51.602386+00:00,
Tecno Camon 50 Ultra 5G CN7C,CN7C,16.2.0.140SP13,,11.41 GB,MT6878,,,Tecno_Camon_50_Ultra_5G_CN7C_MT6878_16.2.0.140SP13_TR007PF001AZ_MXML.zip,https://naijarom.com/tecno-camon-50-ultra-5g-cn7c,2026-09-22T00:37:51.602409+00:00,
Tecno Camon 50 Ultra 5G CN7C,CN7C,16.2.0.145SP12,,12.36 GB,MT6878,,,Tecno_Camon_50_Ultra_5G_CN7C_MT6878_16.2.0.145SP12_OP006PF001AZ_MXML.zip,https://naijarom.com/tecno-camon-50-ultra-5g-cn7c,2026-09-22T00:37:51.602449+00:00,
Tecno Camon 50 Ultra 5G CN7C,CN7C,16.1.0.150SP14,,11.27 GB,MT6878,,,Tecno_Camon_50_Ultra_5G_CN7C_MT6878_16.1.0.150SP14_RU004PF001AZ_MXML.zip,https://naijarom.com/tecno-camon-50-ultra-5g-cn7c,2026-09-22T00:37:51.602507+00:00,
Tecno Camon 50 Ultra 5G CN7C,CN7C,16.2.0.150SP13,,12.30 GB,MT6878,,,Tecno_Camon_50_Ultra_5G_CN7C_MT6878_16.2.0.150SP13_OP006PF001AZ_MXML.zip,https://naijarom.com/tecno-camon-50-ultra-5g-cn7c,2026-09-22T00:37:51.602529+00:00,
Tecno Camon C5,C5,,,,,,,,https://naijarom.com/tecno-camon-c5,2026-09-22T00:37:56.596624+00:00,no firmware versions found on page
Tecno Camon C7,C7,V100,,1 GB,MT6735,,170206,Tecno_Camon_C7_MT6735_V100_170206.zip,https://naijarom.com/tecno-camon-c7,2026-09-22T00:38:01.175544+00:00,
Tecno Camon C8,C8,,,,,,,,https://naijarom.com/tecno-camon-c8,2026-09-22T00:38:07.429072+00:00,no firmware versions found on page
Tecno Camon C9,C9,V100,,1.75 GB,MT6753,,180905,Tecno_Camon_C9_MT6753_V100_180905.zip,https://naijarom.com/tecno-c9,2026-09-22T00:38:13.102678+00:00,
Tecno Camon C9 Plus,C9,,,,,,,,https://naijarom.com/tecno-camon-c9-plus,2026-09-22T00:38:17.017863+00:00,no firmware versions found on page
Tecno Camon C9S,C9S,,,,,,,,https://naijarom.com/tecno-camon-c9s,2026-09-22T00:38:21.211695+00:00,no firmware versions found on page
Tecno Camon CA6,CA6,5.1,,588 MB,MT6580,2018-05-16,20180516,Tecno_Camon_CA6_MT6580_20180516_5.1.zip,https://naijarom.com/tecno-camon-ca6,2026-09-22T00:38:25.784769+00:00,
Tecno Camon CM CA6,CA6,7.0,,2 GB,MT6737T,2018-03-24,20180324,Tecno_Camon_CM_CA6_MT6737T_20180324_7.0.zip,https://naijarom.com/tecno-camon-cm-ca6,2026-09-22T00:38:30.947641+00:00,
Tecno Camon CM CA6S,CA6S,,,,,,,,https://naijarom.com/tecno-camon-cm-ca6s,2026-09-22T00:38:35.974518+00:00,no firmware versions found on page
Tecno Camon CX,MT6755,V123,,1.82 GB,MT6755,,191105,Tecno_Camon_CX_MT6755_V123_191105.zip,https://naijarom.com/tecno-camon-cx,2026-09-22T00:38:41.177462+00:00,
Tecno Camon CX,MT6750,V166,,2 GB,MT6750,,180109,Tecno_Camon_CX_MT6750_V166_180109.zip,https://naijarom.com/tecno-camon-cx,2026-09-22T00:38:41.177492+00:00,
Tecno Camon CX,MT6750,V177,,2 GB,MT6750,,180314,Tecno_Camon_CX_MT6750_V177_180314.zip,https://naijarom.com/tecno-camon-cx,2026-09-22T00:38:41.177511+00:00,
Tecno Camon CX Air,,,,,,,,,https://naijarom.com/tecno-camon-cx-air,2026-09-22T00:38:46.702759+00:00,no firmware versions found on page
Tecno Camon CX H501,H501,7.0,,2 GB,MT6750,2017-04-05,20170405,Tecno_Camon_CX_H501_MT6750_20170405_7.0.zip,https://naijarom.com/tecno-camon-cx-h501,2026-09-22T00:38:51.994510+00:00,
Tecno Camon CXS,,,,,,,,,https://naijarom.com/tecno-camon-cxs,2026-09-22T00:39:00.169648+00:00,no firmware versions found on page
Tecno Camon I,,,,,,,,,https://naijarom.com/tecno-camon-i,2026-09-22T00:39:05.284007+00:00,no firmware versions found on page
Tecno Camon I2 ID5,I2,V142,,1 GB,MT6739,,190103,Tecno_Camon_I2_ID5_MT6739_V142_190103.zip,https://naijarom.com/tecno-camon-i2-id5,2026-09-22T00:39:10.496812+00:00,
Tecno Camon i2 ID5A,ID5A,V106,,2 GB,MT6761,2028-08-18,180828,Tecno_Camon_i2_ID5A_MT6761_V106_180828.zip,https://naijarom.com/tecno-camon-i2-id5a,2026-09-22T00:39:15.231184+00:00,
Tecno Camon i2 ID5A,ID5A,V166,,2 GB,MT6761,,190114,Tecno_Camon_ID5A_MT6761_V166_190114.zip,https://naijarom.com/tecno-camon-i2-id5a,2026-09-22T00:39:15.231233+00:00,
Tecno Camon i2 ID5A,ID5A,V178,,2 GB,MT6761,,190509,Tecno_Camon_ID5A_MT6761_V178_190509.zip,https://naijarom.com/tecno-camon-i2-id5a,2026-09-22T00:39:15.231273+00:00,
Tecno Camon i2 ID5A,MT6761,V182,,2 GB,MT6761,,190613,Tecno_Camon_i2_ID5a_MT6761_V182_190613.zip,https://naijarom.com/tecno-camon-i2-id5a,2026-09-22T00:39:15.231322+00:00,
Tecno Camon i2 ID5A,MT6761,V189,,2 GB,MT6761,,190903,Tecno_Camon_i2_ID5a_MT6761_V189_190903.zip,https://naijarom.com/tecno-camon-i2-id5a,2026-09-22T00:39:15.231362+00:00,
Tecno Camon i2 ID5A,MT6761,V195,,2 GB,MT6761,,191119,Tecno_Camon_i2_ID5a_MT6761_V195_191119.zip,https://naijarom.com/tecno-camon-i2-id5a,2026-09-22T00:39:15.231402+00:00,
Tecno Camon i2 ID5A,ID5A,V212,,2 GB,MT6761,2020-10-09,201009,Tecno_Camon_i2_ID5A_MT6761_V212_201009.zip,https://naijarom.com/tecno-camon-i2-id5a,2026-09-22T00:39:15.231444+00:00,
Tecno Camon i2X,,,,,,,,,https://naijarom.com/tecno-camon-i2x,2026-09-22T00:39:20.443752+00:00,no firmware versions found on page
Tecno Camon i2X ID5b,ID5B,V113,,2 GB,MT6765,2029-09-19,190929,Tecno_Camon_i2X_ID5B_MT6765_V113_190929.zip,https://naijarom.com/tecno-camon-i2x-id5b,2026-09-22T00:39:25.512797+00:00,
Tecno Camon i2X ID5b,ID5B,V118,,1.6 GB,MT6765,2020-10-09,201009,Tecno_Camon_i2X_ID5B_MT6765_V118_201009.zip,https://naijarom.com/tecno-camon-i2x-id5b,2026-09-22T00:39:25.512832+00:00,
Tecno Camon i4 CB7,CB7,V169,,1.53 GB,MT6761,,190308,Tecno_Camon_i4_CB7_MT6761_V169_190308.zip,https://naijarom.com/tecno-camon-i4-cb7,2026-09-22T00:39:31.140884+00:00,
Tecno Camon i4 CB7,CB7,V281,,2 GB,MT6761,2023-09-20,200923,Tecno_Camon_i4_CB7_MT6761_V281_200923.zip,https://naijarom.com/tecno-camon-i4-cb7,2026-09-22T00:39:31.140931+00:00,
Tecno Camon i4 CB7,CB7,V289,,1.7 GB,MT6761,2020-12-16,201216,Tecno_Camon_i4_CB7_MT6761_V289_201216.zip,https://naijarom.com/tecno-camon-i4-cb7,2026-09-22T00:39:31.140960+00:00,
Tecno Camon i4 CB7J,CB7J,V221,,2 GB,MT6765,,190617,Tecno_Camon_i4_CB7J_MT6765_V221_190617.zip,https://naijarom.com/tecno-camon-i4-cb7j,2026-09-22T00:39:38.103627+00:00,
Tecno Camon i4 CB7J,CB7J,V251,,1.8 GB,MT6765,2023-09-20,200923,Tecno_Camon_i4_CB7J_MT6765_V251_200923.zip,https://naijarom.com/tecno-camon-i4-cb7j,2026-09-22T00:39:38.103702+00:00,
Tecno Camon i12 KC3,KC3,V323,,2 GB,MT6765,2020-01-21,210120,Tecno_Camon_i12_KC3_MT6765_V323_210120.zip,https://naijarom.com/tecno-camon-i12-kc3,2026-09-22T00:39:44.573126+00:00,
Tecno Camon i12 KC3,KC3,V329,,2.06 GB,MT6765,2021-06-10,210610,Tecno_Camon_i12_KC3_MT6765_V329_210610.zip,https://naijarom.com/tecno-camon-i12-kc3,2026-09-22T00:39:44.573178+00:00,
Tecno Camon i12 KC3,KC3,V331,,2.06 GB,MT6765,2022-07-21,210722,Tecno_Camon_i12_KC3_MT6765_V331_210722.zip,https://naijarom.com/tecno-camon-i12-kc3,2026-09-22T00:39:44.573201+00:00,
Tecno Camon iAce 2 KB2,KB2,V118,,1 GB,MT6761,,190216,Tecno_Camon_iAce_2_KB2_MT6761_V118_190216.zip,https://naijarom.com/tecno-camon-iace-2-kb2,2026-09-22T00:39:48.957807+00:00,
Tecno Camon iAce 2 KB2,KB2,V146,,1 GB,MT6761,2024-04-19,190424,Tecno_Camon_iAce_2_KB2_MT6761_V146_190424.zip,https://naijarom.com/tecno-camon-iace-2-kb2,2026-09-22T00:39:48.957878+00:00,
Tecno Camon iAce 2 KB2,KB2,V166,,1 GB,MT6761,2028-09-19,190928,Tecno_Camon_iAce_2_KB2_MT6761_V166_190928.zip,https://naijarom.com/tecno-camon-iace-2-kb2,2026-09-22T00:39:48.957945+00:00,
Tecno Camon iAce 2 KB2,KB2,V167,,1 GB,MT6761,2029-09-19,190929,Tecno_Camon_iAce_2_KB2_MT6761_V167_190929.zip,https://naijarom.com/tecno-camon-iace-2-kb2,2026-09-22T00:39:48.957978+00:00,
Tecno Camon iAce 2 KB2,KB2,V170,,1 GB,MT6761,,191119,Tecno_Camon_iAce_2_KB2_MT6761_V170_191119.zip,https://naijarom.com/tecno-camon-iace-2-kb2,2026-09-22T00:39:48.958015+00:00,
Tecno Camon iAce 2 KB2,KB2,V187,,1 GB,MT6761,2020-08-31,200831,Tecno_Camon_iAce_2_KB2_MT6761_V187_200831.zip,https://naijarom.com/tecno-camon-iace-2-kb2,2026-09-22T00:39:48.958046+00:00,
Tecno Camon iAce 2 KB2,KB2,V192,,1.5 GB,MT6761,2020-11-03,201103,Tecno_Camon_iAce_2_KB2_MT6761_V192_201103.zip,https://naijarom.com/tecno-camon-iace-2-kb2,2026-09-22T00:39:48.958074+00:00,
Tecno Camon iAce 2X KB2J,KB2J,V107,,1 GB,MT6761,,190316,Tecno_Camon_iAce_2X_KB2J_MT6761_V107_190316.zip,https://naijarom.com/tecno-camon-iace-2x-kb2j,2026-09-22T00:39:53.503074+00:00,
Tecno Camon iAce 2X KB2J,MT6761,V113,,1 GB,MT6761,2024-04-19,190424,Tecno_Camon_iAce_2X_KB2j_MT6761_V113_190424.zip,https://naijarom.com/tecno-camon-iace-2x-kb2j,2026-09-22T00:39:53.503145+00:00,
Tecno Camon iAce 2X KB2J,KB2J,V127,,1.42 GB,MT6761,2026-07-19,190726,Tecno_Camon_iAce_2X_KB2J_MT6761_V127_190726.zip,https://naijarom.com/tecno-camon-iace-2x-kb2j,2026-09-22T00:39:53.503239+00:00,
Tecno Camon iAce 2X KB2J,MT6761,V137,,1 GB,MT6761,,191119,Tecno_Camon_iAce_2X_KB2j_MT6761_V137_191119.zip,https://naijarom.com/tecno-camon-iace-2x-kb2j,2026-09-22T00:39:53.503276+00:00,
Tecno Camon iAce 2X KB2J,KB2J,V138,,1 GB,MT6761,2030-09-19,190930,Tecno_Camon_iAce_2X_KB2J_MT6761_V138_190930.zip,https://naijarom.com/tecno-camon-iace-2x-kb2j,2026-09-22T00:39:53.503322+00:00,
Tecno Camon iAce 2X KB2J,KB2J,V140,,1.42 GB,MT6761,2023-12-19,191223,Tecno_Camon_iAce_2X_KB2J_MT6761_V140_191223.zip,https://naijarom.com/tecno-camon-iace-2x-kb2j,2026-09-22T00:39:53.503381+00:00,
Tecno Camon iAce 2X KB2J,KB2J,V142,,1.44 GB,MT6761,2028-03-20,200328,Tecno_Camon_iAce_2X_KB2J_MT6761_V142_200328.zip,https://naijarom.com/tecno-camon-iace-2x-kb2j,2026-09-22T00:39:53.503419+00:00,
Tecno Camon iAce 2X KB2J,KB2J,V148,,1.44 GB,MT6761,2030-05-20,200530,Tecno_Camon_iAce_2X_KB2J_MT6761_V148_200530.zip,https://naijarom.com/tecno-camon-iace-2x-kb2j,2026-09-22T00:39:53.503456+00:00,
Tecno Camon iAce 2X KB2J,KB2J,V150,,1.44 GB,MT6761,2024-07-20,200724,Tecno_Camon_iAce_2X_KB2J_MT6761_V150_200724.zip,https://naijarom.com/tecno-camon-iace-2x-kb2j,2026-09-22T00:39:53.503509+00:00,
Tecno Camon iAce 2X KB2J,KB2J,V152,,1.44 GB,MT6761,2020-08-31,200831,Tecno_Camon_iAce_2X_KB2J_MT6761_V152_200831.zip,https://naijarom.com/tecno-camon-iace-2x-kb2j,2026-09-22T00:39:53.503556+00:00,
Tecno Camon iAce 2X KB2J,KB2J,V159,,1.5 GB,MT6761,2020-11-03,201103,Tecno_Camon_iAce_2X_KB2J_MT6761_V159_201103.zip,https://naijarom.com/tecno-camon-iace-2x-kb2j,2026-09-22T00:39:53.503591+00:00,
Tecno Camon iAce IN1,IN1,V149,,1 GB,MT6739,,180606,Tecno_Camon_iAce_IN1_MT6739_V149_180606.zip,https://naijarom.com/tecno-camon-iace-in1,2026-09-22T00:39:57.387569+00:00,
Tecno Camon iAce IN1,IN1,V301,,1.4 GB,MT6739,2020-10-09,201009,Tecno_Camon_iAce_IN1_MT6739_V301_201009.zip,https://naijarom.com/tecno-camon-iace-in1,2026-09-22T00:39:57.387623+00:00,
Tecno Camon iAce IN1 Pro,IN1,V165,,1 GB,MT6739,,180709,Tecno_Camon_iAce_IN1_Pro_MT6739_V165_180709.zip,https://naijarom.com/tecno-camon-iace-in1-pro,2026-09-22T00:40:01.910830+00:00,
Tecno Camon iAce IN1 Pro,IN1,V213,,1.5 GB,MT6739,,181019,Tecno_Camon_iAce_IN1_Pro_MT6739_V213_181019.zip,https://naijarom.com/tecno-camon-iace-in1-pro,2026-09-22T00:40:01.910895+00:00,
Tecno Camon iAce IN1 Pro,IN1,V233,,1.5 GB,MT6739,,181218,Tecno_Camon_iAce_IN1_Pro_MT6739_V233_181218.zip,https://naijarom.com/tecno-camon-iace-in1-pro,2026-09-22T00:40:01.910952+00:00,
Tecno Camon iAce IN1 Pro,IN1,V238,,2 GB,MT6739,,190216,Tecno_Camon_iAce_IN1_Pro_MT6739_V238_190216.zip,https://naijarom.com/tecno-camon-iace-in1-pro,2026-09-22T00:40:01.910999+00:00,
Tecno Camon iAce IN1 Pro,IN1,V240,,1 GB,MT6739,,190417,Tecno_Camon_iAce_IN1_Pro_MT6739_V240_190417.zip,https://naijarom.com/tecno-camon-iace-in1-pro,2026-09-22T00:40:01.911047+00:00,
Tecno Camon iAce IN1 Pro,IN1,V254,,1.43 GB,MT6739,,190813,Tecno_Camon_iAce_IN1_Pro_MT6739_V254_190813.zip,https://naijarom.com/tecno-camon-iace-in1-pro,2026-09-22T00:40:01.911126+00:00,
Tecno Camon iAce IN1 Pro,IN1,V256,,1 GB,MT6739,2027-09-19,190927,Tecno_Camon_iAce_IN1_Pro_MT6739_V256_190927.zip,https://naijarom.com/tecno-camon-iace-in1-pro,2026-09-22T00:40:01.911175+00:00,
Tecno Camon iAce IN1 Pro,IN1,V260,,1.5 GB,MT6739,,191206,Tecno_Camon_iAce_IN1_Pro_MT6739_V260_191206.zip,https://naijarom.com/tecno-camon-iace-in1-pro,2026-09-22T00:40:01.911217+00:00,
Tecno Camon iAce IN1 Pro,IN1,V264,,1.5 GB,MT6739,2030-04-20,200430,Tecno_Camon_iAce_IN1_Pro_MT6739_V264_200430.zip,https://naijarom.com/tecno-camon-iace-in1-pro,2026-09-22T00:40:01.911264+00:00,
Tecno Camon iAce IN1 Pro,IN1,V270,,1.4 GB,MT6739,2020-10-10,201010,Tecno_Camon_iAce_IN1_Pro_MT6739_V270_201010.zip,https://naijarom.com/tecno-camon-iace-in1-pro,2026-09-22T00:40:01.911285+00:00,
Tecno Camon iAir 2 Plus ID3K,ID3K,V131,,1 GB,MT6761,,181108,Tecno_Camon_iAir_2_Plus_ID3K_MT6761_V131_181108.zip,https://naijarom.com/tecno-camon-iair-2-plus-id3k,2026-09-22T00:40:07.238490+00:00,
Tecno Camon iAir 2 Plus ID3K,ID3K,V146,,1 GB,MT6761,,190114,Tecno_Camon_iAir_2_Plus_ID3K_MT6761_V146_190114.zip,https://naijarom.com/tecno-camon-iair-2-plus-id3k,2026-09-22T00:40:07.238520+00:00,
Tecno Camon iAir 2 Plus ID3K,ID3K,V159,,1.4 GB,MT6761,,190313,Tecno_Camon_iAir_2_Plus_ID3K_MT6761_V159_190313.zip,https://naijarom.com/tecno-camon-iair-2-plus-id3k,2026-09-22T00:40:07.238538+00:00,
Tecno Camon iAir 2 Plus ID3K,ID3K,V162,,1 GB,MT6761,2028-04-19,190428,Tecno_Camon_iAir_2_Plus_ID3K_MT6761_V162_190428.zip,https://naijarom.com/tecno-camon-iair-2-plus-id3k,2026-09-22T00:40:07.238562+00:00,
Tecno Camon iAir 2 Plus ID3K,MT6761,V169,,1 GB,MT6761,,190613,Tecno_Camon_I_Air_2_Plus_ID3k_MT6761_V169_190613.zip,https://naijarom.com/tecno-camon-iair-2-plus-id3k,2026-09-22T00:40:07.238581+00:00,
Tecno Camon iAir 2 Plus ID3K,ID3K,V174,,1.37 GB,MT6761,2025-07-19,190725,Tecno_Camon_iAir_2_Plus_ID3K_MT6761_V174_190725.zip,https://naijarom.com/tecno-camon-iair-2-plus-id3k,2026-09-22T00:40:07.238599+00:00,
Tecno Camon iAir 2 Plus ID3K,ID3K,V177,,1.37 GB,MT6761,2028-09-19,190928,Tecno_Camon_iAir_2_Plus_ID3K_MT6761_V177_190928.zip,https://naijarom.com/tecno-camon-iair-2-plus-id3k,2026-09-22T00:40:07.238617+00:00,
Tecno Camon iAir 2 Plus ID3K,ID3K,V178,,1.37 GB,MT6761,2029-09-19,190929,Tecno_Camon_iAir_2_Plus_ID3K_MT6761_V178_190929.zip,https://naijarom.com/tecno-camon-iair-2-plus-id3k,2026-09-22T00:40:07.238634+00:00,
Tecno Camon iAir 2 Plus ID3K,ID3K,V186,,1.37 GB,MT6761,2023-12-19,191223,Tecno_Camon_iAir_2_Plus_ID3K_MT6761_V186_191223.zip,https://naijarom.com/tecno-camon-iair-2-plus-id3k,2026-09-22T00:40:07.238651+00:00,
Tecno Camon iAir 2 Plus ID3K,ID3K,V181,,1 GB,MT6761,,191115,Tecno_Camon_iAir_2_Plus_ID3K_MT6761_V181_191115.zip,https://naijarom.com/tecno-camon-iair-2-plus-id3k,2026-09-22T00:40:07.238667+00:00,
Tecno Camon iAir 2 Plus ID3K,ID3K,V188,,1 GB,MT6761,2028-03-20,200328,Tecno_Camon_iAir_2_Plus_ID3K_MT6761_V188_200328.zip,https://naijarom.com/tecno-camon-iair-2-plus-id3k,2026-09-22T00:40:07.238684+00:00,
Tecno Camon iAir 2 Plus ID3K,ID3K,V192,,1.37 GB,MT6761,2030-05-20,200530,Tecno_Camon_iAir_2_Plus_ID3K_MT6761_V192_200530.zip,https://naijarom.com/tecno-camon-iair-2-plus-id3k,2026-09-22T00:40:07.238701+00:00,
Tecno Camon iAir 2 Plus ID3K,ID3K,V194,,1.37 GB,MT6761,2023-07-20,200723,Tecno_Camon_iAir_2_Plus_ID3K_MT6761_V194_200723.zip,https://naijarom.com/tecno-camon-iair-2-plus-id3k,2026-09-22T00:40:07.238718+00:00,
Tecno Camon iAir 2 Plus ID3K,ID3K,V196,,1.4 GB,MT6761,2020-10-09,201009,Tecno_Camon_iAir_2_Plus_ID3K_MT6761_V196_201009.zip,https://naijarom.com/tecno-camon-iair-2-plus-id3k,2026-09-22T00:40:07.238738+00:00,
Tecno Camon iAir IN3,IN3,V156,,2 GB,MT6737T,,190610,Tecno_Camon_iAir_IN3_MT6737T_V156_190610.zip,https://naijarom.com/tecno-camon-iair-in3,2026-09-22T00:40:14.700140+00:00,
Tecno Camon iClick 2,ID6,V116,,2 GB,MT6765,2024-08-18,180824,Tecno_Camon_iClick_2_ID6_MT6765_V116_180824.zip,https://naijarom.com/tecno-camon-iclick-2,2026-09-22T00:40:19.532213+00:00,
Tecno Camon iClick 2 ID6,ID6,V116,,2 GB,MT6765,2024-08-18,180824,Tecno_Camon_iClick_2_ID6_MT6765_V116_180824.zip,https://naijarom.com/tecno-camon-iclick-2-id6,2026-09-22T00:40:24.248058+00:00,
Tecno Camon iClick 2 ID6,ID6,V182,,2 GB,MT6765,,190115,Tecno_Camon_iClick_2_ID6_MT6765_V182_190115.zip,https://naijarom.com/tecno-camon-iclick-2-id6,2026-09-22T00:40:24.248104+00:00,
Tecno Camon iClick 2 ID6,MT6765,V196,,2 GB,MT6765,,190415,Tecno_Camon_iClick_2_iD6_MT6765_V196_190415.zip,https://naijarom.com/tecno-camon-iclick-2-id6,2026-09-22T00:40:24.248142+00:00,
Tecno Camon iClick 2 ID6,MT6765,V202,,2 GB,MT6765,2028-09-19,190928,Tecno_Camon_iClick_2_iD6_MT6765_V202_190928.zip,https://naijarom.com/tecno-camon-iclick-2-id6,2026-09-22T00:40:24.248219+00:00,
Tecno Camon iClick IN6,IN6,V191,,2 GB,MT6763,,190509,Tecno_Camon_iClick_IN6_MT6763_V191_190509.zip,https://naijarom.com/tecno-camon-iclick-in6,2026-09-22T00:40:30.460724+00:00,
Tecno Camon iClick IN6,IN6,V200,,2 GB,MT6763,2027-09-19,190927,Tecno_Camon_iClick_IN6_MT6763_V200_190927.zip,https://naijarom.com/tecno-camon-iclick-in6,2026-09-22T00:40:30.460779+00:00,
Tecno Camon iClick IN6,IN6,V208,,1.6 GB,MT6763,2023-10-20,201023,Tecno_Camon_iClick_IN6_MT6763_V208_201023.zip,https://naijarom.com/tecno-camon-iclick-in6,2026-09-22T00:40:30.460822+00:00,
Tecno Camon ID3V,ID3V,,,,,,,,https://naijarom.com/tecno-camon-id3v,2026-09-22T00:40:35.618754+00:00,no firmware versions found on page
Tecno Camon ID5B,ID5B,V103,,2 GB,MT6765,2025-04-19,190425,Tecno_Camon_ID5B_MT6765_V103_190425.zip,https://naijarom.com/tecno-camon-id5b,2026-09-22T00:40:40.457955+00:00,
Tecno Camon IN1,IN1,V196,,1 GB,MT6739,,180815,Tecno_Camon_IN1_MT6739_V196_180815.zip,https://naijarom.com/tecno-camon-in1,2026-09-22T00:40:45.766616+00:00,
Tecno Camon IN1,IN1,V280,,1 GB,MT6739,2020-06-19,190620,Tecno_Camon_IN1_MT6739_V280_190620.zip,https://naijarom.com/tecno-camon-in1,2026-09-22T00:40:45.766648+00:00,
Tecno Camon IN1,IN1,V285,,1 GB,MT6739,2027-09-19,190927,Tecno_Camon_IN1_MT6739_V285_190927.zip,https://naijarom.com/tecno-camon-in1,2026-09-22T00:40:45.766669+00:00,
Tecno Camon IN5,MT6737T,V144,,2 GB,MT6737T,,190319,Tecno_Camon_iN5_MT6737T_V144_190319.zip,https://naijarom.com/tecno-camon-in5,2026-09-22T00:40:50.746931+00:00,
Tecno Camon iSky 2 IN1 Pro,IN1,V165,,1 GB,MT6739,,180709,Tecno_Camon_iSky_2_IN1_Pro_MT6739_V165_180709.zip,https://naijarom.com/tecno-camon-isky-2-in1-pro,2026-09-22T00:40:55.592701+00:00,
Tecno Camon iSky 2 IN1 Pro,IN1,V213,,1.5 GB,MT6739,,181019,Tecno_Camon_iSky_2_IN1_Pro_MT6739_V213_181019.zip,https://naijarom.com/tecno-camon-isky-2-in1-pro,2026-09-22T00:40:55.592732+00:00,
Tecno Camon iSky 2 IN1 Pro,IN1,V233,,1.5 GB,MT6739,,181218,Tecno_Camon_iSky_2_IN1_Pro_MT6739_V233_181218.zip,https://naijarom.com/tecno-camon-isky-2-in1-pro,2026-09-22T00:40:55.592751+00:00,
Tecno Camon iSky 2 IN1 Pro,IN1,V238,,2 GB,MT6739,,190216,Tecno_Camon_iSky_2_IN1_Pro_MT6739_V238_190216.zip,https://naijarom.com/tecno-camon-isky-2-in1-pro,2026-09-22T00:40:55.592772+00:00,
Tecno Camon iSky 2 IN1 Pro,IN1,V240,,1 GB,MT6739,,190417,Tecno_Camon_iSky_2_IN1_Pro_MT6739_V240_190417.zip,https://naijarom.com/tecno-camon-isky-2-in1-pro,2026-09-22T00:40:55.592788+00:00,
Tecno Camon iSky 2 IN1 Pro,IN1,V254,,1.43 GB,MT6739,,190813,Tecno_Camon_iSky_2_IN1_Pro_MT6739_V254_190813.zip,https://naijarom.com/tecno-camon-isky-2-in1-pro,2026-09-22T00:40:55.592819+00:00,
Tecno Camon iSky 2 IN1 Pro,IN1,V256,,1 GB,MT6739,2027-09-19,190927,Tecno_Camon_iSky_2_IN1_Pro_MT6739_V256_190927.zip,https://naijarom.com/tecno-camon-isky-2-in1-pro,2026-09-22T00:40:55.592838+00:00,
Tecno Camon iSky 2 IN1 Pro,IN1,V260,,1.5 GB,MT6739,,191206,Tecno_Camon_iSky_2_IN1_Pro_MT6739_V260_191206.zip,https://naijarom.com/tecno-camon-isky-2-in1-pro,2026-09-22T00:40:55.592855+00:00,
Tecno Camon iSky 2 IN1 Pro,IN1,V264,,1.5 GB,MT6739,2030-04-20,200430,Tecno_Camon_iSky_2_IN1_Pro_MT6739_V264_200430.zip,https://naijarom.com/tecno-camon-isky-2-in1-pro,2026-09-22T00:40:55.592876+00:00,
Tecno Camon iSky 2 IN1 Pro,IN1,V270,,1.4 GB,MT6739,2020-10-10,201010,Tecno_Camon_iSky_2_IN1_Pro_MT6739_V270_201010.zip,https://naijarom.com/tecno-camon-isky-2-in1-pro,2026-09-22T00:40:55.592909+00:00,
Tecno Camon iSky 3 KB3,KB3,V209,,2 GB,MT6761,,190213,Tecno_Camon_iSky_3_KB3_MT6761_V209_190213.zip,https://naijarom.com/tecno-camon-isky-3-kb3,2026-09-22T00:41:00.594666+00:00,
Tecno Camon iSky 3 KB3,KB3,V309,,2 GB,MT6761,2024-04-19,190424,Tecno_Camon_iSky_3_KB3_MT6761_V309_190424.zip,https://naijarom.com/tecno-camon-isky-3-kb3,2026-09-22T00:41:00.594718+00:00,
Tecno Camon iSky 3 KB3,KB3,V322,,1 GB,MT6761,,190617,Tecno_Camon_iSky_3_KB3_MT6761_V322_190617.zip,https://naijarom.com/tecno-camon-isky-3-kb3,2026-09-22T00:41:00.594759+00:00,
Tecno Camon iSky 3 KB3,KB3,V330,,2 GB,MT6761,,190817,Tecno_Camon_iSky_3_KB3_MT6761_V330_190817.zip,https://naijarom.com/tecno-camon-isky-3-kb3,2026-09-22T00:41:00.594795+00:00,
Tecno Camon iSky 3 KB3,KB3,V335,,2 GB,MT6761,2028-09-19,190928,Tecno_Camon_iSky_3_KB3_MT6761_V335_190928.zip,https://naijarom.com/tecno-camon-isky-3-kb3,2026-09-22T00:41:00.594834+00:00,
Tecno Camon iSky 3 KB3,KB3,V343,,2 GB,MT6761,,191118,Tecno_Camon_iSky_3_KB3_MT6761_V343_191118.zip,https://naijarom.com/tecno-camon-isky-3-kb3,2026-09-22T00:41:00.594870+00:00,
Tecno Camon iSky 3 KB3,KB3,V365,,2 GB,MT6761,2020-09-15,200915,Tecno_Camon_iSky_3_KB3_MT6761_V365_200915.zip,https://naijarom.com/tecno-camon-isky-3-kb3,2026-09-22T00:41:00.594914+00:00,
Tecno Camon iSky 3 KB3,KB3,V373,,1.7 GB,MT6761,2020-11-02,201102,Tecno_Camon_iSky_3_KB3_MT6761_V373_201102.zip,https://naijarom.com/tecno-camon-isky-3-kb3,2026-09-22T00:41:00.594933+00:00,
Tecno Camon iSky 3 KB3,KB3,V375,,1.7 GB,MT6761,2021-01-05,210105,Tecno_Camon_iSky_3_KB3_MT6761_V375_210105.zip,https://naijarom.com/tecno-camon-isky-3-kb3,2026-09-22T00:41:00.594951+00:00,
Tecno Camon iTwin IA5,IA5,,,,,,,,https://naijarom.com/tecno-camon-itwin-ia5,2026-09-22T00:41:06.201605+00:00,no firmware versions found on page
Tecno Camon X CA7,CA7,,,,,,,,https://naijarom.com/tecno-camon-x-ca7,2026-09-22T00:41:12.425594+00:00,no firmware versions found on page
Tecno Camon X Pro CA8,CA8,V207,,2 GB,MT6763,2020-11-18,181120,Tecno_Camon_X_Pro_CA8_MT6763_V207_181120.zip,https://naijarom.com/tecno-camon-x-pro-ca8,2026-09-22T00:41:17.604144+00:00,
Tecno Camon X Pro CA8S,CA8S,,,,,,,,https://naijarom.com/tecno-camon-x-pro-ca8s,2026-09-22T00:41:22.591117+00:00,no firmware versions found on page
Tecno Camon X688,X688,,,,,,,,https://naijarom.com/tecno-camon-x688,2026-09-22T00:41:26.891157+00:00,no firmware versions found on page
Tecno CB7J,CB7J,V176,,2 GB,MT6765,,190311,Tecno_CB7J_MT6765_V176_190311.zip,https://naijarom.com/tecno-cb7j,2026-09-22T00:41:31.593767+00:00,
Tecno CC6,CC6,,,,,,,,https://naijarom.com/tecno-cc6,2026-09-22T00:41:36.488463+00:00,no firmware versions found on page
Tecno CF7K,CF7K,V115,,2 GB,MT6761,,181012,Tecno_CF7K_MT6761_V115_181012.zip,https://naijarom.com/tecno-cf7k,2026-09-22T00:41:41.446715+00:00,
Tecno CI8N,CI8N,V1182,,4.19 GB,MT6781,2022-06-05,220605,Tecno_CI8N_MT6781_V1182_220605.zip,https://naijarom.com/tecno-ci8n,2026-09-22T00:41:46.743592+00:00,
Tecno CI8N,CI8N,V2005,,4.6 GB,MT6781,2022-09-22,220922,Tecno_CI8N_MT6781_V2005_220922.zip,https://naijarom.com/tecno-ci8n,2026-09-22T00:41:46.743625+00:00,
Tecno CI8N,CI8N,V2090,,4.45 GB,MT6781,2022-10-10,221010,Tecno_CI8N_MT6781_V2090_221010.zip,https://naijarom.com/tecno-ci8n,2026-09-22T00:41:46.743645+00:00,
Tecno CX Air,,,,,,,,,https://naijarom.com/tecno-cx-air,2026-09-22T00:41:50.640037+00:00,no firmware versions found on page
Tecno D1,D1,,,,,,,,https://naijarom.com/tecno-d1,2026-09-22T00:41:55.616208+00:00,no firmware versions found on page
Tecno D3,D3,,,,,,,,https://naijarom.com/tecno-d3,2026-09-22T00:42:00.844206+00:00,no firmware versions found on page
Tecno D5,D5,,,,,,,,https://naijarom.com/tecno-d5,2026-09-22T00:42:05.299814+00:00,no firmware versions found on page
Tecno D7,D7,,,,,,,,https://naijarom.com/tecno-d7,2026-09-22T00:42:10.595233+00:00,no firmware versions found on page
Tecno D9,D9,,,,,,,,https://naijarom.com/tecno-d9,2026-09-22T00:42:15.032300+00:00,no firmware versions found on page
Tecno DP10A,DP10A,,,,,,,,https://naijarom.com/tecno-dp10a,2026-09-22T00:42:19.503145+00:00,no firmware versions found on page
Tecno DroiPad 8D,,,,,,,,,https://naijarom.com/tecno-droipad-8d,2026-09-22T00:42:24.319284+00:00,no firmware versions found on page
Tecno DroiPad 7C Pro,,,,,,,,,https://naijarom.com/tecno-droipad-7c-pro,2026-09-22T00:42:31.347666+00:00,no firmware versions found on page
Tecno Droipad 7G P704A,P704A,V073,,2.88 GB,MT6739,2020-03-21,210320,Tecno_Droipad_7G_P704A_MT6739_V073_210320.zip,https://naijarom.com/tecno-droipad-7g-p704a,2026-09-22T00:42:35.125640+00:00,
Tecno Droipad 7G P704A,P704A,V086,,3 GB,MT6739,2028-05-21,210528,Tecno_Droipad_7G_P704A_MT6739_V086_210528.zip,https://naijarom.com/tecno-droipad-7g-p704a,2026-09-22T00:42:35.125709+00:00,
Tecno DroiPad 10 ProII DP10A,DP10A,,,,,,,,https://naijarom.com/tecno-droipad-10-proii-dp10a,2026-09-22T00:42:40.250222+00:00,no firmware versions found on page
Tecno Droidpad 8D,,,,,,,,,https://naijarom.com/tecno-droidpad-8d,2026-09-22T00:42:45.643036+00:00,no firmware versions found on page
Tecno DroiPad 7F P703,P703,,,,,,,,https://naijarom.com/tecno-p703,2026-09-22T00:42:50.638458+00:00,no firmware versions found on page
Tecno F1,F1,,,,,,,,https://naijarom.com/tecno-f1,2026-09-22T00:42:54.803290+00:00,no firmware versions found on page
Tecno F1 Pro,F1,,,,,,,,https://naijarom.com/tecno-f1-pro,2026-09-22T00:42:59.149710+00:00,no firmware versions found on page
Tecno F2,F2,,,,,,,,https://naijarom.com/tecno-f2,2026-09-22T00:43:06.219357+00:00,no firmware versions found on page
Tecno F2 LTE,F2,V124,,771 MB,MT6739,,180614,Tecno_F2_LTE_MT6739_V124_180614.zip,https://naijarom.com/tecno-f2-lte,2026-09-22T00:43:10.820978+00:00,
Tecno F3,F3,,,,,,,,https://naijarom.com/tecno-f3,2026-09-22T00:43:17.886750+00:00,no firmware versions found on page
Tecno F3 Pro,F3,,,,,,,,https://naijarom.com/tecno-f3-pro,2026-09-22T00:43:23.000834+00:00,no firmware versions found on page
Tecno F4,F4,V129,,1020 MB,MT6739,,190108,Tecno_F4_MT6739_V129_190108.zip,https://naijarom.com/tecno-f4,2026-09-22T00:43:28.017051+00:00,
Tecno F4 Pro,F4,V112,,1 GB,MT6739,2027-12-18,181227,Tecno_F4_Pro_MT6739_V112_181227.zip,https://naijarom.com/tecno-f4-pro,2026-09-22T00:43:33.008626+00:00,
Tecno F5,F5,,,,,,,,https://naijarom.com/tecno-f5,2026-09-22T00:43:37.340819+00:00,no firmware versions found on page
Tecno F6,F6,,,,,,,,https://naijarom.com/tecno-f6,2026-09-22T00:43:42.711345+00:00,no firmware versions found on page
Tecno F7,F7,,,,,,,,https://naijarom.com/tecno-f7,2026-09-22T00:43:47.858748+00:00,no firmware versions found on page
Tecno F7 Phantom A,A,4.1,,298.7 MB,MT6577,,12052015,Tecno_F7_Phantom_A_MT6577_12052015_4.1.zip,https://naijarom.com/tecno-f7-phantom,2026-09-22T00:43:54.949563+00:00,
Tecno F7CS,F7CS,,,,,,,,https://naijarom.com/tecno-f7cs,2026-09-22T00:43:59.716348+00:00,no firmware versions found on page
Tecno F8,F8,,,,,,,,https://naijarom.com/tecno-f8,2026-09-22T00:44:05.024842+00:00,no firmware versions found on page
Tecno G9,G9,,,,,,,,https://naijarom.com/tecno-g9,2026-09-22T00:44:10.132056+00:00,no firmware versions found on page
Tecno H3,H3,,,,,,,,https://naijarom.com/tecno-h3,2026-09-22T00:44:14.654308+00:00,no firmware versions found on page
Tecno H5,H5,,,,,,,,https://naijarom.com/tecno-h5,2026-09-22T00:44:19.436929+00:00,no firmware versions found on page
Tecno H6,H6,,,,,,,,https://naijarom.com/tecno-h6,2026-09-22T00:44:25.064603+00:00,no firmware versions found on page
Tecno H7,H7,,,,,,,,https://naijarom.com/tecno-h7,2026-09-22T00:44:29.525953+00:00,no firmware versions found on page
Tecno H7 Plus,H7,,,,,,,,https://naijarom.com/tecno-h7-plus,2026-09-22T00:44:34.111221+00:00,no firmware versions found on page
Tecno H7S,H7S,,,,,,,,https://naijarom.com/tecno-h7s,2026-09-22T00:44:39.123019+00:00,no firmware versions found on page
Tecno i3,MT6737M,V240,,1.96 GB,MT6737M,,171013,Tecno_i3_MT6737M_V240_171013.zip,https://naijarom.com/tecno-i3,2026-09-22T00:44:45.451485+00:00,
Tecno i3,MT6737M,V300,,2 GB,MT6737M,,180131,Tecno_i3_MT6737M_V300_180131.zip,https://naijarom.com/tecno-i3,2026-09-22T00:44:45.451514+00:00,
Tecno i3,MT6737M,V311,,2 GB,MT6737M,2028-11-18,181128,Tecno_i3_MT6737M_V311_181128.zip,https://naijarom.com/tecno-i3,2026-09-22T00:44:45.451535+00:00,
Tecno i3,MT6735,V315,,2 GB,MT6735,,190314,Tecno_i3_MT6735_V315_190314.zip,https://naijarom.com/tecno-i3,2026-09-22T00:44:45.451552+00:00,
Tecno i3 Pro,MT6737M,V100,,1.95 GB,MT6737M,,170504,Tecno_i3_Pro_MT6737M_V100_170504.zip,https://naijarom.com/tecno-i3-pro,2026-09-22T00:44:51.017384+00:00,
Tecno i3 Pro,MT6737M,V297,,2 GB,MT6737M,,180211,Tecno_i3_Pro_MT6737M_V297_180211.zip,https://naijarom.com/tecno-i3-pro,2026-09-22T00:44:51.017440+00:00,
Tecno i3 Pro,MT6737M,V302,,4 GB,MT6737M,,180704,Tecno_i3_Pro_MT6737M_V302_180704.zip,https://naijarom.com/tecno-i3-pro,2026-09-22T00:44:51.017462+00:00,
Tecno i3 Pro,MT6737M,V304,,2 GB,MT6737M,,190416,Tecno_i3_Pro_MT6737M_V304_190416.zip,https://naijarom.com/tecno-i3-pro,2026-09-22T00:44:51.017482+00:00,
Tecno i5,MT6737T,V241,,2 GB,MT6737T,,190416,Tecno_i5_MT6737T_V241_190416.zip,https://naijarom.com/tecno-i5,2026-09-22T00:44:55.053250+00:00,
Tecno i5 Pro,,,,,,,,,https://naijarom.com/tecno-i5-pro,2026-09-22T00:45:00.366432+00:00,no firmware versions found on page
Tecno I7,MT6750,V332,,2 GB,MT6750,,190304,Tecno_i7_MT6750_V332_190304.zip,https://naijarom.com/tecno-i7,2026-09-22T00:45:06.947071+00:00,
Tecno IA5 IN,IA5,,,,,,,,https://naijarom.com/tecno-ia5-in,2026-09-22T00:45:12.113980+00:00,no firmware versions found on page
Tecno iClick IN6,IN6,,,,,,,,https://naijarom.com/tecno-iclick-in6,2026-09-22T00:45:16.488695+00:00,no firmware versions found on page
Tecno IN1,IN1,V149,,1 GB,MT6739,,180606,Tecno_IN1_MT6739_V149_180606.zip,https://naijarom.com/tecno-in1,2026-09-22T00:45:20.075156+00:00,
Tecno IN1,IN1,V270,,1 GB,MT6739,,190417,Tecno_IN1_MT6739_V270_190417.zip,https://naijarom.com/tecno-in1,2026-09-22T00:45:20.075225+00:00,
Tecno IN1 Pro,IN1,V165,,1 GB,MT6739,,180709,Tecno_IN1_Pro_MT6739_V165_180709.zip,https://naijarom.com/tecno-in1-pro,2026-09-22T00:45:25.488585+00:00,
Tecno IN1 Pro,IN1,V213,,1.5 GB,MT6739,,181019,Tecno_IN1_Pro_MT6739_V213_181019.zip,https://naijarom.com/tecno-in1-pro,2026-09-22T00:45:25.488630+00:00,
Tecno IN1 Pro,IN1,V233,,1.5 GB,MT6739,,181218,Tecno_IN1_Pro_MT6739_V233_181218.zip,https://naijarom.com/tecno-in1-pro,2026-09-22T00:45:25.488651+00:00,
Tecno IN1 Pro,IN1,V238,,2 GB,MT6739,,190216,Tecno_IN1_Pro_MT6739_V238_190216.zip,https://naijarom.com/tecno-in1-pro,2026-09-22T00:45:25.488668+00:00,
Tecno IN1 Pro,IN1,V240,,1 GB,MT6739,,190417,Tecno_IN1_Pro_MT6739_V240_190417.zip,https://naijarom.com/tecno-in1-pro,2026-09-22T00:45:25.488692+00:00,
Tecno IN1 Pro,IN1,V254,,1.43 GB,MT6739,,190813,Tecno_IN1_Pro_MT6739_V254_190813.zip,https://naijarom.com/tecno-in1-pro,2026-09-22T00:45:25.488722+00:00,
Tecno IN1 Pro,IN1,V256,,1 GB,MT6739,2027-09-19,190927,Tecno_IN1_Pro_MT6739_V256_190927.zip,https://naijarom.com/tecno-in1-pro,2026-09-22T00:45:25.488741+00:00,
Tecno IN1 Pro,IN1,V260,,1.5 GB,MT6739,,191206,Tecno_IN1_Pro_MT6739_V260_191206.zip,https://naijarom.com/tecno-in1-pro,2026-09-22T00:45:25.488757+00:00,
Tecno IN1 Pro,IN1,V264,,1.5 GB,MT6739,2030-04-20,200430,Tecno_IN1_Pro_MT6739_V264_200430.zip,https://naijarom.com/tecno-in1-pro,2026-09-22T00:45:25.488778+00:00,
Tecno IN1 Pro,IN1,V270,,1.4 GB,MT6739,2020-10-10,201010,Tecno_IN1_Pro_MT6739_V270_201010.zip,https://naijarom.com/tecno-in1-pro,2026-09-22T00:45:25.488799+00:00,
Tecno IN2,IN2,V106,,1 GB,MT6739,2029-03-18,180329,Tecno_IN2_MT6739_V106_180329.zip,https://naijarom.com/tecno-in2,2026-09-22T00:45:30.528726+00:00,
Tecno IN2,IN2,V218,,1 GB,MT6739,2020-02-19,190220,Tecno_IN2_MT6739_V218_190220.zip,https://naijarom.com/tecno-in2,2026-09-22T00:45:30.528772+00:00,
Tecno IN2,IN2,V220,,1 GB,MT6739,,190417,Tecno_IN2_MT6739_V220_190417.zip,https://naijarom.com/tecno-in2,2026-09-22T00:45:30.528791+00:00,
Tecno IN2,IN2,V231,,1 GB,MT6739,2020-06-19,190620,Tecno_IN2_MT6739_V231_190620.zip,https://naijarom.com/tecno-in2,2026-09-22T00:45:30.528808+00:00,
Tecno IN2,IN2,V237,,970 MB,MT6739,2027-09-19,190927,Tecno_IN2_MT6739_V237_190927.zip,https://naijarom.com/tecno-in2,2026-09-22T00:45:30.528824+00:00,
Tecno IN2,IN2,V249,,1.4 GB,MT6739,2020-10-10,201010,Tecno_IN2_MT6739_V249_201010.zip,https://naijarom.com/tecno-in2,2026-09-22T00:45:30.528840+00:00,
Tecno IN5,IN5,V144,,2 GB,MT6737T,,190319,Tecno_IN5_MT6737T_V144_190319.zip,https://naijarom.com/tecno-in5,2026-09-22T00:45:35.408555+00:00,
Tecno IN6,IN6,V136,,2 GB,MT6763,,180615,Tecno_IN6_MT6763_V136_180615.zip,https://naijarom.com/tecno-in6,2026-09-22T00:45:40.284868+00:00,
Tecno J7,J7,,,,,,,,https://naijarom.com/tecno-j7,2026-09-22T00:45:46.109590+00:00,no firmware versions found on page
Tecno K7,K7,V186,,2 GB,MT6580,,180616,Tecno_K7_MT6580_V186_180616.zip,https://naijarom.com/tecno-k7,2026-09-22T00:45:50.630568+00:00,
Tecno K7,K7,V195,,2 GB,MT6580,,181119,Tecno_K7_MT6580_V195_181119.zip,https://naijarom.com/tecno-k7,2026-09-22T00:45:50.630595+00:00,
Tecno K7,K7,V201,,1.57 GB,MT6580,,190315,Tecno_K7_MT6580_V201_190315.zip,https://naijarom.com/tecno-k7,2026-09-22T00:45:50.630612+00:00,
Tecno K8,K8,,,,,,,,https://naijarom.com/tecno-k8,2026-09-22T00:45:55.848204+00:00,no firmware versions found on page
Tecno K9,K9,,,,,,,,https://naijarom.com/tecno-k9,2026-09-22T00:46:00.287627+00:00,no firmware versions found on page
Tecno KA6,KA6,V086,,1 GB,MT6580,2029-10-18,181029,Tecno_KA6_MT6580_V086_181029.zip,https://naijarom.com/tecno-ka6,2026-09-22T00:46:05.098341+00:00,
Tecno KB2H,KB2H,V148,,1010 MB,MT6761,,190418,Tecno_KB2H_H613ST_PGO_MT6761_V148_190418.zip,https://naijarom.com/tecno-kb2h,2026-09-22T00:46:10.383075+00:00,
Tecno KE5K,KE5K,V195,,2.41 GB,MT6765,2023-06-21,210623,Tecno_KE5K_MT6765_V195_210623.zip,https://naijarom.com/tecno-ke5k,2026-09-22T00:46:15.287491+00:00,
Tecno KE5K,KE5K,V217,,2.41 GB,MT6765,2022-04-15,220415,Tecno_KE5K_MT6765_V217_220415.zip,https://naijarom.com/tecno-ke5k,2026-09-22T00:46:15.287524+00:00,
Tecno KF6K,KF6K,V395,,3.13 GB,MT6768,2022-07-17,220717,Tecno_KF6K_MT6768_V395_220717.zip,https://naijarom.com/tecno-kf6k,2026-09-22T00:46:20.201990+00:00,
Tecno KF6KS,KF6KS,V282,,2.43 GB,MT6768,2027-09-21,210927,Tecno_KF6KS_MT6768_V282_210927.zip,https://naijarom.com/tecno-kf6ks,2026-09-22T00:46:25.606498+00:00,
Tecno KF6KS,KF6KS,V366,,2.5 GB,MT6768,2022-03-14,220314,Tecno_KF6KS_MT6768_V366_220314.zip,https://naijarom.com/tecno-kf6ks,2026-09-22T00:46:25.606529+00:00,
Tecno KF6KS,KF6KS,V371,,2.51 GB,MT6768,2022-05-10,220510,Tecno_KF6KS_MT6768_V371_220510.zip,https://naijarom.com/tecno-kf6ks,2026-09-22T00:46:25.606548+00:00,
Tecno KF6KS,KF6KS,V378,,2.53 GB,MT6768,2028-07-22,220728,Tecno_KF6KS_MT6768_V378_220728.zip,https://naijarom.com/tecno-kf6ks,2026-09-22T00:46:25.606564+00:00,
Tecno KF6KS,KF6KS,V384,,2.49 GB,MT6768,2022-09-15,220915,Tecno_KF6KS_MT6768_V384_220915.zip,https://naijarom.com/tecno-kf6ks,2026-09-22T00:46:25.606582+00:00,
Tecno KF6M,KF6M,V171,,1.86 GB,MT6765,2021-06-10,210610,Tecno_KF6M_MT6765_V171_210610.zip,https://naijarom.com/tecno-kf6m,2026-09-22T00:46:29.482252+00:00,
Tecno KF6M,KF6M,V244,,1.63 GB,MT6765,2021-06-18,210618,Tecno_KF6M_MT6765_V244_210618.zip,https://naijarom.com/tecno-kf6m,2026-09-22T00:46:29.482284+00:00,
Tecno KG5,KG5,V938,,2.08 GB,MT6761,2020-08-22,220820,Tecno_KG5_MT6761_V938_220820.zip,https://naijarom.com/tecno-kg5,2026-09-22T00:46:34.705080+00:00,
Tecno KG5,KG5,V941,,2.10 GB,MT6761,2022-09-16,220916,Tecno_KG5_MT6761_V941_220916.zip,https://naijarom.com/tecno-kg5,2026-09-22T00:46:34.705135+00:00,
Tecno KG5H,KG5H,V276,,2.10 GB,MT6761,2022-02-10,220210,Tecno_KG5H_MT6761_V276_220210.zip,https://naijarom.com/tecno-kg5h,2026-09-22T00:46:39.994914+00:00,
Tecno KG5H,KG5H,V320,,2.09 GB,MT6761,2022-03-03,220303,Tecno_KG5H_MT6761_V320_220303.zip,https://naijarom.com/tecno-kg5h,2026-09-22T00:46:39.994945+00:00,
Tecno KG5H,KG5H,V343,,2.07 GB,MT6761,2022-06-01,220601,Tecno_KG5H_MT6761_V343_220601.zip,https://naijarom.com/tecno-kg5h,2026-09-22T00:46:39.994969+00:00,
Tecno KG5H,KG5H,V356,,2.07 GB,MT6761,2020-08-22,220820,Tecno_KG5H_MT6761_V356_220820.zip,https://naijarom.com/tecno-kg5h,2026-09-22T00:46:39.994984+00:00,
Tecno KG5H,KG5H,V362,,2.09 GB,MT6761,2022-09-19,220919,Tecno_KG5H_MT6761_V362_220919.zip,https://naijarom.com/tecno-kg5h,2026-09-22T00:46:39.995000+00:00,
Tecno KG5N,KG5N,,,,,,,,https://naijarom.com/tecno-kg5n,2026-09-22T00:46:50.382641+00:00,no firmware versions found on page
Tecno KG6K,KG6K,V567,,2.89 GB,MT6765,2020-09-22,220920,Tecno_KG6K_MT6765_V567_220920.zip,https://naijarom.com/tecno-kg6k,2026-09-22T00:46:55.491237+00:00,
Tecno KG7,KG7,V489,,3.37 GB,MT6768,2026-08-22,220826,Tecno_KG7_MT6768_V489_220826.zip,https://naijarom.com/tecno-kg7,2026-09-22T00:46:59.851550+00:00,
Tecno KH6,KH6,V611,,3.13 GB,MT6765,2020-05-22,220520,Tecno_KH6_MT6765_V611_220520.zip,https://naijarom.com/tecno-kh6,2026-09-22T00:47:04.107785+00:00,
Tecno KH6,KH6,V770,,3 GB,MT6765,2022-06-15,220615,Tecno_KH6_MT6765_V770_220615.zip,https://naijarom.com/tecno-kh6,2026-09-22T00:47:04.107830+00:00,
Tecno KH6,KH6,V771,,2.89 GB,MT6765,2022-06-15,220615,Tecno_KH6_MT6765_V771_220615.zip,https://naijarom.com/tecno-kh6,2026-09-22T00:47:04.107876+00:00,
Tecno KH6,KH6,V1096,,3.27 GB,MT6765,2026-08-22,220826,Tecno_KH6_MT6765_V1096_220826.zip,https://naijarom.com/tecno-kh6,2026-09-22T00:47:04.107907+00:00,
Tecno KH6,KH6,V1208,,3.3 GB,MT6765,2021-09-22,220921,Tecno_KH6_MT6765_V1208_220921.zip,https://naijarom.com/tecno-kh6,2026-09-22T00:47:04.107950+00:00,
Tecno KH6,KH6,V1317,,3.34 GB,MT6765,2024-10-22,221024,Tecno_KH6_MT6765_V1317_221024.zip,https://naijarom.com/tecno-kh6,2026-09-22T00:47:04.107990+00:00,
Tecno KH7,KH7,V261,,3.31 GB,MT6768,2022-03-31,220331,Tecno_KH7_MT6768_V261_220331.zip,https://naijarom.com/tecno-kh7,2026-09-22T00:47:09.301836+00:00,
Tecno KH7,KH7,V450,,3.62 GB,MT6768,2030-04-22,220430,Tecno_KH7_MT6768_V450_220430.zip,https://naijarom.com/tecno-kh7,2026-09-22T00:47:09.301868+00:00,
Tecno KH7,KH7,V618,,3.79 GB,MT6768,2026-08-22,220826,Tecno_KH7_MT6768_V618_220826.zip,https://naijarom.com/tecno-kh7,2026-09-22T00:47:09.301888+00:00,
Tecno KH7,KH7,V641,,3.84 GB,MT6768,2022-10-08,221008,Tecno_KH7_MT6768_V641_221008.zip,https://naijarom.com/tecno-kh7,2026-09-22T00:47:09.301905+00:00,
Tecno KH7H,KH7H,,,,,,,,https://naijarom.com/tecno-kh7h,2026-09-22T00:47:14.374723+00:00,no firmware versions found on page
Tecno L3,L3,,,,,,,,https://naijarom.com/tecno-l3,2026-09-22T00:47:19.835222+00:00,no firmware versions found on page
Tecno L5,L5,,,,,,,,https://naijarom.com/tecno-l5,2026-09-22T00:47:24.562267+00:00,no firmware versions found on page
Tecno L6,L6,,,,,,,,https://naijarom.com/tecno-l6,2026-09-22T00:47:30.094856+00:00,no firmware versions found on page
Tecno L7,L7,,,,,,,,https://naijarom.com/tecno-l7,2026-09-22T00:47:34.967625+00:00,no firmware versions found on page
Tecno L8,L8,,,,,,,,https://naijarom.com/tecno-l8,2026-09-22T00:47:40.189490+00:00,no firmware versions found on page
Tecno L8 Lite,L8,,,,,,,,https://naijarom.com/tecno-l8-lite,2026-09-22T00:47:45.271472+00:00,no firmware versions found on page
Tecno L8 Plus,L8,,,,,,,,https://naijarom.com/tecno-l8-plus,2026-09-22T00:47:49.825774+00:00,no firmware versions found on page
Tecno L9,L9,V258,,1.53 GB,MT6580,2027-03-19,190327,Tecno_L9_MT6580_V258_190327.zip,https://naijarom.com/tecno-l9,2026-09-22T00:47:54.876541+00:00,
Tecno L9,L9,V275,,1.48 GB,MT6580,,171215,Tecno_L9_MT6580_V275_171215.zip,https://naijarom.com/tecno-l9,2026-09-22T00:47:54.876590+00:00,
Tecno L9,L9,V286,,1.55 GB,MT6580,2026-03-19,190326,Tecno_L9_MT6580_V286_190326.zip,https://naijarom.com/tecno-l9,2026-09-22T00:47:54.876610+00:00,
Tecno L9 Plus,L9,7.0,,2 GB,MT6580,2017-04-11,20170411,Tecno_L9_Plus_MT6580_20170411_7.0.zip,https://naijarom.com/tecno-l9-plus,2026-09-22T00:48:00.374582+00:00,
Tecno L968,L968,,,,,,,,https://naijarom.com/tecno-l968,2026-09-22T00:48:05.183348+00:00,no firmware versions found on page
Tecno LD7,LD7,V593,,2.92 GB,MT6768,2024-08-22,220824,Tecno_LD7_MT6768_V593_220824.zip,https://naijarom.com/tecno-ld7,2026-09-22T00:48:09.823332+00:00,
Tecno LE6,LE6,V738,,3.37 GB,MT6765,2024-08-22,220824,Tecno_LE6_MT6765_V738_220824.zip,https://naijarom.com/tecno-le6,2026-09-22T00:48:14.962257+00:00,
Tecno LE6H,LE6H,,,,,,,,https://naijarom.com/tecno-le6h,2026-09-22T00:48:20.329183+00:00,no firmware versions found on page
Tecno LE8,LE8,V946,,4.14 GB,MT6877,2022-02-18,220218,Tecno_LE8_MT6877_V946_220218.zip,https://naijarom.com/tecno-le8,2026-09-22T00:48:25.634692+00:00,
Tecno LE8,LE8,V1114,,4.15 GB,MT6877,2022-09-02,220902,Tecno_LE8_MT6877_V1114_220902.zip,https://naijarom.com/tecno-le8,2026-09-22T00:48:25.634736+00:00,
Tecno LG8N,LG8N,V963,,4.4 GB,MT6789,2023-08-22,220823,Tecno_LG8N_MT6789_V963_220823.zip,https://naijarom.com/tecno-lg8n,2026-09-22T00:48:30.828116+00:00,
Tecno LG8N,LG8N,V1297,,4.47 GB,MT6789,2022-10-10,221010,Tecno_LG8N_MT6789_V1297_221010.zip,https://naijarom.com/tecno-lg8n,2026-09-22T00:48:30.828166+00:00,
Tecno M3,M3,,,,,,,,https://naijarom.com/tecno-m3,2026-09-22T00:48:38.449738+00:00,no firmware versions found on page
Tecno M3S,M3S,4.4,,541.6 MB,MT6572,2014-10-15,20141015,Tecno_M3S_MT6572_20141015_4.4.zip,https://naijarom.com/tecno-m3s,2026-09-22T00:48:43.624531+00:00,
Tecno M5,M5,,,,,,,,https://naijarom.com/tecno-m5,2026-09-22T00:48:48.761644+00:00,no firmware versions found on page
Tecno M6,M6,,,,,,,,https://naijarom.com/tecno-m6,2026-09-22T00:48:56.146707+00:00,no firmware versions found on page
Tecno M6s,,,,,,,,,https://naijarom.com/tecno-m6s,2026-09-22T00:49:00.814207+00:00,no firmware versions found on page
Tecno M7,M7,,,,,,,,https://naijarom.com/tecno-m7,2026-09-22T00:49:07.909231+00:00,no firmware versions found on page
Tecno M9,M9,,,,,,,,https://naijarom.com/tecno-m9,2026-09-22T00:49:15.536220+00:00,no firmware versions found on page
Tecno M50,M50,,,,,,,,https://naijarom.com/tecno-m50,2026-09-22T00:49:20.593535+00:00,no firmware versions found on page
Tecno Megapad 2 T1103,T1103,16.3.0.130SP11,,7.94 GB,MT6789,,,Tecno_Megapad_2_T1103_MT6789_16.3.0.130SP11_RU004PF001AZ_MXML.zip,https://naijarom.com/tecno-megapad-2-t1103,2026-09-22T00:49:25.922684+00:00,
Tecno Megapad 2 T1103,T1103,16.3.0.115SP04,,8.32 GB,MT6789,,,Tecno_Megapad_2_T1103_MT6789_16.3.0.115SP04_OP004PF001AZ_MXML.zip,https://naijarom.com/tecno-megapad-2-t1103,2026-09-22T00:49:25.922813+00:00,
Tecno MegaPad 10 T1001,T1001,,,,,,,,https://naijarom.com/tecno-megapad-10-t1001,2026-09-22T00:49:31.697592+00:00,no firmware versions found on page
Tecno MegaPad 11 T1101,T1101,,,,,,,,https://naijarom.com/tecno-megapad-11-t1101,2026-09-22T00:49:37.247637+00:00,no firmware versions found on page
Tecno MegaPad SE Tablet T1102,T1102,,,,,,,,https://naijarom.com/tecno-megapad-se-tablet-t1102,2026-09-22T00:49:42.331094+00:00,no firmware versions found on page
Tecno MegaPad SE T1102W,T1102W,,,,,,,,https://naijarom.com/tecno-megapad-se-t1102w,2026-09-22T00:49:47.153738+00:00,no firmware versions found on page
Tecno Megapad SE 2 T1002,T1002,16.3.0.125SP02,,6.35 GB,MT6768,,,Tecno_Megapad_SE_2_T1002_MT6768_16.3.0.125SP02_OP002PF001AZ_MXML.zip,https://naijarom.com/tecno-megapad-se-2-t1002,2026-09-22T00:49:51.918439+00:00,
Tecno MegaPad SE 2 T1002W,T1002W,16.3.0.125SP10,,6.13 GB,MT6768,,,Tecno_MegaPad_SE_2_T1002W_MT6768_16.3.0.125SP10_OP003PF001AZ.zip,https://naijarom.com/tecno-megapad-se-2-t1002w,2026-09-22T00:49:56.365489+00:00,
Tecno MegaPad Pro T1201,T1201,,,,,,,,https://naijarom.com/tecno-megapad-pro-t1201,2026-09-22T00:50:00.950112+00:00,no firmware versions found on page
Tecno N2,N2,6.0,,1.27 GB,MT6580,,31102013,Tecno_N2_MT6580_31102013_6.0.zip,https://naijarom.com/tecno-n2,2026-09-22T00:50:06.051176+00:00,
Tecno N2S,N2S,6.0,,2 GB,MT6580,,15042017,Tecno_N2S_MT6580_15042017_6.0.zip,https://naijarom.com/tecno-n2s,2026-09-22T00:50:11.298447+00:00,
Tecno N3,N3,,,,,,,,https://naijarom.com/tecno-n3,2026-09-22T00:50:15.802932+00:00,no firmware versions found on page
Tecno N5,N5,,,,,,,,https://naijarom.com/tecno-n5,2026-09-22T00:50:20.578071+00:00,no firmware versions found on page
Tecno N5s,,,,,,,,,https://naijarom.com/tecno-n5s,2026-09-22T00:50:25.665244+00:00,no firmware versions found on page
Tecno N7,N7,,,,,,,,https://naijarom.com/tecno-n7,2026-09-22T00:50:30.184462+00:00,no firmware versions found on page
Tecno N8,N8,6.0,,1.29 GB,MT6735,2016-05-18,20160518,Tecno_N8_MT6735_20160518_6.0.zip,https://naijarom.com/tecno-n8,2026-09-22T00:50:41.991827+00:00,
Tecno N8S,N8S,,,,,,,,https://naijarom.com/tecno-n8s,2026-09-22T00:50:47.353493+00:00,no firmware versions found on page
Tecno N9,N9,4.2,,1.24 GB,MT6589,2013-09-26,20130926,Tecno_N9_MT6589_20130926_4.2.zip,https://naijarom.com/tecno-n9,2026-09-22T00:50:52.400284+00:00,
Tecno N9S,N9S,V007,,1.09 GB,MT6737M,2025-10-16,161025,Tecno_N9S_MT6737M_V007_161025.zip,https://naijarom.com/tecno-n9s,2026-09-22T00:50:56.610868+00:00,
Tecno NX R8O,R8O,V142,,778 MB,MT6737M,,180817,Tecno_NX_R8O_MT6737M_V142_180817.zip,https://naijarom.com/tecno-nx-r8o,2026-09-22T00:51:00.744527+00:00,
Tecno NX R8O,R8O,V150,,645 MB,MT6737M,,180612,Tecno_NX_R8O_MT6737M_V150_180612.zip,https://naijarom.com/tecno-nx-r8o,2026-09-22T00:51:00.744563+00:00,
Tecno NX R8O,R8O,V184,,778 MB,MT6737M,,180817,Tecno_NX_R8O_MT6737M_V184_180817.zip,https://naijarom.com/tecno-nx-r8o,2026-09-22T00:51:00.744583+00:00,
Tecno Orange Rise 32,32,6.0,,886.05 MB,MT6580,2017-05-11,20170511,Tecno_Orange_Rise_32_MT6580_20170511_6.0.zip,https://naijarom.com/tecno-orange-rise-32,2026-09-22T00:51:10.397124+00:00,
Tecno P3,P3,,,,,,,,https://naijarom.com/tecno-p3,2026-09-22T00:51:15.268408+00:00,no firmware versions found on page
Tecno P3 Etisalat,P3,,,,,,,,https://naijarom.com/tecno-p3-etisalat,2026-09-22T00:51:20.978466+00:00,no firmware versions found on page
Tecno P3s,,,,,,,,,https://naijarom.com/tecno-p3s,2026-09-22T00:51:25.633165+00:00,no firmware versions found on page
Tecno P5,P5,,,,,,,,https://naijarom.com/tecno-p5,2026-09-22T00:51:30.841515+00:00,no firmware versions found on page
Tecno P5 Plus,P5,4.2,,815.9 MB,MT6572,2014-10-11,20141011,Tecno_P5_Plus_MT6572_20141011_4.2.zip,https://naijarom.com/tecno-p5-plus,2026-09-22T00:51:36.955241+00:00,
Tecno P5S,P5S,,,,,,,,https://naijarom.com/tecno-p5s,2026-09-22T00:51:42.432258+00:00,no firmware versions found on page
Tecno P6,P6,,,,,,,,https://naijarom.com/tecno-p6,2026-09-22T00:51:48.064483+00:00,no firmware versions found on page
Tecno P33S,P33S,,,,,,,,https://naijarom.com/tecno-p33s,2026-09-22T00:51:52.635218+00:00,no firmware versions found on page
Tecno P701,P701,,,,,,,,https://naijarom.com/tecno-p701,2026-09-22T00:51:56.596441+00:00,no firmware versions found on page
Tecno P702A,P702A,,,,,,,,https://naijarom.com/tecno-p702a,2026-09-22T00:52:01.919251+00:00,no firmware versions found on page
Tecno P702AS,P702AS,,,,,,,,https://naijarom.com/tecno-p702as,2026-09-22T00:52:07.230424+00:00,no firmware versions found on page
Tecno P704,P704,V073,,2 GB,MT6580,2020-11-04,201104,Tecno_P704_MT6580_V073_201104.zip,https://naijarom.com/tecno-p704,2026-09-22T00:52:11.704098+00:00,
Tecno P904,P904,,,,,,,,https://naijarom.com/tecno-p904,2026-09-22T00:52:16.259429+00:00,no firmware versions found on page
Tecno P9,P9,,,,,,,,https://naijarom.com/tecno-p9,2026-09-22T00:52:20.663063+00:00,no firmware versions found on page
Tecno Phantom 5,,,,,,,,,https://naijarom.com/tecno-phantom-5,2026-09-22T00:52:25.439901+00:00,no firmware versions found on page
Tecno Phantom 5S,5S,5.1,,1.18 GB,MT6753,2015-09-10,20150910,Tecno_Phantom_5S_MT6753_20150910_5.1.zip,https://naijarom.com/tecno-phantom-5s,2026-09-22T00:52:30.328001+00:00,
Tecno Phantom 6,MT6755,V121,,2.06 GB,MT6755,,170103,Tecno_Phantom_6_MT6755_V121_170103.zip,https://naijarom.com/tecno-phantom-6,2026-09-22T00:52:37.102251+00:00,
Tecno Phantom 6S,,,,,,,,,https://naijarom.com/tecno-phantom-6s,2026-09-22T00:52:41.485877+00:00,no firmware versions found on page
Tecno Phantom 8 AX8,AX8,V254,,2.23 GB,MT6757,2027-02-18,180227,Tecno_Phantom_8_AX8_MT6757_V254_180227.zip,https://naijarom.com/tecno-phantom-8-ax8,2026-09-22T00:52:46.294107+00:00,
Tecno Phantom 8 AX8,AX8,V263,,2 GB,MT6757,2024-04-18,180424,Tecno_Phantom_8_AX8_MT6757_V263_180424.zip,https://naijarom.com/tecno-phantom-8-ax8,2026-09-22T00:52:46.294175+00:00,
Tecno Phantom 8 AX8,AX8,V273,,2.21 GB,MT6757,2029-09-18,180929,Tecno_Phantom_8_AX8_MT6757_V273_180929.zip,https://naijarom.com/tecno-phantom-8-ax8,2026-09-22T00:52:46.294217+00:00,
Tecno Phantom 8S AX8S,AX8S,,,,,,,,https://naijarom.com/tecno-phantom-8s-ax8s,2026-09-22T00:52:50.554740+00:00,no firmware versions found on page
Tecno Phantom 9 AB7,AB7,V148,,2 GB,MT6765,,190419,Tecno_Phantom_9_AB7_MT6765_V148_190419.zip,https://naijarom.com/tecno-phantom-9-ab7,2026-09-22T00:52:55.119194+00:00,
Tecno Phantom 9 AB7,AB7,V485,,2.17 GB,MT6765,2028-09-20,200928,Tecno_Phantom_9_AB7_MT6765_V485_200928.zip,https://naijarom.com/tecno-phantom-9-ab7,2026-09-22T00:52:55.119234+00:00,
Tecno Phantom 9 AB7,AB7,V501,,2 GB,MT6765,2020-12-07,201207,Tecno_Phantom_9_AB7_MT6765_V501_201207.zip,https://naijarom.com/tecno-phantom-9-ab7,2026-09-22T00:52:55.119255+00:00,
Tecno Phantom 9 AB7,AB7,V517,,2.17 GB,MT6765,2027-01-21,210127,Tecno_Phantom_9_AB7_MT6765_V517_210127.zip,https://naijarom.com/tecno-phantom-9-ab7,2026-09-22T00:52:55.119274+00:00,
Tecno Phantom 9 AB7,AB7,V551,,2 GB,MT6765,2023-06-21,210623,Tecno_Phantom_9_AB7_MT6765_V551_210623.zip,https://naijarom.com/tecno-phantom-9-ab7,2026-09-22T00:52:55.119291+00:00,
Tecno Phantom A6S,A6S,,,,,,,,https://naijarom.com/tecno-phantom-a6s,2026-09-22T00:52:59.880876+00:00,no firmware versions found on page
Tecno Phantom V Fold AD10,AD10,V2649,,5.82 GB,MT6983,2023-02-02,230202,Tecno_Phantom_V_Fold_AD10_MT6983_V2649_230202.zip,https://naijarom.com/tecno-phantom-v-fold-ad10,2026-09-22T00:53:06.422192+00:00,
Tecno Phantom V Fold AD10,AD10,15.1.3.115SP05,GL001PF001AZ,7.99 GB,MT6983,2029-01-26,260129,Tecno_Phantom_V_Fold_AD10_MT6983_15.1.3.115SP05_GL001PF001AZ_260129_MXML.zip,https://naijarom.com/tecno-phantom-v-fold-ad10,2026-09-22T00:53:06.422606+00:00,
Tecno Phantom V Fold 2 5G AE10,AE10,15.1.3.122SP05,IN001PF001AZ,8.73 GB,MT6983,2026-04-03,260403,Tecno_Phantom_V_Fold_2_5G_AE10_MT6983_15.1.3.122SP05_IN001PF001AZ_260403_MXML.zip,https://naijarom.com/tecno-phantom-v-fold-2-5g-ae10,2026-09-22T00:53:11.652381+00:00,
Tecno Phantom V Fold 2 5G AE10,AE10,15.1.3.122SP05,OP001PF001AZ,8.77 GB,MT6983,2026-03-04,260304,Tecno_Phantom_V_Fold_2_5G_AE10_MT6983_15.1.3.122SP05_OP001PF001AZ_260304_MXML.zip,https://naijarom.com/tecno-phantom-v-fold-2-5g-ae10,2026-09-22T00:53:11.652410+00:00,
Tecno Phantom V Fold 2 5G AE10,AE10,15.1.3.135SP01,IN001PF001AZ,8.73 GB,MT6983,2022-06-26,260622,Tecno_Phantom_V_Fold_2_AE10_MT6983_15.1.3.135SP01_IN001PF001AZ_260622_MXML.zip,https://naijarom.com/tecno-phantom-v-fold-2-5g-ae10,2026-09-22T00:53:11.652427+00:00,
Tecno Phantom V  Yoga AD11,AD11,V944,,7.22 GB,MT6893,2022-10-24,241022,Tecno_Phantom_V_Yoga_AD11_MT6893_V944_241022.zip,https://naijarom.com/tecno-phantom-v-yoga-ad11,2026-09-22T00:53:16.899767+00:00,
Tecno Phantom V  Yoga AD11,AD11,V1281,,7.23 GB,MT6893,2025-07-02,250702,Tecno_Phantom_V_Yoga_AD11_MT6893_V1281_250702.zip,https://naijarom.com/tecno-phantom-v-yoga-ad11,2026-09-22T00:53:16.900013+00:00,
Tecno Phantom V  Yoga AD11,AD11,V2733,,5.56 GB,MT6893,2023-08-23,230823,Tecno_Phantom_V_Yoga_AD11_MT6893_V2733_230823.zip,https://naijarom.com/tecno-phantom-v-yoga-ad11,2026-09-22T00:53:16.900179+00:00,
Tecno Phantom V  Yoga AD11,AD11,V3301,,5.63 GB,MT6893,2021-09-23,230921,Tecno_Phantom_V_Yoga_AD11_MT6893_V3301_230921.zip,https://naijarom.com/tecno-phantom-v-yoga-ad11,2026-09-22T00:53:16.900263+00:00,
Tecno Phantom V  Yoga AD11,AD11,V3844,,5.57 GB,MT6893,2023-11-01,231101,Tecno_Phantom_V_Yoga_AD11_MT6893_V3844_231101.zip,https://naijarom.com/tecno-phantom-v-yoga-ad11,2026-09-22T00:53:16.900449+00:00,
Tecno Phantom V  Yoga AD11,AD11,V5525,,5.26 GB,MT6893,2024-06-13,240613,Tecno_Phantom_V_Yoga_AD11_MT6893_V5525_240613.zip,https://naijarom.com/tecno-phantom-v-yoga-ad11,2026-09-22T00:53:16.900693+00:00,
Tecno Phantom V  Yoga AD11,AD11,V5604,,5.75 GB,MT6893,2024-08-06,240806,Tecno_Phantom_V_Yoga_AD11_MT6893_V5604_240806.zip,https://naijarom.com/tecno-phantom-v-yoga-ad11,2026-09-22T00:53:16.900814+00:00,
Tecno Phantom V  Yoga AD11,AD11,V5638,,5.75 GB,MT6893,2023-08-24,240823,Tecno_Phantom_V_Yoga_AD11_MT6893_V5638_240823.zip,https://naijarom.com/tecno-phantom-v-yoga-ad11,2026-09-22T00:53:16.900897+00:00,
Tecno Phantom V  Yoga AD11,AD11,15.1.3.112SP09,,7.31 GB,MT6893,,,Tecno_Phantom_V_Yoga_AD11_MT6893_15.1.3.112SP09_IN001PF001AZ_260112.zip,https://naijarom.com/tecno-phantom-v-yoga-ad11,2026-09-22T00:53:16.900959+00:00,
Tecno Phantom V  Yoga AD11,AD11,15.1.3.122SP03,,7.35 GB,MT6893,,,Tecno_Phantom_V_Yoga_AD11_MT6893_15.1.3.122SP03_IN001PF001AZ_260401.zip,https://naijarom.com/tecno-phantom-v-yoga-ad11,2026-09-22T00:53:16.901019+00:00,
Tecno Phantom V Flip AD11,AD11,V944,,7.22 GB,MT6893,2022-10-24,241022,Tecno_Phantom_V_Flip_AD11_MT6893_V944_241022.zip,https://naijarom.com/tecno-phantom-v-flip-ad11,2026-09-22T00:53:21.262306+00:00,
Tecno Phantom V Flip AD11,AD11,V1208,,7.21 GB,MT6893,2025-02-19,250219,Tecno_Phantom_V_Flip_AD11_MT6893_V1208_250219.zip,https://naijarom.com/tecno-phantom-v-flip-ad11,2026-09-22T00:53:21.262398+00:00,
Tecno Phantom V Flip AD11,AD11,V1281,,7.23 GB,MT6893,2025-07-02,250702,Tecno_Phantom_V_Flip_AD11_MT6893_V1281_250702.zip,https://naijarom.com/tecno-phantom-v-flip-ad11,2026-09-22T00:53:21.262468+00:00,
Tecno Phantom V Flip AD11,AD11,V5604,,5.75 GB,MT6893,2024-08-06,240806,Tecno_Phantom_V_Flip_AD11_MT6893_V5604_240806.zip,https://naijarom.com/tecno-phantom-v-flip-ad11,2026-09-22T00:53:21.262578+00:00,
Tecno Phantom V Flip AD11,AD11,V5638,,5.75 GB,MT6893,2023-08-24,240823,Tecno_Phantom_V_Flip_AD11_MT6893_V5638_240823.zip,https://naijarom.com/tecno-phantom-v-flip-ad11,2026-09-22T00:53:21.262609+00:00,
Tecno Phantom V Flip AD11,AD11,15.1.3.112SP09,,7.31 GB,MT6893,,,Tecno_Phantom_V_Flip_AD11_MT6893_15.1.3.112SP09_IN001PF001AZ_260112.zip,https://naijarom.com/tecno-phantom-v-flip-ad11,2026-09-22T00:53:21.262673+00:00,
Tecno Phantom V Flip AD11,AD11,15.1.3.122SP03,,7.35 GB,MT6893,,,Tecno_Phantom_V_Flip_AD11_MT6893_15.1.3.122SP03_IN001PF001AZ_260401.zip,https://naijarom.com/tecno-phantom-v-flip-ad11,2026-09-22T00:53:21.262704+00:00,
Tecno Phantom V Flip 2 5G AE11,AE11,15.1.3.112SP12,,8.62 GB,MT6893,,,Tecno_Phantom_V_Flip_2_5G_AE11_MT6893_15.1.3.112SP12_IN001PF001AZ_260119.zip,https://naijarom.com/tecno-phantom-v-flip-2-5g-ae11,2026-09-22T00:53:25.768762+00:00,
Tecno Phantom V Flip 2 5G AE11,AE11,15.1.3.122SP07,,8.63 GB,MT6893,,,Tecno_Phantom_V_Flip_2_5G_AE11_MT6893_15.1.3.122SP07_IN001PF001AZ_260410.zip,https://naijarom.com/tecno-phantom-v-flip-2-5g-ae11,2026-09-22T00:53:25.768827+00:00,
Tecno Phantom V2 Flip AE11,V2,V3525,,5.42 GB,MT6893,2024-07-11,240711,Tecno_Phantom_V2_Flip_AE11_MT6893_V3525_240711.zip,https://naijarom.com/tecno-phantom-v2-flip-ae11,2026-09-22T00:53:30.713431+00:00,
Tecno Phantom V2 Flip AE11,V2,15.1.3.112SP12,,8.62 GB,MT6893,,,Tecno_Phantom_V2_Flip_AE11_MT6893_15.1.3.112SP12_IN001PF001AZ_260119.zip,https://naijarom.com/tecno-phantom-v2-flip-ae11,2026-09-22T00:53:30.713900+00:00,
Tecno Phantom V2 Flip AE11,V2,15.1.3.122SP07,,8.63 GB,MT6893,,,Tecno_Phantom_V2_Flip_AE11_MT6893_15.1.3.122SP07_IN001PF001AZ_260410.zip,https://naijarom.com/tecno-phantom-v2-flip-ae11,2026-09-22T00:53:30.713964+00:00,
Tecno Phantom X AC8,AC8,V2219,,4.47 GB,MT6785,2029-07-22,220729,Tecno_Phantom_X_AC8_MT6785_V2219_220729.zip,https://naijarom.com/tecno-phantom-x-ac8,2026-09-22T00:53:35.882326+00:00,
Tecno Phantom X AC8,AC8,V2274,,4.22 GB,MT6785,2024-02-23,230224,Tecno_Phantom_X_AC8_MT6785_V2274_230224.zip,https://naijarom.com/tecno-phantom-x-ac8,2026-09-22T00:53:35.882377+00:00,
Tecno Phantom X AC8,AC8,V2309,,4.27 GB,MT6785,2023-06-15,230615,Tecno_Phantom_X_AC8_MT6785_V2309_230615.zip,https://naijarom.com/tecno-phantom-x-ac8,2026-09-22T00:53:35.882425+00:00,
Tecno Phantom X Pro AC8,AC8,V607,,3.74 GB,MT6785,2021-03-15,210315,Tecno_Phantom_X_Pro_AC8_MT6785_V607_210315.zip,https://naijarom.com/tecno-phantom-x-pro-ac8,2026-09-22T00:53:41.108609+00:00,
Tecno Phantom X Pro AC8,AC8,V1093,,3.81 GB,MT6785,2028-04-21,210428,Tecno_Phantom_X_Pro_AC8_MT6785_V1093_210428.zip,https://naijarom.com/tecno-phantom-x-pro-ac8,2026-09-22T00:53:41.108672+00:00,
Tecno Phantom X Pro AC8,AC8,V1283,,3.94 GB,MT6785,2025-05-21,210525,Tecno_Phantom_X_Pro_AC8_MT6785_V1283_210525.zip,https://naijarom.com/tecno-phantom-x-pro-ac8,2026-09-22T00:53:41.108720+00:00,
Tecno Phantom X Pro AC8,AC8,V1298,,3.68 GB,MT6785,2028-05-21,210528,Tecno_Phantom_X_Pro_AC8_MT6785_V1298_210528.zip,https://naijarom.com/tecno-phantom-x-pro-ac8,2026-09-22T00:53:41.108766+00:00,
Tecno Phantom X Pro AC8,AC8,V1434,,3.93 GB,MT6785,2030-06-21,210630,Tecno_Phantom_X_Pro_AC8_MT6785_V1434_210630.zip,https://naijarom.com/tecno-phantom-x-pro-ac8,2026-09-22T00:53:41.108811+00:00,
Tecno Phantom X Pro AC8,AC8,V1738,,4.3 GB,MT6785,2021-10-21,211021,Tecno_Phantom_X_Pro_AC8_MT6785_V1738_211021.zip,https://naijarom.com/tecno-phantom-x-pro-ac8,2026-09-22T00:53:41.108856+00:00,
Tecno Phantom X Pro AC8,AC8,V1955,,4.41 GB,MT6785,2021-12-02,211202,Tecno_Phantom_X_Pro_AC8_MT6785_V1955_211202.zip,https://naijarom.com/tecno-phantom-x-pro-ac8,2026-09-22T00:53:41.108902+00:00,
Tecno Phantom X Pro AC8,AC8,V2128,,4.42 GB,MT6785,2022-03-10,220310,Tecno_Phantom_X_Pro_AC8_MT6785_V2128_220310.zip,https://naijarom.com/tecno-phantom-x-pro-ac8,2026-09-22T00:53:41.108949+00:00,
Tecno Phantom X Pro AC8,AC8,V2274,,4.22 GB,MT6785,2024-02-23,230224,Tecno_Phantom_X_Pro_AC8_MT6785_V2274_230224.zip,https://naijarom.com/tecno-phantom-x-pro-ac8,2026-09-22T00:53:41.109030+00:00,
Tecno Phantom X Pro AC8,AC8,V2309,,4.27 GB,MT6785,2023-06-15,230615,Tecno_Phantom_X_Pro_AC8_MT6785_V2309_230615.zip,https://naijarom.com/tecno-phantom-x-pro-ac8,2026-09-22T00:53:41.109073+00:00,
Tecno Phantom X2 5G AD8,X2,V1910,,5.41 GB,MT6983,2022-11-16,221116,Tecno_Phantom_X2_5G_AD8_MT6983_V1910_221116.zip,https://naijarom.com/tecno-phantom-x2-5g-ad8,2026-09-22T00:53:48.577414+00:00,
Tecno Phantom X2 Pro AD9,X2,V523,,6.14 GB,MT6983,2024-01-04,240104,Tecno_Phantom_X2_Pro_AD9_MT6983_V523_240104.zip,https://naijarom.com/tecno-phantom-x2-pro-ad9,2026-09-22T00:53:53.655091+00:00,
Tecno Phantom Z Mini,,,,,,,,,https://naijarom.com/tecno-phantom-z-mini,2026-09-22T00:53:58.896981+00:00,no firmware versions found on page
Tecno Phonepad 3 PP7F Pro,PP7F,,,,,,,,https://naijarom.com/tecno-phonepad-3-pp7f-pro,2026-09-22T00:54:05.780081+00:00,no firmware versions found on page
Tecno PhonePad 7E,,,,,,,,,https://naijarom.com/tecno-phonepad-7e,2026-09-22T00:54:11.067607+00:00,no firmware versions found on page
Tecno Phonepad 7II PP7E-DLA1,PP7E,,,,,,,,https://naijarom.com/tecno-phonepad-7ii-pp7e-dla1,2026-09-22T00:54:16.092458+00:00,no firmware versions found on page
Tecno Pop 1S,,,,,,,,,https://naijarom.com/tecno-pop-1s,2026-09-22T00:54:20.731335+00:00,no firmware versions found on page
Tecno Pop 1S Pro,,,,,,,,,https://naijarom.com/tecno-pop-1s-pro,2026-09-22T00:54:25.856291+00:00,no firmware versions found on page
Tecno Pop 2 B1,B1,V124,,812 MB,MT6580,,181117,Tecno_Pop_2_B1_MT6580_V124_181117.zip,https://naijarom.com/tecno-pop-2-b1,2026-09-22T00:54:30.998387+00:00,
Tecno Pop 2 B1,B1,V142,,853 MB,MT6580,2030-09-19,190930,Tecno_Pop_2_B1_MT6580_V142_190930.zip,https://naijarom.com/tecno-pop-2-b1,2026-09-22T00:54:30.998452+00:00,
Tecno Pop 2 B1S,B1S,,,,,,,,https://naijarom.com/tecno-pop-2-b1s,2026-09-22T00:54:36.161349+00:00,no firmware versions found on page
Tecno Pop 2 Air SA7S,SA7S,,,,,,,,https://naijarom.com/tecno-pop-2-air-sa7s,2026-09-22T00:54:41.017339+00:00,no firmware versions found on page
Tecno Pop 2 Air SC7S,SC7S,,,,,,,,https://naijarom.com/tecno-pop-2-air-sc7s,2026-09-22T00:54:45.980629+00:00,no firmware versions found on page
Tecno Pop 2 Plus BA2,BA2,V321,,948 MB,MT6580,2029-09-19,190929,Tecno_Pop_2_Plus_BA2_MT6580_V321_190929.zip,https://naijarom.com/tecno-pop-2-plus-ba2,2026-09-22T00:54:50.452301+00:00,
Tecno Pop 2 Plus BA2,BA2,V498,,953 MB,MT6580,2030-11-20,201130,Tecno_Pop_2_Plus_BA2_MT6580_V498_201130.zip,https://naijarom.com/tecno-pop-2-plus-ba2,2026-09-22T00:54:50.452369+00:00,
Tecno Pop 2 Plus BA2,BA2,V543,,957 MB,MT6580,2021-03-19,210319,Tecno_Pop_2_Plus_BA2_MT6580_V543_210319.zip,https://naijarom.com/tecno-pop-2-plus-ba2,2026-09-22T00:54:50.452424+00:00,
Tecno Pop 2 Plus BA2,BA2,V553,,957 MB,MT6580,2027-05-21,210527,Tecno_Pop_2_Plus_BA2_MT6580_V553_210527.zip,https://naijarom.com/tecno-pop-2-plus-ba2,2026-09-22T00:54:50.452478+00:00,
Tecno Pop 2 Plus RB8S,RB8S,,,,,,,,https://naijarom.com/tecno-pop-2-plus-rb8s,2026-09-22T00:54:55.019606+00:00,no firmware versions found on page
Tecno Pop 2 Power B1P,B1P,V184,,889 MB,MT6580,2029-09-19,190929,Tecno_Pop_2_Power_B1P_MT6580_V184_190929.zip,https://naijarom.com/tecno-pop-2-power-b1p,2026-09-22T00:55:00.516047+00:00,
Tecno Pop 2 Pro B2,B2,V141,,941 MB,MT6580,2029-09-19,190929,Tecno_Pop_2_Pro_B2_MT6580_V141_190929.zip,https://naijarom.com/tecno-pop-2-pro-b2,2026-09-22T00:55:05.672176+00:00,
Tecno Pop 2 Pro B2,B2,V154,,941 MB,MT6580,2029-09-19,190929,Tecno_Pop_2_Pro_B2_MT6580_V154_190929.zip,https://naijarom.com/tecno-pop-2-pro-b2,2026-09-22T00:55:05.672230+00:00,
Tecno Pop 2F B1C,B1C,,,,,,,,https://naijarom.com/tecno-pop-2f-b1c,2026-09-22T00:55:10.627573+00:00,no firmware versions found on page
Tecno Pop 2F B1G,B1G,,,,,,,,https://naijarom.com/tecno-pop-2f-b1g,2026-09-22T00:55:15.753579+00:00,no firmware versions found on page
Tecno Pop 2S KB2H,KB2H,V167,,1023 MB,MT6761,,191012,Tecno_Pop_2S_KB2H_MT6761_V167_191012.zip,https://naijarom.com/tecno-pop-2s-kb2h,2026-09-22T00:55:20.722757+00:00,
Tecno Pop 2S RA8,RA8,V194,,1.48 GB,MT6761,,191018,Tecno_Pop_2S_RA8_MT6761_V194_191018.zip,https://naijarom.com/tecno-pop-2s-ra8,2026-09-22T00:55:25.715428+00:00,
Tecno Pop 2S RA8,RA8,V195,,1.49 GB,MT6761,2027-07-20,200727,Tecno_Pop_2S_RA8_MT6761_V195_200727.zip,https://naijarom.com/tecno-pop-2s-ra8,2026-09-22T00:55:25.715482+00:00,
Tecno Pop 2S RA8,RA8,V196,,1.48 GB,MT6761,,191015,Tecno_Pop_2S_RA8_MT6761_V196_191015.zip,https://naijarom.com/tecno-pop-2s-ra8,2026-09-22T00:55:25.715523+00:00,
Tecno Pop 2X RB7S,RB7S,,,,,,,,https://naijarom.com/tecno-pop-2x-rb7s,2026-09-22T00:55:30.775591+00:00,no firmware versions found on page
Tecno Pop 2X Air RB6S,RB6S,,,,,,,,https://naijarom.com/tecno-pop-2x-air-rb6s,2026-09-22T00:55:35.963556+00:00,no firmware versions found on page
Tecno Pop 2X Plus RB8S,RB8S,,,,,,,,https://naijarom.com/tecno-pop-2x-plus-rb8s,2026-09-22T00:55:40.817022+00:00,no firmware versions found on page
Tecno Pop 3 BB2,BB2,V010,,1.91 GB,MT6580,2021-06-18,210618,Tecno_Pop_3_BB2_MT6580_V010_210618.zip,https://naijarom.com/tecno-pop-3-bb2,2026-09-22T00:55:45.794127+00:00,
Tecno Pop 3 BB2,BB2,V012,,1.93 GB,MT6580,2021-10-11,211011,Tecno_Pop_3_BB2_MT6580_V012_211011.zip,https://naijarom.com/tecno-pop-3-bb2,2026-09-22T00:55:45.794196+00:00,
Tecno Pop 3 BB2,BB2,V014,,1.93 GB,MT6580,2022-02-22,220222,Tecno_Pop_3_BB2_MT6580_V014_220222.zip,https://naijarom.com/tecno-pop-3-bb2,2026-09-22T00:55:45.794233+00:00,
Tecno Pop 3 BB2,BB2,V016,,1.95 GB,MT6580,2027-05-22,220527,Tecno_Pop_3_BB2_MT6580_V016_220527.zip,https://naijarom.com/tecno-pop-3-bb2,2026-09-22T00:55:45.794288+00:00,
Tecno Pop 3 Plus BB4,BB4,V372,,1 GB,MT6761,2021-03-11,210311,Tecno_Pop_3_Plus_BB4_MT6761_V372_210311.zip,https://naijarom.com/tecno-pop-3-plus-bb4,2026-09-22T00:55:51.295044+00:00,
Tecno Pop 3 Plus BB4,BB4,V397,,1.06 GB,MT6761,2021-07-05,210705,Tecno_Pop_3_Plus_BB4_MT6761_V397_210705.zip,https://naijarom.com/tecno-pop-3-plus-bb4,2026-09-22T00:55:51.295102+00:00,
Tecno Pop 3 Plus BB4,BB4,V406,,1.06 GB,MT6761,2021-11-03,211103,Tecno_Pop_3_Plus_BB4_MT6761_V406_211103.zip,https://naijarom.com/tecno-pop-3-plus-bb4,2026-09-22T00:55:51.295159+00:00,
Tecno Pop 3 Plus BB4,BB4,V418,,1.06 GB,MT6761,2022-01-09,220109,Tecno_Pop_3_Plus_BB4_MT6761_V418_220109.zip,https://naijarom.com/tecno-pop-3-plus-bb4,2026-09-22T00:55:51.295212+00:00,
Tecno Pop 3 Plus BB4,BB4,V422,,1.06 GB,MT6761,2022-03-15,220315,Tecno_Pop_3_Plus_BB4_MT6761_V422_220315.zip,https://naijarom.com/tecno-pop-3-plus-bb4,2026-09-22T00:55:51.295257+00:00,
Tecno Pop 3 Plus BB4,BB4,V316,,1.06 GB,MT6761,2020-11-06,201106,Tecno_Pop_3_Plus_BB4_MT6761_V316_201106.zip,https://naijarom.com/tecno-pop-3-plus-bb4,2026-09-22T00:55:51.295301+00:00,
Tecno Pop 4,MT6580,V011,,2 GB,MT6580,2020-12-16,201216,Tecno_Pop_4_MT6580_V011_201216.zip,https://naijarom.com/tecno-pop-4,2026-09-22T00:55:56.456307+00:00,
Tecno Pop 4,MT6580,V012,,2 GB,MT6580,2021-02-03,210203,Tecno_Pop_4_MT6580_V012_210203.zip,https://naijarom.com/tecno-pop-4,2026-09-22T00:55:56.456339+00:00,
Tecno Pop 4 Air BC1,BC1,V009,,1.8 GB,MT6580,2021-03-12,210312,Tecno_Pop_4_Air_BC1_MT6580_V009_210312.zip,https://naijarom.com/tecno-pop-4-air-bc1,2026-09-22T00:56:01.650608+00:00,
Tecno Pop 4 Air BC1,BC1,V011,,1.87 GB,MT6580,2021-07-09,210709,Tecno_Pop_4_Air_BC1_MT6580_V011_210709.zip,https://naijarom.com/tecno-pop-4-air-bc1,2026-09-22T00:56:01.650679+00:00,
Tecno Pop 4 Air BC1,BC1,V013,,1.87 GB,MT6580,2021-09-16,210916,Tecno_Pop_4_Air_BC1_MT6580_V013_210916.zip,https://naijarom.com/tecno-pop-4-air-bc1,2026-09-22T00:56:01.650757+00:00,
Tecno Pop 4 Air BC1,BC1,V014,,1.87 GB,MT6580,2021-11-15,211115,Tecno_Pop_4_Air_BC1_MT6580_V014_211115.zip,https://naijarom.com/tecno-pop-4-air-bc1,2026-09-22T00:56:01.650805+00:00,
Tecno Pop 4 Air BC1,BC1,V016,,1.86 GB,MT6580,2022-03-07,220307,Tecno_Pop_4_Air_BC1_MT6580_V016_220307.zip,https://naijarom.com/tecno-pop-4-air-bc1,2026-09-22T00:56:01.650892+00:00,
Tecno Pop 4 Air BC1,BC1,V017,,1.9 GB,MT6580,2022-05-13,220513,Tecno_Pop_4_Air_BC1_MT6580_V017_220513.zip,https://naijarom.com/tecno-pop-4-air-bc1,2026-09-22T00:56:01.650941+00:00,
Tecno Pop 4 Air BC1,BC1,V019,,1.9 GB,MT6580,2020-09-22,220920,Tecno_Pop_4_Air_BC1_MT6580_V019_220920.zip,https://naijarom.com/tecno-pop-4-air-bc1,2026-09-22T00:56:01.650989+00:00,
Tecno Pop 4 BC1S,BC1S,V004,,2.17 GB,MT6739,2020-12-08,201208,Tecno_Pop_4_BC1S_MT6739_V004_201208.zip,https://naijarom.com/tecno-pop-4-bc1s,2026-09-22T00:56:06.813921+00:00,
Tecno Pop 4 BC1S,BC1S,V007,,2 GB,MT6739,2021-03-19,210319,Tecno_Pop_4_BC1S_MT6739_V007_210319.zip,https://naijarom.com/tecno-pop-4-bc1s,2026-09-22T00:56:06.813981+00:00,
Tecno Pop 4 BC1S,BC1S,V012,,2.21 GB,MT6739,2030-08-21,210830,Tecno_Pop_4_BC1S_MT6739_V012_210830.zip,https://naijarom.com/tecno-pop-4-bc1s,2026-09-22T00:56:06.814026+00:00,
Tecno Pop 4 BC1S,BC1S,V013,,2.21 GB,MT6739,2021-11-09,211109,Tecno_Pop_4_BC1S_MT6739_V013_211109.zip,https://naijarom.com/tecno-pop-4-bc1s,2026-09-22T00:56:06.814065+00:00,
Tecno Pop 4 BC1S,BC1S,V015,,2.21 GB,MT6739,2022-03-08,220308,Tecno_Pop_4_BC1S_MT6739_V015_220308.zip,https://naijarom.com/tecno-pop-4-bc1s,2026-09-22T00:56:06.814105+00:00,
Tecno Pop 4 BC1S,BC1S,V016,,2.23 GB,MT6739,2022-05-10,220510,Tecno_Pop_4_BC1S_MT6739_V016_220510.zip,https://naijarom.com/tecno-pop-4-bc1s,2026-09-22T00:56:06.814159+00:00,
Tecno Pop 4 BC1S,BC1S,V018,,2.23 GB,MT6739,2023-09-22,220923,Tecno_Pop_4_BC1S_MT6739_V018_220923.zip,https://naijarom.com/tecno-pop-4-bc1s,2026-09-22T00:56:06.814199+00:00,
Tecno Pop 4 BC1S,BC1S,V019,,2.23 GB,MT6739,2022-11-07,221107,Tecno_Pop_4_BC1S_MT6739_V019_221107.zip,https://naijarom.com/tecno-pop-4-bc1s,2026-09-22T00:56:06.814242+00:00,
Tecno Pop 4 BC1S,BC1S,V021,,2.23 GB,MT6739,2021-02-23,230221,Tecno_Pop_4_BC1S_MT6739_V021_230221.zip,https://naijarom.com/tecno-pop-4-bc1s,2026-09-22T00:56:06.814281+00:00,
Tecno Pop 4 BC2,BC2,V002,,2 GB,MT6580,2020-06-01,200601,Tecno_Pop_4_BC2_MT6580_V002_200601.zip,https://naijarom.com/tecno-pop-4-bc2,2026-09-22T00:56:11.890523+00:00,
Tecno Pop 4 BC2,BC2,V014,,2 GB,MT6580,2021-05-31,210531,Tecno_Pop_4_BC2_MT6580_V014_210531.zip,https://naijarom.com/tecno-pop-4-bc2,2026-09-22T00:56:11.890555+00:00,
Tecno Pop 4 BC2,BC2,V018,,2.06 GB,MT6580,2022-02-22,220222,Tecno_Pop_4_BC2_MT6580_V018_220222.zip,https://naijarom.com/tecno-pop-4-bc2,2026-09-22T00:56:11.890594+00:00,
Tecno Pop 4 BC2,BC2,V019,,2.06 GB,MT6580,2022-05-03,220503,Tecno_Pop_4_BC2_MT6580_V019_220503.zip,https://naijarom.com/tecno-pop-4-bc2,2026-09-22T00:56:11.890630+00:00,
Tecno Pop 4 BC2C,BC2C,,,,,,,,https://naijarom.com/tecno-pop-4-bc2c,2026-09-22T00:56:17.392616+00:00,no firmware versions found on page
Tecno Pop 4 Pro BC3,BC3,V031,,2.11 GB,MT6739,2023-04-21,210423,Tecno_Pop_4_Pro_BC3_MT6739_V031_210423.zip,https://naijarom.com/tecno-pop-4-pro-bc3,2026-09-22T00:56:22.513046+00:00,
Tecno Pop 4 Pro BC3,BC3,V033,,2.13 GB,MT6739,2021-07-08,210708,Tecno_Pop_4_Pro_BC3_MT6739_V033_210708.zip,https://naijarom.com/tecno-pop-4-pro-bc3,2026-09-22T00:56:22.513099+00:00,
Tecno Pop 4 Pro BC3,BC3,V038,,3.88 GB,MT6739,2027-04-22,220427,Tecno_Pop_4_Pro_BC3_MT6739_V038_220427.zip,https://naijarom.com/tecno-pop-4-pro-bc3,2026-09-22T00:56:22.513154+00:00,
Tecno Pop 4 Pro BC3,BC3,V041,,3.88 GB,MT6739,2030-08-22,220830,Tecno_Pop_4_Pro_BC3_MT6739_V041_220830.zip,https://naijarom.com/tecno-pop-4-pro-bc3,2026-09-22T00:56:22.513198+00:00,
Tecno Pop 4 Pro BC3,BC3,V044,,2.16 GB,MT6739,2023-04-19,230419,Tecno_Pop_4_Pro_BC3_MT6739_V044_230419.zip,https://naijarom.com/tecno-pop-4-pro-bc3,2026-09-22T00:56:22.513240+00:00,
Tecno Pop 5 BD1,BD1,,,,,,,,https://naijarom.com/tecno-pop-5-bd1,2026-09-22T00:56:27.255918+00:00,no firmware versions found on page
Tecno Pop 5 BD2,BD2,,,,,,,,https://naijarom.com/tecno-pop-5-bd2,2026-09-22T00:56:32.435539+00:00,no firmware versions found on page
Tecno Pop 5 BD2D,BD2D,,,,,,,,https://naijarom.com/tecno-pop-5-bd2d,2026-09-22T00:56:37.496032+00:00,no firmware versions found on page
Tecno Pop 5 BD2P,BD2P,,,,,,,,https://naijarom.com/tecno-pop-5-bd2p,2026-09-22T00:56:42.689283+00:00,no firmware versions found on page
Tecno Pop 5 BD3,BD3,V015,,1.69 GB,MT6580,2021-06-17,210617,Tecno_Pop_5_BD3_MT6580_V015_210617.zip,https://naijarom.com/tecno-pop-5-bd3,2026-09-22T00:56:47.828297+00:00,
Tecno Pop 5 BD3,BD3,V017,,1.69 GB,MT6580,2021-07-07,210707,Tecno_Pop_5_BD3_MT6580_V017_210707.zip,https://naijarom.com/tecno-pop-5-bd3,2026-09-22T00:56:47.828334+00:00,
Tecno Pop 5 BD3,BD3,V024,,1.76 GB,MT6580,2022-03-22,220322,Tecno_Pop_5_BD3_MT6580_V024_220322.zip,https://naijarom.com/tecno-pop-5-bd3,2026-09-22T00:56:47.828369+00:00,
Tecno Pop 5 BD3,BD3,V028,,1.73 GB,MT6580,2030-08-22,220830,Tecno_Pop_5_BD3_MT6580_V028_220830.zip,https://naijarom.com/tecno-pop-5-bd3,2026-09-22T00:56:47.828388+00:00,
Tecno Pop 5 BD3,BD3,V030,,262.6 MB,MT6580,2022-11-02,221102,Tecno_Pop_5_BD3_MT6580_V030_221102.zip,https://naijarom.com/tecno-pop-5-bd3,2026-09-22T00:56:47.828407+00:00,
Tecno Pop 5 BD3,BD3,V034,,1.77 GB,MT6580,2023-03-07,230307,Tecno_Pop_5_BD3_MT6580_V034_230307.zip,https://naijarom.com/tecno-pop-5-bd3,2026-09-22T00:56:47.828425+00:00,
Tecno Pop 5 BD4,BD4,,,,,,,,https://naijarom.com/tecno-pop-5-bd4,2026-09-22T00:56:53.114712+00:00,no firmware versions found on page
Tecno Pop 5 Go BD1,BD1,,,,,,,,https://naijarom.com/tecno-pop-5-go-bd1,2026-09-22T00:56:58.293064+00:00,no firmware versions found on page
Tecno Pop 5 Pro BD4A,BD4A,V174,,1.84 GB,MT6761,2022-02-12,220212,Tecno_Pop_5_Pro_BD4A_MT6761_V174_220212.zip,https://naijarom.com/tecno-pop-5-pro-bd4a,2026-09-22T00:57:02.934398+00:00,
Tecno Pop 5 Pro BD4A,BD4A,V194,,1.80 GB,MT6761,2022-09-09,220909,Tecno_Pop_5_Pro_BD4A_MT6761_V194_220909.zip,https://naijarom.com/tecno-pop-5-pro-bd4a,2026-09-22T00:57:02.934433+00:00,
Tecno Pop 5 Pro BD4A,BD4A,V218,,2.03 GB,MT6761,2022-01-06,220106,Tecno_Pop_5_Pro_BD4A_MT6761_V218_220106.zip,https://naijarom.com/tecno-pop-5-pro-bd4a,2026-09-22T00:57:02.934460+00:00,
Tecno Pop 5 Pro BD4A,BD4A,V253,,2.04 GB,MT6761,2021-02-22,220221,Tecno_Pop_5_Pro_BD4A_MT6761_V253_220221.zip,https://naijarom.com/tecno-pop-5-pro-bd4a,2026-09-22T00:57:02.934483+00:00,
Tecno Pop 5 Pro BD4A,BD4A,V285,,2.85 GB,MT6761,2024-03-22,220324,Tecno_Pop_5_Pro_BD4A_MT6761_V285_220324.zip,https://naijarom.com/tecno-pop-5-pro-bd4a,2026-09-22T00:57:02.934504+00:00,
Tecno Pop 5 Pro BD4A,BD4A,V309,,2.06 GB,MT6761,2022-04-22,220422,Tecno_Pop_5_Pro_BD4A_MT6761_V309_220422.zip,https://naijarom.com/tecno-pop-5-pro-bd4a,2026-09-22T00:57:02.934523+00:00,
Tecno Pop 5 Pro BD4A,BD4A,V331,,2.09 GB,MT6761,2023-08-22,220823,Tecno_Pop_5_Pro_BD4A_MT6761_V331_220823.zip,https://naijarom.com/tecno-pop-5-pro-bd4a,2026-09-22T00:57:02.934542+00:00,
Tecno Pop 5 Pro BD4A,BD4A,V337,,2.06 GB,MT6761,2021-09-22,220921,Tecno_Pop_5_Pro_BD4A_MT6761_V337_220921.zip,https://naijarom.com/tecno-pop-5-pro-bd4a,2026-09-22T00:57:02.934563+00:00,
Tecno Pop 5 Pro BD4A,BD4A,V343,,2.06 GB,MT6761,2022-11-15,221115,Tecno_Pop_5_Pro_BD4A_MT6761_V343_221115.zip,https://naijarom.com/tecno-pop-5-pro-bd4a,2026-09-22T00:57:02.934581+00:00,
Tecno Pop 5 Pro BD4A,BD4A,V352,,2.06 GB,MT6761,2022-12-12,221212,Tecno_Pop_5_Pro_BD4A_MT6761_V352_221212.zip,https://naijarom.com/tecno-pop-5-pro-bd4a,2026-09-22T00:57:02.934603+00:00,
Tecno Pop 5 Pro BD4A,BD4A,V373,,2.06 GB,MT6761,2023-03-23,230323,Tecno_Pop_5_Pro_BD4A_MT6761_V373_230323.zip,https://naijarom.com/tecno-pop-5-pro-bd4a,2026-09-22T00:57:02.934666+00:00,
Tecno Pop 5 Pro BD4A,BD4A,V397,,2.06 GB,MT6761,2023-06-16,230616,Tecno_Pop_5_Pro_BD4A_MT6761_V397_230616.zip,https://naijarom.com/tecno-pop-5-pro-bd4a,2026-09-22T00:57:02.934725+00:00,
Tecno Pop 5 Pro BD4H,BD4H,V185,,2 GB,MT6761,2022-03-08,220308,Tecno_Pop_5_Pro_BD4H_MT6761_V185_220308.zip,https://naijarom.com/tecno-pop-5-pro-bd4h,2026-09-22T00:57:07.815573+00:00,
Tecno Pop 5 Pro BD4H,BD4H,V253,,2 GB,MT6761,2022-04-22,220422,Tecno_Pop_5_Pro_BD4H_MT6761_V253_220422.zip,https://naijarom.com/tecno-pop-5-pro-bd4h,2026-09-22T00:57:07.815640+00:00,
Tecno Pop 5 Pro BD4H,BD4H,V281,,2.05 GB,MT6761,2022-10-13,221013,Tecno_Pop_5_Pro_BD4H_MT6761_V281_221013.zip,https://naijarom.com/tecno-pop-5-pro-bd4h,2026-09-22T00:57:07.815703+00:00,
Tecno Pop 5 Pro BD4H,BD4H,V287,,2.05 GB,MT6761,2023-02-09,230209,Tecno_Pop_5_Pro_BD4H_MT6761_V287_230209.zip,https://naijarom.com/tecno-pop-5-pro-bd4h,2026-09-22T00:57:07.815754+00:00,
Tecno Pop 5 Pro BD4H,BD4H,V289,,2.05 GB,MT6761,2023-03-02,230302,Tecno_Pop_5_Pro_BD4H_BD4H_MT6761_V289_230302.zip,https://naijarom.com/tecno-pop-5-pro-bd4h,2026-09-22T00:57:07.815810+00:00,
Tecno Pop 5 Pro BD4H,BD4H,V306,,2.05 GB,MT6761,2030-06-23,230630,Tecno_Pop_5_Pro_BD4H_MT6761_V306_230630.zip,https://naijarom.com/tecno-pop-5-pro-bd4h,2026-09-22T00:57:07.815860+00:00,
Tecno Pop 5 Pro BD4H,BD4H,V317,,2.05 GB,MT6761,2023-09-14,230914,Tecno_Pop_5_Pro_BD4H_MT6761_V317_230914.zip,https://naijarom.com/tecno-pop-5-pro-bd4h,2026-09-22T00:57:07.815914+00:00,
Tecno Pop 5P BD3,BD3,V015,,1.69 GB,MT6580,2021-06-17,210617,Tecno_Pop_5P_BD3_MT6580_V015_210617.zip,https://naijarom.com/tecno-pop-5p-bd3,2026-09-22T00:57:13.076521+00:00,
Tecno Pop 5P BD3,BD3,V016,,1.69 GB,MT6580,2021-07-01,210701,Tecno_Pop_5P_BD3_MT6580_V016_210701.zip,https://naijarom.com/tecno-pop-5p-bd3,2026-09-22T00:57:13.076558+00:00,
Tecno Pop 5P BD3,BD3,V017,,1.69 GB,MT6580,2021-07-07,210707,Tecno_Pop_5P_BD3_MT6580_V017_210707.zip,https://naijarom.com/tecno-pop-5p-bd3,2026-09-22T00:57:13.076576+00:00,
Tecno Pop 5P BD3,BD3,V020,,1.76 GB,MT6580,2030-09-21,210930,Tecno_Pop_5P_BD3_MT6580_V020_210930.zip,https://naijarom.com/tecno-pop-5p-bd3,2026-09-22T00:57:13.076592+00:00,
Tecno Pop 5P BD3,BD3,V030,,262 MB,MT6580,2022-11-02,221102,Tecno_Pop_5P_BD3_MT6580_V030_221102.zip,https://naijarom.com/tecno-pop-5p-bd3,2026-09-22T00:57:13.076608+00:00,
Tecno Pop 5S A571LS,A571LS,,,,,,,,https://naijarom.com/tecno-pop-5s-a571ls,2026-09-22T00:57:18.438491+00:00,no firmware versions found on page
Tecno Pop 6 BE7,BE7,V136,,2.05 GB,MT6739,2023-01-04,230104,Tecno_Pop_6_BE7_MT6739_V136_230104.zip,https://naijarom.com/tecno-pop-6-be7,2026-09-22T00:57:23.691778+00:00,
Tecno Pop 6 BE7,BE7,V642,,2 GB,MT6739,2022-05-07,220507,Tecno_Pop_6_BE7_MT6739_V642_220507.zip,https://naijarom.com/tecno-pop-6-be7,2026-09-22T00:57:23.691832+00:00,
Tecno Pop 6 BE7,BE7,V713,,2 GB,MT6739,2022-06-02,220602,Tecno_Pop_6_BE7_MT6739_V713_220602.zip,https://naijarom.com/tecno-pop-6-be7,2026-09-22T00:57:23.691852+00:00,
Tecno Pop 6 BE7,BE7,V803,,2 GB,MT6739,2028-10-22,221028,Tecno_Pop_6_BE7_MT6739_V803_221028.zip,https://naijarom.com/tecno-pop-6-be7,2026-09-22T00:57:23.691871+00:00,
Tecno Pop 6 BE7,BE7,V832,,2 GB,MT6739,2023-01-05,230105,Tecno_Pop_6_BE7_MT6739_V832_230105.zip,https://naijarom.com/tecno-pop-6-be7,2026-09-22T00:57:23.691889+00:00,
Tecno Pop 6 Go BE6,BE6,,,,,,,,https://naijarom.com/tecno-pop-6-go-be6,2026-09-22T00:57:29.018651+00:00,no firmware versions found on page
Tecno Pop 6 Go BE6J,BE6J,,,,,,,,https://naijarom.com/tecno-pop-6-go-be6j,2026-09-22T00:57:33.938217+00:00,no firmware versions found on page
Tecno Pop 6 Pro BE8,BE8,V156,,1.88 GB,MT6761,2022-10-18,221018,Tecno_Pop_6_Pro_BE8_MT6761_V156_221018.zip,https://naijarom.com/tecno-pop-6-pro-be8,2026-09-22T00:57:38.941667+00:00,
Tecno Pop 6 Pro BE8,BE8,V163,,1.88 GB,MT6761,2023-02-14,230214,Tecno_Pop_6_Pro_BE8_MT6761_V163_230214.zip,https://naijarom.com/tecno-pop-6-pro-be8,2026-09-22T00:57:38.941702+00:00,
Tecno Pop 6 Pro BE8,BE8,V200,,1.81 GB,MT6761,2023-11-13,231113,Tecno_Pop_6_Pro_BE8_MT6761_V200_231113.zip,https://naijarom.com/tecno-pop-6-pro-be8,2026-09-22T00:57:38.941746+00:00,
Tecno Pop 6 Pro BE8,BE8,V381,,1.81 GB,MT6761,2024-01-12,240112,Tecno_Pop_6_Pro_BE8_MT6761_V381_240112.zip,https://naijarom.com/tecno-pop-6-pro-be8,2026-09-22T00:57:38.941764+00:00,
Tecno Pop 6 Pro BE8,BE8,V384,,1.81 GB,MT6761,2024-03-19,240319,Tecno_Pop_6_Pro_BE8_MT6761_V384_240319.zip,https://naijarom.com/tecno-pop-6-pro-be8,2026-09-22T00:57:38.941782+00:00,
Tecno Pop 6 Pro BE8,BE8,V893,,1.93 GB,MT6761,2023-03-13,230313,Tecno_Pop_6_Pro_BE8_MT6761_V893_230313.zip,https://naijarom.com/tecno-pop-6-pro-be8,2026-09-22T00:57:38.941868+00:00,
Tecno Pop 6 Pro BE8,BE8,V965,,1.93 GB,MT6761,2023-07-13,230713,Tecno_Pop_6_Pro_BE8_MT6761_V965_230713.zip,https://naijarom.com/tecno-pop-6-pro-be8,2026-09-22T00:57:38.941887+00:00,
Tecno Pop 6 Pro BE8,BE8,V1011,,1.86 GB,MT6761,2024-01-12,240112,Tecno_Pop_6_Pro_BE8_MT6761_V1011_240112.zip,https://naijarom.com/tecno-pop-6-pro-be8,2026-09-22T00:57:38.941920+00:00,
Tecno Pop 6 Pro BE8,BE8,V1201,,1.86 GB,MT6761,2024-05-07,240507,Tecno_Pop_6_Pro_BE8_MT6761_V1201_240507.zip,https://naijarom.com/tecno-pop-6-pro-be8,2026-09-22T00:57:38.941950+00:00,
Tecno Pop 6 Pro BE8,BE8,V1212,,1.86 GB,MT6761,2024-07-09,240709,Tecno_Pop_6_Pro_BE8_MT6761_V1212_240709.zip,https://naijarom.com/tecno-pop-6-pro-be8,2026-09-22T00:57:38.941968+00:00,
Tecno Pop 6 Pro BE8i,MT6739,V783,,1.87 GB,MT6739,2022-12-02,221202,Tecno_Pop_6_Pro_BE8i_MT6739_V783_221202.zip,https://naijarom.com/tecno-pop-6-pro-be8i,2026-09-22T00:57:44.736213+00:00,
Tecno Pop 7 BF6,BF6,,,,,,,,https://naijarom.com/tecno-pop-7-bf6,2026-09-22T00:57:50.058879+00:00,no firmware versions found on page
Tecno Pop 7 Pro BF7H,BF7H,V525,,1.89 GB,MT6761,2020-12-22,221220,Tecno_Pop_7_Pro_BF7H_MT6761_V525_221220.zip,https://naijarom.com/tecno-pop-7-pro-bf7h,2026-09-22T00:57:55.276478+00:00,
Tecno Pop 7 Pro BF7S,BF7S,V128,,2.68 GB,MT6761,2023-03-07,230307,Tecno_Pop_7_Pro_BF7S_MT6761_V128_230307.zip,https://naijarom.com/tecno-pop-7-pro-bf7s,2026-09-22T00:58:00.419534+00:00,
Tecno Pop 7 Pro BF7S,BF7S,V574,,3 GB,MT6761,2023-06-05,230605,Tecno_Pop_7_Pro_BF7S_MT6761_V574_230605.zip,https://naijarom.com/tecno-pop-7-pro-bf7s,2026-09-22T00:58:00.419588+00:00,
Tecno Pop 8 BG6H,BG6H,,,,,,,,https://naijarom.com/tecno-pop-8-bg6h,2026-09-22T00:58:05.712220+00:00,no firmware versions found on page
Tecno Pop 8 BG6i,,,,,,,,,https://naijarom.com/tecno-pop-8-bg6i,2026-09-22T00:58:10.548061+00:00,no firmware versions found on page
Tecno Pop 9 KL4,KL4,,,,,,,,https://naijarom.com/tecno-pop-9-kl4,2026-09-22T00:58:15.292635+00:00,no firmware versions found on page
Tecno Pop 9 4G KL4H,KL4H,,,,,,,,https://naijarom.com/tecno-pop-9-4g-kl4h,2026-09-22T00:58:20.343948+00:00,no firmware versions found on page
Tecno Pop 9 5G KL8H,KL8H,,,,,,,,https://naijarom.com/tecno-pop-9-5g-kl8h,2026-09-22T00:58:26.025195+00:00,no firmware versions found on page
Tecno Pop 10 KM4,KM4,15.1.0.105SP09,OP001PL001M1,4.8 GB,,2025-05-12,120525,Tecno_Pop_10_KM4_15.1.0.105SP09_OP001PL001M1_120525_SPD.zip,https://naijarom.com/tecno-pop-10-km4,2026-09-22T00:58:31.099956+00:00,
Tecno Pop 10 KM4,KM4,15.1.0.113SP02,OP001PL001M1,4.80 GB,,2025-06-12,120625,Tecno_Pop_10_KM4_15.1.0.113SP02_OP001PL001M1_120625_SPD.zip,https://naijarom.com/tecno-pop-10-km4,2026-09-22T00:58:31.099998+00:00,
Tecno Pop 10 KM4,KM4,15.1.0.113SP09,OP001PL001M1,4.80 GB,,2025-06-22,220625,Tecno_Pop_10_KM4_15.1.0.113SP09_OP001PL001M1_220625_SPD.zip,https://naijarom.com/tecno-pop-10-km4,2026-09-22T00:58:31.100037+00:00,
Tecno Pop 10 KM4,KM4,15.1.2.145SP01,IN001PL001AZ,4.79 GB,,2026-01-05,260105,Tecno_Pop_10_KM4_15.1.2.145SP01_IN001PL001AZ_260105_SPD.zip,https://naijarom.com/tecno-pop-10-km4,2026-09-22T00:58:31.100064+00:00,
Tecno Pop 10 KM4,KM4,15.1.0.153SP06,OP001PL001AZ,4.88 GB,,2025-09-22,220925,Tecno_Pop_10_KM4_15.1.0.153SP06_OP001PL001AZ_220925_SPD.zip,https://naijarom.com/tecno-pop-10-km4,2026-09-22T00:58:31.100092+00:00,
Tecno Pop 10 KM4,KM4,15.1.2.165,RU001PL001AZ,4.72 GB,,2026-03-31,260331,Tecno_Pop_10_KM4_15.1.2.165_RU001PL001AZ_260331_SPD.zip,https://naijarom.com/tecno-pop-10-km4,2026-09-22T00:58:31.100123+00:00,
Tecno Pop 10 KM4,KM4,15.1.2.165SP11,IN001PL001AZ,4.72 GB,,2026-05-07,260507,Tecno_Pop_10_KM4_15.1.2.165SP11_IN001PL001AZ_260507_SPD.zip,https://naijarom.com/tecno-pop-10-km4,2026-09-22T00:58:31.100162+00:00,
Tecno Pop 10 Pro KM4,KM4,15.1.0.105SP09,OP001PL001M1,4.80 GB,,2025-05-12,120525,Tecno_Pop_10_Pro_KM4_15.1.0.105SP09_OP001PL001M1_120525_SPD.zip,https://naijarom.com/tecno-pop-10-pro-km4,2026-09-22T00:58:36.212926+00:00,
Tecno Pop 10 Pro KM4,KM4,15.1.0.113SP02,OP001PL001M1,4.80 GB,,2025-06-12,120625,Tecno_Pop_10_Pro_KM4_15.1.0.113SP02_OP001PL001M1_120625_SPD.zip,https://naijarom.com/tecno-pop-10-pro-km4,2026-09-22T00:58:36.212974+00:00,
Tecno Pop 10 Pro KM4,KM4,15.1.0.113SP09,OP001PL001M1,4.80 GB,,2025-06-22,220625,Tecno_Pop_10_Pro_KM4_15.1.0.113SP09_OP001PL001M1_220625_SPD.zip,https://naijarom.com/tecno-pop-10-pro-km4,2026-09-22T00:58:36.213016+00:00,
Tecno Pop 10 Pro KM4,KM4,15.1.2.145SP01,IN001PL001AZ,4.79 GB,,2026-01-05,260105,Tecno_Pop_10_Pro_KM4_15.1.2.145SP01_IN001PL001AZ_260105_SPD.zip,https://naijarom.com/tecno-pop-10-pro-km4,2026-09-22T00:58:36.213062+00:00,
Tecno Pop 10 Pro KM4,KM4,15.1.2.165,RU001PL001AZ,4.72 GB,,2026-03-31,260331,Tecno_Pop_10_Pro_KM4_15.1.2.165_RU001PL001AZ_260331_SPD.zip,https://naijarom.com/tecno-pop-10-pro-km4,2026-09-22T00:58:36.213099+00:00,
Tecno Pop 10 Pro KM4,KM4,15.1.2.165SP11,IN001PL001AZ,4.79 GB,,2026-05-07,260507,Tecno_Pop_10_Pro_KM4_15.1.2.165SP11_IN001PL001AZ_260507_SPD.zip,https://naijarom.com/tecno-pop-10-pro-km4,2026-09-22T00:58:36.213136+00:00,
Tecno Pop 20 KN3,KN3,15.1.2.134SP23,OP001PF001AZ,6.34 GB,,2025-12-01,011225,Tecno_Pop_20_KN3_15.1.2.134SP23_OP001PF001AZ_011225_SPD.zip,https://naijarom.com/tecno-pop-20-kn3,2026-09-22T00:58:41.454447+00:00,
Tecno Pop 20 KN3,KN3,15.1.2.145SP03,IN001PF001AZ,5.35 GB,,2025-12-25,251225,Tecno_Pop_20_KN3_15.1.2.145SP03_IN001PF001AZ_251225_SPD.zip,https://naijarom.com/tecno-pop-20-kn3,2026-09-22T00:58:41.454497+00:00,
Tecno Pop 20 KN3,KN3,15.1.2.145SP03,IN001PF001M1,5.35 GB,,2024-12-25,251224,Tecno_Pop_20_KN3_15.1.2.145SP03_IN001PF001M1_251224_SPD.zip,https://naijarom.com/tecno-pop-20-kn3,2026-09-22T00:58:41.454540+00:00,
Tecno Pop 20 KN3,KN3,15.1.2.145SP08,GTTG001PF001LC,5.52 GB,,2026-01-21,210126,Tecno_Pop_20_KN3_15.1.2.145SP08_GTTG001PF001LC_210126_SPD.zip,https://naijarom.com/tecno-pop-20-kn3,2026-09-22T00:58:41.454579+00:00,
Tecno Pop 20 KN3,KN3,15.1.2.155SP03,OPPJ001PF001PJ,6.48 GB,,2026-01-27,270126,Tecno_Pop_20_KN3_15.1.2.155SP03_OPPJ001PF001PJ_270126_SPD.zip,https://naijarom.com/tecno-pop-20-kn3,2026-09-22T00:58:41.454621+00:00,
Tecno Pop 20 KN3,KN3,15.1.2.155SP03,RU001PF001AZ,5.45 GB,,2026-02-02,020226,Tecno_Pop_20_KN3_15.1.2.155SP03_RU001PF001AZ_020226_SPD.zip,https://naijarom.com/tecno-pop-20-kn3,2026-09-22T00:58:41.454659+00:00,
Tecno Pop 20 KN3,KN3,15.1.2.155SP03,TR001PF001AZ,5.62 GB,,2026-02-05,050226,Tecno_Pop_20_KN3_15.1.2.155SP03_TR001PF001AZ_050226_SPD.zip,https://naijarom.com/tecno-pop-20-kn3,2026-09-22T00:58:41.454696+00:00,
Tecno Pop 20 KN3,KN3,15.1.2.155SP09,ZAVC001PF001LC,5.54 GB,,2026-02-11,110226,Tecno_Pop_20_KN3_15.1.2.155SP09_ZAVC001PF001LC_110226_SPD.zip,https://naijarom.com/tecno-pop-20-kn3,2026-09-22T00:58:41.454734+00:00,
Tecno Pop 20 KN3,KN3,15.1.2.155SP03,IN001PF001AZ,5.4 GB,,2026-02-05,050226,Tecno_Pop_20_KN3_15.1.2.155SP03_IN001PF001AZ_050226_SPD.zip,https://naijarom.com/tecno-pop-20-kn3,2026-09-22T00:58:41.454771+00:00,
Tecno Pop 20 KN3,KN3,15.1.2.155SP03,IN001PF001M1,5.4 GB,,2026-02-05,050226,Tecno_Pop_20_KN3_15.1.2.155SP03_IN001PF001M1_050226_SPD.zip,https://naijarom.com/tecno-pop-20-kn3,2026-09-22T00:58:41.454808+00:00,
Tecno Pop 20 KN3,KN3,15.1.2.155SP03,OP001PF001M1,6.48 GB,,2026-01-23,230126,Tecno_Pop_20_KN3_15.1.2.155SP03_OP001PF001M1_230126_SPD.zip,https://naijarom.com/tecno-pop-20-kn3,2026-09-22T00:58:41.454849+00:00,
Tecno Pop 20 KN3,KN3,15.1.2.155SP03,OP001PF001AZ,6.48 GB,,2026-01-22,220126,Tecno_Pop_20_KN3_15.1.2.155SP03_OP001PF001AZ_220126_SPD.zip,https://naijarom.com/tecno-pop-20-kn3,2026-09-22T00:58:41.454886+00:00,
Tecno Pop 20 KN3,KN3,15.1.2.170SP08,RU001PF001AZ,5.46 GB,,2021-05-26,260521,Tecno_Pop_20_KN3_15.1.2.170SP08_RU001PF001AZ_260521_SPD.zip,https://naijarom.com/tecno-pop-20-kn3,2026-09-22T00:58:41.454923+00:00,
Tecno Pop 20 KN3,KN3,15.1.2.175SP07,IN001PF001AZ,5.63 GB,,2026-06-16,260616,Tecno_Pop_20_KN3_15.1.2.175SP07_IN001PF001AZ_260616_SPD.zip,https://naijarom.com/tecno-pop-20-kn3,2026-09-22T00:58:41.454960+00:00,
Tecno Pop 20 KN3,KN3,15.1.2.175SP07,IN001PF001M1,5.63 GB,,2026-06-16,260616,Tecno_Pop_20_KN3_15.1.2.175SP07_IN001PF001M1_260616_SPD.zip,https://naijarom.com/tecno-pop-20-kn3,2026-09-22T00:58:41.455001+00:00,
Tecno Pop 20 KN3,KN3,15.1.2.175SP07,OP001PF001AZ,6.80 GB,,2026-06-16,260616,Tecno_Pop_20_KN3_15.1.2.175SP07_OP001PF001AZ_260616_SPD.zip,https://naijarom.com/tecno-pop-20-kn3,2026-09-22T00:58:41.455038+00:00,
Tecno Pop 20 KN3,KN3,15.1.2.175SP07,OP001PF001M1,6.80 GB,,2025-06-26,260625,Tecno_Pop_20_KN3_15.1.2.175SP07_OP001PF001M1_260625_SPD.zip,https://naijarom.com/tecno-pop-20-kn3,2026-09-22T00:58:41.455075+00:00,
Tecno Pop 20 KN3,KN3,15.1.2.175SP07,OPPJ001PF001PJ,6.80 GB,,2026-06-16,260616,Tecno_Pop_20_KN3_15.1.2.175SP07_OPPJ001PF001PJ_260616_SPD.zip,https://naijarom.com/tecno-pop-20-kn3,2026-09-22T00:58:41.455114+00:00,
Tecno Pop 20 KN3,KN3,15.1.2.175SP07,TR001PF001AZ,5.77 GB,,2026-06-18,260618,Tecno_Pop_20_KN3_15.1.2.175SP07_TR001PF001AZ_260618_SPD.zip,https://naijarom.com/tecno-pop-20-kn3,2026-09-22T00:58:41.455166+00:00,
Tecno Pop 20 KN3,KN3,15.1.2.185SP08,IN001PF001AZ,5.63 GB,,2026-08-07,260807,Tecno_Pop_20_KN3_15.1.2.185SP08_IN001PF001AZ_260807_SPD.zip,https://naijarom.com/tecno-pop-20-kn3,2026-09-22T00:58:41.455205+00:00,
Tecno Pop BD1,BD1,,,,,,,,https://naijarom.com/tecno-pop-bd1,2026-09-22T00:58:46.572204+00:00,no firmware versions found on page
Tecno Pop Mini 2 SA2S,SA2S,,,,,,,,https://naijarom.com/tecno-pop-mini-2-sa2s,2026-09-22T00:58:51.716183+00:00,no firmware versions found on page
Tecno Pop X KN3,KN3,15.1.2.175SP07,IN001PF001AZ,5.63 GB,,2026-06-16,260616,Tecno_Pop_X_KN3_15.1.2.175SP07_IN001PF001AZ_260616_SPD.zip,https://naijarom.com/tecno-pop-x-kn3,2026-09-22T00:58:56.258318+00:00,
Tecno Pop X KN3,KN3,15.1.2.175SP07,OP001PF001M1,6.80 GB,,2025-06-26,260625,Tecno_Pop_X_KN3_15.1.2.175SP07_OP001PF001M1_260625_SPD.zip,https://naijarom.com/tecno-pop-x-kn3,2026-09-22T00:58:56.258350+00:00,
Tecno Pop X KN3,KN3,15.1.2.175SP07,OPPJ001PF001PJ,6.80 GB,,2026-06-16,260616,Tecno_Pop_X_KN3_15.1.2.175SP07_OPPJ001PF001PJ_260616_SPD.zip,https://naijarom.com/tecno-pop-x-kn3,2026-09-22T00:58:56.258369+00:00,
Tecno Pop X KN3,KN3,15.1.2.175SP07,TR001PF001AZ,5.77 GB,,2026-06-18,260618,Tecno_Pop_X_KN3_15.1.2.175SP07_TR001PF001AZ_260618_SPD.zip,https://naijarom.com/tecno-pop-x-kn3,2026-09-22T00:58:56.258387+00:00,
Tecno Pop X KN3,KN3,15.1.2.185SP08,IN001PF001AZ,5.63 GB,,2026-08-07,260807,Tecno_Pop_X_KN3_15.1.2.185SP08_IN001PF001AZ_260807_SPD.zip,https://naijarom.com/tecno-pop-x-kn3,2026-09-22T00:58:56.258403+00:00,
Tecno Pouvoir 1 LA6,LA6,V165,,2 GB,MT6580,,190812,Tecno_Pouvoir_1_LA6_MT6580_V165_190812.zip,https://naijarom.com/tecno-pouvoir-1-la6,2026-09-22T00:58:59.867861+00:00,
Tecno Pouvoir 2 Air LB6,LB6,V144,,1 GB,MT6580,,190110,Tecno_Pouvoir_2_Air_LB6_MT6580_V144_190110.zip,https://naijarom.com/tecno-pouvoir-2-air-lb6,2026-09-22T00:59:05.185043+00:00,
Tecno Pouvoir 2 LA7,LA7,,,,,,,,https://naijarom.com/tecno-pouvoir-2-la7,2026-09-22T00:59:10.695372+00:00,no firmware versions found on page
Tecno Pouvoir 2 LA7 Pro,LA7,,,,,,,,https://naijarom.com/tecno-pouvoir-2-la7-pro,2026-09-22T00:59:15.691381+00:00,no firmware versions found on page
Tecno Pouvoir 3 Air LC6,LC6,V213,,1.05 GB,MT6761,,190615,Tecno_Pouvoir_3_Air_LC6_MT6761_V213_190615.zip,https://naijarom.com/tecno-pouvoir-3-air-lc6,2026-09-22T00:59:20.768234+00:00,
Tecno Pouvoir 3 Air LC6,LC6,V245,,1 GB,MT6761,,190802,Tecno_Pouvoir_3_Air_LC6_MT6761_V245_190802.zip,https://naijarom.com/tecno-pouvoir-3-air-lc6,2026-09-22T00:59:20.768287+00:00,
Tecno Pouvoir 3 Air LC6A,LC6A,V109,,1 GB,MT6761,2021-11-19,191121,Tecno_Pouvoir_3_Air_LC6A_MT6761_V109_191121.zip,https://naijarom.com/tecno-pouvoir-3-air-lc6a,2026-09-22T00:59:25.631853+00:00,
Tecno Pouvoir 3 Air LC6A,LC6A,V138,,1 GB,MT6761,2020-06-17,200617,Tecno_Pouvoir_3_Air_LC6A_MT6761_V138_200617.zip,https://naijarom.com/tecno-pouvoir-3-air-lc6a,2026-09-22T00:59:25.631904+00:00,
Tecno Pouvoir 3 Air LC6A,LC6A,V173,,1.09 GB,MT6761,2021-06-15,210615,Tecno_Pouvoir_3_Air_LC6A_MT6761_V173_210615.zip,https://naijarom.com/tecno-pouvoir-3-air-lc6a,2026-09-22T00:59:25.631949+00:00,
Tecno Pouvoir 3 LB7,LB7,V213,,1.63 GB,MT6739,2025-04-19,190425,Tecno_Pouvoir_3_LB7_MT6739_V213_190425.zip,https://naijarom.com/tecno-pouvoir-3-lb7,2026-09-22T00:59:30.736752+00:00,
Tecno Pouvoir 3 Plus LB8,LB8,V214,,1.73 GB,MT6765,2025-09-19,190925,Tecno_Pouvoir_3_Plus_LB8_MT6765_V214_190925.zip,https://naijarom.com/tecno-pouvoir-3-plus-lb8,2026-09-22T00:59:36.027482+00:00,
Tecno Pouvoir 3 Plus LB8,LB8,V306,,1.73 GB,MT6765,2021-08-20,200821,Tecno_Pouvoir_3_Plus_LB8_MT6765_V306_200821.zip,https://naijarom.com/tecno-pouvoir-3-plus-lb8,2026-09-22T00:59:36.027540+00:00,
Tecno Pouvoir 3 Plus LB8A,LB8A,V147,,2 GB,MT6765,2029-09-19,190929,Tecno_Pouvoir_3_Plus_LB8A_MT6765_V147_190929.zip,https://naijarom.com/tecno-pouvoir-3-plus-lb8a,2026-09-22T00:59:40.246612+00:00,
Tecno Pouvoir 3 Plus LB8A,LB8A,V184,,2 GB,MT6765,2020-07-08,200708,Tecno_Pouvoir_3_Plus_LB8A_MT6765_V184_200708.zip,https://naijarom.com/tecno-pouvoir-3-plus-lb8a,2026-09-22T00:59:40.246643+00:00,
Tecno Pouvoir 3 Plus LB8A,LB8A,V187,,2 GB,MT6765,2020-08-19,200819,Tecno_Pouvoir_3_Plus_LB8A_MT6765_V187_200819.zip,https://naijarom.com/tecno-pouvoir-3-plus-lb8a,2026-09-22T00:59:40.246662+00:00,
Tecno Pouvoir 3 Plus LB8A,LB8A,V190,,2 GB,MT6765,2020-10-09,201009,Tecno_Pouvoir_3_Plus_LB8A_MT6765_V190_201009.zip,https://naijarom.com/tecno-pouvoir-3-plus-lb8a,2026-09-22T00:59:40.246679+00:00,
Tecno Pouvoir 3 Plus LB8A,LB8A,V211,,2.04 GB,MT6765,2021-07-01,210701,Tecno_Pouvoir_3_Plus_LB8A_MT6765_V211_210701.zip,https://naijarom.com/tecno-pouvoir-3-plus-lb8a,2026-09-22T00:59:40.246698+00:00,
Tecno Pouvoir 3 Plus LB8A,LB8A,V219,,1.98 GB,MT6765,2021-08-31,210831,Tecno_Pouvoir_3_Plus_LB8A_MT6765_V219_210831.zip,https://naijarom.com/tecno-pouvoir-3-plus-lb8a,2026-09-22T00:59:40.246718+00:00,
Tecno Pouvoir 4 LC7,LC7,V218,,1 GB,MT6761,2020-07-03,200703,Tecno_Pouvoir_4_LC7_MT6761_V218_200703.zip,https://naijarom.com/tecno-pouvoir-4-lc7,2026-09-22T00:59:45.280842+00:00,
Tecno Pouvoir 4 LC7,LC7,V304,,2 GB,MT6761,2020-06-12,200612,Tecno_Pouvoir_4_LC7_MT6761_V304_200612.zip,https://naijarom.com/tecno-pouvoir-4-lc7,2026-09-22T00:59:45.280981+00:00,
Tecno Pouvoir 4 LC7,LC7,V315,,2 GB,MT6761,2020-08-11,200811,Tecno_Pouvoir_4_LC7_MT6761_V315_200811.zip,https://naijarom.com/tecno-pouvoir-4-lc7,2026-09-22T00:59:45.281048+00:00,
Tecno Pouvoir 4 LC7,LC7,V324,,2 GB,MT6761,2028-09-20,200928,Tecno_Pouvoir_4_LC7_MT6761_V324_200928.zip,https://naijarom.com/tecno-pouvoir-4-lc7,2026-09-22T00:59:45.281103+00:00,
Tecno Pouvoir 4 LC7,LC7,V328,,2 GB,MT6761,2022-09-20,200922,Tecno_Pouvoir_4_LC7_MT6761_V328_200922.zip,https://naijarom.com/tecno-pouvoir-4-lc7,2026-09-22T00:59:45.281155+00:00,
Tecno Pouvoir 4 LC7,LC7,V333,,2 GB,MT6761,2028-10-20,201028,Tecno_Pouvoir_4_LC7_MT6761_V333_201028.zip,https://naijarom.com/tecno-pouvoir-4-lc7,2026-09-22T00:59:45.281214+00:00,
Tecno Pouvoir 4 LC7,LC7,V338,,2 GB,MT6761,2020-12-18,201218,Tecno_Pouvoir_4_LC7_MT6761_V338_201218.zip,https://naijarom.com/tecno-pouvoir-4-lc7,2026-09-22T00:59:45.281278+00:00,
Tecno Pouvoir 4 LC7,LC7,V1154,,1.94 GB,MT6761,2024-05-21,210524,Tecno_Pouvoir_4_LC7_MT6761_V1154_210524.zip,https://naijarom.com/tecno-pouvoir-4-lc7,2026-09-22T00:59:45.281330+00:00,
Tecno Pouvoir 4 LC7,LC7,V1193,,1.94 GB,MT6761,2021-07-12,210712,Tecno_Pouvoir_4_LC7_MT6761_V1193_210712.zip,https://naijarom.com/tecno-pouvoir-4-lc7,2026-09-22T00:59:45.281385+00:00,
Tecno Pouvoir 4 LC7,LC7,V1274,,1.94 GB,MT6761,2021-11-08,211108,Tecno_Pouvoir_4_LC7_MT6761_V1274_211108.zip,https://naijarom.com/tecno-pouvoir-4-lc7,2026-09-22T00:59:45.281439+00:00,
Tecno Pouvoir 4 LC7,LC7,V1358,,1.95 GB,MT6761,2022-03-11,220311,Tecno_Pouvoir_4_LC7_MT6761_V1358_220311.zip,https://naijarom.com/tecno-pouvoir-4-lc7,2026-09-22T00:59:45.281497+00:00,
Tecno Pouvoir 4 LC7S,LC7S,V117,,1.95 GB,MT6761,2024-11-20,201124,Tecno_Pouvoir_4_LC7S_MT6761_V117_201124.zip,https://naijarom.com/tecno-pouvoir-4-lc7s,2026-09-22T00:59:52.063519+00:00,
Tecno Pouvoir 4 Pro CL7,CL7,15.0.3.127,IN001PF001AZ,7.55 GB,MT6855,2025-05-26,260525,Tecno_Pouvoir_4_Pro_CL7_MT6855_15.0.3.127_IN001PF001AZ_260525_MXML.zip,https://naijarom.com/tecno-pouvoir-4-pro-cl7,2026-09-22T00:59:58.890954+00:00,
Tecno Pouvoir 4 Pro CL7,CL7,15.0.3.127,RU001PF001AZ,7.29 GB,MT6855,2026-05-25,250526,Tecno_Pouvoir_4_Pro_CL7_MT6855_15.0.3.127_RU001PF001AZ_250526_MXML.zip,https://naijarom.com/tecno-pouvoir-4-pro-cl7,2026-09-22T00:59:58.890988+00:00,
Tecno Pouvoir 4 Pro CL7,CL7,15.1.2.128,OP001PF001AZ,8.3 GB,MT6855,2025-10-10,101025,Tecno_Pouvoir_4_Pro_CL7_MT6855_15.1.2.128_OP001PF001AZ_101025_MXML.zip,https://naijarom.com/tecno-pouvoir-4-pro-cl7,2026-09-22T00:59:58.891006+00:00,
Tecno Pouvoir 4 Pro CL7,CL7,15.1.2.140SP01,IN001PF001AZ,7.64 GB,MT6855,2025-12-03,031225,Tecno_Pouvoir_4_Pro_CL7_MT6855_15.1.2.140SP01_IN001PF001AZ_031225_MXML.zip,https://naijarom.com/tecno-pouvoir-4-pro-cl7,2026-09-22T00:59:58.891024+00:00,
Tecno Pouvoir 4 Pro CL7,CL7,15.1.2.155,IN001PF001AZ,7.57 GB,MT6855,2026-01-15,260115,Tecno_Pouvoir_4_Pro_CL7_MT6855_15.1.2.155_IN001PF001AZ_260115_MXML.zip,https://naijarom.com/tecno-pouvoir-4-pro-cl7,2026-09-22T00:59:58.891041+00:00,
Tecno Pouvoir 4 Pro CL7,CL7,15.1.2.170SP07,IN001PF001AZ,7.58 GB,MT6855,2029-04-26,260429,Tecno_Pouvoir_4_Pro_CL7_MT6855_15.1.2.170SP07_IN001PF001AZ_260429_MXML.zip,https://naijarom.com/tecno-pouvoir-4-pro-cl7,2026-09-22T00:59:58.891054+00:00,
Tecno Pouvoir 4 Pro CL7,CL7,15.1.2.155,OP001PF001AZ,8.32 GB,MT6855,2026-01-15,260115,Tecno_Pouvoir_4_Pro_CL7_MT6855_15.1.2.155_OP001PF001AZ_260115_MXML.zip,https://naijarom.com/tecno-pouvoir-4-pro-cl7,2026-09-22T00:59:58.891067+00:00,
Tecno Pouvoir 4 Pro CL7,CL7,15.1.2.155,RU001PF001AZ,7.38 GB,MT6855,2026-01-15,260115,Tecno_Pouvoir_4_Pro_CL7_MT6855_15.1.2.155_RU001PF001AZ_260115_MXML.zip,https://naijarom.com/tecno-pouvoir-4-pro-cl7,2026-09-22T00:59:58.891080+00:00,
Tecno Pouvoir 4 Pro CL7,CL7,15.1.2.155,TR001PF001AZ,7.71 GB,MT6855,2026-01-15,260115,Tecno_Pouvoir_4_Pro_CL7_MT6855_15.1.2.155_TR001PF001AZ_260115_MXML.zip,https://naijarom.com/tecno-pouvoir-4-pro-cl7,2026-09-22T00:59:58.891093+00:00,
Tecno Pouvoir 4 Pro LC8,LC8,V310,,2.35 GB,MT6765,2028-10-20,201028,Tecno_Pouvoir_4_Pro_LC8_MT6765_V310_201028.zip,https://naijarom.com/tecno-pouvoir-4-pro-lc8,2026-09-22T01:00:04.446519+00:00,
Tecno Pova LD7,LD7,V167,,3.15 GB,MT6768,2020-08-17,200817,Tecno_Pova_LD7_MT6768_V167_200817.zip,https://naijarom.com/tecno-pova-ld7,2026-09-22T01:00:09.534361+00:00,
Tecno Pova LD7,LD7,V278,,3.28 GB,MT6768,2020-11-02,201102,Tecno_Pova_LD7_MT6768_V278_201102.zip,https://naijarom.com/tecno-pova-ld7,2026-09-22T01:00:09.534414+00:00,
Tecno Pova LD7,LD7,V342,,3.26 GB,MT6768,2021-03-12,210312,Tecno_Pova_LD7_MT6768_V342_210312.zip,https://naijarom.com/tecno-pova-ld7,2026-09-22T01:00:09.534437+00:00,
Tecno Pova LD7,LD7,V356,,3.28 GB,MT6768,2021-04-09,210409,Tecno_Pova_LD7_MT6768_V356_210409.zip,https://naijarom.com/tecno-pova-ld7,2026-09-22T01:00:09.534455+00:00,
Tecno Pova LD7,LD7,V378,,3.31 GB,MT6768,2021-06-07,210607,Tecno_Pova_LD7_MT6768_V378_210607.zip,https://naijarom.com/tecno-pova-ld7,2026-09-22T01:00:09.534473+00:00,
Tecno Pova LD7,LD7,V408,,3.30 GB,MT6768,2028-07-21,210728,Tecno_Pova_LD7_MT6768_V408_210728.zip,https://naijarom.com/tecno-pova-ld7,2026-09-22T01:00:09.534489+00:00,
Tecno Pova LD7,LD7,V485,,3.32 GB,MT6768,2021-12-02,211202,Tecno_Pova_LD7_MT6768_V485_211202.zip,https://naijarom.com/tecno-pova-ld7,2026-09-22T01:00:09.534516+00:00,
Tecno Pova LD7,LD7,V530,,3.32 GB,MT6768,2022-02-22,220222,Tecno_Pova_LD7_MT6768_V530_220222.zip,https://naijarom.com/tecno-pova-ld7,2026-09-22T01:00:09.534531+00:00,
Tecno Pova LD7,LD7,V559,,3.32 GB,MT6768,2022-04-18,220418,Tecno_Pova_LD7_MT6768_V559_220418.zip,https://naijarom.com/tecno-pova-ld7,2026-09-22T01:00:09.534547+00:00,
Tecno Pova LD7,LD7,V593,,2.92 GB,MT6768,2024-08-22,220824,Tecno_Pova_LD7_MT6768_V593_220824.zip,https://naijarom.com/tecno-pova-ld7,2026-09-22T01:00:09.534566+00:00,
Tecno Pova LD7J,LD7J,V122,,3 GB,MT6768,2020-11-03,201103,Tecno_Pova_LD7J_MT6768_V122_201103.zip,https://naijarom.com/tecno-pova-ld7j,2026-09-22T01:00:14.675748+00:00,
Tecno Pova LD7J,LD7J,V155,,3 GB,MT6768,2020-12-02,201202,Tecno_Pova_LD7J_MT6768_V155_201202.zip,https://naijarom.com/tecno-pova-ld7j,2026-09-22T01:00:14.675816+00:00,
Tecno Pova LD7J,LD7J,V217,,3 GB,MT6768,2022-02-21,210222,Tecno_Pova_LD7J_MT6768_V217_210222.zip,https://naijarom.com/tecno-pova-ld7j,2026-09-22T01:00:14.675866+00:00,
Tecno Pova LD7J,LD7J,V222,,3.17 GB,MT6768,2021-04-09,210409,Tecno_Pova_LD7J_MT6768_V222_210409.zip,https://naijarom.com/tecno-pova-ld7j,2026-09-22T01:00:14.675918+00:00,
Tecno Pova LD7J,LD7J,V234,,3.20 GB,MT6768,2021-10-15,211015,Tecno_Pova_LD7J_MT6768_V234_211015.zip,https://naijarom.com/tecno-pova-ld7j,2026-09-22T01:00:14.675967+00:00,
Tecno Pova LD7J,LD7J,V256,,3.2 GB,MT6768,2022-04-18,220418,Tecno_Pova_LD7J_MT6768_V256_220418.zip,https://naijarom.com/tecno-pova-ld7j,2026-09-22T01:00:14.676026+00:00,
Tecno Pova LD7J,LD7J,V260,,3.20 GB,MT6768,2028-06-22,220628,Tecno_Pova_LD7J_MT6768_V260_220628.zip,https://naijarom.com/tecno-pova-ld7j,2026-09-22T01:00:14.676075+00:00,
Tecno Pova LD7J,LD7J,V285,,2.77 GB,MT6768,2029-08-22,220829,Tecno_Pova_LD7J_MT6768_V285_220829.zip,https://naijarom.com/tecno-pova-ld7j,2026-09-22T01:00:14.676127+00:00,
Tecno Pova LD7J,LD7J,V289,,2.77 GB,MT6768,2027-09-22,220927,Tecno_Pova_LD7J_MT6768_V289_220927.zip,https://naijarom.com/tecno-pova-ld7j,2026-09-22T01:00:14.676174+00:00,
Tecno Pova 6 5G LI7,LI7,15.1.1.108SP01,OP001PF001AZ,7.63 GB,MT6789,2025-07-08,080725,Tecno_Pova_6_5G_LI7_MT6789_15.1.1.108SP01_OP001PF001AZ_080725_MXML.zip,https://naijarom.com/tecno-pova-6-5g-li7,2026-09-22T01:00:19.834066+00:00,
Tecno Pova 6 5G LI7,LI7,15.1.1.123,OP001PF001AZ,7.63 GB,MT6789,2025-08-28,280825,Tecno_Pova_6_5G_LI7_MT6789_15.1.1.123_OP001PF001AZ_280825_MXML.zip,https://naijarom.com/tecno-pova-6-5g-li7,2026-09-22T01:00:19.834098+00:00,
Tecno Pova 6 5G LI7,LI7,15.1.2.128SP01,OP001PF001AZ,7.70 GB,MT6789,2025-10-10,101025,Tecno_Pova_6_5G_LI7_MT6789_15.1.2.128SP01_OP001PF001AZ_101025_MXML.zip,https://naijarom.com/tecno-pova-6-5g-li7,2026-09-22T01:00:19.834118+00:00,
Tecno Pova 6 5G LI7,LI7,15.1.2.170SP05,OP001PF001AZ,7.72 GB,MT6789,2021-04-26,260421,Tecno_Pova_6_5G_LI7_MT6789_15.1.2.170SP05_OP001PF001AZ_260421_MXML.zip,https://naijarom.com/tecno-pova-6-5g-li7,2026-09-22T01:00:19.834134+00:00,
Tecno Pova 6 5G KJ8S,KJ8S,,,,,,,,https://naijarom.com/tecno-pova-6-5g-kj8s,2026-09-22T01:00:24.983945+00:00,no firmware versions found on page
Tecno Pova 6 Neo 5G KL8,KL8,,,,,,,,https://naijarom.com/tecno-pova-6-neo-5g-kl8,2026-09-22T01:00:29.879028+00:00,no firmware versions found on page
Tecno Pova 7 LJ6,LJ6,15.1.0.123,OP001PF001AZ,7.13 GB,MT6789,2025-06-13,130625,Tecno_Pova_7_LJ6_MT6789_15.1.0.123_OP001PF001AZ_130625_MXML.zip,https://naijarom.com/tecno-pova-7-lj6,2026-09-22T01:00:34.971316+00:00,
Tecno Pova 7 LJ6,LJ6,15.1.0.139,OP001PF001AZ,7.13 GB,MT6789,2025-07-15,150725,Tecno_Pova_7_LJ6_MT6789_15.1.0.139_OP001PF001AZ_150725_MXML.zip,https://naijarom.com/tecno-pova-7-lj6,2026-09-22T01:00:34.971347+00:00,
Tecno Pova 7 LJ6,LJ6,15.1.0.155SP03,RU001PF001AZ,7.20 GB,MT6789,2025-08-27,270825,Tecno_Pova_7_LJ6_MT6789_15.1.0.155SP03_RU001PF001AZ_270825_MXML.zip,https://naijarom.com/tecno-pova-7-lj6,2026-09-22T01:00:34.971387+00:00,
Tecno Pova 7 LJ6,LJ6,15.1.0.159SP02,RU001PF001AZ,7.27 GB,MT6789,2025-09-15,150925,Tecno_Pova_7_LJ6_MT6789_15.1.0.159SP02_RU001PF001AZ_150925_MXML.zip,https://naijarom.com/tecno-pova-7-lj6,2026-09-22T01:00:34.971418+00:00,
Tecno Pova 7 LJ6,LJ6,15.1.0.105SP02,RU001PF001AZ,6.95 GB,MT6789,2025-05-28,280525,Tecno_Pova_7_LJ6_MT6789_15.1.0.105SP02_RU001PF001AZ_280525_MXML.zip,https://naijarom.com/tecno-pova-7-lj6,2026-09-22T01:00:34.971449+00:00,
Tecno Pova 7 LJ6,LJ6,15.1.0.105SP06,RU001PF001AZ,6.95 GB,MT6789,2025-05-28,280525,Tecno_Pova_7_LJ6_MT6789_15.1.0.105SP06_RU001PF001AZ_280525_MXML.zip,https://naijarom.com/tecno-pova-7-lj6,2026-09-22T01:00:34.971484+00:00,
Tecno Pova 7 LJ6,LJ6,15.1.2.128SP01,RU001PF001AZ,7.33 GB,MT6789,2025-10-16,251016,Tecno_Pova_7_LJ6_MT6789_15.1.2.128SP01_RU001PF001AZ_251016_MXML.zip,https://naijarom.com/tecno-pova-7-lj6,2026-09-22T01:00:34.971524+00:00,
Tecno Pova 7 LJ6,LJ6,15.1.2.128SP01,OP001PF001AZ,7.27 GB,MT6789,2025-10-16,161025,Tecno_Pova_7_LJ6_MT6789_15.1.2.128SP01_OP001PF001AZ_161025_MXML.zip,https://naijarom.com/tecno-pova-7-lj6,2026-09-22T01:00:34.971563+00:00,
Tecno Pova 7 LJ6,LJ6,15.1.2.145SP01,,7.20 GB,MT6789,,,Tecno_Pova_7_LJ6_MT6789_15.1.2.145SP01_OPPJ001PF001PJ_MXML.zip,https://naijarom.com/tecno-pova-7-lj6,2026-09-22T01:00:34.971626+00:00,
Tecno Pova 7 LJ6,LJ6,15.1.2.145SP10,,7.20 GB,MT6789,,,Tecno_Pova_7_LJ6_MT6789_15.1.2.145SP10_OP001PF001AZ_MXML.zip,https://naijarom.com/tecno-pova-7-lj6,2026-09-22T01:00:34.971721+00:00,
Tecno Pova 7 LJ6,LJ6,15.1.0.159SP02,OP001PF001AZ,7.20 GB,MT6789,2025-09-15,150925,Tecno_Pova_7_LJ6_MT6789_15.1.0.159SP02_OP001PF001AZ_150925_MXML.zip,https://naijarom.com/tecno-pova-7-lj6,2026-09-22T01:00:34.971751+00:00,
Tecno Pova 7 LJ6,LJ6,15.1.0.159SP02,OPPJ001PF001PJ,7.20 GB,MT6789,2025-09-15,150925,Tecno_Pova_7_LJ6_MT6789_15.1.0.159SP02_OPPJ001PF001PJ_150925_MXML.zip,https://naijarom.com/tecno-pova-7-lj6,2026-09-22T01:00:34.971780+00:00,
Tecno Pova 7 LJ6,LJ6,15.1.2.165SP05,OP001PF001AZ,7.26 GB,MT6789,2025-03-26,260325,Tecno_Pova_7_LJ6_MT6789_15.1.2.165SP05_OP001PF001AZ_260325_MXML.zip,https://naijarom.com/tecno-pova-7-lj6,2026-09-22T01:00:34.971809+00:00,
Tecno Pova 7 LJ6,LJ6,15.1.2.165SP05,OPPJ001PF001PJ,7.26 GB,MT6789,2025-03-26,260325,Tecno_Pova_7_LJ6_MT6789_15.1.2.165SP05_OPPJ001PF001PJ_260325_MXML.zip,https://naijarom.com/tecno-pova-7-lj6,2026-09-22T01:00:34.971841+00:00,
Tecno Pova 7 LJ6,LJ6,15.1.2.165SP05,RU001PF001AZ,7.33 GB,MT6789,2025-03-26,260325,Tecno_Pova_7_LJ6_MT6789_15.1.2.165SP05_RU001PF001AZ_260325_MXML.zip,https://naijarom.com/tecno-pova-7-lj6,2026-09-22T01:00:34.971870+00:00,
Tecno Pova 7 LJ6,LJ6,15.1.2.180SP05,OP001PF001AZ,7.28 GB,MT6789,2026-06-18,260618,Tecno_Pova_7_LJ6_MT6789_15.1.2.180SP05_OP001PF001AZ_260618_MXML.zip,https://naijarom.com/tecno-pova-7-lj6,2026-09-22T01:00:34.971902+00:00,
Tecno Pova 7 LJ6,LJ6,15.1.2.180SP05,RU001PF001AZ,7.38 GB,MT6789,2026-06-18,260618,Tecno_Pova_7_LJ6_MT6789_15.1.2.180SP05_RU001PF001AZ_260618_MXML.zip,https://naijarom.com/tecno-pova-7-lj6,2026-09-22T01:00:34.971931+00:00,
Tecno Pova 7 5G LJ7,LJ7,15.1.0.112SP01,OP001PF001AZ,7.32 GB,MT6878,2025-05-24,240525,Tecno_Pova_7_5G_LJ7_MT6878_15.1.0.112SP01_OP001PF001AZ_240525_MXML.zip,https://naijarom.com/tecno-pova-7-5g-lj7,2026-09-22T01:00:39.835038+00:00,
Tecno Pova 7 5G LJ7,LJ7,15.1.2.123SP01,OP001PF001AZ,7.47 GB,MT6878,2025-09-19,190925,Tecno_Pova_7_5G_LJ7_MT6878_15.1.2.123SP01_OP001PF001AZ_190925_MXML.zip,https://naijarom.com/tecno-pova-7-5g-lj7,2026-09-22T01:00:39.835066+00:00,
Tecno Pova 7 5G LJ7,LJ7,15.1.2.131SP03,OP001PF001AZ,7.42 GB,MT6878,2025-11-10,101125,Tecno_Pova_7_5G_LJ7_MT6878_15.1.2.131SP03_OP001PF001AZ_101125_MXML.zip,https://naijarom.com/tecno-pova-7-5g-lj7,2026-09-22T01:00:39.835082+00:00,
Tecno Pova 7 5G LJ7,LJ7,15.1.2.131SP03,IN001PF001AZ,7.30 GB,MT6878,2025-11-10,251110,Tecno_Pova_7_5G_LJ7_MT6878_15.1.2.131SP03_IN001PF001AZ_251110_MXML.zip,https://naijarom.com/tecno-pova-7-5g-lj7,2026-09-22T01:00:39.835096+00:00,
Tecno Pova 7 5G LJ7,LJ7,15.1.0.139SP02,OP001PF001AZ,7.37 GB,MT6878,2025-07-15,150725,Tecno_Pova_7_5G_LJ7_MT6878_15.1.0.139SP02_OP001PF001AZ_150725_MXML.zip,https://naijarom.com/tecno-pova-7-5g-lj7,2026-09-22T01:00:39.835114+00:00,
Tecno Pova 7 5G LJ7,LJ7,15.1.0.156SP01,OP001PF001AZ,7.40 GB,MT6878,2025-08-25,250825,Tecno_Pova_7_5G_LJ7_MT6878_15.1.0.156SP01_OP001PF001AZ_250825_MXML.zip,https://naijarom.com/tecno-pova-7-5g-lj7,2026-09-22T01:00:39.835128+00:00,
Tecno Pova 7 5G LJ7,LJ7,15.1.0.156SP01,RU001PF001AZ,7.46 GB,MT6878,2025-08-25,250825,Tecno_Pova_7_5G_LJ7_MT6878_15.1.0.156SP01_RU001PF001AZ_250825_MXML.zip,https://naijarom.com/tecno-pova-7-5g-lj7,2026-09-22T01:00:39.835141+00:00,
Tecno Pova 7 5G LJ7,LJ7,15.1.0.156SP01,IN001PF001AZ,7.29 GB,MT6878,2025-08-25,250825,Tecno_Pova_7_5G_LJ7_MT6878_15.1.0.156SP01_IN001PF001AZ_250825_MXML.zip,https://naijarom.com/tecno-pova-7-5g-lj7,2026-09-22T01:00:39.835154+00:00,
Tecno Pova 7 5G LJ7,LJ7,2215.1.0.116SP05,,7.78 GB,MT6878,,,Tecno_Pova_7_5G_LJ7_MT6878_2215.1.0.116SP05_COCL001PF001AZ_MXML.zip,https://naijarom.com/tecno-pova-7-5g-lj7,2026-09-22T01:00:39.835183+00:00,
Tecno Pova 7 5G LJ7,LJ7,2215.1.2.131SP03,,7.56 GB,MT6878,,,Tecno_Pova_7_5G_LJ7_MT6878_2215.1.2.131SP03_RU001PF001AZ_MXML.zip,https://naijarom.com/tecno-pova-7-5g-lj7,2026-09-22T01:00:39.835207+00:00,
Tecno Pova 7 5G LJ7,LJ7,2215.1.2.131SP06,,7.42 GB,MT6878,,,Tecno_Pova_7_5G_LJ7_MT6878_2215.1.2.131SP06_OPPJ001PF001PJ_MXML.zip,https://naijarom.com/tecno-pova-7-5g-lj7,2026-09-22T01:00:39.835231+00:00,
Tecno Pova 7 5G LJ7,LJ7,2215.1.2.145SP01,,7.4 GB,MT6878,,,Tecno_Pova_7_5G_LJ7_MT6878_2215.1.2.145SP01_OP001PF001AZ_MXML.zip,https://naijarom.com/tecno-pova-7-5g-lj7,2026-09-22T01:00:39.835255+00:00,
Tecno Pova 7 5G LJ7,LJ7,15.1.2.165SP0,,7.35 GB,MT6835,,,Tecno_Pova_7_5G_LJ7_MT6835_15.1.2.165SP0_IN001PF001AZ.zip,https://naijarom.com/tecno-pova-7-5g-lj7,2026-09-22T01:00:39.835275+00:00,
Tecno Pova 7 5G LJ7,LJ7,15.1.2.165SP05,OP001PF001AZ,7.46 GB,MT6878,2025-03-26,260325,Tecno_Pova_7_5G_LJ7_MT6878_15.1.2.165SP05_OP001PF001AZ_260325_MXML.zip,https://naijarom.com/tecno-pova-7-5g-lj7,2026-09-22T01:00:39.835290+00:00,
Tecno Pova 7 5G LJ7,LJ7,15.1.2.165SP05,RU001PF001AZ,7.53 GB,MT6878,2025-03-26,260325,Tecno_Pova_7_5G_LJ7_MT6878_15.1.2.165SP05_RU001PF001AZ_260325_MXML.zip,https://naijarom.com/tecno-pova-7-5g-lj7,2026-09-22T01:00:39.835304+00:00,
Tecno Pova 7 Neo LJ6,LJ6,15.1.0.123,OP001PF001AZ,7.13 GB,MT6789,2025-06-13,130625,Tecno_Pova_7_Neo_LJ6_MT6789_15.1.0.123_OP001PF001AZ_130625_MXML.zip,https://naijarom.com/tecno-pova-7-neo-lj6,2026-09-22T01:00:44.891573+00:00,
Tecno Pova 7 Neo LJ6,LJ6,15.1.2.128SP01,OP001PF001AZ,7.27 GB,MT6789,2025-10-16,161025,Tecno_Pova_7_Neo_LJ6_MT6789_15.1.2.128SP01_OP001PF001AZ_161025_MXML.zip,https://naijarom.com/tecno-pova-7-neo-lj6,2026-09-22T01:00:44.891616+00:00,
Tecno Pova 7 Neo LJ6,LJ6,15.1.0.139,OP001PF001AZ,7.13 GB,MT6789,2025-07-15,150725,Tecno_Pova_7_Neo_LJ6_MT6789_15.1.0.139_OP001PF001AZ_150725_MXML.zip,https://naijarom.com/tecno-pova-7-neo-lj6,2026-09-22T01:00:44.891648+00:00,
Tecno Pova 7 Neo LJ6,LJ6,15.1.0.155SP03,RU001PF001AZ,7.20 GB,MT6789,2025-08-27,270825,Tecno_Pova_7_Neo_LJ6_MT6789_15.1.0.155SP03_RU001PF001AZ_270825_MXML.zip,https://naijarom.com/tecno-pova-7-neo-lj6,2026-09-22T01:00:44.891683+00:00,
Tecno Pova 7 Neo LJ6,LJ6,15.1.0.159SP02,RU001PF001AZ,7.27 GB,MT6789,2025-09-15,150925,Tecno_Pova_7_Neo_LJ6_MT6789_15.1.0.159SP02_RU001PF001AZ_150925_MXML.zip,https://naijarom.com/tecno-pova-7-neo-lj6,2026-09-22T01:00:44.891715+00:00,
Tecno Pova 7 Neo LJ6,LJ6,15.1.0.105SP02,RU001PF001AZ,6.95 GB,MT6789,2025-05-28,280525,Tecno_Pova_7_Neo_LJ6_MT6789_15.1.0.105SP02_RU001PF001AZ_280525_MXML.zip,https://naijarom.com/tecno-pova-7-neo-lj6,2026-09-22T01:00:44.891746+00:00,
Tecno Pova 7 Neo LJ6,LJ6,15.1.0.105SP06,RU001PF001AZ,6.95 GB,MT6789,2025-05-28,280525,Tecno_Pova_7_Neo_LJ6_MT6789_15.1.0.105SP06_RU001PF001AZ_280525_MXML.zip,https://naijarom.com/tecno-pova-7-neo-lj6,2026-09-22T01:00:44.891777+00:00,
Tecno Pova 7 Neo LJ6,LJ6,15.1.2.128SP01,RU001PF001AZ,7.33 GB,MT6789,2025-10-16,251016,Tecno_Pova_7_Neo_LJ6_MT6789_15.1.2.128SP01_RU001PF001AZ_251016_MXML.zip,https://naijarom.com/tecno-pova-7-neo-lj6,2026-09-22T01:00:44.891810+00:00,
Tecno Pova 7 Neo LJ6,LJ6,15.1.2.145SP01,,7.20 GB,MT6789,,,Tecno_Pova_7_Neo_LJ6_MT6789_15.1.2.145SP01_OPPJ001PF001PJ_MXML.zip,https://naijarom.com/tecno-pova-7-neo-lj6,2026-09-22T01:00:44.891883+00:00,
Tecno Pova 7 Neo LJ6,LJ6,15.1.2.145SP10,,7.20 GB,MT6789,,,Tecno_Pova_7_Neo_LJ6_MT6789_15.1.2.145SP10_OP001PF001AZ_MXML.zip,https://naijarom.com/tecno-pova-7-neo-lj6,2026-09-22T01:00:44.891992+00:00,
Tecno Pova 7 Neo LJ6,LJ6,15.1.0.159SP02,OP001PF001AZ,7.20 GB,MT6789,2025-09-15,150925,Tecno_Pova_7_Neo_LJ6_MT6789_15.1.0.159SP02_OP001PF001AZ_150925_MXML.zip,https://naijarom.com/tecno-pova-7-neo-lj6,2026-09-22T01:00:44.892025+00:00,
Tecno Pova 7 Neo LJ6,LJ6,15.1.0.159SP02,OPPJ001PF001PJ,7.20 GB,MT6789,2025-09-15,150925,Tecno_Pova_7_Neo_LJ6_MT6789_15.1.0.159SP02_OPPJ001PF001PJ_150925_MXML.zip,https://naijarom.com/tecno-pova-7-neo-lj6,2026-09-22T01:00:44.892055+00:00,
Tecno Pova 7 Neo LJ6,LJ6,15.1.2.165SP05,OP001PF001AZ,7.26 GB,MT6789,2025-03-26,260325,Tecno_Pova_7_Neo_LJ6_MT6789_15.1.2.165SP05_OP001PF001AZ_260325_MXML.zip,https://naijarom.com/tecno-pova-7-neo-lj6,2026-09-22T01:00:44.892085+00:00,
Tecno Pova 7 Neo LJ6,LJ6,15.1.2.165SP05,OPPJ001PF001PJ,7.26 GB,MT6789,2025-03-26,260325,Tecno_Pova_7_Neo_LJ6_MT6789_15.1.2.165SP05_OPPJ001PF001PJ_260325_MXML.zip,https://naijarom.com/tecno-pova-7-neo-lj6,2026-09-22T01:00:44.892115+00:00,
Tecno Pova 7 Neo LJ6,LJ6,15.1.2.165SP05,RU001PF001AZ,7.33 GB,MT6789,2025-03-26,260325,Tecno_Pova_7_Neo_LJ6_MT6789_15.1.2.165SP05_RU001PF001AZ_260325_MXML.zip,https://naijarom.com/tecno-pova-7-neo-lj6,2026-09-22T01:00:44.892145+00:00,
Tecno Pova 7 Neo LJ6,LJ6,15.1.2.180SP05,OP001PF001AZ,7.28 GB,MT6789,2026-06-18,260618,Tecno_Pova_7_Neo_LJ6_MT6789_15.1.2.180SP05_OP001PF001AZ_260618_MXML.zip,https://naijarom.com/tecno-pova-7-neo-lj6,2026-09-22T01:00:44.892175+00:00,
Tecno Pova 7 Pro 5G LJ8,LJ8,15.1.0.139,OP001PF001AZ,7.39 GB,MT6878,2025-07-17,170725,Tecno_Pova_7_Pro_5G_LJ8_MT6878_15.1.0.139_OP001PF001AZ_170725_MXML.zip,https://naijarom.com/tecno-pova-7-pro-5g-lj8,2026-09-22T01:00:50.253650+00:00,
Tecno Pova 7 Pro 5G LJ8,LJ8,15.1.0.155SP03,RU001PF001AZ,7.45 GB,MT6878,2025-08-27,270825,Tecno_Pova_7_Pro_5G_LJ8_MT6878_15.1.0.155SP03_RU001PF001AZ_270825_MXML.zip,https://naijarom.com/tecno-pova-7-pro-5g-lj8,2026-09-22T01:00:50.253705+00:00,
Tecno Pova 7 Pro 5G LJ8,LJ8,15.1.2.128SP01,RU001PF001AZ,7.52 GB,MT6878,2025-10-16,251016,Tecno_Pova_7_Pro_5G_LJ8_MT6878_15.1.2.128SP01_RU001PF001AZ_251016_MXML.zip,https://naijarom.com/tecno-pova-7-pro-5g-lj8,2026-09-22T01:00:50.253751+00:00,
Tecno Pova 7 Pro 5G LJ8,LJ8,15.1.2.128SP01,IN001PF001AZ,7.35 GB,MT6878,2025-10-16,161025,Tecno_Pova_7_Pro_5G_LJ8_MT6878_15.1.2.128SP01_IN001PF001AZ_161025_MXML.zip,https://naijarom.com/tecno-pova-7-pro-5g-lj8,2026-09-22T01:00:50.253787+00:00,
Tecno Pova 7 Pro 5G LJ8,LJ8,15.1.2.145SP01,IN001PF001AZ,7.27 GB,MT6878,2025-12-11,251211,Tecno_Pova_7_Pro_5G_LJ8_MT6878_15.1.2.145SP01_IN001PF001AZ_251211_MXML.zip,https://naijarom.com/tecno-pova-7-pro-5g-lj8,2026-09-22T01:00:50.253826+00:00,
Tecno Pova 7 Pro 5G LJ8,LJ8,2215.1.2.145SP01,,7.38 GB,MT6878,,,Tecno_Pova_7_Pro_5G_LJ8_MT6878_2215.1.2.145SP01_OPPJ001PF001PJ_MXML.zip,https://naijarom.com/tecno-pova-7-pro-5g-lj8,2026-09-22T01:00:50.253903+00:00,
Tecno Pova 7 Pro 5G LJ8,LJ8,15.1.2.145SP01,RU001PF001AZ,7.53 GB,MT6878,2025-12-11,111225,Tecno_Pova_7_Pro_5G_LJ8_MT6878_15.1.2.145SP01_RU001PF001AZ_111225_MXML.zip,https://naijarom.com/tecno-pova-7-pro-5g-lj8,2026-09-22T01:00:50.253936+00:00,
Tecno Pova 7 Pro 5G LJ8,LJ8,15.1.2.145SP12,OP001PF001AZ,7.38 GB,MT6878,2026-01-20,200126,Tecno_Pova_7_Pro_5G_LJ8_MT6878_15.1.2.145SP12_OP001PF001AZ_200126_MXML.zip,https://naijarom.com/tecno-pova-7-pro-5g-lj8,2026-09-22T01:00:50.253967+00:00,
Tecno Pova 7 Pro 5G LJ8,LJ8,15.1.0.155SP03,IN001PF001AZ,7.27 GB,MT6878,2025-09-27,270925,Tecno_Pova_7_Pro_5G_LJ8_MT6878_15.1.0.155SP03_IN001PF001AZ_270925_MXML.zip,https://naijarom.com/tecno-pova-7-pro-5g-lj8,2026-09-22T01:00:50.254011+00:00,
Tecno Pova 7 Pro 5G LJ8,LJ8,15.1.2.165SP05,RU001PF001AZ,7.51 GB,MT6878,2025-03-26,260325,Tecno_Pova_7_Pro_5G_LJ8_MT6878_15.1.2.165SP05_RU001PF001AZ_260325_MXML.zip,https://naijarom.com/tecno-pova-7-pro-5g-lj8,2026-09-22T01:00:50.254046+00:00,
Tecno Pova 7 Pro 5G LJ8,LJ8,15.1.2.180,RU001PF001AZ,7.56 GB,MT6878,2026-06-15,260615,Tecno_Pova_7_Pro_5G_LJ8_MT6878_15.1.2.180_RU001PF001AZ_260615_MXML.zip,https://naijarom.com/tecno-pova-7-pro-5g-lj8,2026-09-22T01:00:50.254082+00:00,
Tecno Pova 7 Ultra 5G LJ9,LJ9,15.1.0.154SP03,OP001PF001AZ,7.51 GB,MT6897,2025-08-27,270825,Tecno_Pova_7_Ultra_5G_LJ9_MT6897_15.1.0.154SP03_OP001PF001AZ_270825_MXML.zip,https://naijarom.com/tecno-pova-7-ultra-5g-lj9,2026-09-22T01:00:56.033586+00:00,
Tecno Pova 7 Ultra 5G LJ9,LJ9,15.1.0.154SP03,RU001PF001AZ,7.57 GB,MT6897,2025-08-27,270825,Tecno_Pova_7_Ultra_5G_LJ9_MT6897_15.1.0.154SP03_RU001PF001AZ_270825_MXML.zip,https://naijarom.com/tecno-pova-7-ultra-5g-lj9,2026-09-22T01:00:56.033632+00:00,
Tecno Pova 7 Ultra 5G LJ9,LJ9,15.1.2.145SP08,RU001PF001AZ,7.65 GB,MT6897,2026-01-04,040126,Tecno_Pova_7_Ultra_5G_LJ9_MT6897_15.1.2.145SP08_RU001PF001AZ_040126_MXML.zip,https://naijarom.com/tecno-pova-7-ultra-5g-lj9,2026-09-22T01:00:56.033669+00:00,
Tecno Pova 7 Ultra 5G LJ9,LJ9,15.1.2.145SP13,OP001PF001AZ,7.51 GB,MT6897,2026-01-23,230126,Tecno_Pova_7_Ultra_5G_LJ9_MT6897_15.1.2.145SP13_OP001PF001AZ_230126_MXML.zip,https://naijarom.com/tecno-pova-7-ultra-5g-lj9,2026-09-22T01:00:56.033704+00:00,
Tecno Pova 7 Ultra 5G LJ9,LJ9,15.1.2.165SP05,OP001PF001AZ,7.57 GB,MT6897,2024-03-26,260324,Tecno_Pova_7_Ultra_5G_LJ9_MT6897_15.1.2.165SP05_OP001PF001AZ_260324_MXML.zip,https://naijarom.com/tecno-pova-7-ultra-5g-lj9,2026-09-22T01:00:56.033743+00:00,
Tecno Pova 7 Ultra 5G LJ9,LJ9,15.1.2.165SP05,RU001PF001AZ,7.64 GB,MT6897,2024-03-26,260324,Tecno_Pova_7_Ultra_5G_LJ9_MT6897_15.1.2.165SP05_RU001PF001AZ_260324_MXML.zip,https://naijarom.com/tecno-pova-7-ultra-5g-lj9,2026-09-22T01:00:56.033778+00:00,
Tecno Pova 7 Ultra 5G LJ9,LJ9,15.1.2.180SP05,RU001PF001AZ,7.68 GB,MT6897,2026-06-18,260618,Tecno_Pova_7_Ultra_5G_LJ9_MT6897_15.1.2.180SP05_RU001PF001AZ_260618_MXML.zip,https://naijarom.com/tecno-pova-7-ultra-5g-lj9,2026-09-22T01:00:56.033813+00:00,
Tecno Pova 7 Ultra 5G LJ9,LJ9,15.1.2.180SP05,OP001PF001AZ,7.58 GB,MT6897,2026-06-18,260618,Tecno_Pova_7_Ultra_5G_LJ9_MT6897_15.1.2.180SP05_OP001PF001AZ_260618_MXML.zip,https://naijarom.com/tecno-pova-7-ultra-5g-lj9,2026-09-22T01:00:56.033851+00:00,
Tecno Pova 8 5G LK6,LK6,16.2.0.135SP23,OPPJ015PF001PJ,9.89 GB,MT6858,2025-05-26,260525,Tecno_Pova_8_5G_LK6_MT6858_16.2.0.135SP23_OPPJ015PF001PJ_260525_MXML.zip,https://naijarom.com/tecno-pova-8-5g-lk6,2026-09-22T01:01:00.804147+00:00,
Tecno Pova 8 5G LK6,LK6,16.2.0.135SP23,RU015PF001AZ,8.81 GB,MT6858,2025-05-26,260525,Tecno_Pova_8_5G_LK6_MT6858_16.2.0.135SP23_RU015PF001AZ_260525_MXML.zip,https://naijarom.com/tecno-pova-8-5g-lk6,2026-09-22T01:01:00.804178+00:00,
Tecno Pova 8 5G LK6,LK6,16.2.0.135SP23,TR015PF001AZ,9 GB,MT6858,2025-05-26,260525,Tecno_Pova_8_5G_LK6_MT6858_16.2.0.135SP23_TR015PF001AZ_260525_MXML.zip,https://naijarom.com/tecno-pova-8-5g-lk6,2026-09-22T01:01:00.804199+00:00,
Tecno Pova 8 5G LK6,LK6,16.2.0.135SP23,,8.87 GB,MT6858,,,Tecno_Pova_8_5G_LK6_MT6858_16.2.0.135SP23_IN015PF001AZ_MXML.zip,https://naijarom.com/tecno-pova-8-5g-lk6,2026-09-22T01:01:00.804230+00:00,
Tecno Pova 8 5G LK6,LK6,16.2.0.145SP03,,9.15 GB,MT6858,,,Tecno_Pova_8_5G_LK6_MT6858_16.2.0.145SP03_COCL003PF001AZ_MXML.zip,https://naijarom.com/tecno-pova-8-5g-lk6,2026-09-22T01:01:00.804277+00:00,
Tecno Pova 8 5G LK6,LK6,16.2.0.145SP07,,9.95 GB,MT6858,,,Tecno_Pova_8_5G_LK6_MT6858_16.2.0.145SP07_OP004PF001AZ_MXML.zip,https://naijarom.com/tecno-pova-8-5g-lk6,2026-09-22T01:01:00.804358+00:00,
Tecno Pova 8 5G LK6,LK6,16.2.0.145SP15,,9.05 GB,MT6858,,,Tecno_Pova_8_5G_LK6_MT6858_16.2.0.145SP15_IN007PF001AZ_MXML.zip,https://naijarom.com/tecno-pova-8-5g-lk6,2026-09-22T01:01:00.804398+00:00,
Tecno Pova 8 5G LK6,LK6,16.2.0.150SP10,,10.05 GB,MT6858,,,Tecno_Pova_8_5G_LK6_MT6858_16.2.0.150SP10_OP007PF001AZ_MXML.zip,https://naijarom.com/tecno-pova-8-5g-lk6,2026-09-22T01:01:00.804420+00:00,
Tecno Pova 8 Pro 5G LK7,LK7,16.3.0.120SP07,OP007PF001AZ,11.46 GB,MT6878,2026-01-01,010126,Tecno_Pova_8_Pro_5G_LK7_MT6878_16.3.0.120SP07_OP007PF001AZ_010126_MXML.zip,https://naijarom.com/tecno-pova-8-pro-5g-lk7,2026-09-22T01:01:05.900924+00:00,
Tecno Pova 8 Pro 5G LK7,LK7,16.3.0.120SP07,,10.63 GB,MT6878,,,Tecno_Pova_8_Pro_5G_LK7_MT6878_16.3.0.120SP07_TR007PF001AZ_MXML.zip,https://naijarom.com/tecno-pova-8-pro-5g-lk7,2026-09-22T01:01:05.900999+00:00,
Tecno Pova 8 Pro 5G LK7,LK7,16.3.0.120SP08,,10.40 GB,MT6878,,,Tecno_Pova_8_Pro_5G_LK7_MT6878_16.3.0.120SP08_RU008PF001AZ_MXML.zip,https://naijarom.com/tecno-pova-8-pro-5g-lk7,2026-09-22T01:01:05.901026+00:00,
Tecno Pova 8 Pro 5G LK7,LK7,16.3.0.120SP06,,11.70 GB,MT6878,,,Tecno_Pova_8_Pro_5G_LK7_MT6878_16.3.0.120SP06_OPPJ005PF001PJ_MXML.zip,https://naijarom.com/tecno-pova-8-pro-5g-lk7,2026-09-22T01:01:05.901051+00:00,
Tecno Pova 8 Pro 5G LK7,LK7,16.3.0.135SP05,,10.43 GB,MT6878,,,Tecno_Pova_8_Pro_5G_LK7_MT6878_16.3.0.135SP05_IN004PF001AZ_MXML.zip,https://naijarom.com/tecno-pova-8-pro-5g-lk7,2026-09-22T01:01:05.901092+00:00,
Tecno Pova 8 Pro 5G LK7,LK7,16.3.0.135SP07,,11.35 GB,MT6878,,,Tecno_Pova_8_Pro_5G_LK7_MT6878_16.3.0.135SP07_OP006PF001AZ_MXML.zip,https://naijarom.com/tecno-pova-8-pro-5g-lk7,2026-09-22T01:01:05.901114+00:00,
Tecno Pova 8 Pro 5G LK7,LK7,16.3.0.135SP14,,11.35 GB,MT6878,,,Tecno_Pova_8_Pro_5G_LK7_MT6878_16.3.0.135SP14_OP012PF001AZ_MXML.zip,https://naijarom.com/tecno-pova-8-pro-5g-lk7,2026-09-22T01:01:05.901140+00:00,
Tecno Pova Neo LE6,LE6,V242,,3.33 GB,MT6765,2021-11-01,211101,Tecno_Pova_Neo_LE6_MT6765_V242_211101.zip,https://naijarom.com/tecno-pova-neo-le6,2026-09-22T01:01:10.608648+00:00,
Tecno Pova Neo LE6,LE6,V518,,3.36 GB,MT6765,2022-03-15,220315,Tecno_Pova_Neo_LE6_MT6765_V518_220315.zip,https://naijarom.com/tecno-pova-neo-le6,2026-09-22T01:01:10.608681+00:00,
Tecno Pova Neo LE6,LE6,V584,,3.31 GB,MT6765,2022-04-08,220408,Tecno_Pova_Neo_LE6_MT6765_V584_220408.zip,https://naijarom.com/tecno-pova-neo-le6,2026-09-22T01:01:10.608715+00:00,
Tecno Pova Neo LE6,LE6,V738,,3.37 GB,MT6765,2024-08-22,220824,Tecno_Pova_Neo_LE6_MT6765_V738_220824.zip,https://naijarom.com/tecno-pova-neo-le6,2026-09-22T01:01:10.608733+00:00,
Tecno Pova Neo LE6,LE6,V747,,3.41 GB,MT6765,2028-10-22,221028,Tecno_Pova_Neo_LE6_MT6765_V747_221028.zip,https://naijarom.com/tecno-pova-neo-le6,2026-09-22T01:01:10.608751+00:00,
Tecno Pova Neo LE6,LE6,V762,,3.39 GB,MT6765,2022-12-18,221218,Tecno_Pova_Neo_LE6_MT6765_V762_221218.zip,https://naijarom.com/tecno-pova-neo-le6,2026-09-22T01:01:10.608769+00:00,
Tecno Pova Neo LE6,LE6,V766,,3.47 GB,MT6765,2023-02-09,230209,Tecno_Pova_Neo_LE6_MT6765_V766_230209.zip,https://naijarom.com/tecno-pova-neo-le6,2026-09-22T01:01:10.608786+00:00,
Tecno Pova Neo LE6,LE6,V777,,3.40 GB,MT6765,2023-03-23,230323,Tecno_Pova_Neo_LE6_MT6765_V777_230323.zip,https://naijarom.com/tecno-pova-neo-le6,2026-09-22T01:01:10.608819+00:00,
Tecno Pova Neo LE6,LE6,V788,,3.47 GB,MT6765,2023-06-07,230607,Tecno_Pova_Neo_LE6_MT6765_V788_230607.zip,https://naijarom.com/tecno-pova-neo-le6,2026-09-22T01:01:10.608836+00:00,
Tecno Pova Neo LE6,LE6,V794,,3.47 GB,MT6765,2023-07-11,230711,Tecno_Pova_Neo_LE6_MT6765_V794_230711.zip,https://naijarom.com/tecno-pova-neo-le6,2026-09-22T01:01:10.608854+00:00,
Tecno Pova Neo LE6H,LE6H,,,,,,,,https://naijarom.com/tecno-pova-neo-le6h,2026-09-22T01:01:15.490404+00:00,no firmware versions found on page
Tecno Pova Neo 2 LG6N,LG6N,V559,,3.81 GB,MT6768,2024-08-22,220824,Tecno_Pova_Neo_2_LG6N_MT6768_V559_220824.zip,https://naijarom.com/tecno-pova-neo-2-lg6n,2026-09-22T01:01:20.623715+00:00,
Tecno Pova Neo 2 LG6N,LG6N,V793,,3.86 GB,MT6768,2022-10-09,221009,Tecno_Pova_Neo_2_LG6N_MT6768_V793_221009.zip,https://naijarom.com/tecno-pova-neo-2-lg6n,2026-09-22T01:01:20.623825+00:00,
Tecno Pova Neo 2 LG6N,LG6N,V971,,3.44 GB,MT6768,2022-11-14,221114,Tecno_Pova_Neo_2_LG6N_MT6768_V971_221114.zip,https://naijarom.com/tecno-pova-neo-2-lg6n,2026-09-22T01:01:20.623875+00:00,
Tecno Pova Neo 2 LG6N,LG6N,V1056,,3.87 GB,MT6768,2022-12-17,221217,Tecno_Pova_Neo_2_LG6N_MT6768_V1056_221217.zip,https://naijarom.com/tecno-pova-neo-2-lg6n,2026-09-22T01:01:20.623925+00:00,
Tecno Pova Neo 2 LG6N,LG6N,V1069,,3.25 GB,MT6768,2024-12-22,221224,Tecno_Pova_Neo_2_LG6N_MT6768_V1069_221224.zip,https://naijarom.com/tecno-pova-neo-2-lg6n,2026-09-22T01:01:20.623970+00:00,
Tecno Pova Neo 2 LG6N,LG6N,V1098,,3.15 GB,MT6768,2023-01-15,230115,Tecno_Pova_Neo_2_LG6N_MT6768_V1098_230115.zip,https://naijarom.com/tecno-pova-neo-2-lg6n,2026-09-22T01:01:20.624032+00:00,
Tecno Pova Neo 2 LG6N,LG6N,V1169,,3 GB,MT6768,2023-03-07,230307,Tecno_Pova_Neo_2_LG6N_MT6768_V1169_230307.zip,https://naijarom.com/tecno-pova-neo-2-lg6n,2026-09-22T01:01:20.624110+00:00,
Tecno Pova Neo 2 LG6N,LG6N,V1170,,3.14 GB,MT6768,2023-03-07,230307,Tecno_Pova_Neo_2_LG6N_MT6768_V1170_230307.zip,https://naijarom.com/tecno-pova-neo-2-lg6n,2026-09-22T01:01:20.624159+00:00,
Tecno Pova Neo 2 LG6N,LG6N,V1346,,3.95 GB,MT6768,2023-06-07,230607,Tecno_Pova_Neo_2_LG6N_MT6768_V1346_230607.zip,https://naijarom.com/tecno-pova-neo-2-lg6n,2026-09-22T01:01:20.624273+00:00,
Tecno Pova Neo 2 LG6N,LG6N,V1417,,3.96 GB,MT6768,2023-07-12,230712,Tecno_Pova_Neo_2_LG6N_MT6768_V1417_230712.zip,https://naijarom.com/tecno-pova-neo-2-lg6n,2026-09-22T01:01:20.624320+00:00,
Tecno Pova Neo 2 LG6N,LG6N,V1535,,3.88 GB,MT6768,2023-09-07,230907,Tecno_Pova_Neo_2_LG6N_MT6768_V1535_230907.zip,https://naijarom.com/tecno-pova-neo-2-lg6n,2026-09-22T01:01:20.624397+00:00,
Tecno Pova Neo 3 LH6N,LH6N,,,,,,,,https://naijarom.com/tecno-pova-neo-3-lh6n,2026-09-22T01:01:25.812462+00:00,no firmware versions found on page
Tecno Pova Neo 5G LE6J,LE6J,V1139,,3.61 GB,MT6833,2024-08-22,220824,Tecno_Pova_Neo_5G_LE6J_MT6833_V1139_220824.zip,https://naijarom.com/tecno-pova-neo-5g-le6j,2026-09-22T01:01:30.566793+00:00,
Tecno Pova Neo 5G LE6J,LE6J,V1234,,3.63 GB,MT6833,2022-09-08,220908,Tecno_Pova_Neo_5G_LE6J_MT6833_V1234_220908.zip,https://naijarom.com/tecno-pova-neo-5g-le6j,2026-09-22T01:01:30.566850+00:00,
Tecno Pova Neo 5G LE6J,LE6J,V1984,,3.66 GB,MT6833,2024-02-23,230224,Tecno_Pova_Neo_5G_LE6J_MT6833_V1984_230224.zip,https://naijarom.com/tecno-pova-neo-5g-le6j,2026-09-22T01:01:30.566887+00:00,
Tecno Pova 2 LE7N,LE7N,V149,,2.85 GB,MT6768,2023-04-21,210423,Tecno_Pova_2_LE7N_MT6768_V149_210423.zip,https://naijarom.com/tecno-pova-2-le7n,2026-09-22T01:01:35.515604+00:00,
Tecno Pova 2 LE7N,LE7N,V291,,3.26 GB,MT6768,2022-04-18,220418,Tecno_Pova_2_LE7N_MT6768_V291_220418.zip,https://naijarom.com/tecno-pova-2-le7n,2026-09-22T01:01:35.515688+00:00,
Tecno Pova 2 LE7N,LE7N,V306,,3 GB,MT6768,2022-04-14,220414,Tecno_Pova_2_LE7N_MT6768_V306_220414.zip,https://naijarom.com/tecno-pova-2-le7n,2026-09-22T01:01:35.515727+00:00,
Tecno Pova 2 LE7N,LE7N,V310,,3 GB,MT6768,2022-06-12,220612,Tecno_Pova_2_LE7N_MT6768_V310_220612.zip,https://naijarom.com/tecno-pova-2-le7n,2026-09-22T01:01:35.515749+00:00,
Tecno Pova 3 LF7,LF7,V470,,3.43 GB,MT6768,2024-03-22,220324,Tecno_Pova_3_LF7_MT6768_V470_220324.zip,https://naijarom.com/tecno-pova-3-lf7,2026-09-22T01:01:40.162747+00:00,
Tecno Pova 3 LF7,LF7,V561,,3.44 GB,MT6768,2025-04-22,220425,Tecno_Pova_3_LF7_MT6768_V561_220425.zip,https://naijarom.com/tecno-pova-3-lf7,2026-09-22T01:01:40.162817+00:00,
Tecno Pova 3 LF7,LF7,V637,,3.45 GB,MT6768,2022-05-31,220531,Tecno_Pova_3_LF7_MT6768_V637_220531.zip,https://naijarom.com/tecno-pova-3-lf7,2026-09-22T01:01:40.162866+00:00,
Tecno Pova 3 LF7,LF7,V875,,3.53 GB,MT6768,2022-09-06,220906,Tecno_Pova_3_LF7_MT6768_V875_220906.zip,https://naijarom.com/tecno-pova-3-lf7,2026-09-22T01:01:40.162906+00:00,
Tecno Pova 3 LF7,LF7,V944,,3.41 GB,MT6768,2028-09-22,220928,Tecno_Pova_3_LF7_MT6768_V944_220928.zip,https://naijarom.com/tecno-pova-3-lf7,2026-09-22T01:01:40.162949+00:00,
Tecno Pova 3 LF7,LF7,V1055,,3.48 GB,MT6768,2022-12-03,221203,Tecno_Pova_3_LF7_MT6768_V1055_221203.zip,https://naijarom.com/tecno-pova-3-lf7,2026-09-22T01:01:40.163008+00:00,
Tecno Pova 3 LF7N,LF7N,V685,,3.54 GB,MT6768,2029-03-22,220329,Tecno_Pova_3_LF7N_MT6768_V685_220329.zip,https://naijarom.com/tecno-pova-3-lf7n,2026-09-22T01:01:45.393725+00:00,
Tecno Pova 3 LF7N,LF7N,V829,,3.53 GB,MT6768,2025-04-22,220425,Tecno_Pova_3_LF7N_MT6768_V829_220425.zip,https://naijarom.com/tecno-pova-3-lf7n,2026-09-22T01:01:45.393776+00:00,
Tecno Pova 3 LF7N,LF7N,V900,,3.56 GB,MT6768,2022-05-15,220515,Tecno_Pova_3_LF7N_MT6768_V900_220515.zip,https://naijarom.com/tecno-pova-3-lf7n,2026-09-22T01:01:45.393816+00:00,
Tecno Pova 3 LF7N,LF7N,V1121,,2.92 GB,MT6768,2022-07-19,220719,Tecno_Pova_3_LF7N_MT6768_V1121_220719.zip,https://naijarom.com/tecno-pova-3-lf7n,2026-09-22T01:01:45.393855+00:00,
Tecno Pova 3 LF7N,LF7N,V1233,,3.69 GB,MT6768,2026-08-22,220826,Tecno_Pova_3_LF7N_MT6768_V1233_220826.zip,https://naijarom.com/tecno-pova-3-lf7n,2026-09-22T01:01:45.393894+00:00,
Tecno Pova 3 LF7N,LF7N,V1350,,2.96 GB,MT6768,2022-09-14,220914,Tecno_Pova_3_LF7N_MT6768_V1350_220914.zip,https://naijarom.com/tecno-pova-3-lf7n,2026-09-22T01:01:45.393933+00:00,
Tecno Pova 3 LF7N,LF7N,V1659,,3.03 GB,MT6768,2022-12-18,221218,Tecno_Pova_3_LF7N_MT6768_V1659_221218.zip,https://naijarom.com/tecno-pova-3-lf7n,2026-09-22T01:01:45.393975+00:00,
Tecno Pova 3 LF7N,LF7N,V1660,,3.81 GB,MT6768,2022-12-18,221218,Tecno_Pova_3_LF7N_MT6768_V1660_221218.zip,https://naijarom.com/tecno-pova-3-lf7n,2026-09-22T01:01:45.394034+00:00,
Tecno Pova 3 LF7N,LF7N,V1667,,3.24 GB,MT6768,2022-12-19,221219,Tecno_Pova_3_LF7N_MT6768_V1667_221219.zip,https://naijarom.com/tecno-pova-3-lf7n,2026-09-22T01:01:45.394077+00:00,
Tecno Pova 3 LF7N,LF7N,V1809,,3.04 GB,MT6768,2029-01-23,230129,Tecno_Pova_3_LF7N_MT6768_V1809_230129.zip,https://naijarom.com/tecno-pova-3-lf7n,2026-09-22T01:01:45.394116+00:00,
Tecno Pova 3 LF7N,LF7N,V2270,,3.97 GB,MT6768,2023-06-19,230619,Tecno_Pova_3_LF7N_MT6768_V2270_230619.zip,https://naijarom.com/tecno-pova-3-lf7n,2026-09-22T01:01:45.394188+00:00,
Tecno Pova 4 LG7N,LG7N,V887,,3.56 GB,MT6789,2026-08-22,220826,Tecno_Pova_4_LG7N_MT6789_V887_220826.zip,https://naijarom.com/tecno-pova-4-lg7n,2026-09-22T01:01:50.186594+00:00,
Tecno Pova 4 LG7N,LG7N,V1008,,3.35 GB,MT6789,2022-10-10,221010,Tecno_Pova_4_LG7N_MT6789_V1008_221010.zip,https://naijarom.com/tecno-pova-4-lg7n,2026-09-22T01:01:50.186687+00:00,
Tecno Pova 4 LG7N,LG7N,V1156,,3.83 GB,MT6789,2022-11-16,221116,Tecno_Pova_4_LG7N_MT6789_V1156_221116.zip,https://naijarom.com/tecno-pova-4-lg7n,2026-09-22T01:01:50.186736+00:00,
Tecno Pova 4 LG7N,LG7N,V1242,,4.46 GB,MT6789,2029-12-22,221229,Tecno_Pova_4_LG7N_MT6789_V1242_221229.zip,https://naijarom.com/tecno-pova-4-lg7n,2026-09-22T01:01:50.186789+00:00,
Tecno Pova 4 LG7N,LG7N,V1330,,4.42 GB,MT6789,2020-03-23,230320,Tecno_Pova_4_LG7N_MT6789_V1330_230320.zip,https://naijarom.com/tecno-pova-4-lg7n,2026-09-22T01:01:50.186903+00:00,
Tecno Pova 4 LG7N,LG7N,V1332,,3.83 GB,MT6789,2022-03-23,230322,Tecno_Pova_4_LG7N_MT6789_V1332_230322.zip,https://naijarom.com/tecno-pova-4-lg7n,2026-09-22T01:01:50.186945+00:00,
Tecno Pova 4 Pro LG8N,LG8N,,,,,,,,https://naijarom.com/tecno-pova-4-pro-lg8n,2026-09-22T01:01:55.452427+00:00,no firmware versions found on page
Tecno Pova 5 LH7N,LH7N,,,,,,,,https://naijarom.com/tecno-pova-5-lh7n,2026-09-22T01:02:00.441867+00:00,no firmware versions found on page
Tecno Pova 5 Pro LH8N,LH8N,V1882,,5.32 GB,MT6833,2020-09-23,230920,Tecno_Pova_5_Pro_LH8N_MT6833_V1882_230920.zip,https://naijarom.com/tecno-pova-5-pro-lh8n,2026-09-22T01:02:05.460473+00:00,
Tecno Pova 5 Pro LH8N,LH8N,V1954,,5.32 GB,MT6833,2027-09-23,230927,Tecno_Pova_5_Pro_LH8N_MT6833_V1954_230927.zip,https://naijarom.com/tecno-pova-5-pro-lh8n,2026-09-22T01:02:05.460513+00:00,
Tecno Pova 5 Pro LH8N,LH8N,V2724,,5.47 GB,MT6833,2024-02-19,240219,Tecno_Pova_5_Pro_LH8N_MT6833_V2724_240219.zip,https://naijarom.com/tecno-pova-5-pro-lh8n,2026-09-22T01:02:05.460566+00:00,
Tecno Pova 5 Pro LH8N,LH8N,V2760,,5.48 GB,MT6833,2024-04-10,240410,Tecno_Pova_5_Pro_LH8N_MT6833_V2760_240410.zip,https://naijarom.com/tecno-pova-5-pro-lh8n,2026-09-22T01:02:05.460589+00:00,
Tecno Pova 5 Pro LH8N,LH8N,V2776,,5.53 GB,MT6833,2021-06-24,240621,Tecno_Pova_5_Pro_LH8N_MT6833_V2776_240621.zip,https://naijarom.com/tecno-pova-5-pro-lh8n,2026-09-22T01:02:05.460617+00:00,
Tecno Pova 5 Pro LH8N,LH8N,V659,,6.46 GB,MT6833,2024-07-03,240703,Tecno_Pova_5_Pro_LH8N_MT6833_V659_240703.zip,https://naijarom.com/tecno-pova-5-pro-lh8n,2026-09-22T01:02:05.460646+00:00,
Tecno Pova 5 Pro LH8N,LH8N,V771,,6.36 GB,MT6833,2024-09-10,240910,Tecno_Pova_5_Pro_LH8N_MT6833_V771_240910.zip,https://naijarom.com/tecno-pova-5-pro-lh8n,2026-09-22T01:02:05.460681+00:00,
Tecno Pova 5 Pro LH8N,LH8N,V781,,6.38 GB,MT6833,2024-10-17,241017,Tecno_Pova_5_Pro_LH8N_MT6833_V781_241017.zip,https://naijarom.com/tecno-pova-5-pro-lh8n,2026-09-22T01:02:05.460699+00:00,
Tecno Pova 5 Pro LH8N,LH8N,V792,,6.42 GB,MT6833,2024-12-09,241209,Tecno_Pova_5_Pro_LH8N_MT6833_V792_241209.zip,https://naijarom.com/tecno-pova-5-pro-lh8n,2026-09-22T01:02:05.460715+00:00,
Tecno Pova 5 Pro LH8N,LH8N,V824,,6.45 GB,MT6833,2025-04-16,250416,Tecno_Pova_5_Pro_LH8N_MT6833_V824_250416.zip,https://naijarom.com/tecno-pova-5-pro-lh8n,2026-09-22T01:02:05.460734+00:00,
Tecno Pova 5 Pro LH8N,LH8N,V834,,6.43 GB,MT6833,2025-06-06,250606,Tecno_Pova_5_Pro_LH8N_MT6833_V834_250606.zip,https://naijarom.com/tecno-pova-5-pro-lh8n,2026-09-22T01:02:05.460752+00:00,
Tecno Pova 5G LE8,LE8,V1114,,4.14 GB,MT6877,2022-09-02,220902,Tecno_Pova_5G_LE8_MT6877_V1114_220902.zip,https://naijarom.com/tecno-pova-5g-le8,2026-09-22T01:02:10.877540+00:00,
Tecno Pova Curve 5G LJ8K,LJ8K,15.1.0.103SP06,OP001PF001AZ,6.53 GB,MT6878,2025-05-16,160525,Tecno_Pova_Curve_5G_LJ8K_MT6878_15.1.0.103SP06_OP001PF001AZ_160525_MXML.zip,https://naijarom.com/tecno-pova-curve-5g-lj8k,2026-09-22T01:02:15.741495+00:00,
Tecno Pova Curve 5G LJ8K,LJ8K,15.1.0.133SP12,OP001PF001AZ,7.28 GB,MT6878,2025-07-17,170725,Tecno_Pova_Curve_5G_LJ8K_MT6878_15.1.0.133SP12_OP001PF001AZ_170725_MXML.zip,https://naijarom.com/tecno-pova-curve-5g-lj8k,2026-09-22T01:02:15.741538+00:00,
Tecno Pova Curve 5G LJ8K,LJ8K,15.1.0.155SP02,IN001PF001AZ,7.16 GB,MT6878,2025-08-28,280825,Tecno_Pova_Curve_5G_LJ8K_MT6878_15.1.0.155SP02_IN001PF001AZ_280825_MXML.zip,https://naijarom.com/tecno-pova-curve-5g-lj8k,2026-09-22T01:02:15.741571+00:00,
Tecno Pova Curve 5G LJ8K,LJ8K,15.1.0.155SP02,OP001PF001AZ,7.28 GB,MT6878,2025-08-27,270825,Tecno_Pova_Curve_5G_LJ8K_MT6878_15.1.0.155SP02_OP001PF001AZ_270825_MXML.zip,https://naijarom.com/tecno-pova-curve-5g-lj8k,2026-09-22T01:02:15.741596+00:00,
Tecno Pova Curve 5G LJ8K,LJ8K,15.1.2.128SP02,IN001PF001AZ,7.24 GB,MT6878,2025-10-16,161025,Tecno_Pova_Curve_5G_LJ8K_MT6878_15.1.2.128SP02_IN001PF001AZ_161025_MXML.zip,https://naijarom.com/tecno-pova-curve-5g-lj8k,2026-09-22T01:02:15.741621+00:00,
Tecno Pova Curve 5G LJ8K,LJ8K,15.1.2.128SP02,OP001PF001AZ,7.35 GB,MT6878,2025-10-16,161025,Tecno_Pova_Curve_5G_LJ8K_MT6878_15.1.2.128SP02_OP001PF001AZ_161025_MXML.zip,https://naijarom.com/tecno-pova-curve-5g-lj8k,2026-09-22T01:02:15.741646+00:00,
Tecno Pova Curve 5G LJ8K,LJ8K,15.1.2.145SP01,IN001PF001AZ,7.16 GB,MT6878,2025-12-11,251211,Tecno_Pova_Curve_5G_LJ8K_MT6878_15.1.2.145SP01_IN001PF001AZ_251211_MXML.zip,https://naijarom.com/tecno-pova-curve-5g-lj8k,2026-09-22T01:02:15.741669+00:00,
Tecno Pova Curve 5G LJ8K,LJ8K,15.1.2.145SP12,OP001PF001AZ,7.27 GB,MT6878,2026-01-20,200126,Tecno_Pova_Curve_5G_LJ8K_MT6878_15.1.2.145SP12_OP001PF001AZ_200126_MXML.zip,https://naijarom.com/tecno-pova-curve-5g-lj8k,2026-09-22T01:02:15.741693+00:00,
Tecno Pova Curve 5G LJ8K,LJ8K,15.1.2.145SP13,IN001PF001AZ,7.16 GB,MT6878,2028-01-26,260128,Tecno_Pova_Curve_5G_LJ8K_MT6878_15.1.2.145SP13_IN001PF001AZ_260128_MXML.zip,https://naijarom.com/tecno-pova-curve-5g-lj8k,2026-09-22T01:02:15.741717+00:00,
Tecno Pova Curve 5G LJ8K,LJ8k,15.1.2.165SP05,IN001PF001AZ,7.22 GB,MT6878,2025-03-26,260325,Tecno_Pova_Curve_5G_LJ8k_MT6878_15.1.2.165SP05_IN001PF001AZ_260325_MXML.zip,https://naijarom.com/tecno-pova-curve-5g-lj8k,2026-09-22T01:02:15.741766+00:00,
Tecno Pova Curve 5G LJ8K,LJ8K,15.1.2.180SP05,IN001PF001AZ,7.24 GB,MT6878,2026-06-18,260618,Tecno_Pova_Curve_5G_LJ8K_MT6878_15.1.2.180SP05_IN001PF001AZ_260618_MXML.zip,https://naijarom.com/tecno-pova-curve-5g-lj8k,2026-09-22T01:02:15.741794+00:00,
Tecno Pova Curve 5G LJ8K,LJ8k,15.1.2.180SP05,OP001PF001AZ,7.35 GB,MT6878,2026-06-18,260618,Tecno_Pova_Curve_5G_LJ8k_MT6878_15.1.2.180SP05_OP001PF001AZ_260618_MXML.zip,https://naijarom.com/tecno-pova-curve-5g-lj8k,2026-09-22T01:02:15.741818+00:00,
Tecno Pova Curve 2 5G LK7K,LK7K,16.1.0.115SP12,IN001PF001AZ,9 GB,MT6858,2026-01-01,010126,Tecno_Pova_Curve_2_5G_LK7K_MT6858_16.1.0.115SP12_IN001PF001AZ_010126_MXML.zip,https://naijarom.com/tecno-pova-curve-2-5g-lk7k,2026-09-22T01:02:20.831153+00:00,
Tecno Pova Curve 2 5G LK7K,LK7K,16.1.0.135,OPPJ001PF001PJ,9.57 GB,MT6858,2026-01-01,010126,Tecno_Pova_Curve_2_5G_LK7K_MT6858_16.1.0.135_OPPJ001PF001PJ_010126_MXML.zip,https://naijarom.com/tecno-pova-curve-2-5g-lk7k,2026-09-22T01:02:20.831202+00:00,
Tecno Pova Curve 2 5G LK7K,LK7K,16.1.0.135,TR001PF001AZ,9.15 GB,MT6858,2026-01-01,010126,Tecno_Pova_Curve_2_5G_LK7K_MT6858_16.1.0.135_TR001PF001AZ_010126_MXML.zip,https://naijarom.com/tecno-pova-curve-2-5g-lk7k,2026-09-22T01:02:20.831222+00:00,
Tecno Pova Curve 2 5G LK7K,LK7K,16.1.0.140SP12,OPPJ001PF001PJ,9.97 GB,MT6858,2026-01-01,010126,Tecno_Pova_Curve_2_5G_LK7K_MT6858_16.1.0.140SP12_OPPJ001PF001PJ_010126_MXML.zip,https://naijarom.com/tecno-pova-curve-2-5g-lk7k,2026-09-22T01:02:20.831237+00:00,
Tecno Pova Curve 2 5G LK7K,LK7K,16.1.0.140SP12,TR001PF001AZ,9.15 GB,MT6858,2026-01-01,010126,Tecno_Pova_Curve_2_5G_LK7K_MT6858_16.1.0.140SP12_TR001PF001AZ_010126_MXML.zip,https://naijarom.com/tecno-pova-curve-2-5g-lk7k,2026-09-22T01:02:20.831256+00:00,
Tecno Pova Curve 2 5G LK7K,LK7K,16.2.0.140SP11,TR008PF001AZ,9.26 GB,MT6858,2026-01-02,260102,Tecno_Pova_Curve_2_5G_LK7K_MT6858_16.2.0.140SP11_TR008PF001AZ_260102_MXML.zip,https://naijarom.com/tecno-pova-curve-2-5g-lk7k,2026-09-22T01:02:20.831271+00:00,
Tecno Pova Curve 2 5G LK7K,LK7K,16.2.0.140SP11,,9.69 GB,MT6858,,,Tecno_Pova_Curve_2_5G_LK7K_MT6858_16.2.0.140SP11_OPPJ008PF001PJ_MXML.zip,https://naijarom.com/tecno-pova-curve-2-5g-lk7k,2026-09-22T01:02:20.831302+00:00,
Tecno Pova Curve 2 5G LK7K,LK7K,16.2.0.145SP13,,9.81 GB,MT6858,,,Tecno_Pova_Curve_2_5G_LK7K_MT6858_16.2.0.145SP13_OP005PF001AZ_MXML.zip,https://naijarom.com/tecno-pova-curve-2-5g-lk7k,2026-09-22T01:02:20.831327+00:00,
Tecno Pova Curve 2 5G LK7K,LK7K,16.2.0.145SP13,IN005PF001AZ,9.33 GB,MT6858,2026-01-01,010126,Tecno_Pova_Curve_2_5G_LK7K_MT6858_16.2.0.145SP13_IN005PF001AZ_010126_MXML.zip,https://naijarom.com/tecno-pova-curve-2-5g-lk7k,2026-09-22T01:02:20.831356+00:00,
Tecno Pova Curve 2 5G LK7K,LK7K,16.1.0.150SP09,IN001PF001AZ,8.99 GB,MT6858,2026-01-01,010126,Tecno_Pova_Curve_2_5G_LK7K_MT6858_16.1.0.150SP09_IN001PF001AZ_010126_MXML.zip,https://naijarom.com/tecno-pova-curve-2-5g-lk7k,2026-09-22T01:02:20.831393+00:00,
Tecno Pova Curve 2 5G LK7K,LK7K,16.1.0.160SP04,,9 GB,MT6858,,,Tecno_Pova_Curve_2_5G_LK7K_MT6858_16.1.0.160SP04_IN004PF001AZ_MXML.zip,https://naijarom.com/tecno-pova-curve-2-5g-lk7k,2026-09-22T01:02:20.831416+00:00,
Tecno Pova Curve 2 5G LK7K,LK7K,16.2.0.150SP04,,9.33 GB,MT6858,,,Tecno_Pova_Curve_2_5G_LK7K_MT6858_16.2.0.150SP04_IN004PF001AZ_MXML.zip,https://naijarom.com/tecno-pova-curve-2-5g-lk7k,2026-09-22T01:02:20.831457+00:00,
Tecno Pova Curve 2 5G LK7K,LK7K,16.2.0.150SP12,,9.39 GB,MT6858,,,Tecno_Pova_Curve_2_5G_LK7K_MT6858_16.2.0.150SP12_TR006PF001AZ_MXML.zip,https://naijarom.com/tecno-pova-curve-2-5g-lk7k,2026-09-22T01:02:20.831515+00:00,
Tecno Q1,Q1,,,,,,,,https://naijarom.com/tecno-q1,2026-09-22T01:02:26.028371+00:00,no firmware versions found on page
Tecno R5,R5,,,,,,,,https://naijarom.com/tecno-r5,2026-09-22T01:02:31.711126+00:00,no firmware versions found on page
Tecno R6,R6,7.0,,1 GB,MT6737M,,21082017,Tecno_R6_MT6737M_21082017_7.0.zip,https://naijarom.com/tecno-r6,2026-09-22T01:02:36.742275+00:00,
Tecno R6S,R6S,,,,,,,,https://naijarom.com/tecno-r6s,2026-09-22T01:02:41.504213+00:00,no firmware versions found on page
Tecno R7,R7,4.4,,1.47 GB,MT6592,2014-10-13,20141013,Tecno_R7_MT6592_20141013_4.4.zip,https://naijarom.com/tecno-r7,2026-09-22T01:02:46.819398+00:00,
Tecno R8,R8,V111,,756 MB,MT6737M,,180612,Tecno_R8_MT6737M_V111_180612.zip,https://naijarom.com/tecno-r8,2026-09-22T01:02:52.159093+00:00,
Tecno R8,R8,V142,,778 MB,MT6737M,,180817,Tecno_R8_MT6737M_V142_180817.zip,https://naijarom.com/tecno-r8,2026-09-22T01:02:52.159122+00:00,
Tecno R8,R8,V150,,778 MB,MT6735,,180612,Tecno_R8_MT6735_V150_180612.zip,https://naijarom.com/tecno-r8,2026-09-22T01:02:52.159140+00:00,
Tecno R8,R8,V184,,778 MB,MT6737M,,180817,Tecno_R8_MT6737M_V184_180817.zip,https://naijarom.com/tecno-r8,2026-09-22T01:02:52.159156+00:00,
Tecno R8,R8,V194,,1.48 GB,MT6737M,,191018,Tecno_R8_MT6737M_V194_191018.zip,https://naijarom.com/tecno-r8,2026-09-22T01:02:52.159176+00:00,
Tecno R8S,R8S,V166,,1.57 GB,MT6737M,,180612,Tecno_R8S_MT6737M_V166_180612.zip,https://naijarom.com/tecno-r8s,2026-09-22T01:02:57.012461+00:00,
Tecno RA6,RA6,V049,,840.8 MB,MT6739,,180917,Tecno_RA6_MT6739_V049_180917.zip,https://naijarom.com/tecno-ra6,2026-09-22T01:03:01.911194+00:00,
Tecno RA6,RA6,V053,,842.7 MB,MT6739,,181115,Tecno_RA6_MT6739_V053_181115.zip,https://naijarom.com/tecno-ra6,2026-09-22T01:03:01.911224+00:00,
Tecno RA6,RA6,V139,,846.3 MB,MT6739,,181115,Tecno_RA6_MT6739_V139_181115.zip,https://naijarom.com/tecno-ra6,2026-09-22T01:03:01.911253+00:00,
Tecno RA6S,RA6S,,,,,,,,https://naijarom.com/tecno-ra6s,2026-09-22T01:03:06.854048+00:00,no firmware versions found on page
Tecno RA7,RA7,,,,,,,,https://naijarom.com/tecno-ra7,2026-09-22T01:03:11.732879+00:00,no firmware versions found on page
Tecno S1,S1,V109,,762 MB,MT6580,,171218,Tecno_S1_MT6580_V109_171218.zip,https://naijarom.com/tecno-s1,2026-09-22T01:03:16.591399+00:00,
Tecno S1E Pro,S1E,,,,,,,,https://naijarom.com/tecno-s1e-pro,2026-09-22T01:03:21.732738+00:00,no firmware versions found on page
Tecno S1M,H8016S,6.0,,700.01 MB,MT6580,2017-05-10,20170510,Tecno_S1M_H8016S_MT6580_20170510_6.0.zip,https://naijarom.com/tecno-s1m,2026-09-22T01:03:26.924479+00:00,
Tecno S1S,S1S,,,,,,,,https://naijarom.com/tecno-s1s,2026-09-22T01:03:31.837072+00:00,no firmware versions found on page
Tecno S1S Lite,S1S,,,,,,,,https://naijarom.com/tecno-s1s-lite,2026-09-22T01:03:36.889087+00:00,no firmware versions found on page
Tecno S1S Pro,S1S,,,,,,,,https://naijarom.com/tecno-s1s-pro,2026-09-22T01:03:41.602224+00:00,no firmware versions found on page
Tecno S3,S3,,,,,,,,https://naijarom.com/tecno-s3,2026-09-22T01:03:46.424336+00:00,no firmware versions found on page
Tecno S5,S5,,,,,,,,https://naijarom.com/tecno-s5,2026-09-22T01:03:52.024267+00:00,no firmware versions found on page
Tecno S6,S6,,,,,,,,https://naijarom.com/tecno-s6,2026-09-22T01:03:57.405572+00:00,no firmware versions found on page
Tecno S6S,S6S,,,,,,,,https://naijarom.com/tecno-s6s,2026-09-22T01:04:02.372930+00:00,no firmware versions found on page
Tecno S7,S7,,,,,,,,https://naijarom.com/tecno-s7,2026-09-22T01:04:08.188507+00:00,no firmware versions found on page
Tecno S9,S9,,,,,,,,https://naijarom.com/tecno-s9,2026-09-22T01:04:13.336220+00:00,no firmware versions found on page
Tecno S9S,S9S,,,,,,,,https://naijarom.com/tecno-s9s,2026-09-22T01:04:18.465246+00:00,no firmware versions found on page
Tecno S302,S302,,,,,,,,https://naijarom.com/tecno-s302,2026-09-22T01:04:23.339248+00:00,no firmware versions found on page
Tecno S501,S501,,,,,,,,https://naijarom.com/tecno-s501,2026-09-22T01:04:28.049588+00:00,no firmware versions found on page
Tecno SA1,SA1,V156,,679 MB,MT6580,2025-08-20,200825,Tecno_SA1_MT6580_V156_200825.zip,https://naijarom.com/tecno-sa1,2026-09-22T01:04:32.913614+00:00,
Tecno SA1S Pro,SA1S,V100,,697 MB,MT6580,,190912,Tecno_SA1S_Pro_MT6580_V100_190912.zip,https://naijarom.com/tecno-sa1s-pro,2026-09-22T01:04:38.150859+00:00,
Tecno SA1S Pro,SA1S,V119,,690 MB,MT6580,2027-11-18,181127,Tecno_SA1S_Pro_MT6580_V119_181127.zip,https://naijarom.com/tecno-sa1s-pro,2026-09-22T01:04:38.150921+00:00,
Tecno SA2S,SA2S,,,,,,,,https://naijarom.com/tecno-sa2s,2026-09-22T01:04:43.911297+00:00,no firmware versions found on page
Tecno SA3,SA3,,,,,,,,https://naijarom.com/tecno-sa3,2026-09-22T01:04:49.044603+00:00,no firmware versions found on page
Tecno SA6,SA6,,,,,,,,https://naijarom.com/tecno-sa6,2026-09-22T01:04:54.591520+00:00,no firmware versions found on page
Tecno SA6S,SA6S,,,,,,,,https://naijarom.com/tecno-sa6s,2026-09-22T01:05:00.338687+00:00,no firmware versions found on page
Tecno Smart 6 HD X6512,X6512,V661,,1.99 GB,MT6761,2028-08-22,220828,Tecno_X6512_MT6761_V661_220828.zip,https://naijarom.com/tecno-smart-6-hd-x6512,2026-09-22T01:05:05.419663+00:00,
Tecno Spark 2 KA7,KA7,V109,,915 MB,MT6580,,180515,Tecno_Spark_2_KA7_MT6580_V109_180515.zip,https://naijarom.com/tecno-spark-2-ka7,2026-09-22T01:05:10.766309+00:00,
Tecno Spark 2 KA7,KA7,V128,,1 GB,MT6580,,180810,Tecno_Spark_2_KA7_MT6580_V128_180810.zip,https://naijarom.com/tecno-spark-2-ka7,2026-09-22T01:05:10.766344+00:00,
Tecno Spark 2 KA7,KA7,V169,,1015 MB,MT6580,,180906,Tecno_Spark_2_KA7_MT6580_V169_180906.zip,https://naijarom.com/tecno-spark-2-ka7,2026-09-22T01:05:10.766364+00:00,
Tecno Spark 2 KA7,KA7,V173,,1016 MB,MT6580,,181012,Tecno_Spark_2_KA7_MT6580_V173_181012.zip,https://naijarom.com/tecno-spark-2-ka7,2026-09-22T01:05:10.766381+00:00,
Tecno Spark 2 KA7O,KA7O,V157,,1 GB,MT6580,,181012,Tecno_Spark_2_KA7O_MT6580_V157_181012.zip,https://naijarom.com/tecno-spark-2-ka7o,2026-09-22T01:05:15.734853+00:00,
Tecno Spark 3 KB7,KB7,V137,,961 MB,MT6580,,190403,Tecno_Spark_3_KB7_MT6580_V137_190403.zip,https://naijarom.com/tecno-spark-3-kb7,2026-09-22T01:05:20.763233+00:00,
Tecno Spark 3 KB7J,KB7J,V119,,2 GB,MT6761,2024-04-19,190424,Tecno_Spark_3_KB7J_MT6761_V119_190424.zip,https://naijarom.com/tecno-spark-3-kb7j,2026-09-22T01:05:26.044914+00:00,
Tecno Spark 3 KB7J,KB7J,V196,,1.75 GB,MT6761,2020-10-31,201031,Tecno_Spark_3_KB7J_MT6761_V196_201031.zip,https://naijarom.com/tecno-spark-3-kb7j,2026-09-22T01:05:26.044966+00:00,
Tecno Spark 3 KB7J,KB7J,V201,,1.74 GB,MT6761,2023-03-21,210323,Tecno_Spark_3_KB7J_MT6761_V201_210323.zip,https://naijarom.com/tecno-spark-3-kb7j,2026-09-22T01:05:26.045022+00:00,
Tecno Spark 3 Pro KB8,KB8,V179,,2 GB,MT6761,2024-04-19,190424,Tecno_Spark_3_Pro_KB8_MT6761_V179_190424.zip,https://naijarom.com/tecno-spark-3-pro-kb8,2026-09-22T01:05:31.100811+00:00,
Tecno Spark 3 Pro KB8,KB8,V669,,2 GB,MT6761,2021-11-19,191121,Tecno_Spark_3_Pro_KB8_MT6761_V669_191121.zip,https://naijarom.com/tecno-spark-3-pro-kb8,2026-09-22T01:05:31.100866+00:00,
Tecno Spark 4 Air KC1J,KC1J,V141,,2 GB,MT6761,,190731,Tecno_Spark_4_Air_KC1J_MT6761_V141_190731.zip,https://naijarom.com/tecno-spark-4-air-kc1j,2026-09-22T01:05:36.662111+00:00,
Tecno Spark 4 Air KC1J,KC1J,V190,,2 GB,MT6761,,190912,Tecno_Spark_4_Air_KC1J_MT6761_V190_190912.zip,https://naijarom.com/tecno-spark-4-air-kc1j,2026-09-22T01:05:36.662141+00:00,
Tecno Spark 4 Air KC1J,KC1J,V209,,2 GB,MT6761,,191010,Tecno_Spark_4_Air_KC1J_MT6761_V209_191010.zip,https://naijarom.com/tecno-spark-4-air-kc1j,2026-09-22T01:05:36.662160+00:00,
Tecno Spark 4 Air KC1J,KC1J,V253,,2 GB,MT6761,2020-01-17,200117,Tecno_Spark_4_Air_KC1J_MT6761_V253_200117.zip,https://naijarom.com/tecno-spark-4-air-kc1j,2026-09-22T01:05:36.662180+00:00,
Tecno Spark 4 Air KC1J,KC1J,V286,,2 GB,MT6761,2022-09-20,200922,Tecno_Spark_4_Air_KC1J_MT6761_V286_200922.zip,https://naijarom.com/tecno-spark-4-air-kc1j,2026-09-22T01:05:36.662199+00:00,
Tecno Spark 4 Air KC1J,KC1J,V288,,2 GB,MT6761,2028-10-20,201028,Tecno_Spark_4_Air_KC1J_MT6761_V288_201028.zip,https://naijarom.com/tecno-spark-4-air-kc1j,2026-09-22T01:05:36.662217+00:00,
Tecno Spark 4 Air KC1J,KC1J,V292,,1.66 GB,MT6761,2021-01-05,210105,Tecno_Spark_4_Air_KC1J_MT6761_V292_210105.zip,https://naijarom.com/tecno-spark-4-air-kc1j,2026-09-22T01:05:36.662238+00:00,
Tecno Spark 4 Air KC1J,KC1J,V300,,1.66 GB,MT6761,2021-05-13,210513,Tecno_Spark_4_Air_KC1J_MT6761_V300_210513.zip,https://naijarom.com/tecno-spark-4-air-kc1j,2026-09-22T01:05:36.662256+00:00,
Tecno Spark 4 Air KC6,KC6,V122,,1.73 GB,MT6761,2027-07-20,200727,Tecno_Spark_4_Air_KC6_MT6761_V122_200727.zip,https://naijarom.com/tecno-spark-4-air-kc6,2026-09-22T01:05:41.564007+00:00,
Tecno Spark 4 Air KC6,KC6,V234,,1.86 GB,MT6761,2020-12-03,201203,Tecno_Spark_4_Air_KC6_MT6761_V234_201203.zip,https://naijarom.com/tecno-spark-4-air-kc6,2026-09-22T01:05:41.564040+00:00,
Tecno Spark 4 Air KC6,KC6,V239,,1.86 GB,MT6761,2027-01-21,210127,Tecno_Spark_4_Air_KC6_MT6761_V239_210127.zip,https://naijarom.com/tecno-spark-4-air-kc6,2026-09-22T01:05:41.564068+00:00,
Tecno Spark 4 Air KC6,KC6,V241,,1.86 GB,MT6761,2030-03-21,210330,Tecno_Spark_4_Air_KC6_MT6761_V241_210330.zip,https://naijarom.com/tecno-spark-4-air-kc6,2026-09-22T01:05:41.564087+00:00,
Tecno Spark 4 Air KC6,KC6,V252,,1.86 GB,MT6761,2021-07-06,210706,Tecno_Spark_4_Air_KC6_MT6761_V252_210706.zip,https://naijarom.com/tecno-spark-4-air-kc6,2026-09-22T01:05:41.564108+00:00,
Tecno Spark 4 Air KC6,KC6,V253,,1.86 GB,MT6761,2022-07-21,210722,Tecno_Spark_4_Air_KC6_MT6761_V253_210722.zip,https://naijarom.com/tecno-spark-4-air-kc6,2026-09-22T01:05:41.564126+00:00,
Tecno Spark 4 Air KC6S,KC6S,,,,,,,,https://naijarom.com/tecno-spark-4-air-kc6s,2026-09-22T01:05:46.816406+00:00,no firmware versions found on page
Tecno Spark 4 KC2,KC2,V186,,1.93 GB,MT6761,2025-09-19,190925,Tecno_Spark_4_KC2_MT6761_V186_190925.zip,https://naijarom.com/tecno-spark-4-kc2,2026-09-22T01:05:51.974392+00:00,
Tecno Spark 4 KC2,KC2,V237,,2 GB,MT6761,2023-11-19,191123,Tecno_Spark_4_KC2_MT6761_V237_191123.zip,https://naijarom.com/tecno-spark-4-kc2,2026-09-22T01:05:51.974445+00:00,
Tecno Spark 4 KC2,KC2,V280,,2 GB,MT6761,2022-09-20,200922,Tecno_Spark_4_KC2_MT6761_V280_200922.zip,https://naijarom.com/tecno-spark-4-kc2,2026-09-22T01:05:51.974515+00:00,
Tecno Spark 4 KC2,KC2,V286,,2 GB,MT6761,2028-10-20,201028,Tecno_Spark_4_KC2_MT6761_V286_201028.zip,https://naijarom.com/tecno-spark-4-kc2,2026-09-22T01:05:51.974550+00:00,
Tecno Spark 4 KC2,KC2,V292,,1.95 GB,MT6761,2021-01-05,210105,Tecno_Spark_4_KC2_MT6761_V292_210105.zip,https://naijarom.com/tecno-spark-4-kc2,2026-09-22T01:05:51.974570+00:00,
Tecno Spark 4 KC2,KC2,V316,,1.95 GB,MT6761,2021-05-13,210513,Tecno_Spark_4_KC2_MT6761_V316_210513.zip,https://naijarom.com/tecno-spark-4-kc2,2026-09-22T01:05:51.974588+00:00,
Tecno Spark 4 KC2,KC2,V320,,1.95 GB,MT6761,2021-07-05,210705,Tecno_Spark_4_KC2_MT6761_V320_210705.zip,https://naijarom.com/tecno-spark-4-kc2,2026-09-22T01:05:51.974604+00:00,
Tecno Spark 4 KC2J,KC2J,V163,,2 GB,MT6761,2026-08-19,190826,Tecno_Spark_4_KC2J_MT6761_V163_190826.zip,https://naijarom.com/tecno-spark-4-kc2j,2026-09-22T01:05:58.360573+00:00,
Tecno Spark 4 KC2J,KC2J,V190,,2 GB,MT6761,2025-09-19,190925,Tecno_Spark_4_KC2J_MT6761_V190_190925.zip,https://naijarom.com/tecno-spark-4-kc2j,2026-09-22T01:05:58.360604+00:00,
Tecno Spark 4 KC2J,KC2J,V265,,2 GB,MT6761,2022-09-20,200922,Tecno_Spark_4_KC2J_MT6761_V265_200922.zip,https://naijarom.com/tecno-spark-4-kc2j,2026-09-22T01:05:58.360630+00:00,
Tecno Spark 4 KC2J,KC2J,V271,,2 GB,MT6761,2021-10-20,201021,Tecno_Spark_4_KC2J_MT6761_V271_201021.zip,https://naijarom.com/tecno-spark-4-kc2j,2026-09-22T01:05:58.360647+00:00,
Tecno Spark 4 KC2J,KC2J,V274,,2 GB,MT6761,2021-01-05,210105,Tecno_Spark_4_KC2J_MT6761_V274_210105.zip,https://naijarom.com/tecno-spark-4-kc2j,2026-09-22T01:05:58.360668+00:00,
Tecno Spark 4 KC2J,KC2J,V286,,2 GB,MT6761,2021-05-13,210513,Tecno_Spark_4_KC2J_MT6761_V286_210513.zip,https://naijarom.com/tecno-spark-4-kc2j,2026-09-22T01:05:58.360684+00:00,
Tecno Spark 4 KC2J,KC2J,V296,,2 GB,MT6761,2021-07-05,210705,Tecno_Spark_4_KC2J_MT6761_V296_210705.zip,https://naijarom.com/tecno-spark-4-kc2j,2026-09-22T01:05:58.360700+00:00,
Tecno Spark 4 KC8,KC8,V111,,2 GB,MT6761,,191006,Tecno_Spark_4_KC8_MT6761_V111_191006.zip,https://naijarom.com/tecno-spark-4-kc8,2026-09-22T01:06:03.353666+00:00,
Tecno Spark 4 KC8,KC8,V228,,2 GB,MT6761,2021-05-07,210507,Tecno_Spark_4_KC8_MT6761_V228_210507.zip,https://naijarom.com/tecno-spark-4-kc8,2026-09-22T01:06:03.353728+00:00,
Tecno Spark 4 KC8,KC8,V261,,1.92 GB,MT6761,2021-07-08,210708,Tecno_Spark_4_KC8_MT6761_V261_210708.zip,https://naijarom.com/tecno-spark-4-kc8,2026-09-22T01:06:03.353778+00:00,
Tecno Spark 4 Lite BB4K,BB4K,,,,,,,,https://naijarom.com/tecno-spark-4-lite-bb4k,2026-09-22T01:06:08.492689+00:00,no firmware versions found on page
Tecno Spark 4 Lite KC8S,KC8S,,,,,,,,https://naijarom.com/tecno-spark-4-lite-kc8s,2026-09-22T01:06:13.620287+00:00,no firmware versions found on page
Tecno Spark 4 Mini KC8,KC8,V261,,1.92 GB,MT6761,2021-07-08,210708,Tecno_Spark_4_Mini_KC8_MT6761_V261_210708.zip,https://naijarom.com/tecno-spark-4-mini-kc8,2026-09-22T01:06:19.754562+00:00,
Tecno Spark 5 Air KD6,KD6,V252,,1.5 GB,MT6761,2028-05-20,200528,Tecno_Spark_5_Air_KD6_MT6761_V252_200528.zip,https://naijarom.com/tecno-spark-5-air-kd6,2026-09-22T01:06:24.753440+00:00,
Tecno Spark 5 Air KD6,KD6,V388,,1.58 GB,MT6761,2021-05-07,210507,Tecno_Spark_5_Air_KD6_MT6761_V388_210507.zip,https://naijarom.com/tecno-spark-5-air-kd6,2026-09-22T01:06:24.753508+00:00,
Tecno Spark 5 Air KD6,KD6,V407,,1.58 GB,MT6761,2021-06-18,210618,Tecno_Spark_5_Air_KD6_MT6761_V407_210618.zip,https://naijarom.com/tecno-spark-5-air-kd6,2026-09-22T01:06:24.753566+00:00,
Tecno Spark 5 Air KD6,KD6,V433,,1.58 GB,MT6761,2028-07-21,210728,Tecno_Spark_5_Air_KD6_MT6761_V433_210728.zip,https://naijarom.com/tecno-spark-5-air-kd6,2026-09-22T01:06:24.753617+00:00,
Tecno Spark 5 Air KD6,KD6,V493,,1.58 GB,MT6761,2030-11-21,211130,Tecno_Spark_5_Air_KD6_MT6761_V493_211130.zip,https://naijarom.com/tecno-spark-5-air-kd6,2026-09-22T01:06:24.753670+00:00,
Tecno Spark 5 Air KD6,KD6,V535,,1.58 GB,MT6761,2022-02-15,220215,Tecno_Spark_5_AIR_KD6_MT6761_V535_220215.zip,https://naijarom.com/tecno-spark-5-air-kd6,2026-09-22T01:06:24.753721+00:00,
Tecno Spark 5 Air KD6,KD6,V578,,1.58 GB,MT6761,2022-08-22,220822,Tecno_Spark_5_AIR_KD6_MT6761_V578_220822.zip,https://naijarom.com/tecno-spark-5-air-kd6,2026-09-22T01:06:24.753773+00:00,
Tecno Spark 5 Air KD6A,KD6A,V145,,1 GB,MT6761,2020-05-06,200506,Tecno_Spark_5_Air_KD6A_MT6761_V145_200506.zip,https://naijarom.com/tecno-spark-5-air-kd6a,2026-09-22T01:06:29.479645+00:00,
Tecno Spark 5 Air KD6A,KD6A,V186,,1.56 GB,MT6761,2021-04-08,210408,Tecno_Spark_5_Air_KD6A_MT6761_V186_210408.zip,https://naijarom.com/tecno-spark-5-air-kd6a,2026-09-22T01:06:29.479714+00:00,
Tecno Spark 5 Air KD6A,KD6A,V197,,1.57 GB,MT6761,2021-06-02,210602,Tecno_Spark_5_Air_KD6A_MT6761_V197_210602.zip,https://naijarom.com/tecno-spark-5-air-kd6a,2026-09-22T01:06:29.479760+00:00,
Tecno Spark 5 Air KD6A,KD6A,V200,,1.57 GB,MT6761,2021-08-06,210806,Tecno_Spark_5_Air_KD6A_MT6761_V200_210806.zip,https://naijarom.com/tecno-spark-5-air-kd6a,2026-09-22T01:06:29.479801+00:00,
Tecno Spark 5 Air KD6A,KD6A,V204,,1.58 GB,MT6761,2030-11-21,211130,Tecno_Spark_5_Air_KD6A_MT6761_V204_211130.zip,https://naijarom.com/tecno-spark-5-air-kd6a,2026-09-22T01:06:29.479841+00:00,
Tecno Spark 5 Air KD6A,KD6A,V210,,1.58 GB,MT6761,2022-02-15,220215,Tecno_Spark_5_Air_KD6A_MT6761_V210_220215.zip,https://naijarom.com/tecno-spark-5-air-kd6a,2026-09-22T01:06:29.479882+00:00,
Tecno Spark 5 Air KD6A,KD6A,V215,,1.58 GB,MT6761,2022-04-15,220415,Tecno_Spark_5_Air_KD6A_MT6761_V215_220415.zip,https://naijarom.com/tecno-spark-5-air-kd6a,2026-09-22T01:06:29.479925+00:00,
Tecno Spark 5 KD7H,KD7H,V301,,2 GB,MT6761,2022-05-20,200522,Tecno_Spark_5_KD7H_MT6761_V301_200522.zip,https://naijarom.com/tecno-spark-5-kd7h,2026-09-22T01:06:34.128867+00:00,
Tecno Spark 5 KD7H,KD7H,V328,,2 GB,MT6761,2020-09-18,200918,Tecno_Spark_5_KD7H_MT6761_V328_200918.zip,https://naijarom.com/tecno-spark-5-kd7h,2026-09-22T01:06:34.128922+00:00,
Tecno Spark 5 KD7H,KD7H,V344,,2 GB,MT6761,2020-11-12,201112,Tecno_Spark_5_KD7H_MT6761_V344_201112.zip,https://naijarom.com/tecno-spark-5-kd7h,2026-09-22T01:06:34.128964+00:00,
Tecno Spark 5 KD7H,KD7H,V364,,2 GB,MT6761,2023-12-20,201223,Tecno_Spark_5_KD7H_MT6761_V364_201223.zip,https://naijarom.com/tecno-spark-5-kd7h,2026-09-22T01:06:34.129022+00:00,
Tecno Spark 5 KD7H,KD7H,V372,,2 GB,MT6761,2021-01-07,210107,Tecno_Spark_5_KD7H_MT6761_V372_210107.zip,https://naijarom.com/tecno-spark-5-kd7h,2026-09-22T01:06:34.129068+00:00,
Tecno Spark 5 KD7H,KD7H,V468,,2.02 GB,MT6761,2021-07-07,210707,Tecno_Spark_5_KD7H_MT6761_V468_210707.zip,https://naijarom.com/tecno-spark-5-kd7h,2026-09-22T01:06:34.129106+00:00,
Tecno Spark 5 KD7S,KD7S,V073,,2 GB,MT6761,2021-04-20,200421,Tecno_Spark_5_KD7S_MT6761_V073_200421.zip,https://naijarom.com/tecno-spark-5-kd7s,2026-09-22T01:06:39.277538+00:00,
Tecno Spark 5 KD7S,KD7S,V085,,2 GB,MT6761,2026-11-20,201126,Tecno_Spark_5_KD7S_MT6761_V085_201126.zip,https://naijarom.com/tecno-spark-5-kd7s,2026-09-22T01:06:39.277593+00:00,
Tecno Spark 5 KG5,KG5,V209,,2.03 GB,MT6761,2021-10-15,211015,Tecno_Spark_5_KG5_MT6761_V209_211015.zip,https://naijarom.com/tecno-spark-5-kg5,2026-09-22T01:06:44.421272+00:00,
Tecno Spark 5 KG5,KG5,V486,,2.08 GB,MT6761,2021-12-02,211202,Tecno_Spark_5_KG5_MT6761_V486_211202.zip,https://naijarom.com/tecno-spark-5-kg5,2026-09-22T01:06:44.421304+00:00,
Tecno Spark 5 KG5,KG5,V594,,2 GB,MT6761,2030-12-21,211230,Tecno_Spark_5_KG5_MT6761_V594_211230.zip,https://naijarom.com/tecno-spark-5-kg5,2026-09-22T01:06:44.421328+00:00,
Tecno Spark 5 KG5,KG5,V776,,2.09 GB,MT6761,2022-02-14,220214,Tecno_Spark_5_KG5_MT6761_V776_220214.zip,https://naijarom.com/tecno-spark-5-kg5,2026-09-22T01:06:44.421346+00:00,
Tecno Spark 5 KG5,KG5,V913,,2.09 GB,MT6761,2022-05-11,220511,Tecno_Spark_5_KG5_MT6761_V913_220511.zip,https://naijarom.com/tecno-spark-5-kg5,2026-09-22T01:06:44.421363+00:00,
Tecno Spark 5 KG5,KG5,V938,,2.08 GB,MT6761,2020-08-22,220820,Tecno_Spark_5_KG5_MT6761_V938_220820.zip,https://naijarom.com/tecno-spark-5-kg5,2026-09-22T01:06:44.421379+00:00,
Tecno Spark 5 KG5,KG5,V941,,2 GB,MT6761,2022-09-16,220916,Tecno_Spark_5_KG5_MT6761_V941_220916.zip,https://naijarom.com/tecno-spark-5-kg5,2026-09-22T01:06:44.421395+00:00,
Tecno Spark 5 KG5,KG5,V946,,2 GB,MT6761,2022-11-08,221108,Tecno_Spark_5_KG5_MT6761_V946_221108.zip,https://naijarom.com/tecno-spark-5-kg5,2026-09-22T01:06:44.421412+00:00,
Tecno Spark 5 KG5,KG5,V961,,2 GB,MT6761,2023-03-23,230323,Tecno_Spark_5_KG5_MT6761_V961_230323.zip,https://naijarom.com/tecno-spark-5-kg5,2026-09-22T01:06:44.421428+00:00,
Tecno Spark 5 KG5,KG5,V969,,2.1 GB,MT6761,2023-07-11,230711,Tecno_Spark_5_KG5_MT6761_V969_230711.zip,https://naijarom.com/tecno-spark-5-kg5,2026-09-22T01:06:44.421444+00:00,
Tecno Spark 5 Pro KD7,KD7,V332,,2 GB,MT6765,2023-09-20,200923,Tecno_Spark_5_Pro_KD7_MT6765_V332_200923.zip,https://naijarom.com/tecno-spark-5-pro-kd7,2026-09-22T01:06:49.482063+00:00,
Tecno Spark 5 Pro KD7,KD7,V350,,2 GB,MT6765,2020-11-17,201117,Tecno_Spark_5_Pro_KD7_MT6765_V350_201117.zip,https://naijarom.com/tecno-spark-5-pro-kd7,2026-09-22T01:06:49.482140+00:00,
Tecno Spark 5 Pro KD7,KD7,V364,,2 GB,MT6765,2021-12-20,201221,Tecno_Spark_5_Pro_KD7_MT6765_V364_201221.zip,https://naijarom.com/tecno-spark-5-pro-kd7,2026-09-22T01:06:49.482201+00:00,
Tecno Spark 5 Pro KD7,KD7,V375,,2 GB,MT6765,2027-01-21,210127,Tecno_Spark_5_Pro_KD7_MT6765_V375_210127.zip,https://naijarom.com/tecno-spark-5-pro-kd7,2026-09-22T01:06:49.482259+00:00,
Tecno Spark 5 Pro KD7,KD7,V392,,2.26 GB,MT6765,2020-05-21,210520,Tecno_Spark_5_Pro_KD7_MT6765_V392_210520.zip,https://naijarom.com/tecno-spark-5-pro-kd7,2026-09-22T01:06:49.482306+00:00,
Tecno Spark 5 Pro KD7,KD7,V398,,2.26 GB,MT6765,2021-07-04,210704,Tecno_Spark_5_Pro_KD7_MT6765_V398_210704.zip,https://naijarom.com/tecno-spark-5-pro-kd7,2026-09-22T01:06:49.482348+00:00,
Tecno Spark 5 Pro KD7,KD7,V401,,2.26 GB,MT6765,2021-09-01,210901,Tecno_Spark_5_Pro_KD7_MT6765_V401_210901.zip,https://naijarom.com/tecno-spark-5-pro-kd7,2026-09-22T01:06:49.482512+00:00,
Tecno Spark 5 Pro KD7,KD7,V404,,2.26 GB,MT6765,2021-11-01,211101,Tecno_Spark_5_Pro_KD7_MT6765_V404_211101.zip,https://naijarom.com/tecno-spark-5-pro-kd7,2026-09-22T01:06:49.482562+00:00,
Tecno Spark 5 Pro KD7,KD7,V417,,2.23 GB,MT6765,2022-03-11,220311,Tecno_Spark_5_Pro_KD7_MT6765_V417_220311.zip,https://naijarom.com/tecno-spark-5-pro-kd7,2026-09-22T01:06:49.482611+00:00,
Tecno Spark 5 Pro KD7H,KD7H,V445,,2 GB,MT6761,2020-05-21,210520,Tecno_Spark_5_Pro_KD7H_MT6761_V445_210520.zip,https://naijarom.com/tecno-spark-5-pro-kd7h,2026-09-22T01:06:54.608213+00:00,
Tecno Spark 5 Pro KD7H,KD7H,V468,,2 GB,MT6761,2021-07-07,210707,Tecno_Spark_5_Pro_KD7H_MT6761_V468_210707.zip,https://naijarom.com/tecno-spark-5-pro-kd7h,2026-09-22T01:06:54.608261+00:00,
Tecno Spark 6 Air BE6J,BE6J,,,,,,,,https://naijarom.com/tecno-spark-6-air-be6j,2026-09-22T01:06:59.618911+00:00,no firmware versions found on page
Tecno Spark 6 Air KE6,KE6,V119,,1.5 GB,MT6761,2020-05-20,200520,Tecno_Spark_6_Air_KE6_MT6761_V119_200520.zip,https://naijarom.com/tecno-spark-6-air-ke6,2026-09-22T01:07:05.117661+00:00,
Tecno Spark 6 Air KE6,KE6,V290,,1.7 GB,MT6761,2020-12-10,201210,Tecno_Spark_6_Air_KE6_MT6761_V290_201210.zip,https://naijarom.com/tecno-spark-6-air-ke6,2026-09-22T01:07:05.117734+00:00,
Tecno Spark 6 Air KE6,KE6,V296,,1.7 GB,MT6761,2024-12-20,201224,Tecno_Spark_6_Air_KE6_MT6761_V296_201224.zip,https://naijarom.com/tecno-spark-6-air-ke6,2026-09-22T01:07:05.117784+00:00,
Tecno Spark 6 Air KE6,KE6,V360,,1.70 GB,MT6761,2021-04-15,210415,Tecno_Spark_6_Air_KE6_MT6761_V360_210415.zip,https://naijarom.com/tecno-spark-6-air-ke6,2026-09-22T01:07:05.117830+00:00,
Tecno Spark 6 Air KE6,KE6,V388,,1.70 GB,MT6761,2021-06-02,210602,Tecno_Spark_6_Air_KE6_MT6761_V388_210602.zip,https://naijarom.com/tecno-spark-6-air-ke6,2026-09-22T01:07:05.117881+00:00,
Tecno Spark 6 Air KE6J,KE6J,V199,,2.38 GB,MT6761,2020-08-11,200811,Tecno_Spark_6_Air_KE6J_MT6761_V199_200811.zip,https://naijarom.com/tecno-spark-6-air-ke6j,2026-09-22T01:07:10.207350+00:00,
Tecno Spark 6 Air KE6J,KE6J,V220,,2.38 GB,MT6761,2020-09-04,200904,Tecno_Spark_6_Air_KE6J_MT6761_V220_200904.zip,https://naijarom.com/tecno-spark-6-air-ke6j,2026-09-22T01:07:10.207401+00:00,
Tecno Spark 6 Air KE6J,KE6J,V230,,3 GB,MT6761,2022-09-20,200922,Tecno_Spark_6_Air_KE6J_MT6761_V230_200922.zip,https://naijarom.com/tecno-spark-6-air-ke6j,2026-09-22T01:07:10.207442+00:00,
Tecno Spark 6 Air KE6J,KE6J,V246,,3 GB,MT6761,2024-11-20,201124,Tecno_Spark_6_Air_KE6J_MT6761_V246_201124.zip,https://naijarom.com/tecno-spark-6-air-ke6j,2026-09-22T01:07:10.207485+00:00,
Tecno Spark 6 Air KE6J,KE6J,V255,,2.5 GB,MT6765,2021-01-07,210107,Tecno_Spark_6_Air_KE6J_MT6765_V255_210107.zip,https://naijarom.com/tecno-spark-6-air-ke6j,2026-09-22T01:07:10.207530+00:00,
Tecno Spark 6 Air KE6J,KE6J,V268,,2.42 GB,MT6765,2020-04-21,210420,Tecno_Spark_6_Air_KE6J_MT6765_V268_210420.zip,https://naijarom.com/tecno-spark-6-air-ke6j,2026-09-22T01:07:10.207573+00:00,
Tecno Spark 6 Air KE6J,KE6J,V273,,2.42 GB,MT6765,2021-06-10,210610,Tecno_Spark_6_Air_KE6J_MT6765_V273_210610.zip,https://naijarom.com/tecno-spark-6-air-ke6j,2026-09-22T01:07:10.207613+00:00,
Tecno Spark 6 Air KE6J,KE6J,V275,,2.42 GB,MT6765,2028-07-21,210728,Tecno_Spark_6_Air_KE6J_MT6765_V275_210728.zip,https://naijarom.com/tecno-spark-6-air-ke6j,2026-09-22T01:07:10.207656+00:00,
Tecno Spark 6 Air KE6J,KE6J,V277,,2.42 GB,MT6765,2021-10-12,211012,Tecno_Spark_6_Air_KE6J_MT6765_V277_211012.zip,https://naijarom.com/tecno-spark-6-air-ke6j,2026-09-22T01:07:10.207711+00:00,
Tecno Spark 6 Air KE6J,KE6J,V283,,2.42 GB,MT6765,2021-12-15,211215,Tecno_Spark_6_Air_KE6J_MT6765_V283_211215.zip,https://naijarom.com/tecno-spark-6-air-ke6j,2026-09-22T01:07:10.207731+00:00,
Tecno Spark 6 Air KE6J,KE6J,V289,,2.42 GB,MT6765,2022-02-15,220215,Tecno_Spark_6_Air_KE6J_MT6765_V289_220215.zip,https://naijarom.com/tecno-spark-6-air-ke6j,2026-09-22T01:07:10.207749+00:00,
Tecno Spark 6 Air KE6J,KE6J,V294,,2.42 GB,MT6765,2022-05-05,220505,Tecno_Spark_6_Air_KE6J_MT6765_V294_220505.zip,https://naijarom.com/tecno-spark-6-air-ke6j,2026-09-22T01:07:10.207766+00:00,
Tecno Spark 6 Air KE6J,KE6J,V296,,2.42 GB,MT6765,2022-06-14,220614,Tecno_Spark_6_Air_KE6J_MT6765_V296_220614.zip,https://naijarom.com/tecno-spark-6-air-ke6j,2026-09-22T01:07:10.207782+00:00,
Tecno Spark 6 Air KF6,KF6,V292,,1.67 GB,MT6761,2028-05-21,210528,Tecno_Spark_6_Air_KF6_MT6761_V292_210528.zip,https://naijarom.com/tecno-spark-6-air-kf6,2026-09-22T01:07:14.845856+00:00,
Tecno Spark 6 Air KF6,KF6,V430,,2 GB,MT6761,2022-11-09,221109,Tecno_Spark_6_Air_KF6_MT6761_V430_221109.zip,https://naijarom.com/tecno-spark-6-air-kf6,2026-09-22T01:07:14.845887+00:00,
Tecno Spark 6 Air KF6,KF6,V441,,1.99 GB,MT6761,2023-03-06,230306,Tecno_Spark_6_Air_KF6_MT6761_V441_230306.zip,https://naijarom.com/tecno-spark-6-air-kf6,2026-09-22T01:07:14.845906+00:00,
Tecno Spark 6 Air KF6H,KF6H,V456,,1.83 GB,MT6761,2028-05-21,210528,Tecno_Spark_6_Air_KF6H_MT6761_V456_210528.zip,https://naijarom.com/tecno-spark-6-air-kf6h,2026-09-22T01:07:19.504234+00:00,
Tecno Spark 6 Air KJ6,KJ6,,,,,,,,https://naijarom.com/tecno-spark-6-air-kj6,2026-09-22T01:07:24.539848+00:00,no firmware versions found on page
Tecno Spark 6 KE6,KE6,V178,,1.6 GB,MT6761,2020-06-08,200608,Tecno_Spark_6_KE6_MT6761_V178_200608.zip,https://naijarom.com/tecno-spark-6-ke6,2026-09-22T01:07:29.799567+00:00,
Tecno Spark 6 KE6,KE6,V249,,1.6 GB,MT6761,2020-09-04,200904,Tecno_Spark_6_KE6_MT6761_V249_200904.zip,https://naijarom.com/tecno-spark-6-ke6,2026-09-22T01:07:29.799621+00:00,
Tecno Spark 6 KE6,KE6,V259,,1.6 GB,MT6761,2020-09-18,200918,Tecno_Spark_6_KE6_MT6761_V259_200918.zip,https://naijarom.com/tecno-spark-6-ke6,2026-09-22T01:07:29.799678+00:00,
Tecno Spark 6 KE6,KE6,V270,,1.7 GB,MT6761,2029-10-20,201029,Tecno_Spark_6_KE6_MT6761_V270_201029.zip,https://naijarom.com/tecno-spark-6-ke6,2026-09-22T01:07:29.799704+00:00,
Tecno Spark 6 KE6,KE6,V388,,2.72 GB,MT6761,2021-06-02,210602,Tecno_Spark_6_KE6_MT6761_V388_210602.zip,https://naijarom.com/tecno-spark-6-ke6,2026-09-22T01:07:29.799723+00:00,
Tecno Spark 6 KE7,KE7,V074,,2.46 GB,MT6768,2020-06-17,200617,Tecno_Spark_6_KE7_MT6768_V074_200617.zip,https://naijarom.com/tecno-spark-6-ke7,2026-09-22T01:07:35.057679+00:00,
Tecno Spark 6 KE7,KE7,V398,,1.21 GB,MT6768,2029-07-22,220729,Tecno_Spark_6_KE7_MT6768_V398_220729.zip,https://naijarom.com/tecno-spark-6-ke7,2026-09-22T01:07:35.057727+00:00,
Tecno Spark 6 KE7,KE7,V438,,2.75 GB,MT6768,2021-07-05,210705,Tecno_Spark_6_KE7_MT6768_V438_210705.zip,https://naijarom.com/tecno-spark-6-ke7,2026-09-22T01:07:35.057749+00:00,
Tecno Spark 6 KE7,KE7,V444,,2.74 GB,MT6768,2021-08-31,210831,Tecno_Spark_6_KE7_MT6768_V444_210831.zip,https://naijarom.com/tecno-spark-6-ke7,2026-09-22T01:07:35.057767+00:00,
Tecno Spark 6 KE7,KE7,V450,,2.75 GB,MT6768,2021-11-11,211111,Tecno_Spark_6_KE7_MT6768_V450_211111.zip,https://naijarom.com/tecno-spark-6-ke7,2026-09-22T01:07:35.057785+00:00,
Tecno Spark 6 KE7,KE7,V472,,2.75 GB,MT6768,2022-05-10,220510,Tecno_Spark_6_KE7_MT6768_V472_220510.zip,https://naijarom.com/tecno-spark-6-ke7,2026-09-22T01:07:35.057802+00:00,
Tecno Spark 6 Go KE5,KE5,V051,,1.46 GB,MT6761,2021-09-13,210913,Tecno_Spark_6_Go_KE5_MT6761_V051_210913.zip,https://naijarom.com/tecno-spark-6-go-ke5,2026-09-22T01:07:39.932916+00:00,
Tecno Spark 6 Go KE5,KE5,V347,,1.76 GB,MT6761,2021-11-10,211110,Tecno_Spark_6_Go_KE5_MT6761_V347_211110.zip,https://naijarom.com/tecno-spark-6-go-ke5,2026-09-22T01:07:39.932948+00:00,
Tecno Spark 6 Go KE5,KE5,V412,,1.78 GB,MT6761,2022-05-31,220531,Tecno_Spark_6_Go_KE5_MT6761_V412_220531.zip,https://naijarom.com/tecno-spark-6-go-ke5,2026-09-22T01:07:39.932972+00:00,
Tecno Spark 6 Go KE5,KE5,V425,,1.78 GB,MT6761,2022-09-16,220916,Tecno_Spark_6_Go_KE5_MT6761_V425_220916.zip,https://naijarom.com/tecno-spark-6-go-ke5,2026-09-22T01:07:39.932991+00:00,
Tecno Spark 6 Go KE5,KE5,V426,,1.77 GB,MT6761,2021-10-14,211014,Tecno_Spark_6_Go_KE5_MT6761_V426_211014.zip,https://naijarom.com/tecno-spark-6-go-ke5,2026-09-22T01:07:39.933010+00:00,
Tecno Spark 6 Go KE5,KE5,V429,,1.78 GB,MT6761,2022-11-08,221108,Tecno_Spark_6_Go_KE5_MT6761_V429_221108.zip,https://naijarom.com/tecno-spark-6-go-ke5,2026-09-22T01:07:39.933031+00:00,
Tecno Spark 6 Go KE5,KE5,V452,,1.81 GB,MT6761,2027-06-23,230627,Tecno_Spark_6_Go_KE5_MT6761_V452_230627.zip,https://naijarom.com/tecno-spark-6-go-ke5,2026-09-22T01:07:39.933049+00:00,
Tecno Spark 6 Go KE5,KE5,V453,,1.77 GB,MT6761,2030-11-21,211130,Tecno_Spark_6_Go_KE5_MT6761_V453_211130.zip,https://naijarom.com/tecno-spark-6-go-ke5,2026-09-22T01:07:39.933066+00:00,
Tecno Spark 6 Go KE5,KE5,V541,,1.71 GB,MT6761,2022-06-16,220616,Tecno_Spark_6_Go_KE5_MT6761_V541_220616.zip,https://naijarom.com/tecno-spark-6-go-ke5,2026-09-22T01:07:39.933083+00:00,
Tecno Spark 6 Go KE5K,KE5K,V149,,2.5 GB,MT6765,2020-12-16,201216,Tecno_Spark_6_Go_KE5K_MT6765_V149_201216.zip,https://naijarom.com/tecno-spark-6-go-ke5k,2026-09-22T01:07:45.340207+00:00,
Tecno Spark 6 Go KE5K,KE5K,V169,,2.5 GB,MT6765,2029-01-21,210129,Tecno_Spark_6_Go_KE5K_MT6765_V169_210129.zip,https://naijarom.com/tecno-spark-6-go-ke5k,2026-09-22T01:07:45.340243+00:00,
Tecno Spark 6 Go KE5K,KE5K,V185,,2.39 GB,MT6765,2021-05-08,210508,Tecno_Spark_6_Go_KE5K_MT6765_V185_210508.zip,https://naijarom.com/tecno-spark-6-go-ke5k,2026-09-22T01:07:45.340264+00:00,
Tecno Spark 6 Go KE5K,KE5K,V195,,2.41 GB,MT6765,2023-06-21,210623,Tecno_Spark_6_Go_KE5K_MT6765_V195_210623.zip,https://naijarom.com/tecno-spark-6-go-ke5k,2026-09-22T01:07:45.340282+00:00,
Tecno Spark 6 Go KE5K,KE5K,V203,,2.42 GB,MT6765,2021-10-15,211015,Tecno_Spark_6_Go_KE5K_MT6765_V203_211015.zip,https://naijarom.com/tecno-spark-6-go-ke5k,2026-09-22T01:07:45.340300+00:00,
Tecno Spark 6 Go KE5K,KE5K,V210,,2.42 GB,MT6765,2022-11-21,211122,Tecno_Spark_6_Go_KE5K_MT6765_V210_211122.zip,https://naijarom.com/tecno-spark-6-go-ke5k,2026-09-22T01:07:45.340323+00:00,
Tecno Spark 6 Go KE5K,KE5K,V214,,2.41 GB,MT6765,2022-02-16,220216,Tecno_Spark_6_Go_KE5K_MT6765_V214_220216.zip,https://naijarom.com/tecno-spark-6-go-ke5k,2026-09-22T01:07:45.340341+00:00,
Tecno Spark 6 Go KE5K,KE5K,V217,,2.41 GB,MT6765,2022-04-15,220415,Tecno_Spark_6_Go_KE5K_MT6765_V217_220415.zip,https://naijarom.com/tecno-spark-6-go-ke5k,2026-09-22T01:07:45.340358+00:00,
Tecno Spark 6 Go KE5K,KE5K,V221,,2.41 GB,MT6765,2022-06-16,220616,Tecno_Spark_6_Go_KE5K_MT6765_V221_220616.zip,https://naijarom.com/tecno-spark-6-go-ke5k,2026-09-22T01:07:45.340375+00:00,
Tecno Spark 6 Go KE5K,KE5K,V236,,2.41 GB,MT6765,2022-08-22,220822,Tecno_Spark_6_Go_KE5K_MT6765_V236_220822.zip,https://naijarom.com/tecno-spark-6-go-ke5k,2026-09-22T01:07:45.340393+00:00,
Tecno Spark 6 Go KE5K,KE5K,V241,,2.38 GB,MT6765,2022-10-10,221010,Tecno_Spark_6_Go_KE5K_MT6765_V241_221010.zip,https://naijarom.com/tecno-spark-6-go-ke5k,2026-09-22T01:07:45.340410+00:00,
Tecno Spark 6 Go KE5J,KE5J,V149,,2.33 GB,MT6761,2020-10-16,201016,Tecno_Spark_6_Go_KE5J_MT6761_V149_201016.zip,https://naijarom.com/tecno-spark-6-go-ke5j,2026-09-22T01:07:52.516056+00:00,
Tecno Spark 6 Go KE5J,KE5J,V193,,2.29 GB,MT6761,2020-12-16,201216,Tecno_Spark_6_Go_KE5J_MT6761_V193_201216.zip,https://naijarom.com/tecno-spark-6-go-ke5j,2026-09-22T01:07:52.516087+00:00,
Tecno Spark 6 Go KE5J,KE5J,V214,,2.36 GB,MT6761,2021-02-03,210203,Tecno_Spark_6_Go_KE5J_MT6761_V214_210203.zip,https://naijarom.com/tecno-spark-6-go-ke5j,2026-09-22T01:07:52.516107+00:00,
Tecno Spark 6 Go KE5J,KE5J,V216,,2.37 GB,MT6761,2021-03-05,210305,Tecno_Spark_6_Go_KE5J_MT6761_V216_210305.zip,https://naijarom.com/tecno-spark-6-go-ke5j,2026-09-22T01:07:52.516125+00:00,
Tecno Spark 6 Go KE5J,KE5J,V224,,2.39 GB,MT6761,2023-06-21,210623,Tecno_Spark_6_Go_KE5J_MT6761_V224_210623.zip,https://naijarom.com/tecno-spark-6-go-ke5j,2026-09-22T01:07:52.516143+00:00,
Tecno Spark 6 Go KE5J,KE5J,V227,,2.38 GB,MT6761,2030-06-21,210630,Tecno_Spark_6_Go_KE5J_MT6761_V227_210630.zip,https://naijarom.com/tecno-spark-6-go-ke5j,2026-09-22T01:07:52.516167+00:00,
Tecno Spark 6 Go KE5J,KE5J,V234,,2.39 GB,MT6761,2021-08-02,210802,Tecno_Spark_6_Go_KE5J_MT6761_V234_210802.zip,https://naijarom.com/tecno-spark-6-go-ke5j,2026-09-22T01:07:52.516184+00:00,
Tecno Spark 6 Go KE5J,KE5J,V243,,2.4 GB,MT6761,2030-11-21,211130,Tecno_Spark_6_Go_KE5J_MT6761_V243_211130.zip,https://naijarom.com/tecno-spark-6-go-ke5j,2026-09-22T01:07:52.516204+00:00,
Tecno Spark 6 Go KE5J,KE5J,V247,,2.39 GB,MT6761,2022-04-13,220413,Tecno_Spark_6_Go_KE5J_MT6761_V247_220413.zip,https://naijarom.com/tecno-spark-6-go-ke5j,2026-09-22T01:07:52.516222+00:00,
Tecno Spark 6 Go KE5J,KE5J,V262,,2.4 GB,MT6761,2030-08-22,220830,Tecno_Spark_6_Go_KE5J_MT6761_V262_220830.zip,https://naijarom.com/tecno-spark-6-go-ke5j,2026-09-22T01:07:52.516242+00:00,
Tecno Spark 6 Pro KF6P,KF6P,V126,,2.78 GB,MT6765,2021-03-04,210304,Tecno_Spark_6_Pro_KF6P_MT6765_V126_210304.zip,https://naijarom.com/tecno-spark-6-pro-kf6p,2026-09-22T01:07:57.720612+00:00,
Tecno Spark 6 Pro KF6P,KF6P,V220,,2.72 GB,MT6765,2022-04-21,210422,Tecno_Spark_6_Pro_KF6P_MT6765_V220_210422.zip,https://naijarom.com/tecno-spark-6-pro-kf6p,2026-09-22T01:07:57.720662+00:00,
Tecno Spark 6 Pro KF6P,KF6P,V297,,2.76 GB,MT6765,2028-05-21,210528,Tecno_Spark_6_Pro_KF6P_MT6765_V297_210528.zip,https://naijarom.com/tecno-spark-6-pro-kf6p,2026-09-22T01:07:57.720720+00:00,
Tecno Spark 6 Pro KF6P,KF6P,V299,,2.51 GB,MT6765,2028-05-21,210528,Tecno_Spark_6_Pro_KF6P_MT6765_V299_210528.zip,https://naijarom.com/tecno-spark-6-pro-kf6p,2026-09-22T01:07:57.720761+00:00,
Tecno Spark 6 Pro KF6P,KF6P,V287,,3.60 GB,MT6765,2021-10-12,211012,Tecno_Spark_6_Pro_KF6P_MT6765_V287_211012.zip,https://naijarom.com/tecno-spark-6-pro-kf6p,2026-09-22T01:07:57.720839+00:00,
Tecno Spark 6 Pro KF6P,KF6P,V352,,2.77 GB,MT6765,2028-06-21,210628,Tecno_Spark_6_Pro_KF6P_MT6765_V352_210628.zip,https://naijarom.com/tecno-spark-6-pro-kf6p,2026-09-22T01:07:57.720879+00:00,
Tecno Spark 6 Pro KF6P,KF6P,V376,,2.51 GB,MT6765,2021-09-15,210915,Tecno_Spark_6_Pro_KF6P_MT6765_V376_210915.zip,https://naijarom.com/tecno-spark-6-pro-kf6p,2026-09-22T01:07:57.720922+00:00,
Tecno Spark 6 Pro KF6P,KF6P,V436,,3 GB,MT6765,2022-02-22,220222,Tecno_Spark_6_Pro_KF6P_MT6765_V436_220222.zip,https://naijarom.com/tecno-spark-6-pro-kf6p,2026-09-22T01:07:57.720962+00:00,
Tecno Spark 6 Pro KF6P,KF6P,V447,,3 GB,MT6765,2022-04-19,220419,Tecno_Spark_6_Pro_KF6P_MT6765_V447_220419.zip,https://naijarom.com/tecno-spark-6-pro-kf6p,2026-09-22T01:07:57.720997+00:00,
Tecno Spark 6 Pro KF6P,KF6P,V455,,3.11 GB,MT6765,2027-06-22,220627,Tecno_Spark_6_Pro_KF6P_MT6765_V455_220627.zip,https://naijarom.com/tecno-spark-6-pro-kf6p,2026-09-22T01:07:57.721016+00:00,
Tecno Spark 6 Pro KF6P,KF6P,V470,,3.11 GB,MT6765,2022-08-22,220822,Tecno_Spark_6_Pro_KF6P_MT6765_V470_220822.zip,https://naijarom.com/tecno-spark-6-pro-kf6p,2026-09-22T01:07:57.721033+00:00,
Tecno Spark 6 Pro KF6P,KF6P,V483,,3.14 GB,MT6765,2028-10-22,221028,Tecno_Spark_6_Pro_KF6P_MT6765_V483_221028.zip,https://naijarom.com/tecno-spark-6-pro-kf6p,2026-09-22T01:07:57.721049+00:00,
Tecno Spark 6 Pro KF6P,KF6P,V501,,3.15 GB,MT6765,2022-12-19,221219,Tecno_Spark_6_Pro_KF6P_MT6765_V501_221219.zip,https://naijarom.com/tecno-spark-6-pro-kf6p,2026-09-22T01:07:57.721066+00:00,
Tecno Spark 6 Pro KF6P,KF6P,V512,,3.14 GB,MT6765,2023-03-23,230323,Tecno_Spark_6_Pro_KF6P_MT6765_V512_230323.zip,https://naijarom.com/tecno-spark-6-pro-kf6p,2026-09-22T01:07:57.721083+00:00,
Tecno Spark 6 Pro KF6P,KF6P,V518,,3.20 GB,MT6765,2023-06-07,230607,Tecno_Spark_6_Pro_KF6P_MT6765_V518_230607.zip,https://naijarom.com/tecno-spark-6-pro-kf6p,2026-09-22T01:07:57.721100+00:00,
Tecno Spark 7 CH7,CH7,V353,,4.3 GB,MT6781,2021-11-12,211112,Tecno_Spark_7_CH7_MT6781_V353_211112.zip,https://naijarom.com/tecno-spark-7-ch7,2026-09-22T01:08:02.590908+00:00,
Tecno Spark 7 KF6,KF6,V117,,1.67 GB,MT6761,2021-08-10,210810,Tecno_Spark_7_KF6_MT6761_V117_210810.zip,https://naijarom.com/tecno-spark-7-kf6,2026-09-22T01:08:07.775723+00:00,
Tecno Spark 7 KF6,KF6,V356,,1.89 GB,MT6761,2021-09-03,210903,Tecno_Spark_7_KF6_MT6761_V356_210903.zip,https://naijarom.com/tecno-spark-7-kf6,2026-09-22T01:08:07.775766+00:00,
Tecno Spark 7 KF6,KF6,V377,,1.98 GB,MT6761,2021-11-19,211119,Tecno_Spark_7_KF6_MT6761_V377_211119.zip,https://naijarom.com/tecno-spark-7-kf6,2026-09-22T01:08:07.775807+00:00,
Tecno Spark 7 KF6,KF6,V387,,2 GB,MT6761,2022-01-10,220110,Tecno_Spark_7_KF6_MT6761_V387_220110.zip,https://naijarom.com/tecno-spark-7-kf6,2026-09-22T01:08:07.775827+00:00,
Tecno Spark 7 KF6,KF6,V400,,2 GB,MT6761,2022-05-10,220510,Tecno_Spark_7_KF6_MT6761_V400_220510.zip,https://naijarom.com/tecno-spark-7-kf6,2026-09-22T01:08:07.775844+00:00,
Tecno Spark 7 KF6,KF6,V410,,1.99 GB,MT6761,2021-07-22,220721,Tecno_Spark_7_KF6_MT6761_V410_220721.zip,https://naijarom.com/tecno-spark-7-kf6,2026-09-22T01:08:07.775861+00:00,
Tecno Spark 7 KF6,KF6,V419,,1.99 GB,MT6761,2022-09-15,220915,Tecno_Spark_7_KF6_MT6761_V419_220915.zip,https://naijarom.com/tecno-spark-7-kf6,2026-09-22T01:08:07.775877+00:00,
Tecno Spark 7 KF6,KF6,V430,,2 GB,MT6761,2022-11-09,221109,Tecno_Spark_7_KF6_MT6761_V430_221109.zip,https://naijarom.com/tecno-spark-7-kf6,2026-09-22T01:08:07.775893+00:00,
Tecno Spark 7 KF6,KF6,V441,,1.99 GB,MT6761,2023-03-06,230306,Tecno_Spark_7_KF6_MT6761_V441_230306.zip,https://naijarom.com/tecno-spark-7-kf6,2026-09-22T01:08:07.775909+00:00,
Tecno Spark 7 KF6h,MT6761,V308,,1.69 GB,MT6761,2021-03-11,210311,Tecno_Spark_7_KF6h_MT6761_V308_210311.zip,https://naijarom.com/tecno-spark-7-kf6h,2026-09-22T01:08:12.961982+00:00,
Tecno Spark 7 KF6h,MT6761,V411,,1.79 GB,MT6761,2028-04-21,210428,Tecno_Spark_7_KF6h_MT6761_V411_210428.zip,https://naijarom.com/tecno-spark-7-kf6h,2026-09-22T01:08:12.962048+00:00,
Tecno Spark 7 KF6h,MT6761,V456,,1.83 GB,MT6761,2028-05-21,210528,Tecno_Spark_7_KF6h_MT6761_V456_210528.zip,https://naijarom.com/tecno-spark-7-kf6h,2026-09-22T01:08:12.962100+00:00,
Tecno Spark 7 KF6h,KF6H,V507,,1.99 GB,MT6761,2022-11-11,221111,Tecno_Spark_7_KF6H_MT6761_V507_221111.zip,https://naijarom.com/tecno-spark-7-kf6h,2026-09-22T01:08:12.962147+00:00,
Tecno Spark 7 KF6i,MT6765,V118,,2.68 GB,MT6765,2021-04-10,210410,Tecno_Spark_7_KF6i_MT6765_V118_210410.zip,https://naijarom.com/tecno-spark-7-kf6i,2026-09-22T01:08:18.222947+00:00,
Tecno Spark 7 KF6i,MT6765,V156,,2.68 GB,MT6765,2028-05-21,210528,Tecno_Spark_7_KF6i_MT6765_V156_210528.zip,https://naijarom.com/tecno-spark-7-kf6i,2026-09-22T01:08:18.222977+00:00,
Tecno Spark 7 KF6i,MT6765,V217,,2.68 GB,MT6765,2022-03-17,220317,Tecno_Spark_7_KF6i_MT6765_V217_220317.zip,https://naijarom.com/tecno-spark-7-kf6i,2026-09-22T01:08:18.223000+00:00,
Tecno Spark 7 KF6i,MT6765,V220,,3.11 GB,MT6765,2022-05-12,220512,Tecno_Spark_7_KF6i_MT6765_V220_220512.zip,https://naijarom.com/tecno-spark-7-kf6i,2026-09-22T01:08:18.223018+00:00,
Tecno Spark 7 KF6i,MT6765,V233,,3.12 GB,MT6765,2022-09-15,220915,Tecno_Spark_7_KF6i_MT6765_V233_220915.zip,https://naijarom.com/tecno-spark-7-kf6i,2026-09-22T01:08:18.223035+00:00,
Tecno Spark 7 KF6i,MT6765,V248,,3.11 GB,MT6765,2023-03-02,230302,Tecno_Spark_7_KF6i_MT6765_V248_230302.zip,https://naijarom.com/tecno-spark-7-kf6i,2026-09-22T01:08:18.223051+00:00,
Tecno Spark 7 KF6J,KF6J,V284,,2.81 GB,MT6765,2021-03-01,210301,Tecno_Spark_7_KF6J_MT6765_V284_210301.zip,https://naijarom.com/tecno-spark-7-kf6j,2026-09-22T01:08:24.538398+00:00,
Tecno Spark 7 KF6J,KF6J,V431,,2.68 GB,MT6765,2021-04-10,210410,Tecno_Spark_7_KF6J_MT6765_V431_210410.zip,https://naijarom.com/tecno-spark-7-kf6j,2026-09-22T01:08:24.538431+00:00,
Tecno Spark 7 KF6J,KF6J,V519,,2.76 GB,MT6765,2028-05-21,210528,Tecno_Spark_7_KF6J_MT6765_V519_210528.zip,https://naijarom.com/tecno-spark-7-kf6j,2026-09-22T01:08:24.538451+00:00,
Tecno Spark 7 KF6J,KF6J,V553,,2.95 GB,MT6765,2021-09-03,210903,Tecno_Spark_7_KF6J_MT6765_V553_210903.zip,https://naijarom.com/tecno-spark-7-kf6j,2026-09-22T01:08:24.538469+00:00,
Tecno Spark 7 KF6J,KF6J,V565,,3.06 GB,MT6765,2021-11-09,211109,Tecno_Spark_7_KF6J_MT6765_V565_211109.zip,https://naijarom.com/tecno-spark-7-kf6j,2026-09-22T01:08:24.538491+00:00,
Tecno Spark 7 KF6J,KF6J,V583,,3.06 GB,MT6765,2022-01-10,220110,Tecno_Spark_7_KF6J_MT6765_V583_220110.zip,https://naijarom.com/tecno-spark-7-kf6j,2026-09-22T01:08:24.538509+00:00,
Tecno Spark 7 KF6J,KF6J,V587,,3.06 GB,MT6765,2022-03-11,220311,Tecno_Spark_7_KF6J_MT6765_V587_220311.zip,https://naijarom.com/tecno-spark-7-kf6j,2026-09-22T01:08:24.538526+00:00,
Tecno Spark 7 KF6J,KF6J,V600,,2.69 GB,MT6765,2022-05-11,220511,Tecno_Spark_7_KF6J_MT6765_V600_220511.zip,https://naijarom.com/tecno-spark-7-kf6j,2026-09-22T01:08:24.538543+00:00,
Tecno Spark 7 KF6J,KF6J,V634,,3.08 GB,MT6765,2027-09-22,220927,Tecno_Spark_7_KF6J_MT6765_V634_220927.zip,https://naijarom.com/tecno-spark-7-kf6j,2026-09-22T01:08:24.538560+00:00,
Tecno Spark 7 KF6J,KF6J,V636,,3.09 GB,MT6765,2022-11-09,221109,Tecno_Spark_7_KF6J_MT6765_V636_221109.zip,https://naijarom.com/tecno-spark-7-kf6j,2026-09-22T01:08:24.538577+00:00,
Tecno Spark 7 KF6J,KF6J,V640,,3.09 GB,MT6765,2023-01-11,230111,Tecno_Spark_7_KF6J_MT6765_V640_230111.zip,https://naijarom.com/tecno-spark-7-kf6j,2026-09-22T01:08:24.538594+00:00,
Tecno Spark 7 KF6K,KF6K,V197,,2.69 GB,MT6768,2023-03-21,210323,Tecno_Spark_7_KF6K_MT6768_V197_210323.zip,https://naijarom.com/tecno-spark-7-kf6k,2026-09-22T01:08:29.714138+00:00,
Tecno Spark 7 KF6K,KF6K,V213,,2.69 GB,MT6768,2023-03-21,210323,Tecno_Spark_7_KF6K_MT6768_V213_210323.zip,https://naijarom.com/tecno-spark-7-kf6k,2026-09-22T01:08:29.714185+00:00,
Tecno Spark 7 KF6K,KF6K,V264,,2.77 GB,MT6768,2021-05-18,210518,Tecno_Spark_7_KF6K_MT6768_V264_210518.zip,https://naijarom.com/tecno-spark-7-kf6k,2026-09-22T01:08:29.714224+00:00,
Tecno Spark 7 KF6K,KF6K,V299,,2.77 GB,MT6768,2021-05-18,210518,Tecno_Spark_7_KF6K_MT6768_V299_210518.zip,https://naijarom.com/tecno-spark-7-kf6k,2026-09-22T01:08:29.714262+00:00,
Tecno Spark 7 KF6K,KF6K,V317,,2.92 GB,MT6768,2021-07-15,210715,Tecno_Spark_7_KF6K_MT6768_V317_210715.zip,https://naijarom.com/tecno-spark-7-kf6k,2026-09-22T01:08:29.714301+00:00,
Tecno Spark 7 KF6K,KF6K,V376,,3 GB,MT6768,2022-03-14,220314,Tecno_Spark_7_KF6K_MT6768_V376_220314.zip,https://naijarom.com/tecno-spark-7-kf6k,2026-09-22T01:08:29.714338+00:00,
Tecno Spark 7 KF6K,KF6K,V395,,3.13 GB,MT6768,2022-07-17,220717,Tecno_Spark_7_KF6K_MT6768_V395_220717.zip,https://naijarom.com/tecno-spark-7-kf6k,2026-09-22T01:08:29.714376+00:00,
Tecno Spark 7 KF6K,KF6K,V400,,3.14 GB,MT6768,2027-09-22,220927,Tecno_Spark_7_KF6K_MT6768_V400_220927.zip,https://naijarom.com/tecno-spark-7-kf6k,2026-09-22T01:08:29.714414+00:00,
Tecno Spark 7 KF6K,KF6K,V413,,3.11 GB,MT6768,2022-12-14,221214,Tecno_Spark_7_KF6K_MT6768_V413_221214.zip,https://naijarom.com/tecno-spark-7-kf6k,2026-09-22T01:08:29.714456+00:00,
Tecno Spark 7 KF6K,KF6K,V419,,3.12 GB,MT6768,2030-01-23,230130,Tecno_Spark_7_KF6K_MT6768_V419_230130.zip,https://naijarom.com/tecno-spark-7-kf6k,2026-09-22T01:08:29.714494+00:00,
Tecno Spark 7 KF6K,KF6K,V426,,3.1 GB,MT6768,2023-03-23,230323,Tecno_Spark_7_KF6K_MT6768_V426_230323.zip,https://naijarom.com/tecno-spark-7-kf6k,2026-09-22T01:08:29.714531+00:00,
Tecno Spark 7 KF6M,KF6M,V143,,1.86 GB,MT6765,2028-05-21,210528,Tecno_Spark_7_KF6M_MT6765_V143_210528.zip,https://naijarom.com/tecno-spark-7-kf6m,2026-09-22T01:08:34.386201+00:00,
Tecno Spark 7 KF6M,KF6M,V168,,1.61 GB,MT6765,2029-03-21,210329,Tecno_Spark_7_KF6M_MT6765_V168_210329.zip,https://naijarom.com/tecno-spark-7-kf6m,2026-09-22T01:08:34.386250+00:00,
Tecno Spark 7 KF6M,KF6M,V171,,1.86 GB,MT6765,2021-06-10,210610,Tecno_Spark_7_KF6M_MT6765_V171_210610.zip,https://naijarom.com/tecno-spark-7-kf6m,2026-09-22T01:08:34.386291+00:00,
Tecno Spark 7 KF6M,KF6M,V217,,1.87 GB,MT6765,2021-07-13,210713,Tecno_Spark_7_KF6M_MT6765_V217_210713.zip,https://naijarom.com/tecno-spark-7-kf6m,2026-09-22T01:08:34.386338+00:00,
Tecno Spark 7 KF6M,KF6M,V237,,1.63 GB,MT6765,2028-05-21,210528,Tecno_Spark_7_KF6M_MT6765_V237_210528.zip,https://naijarom.com/tecno-spark-7-kf6m,2026-09-22T01:08:34.386377+00:00,
Tecno Spark 7 KF6M,KF6M,V244,,1.63 GB,MT6765,2021-06-18,210618,Tecno_Spark_7_KF6M_MT6765_V244_210618.zip,https://naijarom.com/tecno-spark-7-kf6m,2026-09-22T01:08:34.386420+00:00,
Tecno Spark 7 KF6M,KF6M,V265,,2 GB,MT6765,2024-03-22,220324,Tecno_Spark_7_KF6M_MT6765_V265_220324.zip,https://naijarom.com/tecno-spark-7-kf6m,2026-09-22T01:08:34.386463+00:00,
Tecno Spark 7 KF6M,KF6M,V268,,1.72 GB,MT6765,2022-05-10,220510,Tecno_Spark_7_KF6M_MT6765_V268_220510.zip,https://naijarom.com/tecno-spark-7-kf6m,2026-09-22T01:08:34.386502+00:00,
Tecno Spark 7 KF6M,KF6M,V291,,1.74 GB,MT6765,2022-11-13,221113,Tecno_Spark_7_KF6M_MT6765_V291_221113.zip,https://naijarom.com/tecno-spark-7-kf6m,2026-09-22T01:08:34.386575+00:00,
Tecno Spark 7 KF6M,KF6M,V299,,1.74 GB,MT6765,2023-01-11,230111,Tecno_Spark_7_KF6M_MT6765_V299_230111.zip,https://naijarom.com/tecno-spark-7-kf6m,2026-09-22T01:08:34.386614+00:00,
Tecno Spark 7 KF6N,KF6N,V106,,2.87 GB,MT6765,2021-07-13,210713,Tecno_Spark_7_KF6N_MT6765_V106_210713.zip,https://naijarom.com/tecno-spark-7-kf6n,2026-09-22T01:08:41.700185+00:00,
Tecno Spark 7 KF6N,KF6N,V117,,3 GB,MT6765,2022-03-11,220311,Tecno_Spark_7_KF6N_MT6765_V117_220311.zip,https://naijarom.com/tecno-spark-7-kf6n,2026-09-22T01:08:41.700217+00:00,
Tecno Spark 7 KF6N,KF6N,V124,,2.5 GB,MT6765,2028-05-21,210528,Tecno_Spark_7_KF6N_MT6765_V124_210528.zip,https://naijarom.com/tecno-spark-7-kf6n,2026-09-22T01:08:41.700237+00:00,
Tecno Spark 7 KF6N,KF6N,V137,,2.69 GB,MT6765,2021-12-07,211207,Tecno_Spark_7_KF6N_MT6765_V137_211207.zip,https://naijarom.com/tecno-spark-7-kf6n,2026-09-22T01:08:41.700256+00:00,
Tecno Spark 7 KF6N,KF6N,V154,,2.65 GB,MT6765,2025-05-22,220525,Tecno_Spark_7_KF6N_MT6765_V154_220525.zip,https://naijarom.com/tecno-spark-7-kf6n,2026-09-22T01:08:41.700274+00:00,
Tecno Spark 7 KF6N,KF6N,V162,,2.58 GB,MT6765,2022-07-17,220717,Tecno_Spark_7_KF6N_MT6765_V162_220717.zip,https://naijarom.com/tecno-spark-7-kf6n,2026-09-22T01:08:41.700292+00:00,
Tecno Spark 7 KF6N,KF6N,V168,,2.58 GB,MT6765,2022-09-15,220915,Tecno_Spark_7_KF6N_MT6765_V168_220915.zip,https://naijarom.com/tecno-spark-7-kf6n,2026-09-22T01:08:41.700309+00:00,
Tecno Spark 7 KF6N,KF6N,V172,,2.58 GB,MT6765,2022-11-13,221113,Tecno_Spark_7_KF6N_MT6765_V172_221113.zip,https://naijarom.com/tecno-spark-7-kf6n,2026-09-22T01:08:41.700345+00:00,
Tecno Spark 7 KF8,KF8,V888,,2.78 GB,MT6768,2021-03-03,210303,Tecno_Spark_7_KF8_MT6768_V888_210303.zip,https://naijarom.com/tecno-spark-7-kf8,2026-09-22T01:08:46.492309+00:00,
Tecno Spark 7 KF8,KF8,V985,,2.73 GB,MT6768,2029-03-21,210329,Tecno_Spark_7_KF8_MT6768_V985_210329.zip,https://naijarom.com/tecno-spark-7-kf8,2026-09-22T01:08:46.492356+00:00,
Tecno Spark 7 KF8,KF8,V1082,,2.73 GB,MT6768,2021-04-19,210419,Tecno_Spark_7_KF8_MT6768_V1082_210419.zip,https://naijarom.com/tecno-spark-7-kf8,2026-09-22T01:08:46.492394+00:00,
Tecno Spark 7 KF8,KF8,V1440,,2.45 GB,MT6768,2021-10-14,211014,Tecno_Spark_7_KF8_MT6768_V1440_211014.zip,https://naijarom.com/tecno-spark-7-kf8,2026-09-22T01:08:46.492465+00:00,
Tecno Spark 7 KF8,KF8,V1545,,2.95 GB,MT6768,2022-03-11,220311,Tecno_Spark_7_KF8_MT6768_V1545_220311.zip,https://naijarom.com/tecno-spark-7-kf8,2026-09-22T01:08:46.492502+00:00,
Tecno Spark 7 KF8,KF8,V1572,,2.92 GB,MT6768,2022-05-15,220515,Tecno_Spark_7_KF8_MT6768_V1572_220515.zip,https://naijarom.com/tecno-spark-7-kf8,2026-09-22T01:08:46.492540+00:00,
Tecno Spark 7 KF8,KF8,V1614,,2.92 GB,MT6768,2023-08-22,220823,Tecno_Spark_7_KF8_MT6768_V1614_220823.zip,https://naijarom.com/tecno-spark-7-kf8,2026-09-22T01:08:46.492576+00:00,
Tecno Spark 7 KF8,KF8,V1619,,2.94 GB,MT6768,2020-09-22,220920,Tecno_Spark_7_KF8_MT6768_V1619_220920.zip,https://naijarom.com/tecno-spark-7-kf8,2026-09-22T01:08:46.492618+00:00,
Tecno Spark 7 KF8,KF8,V1630,,2.93 GB,MT6768,2022-11-15,221115,Tecno_Spark_7_KF8_MT6768_V1630_221115.zip,https://naijarom.com/tecno-spark-7-kf8,2026-09-22T01:08:46.492660+00:00,
Tecno Spark 7 KF8,KF8,V1653,,2.91 GB,MT6768,2023-02-23,230223,Tecno_Spark_7_KF8_MT6768_V1653_230223.zip,https://naijarom.com/tecno-spark-7-kf8,2026-09-22T01:08:46.492699+00:00,
Tecno Spark 7 Pro KF8,KF8,V231,,2.75 GB,MT6768,2028-04-23,230428,Tecno_Spark_7_Pro_KF8_MT6768_V231_230428.zip,https://naijarom.com/tecno-spark-7-pro-kf8,2026-09-22T01:08:51.477440+00:00,
Tecno Spark 7 Pro KF8,KF8,V352,,2.74 GB,MT6768,2020-12-07,201207,Tecno_Spark_7_Pro_KF8_MT6768_V352_201207.zip,https://naijarom.com/tecno-spark-7-pro-kf8,2026-09-22T01:08:51.477470+00:00,
Tecno Spark 7 Pro KF8,KF8,V677,,2.74 GB,MT6768,2025-01-21,210125,Tecno_Spark_7_Pro_KF8_MT6768_V677_210125.zip,https://naijarom.com/tecno-spark-7-pro-kf8,2026-09-22T01:08:51.477489+00:00,
Tecno Spark 7 Pro KF8,KF8,V1082,,2.73 GB,MT6768,2021-04-19,210419,Tecno_Spark_7_Pro_KF8_MT6768_V1082_210419.zip,https://naijarom.com/tecno-spark-7-pro-kf8,2026-09-22T01:08:51.477506+00:00,
Tecno Spark 7 Pro KF8,KF8,V1249,,3.16 GB,MT6768,2024-03-23,230324,Tecno_Spark_7_Pro_KF8_MT6768_V1249_230324.zip,https://naijarom.com/tecno-spark-7-pro-kf8,2026-09-22T01:08:51.477527+00:00,
Tecno Spark 7 Pro KF8,KF8,V1273,,3.21 GB,MT6768,2022-03-11,220311,Tecno_Spark_7_Pro_KF8_MT6768_V1273_220311.zip,https://naijarom.com/tecno-spark-7-pro-kf8,2026-09-22T01:08:51.477544+00:00,
Tecno Spark 7 Pro KF8,KF8,V1471,,2.96 GB,MT6768,2021-11-19,211119,Tecno_Spark_7_Pro_KF8_MT6768_V1471_211119.zip,https://naijarom.com/tecno-spark-7-pro-kf8,2026-09-22T01:08:51.477572+00:00,
Tecno Spark 7 Pro KF8,KF8,V1614,,2.92 GB,MT6768,2023-08-22,220823,Tecno_Spark_7_Pro_KF8_MT6768_V1614_220823.zip,https://naijarom.com/tecno-spark-7-pro-kf8,2026-09-22T01:08:51.477589+00:00,
Tecno Spark 7 Pro KF8,KF8,V1619,,2.92 GB,MT6768,2020-09-22,220920,Tecno_Spark_7_Pro_KF8_MT6768_V1619_220920.zip,https://naijarom.com/tecno-spark-7-pro-kf8,2026-09-22T01:08:51.477608+00:00,
Tecno Spark 7 Pro KF8,KF8,V1630,,2.93 GB,MT6768,2022-11-15,221115,Tecno_Spark_7_Pro_KF8_MT6768_V1630_221115.zip,https://naijarom.com/tecno-spark-7-pro-kf8,2026-09-22T01:08:51.477624+00:00,
Tecno Spark 7 Pro KF8,KF8,V1653,,2.91 GB,MT6768,2023-02-23,230223,Tecno_Spark_7_Pro_KF8_MT6768_V1653_230223.zip,https://naijarom.com/tecno-spark-7-pro-kf8,2026-09-22T01:08:51.477641+00:00,
Tecno Spark 7 Pro KF8,KF8,V1663,,2.93 GB,MT6768,2024-03-23,230324,Tecno_Spark_7_Pro_KF8_MT6768_V1663_230324.zip,https://naijarom.com/tecno-spark-7-pro-kf8,2026-09-22T01:08:51.477724+00:00,
Tecno Spark 7 PR651,PR651,,,,,,,,https://naijarom.com/tecno-spark-7-pr651,2026-09-22T01:08:56.143358+00:00,no firmware versions found on page
Tecno Spark 7 PR651E,PR651E,,,,,,,,https://naijarom.com/tecno-spark-7-pr651e,2026-09-22T01:09:02.253432+00:00,no firmware versions found on page
Tecno Spark 7 PR651H,PR651H,,,,,,,,https://naijarom.com/tecno-spark-7-pr651h,2026-09-22T01:09:10.189101+00:00,no firmware versions found on page
Tecno Spark 7P KF7J,KF7J,V339,,2.91 GB,MT6768,2023-04-21,210423,Tecno_Spark_7P_KF7J_MT6768_V339_210423.zip,https://naijarom.com/tecno-spark-7p-kf7j,2026-09-22T01:09:17.954276+00:00,
Tecno Spark 7P KF7J,KF7J,V373,,2.94 GB,MT6768,2021-05-07,210507,Tecno_Spark_7P_KF7J_MT6768_V373_210507.zip,https://naijarom.com/tecno-spark-7p-kf7j,2026-09-22T01:09:17.954325+00:00,
Tecno Spark 7P KF7J,KF7J,V409,,2.92 GB,MT6768,2021-06-11,210611,Tecno_Spark_7P_KF7J_MT6768_V409_210611.zip,https://naijarom.com/tecno-spark-7p-kf7j,2026-09-22T01:09:17.954366+00:00,
Tecno Spark 7P KF7J,KF7J,V428,,2.93 GB,MT6768,2030-06-21,210630,Tecno_Spark_7P_KF7J_MT6768_V428_210630.zip,https://naijarom.com/tecno-spark-7p-kf7j,2026-09-22T01:09:17.954400+00:00,
Tecno Spark 7P KF7J,KF7J,V452,,3.13 GB,MT6768,2020-08-21,210820,Tecno_Spark_7P_KF7J_MT6768_V452_210820.zip,https://naijarom.com/tecno-spark-7p-kf7j,2026-09-22T01:09:17.954432+00:00,
Tecno Spark 7P KF7J,KF7J,V477,,3.3 GB,MT6768,2021-03-22,220321,Tecno_Spark_7P_KF7J_MT6768_V477_220321.zip,https://naijarom.com/tecno-spark-7p-kf7j,2026-09-22T01:09:17.954463+00:00,
Tecno Spark 7P KF7J,KF7J,V493,,3.3 GB,MT6768,2023-06-22,220623,Tecno_Spark_7P_KF7J_MT6768_V493_220623.zip,https://naijarom.com/tecno-spark-7p-kf7j,2026-09-22T01:09:17.954494+00:00,
Tecno Spark 7P KF7J,KF7J,V501,,3.31 GB,MT6768,2022-08-22,220822,Tecno_Spark_7P_KF7J_MT6768_V501_220822.zip,https://naijarom.com/tecno-spark-7p-kf7j,2026-09-22T01:09:17.954529+00:00,
Tecno Spark 7P KF7J,KF7J,V503,,3.34 GB,MT6768,2024-10-22,221024,Tecno_Spark_7P_KF7J_MT6768_V503_221024.zip,https://naijarom.com/tecno-spark-7p-kf7j,2026-09-22T01:09:17.954558+00:00,
Tecno Spark 7P KF7J,KF7J,V510,,3.34 GB,MT6768,2022-12-17,221217,Tecno_Spark_7P_KF7J_MT6768_V510_221217.zip,https://naijarom.com/tecno-spark-7p-kf7j,2026-09-22T01:09:17.954583+00:00,
Tecno Spark 7T KF6P,KF6P,V220,,2.72 GB,MT6765,2022-04-21,210422,Tecno_Spark_7T_KF6P_MT6765_V220_210422.zip,https://naijarom.com/tecno-spark-7t-kf6p,2026-09-22T01:09:23.739936+00:00,
Tecno Spark 7T KF6P,KF6P,V297,,2.76 GB,MT6765,2028-05-21,210528,Tecno_Spark_7T_KF6P_MT6765_V297_210528.zip,https://naijarom.com/tecno-spark-7t-kf6p,2026-09-22T01:09:23.739989+00:00,
Tecno Spark 7T KF6P,KF6P,V376,,2.51 GB,MT6765,2021-09-15,210915,Tecno_Spark_7T_KF6P_MT6765_V376_210915.zip,https://naijarom.com/tecno-spark-7t-kf6p,2026-09-22T01:09:23.740033+00:00,
Tecno Spark 7T KF6P,KF6P,V436,,2.76 GB,MT6765,2022-02-22,220222,Tecno_Spark_7T_KF6P_MT6765_V436_220222.zip,https://naijarom.com/tecno-spark-7t-kf6p,2026-09-22T01:09:23.740073+00:00,
Tecno Spark 7T KF6P,KF6P,V447,,3 GB,MT6765,2022-04-19,220419,Tecno_Spark_7T_KF6P_MT6765_V447_220419.zip,https://naijarom.com/tecno-spark-7t-kf6p,2026-09-22T01:09:23.740117+00:00,
Tecno Spark 7T KF6P,KF6P,V455,,3.11 GB,MT6765,2027-06-22,220627,Tecno_Spark_7T_KF6P_MT6765_V455_220627.zip,https://naijarom.com/tecno-spark-7t-kf6p,2026-09-22T01:09:23.740156+00:00,
Tecno Spark 7T KF6P,KF6P,V470,,3.11 GB,MT6765,2022-08-22,220822,Tecno_Spark_7T_KF6P_MT6765_V470_220822.zip,https://naijarom.com/tecno-spark-7t-kf6p,2026-09-22T01:09:23.740194+00:00,
Tecno Spark 7T KF6P,KF6P,V483,,3.14 GB,MT6765,2028-10-22,221028,Tecno_Spark_7T_KF6P_MT6765_V483_221028.zip,https://naijarom.com/tecno-spark-7t-kf6p,2026-09-22T01:09:23.740238+00:00,
Tecno Spark 7T KF6P,KF6P,V501,,3.15 GB,MT6765,2022-12-19,221219,Tecno_Spark_7T_KF6P_MT6765_V501_221219.zip,https://naijarom.com/tecno-spark-7t-kf6p,2026-09-22T01:09:23.740277+00:00,
Tecno Spark 7T KF6P,KF6P,V512,,3.14 GB,MT6765,2023-03-23,230323,Tecno_Spark_7T_KF6P_MT6765_V512_230323.zip,https://naijarom.com/tecno-spark-7t-kf6p,2026-09-22T01:09:23.740316+00:00,
Tecno Spark 8 KG5K,KG5K,,,,,,,,https://naijarom.com/tecno-spark-8-kg5k,2026-09-22T01:09:28.292707+00:00,no firmware versions found on page
Tecno Spark 8 KG6,KG6,V333,,2 GB,MT6765,2021-08-04,210804,Tecno_Spark_8_KG6_MT6765_V333_210804.zip,https://naijarom.com/tecno-spark-8-kg6,2026-09-22T01:09:33.132563+00:00,
Tecno Spark 8 KG6,KG6,V455,,2.10 GB,MT6765,2021-10-13,211013,Tecno_Spark_8_KG6_MT6765_V455_211013.zip,https://naijarom.com/tecno-spark-8-kg6,2026-09-22T01:09:33.132594+00:00,
Tecno Spark 8 KG6,KG6,V573,,2.13 GB,MT6765,2020-12-21,211220,Tecno_Spark_8_KG6_MT6765_V573_211220.zip,https://naijarom.com/tecno-spark-8-kg6,2026-09-22T01:09:33.132613+00:00,
Tecno Spark 8 KG6,KG6,V595,,2.14 GB,MT6765,2022-02-15,220215,Tecno_Spark_8_KG6_MT6765_V595_220215.zip,https://naijarom.com/tecno-spark-8-kg6,2026-09-22T01:09:33.132630+00:00,
Tecno Spark 8 KG6,KG6,V625,,2.10 GB,MT6765,2022-04-22,220422,Tecno_Spark_8_KG6_MT6765_V625_220422.zip,https://naijarom.com/tecno-spark-8-kg6,2026-09-22T01:09:33.132646+00:00,
Tecno Spark 8 KG6,KG6,V633,,2.12 GB,MT6765,2022-05-15,220515,Tecno_Spark_8_KG6_MT6765_V633_220515.zip,https://naijarom.com/tecno-spark-8-kg6,2026-09-22T01:09:33.132662+00:00,
Tecno Spark 8 KG6,KG6,V655,,2.13 GB,MT6765,2020-08-22,220820,Tecno_Spark_8_KG6_MT6765_V655_220820.zip,https://naijarom.com/tecno-spark-8-kg6,2026-09-22T01:09:33.132677+00:00,
Tecno Spark 8 KG6,KG6,V705,,2.15 GB,MT6765,2023-07-12,230712,Tecno_Spark_8_KG6_MT6765_V705_230712.zip,https://naijarom.com/tecno-spark-8-kg6,2026-09-22T01:09:33.132730+00:00,
Tecno Spark 8 KG6K,KG6K,V340,,2.8 GB,MT6765,2021-09-11,210911,Tecno_Spark_8_KG6K_MT6765_V340_210911.zip,https://naijarom.com/tecno-spark-8-kg6k,2026-09-22T01:09:38.876908+00:00,
Tecno Spark 8 KG6K,KG6K,V355,,3 GB,MT6765,2022-01-12,220112,Tecno_Spark_8_KG6K_MT6765_V355_220112.zip,https://naijarom.com/tecno-spark-8-kg6k,2026-09-22T01:09:38.876941+00:00,
Tecno Spark 8 KG6K,KG6K,V543,,2.9 GB,MT6765,2022-03-16,220316,Tecno_Spark_8_KG6K_MT6765_V543_220316.zip,https://naijarom.com/tecno-spark-8-kg6k,2026-09-22T01:09:38.876961+00:00,
Tecno Spark 8 KG6K,KG6K,V548,,2.91 GB,MT6765,2022-05-15,220515,Tecno_Spark_8_KG6K_MT6765_V548_220515.zip,https://naijarom.com/tecno-spark-8-kg6k,2026-09-22T01:09:38.876993+00:00,
Tecno Spark 8 KG6K,KG6K,V562,,2.93 GB,MT6765,2022-07-15,220715,Tecno_Spark_8_KG6K_MT6765_V562_220715.zip,https://naijarom.com/tecno-spark-8-kg6k,2026-09-22T01:09:38.877012+00:00,
Tecno Spark 8 KG6K,KG6K,V567,,2.89 GB,MT6765,2020-09-22,220920,Tecno_Spark_8_KG6K_MT6765_V567_220920.zip,https://naijarom.com/tecno-spark-8-kg6k,2026-09-22T01:09:38.877030+00:00,
Tecno Spark 8 KG6K,KG6K,V600,,2.90 GB,MT6765,2023-05-04,230504,Tecno_Spark_8_KG6K_MT6765_V600_230504.zip,https://naijarom.com/tecno-spark-8-kg6k,2026-09-22T01:09:38.877047+00:00,
Tecno Spark 8 KG6K,KG6K,V603,,2.91 GB,MT6765,2023-07-11,230711,Tecno_Spark_8_KG6K_MT6765_V603_230711.zip,https://naijarom.com/tecno-spark-8-kg6k,2026-09-22T01:09:38.877064+00:00,
Tecno Spark 8 KG8,KG8,V145,,2.90 GB,MT6768,2024-05-22,220524,Tecno_Spark_8_KG8_MT6768_V145_220524.zip,https://naijarom.com/tecno-spark-8-kg8,2026-09-22T01:09:43.429904+00:00,
Tecno Spark 8 KG8,KG8,V249,,3.35 GB,MT6768,2027-09-21,210927,Tecno_Spark_8_KG8_MT6768_V249_210927.zip,https://naijarom.com/tecno-spark-8-kg8,2026-09-22T01:09:43.429955+00:00,
Tecno Spark 8 KG8,KG8,V622,,2.47 GB,MT6768,2021-12-17,211217,Tecno_Spark_8_KG8_MT6768_V622_211217.zip,https://naijarom.com/tecno-spark-8-kg8,2026-09-22T01:09:43.430029+00:00,
Tecno Spark 8 KG8,KG8,V713,,3.43 GB,MT6768,2022-04-18,220418,Tecno_Spark_8_KG8_MT6768_V713_220418.zip,https://naijarom.com/tecno-spark-8-kg8,2026-09-22T01:09:43.430069+00:00,
Tecno Spark 8 KG8,KG8,V738,,3.48 GB,MT6768,2023-08-22,220823,Tecno_Spark_8_KG8_MT6768_V738_220823.zip,https://naijarom.com/tecno-spark-8-kg8,2026-09-22T01:09:43.430108+00:00,
Tecno Spark 8 KG8,KG8,V746,,3.52 GB,MT6768,2028-09-22,220928,Tecno_Spark_8_KG8_MT6768_V746_220928.zip,https://naijarom.com/tecno-spark-8-kg8,2026-09-22T01:09:43.430148+00:00,
Tecno Spark 8 KG8,KG8,V761,,3.51 GB,MT6768,2022-12-18,221218,Tecno_Spark_8_KG8_MT6768_V761_221218.zip,https://naijarom.com/tecno-spark-8-kg8,2026-09-22T01:09:43.430187+00:00,
Tecno Spark 8 KG8,KG8,V786,,3.58 GB,MT6768,2023-08-03,230803,Tecno_Spark_8_KG8_MT6768_V786_230803.zip,https://naijarom.com/tecno-spark-8-kg8,2026-09-22T01:09:43.430226+00:00,
Tecno Spark 8 Pro KG8,KG8,V249,,3.35 GB,MT6768,2027-09-21,210927,Tecno_Spark_8_Pro_KG8_MT6768_V249_210927.zip,https://naijarom.com/tecno-spark-8-pro-kg8,2026-09-22T01:09:48.383163+00:00,
Tecno Spark 8 Pro KG8,KG8,V622,,3.47 GB,MT6768,2021-12-17,211217,Tecno_Spark_8_Pro_KG8_MT6768_V622_211217.zip,https://naijarom.com/tecno-spark-8-pro-kg8,2026-09-22T01:09:48.383259+00:00,
Tecno Spark 8 Pro KG8,KG8,V777,,3.51 GB,MT6768,2023-04-16,230416,Tecno_Spark_8_Pro_KG8_MT6768_V777_230416.zip,https://naijarom.com/tecno-spark-8-pro-kg8,2026-09-22T01:09:48.383312+00:00,
Tecno Spark 8 Pro KG8,KG8,V782,,3.57 GB,MT6768,2023-06-07,230607,Tecno_Spark_8_Pro_KG8_MT6768_V782_230607.zip,https://naijarom.com/tecno-spark-8-pro-kg8,2026-09-22T01:09:48.383366+00:00,
Tecno Spark 8 Pro KG8,KG8,V786,,3.58 GB,MT6768,2023-08-03,230803,Tecno_Spark_8_Pro_KG8_MT6768_V786_230803.zip,https://naijarom.com/tecno-spark-8-pro-kg8,2026-09-22T01:09:48.383424+00:00,
Tecno Spark 8 Pro KG8,KG8,V791,,3.58 GB,MT6768,2023-10-10,231010,Tecno_Spark_8_Pro_KG8_MT6768_V791_231010.zip,https://naijarom.com/tecno-spark-8-pro-kg8,2026-09-22T01:09:48.383469+00:00,
Tecno Spark 8C KG5J,KG5J,V261,,2.1 GB,MT6761,2021-12-14,211214,Tecno_Spark_8C_KG5J_MT6761_V261_211214.zip,https://naijarom.com/tecno-spark-8c-kg5j,2026-09-22T01:09:51.495099+00:00,
Tecno Spark 8C KG5J,KG5J,V414,,2.11 GB,MT6761,2022-03-08,220308,Tecno_Spark_8C_KG5J_MT6761_V414_220308.zip,https://naijarom.com/tecno-spark-8c-kg5j,2026-09-22T01:09:51.495127+00:00,
Tecno Spark 8C KG5J,KG5J,V463,,2.02 GB,MT6761,2030-05-22,220530,Tecno_Spark_8C_KG5J_MT6761_V463_220530.zip,https://naijarom.com/tecno-spark-8c-kg5j,2026-09-22T01:09:51.495147+00:00,
Tecno Spark 8C KG5J,KG5J,V525,,1.99 GB,MT6761,2022-07-18,220718,Tecno_Spark_8C_KG5J_MT6761_V525_220718.zip,https://naijarom.com/tecno-spark-8c-kg5j,2026-09-22T01:09:51.495164+00:00,
Tecno Spark 8C KG5J,KG5J,V564,,1.99 GB,MT6761,2020-08-22,220820,Tecno_Spark_8C_KG5J_MT6761_V564_220820.zip,https://naijarom.com/tecno-spark-8c-kg5j,2026-09-22T01:09:51.495181+00:00,
Tecno Spark 8C KG5J,KG5J,V592,,2 GB,MT6761,2029-09-22,220929,Tecno_Spark_8C_KG5J_MT6761_V592_220929.zip,https://naijarom.com/tecno-spark-8c-kg5j,2026-09-22T01:09:51.495196+00:00,
Tecno Spark 8C KG5J,KG5J,V622,,2 GB,MT6761,2028-10-22,221028,Tecno_Spark_8C_KG5J_MT6761_V622_221028.zip,https://naijarom.com/tecno-spark-8c-kg5j,2026-09-22T01:09:51.495211+00:00,
Tecno Spark 8C KG5J,KG5J,V637,,2 GB,MT6761,2023-01-05,230105,Tecno_Spark_8C_KG5J_MT6761_V637_230105.zip,https://naijarom.com/tecno-spark-8c-kg5j,2026-09-22T01:09:51.495228+00:00,
Tecno Spark 8C KG5J,KG5J,V644,,2 GB,MT6761,2023-03-01,230301,Tecno_Spark_8C_KG5J_MT6761_V644_230301.zip,https://naijarom.com/tecno-spark-8c-kg5j,2026-09-22T01:09:51.495243+00:00,
Tecno Spark 8C KG5J,KG5J,V652,,2 GB,MT6761,2023-03-23,230323,Tecno_Spark_8C_KG5J_MT6761_V652_230323.zip,https://naijarom.com/tecno-spark-8c-kg5j,2026-09-22T01:09:51.495268+00:00,
Tecno Spark 8C KG5J,KG5J,V665,,2 GB,MT6761,2023-07-10,230710,Tecno_Spark_8C_KG5J_MT6761_V665_230710.zip,https://naijarom.com/tecno-spark-8c-kg5j,2026-09-22T01:09:51.495294+00:00,
Tecno Spark 8C KG5J,KG5J,V684,,2 GB,MT6761,2023-10-10,231010,Tecno_Spark_8C_KG5J_MT6761_V684_231010.zip,https://naijarom.com/tecno-spark-8c-kg5j,2026-09-22T01:09:51.495319+00:00,
Tecno Spark 8C KG5K,KG5K,,,,,,,,https://naijarom.com/tecno-spark-8c-kg5k,2026-09-22T01:09:55.133604+00:00,no firmware versions found on page
Tecno Spark 8C KG5KS,KG5KS,,,,,,,,https://naijarom.com/tecno-spark-8c-kg5ks,2026-09-22T01:09:59.287487+00:00,no firmware versions found on page
Tecno Spark 8C KG5N,KG5N,,,,,,,,https://naijarom.com/tecno-spark-8c-kg5n,2026-09-22T01:10:04.074688+00:00,no firmware versions found on page
Tecno Spark 8C KG5Q,KG5Q,V236,,3.37 GB,MT6765,2022-07-17,220717,Tecno_Spark_8C_KG5Q_MT6765_V236_220717.zip,https://naijarom.com/tecno-spark-8c-kg5q,2026-09-22T01:10:09.903074+00:00,
Tecno Spark 8C KG5Q,KG5Q,V459,,3.43 GB,MT6765,2022-09-05,220905,Tecno_Spark_8C_KG5Q_MT6765_V459_220905.zip,https://naijarom.com/tecno-spark-8c-kg5q,2026-09-22T01:10:09.903106+00:00,
Tecno Spark 8P KG7,KG7,V159,,3.19 GB,MT6768,2027-08-21,210827,Tecno_Spark_8P_KG7_MT6768_V159_210827.zip,https://naijarom.com/tecno-spark-8p-kg7,2026-09-22T01:10:15.367039+00:00,
Tecno Spark 8P KG7,KG7,V462,,3.19 GB,MT6768,2022-03-03,220303,Tecno_Spark_8P_KG7_MT6768_V462_220303.zip,https://naijarom.com/tecno-spark-8p-kg7,2026-09-22T01:10:15.367067+00:00,
Tecno Spark 8P KG7,KG7,V489,,3.37 GB,MT6768,2026-08-22,220826,Tecno_Spark_8P_KG7_MT6768_V489_220826.zip,https://naijarom.com/tecno-spark-8p-kg7,2026-09-22T01:10:15.367085+00:00,
Tecno Spark 8P KG7,KG7,V507,,3.38 GB,MT6768,2022-12-16,221216,Tecno_Spark_8P_KG7_MT6768_V507_221216.zip,https://naijarom.com/tecno-spark-8p-kg7,2026-09-22T01:10:15.367102+00:00,
Tecno Spark 8P KG7,KG7,V530,,3.37 GB,MT6768,2023-08-03,230803,Tecno_Spark_8P_KG7_MT6768_V530_230803.zip,https://naijarom.com/tecno-spark-8p-kg7,2026-09-22T01:10:15.367119+00:00,
Tecno Spark 8P KG7,KG7,V543,,3.37 GB,MT6768,2023-10-10,231010,Tecno_Spark_8P_KG7_MT6768_V543_231010.zip,https://naijarom.com/tecno-spark-8p-kg7,2026-09-22T01:10:15.367136+00:00,
Tecno Spark 8P KG7H,KG7H,V283,,3.22 GB,MT6765,2021-11-18,211118,Tecno_Spark_8P_KG7H_MT6765_V283_211118.zip,https://naijarom.com/tecno-spark-8p-kg7h,2026-09-22T01:10:20.420371+00:00,
Tecno Spark 8P KG7H,KG7H,V364,,3.23 GB,MT6765,2022-03-04,220304,Tecno_Spark_8P_KG7H_MT6765_V364_220304.zip,https://naijarom.com/tecno-spark-8p-kg7h,2026-09-22T01:10:20.420399+00:00,
Tecno Spark 8P KG7H,KG7H,V410,,2.8 GB,MT6765,2022-04-19,220419,Tecno_Spark_8P_KG7H_MT6765_V410_220419.zip,https://naijarom.com/tecno-spark-8p-kg7h,2026-09-22T01:10:20.420417+00:00,
Tecno Spark 8P KG7H,KG7H,V452,,3.25 GB,MT6765,2022-08-22,220822,Tecno_Spark_8P_KG7H_MT6765_V452_220822.zip,https://naijarom.com/tecno-spark-8p-kg7h,2026-09-22T01:10:20.420433+00:00,
Tecno Spark 8P KG7H,KG7H,V467,,3.29 GB,MT6765,2025-10-22,221025,Tecno_Spark_8P_KG7H_MT6765_V467_221025.zip,https://naijarom.com/tecno-spark-8p-kg7h,2026-09-22T01:10:20.420452+00:00,
Tecno Spark 8P KG7H,KG7H,V482,,3.28 GB,MT6765,2023-02-13,230213,Tecno_Spark_8P_KG7H_MT6765_V482_230213.zip,https://naijarom.com/tecno-spark-8p-kg7h,2026-09-22T01:10:20.420468+00:00,
Tecno Spark 8P KG7H,KG7H,V486,,4.86 GB,MT6765,2023-03-03,230303,Tecno_Spark_8P_KG7H_MT6765_V486_230303.zip,https://naijarom.com/tecno-spark-8p-kg7h,2026-09-22T01:10:20.420484+00:00,
Tecno Spark 8P KG7H,KG7H,V502,,3.34 GB,MT6765,2023-08-03,230803,Tecno_Spark_8P_KG7H_MT6765_V502_230803.zip,https://naijarom.com/tecno-spark-8p-kg7h,2026-09-22T01:10:20.420499+00:00,
Tecno Spark 8P KG7H,KG7H,V508,,3.34 GB,MT6765,2023-10-10,231010,Tecno_Spark_8P_KG7H_MT6765_V508_231010.zip,https://naijarom.com/tecno-spark-8p-kg7h,2026-09-22T01:10:20.420514+00:00,
Tecno Spark 8P KG7N,KG7N,V168,,3.19 GB,MT6768,2027-08-21,210827,Tecno_Spark_8P_KG7N_MT6768_V168_210827.zip,https://naijarom.com/tecno-spark-8p-kg7n,2026-09-22T01:10:25.664675+00:00,
Tecno Spark 8P KG7N,KG7N,V449,,3.35 GB,MT6768,2022-03-10,220310,Tecno_Spark_8P_KG7N_MT6768_V449_220310.zip,https://naijarom.com/tecno-spark-8p-kg7n,2026-09-22T01:10:25.664732+00:00,
Tecno Spark 8P KG7N,KG7N,V459,,2.92 GB,MT6768,2022-04-14,220414,Tecno_Spark_8P_KG7N_MT6768_V459_220414.zip,https://naijarom.com/tecno-spark-8p-kg7n,2026-09-22T01:10:25.664780+00:00,
Tecno Spark 8P KG7N,KG7N,V473,,2.82 GB,MT6768,2025-10-22,221025,Tecno_Spark_8P_KG7N_MT6768_V473_221025.zip,https://naijarom.com/tecno-spark-8p-kg7n,2026-09-22T01:10:25.664823+00:00,
Tecno Spark 8T KG6P,KG6P,V518,,3.29 GB,MT6765,2021-12-21,211221,Tecno_Spark_8T_KG6P_MT6765_V518_211221.zip,https://naijarom.com/tecno-spark-8t-kg6p,2026-09-22T01:10:31.084695+00:00,
Tecno Spark 8T KG6P,KG6P,V684,,3.26 GB,MT6765,2022-03-16,220316,Tecno_Spark_8T_KG6P_MT6765_V684_220316.zip,https://naijarom.com/tecno-spark-8t-kg6p,2026-09-22T01:10:31.084727+00:00,
Tecno Spark 8T KG6P,KG6P,V770,,3.25 GB,MT6765,2022-05-14,220514,Tecno_Spark_8T_KG6P_MT6765_V770_220514.zip,https://naijarom.com/tecno-spark-8t-kg6p,2026-09-22T01:10:31.084747+00:00,
Tecno Spark 8T KG6P,KG6P,V799,,3.29 GB,MT6765,2023-08-22,220823,Tecno_Spark_8T_KG6P_MT6765_V799_220823.zip,https://naijarom.com/tecno-spark-8t-kg6p,2026-09-22T01:10:31.084764+00:00,
Tecno Spark 8T KG6P,KG6P,V811,,3.31 GB,MT6765,2020-09-22,220920,Tecno_Spark_8T_KG6P_MT6765_V811_220920.zip,https://naijarom.com/tecno-spark-8t-kg6p,2026-09-22T01:10:31.084782+00:00,
Tecno Spark 8T KG6P,KG6P,V824,,3.32 GB,MT6765,2022-11-08,221108,Tecno_Spark_8T_KG6P_MT6765_V824_221108.zip,https://naijarom.com/tecno-spark-8t-kg6p,2026-09-22T01:10:31.084804+00:00,
Tecno Spark 8T KG6P,KG6P,V845,,3.32 GB,MT6765,2023-03-03,230303,Tecno_Spark_8T_KG6P_MT6765_V845_230303.zip,https://naijarom.com/tecno-spark-8t-kg6p,2026-09-22T01:10:31.084839+00:00,
Tecno Spark 8T KG6P,KG6P,V848,,3.32 GB,MT6765,2023-03-11,230311,Tecno_Spark_8T_KG6P_MT6765_V848_230311.zip,https://naijarom.com/tecno-spark-8t-kg6p,2026-09-22T01:10:31.084883+00:00,
Tecno Spark 8T KG6P,KG6P,V844,,3.32 GB,MT6765,2023-03-03,230303,Tecno_Spark_8T_KG6P_MT6765_V844_230303.zip,https://naijarom.com/tecno-spark-8t-kg6p,2026-09-22T01:10:31.084929+00:00,
Tecno Spark 8T KG6P,KG6P,V850,,3.32 GB,MT6765,2029-03-23,230329,Tecno_Spark_8T_KG6P_MT6765_V850_230329.zip,https://naijarom.com/tecno-spark-8t-kg6p,2026-09-22T01:10:31.084948+00:00,
Tecno Spark 8T KG6P,KG6P,V856,,3.39 GB,MT6765,2023-07-12,230712,Tecno_Spark_8T_KG6P_MT6765_V856_230712.zip,https://naijarom.com/tecno-spark-8t-kg6p,2026-09-22T01:10:31.084965+00:00,
Tecno Spark 8T KG6P,KG6P,V266,,3.25 GB,MT6765,2026-10-21,211026,Tecno_Spark_8T_KG6P_MT6765_V266_211026.zip,https://naijarom.com/tecno-spark-8t-kg6p,2026-09-22T01:10:31.085009+00:00,
Tecno Spark 8T KG6P,KG6P,V334,,3.26 GB,MT6765,2021-11-10,211110,Tecno_Spark_8T_KG6P_MT6765_V334_211110.zip,https://naijarom.com/tecno-spark-8t-kg6p,2026-09-22T01:10:31.085026+00:00,
Tecno Spark 9 KG5P,KG5P,V651,,3.38 GB,MT6765,2022-08-12,220812,Tecno_Spark_9_KG5P_MT6765_V651_220812.zip,https://naijarom.com/tecno-spark-9-kg5p,2026-09-22T01:10:35.958053+00:00,
Tecno Spark 9 KG5P,KG5P,V700,,3.36 GB,MT6765,2022-09-05,220905,Tecno_Spark_9_KG5P_MT6765_V700_220905.zip,https://naijarom.com/tecno-spark-9-kg5p,2026-09-22T01:10:35.958083+00:00,
Tecno Spark 9 KG5P,KG5P,V728,,3.39 GB,MT6765,2023-09-22,220923,Tecno_Spark_9_KG5P_MT6765_V728_220923.zip,https://naijarom.com/tecno-spark-9-kg5p,2026-09-22T01:10:35.958106+00:00,
Tecno Spark 9 KG5P,KG5P,V816,,3.39 GB,MT6765,2029-11-22,221129,Tecno_Spark_9_KG5P_MT6765_V816_221129.zip,https://naijarom.com/tecno-spark-9-kg5p,2026-09-22T01:10:35.958123+00:00,
Tecno Spark 9 KG5P,KG5P,V951,,3.48 GB,MT6765,2023-08-14,230814,Tecno_Spark_9_KG5P_MT6765_V951_230814.zip,https://naijarom.com/tecno-spark-9-kg5p,2026-09-22T01:10:35.958140+00:00,
Tecno Spark 9 KG5P,KG5P,V1062,,3.44 GB,MT6765,2024-01-15,240115,Tecno_Spark_9_KG5P_MT6765_V1062_240115.zip,https://naijarom.com/tecno-spark-9-kg5p,2026-09-22T01:10:35.958182+00:00,
Tecno Spark 9 KG5P,KG5P,V1079,,3.44 GB,MT6765,2024-03-14,240314,Tecno_Spark_9_KG5P_MT6765_V1079_240314.zip,https://naijarom.com/tecno-spark-9-kg5p,2026-09-22T01:10:35.958198+00:00,
Tecno Spark 9 KG5P,KG5P,V1089,,3.44 GB,MT6765,2024-05-09,240509,Tecno_Spark_9_KG5P_MT6765_V1089_240509.zip,https://naijarom.com/tecno-spark-9-kg5p,2026-09-22T01:10:35.958215+00:00,
Tecno Spark 9 Pro KH7,KH7,V670,,3.86 GB,MT6768,2022-12-05,221205,Tecno_Spark_9_Pro_KH7_MT6768_V670_221205.zip,https://naijarom.com/tecno-spark-9-pro-kh7,2026-09-22T01:10:40.779085+00:00,
Tecno Spark 9 Pro KH7,KH7,V720,,4 GB,MT6768,2023-08-09,230809,Tecno_Spark_9_Pro_KH7_MT6768_V720_230809.zip,https://naijarom.com/tecno-spark-9-pro-kh7,2026-09-22T01:10:40.779118+00:00,
Tecno Spark 9 Pro KH7,KH7,V741,,3.93 GB,MT6768,2023-10-09,231009,Tecno_Spark_9_Pro_KH7_MT6768_V741_231009.zip,https://naijarom.com/tecno-spark-9-pro-kh7,2026-09-22T01:10:40.779137+00:00,
Tecno Spark 9 Pro KH7N,KH7N,V1110,,3.63 GB,MT6768,2022-12-05,221205,Tecno_Spark_9_Pro_KH7N_MT6768_V1110_221205.zip,https://naijarom.com/tecno-spark-9-pro-kh7n,2026-09-22T01:10:46.465220+00:00,
Tecno Spark 9 Pro KH7N,KH7N,V1129,,3.30 GB,MT6768,2020-12-22,221220,Tecno_Spark_9_Pro_KH7N_MT6768_V1129_221220.zip,https://naijarom.com/tecno-spark-9-pro-kh7n,2026-09-22T01:10:46.465275+00:00,
Tecno Spark 9 Pro KH7S,KH7S,V139,,3.26 GB,MT6768,2022-11-14,221114,Tecno_Spark_9_Pro_KH7S_MT6768_V139_221114.zip,https://naijarom.com/tecno-spark-9-pro-kh7s,2026-09-22T01:10:52.167699+00:00,
Tecno Spark 9 Pro KH7S,KH7S,V393,,2.96 GB,MT6768,2022-10-12,221012,Tecno_Spark_9_Pro_KH7S_MT6768_V393_221012.zip,https://naijarom.com/tecno-spark-9-pro-kh7s,2026-09-22T01:10:52.167755+00:00,
Tecno Spark 9 Pro KH7S,KH7S,V518,,2.97 GB,MT6768,2022-12-02,221202,Tecno_Spark_9_Pro_KH7S_MT6768_V518_221202.zip,https://naijarom.com/tecno-spark-9-pro-kh7s,2026-09-22T01:10:52.167807+00:00,
Tecno Spark 9 Pro KH7S,KH7S,V681,,3 GB,MT6768,2022-02-23,230222,Tecno_Spark_9_Pro_KH7S_MT6768_V681_230222.zip,https://naijarom.com/tecno-spark-9-pro-kh7s,2026-09-22T01:10:52.167865+00:00,
Tecno Spark 9 Pro KH7S,KH7S,V992,,3.20 GB,MT6768,2027-07-23,230727,Tecno_Spark_9_Pro_KH7S_MT6768_V992_230727.zip,https://naijarom.com/tecno-spark-9-pro-kh7s,2026-09-22T01:10:52.167926+00:00,
Tecno Spark 9T KH6,KH6,V1574,,3.42 GB,MT6765,2028-12-22,221228,Tecno_Spark_9T_KH6_MT6765_V1574_221228.zip,https://naijarom.com/tecno-spark-9t-kh6,2026-09-22T01:10:57.302293+00:00,
Tecno Spark 9T KH6,KH6,V2135,,3.48 GB,MT6765,2023-08-11,230811,Tecno_Spark_9T_KH6_MT6765_V2135_230811.zip,https://naijarom.com/tecno-spark-9t-kh6,2026-09-22T01:10:57.302388+00:00,
Tecno Spark 9T KH6,KH6,V2190,,3.41 GB,MT6765,2026-09-23,230926,Tecno_Spark_9T_KH6_MT6765_V2190_230926.zip,https://naijarom.com/tecno-spark-9t-kh6,2026-09-22T01:10:57.302441+00:00,
Tecno Spark 10 KI5N,KI5N,V491,,3.62 GB,MT6765,2023-01-08,230108,Tecno_Spark_10_KI5N_MT6765_V491_230108.zip,https://naijarom.com/tecno-spark-10-ki5n,2026-09-22T01:11:02.614679+00:00,
Tecno Spark 10 KI5N,KI5N,V661,,3.76 GB,MT6765,2023-04-17,230417,Tecno_Spark_10_KI5N_MT6765_V661_230417.zip,https://naijarom.com/tecno-spark-10-ki5n,2026-09-22T01:11:02.614744+00:00,
Tecno Spark 10 KI8,KI8,V2586,,4.78 GB,MT6833,2023-12-12,231212,Tecno_Spark_10_KI8_MT6833_V2586_231212.zip,https://naijarom.com/tecno-spark-10-ki8,2026-09-22T01:11:08.775855+00:00,
Tecno Spark 10 KI8,KI8,V3132,,4.75 GB,MT6833,2024-04-14,240414,Tecno_Spark_10_KI8_MT6833_V3132_240414.zip,https://naijarom.com/tecno-spark-10-ki8,2026-09-22T01:11:08.775902+00:00,
Tecno Spark 10 KI8,KI8,V3435,,5 GB,MT6833,2024-10-17,241017,Tecno_Spark_10_KI8_MT6833_V3435_241017.zip,https://naijarom.com/tecno-spark-10-ki8,2026-09-22T01:11:08.775965+00:00,
Tecno Spark 10 KI8,KI8,V3445,,5.04 GB,MT6833,2024-12-09,241209,Tecno_Spark_10_KI8_MT6833_V3445_241209.zip,https://naijarom.com/tecno-spark-10-ki8,2026-09-22T01:11:08.775996+00:00,
Tecno Spark 10 5G KI8,KI8,V724,,4.41 GB,MT6833,2023-01-09,230109,Tecno_Spark_10_5G_KI8_MT6833_V724_230109.zip,https://naijarom.com/tecno-spark-10-5g-ki8,2026-09-22T01:11:13.665825+00:00,
Tecno Spark 10 5G KI8,KI8,V1242,,4.55 GB,MT6833,2023-03-23,230323,Tecno_Spark_10_5G_KI8_MT6833_V1242_230323.zip,https://naijarom.com/tecno-spark-10-5g-ki8,2026-09-22T01:11:13.665861+00:00,
Tecno Spark 10 5G KI8,KI8,V1960,,4.59 GB,MT6833,2023-08-02,230802,Tecno_Spark_10_5G_KI8_MT6833_V1960_230802.zip,https://naijarom.com/tecno-spark-10-5g-ki8,2026-09-22T01:11:13.665882+00:00,
Tecno Spark 10 5G KI8,KI8,V3132,,4.75 GB,MT6833,2024-04-14,240414,Tecno_Spark_10_5G_KI8_MT6833_V3132_240414.zip,https://naijarom.com/tecno-spark-10-5g-ki8,2026-09-22T01:11:13.665900+00:00,
Tecno Spark 10 5G KI8,KI8,V3395,,4.84 GB,MT6833,2024-06-14,240614,Tecno_Spark_10_5G_KI8_MT6833_V3395_240614.zip,https://naijarom.com/tecno-spark-10-5g-ki8,2026-09-22T01:11:13.665931+00:00,
Tecno Spark 10 5G KI8,KI8,V3435,,5 GB,MT6833,2024-10-17,241017,Tecno_Spark_10_5G_KI8_MT6833_V3435_241017.zip,https://naijarom.com/tecno-spark-10-5g-ki8,2026-09-22T01:11:13.665967+00:00,
Tecno Spark 10 5G KI8,KI8,V3445,,5.04 GB,MT6833,2024-12-09,241209,Tecno_Spark_10_5G_KI8_MT6833_V3445_241209.zip,https://naijarom.com/tecno-spark-10-5g-ki8,2026-09-22T01:11:13.665984+00:00,
Tecno Spark 10 Pro KI7,KI7,V607,,4.33 GB,MT6768,2030-12-22,221230,Tecno_Spark_10_Pro_KI7_MT6768_V607_221230.zip,https://naijarom.com/tecno-spark-10-pro-ki7,2026-09-22T01:11:18.807906+00:00,
Tecno Spark 10 Pro KI7,KI7,V1631,,4.52 GB,MT6768,2023-03-18,230318,Tecno_Spark_10_Pro_KI7_MT6768_V1631_230318.zip,https://naijarom.com/tecno-spark-10-pro-ki7,2026-09-22T01:11:18.807956+00:00,
Tecno Spark 10 Pro KI7,KI7,V1713,,3.91 GB,MT6768,2023-03-23,230323,Tecno_Spark_10_Pro_KI7_MT6768_V1713_230323.zip,https://naijarom.com/tecno-spark-10-pro-ki7,2026-09-22T01:11:18.807978+00:00,
Tecno Spark 10 Pro KI7,KI7,V2942,,5.40 GB,MT6768,2025-02-18,250218,Tecno_Spark_10_Pro_KI7_MT6768_V2942_250218.zip,https://naijarom.com/tecno-spark-10-pro-ki7,2026-09-22T01:11:18.808013+00:00,
Tecno Spark 10 Pro KI7,KI7,V3571,,4.50 GB,MT6768,2025-08-23,230825,Tecno_Spark_10_Pro_KI7_MT6768_V3571_230825.zip,https://naijarom.com/tecno-spark-10-pro-ki7,2026-09-22T01:11:18.808033+00:00,
Tecno Spark 10 Pro KI7,KI7,V3977,,4.57 GB,MT6768,2020-10-23,231020,Tecno_Spark_10_Pro_KI7_MT6768_V3977_231020.zip,https://naijarom.com/tecno-spark-10-pro-ki7,2026-09-22T01:11:18.808052+00:00,
Tecno Spark 10 Pro KI7,KI7,V4314,,4.74 GB,MT6768,2020-12-23,231220,Tecno_Spark_10_Pro_KI7_MT6768_V4314_231220.zip,https://naijarom.com/tecno-spark-10-pro-ki7,2026-09-22T01:11:18.808095+00:00,
Tecno Spark 10 Pro KI7,KI7,V4558,,4.70 GB,MT6768,2024-02-05,240205,Tecno_Spark_10_Pro_KI7_MT6768_V4558_240205.zip,https://naijarom.com/tecno-spark-10-pro-ki7,2026-09-22T01:11:18.808170+00:00,
Tecno Spark 10 Pro KI7,KI7,V4815,,4.70 GB,MT6768,2024-04-03,240403,Tecno_Spark_10_Pro_KI7_MT6768_V4815_240403.zip,https://naijarom.com/tecno-spark-10-pro-ki7,2026-09-22T01:11:18.808214+00:00,
Tecno Spark 10 Pro KI7,KI7,V5084,,4.77 GB,MT6768,2024-06-06,240606,Tecno_Spark_10_Pro_KI7_MT6768_V5084_240606.zip,https://naijarom.com/tecno-spark-10-pro-ki7,2026-09-22T01:11:18.808267+00:00,
Tecno Spark 10 Pro KI7,KI7,V5213,,4.98 GB,MT6768,2024-10-31,241031,Tecno_Spark_10_Pro_KI7_MT6768_V5213_241031.zip,https://naijarom.com/tecno-spark-10-pro-ki7,2026-09-22T01:11:18.808342+00:00,
Tecno Spark 10 Pro KI7,KI7,V5223,,4.98 GB,MT6768,2024-11-11,241111,Tecno_Spark_10_Pro_KI7_MT6768_V5223_241111.zip,https://naijarom.com/tecno-spark-10-pro-ki7,2026-09-22T01:11:18.808361+00:00,
Tecno Spark 10 Pro KI7,KI7,V5259,,4.29 GB,MT6768,2024-12-17,241217,Tecno_Spark_10_Pro_KI7_MT6768_V5259_241217.zip,https://naijarom.com/tecno-spark-10-pro-ki7,2026-09-22T01:11:18.808380+00:00,
Tecno Spark 10C KI5K,KI5K,,,,,,,,https://naijarom.com/tecno-spark-10c-ki5k,2026-09-22T01:11:23.851758+00:00,no firmware versions found on page
Tecno Spark 10C KI5M,KI5M,,,,,,,,https://naijarom.com/tecno-spark-10c-ki5m,2026-09-22T01:11:29.627881+00:00,no firmware versions found on page
Tecno Spark 20 KJ5N,KJ5N,V644,,2.45 GB,MT6768,2024-01-13,240113,Tecno_Spark_20_KJ5N_MT6768_MT6768_V644_240113.zip,https://naijarom.com/tecno-spark-20-kj5n,2026-09-22T01:11:35.004105+00:00,
Tecno Spark 20 KJ5N,KJ5N,V785,,4.45 GB,MT6768,2024-03-13,240313,Tecno_Spark_20_KJ5N_MT6768_V785_240313.zip,https://naijarom.com/tecno-spark-20-kj5n,2026-09-22T01:11:35.004273+00:00,
Tecno Spark 20 KJ5N,KJ5N,V1046,,2.46 GB,MT6768,2024-07-09,240709,Tecno_Spark_20_KJ5N_MT6768_V1046_240709.zip,https://naijarom.com/tecno-spark-20-kj5n,2026-09-22T01:11:35.004448+00:00,
Tecno Spark 20 Pro KJ6,KJ6,,,,,,,,https://naijarom.com/tecno-spark-20-pro-kj6,2026-09-22T01:11:40.222519+00:00,no firmware versions found on page
Tecno Spark 20 Pro 5G KJ8,KJ8,V846,,3.21 GB,MT6833,2030-04-24,240430,Tecno_Spark_20_Pro_5G_KJ8_MT6833_V846_240430.zip,https://naijarom.com/tecno-spark-20-pro-5g-kj8,2026-09-22T01:11:45.056905+00:00,
Tecno Spark 20 Pro Plus,,,,,,,,,https://naijarom.com/tecno-spark-20-pro-plus,2026-09-22T01:11:50.020860+00:00,no firmware versions found on page
Tecno Spark 20 Pro Plus KJ7,KJ7,,,,,,,,https://naijarom.com/tecno-spark-20-pro-plus-kj7,2026-09-22T01:11:55.289932+00:00,no firmware versions found on page
Tecno Spark 20 Pro Plus KJ7S,KJ7S,,,,,,,,https://naijarom.com/tecno-spark-20-pro-plus-kj7s,2026-09-22T01:12:00.207501+00:00,no firmware versions found on page
Tecno Spark 20C BG7,BG7,,,,,,,,https://naijarom.com/tecno-spark-20c-bg7,2026-09-22T01:12:04.958987+00:00,no firmware versions found on page
Tecno Spark 20C BG7N,BG7N,,,,,,,,https://naijarom.com/tecno-spark-20c-bg7n,2026-09-22T01:12:10.349630+00:00,no firmware versions found on page
Tecno Spark 30 KL6,KL6,V1325,,3.48 GB,MT6768,2027-09-24,240927,Tecno_Spark_30_KL6_MT6768_V1325_240927.zip,https://naijarom.com/tecno-spark-30-kl6,2026-09-22T01:12:17.485083+00:00,
Tecno Spark 30 5G KL8,KL8,,,,,,,,https://naijarom.com/tecno-spark-30-5g-kl8,2026-09-22T01:12:24.103300+00:00,no firmware versions found on page
Tecno Spark 30 5G KL8s,,,,,,,,,https://naijarom.com/tecno-spark-30-5g-kl8s,2026-09-22T01:12:29.095289+00:00,no firmware versions found on page
Tecno Spark 30 Pro KL7,KL7,,,,,,,,https://naijarom.com/tecno-spark-30-pro-kl7,2026-09-22T01:12:34.296365+00:00,no firmware versions found on page
Tecno Spark 30C KL5,KL5,V1174,,3 GB,MT6768,2024-08-05,240805,Tecno_Spark_30C_KL5_MT6768_V1174_240805.zip,https://naijarom.com/tecno-spark-30c-kl5,2026-09-22T01:12:39.357059+00:00,
Tecno Spark 30C KL5,KL5,V2013,,3.19 GB,MT6768,2024-11-06,241106,Tecno_Spark_30C_KL5_MT6768_V2013_241106.zip,https://naijarom.com/tecno-spark-30c-kl5,2026-09-22T01:12:39.357160+00:00,
Tecno Spark 30C KL5N,KL5N,V472,,2.99 GB,MT6768,2024-08-17,240817,Tecno_Spark_30C_KL5N_MT6768_V472_240817.zip,https://naijarom.com/tecno-spark-30c-kl5n,2026-09-22T01:12:44.518986+00:00,
Tecno Spark 30C KL5S,KL5S,V241,,3 GB,MT6768,2026-08-24,240826,Tecno_Spark_30C_KL5S_MT6768_V241_240826.zip,https://naijarom.com/tecno-spark-30c-kl5s,2026-09-22T01:12:49.305254+00:00,
Tecno Spark 30C 5G Kl8H,,,,,,,,,https://naijarom.com/tecno-spark-30c-5g-kl8h,2026-09-22T01:12:54.337492+00:00,no firmware versions found on page
Tecno Spark 40 KM5,KM5,15.1.1.103SP18,,4 GB,MT6768,,,Tecno_Spark_40_KM5_MT6768_15.1.1.103SP18_OP001PF001AZ_060625.zip,https://naijarom.com/tecno-spark-40-km5,2026-09-22T01:12:59.465178+00:00,
Tecno Spark 40 KM5,KM5,15.1.1.108SP03,,5.45 GB,MT6768,,,Tecno_Spark_40_KM5_MT6768_15.1.1.108SP03_OP001PF001AZ_250701.zip,https://naijarom.com/tecno-spark-40-km5,2026-09-22T01:12:59.465212+00:00,
Tecno Spark 40 KM5,KM5,15.1.1.111,,5.59 GB,MT6768,,,Tecno_Spark_40_KM5_MT6768_15.1.1.111_OPPJ001PF001PJ_250710.zip,https://naijarom.com/tecno-spark-40-km5,2026-09-22T01:12:59.465235+00:00,
Tecno Spark 40 KM5,KM5,15.1.1.121,,5.59 GB,MT6768,,,Tecno_Spark_40_KM5_MT6768_15.1.1.121_OP001PF001AZ_130825.zip,https://naijarom.com/tecno-spark-40-km5,2026-09-22T01:12:59.465255+00:00,
Tecno Spark 40 KM5,KM5,15.1.1.121SP11,,5.59 GB,MT6768,,,Tecno_Spark_40_KM5_MT6768_15.1.1.121SP11_OP001PF001AZ_260925.zip,https://naijarom.com/tecno-spark-40-km5,2026-09-22T01:12:59.465275+00:00,
Tecno Spark 40 KM5,KM5,15.1.2.155SP01,OP001PF001AZ,5.77 GB,MT6768,2026-01-14,260114,Tecno_Spark_40_KM5_MT6768_15.1.2.155SP01_OP001PF001AZ_260114_MXML.zip,https://naijarom.com/tecno-spark-40-km5,2026-09-22T01:12:59.465299+00:00,
Tecno Spark 40 KM5N,KM5N,15.1.1.111SP05,,5 GB,MT6768,,,Tecno_Spark_40_KM5N_MT6768_15.1.1.111SP05_RU001PF001AZ_100725.zip,https://naijarom.com/tecno-spark-40-km5n,2026-09-22T01:13:04.083505+00:00,
Tecno Spark 40 KM5N,KM5N,15.1.1.106SP06,,5.69 GB,MT6768,,,Tecno_Spark_40_KM5N_MT6768_15.1.1.106SP06_OP001PF001AZ_250613.zip,https://naijarom.com/tecno-spark-40-km5n,2026-09-22T01:13:04.083587+00:00,
Tecno Spark 40 KM5N,KM5N,15.1.2.129SP01,,5.98 GB,MT6768,,,Tecno_Spark_40_KM5N_MT6768_15.1.2.129SP01_OP001PF001AZ_141025.zip,https://naijarom.com/tecno-spark-40-km5n,2026-09-22T01:13:04.083654+00:00,
Tecno Spark 40 KM5N,KM5N,15.1.2.129,,4.97 GB,MT6768,,,Tecno_Spark_40_KM5N_MT6768_15.1.2.129_EU001PF001AZ_251015.zip,https://naijarom.com/tecno-spark-40-km5n,2026-09-22T01:13:04.083718+00:00,
Tecno Spark 40 KM5N,KM5N,15.1.2.131SP01,,5.05 GB,MT6768,,,Tecno_Spark_40_KM5N_MT6768_15.1.2.131SP01_RU001PF001AZ_251019.zip,https://naijarom.com/tecno-spark-40-km5n,2026-09-22T01:13:04.083783+00:00,
Tecno Spark 40 KM5N,KM5N,15.1.2.155SP01,,6 GB,MT6768,,,Tecno_Spark_40_KM5N_MT6768_15.1.2.155SP01_OP001PF001AZ_160126.zip,https://naijarom.com/tecno-spark-40-km5n,2026-09-22T01:13:04.083847+00:00,
Tecno Spark 40 KM5N,KM5N,15.1.2.165SP01,,5.99 GB,MT6768,,,Tecno_Spark_40_KM5N_MT6768_15.1.2.165SP01_OP001PF001AZ_260401.zip,https://naijarom.com/tecno-spark-40-km5n,2026-09-22T01:13:04.083918+00:00,
Tecno Spark 40 KM5N,KM5N,15.1.2.180,,6.26 GB,MT6768,,,Tecno_Spark_40_KM5N_MT6768_15.1.2.180_OP001PF001AZ_150626.zip,https://naijarom.com/tecno-spark-40-km5n,2026-09-22T01:13:04.083981+00:00,
Tecno Spark 40 KM5N,KM5N,15.1.2.170SP05,,5.09 GB,MT6768,,,Tecno_Spark_40_KM5N_MT6768_15.1.2.170SP05_RU001PF001AZ_260422.zip,https://naijarom.com/tecno-spark-40-km5n,2026-09-22T01:13:04.084050+00:00,
Tecno Spark 40 KM5S,KM5S,15.1.1.109,,4.69 GB,MT6768,,,Tecno_Spark_40_KM5S_MT6768_15.1.1.109_GTTG001PF001LC_010725.zip,https://naijarom.com/tecno-spark-40-km5s,2026-09-22T01:13:09.272001+00:00,
Tecno Spark 40 5G KM8N,KM8N,15.1.2.113SP01,OP001PF001AZ,6.83 GB,MT6835,2025-08-19,190825,Tecno_Spark_40_5G_KM8N_MT6835_15.1.2.113SP01_OP001PF001AZ_190825_MXML.zip,https://naijarom.com/tecno-spark-40-5g-km8n,2026-09-22T01:13:14.341687+00:00,
Tecno Spark 40 5G KM8N,KM8N,15.1.2.113SP25,TR001PF001AZ,6.21 GB,MT6835,2025-09-12,120925,Tecno_Spark_40_5G_KM8N_MT6835_15.1.2.113SP25_TR001PF001AZ_120925_MXML.zip,https://naijarom.com/tecno-spark-40-5g-km8n,2026-09-22T01:13:14.341734+00:00,
Tecno Spark 40 5G KM8N,KM8N,15.1.2.125SP08,OP001PF001AZ,6.98 GB,MT6835,2025-10-10,101025,Tecno_Spark_40_5G_KM8N_MT6835_15.1.2.125SP08_OP001PF001AZ_101025_MXML.zip,https://naijarom.com/tecno-spark-40-5g-km8n,2026-09-22T01:13:14.341767+00:00,
Tecno Spark 40 5G KM8N,KM8N,15.1.2.145SP02,OP001PF001AZ,6.92 GB,MT6835,2025-12-24,241225,Tecno_Spark_40_5G_KM8N_MT6835_15.1.2.145SP02_OP001PF001AZ_241225_MXML.zip,https://naijarom.com/tecno-spark-40-5g-km8n,2026-09-22T01:13:14.341799+00:00,
Tecno Spark 40 5G KM8N,KM8N,15.1.2.145SP02,OPPJ001PF001PJ,6.92 GB,MT6835,2025-12-25,251225,Tecno_Spark_40_5G_KM8N_MT6835_15.1.2.145SP02_OPPJ001PF001PJ_251225_MXML.zip,https://naijarom.com/tecno-spark-40-5g-km8n,2026-09-22T01:13:14.341833+00:00,
Tecno Spark 40 5G KM8N,KM8N,15.1.2.145SP02,TR001PF001AZ,6.15 GB,MT6835,2025-12-24,241225,Tecno_Spark_40_5G_KM8N_MT6835_15.1.2.145SP02_TR001PF001AZ_241225_MXML.zip,https://naijarom.com/tecno-spark-40-5g-km8n,2026-09-22T01:13:14.341864+00:00,
Tecno Spark 40 5G KM8N,KM8N,15.1.2.145SP06,COCL001PF001AZ,6.18 GB,MT6835,2026-01-08,080126,Tecno_Spark_40_5G_KM8N_MT6835_15.1.2.145SP06_COCL001PF001AZ_080126_MXML.zip,https://naijarom.com/tecno-spark-40-5g-km8n,2026-09-22T01:13:14.341899+00:00,
Tecno Spark 40 5G KM8N,KM8N,15.1.2.165SP05,OP001PF001AZ,6.99 GB,MT6835,2026-03-24,240326,Tecno_Spark_40_5G_KM8N_MT6835_15.1.2.165SP05_OP001PF001AZ_240326_MXML.zip,https://naijarom.com/tecno-spark-40-5g-km8n,2026-09-22T01:13:14.341939+00:00,
Tecno Spark 40 5G KM8N,KM8N,15.1.2.165SP05,COCL001PF001AZ,6.18 GB,MT6835,2024-03-26,260324,Tecno_Spark_40_5G_KM8N_MT6835_15.1.2.165SP05_COCL001PF001AZ_260324_MXML.zip,https://naijarom.com/tecno-spark-40-5g-km8n,2026-09-22T01:13:14.341971+00:00,
Tecno Spark 40 5G KM8N,KM8N,15.1.2.165SP15,OP001PF001AZ,7 GB,MT6835,2026-05-15,260515,Tecno_Spark_40_5G_KM8N_MT6835_15.1.2.165SP15_OP001PF001AZ_260515_MXML.zip,https://naijarom.com/tecno-spark-40-5g-km8n,2026-09-22T01:13:14.342003+00:00,
Tecno Spark 40 Pro KM5,KM5,15.1.1.103SP18,,5.37 GB,MT6768,,,Tecno_Spark_40_Pro_KM5_MT6768_15.1.1.103SP18_OP001PF001AZ_060625.zip,https://naijarom.com/tecno-spark-40-pro-km5,2026-09-22T01:13:19.292486+00:00,
Tecno Spark 40 Pro KM5,KM5,15.1.1.108SP03,,5.45 GB,MT6768,,,Tecno_Spark_40_Pro_KM5_MT6768_15.1.1.108SP03_OP001PF001AZ_250701.zip,https://naijarom.com/tecno-spark-40-pro-km5,2026-09-22T01:13:19.292524+00:00,
Tecno Spark 40 Pro KM5,KM5,15.1.1.121,,5.59 GB,MT6768,,,Tecno_Spark_40_Pro_KM5_MT6768_15.1.1.121_OP001PF001AZ_130825.zip,https://naijarom.com/tecno-spark-40-pro-km5,2026-09-22T01:13:19.292550+00:00,
Tecno Spark 40 Pro KM5,KM5,15.1.2.129SP01,,5.75 GB,MT6768,,,Tecno_Spark_40_Pro_KM5_MT6768_15.1.2.129SP01_OP001PF001AZ_141024.zip,https://naijarom.com/tecno-spark-40-pro-km5,2026-09-22T01:13:19.292577+00:00,
Tecno Spark 40 Pro KM5,KM5,15.1.2.155SP01,OP001PF001AZ,5.77 GB,MT6768,2026-01-14,260114,Tecno_Spark_40_Pro_KM5_MT6768_15.1.2.155SP01_OP001PF001AZ_260114_MXML.zip,https://naijarom.com/tecno-spark-40-pro-km5,2026-09-22T01:13:19.292598+00:00,
Tecno Spark 40 Pro KM6,KM6,15.1.1.107SP10,OP001PF001AZ,8.14 GB,MT6789,2025-06-30,300625,Tecno_Spark_40_Pro_KM6_MT6789_15.1.1.107SP10_OP001PF001AZ_300625_MXML.zip,https://naijarom.com/tecno-spark-40-pro-km6,2026-09-22T01:13:24.324231+00:00,
Tecno Spark 40 Pro KM6,KM6,15.1.1.112SP06,OP001PF001AZ,8.25 GB,MT6789,2025-07-23,230725,Tecno_Spark_40_Pro_KM6_MT6789_15.1.1.112SP06_OP001PF001AZ_230725_MXML.zip,https://naijarom.com/tecno-spark-40-pro-km6,2026-09-22T01:13:24.324272+00:00,
Tecno Spark 40 Pro KM6,KM6,15.1.1.116SP01,COCL001PF001AZ,7.85 GB,MT6789,2025-08-01,250801,Tecno_Spark_40_Pro_KM6_MT6789_15.1.1.116SP01_COCL001PF001AZ_250801_MXML.zip,https://naijarom.com/tecno-spark-40-pro-km6,2026-09-22T01:13:24.324309+00:00,
Tecno Spark 40 Pro KM6,KM6,15.1.1.121SP02,RU001PF001AZ,7.55 GB,MT6789,2025-08-15,150825,Tecno_Spark_40_Pro_KM6_MT6789_15.1.1.121SP02_RU001PF001AZ_150825_MXML.zip,https://naijarom.com/tecno-spark-40-pro-km6,2026-09-22T01:13:24.324341+00:00,
Tecno Spark 40 Pro KM6,KM6,15.1.1.121SP02,OP001PF001AZ,8.34 GB,MT6789,2025-08-15,150825,Tecno_Spark_40_Pro_KM6_MT6789_15.1.1.121SP02_OP001PF001AZ_150825_MXML.zip,https://naijarom.com/tecno-spark-40-pro-km6,2026-09-22T01:13:24.324373+00:00,
Tecno Spark 40 Pro KM6,KM6,15.1.2.126SP03,EU001PF001AZ,7.57 GB,MT6789,2025-10-10,101025,Tecno_Spark_40_Pro_KM6_MT6789_15.1.2.126SP03_EU001PF001AZ_101025_MXML.zip,https://naijarom.com/tecno-spark-40-pro-km6,2026-09-22T01:13:24.324404+00:00,
Tecno Spark 40 Pro KM6,KM6,15.1.2.126SP03,RU001PF001AZ,7.62 GB,MT6789,2025-10-10,101025,Tecno_Spark_40_Pro_KM6_MT6789_15.1.2.126SP03_RU001PF001AZ_101025_MXML.zip,https://naijarom.com/tecno-spark-40-pro-km6,2026-09-22T01:13:24.324435+00:00,
Tecno Spark 40 Pro KM6,KM6,15.1.2.126SP03,TR001PF001AZ,7.81 GB,MT6789,2025-10-10,101025,Tecno_Spark_40_Pro_KM6_MT6789_15.1.2.126SP03_TR001PF001AZ_101025_MXML.zip,https://naijarom.com/tecno-spark-40-pro-km6,2026-09-22T01:13:24.324466+00:00,
Tecno Spark 40 Pro KM6,KM6,15.1.2.126SP03,OP001PF001AZ,8.55 GB,MT6789,2025-10-10,101025,Tecno_Spark_40_Pro_KM6_MT6789_15.1.2.126SP03_OP001PF001AZ_101025_MXML.zip,https://naijarom.com/tecno-spark-40-pro-km6,2026-09-22T01:13:24.324522+00:00,
Tecno Spark 40 Pro KM6,KM6,15.1.2.145SP10,,8.49 GB,MT6789,,,Tecno_Spark_40_Pro_KM6_MT6789_15.1.2.145SP10_OP001PF001AZ_Open_Market_140126_MXML.zip,https://naijarom.com/tecno-spark-40-pro-km6,2026-09-22T01:13:24.324586+00:00,
Tecno Spark 40 Pro KM6,KM6,15.1.2.165,OP001PF001AZ,8.55 GB,,2026-03-12,120326,Tecno_Spark_40_Pro_KM6_15.1.2.165_OP001PF001AZ_120326_MXML.zip,https://naijarom.com/tecno-spark-40-pro-km6,2026-09-22T01:13:24.324674+00:00,
Tecno Spark 40 Pro KM6,KM6,15.1.2.165SP05,OP001PF001AZ,8.55 GB,MT6789,2026-03-20,200326,Tecno_Spark_40_Pro_KM6_MT6789_15.1.2.165SP05_OP001PF001AZ_200326_MXML.zip,https://naijarom.com/tecno-spark-40-pro-km6,2026-09-22T01:13:24.324707+00:00,
Tecno Spark 40 Pro Plus KM7,KM7,15.1.1.108SP02,OP001PF001AZ,8 GB,,2025-06-24,240625,Tecno_Spark_40_Pro_Plus_KM7_15.1.1.108SP02_OP001PF001AZ_240625_MXML.zip,https://naijarom.com/tecno-spark-40-pro-plus-km7,2026-09-22T01:13:29.735853+00:00,
Tecno Spark 40 Pro Plus KM7,KM7,15.1.1.105SP15,OP001PF001AZ,8 GB,MT6789,2025-06-22,220625,Tecno_Spark_40_Pro_Plus_KM7_MT6789_15.1.1.105SP15_OP001PF001AZ_220625_MXML.zip,https://naijarom.com/tecno-spark-40-pro-plus-km7,2026-09-22T01:13:29.735900+00:00,
Tecno Spark 40 Pro Plus KM7,KM7,15.1.1.113SP01,OP001PF001AZ,8.11 GB,MT6789,2025-07-17,170725,Tecno_Spark_40_Pro_Plus_KM7_MT6789_15.1.1.113SP01_OP001PF001AZ_170725_MXML.zip,https://naijarom.com/tecno-spark-40-pro-plus-km7,2026-09-22T01:13:29.735946+00:00,
Tecno Spark 40 Pro Plus KM7,KM7,15.1.1.121SP05,RU001PF001AZ,7.49 GB,MT6789,2025-09-12,120925,Tecno_Spark_40_Pro_Plus_KM7_MT6789_15.1.1.121SP05_RU001PF001AZ_120925_MXML.zip,https://naijarom.com/tecno-spark-40-pro-plus-km7,2026-09-22T01:13:29.735963+00:00,
Tecno Spark 40 Pro Plus KM7,KM7,15.1.1.121SP05,OP001PF001AZ,8.24 GB,MT6789,2025-09-12,120925,Tecno_Spark_40_Pro_Plus_KM7_MT6789_15.1.1.121SP05_OP001PF001AZ_120925_MXML.zip,https://naijarom.com/tecno-spark-40-pro-plus-km7,2026-09-22T01:13:29.735987+00:00,
Tecno Spark 40 Pro Plus KM7,KM7,15.1.2.128SP01,OP001PF001AZ,8.30 GB,MT6789,2025-10-10,101025,Tecno_Spark_40_Pro_Plus_KM7_MT6789_15.1.2.128SP01_OP001PF001AZ_101025_MXML.zip,https://naijarom.com/tecno-spark-40-pro-plus-km7,2026-09-22T01:13:29.736003+00:00,
Tecno Spark 40 Pro Plus KM7,KM7,15.1.2.128SP01,RU001PF001AZ,7.55 GB,MT6789,2025-10-10,251010,Tecno_Spark_40_Pro_Plus_KM7_MT6789_15.1.2.128SP01_RU001PF001AZ_251010_MXML.zip,https://naijarom.com/tecno-spark-40-pro-plus-km7,2026-09-22T01:13:29.736018+00:00,
Tecno Spark 40 Pro Plus KM7,KM7,15.1.2.145SP01,OPPJ001PF001PJ,8.38 GB,MT6789,2025-12-11,111225,Tecno_Spark_40_Pro_Plus_KM7_MT6789_15.1.2.145SP01_OPPJ001PF001PJ_111225_MXML.zip,https://naijarom.com/tecno-spark-40-pro-plus-km7,2026-09-22T01:13:29.736033+00:00,
Tecno Spark 40 Pro Plus KM7,KM7,15.1.2.145SP10,OP001PF001AZ,8.38 GB,,2026-01-14,140126,Tecno_Spark_40_Pro_Plus_KM7_15.1.2.145SP10_OP001PF001AZ_140126_MXML.zip,https://naijarom.com/tecno-spark-40-pro-plus-km7,2026-09-22T01:13:29.736051+00:00,
Tecno Spark 40 Pro Plus KM7,KM7,15.1.2.145SP11,RU001PF001AZ,7.56 GB,MT6789,2026-01-19,190126,Tecno_Spark_40_Pro_Plus_KM7_MT6789_15.1.2.145SP11_RU001PF001AZ_190126_MXML.zip,https://naijarom.com/tecno-spark-40-pro-plus-km7,2026-09-22T01:13:29.736069+00:00,
Tecno Spark 40 Pro Plus KM7,KM7,15.1.2.165SP05,OP001PF001AZ,8.44 GB,MT6789,2026-03-25,250326,Tecno_Spark_40_Pro_Plus_KM7_MT6789_15.1.2.165SP05_OP001PF001AZ_250326_MXML.zip,https://naijarom.com/tecno-spark-40-pro-plus-km7,2026-09-22T01:13:29.736087+00:00,
Tecno Spark 40C KM4K,KM4K,15.1.1.106SP30,,5.39 GB,MT6768,,,Tecno_Spark_40C_KM4K_MT6768_15.1.1.106SP30_OP001PF001AZ_030725.zip,https://naijarom.com/tecno-spark-40c-km4k,2026-09-22T01:13:34.806462+00:00,
Tecno Spark 40C KM4K,KM4K,15.1.1.111SP01,,4.71 GB,MT6768,,,Tecno_Spark_40C_KM4K_MT6768_15.1.1.111SP01_RU001PF001AZ_110725.zip,https://naijarom.com/tecno-spark-40c-km4k,2026-09-22T01:13:34.806537+00:00,
Tecno Spark 40C KM4K,KM4K,15.1.2.126SP03,,4.77 GB,MT6768,,,Tecno_Spark_40C_KM4K_MT6768_15.1.2.126SP03_RU001PF001AZ_251010.zip,https://naijarom.com/tecno-spark-40c-km4k,2026-09-22T01:13:34.806597+00:00,
Tecno Spark 40C KM4K,MT6768,15.1.2.165,,5.7 GB,MT6768,,,Tecno_Spark_40C_KM4k_MT6768_15.1.2.165_OP001PF001AZ_260311.zip,https://naijarom.com/tecno-spark-40c-km4k,2026-09-22T01:13:34.806655+00:00,
Tecno Spark 40C KM4K,KM4K,15.1.2.185,,4.92 GB,MT6768,,,Tecno_Spark_40C_KM4K_MT6768_15.1.2.185_RU001PF001AZ_260715.zip,https://naijarom.com/tecno-spark-40c-km4k,2026-09-22T01:13:34.806709+00:00,
Tecno Spark 50 KN4n,MT6768,16.2.0.140SP05,,7.41 GB,MT6768,,,Tecno_Spark_50_KN4n_MT6768_16.2.0.140SP05_OP004PF001AZ_260525.zip,https://naijarom.com/tecno-spark-50-kn4n,2026-09-22T01:13:39.897963+00:00,
Tecno Spark 50 KN4n,MT6768,16.2.0.140SP11,,6.28 GB,MT6768,,,Tecno_Spark_50_KN4n_MT6768_16.2.0.140SP11_RU005PF001AZ.zip,https://naijarom.com/tecno-spark-50-kn4n,2026-09-22T01:13:39.898019+00:00,
Tecno Spark 50 KN4n,MT6768,16.2.0.145SP06,,6.39 GB,MT6768,,,Tecno_Spark_50_KN4n_MT6768_16.2.0.145SP06_RU006PF001AZ.zip,https://naijarom.com/tecno-spark-50-kn4n,2026-09-22T01:13:39.898041+00:00,
Tecno Spark 50 KN4n,MT6768,16.2.0.130SP09,,7.41 GB,MT6768,,,Tecno_Spark_50_KN4n_MT6768_16.2.0.130SP09_OP009PF001AZ.zip,https://naijarom.com/tecno-spark-50-kn4n,2026-09-22T01:13:39.898078+00:00,
Tecno Spark 50 4G KN4,KN4,16.2.0.145SP06,,7.58 GB,MT6768,,,Tecno_Spark_50_4G_KN4_MT6768_16.2.0.145SP06_OPPJ005PF001PJ.zip,https://naijarom.com/tecno-spark-50-4g-kn4,2026-09-22T01:13:44.616813+00:00,
Tecno Spark 50 4G KN4,KN4,16.2.0.130SP09,,6.44 GB,MT6768,,,Tecno_Spark_50_4G_KN4_MT6768_16.2.0.130SP09_GTTG008PF001AZ.zip,https://naijarom.com/tecno-spark-50-4g-kn4,2026-09-22T01:13:44.616929+00:00,
Tecno Spark 50 4G KN4,KN4,16.2.0.140SP05,,7.43 GB,MT6768,,,Tecno_Spark_50_4G_KN4_MT6768_16.2.0.140SP05_OP004PF001AZ.zip,https://naijarom.com/tecno-spark-50-4g-kn4,2026-09-22T01:13:44.616955+00:00,
Tecno Spark 50 5G KN8,KN8,16.2.0.110SP23,TR001PF001AZ,8.19 GB,MT6835,2026-01-01,010126,Tecno_Spark_50_5G_KN8_MT6835_16.2.0.110SP23_TR001PF001AZ_010126_MXML.zip,https://naijarom.com/tecno-spark-50-5g-kn8,2026-09-22T01:13:49.915186+00:00,
Tecno Spark 50 5G KN8,KN8,16.2.0.110SP27,OP001PF001AZ,9.13 GB,MT6835,2026-01-01,010126,Tecno_Spark_50_5G_KN8_MT6835_16.2.0.110SP27_OP001PF001AZ_010126_MXML.zip,https://naijarom.com/tecno-spark-50-5g-kn8,2026-09-22T01:13:49.915220+00:00,
Tecno Spark 50 5G KN8,KN8,16.2.0.110SP27,OPPJ001PF001PJ,9.13 GB,MT6835,2026-01-01,010126,Tecno_Spark_50_5G_KN8_MT6835_16.2.0.110SP27_OPPJ001PF001PJ_010126_MXML.zip,https://naijarom.com/tecno-spark-50-5g-kn8,2026-09-22T01:13:49.915239+00:00,
Tecno Spark 50 5G KN8,KN8,16.2.0.110SP22,OP001PF001AZ,9.13 GB,MT6835,2026-01-01,260101,Tecno_Spark_50_5G_KN8_MT6835_16.2.0.110SP22_OP001PF001AZ_260101_MXML.zip,https://naijarom.com/tecno-spark-50-5g-kn8,2026-09-22T01:13:49.915257+00:00,
Tecno Spark 50 5G KN8,KN8,16.2.0.120SP07,IN001PF001AZ,7.88 GB,MT6835,2026-01-01,010126,Tecno_Spark_50_5G_KN8_MT6835_16.2.0.120SP07_IN001PF001AZ_010126_MXML.zip,https://naijarom.com/tecno-spark-50-5g-kn8,2026-09-22T01:13:49.915273+00:00,
Tecno Spark 50 5G KN8,KN8,16.2.0.120SP07,IN001PF001M1,7.88 GB,MT6835,2026-01-01,010126,Tecno_Spark_50_5G_KN8_MT6835_16.2.0.120SP07_IN001PF001M1_010126_MXML.zip,https://naijarom.com/tecno-spark-50-5g-kn8,2026-09-22T01:13:49.915290+00:00,
Tecno Spark 50 5G KN8,KN8,16.2.0.120SP08,COCL003PF001AZ,7.96 GB,MT6835,2026-01-01,010126,Tecno_Spark_50_5G_KN8_MT6835_16.2.0.120SP08_COCL003PF001AZ_010126_MXML.zip,https://naijarom.com/tecno-spark-50-5g-kn8,2026-09-22T01:13:49.915310+00:00,
Tecno Spark 50 5G KN8,KN8,16.2.0.120SP07,OP001PF001AZ,8.91 GB,MT6835,2026-01-01,260101,Tecno_Spark_50_5G_KN8_MT6835_16.2.0.120SP07_OP001PF001AZ_260101_MXML.zip,https://naijarom.com/tecno-spark-50-5g-kn8,2026-09-22T01:13:49.915326+00:00,
Tecno Spark 50 5G KN8,KN8,16.2.0.140SP05,IN003PF001AZ,7.74 GB,MT6835,2026-01-01,260101,Tecno_Spark_50_5G_KN8_MT6835_16.2.0.140SP05_IN003PF001AZ_260101_MXML.zip,https://naijarom.com/tecno-spark-50-5g-kn8,2026-09-22T01:13:49.915345+00:00,
Tecno Spark 50 5G KN8,KN8,16.2.0.140SP05,IN003PF001M1,7.74 GB,MT6835,2026-01-01,260101,Tecno_Spark_50_5G_KN8_MT6835_16.2.0.140SP05_IN003PF001M1_260101_MXML.zip,https://naijarom.com/tecno-spark-50-5g-kn8,2026-09-22T01:13:49.915361+00:00,
Tecno Spark 50 5G KN8,KN8,16.2.0.145SP01,IN002PF001AZ,7.92 GB,MT6835,2026-06-11,260611,Tecno_Spark_50_5G_KN8_MT6835_16.2.0.145SP01_IN002PF001AZ_260611_MXML.zip,https://naijarom.com/tecno-spark-50-5g-kn8,2026-09-22T01:13:49.915377+00:00,
Tecno Spark 50 5G KN8,KN8,16.2.0.145SP01,IN002PF001M1,7.92 GB,MT6835,2026-06-11,260611,Tecno_Spark_50_5G_KN8_MT6835_16.2.0.145SP01_IN002PF001M1_260611_MXML.zip,https://naijarom.com/tecno-spark-50-5g-kn8,2026-09-22T01:13:49.915393+00:00,
Tecno Spark 50 5G KN8,KN8,16.2.0.145SP01,,8.95 GB,MT6835,,,Tecno_Spark_50_5G_KN8_MT6835_16.2.0.145SP01_OPPJ002PF001PJ_MXML.zip,https://naijarom.com/tecno-spark-50-5g-kn8,2026-09-22T01:13:49.915427+00:00,
Tecno Spark 50 5G KN8,KN8,16.2.0.150SP19,,7.93 GB,MT6835,,,Tecno_Spark_50_5G_KN8_MT6835_16.2.0.150SP19_IN005PF001M1_MXML.zip,https://naijarom.com/tecno-spark-50-5g-kn8,2026-09-22T01:13:49.915476+00:00,
Tecno Spark 50C KN3,KN3,15.1.2.175SP07,IN001PF001AZ,5.63 GB,,2026-06-16,260616,Tecno_Spark_50C_KN3_15.1.2.175SP07_IN001PF001AZ_260616_SPD.zip,https://naijarom.com/tecno-spark-50c-kn3,2026-09-22T01:13:55.147385+00:00,
Tecno Spark 50C KN3,KN3,15.1.2.175SP07,OP001PF001M1,6.80 GB,,2025-06-26,260625,Tecno_Spark_50C_KN3_15.1.2.175SP07_OP001PF001M1_260625_SPD.zip,https://naijarom.com/tecno-spark-50c-kn3,2026-09-22T01:13:55.147430+00:00,
Tecno Spark 50C KN3,KN3,15.1.2.175SP07,OPPJ001PF001PJ,6.80 GB,,2026-06-16,260616,Tecno_Spark_50C_KN3_15.1.2.175SP07_OPPJ001PF001PJ_260616_SPD.zip,https://naijarom.com/tecno-spark-50c-kn3,2026-09-22T01:13:55.147467+00:00,
Tecno Spark 50C KN3,KN3,15.1.2.175SP07,TR001PF001AZ,5.77 GB,,2026-06-18,260618,Tecno_Spark_50C_KN3_15.1.2.175SP07_TR001PF001AZ_260618_SPD.zip,https://naijarom.com/tecno-spark-50c-kn3,2026-09-22T01:13:55.147502+00:00,
Tecno Spark 50C KN3,KN3,15.1.2.185SP08,IN001PF001AZ,5.63 GB,,2026-08-07,260807,Tecno_Spark_50C_KN3_15.1.2.185SP08_IN001PF001AZ_260807_SPD.zip,https://naijarom.com/tecno-spark-50c-kn3,2026-09-22T01:13:55.147540+00:00,
Tecno Spark K7,K7,V180,,1.5 GB,MT6580,2024-01-18,180124,Tecno_Spark_K7_MT6580_V180_180124.zip,https://naijarom.com/tecno-spark-k7,2026-09-22T01:14:00.267936+00:00,
Tecno Spark CM,,,,,,,,,https://naijarom.com/tecno-spark-cm,2026-09-22T01:14:05.478390+00:00,no firmware versions found on page
Tecno Spark CM KA9,KA9,,,,,,,,https://naijarom.com/tecno-spark-cm-ka9,2026-09-22T01:14:10.612271+00:00,no firmware versions found on page
Tecno Spark Go 1 KL4,KL4,,,,,,,,https://naijarom.com/tecno-spark-go-1-kl4,2026-09-22T01:14:15.691160+00:00,no firmware versions found on page
Tecno Spark Go 1 KL4S,KL4S,,,,,,,,https://naijarom.com/tecno-spark-go-1-kl4s,2026-09-22T01:14:20.710182+00:00,no firmware versions found on page
Tecno Spark Go 2 KM4,KM4,15.1.0.105SP09,OP001PL001M1,4.80 GB,,2025-05-12,120525,Tecno_Spark_Go_2_KM4_15.1.0.105SP09_OP001PL001M1_120525_SPD.zip,https://naijarom.com/tecno-spark-go-2-km4,2026-09-22T01:14:26.974181+00:00,
Tecno Spark Go 2 KM4,KM4,15.1.0.113SP02,OP001PL001M1,4.80 GB,,2025-06-12,120625,Tecno_Spark_Go_2_KM4_15.1.0.113SP02_OP001PL001M1_120625_SPD.zip,https://naijarom.com/tecno-spark-go-2-km4,2026-09-22T01:14:26.974211+00:00,
Tecno Spark Go 2 KM4,KM4,15.1.0.113SP09,OP001PL001M1,4.80 GB,,2025-06-22,220625,Tecno_Spark_Go_2_KM4_15.1.0.113SP09_OP001PL001M1_220625_SPD.zip,https://naijarom.com/tecno-spark-go-2-km4,2026-09-22T01:14:26.974229+00:00,
Tecno Spark Go 2 KM4,KM4,15.1.2.129SP02,RU001PL001AZ,4.57 GB,,2025-11-05,251105,Tecno_Spark_Go_2_KM4_15.1.2.129SP02_RU001PL001AZ_251105_SPD.zip,https://naijarom.com/tecno-spark-go-2-km4,2026-09-22T01:14:26.974246+00:00,
Tecno Spark Go 2 KM4,KM4,15.1.2.129SP02,IN001PL001AZ,4.69 GB,,2025-11-05,051125,Tecno_Spark_Go_2_KM4_15.1.2.129SP02_IN001PL001AZ_051125_SPD.zip,https://naijarom.com/tecno-spark-go-2-km4,2026-09-22T01:14:26.974274+00:00,
Tecno Spark Go 2 KM4,KM4,15.1.2.129SP02,OP001PL001AZ,4.87 GB,,2025-11-05,051125,Tecno_Spark_Go_2_KM4_15.1.2.129SP02_OP001PL001AZ_051125_SPD.zip,https://naijarom.com/tecno-spark-go-2-km4,2026-09-22T01:14:26.974302+00:00,
Tecno Spark Go 2 KM4,KM4,15.1.2.145SP01,IN001PL001AZ,4.79 GB,,2026-01-05,260105,Tecno_Spark_Go_2_KM4_15.1.2.145SP01_IN001PL001AZ_260105_SPD.zip,https://naijarom.com/tecno-spark-go-2-km4,2026-09-22T01:14:26.974331+00:00,
Tecno Spark Go 2 KM4,KM4,15.1.0.153SP01,RU001PL001AZ,4.80 GB,,2025-09-01,010925,Tecno_Spark_GO_2_KM4_15.1.0.153SP01_RU001PL001AZ_010925_SPD.zip,https://naijarom.com/tecno-spark-go-2-km4,2026-09-22T01:14:26.974351+00:00,
Tecno Spark Go 2 KM4,KM4,15.1.0.153SP01,IN001PL001AZ,4.68 GB,,2025-09-01,250901,Tecno_Spark_Go_2_KM4_15.1.0.153SP01_IN001PL001AZ_250901_SPD.zip,https://naijarom.com/tecno-spark-go-2-km4,2026-09-22T01:14:26.974366+00:00,
Tecno Spark Go 2 KM4,KM4,15.1.2.165,RU001PL001AZ,4.72 GB,,2026-03-31,260331,Tecno_Spark_GO_2_KM4_15.1.2.165_RU001PL001AZ_260331_SPD.zip,https://naijarom.com/tecno-spark-go-2-km4,2026-09-22T01:14:26.974382+00:00,
Tecno Spark Go 2 KM4,KM4,15.1.2.165SP11,IN001PL001AZ,4.79 GB,,2026-05-07,260507,Tecno_Spark_GO_2_KM4_15.1.2.165SP11_IN001PL001AZ_260507_SPD.zip,https://naijarom.com/tecno-spark-go-2-km4,2026-09-22T01:14:26.974400+00:00,
Tecno Spark Go 2S KM4,KM4,15.1.0.105SP09,OP001PL001M1,4.80 GB,,2025-05-12,120525,Tecno_Spark_Go_2S_KM4_15.1.0.105SP09_OP001PL001M1_120525_SPD.zip,https://naijarom.com/tecno-spark-go-2s-km4,2026-09-22T01:14:32.921069+00:00,
Tecno Spark Go 2S KM4,KM4,15.1.0.113SP02,OP001PL001M1,4.80 GB,,2025-06-12,120625,Tecno_Spark_Go_2S_KM4_15.1.0.113SP02_OP001PL001M1_120625_SPD.zip,https://naijarom.com/tecno-spark-go-2s-km4,2026-09-22T01:14:32.921100+00:00,
Tecno Spark Go 2S KM4,KM4,15.1.0.113SP09,OP001PL001M1,4.80 GB,,2025-06-22,220625,Tecno_Spark_Go_2S_KM4_15.1.0.113SP09_OP001PL001M1_220625_SPD.zip,https://naijarom.com/tecno-spark-go-2s-km4,2026-09-22T01:14:32.921120+00:00,
Tecno Spark Go 2S KM4,KM4,15.1.2.145SP01,IN001PL001AZ,4.79 GB,,2026-01-05,260105,Tecno_Spark_Go_2S_KM4_15.1.2.145SP01_IN001PL001AZ_260105_SPD.zip,https://naijarom.com/tecno-spark-go-2s-km4,2026-09-22T01:14:32.921137+00:00,
Tecno Spark Go 2S KM4,KM4,15.1.2.165,RU001PL001AZ,4.72 GB,,2026-03-31,260331,Tecno_Spark_Go_2S_KM4_15.1.2.165_RU001PL001AZ_260331_SPD.zip,https://naijarom.com/tecno-spark-go-2s-km4,2026-09-22T01:14:32.921153+00:00,
Tecno Spark Go 2S KM4,KM4,15.1.2.165SP11,IN001PL001AZ,4.79 GB,,2026-05-07,260507,Tecno_Spark_Go_2S_KM4_15.1.2.165SP11_IN001PL001AZ_260507_SPD.zip,https://naijarom.com/tecno-spark-go-2s-km4,2026-09-22T01:14:32.921170+00:00,
Tecno Spark Go 3 KN3,KN3,15.1.2.175SP07,IN001PF001AZ,5.63 GB,,2026-06-16,260616,Tecno_Spark_Go_3_KN3_15.1.2.175SP07_IN001PF001AZ_260616_SPD.zip,https://naijarom.com/tecno-spark-go-3-kn3,2026-09-22T01:14:37.974568+00:00,
Tecno Spark Go 3 KN3,KN3,15.1.2.175SP07,IN001PF001M1,5.63 GB,,2026-06-16,260616,Tecno_Spark_Go_3_KN3_15.1.2.175SP07_IN001PF001M1_260616_SPD.zip,https://naijarom.com/tecno-spark-go-3-kn3,2026-09-22T01:14:37.974622+00:00,
Tecno Spark Go 3 KN3,KN3,15.1.2.175SP07,OP001PF001AZ,6.80 GB,,2026-06-16,260616,Tecno_Spark_Go_3_KN3_15.1.2.175SP07_OP001PF001AZ_260616_SPD.zip,https://naijarom.com/tecno-spark-go-3-kn3,2026-09-22T01:14:37.974671+00:00,
Tecno Spark Go 3 KN3,KN3,15.1.2.170SP08,RU001PF001AZ,6.80 GB,,2021-05-26,260521,Tecno_Spark_Go_3_KN3_15.1.2.170SP08_RU001PF001AZ_260521_SPD.zip,https://naijarom.com/tecno-spark-go-3-kn3,2026-09-22T01:14:37.974708+00:00,
Tecno Spark Go 3 KN3,KN3,15.1.2.175SP07,OP001PF001M1,6.80 GB,,2025-06-26,260625,Tecno_Spark_Go_3_KN3_15.1.2.175SP07_OP001PF001M1_260625_SPD.zip,https://naijarom.com/tecno-spark-go-3-kn3,2026-09-22T01:14:37.974743+00:00,
Tecno Spark Go 3 KN3,KN3,15.1.2.175SP07,OPPJ001PF001PJ,6.80 GB,,2026-06-16,260616,Tecno_Spark_Go_3_KN3_15.1.2.175SP07_OPPJ001PF001PJ_260616_SPD.zip,https://naijarom.com/tecno-spark-go-3-kn3,2026-09-22T01:14:37.974778+00:00,
Tecno Spark Go 3 KN3,KN3,15.1.2.175SP07,TR001PF001AZ,5.77 GB,,2026-06-18,260618,Tecno_Spark_Go_3_KN3_15.1.2.175SP07_TR001PF001AZ_260618_SPD.zip,https://naijarom.com/tecno-spark-go-3-kn3,2026-09-22T01:14:37.974816+00:00,
Tecno Spark Go 3 KN3,KN3,15.1.2.185SP08,IN001PF001AZ,5.63 GB,,2026-08-07,260807,Tecno_Spark_Go_3_KN3_15.1.2.185SP08_IN001PF001AZ_260807_SPD.zip,https://naijarom.com/tecno-spark-go-3-kn3,2026-09-22T01:14:37.974850+00:00,
Tecno Spark Go 5G KM8,KM8,15.1.2.125SP08,IN001PF001AZ,5.99 GB,MT6835,2025-10-10,101025,Tecno_Spark_Go_5G_KM8_MT6835_15.1.2.125SP08_IN001PF001AZ_101025_MXML.zip,https://naijarom.com/tecno-spark-go-5g-km8,2026-09-22T01:14:42.880048+00:00,
Tecno Spark Go 5G KM8,KM8,15.1.2.145SP02,IN001PF001AZ,5.93 GB,MT6835,2024-12-25,251224,Tecno_Spark_Go_5G_KM8_MT6835_15.1.2.145SP02_IN001PF001AZ_251224_MXML.zip,https://naijarom.com/tecno-spark-go-5g-km8,2026-09-22T01:14:42.880088+00:00,
Tecno Spark Go 5G KM8,KM8,15.1.2.165SP05,IN001PF001AZ,5.91 GB,MT6835,2026-03-24,240326,Tecno_Spark_Go_5G_KM8_MT6835_15.1.2.165SP05_IN001PF001AZ_240326_MXML.zip,https://naijarom.com/tecno-spark-go-5g-km8,2026-09-22T01:14:42.880124+00:00,
Tecno Spark Go 5G KM8,KM8,15.1.2.180SP05,IN001PF001AZ,6.11 GB,MT6835,2026-06-18,260618,Tecno_Spark_Go_5G_KM8_MT6835_15.1.2.180SP05_IN001PF001AZ_260618_MXML.zip,https://naijarom.com/tecno-spark-go-5g-km8,2026-09-22T01:14:42.880154+00:00,
Tecno Spark Go 2020 KE5,KE5,V042,,1.57 GB,MT6761,2021-01-12,210112,Tecno_Spark_Go_2020_KE5_MT6761_V042_210112.zip,https://naijarom.com/tecno-spark-go-2020-ke5,2026-09-22T01:14:48.947382+00:00,
Tecno Spark Go 2020 KE5,KE5,V051,,1.57 GB,MT6761,2022-02-16,220216,Tecno_Spark_Go_2020_KE5_MT6761_V051_220216.zip,https://naijarom.com/tecno-spark-go-2020-ke5,2026-09-22T01:14:48.947413+00:00,
Tecno Spark Go 2020 KE5,KE5,V108,,1.5 GB,MT6761,2020-08-14,200814,Tecno_Spark_Go_2020_KE5_MT6761_V108_200814.zip,https://naijarom.com/tecno-spark-go-2020-ke5,2026-09-22T01:14:48.947449+00:00,
Tecno Spark Go 2020 KE5,KE5,V145,,1.7 GB,MT6761,2020-09-16,200916,Tecno_Spark_Go_2020_KE5_MT6761_V145_200916.zip,https://naijarom.com/tecno-spark-go-2020-ke5,2026-09-22T01:14:48.947466+00:00,
Tecno Spark Go 2020 KE5,KE5,V195,,1.7 GB,MT6761,2020-11-17,201117,Tecno_Spark_Go_2020_KE5_MT6761_V195_201117.zip,https://naijarom.com/tecno-spark-go-2020-ke5,2026-09-22T01:14:48.947483+00:00,
Tecno Spark Go 2020 KE5,KE5,V215,,1.7 GB,MT6761,2020-12-16,201216,Tecno_Spark_Go_2020_KE5_MT6761_V215_201216.zip,https://naijarom.com/tecno-spark-go-2020-ke5,2026-09-22T01:14:48.947499+00:00,
Tecno Spark Go 2020 KE5,KE5,V243,,1.7 GB,MT6761,2028-01-21,210128,Tecno_Spark_Go_2020_KE5_MT6761_V243_210128.zip,https://naijarom.com/tecno-spark-go-2020-ke5,2026-09-22T01:14:48.947514+00:00,
Tecno Spark Go 2020 KE5,KE5,V284,,1.7 GB,MT6761,2021-04-13,210413,Tecno_Spark_Go_2020_KE5_MT6761_V284_210413.zip,https://naijarom.com/tecno-spark-go-2020-ke5,2026-09-22T01:14:48.947530+00:00,
Tecno Spark Go 2020 KE5,KE5,V300,,1.7 GB,MT6761,2021-05-08,210508,Tecno_Spark_Go_2020_KE5_MT6761_V300_210508.zip,https://naijarom.com/tecno-spark-go-2020-ke5,2026-09-22T01:14:48.947546+00:00,
Tecno Spark Go 2020 KE5,KE5,V301,,1.76 GB,MT6761,2021-05-31,210531,Tecno_Spark_Go_2020_KE5_MT6761_V301_210531.zip,https://naijarom.com/tecno-spark-go-2020-ke5,2026-09-22T01:14:48.947562+00:00,
Tecno Spark Go 2020 KE5,KE5,V347,,1.76 GB,MT6761,2021-11-10,211110,Tecno_Spark_Go_2020_KE5_MT6761_V347_211110.zip,https://naijarom.com/tecno-spark-go-2020-ke5,2026-09-22T01:14:48.947578+00:00,
Tecno Spark Go 2020 KE5,KE5,V425,,1.78 GB,MT6761,2022-09-16,220916,Tecno_Spark_Go_2020_KE5_MT6761_V425_220916.zip,https://naijarom.com/tecno-spark-go-2020-ke5,2026-09-22T01:14:48.947599+00:00,
Tecno Spark Go 2020 KE5,KE5,V426,,1.77 GB,MT6761,2021-10-14,211014,Tecno_Spark_Go_2020_KE5_MT6761_V426_211014.zip,https://naijarom.com/tecno-spark-go-2020-ke5,2026-09-22T01:14:48.947614+00:00,
Tecno Spark Go 2020 KE5,KE5,V429,,1.77 GB,MT6761,2022-11-08,221108,Tecno_Spark_Go_2020_KE5_KE5_MT6761_V429_221108.zip,https://naijarom.com/tecno-spark-go-2020-ke5,2026-09-22T01:14:48.947633+00:00,
Tecno Spark Go 2020 KE5,KE5,V452,,1.81 GB,MT6761,2027-06-23,230627,Tecno_Spark_Go_2020_KE5_MT6761_V452_230627.zip,https://naijarom.com/tecno-spark-go-2020-ke5,2026-09-22T01:14:48.947661+00:00,
Tecno Spark Go 2020 KE5,KE5,V490,,1.77 GB,MT6761,2022-02-16,220216,Tecno_Spark_Go_2020_KE5_MT6761_V490_220216.zip,https://naijarom.com/tecno-spark-go-2020-ke5,2026-09-22T01:14:48.947677+00:00,
Tecno Spark Go 2020 KE5,KE5,V541,,1.71 GB,MT6761,2022-06-16,220616,Tecno_Spark_Go_2020_KE5_MT6761_V541_220616.zip,https://naijarom.com/tecno-spark-go-2020-ke5,2026-09-22T01:14:48.947695+00:00,
Tecno Spark Go 2020 KE5S,KE5S,V035,,1.6 GB,MT6761,2020-12-03,201203,Tecno_Spark_Go_2020_KE5S_MT6761_V035_201203.zip,https://naijarom.com/tecno-spark-go-2020-ke5s,2026-09-22T01:14:53.987789+00:00,
Tecno Spark Go 2020 KE5S,KE5S,V046,,1.6 GB,MT6761,2021-04-08,210408,Tecno_Spark_Go_2020_KE5S_MT6761_V046_210408.zip,https://naijarom.com/tecno-spark-go-2020-ke5s,2026-09-22T01:14:53.987841+00:00,
Tecno Spark Go 2022 KG5,KG5,,,,,,,,https://naijarom.com/tecno-spark-go-2022-kg5,2026-09-22T01:14:59.296058+00:00,no firmware versions found on page
Tecno Spark Go 2022 KG5H,KG5H,V320,,4.19 GB,MT6761,2022-03-03,220303,Tecno_Spark_Go_2022_KG5H_MT6761_V320_220303.zip,https://naijarom.com/tecno-spark-go-2022-kg5h,2026-09-22T01:15:05.184197+00:00,
Tecno Spark Go 2022 KG5H,KG5H,V343,,2.07 GB,MT6761,2022-06-01,220601,Tecno_Spark_Go_2022_KG5H_MT6761_V343_220601.zip,https://naijarom.com/tecno-spark-go-2022-kg5h,2026-09-22T01:15:05.184247+00:00,
Tecno Spark Go 2022 KG5H,KG5H,V356,,2.08 GB,MT6761,2020-08-22,220820,Tecno_Spark_Go_2022_KG5H_MT6761_V356_220820.zip,https://naijarom.com/tecno-spark-go-2022-kg5h,2026-09-22T01:15:05.184288+00:00,
Tecno Spark Go 2022 KG5H,KG5H,V362,,2.09 GB,MT6761,2022-09-19,220919,Tecno_Spark_Go_2022_KG5H_MT6761_V362_220919.zip,https://naijarom.com/tecno-spark-go-2022-kg5h,2026-09-22T01:15:05.184327+00:00,
Tecno Spark Go 2022 KG5H,KG5H,V365,,2.09 GB,MT6761,2022-11-04,221104,Tecno_Spark_Go_2022_KG5H_MT6761_V365_221104.zip,https://naijarom.com/tecno-spark-go-2022-kg5h,2026-09-22T01:15:05.184366+00:00,
Tecno Spark Go 2022 KG5H,KG5H,V388,,2.08 GB,MT6761,2023-03-09,230309,Tecno_Spark_Go_2022_KG5H_MT6761_V388_230309.zip,https://naijarom.com/tecno-spark-go-2022-kg5h,2026-09-22T01:15:05.184422+00:00,
Tecno Spark Go 2022 KG5H,KG5H,V390,,2.08 GB,MT6761,2026-04-23,230426,Tecno_Spark_Go_2022_KG5H_MT6761_V390_230426.zip,https://naijarom.com/tecno-spark-go-2022-kg5h,2026-09-22T01:15:05.184461+00:00,
Tecno Spark Go 2022 KG5H,KG5H,V400,,2.08 GB,MT6761,2023-07-06,230706,Tecno_Spark_Go_2022_KG5H_MT6761_V400_230706.zip,https://naijarom.com/tecno-spark-go-2022-kg5h,2026-09-22T01:15:05.184504+00:00,
Tecno Spark Go 2022 KG5H,KG5H,V402,,2.10 GB,MT6761,2023-09-01,230901,Tecno_Spark_Go_2022_KG5H_MT6761_V402_230901.zip,https://naijarom.com/tecno-spark-go-2022-kg5h,2026-09-22T01:15:05.184542+00:00,
Tecno Spark Go 2022 KG5H,KG5H,V413,,2.10 GB,MT6761,2023-11-02,231102,Tecno_Spark_Go_2022_KG5H_MT6761_V413_231102.zip,https://naijarom.com/tecno-spark-go-2022-kg5h,2026-09-22T01:15:05.184580+00:00,
Tecno Spark Go 2023 BF7,BF7,V178,,3 GB,MT6761,2022-10-09,221009,Tecno_Spark_Go_2023_BF7_MT6761_V178_221009.zip,https://naijarom.com/tecno-spark-go-2023-bf7,2026-09-22T01:15:10.914955+00:00,
Tecno Spark Go 2023 BF7,BF7,V813,,2.81 GB,MT6761,2025-03-14,250314,Tecno_Spark_Go_2023_BF7_MT6761_V813_250314.zip,https://naijarom.com/tecno-spark-go-2023-bf7,2026-09-22T01:15:10.915019+00:00,
Tecno Spark Go 2023 BF7,BF7,V1824,,2.94 GB,MT6761,2020-10-23,231020,Tecno_Spark_Go_2023_BF7_MT6761_V1824_231020.zip,https://naijarom.com/tecno-spark-go-2023-bf7,2026-09-22T01:15:10.915040+00:00,
Tecno Spark Go 2023 BF7,BF7,V2173,,3 GB,MT6761,2024-03-11,240311,Tecno_Spark_Go_2023_BF7_MT6761_V2173_240311.zip,https://naijarom.com/tecno-spark-go-2023-bf7,2026-09-22T01:15:10.915057+00:00,
Tecno Spark Go 2023 BF7,BF7,V2262,,3 GB,MT6761,2024-05-10,240510,Tecno_Spark_Go_2023_BF7_MT6761_V2262_240510.zip,https://naijarom.com/tecno-spark-go-2023-bf7,2026-09-22T01:15:10.915096+00:00,
Tecno Spark Go 2023 BF7,BF7,V2315,,3 GB,MT6761,2024-07-03,240703,Tecno_Spark_Go_2023_BF7_MT6761_V2315_240703.zip,https://naijarom.com/tecno-spark-go-2023-bf7,2026-09-22T01:15:10.915123+00:00,
Tecno Spark Go 2023 BF7,BF7,V2335,,3 GB,MT6761,2024-08-16,240816,Tecno_Spark_Go_2023_BF7_MT6761_V2335_240816.zip,https://naijarom.com/tecno-spark-go-2023-bf7,2026-09-22T01:15:10.915143+00:00,
Tecno Spark Go 2023 BF7,BF7,V2347,,3 GB,MT6761,2024-10-11,241011,Tecno_Spark_Go_2023_BF7_MT6761_V2347_241011.zip,https://naijarom.com/tecno-spark-go-2023-bf7,2026-09-22T01:15:10.915181+00:00,
Tecno Spark Go 2023 BF7,BF7,V2366,,3 GB,MT6761,2024-12-09,241209,Tecno_Spark_Go_2023_BF7_MT6761_V2366_241209.zip,https://naijarom.com/tecno-spark-go-2023-bf7,2026-09-22T01:15:10.915211+00:00,
Tecno Spark Go 2023 BF7N,BF7N,V171,,2.59 GB,MT6761,2022-12-03,221203,Tecno_Spark_Go_2023_BF7N_MT6761_V171_221203.zip,https://naijarom.com/tecno-spark-go-2023-bf7n,2026-09-22T01:15:16.534192+00:00,
Tecno Spark Go 2023 BF7N,BF7N,V953,,3.12 GB,MT6761,2021-03-23,230321,Tecno_Spark_Go_2023_BF7N_MT6761_V953_230321.zip,https://naijarom.com/tecno-spark-go-2023-bf7n,2026-09-22T01:15:16.534287+00:00,
Tecno Spark Go 2023 BF7N,BF7N,V1955,,3.21 GB,MT6761,2023-08-09,230809,Tecno_Spark_Go_2023_BF7N_MT6761_V1955_230809.zip,https://naijarom.com/tecno-spark-go-2023-bf7n,2026-09-22T01:15:16.534368+00:00,
Tecno Spark Go 2024 BG6M,BG6M,,,,,,,,https://naijarom.com/tecno-spark-go-2024-bg6m,2026-09-22T01:15:23.031035+00:00,no firmware versions found on page
Tecno Spark Go 2024 BG6S,BG6S,,,,,,,,https://naijarom.com/tecno-spark-go-2024-bg6s,2026-09-22T01:15:28.052591+00:00,no firmware versions found on page
Tecno Spark Go KC1,KC1,V165,,2 GB,MT6761,,190731,Tecno_Spark_Go_KC1_MT6761_V165_190731.zip,https://naijarom.com/tecno-spark-go-kc1,2026-09-22T01:15:33.083568+00:00,
Tecno Spark Go KC1,KC1,V205,,2 GB,MT6761,,190912,Tecno_Spark_Go_KC1_MT6761_V205_190912.zip,https://naijarom.com/tecno-spark-go-kc1,2026-09-22T01:15:33.083600+00:00,
Tecno Spark Go KC1,KC1,V226,,2 GB,MT6761,,191010,Tecno_Spark_Go_KC1_MT6761_V226_191010.zip,https://naijarom.com/tecno-spark-go-kc1,2026-09-22T01:15:33.083620+00:00,
Tecno Spark Go KC1,KC1,V264,,2 GB,MT6761,,191119,Tecno_Spark_Go_KC1_MT6761_V264_191119.zip,https://naijarom.com/tecno-spark-go-kc1,2026-09-22T01:15:33.083643+00:00,
Tecno Spark Go KC1,KC1,V455,,2 GB,MT6761,2022-09-20,200922,Tecno_Spark_Go_KC1_MT6761_V455_200922.zip,https://naijarom.com/tecno-spark-go-kc1,2026-09-22T01:15:33.083666+00:00,
Tecno Spark Go KC1,KC1,V459,,2 GB,MT6761,2021-10-20,201021,Tecno_Spark_Go_KC1_MT6761_V459_201021.zip,https://naijarom.com/tecno-spark-go-kc1,2026-09-22T01:15:33.083684+00:00,
Tecno Spark Go KC1,KC1,V480,,1.65 GB,MT6761,2021-01-05,210105,Tecno_Spark_Go_KC1_MT6761_V480_210105.zip,https://naijarom.com/tecno-spark-go-kc1,2026-09-22T01:15:33.083701+00:00,
Tecno Spark Go KC1,KC1,V520,,1.65 GB,MT6761,2021-05-13,210513,Tecno_Spark_Go_KC1_MT6761_V520_210513.zip,https://naijarom.com/tecno-spark-go-kc1,2026-09-22T01:15:33.083717+00:00,
Tecno Spark Go KC1H,KC1H,V195,,988 MB,MT6761,,191008,Tecno_Spark_Go_KC1H_MT6761_V195_191008.zip,https://naijarom.com/tecno-spark-go-kc1h,2026-09-22T01:15:37.973307+00:00,
Tecno Spark Go KE5,KE5,V051,,1.57 GB,MT6761,2022-02-16,220216,Tecno_Spark_Go_KE5_MT6761_V051_220216.zip,https://naijarom.com/tecno-spark-go-ke5,2026-09-22T01:15:42.597892+00:00,
Tecno Spark Go KE5,KE5,V347,,1.47 GB,MT6761,2021-11-10,211110,Tecno_Spark_Go_KE5_MT6761_V347_211110.zip,https://naijarom.com/tecno-spark-go-ke5,2026-09-22T01:15:42.597960+00:00,
Tecno Spark Go KE5,KE5,V425,,1.78 GB,MT6761,2022-09-16,220916,Tecno_Spark_Go_KE5_MT6761_V425_220916.zip,https://naijarom.com/tecno-spark-go-ke5,2026-09-22T01:15:42.597980+00:00,
Tecno Spark Go KE5,KE5,V426,,1.77 GB,MT6761,2021-10-14,211014,Tecno_Spark_Go_KE5_MT6761_V426_211014.zip,https://naijarom.com/tecno-spark-go-ke5,2026-09-22T01:15:42.598023+00:00,
Tecno Spark Go KE5,KE5,V429,,1.78 GB,MT6761,2022-11-08,221108,Tecno_Spark_Go_KE5_MT6761_V429_221108.zip,https://naijarom.com/tecno-spark-go-ke5,2026-09-22T01:15:42.598055+00:00,
Tecno Spark Go KE5,KE5,V453,,1.77 GB,MT6761,2030-11-21,211130,Tecno_Spark_Go_KE5_MT6761_V453_211130.zip,https://naijarom.com/tecno-spark-go-ke5,2026-09-22T01:15:42.598072+00:00,
Tecno Spark Go KE5,KE5,V490,,1.77 GB,MT6761,2022-02-16,220216,Tecno_Spark_Go_KE5_MT6761_V490_220216.zip,https://naijarom.com/tecno-spark-go-ke5,2026-09-22T01:15:42.598088+00:00,
Tecno Spark Go KE5,KE5,V517,,1.78 GB,MT6761,2022-04-13,220413,Tecno_Spark_Go_KE5_MT6761_V517_220413.zip,https://naijarom.com/tecno-spark-go-ke5,2026-09-22T01:15:42.598121+00:00,
Tecno Spark Go KL4,KL4,,,,,,,,https://naijarom.com/tecno-spark-go-kl4,2026-09-22T01:15:47.722351+00:00,no firmware versions found on page
Tecno Spark Go Plus BB4K,BB4K,,,,,,,,https://naijarom.com/tecno-spark-go-plus-bb4k,2026-09-22T01:15:53.643221+00:00,no firmware versions found on page
Tecno Spark Plus K9,K9,,,,,,,,https://naijarom.com/tecno-spark-plus-k9,2026-09-22T01:15:59.093096+00:00,no firmware versions found on page
Tecno Spark Power 2 LC8,LC8,V283,,2.3 GB,MT6765,2025-05-20,200525,Tecno_Spark_Power_2_LC8_MT6765_V283_200525.zip,https://naijarom.com/tecno-spark-power-2-lc8,2026-09-22T01:16:04.247573+00:00,
Tecno Spark Power 2 LC8,LC8,V290,,2.3 GB,MT6765,2020-07-02,200702,Tecno_Spark_Power_2_LC8_MT6765_V290_200702.zip,https://naijarom.com/tecno-spark-power-2-lc8,2026-09-22T01:16:04.247623+00:00,
Tecno Spark Power 2 LC8,LC8,V298,,2.3 GB,MT6765,2020-08-20,200820,Tecno_Spark_Power_2_LC8_MT6765_V298_200820.zip,https://naijarom.com/tecno-spark-power-2-lc8,2026-09-22T01:16:04.247667+00:00,
Tecno Spark Power 2 LC8,LC8,V305,,2.3 GB,MT6765,2022-09-20,200922,Tecno_Spark_Power_2_LC8_MT6765_V305_200922.zip,https://naijarom.com/tecno-spark-power-2-lc8,2026-09-22T01:16:04.247710+00:00,
Tecno Spark Power 2 LC8,LC8,V310,,2.3 GB,MT6765,2028-10-20,201028,Tecno_Spark_Power_2_LC8_MT6765_V310_201028.zip,https://naijarom.com/tecno-spark-power-2-lc8,2026-09-22T01:16:04.247749+00:00,
Tecno Spark Power 2 LC8,LC8,V316,,2.4 GB,MT6765,2020-12-18,201218,Tecno_Spark_Power_2_LC8_MT6765_V316_201218.zip,https://naijarom.com/tecno-spark-power-2-lc8,2026-09-22T01:16:04.247789+00:00,
Tecno Spark Power 2 LC8,LC8,V321,,2.3 GB,MT6765,2027-01-21,210127,Tecno_Spark_Power_2_LC8_MT6765_V321_210127.zip,https://naijarom.com/tecno-spark-power-2-lc8,2026-09-22T01:16:04.247831+00:00,
Tecno Spark Power 2 LC8,LC8,V327,,2.3 GB,MT6765,2021-04-16,210416,Tecno_Spark_Power_2_LC8_MT6765_V327_210416.zip,https://naijarom.com/tecno-spark-power-2-lc8,2026-09-22T01:16:04.247880+00:00,
Tecno Spark Power 2 LC8,LC8,V331,,2.3 GB,MT6765,2021-06-08,210608,Tecno_Spark_Power_2_LC8_MT6765_V331_210608.zip,https://naijarom.com/tecno-spark-power-2-lc8,2026-09-22T01:16:04.247926+00:00,
Tecno Spark Power 2 LC8,LC8,V345,,2.30 GB,MT6765,2022-02-15,220215,Tecno_Spark_Power_2_LC8_MT6765_V345_220215.zip,https://naijarom.com/tecno-spark-power-2-lc8,2026-09-22T01:16:04.247945+00:00,
Tecno Spark Power 2 LC8,LC8,V350,,2.30 GB,MT6765,2022-04-02,220402,Tecno_Spark_Power_2_LC8_MT6765_V350_220402.zip,https://naijarom.com/tecno-spark-power-2-lc8,2026-09-22T01:16:04.247962+00:00,
Tecno Spark Power LB8A,LB8A,V198,,2 GB,MT6765,2021-01-05,210105,Tecno_Spark_Power_LB8A_MT6765_V198_210105.zip,https://naijarom.com/tecno-spark-power-lb8a,2026-09-22T01:16:09.139939+00:00,
Tecno Spark Power LB8A,LB8A,V204,,2.04 GB,MT6765,2021-05-13,210513,Tecno_Spark_Power_LB8A_MT6765_V204_210513.zip,https://naijarom.com/tecno-spark-power-lb8a,2026-09-22T01:16:09.140004+00:00,
Tecno Spark Power LB8A,LB8A,V211,,2.04 GB,MT6765,2021-07-01,210701,Tecno_Spark_Power_LB8A_MT6765_V211_210701.zip,https://naijarom.com/tecno-spark-power-lb8a,2026-09-22T01:16:09.140064+00:00,
Tecno Spark Pro K8,K8,7.0,,1 GB,MT6735M,,12292017,Tecno_Spark_Pro_K8_MT6735M_12292017_7.0.zip,https://naijarom.com/tecno-spark-pro-k8,2026-09-22T01:16:14.447655+00:00,
Tecno Spark Pro K8,K8,V108,,1 GB,MT6737M,,180205,Tecno_Spark_Pro_K8_MT6737M_V108_180205.zip,https://naijarom.com/tecno-spark-pro-k8,2026-09-22T01:16:14.447711+00:00,
Tecno Spark Slim KM7K,KM7K,15.1.2.107SP02,OP001PF001AZ,8.15 GB,MT6789,2025-07-28,280725,Tecno_Spark_Slim_KM7K_MT6789_15.1.2.107SP02_OP001PF001AZ_280725_MXML.zip,https://naijarom.com/tecno-spark-slim-km7k,2026-09-22T01:16:20.329161+00:00,
Tecno Spark Slim KM7K,KM7K,15.1.2.113SP05,OP001PF001AZ,8.15 GB,MT6789,2025-09-03,030925,Tecno_Spark_Slim_KM7K_MT6789_15.1.2.113SP05_OP001PF001AZ_030925_MXML.zip,https://naijarom.com/tecno-spark-slim-km7k,2026-09-22T01:16:20.329191+00:00,
Tecno Spark Slim KM7K,KM7K,15.1.2.113SP05,RU001PF001AZ,7.33 GB,MT6789,2025-09-03,250903,Tecno_Spark_Slim_KM7K_MT6789_15.1.2.113SP05_RU001PF001AZ_250903_MXML.zip,https://naijarom.com/tecno-spark-slim-km7k,2026-09-22T01:16:20.329209+00:00,
Tecno Spark Slim KM7K,KM7K,15.1.2.113SP16,OP001PF001AZ,8.16 GB,MT6789,2025-09-12,120925,Tecno_Spark_Slim_KM7K_MT6789_15.1.2.113SP16_OP001PF001AZ_120925_MXML.zip,https://naijarom.com/tecno-spark-slim-km7k,2026-09-22T01:16:20.329225+00:00,
Tecno Spark Slim KM7K,KM7K,15.1.2.126SP01,OPPJ001PF001PJ,8.23 GB,MT6789,2025-10-10,101025,Tecno_Spark_Slim_KM7K_MT6789_15.1.2.126SP01_OPPJ001PF001PJ_101025_MXML.zip,https://naijarom.com/tecno-spark-slim-km7k,2026-09-22T01:16:20.329241+00:00,
Tecno Spark Slim KM7K,KM7K,15.1.2.126SP01,RU001PF001AZ,7.34 GB,MT6789,2025-10-10,101025,Tecno_Spark_Slim_KM7K_MT6789_15.1.2.126SP01_RU001PF001AZ_101025_MXML.zip,https://naijarom.com/tecno-spark-slim-km7k,2026-09-22T01:16:20.329256+00:00,
Tecno Spark Slim KM7K,KM7K,15.1.2.126SP01,TR001PF001AZ,7.53 GB,MT6789,2025-10-10,101025,Tecno_Spark_Slim_KM7K_MT6789_15.1.2.126SP01_TR001PF001AZ_101025_MXML.zip,https://naijarom.com/tecno-spark-slim-km7k,2026-09-22T01:16:20.329271+00:00,
Tecno Spark Slim KM7K,KM7K,15.1.2.145SP01,OPPJ001PF001PJ,8.25 GB,MT6789,2025-12-10,101225,Tecno_Spark_Slim_KM7K_MT6789_15.1.2.145SP01_OPPJ001PF001PJ_101225_MXML.zip,https://naijarom.com/tecno-spark-slim-km7k,2026-09-22T01:16:20.329289+00:00,
Tecno Spark Slim KM7K,KM7K,15.1.2.145SP10,OPPJ001PF001PJ,8.25 GB,,2026-01-15,150126,Tecno_Spark_Slim_KM7K_15.1.2.145SP10_OPPJ001PF001PJ_150126_MXML.zip,https://naijarom.com/tecno-spark-slim-km7k,2026-09-22T01:16:20.329308+00:00,
Tecno T1,T1,,,,,,,,https://naijarom.com/tecno-t1,2026-09-22T01:16:25.514325+00:00,no firmware versions found on page
Tecno T20,T20,,,,,,,,https://naijarom.com/tecno-t20,2026-09-22T01:16:30.835513+00:00,no firmware versions found on page
Tecno T33,T33,,,,,,,,https://naijarom.com/tecno-t33,2026-09-22T01:16:35.610711+00:00,no firmware versions found on page
Tecno T36,T36,,,,,,,,https://naijarom.com/tecno-t36,2026-09-22T01:16:40.262390+00:00,no firmware versions found on page
Tecno T101,T101,,,,,,,,https://naijarom.com/tecno-t101,2026-09-22T01:16:45.637423+00:00,no firmware versions found on page
Tecno T201,T201,,,,,,,,https://naijarom.com/tecno-t201,2026-09-22T01:16:50.854354+00:00,no firmware versions found on page
Tecno T209,T209,,,,,,,,https://naijarom.com/tecno-t209,2026-09-22T01:16:55.769289+00:00,no firmware versions found on page
Tecno T210,T210,,,,,,,,https://naijarom.com/tecno-t210,2026-09-22T01:17:00.957904+00:00,no firmware versions found on page
Tecno T277,T277,,,,,,,,https://naijarom.com/tecno-t277,2026-09-22T01:17:05.898310+00:00,no firmware versions found on page
Tecno T301,T301,,,,,,,,https://naijarom.com/tecno-t301,2026-09-22T01:17:10.501417+00:00,no firmware versions found on page
Tecno T302,T302,,,,,,,,https://naijarom.com/tecno-t302,2026-09-22T01:17:15.251858+00:00,no firmware versions found on page
Tecno T310,T310,,,,,,,,https://naijarom.com/tecno-t310,2026-09-22T01:17:20.824729+00:00,no firmware versions found on page
Tecno T310S,T310S,,,,,,,,https://naijarom.com/tecno-t310s,2026-09-22T01:17:25.169227+00:00,no firmware versions found on page
Tecno T311S,T311S,,,,,,,,https://naijarom.com/tecno-t311s,2026-09-22T01:17:31.223007+00:00,no firmware versions found on page
Tecno T312,T312,,,,,,,,https://naijarom.com/tecno-t312,2026-09-22T01:17:37.169469+00:00,no firmware versions found on page
Tecno T313,T313,,,,,,,,https://naijarom.com/tecno-t313,2026-09-22T01:17:43.318337+00:00,no firmware versions found on page
Tecno T315,T315,,,,,,,,https://naijarom.com/tecno-t315,2026-09-22T01:17:48.495779+00:00,no firmware versions found on page
Tecno T331,T331,,,,,,,,https://naijarom.com/tecno-t331,2026-09-22T01:17:53.490594+00:00,no firmware versions found on page
Tecno T333,T333,,,,,,,,https://naijarom.com/tecno-t333,2026-09-22T01:17:58.155166+00:00,no firmware versions found on page
Tecno T340,T340,,,,,,,,https://naijarom.com/tecno-t340,2026-09-22T01:18:04.212121+00:00,no firmware versions found on page
Tecno T341,T341,,,,,,,,https://naijarom.com/tecno-t341,2026-09-22T01:18:09.268035+00:00,no firmware versions found on page
Tecno T342,T342,,,,,,,,https://naijarom.com/tecno-t342,2026-09-22T01:18:14.343460+00:00,no firmware versions found on page
Tecno T343,T343,,,,,,,,https://naijarom.com/tecno-t343,2026-09-22T01:18:20.057580+00:00,no firmware versions found on page
Tecno T343 Plus,T343,,,,,,,,https://naijarom.com/tecno-t343-plus,2026-09-22T01:18:24.704310+00:00,no firmware versions found on page
Tecno T345,T345,,,,,,,,https://naijarom.com/tecno-t345,2026-09-22T01:18:29.703073+00:00,no firmware versions found on page
Tecno T347,T347,,,,,,,,https://naijarom.com/tecno-t347,2026-09-22T01:18:34.493061+00:00,no firmware versions found on page
Tecno T348,T348,,,,,,,,https://naijarom.com/tecno-t348,2026-09-22T01:18:39.284259+00:00,no firmware versions found on page
Tecno T349,T349,,,,,,,,https://naijarom.com/tecno-t349,2026-09-22T01:18:44.479692+00:00,no firmware versions found on page
Tecno T349D,T349D,,,,,,,,https://naijarom.com/tecno-t349d,2026-09-22T01:18:51.558376+00:00,no firmware versions found on page
Tecno T350,T350,,,,,,,,https://naijarom.com/tecno-t350,2026-09-22T01:18:56.485283+00:00,no firmware versions found on page
Tecno T351,T351,,,,,,,,https://naijarom.com/tecno-t351,2026-09-22T01:19:01.994755+00:00,no firmware versions found on page
Tecno T352,T352,,,,,,,,https://naijarom.com/tecno-t352,2026-09-22T01:19:06.881527+00:00,no firmware versions found on page
Tecno T353,T353,,,,,,,,https://naijarom.com/tecno-t353,2026-09-22T01:19:11.958975+00:00,no firmware versions found on page
Tecno T363,T363,,,,,,,,https://naijarom.com/tecno-t363,2026-09-22T01:19:17.053323+00:00,no firmware versions found on page
Tecno T371,T371,,,,,,,,https://naijarom.com/tecno-t371,2026-09-22T01:19:22.103976+00:00,no firmware versions found on page
Tecno T372,T372,,,,,,,,https://naijarom.com/tecno-t372,2026-09-22T01:19:26.778775+00:00,no firmware versions found on page
Tecno T372N,T372N,,,,,,,,https://naijarom.com/tecno-t372n,2026-09-22T01:19:31.890289+00:00,no firmware versions found on page
Tecno T380,T380,,,,,,,,https://naijarom.com/tecno-t380,2026-09-22T01:19:36.886169+00:00,no firmware versions found on page
Tecno T381,T381,,,,,,,,https://naijarom.com/tecno-t381,2026-09-22T01:19:41.841893+00:00,no firmware versions found on page
Tecno T401,T401,,,,,,,,https://naijarom.com/tecno-t401,2026-09-22T01:19:46.839973+00:00,no firmware versions found on page
Tecno T402,T402,,,,,,,,https://naijarom.com/tecno-t402,2026-09-22T01:19:51.577116+00:00,no firmware versions found on page
Tecno T410,T410,,,,,,,,https://naijarom.com/tecno-t410,2026-09-22T01:19:56.163778+00:00,no firmware versions found on page
Tecno T420,T420,,,,,,,,https://naijarom.com/tecno-t420,2026-09-22T01:20:01.243196+00:00,no firmware versions found on page
Tecno T421,T421,,,,,,,,https://naijarom.com/tecno-t421,2026-09-22T01:20:06.398504+00:00,no firmware versions found on page
Tecno T430,T430,,,,,,,,https://naijarom.com/tecno-t430,2026-09-22T01:20:11.226122+00:00,no firmware versions found on page
Tecno T431,T431,,,,,,,,https://naijarom.com/tecno-t431,2026-09-22T01:20:17.729985+00:00,no firmware versions found on page
Tecno T432,T432,,,,,,,,https://naijarom.com/tecno-t432,2026-09-22T01:20:23.282493+00:00,no firmware versions found on page
Tecno T453,T453,,,,,,,,https://naijarom.com/tecno-t453,2026-09-22T01:20:28.928433+00:00,no firmware versions found on page
Tecno T454,T454,,,,,,,,https://naijarom.com/tecno-t454,2026-09-22T01:20:34.213795+00:00,no firmware versions found on page
Tecno T455,T455,,,,,,,,https://naijarom.com/tecno-t455,2026-09-22T01:20:39.634373+00:00,no firmware versions found on page
Tecno T462,T462,,,,,,,,https://naijarom.com/tecno-t462,2026-09-22T01:20:44.904816+00:00,no firmware versions found on page
Tecno T464,T464,,,,,,,,https://naijarom.com/tecno-t464,2026-09-22T01:20:50.837982+00:00,no firmware versions found on page
Tecno T465,T465,,,,,,,,https://naijarom.com/tecno-t465,2026-09-22T01:20:57.236827+00:00,no firmware versions found on page
Tecno T466,T466,,,,,,,,https://naijarom.com/tecno-t466,2026-09-22T01:21:02.678947+00:00,no firmware versions found on page
Tecno T467,T467,,,,,,,,https://naijarom.com/tecno-t467,2026-09-22T01:21:07.696392+00:00,no firmware versions found on page
Tecno T470,T470,,,,,,,,https://naijarom.com/tecno-t470,2026-09-22T01:21:12.756582+00:00,no firmware versions found on page
Tecno T472,T472,,,,,,,,https://naijarom.com/tecno-t472,2026-09-22T01:21:17.866252+00:00,no firmware versions found on page
Tecno T473,T473,,,,,,,,https://naijarom.com/tecno-t473,2026-09-22T01:21:22.593348+00:00,no firmware versions found on page
Tecno T474,T474,,,,,,,,https://naijarom.com/tecno-t474,2026-09-22T01:21:27.613789+00:00,no firmware versions found on page
Tecno T475,T475,,,,,,,,https://naijarom.com/tecno-t475,2026-09-22T01:21:33.157300+00:00,no firmware versions found on page
Tecno T483,T483,,,,,,,,https://naijarom.com/tecno-t483,2026-09-22T01:21:38.326034+00:00,no firmware versions found on page
Tecno T484,T484,,,,,,,,https://naijarom.com/tecno-t484,2026-09-22T01:21:42.159604+00:00,no firmware versions found on page
Tecno T485,T485,,,,,,,,https://naijarom.com/tecno-t485,2026-09-22T01:21:46.887053+00:00,no firmware versions found on page
Tecno T501,T501,,,,,,,,https://naijarom.com/tecno-t501,2026-09-22T01:21:52.314389+00:00,no firmware versions found on page
Tecno T506,T506,,,,,,,,https://naijarom.com/tecno-t506,2026-09-22T01:21:57.727800+00:00,no firmware versions found on page
Tecno T511,T511,,,,,,,,https://naijarom.com/tecno-t511,2026-09-22T01:22:01.681501+00:00,no firmware versions found on page
Tecno T526,T526,,,,,,,,https://naijarom.com/tecno-t526,2026-09-22T01:22:05.813842+00:00,no firmware versions found on page
Tecno T528,T528,,,,,,,,https://naijarom.com/tecno-t528,2026-09-22T01:22:11.508126+00:00,no firmware versions found on page
Tecno T529,T529,,,,,,,,https://naijarom.com/tecno-t529,2026-09-22T01:22:16.442468+00:00,no firmware versions found on page
Tecno T535,T535,,,,,,,,https://naijarom.com/tecno-t535,2026-09-22T01:22:21.614933+00:00,no firmware versions found on page
Tecno T545,T545,,,,,,,,https://naijarom.com/tecno-t545,2026-09-22T01:22:26.140728+00:00,no firmware versions found on page
Tecno T560,T560,,,,,,,,https://naijarom.com/tecno-t560,2026-09-22T01:22:30.757770+00:00,no firmware versions found on page
Tecno T605,T605,,,,,,,,https://naijarom.com/tecno-t605,2026-09-22T01:22:35.730580+00:00,no firmware versions found on page
Tecno T608,T608,,,,,,,,https://naijarom.com/tecno-t608,2026-09-22T01:22:40.573637+00:00,no firmware versions found on page
Tecno T609,T609,,,,,,,,https://naijarom.com/tecno-t609,2026-09-22T01:22:45.861492+00:00,no firmware versions found on page
Tecno T611s,,,,,,,,,https://naijarom.com/tecno-t611s,2026-09-22T01:22:50.900683+00:00,no firmware versions found on page
Tecno T630,T630,,,,,,,,https://naijarom.com/tecno-t630,2026-09-22T01:22:57.762070+00:00,no firmware versions found on page
Tecno T630S,T630S,,,,,,,,https://naijarom.com/tecno-t630s,2026-09-22T01:23:02.780674+00:00,no firmware versions found on page
Tecno T631,T631,,,,,,,,https://naijarom.com/tecno-t631,2026-09-22T01:23:07.203915+00:00,no firmware versions found on page
Tecno T632S,T632S,,,,,,,,https://naijarom.com/tecno-t632s,2026-09-22T01:23:12.419288+00:00,no firmware versions found on page
Tecno T635,T635,,,,,,,,https://naijarom.com/tecno-t635,2026-09-22T01:23:17.557729+00:00,no firmware versions found on page
Tecno T660,T660,,,,,,,,https://naijarom.com/tecno-t660,2026-09-22T01:23:22.712112+00:00,no firmware versions found on page
Tecno T662,T662,,,,,,,,https://naijarom.com/tecno-t662,2026-09-22T01:23:27.878016+00:00,no firmware versions found on page
Tecno T663,T663,,,,,,,,https://naijarom.com/tecno-t663,2026-09-22T01:23:32.868486+00:00,no firmware versions found on page
Tecno T700,T700,,,,,,,,https://naijarom.com/tecno-t700,2026-09-22T01:23:38.020645+00:00,no firmware versions found on page
Tecno T733,T733,,,,,,,,https://naijarom.com/tecno-t733,2026-09-22T01:23:43.350981+00:00,no firmware versions found on page
Tecno T818,T818,6.1,,742 MB,MT6735,,01282016,Tecno_T818_MT6735_01282016_6.1.zip,https://naijarom.com/tecno-t818,2026-09-22T01:23:48.313887+00:00,
Tecno T902,T902,,,,,,,,https://naijarom.com/tecno-t902,2026-09-22T01:23:53.378684+00:00,no firmware versions found on page
Tecno T920,T920,,,,,,,,https://naijarom.com/tecno-t920,2026-09-22T01:23:58.515408+00:00,no firmware versions found on page
Tecno T920D,T920D,,,,,,,,https://naijarom.com/tecno-t920d,2026-09-22T01:24:03.697123+00:00,no firmware versions found on page
Tecno Tab 4G P704A,P704A,V086,,3.13 GB,MT6739,2028-05-21,210528,Tecno_Tab_4G_P704A_MT6739_V086_210528.zip,https://naijarom.com/tecno-tab-4g-p704a,2026-09-22T01:24:08.832688+00:00,
Tecno TR109C,TR109C,,,,,,,,https://naijarom.com/tecno-tr109c,2026-09-22T01:24:13.891704+00:00,no firmware versions found on page
Tecno TR109D,TR109D,,,,,,,,https://naijarom.com/tecno-tr109d,2026-09-22T01:24:19.063646+00:00,no firmware versions found on page
Tecno W1,W1,,,,,,,,https://naijarom.com/tecno-w1,2026-09-22T01:24:23.969882+00:00,no firmware versions found on page
Tecno W2,W2,,,,,,,,https://naijarom.com/tecno-w2,2026-09-22T01:24:28.870906+00:00,no firmware versions found on page
Tecno W3,W3,,,,,,,,https://naijarom.com/tecno-w3,2026-09-22T01:24:33.730822+00:00,no firmware versions found on page
Tecno W3 LTE,W3,,,,,,,,https://naijarom.com/tecno-w3-lte,2026-09-22T01:24:38.815298+00:00,no firmware versions found on page
Tecno W3 Plus,W3,,,,,,,,https://naijarom.com/tecno-w3-plus,2026-09-22T01:24:43.998749+00:00,no firmware versions found on page
Tecno W3 Pro,W3,V207,,1.54 GB,MT6580,2020-12-18,181220,Tecno_W3_Pro_MT6580_V207_181220.zip,https://naijarom.com/tecno-w3-pro,2026-09-22T01:24:49.126894+00:00,
Tecno W4,W4,,,,,,,,https://naijarom.com/tecno-w4,2026-09-22T01:24:53.209369+00:00,no firmware versions found on page
Tecno W5,W5,,,,,,,,https://naijarom.com/tecno-w5,2026-09-22T01:24:58.036102+00:00,no firmware versions found on page
Tecno W5 Lite,W5,,,,,,,,https://naijarom.com/tecno-w5-lite,2026-09-22T01:25:02.934703+00:00,no firmware versions found on page
Tecno WinPad 2,,,,,,,,,https://naijarom.com/tecno-winpad-2,2026-09-22T01:25:07.671244+00:00,no firmware versions found on page
Tecno WinPad 10A,,,,,,,,,https://naijarom.com/tecno-winpad-10a,2026-09-22T01:25:12.936774+00:00,no firmware versions found on page
Tecno WX3,WX3,V110,,1.49 GB,MT6580,2030-08-17,170830,Tecno_WX3_MT6580_V110_170830.zip,https://naijarom.com/tecno-wx3,2026-09-22T01:25:17.684998+00:00,
Tecno WX3 LTE,WX3,,,,,,,,https://naijarom.com/tecno-wx3-lte,2026-09-22T01:25:22.901234+00:00,no firmware versions found on page
Tecno WX3 Pro,WX3,,,,,,,,https://naijarom.com/tecno-wx3-pro,2026-09-22T01:25:28.005839+00:00,no firmware versions found on page
Tecno WX3F LTE,WX3F,,,,,,,,https://naijarom.com/tecno-wx3f-lte,2026-09-22T01:25:32.746040+00:00,no firmware versions found on page
Tecno WX3P,WX3P,V142,,1 GB,MT6580,2029-08-17,170829,Tecno_WX3P_MT6580_V142_170829.zip,https://naijarom.com/tecno-wx3p,2026-09-22T01:25:37.877808+00:00,
Tecno WX4,WX4,,,,,,,,https://naijarom.com/tecno-wx4,2026-09-22T01:25:43.406832+00:00,no firmware versions found on page
Tecno WX4 Pro,WX4,V114,,1.67 GB,MT6737M,,181217,Tecno_WX4_Pro_MT6737M_V114_181217.zip,https://naijarom.com/tecno-wx4-pro,2026-09-22T01:25:48.671424+00:00,
Tecno WX4 Pro,WX4,V131,,1.92 GB,MT6737M,2023-10-18,181023,Tecno_WX4_Pro_MT6737M_V131_181023.zip,https://naijarom.com/tecno-wx4-pro,2026-09-22T01:25:48.671476+00:00,
Tecno WX4 Pro S,WX4,,,,,,,,https://naijarom.com/tecno-wx4-pro-s,2026-09-22T01:25:55.734318+00:00,no firmware versions found on page
Tecno Y2,Y2,,,,,,,,https://naijarom.com/tecno-y2,2026-09-22T01:26:02.849857+00:00,no firmware versions found on page
Tecno Y3,Y3,4.4,,718 MB,MT6572,2015-04-01,20150401,Tecno_Y3_MT6572_20150401_4.4.zip,https://naijarom.com/tecno-y3,2026-09-22T01:26:07.518032+00:00,
Tecno Y3 Plus,Y3,,,,,,,,https://naijarom.com/tecno-y3-plus,2026-09-22T01:26:12.860377+00:00,no firmware versions found on page
Tecno Y3S,Y3S,,,,,,,,https://naijarom.com/tecno-y3s,2026-09-22T01:26:18.057082+00:00,no firmware versions found on page
Tecno Y3S Plus,Y3S,,,,,,,,https://naijarom.com/tecno-y3s-plus,2026-09-22T01:26:23.156896+00:00,no firmware versions found on page
Tecno Y4,Y4,,,,,,,,https://naijarom.com/tecno-y4,2026-09-22T01:26:27.877128+00:00,no firmware versions found on page
Tecno Y5,Y5,4.4,,749 MB,MT6572,2015-05-04,20150504,Tecno_Y5_MT6572_20150504_4.4.zip,https://naijarom.com/tecno-y5,2026-09-22T01:26:33.024560+00:00,
Tecno Y5S,Y5S,,,,,,,,https://naijarom.com/tecno-y5s,2026-09-22T01:26:39.074465+00:00,no firmware versions found on page
Tecno Y6,Y6,4.4,,790 MB,MT6572,2015-09-15,20150915,Tecno_Y6_MT6572_20150915_4.4.zip,https://naijarom.com/tecno-y6,2026-09-22T01:26:43.785128+00:00,
