filename,device_name,model_code,build,market,chipset,brand,file_size,date_token,source_url,capture
Tecno_7C_MT6582_20150430_5.1.zip,Tecno 7C,7C,5.1,SOURCE_UNSPECIFIED,MT6582,TECNO,1 GB,20150430,https://naijarom.com/tecno-7c,pc-fw
Tecno_7C_Pro_MT6582_20150430_5.1.zip,Tecno 7C Pro,,5.1,SOURCE_UNSPECIFIED,MT6582,TECNO,1 GB,20150430,https://naijarom.com/tecno-7c-pro,pc-fw
Tecno_8H_MT6582_20150507_5.0.zip,Tecno 8H,8H,5.0,SOURCE_UNSPECIFIED,MT6582,TECNO,1 GB,20150507,https://naijarom.com/tecno-8h,pc-fw
Tecno_A6_MT6755_V116_161216.zip,Tecno A6,A6,V116,SOURCE_UNSPECIFIED,MT6755,TECNO,2 GB,161216,https://naijarom.com/tecno-a6,pc-fw
Tecno_A6_MT6755_V121_170103.zip,Tecno A6,A6,V121,SOURCE_UNSPECIFIED,MT6755,TECNO,2 GB,170103,https://naijarom.com/tecno-a6,pc-fw
Tecno_A6_MT6755_V138_180905.zip,Tecno A6,A6,V138,SOURCE_UNSPECIFIED,MT6755,TECNO,2 GB,180905,https://naijarom.com/tecno-a6,pc-fw
Tecno_AD9_MT6983_V1775_221025.zip,Tecno AD9,AD9,V1775,SOURCE_UNSPECIFIED,MT6983,TECNO,5 GB,221025,https://naijarom.com/tecno-ad9,pc-fw
Tecno_AD9_MT6983_V3642_230717.zip,Tecno AD9,AD9,V3642,SOURCE_UNSPECIFIED,MT6983,TECNO,5.79 GB,230717,https://naijarom.com/tecno-ad9,pc-fw
Tecno_B1P_MT6580_V148_190323.zip,Tecno B1P,B1P,V148,SOURCE_UNSPECIFIED,MT6580,TECNO,869 MB,190323,https://naijarom.com/tecno-b1p,pc-fw
Tecno_B1P_MT6580_V158_190323.zip,Tecno B1P,B1P,V158,SOURCE_UNSPECIFIED,MT6580,TECNO,869 MB,190323,https://naijarom.com/tecno-b1p,pc-fw
Tecno_BC1_MT6580_V019_220920.zip,Tecno BC1,BC1,V019,SOURCE_UNSPECIFIED,MT6580,TECNO,1.9 GB,220920,https://naijarom.com/tecno-bc1,pc-fw
Tecno_BF7_MT6761_V185_221009.zip,Tecno BF7,BF7,V185,SOURCE_UNSPECIFIED,MT6761,TECNO,3 GB,221009,https://naijarom.com/tecno-bf7,pc-fw
Tecno_Camon_11_CB7_MT6761_V169_190308.zip,Tecno Camon 11 CB7,CB7,V169,SOURCE_UNSPECIFIED,MT6761,TECNO,2 GB,190308,https://naijarom.com/tecno-camon-11-cb7,pc-fw
Tecno_Camon_11_CF7_MT6739_V154_190107.zip,Tecno Camon 11 CF7,CF7,V154,SOURCE_UNSPECIFIED,MT6739,TECNO,2 GB,190107,https://naijarom.com/tecno-camon-11-cf7,pc-fw
Tecno_Camon_11_CF7_MT6739_V170_190107.zip,Tecno Camon 11 CF7,CF7,V170,SOURCE_UNSPECIFIED,MT6739,TECNO,2 GB,190107,https://naijarom.com/tecno-camon-11-cf7,pc-fw
Tecno_Camon_11_CF7_MT6739_V250_200901.zip,Tecno Camon 11 CF7,CF7,V250,SOURCE_UNSPECIFIED,MT6739,TECNO,1.53 GB,200901,https://naijarom.com/tecno-camon-11-cf7,pc-fw
Tecno_Camon_11_CF7K_MT6761_V112_201103.zip,Tecno Camon 11 CF7K,CF7K,V112,SOURCE_UNSPECIFIED,MT6761,TECNO,1.81 GB,201103,https://naijarom.com/tecno-camon-11-cf7k,pc-fw
Tecno_Camon_11_CF7K_MT6761_V332_201103.zip,Tecno Camon 11 CF7K,CF7K,V332,SOURCE_UNSPECIFIED,MT6761,TECNO,1.81 GB,201103,https://naijarom.com/tecno-camon-11-cf7k,pc-fw
Tecno_Camon_11_CF7S_MT6739_V103_190929.zip,Tecno Camon 11 CF7S,CF7S,V103,SOURCE_UNSPECIFIED,MT6739,TECNO,1.54 GB,190929,https://naijarom.com/tecno-camon-11-cf7s,pc-fw
Tecno_Camon_11_Pro_CF8_MT6765_V150_181114.zip,Tecno Camon 11 Pro CF8,CF8,V150,SOURCE_UNSPECIFIED,MT6765,TECNO,2 GB,181114,https://naijarom.com/tecno-camon-11-pro-cf8,pc-fw
Tecno_Camon_11S_CB7_MT6761_V169_190308.zip,Tecno Camon 11S CB7,CB7,V169,SOURCE_UNSPECIFIED,MT6761,TECNO,1.53 GB,190308,https://naijarom.com/tecno-camon-11s-cb7,pc-fw
Tecno_Camon_12_CC7_MT6765_V230_191216.zip,Tecno Camon 12 CC7,CC7,V230,SOURCE_UNSPECIFIED,MT6765,TECNO,2 GB,191216,https://naijarom.com/tecno-camon-12-cc7,pc-fw
Tecno_Camon_12_CC7_MT6765_V427_210719.zip,Tecno Camon 12 CC7,CC7,V427,SOURCE_UNSPECIFIED,MT6765,TECNO,2.14 GB,210719,https://naijarom.com/tecno-camon-12-cc7,pc-fw
Tecno_CC9_MT6765_V274_200106.zip,Tecno Camon 12 Pro CC9,CC9,V274,SOURCE_UNSPECIFIED,MT6765,TECNO,2 GB,200106,https://naijarom.com/tecno-cc9,pc-fw
Tecno_CC9_MT6765_V389_201031.zip,Tecno Camon 12 Pro CC9,CC9,V389,SOURCE_UNSPECIFIED,MT6765,TECNO,2.26 GB,201031,https://naijarom.com/tecno-cc9,pc-fw
Tecno_CC9_MT6765_V437_210224.zip,Tecno Camon 12 Pro CC9,CC9,V437,SOURCE_UNSPECIFIED,MT6765,TECNO,2.26 GB,210224,https://naijarom.com/tecno-cc9,pc-fw
Tecno_CC9_MT6765_V465_210513.zip,Tecno Camon 12 Pro CC9,CC9,V465,SOURCE_UNSPECIFIED,MT6765,TECNO,2.26 GB,210513,https://naijarom.com/tecno-cc9,pc-fw
Tecno_CC9_MT6765_V471_210701.zip,Tecno Camon 12 Pro CC9,CC9,V471,SOURCE_UNSPECIFIED,MT6765,TECNO,2.26 GB,210701,https://naijarom.com/tecno-cc9,pc-fw
Tecno_Camon_15_CD7_MT6765_V163_211229.zip,Tecno Camon 15 CD7,CD7,V163,SOURCE_UNSPECIFIED,MT6765,TECNO,2.19 GB,211229,https://naijarom.com/tecno-camon-15-cd7,pc-fw
Tecno_CD7_MT6765_V359_200102.zip,Tecno Camon 15 CD7,CD7,V359,SOURCE_UNSPECIFIED,MT6765,TECNO,2 GB,200102,https://naijarom.com/tecno-camon-15-cd7,pc-fw
Tecno_Camon_15_CD7_MT6765_V565_200922.zip,Tecno Camon 15 CD7,CD7,V565,SOURCE_UNSPECIFIED,MT6765,TECNO,2 GB,200922,https://naijarom.com/tecno-camon-15-cd7,pc-fw
Tecno_Camon_15_CD7_MT6765_V601_201218.zip,Tecno Camon 15 CD7,CD7,V601,SOURCE_UNSPECIFIED,MT6765,TECNO,2.3 GB,201218,https://naijarom.com/tecno-camon-15-cd7,pc-fw
Tecno_Camon_15_CD7_MT6765_V787_211201.zip,Tecno Camon 15 CD7,CD7,V787,SOURCE_UNSPECIFIED,MT6765,TECNO,2.26 GB,211201,https://naijarom.com/tecno-camon-15-cd7,pc-fw
Tecno_Camon_15_Air_CD6_MT6765_V302_210706.zip,Tecno Camon 15 Air CD6,CD6,V302,SOURCE_UNSPECIFIED,MT6765,TECNO,2.24 GB,210706,https://naijarom.com/tecno-camon-15-air-cd6,pc-fw
Tecno_Camon_15_Air_CD6_MT6765_V316_220314.zip,Tecno Camon 15 Air CD6,CD6,V316,SOURCE_UNSPECIFIED,MT6765,TECNO,2.24 GB,220314,https://naijarom.com/tecno-camon-15-air-cd6,pc-fw
Tecno_Camon_15_Premier_CD8J_MT6765_V173_200624.zip,Tecno Camon 15 Premier CD8J,CD8J,V173,SOURCE_UNSPECIFIED,MT6765,TECNO,2.29 GB,200624,https://naijarom.com/tecno-camon-15-premier-cd8j,pc-fw
Tecno_Camon_15_Premier_CD8J_MT6765_V178_201029.zip,Tecno Camon 15 Premier CD8J,CD8J,V178,SOURCE_UNSPECIFIED,MT6765,TECNO,2.33 GB,201029,https://naijarom.com/tecno-camon-15-premier-cd8j,pc-fw
Tecno_Camon_15_Premier_CD8J_MT6765_V199_210313.zip,Tecno Camon 15 Premier CD8J,CD8J,V199,SOURCE_UNSPECIFIED,MT6765,TECNO,2.33 GB,210313,https://naijarom.com/tecno-camon-15-premier-cd8j,pc-fw
Tecno_Camon_15_Premier_CD8J_MT6765_V209_210517.zip,Tecno Camon 15 Premier CD8J,CD8J,V209,SOURCE_UNSPECIFIED,MT6765,TECNO,2.22 GB,210517,https://naijarom.com/tecno-camon-15-premier-cd8j,pc-fw
Tecno_Camon_15_Premier_CD8J_MT6765_V219_210720.zip,Tecno Camon 15 Premier CD8J,CD8J,V219,SOURCE_UNSPECIFIED,MT6765,TECNO,2.22 GB,210720,https://naijarom.com/tecno-camon-15-premier-cd8j,pc-fw
Tecno_Camon_15_Premier_CD8J_MT6765_V234_220314.zip,Tecno Camon 15 Premier CD8J,CD8J,V234,SOURCE_UNSPECIFIED,MT6765,TECNO,2.22 GB,220314,https://naijarom.com/tecno-camon-15-premier-cd8j,pc-fw
Tecno_Camon_15_Pro_CD8_MT6765_V115_201228.zip,Tecno Camon 15 Pro CD8,CD8,V115,SOURCE_UNSPECIFIED,MT6765,TECNO,2.24 GB,201228,https://naijarom.com/tecno-camon-15-pro-cd8,pc-fw
Tecno_Camon_15_Pro_CD8_MT6765_V219_200114.zip,Tecno Camon 15 Pro CD8,CD8,V219,SOURCE_UNSPECIFIED,MT6765,TECNO,2.22 GB,200114,https://naijarom.com/tecno-camon-15-pro-cd8,pc-fw
Tecno_Camon_15_Pro_CD8_MT6765_V321_200917.zip,Tecno Camon 15 Pro CD8,CD8,V321,SOURCE_UNSPECIFIED,MT6765,TECNO,2 GB,200917,https://naijarom.com/tecno-camon-15-pro-cd8,pc-fw
Tecno_Camon_15_Pro_CD8_MT6765_V351_201218.zip,Tecno Camon 15 Pro CD8,CD8,V351,SOURCE_UNSPECIFIED,MT6765,TECNO,2 GB,201218,https://naijarom.com/tecno-camon-15-pro-cd8,pc-fw
Tecno_Camon_16_CE7_MT6768_V303_200922.zip,Tecno Camon 16 CE7,CE7,V303,SOURCE_UNSPECIFIED,MT6768,TECNO,3 GB,200922,https://naijarom.com/tecno-camon-16-ce7,pc-fw
Tecno_Camon_16_CE7_MT6768_V431_201201.zip,Tecno Camon 16 CE7,CE7,V431,SOURCE_UNSPECIFIED,MT6768,TECNO,3 GB,201201,https://naijarom.com/tecno-camon-16-ce7,pc-fw
Tecno_Camon_16_CE7_MT6768_V641_210831.zip,Tecno Camon 16 CE7,CE7,V641,SOURCE_UNSPECIFIED,MT6768,TECNO,2.84 GB,210831,https://naijarom.com/tecno-camon-16-ce7,pc-fw
Tecno_Camon_16_CE7_MT6768_V687_211109.zip,Tecno Camon 16 CE7,CE7,V687,SOURCE_UNSPECIFIED,MT6768,TECNO,2.84 GB,211109,https://naijarom.com/tecno-camon-16-ce7,pc-fw
Tecno_Camon_16_CE7_MT6768_V754_220309.zip,Tecno Camon 16 CE7,CE7,V754,SOURCE_UNSPECIFIED,MT6768,TECNO,2.84 GB,220309,https://naijarom.com/tecno-camon-16-ce7,pc-fw
Tecno_Camon_16_CE7_MT6768_V774_220510.zip,Tecno Camon 16 CE7,CE7,V774,SOURCE_UNSPECIFIED,MT6768,TECNO,2.84 GB,220510,https://naijarom.com/tecno-camon-16-ce7,pc-fw
Tecno_Camon_16_CE7_MT6768_V803_220919.zip,Tecno Camon 16 CE7,CE7,V803,SOURCE_UNSPECIFIED,MT6768,TECNO,2.89 GB,220919,https://naijarom.com/tecno-camon-16-ce7,pc-fw
Tecno_Camon_16_CE7J_MT6768_V250_201215.zip,Tecno Camon 16 CE7J,CE7J,V250,SOURCE_UNSPECIFIED,MT6768,TECNO,2.72 GB,201215,https://naijarom.com/tecno-camon-16-ce7j,pc-fw
Tecno_Camon_16_CE7J_MT6768_V435_230111.zip,Tecno Camon 16 CE7J,CE7J,V435,SOURCE_UNSPECIFIED,MT6768,TECNO,2.56 GB,230111,https://naijarom.com/tecno-camon-16-ce7j,pc-fw
Tecno_Camon_16_Pro_CE8_MT6768_V325_201201.zip,Tecno Camon 16 Pro CE8,CE8,V325,SOURCE_UNSPECIFIED,MT6768,TECNO,2.9 GB,201201,https://naijarom.com/tecno-camon-16-pro-ce8,pc-fw
Tecno_Camon_16_Pro_CE8_MT6768_V365_201201.zip,Tecno Camon 16 Pro CE8,CE8,V365,SOURCE_UNSPECIFIED,MT6768,TECNO,2.94 GB,201201,https://naijarom.com/tecno-camon-16-pro-ce8,pc-fw
Tecno_Camon_16_Pro_CE8_MT6768_V404_210831.zip,Tecno Camon 16 Pro CE8,CE8,V404,SOURCE_UNSPECIFIED,MT6768,TECNO,3 GB,210831,https://naijarom.com/tecno-camon-16-pro-ce8,pc-fw
Tecno_Camon_16_Pro_CE8_MT6768_V420_220309.zip,Tecno Camon 16 Pro CE8,CE8,V420,SOURCE_UNSPECIFIED,MT6768,TECNO,3 GB,220309,https://naijarom.com/tecno-camon-16-pro-ce8,pc-fw
Tecno_Camon_16_Pro_CE8_MT6768_V428_220510.zip,Tecno Camon 16 Pro CE8,CE8,V428,SOURCE_UNSPECIFIED,MT6768,TECNO,3 GB,220510,https://naijarom.com/tecno-camon-16-pro-ce8,pc-fw
Tecno_Camon_16_Pro_CE8_MT6768_V437_220919.zip,Tecno Camon 16 Pro CE8,CE8,V437,SOURCE_UNSPECIFIED,MT6768,TECNO,1 GB,220919,https://naijarom.com/tecno-camon-16-pro-ce8,pc-fw
Tecno_Camon_16_Premier_CE9_MT6785_V439_220218.zip,Tecno Camon 16 Premier CE9,CE9,V439,SOURCE_UNSPECIFIED,MT6785,TECNO,3.11 GB,220218,https://naijarom.com/tecno-camon-16-premier-ce9,pc-fw
Tecno_Camon_16_Premier_CE9_MT6785_V454_220415.zip,Tecno Camon 16 Premier CE9,CE9,V454,SOURCE_UNSPECIFIED,MT6785,TECNO,3.12 GB,220415,https://naijarom.com/tecno-camon-16-premier-ce9,pc-fw
Tecno_Camon_16_Premier_CE9_MT6785_V475_220923.zip,Tecno Camon 16 Premier CE9,CE9,V475,SOURCE_UNSPECIFIED,MT6785,TECNO,3.10 GB,220923,https://naijarom.com/tecno-camon-16-premier-ce9,pc-fw
Tecno_Camon_16_Premier_CE9_MT6785_V485_230111.zip,Tecno Camon 16 Premier CE9,CE9,V485,SOURCE_UNSPECIFIED,MT6785,TECNO,2.93 GB,230111,https://naijarom.com/tecno-camon-16-premier-ce9,pc-fw
Tecno_Camon_16_Premier_CE9_MT6785_V561_201210.zip,Tecno Camon 16 Premier CE9,CE9,V561,SOURCE_UNSPECIFIED,MT6785,TECNO,3.2 GB,201210,https://naijarom.com/tecno-camon-16-premier-ce9,pc-fw
Tecno_Camon_16_Premier_CE9_MT6785_V700_210831.zip,Tecno Camon 16 Premier CE9,CE9,V700,SOURCE_UNSPECIFIED,MT6785,TECNO,3.23 GB,210831,https://naijarom.com/tecno-camon-16-premier-ce9,pc-fw
Tecno_Camon_16_Premier_CE9H_MT6785_V182_201111.zip,Tecno Camon 16 Premier CE9H,CE9H,V182,SOURCE_UNSPECIFIED,MT6785,TECNO,3 GB,201111,https://naijarom.com/tecno-camon-16-premier-ce9h,pc-fw
Tecno_Camon_16_Premier_CE9H_MT6785_V196_210401.zip,Tecno Camon 16 Premier CE9H,CE9H,V196,SOURCE_UNSPECIFIED,MT6785,TECNO,3.2 GB,210401,https://naijarom.com/tecno-camon-16-premier-ce9h,pc-fw
Tecno_Camon_16_SE_CE7J_MT6768_V282_210517.zip,Tecno Camon 16 SE CE7J,CE7J,V282,SOURCE_UNSPECIFIED,MT6768,TECNO,2.76 GB,210517,https://naijarom.com/tecno-camon-16-se-ce7j,pc-fw
Tecno_Camon_16_SE_CE7J_MT6768_V405_220210.zip,Tecno Camon 16 SE CE7J,CE7J,V405,SOURCE_UNSPECIFIED,MT6768,TECNO,2.74 GB,220210,https://naijarom.com/tecno-camon-16-se-ce7j,pc-fw
Tecno_Camon_16_SE_CE7J_MT6768_V435_230111.zip,Tecno Camon 16 SE CE7J,CE7J,V435,SOURCE_UNSPECIFIED,MT6768,TECNO,2.56 GB,230111,https://naijarom.com/tecno-camon-16-se-ce7j,pc-fw
Tecno_Camon_16S_CD6J_MT6765_V091_201215.zip,Tecno Camon 16S CD6J,CD6J,V091,SOURCE_UNSPECIFIED,MT6765,TECNO,2.6 GB,201215,https://naijarom.com/tecno-camon-16s-cd6j,pc-fw
Tecno_Camon_16S_CD6J_MT6765_V119_211014.zip,Tecno Camon 16S CD6J,CD6J,V119,SOURCE_UNSPECIFIED,MT6765,TECNO,2.58 GB,211014,https://naijarom.com/tecno-camon-16s-cd6j,pc-fw
Tecno_Camon_16S_CD6J_MT6765_V132_220215.zip,Tecno Camon 16S CD6J,CD6J,V132,SOURCE_UNSPECIFIED,MT6765,TECNO,2.58 GB,220215,https://naijarom.com/tecno-camon-16s-cd6j,pc-fw
Tecno_Camon_16S_CD6J_MT6765_V134_220406.zip,Tecno Camon 16S CD6J,CD6J,V134,SOURCE_UNSPECIFIED,MT6765,TECNO,2.58 GB,220406,https://naijarom.com/tecno-camon-16s-cd6j,pc-fw
Tecno_Camon_17_CG6_MT6768_V385_210419.zip,Tecno Camon 17 CG6,CG6,V385,SOURCE_UNSPECIFIED,MT6768,TECNO,3.28 GB,210419,https://naijarom.com/tecno-camon-17-cg6,pc-fw
Tecno_Camon_17_CG6_MT6768_V511_210616.zip,Tecno Camon 17 CG6,CG6,V511,SOURCE_UNSPECIFIED,MT6768,TECNO,3.34 GB,210616,https://naijarom.com/tecno-camon-17-cg6,pc-fw
Tecno_Camon_17_CG6_MT6768_V635_210906.zip,Tecno Camon 17 CG6,CG6,V635,SOURCE_UNSPECIFIED,MT6768,TECNO,3.36 GB,210906,https://naijarom.com/tecno-camon-17-cg6,pc-fw
Tecno_Camon_17_CG6_MT6768_V704_211103.zip,Tecno Camon 17 CG6,CG6,V704,SOURCE_UNSPECIFIED,MT6768,TECNO,3.47 GB,211103,https://naijarom.com/tecno-camon-17-cg6,pc-fw
Tecno_Camon_17_CG6_MT6768_V736_211129.zip,Tecno Camon 17 CG6,CG6,V736,SOURCE_UNSPECIFIED,MT6768,TECNO,3.5 GB,211129,https://naijarom.com/tecno-camon-17-cg6,pc-fw
Tecno_Camon_17_CG6_MT6768_V746_211212.zip,Tecno Camon 17 CG6,CG6,V746,SOURCE_UNSPECIFIED,MT6768,TECNO,3.5 GB,211212,https://naijarom.com/tecno-camon-17-cg6,pc-fw
Tecno_Camon_17_CG6_MT6768_V1649_211214.zip,Tecno Camon 17 CG6,CG6,V1649,SOURCE_UNSPECIFIED,MT6768,TECNO,3.37 GB,211214,https://naijarom.com/tecno-camon-17-cg6,pc-fw
Tecno_Camon_17_CG6_MT6768_V2091_220214.zip,Tecno Camon 17 CG6,CG6,V2091,SOURCE_UNSPECIFIED,MT6768,TECNO,3.36 GB,220214,https://naijarom.com/tecno-camon-17-cg6,pc-fw
Tecno_Camon_17_CG6_MT6768_V2547_220527.zip,Tecno Camon 17 CG6,CG6,V2547,SOURCE_UNSPECIFIED,MT6768,TECNO,3.33 GB,220527,https://naijarom.com/tecno-camon-17-cg6,pc-fw
Tecno_Camon_17_CG6_MT6768_V3121_220929.zip,Tecno Camon 17 CG6,CG6,V3121,SOURCE_UNSPECIFIED,MT6768,TECNO,3.33 GB,220929,https://naijarom.com/tecno-camon-17-cg6,pc-fw
Tecno_Camon_17_CG6_MT6768_V3269_221115.zip,Tecno Camon 17 CG6,CG6,V3269,SOURCE_UNSPECIFIED,MT6768,TECNO,3.36 GB,221115,https://naijarom.com/tecno-camon-17-cg6,pc-fw
Tecno_Camon_17_CG6_MT6768_V3393_221223.zip,Tecno Camon 17 CG6,CG6,V3393,SOURCE_UNSPECIFIED,MT6768,TECNO,3.35 GB,221223,https://naijarom.com/tecno-camon-17-cg6,pc-fw
Tecno_Camon_17_CG6_MT6768_V3570_230216.zip,Tecno Camon 17 CG6,CG6,V3570,SOURCE_UNSPECIFIED,MT6768,TECNO,3.32 GB,230216,https://naijarom.com/tecno-camon-17-cg6,pc-fw
Tecno_Camon_17_CG6_MT6768_V3709_230420.zip,Tecno Camon 17 CG6,CG6,V3709,SOURCE_UNSPECIFIED,MT6768,TECNO,3.36 GB,230420,https://naijarom.com/tecno-camon-17-cg6,pc-fw
Tecno_Camon_17_CG6J_MT6768_V425_210510.zip,Tecno Camon 17 CG6J,CG6J,V425,SOURCE_UNSPECIFIED,MT6768,TECNO,3.3 GB,210510,https://naijarom.com/tecno-camon-17-cg6j,pc-fw
Tecno_Camon_17_CG6J_MT6768_V525_211212.zip,Tecno Camon 17 CG6J,CG6J,V525,SOURCE_UNSPECIFIED,MT6768,TECNO,3.49 GB,211212,https://naijarom.com/tecno-camon-17-cg6j,pc-fw
Tecno_Camon_17_CG6J_MT6768_V972_211214.zip,Tecno Camon 17 CG6J,CG6J,V972,SOURCE_UNSPECIFIED,MT6768,TECNO,3.37 GB,211214,https://naijarom.com/tecno-camon-17-cg6j,pc-fw
Tecno_Camon_17_CG6J_MT6768_V1176_220214.zip,Tecno Camon 17 CG6J,CG6J,V1176,SOURCE_UNSPECIFIED,MT6768,TECNO,3.36 GB,220214,https://naijarom.com/tecno-camon-17-cg6j,pc-fw
Tecno_Camon_17_CG6J_MT6768_V1428_220929.zip,Tecno Camon 17 CG6J,CG6J,V1428,SOURCE_UNSPECIFIED,MT6768,TECNO,3.35 GB,220929,https://naijarom.com/tecno-camon-17-cg6j,pc-fw
Tecno_Camon_17_CG8_MT6785_V944_220926.zip,Tecno Camon 17 CG8,CG8,V944,SOURCE_UNSPECIFIED,MT6785,TECNO,4 GB,220926,https://naijarom.com/tecno-camon-17-cg8,pc-fw
Tecno_Camon_17_CG8_MT6785_V970_230303.zip,Tecno Camon 17 CG8,CG8,V970,SOURCE_UNSPECIFIED,MT6785,TECNO,4.07 GB,230303,https://naijarom.com/tecno-camon-17-cg8,pc-fw
Tecno_Camon_17_Pro_CG8_MT6785_V141_210129.zip,Tecno Camon 17 Pro CG8,CG8,V141,SOURCE_UNSPECIFIED,MT6785,TECNO,3 GB,210129,https://naijarom.com/tecno-camon-17-pro-cg8,pc-fw
Tecno_Camon_17_Pro_CG8_MT6785_V153_210428.zip,Tecno Camon 17 Pro CG8,CG8,V153,SOURCE_UNSPECIFIED,MT6785,TECNO,3 GB,210428,https://naijarom.com/tecno-camon-17-pro-cg8,pc-fw
Tecno_Camon_17_Pro_CG8_MT6785_V471_210517.zip,Tecno Camon 17 Pro CG8,CG8,V471,SOURCE_UNSPECIFIED,MT6785,TECNO,3.64 GB,210517,https://naijarom.com/tecno-camon-17-pro-cg8,pc-fw
Tecno_Camon_17_Pro_CG8_MT6785_V805_211201.zip,Tecno Camon 17 Pro CG8,CG8,V805,SOURCE_UNSPECIFIED,MT6785,TECNO,4.02 GB,211201,https://naijarom.com/tecno-camon-17-pro-cg8,pc-fw
Tecno_Camon_Pro_17_CG8_MT6785_V819_211210.zip,Tecno Camon 17 Pro CG8,CG8,V819,SOURCE_UNSPECIFIED,MT6785,TECNO,4.01 GB,211210,https://naijarom.com/tecno-camon-17-pro-cg8,pc-fw
Tecno_Camon_17_Pro_CG8_MT6785_V872_220210.zip,Tecno Camon 17 Pro CG8,CG8,V872,SOURCE_UNSPECIFIED,MT6785,TECNO,4.01 GB,220210,https://naijarom.com/tecno-camon-17-pro-cg8,pc-fw
Tecno_Camon_17_Pro_CG8_MT6785_V907_220417.zip,Tecno Camon 17 Pro CG8,CG8,V907,SOURCE_UNSPECIFIED,MT6785,TECNO,3.97 GB,220417,https://naijarom.com/tecno-camon-17-pro-cg8,pc-fw
Tecno_Camon_17_Pro_CG8_MT6785_V922_220610.zip,Tecno Camon 17 Pro CG8,CG8,V922,SOURCE_UNSPECIFIED,MT6785,TECNO,3.99 GB,220610,https://naijarom.com/tecno-camon-17-pro-cg8,pc-fw
Tecno_Camon_17_Pro_CG8_MT6785_V941_220823.zip,Tecno Camon 17 Pro CG8,CG8,V941,SOURCE_UNSPECIFIED,MT6785,TECNO,4 GB,220823,https://naijarom.com/tecno-camon-17-pro-cg8,pc-fw
Tecno_Camon_17_Pro_CG8_MT6785_V944_220926.zip,Tecno Camon 17 Pro CG8,CG8,V944,SOURCE_UNSPECIFIED,MT6785,TECNO,4 GB,220926,https://naijarom.com/tecno-camon-17-pro-cg8,pc-fw
Tecno_Camon_17_Pro_CG8_MT6785_V970_230303.zip,Tecno Camon 17 Pro CG8,CG8,V970,SOURCE_UNSPECIFIED,MT6785,TECNO,4.07 GB,230303,https://naijarom.com/tecno-camon-17-pro-cg8,pc-fw
Tecno_Camon_17_Pro_CG8H_MT6785_V180_211103.zip,Tecno Camon 17 Pro CG8H,CG8H,V180,SOURCE_UNSPECIFIED,MT6785,TECNO,3.84 GB,211103,https://naijarom.com/tecno-camon-17-pro-cg8h,pc-fw
Tecno_Camon_17_Pro_CG8H_MT6785_V201_220219.zip,Tecno Camon 17 Pro CG8H,CG8H,V201,SOURCE_UNSPECIFIED,MT6785,TECNO,3.83 GB,220219,https://naijarom.com/tecno-camon-17-pro-cg8h,pc-fw
Tecno_Camon_17_Pro_CG8H_MT6785_V219_220417.zip,Tecno Camon 17 Pro CG8H,CG8H,V219,SOURCE_UNSPECIFIED,MT6785,TECNO,3.82 GB,220417,https://naijarom.com/tecno-camon-17-pro-cg8h,pc-fw
Tecno_Camon_17_Pro_CG8H_MT6785_V224_220926.zip,Tecno Camon 17 Pro CG8H,CG8H,V224,SOURCE_UNSPECIFIED,MT6785,TECNO,3.90 GB,220926,https://naijarom.com/tecno-camon-17-pro-cg8h,pc-fw
Tecno_Camon_17_Pro_CG8H_MT6785_V243_230303.zip,Tecno Camon 17 Pro CG8H,CG8H,V243,SOURCE_UNSPECIFIED,MT6785,TECNO,3.90 GB,230303,https://naijarom.com/tecno-camon-17-pro-cg8h,pc-fw
Tecno_Camon_17P_CG7_MT6768_V248_210223.zip,Tecno Camon 17P CG7,CG7,V248,SOURCE_UNSPECIFIED,MT6768,TECNO,3.2 GB,210223,https://naijarom.com/tecno-camon-17p-cg7,pc-fw
Tecno_Camon_17P_CG7_MT6768_V609_210608.zip,Tecno Camon 17P CG7,CG7,V609,SOURCE_UNSPECIFIED,MT6768,TECNO,3.32 GB,210608,https://naijarom.com/tecno-camon-17p-cg7,pc-fw
Tecno_Camon_17P_CG7_MT6768_V681_210728.zip,Tecno Camon 17P CG7,CG7,V681,SOURCE_UNSPECIFIED,MT6768,TECNO,3.58 GB,210728,https://naijarom.com/tecno-camon-17p-cg7,pc-fw
Tecno_Camon_17P_CG7_MT6768_V707_210816.zip,Tecno Camon 17P CG7,CG7,V707,SOURCE_UNSPECIFIED,MT6768,TECNO,3.61 GB,210816,https://naijarom.com/tecno-camon-17p-cg7,pc-fw
Tecno_Camon_17P_CG7_MT6768_V733_210907.zip,Tecno Camon 17P CG7,CG7,V733,SOURCE_UNSPECIFIED,MT6768,TECNO,3.61 GB,210907,https://naijarom.com/tecno-camon-17p-cg7,pc-fw
Tecno_Camon_17P_CG7_MT6768_V796_211013.zip,Tecno Camon 17P CG7,CG7,V796,SOURCE_UNSPECIFIED,MT6768,TECNO,3.77 GB,211013,https://naijarom.com/tecno-camon-17p-cg7,pc-fw
Tecno_Camon_17P_CG7_MT6768_V797_211013.zip,Tecno Camon 17P CG7,CG7,V797,SOURCE_UNSPECIFIED,MT6768,TECNO,3.43 GB,211013,https://naijarom.com/tecno-camon-17p-cg7,pc-fw
Tecno_Camon_17P_CG7_MT6768_V859_211210.zip,Tecno Camon 17P CG7,CG7,V859,SOURCE_UNSPECIFIED,MT6768,TECNO,3.80 GB,211210,https://naijarom.com/tecno-camon-17p-cg7,pc-fw
Tecno_Camon_17P_CG7_MT6768_V1005_221024.zip,Tecno Camon 17P CG7,CG7,V1005,SOURCE_UNSPECIFIED,MT6768,TECNO,3.79 GB,221024,https://naijarom.com/tecno-camon-17p-cg7,pc-fw
Tecno_Camon_17P_CG7_MT6768_V1022_221218.zip,Tecno Camon 17P CG7,CG7,V1022,SOURCE_UNSPECIFIED,MT6768,TECNO,3.77 GB,221218,https://naijarom.com/tecno-camon-17p-cg7,pc-fw
Tecno_Camon_17P_CG7_MT6768_V1033_230416.zip,Tecno Camon 17P CG7,CG7,V1033,SOURCE_UNSPECIFIED,MT6768,TECNO,3.77 GB,230416,https://naijarom.com/tecno-camon-17p-cg7,pc-fw
Tecno_Camon_17P_CG7_MT6768_V1027_230213.zip,Tecno Camon 17P CG7,CG7,V1027,SOURCE_UNSPECIFIED,MT6768,TECNO,3.78 GB,230213,https://naijarom.com/tecno-camon-17p-cg7,pc-fw
Tecno_Camon_17P_CG7n_MT6768_V140_210524.zip,Tecno Camon 17P CG7n,MT6768,V140,SOURCE_UNSPECIFIED,MT6768,TECNO,3.34 GB,210524,https://naijarom.com/tecno-camon-17p-cg7n,pc-fw
Tecno_Camon_17P_CG7n_MT6768_V155_210408.zip,Tecno Camon 17P CG7n,MT6768,V155,SOURCE_UNSPECIFIED,MT6768,TECNO,3.34 GB,210408,https://naijarom.com/tecno-camon-17p-cg7n,pc-fw
Tecno_Camon_17P_CG7N_MT6768_V167_210729.zip,Tecno Camon 17P CG7n,CG7N,V167,SOURCE_UNSPECIFIED,MT6768,TECNO,3.35 GB,210729,https://naijarom.com/tecno-camon-17p-cg7n,pc-fw
Tecno_Camon_17P_CG7N_MT6768_V173_210816.zip,Tecno Camon 17P CG7n,CG7N,V173,SOURCE_UNSPECIFIED,MT6768,TECNO,3.38 GB,210816,https://naijarom.com/tecno-camon-17p-cg7n,pc-fw
Tecno_Camon_17P_CG7N_MT6768_V184_211013.zip,Tecno Camon 17P CG7n,CG7N,V184,SOURCE_UNSPECIFIED,MT6768,TECNO,3.53 GB,211013,https://naijarom.com/tecno-camon-17p-cg7n,pc-fw
Tecno_Camon_17P_CG7N_MT6768_V193_220510.zip,Tecno Camon 17P CG7n,CG7N,V193,SOURCE_UNSPECIFIED,MT6768,TECNO,3.55 GB,220510,https://naijarom.com/tecno-camon-17p-cg7n,pc-fw
Tecno_Camon_17P_CG7N_MT6768_V251_210810.zip,Tecno Camon 17P CG7n,CG7N,V251,SOURCE_UNSPECIFIED,MT6768,TECNO,3.29 GB,210810,https://naijarom.com/tecno-camon-17p-cg7n,pc-fw
Tecno_Camon_17P_CG7N_MT6768_V259_210813.zip,Tecno Camon 17P CG7n,CG7N,V259,SOURCE_UNSPECIFIED,MT6768,TECNO,3.29 GB,210813,https://naijarom.com/tecno-camon-17p-cg7n,pc-fw
Tecno_Camon_18_CH6H_MT6768_V369_211203.zip,Tecno Camon 18 CH6H,CH6H,V369,SOURCE_UNSPECIFIED,MT6768,TECNO,4.01 GB,211203,https://naijarom.com/tecno-camon-18-ch6h,pc-fw
Tecno_Camon_18_CH6H_MT6768_V464_220216.zip,Tecno Camon 18 CH6H,CH6H,V464,SOURCE_UNSPECIFIED,MT6768,TECNO,4.01 GB,220216,https://naijarom.com/tecno-camon-18-ch6h,pc-fw
Tecno_Camon_18_CH6H_MT6768_V485_220429.zip,Tecno Camon 18 CH6H,CH6H,V485,SOURCE_UNSPECIFIED,MT6768,TECNO,3.98 GB,220429,https://naijarom.com/tecno-camon-18-ch6h,pc-fw
Tecno_Camon_18_CH6H_MT6768_V520_220822.zip,Tecno Camon 18 CH6H,CH6H,V520,SOURCE_UNSPECIFIED,MT6768,TECNO,4.02 GB,220822,https://naijarom.com/tecno-camon-18-ch6h,pc-fw
Tecno_Camon_18_CH6H_MT6768_V529_221020.zip,Tecno Camon 18 CH6H,CH6H,V529,SOURCE_UNSPECIFIED,MT6768,TECNO,3.77 GB,221020,https://naijarom.com/tecno-camon-18-ch6h,pc-fw
Tecno_Camon_18_CH6H_MT6768_V601_230323.zip,Tecno Camon 18 CH6H,CH6H,V601,SOURCE_UNSPECIFIED,MT6768,TECNO,3.80 GB,230323,https://naijarom.com/tecno-camon-18-ch6h,pc-fw
Tecno_Camon_18_CH6H_MT6768_V854_230814.zip,Tecno Camon 18 CH6H,CH6H,V854,SOURCE_UNSPECIFIED,MT6768,TECNO,3.8 GB,230814,https://naijarom.com/tecno-camon-18-ch6h,pc-fw
Tecno_Camon_18_CH6_MT6768_V220_220917.zip,Tecno Camon 18 CH6,CH6,V220,SOURCE_UNSPECIFIED,MT6768,TECNO,3.87 GB,220917,https://naijarom.com/tecno-camon-18-ch6,pc-fw
Tecno_Camon_18_CH6_MT6768_V388_211108.zip,Tecno Camon 18 CH6,CH6,V388,SOURCE_UNSPECIFIED,MT6768,TECNO,4.88 GB,211108,https://naijarom.com/tecno-camon-18-ch6,pc-fw
Tecno_Camon_18_CH6_MT6768_V475_211217.zip,Tecno Camon 18 CH6,CH6,V475,SOURCE_UNSPECIFIED,MT6768,TECNO,4.08 GB,211217,https://naijarom.com/tecno-camon-18-ch6,pc-fw
Tecno_Camon_18_CH6_MT6768_V514_220329.zip,Tecno Camon 18 CH6,CH6,V514,SOURCE_UNSPECIFIED,MT6768,TECNO,4.11 GB,220329,https://naijarom.com/tecno-camon-18-ch6,pc-fw
Tecno_Camon_18_CH6_MT6768_V519_220416.zip,Tecno Camon 18 CH6,CH6,V519,SOURCE_UNSPECIFIED,MT6768,TECNO,4.06 GB,220416,https://naijarom.com/tecno-camon-18-ch6,pc-fw
Tecno_Camon_18_CH6_MT6768_V576_221020.zip,Tecno Camon 18 CH6,CH6,V576,SOURCE_UNSPECIFIED,MT6768,TECNO,3.89 GB,221020,https://naijarom.com/tecno-camon-18-ch6,pc-fw
Tecno_Camon_18_CH6_MT6768_V845_230815.zip,Tecno Camon 18 CH6,CH6,V845,SOURCE_UNSPECIFIED,MT6768,TECNO,3.79 GB,230815,https://naijarom.com/tecno-camon-18-ch6,pc-fw
Tecno_Camon_18_CH6N_MT6768_V443_220917.zip,Tecno Camon 18 CH6N,CH6N,V443,SOURCE_UNSPECIFIED,MT6768,TECNO,4 GB,220917,https://naijarom.com/tecno-camon-18-ch6n,pc-fw
Tecno_Camon_18_CH6N_MT6768_V847_211217.zip,Tecno Camon 18 CH6N,CH6N,V847,SOURCE_UNSPECIFIED,MT6768,TECNO,3.71 GB,211217,https://naijarom.com/tecno-camon-18-ch6n,pc-fw
Tecno_Camon_18_CH6N_MT6768_V848_211217.zip,Tecno Camon 18 CH6N,CH6N,V848,SOURCE_UNSPECIFIED,MT6768,TECNO,4.08 GB,211217,https://naijarom.com/tecno-camon-18-ch6n,pc-fw
Tecno_Camon_18_CH6N_MT6768_V849_211217.zip,Tecno Camon 18 CH6N,CH6N,V849,SOURCE_UNSPECIFIED,MT6768,TECNO,3.71 GB,211217,https://naijarom.com/tecno-camon-18-ch6n,pc-fw
Tecno_Camon_18_CH6N_MT6768_V923_220210.zip,Tecno Camon 18 CH6N,CH6N,V923,SOURCE_UNSPECIFIED,MT6768,TECNO,4.09 GB,220210,https://naijarom.com/tecno-camon-18-ch6n,pc-fw
Tecno_Camon_18_CH6N_MT6768_V943_220225.zip,Tecno Camon 18 CH6N,CH6N,V943,SOURCE_UNSPECIFIED,MT6768,TECNO,3.73 GB,220225,https://naijarom.com/tecno-camon-18-ch6n,pc-fw
Tecno_Camon_18_CH6N_MT6768_V965_220419.zip,Tecno Camon 18 CH6N,CH6N,V965,SOURCE_UNSPECIFIED,MT6768,TECNO,4.05 GB,220419,https://naijarom.com/tecno-camon-18-ch6n,pc-fw
Tecno_Camon_18_CH6N_MT6768_V1057_221020.zip,Tecno Camon 18 CH6N,CH6N,V1057,SOURCE_UNSPECIFIED,MT6768,TECNO,3.88 GB,221020,https://naijarom.com/tecno-camon-18-ch6n,pc-fw
Tecno_Camon_18_CH6N_MT6768_V2241_230815.zip,Tecno Camon 18 CH6N,CH6N,V2241,SOURCE_UNSPECIFIED,MT6768,TECNO,4.13 GB,230815,https://naijarom.com/tecno-camon-18-ch6n,pc-fw
Tecno_Camon_18_CH6N_MT6768_V2534_231010.zip,Tecno Camon 18 CH6N,CH6N,V2534,SOURCE_UNSPECIFIED,MT6768,TECNO,4.14 GB,231010,https://naijarom.com/tecno-camon-18-ch6n,pc-fw
Tecno_Camon_18_CH7_MT6781_V469_211217.zip,Tecno Camon 18 CH7,CH7,V469,SOURCE_UNSPECIFIED,MT6781,TECNO,4.35 GB,211217,https://naijarom.com/tecno-camon-18-ch7,pc-fw
Tecno_Camon_18_CH9N_MT6781_V655_211207.zip,Tecno Camon 18 CH9N,CH9N,V655,SOURCE_UNSPECIFIED,MT6781,TECNO,4.06 GB,211207,https://naijarom.com/tecno-camon-18-ch9n,pc-fw
Tecno_Camon_18_CH9N_MT6781_V678_211227.zip,Tecno Camon 18 CH9N,CH9N,V678,SOURCE_UNSPECIFIED,MT6781,TECNO,4.53 GB,211227,https://naijarom.com/tecno-camon-18-ch9n,pc-fw
Tecno_Camon_18_CH9N_MT6781_V680_211229.zip,Tecno Camon 18 CH9N,CH9N,V680,SOURCE_UNSPECIFIED,MT6781,TECNO,4.1 GB,211229,https://naijarom.com/tecno-camon-18-ch9n,pc-fw
Tecno_Camon_18_Premier_CH9_MT6781_V382_221107.zip,Tecno Camon 18 Premier CH9,CH9,V382,SOURCE_UNSPECIFIED,MT6781,TECNO,4.17 GB,221107,https://naijarom.com/tecno-camon-18-premier-ch9,pc-fw
Tecno_Camon_18_Premier_CH9_MT6781_V521_221223.zip,Tecno Camon 18 Premier CH9,CH9,V521,SOURCE_UNSPECIFIED,MT6781,TECNO,4.18 GB,221223,https://naijarom.com/tecno-camon-18-premier-ch9,pc-fw
Tecno_Camon_18_Premier_CH9_MT6781_V531_210911.zip,Tecno Camon 18 Premier CH9,CH9,V531,SOURCE_UNSPECIFIED,MT6781,TECNO,4.45 GB,210911,https://naijarom.com/tecno-camon-18-premier-ch9,pc-fw
Tecno_Camon_18_Premier_CH9_MT6781_V699_211112.zip,Tecno Camon 18 Premier CH9,CH9,V699,SOURCE_UNSPECIFIED,MT6781,TECNO,4.52 GB,211112,https://naijarom.com/tecno-camon-18-premier-ch9,pc-fw
Tecno_Camon_18_Premier_CH9_MT6781_V849_220121.zip,Tecno Camon 18 Premier CH9,CH9,V849,SOURCE_UNSPECIFIED,MT6781,TECNO,4.58 GB,220121,https://naijarom.com/tecno-camon-18-premier-ch9,pc-fw
Tecno_Camon_18_Premier_CH9_MT6781_V1021_220525.zip,Tecno Camon 18 Premier CH9,CH9,V1021,SOURCE_UNSPECIFIED,MT6781,TECNO,4.56 GB,220525,https://naijarom.com/tecno-camon-18-premier-ch9,pc-fw
Tecno_Camon_18_Premier_CH9_MT6781_V1045_220920.zip,Tecno Camon 18 Premier CH9,CH9,V1045,SOURCE_UNSPECIFIED,MT6781,TECNO,4.57 GB,220920,https://naijarom.com/tecno-camon-18-premier-ch9,pc-fw
Tecno_Camon_18_Premier_CH9N_MT6781_V431_210911.zip,Tecno Camon 18 Premier CH9N,CH9N,V431,SOURCE_UNSPECIFIED,MT6781,TECNO,4.43 GB,210911,https://naijarom.com/tecno-camon-18-premier-ch9n,pc-fw
Tecno_Camon_18_Premier_CH9N_MT6781_V678_211227.zip,Tecno Camon 18 Premier CH9N,CH9N,V678,SOURCE_UNSPECIFIED,MT6781,TECNO,4.53 GB,211227,https://naijarom.com/tecno-camon-18-premier-ch9n,pc-fw
Tecno_Camon_18_Premier_CH9N_MT6781_V720_220411.zip,Tecno Camon 18 Premier CH9N,CH9N,V720,SOURCE_UNSPECIFIED,MT6781,TECNO,4 GB,220411,https://naijarom.com/tecno-camon-18-premier-ch9n,pc-fw
Tecno_Camon_18_Premier_CH9N_MT6781_V758_220831.zip,Tecno Camon 18 Premier CH9N,CH9N,V758,SOURCE_UNSPECIFIED,MT6781,TECNO,4.52 GB,220831,https://naijarom.com/tecno-camon-18-premier-ch9n,pc-fw
Tecno_Camon_18_Premier_CH9N_MT6781_V3282_230213.zip,Tecno Camon 18 Premier CH9N,CH9N,V3282,SOURCE_UNSPECIFIED,MT6781,TECNO,4.30 GB,230213,https://naijarom.com/tecno-camon-18-premier-ch9n,pc-fw
Tecno_Camon_18_Premier_CH9N_MT6781_V4380_230426.zip,Tecno Camon 18 Premier CH9N,CH9N,V4380,SOURCE_UNSPECIFIED,MT6781,TECNO,4.34 GB,230426,https://naijarom.com/tecno-camon-18-premier-ch9n,pc-fw
Tecno_Camon_18_Premier_CH9N_MT6781_V5034_230611.zip,Tecno Camon 18 Premier CH9N,CH9N,V5034,SOURCE_UNSPECIFIED,MT6781,TECNO,3.97 GB,230611,https://naijarom.com/tecno-camon-18-premier-ch9n,pc-fw
Tecno_Camon_18P_CH7_MT6781_V219_221107.zip,Tecno Camon 18P CH7,CH7,V219,SOURCE_UNSPECIFIED,MT6781,TECNO,4.37 GB,221107,https://naijarom.com/tecno-camon-18p-ch7,pc-fw
Tecno_Camon_18P_CH7_MT6781_V353_211112.zip,Tecno Camon 18P CH7,CH7,V353,SOURCE_UNSPECIFIED,MT6781,TECNO,4.3 GB,211112,https://naijarom.com/tecno-camon-18p-ch7,pc-fw
Tecno_Camon_18P_CH7_MT6781_V469_211217.zip,Tecno Camon 18P CH7,CH7,V469,SOURCE_UNSPECIFIED,MT6781,TECNO,4.36 GB,211217,https://naijarom.com/tecno-camon-18p-ch7,pc-fw
Tecno_Camon_18P_CH7_MT6781_V503_230815.zip,Tecno Camon 18P CH7,CH7,V503,SOURCE_UNSPECIFIED,MT6781,TECNO,4.39 GB,230815,https://naijarom.com/tecno-camon-18p-ch7,pc-fw
Tecno_Camon_18P_CH7_MT6781_V505_211231.zip,Tecno Camon 18P CH7,CH7,V505,SOURCE_UNSPECIFIED,MT6781,TECNO,4.36 GB,211231,https://naijarom.com/tecno-camon-18p-ch7,pc-fw
Tecno_Camon_18P_CH7_MT6781_V551_220120.zip,Tecno Camon 18P CH7,CH7,V551,SOURCE_UNSPECIFIED,MT6781,TECNO,4.37 GB,220120,https://naijarom.com/tecno-camon-18p-ch7,pc-fw
Tecno_Camon_18P_CH7_MT6781_V670_220407.zip,Tecno Camon 18P CH7,CH7,V670,SOURCE_UNSPECIFIED,MT6781,TECNO,4.31 GB,220407,https://naijarom.com/tecno-camon-18p-ch7,pc-fw
Tecno_Camon_18P_CH7_MT6781_V723_220621.zip,Tecno Camon 18P CH7,CH7,V723,SOURCE_UNSPECIFIED,MT6781,TECNO,4.31 GB,220621,https://naijarom.com/tecno-camon-18p-ch7,pc-fw
Tecno_Camon_18P_CH7N_MT6781_V501_221107.zip,Tecno Camon 18P CH7N,CH7N,V501,SOURCE_UNSPECIFIED,MT6781,TECNO,4.38 GB,221107,https://naijarom.com/tecno-camon-18p-ch7n,pc-fw
Tecno_Camon_18P_CH7N_MT6781_V597_221222.zip,Tecno Camon 18P CH7N,CH7N,V597,SOURCE_UNSPECIFIED,MT6781,TECNO,4.37 GB,221222,https://naijarom.com/tecno-camon-18p-ch7n,pc-fw
Tecno_Camon_18P_CH7N_MT6781_V739_230227.zip,Tecno Camon 18P CH7N,CH7N,V739,SOURCE_UNSPECIFIED,MT6781,TECNO,3.84 GB,230227,https://naijarom.com/tecno-camon-18p-ch7n,pc-fw
Tecno_Camon_18P_CH7N_MT6781_V740_230227.zip,Tecno Camon 18P CH7N,CH7N,V740,SOURCE_UNSPECIFIED,MT6781,TECNO,4.38 GB,230227,https://naijarom.com/tecno-camon-18p-ch7n,pc-fw
Tecno_Camon_18P_CH7N_MT6781_V1017_230706.zip,Tecno Camon 18P CH7N,CH7N,V1017,SOURCE_UNSPECIFIED,MT6781,TECNO,4.42 GB,230706,https://naijarom.com/tecno-camon-18p-ch7n,pc-fw
Tecno_Camon_18P_CH7N_MT6781_V1094_230815.zip,Tecno Camon 18P CH7N,CH7N,V1094,SOURCE_UNSPECIFIED,MT6781,TECNO,4.40 GB,230815,https://naijarom.com/tecno-camon-18p-ch7n,pc-fw
Tecno_Camon_18P_CH7N_MT6781_V1186_211217.zip,Tecno Camon 18P CH7N,CH7N,V1186,SOURCE_UNSPECIFIED,MT6781,TECNO,4.52 GB,211217,https://naijarom.com/tecno-camon-18p-ch7n,pc-fw
Tecno_Camon_18P_CH7N_MT6781_V1188_211217.zip,Tecno Camon 18P CH7N,CH7N,V1188,SOURCE_UNSPECIFIED,MT6781,TECNO,4 GB,211217,https://naijarom.com/tecno-camon-18p-ch7n,pc-fw
Tecno_Camon_18P_CH7N_MT6781_V1194_211218.zip,Tecno Camon 18P CH7N,CH7N,V1194,SOURCE_UNSPECIFIED,MT6781,TECNO,4 GB,211218,https://naijarom.com/tecno-camon-18p-ch7n,pc-fw
Tecno_Camon_18P_CH7N_MT6781_V1252_220120.zip,Tecno Camon 18P CH7N,CH7N,V1252,SOURCE_UNSPECIFIED,MT6781,TECNO,4.53 GB,220120,https://naijarom.com/tecno-camon-18p-ch7n,pc-fw
Tecno_Camon_18P_CH7N_MT6781_V1254_220120.zip,Tecno Camon 18P CH7N,CH7N,V1254,SOURCE_UNSPECIFIED,MT6781,TECNO,4.01 GB,220120,https://naijarom.com/tecno-camon-18p-ch7n,pc-fw
Tecno_Camon_18P_CH7N_MT6781_V1343_220324.zip,Tecno Camon 18P CH7N,CH7N,V1343,SOURCE_UNSPECIFIED,MT6781,TECNO,4.52 GB,220324,https://naijarom.com/tecno-camon-18p-ch7n,pc-fw
Tecno_Camon_18P_CH7N_MT6781_V1404_220513.zip,Tecno Camon 18P CH7N,CH7N,V1404,SOURCE_UNSPECIFIED,MT6781,TECNO,4.51 GB,220513,https://naijarom.com/tecno-camon-18p-ch7n,pc-fw
Tecno_Camon_18P_CH7N_MT6781_V1418_220527.zip,Tecno Camon 18P CH7N,CH7N,V1418,SOURCE_UNSPECIFIED,MT6781,TECNO,4.51 GB,220527,https://naijarom.com/tecno-camon-18p-ch7n,pc-fw
Tecno_Camon_18P_CH7N_MT6781_V1454_220823.zip,Tecno Camon 18P CH7N,CH7N,V1454,SOURCE_UNSPECIFIED,MT6781,TECNO,4.47 GB,220823,https://naijarom.com/tecno-camon-18p-ch7n,pc-fw
Tecno_Camon_18P_CH7N_MT6781_V1477_220920.zip,Tecno Camon 18P CH7N,CH7N,V1477,SOURCE_UNSPECIFIED,MT6781,TECNO,4.59 GB,220920,https://naijarom.com/tecno-camon-18p-ch7n,pc-fw
Tecno_Camon_19_CI6_MT6768_V335_230905.zip,Tecno Camon 19 CI6,CI6,V335,SOURCE_UNSPECIFIED,MT6768,TECNO,4.39 GB,230905,https://naijarom.com/tecno-camon-19-ci6,pc-fw
Tecno_Camon_19_CI6_MT6768_V595_220524.zip,Tecno Camon 19 CI6,CI6,V595,SOURCE_UNSPECIFIED,MT6768,TECNO,3.95 GB,220524,https://naijarom.com/tecno-camon-19-ci6,pc-fw
Tecno_Camon_19_CI6_MT6768_V702_220922.zip,Tecno Camon 19 CI6,CI6,V702,SOURCE_UNSPECIFIED,MT6768,TECNO,4.15 GB,220922,https://naijarom.com/tecno-camon-19-ci6,pc-fw
Tecno_Camon_19_CI6_MT6768_V725_221018.zip,Tecno Camon 19 CI6,CI6,V725,SOURCE_UNSPECIFIED,MT6768,TECNO,4.15 GB,221018,https://naijarom.com/tecno-camon-19-ci6,pc-fw
Tecno_Camon_19_CI6_MT6768_V758_240326.zip,Tecno Camon 19 CI6,CI6,V758,SOURCE_UNSPECIFIED,MT6768,TECNO,4.44 GB,240326,https://naijarom.com/tecno-camon-19-ci6,pc-fw
Tecno_Camon_19_CI6_MT6768_V807_230106.zip,Tecno Camon 19 CI6,CI6,V807,SOURCE_UNSPECIFIED,MT6768,TECNO,4.16 GB,230106,https://naijarom.com/tecno-camon-19-ci6,pc-fw
Tecno_Camon_19_CI6_MT6768_V850_240516.zip,Tecno Camon 19 CI6,CI6,V850,SOURCE_UNSPECIFIED,MT6768,TECNO,4.47 GB,240516,https://naijarom.com/tecno-camon-19-ci6,pc-fw
Tecno_Camon_19_CI6N_MT6768_V1046_220525.zip,Tecno Camon 19 CI6N,CI6N,V1046,SOURCE_UNSPECIFIED,MT6768,TECNO,4 GB,220525,https://naijarom.com/tecno-camon-19-ci6n,pc-fw
Tecno_Camon_19_CI6N_MT6768_V1204_220831.zip,Tecno Camon 19 CI6N,CI6N,V1204,SOURCE_UNSPECIFIED,MT6768,TECNO,4.25 GB,220831,https://naijarom.com/tecno-camon-19-ci6n,pc-fw
Tecno_Camon_19_CI6N_MT6768_V1269_221018.zip,Tecno Camon 19 CI6N,CI6N,V1269,SOURCE_UNSPECIFIED,MT6768,TECNO,4.25 GB,221018,https://naijarom.com/tecno-camon-19-ci6n,pc-fw
Tecno_Camon_19_CI6N_MT6768_V1435_230106.zip,Tecno Camon 19 CI6N,CI6N,V1435,SOURCE_UNSPECIFIED,MT6768,TECNO,4.27 GB,230106,https://naijarom.com/tecno-camon-19-ci6n,pc-fw
Tecno_Camon_19_CH6IS_MT6768_V1608_230727.zip,Tecno Camon 19 CH6IS,CH6IS,V1608,SOURCE_UNSPECIFIED,MT6768,TECNO,3.68 GB,230727,https://naijarom.com/tecno-camon-19-ch6is,pc-fw
Tecno_Camon_19_CL6_MT6789_15.0.3.127_OP001PF001AZ_270525_MXML.zip,Tecno Camon 19 CL6,CL6,15.0.3.127,OP001PF001AZ,MT6789,TECNO,7.84 GB,270525,https://naijarom.com/tecno-camon-19-cl6,pc-fw
Tecno_Camon_19_CL6_MT6789_15.1.2.128_RU001PF001AZ_251010_MXML.zip,Tecno Camon 19 CL6,CL6,15.1.2.128,RU001PF001AZ,MT6789,TECNO,6.93 GB,251010,https://naijarom.com/tecno-camon-19-cl6,pc-fw
Tecno_Camon_19_CL6_MT6789_15.1.0.139SP03_OP001PF001AZ_270725_MXML.zip,Tecno Camon 19 CL6,CL6,15.1.0.139SP03,OP001PF001AZ,MT6789,TECNO,7.72 GB,270725,https://naijarom.com/tecno-camon-19-cl6,pc-fw
Tecno_Camon_19_CL6_MT6789_15.1.2.170SP05_TR001PF001AZ_260421_MXML.zip,Tecno Camon 19 CL6,CL6,15.1.2.170SP05,TR001PF001AZ,MT6789,TECNO,7.24 GB,260421,https://naijarom.com/tecno-camon-19-cl6,pc-fw
Tecno_Camon_19_Neo_CH6i_MT6768_V770_220513.zip,Tecno Camon 19 Neo CH6i,MT6768,V770,SOURCE_UNSPECIFIED,MT6768,TECNO,4.13 GB,220513,https://naijarom.com/tecno-camon-19-neo-ch6i,pc-fw
Tecno_Camon_19_Neo_CH6i_MT6768_V1046_231013.zip,Tecno Camon 19 Neo CH6i,MT6768,V1046,SOURCE_UNSPECIFIED,MT6768,TECNO,4.67 GB,231013,https://naijarom.com/tecno-camon-19-neo-ch6i,pc-fw
Tecno_Camon_19_Neo_CH6i_MT6768_V1474_220922.zip,Tecno Camon 19 Neo CH6i,MT6768,V1474,SOURCE_UNSPECIFIED,MT6768,TECNO,4.36 GB,220922,https://naijarom.com/tecno-camon-19-neo-ch6i,pc-fw
Tecno_Camon_19_Neo_CH6i_MT6768_V1561_230530.zip,Tecno Camon 19 Neo CH6i,MT6768,V1561,SOURCE_UNSPECIFIED,MT6768,TECNO,5.06 GB,230530,https://naijarom.com/tecno-camon-19-neo-ch6i,pc-fw
Tecno_Camon_19_Neo_CH6i_MT6768_V1676_221103.zip,Tecno Camon 19 Neo CH6i,MT6768,V1676,SOURCE_UNSPECIFIED,MT6768,TECNO,4.16 GB,221103,https://naijarom.com/tecno-camon-19-neo-ch6i,pc-fw
Tecno_Camon_19_Neo_CH6i_MT6768_V1731_240219.zip,Tecno Camon 19 Neo CH6i,MT6768,V1731,SOURCE_UNSPECIFIED,MT6768,TECNO,4.76 GB,240219,https://naijarom.com/tecno-camon-19-neo-ch6i,pc-fw
Tecno_Camon_19_Neo_CH6i_MT6768_V1976_240411.zip,Tecno Camon 19 Neo CH6i,MT6768,V1976,SOURCE_UNSPECIFIED,MT6768,TECNO,4.76 GB,240411,https://naijarom.com/tecno-camon-19-neo-ch6i,pc-fw
Tecno_Camon_19_Pro_5G_CI7N_MT6833_V202_230328.zip,Tecno Camon 19 Pro 5G CI7N,CI7N,V202,SOURCE_UNSPECIFIED,MT6833,TECNO,3.7 GB,230328,https://naijarom.com/tecno-camon-19-pro-5g-ci7n,pc-fw
Tecno_Camon_19_Pro_5G_CI7N_MT6833_V834_220527.zip,Tecno Camon 19 Pro 5G CI7N,CI7N,V834,SOURCE_UNSPECIFIED,MT6833,TECNO,4.43 GB,220527,https://naijarom.com/tecno-camon-19-pro-5g-ci7n,pc-fw
5G_CI7N_MT6833_V1190_220928.zip,Tecno Camon 19 Pro 5G CI7N,CI7N,V1190,SOURCE_UNSPECIFIED,MT6833,TECNO,4.64 GB,220928,https://naijarom.com/tecno-camon-19-pro-5g-ci7n,pc-fw
5G_CI7N_MT6833_V1207_221109.zip,Tecno Camon 19 Pro 5G CI7N,CI7N,V1207,SOURCE_UNSPECIFIED,MT6833,TECNO,4.66 GB,221109,https://naijarom.com/tecno-camon-19-pro-5g-ci7n,pc-fw
Tecno_Camon_19_Pro_5G_CI7N_MT6833_V1682_221205.zip,Tecno Camon 19 Pro 5G CI7N,CI7N,V1682,SOURCE_UNSPECIFIED,MT6833,TECNO,4.22 GB,221205,https://naijarom.com/tecno-camon-19-pro-5g-ci7n,pc-fw
Tecno_Camon_19_Pro_5G_CI7N_MT6833_V2502_230313.zip,Tecno Camon 19 Pro 5G CI7N,CI7N,V2502,SOURCE_UNSPECIFIED,MT6833,TECNO,4.23 GB,230313,https://naijarom.com/tecno-camon-19-pro-5g-ci7n,pc-fw
Tecno_Camon_19_Pro_5G_CI7N_MT6833_V3067_230615.zip,Tecno Camon 19 Pro 5G CI7N,CI7N,V3067,SOURCE_UNSPECIFIED,MT6833,TECNO,4.26 GB,230615,https://naijarom.com/tecno-camon-19-pro-5g-ci7n,pc-fw
Tecno_Camon_19_Pro_5G_CI7N_MT6833_V4239_240429.zip,Tecno Camon 19 Pro 5G CI7N,CI7N,V4239,SOURCE_UNSPECIFIED,MT6833,TECNO,4.27 GB,240429,https://naijarom.com/tecno-camon-19-pro-5g-ci7n,pc-fw
Tecno_Camon_19_Pro_CI8_MT6781_V904_220513.zip,Tecno Camon 19 Pro CI8,CI8,V904,SOURCE_UNSPECIFIED,MT6781,TECNO,4.51 GB,220513,https://naijarom.com/tecno-camon-19-pro-ci8,pc-fw
Tecno_Camon_19_Pro_CI8_MT6781_V986_220605.zip,Tecno Camon 19 Pro CI8,CI8,V986,SOURCE_UNSPECIFIED,MT6781,TECNO,4.48 GB,220605,https://naijarom.com/tecno-camon-19-pro-ci8,pc-fw
Tecno_Camon_19_Pro_CI8_MT6781_V1262_220905.zip,Tecno Camon 19 Pro CI8,CI8,V1262,SOURCE_UNSPECIFIED,MT6781,TECNO,4.65 GB,220905,https://naijarom.com/tecno-camon-19-pro-ci8,pc-fw
Tecno_Camon_19_Pro_CI8_MT6781_V1360_221010.zip,Tecno Camon 19 Pro CI8,CI8,V1360,SOURCE_UNSPECIFIED,MT6781,TECNO,4.35 GB,221010,https://naijarom.com/tecno-camon-19-pro-ci8,pc-fw
Tecno_Camon_19_Pro_CI8_MT6781_V1466_221202.zip,Tecno Camon 19 Pro CI8,CI8,V1466,SOURCE_UNSPECIFIED,MT6781,TECNO,4.37 GB,221202,https://naijarom.com/tecno-camon-19-pro-ci8,pc-fw
Tecno_Camon_19_Pro_CI8N_MT6781_V2407_221202.zip,Tecno Camon 19 Pro CI8N,CI8N,V2407,SOURCE_UNSPECIFIED,MT6781,TECNO,4.45 GB,221202,https://naijarom.com/tecno-camon-19-pro-ci8n,pc-fw
Tecno_Camon_20_CK6_MT6768_V497_230331.zip,Tecno Camon 20 CK6,CK6,V497,SOURCE_UNSPECIFIED,MT6768,TECNO,4.74 GB,230331,https://naijarom.com/tecno-camon-20-ck6,pc-fw
Tecno_Camon_20_CK6_MT6768_V192_240430.zip,Tecno Camon 20 CK6,CK6,V192,SOURCE_UNSPECIFIED,MT6768,TECNO,6.2 GB,240430,https://naijarom.com/tecno-camon-20-ck6,pc-fw
Tecno_Camon_20_CK6_MT6768_V246_240712.zip,Tecno Camon 20 CK6,CK6,V246,SOURCE_UNSPECIFIED,MT6768,TECNO,6.27 GB,240712,https://naijarom.com/tecno-camon-20-ck6,pc-fw
Tecno_Camon_20_CK6_MT6768_V311_241014.zip,Tecno Camon 20 CK6,CK6,V311,SOURCE_UNSPECIFIED,MT6768,TECNO,6.17 GB,241014,https://naijarom.com/tecno-camon-20-ck6,pc-fw
Tecno_Camon_20_CK6_MT6768_V875_230717.zip,Tecno Camon 20 CK6,CK6,V875,SOURCE_UNSPECIFIED,MT6768,TECNO,4.95 GB,230717,https://naijarom.com/tecno-camon-20-ck6,pc-fw
Tecno_Camon_20_CK6_MT6768_V1192_231018.zip,Tecno Camon 20 CK6,CK6,V1192,SOURCE_UNSPECIFIED,MT6768,TECNO,4.95 GB,231018,https://naijarom.com/tecno-camon-20-ck6,pc-fw
Tecno_Camon_20_CK6_MT6768_V1413_231226.zip,Tecno Camon 20 CK6,CK6,V1413,SOURCE_UNSPECIFIED,MT6768,TECNO,5.10 GB,231226,https://naijarom.com/tecno-camon-20-ck6,pc-fw
Tecno_Camon_20_CK6_MT6768_V1606_240319.zip,Tecno Camon 20 CK6,CK6,V1606,SOURCE_UNSPECIFIED,MT6768,TECNO,5.05 GB,240319,https://naijarom.com/tecno-camon-20-ck6,pc-fw
Tecno_Camon_20_CK6_MT6768_V1666_240417.zip,Tecno Camon 20 CK6,CK6,V1666,SOURCE_UNSPECIFIED,MT6768,TECNO,5.12 GB,240417,https://naijarom.com/tecno-camon-20-ck6,pc-fw
Tecno_Camon_20_CK6NS_MT6768_V183_230531.zip,Tecno Camon 20 CK6NS,CK6NS,V183,SOURCE_UNSPECIFIED,MT6768,TECNO,4.05 GB,230531,https://naijarom.com/tecno-camon-20-ck6ns,pc-fw
Tecno_Camon_20_CK6NS_MT6768_V529_230711.zip,Tecno Camon 20 CK6NS,CK6NS,V529,SOURCE_UNSPECIFIED,MT6768,TECNO,4.38 GB,230711,https://naijarom.com/tecno-camon-20-ck6ns,pc-fw
Tecno_Camon_20_Premier_CK9N_MT6893_V1613_230828.zip,Tecno Camon 20 Premier CK9N,CK9N,V1613,SOURCE_UNSPECIFIED,MT6893,TECNO,5.94 GB,230828,https://naijarom.com/tecno-camon-20-premier-ck9n,pc-fw
Tecno_Camon_20_Premier_CK9N_MT6893_V1901_230911.zip,Tecno Camon 20 Premier CK9N,CK9N,V1901,SOURCE_UNSPECIFIED,MT6893,TECNO,5.98 GB,230911,https://naijarom.com/tecno-camon-20-premier-ck9n,pc-fw
Tecno_Camon_20_Premier_CK9N_MT6893_V4844_240307.zip,Tecno Camon 20 Premier CK9N,CK9N,V4844,SOURCE_UNSPECIFIED,MT6893,TECNO,6.13 GB,240307,https://naijarom.com/tecno-camon-20-premier-ck9n,pc-fw
Tecno_Camon_20_Premier_CK9N_MT6893_V5386_240424.zip,Tecno Camon 20 Premier CK9N,CK9N,V5386,SOURCE_UNSPECIFIED,MT6893,TECNO,6.12 GB,240424,https://naijarom.com/tecno-camon-20-premier-ck9n,pc-fw
Tecno_Camon_20_Premier_5G_CK9N_MT6893_V3718_231209.zip,Tecno Camon 20 Premier 5G CK9N,CK9N,V3718,SOURCE_UNSPECIFIED,MT6893,TECNO,6.18 GB,231209,https://naijarom.com/tecno-camon-20-premier-5g-ck9n,pc-fw
Tecno_Camon_20_Premier_5G_CK9N_MT6893_V4844_240307.zip,Tecno Camon 20 Premier 5G CK9N,CK9N,V4844,SOURCE_UNSPECIFIED,MT6893,TECNO,6.13 GB,240307,https://naijarom.com/tecno-camon-20-premier-5g-ck9n,pc-fw
Tecno_Camon_20_Premier_5G_CK9N_MT6893_V5386_240424.zip,Tecno Camon 20 Premier 5G CK9N,CK9N,V5386,SOURCE_UNSPECIFIED,MT6893,TECNO,6.12 GB,240424,https://naijarom.com/tecno-camon-20-premier-5g-ck9n,pc-fw
Tecno_Camon_20_Pro_5G_CK8N_MT6893_V339_240521.zip,Tecno Camon 20 Pro 5G CK8N,CK8N,V339,SOURCE_UNSPECIFIED,MT6893,TECNO,6.86 GB,240521,https://naijarom.com/tecno-camon-20-pro-5g-ck8n,pc-fw
Tecno_Camon_20_Pro_5G_CK8N_MT6893_V388_240702.zip,Tecno Camon 20 Pro 5G CK8N,CK8N,V388,SOURCE_UNSPECIFIED,MT6893,TECNO,6.9 GB,240702,https://naijarom.com/tecno-camon-20-pro-5g-ck8n,pc-fw
Tecno_Camon_20_Pro_5G_CK8N_MT6893_V472_241029.zip,Tecno Camon 20 Pro 5G CK8N,CK8N,V472,SOURCE_UNSPECIFIED,MT6893,TECNO,6.82 GB,241029,https://naijarom.com/tecno-camon-20-pro-5g-ck8n,pc-fw
Tecno_Camon_20_Pro_5G_CK8N_MT6893_V518_230328.zip,Tecno Camon 20 Pro 5G CK8N,CK8N,V518,SOURCE_UNSPECIFIED,MT6893,TECNO,5.35 GB,230328,https://naijarom.com/tecno-camon-20-pro-5g-ck8n,pc-fw
Tecno_Camon_20_Pro_5G_CK8N_MT6893_V519_230328.zip,Tecno Camon 20 Pro 5G CK8N,CK8N,V519,SOURCE_UNSPECIFIED,MT6893,TECNO,5.35 GB,230328,https://naijarom.com/tecno-camon-20-pro-5g-ck8n,pc-fw
Tecno_Camon_20_Pro_5G_CK8N_MT6893_V1407_230817.zip,Tecno Camon 20 Pro 5G CK8N,CK8N,V1407,SOURCE_UNSPECIFIED,MT6893,TECNO,5.52 GB,230817,https://naijarom.com/tecno-camon-20-pro-5g-ck8n,pc-fw
Tecno_Camon_20_Pro_5G_CK8N_MT6893_V1914_231122.zip,Tecno Camon 20 Pro 5G CK8N,CK8N,V1914,SOURCE_UNSPECIFIED,MT6893,TECNO,5.47 GB,231122,https://naijarom.com/tecno-camon-20-pro-5g-ck8n,pc-fw
Tecno_Camon_20_Pro_5G_CK8N_MT6893_V2288_240315.zip,Tecno Camon 20 Pro 5G CK8N,CK8N,V2288,SOURCE_UNSPECIFIED,MT6893,TECNO,5.72 GB,240315,https://naijarom.com/tecno-camon-20-pro-5g-ck8n,pc-fw
Tecno_Camon_20_Pro_5G_CK8N_MT6893_V2484_240521.zip,Tecno Camon 20 Pro 5G CK8N,CK8N,V2484,SOURCE_UNSPECIFIED,MT6893,TECNO,5.75 GB,240521,https://naijarom.com/tecno-camon-20-pro-5g-ck8n,pc-fw
Tecno_Camon_20_Pro_5G_CK8NB_MT6893_V170_230921.zip,Tecno Camon 20 Pro 5G CK8NB,CK8NB,V170,SOURCE_UNSPECIFIED,MT6893,TECNO,2.86 GB,230921,https://naijarom.com/tecno-camon-20-pro-5g-ck8nb,pc-fw
Tecno_Camon_20_Pro_5G_CK8NB_MT6893_V334_241106.zip,Tecno Camon 20 Pro 5G CK8NB,CK8NB,V334,SOURCE_UNSPECIFIED,MT6893,TECNO,6.86 GB,241106,https://naijarom.com/tecno-camon-20-pro-5g-ck8nb,pc-fw
Tecno_Camon_20_Pro_5G_CK8NB_MT6893_V378_240228.zip,Tecno Camon 20 Pro 5G CK8NB,CK8NB,V378,SOURCE_UNSPECIFIED,MT6893,TECNO,5.73 GB,240228,https://naijarom.com/tecno-camon-20-pro-5g-ck8nb,pc-fw
Tecno_Camon_20s_Pro_5G_CK8NB_MT6893_V334_241106.zip,Tecno Camon 20s Pro 5G CK8NB,CK8NB,V334,SOURCE_UNSPECIFIED,MT6893,TECNO,6.86 GB,241106,https://naijarom.com/tecno-camon-20s-pro-5g-ck8nb,pc-fw
Tecno_Camon_30_CL6_MT6789_15.0.3.127_OP001PF001AZ_270525_MXML.zip,Tecno Camon 30 CL6,CL6,15.0.3.127,OP001PF001AZ,MT6789,TECNO,7.84 GB,270525,https://naijarom.com/tecno-camon-30-cl6,pc-fw
Tecno_Camon_30_CL6_MT6789_15.1.2.128_RU001PF001AZ_251010_MXML.zip,Tecno Camon 30 CL6,CL6,15.1.2.128,RU001PF001AZ,MT6789,TECNO,6.93 GB,251010,https://naijarom.com/tecno-camon-30-cl6,pc-fw
Tecno_Camon_30_CL6_MT6789_15.1.0.139SP03_RU001PF001AZ_280725_MXML.zip,Tecno Camon 30 CL6,CL6,15.1.0.139SP03,RU001PF001AZ,MT6789,TECNO,6.81 GB,280725,https://naijarom.com/tecno-camon-30-cl6,pc-fw
Tecno_Camon_30_CL6_MT6789_15.1.0.139SP03_OP001PF001AZ_270725_MXML.zip,Tecno Camon 30 CL6,CL6,15.1.0.139SP03,OP001PF001AZ,MT6789,TECNO,7.72 GB,270725,https://naijarom.com/tecno-camon-30-cl6,pc-fw
Tecno_Camon_30_CL6_MT6789_15.1.0.159SP01_RU001PF001AZ_MXML.zip,Tecno Camon 30 CL6,CL6,15.1.0.159SP01,SOURCE_UNSPECIFIED,MT6789,TECNO,6.81 GB,,https://naijarom.com/tecno-camon-30-cl6,pc-fw
Tecno_Camon_30_CL6_MT6789_15.1.2.170SP05_TR001PF001AZ_260421_MXML.zip,Tecno Camon 30 CL6,CL6,15.1.2.170SP05,TR001PF001AZ,MT6789,TECNO,7.24 GB,260421,https://naijarom.com/tecno-camon-30-cl6,pc-fw
Tecno_Camon_30_CL6_MT6789_15.1.2.155_RU001PF001AZ_260114_MXML.zip,Tecno Camon 30 CL6,CL6,15.1.2.155,RU001PF001AZ,MT6789,TECNO,6.92 GB,260114,https://naijarom.com/tecno-camon-30-cl6,pc-fw
Tecno_Camon_30_CL6_MT6789_15.1.2.155_TR001PF001AZ_260114_MXML.zip,Tecno Camon 30 CL6,CL6,15.1.2.155,TR001PF001AZ,MT6789,TECNO,7.24 GB,260114,https://naijarom.com/tecno-camon-30-cl6,pc-fw
Tecno_Camon_30_CL6_MT6789_15.1.2.155_OPPJ001PF001PJ_260114_MXML.zip,Tecno Camon 30 CL6,CL6,15.1.2.155,OPPJ001PF001PJ,MT6789,TECNO,7.83 GB,260114,https://naijarom.com/tecno-camon-30-cl6,pc-fw
Tecno_Camon_30_CL6_MT6789_15.1.2.180SP05_RU001PF001AZ_260618_MXML.zip,Tecno Camon 30 CL6,CL6,15.1.2.180SP05,RU001PF001AZ,MT6789,TECNO,6.92 GB,260618,https://naijarom.com/tecno-camon-30-cl6,pc-fw
Tecno_Camon_30_CL6_MT6789_16.3.0.140SP18_OP005PF001AZ_MXML.zip,Tecno Camon 30 CL6,CL6,16.3.0.140SP18,SOURCE_UNSPECIFIED,MT6789,TECNO,8.41 GB,,https://naijarom.com/tecno-camon-30-cl6,pc-fw
Tecno_Camon_30_CL6_MT6789_15.1.2.180SP05_OP001PF001AZ_260618_MXML.zip,Tecno Camon 30 CL6,CL6,15.1.2.180SP05,OP001PF001AZ,MT6789,TECNO,7.83 GB,260618,https://naijarom.com/tecno-camon-30-cl6,pc-fw
Tecno_Camon_30_CL6_MT6789_15.1.2.180SP05_OPPJ001PF001PJ_260618_MXML.zip,Tecno Camon 30 CL6,CL6,15.1.2.180SP05,OPPJ001PF001PJ,MT6789,TECNO,7.84 GB,260618,https://naijarom.com/tecno-camon-30-cl6,pc-fw
Tecno_Camon_30_CL6K_MT6789_15.0.3.126SP02_OP001PF001AZ_240525_MXML.zip,Tecno Camon 30 CL6K,CL6K,15.0.3.126SP02,OP001PF001AZ,MT6789,TECNO,7.86 GB,240525,https://naijarom.com/tecno-camon-30-cl6k,pc-fw
Tecno_Camon_30_CL6K_MT6789_15.1.2.155_OP001PF001AZ_260114_MXML.zip,Tecno Camon 30 CL6K,CL6K,15.1.2.155,OP001PF001AZ,MT6789,TECNO,7.83 GB,260114,https://naijarom.com/tecno-camon-30-cl6k,pc-fw
Tecno_Camon_30_CL6K_MT6789_15.1.0.159SP01_OP001PF001AZ_090925_MXML.zip,Tecno Camon 30 CL6K,CL6K,15.1.0.159SP01,OP001PF001AZ,MT6789,TECNO,7.73 GB,090925,https://naijarom.com/tecno-camon-30-cl6k,pc-fw
Tecno_Camon_30_CL6K_MT6789_15.1.2.180SP05_OP001PF001AZ_260618_MXML.zip,Tecno Camon 30 CL6K,CL6K,15.1.2.180SP05,OP001PF001AZ,MT6789,TECNO,7.82 GB,260618,https://naijarom.com/tecno-camon-30-cl6k,pc-fw
Tecno_Camon_30_5G_CL7_MT6855_15.0.3.127_IN001PF001AZ_260525_MXML.zip,Tecno Camon 30 5G CL7,CL7,15.0.3.127,IN001PF001AZ,MT6855,TECNO,7.55 GB,260525,https://naijarom.com/tecno-camon-30-5g-cl7,pc-fw
Tecno_Camon_30_5G_CL7_MT6855_15.0.3.127_RU001PF001AZ_250526_MXML.zip,Tecno Camon 30 5G CL7,CL7,15.0.3.127,RU001PF001AZ,MT6855,TECNO,7.29 GB,250526,https://naijarom.com/tecno-camon-30-5g-cl7,pc-fw
Tecno_Camon_30_5G_CL7_MT6855_15.1.2.128_RU001PF001AZ_251010_MXML.zip,Tecno Camon 30 5G CL7,CL7,15.1.2.128,RU001PF001AZ,MT6855,TECNO,7.36 GB,251010,https://naijarom.com/tecno-camon-30-5g-cl7,pc-fw
Tecno_Camon_30_5G_CL7_MT6855_15.1.0.138SP05_OP001PF001AZ_180925_MXML.zip,Tecno Camon 30 5G CL7,CL7,15.1.0.138SP05,OP001PF001AZ,MT6855,TECNO,8.21 GB,180925,https://naijarom.com/tecno-camon-30-5g-cl7,pc-fw
Tecno_Camon_30_5G_CL7_MT6855_15.1.2.140SP01_IN001PF001AZ_031225_MXML.zip,Tecno Camon 30 5G CL7,CL7,15.1.2.140SP01,IN001PF001AZ,MT6855,TECNO,7.64 GB,031225,https://naijarom.com/tecno-camon-30-5g-cl7,pc-fw
Tecno_Camon_30_5G_CL7_MT6855_15.1.2.155_IN001PF001AZ_260115_MXML.zip,Tecno Camon 30 5G CL7,CL7,15.1.2.155,IN001PF001AZ,MT6855,TECNO,7.57 GB,260115,https://naijarom.com/tecno-camon-30-5g-cl7,pc-fw
Tecno_Camon_30_5G_CL7_MT6855_15.1.2.170SP07_IN001PF001AZ_260429_MXML.zip,Tecno Camon 30 5G CL7,CL7,15.1.2.170SP07,IN001PF001AZ,MT6855,TECNO,7.58 GB,260429,https://naijarom.com/tecno-camon-30-5g-cl7,pc-fw
Tecno_Camon_30_5G_CL7_MT6855_15.1.2.155_OP001PF001AZ_260115_MXML.zip,Tecno Camon 30 5G CL7,CL7,15.1.2.155,OP001PF001AZ,MT6855,TECNO,8.32 GB,260115,https://naijarom.com/tecno-camon-30-5g-cl7,pc-fw
Tecno_Camon_30_5G_CL7_MT6855_15.1.2.155_RU001PF001AZ_260115_MXML.zip,Tecno Camon 30 5G CL7,CL7,15.1.2.155,RU001PF001AZ,MT6855,TECNO,7.38 GB,260115,https://naijarom.com/tecno-camon-30-5g-cl7,pc-fw
Tecno_Camon_30_5G_CL7_MT6855_15.1.2.155_TR001PF001AZ_260115_MXML.zip,Tecno Camon 30 5G CL7,CL7,15.1.2.155,TR001PF001AZ,MT6855,TECNO,7.71 GB,260115,https://naijarom.com/tecno-camon-30-5g-cl7,pc-fw
Tecno_Camon_30_5G_CL7K_MT6855_15.0.3.127_IN001PF001AZ_270525_MXML.zip,Tecno Camon 30 5G CL7K,CL7K,15.0.3.127,IN001PF001AZ,MT6855,TECNO,7.55 GB,270525,https://naijarom.com/tecno-camon-30-5g-cl7k,pc-fw
Tecno_Camon_30_5G_CL7K_MT6855_15.1.2.140SP01_IN001PF001AZ_031225_MXML.zip,Tecno Camon 30 5G CL7K,CL7K,15.1.2.140SP01,IN001PF001AZ,MT6855,TECNO,7.64 GB,031225,https://naijarom.com/tecno-camon-30-5g-cl7k,pc-fw
Tecno_Camon_30_5G_CL7K_MT6855_15.1.2.155_IN001PF001AZ_260115_MXML.zip,Tecno Camon 30 5G CL7K,CL7K,15.1.2.155,IN001PF001AZ,MT6855,TECNO,7.57 GB,260115,https://naijarom.com/tecno-camon-30-5g-cl7k,pc-fw
Tecno_Camon_30_5G_CL7K_MT6855_15.1.2.170SP07_IN001PF001AZ_260429_MXML.zip,Tecno Camon 30 5G CL7K,CL7K,15.1.2.170SP07,IN001PF001AZ,MT6855,TECNO,7.58 GB,260429,https://naijarom.com/tecno-camon-30-5g-cl7k,pc-fw
Tecno_Camon_30_Pro_CL8_MT6895_15.0.3.121SP01_OP001PF001AZ_290425_MXML.zip,Tecno Camon 30 Pro CL8,CL8,15.0.3.121SP01,OP001PF001AZ,MT6895,TECNO,8.82 GB,290425,https://naijarom.com/tecno-camon-30-pro-cl8,pc-fw
Tecno_Camon_30_Pro_CL8_MT6895_15.0.3.130_RU001PF001AZ_160625_MXML.zip,Tecno Camon 30 Pro CL8,CL8,15.0.3.130,RU001PF001AZ,MT6895,TECNO,7.28 GB,160625,https://naijarom.com/tecno-camon-30-pro-cl8,pc-fw
Tecno_Camon_30_Pro_CL8_MT6895_15.0.3.130_OP001PF001AZ_180625_MXML.zip,Tecno Camon 30 Pro CL8,CL8,15.0.3.130,OP001PF001AZ,MT6895,TECNO,8.17 GB,180625,https://naijarom.com/tecno-camon-30-pro-cl8,pc-fw
Tecno_Camon_30_Pro_CL8_MT6895_15.1.2.155SP11_TR001PF001AZ_050226_MXML.zip,Tecno Camon 30 Pro CL8,CL8,15.1.2.155SP11,TR001PF001AZ,MT6895,TECNO,7.30 GB,050226,https://naijarom.com/tecno-camon-30-pro-cl8,pc-fw
Tecno_Camon_30_Pro_CL8_MT6895_15.1.2.155SP11_RU001PF001AZ_050226_MXML.zip,Tecno Camon 30 Pro CL8,CL8,15.1.2.155SP11,RU001PF001AZ,MT6895,TECNO,6.98 GB,050226,https://naijarom.com/tecno-camon-30-pro-cl8,pc-fw
Tecno_Camon_30_Pro_CL8_MT6895_15.1.2.155SP11_OP001PF001AZ_260205_MXML.zip,Tecno Camon 30 Pro CL8,CL8,15.1.2.155SP11,OP001PF001AZ,MT6895,TECNO,7.87 GB,260205,https://naijarom.com/tecno-camon-30-pro-cl8,pc-fw
Tecno_Camon_30_Pro_CL8_MT6895_15.1.0.161SP02_RU001PF001AZ_251020_MXML.zip,Tecno Camon 30 Pro CL8,CL8,15.1.0.161SP02,RU001PF001AZ,MT6895,TECNO,7.23 GB,251020,https://naijarom.com/tecno-camon-30-pro-cl8,pc-fw
Tecno_Camon_30_Pro_CL8_MT6895_15.1.2.170SP05_RU001PF001AZ_260422_MXML.zip,Tecno Camon 30 Pro CL8,CL8,15.1.2.170SP05,RU001PF001AZ,MT6895,TECNO,6.96 GB,260422,https://naijarom.com/tecno-camon-30-pro-cl8,pc-fw
Tecno_Camon_30_Pro_CL8_MT6895_15.1.2.170SP05_TR001PF001AZ_220426_MXML.zip,Tecno Camon 30 Pro CL8,CL8,15.1.2.170SP05,TR001PF001AZ,MT6895,TECNO,7.26 GB,220426,https://naijarom.com/tecno-camon-30-pro-cl8,pc-fw
Tecno_Camon_30_Premier_5G_CL9_MT6895_15.0.3.117SP01_OP001PF001AZ_220425_MXML.zip,Tecno Camon 30 Premier 5G CL9,CL9,15.0.3.117SP01,OP001PF001AZ,MT6895,TECNO,8.37 GB,220425,https://naijarom.com/tecno-camon-30-premier-5g-cl9,pc-fw
Tecno_Camon_30_Premier_5G_CL9_MT6895_15.0.3.127SP01_OP001PF001AZ_280525_MXML.zip,Tecno Camon 30 Premier 5G CL9,CL9,15.0.3.127SP01,OP001PF001AZ,MT6895,TECNO,8.32 GB,280525,https://naijarom.com/tecno-camon-30-premier-5g-cl9,pc-fw
Tecno_Camon_30_Premier_5G_CL9_MT6895_15.1.2.129SP01_IN001PF001AZ_251017_MXML.zip,Tecno Camon 30 Premier 5G CL9,CL9,15.1.2.129SP01,IN001PF001AZ,MT6895,TECNO,7.68 GB,251017,https://naijarom.com/tecno-camon-30-premier-5g-cl9,pc-fw
Tecno_Camon_30_Premier_5G_CL9_MT6895_15.1.0.139_OP001PF001AZ_150725_MXML.zip,Tecno Camon 30 Premier 5G CL9,CL9,15.1.0.139,OP001PF001AZ,MT6895,TECNO,8.28 GB,150725,https://naijarom.com/tecno-camon-30-premier-5g-cl9,pc-fw
Tecno_Camon_30_Premier_5G_CL9_MT6895_15.1.2.155_IN001PF001AZ_260114_MXML.zip,Tecno Camon 30 Premier 5G CL9,CL9,15.1.2.155,IN001PF001AZ,MT6895,TECNO,7.66 GB,260114,https://naijarom.com/tecno-camon-30-premier-5g-cl9,pc-fw
Tecno_Camon_30_Premier_5G_CL9_MT6895_15.1.0.159SP01_RU001PF001AZ_250909_MXML.zip,Tecno Camon 30 Premier 5G CL9,CL9,15.1.0.159SP01,RU001PF001AZ,MT6895,TECNO,7.35 GB,250909,https://naijarom.com/tecno-camon-30-premier-5g-cl9,pc-fw
Tecno_Camon_30_Premier_5G_CL9_MT6895_15.1.2.170SP05_IN001PF001AZ_260422_MXML.zip,Tecno Camon 30 Premier 5G CL9,CL9,15.1.2.170SP05,IN001PF001AZ,MT6895,TECNO,7.58 GB,260422,https://naijarom.com/tecno-camon-30-premier-5g-cl9,pc-fw
Tecno_Camon_30_Premier_5G_CL9_MT6895_15.1.2.170SP05_OP001PF001AZ_260422_MXML.zip,Tecno Camon 30 Premier 5G CL9,CL9,15.1.2.170SP05,OP001PF001AZ,MT6895,TECNO,8.31 GB,260422,https://naijarom.com/tecno-camon-30-premier-5g-cl9,pc-fw
Tecno_Camon_30_Premier_5G_CL9_MT6895_15.1.2.170SP05_RU001PF001AZ_260422_MXML.zip,Tecno Camon 30 Premier 5G CL9,CL9,15.1.2.170SP05,RU001PF001AZ,MT6895,TECNO,7.40 GB,260422,https://naijarom.com/tecno-camon-30-premier-5g-cl9,pc-fw
Tecno_Camon_30S_CLA5_MT6789_15.0.3.117SP03_OP001PF001AZ_280425_MXML.zip,Tecno Camon 30S CLA5,CLA5,15.0.3.117SP03,OP001PF001AZ,MT6789,TECNO,7.97 GB,280425,https://naijarom.com/tecno-camon-30s-cla5,pc-fw
Tecno_Camon_30S_CLA5_MT6789_15.0.3.127SP03_OP001PF001AZ_120625_MXML.zip,Tecno Camon 30S CLA5,CLA5,15.0.3.127SP03,OP001PF001AZ,MT6789,TECNO,7.92 GB,120625,https://naijarom.com/tecno-camon-30s-cla5,pc-fw
Tecno_Camon_30S_CLA5_MT6789_15.1.2.129_RU001PF001AZ_251014_MXML.zip,Tecno Camon 30S CLA5,CLA5,15.1.2.129,RU001PF001AZ,MT6789,TECNO,7.03 GB,251014,https://naijarom.com/tecno-camon-30s-cla5,pc-fw
Tecno_Camon_30S_CLA5_MT6789_15.1.2.129_OP001PF001AZ_141025_MXML.zip,Tecno Camon 30S CLA5,CLA5,15.1.2.129,OP001PF001AZ,MT6789,TECNO,7.95 GB,141025,https://naijarom.com/tecno-camon-30s-cla5,pc-fw
Tecno_Camon_30S_CLA5_MT6789_15.1.0.136SP02_OP001PF001AZ_300725_MXML.zip,Tecno Camon 30S CLA5,CLA5,15.1.0.136SP02,OP001PF001AZ,MT6789,TECNO,7.87 GB,300725,https://naijarom.com/tecno-camon-30s-cla5,pc-fw
Tecno_Camon_30S_CLA5_MT6789_15.1.0.136SP02_RU001PF001AZ_300725_MXML.zip,Tecno Camon 30S CLA5,CLA5,15.1.0.136SP02,RU001PF001AZ,MT6789,TECNO,6.94 GB,300725,https://naijarom.com/tecno-camon-30s-cla5,pc-fw
Tecno_Camon_30S_CLA5_MT6789_15.1.2.155_OP001PF001AZ_260114_MXML.zip,Tecno Camon 30S CLA5,CLA5,15.1.2.155,OP001PF001AZ,MT6789,TECNO,7.97 GB,260114,https://naijarom.com/tecno-camon-30s-cla5,pc-fw
Tecno_Camon_30S_CLA5_MT6789_15.1.2.155_RU001PF001AZ_260114_MXML.zip,Tecno Camon 30S CLA5,CLA5,15.1.2.155,RU001PF001AZ,MT6789,TECNO,7.05 GB,260114,https://naijarom.com/tecno-camon-30s-cla5,pc-fw
Tecno_Camon_30S_CLA5_MT6789_15.1.2.155_TR001PF001AZ_260114_MXML.zip,Tecno Camon 30S CLA5,CLA5,15.1.2.155,TR001PF001AZ,MT6789,TECNO,7.37 GB,260114,https://naijarom.com/tecno-camon-30s-cla5,pc-fw
Tecno_Camon_30S_CLA5_MT6789_16.3.0.140SP09_OP003PF001AZ_MXML.zip,Tecno Camon 30S CLA5,CLA5,16.3.0.140SP09,SOURCE_UNSPECIFIED,MT6789,TECNO,9.33 GB,,https://naijarom.com/tecno-camon-30s-cla5,pc-fw
Tecno_Camon_30S_CLA5_MT6789_15.1.0.159SP01_RU001PF001AZ_250909_MXML.zip,Tecno Camon 30S CLA5,CLA5,15.1.0.159SP01,RU001PF001AZ,MT6789,TECNO,6.94 GB,250909,https://naijarom.com/tecno-camon-30s-cla5,pc-fw
Tecno_Camon_30S_CLA5_MT6789_15.1.0.159SP01_OP001PF001AZ_090925_MXML.zip,Tecno Camon 30S CLA5,CLA5,15.1.0.159SP01,OP001PF001AZ,MT6789,TECNO,7.86 GB,090925,https://naijarom.com/tecno-camon-30s-cla5,pc-fw
Tecno_Camon_30S_CLA5_MT6789_15.1.2.170SP05_OP001PF001AZ_260421_MXML.zip,Tecno Camon 30S CLA5,CLA5,15.1.2.170SP05,OP001PF001AZ,MT6789,TECNO,7.94 GB,260421,https://naijarom.com/tecno-camon-30s-cla5,pc-fw
Tecno_Camon_30S_CLA5_MT6789_15.1.2.170SP05_TR001PF001AZ_260421_MXML.zip,Tecno Camon 30S CLA5,CLA5,15.1.2.170SP05,TR001PF001AZ,MT6789,TECNO,7.36 GB,260421,https://naijarom.com/tecno-camon-30s-cla5,pc-fw
Tecno_Camon_30S_Pro_CLA6_MT6789_15.0.3.127SP01_OP001PF001AZ_290525_MXML.zip,Tecno Camon 30S Pro CLA6,CLA6,15.0.3.127SP01,OP001PF001AZ,MT6789,TECNO,7.89 GB,290525,https://naijarom.com/tecno-camon-30s-pro-cla6,pc-fw
Tecno_Camon_30S_Pro_CLA6_MT6789_15.1.0.136SP02_RU001PF001AZ_300725_MXML.zip,Tecno Camon 30S Pro CLA6,CLA6,15.1.0.136SP02,RU001PF001AZ,MT6789,TECNO,6.91 GB,300725,https://naijarom.com/tecno-camon-30s-pro-cla6,pc-fw
Tecno_Camon_30S_Pro_CLA6_MT6789_15.1.0.136SP02_TR001PF001AZ_300725_MXML.zip,Tecno Camon 30S Pro CLA6,CLA6,15.1.0.136SP02,TR001PF001AZ,MT6789,TECNO,7.24 GB,300725,https://naijarom.com/tecno-camon-30s-pro-cla6,pc-fw
Tecno_Camon_30S_Pro_CLA6_MT6789_15.1.2.155_RU001PF001AZ_260114_MXML.zip,Tecno Camon 30S Pro CLA6,CLA6,15.1.2.155,RU001PF001AZ,MT6789,TECNO,7.02 GB,260114,https://naijarom.com/tecno-camon-30s-pro-cla6,pc-fw
Tecno_Camon_30S_Pro_CLA6_MT6789_15.1.2.155_TR001PF001AZ_260114_MXML.zip,Tecno Camon 30S Pro CLA6,CLA6,15.1.2.155,TR001PF001AZ,MT6789,TECNO,7.34 GB,260114,https://naijarom.com/tecno-camon-30s-pro-cla6,pc-fw
Tecno_Camon_30S_Pro_CLA6_MT6789_16.3.0.140SP09_OP004PF001AZ_MXML.zip,Tecno Camon 30S Pro CLA6,CLA6,16.3.0.140SP09,SOURCE_UNSPECIFIED,MT6789,TECNO,9.40 GB,,https://naijarom.com/tecno-camon-30s-pro-cla6,pc-fw
Tecno_Camon_30S_Pro_CLA6_MT6789_15.1.0.159SP01_OP001PF001AZ_190925_MXML.zip,Tecno Camon 30S Pro CLA6,CLA6,15.1.0.159SP01,OP001PF001AZ,MT6789,TECNO,7.83 GB,190925,https://naijarom.com/tecno-camon-30s-pro-cla6,pc-fw
Tecno_Camon_40_CM5_15.0.2.115SP06_OP001PF001AZ_220425_MXML.zip,Tecno Camon 40 CM5,CM5,15.0.2.115SP06,OP001PF001AZ,,TECNO,9.25 GB,220425,https://naijarom.com/tecno-camon-40-cm5,pc-fw
Tecno_Camon_40_CM5_MT6789_15.0.3.128_OP001PF001AZ_Open_Market_050625_MXML.zip,Tecno Camon 40 CM5,CM5,15.0.3.128,SOURCE_UNSPECIFIED,MT6789,TECNO,9.36 GB,,https://naijarom.com/tecno-camon-40-cm5,pc-fw
Tecno_Camon_40_CM5_MT6789_16.2.0.135SP22_TR005PF001AZ_MXML.zip,Tecno Camon 40 CM5,CM5,16.2.0.135SP22,SOURCE_UNSPECIFIED,MT6789,TECNO,9.63 GB,,https://naijarom.com/tecno-camon-40-cm5,pc-fw
Tecno_Camon_40_CM5_MT6789_15.1.0.155SP03_RU001PF001AZ_250409_MXML.zip,Tecno Camon 40 CM5,CM5,15.1.0.155SP03,RU001PF001AZ,MT6789,TECNO,8.65 GB,250409,https://naijarom.com/tecno-camon-40-cm5,pc-fw
Tecno_Camon_40_CM5_MT6789_15.1.2.145SP10_OP001PF001AZ_260116_MXML.zip,Tecno Camon 40 CM5,CM5,15.1.2.145SP10,OP001PF001AZ,MT6789,TECNO,9.66 GB,260116,https://naijarom.com/tecno-camon-40-cm5,pc-fw
Tecno_Camon_40_CM5_MT6789_15.1.2.145SP10_RU001PF001AZ_260116_MXML.zip,Tecno Camon 40 CM5,CM5,15.1.2.145SP10,RU001PF001AZ,MT6789,TECNO,8.81 GB,260116,https://naijarom.com/tecno-camon-40-cm5,pc-fw
Tecno_Camon_40_CM5_MT6789_15.0.1.109SP05_OP001PF001AZ_250120_MXML.zip,Tecno Camon 40 CM5,CM5,15.0.1.109SP05,OP001PF001AZ,MT6789,TECNO,9.20 GB,250120,https://naijarom.com/tecno-camon-40-cm5,pc-fw
Tecno_Camon_40_CM5_MT6789_15.1.2.128SP01_TR001PF001AZ_251105_MXML.zip,Tecno Camon 40 CM5,CM5,15.1.2.128SP01,TR001PF001AZ,MT6789,TECNO,8.93 GB,251105,https://naijarom.com/tecno-camon-40-cm5,pc-fw
Tecno_Camon_40_CM5_MT6789_16.2.0.150SP11_OP005PF001AZ_MXML.zip,Tecno Camon 40 CM5,CM5,16.2.0.150SP11,SOURCE_UNSPECIFIED,MT6789,TECNO,10.25 GB,,https://naijarom.com/tecno-camon-40-cm5,pc-fw
Tecno_Camon_40_4G_CM5_MT6789_15.0.3.122SP05_250507_MXML.zip,Tecno Camon 40 4G CM5,CM5,15.0.3.122SP05,SOURCE_UNSPECIFIED,MT6789,TECNO,9.35 GB,,https://naijarom.com/tecno-camon-40-4g-cm5,pc-fw
Tecno_Camon_40_4G_CM5_MT6789_15.0.2.115SP10_OP001PF001AZ_010525_MXML.zip,Tecno Camon 40 4G CM5,CM5,15.0.2.115SP10,OP001PF001AZ,MT6789,TECNO,1.45 GB,010525,https://naijarom.com/tecno-camon-40-4g-cm5,pc-fw
Tecno_Camon_40_4G_CM5_MT6789_15.0.2.115SP01_OP001PF001AZ_270325_MXML.zip,Tecno Camon 40 4G CM5,CM5,15.0.2.115SP01,OP001PF001AZ,MT6789,TECNO,9.25 GB,270325,https://naijarom.com/tecno-camon-40-4g-cm5,pc-fw
Tecno_Camon_40_4G_CM5_MT6789_15.0.3.128_OP001PF001AZ_Open_Market_050625_MXML.zip,Tecno Camon 40 4G CM5,CM5,15.0.3.128,SOURCE_UNSPECIFIED,MT6789,TECNO,9.36 GB,,https://naijarom.com/tecno-camon-40-4g-cm5,pc-fw
Tecno_Camon_40_4G_CM5_MT6789_15.1.0.155SP03_OP001PF001AZ_040925_MXML.zip,Tecno Camon 40 4G CM5,CM5,15.1.0.155SP03,OP001PF001AZ,MT6789,TECNO,9.43 GB,040925,https://naijarom.com/tecno-camon-40-4g-cm5,pc-fw
Tecno_Camon_40_4G_CM5_MT6789_15.1.0.155SP03_RU001PF001AZ_040925_MXML.zip,Tecno Camon 40 4G CM5,CM5,15.1.0.155SP03,RU001PF001AZ,MT6789,TECNO,8.65 GB,040925,https://naijarom.com/tecno-camon-40-4g-cm5,pc-fw
Tecno_Camon_40_4G_CM5_MT6789_15.1.2.128_RU001PF001AZ_111025_MXML.zip,Tecno Camon 40 4G CM5,CM5,15.1.2.128,RU001PF001AZ,MT6789,TECNO,8.78 GB,111025,https://naijarom.com/tecno-camon-40-4g-cm5,pc-fw
Tecno_Camon_40_4G_CM5_MT6789_16.2.0.135SP22_OPPJ005PF001PJ_MXML.zip,Tecno Camon 40 4G CM5,CM5,16.2.0.135SP22,SOURCE_UNSPECIFIED,MT6789,TECNO,9.66 GB,,https://naijarom.com/tecno-camon-40-4g-cm5,pc-fw
Tecno_Camon_40_4G_CM5_MT6789_15.1.2.145SP10_OP001PF001AZ_260116_MXML.zip,Tecno Camon 40 4G CM5,CM5,15.1.2.145SP10,OP001PF001AZ,MT6789,TECNO,9.66 GB,260116,https://naijarom.com/tecno-camon-40-4g-cm5,pc-fw
Tecno_Camon_40_4G_CM5_MT6789_15.1.2.145SP10_RU001PF001AZ_260116_MXML.zip,Tecno Camon 40 4G CM5,CM5,15.1.2.145SP10,RU001PF001AZ,MT6789,TECNO,8.81 GB,260116,https://naijarom.com/tecno-camon-40-4g-cm5,pc-fw
Tecno_Camon_40_4G_CM5_MT6789_15.0.1.109SP05_OP001PF001AZ_250120_MXML.zip,Tecno Camon 40 4G CM5,CM5,15.0.1.109SP05,OP001PF001AZ,MT6789,TECNO,9.2 GB,250120,https://naijarom.com/tecno-camon-40-4g-cm5,pc-fw
Tecno_Camon_40_4G_CM5_MT6789_15.1.2.128SP01_TR001PF001AZ_251105_MXML.zip,Tecno Camon 40 4G CM5,CM5,15.1.2.128SP01,TR001PF001AZ,MT6789,TECNO,8.93 GB,251105,https://naijarom.com/tecno-camon-40-4g-cm5,pc-fw
Tecno_Camon_40_4G_CM5_MT6789_16.2.0.150SP11_OP005PF001AZ_MXML.zip,Tecno Camon 40 4G CM5,CM5,16.2.0.150SP11,SOURCE_UNSPECIFIED,MT6789,TECNO,10.25 GB,,https://naijarom.com/tecno-camon-40-4g-cm5,pc-fw
Tecno_Camon_40_Premier_5G_CM8_MT6897_15.0.3.116SP02_OP001PF001AZ_180425_MXML.zip,Tecno Camon 40 Premier 5G CM8,CM8,15.0.3.116SP02,OP001PF001AZ,MT6897,TECNO,9.47 GB,180425,https://naijarom.com/tecno-camon-40-premier-5g-cm8,pc-fw
Tecno_Camon_40_Premier_5G_CM8_MT6897_15.0.3.123SP05_OP001PF001AZ_140525_MXML.zip,Tecno Camon 40 Premier 5G CM8,CM8,15.0.3.123SP05,OP001PF001AZ,MT6897,TECNO,9.48 GB,140525,https://naijarom.com/tecno-camon-40-premier-5g-cm8,pc-fw
Tecno_Camon_40_Premier_CM8_MT6897_15.1.2.129SP02_RU001PF001AZ_251027_MXML.zip,Tecno Camon 40 Premier 5G CM8,CM8,15.1.2.129SP02,RU001PF001AZ,MT6897,TECNO,8.93 GB,251027,https://naijarom.com/tecno-camon-40-premier-5g-cm8,pc-fw
Tecno_Camon_40_Premier_5G_CM8_MT6897_15.1.0.139SP01_OP001PF001AZ_220725_MXML.zip,Tecno Camon 40 Premier 5G CM8,CM8,15.1.0.139SP01,OP001PF001AZ,MT6897,TECNO,9.44 GB,220725,https://naijarom.com/tecno-camon-40-premier-5g-cm8,pc-fw
Tecno_Camon_40_Premier_5G_CM8_MT6897_16.2.0.145SP01_OP002PF001AZ_260520_MXML.zip,Tecno Camon 40 Premier 5G CM8,CM8,16.2.0.145SP01,OP002PF001AZ,MT6897,TECNO,11.18 GB,260520,https://naijarom.com/tecno-camon-40-premier-5g-cm8,pc-fw
Tecno_Camon_40_Premier_5G_CM8_MT6897_16.2.0.145SP05_RU004PF001AZ_260520_MXML.zip,Tecno Camon 40 Premier 5G CM8,CM8,16.2.0.145SP05,RU004PF001AZ,MT6897,TECNO,10.39 GB,260520,https://naijarom.com/tecno-camon-40-premier-5g-cm8,pc-fw
Tecno_Camon_40_Premier_5G_CM8_MT6897_16.2.0.145SP05_TR004PF001AZ_MXML.zip,Tecno Camon 40 Premier 5G CM8,CM8,16.2.0.145SP05,SOURCE_UNSPECIFIED,MT6897,TECNO,10.57 GB,,https://naijarom.com/tecno-camon-40-premier-5g-cm8,pc-fw
Tecno_Camon_40_Premier_5G_CM8_16.2.0.150SP14_OP005PF001AZ_MXML.zip,Tecno Camon 40 Premier 5G CM8,CM8,16.2.0.150SP14,SOURCE_UNSPECIFIED,,TECNO,11.10 GB,,https://naijarom.com/tecno-camon-40-premier-5g-cm8,pc-fw
Tecno_Camon_40_Premier_5G_CM8_MT6897_15.1.0.155SP03_RU001PF001AZ_250904_MXML.zip,Tecno Camon 40 Premier 5G CM8,CM8,15.1.0.155SP03,RU001PF001AZ,MT6897,TECNO,8.79 GB,250904,https://naijarom.com/tecno-camon-40-premier-5g-cm8,pc-fw
Tecno_Camon_40_Premier_5G_CM8_MT6897_15.1.0.155SP03_TR001PF001AZ_040925_MXML.zip,Tecno Camon 40 Premier 5G CM8,CM8,15.1.0.155SP03,TR001PF001AZ,MT6897,TECNO,8.94 GB,040925,https://naijarom.com/tecno-camon-40-premier-5g-cm8,pc-fw
Tecno_Camon_40_Premier_5G_CM8_MT6897_15.1.0.155SP03_OP001PF001AZ_040925_MXML.zip,Tecno Camon 40 Premier 5G CM8,CM8,15.1.0.155SP03,OP001PF001AZ,MT6897,TECNO,9.61 GB,040925,https://naijarom.com/tecno-camon-40-premier-5g-cm8,pc-fw
Tecno_Camon_40_Premier_5G_CM8_MT6897_15.1.2.155SP05_OP001PF001AZ_260122_MXML.zip,Tecno Camon 40 Premier 5G CM8,CM8,15.1.2.155SP05,OP001PF001AZ,MT6897,TECNO,9.92 GB,260122,https://naijarom.com/tecno-camon-40-premier-5g-cm8,pc-fw
Tecno_Camon_40_Premier_5G_CM8_15.1.2.155SP05_COCL001PF001AZ_260626_MXML.zip,Tecno Camon 40 Premier 5G CM8,CM8,15.1.2.155SP05,COCL001PF001AZ,,TECNO,8.98 GB,260626,https://naijarom.com/tecno-camon-40-premier-5g-cm8,pc-fw
Tecno_Camon_40_Premier_5G_CM8_MT6897_15.1.2.165SP12_RU001PF001AZ_260414_MXML.zip,Tecno Camon 40 Premier 5G CM8,CM8,15.1.2.165SP12,RU001PF001AZ,MT6897,TECNO,8.94 GB,260414,https://naijarom.com/tecno-camon-40-premier-5g-cm8,pc-fw
Tecno_Camon_40_Premier_5G_CM8_MT6897_15.1.2.165SP12_TR001PF001AZ_260414_MXML.zip,Tecno Camon 40 Premier 5G CM8,CM8,15.1.2.165SP12,TR001PF001AZ,MT6897,TECNO,9.09 GB,260414,https://naijarom.com/tecno-camon-40-premier-5g-cm8,pc-fw
Tecno_Camon_40_Premier_5G_CM8_15.1.2.165SP12_OP001PF001AZ_260414_MXML.zip,Tecno Camon 40 Premier 5G CM8,CM8,15.1.2.165SP12,OP001PF001AZ,,TECNO,9.90 GB,260414,https://naijarom.com/tecno-camon-40-premier-5g-cm8,pc-fw
Tecno_Camon_40_Premier_5G_CM8_MT6897_15.0.3.129SP16_COCL001PF001AZ_250703_MXML.zip,Tecno Camon 40 Premier 5G CM8,CM8,15.0.3.129SP16,COCL001PF001AZ,MT6897,TECNO,9.12 GB,250703,https://naijarom.com/tecno-camon-40-premier-5g-cm8,pc-fw
Tecno_Camon_40_Premier_5G_CM8_MT6897_15.1.0.139SP03_OP001PF001AZ_250801_MXML.zip,Tecno Camon 40 Premier 5G CM8,CM8,15.1.0.139SP03,OP001PF001AZ,MT6897,TECNO,9.44 GB,250801,https://naijarom.com/tecno-camon-40-premier-5g-cm8,pc-fw
Tecno_Camon_40_Premier_5G_CM8_MT6897_15.1.2.129SP05_COCL001PF001AZ_251113_MXML.zip,Tecno Camon 40 Premier 5G CM8,CM8,15.1.2.129SP05,COCL001PF001AZ,MT6897,TECNO,9.07 GB,251113,https://naijarom.com/tecno-camon-40-premier-5g-cm8,pc-fw
Tecno_Camon_40_Premier_5G_CM8_MT6897_15.1.2.155SP05_RU001PF001AZ_260122_MXML.zip,Tecno Camon 40 Premier 5G CM8,CM8,15.1.2.155SP05,RU001PF001AZ,MT6897,TECNO,8.95 GB,260122,https://naijarom.com/tecno-camon-40-premier-5g-cm8,pc-fw
Tecno_Camon_40_Premier_5G_CM8_MT6897_15.1.2.155SP05_TR001PF001AZ_260122_MXML.zip,Tecno Camon 40 Premier 5G CM8,CM8,15.1.2.155SP05,TR001PF001AZ,MT6897,TECNO,9.11 GB,260122,https://naijarom.com/tecno-camon-40-premier-5g-cm8,pc-fw
Tecno_Camon_40_Pro_CM6_MT6789_15.0.1.112SP05_OP001PF001AZ_250211_MXML.zip,Tecno Camon 40 Pro CM6,CM6,15.0.1.112SP05,OP001PF001AZ,MT6789,TECNO,9.10 GB,250211,https://naijarom.com/tecno-camon-40-pro-cm6,pc-fw
Tecno_Camon_40_Pro_CM6_MT6789_15.0.1.113SP03_RU001PF001AZ_160325_MXML.zip,Tecno Camon 40 Pro CM6,CM6,15.0.1.113SP03,RU001PF001AZ,MT6789,TECNO,8.32 GB,160325,https://naijarom.com/tecno-camon-40-pro-cm6,pc-fw
Tecno_Camon_40_Pro_CM6_MT6789_15.0.2.115SP01_OP001PF001AZ_270325_MXML.zip,Tecno Camon 40 Pro CM6,CM6,15.0.2.115SP01,OP001PF001AZ,MT6789,TECNO,9.15 GB,270325,https://naijarom.com/tecno-camon-40-pro-cm6,pc-fw
Tecno_Camon_40_Pro_CM6_MT6789_15.0.2.115SP06_OP001PF001AZ_220425_MXML.zip,Tecno Camon 40 Pro CM6,CM6,15.0.2.115SP06,OP001PF001AZ,MT6789,TECNO,9.15 GB,220425,https://naijarom.com/tecno-camon-40-pro-cm6,pc-fw
Tecno_Camon_40_Pro_CM6_MT6789_15.0.3.122SP15_OP001PF001AZ_290525_MXML.zip,Tecno Camon 40 Pro CM6,CM6,15.0.3.122SP15,OP001PF001AZ,MT6789,TECNO,9.25 GB,290525,https://naijarom.com/tecno-camon-40-pro-cm6,pc-fw
Tecno_Camon_40_Pro_CM6_MT6789_15.0.3.128_OP001PF001AZ_050625_MXML.zip,Tecno Camon 40 Pro CM6,CM6,15.0.3.128,OP001PF001AZ,MT6789,TECNO,9.27 GB,050625,https://naijarom.com/tecno-camon-40-pro-cm6,pc-fw
Tecno_Camon_40_Pro_CM6_MT6789_15.0.3.122SP05_OP001PF001AZ_Open_Market_070525_MXML.zip,Tecno Camon 40 Pro CM6,CM6,15.0.3.122SP05,SOURCE_UNSPECIFIED,MT6789,TECNO,9.25 GB,,https://naijarom.com/tecno-camon-40-pro-cm6,pc-fw
Tecno_Camon_40_Pro_CM6_MT6789_15.1.0.155SP03_OP001PF001AZ_040925_MXML.zip,Tecno Camon 40 Pro CM6,CM6,15.1.0.155SP03,OP001PF001AZ,MT6789,TECNO,9.35 GB,040925,https://naijarom.com/tecno-camon-40-pro-cm6,pc-fw
Tecno_Camon_40_Pro_CM6_MT6789_15.1.0.155SP03_RU001PF001AZ_040925_MXML.zip,Tecno Camon 40 Pro CM6,CM6,15.1.0.155SP03,RU001PF001AZ,MT6789,TECNO,8.57 GB,040925,https://naijarom.com/tecno-camon-40-pro-cm6,pc-fw
Tecno_Camon_40_Pro_CM6_MT6789_15.1.0.155SP05_OPPJ001PF001PJ_160925_MXML.zip,Tecno Camon 40 Pro CM6,CM6,15.1.0.155SP05,OPPJ001PF001PJ,MT6789,TECNO,9.36 GB,160925,https://naijarom.com/tecno-camon-40-pro-cm6,pc-fw
Tecno_Camon_40_Pro_CM6_MT6789_15.1.2.128_OP001PF001AZ_101025_MXML.zip,Tecno Camon 40 Pro CM6,CM6,15.1.2.128,OP001PF001AZ,MT6789,TECNO,9.62 GB,101025,https://naijarom.com/tecno-camon-40-pro-cm6,pc-fw
Tecno_Camon_40_Pro_CM6_MT6789_15.1.2.128_RU001PF001AZ_101025_MXML.zip,Tecno Camon 40 Pro CM6,CM6,15.1.2.128,RU001PF001AZ,MT6789,TECNO,8.69 GB,101025,https://naijarom.com/tecno-camon-40-pro-cm6,pc-fw
Tecno_Camon_40_Pro_CM6_MT6789_16.2.0.135SP22_OPPJ008PF001PJ_MXML.zip,Tecno Camon 40 Pro CM6,CM6,16.2.0.135SP22,SOURCE_UNSPECIFIED,MT6789,TECNO,10.39 GB,,https://naijarom.com/tecno-camon-40-pro-cm6,pc-fw
Tecno_Camon_40_Pro_CM6_MT6789_15.1.2.145SP10_OP001PF001AZ_260116_MXML.zip,Tecno Camon 40 Pro CM6,CM6,15.1.2.145SP10,OP001PF001AZ,MT6789,TECNO,9.57 GB,260116,https://naijarom.com/tecno-camon-40-pro-cm6,pc-fw
Tecno_Camon_40_Pro_CM6_MT6789_15.1.2.165SP05_OP001PF001AZ_260324_MXML.zip,Tecno Camon 40 Pro CM6,CM6,15.1.2.165SP05,OP001PF001AZ,MT6789,TECNO,9.63 GB,260324,https://naijarom.com/tecno-camon-40-pro-cm6,pc-fw
Tecno_Camon_40_Pro_CM6_MT6789_15.1.2.165SP05_OPPJ001PF001PJ_250326_MXML.zip,Tecno Camon 40 Pro CM6,CM6,15.1.2.165SP05,OPPJ001PF001PJ,MT6789,TECNO,9.64 GB,250326,https://naijarom.com/tecno-camon-40-pro-cm6,pc-fw
Tecno_Camon_40_Pro_CM6_MT6789_16.2.0.150SP11_OP004PF001AZ_MXML.zip,Tecno Camon 40 Pro CM6,CM6,16.2.0.150SP11,SOURCE_UNSPECIFIED,MT6789,TECNO,10.3 GB,,https://naijarom.com/tecno-camon-40-pro-cm6,pc-fw
Tecno_Camon_40_Pro_5G_CM7_MT6878_15.0.2.115SP11_OP001PF001AZ_210425_MXML.zip,Tecno Camon 40 Pro 5G CM7,CM7,15.0.2.115SP11,OP001PF001AZ,MT6878,TECNO,9.44 GB,210425,https://naijarom.com/tecno-camon-40-pro-5g-cm7,pc-fw
Tecno_Camon_40_Pro_5G_CM7_MT6878_15.0.3.128SP09_OP001PF001AZ_260625_MXML.zip,Tecno Camon 40 Pro 5G CM7,CM7,15.0.3.128SP09,OP001PF001AZ,MT6878,TECNO,9.53 GB,260625,https://naijarom.com/tecno-camon-40-pro-5g-cm7,pc-fw
Tecno_Camon_40_Pro_5G_CM7_MT6878_15.0.3.123SP10_OP001PF001AZ_Open_Market_280525_MXML.zip,Tecno Camon 40 Pro 5G CM7,CM7,15.0.3.123SP10,SOURCE_UNSPECIFIED,MT6878,TECNO,9.53 GB,,https://naijarom.com/tecno-camon-40-pro-5g-cm7,pc-fw
Tecno_Camon_40_Pro_5G_CM7_MT6878_15.1.0.153SP01_OP001PF001AZ_150825_MXML.zip,Tecno Camon 40 Pro 5G CM7,CM7,15.1.0.153SP01,OP001PF001AZ,MT6878,TECNO,9.35 GB,150825,https://naijarom.com/tecno-camon-40-pro-5g-cm7,pc-fw
Tecno_Camon_40_Pro_5G_CM7_MT6878_15.1.0.153SP03_RU001PF001AZ_030925.zip,Tecno Camon 40 Pro 5G CM7,CM7,15.1.0.153SP03,SOURCE_UNSPECIFIED,MT6878,TECNO,8.69 GB,,https://naijarom.com/tecno-camon-40-pro-5g-cm7,pc-fw
Tecno_Camon_40_Pro_5G_CM7_MT6878_15.1.0.153SP03_TR001PF001AZ_030925_MXML.zip,Tecno Camon 40 Pro 5G CM7,CM7,15.1.0.153SP03,TR001PF001AZ,MT6878,TECNO,8.85 GB,030925,https://naijarom.com/tecno-camon-40-pro-5g-cm7,pc-fw
Tecno_Camon_40_Pro_5G_CM7_MT6878_15.1.2.128SP01_TR001PF001AZ_101025_MXML.zip,Tecno Camon 40 Pro 5G CM7,CM7,15.1.2.128SP01,TR001PF001AZ,MT6878,TECNO,8.99 GB,101025,https://naijarom.com/tecno-camon-40-pro-5g-cm7,pc-fw
Tecno_Camon_40_Pro_5G_CM7_MT6878_15.1.2.128SP01_OP001PF001AZ_101025_MXML.zip,Tecno Camon 40 Pro 5G CM7,CM7,15.1.2.128SP01,OP001PF001AZ,MT6878,TECNO,9.71 GB,101025,https://naijarom.com/tecno-camon-40-pro-5g-cm7,pc-fw
Tecno_Camon_40_Pro_5G_CM7_MT6878_15.1.2.128SP01_RU001PF001AZ_101025_MXML.zip,Tecno Camon 40 Pro 5G CM7,CM7,15.1.2.128SP01,RU001PF001AZ,MT6878,TECNO,8.83 GB,101025,https://naijarom.com/tecno-camon-40-pro-5g-cm7,pc-fw
Tecno_Camon_40_Pro_5G_CM7_MT6878_16.2.0.135SP13_OP005PF001AZ_MXML.zip,Tecno Camon 40 Pro 5G CM7,CM7,16.2.0.135SP13,SOURCE_UNSPECIFIED,MT6878,TECNO,10.86 GB,,https://naijarom.com/tecno-camon-40-pro-5g-cm7,pc-fw
Tecno_Camon_40_Pro_5G_CM7_MT6878_16.2.0.135SP15_TR006PF001AZ_MXML.zip,Tecno Camon 40 Pro 5G CM7,CM7,16.2.0.135SP15,SOURCE_UNSPECIFIED,MT6878,TECNO,10.11 GB,,https://naijarom.com/tecno-camon-40-pro-5g-cm7,pc-fw
Tecno_Camon_40_Pro_5G_CM7_MT6878_16.2.0.135SP19_RU008PF001AZ_MXML.zip,Tecno Camon 40 Pro 5G CM7,CM7,16.2.0.135SP19,SOURCE_UNSPECIFIED,MT6878,TECNO,9.93 GB,,https://naijarom.com/tecno-camon-40-pro-5g-cm7,pc-fw
Tecno_Camon_40_Pro_5G_CM7_MT6878_15.1.2.145SP01_COCL001PF001AZ_251210_MXML.zip,Tecno Camon 40 Pro 5G CM7,CM7,15.1.2.145SP01,COCL001PF001AZ,MT6878,TECNO,8.86 GB,251210,https://naijarom.com/tecno-camon-40-pro-5g-cm7,pc-fw
Tecno_Camon_40_Pro_5G_CM7_MT6878_16.2.0.145SP05_OP003PF001AZ_MXML.zip,Tecno Camon 40 Pro 5G CM7,CM7,16.2.0.145SP05,SOURCE_UNSPECIFIED,MT6878,TECNO,10.82 GB,,https://naijarom.com/tecno-camon-40-pro-5g-cm7,pc-fw
Tecno_Camon_40_Pro_5G_CM7_MT6878_15.1.2.165SP05_OP001PF001AZ_200326_MXML.zip,Tecno Camon 40 Pro 5G CM7,CM7,15.1.2.165SP05,OP001PF001AZ,MT6878,TECNO,9.78 GB,200326,https://naijarom.com/tecno-camon-40-pro-5g-cm7,pc-fw
Tecno_Camon_40_Pro_5G_CM7_MT6878_15.1.2.165SP05_TR001PF001AZ_260320_MXML.zip,Tecno Camon 40 Pro 5G CM7,CM7,15.1.2.165SP05,TR001PF001AZ,MT6878,TECNO,9.01 GB,260320,https://naijarom.com/tecno-camon-40-pro-5g-cm7,pc-fw
Tecno_Camon_40_Pro_5G_CM7_MT6878_15.1.2.165SP05_COCL001PF001AZ_200326_MXML.zip,Tecno Camon 40 Pro 5G CM7,CM7,15.1.2.165SP05,COCL001PF001AZ,MT6878,TECNO,8.85 GB,200326,https://naijarom.com/tecno-camon-40-pro-5g-cm7,pc-fw
Tecno_Camon_40_Pro_5G_CM7_MT6878_15.0.2.109SP08_OP001PF001AZ_250312_MXML.zip,Tecno Camon 40 Pro 5G CM7,CM7,15.0.2.109SP08,OP001PF001AZ,MT6878,TECNO,9.4 GB,250312,https://naijarom.com/tecno-camon-40-pro-5g-cm7,pc-fw
Tecno_Camon_40_Pro_5G_CM7_MT6878_15.1.2.180SP05_COCL001PF001AZ_260618_MXML.zip,Tecno Camon 40 Pro 5G CM7,CM7,15.1.2.180SP05,COCL001PF001AZ,MT6878,TECNO,8.85 GB,260618,https://naijarom.com/tecno-camon-40-pro-5g-cm7,pc-fw
Tecno_Camon_40_Pro_5G_CM7_MT6878_16.2.0.150SP09_OP004PF001AZ_MXML.zip,Tecno Camon 40 Pro 5G CM7,CM7,16.2.0.150SP09,SOURCE_UNSPECIFIED,MT6878,TECNO,10.74 GB,,https://naijarom.com/tecno-camon-40-pro-5g-cm7,pc-fw
Tecno_Camon_50_Pro_CN5C_MT6789_16.1.0.110SP23_OP001PF001AZ_010126_MXML.zip,Tecno Camon 50 Pro CN5C,CN5C,16.1.0.110SP23,OP001PF001AZ,MT6789,TECNO,11.72 GB,010126,https://naijarom.com/tecno-camon-50-pro-cn5c,pc-fw
Tecno_Camon_50_Pro_CN5C_MT6789_16.1.0.150SP09_OP001PF001AZ_010126_MXML.zip,Tecno Camon 50 Pro CN5C,CN5C,16.1.0.150SP09,OP001PF001AZ,MT6789,TECNO,11.82 GB,010126,https://naijarom.com/tecno-camon-50-pro-cn5c,pc-fw
Tecno_Camon_50_Pro_CN5C_MT6789_16.2.0.150SP07_OP004PF001AZ_MXML.zip,Tecno Camon 50 Pro CN5C,CN5C,16.2.0.150SP07,SOURCE_UNSPECIFIED,MT6789,TECNO,11.86 GB,,https://naijarom.com/tecno-camon-50-pro-cn5c,pc-fw
Tecno_Camon_50_Pro_CN5C_MT6789_16.1.0.160SP10_OPPJ005PF001PJ_MXML.zip,Tecno Camon 50 Pro CN5C,CN5C,16.1.0.160SP10,SOURCE_UNSPECIFIED,MT6789,TECNO,11.90 GB,,https://naijarom.com/tecno-camon-50-pro-cn5c,pc-fw
Tecno_Camon_50_Pro_5G_CN7C_MT6878_16.1.0.142SP10_COCL001PF001AZ_010126_MXML.zip,Tecno Camon 50 Pro 5G CN7C,CN7C,16.1.0.142SP10,COCL001PF001AZ,MT6878,TECNO,11.48 GB,010126,https://naijarom.com/tecno-camon-50-pro-5g-cn7c,pc-fw
Tecno_Camon_50_Pro_5G_CN7C_MT6878_16.2.0.140SP11_OPPJ006PF001PJ_MXML.zip,Tecno Camon 50 Pro 5G CN7C,CN7C,16.2.0.140SP11,SOURCE_UNSPECIFIED,MT6878,TECNO,12.29 GB,,https://naijarom.com/tecno-camon-50-pro-5g-cn7c,pc-fw
Tecno_Camon_50_Pro_5G_CN7C_MT6878_16.2.0.145SP05_OP005PF001M1_MXML.zip,Tecno Camon 50 Pro 5G CN7C,CN7C,16.2.0.145SP05,SOURCE_UNSPECIFIED,MT6878,TECNO,12.36 GB,,https://naijarom.com/tecno-camon-50-pro-5g-cn7c,pc-fw
Tecno_Camon_50_Pro_5G_CN7C_MT6878_16.2.0.145SP05_OPPJ005PF001PJ_010126_MXML.zip,Tecno Camon 50 Pro 5G CN7C,CN7C,16.2.0.145SP05,OPPJ005PF001PJ,MT6878,TECNO,12.37 GB,010126,https://naijarom.com/tecno-camon-50-pro-5g-cn7c,pc-fw
Tecno_Camon_50_Pro_5G_CN7C_MT6878_16.2.0.150SP04_IN005PF001AZ_MXML.zip,Tecno Camon 50 Pro 5G CN7C,CN7C,16.2.0.150SP04,SOURCE_UNSPECIFIED,MT6878,TECNO,11.46 GB,,https://naijarom.com/tecno-camon-50-pro-5g-cn7c,pc-fw
Tecno_Camon_50_Pro_5G_CN7C_MT6878_16.1.0.135SP11_TR001PF001AZ_MXML.zip,Tecno Camon 50 Pro 5G CN7C,CN7C,16.1.0.135SP11,SOURCE_UNSPECIFIED,MT6878,TECNO,11.50 GB,,https://naijarom.com/tecno-camon-50-pro-5g-cn7c,pc-fw
Tecno_Camon_50_Pro_5G_CN7C_MT6878_16.2.0.140SP13_TR007PF001AZ_MXML.zip,Tecno Camon 50 Pro 5G CN7C,CN7C,16.2.0.140SP13,SOURCE_UNSPECIFIED,MT6878,TECNO,11.41 GB,,https://naijarom.com/tecno-camon-50-pro-5g-cn7c,pc-fw
Tecno_Camon_50_Pro_5G_CN7C_MT6878_16.2.0.145SP12_OP006PF001AZ_MXML.zip,Tecno Camon 50 Pro 5G CN7C,CN7C,16.2.0.145SP12,SOURCE_UNSPECIFIED,MT6878,TECNO,12.36 GB,,https://naijarom.com/tecno-camon-50-pro-5g-cn7c,pc-fw
Tecno_Camon_50_Pro_5G_CN7C_MT6878_16.1.0.150SP14_RU004PF001AZ_MXML.zip,Tecno Camon 50 Pro 5G CN7C,CN7C,16.1.0.150SP14,SOURCE_UNSPECIFIED,MT6878,TECNO,11.27 GB,,https://naijarom.com/tecno-camon-50-pro-5g-cn7c,pc-fw
Tecno_Camon_50_Pro_5G_CN7C_MT6878_16.2.0.150SP13_OP006PF001AZ_MXML.zip,Tecno Camon 50 Pro 5G CN7C,CN7C,16.2.0.150SP13,SOURCE_UNSPECIFIED,MT6878,TECNO,12.30 GB,,https://naijarom.com/tecno-camon-50-pro-5g-cn7c,pc-fw
Tecno_Camon_50_Pro_5G_CN7C_MT6878_16.1.0.160SP13_OP007PF001AZ_MXML.zip,Tecno Camon 50 Pro 5G CN7C,CN7C,16.1.0.160SP13,SOURCE_UNSPECIFIED,MT6878,TECNO,12.36 GB,,https://naijarom.com/tecno-camon-50-pro-5g-cn7c,pc-fw
Tecno_Camon_50_Ultra_5G_CN7C_MT6878_16.1.0.150SP09_OPPJ001PF001PJ_010126_MXML.zip,Tecno Camon 50 Ultra 5G CN7C,CN7C,16.1.0.150SP09,OPPJ001PF001PJ,MT6878,TECNO,12.34 GB,010126,https://naijarom.com/tecno-camon-50-ultra-5g-cn7c,pc-fw
Tecno_Camon_50_Ultra_5G_CN7C_MT6878_16.2.0.140SP11_OPPJ006PF001PJ_MXML.zip,Tecno Camon 50 Ultra 5G CN7C,CN7C,16.2.0.140SP11,SOURCE_UNSPECIFIED,MT6878,TECNO,12.29 GB,,https://naijarom.com/tecno-camon-50-ultra-5g-cn7c,pc-fw
Tecno_Camon_50_Ultra_5G_CN7C_MT6878_16.2.0.145SP05_OP005PF001M1_MXML.zip,Tecno Camon 50 Ultra 5G CN7C,CN7C,16.2.0.145SP05,SOURCE_UNSPECIFIED,MT6878,TECNO,12.36 GB,,https://naijarom.com/tecno-camon-50-ultra-5g-cn7c,pc-fw
Tecno_Camon_50_Ultra_5G_CN7C_MT6878_16.1.0.150SP14_OP004PF001AZ_010126_MXML.zip,Tecno Camon 50 Ultra 5G CN7C,CN7C,16.1.0.150SP14,OP004PF001AZ,MT6878,TECNO,12.34 GB,010126,https://naijarom.com/tecno-camon-50-ultra-5g-cn7c,pc-fw
Tecno_Camon_50_Ultra_5G_CN7c_MT6878_16.2.0.140SP06_OP005PF001AZ_260430_MXML.zip,Tecno Camon 50 Ultra 5G CN7C,CN7c,16.2.0.140SP06,OP005PF001AZ,MT6878,TECNO,12.29 GB,260430,https://naijarom.com/tecno-camon-50-ultra-5g-cn7c,pc-fw
Tecno_Camon_50_Ultra_5G_CN7c_MT6878_16.2.0.140SP11_RU006PF001AZ_260430_MXML.zip,Tecno Camon 50 Ultra 5G CN7C,CN7c,16.2.0.140SP11,RU006PF001AZ,MT6878,TECNO,11.23 GB,260430,https://naijarom.com/tecno-camon-50-ultra-5g-cn7c,pc-fw
Tecno_Camon_50_Ultra_5G_CN7C_MT6878_16.1.0.142SP10_COCL001PF001AZ_010126_MXML.zip,Tecno Camon 50 Ultra 5G CN7C,CN7C,16.1.0.142SP10,COCL001PF001AZ,MT6878,TECNO,11.48 GB,010126,https://naijarom.com/tecno-camon-50-ultra-5g-cn7c,pc-fw
Tecno_Camon_50_Ultra_5G_CN7C_MT6878_16.2.0.145SP05_OPPJ005PF001PJ_010126_MXML.zip,Tecno Camon 50 Ultra 5G CN7C,CN7C,16.2.0.145SP05,OPPJ005PF001PJ,MT6878,TECNO,12.37 GB,010126,https://naijarom.com/tecno-camon-50-ultra-5g-cn7c,pc-fw
Tecno_Camon_50_Ultra_5G_CN7C_MT6878_16.2.0.150SP04_IN005PF001AZ_MXML.zip,Tecno Camon 50 Ultra 5G CN7C,CN7C,16.2.0.150SP04,SOURCE_UNSPECIFIED,MT6878,TECNO,11.46 GB,,https://naijarom.com/tecno-camon-50-ultra-5g-cn7c,pc-fw
Tecno_Camon_50_Ultra_5G_CN7c_MT6878_16.1.0.160SP13_OP007PF001M1_MXML.zip,Tecno Camon 50 Ultra 5G CN7C,MT6878,16.1.0.160SP13,SOURCE_UNSPECIFIED,MT6878,TECNO,12.35 GB,,https://naijarom.com/tecno-camon-50-ultra-5g-cn7c,pc-fw
Tecno_Camon_50_Ultra_5G_CN7C_MT6878_16.1.0.135SP11_TR001PF001AZ_MXML.zip,Tecno Camon 50 Ultra 5G CN7C,CN7C,16.1.0.135SP11,SOURCE_UNSPECIFIED,MT6878,TECNO,11.50 GB,,https://naijarom.com/tecno-camon-50-ultra-5g-cn7c,pc-fw
Tecno_Camon_50_Ultra_5G_CN7C_MT6878_16.2.0.140SP13_TR007PF001AZ_MXML.zip,Tecno Camon 50 Ultra 5G CN7C,CN7C,16.2.0.140SP13,SOURCE_UNSPECIFIED,MT6878,TECNO,11.41 GB,,https://naijarom.com/tecno-camon-50-ultra-5g-cn7c,pc-fw
Tecno_Camon_50_Ultra_5G_CN7C_MT6878_16.2.0.145SP12_OP006PF001AZ_MXML.zip,Tecno Camon 50 Ultra 5G CN7C,CN7C,16.2.0.145SP12,SOURCE_UNSPECIFIED,MT6878,TECNO,12.36 GB,,https://naijarom.com/tecno-camon-50-ultra-5g-cn7c,pc-fw
Tecno_Camon_50_Ultra_5G_CN7C_MT6878_16.1.0.150SP14_RU004PF001AZ_MXML.zip,Tecno Camon 50 Ultra 5G CN7C,CN7C,16.1.0.150SP14,SOURCE_UNSPECIFIED,MT6878,TECNO,11.27 GB,,https://naijarom.com/tecno-camon-50-ultra-5g-cn7c,pc-fw
Tecno_Camon_50_Ultra_5G_CN7C_MT6878_16.2.0.150SP13_OP006PF001AZ_MXML.zip,Tecno Camon 50 Ultra 5G CN7C,CN7C,16.2.0.150SP13,SOURCE_UNSPECIFIED,MT6878,TECNO,12.30 GB,,https://naijarom.com/tecno-camon-50-ultra-5g-cn7c,pc-fw
Tecno_Camon_C7_MT6735_V100_170206.zip,Tecno Camon C7,C7,V100,SOURCE_UNSPECIFIED,MT6735,TECNO,1 GB,170206,https://naijarom.com/tecno-camon-c7,pc-fw
Tecno_Camon_C9_MT6753_V100_180905.zip,Tecno Camon C9,C9,V100,SOURCE_UNSPECIFIED,MT6753,TECNO,1.75 GB,180905,https://naijarom.com/tecno-c9,pc-fw
Tecno_Camon_CA6_MT6580_20180516_5.1.zip,Tecno Camon CA6,CA6,5.1,SOURCE_UNSPECIFIED,MT6580,TECNO,588 MB,20180516,https://naijarom.com/tecno-camon-ca6,pc-fw
Tecno_Camon_CM_CA6_MT6737T_20180324_7.0.zip,Tecno Camon CM CA6,CA6,7.0,SOURCE_UNSPECIFIED,MT6737T,TECNO,2 GB,20180324,https://naijarom.com/tecno-camon-cm-ca6,pc-fw
Tecno_Camon_CX_MT6755_V123_191105.zip,Tecno Camon CX,MT6755,V123,SOURCE_UNSPECIFIED,MT6755,TECNO,1.82 GB,191105,https://naijarom.com/tecno-camon-cx,pc-fw
Tecno_Camon_CX_MT6750_V166_180109.zip,Tecno Camon CX,MT6750,V166,SOURCE_UNSPECIFIED,MT6750,TECNO,2 GB,180109,https://naijarom.com/tecno-camon-cx,pc-fw
Tecno_Camon_CX_MT6750_V177_180314.zip,Tecno Camon CX,MT6750,V177,SOURCE_UNSPECIFIED,MT6750,TECNO,2 GB,180314,https://naijarom.com/tecno-camon-cx,pc-fw
Tecno_Camon_CX_H501_MT6750_20170405_7.0.zip,Tecno Camon CX H501,H501,7.0,SOURCE_UNSPECIFIED,MT6750,TECNO,2 GB,20170405,https://naijarom.com/tecno-camon-cx-h501,pc-fw
Tecno_Camon_I2_ID5_MT6739_V142_190103.zip,Tecno Camon I2 ID5,I2,V142,SOURCE_UNSPECIFIED,MT6739,TECNO,1 GB,190103,https://naijarom.com/tecno-camon-i2-id5,pc-fw
Tecno_Camon_i2_ID5A_MT6761_V106_180828.zip,Tecno Camon i2 ID5A,ID5A,V106,SOURCE_UNSPECIFIED,MT6761,TECNO,2 GB,180828,https://naijarom.com/tecno-camon-i2-id5a,pc-fw
Tecno_Camon_ID5A_MT6761_V166_190114.zip,Tecno Camon i2 ID5A,ID5A,V166,SOURCE_UNSPECIFIED,MT6761,TECNO,2 GB,190114,https://naijarom.com/tecno-camon-i2-id5a,pc-fw
Tecno_Camon_ID5A_MT6761_V178_190509.zip,Tecno Camon i2 ID5A,ID5A,V178,SOURCE_UNSPECIFIED,MT6761,TECNO,2 GB,190509,https://naijarom.com/tecno-camon-i2-id5a,pc-fw
Tecno_Camon_i2_ID5a_MT6761_V182_190613.zip,Tecno Camon i2 ID5A,MT6761,V182,SOURCE_UNSPECIFIED,MT6761,TECNO,2 GB,190613,https://naijarom.com/tecno-camon-i2-id5a,pc-fw
Tecno_Camon_i2_ID5a_MT6761_V189_190903.zip,Tecno Camon i2 ID5A,MT6761,V189,SOURCE_UNSPECIFIED,MT6761,TECNO,2 GB,190903,https://naijarom.com/tecno-camon-i2-id5a,pc-fw
Tecno_Camon_i2_ID5a_MT6761_V195_191119.zip,Tecno Camon i2 ID5A,MT6761,V195,SOURCE_UNSPECIFIED,MT6761,TECNO,2 GB,191119,https://naijarom.com/tecno-camon-i2-id5a,pc-fw
Tecno_Camon_i2_ID5A_MT6761_V212_201009.zip,Tecno Camon i2 ID5A,ID5A,V212,SOURCE_UNSPECIFIED,MT6761,TECNO,2 GB,201009,https://naijarom.com/tecno-camon-i2-id5a,pc-fw
Tecno_Camon_i2X_ID5B_MT6765_V113_190929.zip,Tecno Camon i2X ID5b,ID5B,V113,SOURCE_UNSPECIFIED,MT6765,TECNO,2 GB,190929,https://naijarom.com/tecno-camon-i2x-id5b,pc-fw
Tecno_Camon_i2X_ID5B_MT6765_V118_201009.zip,Tecno Camon i2X ID5b,ID5B,V118,SOURCE_UNSPECIFIED,MT6765,TECNO,1.6 GB,201009,https://naijarom.com/tecno-camon-i2x-id5b,pc-fw
Tecno_Camon_i4_CB7_MT6761_V169_190308.zip,Tecno Camon i4 CB7,CB7,V169,SOURCE_UNSPECIFIED,MT6761,TECNO,1.53 GB,190308,https://naijarom.com/tecno-camon-i4-cb7,pc-fw
Tecno_Camon_i4_CB7_MT6761_V281_200923.zip,Tecno Camon i4 CB7,CB7,V281,SOURCE_UNSPECIFIED,MT6761,TECNO,2 GB,200923,https://naijarom.com/tecno-camon-i4-cb7,pc-fw
Tecno_Camon_i4_CB7_MT6761_V289_201216.zip,Tecno Camon i4 CB7,CB7,V289,SOURCE_UNSPECIFIED,MT6761,TECNO,1.7 GB,201216,https://naijarom.com/tecno-camon-i4-cb7,pc-fw
Tecno_Camon_i4_CB7J_MT6765_V221_190617.zip,Tecno Camon i4 CB7J,CB7J,V221,SOURCE_UNSPECIFIED,MT6765,TECNO,2 GB,190617,https://naijarom.com/tecno-camon-i4-cb7j,pc-fw
Tecno_Camon_i4_CB7J_MT6765_V251_200923.zip,Tecno Camon i4 CB7J,CB7J,V251,SOURCE_UNSPECIFIED,MT6765,TECNO,1.8 GB,200923,https://naijarom.com/tecno-camon-i4-cb7j,pc-fw
Tecno_Camon_i12_KC3_MT6765_V323_210120.zip,Tecno Camon i12 KC3,KC3,V323,SOURCE_UNSPECIFIED,MT6765,TECNO,2 GB,210120,https://naijarom.com/tecno-camon-i12-kc3,pc-fw
Tecno_Camon_i12_KC3_MT6765_V329_210610.zip,Tecno Camon i12 KC3,KC3,V329,SOURCE_UNSPECIFIED,MT6765,TECNO,2.06 GB,210610,https://naijarom.com/tecno-camon-i12-kc3,pc-fw
Tecno_Camon_i12_KC3_MT6765_V331_210722.zip,Tecno Camon i12 KC3,KC3,V331,SOURCE_UNSPECIFIED,MT6765,TECNO,2.06 GB,210722,https://naijarom.com/tecno-camon-i12-kc3,pc-fw
Tecno_Camon_iAce_2_KB2_MT6761_V118_190216.zip,Tecno Camon iAce 2 KB2,KB2,V118,SOURCE_UNSPECIFIED,MT6761,TECNO,1 GB,190216,https://naijarom.com/tecno-camon-iace-2-kb2,pc-fw
Tecno_Camon_iAce_2_KB2_MT6761_V146_190424.zip,Tecno Camon iAce 2 KB2,KB2,V146,SOURCE_UNSPECIFIED,MT6761,TECNO,1 GB,190424,https://naijarom.com/tecno-camon-iace-2-kb2,pc-fw
Tecno_Camon_iAce_2_KB2_MT6761_V166_190928.zip,Tecno Camon iAce 2 KB2,KB2,V166,SOURCE_UNSPECIFIED,MT6761,TECNO,1 GB,190928,https://naijarom.com/tecno-camon-iace-2-kb2,pc-fw
Tecno_Camon_iAce_2_KB2_MT6761_V167_190929.zip,Tecno Camon iAce 2 KB2,KB2,V167,SOURCE_UNSPECIFIED,MT6761,TECNO,1 GB,190929,https://naijarom.com/tecno-camon-iace-2-kb2,pc-fw
Tecno_Camon_iAce_2_KB2_MT6761_V170_191119.zip,Tecno Camon iAce 2 KB2,KB2,V170,SOURCE_UNSPECIFIED,MT6761,TECNO,1 GB,191119,https://naijarom.com/tecno-camon-iace-2-kb2,pc-fw
Tecno_Camon_iAce_2_KB2_MT6761_V187_200831.zip,Tecno Camon iAce 2 KB2,KB2,V187,SOURCE_UNSPECIFIED,MT6761,TECNO,1 GB,200831,https://naijarom.com/tecno-camon-iace-2-kb2,pc-fw
Tecno_Camon_iAce_2_KB2_MT6761_V192_201103.zip,Tecno Camon iAce 2 KB2,KB2,V192,SOURCE_UNSPECIFIED,MT6761,TECNO,1.5 GB,201103,https://naijarom.com/tecno-camon-iace-2-kb2,pc-fw
Tecno_Camon_iAce_2X_KB2J_MT6761_V107_190316.zip,Tecno Camon iAce 2X KB2J,KB2J,V107,SOURCE_UNSPECIFIED,MT6761,TECNO,1 GB,190316,https://naijarom.com/tecno-camon-iace-2x-kb2j,pc-fw
Tecno_Camon_iAce_2X_KB2j_MT6761_V113_190424.zip,Tecno Camon iAce 2X KB2J,MT6761,V113,SOURCE_UNSPECIFIED,MT6761,TECNO,1 GB,190424,https://naijarom.com/tecno-camon-iace-2x-kb2j,pc-fw
Tecno_Camon_iAce_2X_KB2J_MT6761_V127_190726.zip,Tecno Camon iAce 2X KB2J,KB2J,V127,SOURCE_UNSPECIFIED,MT6761,TECNO,1.42 GB,190726,https://naijarom.com/tecno-camon-iace-2x-kb2j,pc-fw
Tecno_Camon_iAce_2X_KB2j_MT6761_V137_191119.zip,Tecno Camon iAce 2X KB2J,MT6761,V137,SOURCE_UNSPECIFIED,MT6761,TECNO,1 GB,191119,https://naijarom.com/tecno-camon-iace-2x-kb2j,pc-fw
Tecno_Camon_iAce_2X_KB2J_MT6761_V138_190930.zip,Tecno Camon iAce 2X KB2J,KB2J,V138,SOURCE_UNSPECIFIED,MT6761,TECNO,1 GB,190930,https://naijarom.com/tecno-camon-iace-2x-kb2j,pc-fw
Tecno_Camon_iAce_2X_KB2J_MT6761_V140_191223.zip,Tecno Camon iAce 2X KB2J,KB2J,V140,SOURCE_UNSPECIFIED,MT6761,TECNO,1.42 GB,191223,https://naijarom.com/tecno-camon-iace-2x-kb2j,pc-fw
Tecno_Camon_iAce_2X_KB2J_MT6761_V142_200328.zip,Tecno Camon iAce 2X KB2J,KB2J,V142,SOURCE_UNSPECIFIED,MT6761,TECNO,1.44 GB,200328,https://naijarom.com/tecno-camon-iace-2x-kb2j,pc-fw
Tecno_Camon_iAce_2X_KB2J_MT6761_V148_200530.zip,Tecno Camon iAce 2X KB2J,KB2J,V148,SOURCE_UNSPECIFIED,MT6761,TECNO,1.44 GB,200530,https://naijarom.com/tecno-camon-iace-2x-kb2j,pc-fw
Tecno_Camon_iAce_2X_KB2J_MT6761_V150_200724.zip,Tecno Camon iAce 2X KB2J,KB2J,V150,SOURCE_UNSPECIFIED,MT6761,TECNO,1.44 GB,200724,https://naijarom.com/tecno-camon-iace-2x-kb2j,pc-fw
Tecno_Camon_iAce_2X_KB2J_MT6761_V152_200831.zip,Tecno Camon iAce 2X KB2J,KB2J,V152,SOURCE_UNSPECIFIED,MT6761,TECNO,1.44 GB,200831,https://naijarom.com/tecno-camon-iace-2x-kb2j,pc-fw
Tecno_Camon_iAce_2X_KB2J_MT6761_V159_201103.zip,Tecno Camon iAce 2X KB2J,KB2J,V159,SOURCE_UNSPECIFIED,MT6761,TECNO,1.5 GB,201103,https://naijarom.com/tecno-camon-iace-2x-kb2j,pc-fw
Tecno_Camon_iAce_IN1_MT6739_V149_180606.zip,Tecno Camon iAce IN1,IN1,V149,SOURCE_UNSPECIFIED,MT6739,TECNO,1 GB,180606,https://naijarom.com/tecno-camon-iace-in1,pc-fw
Tecno_Camon_iAce_IN1_MT6739_V301_201009.zip,Tecno Camon iAce IN1,IN1,V301,SOURCE_UNSPECIFIED,MT6739,TECNO,1.4 GB,201009,https://naijarom.com/tecno-camon-iace-in1,pc-fw
Tecno_Camon_iAce_IN1_Pro_MT6739_V165_180709.zip,Tecno Camon iAce IN1 Pro,IN1,V165,SOURCE_UNSPECIFIED,MT6739,TECNO,1 GB,180709,https://naijarom.com/tecno-camon-iace-in1-pro,pc-fw
Tecno_Camon_iAce_IN1_Pro_MT6739_V213_181019.zip,Tecno Camon iAce IN1 Pro,IN1,V213,SOURCE_UNSPECIFIED,MT6739,TECNO,1.5 GB,181019,https://naijarom.com/tecno-camon-iace-in1-pro,pc-fw
Tecno_Camon_iAce_IN1_Pro_MT6739_V233_181218.zip,Tecno Camon iAce IN1 Pro,IN1,V233,SOURCE_UNSPECIFIED,MT6739,TECNO,1.5 GB,181218,https://naijarom.com/tecno-camon-iace-in1-pro,pc-fw
Tecno_Camon_iAce_IN1_Pro_MT6739_V238_190216.zip,Tecno Camon iAce IN1 Pro,IN1,V238,SOURCE_UNSPECIFIED,MT6739,TECNO,2 GB,190216,https://naijarom.com/tecno-camon-iace-in1-pro,pc-fw
Tecno_Camon_iAce_IN1_Pro_MT6739_V240_190417.zip,Tecno Camon iAce IN1 Pro,IN1,V240,SOURCE_UNSPECIFIED,MT6739,TECNO,1 GB,190417,https://naijarom.com/tecno-camon-iace-in1-pro,pc-fw
Tecno_Camon_iAce_IN1_Pro_MT6739_V254_190813.zip,Tecno Camon iAce IN1 Pro,IN1,V254,SOURCE_UNSPECIFIED,MT6739,TECNO,1.43 GB,190813,https://naijarom.com/tecno-camon-iace-in1-pro,pc-fw
Tecno_Camon_iAce_IN1_Pro_MT6739_V256_190927.zip,Tecno Camon iAce IN1 Pro,IN1,V256,SOURCE_UNSPECIFIED,MT6739,TECNO,1 GB,190927,https://naijarom.com/tecno-camon-iace-in1-pro,pc-fw
Tecno_Camon_iAce_IN1_Pro_MT6739_V260_191206.zip,Tecno Camon iAce IN1 Pro,IN1,V260,SOURCE_UNSPECIFIED,MT6739,TECNO,1.5 GB,191206,https://naijarom.com/tecno-camon-iace-in1-pro,pc-fw
Tecno_Camon_iAce_IN1_Pro_MT6739_V264_200430.zip,Tecno Camon iAce IN1 Pro,IN1,V264,SOURCE_UNSPECIFIED,MT6739,TECNO,1.5 GB,200430,https://naijarom.com/tecno-camon-iace-in1-pro,pc-fw
Tecno_Camon_iAce_IN1_Pro_MT6739_V270_201010.zip,Tecno Camon iAce IN1 Pro,IN1,V270,SOURCE_UNSPECIFIED,MT6739,TECNO,1.4 GB,201010,https://naijarom.com/tecno-camon-iace-in1-pro,pc-fw
Tecno_Camon_iAir_2_Plus_ID3K_MT6761_V131_181108.zip,Tecno Camon iAir 2 Plus ID3K,ID3K,V131,SOURCE_UNSPECIFIED,MT6761,TECNO,1 GB,181108,https://naijarom.com/tecno-camon-iair-2-plus-id3k,pc-fw
Tecno_Camon_iAir_2_Plus_ID3K_MT6761_V146_190114.zip,Tecno Camon iAir 2 Plus ID3K,ID3K,V146,SOURCE_UNSPECIFIED,MT6761,TECNO,1 GB,190114,https://naijarom.com/tecno-camon-iair-2-plus-id3k,pc-fw
Tecno_Camon_iAir_2_Plus_ID3K_MT6761_V159_190313.zip,Tecno Camon iAir 2 Plus ID3K,ID3K,V159,SOURCE_UNSPECIFIED,MT6761,TECNO,1.4 GB,190313,https://naijarom.com/tecno-camon-iair-2-plus-id3k,pc-fw
Tecno_Camon_iAir_2_Plus_ID3K_MT6761_V162_190428.zip,Tecno Camon iAir 2 Plus ID3K,ID3K,V162,SOURCE_UNSPECIFIED,MT6761,TECNO,1 GB,190428,https://naijarom.com/tecno-camon-iair-2-plus-id3k,pc-fw
Tecno_Camon_I_Air_2_Plus_ID3k_MT6761_V169_190613.zip,Tecno Camon iAir 2 Plus ID3K,MT6761,V169,SOURCE_UNSPECIFIED,MT6761,TECNO,1 GB,190613,https://naijarom.com/tecno-camon-iair-2-plus-id3k,pc-fw
Tecno_Camon_iAir_2_Plus_ID3K_MT6761_V174_190725.zip,Tecno Camon iAir 2 Plus ID3K,ID3K,V174,SOURCE_UNSPECIFIED,MT6761,TECNO,1.37 GB,190725,https://naijarom.com/tecno-camon-iair-2-plus-id3k,pc-fw
Tecno_Camon_iAir_2_Plus_ID3K_MT6761_V177_190928.zip,Tecno Camon iAir 2 Plus ID3K,ID3K,V177,SOURCE_UNSPECIFIED,MT6761,TECNO,1.37 GB,190928,https://naijarom.com/tecno-camon-iair-2-plus-id3k,pc-fw
Tecno_Camon_iAir_2_Plus_ID3K_MT6761_V178_190929.zip,Tecno Camon iAir 2 Plus ID3K,ID3K,V178,SOURCE_UNSPECIFIED,MT6761,TECNO,1.37 GB,190929,https://naijarom.com/tecno-camon-iair-2-plus-id3k,pc-fw
Tecno_Camon_iAir_2_Plus_ID3K_MT6761_V186_191223.zip,Tecno Camon iAir 2 Plus ID3K,ID3K,V186,SOURCE_UNSPECIFIED,MT6761,TECNO,1.37 GB,191223,https://naijarom.com/tecno-camon-iair-2-plus-id3k,pc-fw
Tecno_Camon_iAir_2_Plus_ID3K_MT6761_V181_191115.zip,Tecno Camon iAir 2 Plus ID3K,ID3K,V181,SOURCE_UNSPECIFIED,MT6761,TECNO,1 GB,191115,https://naijarom.com/tecno-camon-iair-2-plus-id3k,pc-fw
Tecno_Camon_iAir_2_Plus_ID3K_MT6761_V188_200328.zip,Tecno Camon iAir 2 Plus ID3K,ID3K,V188,SOURCE_UNSPECIFIED,MT6761,TECNO,1 GB,200328,https://naijarom.com/tecno-camon-iair-2-plus-id3k,pc-fw
Tecno_Camon_iAir_2_Plus_ID3K_MT6761_V192_200530.zip,Tecno Camon iAir 2 Plus ID3K,ID3K,V192,SOURCE_UNSPECIFIED,MT6761,TECNO,1.37 GB,200530,https://naijarom.com/tecno-camon-iair-2-plus-id3k,pc-fw
Tecno_Camon_iAir_2_Plus_ID3K_MT6761_V194_200723.zip,Tecno Camon iAir 2 Plus ID3K,ID3K,V194,SOURCE_UNSPECIFIED,MT6761,TECNO,1.37 GB,200723,https://naijarom.com/tecno-camon-iair-2-plus-id3k,pc-fw
Tecno_Camon_iAir_2_Plus_ID3K_MT6761_V196_201009.zip,Tecno Camon iAir 2 Plus ID3K,ID3K,V196,SOURCE_UNSPECIFIED,MT6761,TECNO,1.4 GB,201009,https://naijarom.com/tecno-camon-iair-2-plus-id3k,pc-fw
Tecno_Camon_iAir_IN3_MT6737T_V156_190610.zip,Tecno Camon iAir IN3,IN3,V156,SOURCE_UNSPECIFIED,MT6737T,TECNO,2 GB,190610,https://naijarom.com/tecno-camon-iair-in3,pc-fw
Tecno_Camon_iClick_2_ID6_MT6765_V116_180824.zip,Tecno Camon iClick 2 ID6,ID6,V116,SOURCE_UNSPECIFIED,MT6765,TECNO,2 GB,180824,https://naijarom.com/tecno-camon-iclick-2-id6,pc-fw
Tecno_Camon_iClick_2_ID6_MT6765_V182_190115.zip,Tecno Camon iClick 2 ID6,ID6,V182,SOURCE_UNSPECIFIED,MT6765,TECNO,2 GB,190115,https://naijarom.com/tecno-camon-iclick-2-id6,pc-fw
Tecno_Camon_iClick_2_iD6_MT6765_V196_190415.zip,Tecno Camon iClick 2 ID6,MT6765,V196,SOURCE_UNSPECIFIED,MT6765,TECNO,2 GB,190415,https://naijarom.com/tecno-camon-iclick-2-id6,pc-fw
Tecno_Camon_iClick_2_iD6_MT6765_V202_190928.zip,Tecno Camon iClick 2 ID6,MT6765,V202,SOURCE_UNSPECIFIED,MT6765,TECNO,2 GB,190928,https://naijarom.com/tecno-camon-iclick-2-id6,pc-fw
Tecno_Camon_iClick_IN6_MT6763_V191_190509.zip,Tecno Camon iClick IN6,IN6,V191,SOURCE_UNSPECIFIED,MT6763,TECNO,2 GB,190509,https://naijarom.com/tecno-camon-iclick-in6,pc-fw
Tecno_Camon_iClick_IN6_MT6763_V200_190927.zip,Tecno Camon iClick IN6,IN6,V200,SOURCE_UNSPECIFIED,MT6763,TECNO,2 GB,190927,https://naijarom.com/tecno-camon-iclick-in6,pc-fw
Tecno_Camon_iClick_IN6_MT6763_V208_201023.zip,Tecno Camon iClick IN6,IN6,V208,SOURCE_UNSPECIFIED,MT6763,TECNO,1.6 GB,201023,https://naijarom.com/tecno-camon-iclick-in6,pc-fw
Tecno_Camon_ID5B_MT6765_V103_190425.zip,Tecno Camon ID5B,ID5B,V103,SOURCE_UNSPECIFIED,MT6765,TECNO,2 GB,190425,https://naijarom.com/tecno-camon-id5b,pc-fw
Tecno_Camon_IN1_MT6739_V196_180815.zip,Tecno Camon IN1,IN1,V196,SOURCE_UNSPECIFIED,MT6739,TECNO,1 GB,180815,https://naijarom.com/tecno-camon-in1,pc-fw
Tecno_Camon_IN1_MT6739_V280_190620.zip,Tecno Camon IN1,IN1,V280,SOURCE_UNSPECIFIED,MT6739,TECNO,1 GB,190620,https://naijarom.com/tecno-camon-in1,pc-fw
Tecno_Camon_IN1_MT6739_V285_190927.zip,Tecno Camon IN1,IN1,V285,SOURCE_UNSPECIFIED,MT6739,TECNO,1 GB,190927,https://naijarom.com/tecno-camon-in1,pc-fw
Tecno_Camon_iN5_MT6737T_V144_190319.zip,Tecno Camon IN5,MT6737T,V144,SOURCE_UNSPECIFIED,MT6737T,TECNO,2 GB,190319,https://naijarom.com/tecno-camon-in5,pc-fw
Tecno_Camon_iSky_2_IN1_Pro_MT6739_V165_180709.zip,Tecno Camon iSky 2 IN1 Pro,IN1,V165,SOURCE_UNSPECIFIED,MT6739,TECNO,1 GB,180709,https://naijarom.com/tecno-camon-isky-2-in1-pro,pc-fw
Tecno_Camon_iSky_2_IN1_Pro_MT6739_V213_181019.zip,Tecno Camon iSky 2 IN1 Pro,IN1,V213,SOURCE_UNSPECIFIED,MT6739,TECNO,1.5 GB,181019,https://naijarom.com/tecno-camon-isky-2-in1-pro,pc-fw
Tecno_Camon_iSky_2_IN1_Pro_MT6739_V233_181218.zip,Tecno Camon iSky 2 IN1 Pro,IN1,V233,SOURCE_UNSPECIFIED,MT6739,TECNO,1.5 GB,181218,https://naijarom.com/tecno-camon-isky-2-in1-pro,pc-fw
Tecno_Camon_iSky_2_IN1_Pro_MT6739_V238_190216.zip,Tecno Camon iSky 2 IN1 Pro,IN1,V238,SOURCE_UNSPECIFIED,MT6739,TECNO,2 GB,190216,https://naijarom.com/tecno-camon-isky-2-in1-pro,pc-fw
Tecno_Camon_iSky_2_IN1_Pro_MT6739_V240_190417.zip,Tecno Camon iSky 2 IN1 Pro,IN1,V240,SOURCE_UNSPECIFIED,MT6739,TECNO,1 GB,190417,https://naijarom.com/tecno-camon-isky-2-in1-pro,pc-fw
Tecno_Camon_iSky_2_IN1_Pro_MT6739_V254_190813.zip,Tecno Camon iSky 2 IN1 Pro,IN1,V254,SOURCE_UNSPECIFIED,MT6739,TECNO,1.43 GB,190813,https://naijarom.com/tecno-camon-isky-2-in1-pro,pc-fw
Tecno_Camon_iSky_2_IN1_Pro_MT6739_V256_190927.zip,Tecno Camon iSky 2 IN1 Pro,IN1,V256,SOURCE_UNSPECIFIED,MT6739,TECNO,1 GB,190927,https://naijarom.com/tecno-camon-isky-2-in1-pro,pc-fw
Tecno_Camon_iSky_2_IN1_Pro_MT6739_V260_191206.zip,Tecno Camon iSky 2 IN1 Pro,IN1,V260,SOURCE_UNSPECIFIED,MT6739,TECNO,1.5 GB,191206,https://naijarom.com/tecno-camon-isky-2-in1-pro,pc-fw
Tecno_Camon_iSky_2_IN1_Pro_MT6739_V264_200430.zip,Tecno Camon iSky 2 IN1 Pro,IN1,V264,SOURCE_UNSPECIFIED,MT6739,TECNO,1.5 GB,200430,https://naijarom.com/tecno-camon-isky-2-in1-pro,pc-fw
Tecno_Camon_iSky_2_IN1_Pro_MT6739_V270_201010.zip,Tecno Camon iSky 2 IN1 Pro,IN1,V270,SOURCE_UNSPECIFIED,MT6739,TECNO,1.4 GB,201010,https://naijarom.com/tecno-camon-isky-2-in1-pro,pc-fw
Tecno_Camon_iSky_3_KB3_MT6761_V209_190213.zip,Tecno Camon iSky 3 KB3,KB3,V209,SOURCE_UNSPECIFIED,MT6761,TECNO,2 GB,190213,https://naijarom.com/tecno-camon-isky-3-kb3,pc-fw
Tecno_Camon_iSky_3_KB3_MT6761_V309_190424.zip,Tecno Camon iSky 3 KB3,KB3,V309,SOURCE_UNSPECIFIED,MT6761,TECNO,2 GB,190424,https://naijarom.com/tecno-camon-isky-3-kb3,pc-fw
Tecno_Camon_iSky_3_KB3_MT6761_V322_190617.zip,Tecno Camon iSky 3 KB3,KB3,V322,SOURCE_UNSPECIFIED,MT6761,TECNO,1 GB,190617,https://naijarom.com/tecno-camon-isky-3-kb3,pc-fw
Tecno_Camon_iSky_3_KB3_MT6761_V330_190817.zip,Tecno Camon iSky 3 KB3,KB3,V330,SOURCE_UNSPECIFIED,MT6761,TECNO,2 GB,190817,https://naijarom.com/tecno-camon-isky-3-kb3,pc-fw
Tecno_Camon_iSky_3_KB3_MT6761_V335_190928.zip,Tecno Camon iSky 3 KB3,KB3,V335,SOURCE_UNSPECIFIED,MT6761,TECNO,2 GB,190928,https://naijarom.com/tecno-camon-isky-3-kb3,pc-fw
Tecno_Camon_iSky_3_KB3_MT6761_V343_191118.zip,Tecno Camon iSky 3 KB3,KB3,V343,SOURCE_UNSPECIFIED,MT6761,TECNO,2 GB,191118,https://naijarom.com/tecno-camon-isky-3-kb3,pc-fw
Tecno_Camon_iSky_3_KB3_MT6761_V365_200915.zip,Tecno Camon iSky 3 KB3,KB3,V365,SOURCE_UNSPECIFIED,MT6761,TECNO,2 GB,200915,https://naijarom.com/tecno-camon-isky-3-kb3,pc-fw
Tecno_Camon_iSky_3_KB3_MT6761_V373_201102.zip,Tecno Camon iSky 3 KB3,KB3,V373,SOURCE_UNSPECIFIED,MT6761,TECNO,1.7 GB,201102,https://naijarom.com/tecno-camon-isky-3-kb3,pc-fw
Tecno_Camon_iSky_3_KB3_MT6761_V375_210105.zip,Tecno Camon iSky 3 KB3,KB3,V375,SOURCE_UNSPECIFIED,MT6761,TECNO,1.7 GB,210105,https://naijarom.com/tecno-camon-isky-3-kb3,pc-fw
Tecno_Camon_X_Pro_CA8_MT6763_V207_181120.zip,Tecno Camon X Pro CA8,CA8,V207,SOURCE_UNSPECIFIED,MT6763,TECNO,2 GB,181120,https://naijarom.com/tecno-camon-x-pro-ca8,pc-fw
Tecno_CB7J_MT6765_V176_190311.zip,Tecno CB7J,CB7J,V176,SOURCE_UNSPECIFIED,MT6765,TECNO,2 GB,190311,https://naijarom.com/tecno-cb7j,pc-fw
Tecno_CF7K_MT6761_V115_181012.zip,Tecno CF7K,CF7K,V115,SOURCE_UNSPECIFIED,MT6761,TECNO,2 GB,181012,https://naijarom.com/tecno-cf7k,pc-fw
Tecno_CI8N_MT6781_V1182_220605.zip,Tecno CI8N,CI8N,V1182,SOURCE_UNSPECIFIED,MT6781,TECNO,4.19 GB,220605,https://naijarom.com/tecno-ci8n,pc-fw
Tecno_CI8N_MT6781_V2005_220922.zip,Tecno CI8N,CI8N,V2005,SOURCE_UNSPECIFIED,MT6781,TECNO,4.6 GB,220922,https://naijarom.com/tecno-ci8n,pc-fw
Tecno_CI8N_MT6781_V2090_221010.zip,Tecno CI8N,CI8N,V2090,SOURCE_UNSPECIFIED,MT6781,TECNO,4.45 GB,221010,https://naijarom.com/tecno-ci8n,pc-fw
Tecno_Droipad_7G_P704A_MT6739_V073_210320.zip,Tecno Droipad 7G P704A,P704A,V073,SOURCE_UNSPECIFIED,MT6739,TECNO,2.88 GB,210320,https://naijarom.com/tecno-droipad-7g-p704a,pc-fw
Tecno_Droipad_7G_P704A_MT6739_V086_210528.zip,Tecno Droipad 7G P704A,P704A,V086,SOURCE_UNSPECIFIED,MT6739,TECNO,3 GB,210528,https://naijarom.com/tecno-droipad-7g-p704a,pc-fw
Tecno_F2_LTE_MT6739_V124_180614.zip,Tecno F2 LTE,F2,V124,SOURCE_UNSPECIFIED,MT6739,TECNO,771 MB,180614,https://naijarom.com/tecno-f2-lte,pc-fw
Tecno_F4_MT6739_V129_190108.zip,Tecno F4,F4,V129,SOURCE_UNSPECIFIED,MT6739,TECNO,1020 MB,190108,https://naijarom.com/tecno-f4,pc-fw
Tecno_F4_Pro_MT6739_V112_181227.zip,Tecno F4 Pro,F4,V112,SOURCE_UNSPECIFIED,MT6739,TECNO,1 GB,181227,https://naijarom.com/tecno-f4-pro,pc-fw
Tecno_F7_Phantom_A_MT6577_12052015_4.1.zip,Tecno F7 Phantom A,A,4.1,SOURCE_UNSPECIFIED,MT6577,TECNO,298.7 MB,12052015,https://naijarom.com/tecno-f7-phantom,pc-fw
Tecno_i3_MT6737M_V240_171013.zip,Tecno i3,MT6737M,V240,SOURCE_UNSPECIFIED,MT6737M,TECNO,1.96 GB,171013,https://naijarom.com/tecno-i3,pc-fw
Tecno_i3_MT6737M_V300_180131.zip,Tecno i3,MT6737M,V300,SOURCE_UNSPECIFIED,MT6737M,TECNO,2 GB,180131,https://naijarom.com/tecno-i3,pc-fw
Tecno_i3_MT6737M_V311_181128.zip,Tecno i3,MT6737M,V311,SOURCE_UNSPECIFIED,MT6737M,TECNO,2 GB,181128,https://naijarom.com/tecno-i3,pc-fw
Tecno_i3_MT6735_V315_190314.zip,Tecno i3,MT6735,V315,SOURCE_UNSPECIFIED,MT6735,TECNO,2 GB,190314,https://naijarom.com/tecno-i3,pc-fw
Tecno_i3_Pro_MT6737M_V100_170504.zip,Tecno i3 Pro,MT6737M,V100,SOURCE_UNSPECIFIED,MT6737M,TECNO,1.95 GB,170504,https://naijarom.com/tecno-i3-pro,pc-fw
Tecno_i3_Pro_MT6737M_V297_180211.zip,Tecno i3 Pro,MT6737M,V297,SOURCE_UNSPECIFIED,MT6737M,TECNO,2 GB,180211,https://naijarom.com/tecno-i3-pro,pc-fw
Tecno_i3_Pro_MT6737M_V302_180704.zip,Tecno i3 Pro,MT6737M,V302,SOURCE_UNSPECIFIED,MT6737M,TECNO,4 GB,180704,https://naijarom.com/tecno-i3-pro,pc-fw
Tecno_i3_Pro_MT6737M_V304_190416.zip,Tecno i3 Pro,MT6737M,V304,SOURCE_UNSPECIFIED,MT6737M,TECNO,2 GB,190416,https://naijarom.com/tecno-i3-pro,pc-fw
Tecno_i5_MT6737T_V241_190416.zip,Tecno i5,MT6737T,V241,SOURCE_UNSPECIFIED,MT6737T,TECNO,2 GB,190416,https://naijarom.com/tecno-i5,pc-fw
Tecno_i7_MT6750_V332_190304.zip,Tecno I7,MT6750,V332,SOURCE_UNSPECIFIED,MT6750,TECNO,2 GB,190304,https://naijarom.com/tecno-i7,pc-fw
Tecno_IN1_MT6739_V149_180606.zip,Tecno IN1,IN1,V149,SOURCE_UNSPECIFIED,MT6739,TECNO,1 GB,180606,https://naijarom.com/tecno-in1,pc-fw
Tecno_IN1_MT6739_V270_190417.zip,Tecno IN1,IN1,V270,SOURCE_UNSPECIFIED,MT6739,TECNO,1 GB,190417,https://naijarom.com/tecno-in1,pc-fw
Tecno_IN1_Pro_MT6739_V165_180709.zip,Tecno IN1 Pro,IN1,V165,SOURCE_UNSPECIFIED,MT6739,TECNO,1 GB,180709,https://naijarom.com/tecno-in1-pro,pc-fw
Tecno_IN1_Pro_MT6739_V213_181019.zip,Tecno IN1 Pro,IN1,V213,SOURCE_UNSPECIFIED,MT6739,TECNO,1.5 GB,181019,https://naijarom.com/tecno-in1-pro,pc-fw
Tecno_IN1_Pro_MT6739_V233_181218.zip,Tecno IN1 Pro,IN1,V233,SOURCE_UNSPECIFIED,MT6739,TECNO,1.5 GB,181218,https://naijarom.com/tecno-in1-pro,pc-fw
Tecno_IN1_Pro_MT6739_V238_190216.zip,Tecno IN1 Pro,IN1,V238,SOURCE_UNSPECIFIED,MT6739,TECNO,2 GB,190216,https://naijarom.com/tecno-in1-pro,pc-fw
Tecno_IN1_Pro_MT6739_V240_190417.zip,Tecno IN1 Pro,IN1,V240,SOURCE_UNSPECIFIED,MT6739,TECNO,1 GB,190417,https://naijarom.com/tecno-in1-pro,pc-fw
Tecno_IN1_Pro_MT6739_V254_190813.zip,Tecno IN1 Pro,IN1,V254,SOURCE_UNSPECIFIED,MT6739,TECNO,1.43 GB,190813,https://naijarom.com/tecno-in1-pro,pc-fw
Tecno_IN1_Pro_MT6739_V256_190927.zip,Tecno IN1 Pro,IN1,V256,SOURCE_UNSPECIFIED,MT6739,TECNO,1 GB,190927,https://naijarom.com/tecno-in1-pro,pc-fw
Tecno_IN1_Pro_MT6739_V260_191206.zip,Tecno IN1 Pro,IN1,V260,SOURCE_UNSPECIFIED,MT6739,TECNO,1.5 GB,191206,https://naijarom.com/tecno-in1-pro,pc-fw
Tecno_IN1_Pro_MT6739_V264_200430.zip,Tecno IN1 Pro,IN1,V264,SOURCE_UNSPECIFIED,MT6739,TECNO,1.5 GB,200430,https://naijarom.com/tecno-in1-pro,pc-fw
Tecno_IN1_Pro_MT6739_V270_201010.zip,Tecno IN1 Pro,IN1,V270,SOURCE_UNSPECIFIED,MT6739,TECNO,1.4 GB,201010,https://naijarom.com/tecno-in1-pro,pc-fw
Tecno_IN2_MT6739_V106_180329.zip,Tecno IN2,IN2,V106,SOURCE_UNSPECIFIED,MT6739,TECNO,1 GB,180329,https://naijarom.com/tecno-in2,pc-fw
Tecno_IN2_MT6739_V218_190220.zip,Tecno IN2,IN2,V218,SOURCE_UNSPECIFIED,MT6739,TECNO,1 GB,190220,https://naijarom.com/tecno-in2,pc-fw
Tecno_IN2_MT6739_V220_190417.zip,Tecno IN2,IN2,V220,SOURCE_UNSPECIFIED,MT6739,TECNO,1 GB,190417,https://naijarom.com/tecno-in2,pc-fw
Tecno_IN2_MT6739_V231_190620.zip,Tecno IN2,IN2,V231,SOURCE_UNSPECIFIED,MT6739,TECNO,1 GB,190620,https://naijarom.com/tecno-in2,pc-fw
Tecno_IN2_MT6739_V237_190927.zip,Tecno IN2,IN2,V237,SOURCE_UNSPECIFIED,MT6739,TECNO,970 MB,190927,https://naijarom.com/tecno-in2,pc-fw
Tecno_IN2_MT6739_V249_201010.zip,Tecno IN2,IN2,V249,SOURCE_UNSPECIFIED,MT6739,TECNO,1.4 GB,201010,https://naijarom.com/tecno-in2,pc-fw
Tecno_IN5_MT6737T_V144_190319.zip,Tecno IN5,IN5,V144,SOURCE_UNSPECIFIED,MT6737T,TECNO,2 GB,190319,https://naijarom.com/tecno-in5,pc-fw
Tecno_IN6_MT6763_V136_180615.zip,Tecno IN6,IN6,V136,SOURCE_UNSPECIFIED,MT6763,TECNO,2 GB,180615,https://naijarom.com/tecno-in6,pc-fw
Tecno_K7_MT6580_V186_180616.zip,Tecno K7,K7,V186,SOURCE_UNSPECIFIED,MT6580,TECNO,2 GB,180616,https://naijarom.com/tecno-k7,pc-fw
Tecno_K7_MT6580_V195_181119.zip,Tecno K7,K7,V195,SOURCE_UNSPECIFIED,MT6580,TECNO,2 GB,181119,https://naijarom.com/tecno-k7,pc-fw
Tecno_K7_MT6580_V201_190315.zip,Tecno K7,K7,V201,SOURCE_UNSPECIFIED,MT6580,TECNO,1.57 GB,190315,https://naijarom.com/tecno-k7,pc-fw
Tecno_KA6_MT6580_V086_181029.zip,Tecno KA6,KA6,V086,SOURCE_UNSPECIFIED,MT6580,TECNO,1 GB,181029,https://naijarom.com/tecno-ka6,pc-fw
Tecno_KB2H_H613ST_PGO_MT6761_V148_190418.zip,Tecno KB2H,KB2H,V148,SOURCE_UNSPECIFIED,MT6761,TECNO,1010 MB,190418,https://naijarom.com/tecno-kb2h,pc-fw
Tecno_KE5K_MT6765_V195_210623.zip,Tecno KE5K,KE5K,V195,SOURCE_UNSPECIFIED,MT6765,TECNO,2.41 GB,210623,https://naijarom.com/tecno-ke5k,pc-fw
Tecno_KE5K_MT6765_V217_220415.zip,Tecno KE5K,KE5K,V217,SOURCE_UNSPECIFIED,MT6765,TECNO,2.41 GB,220415,https://naijarom.com/tecno-ke5k,pc-fw
Tecno_KF6K_MT6768_V395_220717.zip,Tecno KF6K,KF6K,V395,SOURCE_UNSPECIFIED,MT6768,TECNO,3.13 GB,220717,https://naijarom.com/tecno-kf6k,pc-fw
Tecno_KF6KS_MT6768_V282_210927.zip,Tecno KF6KS,KF6KS,V282,SOURCE_UNSPECIFIED,MT6768,TECNO,2.43 GB,210927,https://naijarom.com/tecno-kf6ks,pc-fw
Tecno_KF6KS_MT6768_V366_220314.zip,Tecno KF6KS,KF6KS,V366,SOURCE_UNSPECIFIED,MT6768,TECNO,2.5 GB,220314,https://naijarom.com/tecno-kf6ks,pc-fw
Tecno_KF6KS_MT6768_V371_220510.zip,Tecno KF6KS,KF6KS,V371,SOURCE_UNSPECIFIED,MT6768,TECNO,2.51 GB,220510,https://naijarom.com/tecno-kf6ks,pc-fw
Tecno_KF6KS_MT6768_V378_220728.zip,Tecno KF6KS,KF6KS,V378,SOURCE_UNSPECIFIED,MT6768,TECNO,2.53 GB,220728,https://naijarom.com/tecno-kf6ks,pc-fw
Tecno_KF6KS_MT6768_V384_220915.zip,Tecno KF6KS,KF6KS,V384,SOURCE_UNSPECIFIED,MT6768,TECNO,2.49 GB,220915,https://naijarom.com/tecno-kf6ks,pc-fw
Tecno_KF6M_MT6765_V171_210610.zip,Tecno KF6M,KF6M,V171,SOURCE_UNSPECIFIED,MT6765,TECNO,1.86 GB,210610,https://naijarom.com/tecno-kf6m,pc-fw
Tecno_KF6M_MT6765_V244_210618.zip,Tecno KF6M,KF6M,V244,SOURCE_UNSPECIFIED,MT6765,TECNO,1.63 GB,210618,https://naijarom.com/tecno-kf6m,pc-fw
Tecno_KG5_MT6761_V938_220820.zip,Tecno KG5,KG5,V938,SOURCE_UNSPECIFIED,MT6761,TECNO,2.08 GB,220820,https://naijarom.com/tecno-kg5,pc-fw
Tecno_KG5_MT6761_V941_220916.zip,Tecno KG5,KG5,V941,SOURCE_UNSPECIFIED,MT6761,TECNO,2.10 GB,220916,https://naijarom.com/tecno-kg5,pc-fw
Tecno_KG5H_MT6761_V276_220210.zip,Tecno KG5H,KG5H,V276,SOURCE_UNSPECIFIED,MT6761,TECNO,2.10 GB,220210,https://naijarom.com/tecno-kg5h,pc-fw
Tecno_KG5H_MT6761_V320_220303.zip,Tecno KG5H,KG5H,V320,SOURCE_UNSPECIFIED,MT6761,TECNO,2.09 GB,220303,https://naijarom.com/tecno-kg5h,pc-fw
Tecno_KG5H_MT6761_V343_220601.zip,Tecno KG5H,KG5H,V343,SOURCE_UNSPECIFIED,MT6761,TECNO,2.07 GB,220601,https://naijarom.com/tecno-kg5h,pc-fw
Tecno_KG5H_MT6761_V356_220820.zip,Tecno KG5H,KG5H,V356,SOURCE_UNSPECIFIED,MT6761,TECNO,2.07 GB,220820,https://naijarom.com/tecno-kg5h,pc-fw
Tecno_KG5H_MT6761_V362_220919.zip,Tecno KG5H,KG5H,V362,SOURCE_UNSPECIFIED,MT6761,TECNO,2.09 GB,220919,https://naijarom.com/tecno-kg5h,pc-fw
Tecno_KG6K_MT6765_V567_220920.zip,Tecno KG6K,KG6K,V567,SOURCE_UNSPECIFIED,MT6765,TECNO,2.89 GB,220920,https://naijarom.com/tecno-kg6k,pc-fw
Tecno_KG7_MT6768_V489_220826.zip,Tecno KG7,KG7,V489,SOURCE_UNSPECIFIED,MT6768,TECNO,3.37 GB,220826,https://naijarom.com/tecno-kg7,pc-fw
Tecno_KH6_MT6765_V611_220520.zip,Tecno KH6,KH6,V611,SOURCE_UNSPECIFIED,MT6765,TECNO,3.13 GB,220520,https://naijarom.com/tecno-kh6,pc-fw
Tecno_KH6_MT6765_V770_220615.zip,Tecno KH6,KH6,V770,SOURCE_UNSPECIFIED,MT6765,TECNO,3 GB,220615,https://naijarom.com/tecno-kh6,pc-fw
Tecno_KH6_MT6765_V771_220615.zip,Tecno KH6,KH6,V771,SOURCE_UNSPECIFIED,MT6765,TECNO,2.89 GB,220615,https://naijarom.com/tecno-kh6,pc-fw
Tecno_KH6_MT6765_V1096_220826.zip,Tecno KH6,KH6,V1096,SOURCE_UNSPECIFIED,MT6765,TECNO,3.27 GB,220826,https://naijarom.com/tecno-kh6,pc-fw
Tecno_KH6_MT6765_V1208_220921.zip,Tecno KH6,KH6,V1208,SOURCE_UNSPECIFIED,MT6765,TECNO,3.3 GB,220921,https://naijarom.com/tecno-kh6,pc-fw
Tecno_KH6_MT6765_V1317_221024.zip,Tecno KH6,KH6,V1317,SOURCE_UNSPECIFIED,MT6765,TECNO,3.34 GB,221024,https://naijarom.com/tecno-kh6,pc-fw
Tecno_KH7_MT6768_V261_220331.zip,Tecno KH7,KH7,V261,SOURCE_UNSPECIFIED,MT6768,TECNO,3.31 GB,220331,https://naijarom.com/tecno-kh7,pc-fw
Tecno_KH7_MT6768_V450_220430.zip,Tecno KH7,KH7,V450,SOURCE_UNSPECIFIED,MT6768,TECNO,3.62 GB,220430,https://naijarom.com/tecno-kh7,pc-fw
Tecno_KH7_MT6768_V618_220826.zip,Tecno KH7,KH7,V618,SOURCE_UNSPECIFIED,MT6768,TECNO,3.79 GB,220826,https://naijarom.com/tecno-kh7,pc-fw
Tecno_KH7_MT6768_V641_221008.zip,Tecno KH7,KH7,V641,SOURCE_UNSPECIFIED,MT6768,TECNO,3.84 GB,221008,https://naijarom.com/tecno-kh7,pc-fw
Tecno_L9_MT6580_V258_190327.zip,Tecno L9,L9,V258,SOURCE_UNSPECIFIED,MT6580,TECNO,1.53 GB,190327,https://naijarom.com/tecno-l9,pc-fw
Tecno_L9_MT6580_V275_171215.zip,Tecno L9,L9,V275,SOURCE_UNSPECIFIED,MT6580,TECNO,1.48 GB,171215,https://naijarom.com/tecno-l9,pc-fw
Tecno_L9_MT6580_V286_190326.zip,Tecno L9,L9,V286,SOURCE_UNSPECIFIED,MT6580,TECNO,1.55 GB,190326,https://naijarom.com/tecno-l9,pc-fw
Tecno_L9_Plus_MT6580_20170411_7.0.zip,Tecno L9 Plus,L9,7.0,SOURCE_UNSPECIFIED,MT6580,TECNO,2 GB,20170411,https://naijarom.com/tecno-l9-plus,pc-fw
Tecno_LD7_MT6768_V593_220824.zip,Tecno LD7,LD7,V593,SOURCE_UNSPECIFIED,MT6768,TECNO,2.92 GB,220824,https://naijarom.com/tecno-ld7,pc-fw
Tecno_LE6_MT6765_V738_220824.zip,Tecno LE6,LE6,V738,SOURCE_UNSPECIFIED,MT6765,TECNO,3.37 GB,220824,https://naijarom.com/tecno-le6,pc-fw
Tecno_LE8_MT6877_V946_220218.zip,Tecno LE8,LE8,V946,SOURCE_UNSPECIFIED,MT6877,TECNO,4.14 GB,220218,https://naijarom.com/tecno-le8,pc-fw
Tecno_LE8_MT6877_V1114_220902.zip,Tecno LE8,LE8,V1114,SOURCE_UNSPECIFIED,MT6877,TECNO,4.15 GB,220902,https://naijarom.com/tecno-le8,pc-fw
Tecno_LG8N_MT6789_V963_220823.zip,Tecno LG8N,LG8N,V963,SOURCE_UNSPECIFIED,MT6789,TECNO,4.4 GB,220823,https://naijarom.com/tecno-lg8n,pc-fw
Tecno_LG8N_MT6789_V1297_221010.zip,Tecno LG8N,LG8N,V1297,SOURCE_UNSPECIFIED,MT6789,TECNO,4.47 GB,221010,https://naijarom.com/tecno-lg8n,pc-fw
Tecno_M3S_MT6572_20141015_4.4.zip,Tecno M3S,M3S,4.4,SOURCE_UNSPECIFIED,MT6572,TECNO,541.6 MB,20141015,https://naijarom.com/tecno-m3s,pc-fw
Tecno_Megapad_2_T1103_MT6789_16.3.0.130SP11_RU004PF001AZ_MXML.zip,Tecno Megapad 2 T1103,T1103,16.3.0.130SP11,SOURCE_UNSPECIFIED,MT6789,TECNO,7.94 GB,,https://naijarom.com/tecno-megapad-2-t1103,pc-fw
Tecno_Megapad_2_T1103_MT6789_16.3.0.115SP04_OP004PF001AZ_MXML.zip,Tecno Megapad 2 T1103,T1103,16.3.0.115SP04,SOURCE_UNSPECIFIED,MT6789,TECNO,8.32 GB,,https://naijarom.com/tecno-megapad-2-t1103,pc-fw
Tecno_Megapad_SE_2_T1002_MT6768_16.3.0.125SP02_OP002PF001AZ_MXML.zip,Tecno Megapad SE 2 T1002,T1002,16.3.0.125SP02,SOURCE_UNSPECIFIED,MT6768,TECNO,6.35 GB,,https://naijarom.com/tecno-megapad-se-2-t1002,pc-fw
Tecno_MegaPad_SE_2_T1002W_MT6768_16.3.0.125SP10_OP003PF001AZ.zip,Tecno MegaPad SE 2 T1002W,T1002W,16.3.0.125SP10,SOURCE_UNSPECIFIED,MT6768,TECNO,6.13 GB,,https://naijarom.com/tecno-megapad-se-2-t1002w,pc-fw
Tecno_N2_MT6580_31102013_6.0.zip,Tecno N2,N2,6.0,SOURCE_UNSPECIFIED,MT6580,TECNO,1.27 GB,31102013,https://naijarom.com/tecno-n2,pc-fw
Tecno_N2S_MT6580_15042017_6.0.zip,Tecno N2S,N2S,6.0,SOURCE_UNSPECIFIED,MT6580,TECNO,2 GB,15042017,https://naijarom.com/tecno-n2s,pc-fw
Tecno_N8_MT6735_20160518_6.0.zip,Tecno N8,N8,6.0,SOURCE_UNSPECIFIED,MT6735,TECNO,1.29 GB,20160518,https://naijarom.com/tecno-n8,pc-fw
Tecno_N9_MT6589_20130926_4.2.zip,Tecno N9,N9,4.2,SOURCE_UNSPECIFIED,MT6589,TECNO,1.24 GB,20130926,https://naijarom.com/tecno-n9,pc-fw
Tecno_N9S_MT6737M_V007_161025.zip,Tecno N9S,N9S,V007,SOURCE_UNSPECIFIED,MT6737M,TECNO,1.09 GB,161025,https://naijarom.com/tecno-n9s,pc-fw
Tecno_NX_R8O_MT6737M_V142_180817.zip,Tecno NX R8O,R8O,V142,SOURCE_UNSPECIFIED,MT6737M,TECNO,778 MB,180817,https://naijarom.com/tecno-nx-r8o,pc-fw
Tecno_NX_R8O_MT6737M_V150_180612.zip,Tecno NX R8O,R8O,V150,SOURCE_UNSPECIFIED,MT6737M,TECNO,645 MB,180612,https://naijarom.com/tecno-nx-r8o,pc-fw
Tecno_NX_R8O_MT6737M_V184_180817.zip,Tecno NX R8O,R8O,V184,SOURCE_UNSPECIFIED,MT6737M,TECNO,778 MB,180817,https://naijarom.com/tecno-nx-r8o,pc-fw
Tecno_Orange_Rise_32_MT6580_20170511_6.0.zip,Tecno Orange Rise 32,32,6.0,SOURCE_UNSPECIFIED,MT6580,TECNO,886.05 MB,20170511,https://naijarom.com/tecno-orange-rise-32,pc-fw
Tecno_P5_Plus_MT6572_20141011_4.2.zip,Tecno P5 Plus,P5,4.2,SOURCE_UNSPECIFIED,MT6572,TECNO,815.9 MB,20141011,https://naijarom.com/tecno-p5-plus,pc-fw
Tecno_P704_MT6580_V073_201104.zip,Tecno P704,P704,V073,SOURCE_UNSPECIFIED,MT6580,TECNO,2 GB,201104,https://naijarom.com/tecno-p704,pc-fw
Tecno_Phantom_5S_MT6753_20150910_5.1.zip,Tecno Phantom 5S,5S,5.1,SOURCE_UNSPECIFIED,MT6753,TECNO,1.18 GB,20150910,https://naijarom.com/tecno-phantom-5s,pc-fw
Tecno_Phantom_6_MT6755_V121_170103.zip,Tecno Phantom 6,MT6755,V121,SOURCE_UNSPECIFIED,MT6755,TECNO,2.06 GB,170103,https://naijarom.com/tecno-phantom-6,pc-fw
Tecno_Phantom_8_AX8_MT6757_V254_180227.zip,Tecno Phantom 8 AX8,AX8,V254,SOURCE_UNSPECIFIED,MT6757,TECNO,2.23 GB,180227,https://naijarom.com/tecno-phantom-8-ax8,pc-fw
Tecno_Phantom_8_AX8_MT6757_V263_180424.zip,Tecno Phantom 8 AX8,AX8,V263,SOURCE_UNSPECIFIED,MT6757,TECNO,2 GB,180424,https://naijarom.com/tecno-phantom-8-ax8,pc-fw
Tecno_Phantom_8_AX8_MT6757_V273_180929.zip,Tecno Phantom 8 AX8,AX8,V273,SOURCE_UNSPECIFIED,MT6757,TECNO,2.21 GB,180929,https://naijarom.com/tecno-phantom-8-ax8,pc-fw
Tecno_Phantom_9_AB7_MT6765_V148_190419.zip,Tecno Phantom 9 AB7,AB7,V148,SOURCE_UNSPECIFIED,MT6765,TECNO,2 GB,190419,https://naijarom.com/tecno-phantom-9-ab7,pc-fw
Tecno_Phantom_9_AB7_MT6765_V485_200928.zip,Tecno Phantom 9 AB7,AB7,V485,SOURCE_UNSPECIFIED,MT6765,TECNO,2.17 GB,200928,https://naijarom.com/tecno-phantom-9-ab7,pc-fw
Tecno_Phantom_9_AB7_MT6765_V501_201207.zip,Tecno Phantom 9 AB7,AB7,V501,SOURCE_UNSPECIFIED,MT6765,TECNO,2 GB,201207,https://naijarom.com/tecno-phantom-9-ab7,pc-fw
Tecno_Phantom_9_AB7_MT6765_V517_210127.zip,Tecno Phantom 9 AB7,AB7,V517,SOURCE_UNSPECIFIED,MT6765,TECNO,2.17 GB,210127,https://naijarom.com/tecno-phantom-9-ab7,pc-fw
Tecno_Phantom_9_AB7_MT6765_V551_210623.zip,Tecno Phantom 9 AB7,AB7,V551,SOURCE_UNSPECIFIED,MT6765,TECNO,2 GB,210623,https://naijarom.com/tecno-phantom-9-ab7,pc-fw
Tecno_Phantom_V_Fold_AD10_MT6983_V2649_230202.zip,Tecno Phantom V Fold AD10,AD10,V2649,SOURCE_UNSPECIFIED,MT6983,TECNO,5.82 GB,230202,https://naijarom.com/tecno-phantom-v-fold-ad10,pc-fw
Tecno_Phantom_V_Fold_AD10_MT6983_15.1.3.115SP05_GL001PF001AZ_260129_MXML.zip,Tecno Phantom V Fold AD10,AD10,15.1.3.115SP05,GL001PF001AZ,MT6983,TECNO,7.99 GB,260129,https://naijarom.com/tecno-phantom-v-fold-ad10,pc-fw
Tecno_Phantom_V_Fold_2_5G_AE10_MT6983_15.1.3.122SP05_IN001PF001AZ_260403_MXML.zip,Tecno Phantom V Fold 2 5G AE10,AE10,15.1.3.122SP05,IN001PF001AZ,MT6983,TECNO,8.73 GB,260403,https://naijarom.com/tecno-phantom-v-fold-2-5g-ae10,pc-fw
Tecno_Phantom_V_Fold_2_5G_AE10_MT6983_15.1.3.122SP05_OP001PF001AZ_260304_MXML.zip,Tecno Phantom V Fold 2 5G AE10,AE10,15.1.3.122SP05,OP001PF001AZ,MT6983,TECNO,8.77 GB,260304,https://naijarom.com/tecno-phantom-v-fold-2-5g-ae10,pc-fw
Tecno_Phantom_V_Fold_2_AE10_MT6983_15.1.3.135SP01_IN001PF001AZ_260622_MXML.zip,Tecno Phantom V Fold 2 5G AE10,AE10,15.1.3.135SP01,IN001PF001AZ,MT6983,TECNO,8.73 GB,260622,https://naijarom.com/tecno-phantom-v-fold-2-5g-ae10,pc-fw
Tecno_Phantom_V_Yoga_AD11_MT6893_V944_241022.zip,Tecno Phantom V  Yoga AD11,AD11,V944,SOURCE_UNSPECIFIED,MT6893,TECNO,7.22 GB,241022,https://naijarom.com/tecno-phantom-v-yoga-ad11,pc-fw
Tecno_Phantom_V_Yoga_AD11_MT6893_V1281_250702.zip,Tecno Phantom V  Yoga AD11,AD11,V1281,SOURCE_UNSPECIFIED,MT6893,TECNO,7.23 GB,250702,https://naijarom.com/tecno-phantom-v-yoga-ad11,pc-fw
Tecno_Phantom_V_Yoga_AD11_MT6893_V2733_230823.zip,Tecno Phantom V  Yoga AD11,AD11,V2733,SOURCE_UNSPECIFIED,MT6893,TECNO,5.56 GB,230823,https://naijarom.com/tecno-phantom-v-yoga-ad11,pc-fw
Tecno_Phantom_V_Yoga_AD11_MT6893_V3301_230921.zip,Tecno Phantom V  Yoga AD11,AD11,V3301,SOURCE_UNSPECIFIED,MT6893,TECNO,5.63 GB,230921,https://naijarom.com/tecno-phantom-v-yoga-ad11,pc-fw
Tecno_Phantom_V_Yoga_AD11_MT6893_V3844_231101.zip,Tecno Phantom V  Yoga AD11,AD11,V3844,SOURCE_UNSPECIFIED,MT6893,TECNO,5.57 GB,231101,https://naijarom.com/tecno-phantom-v-yoga-ad11,pc-fw
Tecno_Phantom_V_Yoga_AD11_MT6893_V5525_240613.zip,Tecno Phantom V  Yoga AD11,AD11,V5525,SOURCE_UNSPECIFIED,MT6893,TECNO,5.26 GB,240613,https://naijarom.com/tecno-phantom-v-yoga-ad11,pc-fw
Tecno_Phantom_V_Yoga_AD11_MT6893_V5604_240806.zip,Tecno Phantom V  Yoga AD11,AD11,V5604,SOURCE_UNSPECIFIED,MT6893,TECNO,5.75 GB,240806,https://naijarom.com/tecno-phantom-v-yoga-ad11,pc-fw
Tecno_Phantom_V_Yoga_AD11_MT6893_V5638_240823.zip,Tecno Phantom V  Yoga AD11,AD11,V5638,SOURCE_UNSPECIFIED,MT6893,TECNO,5.75 GB,240823,https://naijarom.com/tecno-phantom-v-yoga-ad11,pc-fw
Tecno_Phantom_V_Yoga_AD11_MT6893_15.1.3.112SP09_IN001PF001AZ_260112.zip,Tecno Phantom V  Yoga AD11,AD11,15.1.3.112SP09,SOURCE_UNSPECIFIED,MT6893,TECNO,7.31 GB,,https://naijarom.com/tecno-phantom-v-yoga-ad11,pc-fw
Tecno_Phantom_V_Yoga_AD11_MT6893_15.1.3.122SP03_IN001PF001AZ_260401.zip,Tecno Phantom V  Yoga AD11,AD11,15.1.3.122SP03,SOURCE_UNSPECIFIED,MT6893,TECNO,7.35 GB,,https://naijarom.com/tecno-phantom-v-yoga-ad11,pc-fw
Tecno_Phantom_V_Flip_AD11_MT6893_V944_241022.zip,Tecno Phantom V Flip AD11,AD11,V944,SOURCE_UNSPECIFIED,MT6893,TECNO,7.22 GB,241022,https://naijarom.com/tecno-phantom-v-flip-ad11,pc-fw
Tecno_Phantom_V_Flip_AD11_MT6893_V1208_250219.zip,Tecno Phantom V Flip AD11,AD11,V1208,SOURCE_UNSPECIFIED,MT6893,TECNO,7.21 GB,250219,https://naijarom.com/tecno-phantom-v-flip-ad11,pc-fw
Tecno_Phantom_V_Flip_AD11_MT6893_V1281_250702.zip,Tecno Phantom V Flip AD11,AD11,V1281,SOURCE_UNSPECIFIED,MT6893,TECNO,7.23 GB,250702,https://naijarom.com/tecno-phantom-v-flip-ad11,pc-fw
Tecno_Phantom_V_Flip_AD11_MT6893_V5604_240806.zip,Tecno Phantom V Flip AD11,AD11,V5604,SOURCE_UNSPECIFIED,MT6893,TECNO,5.75 GB,240806,https://naijarom.com/tecno-phantom-v-flip-ad11,pc-fw
Tecno_Phantom_V_Flip_AD11_MT6893_V5638_240823.zip,Tecno Phantom V Flip AD11,AD11,V5638,SOURCE_UNSPECIFIED,MT6893,TECNO,5.75 GB,240823,https://naijarom.com/tecno-phantom-v-flip-ad11,pc-fw
Tecno_Phantom_V_Flip_AD11_MT6893_15.1.3.112SP09_IN001PF001AZ_260112.zip,Tecno Phantom V Flip AD11,AD11,15.1.3.112SP09,SOURCE_UNSPECIFIED,MT6893,TECNO,7.31 GB,,https://naijarom.com/tecno-phantom-v-flip-ad11,pc-fw
Tecno_Phantom_V_Flip_AD11_MT6893_15.1.3.122SP03_IN001PF001AZ_260401.zip,Tecno Phantom V Flip AD11,AD11,15.1.3.122SP03,SOURCE_UNSPECIFIED,MT6893,TECNO,7.35 GB,,https://naijarom.com/tecno-phantom-v-flip-ad11,pc-fw
Tecno_Phantom_V_Flip_2_5G_AE11_MT6893_15.1.3.112SP12_IN001PF001AZ_260119.zip,Tecno Phantom V Flip 2 5G AE11,AE11,15.1.3.112SP12,SOURCE_UNSPECIFIED,MT6893,TECNO,8.62 GB,,https://naijarom.com/tecno-phantom-v-flip-2-5g-ae11,pc-fw
Tecno_Phantom_V_Flip_2_5G_AE11_MT6893_15.1.3.122SP07_IN001PF001AZ_260410.zip,Tecno Phantom V Flip 2 5G AE11,AE11,15.1.3.122SP07,SOURCE_UNSPECIFIED,MT6893,TECNO,8.63 GB,,https://naijarom.com/tecno-phantom-v-flip-2-5g-ae11,pc-fw
Tecno_Phantom_V2_Flip_AE11_MT6893_V3525_240711.zip,Tecno Phantom V2 Flip AE11,V2,V3525,SOURCE_UNSPECIFIED,MT6893,TECNO,5.42 GB,240711,https://naijarom.com/tecno-phantom-v2-flip-ae11,pc-fw
Tecno_Phantom_V2_Flip_AE11_MT6893_15.1.3.112SP12_IN001PF001AZ_260119.zip,Tecno Phantom V2 Flip AE11,V2,15.1.3.112SP12,SOURCE_UNSPECIFIED,MT6893,TECNO,8.62 GB,,https://naijarom.com/tecno-phantom-v2-flip-ae11,pc-fw
Tecno_Phantom_V2_Flip_AE11_MT6893_15.1.3.122SP07_IN001PF001AZ_260410.zip,Tecno Phantom V2 Flip AE11,V2,15.1.3.122SP07,SOURCE_UNSPECIFIED,MT6893,TECNO,8.63 GB,,https://naijarom.com/tecno-phantom-v2-flip-ae11,pc-fw
Tecno_Phantom_X_AC8_MT6785_V2219_220729.zip,Tecno Phantom X AC8,AC8,V2219,SOURCE_UNSPECIFIED,MT6785,TECNO,4.47 GB,220729,https://naijarom.com/tecno-phantom-x-ac8,pc-fw
Tecno_Phantom_X_AC8_MT6785_V2274_230224.zip,Tecno Phantom X AC8,AC8,V2274,SOURCE_UNSPECIFIED,MT6785,TECNO,4.22 GB,230224,https://naijarom.com/tecno-phantom-x-ac8,pc-fw
Tecno_Phantom_X_AC8_MT6785_V2309_230615.zip,Tecno Phantom X AC8,AC8,V2309,SOURCE_UNSPECIFIED,MT6785,TECNO,4.27 GB,230615,https://naijarom.com/tecno-phantom-x-ac8,pc-fw
Tecno_Phantom_X_Pro_AC8_MT6785_V607_210315.zip,Tecno Phantom X Pro AC8,AC8,V607,SOURCE_UNSPECIFIED,MT6785,TECNO,3.74 GB,210315,https://naijarom.com/tecno-phantom-x-pro-ac8,pc-fw
Tecno_Phantom_X_Pro_AC8_MT6785_V1093_210428.zip,Tecno Phantom X Pro AC8,AC8,V1093,SOURCE_UNSPECIFIED,MT6785,TECNO,3.81 GB,210428,https://naijarom.com/tecno-phantom-x-pro-ac8,pc-fw
Tecno_Phantom_X_Pro_AC8_MT6785_V1283_210525.zip,Tecno Phantom X Pro AC8,AC8,V1283,SOURCE_UNSPECIFIED,MT6785,TECNO,3.94 GB,210525,https://naijarom.com/tecno-phantom-x-pro-ac8,pc-fw
Tecno_Phantom_X_Pro_AC8_MT6785_V1298_210528.zip,Tecno Phantom X Pro AC8,AC8,V1298,SOURCE_UNSPECIFIED,MT6785,TECNO,3.68 GB,210528,https://naijarom.com/tecno-phantom-x-pro-ac8,pc-fw
Tecno_Phantom_X_Pro_AC8_MT6785_V1434_210630.zip,Tecno Phantom X Pro AC8,AC8,V1434,SOURCE_UNSPECIFIED,MT6785,TECNO,3.93 GB,210630,https://naijarom.com/tecno-phantom-x-pro-ac8,pc-fw
Tecno_Phantom_X_Pro_AC8_MT6785_V1738_211021.zip,Tecno Phantom X Pro AC8,AC8,V1738,SOURCE_UNSPECIFIED,MT6785,TECNO,4.3 GB,211021,https://naijarom.com/tecno-phantom-x-pro-ac8,pc-fw
Tecno_Phantom_X_Pro_AC8_MT6785_V1955_211202.zip,Tecno Phantom X Pro AC8,AC8,V1955,SOURCE_UNSPECIFIED,MT6785,TECNO,4.41 GB,211202,https://naijarom.com/tecno-phantom-x-pro-ac8,pc-fw
Tecno_Phantom_X_Pro_AC8_MT6785_V2128_220310.zip,Tecno Phantom X Pro AC8,AC8,V2128,SOURCE_UNSPECIFIED,MT6785,TECNO,4.42 GB,220310,https://naijarom.com/tecno-phantom-x-pro-ac8,pc-fw
Tecno_Phantom_X_Pro_AC8_MT6785_V2274_230224.zip,Tecno Phantom X Pro AC8,AC8,V2274,SOURCE_UNSPECIFIED,MT6785,TECNO,4.22 GB,230224,https://naijarom.com/tecno-phantom-x-pro-ac8,pc-fw
Tecno_Phantom_X_Pro_AC8_MT6785_V2309_230615.zip,Tecno Phantom X Pro AC8,AC8,V2309,SOURCE_UNSPECIFIED,MT6785,TECNO,4.27 GB,230615,https://naijarom.com/tecno-phantom-x-pro-ac8,pc-fw
Tecno_Phantom_X2_5G_AD8_MT6983_V1910_221116.zip,Tecno Phantom X2 5G AD8,X2,V1910,SOURCE_UNSPECIFIED,MT6983,TECNO,5.41 GB,221116,https://naijarom.com/tecno-phantom-x2-5g-ad8,pc-fw
Tecno_Phantom_X2_Pro_AD9_MT6983_V523_240104.zip,Tecno Phantom X2 Pro AD9,X2,V523,SOURCE_UNSPECIFIED,MT6983,TECNO,6.14 GB,240104,https://naijarom.com/tecno-phantom-x2-pro-ad9,pc-fw
Tecno_Pop_2_B1_MT6580_V124_181117.zip,Tecno Pop 2 B1,B1,V124,SOURCE_UNSPECIFIED,MT6580,TECNO,812 MB,181117,https://naijarom.com/tecno-pop-2-b1,pc-fw
Tecno_Pop_2_B1_MT6580_V142_190930.zip,Tecno Pop 2 B1,B1,V142,SOURCE_UNSPECIFIED,MT6580,TECNO,853 MB,190930,https://naijarom.com/tecno-pop-2-b1,pc-fw
Tecno_Pop_2_Plus_BA2_MT6580_V321_190929.zip,Tecno Pop 2 Plus BA2,BA2,V321,SOURCE_UNSPECIFIED,MT6580,TECNO,948 MB,190929,https://naijarom.com/tecno-pop-2-plus-ba2,pc-fw
Tecno_Pop_2_Plus_BA2_MT6580_V498_201130.zip,Tecno Pop 2 Plus BA2,BA2,V498,SOURCE_UNSPECIFIED,MT6580,TECNO,953 MB,201130,https://naijarom.com/tecno-pop-2-plus-ba2,pc-fw
Tecno_Pop_2_Plus_BA2_MT6580_V543_210319.zip,Tecno Pop 2 Plus BA2,BA2,V543,SOURCE_UNSPECIFIED,MT6580,TECNO,957 MB,210319,https://naijarom.com/tecno-pop-2-plus-ba2,pc-fw
Tecno_Pop_2_Plus_BA2_MT6580_V553_210527.zip,Tecno Pop 2 Plus BA2,BA2,V553,SOURCE_UNSPECIFIED,MT6580,TECNO,957 MB,210527,https://naijarom.com/tecno-pop-2-plus-ba2,pc-fw
Tecno_Pop_2_Power_B1P_MT6580_V184_190929.zip,Tecno Pop 2 Power B1P,B1P,V184,SOURCE_UNSPECIFIED,MT6580,TECNO,889 MB,190929,https://naijarom.com/tecno-pop-2-power-b1p,pc-fw
Tecno_Pop_2_Pro_B2_MT6580_V141_190929.zip,Tecno Pop 2 Pro B2,B2,V141,SOURCE_UNSPECIFIED,MT6580,TECNO,941 MB,190929,https://naijarom.com/tecno-pop-2-pro-b2,pc-fw
Tecno_Pop_2_Pro_B2_MT6580_V154_190929.zip,Tecno Pop 2 Pro B2,B2,V154,SOURCE_UNSPECIFIED,MT6580,TECNO,941 MB,190929,https://naijarom.com/tecno-pop-2-pro-b2,pc-fw
Tecno_Pop_2S_KB2H_MT6761_V167_191012.zip,Tecno Pop 2S KB2H,KB2H,V167,SOURCE_UNSPECIFIED,MT6761,TECNO,1023 MB,191012,https://naijarom.com/tecno-pop-2s-kb2h,pc-fw
Tecno_Pop_2S_RA8_MT6761_V194_191018.zip,Tecno Pop 2S RA8,RA8,V194,SOURCE_UNSPECIFIED,MT6761,TECNO,1.48 GB,191018,https://naijarom.com/tecno-pop-2s-ra8,pc-fw
Tecno_Pop_2S_RA8_MT6761_V195_200727.zip,Tecno Pop 2S RA8,RA8,V195,SOURCE_UNSPECIFIED,MT6761,TECNO,1.49 GB,200727,https://naijarom.com/tecno-pop-2s-ra8,pc-fw
Tecno_Pop_2S_RA8_MT6761_V196_191015.zip,Tecno Pop 2S RA8,RA8,V196,SOURCE_UNSPECIFIED,MT6761,TECNO,1.48 GB,191015,https://naijarom.com/tecno-pop-2s-ra8,pc-fw
Tecno_Pop_3_BB2_MT6580_V010_210618.zip,Tecno Pop 3 BB2,BB2,V010,SOURCE_UNSPECIFIED,MT6580,TECNO,1.91 GB,210618,https://naijarom.com/tecno-pop-3-bb2,pc-fw
Tecno_Pop_3_BB2_MT6580_V012_211011.zip,Tecno Pop 3 BB2,BB2,V012,SOURCE_UNSPECIFIED,MT6580,TECNO,1.93 GB,211011,https://naijarom.com/tecno-pop-3-bb2,pc-fw
Tecno_Pop_3_BB2_MT6580_V014_220222.zip,Tecno Pop 3 BB2,BB2,V014,SOURCE_UNSPECIFIED,MT6580,TECNO,1.93 GB,220222,https://naijarom.com/tecno-pop-3-bb2,pc-fw
Tecno_Pop_3_BB2_MT6580_V016_220527.zip,Tecno Pop 3 BB2,BB2,V016,SOURCE_UNSPECIFIED,MT6580,TECNO,1.95 GB,220527,https://naijarom.com/tecno-pop-3-bb2,pc-fw
Tecno_Pop_3_Plus_BB4_MT6761_V372_210311.zip,Tecno Pop 3 Plus BB4,BB4,V372,SOURCE_UNSPECIFIED,MT6761,TECNO,1 GB,210311,https://naijarom.com/tecno-pop-3-plus-bb4,pc-fw
Tecno_Pop_3_Plus_BB4_MT6761_V397_210705.zip,Tecno Pop 3 Plus BB4,BB4,V397,SOURCE_UNSPECIFIED,MT6761,TECNO,1.06 GB,210705,https://naijarom.com/tecno-pop-3-plus-bb4,pc-fw
Tecno_Pop_3_Plus_BB4_MT6761_V406_211103.zip,Tecno Pop 3 Plus BB4,BB4,V406,SOURCE_UNSPECIFIED,MT6761,TECNO,1.06 GB,211103,https://naijarom.com/tecno-pop-3-plus-bb4,pc-fw
Tecno_Pop_3_Plus_BB4_MT6761_V418_220109.zip,Tecno Pop 3 Plus BB4,BB4,V418,SOURCE_UNSPECIFIED,MT6761,TECNO,1.06 GB,220109,https://naijarom.com/tecno-pop-3-plus-bb4,pc-fw
Tecno_Pop_3_Plus_BB4_MT6761_V422_220315.zip,Tecno Pop 3 Plus BB4,BB4,V422,SOURCE_UNSPECIFIED,MT6761,TECNO,1.06 GB,220315,https://naijarom.com/tecno-pop-3-plus-bb4,pc-fw
Tecno_Pop_3_Plus_BB4_MT6761_V316_201106.zip,Tecno Pop 3 Plus BB4,BB4,V316,SOURCE_UNSPECIFIED,MT6761,TECNO,1.06 GB,201106,https://naijarom.com/tecno-pop-3-plus-bb4,pc-fw
Tecno_Pop_4_MT6580_V011_201216.zip,Tecno Pop 4,MT6580,V011,SOURCE_UNSPECIFIED,MT6580,TECNO,2 GB,201216,https://naijarom.com/tecno-pop-4,pc-fw
Tecno_Pop_4_MT6580_V012_210203.zip,Tecno Pop 4,MT6580,V012,SOURCE_UNSPECIFIED,MT6580,TECNO,2 GB,210203,https://naijarom.com/tecno-pop-4,pc-fw
Tecno_Pop_4_Air_BC1_MT6580_V009_210312.zip,Tecno Pop 4 Air BC1,BC1,V009,SOURCE_UNSPECIFIED,MT6580,TECNO,1.8 GB,210312,https://naijarom.com/tecno-pop-4-air-bc1,pc-fw
Tecno_Pop_4_Air_BC1_MT6580_V011_210709.zip,Tecno Pop 4 Air BC1,BC1,V011,SOURCE_UNSPECIFIED,MT6580,TECNO,1.87 GB,210709,https://naijarom.com/tecno-pop-4-air-bc1,pc-fw
Tecno_Pop_4_Air_BC1_MT6580_V013_210916.zip,Tecno Pop 4 Air BC1,BC1,V013,SOURCE_UNSPECIFIED,MT6580,TECNO,1.87 GB,210916,https://naijarom.com/tecno-pop-4-air-bc1,pc-fw
Tecno_Pop_4_Air_BC1_MT6580_V014_211115.zip,Tecno Pop 4 Air BC1,BC1,V014,SOURCE_UNSPECIFIED,MT6580,TECNO,1.87 GB,211115,https://naijarom.com/tecno-pop-4-air-bc1,pc-fw
Tecno_Pop_4_Air_BC1_MT6580_V016_220307.zip,Tecno Pop 4 Air BC1,BC1,V016,SOURCE_UNSPECIFIED,MT6580,TECNO,1.86 GB,220307,https://naijarom.com/tecno-pop-4-air-bc1,pc-fw
Tecno_Pop_4_Air_BC1_MT6580_V017_220513.zip,Tecno Pop 4 Air BC1,BC1,V017,SOURCE_UNSPECIFIED,MT6580,TECNO,1.9 GB,220513,https://naijarom.com/tecno-pop-4-air-bc1,pc-fw
Tecno_Pop_4_Air_BC1_MT6580_V019_220920.zip,Tecno Pop 4 Air BC1,BC1,V019,SOURCE_UNSPECIFIED,MT6580,TECNO,1.9 GB,220920,https://naijarom.com/tecno-pop-4-air-bc1,pc-fw
Tecno_Pop_4_BC1S_MT6739_V004_201208.zip,Tecno Pop 4 BC1S,BC1S,V004,SOURCE_UNSPECIFIED,MT6739,TECNO,2.17 GB,201208,https://naijarom.com/tecno-pop-4-bc1s,pc-fw
Tecno_Pop_4_BC1S_MT6739_V007_210319.zip,Tecno Pop 4 BC1S,BC1S,V007,SOURCE_UNSPECIFIED,MT6739,TECNO,2 GB,210319,https://naijarom.com/tecno-pop-4-bc1s,pc-fw
Tecno_Pop_4_BC1S_MT6739_V012_210830.zip,Tecno Pop 4 BC1S,BC1S,V012,SOURCE_UNSPECIFIED,MT6739,TECNO,2.21 GB,210830,https://naijarom.com/tecno-pop-4-bc1s,pc-fw
Tecno_Pop_4_BC1S_MT6739_V013_211109.zip,Tecno Pop 4 BC1S,BC1S,V013,SOURCE_UNSPECIFIED,MT6739,TECNO,2.21 GB,211109,https://naijarom.com/tecno-pop-4-bc1s,pc-fw
Tecno_Pop_4_BC1S_MT6739_V015_220308.zip,Tecno Pop 4 BC1S,BC1S,V015,SOURCE_UNSPECIFIED,MT6739,TECNO,2.21 GB,220308,https://naijarom.com/tecno-pop-4-bc1s,pc-fw
Tecno_Pop_4_BC1S_MT6739_V016_220510.zip,Tecno Pop 4 BC1S,BC1S,V016,SOURCE_UNSPECIFIED,MT6739,TECNO,2.23 GB,220510,https://naijarom.com/tecno-pop-4-bc1s,pc-fw
Tecno_Pop_4_BC1S_MT6739_V018_220923.zip,Tecno Pop 4 BC1S,BC1S,V018,SOURCE_UNSPECIFIED,MT6739,TECNO,2.23 GB,220923,https://naijarom.com/tecno-pop-4-bc1s,pc-fw
Tecno_Pop_4_BC1S_MT6739_V019_221107.zip,Tecno Pop 4 BC1S,BC1S,V019,SOURCE_UNSPECIFIED,MT6739,TECNO,2.23 GB,221107,https://naijarom.com/tecno-pop-4-bc1s,pc-fw
Tecno_Pop_4_BC1S_MT6739_V021_230221.zip,Tecno Pop 4 BC1S,BC1S,V021,SOURCE_UNSPECIFIED,MT6739,TECNO,2.23 GB,230221,https://naijarom.com/tecno-pop-4-bc1s,pc-fw
Tecno_Pop_4_BC2_MT6580_V002_200601.zip,Tecno Pop 4 BC2,BC2,V002,SOURCE_UNSPECIFIED,MT6580,TECNO,2 GB,200601,https://naijarom.com/tecno-pop-4-bc2,pc-fw
Tecno_Pop_4_BC2_MT6580_V014_210531.zip,Tecno Pop 4 BC2,BC2,V014,SOURCE_UNSPECIFIED,MT6580,TECNO,2 GB,210531,https://naijarom.com/tecno-pop-4-bc2,pc-fw
Tecno_Pop_4_BC2_MT6580_V018_220222.zip,Tecno Pop 4 BC2,BC2,V018,SOURCE_UNSPECIFIED,MT6580,TECNO,2.06 GB,220222,https://naijarom.com/tecno-pop-4-bc2,pc-fw
Tecno_Pop_4_BC2_MT6580_V019_220503.zip,Tecno Pop 4 BC2,BC2,V019,SOURCE_UNSPECIFIED,MT6580,TECNO,2.06 GB,220503,https://naijarom.com/tecno-pop-4-bc2,pc-fw
Tecno_Pop_4_Pro_BC3_MT6739_V031_210423.zip,Tecno Pop 4 Pro BC3,BC3,V031,SOURCE_UNSPECIFIED,MT6739,TECNO,2.11 GB,210423,https://naijarom.com/tecno-pop-4-pro-bc3,pc-fw
Tecno_Pop_4_Pro_BC3_MT6739_V033_210708.zip,Tecno Pop 4 Pro BC3,BC3,V033,SOURCE_UNSPECIFIED,MT6739,TECNO,2.13 GB,210708,https://naijarom.com/tecno-pop-4-pro-bc3,pc-fw
Tecno_Pop_4_Pro_BC3_MT6739_V038_220427.zip,Tecno Pop 4 Pro BC3,BC3,V038,SOURCE_UNSPECIFIED,MT6739,TECNO,3.88 GB,220427,https://naijarom.com/tecno-pop-4-pro-bc3,pc-fw
Tecno_Pop_4_Pro_BC3_MT6739_V041_220830.zip,Tecno Pop 4 Pro BC3,BC3,V041,SOURCE_UNSPECIFIED,MT6739,TECNO,3.88 GB,220830,https://naijarom.com/tecno-pop-4-pro-bc3,pc-fw
Tecno_Pop_4_Pro_BC3_MT6739_V044_230419.zip,Tecno Pop 4 Pro BC3,BC3,V044,SOURCE_UNSPECIFIED,MT6739,TECNO,2.16 GB,230419,https://naijarom.com/tecno-pop-4-pro-bc3,pc-fw
Tecno_Pop_5_BD3_MT6580_V015_210617.zip,Tecno Pop 5 BD3,BD3,V015,SOURCE_UNSPECIFIED,MT6580,TECNO,1.69 GB,210617,https://naijarom.com/tecno-pop-5-bd3,pc-fw
Tecno_Pop_5_BD3_MT6580_V017_210707.zip,Tecno Pop 5 BD3,BD3,V017,SOURCE_UNSPECIFIED,MT6580,TECNO,1.69 GB,210707,https://naijarom.com/tecno-pop-5-bd3,pc-fw
Tecno_Pop_5_BD3_MT6580_V024_220322.zip,Tecno Pop 5 BD3,BD3,V024,SOURCE_UNSPECIFIED,MT6580,TECNO,1.76 GB,220322,https://naijarom.com/tecno-pop-5-bd3,pc-fw
Tecno_Pop_5_BD3_MT6580_V028_220830.zip,Tecno Pop 5 BD3,BD3,V028,SOURCE_UNSPECIFIED,MT6580,TECNO,1.73 GB,220830,https://naijarom.com/tecno-pop-5-bd3,pc-fw
Tecno_Pop_5_BD3_MT6580_V030_221102.zip,Tecno Pop 5 BD3,BD3,V030,SOURCE_UNSPECIFIED,MT6580,TECNO,262.6 MB,221102,https://naijarom.com/tecno-pop-5-bd3,pc-fw
Tecno_Pop_5_BD3_MT6580_V034_230307.zip,Tecno Pop 5 BD3,BD3,V034,SOURCE_UNSPECIFIED,MT6580,TECNO,1.77 GB,230307,https://naijarom.com/tecno-pop-5-bd3,pc-fw
Tecno_Pop_5_Pro_BD4A_MT6761_V174_220212.zip,Tecno Pop 5 Pro BD4A,BD4A,V174,SOURCE_UNSPECIFIED,MT6761,TECNO,1.84 GB,220212,https://naijarom.com/tecno-pop-5-pro-bd4a,pc-fw
Tecno_Pop_5_Pro_BD4A_MT6761_V194_220909.zip,Tecno Pop 5 Pro BD4A,BD4A,V194,SOURCE_UNSPECIFIED,MT6761,TECNO,1.80 GB,220909,https://naijarom.com/tecno-pop-5-pro-bd4a,pc-fw
Tecno_Pop_5_Pro_BD4A_MT6761_V218_220106.zip,Tecno Pop 5 Pro BD4A,BD4A,V218,SOURCE_UNSPECIFIED,MT6761,TECNO,2.03 GB,220106,https://naijarom.com/tecno-pop-5-pro-bd4a,pc-fw
Tecno_Pop_5_Pro_BD4A_MT6761_V253_220221.zip,Tecno Pop 5 Pro BD4A,BD4A,V253,SOURCE_UNSPECIFIED,MT6761,TECNO,2.04 GB,220221,https://naijarom.com/tecno-pop-5-pro-bd4a,pc-fw
Tecno_Pop_5_Pro_BD4A_MT6761_V285_220324.zip,Tecno Pop 5 Pro BD4A,BD4A,V285,SOURCE_UNSPECIFIED,MT6761,TECNO,2.85 GB,220324,https://naijarom.com/tecno-pop-5-pro-bd4a,pc-fw
Tecno_Pop_5_Pro_BD4A_MT6761_V309_220422.zip,Tecno Pop 5 Pro BD4A,BD4A,V309,SOURCE_UNSPECIFIED,MT6761,TECNO,2.06 GB,220422,https://naijarom.com/tecno-pop-5-pro-bd4a,pc-fw
Tecno_Pop_5_Pro_BD4A_MT6761_V331_220823.zip,Tecno Pop 5 Pro BD4A,BD4A,V331,SOURCE_UNSPECIFIED,MT6761,TECNO,2.09 GB,220823,https://naijarom.com/tecno-pop-5-pro-bd4a,pc-fw
Tecno_Pop_5_Pro_BD4A_MT6761_V337_220921.zip,Tecno Pop 5 Pro BD4A,BD4A,V337,SOURCE_UNSPECIFIED,MT6761,TECNO,2.06 GB,220921,https://naijarom.com/tecno-pop-5-pro-bd4a,pc-fw
Tecno_Pop_5_Pro_BD4A_MT6761_V343_221115.zip,Tecno Pop 5 Pro BD4A,BD4A,V343,SOURCE_UNSPECIFIED,MT6761,TECNO,2.06 GB,221115,https://naijarom.com/tecno-pop-5-pro-bd4a,pc-fw
Tecno_Pop_5_Pro_BD4A_MT6761_V352_221212.zip,Tecno Pop 5 Pro BD4A,BD4A,V352,SOURCE_UNSPECIFIED,MT6761,TECNO,2.06 GB,221212,https://naijarom.com/tecno-pop-5-pro-bd4a,pc-fw
Tecno_Pop_5_Pro_BD4A_MT6761_V373_230323.zip,Tecno Pop 5 Pro BD4A,BD4A,V373,SOURCE_UNSPECIFIED,MT6761,TECNO,2.06 GB,230323,https://naijarom.com/tecno-pop-5-pro-bd4a,pc-fw
Tecno_Pop_5_Pro_BD4A_MT6761_V397_230616.zip,Tecno Pop 5 Pro BD4A,BD4A,V397,SOURCE_UNSPECIFIED,MT6761,TECNO,2.06 GB,230616,https://naijarom.com/tecno-pop-5-pro-bd4a,pc-fw
Tecno_Pop_5_Pro_BD4H_MT6761_V185_220308.zip,Tecno Pop 5 Pro BD4H,BD4H,V185,SOURCE_UNSPECIFIED,MT6761,TECNO,2 GB,220308,https://naijarom.com/tecno-pop-5-pro-bd4h,pc-fw
Tecno_Pop_5_Pro_BD4H_MT6761_V253_220422.zip,Tecno Pop 5 Pro BD4H,BD4H,V253,SOURCE_UNSPECIFIED,MT6761,TECNO,2 GB,220422,https://naijarom.com/tecno-pop-5-pro-bd4h,pc-fw
Tecno_Pop_5_Pro_BD4H_MT6761_V281_221013.zip,Tecno Pop 5 Pro BD4H,BD4H,V281,SOURCE_UNSPECIFIED,MT6761,TECNO,2.05 GB,221013,https://naijarom.com/tecno-pop-5-pro-bd4h,pc-fw
Tecno_Pop_5_Pro_BD4H_MT6761_V287_230209.zip,Tecno Pop 5 Pro BD4H,BD4H,V287,SOURCE_UNSPECIFIED,MT6761,TECNO,2.05 GB,230209,https://naijarom.com/tecno-pop-5-pro-bd4h,pc-fw
Tecno_Pop_5_Pro_BD4H_BD4H_MT6761_V289_230302.zip,Tecno Pop 5 Pro BD4H,BD4H,V289,SOURCE_UNSPECIFIED,MT6761,TECNO,2.05 GB,230302,https://naijarom.com/tecno-pop-5-pro-bd4h,pc-fw
Tecno_Pop_5_Pro_BD4H_MT6761_V306_230630.zip,Tecno Pop 5 Pro BD4H,BD4H,V306,SOURCE_UNSPECIFIED,MT6761,TECNO,2.05 GB,230630,https://naijarom.com/tecno-pop-5-pro-bd4h,pc-fw
Tecno_Pop_5_Pro_BD4H_MT6761_V317_230914.zip,Tecno Pop 5 Pro BD4H,BD4H,V317,SOURCE_UNSPECIFIED,MT6761,TECNO,2.05 GB,230914,https://naijarom.com/tecno-pop-5-pro-bd4h,pc-fw
Tecno_Pop_5P_BD3_MT6580_V015_210617.zip,Tecno Pop 5P BD3,BD3,V015,SOURCE_UNSPECIFIED,MT6580,TECNO,1.69 GB,210617,https://naijarom.com/tecno-pop-5p-bd3,pc-fw
Tecno_Pop_5P_BD3_MT6580_V016_210701.zip,Tecno Pop 5P BD3,BD3,V016,SOURCE_UNSPECIFIED,MT6580,TECNO,1.69 GB,210701,https://naijarom.com/tecno-pop-5p-bd3,pc-fw
Tecno_Pop_5P_BD3_MT6580_V017_210707.zip,Tecno Pop 5P BD3,BD3,V017,SOURCE_UNSPECIFIED,MT6580,TECNO,1.69 GB,210707,https://naijarom.com/tecno-pop-5p-bd3,pc-fw
Tecno_Pop_5P_BD3_MT6580_V020_210930.zip,Tecno Pop 5P BD3,BD3,V020,SOURCE_UNSPECIFIED,MT6580,TECNO,1.76 GB,210930,https://naijarom.com/tecno-pop-5p-bd3,pc-fw
Tecno_Pop_5P_BD3_MT6580_V030_221102.zip,Tecno Pop 5P BD3,BD3,V030,SOURCE_UNSPECIFIED,MT6580,TECNO,262 MB,221102,https://naijarom.com/tecno-pop-5p-bd3,pc-fw
Tecno_Pop_6_BE7_MT6739_V136_230104.zip,Tecno Pop 6 BE7,BE7,V136,SOURCE_UNSPECIFIED,MT6739,TECNO,2.05 GB,230104,https://naijarom.com/tecno-pop-6-be7,pc-fw
Tecno_Pop_6_BE7_MT6739_V642_220507.zip,Tecno Pop 6 BE7,BE7,V642,SOURCE_UNSPECIFIED,MT6739,TECNO,2 GB,220507,https://naijarom.com/tecno-pop-6-be7,pc-fw
Tecno_Pop_6_BE7_MT6739_V713_220602.zip,Tecno Pop 6 BE7,BE7,V713,SOURCE_UNSPECIFIED,MT6739,TECNO,2 GB,220602,https://naijarom.com/tecno-pop-6-be7,pc-fw
Tecno_Pop_6_BE7_MT6739_V803_221028.zip,Tecno Pop 6 BE7,BE7,V803,SOURCE_UNSPECIFIED,MT6739,TECNO,2 GB,221028,https://naijarom.com/tecno-pop-6-be7,pc-fw
Tecno_Pop_6_BE7_MT6739_V832_230105.zip,Tecno Pop 6 BE7,BE7,V832,SOURCE_UNSPECIFIED,MT6739,TECNO,2 GB,230105,https://naijarom.com/tecno-pop-6-be7,pc-fw
Tecno_Pop_6_Pro_BE8_MT6761_V156_221018.zip,Tecno Pop 6 Pro BE8,BE8,V156,SOURCE_UNSPECIFIED,MT6761,TECNO,1.88 GB,221018,https://naijarom.com/tecno-pop-6-pro-be8,pc-fw
Tecno_Pop_6_Pro_BE8_MT6761_V163_230214.zip,Tecno Pop 6 Pro BE8,BE8,V163,SOURCE_UNSPECIFIED,MT6761,TECNO,1.88 GB,230214,https://naijarom.com/tecno-pop-6-pro-be8,pc-fw
Tecno_Pop_6_Pro_BE8_MT6761_V200_231113.zip,Tecno Pop 6 Pro BE8,BE8,V200,SOURCE_UNSPECIFIED,MT6761,TECNO,1.81 GB,231113,https://naijarom.com/tecno-pop-6-pro-be8,pc-fw
Tecno_Pop_6_Pro_BE8_MT6761_V381_240112.zip,Tecno Pop 6 Pro BE8,BE8,V381,SOURCE_UNSPECIFIED,MT6761,TECNO,1.81 GB,240112,https://naijarom.com/tecno-pop-6-pro-be8,pc-fw
Tecno_Pop_6_Pro_BE8_MT6761_V384_240319.zip,Tecno Pop 6 Pro BE8,BE8,V384,SOURCE_UNSPECIFIED,MT6761,TECNO,1.81 GB,240319,https://naijarom.com/tecno-pop-6-pro-be8,pc-fw
Tecno_Pop_6_Pro_BE8_MT6761_V893_230313.zip,Tecno Pop 6 Pro BE8,BE8,V893,SOURCE_UNSPECIFIED,MT6761,TECNO,1.93 GB,230313,https://naijarom.com/tecno-pop-6-pro-be8,pc-fw
Tecno_Pop_6_Pro_BE8_MT6761_V965_230713.zip,Tecno Pop 6 Pro BE8,BE8,V965,SOURCE_UNSPECIFIED,MT6761,TECNO,1.93 GB,230713,https://naijarom.com/tecno-pop-6-pro-be8,pc-fw
Tecno_Pop_6_Pro_BE8_MT6761_V1011_240112.zip,Tecno Pop 6 Pro BE8,BE8,V1011,SOURCE_UNSPECIFIED,MT6761,TECNO,1.86 GB,240112,https://naijarom.com/tecno-pop-6-pro-be8,pc-fw
Tecno_Pop_6_Pro_BE8_MT6761_V1201_240507.zip,Tecno Pop 6 Pro BE8,BE8,V1201,SOURCE_UNSPECIFIED,MT6761,TECNO,1.86 GB,240507,https://naijarom.com/tecno-pop-6-pro-be8,pc-fw
Tecno_Pop_6_Pro_BE8_MT6761_V1212_240709.zip,Tecno Pop 6 Pro BE8,BE8,V1212,SOURCE_UNSPECIFIED,MT6761,TECNO,1.86 GB,240709,https://naijarom.com/tecno-pop-6-pro-be8,pc-fw
Tecno_Pop_6_Pro_BE8i_MT6739_V783_221202.zip,Tecno Pop 6 Pro BE8i,MT6739,V783,SOURCE_UNSPECIFIED,MT6739,TECNO,1.87 GB,221202,https://naijarom.com/tecno-pop-6-pro-be8i,pc-fw
Tecno_Pop_7_Pro_BF7H_MT6761_V525_221220.zip,Tecno Pop 7 Pro BF7H,BF7H,V525,SOURCE_UNSPECIFIED,MT6761,TECNO,1.89 GB,221220,https://naijarom.com/tecno-pop-7-pro-bf7h,pc-fw
Tecno_Pop_7_Pro_BF7S_MT6761_V128_230307.zip,Tecno Pop 7 Pro BF7S,BF7S,V128,SOURCE_UNSPECIFIED,MT6761,TECNO,2.68 GB,230307,https://naijarom.com/tecno-pop-7-pro-bf7s,pc-fw
Tecno_Pop_7_Pro_BF7S_MT6761_V574_230605.zip,Tecno Pop 7 Pro BF7S,BF7S,V574,SOURCE_UNSPECIFIED,MT6761,TECNO,3 GB,230605,https://naijarom.com/tecno-pop-7-pro-bf7s,pc-fw
Tecno_Pop_10_KM4_15.1.0.105SP09_OP001PL001M1_120525_SPD.zip,Tecno Pop 10 KM4,KM4,15.1.0.105SP09,OP001PL001M1,,TECNO,4.8 GB,120525,https://naijarom.com/tecno-pop-10-km4,pc-fw
Tecno_Pop_10_KM4_15.1.0.113SP02_OP001PL001M1_120625_SPD.zip,Tecno Pop 10 KM4,KM4,15.1.0.113SP02,OP001PL001M1,,TECNO,4.80 GB,120625,https://naijarom.com/tecno-pop-10-km4,pc-fw
Tecno_Pop_10_KM4_15.1.0.113SP09_OP001PL001M1_220625_SPD.zip,Tecno Pop 10 KM4,KM4,15.1.0.113SP09,OP001PL001M1,,TECNO,4.80 GB,220625,https://naijarom.com/tecno-pop-10-km4,pc-fw
Tecno_Pop_10_KM4_15.1.2.145SP01_IN001PL001AZ_260105_SPD.zip,Tecno Pop 10 KM4,KM4,15.1.2.145SP01,IN001PL001AZ,,TECNO,4.79 GB,260105,https://naijarom.com/tecno-pop-10-km4,pc-fw
Tecno_Pop_10_KM4_15.1.0.153SP06_OP001PL001AZ_220925_SPD.zip,Tecno Pop 10 KM4,KM4,15.1.0.153SP06,OP001PL001AZ,,TECNO,4.88 GB,220925,https://naijarom.com/tecno-pop-10-km4,pc-fw
Tecno_Pop_10_KM4_15.1.2.165_RU001PL001AZ_260331_SPD.zip,Tecno Pop 10 KM4,KM4,15.1.2.165,RU001PL001AZ,,TECNO,4.72 GB,260331,https://naijarom.com/tecno-pop-10-km4,pc-fw
Tecno_Pop_10_KM4_15.1.2.165SP11_IN001PL001AZ_260507_SPD.zip,Tecno Pop 10 KM4,KM4,15.1.2.165SP11,IN001PL001AZ,,TECNO,4.72 GB,260507,https://naijarom.com/tecno-pop-10-km4,pc-fw
Tecno_Pop_10_Pro_KM4_15.1.0.105SP09_OP001PL001M1_120525_SPD.zip,Tecno Pop 10 Pro KM4,KM4,15.1.0.105SP09,OP001PL001M1,,TECNO,4.80 GB,120525,https://naijarom.com/tecno-pop-10-pro-km4,pc-fw
Tecno_Pop_10_Pro_KM4_15.1.0.113SP02_OP001PL001M1_120625_SPD.zip,Tecno Pop 10 Pro KM4,KM4,15.1.0.113SP02,OP001PL001M1,,TECNO,4.80 GB,120625,https://naijarom.com/tecno-pop-10-pro-km4,pc-fw
Tecno_Pop_10_Pro_KM4_15.1.0.113SP09_OP001PL001M1_220625_SPD.zip,Tecno Pop 10 Pro KM4,KM4,15.1.0.113SP09,OP001PL001M1,,TECNO,4.80 GB,220625,https://naijarom.com/tecno-pop-10-pro-km4,pc-fw
Tecno_Pop_10_Pro_KM4_15.1.2.145SP01_IN001PL001AZ_260105_SPD.zip,Tecno Pop 10 Pro KM4,KM4,15.1.2.145SP01,IN001PL001AZ,,TECNO,4.79 GB,260105,https://naijarom.com/tecno-pop-10-pro-km4,pc-fw
Tecno_Pop_10_Pro_KM4_15.1.2.165_RU001PL001AZ_260331_SPD.zip,Tecno Pop 10 Pro KM4,KM4,15.1.2.165,RU001PL001AZ,,TECNO,4.72 GB,260331,https://naijarom.com/tecno-pop-10-pro-km4,pc-fw
Tecno_Pop_10_Pro_KM4_15.1.2.165SP11_IN001PL001AZ_260507_SPD.zip,Tecno Pop 10 Pro KM4,KM4,15.1.2.165SP11,IN001PL001AZ,,TECNO,4.79 GB,260507,https://naijarom.com/tecno-pop-10-pro-km4,pc-fw
Tecno_Pop_20_KN3_15.1.2.134SP23_OP001PF001AZ_011225_SPD.zip,Tecno Pop 20 KN3,KN3,15.1.2.134SP23,OP001PF001AZ,,TECNO,6.34 GB,011225,https://naijarom.com/tecno-pop-20-kn3,pc-fw
Tecno_Pop_20_KN3_15.1.2.145SP03_IN001PF001AZ_251225_SPD.zip,Tecno Pop 20 KN3,KN3,15.1.2.145SP03,IN001PF001AZ,,TECNO,5.35 GB,251225,https://naijarom.com/tecno-pop-20-kn3,pc-fw
Tecno_Pop_20_KN3_15.1.2.145SP03_IN001PF001M1_251224_SPD.zip,Tecno Pop 20 KN3,KN3,15.1.2.145SP03,IN001PF001M1,,TECNO,5.35 GB,251224,https://naijarom.com/tecno-pop-20-kn3,pc-fw
Tecno_Pop_20_KN3_15.1.2.145SP08_GTTG001PF001LC_210126_SPD.zip,Tecno Pop 20 KN3,KN3,15.1.2.145SP08,GTTG001PF001LC,,TECNO,5.52 GB,210126,https://naijarom.com/tecno-pop-20-kn3,pc-fw
Tecno_Pop_20_KN3_15.1.2.155SP03_OPPJ001PF001PJ_270126_SPD.zip,Tecno Pop 20 KN3,KN3,15.1.2.155SP03,OPPJ001PF001PJ,,TECNO,6.48 GB,270126,https://naijarom.com/tecno-pop-20-kn3,pc-fw
Tecno_Pop_20_KN3_15.1.2.155SP03_RU001PF001AZ_020226_SPD.zip,Tecno Pop 20 KN3,KN3,15.1.2.155SP03,RU001PF001AZ,,TECNO,5.45 GB,020226,https://naijarom.com/tecno-pop-20-kn3,pc-fw
Tecno_Pop_20_KN3_15.1.2.155SP03_TR001PF001AZ_050226_SPD.zip,Tecno Pop 20 KN3,KN3,15.1.2.155SP03,TR001PF001AZ,,TECNO,5.62 GB,050226,https://naijarom.com/tecno-pop-20-kn3,pc-fw
Tecno_Pop_20_KN3_15.1.2.155SP09_ZAVC001PF001LC_110226_SPD.zip,Tecno Pop 20 KN3,KN3,15.1.2.155SP09,ZAVC001PF001LC,,TECNO,5.54 GB,110226,https://naijarom.com/tecno-pop-20-kn3,pc-fw
Tecno_Pop_20_KN3_15.1.2.155SP03_IN001PF001AZ_050226_SPD.zip,Tecno Pop 20 KN3,KN3,15.1.2.155SP03,IN001PF001AZ,,TECNO,5.4 GB,050226,https://naijarom.com/tecno-pop-20-kn3,pc-fw
Tecno_Pop_20_KN3_15.1.2.155SP03_IN001PF001M1_050226_SPD.zip,Tecno Pop 20 KN3,KN3,15.1.2.155SP03,IN001PF001M1,,TECNO,5.4 GB,050226,https://naijarom.com/tecno-pop-20-kn3,pc-fw
Tecno_Pop_20_KN3_15.1.2.155SP03_OP001PF001M1_230126_SPD.zip,Tecno Pop 20 KN3,KN3,15.1.2.155SP03,OP001PF001M1,,TECNO,6.48 GB,230126,https://naijarom.com/tecno-pop-20-kn3,pc-fw
Tecno_Pop_20_KN3_15.1.2.155SP03_OP001PF001AZ_220126_SPD.zip,Tecno Pop 20 KN3,KN3,15.1.2.155SP03,OP001PF001AZ,,TECNO,6.48 GB,220126,https://naijarom.com/tecno-pop-20-kn3,pc-fw
Tecno_Pop_20_KN3_15.1.2.170SP08_RU001PF001AZ_260521_SPD.zip,Tecno Pop 20 KN3,KN3,15.1.2.170SP08,RU001PF001AZ,,TECNO,5.46 GB,260521,https://naijarom.com/tecno-pop-20-kn3,pc-fw
Tecno_Pop_20_KN3_15.1.2.175SP07_IN001PF001AZ_260616_SPD.zip,Tecno Pop 20 KN3,KN3,15.1.2.175SP07,IN001PF001AZ,,TECNO,5.63 GB,260616,https://naijarom.com/tecno-pop-20-kn3,pc-fw
Tecno_Pop_20_KN3_15.1.2.175SP07_IN001PF001M1_260616_SPD.zip,Tecno Pop 20 KN3,KN3,15.1.2.175SP07,IN001PF001M1,,TECNO,5.63 GB,260616,https://naijarom.com/tecno-pop-20-kn3,pc-fw
Tecno_Pop_20_KN3_15.1.2.175SP07_OP001PF001AZ_260616_SPD.zip,Tecno Pop 20 KN3,KN3,15.1.2.175SP07,OP001PF001AZ,,TECNO,6.80 GB,260616,https://naijarom.com/tecno-pop-20-kn3,pc-fw
Tecno_Pop_20_KN3_15.1.2.175SP07_OP001PF001M1_260625_SPD.zip,Tecno Pop 20 KN3,KN3,15.1.2.175SP07,OP001PF001M1,,TECNO,6.80 GB,260625,https://naijarom.com/tecno-pop-20-kn3,pc-fw
Tecno_Pop_20_KN3_15.1.2.175SP07_OPPJ001PF001PJ_260616_SPD.zip,Tecno Pop 20 KN3,KN3,15.1.2.175SP07,OPPJ001PF001PJ,,TECNO,6.80 GB,260616,https://naijarom.com/tecno-pop-20-kn3,pc-fw
Tecno_Pop_20_KN3_15.1.2.175SP07_TR001PF001AZ_260618_SPD.zip,Tecno Pop 20 KN3,KN3,15.1.2.175SP07,TR001PF001AZ,,TECNO,5.77 GB,260618,https://naijarom.com/tecno-pop-20-kn3,pc-fw
Tecno_Pop_20_KN3_15.1.2.185SP08_IN001PF001AZ_260807_SPD.zip,Tecno Pop 20 KN3,KN3,15.1.2.185SP08,IN001PF001AZ,,TECNO,5.63 GB,260807,https://naijarom.com/tecno-pop-20-kn3,pc-fw
Tecno_Pop_X_KN3_15.1.2.175SP07_IN001PF001AZ_260616_SPD.zip,Tecno Pop X KN3,KN3,15.1.2.175SP07,IN001PF001AZ,,TECNO,5.63 GB,260616,https://naijarom.com/tecno-pop-x-kn3,pc-fw
Tecno_Pop_X_KN3_15.1.2.175SP07_OP001PF001M1_260625_SPD.zip,Tecno Pop X KN3,KN3,15.1.2.175SP07,OP001PF001M1,,TECNO,6.80 GB,260625,https://naijarom.com/tecno-pop-x-kn3,pc-fw
Tecno_Pop_X_KN3_15.1.2.175SP07_OPPJ001PF001PJ_260616_SPD.zip,Tecno Pop X KN3,KN3,15.1.2.175SP07,OPPJ001PF001PJ,,TECNO,6.80 GB,260616,https://naijarom.com/tecno-pop-x-kn3,pc-fw
Tecno_Pop_X_KN3_15.1.2.175SP07_TR001PF001AZ_260618_SPD.zip,Tecno Pop X KN3,KN3,15.1.2.175SP07,TR001PF001AZ,,TECNO,5.77 GB,260618,https://naijarom.com/tecno-pop-x-kn3,pc-fw
Tecno_Pop_X_KN3_15.1.2.185SP08_IN001PF001AZ_260807_SPD.zip,Tecno Pop X KN3,KN3,15.1.2.185SP08,IN001PF001AZ,,TECNO,5.63 GB,260807,https://naijarom.com/tecno-pop-x-kn3,pc-fw
Tecno_Pouvoir_1_LA6_MT6580_V165_190812.zip,Tecno Pouvoir 1 LA6,LA6,V165,SOURCE_UNSPECIFIED,MT6580,TECNO,2 GB,190812,https://naijarom.com/tecno-pouvoir-1-la6,pc-fw
Tecno_Pouvoir_2_Air_LB6_MT6580_V144_190110.zip,Tecno Pouvoir 2 Air LB6,LB6,V144,SOURCE_UNSPECIFIED,MT6580,TECNO,1 GB,190110,https://naijarom.com/tecno-pouvoir-2-air-lb6,pc-fw
Tecno_Pouvoir_3_Air_LC6_MT6761_V213_190615.zip,Tecno Pouvoir 3 Air LC6,LC6,V213,SOURCE_UNSPECIFIED,MT6761,TECNO,1.05 GB,190615,https://naijarom.com/tecno-pouvoir-3-air-lc6,pc-fw
Tecno_Pouvoir_3_Air_LC6_MT6761_V245_190802.zip,Tecno Pouvoir 3 Air LC6,LC6,V245,SOURCE_UNSPECIFIED,MT6761,TECNO,1 GB,190802,https://naijarom.com/tecno-pouvoir-3-air-lc6,pc-fw
Tecno_Pouvoir_3_Air_LC6A_MT6761_V109_191121.zip,Tecno Pouvoir 3 Air LC6A,LC6A,V109,SOURCE_UNSPECIFIED,MT6761,TECNO,1 GB,191121,https://naijarom.com/tecno-pouvoir-3-air-lc6a,pc-fw
Tecno_Pouvoir_3_Air_LC6A_MT6761_V138_200617.zip,Tecno Pouvoir 3 Air LC6A,LC6A,V138,SOURCE_UNSPECIFIED,MT6761,TECNO,1 GB,200617,https://naijarom.com/tecno-pouvoir-3-air-lc6a,pc-fw
Tecno_Pouvoir_3_Air_LC6A_MT6761_V173_210615.zip,Tecno Pouvoir 3 Air LC6A,LC6A,V173,SOURCE_UNSPECIFIED,MT6761,TECNO,1.09 GB,210615,https://naijarom.com/tecno-pouvoir-3-air-lc6a,pc-fw
Tecno_Pouvoir_3_LB7_MT6739_V213_190425.zip,Tecno Pouvoir 3 LB7,LB7,V213,SOURCE_UNSPECIFIED,MT6739,TECNO,1.63 GB,190425,https://naijarom.com/tecno-pouvoir-3-lb7,pc-fw
Tecno_Pouvoir_3_Plus_LB8_MT6765_V214_190925.zip,Tecno Pouvoir 3 Plus LB8,LB8,V214,SOURCE_UNSPECIFIED,MT6765,TECNO,1.73 GB,190925,https://naijarom.com/tecno-pouvoir-3-plus-lb8,pc-fw
Tecno_Pouvoir_3_Plus_LB8_MT6765_V306_200821.zip,Tecno Pouvoir 3 Plus LB8,LB8,V306,SOURCE_UNSPECIFIED,MT6765,TECNO,1.73 GB,200821,https://naijarom.com/tecno-pouvoir-3-plus-lb8,pc-fw
Tecno_Pouvoir_3_Plus_LB8A_MT6765_V147_190929.zip,Tecno Pouvoir 3 Plus LB8A,LB8A,V147,SOURCE_UNSPECIFIED,MT6765,TECNO,2 GB,190929,https://naijarom.com/tecno-pouvoir-3-plus-lb8a,pc-fw
Tecno_Pouvoir_3_Plus_LB8A_MT6765_V184_200708.zip,Tecno Pouvoir 3 Plus LB8A,LB8A,V184,SOURCE_UNSPECIFIED,MT6765,TECNO,2 GB,200708,https://naijarom.com/tecno-pouvoir-3-plus-lb8a,pc-fw
Tecno_Pouvoir_3_Plus_LB8A_MT6765_V187_200819.zip,Tecno Pouvoir 3 Plus LB8A,LB8A,V187,SOURCE_UNSPECIFIED,MT6765,TECNO,2 GB,200819,https://naijarom.com/tecno-pouvoir-3-plus-lb8a,pc-fw
Tecno_Pouvoir_3_Plus_LB8A_MT6765_V190_201009.zip,Tecno Pouvoir 3 Plus LB8A,LB8A,V190,SOURCE_UNSPECIFIED,MT6765,TECNO,2 GB,201009,https://naijarom.com/tecno-pouvoir-3-plus-lb8a,pc-fw
Tecno_Pouvoir_3_Plus_LB8A_MT6765_V211_210701.zip,Tecno Pouvoir 3 Plus LB8A,LB8A,V211,SOURCE_UNSPECIFIED,MT6765,TECNO,2.04 GB,210701,https://naijarom.com/tecno-pouvoir-3-plus-lb8a,pc-fw
Tecno_Pouvoir_3_Plus_LB8A_MT6765_V219_210831.zip,Tecno Pouvoir 3 Plus LB8A,LB8A,V219,SOURCE_UNSPECIFIED,MT6765,TECNO,1.98 GB,210831,https://naijarom.com/tecno-pouvoir-3-plus-lb8a,pc-fw
Tecno_Pouvoir_4_LC7_MT6761_V218_200703.zip,Tecno Pouvoir 4 LC7,LC7,V218,SOURCE_UNSPECIFIED,MT6761,TECNO,1 GB,200703,https://naijarom.com/tecno-pouvoir-4-lc7,pc-fw
Tecno_Pouvoir_4_LC7_MT6761_V304_200612.zip,Tecno Pouvoir 4 LC7,LC7,V304,SOURCE_UNSPECIFIED,MT6761,TECNO,2 GB,200612,https://naijarom.com/tecno-pouvoir-4-lc7,pc-fw
Tecno_Pouvoir_4_LC7_MT6761_V315_200811.zip,Tecno Pouvoir 4 LC7,LC7,V315,SOURCE_UNSPECIFIED,MT6761,TECNO,2 GB,200811,https://naijarom.com/tecno-pouvoir-4-lc7,pc-fw
Tecno_Pouvoir_4_LC7_MT6761_V324_200928.zip,Tecno Pouvoir 4 LC7,LC7,V324,SOURCE_UNSPECIFIED,MT6761,TECNO,2 GB,200928,https://naijarom.com/tecno-pouvoir-4-lc7,pc-fw
Tecno_Pouvoir_4_LC7_MT6761_V328_200922.zip,Tecno Pouvoir 4 LC7,LC7,V328,SOURCE_UNSPECIFIED,MT6761,TECNO,2 GB,200922,https://naijarom.com/tecno-pouvoir-4-lc7,pc-fw
Tecno_Pouvoir_4_LC7_MT6761_V333_201028.zip,Tecno Pouvoir 4 LC7,LC7,V333,SOURCE_UNSPECIFIED,MT6761,TECNO,2 GB,201028,https://naijarom.com/tecno-pouvoir-4-lc7,pc-fw
Tecno_Pouvoir_4_LC7_MT6761_V338_201218.zip,Tecno Pouvoir 4 LC7,LC7,V338,SOURCE_UNSPECIFIED,MT6761,TECNO,2 GB,201218,https://naijarom.com/tecno-pouvoir-4-lc7,pc-fw
Tecno_Pouvoir_4_LC7_MT6761_V1154_210524.zip,Tecno Pouvoir 4 LC7,LC7,V1154,SOURCE_UNSPECIFIED,MT6761,TECNO,1.94 GB,210524,https://naijarom.com/tecno-pouvoir-4-lc7,pc-fw
Tecno_Pouvoir_4_LC7_MT6761_V1193_210712.zip,Tecno Pouvoir 4 LC7,LC7,V1193,SOURCE_UNSPECIFIED,MT6761,TECNO,1.94 GB,210712,https://naijarom.com/tecno-pouvoir-4-lc7,pc-fw
Tecno_Pouvoir_4_LC7_MT6761_V1274_211108.zip,Tecno Pouvoir 4 LC7,LC7,V1274,SOURCE_UNSPECIFIED,MT6761,TECNO,1.94 GB,211108,https://naijarom.com/tecno-pouvoir-4-lc7,pc-fw
Tecno_Pouvoir_4_LC7_MT6761_V1358_220311.zip,Tecno Pouvoir 4 LC7,LC7,V1358,SOURCE_UNSPECIFIED,MT6761,TECNO,1.95 GB,220311,https://naijarom.com/tecno-pouvoir-4-lc7,pc-fw
Tecno_Pouvoir_4_LC7S_MT6761_V117_201124.zip,Tecno Pouvoir 4 LC7S,LC7S,V117,SOURCE_UNSPECIFIED,MT6761,TECNO,1.95 GB,201124,https://naijarom.com/tecno-pouvoir-4-lc7s,pc-fw
Tecno_Pouvoir_4_Pro_CL7_MT6855_15.0.3.127_IN001PF001AZ_260525_MXML.zip,Tecno Pouvoir 4 Pro CL7,CL7,15.0.3.127,IN001PF001AZ,MT6855,TECNO,7.55 GB,260525,https://naijarom.com/tecno-pouvoir-4-pro-cl7,pc-fw
Tecno_Pouvoir_4_Pro_CL7_MT6855_15.0.3.127_RU001PF001AZ_250526_MXML.zip,Tecno Pouvoir 4 Pro CL7,CL7,15.0.3.127,RU001PF001AZ,MT6855,TECNO,7.29 GB,250526,https://naijarom.com/tecno-pouvoir-4-pro-cl7,pc-fw
Tecno_Pouvoir_4_Pro_CL7_MT6855_15.1.2.128_OP001PF001AZ_101025_MXML.zip,Tecno Pouvoir 4 Pro CL7,CL7,15.1.2.128,OP001PF001AZ,MT6855,TECNO,8.3 GB,101025,https://naijarom.com/tecno-pouvoir-4-pro-cl7,pc-fw
Tecno_Pouvoir_4_Pro_CL7_MT6855_15.1.2.140SP01_IN001PF001AZ_031225_MXML.zip,Tecno Pouvoir 4 Pro CL7,CL7,15.1.2.140SP01,IN001PF001AZ,MT6855,TECNO,7.64 GB,031225,https://naijarom.com/tecno-pouvoir-4-pro-cl7,pc-fw
Tecno_Pouvoir_4_Pro_CL7_MT6855_15.1.2.155_IN001PF001AZ_260115_MXML.zip,Tecno Pouvoir 4 Pro CL7,CL7,15.1.2.155,IN001PF001AZ,MT6855,TECNO,7.57 GB,260115,https://naijarom.com/tecno-pouvoir-4-pro-cl7,pc-fw
Tecno_Pouvoir_4_Pro_CL7_MT6855_15.1.2.170SP07_IN001PF001AZ_260429_MXML.zip,Tecno Pouvoir 4 Pro CL7,CL7,15.1.2.170SP07,IN001PF001AZ,MT6855,TECNO,7.58 GB,260429,https://naijarom.com/tecno-pouvoir-4-pro-cl7,pc-fw
Tecno_Pouvoir_4_Pro_CL7_MT6855_15.1.2.155_OP001PF001AZ_260115_MXML.zip,Tecno Pouvoir 4 Pro CL7,CL7,15.1.2.155,OP001PF001AZ,MT6855,TECNO,8.32 GB,260115,https://naijarom.com/tecno-pouvoir-4-pro-cl7,pc-fw
Tecno_Pouvoir_4_Pro_CL7_MT6855_15.1.2.155_RU001PF001AZ_260115_MXML.zip,Tecno Pouvoir 4 Pro CL7,CL7,15.1.2.155,RU001PF001AZ,MT6855,TECNO,7.38 GB,260115,https://naijarom.com/tecno-pouvoir-4-pro-cl7,pc-fw
Tecno_Pouvoir_4_Pro_CL7_MT6855_15.1.2.155_TR001PF001AZ_260115_MXML.zip,Tecno Pouvoir 4 Pro CL7,CL7,15.1.2.155,TR001PF001AZ,MT6855,TECNO,7.71 GB,260115,https://naijarom.com/tecno-pouvoir-4-pro-cl7,pc-fw
Tecno_Pouvoir_4_Pro_LC8_MT6765_V310_201028.zip,Tecno Pouvoir 4 Pro LC8,LC8,V310,SOURCE_UNSPECIFIED,MT6765,TECNO,2.35 GB,201028,https://naijarom.com/tecno-pouvoir-4-pro-lc8,pc-fw
Tecno_Pova_LD7_MT6768_V167_200817.zip,Tecno Pova LD7,LD7,V167,SOURCE_UNSPECIFIED,MT6768,TECNO,3.15 GB,200817,https://naijarom.com/tecno-pova-ld7,pc-fw
Tecno_Pova_LD7_MT6768_V278_201102.zip,Tecno Pova LD7,LD7,V278,SOURCE_UNSPECIFIED,MT6768,TECNO,3.28 GB,201102,https://naijarom.com/tecno-pova-ld7,pc-fw
Tecno_Pova_LD7_MT6768_V342_210312.zip,Tecno Pova LD7,LD7,V342,SOURCE_UNSPECIFIED,MT6768,TECNO,3.26 GB,210312,https://naijarom.com/tecno-pova-ld7,pc-fw
Tecno_Pova_LD7_MT6768_V356_210409.zip,Tecno Pova LD7,LD7,V356,SOURCE_UNSPECIFIED,MT6768,TECNO,3.28 GB,210409,https://naijarom.com/tecno-pova-ld7,pc-fw
Tecno_Pova_LD7_MT6768_V378_210607.zip,Tecno Pova LD7,LD7,V378,SOURCE_UNSPECIFIED,MT6768,TECNO,3.31 GB,210607,https://naijarom.com/tecno-pova-ld7,pc-fw
Tecno_Pova_LD7_MT6768_V408_210728.zip,Tecno Pova LD7,LD7,V408,SOURCE_UNSPECIFIED,MT6768,TECNO,3.30 GB,210728,https://naijarom.com/tecno-pova-ld7,pc-fw
Tecno_Pova_LD7_MT6768_V485_211202.zip,Tecno Pova LD7,LD7,V485,SOURCE_UNSPECIFIED,MT6768,TECNO,3.32 GB,211202,https://naijarom.com/tecno-pova-ld7,pc-fw
Tecno_Pova_LD7_MT6768_V530_220222.zip,Tecno Pova LD7,LD7,V530,SOURCE_UNSPECIFIED,MT6768,TECNO,3.32 GB,220222,https://naijarom.com/tecno-pova-ld7,pc-fw
Tecno_Pova_LD7_MT6768_V559_220418.zip,Tecno Pova LD7,LD7,V559,SOURCE_UNSPECIFIED,MT6768,TECNO,3.32 GB,220418,https://naijarom.com/tecno-pova-ld7,pc-fw
Tecno_Pova_LD7_MT6768_V593_220824.zip,Tecno Pova LD7,LD7,V593,SOURCE_UNSPECIFIED,MT6768,TECNO,2.92 GB,220824,https://naijarom.com/tecno-pova-ld7,pc-fw
Tecno_Pova_LD7J_MT6768_V122_201103.zip,Tecno Pova LD7J,LD7J,V122,SOURCE_UNSPECIFIED,MT6768,TECNO,3 GB,201103,https://naijarom.com/tecno-pova-ld7j,pc-fw
Tecno_Pova_LD7J_MT6768_V155_201202.zip,Tecno Pova LD7J,LD7J,V155,SOURCE_UNSPECIFIED,MT6768,TECNO,3 GB,201202,https://naijarom.com/tecno-pova-ld7j,pc-fw
Tecno_Pova_LD7J_MT6768_V217_210222.zip,Tecno Pova LD7J,LD7J,V217,SOURCE_UNSPECIFIED,MT6768,TECNO,3 GB,210222,https://naijarom.com/tecno-pova-ld7j,pc-fw
Tecno_Pova_LD7J_MT6768_V222_210409.zip,Tecno Pova LD7J,LD7J,V222,SOURCE_UNSPECIFIED,MT6768,TECNO,3.17 GB,210409,https://naijarom.com/tecno-pova-ld7j,pc-fw
Tecno_Pova_LD7J_MT6768_V234_211015.zip,Tecno Pova LD7J,LD7J,V234,SOURCE_UNSPECIFIED,MT6768,TECNO,3.20 GB,211015,https://naijarom.com/tecno-pova-ld7j,pc-fw
Tecno_Pova_LD7J_MT6768_V256_220418.zip,Tecno Pova LD7J,LD7J,V256,SOURCE_UNSPECIFIED,MT6768,TECNO,3.2 GB,220418,https://naijarom.com/tecno-pova-ld7j,pc-fw
Tecno_Pova_LD7J_MT6768_V260_220628.zip,Tecno Pova LD7J,LD7J,V260,SOURCE_UNSPECIFIED,MT6768,TECNO,3.20 GB,220628,https://naijarom.com/tecno-pova-ld7j,pc-fw
Tecno_Pova_LD7J_MT6768_V285_220829.zip,Tecno Pova LD7J,LD7J,V285,SOURCE_UNSPECIFIED,MT6768,TECNO,2.77 GB,220829,https://naijarom.com/tecno-pova-ld7j,pc-fw
Tecno_Pova_LD7J_MT6768_V289_220927.zip,Tecno Pova LD7J,LD7J,V289,SOURCE_UNSPECIFIED,MT6768,TECNO,2.77 GB,220927,https://naijarom.com/tecno-pova-ld7j,pc-fw
Tecno_Pova_6_5G_LI7_MT6789_15.1.1.108SP01_OP001PF001AZ_080725_MXML.zip,Tecno Pova 6 5G LI7,LI7,15.1.1.108SP01,OP001PF001AZ,MT6789,TECNO,7.63 GB,080725,https://naijarom.com/tecno-pova-6-5g-li7,pc-fw
Tecno_Pova_6_5G_LI7_MT6789_15.1.1.123_OP001PF001AZ_280825_MXML.zip,Tecno Pova 6 5G LI7,LI7,15.1.1.123,OP001PF001AZ,MT6789,TECNO,7.63 GB,280825,https://naijarom.com/tecno-pova-6-5g-li7,pc-fw
Tecno_Pova_6_5G_LI7_MT6789_15.1.2.128SP01_OP001PF001AZ_101025_MXML.zip,Tecno Pova 6 5G LI7,LI7,15.1.2.128SP01,OP001PF001AZ,MT6789,TECNO,7.70 GB,101025,https://naijarom.com/tecno-pova-6-5g-li7,pc-fw
Tecno_Pova_6_5G_LI7_MT6789_15.1.2.170SP05_OP001PF001AZ_260421_MXML.zip,Tecno Pova 6 5G LI7,LI7,15.1.2.170SP05,OP001PF001AZ,MT6789,TECNO,7.72 GB,260421,https://naijarom.com/tecno-pova-6-5g-li7,pc-fw
Tecno_Pova_7_LJ6_MT6789_15.1.0.123_OP001PF001AZ_130625_MXML.zip,Tecno Pova 7 LJ6,LJ6,15.1.0.123,OP001PF001AZ,MT6789,TECNO,7.13 GB,130625,https://naijarom.com/tecno-pova-7-lj6,pc-fw
Tecno_Pova_7_LJ6_MT6789_15.1.0.139_OP001PF001AZ_150725_MXML.zip,Tecno Pova 7 LJ6,LJ6,15.1.0.139,OP001PF001AZ,MT6789,TECNO,7.13 GB,150725,https://naijarom.com/tecno-pova-7-lj6,pc-fw
Tecno_Pova_7_LJ6_MT6789_15.1.0.155SP03_RU001PF001AZ_270825_MXML.zip,Tecno Pova 7 LJ6,LJ6,15.1.0.155SP03,RU001PF001AZ,MT6789,TECNO,7.20 GB,270825,https://naijarom.com/tecno-pova-7-lj6,pc-fw
Tecno_Pova_7_LJ6_MT6789_15.1.0.159SP02_RU001PF001AZ_150925_MXML.zip,Tecno Pova 7 LJ6,LJ6,15.1.0.159SP02,RU001PF001AZ,MT6789,TECNO,7.27 GB,150925,https://naijarom.com/tecno-pova-7-lj6,pc-fw
Tecno_Pova_7_LJ6_MT6789_15.1.0.105SP02_RU001PF001AZ_280525_MXML.zip,Tecno Pova 7 LJ6,LJ6,15.1.0.105SP02,RU001PF001AZ,MT6789,TECNO,6.95 GB,280525,https://naijarom.com/tecno-pova-7-lj6,pc-fw
Tecno_Pova_7_LJ6_MT6789_15.1.0.105SP06_RU001PF001AZ_280525_MXML.zip,Tecno Pova 7 LJ6,LJ6,15.1.0.105SP06,RU001PF001AZ,MT6789,TECNO,6.95 GB,280525,https://naijarom.com/tecno-pova-7-lj6,pc-fw
Tecno_Pova_7_LJ6_MT6789_15.1.2.128SP01_RU001PF001AZ_251016_MXML.zip,Tecno Pova 7 LJ6,LJ6,15.1.2.128SP01,RU001PF001AZ,MT6789,TECNO,7.33 GB,251016,https://naijarom.com/tecno-pova-7-lj6,pc-fw
Tecno_Pova_7_LJ6_MT6789_15.1.2.128SP01_OP001PF001AZ_161025_MXML.zip,Tecno Pova 7 LJ6,LJ6,15.1.2.128SP01,OP001PF001AZ,MT6789,TECNO,7.27 GB,161025,https://naijarom.com/tecno-pova-7-lj6,pc-fw
Tecno_Pova_7_LJ6_MT6789_15.1.2.145SP01_OPPJ001PF001PJ_MXML.zip,Tecno Pova 7 LJ6,LJ6,15.1.2.145SP01,SOURCE_UNSPECIFIED,MT6789,TECNO,7.20 GB,,https://naijarom.com/tecno-pova-7-lj6,pc-fw
Tecno_Pova_7_LJ6_MT6789_15.1.2.145SP10_OP001PF001AZ_MXML.zip,Tecno Pova 7 LJ6,LJ6,15.1.2.145SP10,SOURCE_UNSPECIFIED,MT6789,TECNO,7.20 GB,,https://naijarom.com/tecno-pova-7-lj6,pc-fw
Tecno_Pova_7_LJ6_MT6789_15.1.0.159SP02_OP001PF001AZ_150925_MXML.zip,Tecno Pova 7 LJ6,LJ6,15.1.0.159SP02,OP001PF001AZ,MT6789,TECNO,7.20 GB,150925,https://naijarom.com/tecno-pova-7-lj6,pc-fw
Tecno_Pova_7_LJ6_MT6789_15.1.0.159SP02_OPPJ001PF001PJ_150925_MXML.zip,Tecno Pova 7 LJ6,LJ6,15.1.0.159SP02,OPPJ001PF001PJ,MT6789,TECNO,7.20 GB,150925,https://naijarom.com/tecno-pova-7-lj6,pc-fw
Tecno_Pova_7_LJ6_MT6789_15.1.2.165SP05_OP001PF001AZ_260325_MXML.zip,Tecno Pova 7 LJ6,LJ6,15.1.2.165SP05,OP001PF001AZ,MT6789,TECNO,7.26 GB,260325,https://naijarom.com/tecno-pova-7-lj6,pc-fw
Tecno_Pova_7_LJ6_MT6789_15.1.2.165SP05_OPPJ001PF001PJ_260325_MXML.zip,Tecno Pova 7 LJ6,LJ6,15.1.2.165SP05,OPPJ001PF001PJ,MT6789,TECNO,7.26 GB,260325,https://naijarom.com/tecno-pova-7-lj6,pc-fw
Tecno_Pova_7_LJ6_MT6789_15.1.2.165SP05_RU001PF001AZ_260325_MXML.zip,Tecno Pova 7 LJ6,LJ6,15.1.2.165SP05,RU001PF001AZ,MT6789,TECNO,7.33 GB,260325,https://naijarom.com/tecno-pova-7-lj6,pc-fw
Tecno_Pova_7_LJ6_MT6789_15.1.2.180SP05_OP001PF001AZ_260618_MXML.zip,Tecno Pova 7 LJ6,LJ6,15.1.2.180SP05,OP001PF001AZ,MT6789,TECNO,7.28 GB,260618,https://naijarom.com/tecno-pova-7-lj6,pc-fw
Tecno_Pova_7_LJ6_MT6789_15.1.2.180SP05_RU001PF001AZ_260618_MXML.zip,Tecno Pova 7 LJ6,LJ6,15.1.2.180SP05,RU001PF001AZ,MT6789,TECNO,7.38 GB,260618,https://naijarom.com/tecno-pova-7-lj6,pc-fw
Tecno_Pova_7_5G_LJ7_MT6878_15.1.0.112SP01_OP001PF001AZ_240525_MXML.zip,Tecno Pova 7 5G LJ7,LJ7,15.1.0.112SP01,OP001PF001AZ,MT6878,TECNO,7.32 GB,240525,https://naijarom.com/tecno-pova-7-5g-lj7,pc-fw
Tecno_Pova_7_5G_LJ7_MT6878_15.1.2.123SP01_OP001PF001AZ_190925_MXML.zip,Tecno Pova 7 5G LJ7,LJ7,15.1.2.123SP01,OP001PF001AZ,MT6878,TECNO,7.47 GB,190925,https://naijarom.com/tecno-pova-7-5g-lj7,pc-fw
Tecno_Pova_7_5G_LJ7_MT6878_15.1.2.131SP03_OP001PF001AZ_101125_MXML.zip,Tecno Pova 7 5G LJ7,LJ7,15.1.2.131SP03,OP001PF001AZ,MT6878,TECNO,7.42 GB,101125,https://naijarom.com/tecno-pova-7-5g-lj7,pc-fw
Tecno_Pova_7_5G_LJ7_MT6878_15.1.2.131SP03_IN001PF001AZ_251110_MXML.zip,Tecno Pova 7 5G LJ7,LJ7,15.1.2.131SP03,IN001PF001AZ,MT6878,TECNO,7.30 GB,251110,https://naijarom.com/tecno-pova-7-5g-lj7,pc-fw
Tecno_Pova_7_5G_LJ7_MT6878_15.1.0.139SP02_OP001PF001AZ_150725_MXML.zip,Tecno Pova 7 5G LJ7,LJ7,15.1.0.139SP02,OP001PF001AZ,MT6878,TECNO,7.37 GB,150725,https://naijarom.com/tecno-pova-7-5g-lj7,pc-fw
Tecno_Pova_7_5G_LJ7_MT6878_15.1.0.156SP01_OP001PF001AZ_250825_MXML.zip,Tecno Pova 7 5G LJ7,LJ7,15.1.0.156SP01,OP001PF001AZ,MT6878,TECNO,7.40 GB,250825,https://naijarom.com/tecno-pova-7-5g-lj7,pc-fw
Tecno_Pova_7_5G_LJ7_MT6878_15.1.0.156SP01_RU001PF001AZ_250825_MXML.zip,Tecno Pova 7 5G LJ7,LJ7,15.1.0.156SP01,RU001PF001AZ,MT6878,TECNO,7.46 GB,250825,https://naijarom.com/tecno-pova-7-5g-lj7,pc-fw
Tecno_Pova_7_5G_LJ7_MT6878_15.1.0.156SP01_IN001PF001AZ_250825_MXML.zip,Tecno Pova 7 5G LJ7,LJ7,15.1.0.156SP01,IN001PF001AZ,MT6878,TECNO,7.29 GB,250825,https://naijarom.com/tecno-pova-7-5g-lj7,pc-fw
Tecno_Pova_7_5G_LJ7_MT6878_2215.1.0.116SP05_COCL001PF001AZ_MXML.zip,Tecno Pova 7 5G LJ7,LJ7,2215.1.0.116SP05,SOURCE_UNSPECIFIED,MT6878,TECNO,7.78 GB,,https://naijarom.com/tecno-pova-7-5g-lj7,pc-fw
Tecno_Pova_7_5G_LJ7_MT6878_2215.1.2.131SP03_RU001PF001AZ_MXML.zip,Tecno Pova 7 5G LJ7,LJ7,2215.1.2.131SP03,SOURCE_UNSPECIFIED,MT6878,TECNO,7.56 GB,,https://naijarom.com/tecno-pova-7-5g-lj7,pc-fw
Tecno_Pova_7_5G_LJ7_MT6878_2215.1.2.131SP06_OPPJ001PF001PJ_MXML.zip,Tecno Pova 7 5G LJ7,LJ7,2215.1.2.131SP06,SOURCE_UNSPECIFIED,MT6878,TECNO,7.42 GB,,https://naijarom.com/tecno-pova-7-5g-lj7,pc-fw
Tecno_Pova_7_5G_LJ7_MT6878_2215.1.2.145SP01_OP001PF001AZ_MXML.zip,Tecno Pova 7 5G LJ7,LJ7,2215.1.2.145SP01,SOURCE_UNSPECIFIED,MT6878,TECNO,7.4 GB,,https://naijarom.com/tecno-pova-7-5g-lj7,pc-fw
Tecno_Pova_7_5G_LJ7_MT6835_15.1.2.165SP0_IN001PF001AZ.zip,Tecno Pova 7 5G LJ7,LJ7,15.1.2.165SP0,SOURCE_UNSPECIFIED,MT6835,TECNO,7.35 GB,,https://naijarom.com/tecno-pova-7-5g-lj7,pc-fw
Tecno_Pova_7_5G_LJ7_MT6878_15.1.2.165SP05_OP001PF001AZ_260325_MXML.zip,Tecno Pova 7 5G LJ7,LJ7,15.1.2.165SP05,OP001PF001AZ,MT6878,TECNO,7.46 GB,260325,https://naijarom.com/tecno-pova-7-5g-lj7,pc-fw
Tecno_Pova_7_5G_LJ7_MT6878_15.1.2.165SP05_RU001PF001AZ_260325_MXML.zip,Tecno Pova 7 5G LJ7,LJ7,15.1.2.165SP05,RU001PF001AZ,MT6878,TECNO,7.53 GB,260325,https://naijarom.com/tecno-pova-7-5g-lj7,pc-fw
Tecno_Pova_7_Neo_LJ6_MT6789_15.1.0.123_OP001PF001AZ_130625_MXML.zip,Tecno Pova 7 Neo LJ6,LJ6,15.1.0.123,OP001PF001AZ,MT6789,TECNO,7.13 GB,130625,https://naijarom.com/tecno-pova-7-neo-lj6,pc-fw
Tecno_Pova_7_Neo_LJ6_MT6789_15.1.2.128SP01_OP001PF001AZ_161025_MXML.zip,Tecno Pova 7 Neo LJ6,LJ6,15.1.2.128SP01,OP001PF001AZ,MT6789,TECNO,7.27 GB,161025,https://naijarom.com/tecno-pova-7-neo-lj6,pc-fw
Tecno_Pova_7_Neo_LJ6_MT6789_15.1.0.139_OP001PF001AZ_150725_MXML.zip,Tecno Pova 7 Neo LJ6,LJ6,15.1.0.139,OP001PF001AZ,MT6789,TECNO,7.13 GB,150725,https://naijarom.com/tecno-pova-7-neo-lj6,pc-fw
Tecno_Pova_7_Neo_LJ6_MT6789_15.1.0.155SP03_RU001PF001AZ_270825_MXML.zip,Tecno Pova 7 Neo LJ6,LJ6,15.1.0.155SP03,RU001PF001AZ,MT6789,TECNO,7.20 GB,270825,https://naijarom.com/tecno-pova-7-neo-lj6,pc-fw
Tecno_Pova_7_Neo_LJ6_MT6789_15.1.0.159SP02_RU001PF001AZ_150925_MXML.zip,Tecno Pova 7 Neo LJ6,LJ6,15.1.0.159SP02,RU001PF001AZ,MT6789,TECNO,7.27 GB,150925,https://naijarom.com/tecno-pova-7-neo-lj6,pc-fw
Tecno_Pova_7_Neo_LJ6_MT6789_15.1.0.105SP02_RU001PF001AZ_280525_MXML.zip,Tecno Pova 7 Neo LJ6,LJ6,15.1.0.105SP02,RU001PF001AZ,MT6789,TECNO,6.95 GB,280525,https://naijarom.com/tecno-pova-7-neo-lj6,pc-fw
Tecno_Pova_7_Neo_LJ6_MT6789_15.1.0.105SP06_RU001PF001AZ_280525_MXML.zip,Tecno Pova 7 Neo LJ6,LJ6,15.1.0.105SP06,RU001PF001AZ,MT6789,TECNO,6.95 GB,280525,https://naijarom.com/tecno-pova-7-neo-lj6,pc-fw
Tecno_Pova_7_Neo_LJ6_MT6789_15.1.2.128SP01_RU001PF001AZ_251016_MXML.zip,Tecno Pova 7 Neo LJ6,LJ6,15.1.2.128SP01,RU001PF001AZ,MT6789,TECNO,7.33 GB,251016,https://naijarom.com/tecno-pova-7-neo-lj6,pc-fw
Tecno_Pova_7_Neo_LJ6_MT6789_15.1.2.145SP01_OPPJ001PF001PJ_MXML.zip,Tecno Pova 7 Neo LJ6,LJ6,15.1.2.145SP01,SOURCE_UNSPECIFIED,MT6789,TECNO,7.20 GB,,https://naijarom.com/tecno-pova-7-neo-lj6,pc-fw
Tecno_Pova_7_Neo_LJ6_MT6789_15.1.2.145SP10_OP001PF001AZ_MXML.zip,Tecno Pova 7 Neo LJ6,LJ6,15.1.2.145SP10,SOURCE_UNSPECIFIED,MT6789,TECNO,7.20 GB,,https://naijarom.com/tecno-pova-7-neo-lj6,pc-fw
Tecno_Pova_7_Neo_LJ6_MT6789_15.1.0.159SP02_OP001PF001AZ_150925_MXML.zip,Tecno Pova 7 Neo LJ6,LJ6,15.1.0.159SP02,OP001PF001AZ,MT6789,TECNO,7.20 GB,150925,https://naijarom.com/tecno-pova-7-neo-lj6,pc-fw
Tecno_Pova_7_Neo_LJ6_MT6789_15.1.0.159SP02_OPPJ001PF001PJ_150925_MXML.zip,Tecno Pova 7 Neo LJ6,LJ6,15.1.0.159SP02,OPPJ001PF001PJ,MT6789,TECNO,7.20 GB,150925,https://naijarom.com/tecno-pova-7-neo-lj6,pc-fw
Tecno_Pova_7_Neo_LJ6_MT6789_15.1.2.165SP05_OP001PF001AZ_260325_MXML.zip,Tecno Pova 7 Neo LJ6,LJ6,15.1.2.165SP05,OP001PF001AZ,MT6789,TECNO,7.26 GB,260325,https://naijarom.com/tecno-pova-7-neo-lj6,pc-fw
Tecno_Pova_7_Neo_LJ6_MT6789_15.1.2.165SP05_OPPJ001PF001PJ_260325_MXML.zip,Tecno Pova 7 Neo LJ6,LJ6,15.1.2.165SP05,OPPJ001PF001PJ,MT6789,TECNO,7.26 GB,260325,https://naijarom.com/tecno-pova-7-neo-lj6,pc-fw
Tecno_Pova_7_Neo_LJ6_MT6789_15.1.2.165SP05_RU001PF001AZ_260325_MXML.zip,Tecno Pova 7 Neo LJ6,LJ6,15.1.2.165SP05,RU001PF001AZ,MT6789,TECNO,7.33 GB,260325,https://naijarom.com/tecno-pova-7-neo-lj6,pc-fw
Tecno_Pova_7_Neo_LJ6_MT6789_15.1.2.180SP05_OP001PF001AZ_260618_MXML.zip,Tecno Pova 7 Neo LJ6,LJ6,15.1.2.180SP05,OP001PF001AZ,MT6789,TECNO,7.28 GB,260618,https://naijarom.com/tecno-pova-7-neo-lj6,pc-fw
Tecno_Pova_7_Pro_5G_LJ8_MT6878_15.1.0.139_OP001PF001AZ_170725_MXML.zip,Tecno Pova 7 Pro 5G LJ8,LJ8,15.1.0.139,OP001PF001AZ,MT6878,TECNO,7.39 GB,170725,https://naijarom.com/tecno-pova-7-pro-5g-lj8,pc-fw
Tecno_Pova_7_Pro_5G_LJ8_MT6878_15.1.0.155SP03_RU001PF001AZ_270825_MXML.zip,Tecno Pova 7 Pro 5G LJ8,LJ8,15.1.0.155SP03,RU001PF001AZ,MT6878,TECNO,7.45 GB,270825,https://naijarom.com/tecno-pova-7-pro-5g-lj8,pc-fw
Tecno_Pova_7_Pro_5G_LJ8_MT6878_15.1.2.128SP01_RU001PF001AZ_251016_MXML.zip,Tecno Pova 7 Pro 5G LJ8,LJ8,15.1.2.128SP01,RU001PF001AZ,MT6878,TECNO,7.52 GB,251016,https://naijarom.com/tecno-pova-7-pro-5g-lj8,pc-fw
Tecno_Pova_7_Pro_5G_LJ8_MT6878_15.1.2.128SP01_IN001PF001AZ_161025_MXML.zip,Tecno Pova 7 Pro 5G LJ8,LJ8,15.1.2.128SP01,IN001PF001AZ,MT6878,TECNO,7.35 GB,161025,https://naijarom.com/tecno-pova-7-pro-5g-lj8,pc-fw
Tecno_Pova_7_Pro_5G_LJ8_MT6878_15.1.2.145SP01_IN001PF001AZ_251211_MXML.zip,Tecno Pova 7 Pro 5G LJ8,LJ8,15.1.2.145SP01,IN001PF001AZ,MT6878,TECNO,7.27 GB,251211,https://naijarom.com/tecno-pova-7-pro-5g-lj8,pc-fw
Tecno_Pova_7_Pro_5G_LJ8_MT6878_2215.1.2.145SP01_OPPJ001PF001PJ_MXML.zip,Tecno Pova 7 Pro 5G LJ8,LJ8,2215.1.2.145SP01,SOURCE_UNSPECIFIED,MT6878,TECNO,7.38 GB,,https://naijarom.com/tecno-pova-7-pro-5g-lj8,pc-fw
Tecno_Pova_7_Pro_5G_LJ8_MT6878_15.1.2.145SP01_RU001PF001AZ_111225_MXML.zip,Tecno Pova 7 Pro 5G LJ8,LJ8,15.1.2.145SP01,RU001PF001AZ,MT6878,TECNO,7.53 GB,111225,https://naijarom.com/tecno-pova-7-pro-5g-lj8,pc-fw
Tecno_Pova_7_Pro_5G_LJ8_MT6878_15.1.2.145SP12_OP001PF001AZ_200126_MXML.zip,Tecno Pova 7 Pro 5G LJ8,LJ8,15.1.2.145SP12,OP001PF001AZ,MT6878,TECNO,7.38 GB,200126,https://naijarom.com/tecno-pova-7-pro-5g-lj8,pc-fw
Tecno_Pova_7_Pro_5G_LJ8_MT6878_15.1.0.155SP03_IN001PF001AZ_270925_MXML.zip,Tecno Pova 7 Pro 5G LJ8,LJ8,15.1.0.155SP03,IN001PF001AZ,MT6878,TECNO,7.27 GB,270925,https://naijarom.com/tecno-pova-7-pro-5g-lj8,pc-fw
Tecno_Pova_7_Pro_5G_LJ8_MT6878_15.1.2.165SP05_RU001PF001AZ_260325_MXML.zip,Tecno Pova 7 Pro 5G LJ8,LJ8,15.1.2.165SP05,RU001PF001AZ,MT6878,TECNO,7.51 GB,260325,https://naijarom.com/tecno-pova-7-pro-5g-lj8,pc-fw
Tecno_Pova_7_Pro_5G_LJ8_MT6878_15.1.2.180_RU001PF001AZ_260615_MXML.zip,Tecno Pova 7 Pro 5G LJ8,LJ8,15.1.2.180,RU001PF001AZ,MT6878,TECNO,7.56 GB,260615,https://naijarom.com/tecno-pova-7-pro-5g-lj8,pc-fw
Tecno_Pova_7_Ultra_5G_LJ9_MT6897_15.1.0.154SP03_OP001PF001AZ_270825_MXML.zip,Tecno Pova 7 Ultra 5G LJ9,LJ9,15.1.0.154SP03,OP001PF001AZ,MT6897,TECNO,7.51 GB,270825,https://naijarom.com/tecno-pova-7-ultra-5g-lj9,pc-fw
Tecno_Pova_7_Ultra_5G_LJ9_MT6897_15.1.0.154SP03_RU001PF001AZ_270825_MXML.zip,Tecno Pova 7 Ultra 5G LJ9,LJ9,15.1.0.154SP03,RU001PF001AZ,MT6897,TECNO,7.57 GB,270825,https://naijarom.com/tecno-pova-7-ultra-5g-lj9,pc-fw
Tecno_Pova_7_Ultra_5G_LJ9_MT6897_15.1.2.145SP08_RU001PF001AZ_040126_MXML.zip,Tecno Pova 7 Ultra 5G LJ9,LJ9,15.1.2.145SP08,RU001PF001AZ,MT6897,TECNO,7.65 GB,040126,https://naijarom.com/tecno-pova-7-ultra-5g-lj9,pc-fw
Tecno_Pova_7_Ultra_5G_LJ9_MT6897_15.1.2.145SP13_OP001PF001AZ_230126_MXML.zip,Tecno Pova 7 Ultra 5G LJ9,LJ9,15.1.2.145SP13,OP001PF001AZ,MT6897,TECNO,7.51 GB,230126,https://naijarom.com/tecno-pova-7-ultra-5g-lj9,pc-fw
Tecno_Pova_7_Ultra_5G_LJ9_MT6897_15.1.2.165SP05_OP001PF001AZ_260324_MXML.zip,Tecno Pova 7 Ultra 5G LJ9,LJ9,15.1.2.165SP05,OP001PF001AZ,MT6897,TECNO,7.57 GB,260324,https://naijarom.com/tecno-pova-7-ultra-5g-lj9,pc-fw
Tecno_Pova_7_Ultra_5G_LJ9_MT6897_15.1.2.165SP05_RU001PF001AZ_260324_MXML.zip,Tecno Pova 7 Ultra 5G LJ9,LJ9,15.1.2.165SP05,RU001PF001AZ,MT6897,TECNO,7.64 GB,260324,https://naijarom.com/tecno-pova-7-ultra-5g-lj9,pc-fw
Tecno_Pova_7_Ultra_5G_LJ9_MT6897_15.1.2.180SP05_RU001PF001AZ_260618_MXML.zip,Tecno Pova 7 Ultra 5G LJ9,LJ9,15.1.2.180SP05,RU001PF001AZ,MT6897,TECNO,7.68 GB,260618,https://naijarom.com/tecno-pova-7-ultra-5g-lj9,pc-fw
Tecno_Pova_7_Ultra_5G_LJ9_MT6897_15.1.2.180SP05_OP001PF001AZ_260618_MXML.zip,Tecno Pova 7 Ultra 5G LJ9,LJ9,15.1.2.180SP05,OP001PF001AZ,MT6897,TECNO,7.58 GB,260618,https://naijarom.com/tecno-pova-7-ultra-5g-lj9,pc-fw
Tecno_Pova_8_5G_LK6_MT6858_16.2.0.135SP23_OPPJ015PF001PJ_260525_MXML.zip,Tecno Pova 8 5G LK6,LK6,16.2.0.135SP23,OPPJ015PF001PJ,MT6858,TECNO,9.89 GB,260525,https://naijarom.com/tecno-pova-8-5g-lk6,pc-fw
Tecno_Pova_8_5G_LK6_MT6858_16.2.0.135SP23_RU015PF001AZ_260525_MXML.zip,Tecno Pova 8 5G LK6,LK6,16.2.0.135SP23,RU015PF001AZ,MT6858,TECNO,8.81 GB,260525,https://naijarom.com/tecno-pova-8-5g-lk6,pc-fw
Tecno_Pova_8_5G_LK6_MT6858_16.2.0.135SP23_TR015PF001AZ_260525_MXML.zip,Tecno Pova 8 5G LK6,LK6,16.2.0.135SP23,TR015PF001AZ,MT6858,TECNO,9 GB,260525,https://naijarom.com/tecno-pova-8-5g-lk6,pc-fw
Tecno_Pova_8_5G_LK6_MT6858_16.2.0.135SP23_IN015PF001AZ_MXML.zip,Tecno Pova 8 5G LK6,LK6,16.2.0.135SP23,SOURCE_UNSPECIFIED,MT6858,TECNO,8.87 GB,,https://naijarom.com/tecno-pova-8-5g-lk6,pc-fw
Tecno_Pova_8_5G_LK6_MT6858_16.2.0.145SP03_COCL003PF001AZ_MXML.zip,Tecno Pova 8 5G LK6,LK6,16.2.0.145SP03,SOURCE_UNSPECIFIED,MT6858,TECNO,9.15 GB,,https://naijarom.com/tecno-pova-8-5g-lk6,pc-fw
Tecno_Pova_8_5G_LK6_MT6858_16.2.0.145SP07_OP004PF001AZ_MXML.zip,Tecno Pova 8 5G LK6,LK6,16.2.0.145SP07,SOURCE_UNSPECIFIED,MT6858,TECNO,9.95 GB,,https://naijarom.com/tecno-pova-8-5g-lk6,pc-fw
Tecno_Pova_8_5G_LK6_MT6858_16.2.0.145SP15_IN007PF001AZ_MXML.zip,Tecno Pova 8 5G LK6,LK6,16.2.0.145SP15,SOURCE_UNSPECIFIED,MT6858,TECNO,9.05 GB,,https://naijarom.com/tecno-pova-8-5g-lk6,pc-fw
Tecno_Pova_8_5G_LK6_MT6858_16.2.0.150SP10_OP007PF001AZ_MXML.zip,Tecno Pova 8 5G LK6,LK6,16.2.0.150SP10,SOURCE_UNSPECIFIED,MT6858,TECNO,10.05 GB,,https://naijarom.com/tecno-pova-8-5g-lk6,pc-fw
Tecno_Pova_8_Pro_5G_LK7_MT6878_16.3.0.120SP07_OP007PF001AZ_010126_MXML.zip,Tecno Pova 8 Pro 5G LK7,LK7,16.3.0.120SP07,OP007PF001AZ,MT6878,TECNO,11.46 GB,010126,https://naijarom.com/tecno-pova-8-pro-5g-lk7,pc-fw
Tecno_Pova_8_Pro_5G_LK7_MT6878_16.3.0.120SP07_TR007PF001AZ_MXML.zip,Tecno Pova 8 Pro 5G LK7,LK7,16.3.0.120SP07,SOURCE_UNSPECIFIED,MT6878,TECNO,10.63 GB,,https://naijarom.com/tecno-pova-8-pro-5g-lk7,pc-fw
Tecno_Pova_8_Pro_5G_LK7_MT6878_16.3.0.120SP08_RU008PF001AZ_MXML.zip,Tecno Pova 8 Pro 5G LK7,LK7,16.3.0.120SP08,SOURCE_UNSPECIFIED,MT6878,TECNO,10.40 GB,,https://naijarom.com/tecno-pova-8-pro-5g-lk7,pc-fw
Tecno_Pova_8_Pro_5G_LK7_MT6878_16.3.0.120SP06_OPPJ005PF001PJ_MXML.zip,Tecno Pova 8 Pro 5G LK7,LK7,16.3.0.120SP06,SOURCE_UNSPECIFIED,MT6878,TECNO,11.70 GB,,https://naijarom.com/tecno-pova-8-pro-5g-lk7,pc-fw
Tecno_Pova_8_Pro_5G_LK7_MT6878_16.3.0.135SP05_IN004PF001AZ_MXML.zip,Tecno Pova 8 Pro 5G LK7,LK7,16.3.0.135SP05,SOURCE_UNSPECIFIED,MT6878,TECNO,10.43 GB,,https://naijarom.com/tecno-pova-8-pro-5g-lk7,pc-fw
Tecno_Pova_8_Pro_5G_LK7_MT6878_16.3.0.135SP07_OP006PF001AZ_MXML.zip,Tecno Pova 8 Pro 5G LK7,LK7,16.3.0.135SP07,SOURCE_UNSPECIFIED,MT6878,TECNO,11.35 GB,,https://naijarom.com/tecno-pova-8-pro-5g-lk7,pc-fw
Tecno_Pova_8_Pro_5G_LK7_MT6878_16.3.0.135SP14_OP012PF001AZ_MXML.zip,Tecno Pova 8 Pro 5G LK7,LK7,16.3.0.135SP14,SOURCE_UNSPECIFIED,MT6878,TECNO,11.35 GB,,https://naijarom.com/tecno-pova-8-pro-5g-lk7,pc-fw
Tecno_Pova_Neo_LE6_MT6765_V242_211101.zip,Tecno Pova Neo LE6,LE6,V242,SOURCE_UNSPECIFIED,MT6765,TECNO,3.33 GB,211101,https://naijarom.com/tecno-pova-neo-le6,pc-fw
Tecno_Pova_Neo_LE6_MT6765_V518_220315.zip,Tecno Pova Neo LE6,LE6,V518,SOURCE_UNSPECIFIED,MT6765,TECNO,3.36 GB,220315,https://naijarom.com/tecno-pova-neo-le6,pc-fw
Tecno_Pova_Neo_LE6_MT6765_V584_220408.zip,Tecno Pova Neo LE6,LE6,V584,SOURCE_UNSPECIFIED,MT6765,TECNO,3.31 GB,220408,https://naijarom.com/tecno-pova-neo-le6,pc-fw
Tecno_Pova_Neo_LE6_MT6765_V738_220824.zip,Tecno Pova Neo LE6,LE6,V738,SOURCE_UNSPECIFIED,MT6765,TECNO,3.37 GB,220824,https://naijarom.com/tecno-pova-neo-le6,pc-fw
Tecno_Pova_Neo_LE6_MT6765_V747_221028.zip,Tecno Pova Neo LE6,LE6,V747,SOURCE_UNSPECIFIED,MT6765,TECNO,3.41 GB,221028,https://naijarom.com/tecno-pova-neo-le6,pc-fw
Tecno_Pova_Neo_LE6_MT6765_V762_221218.zip,Tecno Pova Neo LE6,LE6,V762,SOURCE_UNSPECIFIED,MT6765,TECNO,3.39 GB,221218,https://naijarom.com/tecno-pova-neo-le6,pc-fw
Tecno_Pova_Neo_LE6_MT6765_V766_230209.zip,Tecno Pova Neo LE6,LE6,V766,SOURCE_UNSPECIFIED,MT6765,TECNO,3.47 GB,230209,https://naijarom.com/tecno-pova-neo-le6,pc-fw
Tecno_Pova_Neo_LE6_MT6765_V777_230323.zip,Tecno Pova Neo LE6,LE6,V777,SOURCE_UNSPECIFIED,MT6765,TECNO,3.40 GB,230323,https://naijarom.com/tecno-pova-neo-le6,pc-fw
Tecno_Pova_Neo_LE6_MT6765_V788_230607.zip,Tecno Pova Neo LE6,LE6,V788,SOURCE_UNSPECIFIED,MT6765,TECNO,3.47 GB,230607,https://naijarom.com/tecno-pova-neo-le6,pc-fw
Tecno_Pova_Neo_LE6_MT6765_V794_230711.zip,Tecno Pova Neo LE6,LE6,V794,SOURCE_UNSPECIFIED,MT6765,TECNO,3.47 GB,230711,https://naijarom.com/tecno-pova-neo-le6,pc-fw
Tecno_Pova_Neo_2_LG6N_MT6768_V559_220824.zip,Tecno Pova Neo 2 LG6N,LG6N,V559,SOURCE_UNSPECIFIED,MT6768,TECNO,3.81 GB,220824,https://naijarom.com/tecno-pova-neo-2-lg6n,pc-fw
Tecno_Pova_Neo_2_LG6N_MT6768_V793_221009.zip,Tecno Pova Neo 2 LG6N,LG6N,V793,SOURCE_UNSPECIFIED,MT6768,TECNO,3.86 GB,221009,https://naijarom.com/tecno-pova-neo-2-lg6n,pc-fw
Tecno_Pova_Neo_2_LG6N_MT6768_V971_221114.zip,Tecno Pova Neo 2 LG6N,LG6N,V971,SOURCE_UNSPECIFIED,MT6768,TECNO,3.44 GB,221114,https://naijarom.com/tecno-pova-neo-2-lg6n,pc-fw
Tecno_Pova_Neo_2_LG6N_MT6768_V1056_221217.zip,Tecno Pova Neo 2 LG6N,LG6N,V1056,SOURCE_UNSPECIFIED,MT6768,TECNO,3.87 GB,221217,https://naijarom.com/tecno-pova-neo-2-lg6n,pc-fw
Tecno_Pova_Neo_2_LG6N_MT6768_V1069_221224.zip,Tecno Pova Neo 2 LG6N,LG6N,V1069,SOURCE_UNSPECIFIED,MT6768,TECNO,3.25 GB,221224,https://naijarom.com/tecno-pova-neo-2-lg6n,pc-fw
Tecno_Pova_Neo_2_LG6N_MT6768_V1098_230115.zip,Tecno Pova Neo 2 LG6N,LG6N,V1098,SOURCE_UNSPECIFIED,MT6768,TECNO,3.15 GB,230115,https://naijarom.com/tecno-pova-neo-2-lg6n,pc-fw
Tecno_Pova_Neo_2_LG6N_MT6768_V1169_230307.zip,Tecno Pova Neo 2 LG6N,LG6N,V1169,SOURCE_UNSPECIFIED,MT6768,TECNO,3 GB,230307,https://naijarom.com/tecno-pova-neo-2-lg6n,pc-fw
Tecno_Pova_Neo_2_LG6N_MT6768_V1170_230307.zip,Tecno Pova Neo 2 LG6N,LG6N,V1170,SOURCE_UNSPECIFIED,MT6768,TECNO,3.14 GB,230307,https://naijarom.com/tecno-pova-neo-2-lg6n,pc-fw
Tecno_Pova_Neo_2_LG6N_MT6768_V1346_230607.zip,Tecno Pova Neo 2 LG6N,LG6N,V1346,SOURCE_UNSPECIFIED,MT6768,TECNO,3.95 GB,230607,https://naijarom.com/tecno-pova-neo-2-lg6n,pc-fw
Tecno_Pova_Neo_2_LG6N_MT6768_V1417_230712.zip,Tecno Pova Neo 2 LG6N,LG6N,V1417,SOURCE_UNSPECIFIED,MT6768,TECNO,3.96 GB,230712,https://naijarom.com/tecno-pova-neo-2-lg6n,pc-fw
Tecno_Pova_Neo_2_LG6N_MT6768_V1535_230907.zip,Tecno Pova Neo 2 LG6N,LG6N,V1535,SOURCE_UNSPECIFIED,MT6768,TECNO,3.88 GB,230907,https://naijarom.com/tecno-pova-neo-2-lg6n,pc-fw
Tecno_Pova_Neo_5G_LE6J_MT6833_V1139_220824.zip,Tecno Pova Neo 5G LE6J,LE6J,V1139,SOURCE_UNSPECIFIED,MT6833,TECNO,3.61 GB,220824,https://naijarom.com/tecno-pova-neo-5g-le6j,pc-fw
Tecno_Pova_Neo_5G_LE6J_MT6833_V1234_220908.zip,Tecno Pova Neo 5G LE6J,LE6J,V1234,SOURCE_UNSPECIFIED,MT6833,TECNO,3.63 GB,220908,https://naijarom.com/tecno-pova-neo-5g-le6j,pc-fw
Tecno_Pova_Neo_5G_LE6J_MT6833_V1984_230224.zip,Tecno Pova Neo 5G LE6J,LE6J,V1984,SOURCE_UNSPECIFIED,MT6833,TECNO,3.66 GB,230224,https://naijarom.com/tecno-pova-neo-5g-le6j,pc-fw
Tecno_Pova_2_LE7N_MT6768_V149_210423.zip,Tecno Pova 2 LE7N,LE7N,V149,SOURCE_UNSPECIFIED,MT6768,TECNO,2.85 GB,210423,https://naijarom.com/tecno-pova-2-le7n,pc-fw
Tecno_Pova_2_LE7N_MT6768_V291_220418.zip,Tecno Pova 2 LE7N,LE7N,V291,SOURCE_UNSPECIFIED,MT6768,TECNO,3.26 GB,220418,https://naijarom.com/tecno-pova-2-le7n,pc-fw
Tecno_Pova_2_LE7N_MT6768_V306_220414.zip,Tecno Pova 2 LE7N,LE7N,V306,SOURCE_UNSPECIFIED,MT6768,TECNO,3 GB,220414,https://naijarom.com/tecno-pova-2-le7n,pc-fw
Tecno_Pova_2_LE7N_MT6768_V310_220612.zip,Tecno Pova 2 LE7N,LE7N,V310,SOURCE_UNSPECIFIED,MT6768,TECNO,3 GB,220612,https://naijarom.com/tecno-pova-2-le7n,pc-fw
Tecno_Pova_3_LF7_MT6768_V470_220324.zip,Tecno Pova 3 LF7,LF7,V470,SOURCE_UNSPECIFIED,MT6768,TECNO,3.43 GB,220324,https://naijarom.com/tecno-pova-3-lf7,pc-fw
Tecno_Pova_3_LF7_MT6768_V561_220425.zip,Tecno Pova 3 LF7,LF7,V561,SOURCE_UNSPECIFIED,MT6768,TECNO,3.44 GB,220425,https://naijarom.com/tecno-pova-3-lf7,pc-fw
Tecno_Pova_3_LF7_MT6768_V637_220531.zip,Tecno Pova 3 LF7,LF7,V637,SOURCE_UNSPECIFIED,MT6768,TECNO,3.45 GB,220531,https://naijarom.com/tecno-pova-3-lf7,pc-fw
Tecno_Pova_3_LF7_MT6768_V875_220906.zip,Tecno Pova 3 LF7,LF7,V875,SOURCE_UNSPECIFIED,MT6768,TECNO,3.53 GB,220906,https://naijarom.com/tecno-pova-3-lf7,pc-fw
Tecno_Pova_3_LF7_MT6768_V944_220928.zip,Tecno Pova 3 LF7,LF7,V944,SOURCE_UNSPECIFIED,MT6768,TECNO,3.41 GB,220928,https://naijarom.com/tecno-pova-3-lf7,pc-fw
Tecno_Pova_3_LF7_MT6768_V1055_221203.zip,Tecno Pova 3 LF7,LF7,V1055,SOURCE_UNSPECIFIED,MT6768,TECNO,3.48 GB,221203,https://naijarom.com/tecno-pova-3-lf7,pc-fw
Tecno_Pova_3_LF7N_MT6768_V685_220329.zip,Tecno Pova 3 LF7N,LF7N,V685,SOURCE_UNSPECIFIED,MT6768,TECNO,3.54 GB,220329,https://naijarom.com/tecno-pova-3-lf7n,pc-fw
Tecno_Pova_3_LF7N_MT6768_V829_220425.zip,Tecno Pova 3 LF7N,LF7N,V829,SOURCE_UNSPECIFIED,MT6768,TECNO,3.53 GB,220425,https://naijarom.com/tecno-pova-3-lf7n,pc-fw
Tecno_Pova_3_LF7N_MT6768_V900_220515.zip,Tecno Pova 3 LF7N,LF7N,V900,SOURCE_UNSPECIFIED,MT6768,TECNO,3.56 GB,220515,https://naijarom.com/tecno-pova-3-lf7n,pc-fw
Tecno_Pova_3_LF7N_MT6768_V1121_220719.zip,Tecno Pova 3 LF7N,LF7N,V1121,SOURCE_UNSPECIFIED,MT6768,TECNO,2.92 GB,220719,https://naijarom.com/tecno-pova-3-lf7n,pc-fw
Tecno_Pova_3_LF7N_MT6768_V1233_220826.zip,Tecno Pova 3 LF7N,LF7N,V1233,SOURCE_UNSPECIFIED,MT6768,TECNO,3.69 GB,220826,https://naijarom.com/tecno-pova-3-lf7n,pc-fw
Tecno_Pova_3_LF7N_MT6768_V1350_220914.zip,Tecno Pova 3 LF7N,LF7N,V1350,SOURCE_UNSPECIFIED,MT6768,TECNO,2.96 GB,220914,https://naijarom.com/tecno-pova-3-lf7n,pc-fw
Tecno_Pova_3_LF7N_MT6768_V1659_221218.zip,Tecno Pova 3 LF7N,LF7N,V1659,SOURCE_UNSPECIFIED,MT6768,TECNO,3.03 GB,221218,https://naijarom.com/tecno-pova-3-lf7n,pc-fw
Tecno_Pova_3_LF7N_MT6768_V1660_221218.zip,Tecno Pova 3 LF7N,LF7N,V1660,SOURCE_UNSPECIFIED,MT6768,TECNO,3.81 GB,221218,https://naijarom.com/tecno-pova-3-lf7n,pc-fw
Tecno_Pova_3_LF7N_MT6768_V1667_221219.zip,Tecno Pova 3 LF7N,LF7N,V1667,SOURCE_UNSPECIFIED,MT6768,TECNO,3.24 GB,221219,https://naijarom.com/tecno-pova-3-lf7n,pc-fw
Tecno_Pova_3_LF7N_MT6768_V1809_230129.zip,Tecno Pova 3 LF7N,LF7N,V1809,SOURCE_UNSPECIFIED,MT6768,TECNO,3.04 GB,230129,https://naijarom.com/tecno-pova-3-lf7n,pc-fw
Tecno_Pova_3_LF7N_MT6768_V2270_230619.zip,Tecno Pova 3 LF7N,LF7N,V2270,SOURCE_UNSPECIFIED,MT6768,TECNO,3.97 GB,230619,https://naijarom.com/tecno-pova-3-lf7n,pc-fw
Tecno_Pova_4_LG7N_MT6789_V887_220826.zip,Tecno Pova 4 LG7N,LG7N,V887,SOURCE_UNSPECIFIED,MT6789,TECNO,3.56 GB,220826,https://naijarom.com/tecno-pova-4-lg7n,pc-fw
Tecno_Pova_4_LG7N_MT6789_V1008_221010.zip,Tecno Pova 4 LG7N,LG7N,V1008,SOURCE_UNSPECIFIED,MT6789,TECNO,3.35 GB,221010,https://naijarom.com/tecno-pova-4-lg7n,pc-fw
Tecno_Pova_4_LG7N_MT6789_V1156_221116.zip,Tecno Pova 4 LG7N,LG7N,V1156,SOURCE_UNSPECIFIED,MT6789,TECNO,3.83 GB,221116,https://naijarom.com/tecno-pova-4-lg7n,pc-fw
Tecno_Pova_4_LG7N_MT6789_V1242_221229.zip,Tecno Pova 4 LG7N,LG7N,V1242,SOURCE_UNSPECIFIED,MT6789,TECNO,4.46 GB,221229,https://naijarom.com/tecno-pova-4-lg7n,pc-fw
Tecno_Pova_4_LG7N_MT6789_V1330_230320.zip,Tecno Pova 4 LG7N,LG7N,V1330,SOURCE_UNSPECIFIED,MT6789,TECNO,4.42 GB,230320,https://naijarom.com/tecno-pova-4-lg7n,pc-fw
Tecno_Pova_4_LG7N_MT6789_V1332_230322.zip,Tecno Pova 4 LG7N,LG7N,V1332,SOURCE_UNSPECIFIED,MT6789,TECNO,3.83 GB,230322,https://naijarom.com/tecno-pova-4-lg7n,pc-fw
Tecno_Pova_5_Pro_LH8N_MT6833_V1882_230920.zip,Tecno Pova 5 Pro LH8N,LH8N,V1882,SOURCE_UNSPECIFIED,MT6833,TECNO,5.32 GB,230920,https://naijarom.com/tecno-pova-5-pro-lh8n,pc-fw
Tecno_Pova_5_Pro_LH8N_MT6833_V1954_230927.zip,Tecno Pova 5 Pro LH8N,LH8N,V1954,SOURCE_UNSPECIFIED,MT6833,TECNO,5.32 GB,230927,https://naijarom.com/tecno-pova-5-pro-lh8n,pc-fw
Tecno_Pova_5_Pro_LH8N_MT6833_V2724_240219.zip,Tecno Pova 5 Pro LH8N,LH8N,V2724,SOURCE_UNSPECIFIED,MT6833,TECNO,5.47 GB,240219,https://naijarom.com/tecno-pova-5-pro-lh8n,pc-fw
Tecno_Pova_5_Pro_LH8N_MT6833_V2760_240410.zip,Tecno Pova 5 Pro LH8N,LH8N,V2760,SOURCE_UNSPECIFIED,MT6833,TECNO,5.48 GB,240410,https://naijarom.com/tecno-pova-5-pro-lh8n,pc-fw
Tecno_Pova_5_Pro_LH8N_MT6833_V2776_240621.zip,Tecno Pova 5 Pro LH8N,LH8N,V2776,SOURCE_UNSPECIFIED,MT6833,TECNO,5.53 GB,240621,https://naijarom.com/tecno-pova-5-pro-lh8n,pc-fw
Tecno_Pova_5_Pro_LH8N_MT6833_V659_240703.zip,Tecno Pova 5 Pro LH8N,LH8N,V659,SOURCE_UNSPECIFIED,MT6833,TECNO,6.46 GB,240703,https://naijarom.com/tecno-pova-5-pro-lh8n,pc-fw
Tecno_Pova_5_Pro_LH8N_MT6833_V771_240910.zip,Tecno Pova 5 Pro LH8N,LH8N,V771,SOURCE_UNSPECIFIED,MT6833,TECNO,6.36 GB,240910,https://naijarom.com/tecno-pova-5-pro-lh8n,pc-fw
Tecno_Pova_5_Pro_LH8N_MT6833_V781_241017.zip,Tecno Pova 5 Pro LH8N,LH8N,V781,SOURCE_UNSPECIFIED,MT6833,TECNO,6.38 GB,241017,https://naijarom.com/tecno-pova-5-pro-lh8n,pc-fw
Tecno_Pova_5_Pro_LH8N_MT6833_V792_241209.zip,Tecno Pova 5 Pro LH8N,LH8N,V792,SOURCE_UNSPECIFIED,MT6833,TECNO,6.42 GB,241209,https://naijarom.com/tecno-pova-5-pro-lh8n,pc-fw
Tecno_Pova_5_Pro_LH8N_MT6833_V824_250416.zip,Tecno Pova 5 Pro LH8N,LH8N,V824,SOURCE_UNSPECIFIED,MT6833,TECNO,6.45 GB,250416,https://naijarom.com/tecno-pova-5-pro-lh8n,pc-fw
Tecno_Pova_5_Pro_LH8N_MT6833_V834_250606.zip,Tecno Pova 5 Pro LH8N,LH8N,V834,SOURCE_UNSPECIFIED,MT6833,TECNO,6.43 GB,250606,https://naijarom.com/tecno-pova-5-pro-lh8n,pc-fw
Tecno_Pova_5G_LE8_MT6877_V1114_220902.zip,Tecno Pova 5G LE8,LE8,V1114,SOURCE_UNSPECIFIED,MT6877,TECNO,4.14 GB,220902,https://naijarom.com/tecno-pova-5g-le8,pc-fw
Tecno_Pova_Curve_5G_LJ8K_MT6878_15.1.0.103SP06_OP001PF001AZ_160525_MXML.zip,Tecno Pova Curve 5G LJ8K,LJ8K,15.1.0.103SP06,OP001PF001AZ,MT6878,TECNO,6.53 GB,160525,https://naijarom.com/tecno-pova-curve-5g-lj8k,pc-fw
Tecno_Pova_Curve_5G_LJ8K_MT6878_15.1.0.133SP12_OP001PF001AZ_170725_MXML.zip,Tecno Pova Curve 5G LJ8K,LJ8K,15.1.0.133SP12,OP001PF001AZ,MT6878,TECNO,7.28 GB,170725,https://naijarom.com/tecno-pova-curve-5g-lj8k,pc-fw
Tecno_Pova_Curve_5G_LJ8K_MT6878_15.1.0.155SP02_IN001PF001AZ_280825_MXML.zip,Tecno Pova Curve 5G LJ8K,LJ8K,15.1.0.155SP02,IN001PF001AZ,MT6878,TECNO,7.16 GB,280825,https://naijarom.com/tecno-pova-curve-5g-lj8k,pc-fw
Tecno_Pova_Curve_5G_LJ8K_MT6878_15.1.0.155SP02_OP001PF001AZ_270825_MXML.zip,Tecno Pova Curve 5G LJ8K,LJ8K,15.1.0.155SP02,OP001PF001AZ,MT6878,TECNO,7.28 GB,270825,https://naijarom.com/tecno-pova-curve-5g-lj8k,pc-fw
Tecno_Pova_Curve_5G_LJ8K_MT6878_15.1.2.128SP02_IN001PF001AZ_161025_MXML.zip,Tecno Pova Curve 5G LJ8K,LJ8K,15.1.2.128SP02,IN001PF001AZ,MT6878,TECNO,7.24 GB,161025,https://naijarom.com/tecno-pova-curve-5g-lj8k,pc-fw
Tecno_Pova_Curve_5G_LJ8K_MT6878_15.1.2.128SP02_OP001PF001AZ_161025_MXML.zip,Tecno Pova Curve 5G LJ8K,LJ8K,15.1.2.128SP02,OP001PF001AZ,MT6878,TECNO,7.35 GB,161025,https://naijarom.com/tecno-pova-curve-5g-lj8k,pc-fw
Tecno_Pova_Curve_5G_LJ8K_MT6878_15.1.2.145SP01_IN001PF001AZ_251211_MXML.zip,Tecno Pova Curve 5G LJ8K,LJ8K,15.1.2.145SP01,IN001PF001AZ,MT6878,TECNO,7.16 GB,251211,https://naijarom.com/tecno-pova-curve-5g-lj8k,pc-fw
Tecno_Pova_Curve_5G_LJ8K_MT6878_15.1.2.145SP12_OP001PF001AZ_200126_MXML.zip,Tecno Pova Curve 5G LJ8K,LJ8K,15.1.2.145SP12,OP001PF001AZ,MT6878,TECNO,7.27 GB,200126,https://naijarom.com/tecno-pova-curve-5g-lj8k,pc-fw
Tecno_Pova_Curve_5G_LJ8K_MT6878_15.1.2.145SP13_IN001PF001AZ_260128_MXML.zip,Tecno Pova Curve 5G LJ8K,LJ8K,15.1.2.145SP13,IN001PF001AZ,MT6878,TECNO,7.16 GB,260128,https://naijarom.com/tecno-pova-curve-5g-lj8k,pc-fw
Tecno_Pova_Curve_5G_LJ8k_MT6878_15.1.2.165SP05_IN001PF001AZ_260325_MXML.zip,Tecno Pova Curve 5G LJ8K,LJ8k,15.1.2.165SP05,IN001PF001AZ,MT6878,TECNO,7.22 GB,260325,https://naijarom.com/tecno-pova-curve-5g-lj8k,pc-fw
Tecno_Pova_Curve_5G_LJ8K_MT6878_15.1.2.180SP05_IN001PF001AZ_260618_MXML.zip,Tecno Pova Curve 5G LJ8K,LJ8K,15.1.2.180SP05,IN001PF001AZ,MT6878,TECNO,7.24 GB,260618,https://naijarom.com/tecno-pova-curve-5g-lj8k,pc-fw
Tecno_Pova_Curve_5G_LJ8k_MT6878_15.1.2.180SP05_OP001PF001AZ_260618_MXML.zip,Tecno Pova Curve 5G LJ8K,LJ8k,15.1.2.180SP05,OP001PF001AZ,MT6878,TECNO,7.35 GB,260618,https://naijarom.com/tecno-pova-curve-5g-lj8k,pc-fw
Tecno_Pova_Curve_2_5G_LK7K_MT6858_16.1.0.115SP12_IN001PF001AZ_010126_MXML.zip,Tecno Pova Curve 2 5G LK7K,LK7K,16.1.0.115SP12,IN001PF001AZ,MT6858,TECNO,9 GB,010126,https://naijarom.com/tecno-pova-curve-2-5g-lk7k,pc-fw
Tecno_Pova_Curve_2_5G_LK7K_MT6858_16.1.0.135_OPPJ001PF001PJ_010126_MXML.zip,Tecno Pova Curve 2 5G LK7K,LK7K,16.1.0.135,OPPJ001PF001PJ,MT6858,TECNO,9.57 GB,010126,https://naijarom.com/tecno-pova-curve-2-5g-lk7k,pc-fw
Tecno_Pova_Curve_2_5G_LK7K_MT6858_16.1.0.135_TR001PF001AZ_010126_MXML.zip,Tecno Pova Curve 2 5G LK7K,LK7K,16.1.0.135,TR001PF001AZ,MT6858,TECNO,9.15 GB,010126,https://naijarom.com/tecno-pova-curve-2-5g-lk7k,pc-fw
Tecno_Pova_Curve_2_5G_LK7K_MT6858_16.1.0.140SP12_OPPJ001PF001PJ_010126_MXML.zip,Tecno Pova Curve 2 5G LK7K,LK7K,16.1.0.140SP12,OPPJ001PF001PJ,MT6858,TECNO,9.97 GB,010126,https://naijarom.com/tecno-pova-curve-2-5g-lk7k,pc-fw
Tecno_Pova_Curve_2_5G_LK7K_MT6858_16.1.0.140SP12_TR001PF001AZ_010126_MXML.zip,Tecno Pova Curve 2 5G LK7K,LK7K,16.1.0.140SP12,TR001PF001AZ,MT6858,TECNO,9.15 GB,010126,https://naijarom.com/tecno-pova-curve-2-5g-lk7k,pc-fw
Tecno_Pova_Curve_2_5G_LK7K_MT6858_16.2.0.140SP11_TR008PF001AZ_260102_MXML.zip,Tecno Pova Curve 2 5G LK7K,LK7K,16.2.0.140SP11,TR008PF001AZ,MT6858,TECNO,9.26 GB,260102,https://naijarom.com/tecno-pova-curve-2-5g-lk7k,pc-fw
Tecno_Pova_Curve_2_5G_LK7K_MT6858_16.2.0.140SP11_OPPJ008PF001PJ_MXML.zip,Tecno Pova Curve 2 5G LK7K,LK7K,16.2.0.140SP11,SOURCE_UNSPECIFIED,MT6858,TECNO,9.69 GB,,https://naijarom.com/tecno-pova-curve-2-5g-lk7k,pc-fw
Tecno_Pova_Curve_2_5G_LK7K_MT6858_16.2.0.145SP13_OP005PF001AZ_MXML.zip,Tecno Pova Curve 2 5G LK7K,LK7K,16.2.0.145SP13,SOURCE_UNSPECIFIED,MT6858,TECNO,9.81 GB,,https://naijarom.com/tecno-pova-curve-2-5g-lk7k,pc-fw
Tecno_Pova_Curve_2_5G_LK7K_MT6858_16.2.0.145SP13_IN005PF001AZ_010126_MXML.zip,Tecno Pova Curve 2 5G LK7K,LK7K,16.2.0.145SP13,IN005PF001AZ,MT6858,TECNO,9.33 GB,010126,https://naijarom.com/tecno-pova-curve-2-5g-lk7k,pc-fw
Tecno_Pova_Curve_2_5G_LK7K_MT6858_16.1.0.150SP09_IN001PF001AZ_010126_MXML.zip,Tecno Pova Curve 2 5G LK7K,LK7K,16.1.0.150SP09,IN001PF001AZ,MT6858,TECNO,8.99 GB,010126,https://naijarom.com/tecno-pova-curve-2-5g-lk7k,pc-fw
Tecno_Pova_Curve_2_5G_LK7K_MT6858_16.1.0.160SP04_IN004PF001AZ_MXML.zip,Tecno Pova Curve 2 5G LK7K,LK7K,16.1.0.160SP04,SOURCE_UNSPECIFIED,MT6858,TECNO,9 GB,,https://naijarom.com/tecno-pova-curve-2-5g-lk7k,pc-fw
Tecno_Pova_Curve_2_5G_LK7K_MT6858_16.2.0.150SP04_IN004PF001AZ_MXML.zip,Tecno Pova Curve 2 5G LK7K,LK7K,16.2.0.150SP04,SOURCE_UNSPECIFIED,MT6858,TECNO,9.33 GB,,https://naijarom.com/tecno-pova-curve-2-5g-lk7k,pc-fw
Tecno_Pova_Curve_2_5G_LK7K_MT6858_16.2.0.150SP12_TR006PF001AZ_MXML.zip,Tecno Pova Curve 2 5G LK7K,LK7K,16.2.0.150SP12,SOURCE_UNSPECIFIED,MT6858,TECNO,9.39 GB,,https://naijarom.com/tecno-pova-curve-2-5g-lk7k,pc-fw
Tecno_R6_MT6737M_21082017_7.0.zip,Tecno R6,R6,7.0,SOURCE_UNSPECIFIED,MT6737M,TECNO,1 GB,21082017,https://naijarom.com/tecno-r6,pc-fw
Tecno_R7_MT6592_20141013_4.4.zip,Tecno R7,R7,4.4,SOURCE_UNSPECIFIED,MT6592,TECNO,1.47 GB,20141013,https://naijarom.com/tecno-r7,pc-fw
Tecno_R8_MT6737M_V111_180612.zip,Tecno R8,R8,V111,SOURCE_UNSPECIFIED,MT6737M,TECNO,756 MB,180612,https://naijarom.com/tecno-r8,pc-fw
Tecno_R8_MT6737M_V142_180817.zip,Tecno R8,R8,V142,SOURCE_UNSPECIFIED,MT6737M,TECNO,778 MB,180817,https://naijarom.com/tecno-r8,pc-fw
Tecno_R8_MT6735_V150_180612.zip,Tecno R8,R8,V150,SOURCE_UNSPECIFIED,MT6735,TECNO,778 MB,180612,https://naijarom.com/tecno-r8,pc-fw
Tecno_R8_MT6737M_V184_180817.zip,Tecno R8,R8,V184,SOURCE_UNSPECIFIED,MT6737M,TECNO,778 MB,180817,https://naijarom.com/tecno-r8,pc-fw
Tecno_R8_MT6737M_V194_191018.zip,Tecno R8,R8,V194,SOURCE_UNSPECIFIED,MT6737M,TECNO,1.48 GB,191018,https://naijarom.com/tecno-r8,pc-fw
Tecno_R8S_MT6737M_V166_180612.zip,Tecno R8S,R8S,V166,SOURCE_UNSPECIFIED,MT6737M,TECNO,1.57 GB,180612,https://naijarom.com/tecno-r8s,pc-fw
Tecno_RA6_MT6739_V049_180917.zip,Tecno RA6,RA6,V049,SOURCE_UNSPECIFIED,MT6739,TECNO,840.8 MB,180917,https://naijarom.com/tecno-ra6,pc-fw
Tecno_RA6_MT6739_V053_181115.zip,Tecno RA6,RA6,V053,SOURCE_UNSPECIFIED,MT6739,TECNO,842.7 MB,181115,https://naijarom.com/tecno-ra6,pc-fw
Tecno_RA6_MT6739_V139_181115.zip,Tecno RA6,RA6,V139,SOURCE_UNSPECIFIED,MT6739,TECNO,846.3 MB,181115,https://naijarom.com/tecno-ra6,pc-fw
Tecno_S1_MT6580_V109_171218.zip,Tecno S1,S1,V109,SOURCE_UNSPECIFIED,MT6580,TECNO,762 MB,171218,https://naijarom.com/tecno-s1,pc-fw
Tecno_S1M_H8016S_MT6580_20170510_6.0.zip,Tecno S1M,H8016S,6.0,SOURCE_UNSPECIFIED,MT6580,TECNO,700.01 MB,20170510,https://naijarom.com/tecno-s1m,pc-fw
Tecno_SA1_MT6580_V156_200825.zip,Tecno SA1,SA1,V156,SOURCE_UNSPECIFIED,MT6580,TECNO,679 MB,200825,https://naijarom.com/tecno-sa1,pc-fw
Tecno_SA1S_Pro_MT6580_V100_190912.zip,Tecno SA1S Pro,SA1S,V100,SOURCE_UNSPECIFIED,MT6580,TECNO,697 MB,190912,https://naijarom.com/tecno-sa1s-pro,pc-fw
Tecno_SA1S_Pro_MT6580_V119_181127.zip,Tecno SA1S Pro,SA1S,V119,SOURCE_UNSPECIFIED,MT6580,TECNO,690 MB,181127,https://naijarom.com/tecno-sa1s-pro,pc-fw
Tecno_X6512_MT6761_V661_220828.zip,Tecno Smart 6 HD X6512,X6512,V661,SOURCE_UNSPECIFIED,MT6761,TECNO,1.99 GB,220828,https://naijarom.com/tecno-smart-6-hd-x6512,pc-fw
Tecno_Spark_2_KA7_MT6580_V109_180515.zip,Tecno Spark 2 KA7,KA7,V109,SOURCE_UNSPECIFIED,MT6580,TECNO,915 MB,180515,https://naijarom.com/tecno-spark-2-ka7,pc-fw
Tecno_Spark_2_KA7_MT6580_V128_180810.zip,Tecno Spark 2 KA7,KA7,V128,SOURCE_UNSPECIFIED,MT6580,TECNO,1 GB,180810,https://naijarom.com/tecno-spark-2-ka7,pc-fw
Tecno_Spark_2_KA7_MT6580_V169_180906.zip,Tecno Spark 2 KA7,KA7,V169,SOURCE_UNSPECIFIED,MT6580,TECNO,1015 MB,180906,https://naijarom.com/tecno-spark-2-ka7,pc-fw
Tecno_Spark_2_KA7_MT6580_V173_181012.zip,Tecno Spark 2 KA7,KA7,V173,SOURCE_UNSPECIFIED,MT6580,TECNO,1016 MB,181012,https://naijarom.com/tecno-spark-2-ka7,pc-fw
Tecno_Spark_2_KA7O_MT6580_V157_181012.zip,Tecno Spark 2 KA7O,KA7O,V157,SOURCE_UNSPECIFIED,MT6580,TECNO,1 GB,181012,https://naijarom.com/tecno-spark-2-ka7o,pc-fw
Tecno_Spark_3_KB7_MT6580_V137_190403.zip,Tecno Spark 3 KB7,KB7,V137,SOURCE_UNSPECIFIED,MT6580,TECNO,961 MB,190403,https://naijarom.com/tecno-spark-3-kb7,pc-fw
Tecno_Spark_3_KB7J_MT6761_V119_190424.zip,Tecno Spark 3 KB7J,KB7J,V119,SOURCE_UNSPECIFIED,MT6761,TECNO,2 GB,190424,https://naijarom.com/tecno-spark-3-kb7j,pc-fw
Tecno_Spark_3_KB7J_MT6761_V196_201031.zip,Tecno Spark 3 KB7J,KB7J,V196,SOURCE_UNSPECIFIED,MT6761,TECNO,1.75 GB,201031,https://naijarom.com/tecno-spark-3-kb7j,pc-fw
Tecno_Spark_3_KB7J_MT6761_V201_210323.zip,Tecno Spark 3 KB7J,KB7J,V201,SOURCE_UNSPECIFIED,MT6761,TECNO,1.74 GB,210323,https://naijarom.com/tecno-spark-3-kb7j,pc-fw
Tecno_Spark_3_Pro_KB8_MT6761_V179_190424.zip,Tecno Spark 3 Pro KB8,KB8,V179,SOURCE_UNSPECIFIED,MT6761,TECNO,2 GB,190424,https://naijarom.com/tecno-spark-3-pro-kb8,pc-fw
Tecno_Spark_3_Pro_KB8_MT6761_V669_191121.zip,Tecno Spark 3 Pro KB8,KB8,V669,SOURCE_UNSPECIFIED,MT6761,TECNO,2 GB,191121,https://naijarom.com/tecno-spark-3-pro-kb8,pc-fw
Tecno_Spark_4_Air_KC1J_MT6761_V141_190731.zip,Tecno Spark 4 Air KC1J,KC1J,V141,SOURCE_UNSPECIFIED,MT6761,TECNO,2 GB,190731,https://naijarom.com/tecno-spark-4-air-kc1j,pc-fw
Tecno_Spark_4_Air_KC1J_MT6761_V190_190912.zip,Tecno Spark 4 Air KC1J,KC1J,V190,SOURCE_UNSPECIFIED,MT6761,TECNO,2 GB,190912,https://naijarom.com/tecno-spark-4-air-kc1j,pc-fw
Tecno_Spark_4_Air_KC1J_MT6761_V209_191010.zip,Tecno Spark 4 Air KC1J,KC1J,V209,SOURCE_UNSPECIFIED,MT6761,TECNO,2 GB,191010,https://naijarom.com/tecno-spark-4-air-kc1j,pc-fw
Tecno_Spark_4_Air_KC1J_MT6761_V253_200117.zip,Tecno Spark 4 Air KC1J,KC1J,V253,SOURCE_UNSPECIFIED,MT6761,TECNO,2 GB,200117,https://naijarom.com/tecno-spark-4-air-kc1j,pc-fw
Tecno_Spark_4_Air_KC1J_MT6761_V286_200922.zip,Tecno Spark 4 Air KC1J,KC1J,V286,SOURCE_UNSPECIFIED,MT6761,TECNO,2 GB,200922,https://naijarom.com/tecno-spark-4-air-kc1j,pc-fw
Tecno_Spark_4_Air_KC1J_MT6761_V288_201028.zip,Tecno Spark 4 Air KC1J,KC1J,V288,SOURCE_UNSPECIFIED,MT6761,TECNO,2 GB,201028,https://naijarom.com/tecno-spark-4-air-kc1j,pc-fw
Tecno_Spark_4_Air_KC1J_MT6761_V292_210105.zip,Tecno Spark 4 Air KC1J,KC1J,V292,SOURCE_UNSPECIFIED,MT6761,TECNO,1.66 GB,210105,https://naijarom.com/tecno-spark-4-air-kc1j,pc-fw
Tecno_Spark_4_Air_KC1J_MT6761_V300_210513.zip,Tecno Spark 4 Air KC1J,KC1J,V300,SOURCE_UNSPECIFIED,MT6761,TECNO,1.66 GB,210513,https://naijarom.com/tecno-spark-4-air-kc1j,pc-fw
Tecno_Spark_4_Air_KC6_MT6761_V122_200727.zip,Tecno Spark 4 Air KC6,KC6,V122,SOURCE_UNSPECIFIED,MT6761,TECNO,1.73 GB,200727,https://naijarom.com/tecno-spark-4-air-kc6,pc-fw
Tecno_Spark_4_Air_KC6_MT6761_V234_201203.zip,Tecno Spark 4 Air KC6,KC6,V234,SOURCE_UNSPECIFIED,MT6761,TECNO,1.86 GB,201203,https://naijarom.com/tecno-spark-4-air-kc6,pc-fw
Tecno_Spark_4_Air_KC6_MT6761_V239_210127.zip,Tecno Spark 4 Air KC6,KC6,V239,SOURCE_UNSPECIFIED,MT6761,TECNO,1.86 GB,210127,https://naijarom.com/tecno-spark-4-air-kc6,pc-fw
Tecno_Spark_4_Air_KC6_MT6761_V241_210330.zip,Tecno Spark 4 Air KC6,KC6,V241,SOURCE_UNSPECIFIED,MT6761,TECNO,1.86 GB,210330,https://naijarom.com/tecno-spark-4-air-kc6,pc-fw
Tecno_Spark_4_Air_KC6_MT6761_V252_210706.zip,Tecno Spark 4 Air KC6,KC6,V252,SOURCE_UNSPECIFIED,MT6761,TECNO,1.86 GB,210706,https://naijarom.com/tecno-spark-4-air-kc6,pc-fw
Tecno_Spark_4_Air_KC6_MT6761_V253_210722.zip,Tecno Spark 4 Air KC6,KC6,V253,SOURCE_UNSPECIFIED,MT6761,TECNO,1.86 GB,210722,https://naijarom.com/tecno-spark-4-air-kc6,pc-fw
Tecno_Spark_4_KC2_MT6761_V186_190925.zip,Tecno Spark 4 KC2,KC2,V186,SOURCE_UNSPECIFIED,MT6761,TECNO,1.93 GB,190925,https://naijarom.com/tecno-spark-4-kc2,pc-fw
Tecno_Spark_4_KC2_MT6761_V237_191123.zip,Tecno Spark 4 KC2,KC2,V237,SOURCE_UNSPECIFIED,MT6761,TECNO,2 GB,191123,https://naijarom.com/tecno-spark-4-kc2,pc-fw
Tecno_Spark_4_KC2_MT6761_V280_200922.zip,Tecno Spark 4 KC2,KC2,V280,SOURCE_UNSPECIFIED,MT6761,TECNO,2 GB,200922,https://naijarom.com/tecno-spark-4-kc2,pc-fw
Tecno_Spark_4_KC2_MT6761_V286_201028.zip,Tecno Spark 4 KC2,KC2,V286,SOURCE_UNSPECIFIED,MT6761,TECNO,2 GB,201028,https://naijarom.com/tecno-spark-4-kc2,pc-fw
Tecno_Spark_4_KC2_MT6761_V292_210105.zip,Tecno Spark 4 KC2,KC2,V292,SOURCE_UNSPECIFIED,MT6761,TECNO,1.95 GB,210105,https://naijarom.com/tecno-spark-4-kc2,pc-fw
Tecno_Spark_4_KC2_MT6761_V316_210513.zip,Tecno Spark 4 KC2,KC2,V316,SOURCE_UNSPECIFIED,MT6761,TECNO,1.95 GB,210513,https://naijarom.com/tecno-spark-4-kc2,pc-fw
Tecno_Spark_4_KC2_MT6761_V320_210705.zip,Tecno Spark 4 KC2,KC2,V320,SOURCE_UNSPECIFIED,MT6761,TECNO,1.95 GB,210705,https://naijarom.com/tecno-spark-4-kc2,pc-fw
Tecno_Spark_4_KC2J_MT6761_V163_190826.zip,Tecno Spark 4 KC2J,KC2J,V163,SOURCE_UNSPECIFIED,MT6761,TECNO,2 GB,190826,https://naijarom.com/tecno-spark-4-kc2j,pc-fw
Tecno_Spark_4_KC2J_MT6761_V190_190925.zip,Tecno Spark 4 KC2J,KC2J,V190,SOURCE_UNSPECIFIED,MT6761,TECNO,2 GB,190925,https://naijarom.com/tecno-spark-4-kc2j,pc-fw
Tecno_Spark_4_KC2J_MT6761_V265_200922.zip,Tecno Spark 4 KC2J,KC2J,V265,SOURCE_UNSPECIFIED,MT6761,TECNO,2 GB,200922,https://naijarom.com/tecno-spark-4-kc2j,pc-fw
Tecno_Spark_4_KC2J_MT6761_V271_201021.zip,Tecno Spark 4 KC2J,KC2J,V271,SOURCE_UNSPECIFIED,MT6761,TECNO,2 GB,201021,https://naijarom.com/tecno-spark-4-kc2j,pc-fw
Tecno_Spark_4_KC2J_MT6761_V274_210105.zip,Tecno Spark 4 KC2J,KC2J,V274,SOURCE_UNSPECIFIED,MT6761,TECNO,2 GB,210105,https://naijarom.com/tecno-spark-4-kc2j,pc-fw
Tecno_Spark_4_KC2J_MT6761_V286_210513.zip,Tecno Spark 4 KC2J,KC2J,V286,SOURCE_UNSPECIFIED,MT6761,TECNO,2 GB,210513,https://naijarom.com/tecno-spark-4-kc2j,pc-fw
Tecno_Spark_4_KC2J_MT6761_V296_210705.zip,Tecno Spark 4 KC2J,KC2J,V296,SOURCE_UNSPECIFIED,MT6761,TECNO,2 GB,210705,https://naijarom.com/tecno-spark-4-kc2j,pc-fw
Tecno_Spark_4_KC8_MT6761_V111_191006.zip,Tecno Spark 4 KC8,KC8,V111,SOURCE_UNSPECIFIED,MT6761,TECNO,2 GB,191006,https://naijarom.com/tecno-spark-4-kc8,pc-fw
Tecno_Spark_4_KC8_MT6761_V228_210507.zip,Tecno Spark 4 KC8,KC8,V228,SOURCE_UNSPECIFIED,MT6761,TECNO,2 GB,210507,https://naijarom.com/tecno-spark-4-kc8,pc-fw
Tecno_Spark_4_KC8_MT6761_V261_210708.zip,Tecno Spark 4 KC8,KC8,V261,SOURCE_UNSPECIFIED,MT6761,TECNO,1.92 GB,210708,https://naijarom.com/tecno-spark-4-kc8,pc-fw
Tecno_Spark_4_Mini_KC8_MT6761_V261_210708.zip,Tecno Spark 4 Mini KC8,KC8,V261,SOURCE_UNSPECIFIED,MT6761,TECNO,1.92 GB,210708,https://naijarom.com/tecno-spark-4-mini-kc8,pc-fw
Tecno_Spark_5_Air_KD6_MT6761_V252_200528.zip,Tecno Spark 5 Air KD6,KD6,V252,SOURCE_UNSPECIFIED,MT6761,TECNO,1.5 GB,200528,https://naijarom.com/tecno-spark-5-air-kd6,pc-fw
Tecno_Spark_5_Air_KD6_MT6761_V388_210507.zip,Tecno Spark 5 Air KD6,KD6,V388,SOURCE_UNSPECIFIED,MT6761,TECNO,1.58 GB,210507,https://naijarom.com/tecno-spark-5-air-kd6,pc-fw
Tecno_Spark_5_Air_KD6_MT6761_V407_210618.zip,Tecno Spark 5 Air KD6,KD6,V407,SOURCE_UNSPECIFIED,MT6761,TECNO,1.58 GB,210618,https://naijarom.com/tecno-spark-5-air-kd6,pc-fw
Tecno_Spark_5_Air_KD6_MT6761_V433_210728.zip,Tecno Spark 5 Air KD6,KD6,V433,SOURCE_UNSPECIFIED,MT6761,TECNO,1.58 GB,210728,https://naijarom.com/tecno-spark-5-air-kd6,pc-fw
Tecno_Spark_5_Air_KD6_MT6761_V493_211130.zip,Tecno Spark 5 Air KD6,KD6,V493,SOURCE_UNSPECIFIED,MT6761,TECNO,1.58 GB,211130,https://naijarom.com/tecno-spark-5-air-kd6,pc-fw
Tecno_Spark_5_AIR_KD6_MT6761_V535_220215.zip,Tecno Spark 5 Air KD6,KD6,V535,SOURCE_UNSPECIFIED,MT6761,TECNO,1.58 GB,220215,https://naijarom.com/tecno-spark-5-air-kd6,pc-fw
Tecno_Spark_5_AIR_KD6_MT6761_V578_220822.zip,Tecno Spark 5 Air KD6,KD6,V578,SOURCE_UNSPECIFIED,MT6761,TECNO,1.58 GB,220822,https://naijarom.com/tecno-spark-5-air-kd6,pc-fw
Tecno_Spark_5_Air_KD6A_MT6761_V145_200506.zip,Tecno Spark 5 Air KD6A,KD6A,V145,SOURCE_UNSPECIFIED,MT6761,TECNO,1 GB,200506,https://naijarom.com/tecno-spark-5-air-kd6a,pc-fw
Tecno_Spark_5_Air_KD6A_MT6761_V186_210408.zip,Tecno Spark 5 Air KD6A,KD6A,V186,SOURCE_UNSPECIFIED,MT6761,TECNO,1.56 GB,210408,https://naijarom.com/tecno-spark-5-air-kd6a,pc-fw
Tecno_Spark_5_Air_KD6A_MT6761_V197_210602.zip,Tecno Spark 5 Air KD6A,KD6A,V197,SOURCE_UNSPECIFIED,MT6761,TECNO,1.57 GB,210602,https://naijarom.com/tecno-spark-5-air-kd6a,pc-fw
Tecno_Spark_5_Air_KD6A_MT6761_V200_210806.zip,Tecno Spark 5 Air KD6A,KD6A,V200,SOURCE_UNSPECIFIED,MT6761,TECNO,1.57 GB,210806,https://naijarom.com/tecno-spark-5-air-kd6a,pc-fw
Tecno_Spark_5_Air_KD6A_MT6761_V204_211130.zip,Tecno Spark 5 Air KD6A,KD6A,V204,SOURCE_UNSPECIFIED,MT6761,TECNO,1.58 GB,211130,https://naijarom.com/tecno-spark-5-air-kd6a,pc-fw
Tecno_Spark_5_Air_KD6A_MT6761_V210_220215.zip,Tecno Spark 5 Air KD6A,KD6A,V210,SOURCE_UNSPECIFIED,MT6761,TECNO,1.58 GB,220215,https://naijarom.com/tecno-spark-5-air-kd6a,pc-fw
Tecno_Spark_5_Air_KD6A_MT6761_V215_220415.zip,Tecno Spark 5 Air KD6A,KD6A,V215,SOURCE_UNSPECIFIED,MT6761,TECNO,1.58 GB,220415,https://naijarom.com/tecno-spark-5-air-kd6a,pc-fw
Tecno_Spark_5_KD7H_MT6761_V301_200522.zip,Tecno Spark 5 KD7H,KD7H,V301,SOURCE_UNSPECIFIED,MT6761,TECNO,2 GB,200522,https://naijarom.com/tecno-spark-5-kd7h,pc-fw
Tecno_Spark_5_KD7H_MT6761_V328_200918.zip,Tecno Spark 5 KD7H,KD7H,V328,SOURCE_UNSPECIFIED,MT6761,TECNO,2 GB,200918,https://naijarom.com/tecno-spark-5-kd7h,pc-fw
Tecno_Spark_5_KD7H_MT6761_V344_201112.zip,Tecno Spark 5 KD7H,KD7H,V344,SOURCE_UNSPECIFIED,MT6761,TECNO,2 GB,201112,https://naijarom.com/tecno-spark-5-kd7h,pc-fw
Tecno_Spark_5_KD7H_MT6761_V364_201223.zip,Tecno Spark 5 KD7H,KD7H,V364,SOURCE_UNSPECIFIED,MT6761,TECNO,2 GB,201223,https://naijarom.com/tecno-spark-5-kd7h,pc-fw
Tecno_Spark_5_KD7H_MT6761_V372_210107.zip,Tecno Spark 5 KD7H,KD7H,V372,SOURCE_UNSPECIFIED,MT6761,TECNO,2 GB,210107,https://naijarom.com/tecno-spark-5-kd7h,pc-fw
Tecno_Spark_5_KD7H_MT6761_V468_210707.zip,Tecno Spark 5 KD7H,KD7H,V468,SOURCE_UNSPECIFIED,MT6761,TECNO,2.02 GB,210707,https://naijarom.com/tecno-spark-5-kd7h,pc-fw
Tecno_Spark_5_KD7S_MT6761_V073_200421.zip,Tecno Spark 5 KD7S,KD7S,V073,SOURCE_UNSPECIFIED,MT6761,TECNO,2 GB,200421,https://naijarom.com/tecno-spark-5-kd7s,pc-fw
Tecno_Spark_5_KD7S_MT6761_V085_201126.zip,Tecno Spark 5 KD7S,KD7S,V085,SOURCE_UNSPECIFIED,MT6761,TECNO,2 GB,201126,https://naijarom.com/tecno-spark-5-kd7s,pc-fw
Tecno_Spark_5_KG5_MT6761_V209_211015.zip,Tecno Spark 5 KG5,KG5,V209,SOURCE_UNSPECIFIED,MT6761,TECNO,2.03 GB,211015,https://naijarom.com/tecno-spark-5-kg5,pc-fw
Tecno_Spark_5_KG5_MT6761_V486_211202.zip,Tecno Spark 5 KG5,KG5,V486,SOURCE_UNSPECIFIED,MT6761,TECNO,2.08 GB,211202,https://naijarom.com/tecno-spark-5-kg5,pc-fw
Tecno_Spark_5_KG5_MT6761_V594_211230.zip,Tecno Spark 5 KG5,KG5,V594,SOURCE_UNSPECIFIED,MT6761,TECNO,2 GB,211230,https://naijarom.com/tecno-spark-5-kg5,pc-fw
Tecno_Spark_5_KG5_MT6761_V776_220214.zip,Tecno Spark 5 KG5,KG5,V776,SOURCE_UNSPECIFIED,MT6761,TECNO,2.09 GB,220214,https://naijarom.com/tecno-spark-5-kg5,pc-fw
Tecno_Spark_5_KG5_MT6761_V913_220511.zip,Tecno Spark 5 KG5,KG5,V913,SOURCE_UNSPECIFIED,MT6761,TECNO,2.09 GB,220511,https://naijarom.com/tecno-spark-5-kg5,pc-fw
Tecno_Spark_5_KG5_MT6761_V938_220820.zip,Tecno Spark 5 KG5,KG5,V938,SOURCE_UNSPECIFIED,MT6761,TECNO,2.08 GB,220820,https://naijarom.com/tecno-spark-5-kg5,pc-fw
Tecno_Spark_5_KG5_MT6761_V941_220916.zip,Tecno Spark 5 KG5,KG5,V941,SOURCE_UNSPECIFIED,MT6761,TECNO,2 GB,220916,https://naijarom.com/tecno-spark-5-kg5,pc-fw
Tecno_Spark_5_KG5_MT6761_V946_221108.zip,Tecno Spark 5 KG5,KG5,V946,SOURCE_UNSPECIFIED,MT6761,TECNO,2 GB,221108,https://naijarom.com/tecno-spark-5-kg5,pc-fw
Tecno_Spark_5_KG5_MT6761_V961_230323.zip,Tecno Spark 5 KG5,KG5,V961,SOURCE_UNSPECIFIED,MT6761,TECNO,2 GB,230323,https://naijarom.com/tecno-spark-5-kg5,pc-fw
Tecno_Spark_5_KG5_MT6761_V969_230711.zip,Tecno Spark 5 KG5,KG5,V969,SOURCE_UNSPECIFIED,MT6761,TECNO,2.1 GB,230711,https://naijarom.com/tecno-spark-5-kg5,pc-fw
Tecno_Spark_5_Pro_KD7_MT6765_V332_200923.zip,Tecno Spark 5 Pro KD7,KD7,V332,SOURCE_UNSPECIFIED,MT6765,TECNO,2 GB,200923,https://naijarom.com/tecno-spark-5-pro-kd7,pc-fw
Tecno_Spark_5_Pro_KD7_MT6765_V350_201117.zip,Tecno Spark 5 Pro KD7,KD7,V350,SOURCE_UNSPECIFIED,MT6765,TECNO,2 GB,201117,https://naijarom.com/tecno-spark-5-pro-kd7,pc-fw
Tecno_Spark_5_Pro_KD7_MT6765_V364_201221.zip,Tecno Spark 5 Pro KD7,KD7,V364,SOURCE_UNSPECIFIED,MT6765,TECNO,2 GB,201221,https://naijarom.com/tecno-spark-5-pro-kd7,pc-fw
Tecno_Spark_5_Pro_KD7_MT6765_V375_210127.zip,Tecno Spark 5 Pro KD7,KD7,V375,SOURCE_UNSPECIFIED,MT6765,TECNO,2 GB,210127,https://naijarom.com/tecno-spark-5-pro-kd7,pc-fw
Tecno_Spark_5_Pro_KD7_MT6765_V392_210520.zip,Tecno Spark 5 Pro KD7,KD7,V392,SOURCE_UNSPECIFIED,MT6765,TECNO,2.26 GB,210520,https://naijarom.com/tecno-spark-5-pro-kd7,pc-fw
Tecno_Spark_5_Pro_KD7_MT6765_V398_210704.zip,Tecno Spark 5 Pro KD7,KD7,V398,SOURCE_UNSPECIFIED,MT6765,TECNO,2.26 GB,210704,https://naijarom.com/tecno-spark-5-pro-kd7,pc-fw
Tecno_Spark_5_Pro_KD7_MT6765_V401_210901.zip,Tecno Spark 5 Pro KD7,KD7,V401,SOURCE_UNSPECIFIED,MT6765,TECNO,2.26 GB,210901,https://naijarom.com/tecno-spark-5-pro-kd7,pc-fw
Tecno_Spark_5_Pro_KD7_MT6765_V404_211101.zip,Tecno Spark 5 Pro KD7,KD7,V404,SOURCE_UNSPECIFIED,MT6765,TECNO,2.26 GB,211101,https://naijarom.com/tecno-spark-5-pro-kd7,pc-fw
Tecno_Spark_5_Pro_KD7_MT6765_V417_220311.zip,Tecno Spark 5 Pro KD7,KD7,V417,SOURCE_UNSPECIFIED,MT6765,TECNO,2.23 GB,220311,https://naijarom.com/tecno-spark-5-pro-kd7,pc-fw
Tecno_Spark_5_Pro_KD7H_MT6761_V445_210520.zip,Tecno Spark 5 Pro KD7H,KD7H,V445,SOURCE_UNSPECIFIED,MT6761,TECNO,2 GB,210520,https://naijarom.com/tecno-spark-5-pro-kd7h,pc-fw
Tecno_Spark_5_Pro_KD7H_MT6761_V468_210707.zip,Tecno Spark 5 Pro KD7H,KD7H,V468,SOURCE_UNSPECIFIED,MT6761,TECNO,2 GB,210707,https://naijarom.com/tecno-spark-5-pro-kd7h,pc-fw
Tecno_Spark_6_Air_KE6_MT6761_V119_200520.zip,Tecno Spark 6 Air KE6,KE6,V119,SOURCE_UNSPECIFIED,MT6761,TECNO,1.5 GB,200520,https://naijarom.com/tecno-spark-6-air-ke6,pc-fw
Tecno_Spark_6_Air_KE6_MT6761_V290_201210.zip,Tecno Spark 6 Air KE6,KE6,V290,SOURCE_UNSPECIFIED,MT6761,TECNO,1.7 GB,201210,https://naijarom.com/tecno-spark-6-air-ke6,pc-fw
Tecno_Spark_6_Air_KE6_MT6761_V296_201224.zip,Tecno Spark 6 Air KE6,KE6,V296,SOURCE_UNSPECIFIED,MT6761,TECNO,1.7 GB,201224,https://naijarom.com/tecno-spark-6-air-ke6,pc-fw
Tecno_Spark_6_Air_KE6_MT6761_V360_210415.zip,Tecno Spark 6 Air KE6,KE6,V360,SOURCE_UNSPECIFIED,MT6761,TECNO,1.70 GB,210415,https://naijarom.com/tecno-spark-6-air-ke6,pc-fw
Tecno_Spark_6_Air_KE6_MT6761_V388_210602.zip,Tecno Spark 6 Air KE6,KE6,V388,SOURCE_UNSPECIFIED,MT6761,TECNO,1.70 GB,210602,https://naijarom.com/tecno-spark-6-air-ke6,pc-fw
Tecno_Spark_6_Air_KE6J_MT6761_V199_200811.zip,Tecno Spark 6 Air KE6J,KE6J,V199,SOURCE_UNSPECIFIED,MT6761,TECNO,2.38 GB,200811,https://naijarom.com/tecno-spark-6-air-ke6j,pc-fw
Tecno_Spark_6_Air_KE6J_MT6761_V220_200904.zip,Tecno Spark 6 Air KE6J,KE6J,V220,SOURCE_UNSPECIFIED,MT6761,TECNO,2.38 GB,200904,https://naijarom.com/tecno-spark-6-air-ke6j,pc-fw
Tecno_Spark_6_Air_KE6J_MT6761_V230_200922.zip,Tecno Spark 6 Air KE6J,KE6J,V230,SOURCE_UNSPECIFIED,MT6761,TECNO,3 GB,200922,https://naijarom.com/tecno-spark-6-air-ke6j,pc-fw
Tecno_Spark_6_Air_KE6J_MT6761_V246_201124.zip,Tecno Spark 6 Air KE6J,KE6J,V246,SOURCE_UNSPECIFIED,MT6761,TECNO,3 GB,201124,https://naijarom.com/tecno-spark-6-air-ke6j,pc-fw
Tecno_Spark_6_Air_KE6J_MT6765_V255_210107.zip,Tecno Spark 6 Air KE6J,KE6J,V255,SOURCE_UNSPECIFIED,MT6765,TECNO,2.5 GB,210107,https://naijarom.com/tecno-spark-6-air-ke6j,pc-fw
Tecno_Spark_6_Air_KE6J_MT6765_V268_210420.zip,Tecno Spark 6 Air KE6J,KE6J,V268,SOURCE_UNSPECIFIED,MT6765,TECNO,2.42 GB,210420,https://naijarom.com/tecno-spark-6-air-ke6j,pc-fw
Tecno_Spark_6_Air_KE6J_MT6765_V273_210610.zip,Tecno Spark 6 Air KE6J,KE6J,V273,SOURCE_UNSPECIFIED,MT6765,TECNO,2.42 GB,210610,https://naijarom.com/tecno-spark-6-air-ke6j,pc-fw
Tecno_Spark_6_Air_KE6J_MT6765_V275_210728.zip,Tecno Spark 6 Air KE6J,KE6J,V275,SOURCE_UNSPECIFIED,MT6765,TECNO,2.42 GB,210728,https://naijarom.com/tecno-spark-6-air-ke6j,pc-fw
Tecno_Spark_6_Air_KE6J_MT6765_V277_211012.zip,Tecno Spark 6 Air KE6J,KE6J,V277,SOURCE_UNSPECIFIED,MT6765,TECNO,2.42 GB,211012,https://naijarom.com/tecno-spark-6-air-ke6j,pc-fw
Tecno_Spark_6_Air_KE6J_MT6765_V283_211215.zip,Tecno Spark 6 Air KE6J,KE6J,V283,SOURCE_UNSPECIFIED,MT6765,TECNO,2.42 GB,211215,https://naijarom.com/tecno-spark-6-air-ke6j,pc-fw
Tecno_Spark_6_Air_KE6J_MT6765_V289_220215.zip,Tecno Spark 6 Air KE6J,KE6J,V289,SOURCE_UNSPECIFIED,MT6765,TECNO,2.42 GB,220215,https://naijarom.com/tecno-spark-6-air-ke6j,pc-fw
Tecno_Spark_6_Air_KE6J_MT6765_V294_220505.zip,Tecno Spark 6 Air KE6J,KE6J,V294,SOURCE_UNSPECIFIED,MT6765,TECNO,2.42 GB,220505,https://naijarom.com/tecno-spark-6-air-ke6j,pc-fw
Tecno_Spark_6_Air_KE6J_MT6765_V296_220614.zip,Tecno Spark 6 Air KE6J,KE6J,V296,SOURCE_UNSPECIFIED,MT6765,TECNO,2.42 GB,220614,https://naijarom.com/tecno-spark-6-air-ke6j,pc-fw
Tecno_Spark_6_Air_KF6_MT6761_V292_210528.zip,Tecno Spark 6 Air KF6,KF6,V292,SOURCE_UNSPECIFIED,MT6761,TECNO,1.67 GB,210528,https://naijarom.com/tecno-spark-6-air-kf6,pc-fw
Tecno_Spark_6_Air_KF6_MT6761_V430_221109.zip,Tecno Spark 6 Air KF6,KF6,V430,SOURCE_UNSPECIFIED,MT6761,TECNO,2 GB,221109,https://naijarom.com/tecno-spark-6-air-kf6,pc-fw
Tecno_Spark_6_Air_KF6_MT6761_V441_230306.zip,Tecno Spark 6 Air KF6,KF6,V441,SOURCE_UNSPECIFIED,MT6761,TECNO,1.99 GB,230306,https://naijarom.com/tecno-spark-6-air-kf6,pc-fw
Tecno_Spark_6_Air_KF6H_MT6761_V456_210528.zip,Tecno Spark 6 Air KF6H,KF6H,V456,SOURCE_UNSPECIFIED,MT6761,TECNO,1.83 GB,210528,https://naijarom.com/tecno-spark-6-air-kf6h,pc-fw
Tecno_Spark_6_KE6_MT6761_V178_200608.zip,Tecno Spark 6 KE6,KE6,V178,SOURCE_UNSPECIFIED,MT6761,TECNO,1.6 GB,200608,https://naijarom.com/tecno-spark-6-ke6,pc-fw
Tecno_Spark_6_KE6_MT6761_V249_200904.zip,Tecno Spark 6 KE6,KE6,V249,SOURCE_UNSPECIFIED,MT6761,TECNO,1.6 GB,200904,https://naijarom.com/tecno-spark-6-ke6,pc-fw
Tecno_Spark_6_KE6_MT6761_V259_200918.zip,Tecno Spark 6 KE6,KE6,V259,SOURCE_UNSPECIFIED,MT6761,TECNO,1.6 GB,200918,https://naijarom.com/tecno-spark-6-ke6,pc-fw
Tecno_Spark_6_KE6_MT6761_V270_201029.zip,Tecno Spark 6 KE6,KE6,V270,SOURCE_UNSPECIFIED,MT6761,TECNO,1.7 GB,201029,https://naijarom.com/tecno-spark-6-ke6,pc-fw
Tecno_Spark_6_KE6_MT6761_V388_210602.zip,Tecno Spark 6 KE6,KE6,V388,SOURCE_UNSPECIFIED,MT6761,TECNO,2.72 GB,210602,https://naijarom.com/tecno-spark-6-ke6,pc-fw
Tecno_Spark_6_KE7_MT6768_V074_200617.zip,Tecno Spark 6 KE7,KE7,V074,SOURCE_UNSPECIFIED,MT6768,TECNO,2.46 GB,200617,https://naijarom.com/tecno-spark-6-ke7,pc-fw
Tecno_Spark_6_KE7_MT6768_V398_220729.zip,Tecno Spark 6 KE7,KE7,V398,SOURCE_UNSPECIFIED,MT6768,TECNO,1.21 GB,220729,https://naijarom.com/tecno-spark-6-ke7,pc-fw
Tecno_Spark_6_KE7_MT6768_V438_210705.zip,Tecno Spark 6 KE7,KE7,V438,SOURCE_UNSPECIFIED,MT6768,TECNO,2.75 GB,210705,https://naijarom.com/tecno-spark-6-ke7,pc-fw
Tecno_Spark_6_KE7_MT6768_V444_210831.zip,Tecno Spark 6 KE7,KE7,V444,SOURCE_UNSPECIFIED,MT6768,TECNO,2.74 GB,210831,https://naijarom.com/tecno-spark-6-ke7,pc-fw
Tecno_Spark_6_KE7_MT6768_V450_211111.zip,Tecno Spark 6 KE7,KE7,V450,SOURCE_UNSPECIFIED,MT6768,TECNO,2.75 GB,211111,https://naijarom.com/tecno-spark-6-ke7,pc-fw
Tecno_Spark_6_KE7_MT6768_V472_220510.zip,Tecno Spark 6 KE7,KE7,V472,SOURCE_UNSPECIFIED,MT6768,TECNO,2.75 GB,220510,https://naijarom.com/tecno-spark-6-ke7,pc-fw
Tecno_Spark_6_Go_KE5_MT6761_V051_210913.zip,Tecno Spark 6 Go KE5,KE5,V051,SOURCE_UNSPECIFIED,MT6761,TECNO,1.46 GB,210913,https://naijarom.com/tecno-spark-6-go-ke5,pc-fw
Tecno_Spark_6_Go_KE5_MT6761_V347_211110.zip,Tecno Spark 6 Go KE5,KE5,V347,SOURCE_UNSPECIFIED,MT6761,TECNO,1.76 GB,211110,https://naijarom.com/tecno-spark-6-go-ke5,pc-fw
Tecno_Spark_6_Go_KE5_MT6761_V412_220531.zip,Tecno Spark 6 Go KE5,KE5,V412,SOURCE_UNSPECIFIED,MT6761,TECNO,1.78 GB,220531,https://naijarom.com/tecno-spark-6-go-ke5,pc-fw
Tecno_Spark_6_Go_KE5_MT6761_V425_220916.zip,Tecno Spark 6 Go KE5,KE5,V425,SOURCE_UNSPECIFIED,MT6761,TECNO,1.78 GB,220916,https://naijarom.com/tecno-spark-6-go-ke5,pc-fw
Tecno_Spark_6_Go_KE5_MT6761_V426_211014.zip,Tecno Spark 6 Go KE5,KE5,V426,SOURCE_UNSPECIFIED,MT6761,TECNO,1.77 GB,211014,https://naijarom.com/tecno-spark-6-go-ke5,pc-fw
Tecno_Spark_6_Go_KE5_MT6761_V429_221108.zip,Tecno Spark 6 Go KE5,KE5,V429,SOURCE_UNSPECIFIED,MT6761,TECNO,1.78 GB,221108,https://naijarom.com/tecno-spark-6-go-ke5,pc-fw
Tecno_Spark_6_Go_KE5_MT6761_V452_230627.zip,Tecno Spark 6 Go KE5,KE5,V452,SOURCE_UNSPECIFIED,MT6761,TECNO,1.81 GB,230627,https://naijarom.com/tecno-spark-6-go-ke5,pc-fw
Tecno_Spark_6_Go_KE5_MT6761_V453_211130.zip,Tecno Spark 6 Go KE5,KE5,V453,SOURCE_UNSPECIFIED,MT6761,TECNO,1.77 GB,211130,https://naijarom.com/tecno-spark-6-go-ke5,pc-fw
Tecno_Spark_6_Go_KE5_MT6761_V541_220616.zip,Tecno Spark 6 Go KE5,KE5,V541,SOURCE_UNSPECIFIED,MT6761,TECNO,1.71 GB,220616,https://naijarom.com/tecno-spark-6-go-ke5,pc-fw
Tecno_Spark_6_Go_KE5K_MT6765_V149_201216.zip,Tecno Spark 6 Go KE5K,KE5K,V149,SOURCE_UNSPECIFIED,MT6765,TECNO,2.5 GB,201216,https://naijarom.com/tecno-spark-6-go-ke5k,pc-fw
Tecno_Spark_6_Go_KE5K_MT6765_V169_210129.zip,Tecno Spark 6 Go KE5K,KE5K,V169,SOURCE_UNSPECIFIED,MT6765,TECNO,2.5 GB,210129,https://naijarom.com/tecno-spark-6-go-ke5k,pc-fw
Tecno_Spark_6_Go_KE5K_MT6765_V185_210508.zip,Tecno Spark 6 Go KE5K,KE5K,V185,SOURCE_UNSPECIFIED,MT6765,TECNO,2.39 GB,210508,https://naijarom.com/tecno-spark-6-go-ke5k,pc-fw
Tecno_Spark_6_Go_KE5K_MT6765_V195_210623.zip,Tecno Spark 6 Go KE5K,KE5K,V195,SOURCE_UNSPECIFIED,MT6765,TECNO,2.41 GB,210623,https://naijarom.com/tecno-spark-6-go-ke5k,pc-fw
Tecno_Spark_6_Go_KE5K_MT6765_V203_211015.zip,Tecno Spark 6 Go KE5K,KE5K,V203,SOURCE_UNSPECIFIED,MT6765,TECNO,2.42 GB,211015,https://naijarom.com/tecno-spark-6-go-ke5k,pc-fw
Tecno_Spark_6_Go_KE5K_MT6765_V210_211122.zip,Tecno Spark 6 Go KE5K,KE5K,V210,SOURCE_UNSPECIFIED,MT6765,TECNO,2.42 GB,211122,https://naijarom.com/tecno-spark-6-go-ke5k,pc-fw
Tecno_Spark_6_Go_KE5K_MT6765_V214_220216.zip,Tecno Spark 6 Go KE5K,KE5K,V214,SOURCE_UNSPECIFIED,MT6765,TECNO,2.41 GB,220216,https://naijarom.com/tecno-spark-6-go-ke5k,pc-fw
Tecno_Spark_6_Go_KE5K_MT6765_V217_220415.zip,Tecno Spark 6 Go KE5K,KE5K,V217,SOURCE_UNSPECIFIED,MT6765,TECNO,2.41 GB,220415,https://naijarom.com/tecno-spark-6-go-ke5k,pc-fw
Tecno_Spark_6_Go_KE5K_MT6765_V221_220616.zip,Tecno Spark 6 Go KE5K,KE5K,V221,SOURCE_UNSPECIFIED,MT6765,TECNO,2.41 GB,220616,https://naijarom.com/tecno-spark-6-go-ke5k,pc-fw
Tecno_Spark_6_Go_KE5K_MT6765_V236_220822.zip,Tecno Spark 6 Go KE5K,KE5K,V236,SOURCE_UNSPECIFIED,MT6765,TECNO,2.41 GB,220822,https://naijarom.com/tecno-spark-6-go-ke5k,pc-fw
Tecno_Spark_6_Go_KE5K_MT6765_V241_221010.zip,Tecno Spark 6 Go KE5K,KE5K,V241,SOURCE_UNSPECIFIED,MT6765,TECNO,2.38 GB,221010,https://naijarom.com/tecno-spark-6-go-ke5k,pc-fw
Tecno_Spark_6_Go_KE5J_MT6761_V149_201016.zip,Tecno Spark 6 Go KE5J,KE5J,V149,SOURCE_UNSPECIFIED,MT6761,TECNO,2.33 GB,201016,https://naijarom.com/tecno-spark-6-go-ke5j,pc-fw
Tecno_Spark_6_Go_KE5J_MT6761_V193_201216.zip,Tecno Spark 6 Go KE5J,KE5J,V193,SOURCE_UNSPECIFIED,MT6761,TECNO,2.29 GB,201216,https://naijarom.com/tecno-spark-6-go-ke5j,pc-fw
Tecno_Spark_6_Go_KE5J_MT6761_V214_210203.zip,Tecno Spark 6 Go KE5J,KE5J,V214,SOURCE_UNSPECIFIED,MT6761,TECNO,2.36 GB,210203,https://naijarom.com/tecno-spark-6-go-ke5j,pc-fw
Tecno_Spark_6_Go_KE5J_MT6761_V216_210305.zip,Tecno Spark 6 Go KE5J,KE5J,V216,SOURCE_UNSPECIFIED,MT6761,TECNO,2.37 GB,210305,https://naijarom.com/tecno-spark-6-go-ke5j,pc-fw
Tecno_Spark_6_Go_KE5J_MT6761_V224_210623.zip,Tecno Spark 6 Go KE5J,KE5J,V224,SOURCE_UNSPECIFIED,MT6761,TECNO,2.39 GB,210623,https://naijarom.com/tecno-spark-6-go-ke5j,pc-fw
Tecno_Spark_6_Go_KE5J_MT6761_V227_210630.zip,Tecno Spark 6 Go KE5J,KE5J,V227,SOURCE_UNSPECIFIED,MT6761,TECNO,2.38 GB,210630,https://naijarom.com/tecno-spark-6-go-ke5j,pc-fw
Tecno_Spark_6_Go_KE5J_MT6761_V234_210802.zip,Tecno Spark 6 Go KE5J,KE5J,V234,SOURCE_UNSPECIFIED,MT6761,TECNO,2.39 GB,210802,https://naijarom.com/tecno-spark-6-go-ke5j,pc-fw
Tecno_Spark_6_Go_KE5J_MT6761_V243_211130.zip,Tecno Spark 6 Go KE5J,KE5J,V243,SOURCE_UNSPECIFIED,MT6761,TECNO,2.4 GB,211130,https://naijarom.com/tecno-spark-6-go-ke5j,pc-fw
Tecno_Spark_6_Go_KE5J_MT6761_V247_220413.zip,Tecno Spark 6 Go KE5J,KE5J,V247,SOURCE_UNSPECIFIED,MT6761,TECNO,2.39 GB,220413,https://naijarom.com/tecno-spark-6-go-ke5j,pc-fw
Tecno_Spark_6_Go_KE5J_MT6761_V262_220830.zip,Tecno Spark 6 Go KE5J,KE5J,V262,SOURCE_UNSPECIFIED,MT6761,TECNO,2.4 GB,220830,https://naijarom.com/tecno-spark-6-go-ke5j,pc-fw
Tecno_Spark_6_Pro_KF6P_MT6765_V126_210304.zip,Tecno Spark 6 Pro KF6P,KF6P,V126,SOURCE_UNSPECIFIED,MT6765,TECNO,2.78 GB,210304,https://naijarom.com/tecno-spark-6-pro-kf6p,pc-fw
Tecno_Spark_6_Pro_KF6P_MT6765_V220_210422.zip,Tecno Spark 6 Pro KF6P,KF6P,V220,SOURCE_UNSPECIFIED,MT6765,TECNO,2.72 GB,210422,https://naijarom.com/tecno-spark-6-pro-kf6p,pc-fw
Tecno_Spark_6_Pro_KF6P_MT6765_V297_210528.zip,Tecno Spark 6 Pro KF6P,KF6P,V297,SOURCE_UNSPECIFIED,MT6765,TECNO,2.76 GB,210528,https://naijarom.com/tecno-spark-6-pro-kf6p,pc-fw
Tecno_Spark_6_Pro_KF6P_MT6765_V299_210528.zip,Tecno Spark 6 Pro KF6P,KF6P,V299,SOURCE_UNSPECIFIED,MT6765,TECNO,2.51 GB,210528,https://naijarom.com/tecno-spark-6-pro-kf6p,pc-fw
Tecno_Spark_6_Pro_KF6P_MT6765_V287_211012.zip,Tecno Spark 6 Pro KF6P,KF6P,V287,SOURCE_UNSPECIFIED,MT6765,TECNO,3.60 GB,211012,https://naijarom.com/tecno-spark-6-pro-kf6p,pc-fw
Tecno_Spark_6_Pro_KF6P_MT6765_V352_210628.zip,Tecno Spark 6 Pro KF6P,KF6P,V352,SOURCE_UNSPECIFIED,MT6765,TECNO,2.77 GB,210628,https://naijarom.com/tecno-spark-6-pro-kf6p,pc-fw
Tecno_Spark_6_Pro_KF6P_MT6765_V376_210915.zip,Tecno Spark 6 Pro KF6P,KF6P,V376,SOURCE_UNSPECIFIED,MT6765,TECNO,2.51 GB,210915,https://naijarom.com/tecno-spark-6-pro-kf6p,pc-fw
Tecno_Spark_6_Pro_KF6P_MT6765_V436_220222.zip,Tecno Spark 6 Pro KF6P,KF6P,V436,SOURCE_UNSPECIFIED,MT6765,TECNO,3 GB,220222,https://naijarom.com/tecno-spark-6-pro-kf6p,pc-fw
Tecno_Spark_6_Pro_KF6P_MT6765_V447_220419.zip,Tecno Spark 6 Pro KF6P,KF6P,V447,SOURCE_UNSPECIFIED,MT6765,TECNO,3 GB,220419,https://naijarom.com/tecno-spark-6-pro-kf6p,pc-fw
Tecno_Spark_6_Pro_KF6P_MT6765_V455_220627.zip,Tecno Spark 6 Pro KF6P,KF6P,V455,SOURCE_UNSPECIFIED,MT6765,TECNO,3.11 GB,220627,https://naijarom.com/tecno-spark-6-pro-kf6p,pc-fw
Tecno_Spark_6_Pro_KF6P_MT6765_V470_220822.zip,Tecno Spark 6 Pro KF6P,KF6P,V470,SOURCE_UNSPECIFIED,MT6765,TECNO,3.11 GB,220822,https://naijarom.com/tecno-spark-6-pro-kf6p,pc-fw
Tecno_Spark_6_Pro_KF6P_MT6765_V483_221028.zip,Tecno Spark 6 Pro KF6P,KF6P,V483,SOURCE_UNSPECIFIED,MT6765,TECNO,3.14 GB,221028,https://naijarom.com/tecno-spark-6-pro-kf6p,pc-fw
Tecno_Spark_6_Pro_KF6P_MT6765_V501_221219.zip,Tecno Spark 6 Pro KF6P,KF6P,V501,SOURCE_UNSPECIFIED,MT6765,TECNO,3.15 GB,221219,https://naijarom.com/tecno-spark-6-pro-kf6p,pc-fw
Tecno_Spark_6_Pro_KF6P_MT6765_V512_230323.zip,Tecno Spark 6 Pro KF6P,KF6P,V512,SOURCE_UNSPECIFIED,MT6765,TECNO,3.14 GB,230323,https://naijarom.com/tecno-spark-6-pro-kf6p,pc-fw
Tecno_Spark_6_Pro_KF6P_MT6765_V518_230607.zip,Tecno Spark 6 Pro KF6P,KF6P,V518,SOURCE_UNSPECIFIED,MT6765,TECNO,3.20 GB,230607,https://naijarom.com/tecno-spark-6-pro-kf6p,pc-fw
Tecno_Spark_7_CH7_MT6781_V353_211112.zip,Tecno Spark 7 CH7,CH7,V353,SOURCE_UNSPECIFIED,MT6781,TECNO,4.3 GB,211112,https://naijarom.com/tecno-spark-7-ch7,pc-fw
Tecno_Spark_7_KF6_MT6761_V117_210810.zip,Tecno Spark 7 KF6,KF6,V117,SOURCE_UNSPECIFIED,MT6761,TECNO,1.67 GB,210810,https://naijarom.com/tecno-spark-7-kf6,pc-fw
Tecno_Spark_7_KF6_MT6761_V356_210903.zip,Tecno Spark 7 KF6,KF6,V356,SOURCE_UNSPECIFIED,MT6761,TECNO,1.89 GB,210903,https://naijarom.com/tecno-spark-7-kf6,pc-fw
Tecno_Spark_7_KF6_MT6761_V377_211119.zip,Tecno Spark 7 KF6,KF6,V377,SOURCE_UNSPECIFIED,MT6761,TECNO,1.98 GB,211119,https://naijarom.com/tecno-spark-7-kf6,pc-fw
Tecno_Spark_7_KF6_MT6761_V387_220110.zip,Tecno Spark 7 KF6,KF6,V387,SOURCE_UNSPECIFIED,MT6761,TECNO,2 GB,220110,https://naijarom.com/tecno-spark-7-kf6,pc-fw
Tecno_Spark_7_KF6_MT6761_V400_220510.zip,Tecno Spark 7 KF6,KF6,V400,SOURCE_UNSPECIFIED,MT6761,TECNO,2 GB,220510,https://naijarom.com/tecno-spark-7-kf6,pc-fw
Tecno_Spark_7_KF6_MT6761_V410_220721.zip,Tecno Spark 7 KF6,KF6,V410,SOURCE_UNSPECIFIED,MT6761,TECNO,1.99 GB,220721,https://naijarom.com/tecno-spark-7-kf6,pc-fw
Tecno_Spark_7_KF6_MT6761_V419_220915.zip,Tecno Spark 7 KF6,KF6,V419,SOURCE_UNSPECIFIED,MT6761,TECNO,1.99 GB,220915,https://naijarom.com/tecno-spark-7-kf6,pc-fw
Tecno_Spark_7_KF6_MT6761_V430_221109.zip,Tecno Spark 7 KF6,KF6,V430,SOURCE_UNSPECIFIED,MT6761,TECNO,2 GB,221109,https://naijarom.com/tecno-spark-7-kf6,pc-fw
Tecno_Spark_7_KF6_MT6761_V441_230306.zip,Tecno Spark 7 KF6,KF6,V441,SOURCE_UNSPECIFIED,MT6761,TECNO,1.99 GB,230306,https://naijarom.com/tecno-spark-7-kf6,pc-fw
Tecno_Spark_7_KF6h_MT6761_V308_210311.zip,Tecno Spark 7 KF6h,MT6761,V308,SOURCE_UNSPECIFIED,MT6761,TECNO,1.69 GB,210311,https://naijarom.com/tecno-spark-7-kf6h,pc-fw
Tecno_Spark_7_KF6h_MT6761_V411_210428.zip,Tecno Spark 7 KF6h,MT6761,V411,SOURCE_UNSPECIFIED,MT6761,TECNO,1.79 GB,210428,https://naijarom.com/tecno-spark-7-kf6h,pc-fw
Tecno_Spark_7_KF6h_MT6761_V456_210528.zip,Tecno Spark 7 KF6h,MT6761,V456,SOURCE_UNSPECIFIED,MT6761,TECNO,1.83 GB,210528,https://naijarom.com/tecno-spark-7-kf6h,pc-fw
Tecno_Spark_7_KF6H_MT6761_V507_221111.zip,Tecno Spark 7 KF6h,KF6H,V507,SOURCE_UNSPECIFIED,MT6761,TECNO,1.99 GB,221111,https://naijarom.com/tecno-spark-7-kf6h,pc-fw
Tecno_Spark_7_KF6i_MT6765_V118_210410.zip,Tecno Spark 7 KF6i,MT6765,V118,SOURCE_UNSPECIFIED,MT6765,TECNO,2.68 GB,210410,https://naijarom.com/tecno-spark-7-kf6i,pc-fw
Tecno_Spark_7_KF6i_MT6765_V156_210528.zip,Tecno Spark 7 KF6i,MT6765,V156,SOURCE_UNSPECIFIED,MT6765,TECNO,2.68 GB,210528,https://naijarom.com/tecno-spark-7-kf6i,pc-fw
Tecno_Spark_7_KF6i_MT6765_V217_220317.zip,Tecno Spark 7 KF6i,MT6765,V217,SOURCE_UNSPECIFIED,MT6765,TECNO,2.68 GB,220317,https://naijarom.com/tecno-spark-7-kf6i,pc-fw
Tecno_Spark_7_KF6i_MT6765_V220_220512.zip,Tecno Spark 7 KF6i,MT6765,V220,SOURCE_UNSPECIFIED,MT6765,TECNO,3.11 GB,220512,https://naijarom.com/tecno-spark-7-kf6i,pc-fw
Tecno_Spark_7_KF6i_MT6765_V233_220915.zip,Tecno Spark 7 KF6i,MT6765,V233,SOURCE_UNSPECIFIED,MT6765,TECNO,3.12 GB,220915,https://naijarom.com/tecno-spark-7-kf6i,pc-fw
Tecno_Spark_7_KF6i_MT6765_V248_230302.zip,Tecno Spark 7 KF6i,MT6765,V248,SOURCE_UNSPECIFIED,MT6765,TECNO,3.11 GB,230302,https://naijarom.com/tecno-spark-7-kf6i,pc-fw
Tecno_Spark_7_KF6J_MT6765_V284_210301.zip,Tecno Spark 7 KF6J,KF6J,V284,SOURCE_UNSPECIFIED,MT6765,TECNO,2.81 GB,210301,https://naijarom.com/tecno-spark-7-kf6j,pc-fw
Tecno_Spark_7_KF6J_MT6765_V431_210410.zip,Tecno Spark 7 KF6J,KF6J,V431,SOURCE_UNSPECIFIED,MT6765,TECNO,2.68 GB,210410,https://naijarom.com/tecno-spark-7-kf6j,pc-fw
Tecno_Spark_7_KF6J_MT6765_V519_210528.zip,Tecno Spark 7 KF6J,KF6J,V519,SOURCE_UNSPECIFIED,MT6765,TECNO,2.76 GB,210528,https://naijarom.com/tecno-spark-7-kf6j,pc-fw
Tecno_Spark_7_KF6J_MT6765_V553_210903.zip,Tecno Spark 7 KF6J,KF6J,V553,SOURCE_UNSPECIFIED,MT6765,TECNO,2.95 GB,210903,https://naijarom.com/tecno-spark-7-kf6j,pc-fw
Tecno_Spark_7_KF6J_MT6765_V565_211109.zip,Tecno Spark 7 KF6J,KF6J,V565,SOURCE_UNSPECIFIED,MT6765,TECNO,3.06 GB,211109,https://naijarom.com/tecno-spark-7-kf6j,pc-fw
Tecno_Spark_7_KF6J_MT6765_V583_220110.zip,Tecno Spark 7 KF6J,KF6J,V583,SOURCE_UNSPECIFIED,MT6765,TECNO,3.06 GB,220110,https://naijarom.com/tecno-spark-7-kf6j,pc-fw
Tecno_Spark_7_KF6J_MT6765_V587_220311.zip,Tecno Spark 7 KF6J,KF6J,V587,SOURCE_UNSPECIFIED,MT6765,TECNO,3.06 GB,220311,https://naijarom.com/tecno-spark-7-kf6j,pc-fw
Tecno_Spark_7_KF6J_MT6765_V600_220511.zip,Tecno Spark 7 KF6J,KF6J,V600,SOURCE_UNSPECIFIED,MT6765,TECNO,2.69 GB,220511,https://naijarom.com/tecno-spark-7-kf6j,pc-fw
Tecno_Spark_7_KF6J_MT6765_V634_220927.zip,Tecno Spark 7 KF6J,KF6J,V634,SOURCE_UNSPECIFIED,MT6765,TECNO,3.08 GB,220927,https://naijarom.com/tecno-spark-7-kf6j,pc-fw
Tecno_Spark_7_KF6J_MT6765_V636_221109.zip,Tecno Spark 7 KF6J,KF6J,V636,SOURCE_UNSPECIFIED,MT6765,TECNO,3.09 GB,221109,https://naijarom.com/tecno-spark-7-kf6j,pc-fw
Tecno_Spark_7_KF6J_MT6765_V640_230111.zip,Tecno Spark 7 KF6J,KF6J,V640,SOURCE_UNSPECIFIED,MT6765,TECNO,3.09 GB,230111,https://naijarom.com/tecno-spark-7-kf6j,pc-fw
Tecno_Spark_7_KF6K_MT6768_V197_210323.zip,Tecno Spark 7 KF6K,KF6K,V197,SOURCE_UNSPECIFIED,MT6768,TECNO,2.69 GB,210323,https://naijarom.com/tecno-spark-7-kf6k,pc-fw
Tecno_Spark_7_KF6K_MT6768_V213_210323.zip,Tecno Spark 7 KF6K,KF6K,V213,SOURCE_UNSPECIFIED,MT6768,TECNO,2.69 GB,210323,https://naijarom.com/tecno-spark-7-kf6k,pc-fw
Tecno_Spark_7_KF6K_MT6768_V264_210518.zip,Tecno Spark 7 KF6K,KF6K,V264,SOURCE_UNSPECIFIED,MT6768,TECNO,2.77 GB,210518,https://naijarom.com/tecno-spark-7-kf6k,pc-fw
Tecno_Spark_7_KF6K_MT6768_V299_210518.zip,Tecno Spark 7 KF6K,KF6K,V299,SOURCE_UNSPECIFIED,MT6768,TECNO,2.77 GB,210518,https://naijarom.com/tecno-spark-7-kf6k,pc-fw
Tecno_Spark_7_KF6K_MT6768_V317_210715.zip,Tecno Spark 7 KF6K,KF6K,V317,SOURCE_UNSPECIFIED,MT6768,TECNO,2.92 GB,210715,https://naijarom.com/tecno-spark-7-kf6k,pc-fw
Tecno_Spark_7_KF6K_MT6768_V376_220314.zip,Tecno Spark 7 KF6K,KF6K,V376,SOURCE_UNSPECIFIED,MT6768,TECNO,3 GB,220314,https://naijarom.com/tecno-spark-7-kf6k,pc-fw
Tecno_Spark_7_KF6K_MT6768_V395_220717.zip,Tecno Spark 7 KF6K,KF6K,V395,SOURCE_UNSPECIFIED,MT6768,TECNO,3.13 GB,220717,https://naijarom.com/tecno-spark-7-kf6k,pc-fw
Tecno_Spark_7_KF6K_MT6768_V400_220927.zip,Tecno Spark 7 KF6K,KF6K,V400,SOURCE_UNSPECIFIED,MT6768,TECNO,3.14 GB,220927,https://naijarom.com/tecno-spark-7-kf6k,pc-fw
Tecno_Spark_7_KF6K_MT6768_V413_221214.zip,Tecno Spark 7 KF6K,KF6K,V413,SOURCE_UNSPECIFIED,MT6768,TECNO,3.11 GB,221214,https://naijarom.com/tecno-spark-7-kf6k,pc-fw
Tecno_Spark_7_KF6K_MT6768_V419_230130.zip,Tecno Spark 7 KF6K,KF6K,V419,SOURCE_UNSPECIFIED,MT6768,TECNO,3.12 GB,230130,https://naijarom.com/tecno-spark-7-kf6k,pc-fw
Tecno_Spark_7_KF6K_MT6768_V426_230323.zip,Tecno Spark 7 KF6K,KF6K,V426,SOURCE_UNSPECIFIED,MT6768,TECNO,3.1 GB,230323,https://naijarom.com/tecno-spark-7-kf6k,pc-fw
Tecno_Spark_7_KF6M_MT6765_V143_210528.zip,Tecno Spark 7 KF6M,KF6M,V143,SOURCE_UNSPECIFIED,MT6765,TECNO,1.86 GB,210528,https://naijarom.com/tecno-spark-7-kf6m,pc-fw
Tecno_Spark_7_KF6M_MT6765_V168_210329.zip,Tecno Spark 7 KF6M,KF6M,V168,SOURCE_UNSPECIFIED,MT6765,TECNO,1.61 GB,210329,https://naijarom.com/tecno-spark-7-kf6m,pc-fw
Tecno_Spark_7_KF6M_MT6765_V171_210610.zip,Tecno Spark 7 KF6M,KF6M,V171,SOURCE_UNSPECIFIED,MT6765,TECNO,1.86 GB,210610,https://naijarom.com/tecno-spark-7-kf6m,pc-fw
Tecno_Spark_7_KF6M_MT6765_V217_210713.zip,Tecno Spark 7 KF6M,KF6M,V217,SOURCE_UNSPECIFIED,MT6765,TECNO,1.87 GB,210713,https://naijarom.com/tecno-spark-7-kf6m,pc-fw
Tecno_Spark_7_KF6M_MT6765_V237_210528.zip,Tecno Spark 7 KF6M,KF6M,V237,SOURCE_UNSPECIFIED,MT6765,TECNO,1.63 GB,210528,https://naijarom.com/tecno-spark-7-kf6m,pc-fw
Tecno_Spark_7_KF6M_MT6765_V244_210618.zip,Tecno Spark 7 KF6M,KF6M,V244,SOURCE_UNSPECIFIED,MT6765,TECNO,1.63 GB,210618,https://naijarom.com/tecno-spark-7-kf6m,pc-fw
Tecno_Spark_7_KF6M_MT6765_V265_220324.zip,Tecno Spark 7 KF6M,KF6M,V265,SOURCE_UNSPECIFIED,MT6765,TECNO,2 GB,220324,https://naijarom.com/tecno-spark-7-kf6m,pc-fw
Tecno_Spark_7_KF6M_MT6765_V268_220510.zip,Tecno Spark 7 KF6M,KF6M,V268,SOURCE_UNSPECIFIED,MT6765,TECNO,1.72 GB,220510,https://naijarom.com/tecno-spark-7-kf6m,pc-fw
Tecno_Spark_7_KF6M_MT6765_V291_221113.zip,Tecno Spark 7 KF6M,KF6M,V291,SOURCE_UNSPECIFIED,MT6765,TECNO,1.74 GB,221113,https://naijarom.com/tecno-spark-7-kf6m,pc-fw
Tecno_Spark_7_KF6M_MT6765_V299_230111.zip,Tecno Spark 7 KF6M,KF6M,V299,SOURCE_UNSPECIFIED,MT6765,TECNO,1.74 GB,230111,https://naijarom.com/tecno-spark-7-kf6m,pc-fw
Tecno_Spark_7_KF6N_MT6765_V106_210713.zip,Tecno Spark 7 KF6N,KF6N,V106,SOURCE_UNSPECIFIED,MT6765,TECNO,2.87 GB,210713,https://naijarom.com/tecno-spark-7-kf6n,pc-fw
Tecno_Spark_7_KF6N_MT6765_V117_220311.zip,Tecno Spark 7 KF6N,KF6N,V117,SOURCE_UNSPECIFIED,MT6765,TECNO,3 GB,220311,https://naijarom.com/tecno-spark-7-kf6n,pc-fw
Tecno_Spark_7_KF6N_MT6765_V124_210528.zip,Tecno Spark 7 KF6N,KF6N,V124,SOURCE_UNSPECIFIED,MT6765,TECNO,2.5 GB,210528,https://naijarom.com/tecno-spark-7-kf6n,pc-fw
Tecno_Spark_7_KF6N_MT6765_V137_211207.zip,Tecno Spark 7 KF6N,KF6N,V137,SOURCE_UNSPECIFIED,MT6765,TECNO,2.69 GB,211207,https://naijarom.com/tecno-spark-7-kf6n,pc-fw
Tecno_Spark_7_KF6N_MT6765_V154_220525.zip,Tecno Spark 7 KF6N,KF6N,V154,SOURCE_UNSPECIFIED,MT6765,TECNO,2.65 GB,220525,https://naijarom.com/tecno-spark-7-kf6n,pc-fw
Tecno_Spark_7_KF6N_MT6765_V162_220717.zip,Tecno Spark 7 KF6N,KF6N,V162,SOURCE_UNSPECIFIED,MT6765,TECNO,2.58 GB,220717,https://naijarom.com/tecno-spark-7-kf6n,pc-fw
Tecno_Spark_7_KF6N_MT6765_V168_220915.zip,Tecno Spark 7 KF6N,KF6N,V168,SOURCE_UNSPECIFIED,MT6765,TECNO,2.58 GB,220915,https://naijarom.com/tecno-spark-7-kf6n,pc-fw
Tecno_Spark_7_KF6N_MT6765_V172_221113.zip,Tecno Spark 7 KF6N,KF6N,V172,SOURCE_UNSPECIFIED,MT6765,TECNO,2.58 GB,221113,https://naijarom.com/tecno-spark-7-kf6n,pc-fw
Tecno_Spark_7_KF8_MT6768_V888_210303.zip,Tecno Spark 7 KF8,KF8,V888,SOURCE_UNSPECIFIED,MT6768,TECNO,2.78 GB,210303,https://naijarom.com/tecno-spark-7-kf8,pc-fw
Tecno_Spark_7_KF8_MT6768_V985_210329.zip,Tecno Spark 7 KF8,KF8,V985,SOURCE_UNSPECIFIED,MT6768,TECNO,2.73 GB,210329,https://naijarom.com/tecno-spark-7-kf8,pc-fw
Tecno_Spark_7_KF8_MT6768_V1082_210419.zip,Tecno Spark 7 KF8,KF8,V1082,SOURCE_UNSPECIFIED,MT6768,TECNO,2.73 GB,210419,https://naijarom.com/tecno-spark-7-kf8,pc-fw
Tecno_Spark_7_KF8_MT6768_V1440_211014.zip,Tecno Spark 7 KF8,KF8,V1440,SOURCE_UNSPECIFIED,MT6768,TECNO,2.45 GB,211014,https://naijarom.com/tecno-spark-7-kf8,pc-fw
Tecno_Spark_7_KF8_MT6768_V1545_220311.zip,Tecno Spark 7 KF8,KF8,V1545,SOURCE_UNSPECIFIED,MT6768,TECNO,2.95 GB,220311,https://naijarom.com/tecno-spark-7-kf8,pc-fw
Tecno_Spark_7_KF8_MT6768_V1572_220515.zip,Tecno Spark 7 KF8,KF8,V1572,SOURCE_UNSPECIFIED,MT6768,TECNO,2.92 GB,220515,https://naijarom.com/tecno-spark-7-kf8,pc-fw
Tecno_Spark_7_KF8_MT6768_V1614_220823.zip,Tecno Spark 7 KF8,KF8,V1614,SOURCE_UNSPECIFIED,MT6768,TECNO,2.92 GB,220823,https://naijarom.com/tecno-spark-7-kf8,pc-fw
Tecno_Spark_7_KF8_MT6768_V1619_220920.zip,Tecno Spark 7 KF8,KF8,V1619,SOURCE_UNSPECIFIED,MT6768,TECNO,2.94 GB,220920,https://naijarom.com/tecno-spark-7-kf8,pc-fw
Tecno_Spark_7_KF8_MT6768_V1630_221115.zip,Tecno Spark 7 KF8,KF8,V1630,SOURCE_UNSPECIFIED,MT6768,TECNO,2.93 GB,221115,https://naijarom.com/tecno-spark-7-kf8,pc-fw
Tecno_Spark_7_KF8_MT6768_V1653_230223.zip,Tecno Spark 7 KF8,KF8,V1653,SOURCE_UNSPECIFIED,MT6768,TECNO,2.91 GB,230223,https://naijarom.com/tecno-spark-7-kf8,pc-fw
Tecno_Spark_7_Pro_KF8_MT6768_V231_230428.zip,Tecno Spark 7 Pro KF8,KF8,V231,SOURCE_UNSPECIFIED,MT6768,TECNO,2.75 GB,230428,https://naijarom.com/tecno-spark-7-pro-kf8,pc-fw
Tecno_Spark_7_Pro_KF8_MT6768_V352_201207.zip,Tecno Spark 7 Pro KF8,KF8,V352,SOURCE_UNSPECIFIED,MT6768,TECNO,2.74 GB,201207,https://naijarom.com/tecno-spark-7-pro-kf8,pc-fw
Tecno_Spark_7_Pro_KF8_MT6768_V677_210125.zip,Tecno Spark 7 Pro KF8,KF8,V677,SOURCE_UNSPECIFIED,MT6768,TECNO,2.74 GB,210125,https://naijarom.com/tecno-spark-7-pro-kf8,pc-fw
Tecno_Spark_7_Pro_KF8_MT6768_V1082_210419.zip,Tecno Spark 7 Pro KF8,KF8,V1082,SOURCE_UNSPECIFIED,MT6768,TECNO,2.73 GB,210419,https://naijarom.com/tecno-spark-7-pro-kf8,pc-fw
Tecno_Spark_7_Pro_KF8_MT6768_V1249_230324.zip,Tecno Spark 7 Pro KF8,KF8,V1249,SOURCE_UNSPECIFIED,MT6768,TECNO,3.16 GB,230324,https://naijarom.com/tecno-spark-7-pro-kf8,pc-fw
Tecno_Spark_7_Pro_KF8_MT6768_V1273_220311.zip,Tecno Spark 7 Pro KF8,KF8,V1273,SOURCE_UNSPECIFIED,MT6768,TECNO,3.21 GB,220311,https://naijarom.com/tecno-spark-7-pro-kf8,pc-fw
Tecno_Spark_7_Pro_KF8_MT6768_V1471_211119.zip,Tecno Spark 7 Pro KF8,KF8,V1471,SOURCE_UNSPECIFIED,MT6768,TECNO,2.96 GB,211119,https://naijarom.com/tecno-spark-7-pro-kf8,pc-fw
Tecno_Spark_7_Pro_KF8_MT6768_V1614_220823.zip,Tecno Spark 7 Pro KF8,KF8,V1614,SOURCE_UNSPECIFIED,MT6768,TECNO,2.92 GB,220823,https://naijarom.com/tecno-spark-7-pro-kf8,pc-fw
Tecno_Spark_7_Pro_KF8_MT6768_V1619_220920.zip,Tecno Spark 7 Pro KF8,KF8,V1619,SOURCE_UNSPECIFIED,MT6768,TECNO,2.92 GB,220920,https://naijarom.com/tecno-spark-7-pro-kf8,pc-fw
Tecno_Spark_7_Pro_KF8_MT6768_V1630_221115.zip,Tecno Spark 7 Pro KF8,KF8,V1630,SOURCE_UNSPECIFIED,MT6768,TECNO,2.93 GB,221115,https://naijarom.com/tecno-spark-7-pro-kf8,pc-fw
Tecno_Spark_7_Pro_KF8_MT6768_V1653_230223.zip,Tecno Spark 7 Pro KF8,KF8,V1653,SOURCE_UNSPECIFIED,MT6768,TECNO,2.91 GB,230223,https://naijarom.com/tecno-spark-7-pro-kf8,pc-fw
Tecno_Spark_7_Pro_KF8_MT6768_V1663_230324.zip,Tecno Spark 7 Pro KF8,KF8,V1663,SOURCE_UNSPECIFIED,MT6768,TECNO,2.93 GB,230324,https://naijarom.com/tecno-spark-7-pro-kf8,pc-fw
Tecno_Spark_7P_KF7J_MT6768_V339_210423.zip,Tecno Spark 7P KF7J,KF7J,V339,SOURCE_UNSPECIFIED,MT6768,TECNO,2.91 GB,210423,https://naijarom.com/tecno-spark-7p-kf7j,pc-fw
Tecno_Spark_7P_KF7J_MT6768_V373_210507.zip,Tecno Spark 7P KF7J,KF7J,V373,SOURCE_UNSPECIFIED,MT6768,TECNO,2.94 GB,210507,https://naijarom.com/tecno-spark-7p-kf7j,pc-fw
Tecno_Spark_7P_KF7J_MT6768_V409_210611.zip,Tecno Spark 7P KF7J,KF7J,V409,SOURCE_UNSPECIFIED,MT6768,TECNO,2.92 GB,210611,https://naijarom.com/tecno-spark-7p-kf7j,pc-fw
Tecno_Spark_7P_KF7J_MT6768_V428_210630.zip,Tecno Spark 7P KF7J,KF7J,V428,SOURCE_UNSPECIFIED,MT6768,TECNO,2.93 GB,210630,https://naijarom.com/tecno-spark-7p-kf7j,pc-fw
Tecno_Spark_7P_KF7J_MT6768_V452_210820.zip,Tecno Spark 7P KF7J,KF7J,V452,SOURCE_UNSPECIFIED,MT6768,TECNO,3.13 GB,210820,https://naijarom.com/tecno-spark-7p-kf7j,pc-fw
Tecno_Spark_7P_KF7J_MT6768_V477_220321.zip,Tecno Spark 7P KF7J,KF7J,V477,SOURCE_UNSPECIFIED,MT6768,TECNO,3.3 GB,220321,https://naijarom.com/tecno-spark-7p-kf7j,pc-fw
Tecno_Spark_7P_KF7J_MT6768_V493_220623.zip,Tecno Spark 7P KF7J,KF7J,V493,SOURCE_UNSPECIFIED,MT6768,TECNO,3.3 GB,220623,https://naijarom.com/tecno-spark-7p-kf7j,pc-fw
Tecno_Spark_7P_KF7J_MT6768_V501_220822.zip,Tecno Spark 7P KF7J,KF7J,V501,SOURCE_UNSPECIFIED,MT6768,TECNO,3.31 GB,220822,https://naijarom.com/tecno-spark-7p-kf7j,pc-fw
Tecno_Spark_7P_KF7J_MT6768_V503_221024.zip,Tecno Spark 7P KF7J,KF7J,V503,SOURCE_UNSPECIFIED,MT6768,TECNO,3.34 GB,221024,https://naijarom.com/tecno-spark-7p-kf7j,pc-fw
Tecno_Spark_7P_KF7J_MT6768_V510_221217.zip,Tecno Spark 7P KF7J,KF7J,V510,SOURCE_UNSPECIFIED,MT6768,TECNO,3.34 GB,221217,https://naijarom.com/tecno-spark-7p-kf7j,pc-fw
Tecno_Spark_7T_KF6P_MT6765_V220_210422.zip,Tecno Spark 7T KF6P,KF6P,V220,SOURCE_UNSPECIFIED,MT6765,TECNO,2.72 GB,210422,https://naijarom.com/tecno-spark-7t-kf6p,pc-fw
Tecno_Spark_7T_KF6P_MT6765_V297_210528.zip,Tecno Spark 7T KF6P,KF6P,V297,SOURCE_UNSPECIFIED,MT6765,TECNO,2.76 GB,210528,https://naijarom.com/tecno-spark-7t-kf6p,pc-fw
Tecno_Spark_7T_KF6P_MT6765_V376_210915.zip,Tecno Spark 7T KF6P,KF6P,V376,SOURCE_UNSPECIFIED,MT6765,TECNO,2.51 GB,210915,https://naijarom.com/tecno-spark-7t-kf6p,pc-fw
Tecno_Spark_7T_KF6P_MT6765_V436_220222.zip,Tecno Spark 7T KF6P,KF6P,V436,SOURCE_UNSPECIFIED,MT6765,TECNO,2.76 GB,220222,https://naijarom.com/tecno-spark-7t-kf6p,pc-fw
Tecno_Spark_7T_KF6P_MT6765_V447_220419.zip,Tecno Spark 7T KF6P,KF6P,V447,SOURCE_UNSPECIFIED,MT6765,TECNO,3 GB,220419,https://naijarom.com/tecno-spark-7t-kf6p,pc-fw
Tecno_Spark_7T_KF6P_MT6765_V455_220627.zip,Tecno Spark 7T KF6P,KF6P,V455,SOURCE_UNSPECIFIED,MT6765,TECNO,3.11 GB,220627,https://naijarom.com/tecno-spark-7t-kf6p,pc-fw
Tecno_Spark_7T_KF6P_MT6765_V470_220822.zip,Tecno Spark 7T KF6P,KF6P,V470,SOURCE_UNSPECIFIED,MT6765,TECNO,3.11 GB,220822,https://naijarom.com/tecno-spark-7t-kf6p,pc-fw
Tecno_Spark_7T_KF6P_MT6765_V483_221028.zip,Tecno Spark 7T KF6P,KF6P,V483,SOURCE_UNSPECIFIED,MT6765,TECNO,3.14 GB,221028,https://naijarom.com/tecno-spark-7t-kf6p,pc-fw
Tecno_Spark_7T_KF6P_MT6765_V501_221219.zip,Tecno Spark 7T KF6P,KF6P,V501,SOURCE_UNSPECIFIED,MT6765,TECNO,3.15 GB,221219,https://naijarom.com/tecno-spark-7t-kf6p,pc-fw
Tecno_Spark_7T_KF6P_MT6765_V512_230323.zip,Tecno Spark 7T KF6P,KF6P,V512,SOURCE_UNSPECIFIED,MT6765,TECNO,3.14 GB,230323,https://naijarom.com/tecno-spark-7t-kf6p,pc-fw
Tecno_Spark_8_KG6_MT6765_V333_210804.zip,Tecno Spark 8 KG6,KG6,V333,SOURCE_UNSPECIFIED,MT6765,TECNO,2 GB,210804,https://naijarom.com/tecno-spark-8-kg6,pc-fw
Tecno_Spark_8_KG6_MT6765_V455_211013.zip,Tecno Spark 8 KG6,KG6,V455,SOURCE_UNSPECIFIED,MT6765,TECNO,2.10 GB,211013,https://naijarom.com/tecno-spark-8-kg6,pc-fw
Tecno_Spark_8_KG6_MT6765_V573_211220.zip,Tecno Spark 8 KG6,KG6,V573,SOURCE_UNSPECIFIED,MT6765,TECNO,2.13 GB,211220,https://naijarom.com/tecno-spark-8-kg6,pc-fw
Tecno_Spark_8_KG6_MT6765_V595_220215.zip,Tecno Spark 8 KG6,KG6,V595,SOURCE_UNSPECIFIED,MT6765,TECNO,2.14 GB,220215,https://naijarom.com/tecno-spark-8-kg6,pc-fw
Tecno_Spark_8_KG6_MT6765_V625_220422.zip,Tecno Spark 8 KG6,KG6,V625,SOURCE_UNSPECIFIED,MT6765,TECNO,2.10 GB,220422,https://naijarom.com/tecno-spark-8-kg6,pc-fw
Tecno_Spark_8_KG6_MT6765_V633_220515.zip,Tecno Spark 8 KG6,KG6,V633,SOURCE_UNSPECIFIED,MT6765,TECNO,2.12 GB,220515,https://naijarom.com/tecno-spark-8-kg6,pc-fw
Tecno_Spark_8_KG6_MT6765_V655_220820.zip,Tecno Spark 8 KG6,KG6,V655,SOURCE_UNSPECIFIED,MT6765,TECNO,2.13 GB,220820,https://naijarom.com/tecno-spark-8-kg6,pc-fw
Tecno_Spark_8_KG6_MT6765_V705_230712.zip,Tecno Spark 8 KG6,KG6,V705,SOURCE_UNSPECIFIED,MT6765,TECNO,2.15 GB,230712,https://naijarom.com/tecno-spark-8-kg6,pc-fw
Tecno_Spark_8_KG6K_MT6765_V340_210911.zip,Tecno Spark 8 KG6K,KG6K,V340,SOURCE_UNSPECIFIED,MT6765,TECNO,2.8 GB,210911,https://naijarom.com/tecno-spark-8-kg6k,pc-fw
Tecno_Spark_8_KG6K_MT6765_V355_220112.zip,Tecno Spark 8 KG6K,KG6K,V355,SOURCE_UNSPECIFIED,MT6765,TECNO,3 GB,220112,https://naijarom.com/tecno-spark-8-kg6k,pc-fw
Tecno_Spark_8_KG6K_MT6765_V543_220316.zip,Tecno Spark 8 KG6K,KG6K,V543,SOURCE_UNSPECIFIED,MT6765,TECNO,2.9 GB,220316,https://naijarom.com/tecno-spark-8-kg6k,pc-fw
Tecno_Spark_8_KG6K_MT6765_V548_220515.zip,Tecno Spark 8 KG6K,KG6K,V548,SOURCE_UNSPECIFIED,MT6765,TECNO,2.91 GB,220515,https://naijarom.com/tecno-spark-8-kg6k,pc-fw
Tecno_Spark_8_KG6K_MT6765_V562_220715.zip,Tecno Spark 8 KG6K,KG6K,V562,SOURCE_UNSPECIFIED,MT6765,TECNO,2.93 GB,220715,https://naijarom.com/tecno-spark-8-kg6k,pc-fw
Tecno_Spark_8_KG6K_MT6765_V567_220920.zip,Tecno Spark 8 KG6K,KG6K,V567,SOURCE_UNSPECIFIED,MT6765,TECNO,2.89 GB,220920,https://naijarom.com/tecno-spark-8-kg6k,pc-fw
Tecno_Spark_8_KG6K_MT6765_V600_230504.zip,Tecno Spark 8 KG6K,KG6K,V600,SOURCE_UNSPECIFIED,MT6765,TECNO,2.90 GB,230504,https://naijarom.com/tecno-spark-8-kg6k,pc-fw
Tecno_Spark_8_KG6K_MT6765_V603_230711.zip,Tecno Spark 8 KG6K,KG6K,V603,SOURCE_UNSPECIFIED,MT6765,TECNO,2.91 GB,230711,https://naijarom.com/tecno-spark-8-kg6k,pc-fw
Tecno_Spark_8_KG8_MT6768_V145_220524.zip,Tecno Spark 8 KG8,KG8,V145,SOURCE_UNSPECIFIED,MT6768,TECNO,2.90 GB,220524,https://naijarom.com/tecno-spark-8-kg8,pc-fw
Tecno_Spark_8_KG8_MT6768_V249_210927.zip,Tecno Spark 8 KG8,KG8,V249,SOURCE_UNSPECIFIED,MT6768,TECNO,3.35 GB,210927,https://naijarom.com/tecno-spark-8-kg8,pc-fw
Tecno_Spark_8_KG8_MT6768_V622_211217.zip,Tecno Spark 8 KG8,KG8,V622,SOURCE_UNSPECIFIED,MT6768,TECNO,2.47 GB,211217,https://naijarom.com/tecno-spark-8-kg8,pc-fw
Tecno_Spark_8_KG8_MT6768_V713_220418.zip,Tecno Spark 8 KG8,KG8,V713,SOURCE_UNSPECIFIED,MT6768,TECNO,3.43 GB,220418,https://naijarom.com/tecno-spark-8-kg8,pc-fw
Tecno_Spark_8_KG8_MT6768_V738_220823.zip,Tecno Spark 8 KG8,KG8,V738,SOURCE_UNSPECIFIED,MT6768,TECNO,3.48 GB,220823,https://naijarom.com/tecno-spark-8-kg8,pc-fw
Tecno_Spark_8_KG8_MT6768_V746_220928.zip,Tecno Spark 8 KG8,KG8,V746,SOURCE_UNSPECIFIED,MT6768,TECNO,3.52 GB,220928,https://naijarom.com/tecno-spark-8-kg8,pc-fw
Tecno_Spark_8_KG8_MT6768_V761_221218.zip,Tecno Spark 8 KG8,KG8,V761,SOURCE_UNSPECIFIED,MT6768,TECNO,3.51 GB,221218,https://naijarom.com/tecno-spark-8-kg8,pc-fw
Tecno_Spark_8_KG8_MT6768_V786_230803.zip,Tecno Spark 8 KG8,KG8,V786,SOURCE_UNSPECIFIED,MT6768,TECNO,3.58 GB,230803,https://naijarom.com/tecno-spark-8-kg8,pc-fw
Tecno_Spark_8_Pro_KG8_MT6768_V249_210927.zip,Tecno Spark 8 Pro KG8,KG8,V249,SOURCE_UNSPECIFIED,MT6768,TECNO,3.35 GB,210927,https://naijarom.com/tecno-spark-8-pro-kg8,pc-fw
Tecno_Spark_8_Pro_KG8_MT6768_V622_211217.zip,Tecno Spark 8 Pro KG8,KG8,V622,SOURCE_UNSPECIFIED,MT6768,TECNO,3.47 GB,211217,https://naijarom.com/tecno-spark-8-pro-kg8,pc-fw
Tecno_Spark_8_Pro_KG8_MT6768_V777_230416.zip,Tecno Spark 8 Pro KG8,KG8,V777,SOURCE_UNSPECIFIED,MT6768,TECNO,3.51 GB,230416,https://naijarom.com/tecno-spark-8-pro-kg8,pc-fw
Tecno_Spark_8_Pro_KG8_MT6768_V782_230607.zip,Tecno Spark 8 Pro KG8,KG8,V782,SOURCE_UNSPECIFIED,MT6768,TECNO,3.57 GB,230607,https://naijarom.com/tecno-spark-8-pro-kg8,pc-fw
Tecno_Spark_8_Pro_KG8_MT6768_V786_230803.zip,Tecno Spark 8 Pro KG8,KG8,V786,SOURCE_UNSPECIFIED,MT6768,TECNO,3.58 GB,230803,https://naijarom.com/tecno-spark-8-pro-kg8,pc-fw
Tecno_Spark_8_Pro_KG8_MT6768_V791_231010.zip,Tecno Spark 8 Pro KG8,KG8,V791,SOURCE_UNSPECIFIED,MT6768,TECNO,3.58 GB,231010,https://naijarom.com/tecno-spark-8-pro-kg8,pc-fw
Tecno_Spark_8C_KG5J_MT6761_V261_211214.zip,Tecno Spark 8C KG5J,KG5J,V261,SOURCE_UNSPECIFIED,MT6761,TECNO,2.1 GB,211214,https://naijarom.com/tecno-spark-8c-kg5j,pc-fw
Tecno_Spark_8C_KG5J_MT6761_V414_220308.zip,Tecno Spark 8C KG5J,KG5J,V414,SOURCE_UNSPECIFIED,MT6761,TECNO,2.11 GB,220308,https://naijarom.com/tecno-spark-8c-kg5j,pc-fw
Tecno_Spark_8C_KG5J_MT6761_V463_220530.zip,Tecno Spark 8C KG5J,KG5J,V463,SOURCE_UNSPECIFIED,MT6761,TECNO,2.02 GB,220530,https://naijarom.com/tecno-spark-8c-kg5j,pc-fw
Tecno_Spark_8C_KG5J_MT6761_V525_220718.zip,Tecno Spark 8C KG5J,KG5J,V525,SOURCE_UNSPECIFIED,MT6761,TECNO,1.99 GB,220718,https://naijarom.com/tecno-spark-8c-kg5j,pc-fw
Tecno_Spark_8C_KG5J_MT6761_V564_220820.zip,Tecno Spark 8C KG5J,KG5J,V564,SOURCE_UNSPECIFIED,MT6761,TECNO,1.99 GB,220820,https://naijarom.com/tecno-spark-8c-kg5j,pc-fw
Tecno_Spark_8C_KG5J_MT6761_V592_220929.zip,Tecno Spark 8C KG5J,KG5J,V592,SOURCE_UNSPECIFIED,MT6761,TECNO,2 GB,220929,https://naijarom.com/tecno-spark-8c-kg5j,pc-fw
Tecno_Spark_8C_KG5J_MT6761_V622_221028.zip,Tecno Spark 8C KG5J,KG5J,V622,SOURCE_UNSPECIFIED,MT6761,TECNO,2 GB,221028,https://naijarom.com/tecno-spark-8c-kg5j,pc-fw
Tecno_Spark_8C_KG5J_MT6761_V637_230105.zip,Tecno Spark 8C KG5J,KG5J,V637,SOURCE_UNSPECIFIED,MT6761,TECNO,2 GB,230105,https://naijarom.com/tecno-spark-8c-kg5j,pc-fw
Tecno_Spark_8C_KG5J_MT6761_V644_230301.zip,Tecno Spark 8C KG5J,KG5J,V644,SOURCE_UNSPECIFIED,MT6761,TECNO,2 GB,230301,https://naijarom.com/tecno-spark-8c-kg5j,pc-fw
Tecno_Spark_8C_KG5J_MT6761_V652_230323.zip,Tecno Spark 8C KG5J,KG5J,V652,SOURCE_UNSPECIFIED,MT6761,TECNO,2 GB,230323,https://naijarom.com/tecno-spark-8c-kg5j,pc-fw
Tecno_Spark_8C_KG5J_MT6761_V665_230710.zip,Tecno Spark 8C KG5J,KG5J,V665,SOURCE_UNSPECIFIED,MT6761,TECNO,2 GB,230710,https://naijarom.com/tecno-spark-8c-kg5j,pc-fw
Tecno_Spark_8C_KG5J_MT6761_V684_231010.zip,Tecno Spark 8C KG5J,KG5J,V684,SOURCE_UNSPECIFIED,MT6761,TECNO,2 GB,231010,https://naijarom.com/tecno-spark-8c-kg5j,pc-fw
Tecno_Spark_8C_KG5Q_MT6765_V236_220717.zip,Tecno Spark 8C KG5Q,KG5Q,V236,SOURCE_UNSPECIFIED,MT6765,TECNO,3.37 GB,220717,https://naijarom.com/tecno-spark-8c-kg5q,pc-fw
Tecno_Spark_8C_KG5Q_MT6765_V459_220905.zip,Tecno Spark 8C KG5Q,KG5Q,V459,SOURCE_UNSPECIFIED,MT6765,TECNO,3.43 GB,220905,https://naijarom.com/tecno-spark-8c-kg5q,pc-fw
Tecno_Spark_8P_KG7_MT6768_V159_210827.zip,Tecno Spark 8P KG7,KG7,V159,SOURCE_UNSPECIFIED,MT6768,TECNO,3.19 GB,210827,https://naijarom.com/tecno-spark-8p-kg7,pc-fw
Tecno_Spark_8P_KG7_MT6768_V462_220303.zip,Tecno Spark 8P KG7,KG7,V462,SOURCE_UNSPECIFIED,MT6768,TECNO,3.19 GB,220303,https://naijarom.com/tecno-spark-8p-kg7,pc-fw
Tecno_Spark_8P_KG7_MT6768_V489_220826.zip,Tecno Spark 8P KG7,KG7,V489,SOURCE_UNSPECIFIED,MT6768,TECNO,3.37 GB,220826,https://naijarom.com/tecno-spark-8p-kg7,pc-fw
Tecno_Spark_8P_KG7_MT6768_V507_221216.zip,Tecno Spark 8P KG7,KG7,V507,SOURCE_UNSPECIFIED,MT6768,TECNO,3.38 GB,221216,https://naijarom.com/tecno-spark-8p-kg7,pc-fw
Tecno_Spark_8P_KG7_MT6768_V530_230803.zip,Tecno Spark 8P KG7,KG7,V530,SOURCE_UNSPECIFIED,MT6768,TECNO,3.37 GB,230803,https://naijarom.com/tecno-spark-8p-kg7,pc-fw
Tecno_Spark_8P_KG7_MT6768_V543_231010.zip,Tecno Spark 8P KG7,KG7,V543,SOURCE_UNSPECIFIED,MT6768,TECNO,3.37 GB,231010,https://naijarom.com/tecno-spark-8p-kg7,pc-fw
Tecno_Spark_8P_KG7H_MT6765_V283_211118.zip,Tecno Spark 8P KG7H,KG7H,V283,SOURCE_UNSPECIFIED,MT6765,TECNO,3.22 GB,211118,https://naijarom.com/tecno-spark-8p-kg7h,pc-fw
Tecno_Spark_8P_KG7H_MT6765_V364_220304.zip,Tecno Spark 8P KG7H,KG7H,V364,SOURCE_UNSPECIFIED,MT6765,TECNO,3.23 GB,220304,https://naijarom.com/tecno-spark-8p-kg7h,pc-fw
Tecno_Spark_8P_KG7H_MT6765_V410_220419.zip,Tecno Spark 8P KG7H,KG7H,V410,SOURCE_UNSPECIFIED,MT6765,TECNO,2.8 GB,220419,https://naijarom.com/tecno-spark-8p-kg7h,pc-fw
Tecno_Spark_8P_KG7H_MT6765_V452_220822.zip,Tecno Spark 8P KG7H,KG7H,V452,SOURCE_UNSPECIFIED,MT6765,TECNO,3.25 GB,220822,https://naijarom.com/tecno-spark-8p-kg7h,pc-fw
Tecno_Spark_8P_KG7H_MT6765_V467_221025.zip,Tecno Spark 8P KG7H,KG7H,V467,SOURCE_UNSPECIFIED,MT6765,TECNO,3.29 GB,221025,https://naijarom.com/tecno-spark-8p-kg7h,pc-fw
Tecno_Spark_8P_KG7H_MT6765_V482_230213.zip,Tecno Spark 8P KG7H,KG7H,V482,SOURCE_UNSPECIFIED,MT6765,TECNO,3.28 GB,230213,https://naijarom.com/tecno-spark-8p-kg7h,pc-fw
Tecno_Spark_8P_KG7H_MT6765_V486_230303.zip,Tecno Spark 8P KG7H,KG7H,V486,SOURCE_UNSPECIFIED,MT6765,TECNO,4.86 GB,230303,https://naijarom.com/tecno-spark-8p-kg7h,pc-fw
Tecno_Spark_8P_KG7H_MT6765_V502_230803.zip,Tecno Spark 8P KG7H,KG7H,V502,SOURCE_UNSPECIFIED,MT6765,TECNO,3.34 GB,230803,https://naijarom.com/tecno-spark-8p-kg7h,pc-fw
Tecno_Spark_8P_KG7H_MT6765_V508_231010.zip,Tecno Spark 8P KG7H,KG7H,V508,SOURCE_UNSPECIFIED,MT6765,TECNO,3.34 GB,231010,https://naijarom.com/tecno-spark-8p-kg7h,pc-fw
Tecno_Spark_8P_KG7N_MT6768_V168_210827.zip,Tecno Spark 8P KG7N,KG7N,V168,SOURCE_UNSPECIFIED,MT6768,TECNO,3.19 GB,210827,https://naijarom.com/tecno-spark-8p-kg7n,pc-fw
Tecno_Spark_8P_KG7N_MT6768_V449_220310.zip,Tecno Spark 8P KG7N,KG7N,V449,SOURCE_UNSPECIFIED,MT6768,TECNO,3.35 GB,220310,https://naijarom.com/tecno-spark-8p-kg7n,pc-fw
Tecno_Spark_8P_KG7N_MT6768_V459_220414.zip,Tecno Spark 8P KG7N,KG7N,V459,SOURCE_UNSPECIFIED,MT6768,TECNO,2.92 GB,220414,https://naijarom.com/tecno-spark-8p-kg7n,pc-fw
Tecno_Spark_8P_KG7N_MT6768_V473_221025.zip,Tecno Spark 8P KG7N,KG7N,V473,SOURCE_UNSPECIFIED,MT6768,TECNO,2.82 GB,221025,https://naijarom.com/tecno-spark-8p-kg7n,pc-fw
Tecno_Spark_8T_KG6P_MT6765_V518_211221.zip,Tecno Spark 8T KG6P,KG6P,V518,SOURCE_UNSPECIFIED,MT6765,TECNO,3.29 GB,211221,https://naijarom.com/tecno-spark-8t-kg6p,pc-fw
Tecno_Spark_8T_KG6P_MT6765_V684_220316.zip,Tecno Spark 8T KG6P,KG6P,V684,SOURCE_UNSPECIFIED,MT6765,TECNO,3.26 GB,220316,https://naijarom.com/tecno-spark-8t-kg6p,pc-fw
Tecno_Spark_8T_KG6P_MT6765_V770_220514.zip,Tecno Spark 8T KG6P,KG6P,V770,SOURCE_UNSPECIFIED,MT6765,TECNO,3.25 GB,220514,https://naijarom.com/tecno-spark-8t-kg6p,pc-fw
Tecno_Spark_8T_KG6P_MT6765_V799_220823.zip,Tecno Spark 8T KG6P,KG6P,V799,SOURCE_UNSPECIFIED,MT6765,TECNO,3.29 GB,220823,https://naijarom.com/tecno-spark-8t-kg6p,pc-fw
Tecno_Spark_8T_KG6P_MT6765_V811_220920.zip,Tecno Spark 8T KG6P,KG6P,V811,SOURCE_UNSPECIFIED,MT6765,TECNO,3.31 GB,220920,https://naijarom.com/tecno-spark-8t-kg6p,pc-fw
Tecno_Spark_8T_KG6P_MT6765_V824_221108.zip,Tecno Spark 8T KG6P,KG6P,V824,SOURCE_UNSPECIFIED,MT6765,TECNO,3.32 GB,221108,https://naijarom.com/tecno-spark-8t-kg6p,pc-fw
Tecno_Spark_8T_KG6P_MT6765_V845_230303.zip,Tecno Spark 8T KG6P,KG6P,V845,SOURCE_UNSPECIFIED,MT6765,TECNO,3.32 GB,230303,https://naijarom.com/tecno-spark-8t-kg6p,pc-fw
Tecno_Spark_8T_KG6P_MT6765_V848_230311.zip,Tecno Spark 8T KG6P,KG6P,V848,SOURCE_UNSPECIFIED,MT6765,TECNO,3.32 GB,230311,https://naijarom.com/tecno-spark-8t-kg6p,pc-fw
Tecno_Spark_8T_KG6P_MT6765_V844_230303.zip,Tecno Spark 8T KG6P,KG6P,V844,SOURCE_UNSPECIFIED,MT6765,TECNO,3.32 GB,230303,https://naijarom.com/tecno-spark-8t-kg6p,pc-fw
Tecno_Spark_8T_KG6P_MT6765_V850_230329.zip,Tecno Spark 8T KG6P,KG6P,V850,SOURCE_UNSPECIFIED,MT6765,TECNO,3.32 GB,230329,https://naijarom.com/tecno-spark-8t-kg6p,pc-fw
Tecno_Spark_8T_KG6P_MT6765_V856_230712.zip,Tecno Spark 8T KG6P,KG6P,V856,SOURCE_UNSPECIFIED,MT6765,TECNO,3.39 GB,230712,https://naijarom.com/tecno-spark-8t-kg6p,pc-fw
Tecno_Spark_8T_KG6P_MT6765_V266_211026.zip,Tecno Spark 8T KG6P,KG6P,V266,SOURCE_UNSPECIFIED,MT6765,TECNO,3.25 GB,211026,https://naijarom.com/tecno-spark-8t-kg6p,pc-fw
Tecno_Spark_8T_KG6P_MT6765_V334_211110.zip,Tecno Spark 8T KG6P,KG6P,V334,SOURCE_UNSPECIFIED,MT6765,TECNO,3.26 GB,211110,https://naijarom.com/tecno-spark-8t-kg6p,pc-fw
Tecno_Spark_9_KG5P_MT6765_V651_220812.zip,Tecno Spark 9 KG5P,KG5P,V651,SOURCE_UNSPECIFIED,MT6765,TECNO,3.38 GB,220812,https://naijarom.com/tecno-spark-9-kg5p,pc-fw
Tecno_Spark_9_KG5P_MT6765_V700_220905.zip,Tecno Spark 9 KG5P,KG5P,V700,SOURCE_UNSPECIFIED,MT6765,TECNO,3.36 GB,220905,https://naijarom.com/tecno-spark-9-kg5p,pc-fw
Tecno_Spark_9_KG5P_MT6765_V728_220923.zip,Tecno Spark 9 KG5P,KG5P,V728,SOURCE_UNSPECIFIED,MT6765,TECNO,3.39 GB,220923,https://naijarom.com/tecno-spark-9-kg5p,pc-fw
Tecno_Spark_9_KG5P_MT6765_V816_221129.zip,Tecno Spark 9 KG5P,KG5P,V816,SOURCE_UNSPECIFIED,MT6765,TECNO,3.39 GB,221129,https://naijarom.com/tecno-spark-9-kg5p,pc-fw
Tecno_Spark_9_KG5P_MT6765_V951_230814.zip,Tecno Spark 9 KG5P,KG5P,V951,SOURCE_UNSPECIFIED,MT6765,TECNO,3.48 GB,230814,https://naijarom.com/tecno-spark-9-kg5p,pc-fw
Tecno_Spark_9_KG5P_MT6765_V1062_240115.zip,Tecno Spark 9 KG5P,KG5P,V1062,SOURCE_UNSPECIFIED,MT6765,TECNO,3.44 GB,240115,https://naijarom.com/tecno-spark-9-kg5p,pc-fw
Tecno_Spark_9_KG5P_MT6765_V1079_240314.zip,Tecno Spark 9 KG5P,KG5P,V1079,SOURCE_UNSPECIFIED,MT6765,TECNO,3.44 GB,240314,https://naijarom.com/tecno-spark-9-kg5p,pc-fw
Tecno_Spark_9_KG5P_MT6765_V1089_240509.zip,Tecno Spark 9 KG5P,KG5P,V1089,SOURCE_UNSPECIFIED,MT6765,TECNO,3.44 GB,240509,https://naijarom.com/tecno-spark-9-kg5p,pc-fw
Tecno_Spark_9_Pro_KH7_MT6768_V670_221205.zip,Tecno Spark 9 Pro KH7,KH7,V670,SOURCE_UNSPECIFIED,MT6768,TECNO,3.86 GB,221205,https://naijarom.com/tecno-spark-9-pro-kh7,pc-fw
Tecno_Spark_9_Pro_KH7_MT6768_V720_230809.zip,Tecno Spark 9 Pro KH7,KH7,V720,SOURCE_UNSPECIFIED,MT6768,TECNO,4 GB,230809,https://naijarom.com/tecno-spark-9-pro-kh7,pc-fw
Tecno_Spark_9_Pro_KH7_MT6768_V741_231009.zip,Tecno Spark 9 Pro KH7,KH7,V741,SOURCE_UNSPECIFIED,MT6768,TECNO,3.93 GB,231009,https://naijarom.com/tecno-spark-9-pro-kh7,pc-fw
Tecno_Spark_9_Pro_KH7N_MT6768_V1110_221205.zip,Tecno Spark 9 Pro KH7N,KH7N,V1110,SOURCE_UNSPECIFIED,MT6768,TECNO,3.63 GB,221205,https://naijarom.com/tecno-spark-9-pro-kh7n,pc-fw
Tecno_Spark_9_Pro_KH7N_MT6768_V1129_221220.zip,Tecno Spark 9 Pro KH7N,KH7N,V1129,SOURCE_UNSPECIFIED,MT6768,TECNO,3.30 GB,221220,https://naijarom.com/tecno-spark-9-pro-kh7n,pc-fw
Tecno_Spark_9_Pro_KH7S_MT6768_V139_221114.zip,Tecno Spark 9 Pro KH7S,KH7S,V139,SOURCE_UNSPECIFIED,MT6768,TECNO,3.26 GB,221114,https://naijarom.com/tecno-spark-9-pro-kh7s,pc-fw
Tecno_Spark_9_Pro_KH7S_MT6768_V393_221012.zip,Tecno Spark 9 Pro KH7S,KH7S,V393,SOURCE_UNSPECIFIED,MT6768,TECNO,2.96 GB,221012,https://naijarom.com/tecno-spark-9-pro-kh7s,pc-fw
Tecno_Spark_9_Pro_KH7S_MT6768_V518_221202.zip,Tecno Spark 9 Pro KH7S,KH7S,V518,SOURCE_UNSPECIFIED,MT6768,TECNO,2.97 GB,221202,https://naijarom.com/tecno-spark-9-pro-kh7s,pc-fw
Tecno_Spark_9_Pro_KH7S_MT6768_V681_230222.zip,Tecno Spark 9 Pro KH7S,KH7S,V681,SOURCE_UNSPECIFIED,MT6768,TECNO,3 GB,230222,https://naijarom.com/tecno-spark-9-pro-kh7s,pc-fw
Tecno_Spark_9_Pro_KH7S_MT6768_V992_230727.zip,Tecno Spark 9 Pro KH7S,KH7S,V992,SOURCE_UNSPECIFIED,MT6768,TECNO,3.20 GB,230727,https://naijarom.com/tecno-spark-9-pro-kh7s,pc-fw
Tecno_Spark_9T_KH6_MT6765_V1574_221228.zip,Tecno Spark 9T KH6,KH6,V1574,SOURCE_UNSPECIFIED,MT6765,TECNO,3.42 GB,221228,https://naijarom.com/tecno-spark-9t-kh6,pc-fw
Tecno_Spark_9T_KH6_MT6765_V2135_230811.zip,Tecno Spark 9T KH6,KH6,V2135,SOURCE_UNSPECIFIED,MT6765,TECNO,3.48 GB,230811,https://naijarom.com/tecno-spark-9t-kh6,pc-fw
Tecno_Spark_9T_KH6_MT6765_V2190_230926.zip,Tecno Spark 9T KH6,KH6,V2190,SOURCE_UNSPECIFIED,MT6765,TECNO,3.41 GB,230926,https://naijarom.com/tecno-spark-9t-kh6,pc-fw
Tecno_Spark_10_KI5N_MT6765_V491_230108.zip,Tecno Spark 10 KI5N,KI5N,V491,SOURCE_UNSPECIFIED,MT6765,TECNO,3.62 GB,230108,https://naijarom.com/tecno-spark-10-ki5n,pc-fw
Tecno_Spark_10_KI5N_MT6765_V661_230417.zip,Tecno Spark 10 KI5N,KI5N,V661,SOURCE_UNSPECIFIED,MT6765,TECNO,3.76 GB,230417,https://naijarom.com/tecno-spark-10-ki5n,pc-fw
Tecno_Spark_10_KI8_MT6833_V2586_231212.zip,Tecno Spark 10 KI8,KI8,V2586,SOURCE_UNSPECIFIED,MT6833,TECNO,4.78 GB,231212,https://naijarom.com/tecno-spark-10-ki8,pc-fw
Tecno_Spark_10_KI8_MT6833_V3132_240414.zip,Tecno Spark 10 KI8,KI8,V3132,SOURCE_UNSPECIFIED,MT6833,TECNO,4.75 GB,240414,https://naijarom.com/tecno-spark-10-ki8,pc-fw
Tecno_Spark_10_KI8_MT6833_V3435_241017.zip,Tecno Spark 10 KI8,KI8,V3435,SOURCE_UNSPECIFIED,MT6833,TECNO,5 GB,241017,https://naijarom.com/tecno-spark-10-ki8,pc-fw
Tecno_Spark_10_KI8_MT6833_V3445_241209.zip,Tecno Spark 10 KI8,KI8,V3445,SOURCE_UNSPECIFIED,MT6833,TECNO,5.04 GB,241209,https://naijarom.com/tecno-spark-10-ki8,pc-fw
Tecno_Spark_10_5G_KI8_MT6833_V724_230109.zip,Tecno Spark 10 5G KI8,KI8,V724,SOURCE_UNSPECIFIED,MT6833,TECNO,4.41 GB,230109,https://naijarom.com/tecno-spark-10-5g-ki8,pc-fw
Tecno_Spark_10_5G_KI8_MT6833_V1242_230323.zip,Tecno Spark 10 5G KI8,KI8,V1242,SOURCE_UNSPECIFIED,MT6833,TECNO,4.55 GB,230323,https://naijarom.com/tecno-spark-10-5g-ki8,pc-fw
Tecno_Spark_10_5G_KI8_MT6833_V1960_230802.zip,Tecno Spark 10 5G KI8,KI8,V1960,SOURCE_UNSPECIFIED,MT6833,TECNO,4.59 GB,230802,https://naijarom.com/tecno-spark-10-5g-ki8,pc-fw
Tecno_Spark_10_5G_KI8_MT6833_V3132_240414.zip,Tecno Spark 10 5G KI8,KI8,V3132,SOURCE_UNSPECIFIED,MT6833,TECNO,4.75 GB,240414,https://naijarom.com/tecno-spark-10-5g-ki8,pc-fw
Tecno_Spark_10_5G_KI8_MT6833_V3395_240614.zip,Tecno Spark 10 5G KI8,KI8,V3395,SOURCE_UNSPECIFIED,MT6833,TECNO,4.84 GB,240614,https://naijarom.com/tecno-spark-10-5g-ki8,pc-fw
Tecno_Spark_10_5G_KI8_MT6833_V3435_241017.zip,Tecno Spark 10 5G KI8,KI8,V3435,SOURCE_UNSPECIFIED,MT6833,TECNO,5 GB,241017,https://naijarom.com/tecno-spark-10-5g-ki8,pc-fw
Tecno_Spark_10_5G_KI8_MT6833_V3445_241209.zip,Tecno Spark 10 5G KI8,KI8,V3445,SOURCE_UNSPECIFIED,MT6833,TECNO,5.04 GB,241209,https://naijarom.com/tecno-spark-10-5g-ki8,pc-fw
Tecno_Spark_10_Pro_KI7_MT6768_V607_221230.zip,Tecno Spark 10 Pro KI7,KI7,V607,SOURCE_UNSPECIFIED,MT6768,TECNO,4.33 GB,221230,https://naijarom.com/tecno-spark-10-pro-ki7,pc-fw
Tecno_Spark_10_Pro_KI7_MT6768_V1631_230318.zip,Tecno Spark 10 Pro KI7,KI7,V1631,SOURCE_UNSPECIFIED,MT6768,TECNO,4.52 GB,230318,https://naijarom.com/tecno-spark-10-pro-ki7,pc-fw
Tecno_Spark_10_Pro_KI7_MT6768_V1713_230323.zip,Tecno Spark 10 Pro KI7,KI7,V1713,SOURCE_UNSPECIFIED,MT6768,TECNO,3.91 GB,230323,https://naijarom.com/tecno-spark-10-pro-ki7,pc-fw
Tecno_Spark_10_Pro_KI7_MT6768_V2942_250218.zip,Tecno Spark 10 Pro KI7,KI7,V2942,SOURCE_UNSPECIFIED,MT6768,TECNO,5.40 GB,250218,https://naijarom.com/tecno-spark-10-pro-ki7,pc-fw
Tecno_Spark_10_Pro_KI7_MT6768_V3571_230825.zip,Tecno Spark 10 Pro KI7,KI7,V3571,SOURCE_UNSPECIFIED,MT6768,TECNO,4.50 GB,230825,https://naijarom.com/tecno-spark-10-pro-ki7,pc-fw
Tecno_Spark_10_Pro_KI7_MT6768_V3977_231020.zip,Tecno Spark 10 Pro KI7,KI7,V3977,SOURCE_UNSPECIFIED,MT6768,TECNO,4.57 GB,231020,https://naijarom.com/tecno-spark-10-pro-ki7,pc-fw
Tecno_Spark_10_Pro_KI7_MT6768_V4314_231220.zip,Tecno Spark 10 Pro KI7,KI7,V4314,SOURCE_UNSPECIFIED,MT6768,TECNO,4.74 GB,231220,https://naijarom.com/tecno-spark-10-pro-ki7,pc-fw
Tecno_Spark_10_Pro_KI7_MT6768_V4558_240205.zip,Tecno Spark 10 Pro KI7,KI7,V4558,SOURCE_UNSPECIFIED,MT6768,TECNO,4.70 GB,240205,https://naijarom.com/tecno-spark-10-pro-ki7,pc-fw
Tecno_Spark_10_Pro_KI7_MT6768_V4815_240403.zip,Tecno Spark 10 Pro KI7,KI7,V4815,SOURCE_UNSPECIFIED,MT6768,TECNO,4.70 GB,240403,https://naijarom.com/tecno-spark-10-pro-ki7,pc-fw
Tecno_Spark_10_Pro_KI7_MT6768_V5084_240606.zip,Tecno Spark 10 Pro KI7,KI7,V5084,SOURCE_UNSPECIFIED,MT6768,TECNO,4.77 GB,240606,https://naijarom.com/tecno-spark-10-pro-ki7,pc-fw
Tecno_Spark_10_Pro_KI7_MT6768_V5213_241031.zip,Tecno Spark 10 Pro KI7,KI7,V5213,SOURCE_UNSPECIFIED,MT6768,TECNO,4.98 GB,241031,https://naijarom.com/tecno-spark-10-pro-ki7,pc-fw
Tecno_Spark_10_Pro_KI7_MT6768_V5223_241111.zip,Tecno Spark 10 Pro KI7,KI7,V5223,SOURCE_UNSPECIFIED,MT6768,TECNO,4.98 GB,241111,https://naijarom.com/tecno-spark-10-pro-ki7,pc-fw
Tecno_Spark_10_Pro_KI7_MT6768_V5259_241217.zip,Tecno Spark 10 Pro KI7,KI7,V5259,SOURCE_UNSPECIFIED,MT6768,TECNO,4.29 GB,241217,https://naijarom.com/tecno-spark-10-pro-ki7,pc-fw
Tecno_Spark_20_KJ5N_MT6768_MT6768_V644_240113.zip,Tecno Spark 20 KJ5N,KJ5N,V644,SOURCE_UNSPECIFIED,MT6768,TECNO,2.45 GB,240113,https://naijarom.com/tecno-spark-20-kj5n,pc-fw
Tecno_Spark_20_KJ5N_MT6768_V785_240313.zip,Tecno Spark 20 KJ5N,KJ5N,V785,SOURCE_UNSPECIFIED,MT6768,TECNO,4.45 GB,240313,https://naijarom.com/tecno-spark-20-kj5n,pc-fw
Tecno_Spark_20_KJ5N_MT6768_V1046_240709.zip,Tecno Spark 20 KJ5N,KJ5N,V1046,SOURCE_UNSPECIFIED,MT6768,TECNO,2.46 GB,240709,https://naijarom.com/tecno-spark-20-kj5n,pc-fw
Tecno_Spark_20_Pro_5G_KJ8_MT6833_V846_240430.zip,Tecno Spark 20 Pro 5G KJ8,KJ8,V846,SOURCE_UNSPECIFIED,MT6833,TECNO,3.21 GB,240430,https://naijarom.com/tecno-spark-20-pro-5g-kj8,pc-fw
Tecno_Spark_30_KL6_MT6768_V1325_240927.zip,Tecno Spark 30 KL6,KL6,V1325,SOURCE_UNSPECIFIED,MT6768,TECNO,3.48 GB,240927,https://naijarom.com/tecno-spark-30-kl6,pc-fw
Tecno_Spark_30C_KL5_MT6768_V1174_240805.zip,Tecno Spark 30C KL5,KL5,V1174,SOURCE_UNSPECIFIED,MT6768,TECNO,3 GB,240805,https://naijarom.com/tecno-spark-30c-kl5,pc-fw
Tecno_Spark_30C_KL5_MT6768_V2013_241106.zip,Tecno Spark 30C KL5,KL5,V2013,SOURCE_UNSPECIFIED,MT6768,TECNO,3.19 GB,241106,https://naijarom.com/tecno-spark-30c-kl5,pc-fw
Tecno_Spark_30C_KL5N_MT6768_V472_240817.zip,Tecno Spark 30C KL5N,KL5N,V472,SOURCE_UNSPECIFIED,MT6768,TECNO,2.99 GB,240817,https://naijarom.com/tecno-spark-30c-kl5n,pc-fw
Tecno_Spark_30C_KL5S_MT6768_V241_240826.zip,Tecno Spark 30C KL5S,KL5S,V241,SOURCE_UNSPECIFIED,MT6768,TECNO,3 GB,240826,https://naijarom.com/tecno-spark-30c-kl5s,pc-fw
Tecno_Spark_40_KM5_MT6768_15.1.1.103SP18_OP001PF001AZ_060625.zip,Tecno Spark 40 KM5,KM5,15.1.1.103SP18,SOURCE_UNSPECIFIED,MT6768,TECNO,4 GB,,https://naijarom.com/tecno-spark-40-km5,pc-fw
Tecno_Spark_40_KM5_MT6768_15.1.1.108SP03_OP001PF001AZ_250701.zip,Tecno Spark 40 KM5,KM5,15.1.1.108SP03,SOURCE_UNSPECIFIED,MT6768,TECNO,5.45 GB,,https://naijarom.com/tecno-spark-40-km5,pc-fw
Tecno_Spark_40_KM5_MT6768_15.1.1.111_OPPJ001PF001PJ_250710.zip,Tecno Spark 40 KM5,KM5,15.1.1.111,SOURCE_UNSPECIFIED,MT6768,TECNO,5.59 GB,,https://naijarom.com/tecno-spark-40-km5,pc-fw
Tecno_Spark_40_KM5_MT6768_15.1.1.121_OP001PF001AZ_130825.zip,Tecno Spark 40 KM5,KM5,15.1.1.121,SOURCE_UNSPECIFIED,MT6768,TECNO,5.59 GB,,https://naijarom.com/tecno-spark-40-km5,pc-fw
Tecno_Spark_40_KM5_MT6768_15.1.1.121SP11_OP001PF001AZ_260925.zip,Tecno Spark 40 KM5,KM5,15.1.1.121SP11,SOURCE_UNSPECIFIED,MT6768,TECNO,5.59 GB,,https://naijarom.com/tecno-spark-40-km5,pc-fw
Tecno_Spark_40_KM5_MT6768_15.1.2.155SP01_OP001PF001AZ_260114_MXML.zip,Tecno Spark 40 KM5,KM5,15.1.2.155SP01,OP001PF001AZ,MT6768,TECNO,5.77 GB,260114,https://naijarom.com/tecno-spark-40-km5,pc-fw
Tecno_Spark_40_KM5N_MT6768_15.1.1.111SP05_RU001PF001AZ_100725.zip,Tecno Spark 40 KM5N,KM5N,15.1.1.111SP05,SOURCE_UNSPECIFIED,MT6768,TECNO,5 GB,,https://naijarom.com/tecno-spark-40-km5n,pc-fw
Tecno_Spark_40_KM5N_MT6768_15.1.1.106SP06_OP001PF001AZ_250613.zip,Tecno Spark 40 KM5N,KM5N,15.1.1.106SP06,SOURCE_UNSPECIFIED,MT6768,TECNO,5.69 GB,,https://naijarom.com/tecno-spark-40-km5n,pc-fw
Tecno_Spark_40_KM5N_MT6768_15.1.2.129SP01_OP001PF001AZ_141025.zip,Tecno Spark 40 KM5N,KM5N,15.1.2.129SP01,SOURCE_UNSPECIFIED,MT6768,TECNO,5.98 GB,,https://naijarom.com/tecno-spark-40-km5n,pc-fw
Tecno_Spark_40_KM5N_MT6768_15.1.2.129_EU001PF001AZ_251015.zip,Tecno Spark 40 KM5N,KM5N,15.1.2.129,SOURCE_UNSPECIFIED,MT6768,TECNO,4.97 GB,,https://naijarom.com/tecno-spark-40-km5n,pc-fw
Tecno_Spark_40_KM5N_MT6768_15.1.2.131SP01_RU001PF001AZ_251019.zip,Tecno Spark 40 KM5N,KM5N,15.1.2.131SP01,SOURCE_UNSPECIFIED,MT6768,TECNO,5.05 GB,,https://naijarom.com/tecno-spark-40-km5n,pc-fw
Tecno_Spark_40_KM5N_MT6768_15.1.2.155SP01_OP001PF001AZ_160126.zip,Tecno Spark 40 KM5N,KM5N,15.1.2.155SP01,SOURCE_UNSPECIFIED,MT6768,TECNO,6 GB,,https://naijarom.com/tecno-spark-40-km5n,pc-fw
Tecno_Spark_40_KM5N_MT6768_15.1.2.165SP01_OP001PF001AZ_260401.zip,Tecno Spark 40 KM5N,KM5N,15.1.2.165SP01,SOURCE_UNSPECIFIED,MT6768,TECNO,5.99 GB,,https://naijarom.com/tecno-spark-40-km5n,pc-fw
Tecno_Spark_40_KM5N_MT6768_15.1.2.180_OP001PF001AZ_150626.zip,Tecno Spark 40 KM5N,KM5N,15.1.2.180,SOURCE_UNSPECIFIED,MT6768,TECNO,6.26 GB,,https://naijarom.com/tecno-spark-40-km5n,pc-fw
Tecno_Spark_40_KM5N_MT6768_15.1.2.170SP05_RU001PF001AZ_260422.zip,Tecno Spark 40 KM5N,KM5N,15.1.2.170SP05,SOURCE_UNSPECIFIED,MT6768,TECNO,5.09 GB,,https://naijarom.com/tecno-spark-40-km5n,pc-fw
Tecno_Spark_40_KM5S_MT6768_15.1.1.109_GTTG001PF001LC_010725.zip,Tecno Spark 40 KM5S,KM5S,15.1.1.109,SOURCE_UNSPECIFIED,MT6768,TECNO,4.69 GB,,https://naijarom.com/tecno-spark-40-km5s,pc-fw
Tecno_Spark_40_5G_KM8N_MT6835_15.1.2.113SP01_OP001PF001AZ_190825_MXML.zip,Tecno Spark 40 5G KM8N,KM8N,15.1.2.113SP01,OP001PF001AZ,MT6835,TECNO,6.83 GB,190825,https://naijarom.com/tecno-spark-40-5g-km8n,pc-fw
Tecno_Spark_40_5G_KM8N_MT6835_15.1.2.113SP25_TR001PF001AZ_120925_MXML.zip,Tecno Spark 40 5G KM8N,KM8N,15.1.2.113SP25,TR001PF001AZ,MT6835,TECNO,6.21 GB,120925,https://naijarom.com/tecno-spark-40-5g-km8n,pc-fw
Tecno_Spark_40_5G_KM8N_MT6835_15.1.2.125SP08_OP001PF001AZ_101025_MXML.zip,Tecno Spark 40 5G KM8N,KM8N,15.1.2.125SP08,OP001PF001AZ,MT6835,TECNO,6.98 GB,101025,https://naijarom.com/tecno-spark-40-5g-km8n,pc-fw
Tecno_Spark_40_5G_KM8N_MT6835_15.1.2.145SP02_OP001PF001AZ_241225_MXML.zip,Tecno Spark 40 5G KM8N,KM8N,15.1.2.145SP02,OP001PF001AZ,MT6835,TECNO,6.92 GB,241225,https://naijarom.com/tecno-spark-40-5g-km8n,pc-fw
Tecno_Spark_40_5G_KM8N_MT6835_15.1.2.145SP02_OPPJ001PF001PJ_251225_MXML.zip,Tecno Spark 40 5G KM8N,KM8N,15.1.2.145SP02,OPPJ001PF001PJ,MT6835,TECNO,6.92 GB,251225,https://naijarom.com/tecno-spark-40-5g-km8n,pc-fw
Tecno_Spark_40_5G_KM8N_MT6835_15.1.2.145SP02_TR001PF001AZ_241225_MXML.zip,Tecno Spark 40 5G KM8N,KM8N,15.1.2.145SP02,TR001PF001AZ,MT6835,TECNO,6.15 GB,241225,https://naijarom.com/tecno-spark-40-5g-km8n,pc-fw
Tecno_Spark_40_5G_KM8N_MT6835_15.1.2.145SP06_COCL001PF001AZ_080126_MXML.zip,Tecno Spark 40 5G KM8N,KM8N,15.1.2.145SP06,COCL001PF001AZ,MT6835,TECNO,6.18 GB,080126,https://naijarom.com/tecno-spark-40-5g-km8n,pc-fw
Tecno_Spark_40_5G_KM8N_MT6835_15.1.2.165SP05_OP001PF001AZ_240326_MXML.zip,Tecno Spark 40 5G KM8N,KM8N,15.1.2.165SP05,OP001PF001AZ,MT6835,TECNO,6.99 GB,240326,https://naijarom.com/tecno-spark-40-5g-km8n,pc-fw
Tecno_Spark_40_5G_KM8N_MT6835_15.1.2.165SP05_COCL001PF001AZ_260324_MXML.zip,Tecno Spark 40 5G KM8N,KM8N,15.1.2.165SP05,COCL001PF001AZ,MT6835,TECNO,6.18 GB,260324,https://naijarom.com/tecno-spark-40-5g-km8n,pc-fw
Tecno_Spark_40_5G_KM8N_MT6835_15.1.2.165SP15_OP001PF001AZ_260515_MXML.zip,Tecno Spark 40 5G KM8N,KM8N,15.1.2.165SP15,OP001PF001AZ,MT6835,TECNO,7 GB,260515,https://naijarom.com/tecno-spark-40-5g-km8n,pc-fw
Tecno_Spark_40_Pro_KM5_MT6768_15.1.1.103SP18_OP001PF001AZ_060625.zip,Tecno Spark 40 Pro KM5,KM5,15.1.1.103SP18,SOURCE_UNSPECIFIED,MT6768,TECNO,5.37 GB,,https://naijarom.com/tecno-spark-40-pro-km5,pc-fw
Tecno_Spark_40_Pro_KM5_MT6768_15.1.1.108SP03_OP001PF001AZ_250701.zip,Tecno Spark 40 Pro KM5,KM5,15.1.1.108SP03,SOURCE_UNSPECIFIED,MT6768,TECNO,5.45 GB,,https://naijarom.com/tecno-spark-40-pro-km5,pc-fw
Tecno_Spark_40_Pro_KM5_MT6768_15.1.1.121_OP001PF001AZ_130825.zip,Tecno Spark 40 Pro KM5,KM5,15.1.1.121,SOURCE_UNSPECIFIED,MT6768,TECNO,5.59 GB,,https://naijarom.com/tecno-spark-40-pro-km5,pc-fw
Tecno_Spark_40_Pro_KM5_MT6768_15.1.2.129SP01_OP001PF001AZ_141024.zip,Tecno Spark 40 Pro KM5,KM5,15.1.2.129SP01,SOURCE_UNSPECIFIED,MT6768,TECNO,5.75 GB,,https://naijarom.com/tecno-spark-40-pro-km5,pc-fw
Tecno_Spark_40_Pro_KM5_MT6768_15.1.2.155SP01_OP001PF001AZ_260114_MXML.zip,Tecno Spark 40 Pro KM5,KM5,15.1.2.155SP01,OP001PF001AZ,MT6768,TECNO,5.77 GB,260114,https://naijarom.com/tecno-spark-40-pro-km5,pc-fw
Tecno_Spark_40_Pro_KM6_MT6789_15.1.1.107SP10_OP001PF001AZ_300625_MXML.zip,Tecno Spark 40 Pro KM6,KM6,15.1.1.107SP10,OP001PF001AZ,MT6789,TECNO,8.14 GB,300625,https://naijarom.com/tecno-spark-40-pro-km6,pc-fw
Tecno_Spark_40_Pro_KM6_MT6789_15.1.1.112SP06_OP001PF001AZ_230725_MXML.zip,Tecno Spark 40 Pro KM6,KM6,15.1.1.112SP06,OP001PF001AZ,MT6789,TECNO,8.25 GB,230725,https://naijarom.com/tecno-spark-40-pro-km6,pc-fw
Tecno_Spark_40_Pro_KM6_MT6789_15.1.1.116SP01_COCL001PF001AZ_250801_MXML.zip,Tecno Spark 40 Pro KM6,KM6,15.1.1.116SP01,COCL001PF001AZ,MT6789,TECNO,7.85 GB,250801,https://naijarom.com/tecno-spark-40-pro-km6,pc-fw
Tecno_Spark_40_Pro_KM6_MT6789_15.1.1.121SP02_RU001PF001AZ_150825_MXML.zip,Tecno Spark 40 Pro KM6,KM6,15.1.1.121SP02,RU001PF001AZ,MT6789,TECNO,7.55 GB,150825,https://naijarom.com/tecno-spark-40-pro-km6,pc-fw
Tecno_Spark_40_Pro_KM6_MT6789_15.1.1.121SP02_OP001PF001AZ_150825_MXML.zip,Tecno Spark 40 Pro KM6,KM6,15.1.1.121SP02,OP001PF001AZ,MT6789,TECNO,8.34 GB,150825,https://naijarom.com/tecno-spark-40-pro-km6,pc-fw
Tecno_Spark_40_Pro_KM6_MT6789_15.1.2.126SP03_EU001PF001AZ_101025_MXML.zip,Tecno Spark 40 Pro KM6,KM6,15.1.2.126SP03,EU001PF001AZ,MT6789,TECNO,7.57 GB,101025,https://naijarom.com/tecno-spark-40-pro-km6,pc-fw
Tecno_Spark_40_Pro_KM6_MT6789_15.1.2.126SP03_RU001PF001AZ_101025_MXML.zip,Tecno Spark 40 Pro KM6,KM6,15.1.2.126SP03,RU001PF001AZ,MT6789,TECNO,7.62 GB,101025,https://naijarom.com/tecno-spark-40-pro-km6,pc-fw
Tecno_Spark_40_Pro_KM6_MT6789_15.1.2.126SP03_TR001PF001AZ_101025_MXML.zip,Tecno Spark 40 Pro KM6,KM6,15.1.2.126SP03,TR001PF001AZ,MT6789,TECNO,7.81 GB,101025,https://naijarom.com/tecno-spark-40-pro-km6,pc-fw
Tecno_Spark_40_Pro_KM6_MT6789_15.1.2.126SP03_OP001PF001AZ_101025_MXML.zip,Tecno Spark 40 Pro KM6,KM6,15.1.2.126SP03,OP001PF001AZ,MT6789,TECNO,8.55 GB,101025,https://naijarom.com/tecno-spark-40-pro-km6,pc-fw
Tecno_Spark_40_Pro_KM6_MT6789_15.1.2.145SP10_OP001PF001AZ_Open_Market_140126_MXML.zip,Tecno Spark 40 Pro KM6,KM6,15.1.2.145SP10,SOURCE_UNSPECIFIED,MT6789,TECNO,8.49 GB,,https://naijarom.com/tecno-spark-40-pro-km6,pc-fw
Tecno_Spark_40_Pro_KM6_15.1.2.165_OP001PF001AZ_120326_MXML.zip,Tecno Spark 40 Pro KM6,KM6,15.1.2.165,OP001PF001AZ,,TECNO,8.55 GB,120326,https://naijarom.com/tecno-spark-40-pro-km6,pc-fw
Tecno_Spark_40_Pro_KM6_MT6789_15.1.2.165SP05_OP001PF001AZ_200326_MXML.zip,Tecno Spark 40 Pro KM6,KM6,15.1.2.165SP05,OP001PF001AZ,MT6789,TECNO,8.55 GB,200326,https://naijarom.com/tecno-spark-40-pro-km6,pc-fw
Tecno_Spark_40_Pro_Plus_KM7_15.1.1.108SP02_OP001PF001AZ_240625_MXML.zip,Tecno Spark 40 Pro Plus KM7,KM7,15.1.1.108SP02,OP001PF001AZ,,TECNO,8 GB,240625,https://naijarom.com/tecno-spark-40-pro-plus-km7,pc-fw
Tecno_Spark_40_Pro_Plus_KM7_MT6789_15.1.1.105SP15_OP001PF001AZ_220625_MXML.zip,Tecno Spark 40 Pro Plus KM7,KM7,15.1.1.105SP15,OP001PF001AZ,MT6789,TECNO,8 GB,220625,https://naijarom.com/tecno-spark-40-pro-plus-km7,pc-fw
Tecno_Spark_40_Pro_Plus_KM7_MT6789_15.1.1.113SP01_OP001PF001AZ_170725_MXML.zip,Tecno Spark 40 Pro Plus KM7,KM7,15.1.1.113SP01,OP001PF001AZ,MT6789,TECNO,8.11 GB,170725,https://naijarom.com/tecno-spark-40-pro-plus-km7,pc-fw
Tecno_Spark_40_Pro_Plus_KM7_MT6789_15.1.1.121SP05_RU001PF001AZ_120925_MXML.zip,Tecno Spark 40 Pro Plus KM7,KM7,15.1.1.121SP05,RU001PF001AZ,MT6789,TECNO,7.49 GB,120925,https://naijarom.com/tecno-spark-40-pro-plus-km7,pc-fw
Tecno_Spark_40_Pro_Plus_KM7_MT6789_15.1.1.121SP05_OP001PF001AZ_120925_MXML.zip,Tecno Spark 40 Pro Plus KM7,KM7,15.1.1.121SP05,OP001PF001AZ,MT6789,TECNO,8.24 GB,120925,https://naijarom.com/tecno-spark-40-pro-plus-km7,pc-fw
Tecno_Spark_40_Pro_Plus_KM7_MT6789_15.1.2.128SP01_OP001PF001AZ_101025_MXML.zip,Tecno Spark 40 Pro Plus KM7,KM7,15.1.2.128SP01,OP001PF001AZ,MT6789,TECNO,8.30 GB,101025,https://naijarom.com/tecno-spark-40-pro-plus-km7,pc-fw
Tecno_Spark_40_Pro_Plus_KM7_MT6789_15.1.2.128SP01_RU001PF001AZ_251010_MXML.zip,Tecno Spark 40 Pro Plus KM7,KM7,15.1.2.128SP01,RU001PF001AZ,MT6789,TECNO,7.55 GB,251010,https://naijarom.com/tecno-spark-40-pro-plus-km7,pc-fw
Tecno_Spark_40_Pro_Plus_KM7_MT6789_15.1.2.145SP01_OPPJ001PF001PJ_111225_MXML.zip,Tecno Spark 40 Pro Plus KM7,KM7,15.1.2.145SP01,OPPJ001PF001PJ,MT6789,TECNO,8.38 GB,111225,https://naijarom.com/tecno-spark-40-pro-plus-km7,pc-fw
Tecno_Spark_40_Pro_Plus_KM7_15.1.2.145SP10_OP001PF001AZ_140126_MXML.zip,Tecno Spark 40 Pro Plus KM7,KM7,15.1.2.145SP10,OP001PF001AZ,,TECNO,8.38 GB,140126,https://naijarom.com/tecno-spark-40-pro-plus-km7,pc-fw
Tecno_Spark_40_Pro_Plus_KM7_MT6789_15.1.2.145SP11_RU001PF001AZ_190126_MXML.zip,Tecno Spark 40 Pro Plus KM7,KM7,15.1.2.145SP11,RU001PF001AZ,MT6789,TECNO,7.56 GB,190126,https://naijarom.com/tecno-spark-40-pro-plus-km7,pc-fw
Tecno_Spark_40_Pro_Plus_KM7_MT6789_15.1.2.165SP05_OP001PF001AZ_250326_MXML.zip,Tecno Spark 40 Pro Plus KM7,KM7,15.1.2.165SP05,OP001PF001AZ,MT6789,TECNO,8.44 GB,250326,https://naijarom.com/tecno-spark-40-pro-plus-km7,pc-fw
Tecno_Spark_40C_KM4K_MT6768_15.1.1.106SP30_OP001PF001AZ_030725.zip,Tecno Spark 40C KM4K,KM4K,15.1.1.106SP30,SOURCE_UNSPECIFIED,MT6768,TECNO,5.39 GB,,https://naijarom.com/tecno-spark-40c-km4k,pc-fw
Tecno_Spark_40C_KM4K_MT6768_15.1.1.111SP01_RU001PF001AZ_110725.zip,Tecno Spark 40C KM4K,KM4K,15.1.1.111SP01,SOURCE_UNSPECIFIED,MT6768,TECNO,4.71 GB,,https://naijarom.com/tecno-spark-40c-km4k,pc-fw
Tecno_Spark_40C_KM4K_MT6768_15.1.2.126SP03_RU001PF001AZ_251010.zip,Tecno Spark 40C KM4K,KM4K,15.1.2.126SP03,SOURCE_UNSPECIFIED,MT6768,TECNO,4.77 GB,,https://naijarom.com/tecno-spark-40c-km4k,pc-fw
Tecno_Spark_40C_KM4k_MT6768_15.1.2.165_OP001PF001AZ_260311.zip,Tecno Spark 40C KM4K,MT6768,15.1.2.165,SOURCE_UNSPECIFIED,MT6768,TECNO,5.7 GB,,https://naijarom.com/tecno-spark-40c-km4k,pc-fw
Tecno_Spark_40C_KM4K_MT6768_15.1.2.185_RU001PF001AZ_260715.zip,Tecno Spark 40C KM4K,KM4K,15.1.2.185,SOURCE_UNSPECIFIED,MT6768,TECNO,4.92 GB,,https://naijarom.com/tecno-spark-40c-km4k,pc-fw
Tecno_Spark_50_KN4n_MT6768_16.2.0.140SP05_OP004PF001AZ_260525.zip,Tecno Spark 50 KN4n,MT6768,16.2.0.140SP05,SOURCE_UNSPECIFIED,MT6768,TECNO,7.41 GB,,https://naijarom.com/tecno-spark-50-kn4n,pc-fw
Tecno_Spark_50_KN4n_MT6768_16.2.0.140SP11_RU005PF001AZ.zip,Tecno Spark 50 KN4n,MT6768,16.2.0.140SP11,SOURCE_UNSPECIFIED,MT6768,TECNO,6.28 GB,,https://naijarom.com/tecno-spark-50-kn4n,pc-fw
Tecno_Spark_50_KN4n_MT6768_16.2.0.145SP06_RU006PF001AZ.zip,Tecno Spark 50 KN4n,MT6768,16.2.0.145SP06,SOURCE_UNSPECIFIED,MT6768,TECNO,6.39 GB,,https://naijarom.com/tecno-spark-50-kn4n,pc-fw
Tecno_Spark_50_KN4n_MT6768_16.2.0.130SP09_OP009PF001AZ.zip,Tecno Spark 50 KN4n,MT6768,16.2.0.130SP09,SOURCE_UNSPECIFIED,MT6768,TECNO,7.41 GB,,https://naijarom.com/tecno-spark-50-kn4n,pc-fw
Tecno_Spark_50_4G_KN4_MT6768_16.2.0.145SP06_OPPJ005PF001PJ.zip,Tecno Spark 50 4G KN4,KN4,16.2.0.145SP06,SOURCE_UNSPECIFIED,MT6768,TECNO,7.58 GB,,https://naijarom.com/tecno-spark-50-4g-kn4,pc-fw
Tecno_Spark_50_4G_KN4_MT6768_16.2.0.130SP09_GTTG008PF001AZ.zip,Tecno Spark 50 4G KN4,KN4,16.2.0.130SP09,SOURCE_UNSPECIFIED,MT6768,TECNO,6.44 GB,,https://naijarom.com/tecno-spark-50-4g-kn4,pc-fw
Tecno_Spark_50_4G_KN4_MT6768_16.2.0.140SP05_OP004PF001AZ.zip,Tecno Spark 50 4G KN4,KN4,16.2.0.140SP05,SOURCE_UNSPECIFIED,MT6768,TECNO,7.43 GB,,https://naijarom.com/tecno-spark-50-4g-kn4,pc-fw
Tecno_Spark_50_5G_KN8_MT6835_16.2.0.110SP23_TR001PF001AZ_010126_MXML.zip,Tecno Spark 50 5G KN8,KN8,16.2.0.110SP23,TR001PF001AZ,MT6835,TECNO,8.19 GB,010126,https://naijarom.com/tecno-spark-50-5g-kn8,pc-fw
Tecno_Spark_50_5G_KN8_MT6835_16.2.0.110SP27_OP001PF001AZ_010126_MXML.zip,Tecno Spark 50 5G KN8,KN8,16.2.0.110SP27,OP001PF001AZ,MT6835,TECNO,9.13 GB,010126,https://naijarom.com/tecno-spark-50-5g-kn8,pc-fw
Tecno_Spark_50_5G_KN8_MT6835_16.2.0.110SP27_OPPJ001PF001PJ_010126_MXML.zip,Tecno Spark 50 5G KN8,KN8,16.2.0.110SP27,OPPJ001PF001PJ,MT6835,TECNO,9.13 GB,010126,https://naijarom.com/tecno-spark-50-5g-kn8,pc-fw
Tecno_Spark_50_5G_KN8_MT6835_16.2.0.110SP22_OP001PF001AZ_260101_MXML.zip,Tecno Spark 50 5G KN8,KN8,16.2.0.110SP22,OP001PF001AZ,MT6835,TECNO,9.13 GB,260101,https://naijarom.com/tecno-spark-50-5g-kn8,pc-fw
Tecno_Spark_50_5G_KN8_MT6835_16.2.0.120SP07_IN001PF001AZ_010126_MXML.zip,Tecno Spark 50 5G KN8,KN8,16.2.0.120SP07,IN001PF001AZ,MT6835,TECNO,7.88 GB,010126,https://naijarom.com/tecno-spark-50-5g-kn8,pc-fw
Tecno_Spark_50_5G_KN8_MT6835_16.2.0.120SP07_IN001PF001M1_010126_MXML.zip,Tecno Spark 50 5G KN8,KN8,16.2.0.120SP07,IN001PF001M1,MT6835,TECNO,7.88 GB,010126,https://naijarom.com/tecno-spark-50-5g-kn8,pc-fw
Tecno_Spark_50_5G_KN8_MT6835_16.2.0.120SP08_COCL003PF001AZ_010126_MXML.zip,Tecno Spark 50 5G KN8,KN8,16.2.0.120SP08,COCL003PF001AZ,MT6835,TECNO,7.96 GB,010126,https://naijarom.com/tecno-spark-50-5g-kn8,pc-fw
Tecno_Spark_50_5G_KN8_MT6835_16.2.0.120SP07_OP001PF001AZ_260101_MXML.zip,Tecno Spark 50 5G KN8,KN8,16.2.0.120SP07,OP001PF001AZ,MT6835,TECNO,8.91 GB,260101,https://naijarom.com/tecno-spark-50-5g-kn8,pc-fw
Tecno_Spark_50_5G_KN8_MT6835_16.2.0.140SP05_IN003PF001AZ_260101_MXML.zip,Tecno Spark 50 5G KN8,KN8,16.2.0.140SP05,IN003PF001AZ,MT6835,TECNO,7.74 GB,260101,https://naijarom.com/tecno-spark-50-5g-kn8,pc-fw
Tecno_Spark_50_5G_KN8_MT6835_16.2.0.140SP05_IN003PF001M1_260101_MXML.zip,Tecno Spark 50 5G KN8,KN8,16.2.0.140SP05,IN003PF001M1,MT6835,TECNO,7.74 GB,260101,https://naijarom.com/tecno-spark-50-5g-kn8,pc-fw
Tecno_Spark_50_5G_KN8_MT6835_16.2.0.145SP01_IN002PF001AZ_260611_MXML.zip,Tecno Spark 50 5G KN8,KN8,16.2.0.145SP01,IN002PF001AZ,MT6835,TECNO,7.92 GB,260611,https://naijarom.com/tecno-spark-50-5g-kn8,pc-fw
Tecno_Spark_50_5G_KN8_MT6835_16.2.0.145SP01_IN002PF001M1_260611_MXML.zip,Tecno Spark 50 5G KN8,KN8,16.2.0.145SP01,IN002PF001M1,MT6835,TECNO,7.92 GB,260611,https://naijarom.com/tecno-spark-50-5g-kn8,pc-fw
Tecno_Spark_50_5G_KN8_MT6835_16.2.0.145SP01_OPPJ002PF001PJ_MXML.zip,Tecno Spark 50 5G KN8,KN8,16.2.0.145SP01,SOURCE_UNSPECIFIED,MT6835,TECNO,8.95 GB,,https://naijarom.com/tecno-spark-50-5g-kn8,pc-fw
Tecno_Spark_50_5G_KN8_MT6835_16.2.0.150SP19_IN005PF001M1_MXML.zip,Tecno Spark 50 5G KN8,KN8,16.2.0.150SP19,SOURCE_UNSPECIFIED,MT6835,TECNO,7.93 GB,,https://naijarom.com/tecno-spark-50-5g-kn8,pc-fw
Tecno_Spark_50C_KN3_15.1.2.175SP07_IN001PF001AZ_260616_SPD.zip,Tecno Spark 50C KN3,KN3,15.1.2.175SP07,IN001PF001AZ,,TECNO,5.63 GB,260616,https://naijarom.com/tecno-spark-50c-kn3,pc-fw
Tecno_Spark_50C_KN3_15.1.2.175SP07_OP001PF001M1_260625_SPD.zip,Tecno Spark 50C KN3,KN3,15.1.2.175SP07,OP001PF001M1,,TECNO,6.80 GB,260625,https://naijarom.com/tecno-spark-50c-kn3,pc-fw
Tecno_Spark_50C_KN3_15.1.2.175SP07_OPPJ001PF001PJ_260616_SPD.zip,Tecno Spark 50C KN3,KN3,15.1.2.175SP07,OPPJ001PF001PJ,,TECNO,6.80 GB,260616,https://naijarom.com/tecno-spark-50c-kn3,pc-fw
Tecno_Spark_50C_KN3_15.1.2.175SP07_TR001PF001AZ_260618_SPD.zip,Tecno Spark 50C KN3,KN3,15.1.2.175SP07,TR001PF001AZ,,TECNO,5.77 GB,260618,https://naijarom.com/tecno-spark-50c-kn3,pc-fw
Tecno_Spark_50C_KN3_15.1.2.185SP08_IN001PF001AZ_260807_SPD.zip,Tecno Spark 50C KN3,KN3,15.1.2.185SP08,IN001PF001AZ,,TECNO,5.63 GB,260807,https://naijarom.com/tecno-spark-50c-kn3,pc-fw
Tecno_Spark_K7_MT6580_V180_180124.zip,Tecno Spark K7,K7,V180,SOURCE_UNSPECIFIED,MT6580,TECNO,1.5 GB,180124,https://naijarom.com/tecno-spark-k7,pc-fw
Tecno_Spark_Go_2_KM4_15.1.0.105SP09_OP001PL001M1_120525_SPD.zip,Tecno Spark Go 2 KM4,KM4,15.1.0.105SP09,OP001PL001M1,,TECNO,4.80 GB,120525,https://naijarom.com/tecno-spark-go-2-km4,pc-fw
Tecno_Spark_Go_2_KM4_15.1.0.113SP02_OP001PL001M1_120625_SPD.zip,Tecno Spark Go 2 KM4,KM4,15.1.0.113SP02,OP001PL001M1,,TECNO,4.80 GB,120625,https://naijarom.com/tecno-spark-go-2-km4,pc-fw
Tecno_Spark_Go_2_KM4_15.1.0.113SP09_OP001PL001M1_220625_SPD.zip,Tecno Spark Go 2 KM4,KM4,15.1.0.113SP09,OP001PL001M1,,TECNO,4.80 GB,220625,https://naijarom.com/tecno-spark-go-2-km4,pc-fw
Tecno_Spark_Go_2_KM4_15.1.2.129SP02_RU001PL001AZ_251105_SPD.zip,Tecno Spark Go 2 KM4,KM4,15.1.2.129SP02,RU001PL001AZ,,TECNO,4.57 GB,251105,https://naijarom.com/tecno-spark-go-2-km4,pc-fw
Tecno_Spark_Go_2_KM4_15.1.2.129SP02_IN001PL001AZ_051125_SPD.zip,Tecno Spark Go 2 KM4,KM4,15.1.2.129SP02,IN001PL001AZ,,TECNO,4.69 GB,051125,https://naijarom.com/tecno-spark-go-2-km4,pc-fw
Tecno_Spark_Go_2_KM4_15.1.2.129SP02_OP001PL001AZ_051125_SPD.zip,Tecno Spark Go 2 KM4,KM4,15.1.2.129SP02,OP001PL001AZ,,TECNO,4.87 GB,051125,https://naijarom.com/tecno-spark-go-2-km4,pc-fw
Tecno_Spark_Go_2_KM4_15.1.2.145SP01_IN001PL001AZ_260105_SPD.zip,Tecno Spark Go 2 KM4,KM4,15.1.2.145SP01,IN001PL001AZ,,TECNO,4.79 GB,260105,https://naijarom.com/tecno-spark-go-2-km4,pc-fw
Tecno_Spark_GO_2_KM4_15.1.0.153SP01_RU001PL001AZ_010925_SPD.zip,Tecno Spark Go 2 KM4,KM4,15.1.0.153SP01,RU001PL001AZ,,TECNO,4.80 GB,010925,https://naijarom.com/tecno-spark-go-2-km4,pc-fw
Tecno_Spark_Go_2_KM4_15.1.0.153SP01_IN001PL001AZ_250901_SPD.zip,Tecno Spark Go 2 KM4,KM4,15.1.0.153SP01,IN001PL001AZ,,TECNO,4.68 GB,250901,https://naijarom.com/tecno-spark-go-2-km4,pc-fw
Tecno_Spark_GO_2_KM4_15.1.2.165_RU001PL001AZ_260331_SPD.zip,Tecno Spark Go 2 KM4,KM4,15.1.2.165,RU001PL001AZ,,TECNO,4.72 GB,260331,https://naijarom.com/tecno-spark-go-2-km4,pc-fw
Tecno_Spark_GO_2_KM4_15.1.2.165SP11_IN001PL001AZ_260507_SPD.zip,Tecno Spark Go 2 KM4,KM4,15.1.2.165SP11,IN001PL001AZ,,TECNO,4.79 GB,260507,https://naijarom.com/tecno-spark-go-2-km4,pc-fw
Tecno_Spark_Go_2S_KM4_15.1.0.105SP09_OP001PL001M1_120525_SPD.zip,Tecno Spark Go 2S KM4,KM4,15.1.0.105SP09,OP001PL001M1,,TECNO,4.80 GB,120525,https://naijarom.com/tecno-spark-go-2s-km4,pc-fw
Tecno_Spark_Go_2S_KM4_15.1.0.113SP02_OP001PL001M1_120625_SPD.zip,Tecno Spark Go 2S KM4,KM4,15.1.0.113SP02,OP001PL001M1,,TECNO,4.80 GB,120625,https://naijarom.com/tecno-spark-go-2s-km4,pc-fw
Tecno_Spark_Go_2S_KM4_15.1.0.113SP09_OP001PL001M1_220625_SPD.zip,Tecno Spark Go 2S KM4,KM4,15.1.0.113SP09,OP001PL001M1,,TECNO,4.80 GB,220625,https://naijarom.com/tecno-spark-go-2s-km4,pc-fw
Tecno_Spark_Go_2S_KM4_15.1.2.145SP01_IN001PL001AZ_260105_SPD.zip,Tecno Spark Go 2S KM4,KM4,15.1.2.145SP01,IN001PL001AZ,,TECNO,4.79 GB,260105,https://naijarom.com/tecno-spark-go-2s-km4,pc-fw
Tecno_Spark_Go_2S_KM4_15.1.2.165_RU001PL001AZ_260331_SPD.zip,Tecno Spark Go 2S KM4,KM4,15.1.2.165,RU001PL001AZ,,TECNO,4.72 GB,260331,https://naijarom.com/tecno-spark-go-2s-km4,pc-fw
Tecno_Spark_Go_2S_KM4_15.1.2.165SP11_IN001PL001AZ_260507_SPD.zip,Tecno Spark Go 2S KM4,KM4,15.1.2.165SP11,IN001PL001AZ,,TECNO,4.79 GB,260507,https://naijarom.com/tecno-spark-go-2s-km4,pc-fw
Tecno_Spark_Go_3_KN3_15.1.2.175SP07_IN001PF001AZ_260616_SPD.zip,Tecno Spark Go 3 KN3,KN3,15.1.2.175SP07,IN001PF001AZ,,TECNO,5.63 GB,260616,https://naijarom.com/tecno-spark-go-3-kn3,pc-fw
Tecno_Spark_Go_3_KN3_15.1.2.175SP07_IN001PF001M1_260616_SPD.zip,Tecno Spark Go 3 KN3,KN3,15.1.2.175SP07,IN001PF001M1,,TECNO,5.63 GB,260616,https://naijarom.com/tecno-spark-go-3-kn3,pc-fw
Tecno_Spark_Go_3_KN3_15.1.2.175SP07_OP001PF001AZ_260616_SPD.zip,Tecno Spark Go 3 KN3,KN3,15.1.2.175SP07,OP001PF001AZ,,TECNO,6.80 GB,260616,https://naijarom.com/tecno-spark-go-3-kn3,pc-fw
Tecno_Spark_Go_3_KN3_15.1.2.170SP08_RU001PF001AZ_260521_SPD.zip,Tecno Spark Go 3 KN3,KN3,15.1.2.170SP08,RU001PF001AZ,,TECNO,6.80 GB,260521,https://naijarom.com/tecno-spark-go-3-kn3,pc-fw
Tecno_Spark_Go_3_KN3_15.1.2.175SP07_OP001PF001M1_260625_SPD.zip,Tecno Spark Go 3 KN3,KN3,15.1.2.175SP07,OP001PF001M1,,TECNO,6.80 GB,260625,https://naijarom.com/tecno-spark-go-3-kn3,pc-fw
Tecno_Spark_Go_3_KN3_15.1.2.175SP07_OPPJ001PF001PJ_260616_SPD.zip,Tecno Spark Go 3 KN3,KN3,15.1.2.175SP07,OPPJ001PF001PJ,,TECNO,6.80 GB,260616,https://naijarom.com/tecno-spark-go-3-kn3,pc-fw
Tecno_Spark_Go_3_KN3_15.1.2.175SP07_TR001PF001AZ_260618_SPD.zip,Tecno Spark Go 3 KN3,KN3,15.1.2.175SP07,TR001PF001AZ,,TECNO,5.77 GB,260618,https://naijarom.com/tecno-spark-go-3-kn3,pc-fw
Tecno_Spark_Go_3_KN3_15.1.2.185SP08_IN001PF001AZ_260807_SPD.zip,Tecno Spark Go 3 KN3,KN3,15.1.2.185SP08,IN001PF001AZ,,TECNO,5.63 GB,260807,https://naijarom.com/tecno-spark-go-3-kn3,pc-fw
Tecno_Spark_Go_5G_KM8_MT6835_15.1.2.125SP08_IN001PF001AZ_101025_MXML.zip,Tecno Spark Go 5G KM8,KM8,15.1.2.125SP08,IN001PF001AZ,MT6835,TECNO,5.99 GB,101025,https://naijarom.com/tecno-spark-go-5g-km8,pc-fw
Tecno_Spark_Go_5G_KM8_MT6835_15.1.2.145SP02_IN001PF001AZ_251224_MXML.zip,Tecno Spark Go 5G KM8,KM8,15.1.2.145SP02,IN001PF001AZ,MT6835,TECNO,5.93 GB,251224,https://naijarom.com/tecno-spark-go-5g-km8,pc-fw
Tecno_Spark_Go_5G_KM8_MT6835_15.1.2.165SP05_IN001PF001AZ_240326_MXML.zip,Tecno Spark Go 5G KM8,KM8,15.1.2.165SP05,IN001PF001AZ,MT6835,TECNO,5.91 GB,240326,https://naijarom.com/tecno-spark-go-5g-km8,pc-fw
Tecno_Spark_Go_5G_KM8_MT6835_15.1.2.180SP05_IN001PF001AZ_260618_MXML.zip,Tecno Spark Go 5G KM8,KM8,15.1.2.180SP05,IN001PF001AZ,MT6835,TECNO,6.11 GB,260618,https://naijarom.com/tecno-spark-go-5g-km8,pc-fw
Tecno_Spark_Go_2020_KE5_MT6761_V042_210112.zip,Tecno Spark Go 2020 KE5,KE5,V042,SOURCE_UNSPECIFIED,MT6761,TECNO,1.57 GB,210112,https://naijarom.com/tecno-spark-go-2020-ke5,pc-fw
Tecno_Spark_Go_2020_KE5_MT6761_V051_220216.zip,Tecno Spark Go 2020 KE5,KE5,V051,SOURCE_UNSPECIFIED,MT6761,TECNO,1.57 GB,220216,https://naijarom.com/tecno-spark-go-2020-ke5,pc-fw
Tecno_Spark_Go_2020_KE5_MT6761_V108_200814.zip,Tecno Spark Go 2020 KE5,KE5,V108,SOURCE_UNSPECIFIED,MT6761,TECNO,1.5 GB,200814,https://naijarom.com/tecno-spark-go-2020-ke5,pc-fw
Tecno_Spark_Go_2020_KE5_MT6761_V145_200916.zip,Tecno Spark Go 2020 KE5,KE5,V145,SOURCE_UNSPECIFIED,MT6761,TECNO,1.7 GB,200916,https://naijarom.com/tecno-spark-go-2020-ke5,pc-fw
Tecno_Spark_Go_2020_KE5_MT6761_V195_201117.zip,Tecno Spark Go 2020 KE5,KE5,V195,SOURCE_UNSPECIFIED,MT6761,TECNO,1.7 GB,201117,https://naijarom.com/tecno-spark-go-2020-ke5,pc-fw
Tecno_Spark_Go_2020_KE5_MT6761_V215_201216.zip,Tecno Spark Go 2020 KE5,KE5,V215,SOURCE_UNSPECIFIED,MT6761,TECNO,1.7 GB,201216,https://naijarom.com/tecno-spark-go-2020-ke5,pc-fw
Tecno_Spark_Go_2020_KE5_MT6761_V243_210128.zip,Tecno Spark Go 2020 KE5,KE5,V243,SOURCE_UNSPECIFIED,MT6761,TECNO,1.7 GB,210128,https://naijarom.com/tecno-spark-go-2020-ke5,pc-fw
Tecno_Spark_Go_2020_KE5_MT6761_V284_210413.zip,Tecno Spark Go 2020 KE5,KE5,V284,SOURCE_UNSPECIFIED,MT6761,TECNO,1.7 GB,210413,https://naijarom.com/tecno-spark-go-2020-ke5,pc-fw
Tecno_Spark_Go_2020_KE5_MT6761_V300_210508.zip,Tecno Spark Go 2020 KE5,KE5,V300,SOURCE_UNSPECIFIED,MT6761,TECNO,1.7 GB,210508,https://naijarom.com/tecno-spark-go-2020-ke5,pc-fw
Tecno_Spark_Go_2020_KE5_MT6761_V301_210531.zip,Tecno Spark Go 2020 KE5,KE5,V301,SOURCE_UNSPECIFIED,MT6761,TECNO,1.76 GB,210531,https://naijarom.com/tecno-spark-go-2020-ke5,pc-fw
Tecno_Spark_Go_2020_KE5_MT6761_V347_211110.zip,Tecno Spark Go 2020 KE5,KE5,V347,SOURCE_UNSPECIFIED,MT6761,TECNO,1.76 GB,211110,https://naijarom.com/tecno-spark-go-2020-ke5,pc-fw
Tecno_Spark_Go_2020_KE5_MT6761_V425_220916.zip,Tecno Spark Go 2020 KE5,KE5,V425,SOURCE_UNSPECIFIED,MT6761,TECNO,1.78 GB,220916,https://naijarom.com/tecno-spark-go-2020-ke5,pc-fw
Tecno_Spark_Go_2020_KE5_MT6761_V426_211014.zip,Tecno Spark Go 2020 KE5,KE5,V426,SOURCE_UNSPECIFIED,MT6761,TECNO,1.77 GB,211014,https://naijarom.com/tecno-spark-go-2020-ke5,pc-fw
Tecno_Spark_Go_2020_KE5_KE5_MT6761_V429_221108.zip,Tecno Spark Go 2020 KE5,KE5,V429,SOURCE_UNSPECIFIED,MT6761,TECNO,1.77 GB,221108,https://naijarom.com/tecno-spark-go-2020-ke5,pc-fw
Tecno_Spark_Go_2020_KE5_MT6761_V452_230627.zip,Tecno Spark Go 2020 KE5,KE5,V452,SOURCE_UNSPECIFIED,MT6761,TECNO,1.81 GB,230627,https://naijarom.com/tecno-spark-go-2020-ke5,pc-fw
Tecno_Spark_Go_2020_KE5_MT6761_V490_220216.zip,Tecno Spark Go 2020 KE5,KE5,V490,SOURCE_UNSPECIFIED,MT6761,TECNO,1.77 GB,220216,https://naijarom.com/tecno-spark-go-2020-ke5,pc-fw
Tecno_Spark_Go_2020_KE5_MT6761_V541_220616.zip,Tecno Spark Go 2020 KE5,KE5,V541,SOURCE_UNSPECIFIED,MT6761,TECNO,1.71 GB,220616,https://naijarom.com/tecno-spark-go-2020-ke5,pc-fw
Tecno_Spark_Go_2020_KE5S_MT6761_V035_201203.zip,Tecno Spark Go 2020 KE5S,KE5S,V035,SOURCE_UNSPECIFIED,MT6761,TECNO,1.6 GB,201203,https://naijarom.com/tecno-spark-go-2020-ke5s,pc-fw
Tecno_Spark_Go_2020_KE5S_MT6761_V046_210408.zip,Tecno Spark Go 2020 KE5S,KE5S,V046,SOURCE_UNSPECIFIED,MT6761,TECNO,1.6 GB,210408,https://naijarom.com/tecno-spark-go-2020-ke5s,pc-fw
Tecno_Spark_Go_2022_KG5H_MT6761_V320_220303.zip,Tecno Spark Go 2022 KG5H,KG5H,V320,SOURCE_UNSPECIFIED,MT6761,TECNO,4.19 GB,220303,https://naijarom.com/tecno-spark-go-2022-kg5h,pc-fw
Tecno_Spark_Go_2022_KG5H_MT6761_V343_220601.zip,Tecno Spark Go 2022 KG5H,KG5H,V343,SOURCE_UNSPECIFIED,MT6761,TECNO,2.07 GB,220601,https://naijarom.com/tecno-spark-go-2022-kg5h,pc-fw
Tecno_Spark_Go_2022_KG5H_MT6761_V356_220820.zip,Tecno Spark Go 2022 KG5H,KG5H,V356,SOURCE_UNSPECIFIED,MT6761,TECNO,2.08 GB,220820,https://naijarom.com/tecno-spark-go-2022-kg5h,pc-fw
Tecno_Spark_Go_2022_KG5H_MT6761_V362_220919.zip,Tecno Spark Go 2022 KG5H,KG5H,V362,SOURCE_UNSPECIFIED,MT6761,TECNO,2.09 GB,220919,https://naijarom.com/tecno-spark-go-2022-kg5h,pc-fw
Tecno_Spark_Go_2022_KG5H_MT6761_V365_221104.zip,Tecno Spark Go 2022 KG5H,KG5H,V365,SOURCE_UNSPECIFIED,MT6761,TECNO,2.09 GB,221104,https://naijarom.com/tecno-spark-go-2022-kg5h,pc-fw
Tecno_Spark_Go_2022_KG5H_MT6761_V388_230309.zip,Tecno Spark Go 2022 KG5H,KG5H,V388,SOURCE_UNSPECIFIED,MT6761,TECNO,2.08 GB,230309,https://naijarom.com/tecno-spark-go-2022-kg5h,pc-fw
Tecno_Spark_Go_2022_KG5H_MT6761_V390_230426.zip,Tecno Spark Go 2022 KG5H,KG5H,V390,SOURCE_UNSPECIFIED,MT6761,TECNO,2.08 GB,230426,https://naijarom.com/tecno-spark-go-2022-kg5h,pc-fw
Tecno_Spark_Go_2022_KG5H_MT6761_V400_230706.zip,Tecno Spark Go 2022 KG5H,KG5H,V400,SOURCE_UNSPECIFIED,MT6761,TECNO,2.08 GB,230706,https://naijarom.com/tecno-spark-go-2022-kg5h,pc-fw
Tecno_Spark_Go_2022_KG5H_MT6761_V402_230901.zip,Tecno Spark Go 2022 KG5H,KG5H,V402,SOURCE_UNSPECIFIED,MT6761,TECNO,2.10 GB,230901,https://naijarom.com/tecno-spark-go-2022-kg5h,pc-fw
Tecno_Spark_Go_2022_KG5H_MT6761_V413_231102.zip,Tecno Spark Go 2022 KG5H,KG5H,V413,SOURCE_UNSPECIFIED,MT6761,TECNO,2.10 GB,231102,https://naijarom.com/tecno-spark-go-2022-kg5h,pc-fw
Tecno_Spark_Go_2023_BF7_MT6761_V178_221009.zip,Tecno Spark Go 2023 BF7,BF7,V178,SOURCE_UNSPECIFIED,MT6761,TECNO,3 GB,221009,https://naijarom.com/tecno-spark-go-2023-bf7,pc-fw
Tecno_Spark_Go_2023_BF7_MT6761_V813_250314.zip,Tecno Spark Go 2023 BF7,BF7,V813,SOURCE_UNSPECIFIED,MT6761,TECNO,2.81 GB,250314,https://naijarom.com/tecno-spark-go-2023-bf7,pc-fw
Tecno_Spark_Go_2023_BF7_MT6761_V1824_231020.zip,Tecno Spark Go 2023 BF7,BF7,V1824,SOURCE_UNSPECIFIED,MT6761,TECNO,2.94 GB,231020,https://naijarom.com/tecno-spark-go-2023-bf7,pc-fw
Tecno_Spark_Go_2023_BF7_MT6761_V2173_240311.zip,Tecno Spark Go 2023 BF7,BF7,V2173,SOURCE_UNSPECIFIED,MT6761,TECNO,3 GB,240311,https://naijarom.com/tecno-spark-go-2023-bf7,pc-fw
Tecno_Spark_Go_2023_BF7_MT6761_V2262_240510.zip,Tecno Spark Go 2023 BF7,BF7,V2262,SOURCE_UNSPECIFIED,MT6761,TECNO,3 GB,240510,https://naijarom.com/tecno-spark-go-2023-bf7,pc-fw
Tecno_Spark_Go_2023_BF7_MT6761_V2315_240703.zip,Tecno Spark Go 2023 BF7,BF7,V2315,SOURCE_UNSPECIFIED,MT6761,TECNO,3 GB,240703,https://naijarom.com/tecno-spark-go-2023-bf7,pc-fw
Tecno_Spark_Go_2023_BF7_MT6761_V2335_240816.zip,Tecno Spark Go 2023 BF7,BF7,V2335,SOURCE_UNSPECIFIED,MT6761,TECNO,3 GB,240816,https://naijarom.com/tecno-spark-go-2023-bf7,pc-fw
Tecno_Spark_Go_2023_BF7_MT6761_V2347_241011.zip,Tecno Spark Go 2023 BF7,BF7,V2347,SOURCE_UNSPECIFIED,MT6761,TECNO,3 GB,241011,https://naijarom.com/tecno-spark-go-2023-bf7,pc-fw
Tecno_Spark_Go_2023_BF7_MT6761_V2366_241209.zip,Tecno Spark Go 2023 BF7,BF7,V2366,SOURCE_UNSPECIFIED,MT6761,TECNO,3 GB,241209,https://naijarom.com/tecno-spark-go-2023-bf7,pc-fw
Tecno_Spark_Go_2023_BF7N_MT6761_V171_221203.zip,Tecno Spark Go 2023 BF7N,BF7N,V171,SOURCE_UNSPECIFIED,MT6761,TECNO,2.59 GB,221203,https://naijarom.com/tecno-spark-go-2023-bf7n,pc-fw
Tecno_Spark_Go_2023_BF7N_MT6761_V953_230321.zip,Tecno Spark Go 2023 BF7N,BF7N,V953,SOURCE_UNSPECIFIED,MT6761,TECNO,3.12 GB,230321,https://naijarom.com/tecno-spark-go-2023-bf7n,pc-fw
Tecno_Spark_Go_2023_BF7N_MT6761_V1955_230809.zip,Tecno Spark Go 2023 BF7N,BF7N,V1955,SOURCE_UNSPECIFIED,MT6761,TECNO,3.21 GB,230809,https://naijarom.com/tecno-spark-go-2023-bf7n,pc-fw
Tecno_Spark_Go_KC1_MT6761_V165_190731.zip,Tecno Spark Go KC1,KC1,V165,SOURCE_UNSPECIFIED,MT6761,TECNO,2 GB,190731,https://naijarom.com/tecno-spark-go-kc1,pc-fw
Tecno_Spark_Go_KC1_MT6761_V205_190912.zip,Tecno Spark Go KC1,KC1,V205,SOURCE_UNSPECIFIED,MT6761,TECNO,2 GB,190912,https://naijarom.com/tecno-spark-go-kc1,pc-fw
Tecno_Spark_Go_KC1_MT6761_V226_191010.zip,Tecno Spark Go KC1,KC1,V226,SOURCE_UNSPECIFIED,MT6761,TECNO,2 GB,191010,https://naijarom.com/tecno-spark-go-kc1,pc-fw
Tecno_Spark_Go_KC1_MT6761_V264_191119.zip,Tecno Spark Go KC1,KC1,V264,SOURCE_UNSPECIFIED,MT6761,TECNO,2 GB,191119,https://naijarom.com/tecno-spark-go-kc1,pc-fw
Tecno_Spark_Go_KC1_MT6761_V455_200922.zip,Tecno Spark Go KC1,KC1,V455,SOURCE_UNSPECIFIED,MT6761,TECNO,2 GB,200922,https://naijarom.com/tecno-spark-go-kc1,pc-fw
Tecno_Spark_Go_KC1_MT6761_V459_201021.zip,Tecno Spark Go KC1,KC1,V459,SOURCE_UNSPECIFIED,MT6761,TECNO,2 GB,201021,https://naijarom.com/tecno-spark-go-kc1,pc-fw
Tecno_Spark_Go_KC1_MT6761_V480_210105.zip,Tecno Spark Go KC1,KC1,V480,SOURCE_UNSPECIFIED,MT6761,TECNO,1.65 GB,210105,https://naijarom.com/tecno-spark-go-kc1,pc-fw
Tecno_Spark_Go_KC1_MT6761_V520_210513.zip,Tecno Spark Go KC1,KC1,V520,SOURCE_UNSPECIFIED,MT6761,TECNO,1.65 GB,210513,https://naijarom.com/tecno-spark-go-kc1,pc-fw
Tecno_Spark_Go_KC1H_MT6761_V195_191008.zip,Tecno Spark Go KC1H,KC1H,V195,SOURCE_UNSPECIFIED,MT6761,TECNO,988 MB,191008,https://naijarom.com/tecno-spark-go-kc1h,pc-fw
Tecno_Spark_Go_KE5_MT6761_V051_220216.zip,Tecno Spark Go KE5,KE5,V051,SOURCE_UNSPECIFIED,MT6761,TECNO,1.57 GB,220216,https://naijarom.com/tecno-spark-go-ke5,pc-fw
Tecno_Spark_Go_KE5_MT6761_V347_211110.zip,Tecno Spark Go KE5,KE5,V347,SOURCE_UNSPECIFIED,MT6761,TECNO,1.47 GB,211110,https://naijarom.com/tecno-spark-go-ke5,pc-fw
Tecno_Spark_Go_KE5_MT6761_V425_220916.zip,Tecno Spark Go KE5,KE5,V425,SOURCE_UNSPECIFIED,MT6761,TECNO,1.78 GB,220916,https://naijarom.com/tecno-spark-go-ke5,pc-fw
Tecno_Spark_Go_KE5_MT6761_V426_211014.zip,Tecno Spark Go KE5,KE5,V426,SOURCE_UNSPECIFIED,MT6761,TECNO,1.77 GB,211014,https://naijarom.com/tecno-spark-go-ke5,pc-fw
Tecno_Spark_Go_KE5_MT6761_V429_221108.zip,Tecno Spark Go KE5,KE5,V429,SOURCE_UNSPECIFIED,MT6761,TECNO,1.78 GB,221108,https://naijarom.com/tecno-spark-go-ke5,pc-fw
Tecno_Spark_Go_KE5_MT6761_V453_211130.zip,Tecno Spark Go KE5,KE5,V453,SOURCE_UNSPECIFIED,MT6761,TECNO,1.77 GB,211130,https://naijarom.com/tecno-spark-go-ke5,pc-fw
Tecno_Spark_Go_KE5_MT6761_V490_220216.zip,Tecno Spark Go KE5,KE5,V490,SOURCE_UNSPECIFIED,MT6761,TECNO,1.77 GB,220216,https://naijarom.com/tecno-spark-go-ke5,pc-fw
Tecno_Spark_Go_KE5_MT6761_V517_220413.zip,Tecno Spark Go KE5,KE5,V517,SOURCE_UNSPECIFIED,MT6761,TECNO,1.78 GB,220413,https://naijarom.com/tecno-spark-go-ke5,pc-fw
Tecno_Spark_Power_2_LC8_MT6765_V283_200525.zip,Tecno Spark Power 2 LC8,LC8,V283,SOURCE_UNSPECIFIED,MT6765,TECNO,2.3 GB,200525,https://naijarom.com/tecno-spark-power-2-lc8,pc-fw
Tecno_Spark_Power_2_LC8_MT6765_V290_200702.zip,Tecno Spark Power 2 LC8,LC8,V290,SOURCE_UNSPECIFIED,MT6765,TECNO,2.3 GB,200702,https://naijarom.com/tecno-spark-power-2-lc8,pc-fw
Tecno_Spark_Power_2_LC8_MT6765_V298_200820.zip,Tecno Spark Power 2 LC8,LC8,V298,SOURCE_UNSPECIFIED,MT6765,TECNO,2.3 GB,200820,https://naijarom.com/tecno-spark-power-2-lc8,pc-fw
Tecno_Spark_Power_2_LC8_MT6765_V305_200922.zip,Tecno Spark Power 2 LC8,LC8,V305,SOURCE_UNSPECIFIED,MT6765,TECNO,2.3 GB,200922,https://naijarom.com/tecno-spark-power-2-lc8,pc-fw
Tecno_Spark_Power_2_LC8_MT6765_V310_201028.zip,Tecno Spark Power 2 LC8,LC8,V310,SOURCE_UNSPECIFIED,MT6765,TECNO,2.3 GB,201028,https://naijarom.com/tecno-spark-power-2-lc8,pc-fw
Tecno_Spark_Power_2_LC8_MT6765_V316_201218.zip,Tecno Spark Power 2 LC8,LC8,V316,SOURCE_UNSPECIFIED,MT6765,TECNO,2.4 GB,201218,https://naijarom.com/tecno-spark-power-2-lc8,pc-fw
Tecno_Spark_Power_2_LC8_MT6765_V321_210127.zip,Tecno Spark Power 2 LC8,LC8,V321,SOURCE_UNSPECIFIED,MT6765,TECNO,2.3 GB,210127,https://naijarom.com/tecno-spark-power-2-lc8,pc-fw
Tecno_Spark_Power_2_LC8_MT6765_V327_210416.zip,Tecno Spark Power 2 LC8,LC8,V327,SOURCE_UNSPECIFIED,MT6765,TECNO,2.3 GB,210416,https://naijarom.com/tecno-spark-power-2-lc8,pc-fw
Tecno_Spark_Power_2_LC8_MT6765_V331_210608.zip,Tecno Spark Power 2 LC8,LC8,V331,SOURCE_UNSPECIFIED,MT6765,TECNO,2.3 GB,210608,https://naijarom.com/tecno-spark-power-2-lc8,pc-fw
Tecno_Spark_Power_2_LC8_MT6765_V345_220215.zip,Tecno Spark Power 2 LC8,LC8,V345,SOURCE_UNSPECIFIED,MT6765,TECNO,2.30 GB,220215,https://naijarom.com/tecno-spark-power-2-lc8,pc-fw
Tecno_Spark_Power_2_LC8_MT6765_V350_220402.zip,Tecno Spark Power 2 LC8,LC8,V350,SOURCE_UNSPECIFIED,MT6765,TECNO,2.30 GB,220402,https://naijarom.com/tecno-spark-power-2-lc8,pc-fw
Tecno_Spark_Power_LB8A_MT6765_V198_210105.zip,Tecno Spark Power LB8A,LB8A,V198,SOURCE_UNSPECIFIED,MT6765,TECNO,2 GB,210105,https://naijarom.com/tecno-spark-power-lb8a,pc-fw
Tecno_Spark_Power_LB8A_MT6765_V204_210513.zip,Tecno Spark Power LB8A,LB8A,V204,SOURCE_UNSPECIFIED,MT6765,TECNO,2.04 GB,210513,https://naijarom.com/tecno-spark-power-lb8a,pc-fw
Tecno_Spark_Power_LB8A_MT6765_V211_210701.zip,Tecno Spark Power LB8A,LB8A,V211,SOURCE_UNSPECIFIED,MT6765,TECNO,2.04 GB,210701,https://naijarom.com/tecno-spark-power-lb8a,pc-fw
Tecno_Spark_Pro_K8_MT6735M_12292017_7.0.zip,Tecno Spark Pro K8,K8,7.0,SOURCE_UNSPECIFIED,MT6735M,TECNO,1 GB,12292017,https://naijarom.com/tecno-spark-pro-k8,pc-fw
Tecno_Spark_Pro_K8_MT6737M_V108_180205.zip,Tecno Spark Pro K8,K8,V108,SOURCE_UNSPECIFIED,MT6737M,TECNO,1 GB,180205,https://naijarom.com/tecno-spark-pro-k8,pc-fw
Tecno_Spark_Slim_KM7K_MT6789_15.1.2.107SP02_OP001PF001AZ_280725_MXML.zip,Tecno Spark Slim KM7K,KM7K,15.1.2.107SP02,OP001PF001AZ,MT6789,TECNO,8.15 GB,280725,https://naijarom.com/tecno-spark-slim-km7k,pc-fw
Tecno_Spark_Slim_KM7K_MT6789_15.1.2.113SP05_OP001PF001AZ_030925_MXML.zip,Tecno Spark Slim KM7K,KM7K,15.1.2.113SP05,OP001PF001AZ,MT6789,TECNO,8.15 GB,030925,https://naijarom.com/tecno-spark-slim-km7k,pc-fw
Tecno_Spark_Slim_KM7K_MT6789_15.1.2.113SP05_RU001PF001AZ_250903_MXML.zip,Tecno Spark Slim KM7K,KM7K,15.1.2.113SP05,RU001PF001AZ,MT6789,TECNO,7.33 GB,250903,https://naijarom.com/tecno-spark-slim-km7k,pc-fw
Tecno_Spark_Slim_KM7K_MT6789_15.1.2.113SP16_OP001PF001AZ_120925_MXML.zip,Tecno Spark Slim KM7K,KM7K,15.1.2.113SP16,OP001PF001AZ,MT6789,TECNO,8.16 GB,120925,https://naijarom.com/tecno-spark-slim-km7k,pc-fw
Tecno_Spark_Slim_KM7K_MT6789_15.1.2.126SP01_OPPJ001PF001PJ_101025_MXML.zip,Tecno Spark Slim KM7K,KM7K,15.1.2.126SP01,OPPJ001PF001PJ,MT6789,TECNO,8.23 GB,101025,https://naijarom.com/tecno-spark-slim-km7k,pc-fw
Tecno_Spark_Slim_KM7K_MT6789_15.1.2.126SP01_RU001PF001AZ_101025_MXML.zip,Tecno Spark Slim KM7K,KM7K,15.1.2.126SP01,RU001PF001AZ,MT6789,TECNO,7.34 GB,101025,https://naijarom.com/tecno-spark-slim-km7k,pc-fw
Tecno_Spark_Slim_KM7K_MT6789_15.1.2.126SP01_TR001PF001AZ_101025_MXML.zip,Tecno Spark Slim KM7K,KM7K,15.1.2.126SP01,TR001PF001AZ,MT6789,TECNO,7.53 GB,101025,https://naijarom.com/tecno-spark-slim-km7k,pc-fw
Tecno_Spark_Slim_KM7K_MT6789_15.1.2.145SP01_OPPJ001PF001PJ_101225_MXML.zip,Tecno Spark Slim KM7K,KM7K,15.1.2.145SP01,OPPJ001PF001PJ,MT6789,TECNO,8.25 GB,101225,https://naijarom.com/tecno-spark-slim-km7k,pc-fw
Tecno_Spark_Slim_KM7K_15.1.2.145SP10_OPPJ001PF001PJ_150126_MXML.zip,Tecno Spark Slim KM7K,KM7K,15.1.2.145SP10,OPPJ001PF001PJ,,TECNO,8.25 GB,150126,https://naijarom.com/tecno-spark-slim-km7k,pc-fw
Tecno_T818_MT6735_01282016_6.1.zip,Tecno T818,T818,6.1,SOURCE_UNSPECIFIED,MT6735,TECNO,742 MB,01282016,https://naijarom.com/tecno-t818,pc-fw
Tecno_Tab_4G_P704A_MT6739_V086_210528.zip,Tecno Tab 4G P704A,P704A,V086,SOURCE_UNSPECIFIED,MT6739,TECNO,3.13 GB,210528,https://naijarom.com/tecno-tab-4g-p704a,pc-fw
Tecno_W3_Pro_MT6580_V207_181220.zip,Tecno W3 Pro,W3,V207,SOURCE_UNSPECIFIED,MT6580,TECNO,1.54 GB,181220,https://naijarom.com/tecno-w3-pro,pc-fw
Tecno_WX3_MT6580_V110_170830.zip,Tecno WX3,WX3,V110,SOURCE_UNSPECIFIED,MT6580,TECNO,1.49 GB,170830,https://naijarom.com/tecno-wx3,pc-fw
Tecno_WX3P_MT6580_V142_170829.zip,Tecno WX3P,WX3P,V142,SOURCE_UNSPECIFIED,MT6580,TECNO,1 GB,170829,https://naijarom.com/tecno-wx3p,pc-fw
Tecno_WX4_Pro_MT6737M_V114_181217.zip,Tecno WX4 Pro,WX4,V114,SOURCE_UNSPECIFIED,MT6737M,TECNO,1.67 GB,181217,https://naijarom.com/tecno-wx4-pro,pc-fw
Tecno_WX4_Pro_MT6737M_V131_181023.zip,Tecno WX4 Pro,WX4,V131,SOURCE_UNSPECIFIED,MT6737M,TECNO,1.92 GB,181023,https://naijarom.com/tecno-wx4-pro,pc-fw
Tecno_Y3_MT6572_20150401_4.4.zip,Tecno Y3,Y3,4.4,SOURCE_UNSPECIFIED,MT6572,TECNO,718 MB,20150401,https://naijarom.com/tecno-y3,pc-fw
Tecno_Y5_MT6572_20150504_4.4.zip,Tecno Y5,Y5,4.4,SOURCE_UNSPECIFIED,MT6572,TECNO,749 MB,20150504,https://naijarom.com/tecno-y5,pc-fw
Tecno_Y6_MT6572_20150915_4.4.zip,Tecno Y6,Y6,4.4,SOURCE_UNSPECIFIED,MT6572,TECNO,790 MB,20150915,https://naijarom.com/tecno-y6,pc-fw
Infinix_AL68_Clone_07122015_4.4.4_XFT.zip,,,,SOURCE_UNSPECIFIED,,TECNO,,,https://naijarom.com/infinix-al68-clone,firmware-atlas
Infinix_F818_Clone_07122015_4.4.4_XFT.zip,,,,SOURCE_UNSPECIFIED,,TECNO,,,https://naijarom.com/infinix-f818-clone,firmware-atlas
Infinix_F98_Clone_MT6589_V1.9_27112017_6.0.zip,,,,SOURCE_UNSPECIFIED,,TECNO,,,https://naijarom.com/infinix-f98-clone,firmware-atlas
Infinix_Hot_10T_X689C_Clone_V01_20210518_6.0_MIRA.zip,,,,SOURCE_UNSPECIFIED,,TECNO,,,https://naijarom.com/infinix-hot-10t-x689c-clone,firmware-atlas
Infinix_Hot_12i_Clone_MT6570_V1.0.1_220512_6.0.zip,,,,SOURCE_UNSPECIFIED,,TECNO,,,https://naijarom.com/infinix-hot-12i-clone,firmware-atlas
Infinix_Hot_2_X510_Clone_MT6572_V1_04082016.zip,,,,SOURCE_UNSPECIFIED,,TECNO,,,https://naijarom.com/infinix-hot-2-x510-clone,firmware-atlas
Infinix_Hot_2_X510_Clone_SP7731CEB_V05_20160425_5.1_SPD.zip,,,,SOURCE_UNSPECIFIED,,TECNO,,,https://naijarom.com/infinix-hot-2-x510-clone,firmware-atlas
Infinix_Hot_3_X554_Clone_V05_20160620_5.1.zip,,,,SOURCE_UNSPECIFIED,,TECNO,,,https://naijarom.com/infinix-hot-3-x554-clone,firmware-atlas
Infinix_Hot_4_Pro_X557_Clone_SP7731GEA_12272016_5.1_MIRA.zip,,,,SOURCE_UNSPECIFIED,,TECNO,,,https://naijarom.com/infinix-hot-4-pro-x557-clone,firmware-atlas
Infinix_Hot_Clone_MT6592_V4_07032014_4.2.2.zip,,,,SOURCE_UNSPECIFIED,,TECNO,,,https://naijarom.com/infinix-hot-clone,firmware-atlas
Infinix_Hot_Note_X551_Clone_MT6580_03092016_5.1.zip,,,,SOURCE_UNSPECIFIED,,TECNO,,,https://naijarom.com/infinix-hot-note-x551-clone,firmware-atlas
Infinix_Hot_Note_X551_Clone_MT6580_05262016_6.0.zip,,,,SOURCE_UNSPECIFIED,,TECNO,,,https://naijarom.com/infinix-hot-note-x551-clone,firmware-atlas
Infinix_Hot_Note_X551_Clone_MT6580_06102016.zip,,,,SOURCE_UNSPECIFIED,,TECNO,,,https://naijarom.com/infinix-hot-note-x551-clone,firmware-atlas
Infinix_Hot_Clone_V2_20151207_4.4.4_SPD.zip,,,,SOURCE_UNSPECIFIED,,TECNO,,,https://naijarom.com/infinix-hot-v2-clone,firmware-atlas
Infinix_M8_Clone_MT6592_03132015_6.0.zip,,,,SOURCE_UNSPECIFIED,,TECNO,,,https://naijarom.com/infinix-m8-clone,firmware-atlas
Infinix_Note_2_X600_Clone_MT6580_09062017_5.1.zip,,,,SOURCE_UNSPECIFIED,,TECNO,,,https://naijarom.com/infinix-note-2-x600-clone,firmware-atlas
Infinix_Note_2_X600_LTE_Clone_V09_160117_5.1_SPD.zip,,,,SOURCE_UNSPECIFIED,,TECNO,,,https://naijarom.com/infinix-note-2-x600-lte-clone,firmware-atlas
Infinix_Note_3_X601_Clone_MT6580_09052014_5.1.zip,,,,SOURCE_UNSPECIFIED,,TECNO,,,https://naijarom.com/infinix-note-3-x601-clone,firmware-atlas
Infinix_P2_Clone_MT6735M_P502U_V3.0_01262016_4.4.4.zip,,,,SOURCE_UNSPECIFIED,,TECNO,,,https://naijarom.com/infinix-p2-clone,firmware-atlas
Infinix_Reno_Ace_Clone_MT6570_130120_9.0.zip,,,,SOURCE_UNSPECIFIED,,TECNO,,,https://naijarom.com/infinix-reno-ace-clone,firmware-atlas
Infinix_V3800_Clone_MT6582_S227_170525_5.1.zip,,,,SOURCE_UNSPECIFIED,,TECNO,,,https://naijarom.com/infinix-v3800-clone,firmware-atlas
Infinix_X1_Clone_MT6582_08262014_5.1.zip,,,,SOURCE_UNSPECIFIED,,TECNO,,,https://naijarom.com/infinix-x1-clone,firmware-atlas
Infinix_X21_Clone_MT6580_128G_6G_190606_9.1.zip,,,,SOURCE_UNSPECIFIED,,TECNO,,,https://naijarom.com/infinix-x21-clone,firmware-atlas
Infinix_X23_Clone_MT6580_128G_6G_190606_9.1.zip,,,,SOURCE_UNSPECIFIED,,TECNO,,,https://naijarom.com/infinix-x23-clone,firmware-atlas
Infinix_X557_Clone_MT6580_5.1.zip,,,,SOURCE_UNSPECIFIED,,TECNO,,,https://naijarom.com/infinix-x557-clone,firmware-atlas
Infinix_X600_Clone_MT6580_5.1.zip,,,,SOURCE_UNSPECIFIED,,TECNO,,,https://naijarom.com/infinix-x600-clone,firmware-atlas
Infinix_X601_Clone_MT6580_09052014.zip,,,,SOURCE_UNSPECIFIED,,TECNO,,,https://naijarom.com/infinix-x601-clone,firmware-atlas
Infinix_Zero_2_X509_Clone_MT6582_02112015_4.2.2.zip,,,,SOURCE_UNSPECIFIED,,TECNO,,,https://naijarom.com/infinix-zero-2-x509-clone,firmware-atlas
Infinix_Zero_3_X552_Clone_V08_S02_13122017_5.1_SPD.zip,,,,SOURCE_UNSPECIFIED,,TECNO,,,https://naijarom.com/infinix-zero-3-x552-clone,firmware-atlas
Infinix_Zero_4_X555_Clone_Q34_16102017_6.0_SPD.zip,,,,SOURCE_UNSPECIFIED,,TECNO,,,https://naijarom.com/infinix-zero-4-x555-clone,firmware-atlas
Tecno_611s_MIRA.zip,,,,SOURCE_UNSPECIFIED,,TECNO,,,https://naijarom.com/tecno-611s,firmware-atlas
Tecno_7CS_MT6582_20151111.zip,,,,SOURCE_UNSPECIFIED,,TECNO,,,https://naijarom.com/tecno-7cs,firmware-atlas
Tecno_7CS_MT6582_P121_B1_L_KE_Safaricom_151111.zip,,,,SOURCE_UNSPECIFIED,,TECNO,,,https://naijarom.com/tecno-7cs,firmware-atlas
Tecno_7CS_MT6582_P121_B1_L_KE_20150710.zip,,,,SOURCE_UNSPECIFIED,,TECNO,,,https://naijarom.com/tecno-7cs,firmware-atlas
Tecno_7H_MT6582_GP815_KXTJ2_1009_141210.zip,,,,SOURCE_UNSPECIFIED,,TECNO,,,https://naijarom.com/tecno-7h,firmware-atlas
Tecno_A6_MT6755_V138_180905_SPMDT.zip,,,,SOURCE_UNSPECIFIED,,TECNO,,,https://naijarom.com/tecno-a6,firmware-atlas
Tecno_A7_MT6592_300715.zip,,,,SOURCE_UNSPECIFIED,,TECNO,,,https://naijarom.com/tecno-a7-phantom-z,firmware-atlas
Tecno_A7_MT6592_20141111.zip,,,,SOURCE_UNSPECIFIED,,TECNO,,,https://naijarom.com/tecno-a7-phantom-z,firmware-atlas
Tecno_A7_MT6592_G906_20150413.zip,,,,SOURCE_UNSPECIFIED,,TECNO,,,https://naijarom.com/tecno-a7-phantom-z,firmware-atlas
Tecno_A7S_MT6592_20140911.zip,,,,SOURCE_UNSPECIFIED,,TECNO,,,https://naijarom.com/tecno-a7s,firmware-atlas
Tecno_A9_MT6797_V108_170103_2.zip,,,,SOURCE_UNSPECIFIED,,TECNO,,,https://naijarom.com/tecno-a9,firmware-atlas
Tecno_AL58_MT6735M_V2.0_26012016_6.0.zip,,,,SOURCE_UNSPECIFIED,,TECNO,,,https://naijarom.com/tecno-al58,firmware-atlas
Tecno_B1P_MT6580_V82_181029.zip,,,,SOURCE_UNSPECIFIED,,TECNO,,,https://naijarom.com/tecno-b1p,firmware-atlas
Tecno_B1P_MT6580_V87_181029.zip,,,,SOURCE_UNSPECIFIED,,TECNO,,,https://naijarom.com/tecno-b1p,firmware-atlas
Tecno_B1p_F8017AB_GO_MT6580_V158_20190323.zip,,,,SOURCE_UNSPECIFIED,,TECNO,,,https://naijarom.com/tecno-b1p-f8017ab-go,firmware-atlas
Tecno_B1p_F8017C_GO_MT6580_V148_20190323.zip,,,,SOURCE_UNSPECIFIED,,TECNO,,,https://naijarom.com/tecno-b1p-f8017c-go,firmware-atlas
Tecno_B3_MT6575_11032013.zip,,,,SOURCE_UNSPECIFIED,,TECNO,,,https://naijarom.com/tecno-b3,firmware-atlas
Tecno_B6S_150415_4.4.4_QFIL.zip,,,,SOURCE_UNSPECIFIED,,TECNO,,,https://naijarom.com/tecno-b6s,firmware-atlas
Tecno_BC2C_V018_221011_SPD.zip,,,,SOURCE_UNSPECIFIED,,TECNO,,,https://naijarom.com/tecno-bc2c,firmware-atlas
Tecno_BE6_MT6580_V5_220311.zip,,,,SOURCE_UNSPECIFIED,,TECNO,,,https://naijarom.com/tecno-be6,firmware-atlas
Tecno_Boom_J5_MT6580_20150818.zip,,,,SOURCE_UNSPECIFIED,,TECNO,,,https://naijarom.com/tecno-boom-j5,firmware-atlas
Tecno_Boom_J5_MT6580_20151014.zip,,,,SOURCE_UNSPECIFIED,,TECNO,,,https://naijarom.com/tecno-boom-j5,firmware-atlas
Tecno_Boom_J8_MT6735_20160310.zip,,,,SOURCE_UNSPECIFIED,,TECNO,,,https://naijarom.com/tecno-boom-j8,firmware-atlas
Tecno_Boom_J8_MT6735_V14_160721_5.1.zip,,,,SOURCE_UNSPECIFIED,,TECNO,,,https://naijarom.com/tecno-boom-j8,firmware-atlas
Tecno_Camon_C9_V09_170407_SPD.zip,,,,SOURCE_UNSPECIFIED,,TECNO,,,https://naijarom.com/tecno-c9,firmware-atlas
Tecno_Camon_C9_MT6753_V28_160722.zip,,,,SOURCE_UNSPECIFIED,,TECNO,,,https://naijarom.com/tecno-c9,firmware-atlas
Tecno_Camon_C9_MT6735_V46_160901_6.0_MIRA.zip,,,,SOURCE_UNSPECIFIED,,TECNO,,,https://naijarom.com/tecno-c9,firmware-atlas
Tecno_Camon_C9_MT6753_V79_161026.zip,,,,SOURCE_UNSPECIFIED,,TECNO,,,https://naijarom.com/tecno-c9,firmware-atlas
Tecno_Camon_C9_MT6753_V88_161222.zip,,,,SOURCE_UNSPECIFIED,,TECNO,,,https://naijarom.com/tecno-c9,firmware-atlas
Tecno_C9_Clone_20160601_5.1_MIRA.zip,,,,SOURCE_UNSPECIFIED,,TECNO,,,https://naijarom.com/tecno-c9-clone,firmware-atlas
Tecno_C9_Plus_MT6753_V88_161222.zip,,,,SOURCE_UNSPECIFIED,,TECNO,,,https://naijarom.com/tecno-c9-plus,firmware-atlas
Tecno_C9_Pro_MT6753_V88_161222.zip,,,,SOURCE_UNSPECIFIED,,TECNO,,,https://naijarom.com/tecno-c9-pro,firmware-atlas
Tecno_CA7_MT6763_V229_181011_8.1.0.zip,,,,SOURCE_UNSPECIFIED,,TECNO,,,https://naijarom.com/tecno-ca7,firmware-atlas
Tecno_Camon_11_CF7S_MT6739_V85_190321.zip,,,,SOURCE_UNSPECIFIED,,TECNO,,,https://naijarom.com/tecno-camon-11-cf7s,firmware-atlas
Tecno_Camon_12_Air_CC6_MT6761_P_V244_210831.zip,,,,SOURCE_UNSPECIFIED,,TECNO,,,https://naijarom.com/tecno-camon-12-air-cc6,firmware-atlas
Tecno_Camon_15_Air_CD6S_MT6765_ZAVC_V73_201216.zip,,,,SOURCE_UNSPECIFIED,,TECNO,,,https://naijarom.com/tecno-camon-15-air-cd6s,firmware-atlas
Tecno_Camon_17_MT6768_4G_12_130521.zip,,,,SOURCE_UNSPECIFIED,,TECNO,,,https://naijarom.com/tecno-camon-17,firmware-atlas
Tecno_Camon_17_MT6768_6G_12_130521.zip,,,,SOURCE_UNSPECIFIED,,TECNO,,,https://naijarom.com/tecno-camon-17,firmware-atlas
Tecno_Camon_17P_CG7_MT6768_V75_210416.zip,,,,SOURCE_UNSPECIFIED,,TECNO,,,https://naijarom.com/tecno-camon-17p-cg7,firmware-atlas
Tecno_Camon_17_Pro_LE7_MT6768_V353_210512.zip,,,,SOURCE_UNSPECIFIED,,TECNO,,,https://naijarom.com/tecno-camon-17-pro-le7,firmware-atlas
Tecno_Camon_17_Pro_LE7_MT6768_V728_230110.zip,,,,SOURCE_UNSPECIFIED,,TECNO,,,https://naijarom.com/tecno-camon-17-pro-le7,firmware-atlas
Tecno_Camon_19_CI6N_MT6768_RU_V2069_240516.zip,,,,SOURCE_UNSPECIFIED,,TECNO,,,https://naijarom.com/tecno-camon-19-ci6n,firmware-atlas
Tecno_Camon_19_CL6_MT6789_RU_V1597_240423_MXML.zip,,,,SOURCE_UNSPECIFIED,,TECNO,,,https://naijarom.com/tecno-camon-19-cl6,firmware-atlas
Tecno_Camon_19_CL6_MT6789_TR_V1597_240423_MXML.zip,,,,SOURCE_UNSPECIFIED,,TECNO,,,https://naijarom.com/tecno-camon-19-cl6,firmware-atlas
Tecno_Camon_19_CL6_MT6789_PJ_V1607_240423_MXML.zip,,,,SOURCE_UNSPECIFIED,,TECNO,,,https://naijarom.com/tecno-camon-19-cl6,firmware-atlas
Tecno_Camon_19_CL6_MT6789_V1693_240423_MXML.zip,,,,SOURCE_UNSPECIFIED,,TECNO,,,https://naijarom.com/tecno-camon-19-cl6,firmware-atlas
Tecno_Camon_19_CL6_MT6789_RU_V1789_240527_MXML.zip,,,,SOURCE_UNSPECIFIED,,TECNO,,,https://naijarom.com/tecno-camon-19-cl6,firmware-atlas
Tecno_Camon_19_CL6_MT6789_OP_V1921_240619_MXML.zip,,,,SOURCE_UNSPECIFIED,,TECNO,,,https://naijarom.com/tecno-camon-19-cl6,firmware-atlas
Tecno_Camon_19_CL6_MT6789_TR_V1998_240702_MXML.zip,,,,SOURCE_UNSPECIFIED,,TECNO,,,https://naijarom.com/tecno-camon-19-cl6,firmware-atlas
Tecno_Camon_19_Neo_CH6i_MT6768_RU_V2327_240619.zip,,,,SOURCE_UNSPECIFIED,,TECNO,,,https://naijarom.com/tecno-camon-19-neo-ch6i,firmware-atlas
Tecno_Camon_19_Neo_CH6i_MT6768_EU_V1150_220804.zip,,,,SOURCE_UNSPECIFIED,,TECNO,,,https://naijarom.com/tecno-camon-19-neo-ch6i,firmware-atlas
Tecno_Camon_19_Neo_CH6i_MT6768_GL_V1799_221203.zip,,,,SOURCE_UNSPECIFIED,,TECNO,,,https://naijarom.com/tecno-camon-19-neo-ch6i,firmware-atlas
Tecno_Camon_19_Neo_CH6i_MT6768_RU_V1477_220922.zip,,,,SOURCE_UNSPECIFIED,,TECNO,,,https://naijarom.com/tecno-camon-19-neo-ch6i,firmware-atlas
Tecno_Camon_19_Neo_CH6i_MT6768_TR_V1476_220922.zip,,,,SOURCE_UNSPECIFIED,,TECNO,,,https://naijarom.com/tecno-camon-19-neo-ch6i,firmware-atlas
Tecno_Camon_19_Pro_5G_MT6833_V35_220505.zip,,,,SOURCE_UNSPECIFIED,,TECNO,,,https://naijarom.com/tecno-camon-19-pro-5g,firmware-atlas
Tecno_Camon_20_CK6N_MT6768_OP_V1436_250417.zip,,,,SOURCE_UNSPECIFIED,,TECNO,,,https://naijarom.com/tecno-camon-20-ck6n,firmware-atlas
Tecno_Camon_20_Pro_5G_CK8N_MT6893_V1611_23230531.zip,,,,SOURCE_UNSPECIFIED,,TECNO,,,https://naijarom.com/tecno-camon-20-pro-5g-ck8n,firmware-atlas
Tecno_Camon_20_Pro_CK6N_MT6768_OP_V1436_250417.zip,,,,SOURCE_UNSPECIFIED,,TECNO,,,https://naijarom.com/tecno-camon-20-pro-ck6n,firmware-atlas
Tecno_Camon_30_5G_CL7K_MT6855_IN_V367_240515_MXML.zip,,,,SOURCE_UNSPECIFIED,,TECNO,,,https://naijarom.com/tecno-camon-30-5g-cl7k,firmware-atlas
Tecno_Camon_30_5G_CL7K_MT6855_IN_V383_240618_MXML.zip,,,,SOURCE_UNSPECIFIED,,TECNO,,,https://naijarom.com/tecno-camon-30-5g-cl7k,firmware-atlas
Tecno_Camon_30_CL6_MT6789_OP_V1189_240220_MXML.zip,,,,SOURCE_UNSPECIFIED,,TECNO,,,https://naijarom.com/tecno-camon-30-cl6,firmware-atlas
Tecno_Camon_30_CL6_MT6789_TR_V2588_241212_MXML.zip,,,,SOURCE_UNSPECIFIED,,TECNO,,,https://naijarom.com/tecno-camon-30-cl6,firmware-atlas
Tecno_Camon_30_Pro_CL8_MT6895_RU_V1043_240315_MXML.zip,,,,SOURCE_UNSPECIFIED,,TECNO,,,https://naijarom.com/tecno-camon-30-pro-cl8,firmware-atlas
Tecno_Camon_30_Pro_CL8_MT6895_TR_V1982_240928_MXML.zip,,,,SOURCE_UNSPECIFIED,,TECNO,,,https://naijarom.com/tecno-camon-30-pro-cl8,firmware-atlas
Tecno_Camon_30S_CLA5_MT6789_15.1.0.159SP01_RU001PF001AZ_090925_MXML.zip,Camon 30S,CLA5,15.1.0.159SP01,RU001PF001AZ,MT6789,TECNO,,090925,https://naijarom.com/tecno-camon-30s-cla5,firmware-atlas
Tecno_Camon_40_4G_CM5_MT6789_16.2.0.135SP22_RU005PF001AZ_MXML.zip,Camon 40 4G,CM5,16.2.0.135SP22,RU005PF001AZ,MT6789,TECNO,,,https://naijarom.com/tecno-camon-40-4g-cm5,firmware-atlas
Tecno_Camon_40_4G_CM5_MT6789_16.2.0.150SP11_OPPJ005PF001PJ_MXML.zip,Camon 40 4G,CM5,16.2.0.150SP11,OPPJ005PF001PJ,MT6789,TECNO,,,https://naijarom.com/tecno-camon-40-4g-cm5,firmware-atlas
Tecno_Camon_40_4G_CM5_MT6789_16.2.0.150SP11_RU005PF001AZ_MXML.zip,Camon 40 4G,CM5,16.2.0.150SP11,RU005PF001AZ,MT6789,TECNO,,,https://naijarom.com/tecno-camon-40-4g-cm5,firmware-atlas
Tecno_Camon_40_4G_CM5_MT6789_16.2.0.150SP11_TR005PF001AZ_MXML.zip,Camon 40 4G,CM5,16.2.0.150SP11,TR005PF001AZ,MT6789,TECNO,,,https://naijarom.com/tecno-camon-40-4g-cm5,firmware-atlas
Tecno_Camon_40_CM5_MT6789_15.1.2.128_RU001PF001AZ_111025_MXML.zip,Camon 40,CM5,15.1.2.128,RU001PF001AZ,MT6789,TECNO,,111025,https://naijarom.com/tecno-camon-40-cm5,firmware-atlas
Tecno_Camon_40_CM5_MT6789_16.2.0.135SP22_OPPJ005PF001PJ_MXML.zip,Camon 40,CM5,16.2.0.135SP22,OPPJ005PF001PJ,MT6789,TECNO,,,https://naijarom.com/tecno-camon-40-cm5,firmware-atlas
Tecno_Camon_40_CM5_MT6789_16.2.0.135SP22_RU005PF001AZ_MXML.zip,Camon 40,CM5,16.2.0.135SP22,RU005PF001AZ,MT6789,TECNO,,,https://naijarom.com/tecno-camon-40-cm5,firmware-atlas
Tecno_Camon_40_CM5_MT6789_16.2.0.150SP11_OPPJ005PF001PJ_MXML.zip,Camon 40,CM5,16.2.0.150SP11,OPPJ005PF001PJ,MT6789,TECNO,,,https://naijarom.com/tecno-camon-40-cm5,firmware-atlas
Tecno_Camon_40_CM5_MT6789_16.2.0.150SP11_RU005PF001AZ_MXML.zip,Camon 40,CM5,16.2.0.150SP11,RU005PF001AZ,MT6789,TECNO,,,https://naijarom.com/tecno-camon-40-cm5,firmware-atlas
Tecno_Camon_40_CM5_MT6789_16.2.0.150SP11_TR005PF001AZ_MXML.zip,Camon 40,CM5,16.2.0.150SP11,TR005PF001AZ,MT6789,TECNO,,,https://naijarom.com/tecno-camon-40-cm5,firmware-atlas
Tecno_Camon_40_Premier_5G_CM8_MT6897_15.0.2.109SP09_OP001PF001AZ_130325_MXML.zip,Camon 40 Premier 5G,CM8,15.0.2.109SP09,OP001PF001AZ,MT6897,TECNO,,130325,https://naijarom.com/tecno-camon-40-premier-5g-cm8,firmware-atlas
Tecno_Camon_40_Pro_5G_CM7_MT6878_15.1.0.153SP03_OP001PF001AZ_030925.zip,Camon 40 Pro 5G,CM7,15.1.0.153SP03,OP001PF001AZ,MT6878,TECNO,,030925,https://naijarom.com/tecno-camon-40-pro-5g-cm7,firmware-atlas
Tecno_Camon_40_Pro_5G_CM7_MT6878_16.2.0.145SP05_RU003PF001AZ_MXML.zip,Camon 40 Pro 5G,CM7,16.2.0.145SP05,RU003PF001AZ,MT6878,TECNO,,,https://naijarom.com/tecno-camon-40-pro-5g-cm7,firmware-atlas
Tecno_Camon_40_Pro_CM6_MT6789_16.2.0.135SP22_RU008PF001AZ_MXML.zip,Camon 40 Pro,CM6,16.2.0.135SP22,RU008PF001AZ,MT6789,TECNO,,,https://naijarom.com/tecno-camon-40-pro-cm6,firmware-atlas
Tecno_Camon_40_Pro_CM6_MT6789_16.2.0.150SP11_OPPJ004PF001PJ_MXML.zip,Camon 40 Pro,CM6,16.2.0.150SP11,OPPJ004PF001PJ,MT6789,TECNO,,,https://naijarom.com/tecno-camon-40-pro-cm6,firmware-atlas
Tecno_Camon_40_Pro_CM6_MT6789_16.2.0.150SP11_RU004PF001AZ_MXML.zip,Camon 40 Pro,CM6,16.2.0.150SP11,RU004PF001AZ,MT6789,TECNO,,,https://naijarom.com/tecno-camon-40-pro-cm6,firmware-atlas
Tecno_Camon_50_4G_CN5_MT6789_16.1.0.150SP14_OP003PF001AZ_010126_MXML.zip,Camon 50 4G,CN5,16.1.0.150SP14,OP003PF001AZ,MT6789,TECNO,,010126,https://naijarom.com/tecno-camon-50-4g-cn5,firmware-atlas
Tecno_Camon_50_4G_CN5_MT6789_16.1.0.160SP15_OP006PF001AZ_260511_MXML.zip,Camon 50 4G,CN5,16.1.0.160SP15,OP006PF001AZ,MT6789,TECNO,,260511,https://naijarom.com/tecno-camon-50-4g-cn5,firmware-atlas
Tecno_Camon_50_4G_CN5_MT6789_16.2.0.145SP02_TR003PF001AZ_MXML.zip,Camon 50 4G,CN5,16.2.0.145SP02,TR003PF001AZ,MT6789,TECNO,,,https://naijarom.com/tecno-camon-50-4g-cn5,firmware-atlas
Tecno_Camon_50_4G_CN5_MT6789_16.2.0.145SP05_RU005PF001AZ_MXML.zip,Camon 50 4G,CN5,16.2.0.145SP05,RU005PF001AZ,MT6789,TECNO,,,https://naijarom.com/tecno-camon-50-4g-cn5,firmware-atlas
Tecno_Camon_50_Pro_4G_CN5C_MT6789_16.1.0.150SP14_OP003PF001AZ_010126_MXML.zip,Camon 50 Pro 4G,CN5C,16.1.0.150SP14,OP003PF001AZ,MT6789,TECNO,,010126,https://naijarom.com/tecno-camon-50-pro-4g-cn5c,firmware-atlas
Tecno_Camon_50_Pro_5G_CN7C_MT6878_16.2.0.145SP05_RU005PF001AZ_MXML.zip,Camon 50 Pro 5G,CN7C,16.2.0.145SP05,RU005PF001AZ,MT6878,TECNO,,,https://naijarom.com/tecno-camon-50-pro-5g-cn7c,firmware-atlas
Tecno_Camon_50_Pro_5G_CN7C_MT6878_16.2.0.145SP05_TR005PF001AZ_MXML.zip,Camon 50 Pro 5G,CN7C,16.2.0.145SP05,TR005PF001AZ,MT6878,TECNO,,,https://naijarom.com/tecno-camon-50-pro-5g-cn7c,firmware-atlas
Tecno_Camon_50_Pro_5G_CN7C_MT6878_16.2.0.140SP13_OP007PF001M1_MXML.zip,Camon 50 Pro 5G,CN7C,16.2.0.140SP13,OP007PF001M1,MT6878,TECNO,,,https://naijarom.com/tecno-camon-50-pro-5g-cn7c,firmware-atlas
Tecno_Camon_50_Pro_5G_CN7C_MT6878_16.1.0.135SP11_OPPJ001PF001PJ_MXML.zip,Camon 50 Pro 5G,CN7C,16.1.0.135SP11,OPPJ001PF001PJ,MT6878,TECNO,,,https://naijarom.com/tecno-camon-50-pro-5g-cn7c,firmware-atlas
Tecno_Camon_50_Pro_5G_CN7C_MT6878_16.1.0.135SP11_RU001PF001AZ_MXML.zip,Camon 50 Pro 5G,CN7C,16.1.0.135SP11,RU001PF001AZ,MT6878,TECNO,,,https://naijarom.com/tecno-camon-50-pro-5g-cn7c,firmware-atlas
Tecno_Camon_50_Pro_5G_CN7C_MT6878_16.2.0.150SP13_OP006PF001M1_MXML.zip,Camon 50 Pro 5G,CN7C,16.2.0.150SP13,OP006PF001M1,MT6878,TECNO,,,https://naijarom.com/tecno-camon-50-pro-5g-cn7c,firmware-atlas
Tecno_Camon_50_Pro_5G_CN7C_MT6878_16.1.0.160SP13_RU007PF001AZ_MXML.zip,Camon 50 Pro 5G,CN7C,16.1.0.160SP13,RU007PF001AZ,MT6878,TECNO,,,https://naijarom.com/tecno-camon-50-pro-5g-cn7c,firmware-atlas
Tecno_Camon_50_Pro_CN5C_MT6789_16.2.0.150SP07_OPPJ004PF001PJ_MXML.zip,Camon 50 Pro,CN5C,16.2.0.150SP07,OPPJ004PF001PJ,MT6789,TECNO,,,https://naijarom.com/tecno-camon-50-pro-cn5c,firmware-atlas
Tecno_Camon_50_Ultra_5G_CN7C_MT6878_16.2.0.145SP05_RU005PF001AZ_MXML.zip,Camon 50 Ultra 5G,CN7C,16.2.0.145SP05,RU005PF001AZ,MT6878,TECNO,,,https://naijarom.com/tecno-camon-50-ultra-5g-cn7c,firmware-atlas
Tecno_Camon_50_Ultra_5G_CN7C_MT6878_16.2.0.145SP05_TR005PF001AZ_MXML.zip,Camon 50 Ultra 5G,CN7C,16.2.0.145SP05,TR005PF001AZ,MT6878,TECNO,,,https://naijarom.com/tecno-camon-50-ultra-5g-cn7c,firmware-atlas
Tecno_Camon_50_Ultra_5G_CN7C_MT6878_16.2.0.140SP13_OP007PF001M1_MXML.zip,Camon 50 Ultra 5G,CN7C,16.2.0.140SP13,OP007PF001M1,MT6878,TECNO,,,https://naijarom.com/tecno-camon-50-ultra-5g-cn7c,firmware-atlas
Tecno_Camon_50_Ultra_5G_CN7C_MT6878_16.1.0.135SP11_OPPJ001PF001PJ_MXML.zip,Camon 50 Ultra 5G,CN7C,16.1.0.135SP11,OPPJ001PF001PJ,MT6878,TECNO,,,https://naijarom.com/tecno-camon-50-ultra-5g-cn7c,firmware-atlas
Tecno_Camon_50_Ultra_5G_CN7C_MT6878_16.1.0.135SP11_RU001PF001AZ_MXML.zip,Camon 50 Ultra 5G,CN7C,16.1.0.135SP11,RU001PF001AZ,MT6878,TECNO,,,https://naijarom.com/tecno-camon-50-ultra-5g-cn7c,firmware-atlas
Tecno_Camon_50_Ultra_5G_CN7C_MT6878_16.2.0.150SP13_OP006PF001M1_MXML.zip,Camon 50 Ultra 5G,CN7C,16.2.0.150SP13,OP006PF001M1,MT6878,TECNO,,,https://naijarom.com/tecno-camon-50-ultra-5g-cn7c,firmware-atlas
Tecno_Camon_50_Ultra_5G_CN7C_MT6878_16.1.0.160SP13_OP007PF001AZ_MXML.zip,Camon 50 Ultra 5G,CN7C,16.1.0.160SP13,OP007PF001AZ,MT6878,TECNO,,,https://naijarom.com/tecno-camon-50-ultra-5g-cn7c,firmware-atlas
Tecno_Camon_50_Ultra_5G_CN7C_MT6878_16.1.0.160SP13_RU007PF001AZ_MXML.zip,Camon 50 Ultra 5G,CN7C,16.1.0.160SP13,RU007PF001AZ,MT6878,TECNO,,,https://naijarom.com/tecno-camon-50-ultra-5g-cn7c,firmware-atlas
Tecno_Camon_C5_MT6735_20150915.zip,,,,SOURCE_UNSPECIFIED,,TECNO,,,https://naijarom.com/tecno-camon-c5,firmware-atlas
Tecno_Camon_C7_MT6735_V9_160705.zip,,,,SOURCE_UNSPECIFIED,,TECNO,,,https://naijarom.com/tecno-camon-c7,firmware-atlas
Tecno_Camon_C8_MT6735_20150702.zip,,,,SOURCE_UNSPECIFIED,,TECNO,,,https://naijarom.com/tecno-camon-c8,firmware-atlas
Tecno_Camon_C8_Clone_8810_6820_HYNIX_H8BCS0UN0MCR_MIRA.zip,,,,SOURCE_UNSPECIFIED,,TECNO,,,https://naijarom.com/tecno-camon-c8-clone,firmware-atlas
Tecno_C9_Plus_MT6753_03122016.zip,,,,SOURCE_UNSPECIFIED,,TECNO,,,https://naijarom.com/tecno-camon-c9-plus,firmware-atlas
Tecno_Camon_C9S_MT6753_V7_160826.zip,,,,SOURCE_UNSPECIFIED,,TECNO,,,https://naijarom.com/tecno-camon-c9s,firmware-atlas
Tecno_Camon_CA6_MT6737T_V59_190307.zip,,,,SOURCE_UNSPECIFIED,,TECNO,,,https://naijarom.com/tecno-camon-ca6,firmware-atlas
Tecno_Camon_CA6_MT6735_IN_V69_191112.zip,,,,SOURCE_UNSPECIFIED,,TECNO,,,https://naijarom.com/tecno-camon-ca6,firmware-atlas
Tecno_Camon_CM_CA6_MT6737T_V55_20180324_7.0.zip,,,,SOURCE_UNSPECIFIED,,TECNO,,,https://naijarom.com/tecno-camon-cm-ca6,firmware-atlas
Tecno_Camon_CM_CA6S_MT6737T_V28_180116.zip,,,,SOURCE_UNSPECIFIED,,TECNO,,,https://naijarom.com/tecno-camon-cm-ca6s,firmware-atlas
Tecno_Camon_CM_CA6S_MT6737T_KESF_V61_190617.zip,,,,SOURCE_UNSPECIFIED,,TECNO,,,https://naijarom.com/tecno-camon-cm-ca6s,firmware-atlas
Tecno_Camon_CX_MT6755_V91_170303.zip,,,,SOURCE_UNSPECIFIED,,TECNO,,,https://naijarom.com/tecno-camon-cx,firmware-atlas
Tecno_Camon_CXS_MT6750_H501S_20170515_7.0.zip,,,,SOURCE_UNSPECIFIED,,TECNO,,,https://naijarom.com/tecno-camon-cxs,firmware-atlas
Tecno_Camon_I_MT6737T_IN5.zip,,,,SOURCE_UNSPECIFIED,,TECNO,,,https://naijarom.com/tecno-camon-i,firmware-atlas
Tecno_Camon_I2_ID5_MT6739_V152_20190620.zip,,,,SOURCE_UNSPECIFIED,,TECNO,,,https://naijarom.com/tecno-camon-i2-id5,firmware-atlas
Tecno_Camon_i2X_MT6765_V63_181017.zip,,,,SOURCE_UNSPECIFIED,,TECNO,,,https://naijarom.com/tecno-camon-i2x,firmware-atlas
Tecno_Camon_i2X_ID5b_MT6765_V108_20190613.zip,,,,SOURCE_UNSPECIFIED,,TECNO,,,https://naijarom.com/tecno-camon-i2x-id5b,firmware-atlas
Tecno_Camon_iAce_2_KB2_MT6761_V91_181219.zip,,,,SOURCE_UNSPECIFIED,,TECNO,,,https://naijarom.com/tecno-camon-iace-2-kb2,firmware-atlas
Tecno_Camon_iAce_2_KB2_MT6761_V155_20190618.zip,,,,SOURCE_UNSPECIFIED,,TECNO,,,https://naijarom.com/tecno-camon-iace-2-kb2,firmware-atlas
Tecno_Camon_iAce_2X_KB2J_MT6761_V25_190103.zip,,,,SOURCE_UNSPECIFIED,,TECNO,,,https://naijarom.com/tecno-camon-iace-2x-kb2j,firmware-atlas
Tecno_Camon_iAir_2_Plus_ID3K_MT6761_V83_180914.zip,,,,SOURCE_UNSPECIFIED,,TECNO,,,https://naijarom.com/tecno-camon-iair-2-plus-id3k,firmware-atlas
Tecno_Camon_iAir_IN3_MT6737T_V88_180131.zip,,,,SOURCE_UNSPECIFIED,,TECNO,,,https://naijarom.com/tecno-camon-iair-in3,firmware-atlas
Tecno_Camon_iAir_IN3_MT6737T_IN_V146_181213.zip,,,,SOURCE_UNSPECIFIED,,TECNO,,,https://naijarom.com/tecno-camon-iair-in3,firmware-atlas
Tecno_Camon_iAir_IN3_MT6737T_IN_V161_190731.zip,,,,SOURCE_UNSPECIFIED,,TECNO,,,https://naijarom.com/tecno-camon-iair-in3,firmware-atlas
Tecno_Camon_iClick_2_ID6_MT6765_V200_20190613.zip,,,,SOURCE_UNSPECIFIED,,TECNO,,,https://naijarom.com/tecno-camon-iclick-2-id6,firmware-atlas
Tecno_Camon_ID3V_MT6761_V82_180911.zip,,,,SOURCE_UNSPECIFIED,,TECNO,,,https://naijarom.com/tecno-camon-id3v,firmware-atlas
Tecno_Camon_ID5B_MT6765_V31_180829.zip,,,,SOURCE_UNSPECIFIED,,TECNO,,,https://naijarom.com/tecno-camon-id5b,firmware-atlas
Tecno_Camon_iTwin_IA5_V19_180820_QFIL.zip,,,,SOURCE_UNSPECIFIED,,TECNO,,,https://naijarom.com/tecno-camon-itwin-ia5,firmware-atlas
Tecno_Camon_Slim_CN6C_MT6789_16.3.0.130SP06_OP002PF001AZ_MXML.zip,Camon Slim,CN6C,16.3.0.130SP06,OP002PF001AZ,MT6789,TECNO,,,https://naijarom.com/tecno-camon-slim-cn6c,firmware-atlas
Tecno_Camon_Slim_CN6C_MT6789_16.3.0.115SP05_OPPJ004PF001PJ_MXML.zip,Camon Slim,CN6C,16.3.0.115SP05,OPPJ004PF001PJ,MT6789,TECNO,,,https://naijarom.com/tecno-camon-slim-cn6c,firmware-atlas
Tecno_Camon_Slim_CN6C_MT6789_16.3.0.115SP08_OPPJ005PF001PJ_MXML.zip,Camon Slim,CN6C,16.3.0.115SP08,OPPJ005PF001PJ,MT6789,TECNO,,,https://naijarom.com/tecno-camon-slim-cn6c,firmware-atlas
Tecno_Camon_Slim_CN6C_MT6789_16.3.0.130SP06_OPPJ002PF001PJ_MXML.zip,Camon Slim,CN6C,16.3.0.130SP06,OPPJ002PF001PJ,MT6789,TECNO,,,https://naijarom.com/tecno-camon-slim-cn6c,firmware-atlas
Tecno_Camon_X688_V01_20170119_SPD.zip,,,,SOURCE_UNSPECIFIED,,TECNO,,,https://naijarom.com/tecno-camon-x688,firmware-atlas
Tecno_Camon_X688_Clone_V01_20170119_SPD.zip,,,,SOURCE_UNSPECIFIED,,TECNO,,,https://naijarom.com/tecno-camon-x688-clone,firmware-atlas
Tecno_Camon_X_Pro_CA8S_MT6763_V67_190617.zip,,,,SOURCE_UNSPECIFIED,,TECNO,,,https://naijarom.com/tecno-camon-x-pro-ca8s,firmware-atlas
Tecno_CC6_MT6761_V160_191023_SPMDT.zip,,,,SOURCE_UNSPECIFIED,,TECNO,,,https://naijarom.com/tecno-cc6,firmware-atlas
Tecno_CX_Air_MT6737M_171222_7.0.zip,,,,SOURCE_UNSPECIFIED,,TECNO,,,https://naijarom.com/tecno-cx-air,firmware-atlas
Tecno_D1_MT6572_V1_20131024.zip,,,,SOURCE_UNSPECIFIED,,TECNO,,,https://naijarom.com/tecno-d1,firmware-atlas
Tecno_D1_MT6572_V2_20130826.zip,,,,SOURCE_UNSPECIFIED,,TECNO,,,https://naijarom.com/tecno-d1,firmware-atlas
Tecno_D3_MT6575_14012014.zip,,,,SOURCE_UNSPECIFIED,,TECNO,,,https://naijarom.com/tecno-d3,firmware-atlas
Tecno_D5_MT6575_31122014.zip,,,,SOURCE_UNSPECIFIED,,TECNO,,,https://naijarom.com/tecno-d5,firmware-atlas
Tecno_D7_MT6572_20130913.zip,,,,SOURCE_UNSPECIFIED,,TECNO,,,https://naijarom.com/tecno-d7,firmware-atlas
Tecno_D9_MT6582_20131024.zip,,,,SOURCE_UNSPECIFIED,,TECNO,,,https://naijarom.com/tecno-d9,firmware-atlas
Tecno_DP10A_MT6735M_V12_170407.zip,,,,SOURCE_UNSPECIFIED,,TECNO,,,https://naijarom.com/tecno-dp10a,firmware-atlas
Tecno_Dridpad_10D_P904_MT6737M_V80_190927.zip,,,,SOURCE_UNSPECIFIED,,TECNO,,,https://naijarom.com/tecno-dridpad-10d-p904,firmware-atlas
Tecno_Droidpad_8D_MT6735M_PA02_A1_L_20160215.zip,,,,SOURCE_UNSPECIFIED,,TECNO,,,https://naijarom.com/tecno-droidpad-8d,firmware-atlas
Tecno_Droidpad_8D_MT6735M_PA02_A1_L_20170412.zip,,,,SOURCE_UNSPECIFIED,,TECNO,,,https://naijarom.com/tecno-droidpad-8d,firmware-atlas
Tecno_DroiPad_10_ProII_DP10A_MT6735_20170420.zip,,,,SOURCE_UNSPECIFIED,,TECNO,,,https://naijarom.com/tecno-droipad-10-proii-dp10a,firmware-atlas
Tecno_DroiPad_7C_Pro_MT6580_DP7CPRO_B1_L_160607_5.1.zip,,,,SOURCE_UNSPECIFIED,,TECNO,,,https://naijarom.com/tecno-droipad-7c-pro,firmware-atlas
Tecno_DroiPad_7C_Pro_MT6580_DP7CPRO_B2_L_161020.zip,,,,SOURCE_UNSPECIFIED,,TECNO,,,https://naijarom.com/tecno-droipad-7c-pro,firmware-atlas
Tecno_DroiPad_7C_Pro_MT6580_DP7CPRO_C2_L_KE_Safaricom_161111.zip,,,,SOURCE_UNSPECIFIED,,TECNO,,,https://naijarom.com/tecno-droipad-7c-pro,firmware-atlas
Tecno_Droipad_7D_Pro_LTE_P702_MT6737M_V21_170526.zip,,,,SOURCE_UNSPECIFIED,,TECNO,,,https://naijarom.com/tecno-droipad-7d-pro-lte-p702,firmware-atlas
Tecno_DroiPad_8D_MT6735M_A1_L_170412.zip,,,,SOURCE_UNSPECIFIED,,TECNO,,,https://naijarom.com/tecno-droipad-8d,firmware-atlas
Tecno_DroiPad_8D_MT6735M_A2_L_160722.zip,,,,SOURCE_UNSPECIFIED,,TECNO,,,https://naijarom.com/tecno-droipad-8d,firmware-atlas
Tecno_F1_MT6580_V4_181120.zip,,,,SOURCE_UNSPECIFIED,,TECNO,,,https://naijarom.com/tecno-f1,firmware-atlas
Tecno_F1_MT6580_V6_181220.zip,,,,SOURCE_UNSPECIFIED,,TECNO,,,https://naijarom.com/tecno-f1,firmware-atlas
Tecno_F1_MT6580_V7_190119.zip,,,,SOURCE_UNSPECIFIED,,TECNO,,,https://naijarom.com/tecno-f1,firmware-atlas
Tecno_F1_Pro_MT6580_V2_180706.zip,,,,SOURCE_UNSPECIFIED,,TECNO,,,https://naijarom.com/tecno-f1-pro,firmware-atlas
Tecno_F1_Pro_MT6580_V3_180804.zip,,,,SOURCE_UNSPECIFIED,,TECNO,,,https://naijarom.com/tecno-f1-pro,firmware-atlas
Tecno_F2_MT6580_V7_180304.zip,,,,SOURCE_UNSPECIFIED,,TECNO,,,https://naijarom.com/tecno-f2,firmware-atlas
Tecno_F2_LTE_MT6739_V58_181217.zip,,,,SOURCE_UNSPECIFIED,,TECNO,,,https://naijarom.com/tecno-f2-lte,firmware-atlas
Tecno_F2_MT6580_V15_190125.zip,,,,SOURCE_UNSPECIFIED,,TECNO,,,https://naijarom.com/tecno-f2-lte,firmware-atlas
Tecno_F3_Pro_MT6580_V98_181220.zip,,,,SOURCE_UNSPECIFIED,,TECNO,,,https://naijarom.com/tecno-f3-pro,firmware-atlas
Tecno_F4_MT6739_V58_180620.zip,,,,SOURCE_UNSPECIFIED,,TECNO,,,https://naijarom.com/tecno-f4,firmware-atlas
Tecno_F4_Pro_MT6739_V63_180711.zip,,,,SOURCE_UNSPECIFIED,,TECNO,,,https://naijarom.com/tecno-f4-pro,firmware-atlas
Tecno_F4_Pro_MT6739_V86_180824_8.1.0.zip,,,,SOURCE_UNSPECIFIED,,TECNO,,,https://naijarom.com/tecno-f4-pro,firmware-atlas
Tecno_F5_MT6572_20140506.zip,,,,SOURCE_UNSPECIFIED,,TECNO,,,https://naijarom.com/tecno-f5,firmware-atlas
Tecno_F6_MT6582_20140608.zip,,,,SOURCE_UNSPECIFIED,,TECNO,,,https://naijarom.com/tecno-f6,firmware-atlas
Tecno_F7_MT6589_T09_20130622.zip,,,,SOURCE_UNSPECIFIED,,TECNO,,,https://naijarom.com/tecno-f7,firmware-atlas
Tecno_F7_MT6589_261114_4.2.2.zip,,,,SOURCE_UNSPECIFIED,,TECNO,,,https://naijarom.com/tecno-f7,firmware-atlas
Tecno_F7CS_MT6582_20150710.zip,,,,SOURCE_UNSPECIFIED,,TECNO,,,https://naijarom.com/tecno-f7cs,firmware-atlas
Tecno_F8_MT6589_20130813.zip,,,,SOURCE_UNSPECIFIED,,TECNO,,,https://naijarom.com/tecno-f8,firmware-atlas
Tecno_G9_MT6582_V0.2.2_20140924.zip,,,,SOURCE_UNSPECIFIED,,TECNO,,,https://naijarom.com/tecno-g9,firmware-atlas
Tecno_H3_MT6572_20141024.zip,,,,SOURCE_UNSPECIFIED,,TECNO,,,https://naijarom.com/tecno-h3,firmware-atlas
Tecno_H5_MT6572_20140113.zip,,,,SOURCE_UNSPECIFIED,,TECNO,,,https://naijarom.com/tecno-h5,firmware-atlas
Tecno_H5_MT6572_20140610.zip,,,,SOURCE_UNSPECIFIED,,TECNO,,,https://naijarom.com/tecno-h5,firmware-atlas
Tecno_H5_MT6572_20140626.zip,,,,SOURCE_UNSPECIFIED,,TECNO,,,https://naijarom.com/tecno-h5,firmware-atlas
Tecno_H6_MT6582_20150707.zip,,,,SOURCE_UNSPECIFIED,,TECNO,,,https://naijarom.com/tecno-h6,firmware-atlas
Tecno_H6_MT6582_20151802.zip,,,,SOURCE_UNSPECIFIED,,TECNO,,,https://naijarom.com/tecno-h6,firmware-atlas
Tecno_H7_MT6582_20140114_4.2.2.zip,,,,SOURCE_UNSPECIFIED,,TECNO,,,https://naijarom.com/tecno-h7,firmware-atlas
Tecno_H7_Plus_MT6582_140731.zip,,,,SOURCE_UNSPECIFIED,,TECNO,,,https://naijarom.com/tecno-h7-plus,firmware-atlas
Tecno_H7S_LTE_MT6582_MQ16_141104.zip,,,,SOURCE_UNSPECIFIED,,TECNO,,,https://naijarom.com/tecno-h7s,firmware-atlas
Tecno_I3_MT6737M_21122016.zip,,,,SOURCE_UNSPECIFIED,,TECNO,,,https://naijarom.com/tecno-i3,firmware-atlas
Tecno_i5_MT6737T_170624.zip,,,,SOURCE_UNSPECIFIED,,TECNO,,,https://naijarom.com/tecno-i5,firmware-atlas
Tecno_i5_Pro_MT6737T_24032017.zip,,,,SOURCE_UNSPECIFIED,,TECNO,,,https://naijarom.com/tecno-i5-pro,firmware-atlas
Tecno_IA5_IN_V15_180428_QFIL.zip,,,,SOURCE_UNSPECIFIED,,TECNO,,,https://naijarom.com/tecno-ia5-in,firmware-atlas
Tecno_iClick_IN6_MT6763_V96_180409.zip,,,,SOURCE_UNSPECIFIED,,TECNO,,,https://naijarom.com/tecno-iclick-in6,firmware-atlas
Tecno_IN5_MT6737T_V25_180407.zip,,,,SOURCE_UNSPECIFIED,,TECNO,,,https://naijarom.com/tecno-in5,firmware-atlas
Tecno_IN5_MT6737T_V43_190319_7.0.zip,,,,SOURCE_UNSPECIFIED,,TECNO,,,https://naijarom.com/tecno-in5,firmware-atlas
Tecno_IN5_MT6737T_V74_171130.zip,,,,SOURCE_UNSPECIFIED,,TECNO,,,https://naijarom.com/tecno-in5,firmware-atlas
Tecno_J7_MT6582_20150309.zip,,,,SOURCE_UNSPECIFIED,,TECNO,,,https://naijarom.com/tecno-j7,firmware-atlas
Tecno_J7_MT6582_20150425.zip,,,,SOURCE_UNSPECIFIED,,TECNO,,,https://naijarom.com/tecno-j7,firmware-atlas
Tecno_J7_MT6582_20150706.zip,,,,SOURCE_UNSPECIFIED,,TECNO,,,https://naijarom.com/tecno-j7,firmware-atlas
Tecno_K8_SC7731_20180724_6.0_SPD.zip,,,,SOURCE_UNSPECIFIED,,TECNO,,,https://naijarom.com/tecno-k8,firmware-atlas
Tecno_K9_MT6580_V95_170707_7.0.zip,,,,SOURCE_UNSPECIFIED,,TECNO,,,https://naijarom.com/tecno-k9,firmware-atlas
Tecno_KG5N_V021_220415_11_SPD.zip,,,,SOURCE_UNSPECIFIED,,TECNO,,,https://naijarom.com/tecno-kg5n,firmware-atlas
Tecno_KG5N_RU_V022_220417_11.0_SPD.zip,,,,SOURCE_UNSPECIFIED,,TECNO,,,https://naijarom.com/tecno-kg5n,firmware-atlas
Tecno_KH7H_V027_220420_12_SPD.zip,,,,SOURCE_UNSPECIFIED,,TECNO,,,https://naijarom.com/tecno-kh7h,firmware-atlas
Tecno_KH7H_V050_220609_12_SPD.zip,,,,SOURCE_UNSPECIFIED,,TECNO,,,https://naijarom.com/tecno-kh7h,firmware-atlas
Tecno_KH7H_V74_220708_12_SPD.zip,,,,SOURCE_UNSPECIFIED,,TECNO,,,https://naijarom.com/tecno-kh7h,firmware-atlas
Tecno_KH7H_V142_220906_12_SPD.zip,,,,SOURCE_UNSPECIFIED,,TECNO,,,https://naijarom.com/tecno-kh7h,firmware-atlas
Tecno_L3_MT6575_V0.2.3_20130813.zip,,,,SOURCE_UNSPECIFIED,,TECNO,,,https://naijarom.com/tecno-l3,firmware-atlas
Tecno_L5_MT6580_20151007.zip,,,,SOURCE_UNSPECIFIED,,TECNO,,,https://naijarom.com/tecno-l5,firmware-atlas
Tecno_L6_MT6582_20141202.zip,,,,SOURCE_UNSPECIFIED,,TECNO,,,https://naijarom.com/tecno-l6,firmware-atlas
Tecno_L7_MT6582_140924.zip,,,,SOURCE_UNSPECIFIED,,TECNO,,,https://naijarom.com/tecno-l7,firmware-atlas
Tecno_L8_MT6580_20160605.zip,,,,SOURCE_UNSPECIFIED,,TECNO,,,https://naijarom.com/tecno-l8,firmware-atlas
Tecno_L8_Lite_MT6580_170330_6.0.zip,,,,SOURCE_UNSPECIFIED,,TECNO,,,https://naijarom.com/tecno-l8-lite,firmware-atlas
Tecno_L8_Plus_MT6580_20062016.zip,,,,SOURCE_UNSPECIFIED,,TECNO,,,https://naijarom.com/tecno-l8-plus,firmware-atlas
Tecno_L968_MT6735M_V2_01262016_6.0.zip,,,,SOURCE_UNSPECIFIED,,TECNO,,,https://naijarom.com/tecno-l968,firmware-atlas
Tecno_L9_Plus_MT6580_V289_170411_7.0.zip,,,,SOURCE_UNSPECIFIED,,TECNO,,,https://naijarom.com/tecno-l9-plus,firmware-atlas
Tecno_LE6H_V036_220223_11_SPD.zip,,,,SOURCE_UNSPECIFIED,,TECNO,,,https://naijarom.com/tecno-le6h,firmware-atlas
Tecno_LE6H_V040_220506_11_SPD.zip,,,,SOURCE_UNSPECIFIED,,TECNO,,,https://naijarom.com/tecno-le6h,firmware-atlas
Tecno_LE6H_V54_220914_11_SPD.zip,,,,SOURCE_UNSPECIFIED,,TECNO,,,https://naijarom.com/tecno-le6h,firmware-atlas
Tecno_M3_MT6572_20130821.zip,,,,SOURCE_UNSPECIFIED,,TECNO,,,https://naijarom.com/tecno-m3,firmware-atlas
Tecno_M3_MT6572_20140305.zip,,,,SOURCE_UNSPECIFIED,,TECNO,,,https://naijarom.com/tecno-m3,firmware-atlas
Tecno_M3_MT6572_20141226.zip,,,,SOURCE_UNSPECIFIED,,TECNO,,,https://naijarom.com/tecno-m3,firmware-atlas
Tecno_M5_MT6572_20131128.zip,,,,SOURCE_UNSPECIFIED,,TECNO,,,https://naijarom.com/tecno-m5,firmware-atlas
Tecno_M50_MT6255_X615_6255_CY_M50_B2_07S1031_FMTK.zip,,,,SOURCE_UNSPECIFIED,,TECNO,,,https://naijarom.com/tecno-m50,firmware-atlas
Tecno_M5_Clone_SP7715GA_V3.1.9_2014111_4.4.2_SPD.zip,,,,SOURCE_UNSPECIFIED,,TECNO,,,https://naijarom.com/tecno-m5-clone,firmware-atlas
Tecno_M6_MT6582_20141217.zip,,,,SOURCE_UNSPECIFIED,,TECNO,,,https://naijarom.com/tecno-m6,firmware-atlas
Tecno_M6S_MT6582_Safaricom_20141119.zip,,,,SOURCE_UNSPECIFIED,,TECNO,,,https://naijarom.com/tecno-m6s,firmware-atlas
Tecno_M7_MT6572_20130925.zip,,,,SOURCE_UNSPECIFIED,,TECNO,,,https://naijarom.com/tecno-m7,firmware-atlas
Tecno_M9_MT6589_20131202.zip,,,,SOURCE_UNSPECIFIED,,TECNO,,,https://naijarom.com/tecno-m9,firmware-atlas
Tecno_Megapad_2_T1103_MT6789_16.3.0.125SP03_OP001PF001AZ_MXML.zip,Megapad 2,T1103,16.3.0.125SP03,OP001PF001AZ,MT6789,TECNO,,,https://naijarom.com/tecno-megapad-2-t1103,firmware-atlas
Tecno_Megapad_2_T1103_MT6789_16.3.0.125SP03_RU001PF001AZ_MXML.zip,Megapad 2,T1103,16.3.0.125SP03,RU001PF001AZ,MT6789,TECNO,,,https://naijarom.com/tecno-megapad-2-t1103,firmware-atlas
Tecno_Megapad_SE_2_T1002_MT6768_16.3.0.125SP02_RU002PF001AZ_MXML.zip,Megapad SE 2,T1002,16.3.0.125SP02,RU002PF001AZ,MT6768,TECNO,,,https://naijarom.com/tecno-megapad-se-2-t1002,firmware-atlas
Tecno_MegaPad_SE_2_T1002W_MT6768_16.3.0.125SP10_RU003PF001AZ.zip,MegaPad SE 2,T1002W,16.3.0.125SP10,RU003PF001AZ,MT6768,TECNO,,,https://naijarom.com/tecno-megapad-se-2-t1002w,firmware-atlas
Tecno_MegaPad_SE_T1102W_TR_V35_260131_QFIL.zip,,,,SOURCE_UNSPECIFIED,,TECNO,,,https://naijarom.com/tecno-megapad-se-t1102w,firmware-atlas
Tecno_N2_MT6580_V6_170307.zip,,,,SOURCE_UNSPECIFIED,,TECNO,,,https://naijarom.com/tecno-n2,firmware-atlas
Tecno_N3_020513.zip,,,,SOURCE_UNSPECIFIED,,TECNO,,,https://naijarom.com/tecno-n3,firmware-atlas
Tecno_N5_V4_171020_QPST.zip,,,,SOURCE_UNSPECIFIED,,TECNO,,,https://naijarom.com/tecno-n5,firmware-atlas
Tecno_N5S_21082015_QFIL.zip,,,,SOURCE_UNSPECIFIED,,TECNO,,,https://naijarom.com/tecno-n5s,firmware-atlas
Tecno_N5S_20151018_QFIL.zip,,,,SOURCE_UNSPECIFIED,,TECNO,,,https://naijarom.com/tecno-n5s,firmware-atlas
Tecno_N7_MT6577_08042013.zip,,,,SOURCE_UNSPECIFIED,,TECNO,,,https://naijarom.com/tecno-n7,firmware-atlas
Tecno_N8S_MT6735_V31_160727.zip,,,,SOURCE_UNSPECIFIED,,TECNO,,,https://naijarom.com/tecno-n8s,firmware-atlas
Tecno_N8S_MT6735M_V50_170214.zip,,,,SOURCE_UNSPECIFIED,,TECNO,,,https://naijarom.com/tecno-n8s,firmware-atlas
Tecno_N9S_MT6737M_V004_20160914.zip,,,,SOURCE_UNSPECIFIED,,TECNO,,,https://naijarom.com/tecno-n9s,firmware-atlas
Tecno_P3_26092013.zip,,,,SOURCE_UNSPECIFIED,,TECNO,,,https://naijarom.com/tecno-p3,firmware-atlas
Tecno_P33S_SC8830_V1.0.2_200924_6.0_MIRA.zip,,,,SOURCE_UNSPECIFIED,,TECNO,,,https://naijarom.com/tecno-p33s,firmware-atlas
Tecno_P3_Etisalat_29052013.zip,,,,SOURCE_UNSPECIFIED,,TECNO,,,https://naijarom.com/tecno-p3-etisalat,firmware-atlas
Tecno_P3S_26092013.zip,,,,SOURCE_UNSPECIFIED,,TECNO,,,https://naijarom.com/tecno-p3s,firmware-atlas
Tecno_P5_MT6572_V1_20140313.zip,,,,SOURCE_UNSPECIFIED,,TECNO,,,https://naijarom.com/tecno-p5,firmware-atlas
Tecno_P5_MT6572_V2_20140313.zip,,,,SOURCE_UNSPECIFIED,,TECNO,,,https://naijarom.com/tecno-p5,firmware-atlas
Tecno_P5_Plus_MT6572_20150908_4.2.zip,,,,SOURCE_UNSPECIFIED,,TECNO,,,https://naijarom.com/tecno-p5-plus,firmware-atlas
Tecno_P5S_MT6572_17082013.zip,,,,SOURCE_UNSPECIFIED,,TECNO,,,https://naijarom.com/tecno-p5s,firmware-atlas
Tecno_P6_MT6582_A1_20141230.zip,,,,SOURCE_UNSPECIFIED,,TECNO,,,https://naijarom.com/tecno-p6,firmware-atlas
Tecno_P701_MT6580_V36_170801_7.0.zip,,,,SOURCE_UNSPECIFIED,,TECNO,,,https://naijarom.com/tecno-p701,firmware-atlas
Tecno_P701_MT6580_V26_170523_7.0.zip,,,,SOURCE_UNSPECIFIED,,TECNO,,,https://naijarom.com/tecno-p701,firmware-atlas
Tecno_P702A_MT6737M_V22_180112.zip,,,,SOURCE_UNSPECIFIED,,TECNO,,,https://naijarom.com/tecno-p702a,firmware-atlas
Tecno_P702A_MT6737M_V30_190227.zip,,,,SOURCE_UNSPECIFIED,,TECNO,,,https://naijarom.com/tecno-p702a,firmware-atlas
Tecno_P702AS_MT6737M_V21_190306.zip,,,,SOURCE_UNSPECIFIED,,TECNO,,,https://naijarom.com/tecno-p702as,firmware-atlas
Tecno_P703_M6953AB_GO_MT6580_V27_190301.zip,,,,SOURCE_UNSPECIFIED,,TECNO,,,https://naijarom.com/tecno-p703,firmware-atlas
Tecno_DroiPad_7F_P703_MT6580_GO_V56_210510.zip,,,,SOURCE_UNSPECIFIED,,TECNO,,,https://naijarom.com/tecno-p703,firmware-atlas
Tecno_P9_MT6582_T102_20141103_4.2.2.zip,,,,SOURCE_UNSPECIFIED,,TECNO,,,https://naijarom.com/tecno-p9,firmware-atlas
Tecno_P9_MT6582_T102_20150311_4.4.2.zip,,,,SOURCE_UNSPECIFIED,,TECNO,,,https://naijarom.com/tecno-p9,firmware-atlas
Tecno_Phantom_5_MT6753_MTN_20151123_5.1.zip,,,,SOURCE_UNSPECIFIED,,TECNO,,,https://naijarom.com/tecno-phantom-5,firmware-atlas
Tecno_Phantom_6S_MT6755_V10_160911.zip,,,,SOURCE_UNSPECIFIED,,TECNO,,,https://naijarom.com/tecno-phantom-6s,firmware-atlas
Tecno_Phantom_8S_AX8S_MT6757_V72_170922.zip,,,,SOURCE_UNSPECIFIED,,TECNO,,,https://naijarom.com/tecno-phantom-8s-ax8s,firmware-atlas
Tecno_AB7_H618A_P_MT6765_V148_190419.zip,,,,SOURCE_UNSPECIFIED,,TECNO,,,https://naijarom.com/tecno-phantom-9-ab7,firmware-atlas
Tecno_Phantom_A6S_MT6755_V10_160911.zip,,,,SOURCE_UNSPECIFIED,,TECNO,,,https://naijarom.com/tecno-phantom-a6s,firmware-atlas
Tecno_Phantom_V_Flip_2_5G_AE11_MT6893_15.1.3.112SP12_OP001PF001AZ_260119.zip,Phantom V Flip 2 5G,AE11,15.1.3.112SP12,OP001PF001AZ,MT6893,TECNO,,260119,https://naijarom.com/tecno-phantom-v-flip-2-5g-ae11,firmware-atlas
Tecno_Phantom_V_Flip_AD11_MT6893_15.1.3.122SP03_GL001PF001AZ_260326.zip,Phantom V Flip,AD11,15.1.3.122SP03,GL001PF001AZ,MT6893,TECNO,,260326,https://naijarom.com/tecno-phantom-v-flip-ad11,firmware-atlas
Tecno_Phantom_V_Yoga_AD11_MT6893_15.1.3.122SP03_GL001PF001AZ_260326.zip,Phantom V Yoga,AD11,15.1.3.122SP03,GL001PF001AZ,MT6893,TECNO,,260326,https://naijarom.com/tecno-phantom-v-yoga-ad11,firmware-atlas
Tecno_Phantom_X2_Pro_AD9_MT6983_V1282_240521_MXML.zip,,,,SOURCE_UNSPECIFIED,,TECNO,,,https://naijarom.com/tecno-phantom-x2-pro-ad9,firmware-atlas
Tecno_Phantom_X2_Pro_AD9_MT6983_RU_V1336_240531_MXML.zip,,,,SOURCE_UNSPECIFIED,,TECNO,,,https://naijarom.com/tecno-phantom-x2-pro-ad9,firmware-atlas
Tecno_Phantom_X2_Pro_AD9_MT6983_V1469_240807_MXML.zip,,,,SOURCE_UNSPECIFIED,,TECNO,,,https://naijarom.com/tecno-phantom-x2-pro-ad9,firmware-atlas
Tecno_Phantom_Z_Mini_MT6592_20150429_4.4.2.zip,,,,SOURCE_UNSPECIFIED,,TECNO,,,https://naijarom.com/tecno-phantom-z-mini,firmware-atlas
Tecno_Phonepad_3_PP7F_Pro_MT6735_V53_170509.zip,,,,SOURCE_UNSPECIFIED,,TECNO,,,https://naijarom.com/tecno-phonepad-3-pp7f-pro,firmware-atlas
Tecno_Phonepad_7E_MT6735M_20151113.zip,,,,SOURCE_UNSPECIFIED,,TECNO,,,https://naijarom.com/tecno-phonepad-7e,firmware-atlas
Tecno_Phonepad_7II_PP7E-DLA1_MT6735M_20160701.zip,,,,SOURCE_UNSPECIFIED,,TECNO,,,https://naijarom.com/tecno-phonepad-7ii-pp7e-dla1,firmware-atlas
Tecno_Pop_1S_MT6739_V58_180620.zip,,,,SOURCE_UNSPECIFIED,,TECNO,,,https://naijarom.com/tecno-pop-1s,firmware-atlas
Tecno_Pop_1S_Pro_MT6739_V63_180711.zip,,,,SOURCE_UNSPECIFIED,,TECNO,,,https://naijarom.com/tecno-pop-1s-pro,firmware-atlas
Tecno_Pop_2_Air_SA7S_SC7731E_Voda_V010_20181122_8.1_MIRA.zip,,,,SOURCE_UNSPECIFIED,,TECNO,,,https://naijarom.com/tecno-pop-2-air-sa7s,firmware-atlas
Tecno_Pop_2_Air_SC7S_V015_201028_8.1_SPD.zip,,,,SOURCE_UNSPECIFIED,,TECNO,,,https://naijarom.com/tecno-pop-2-air-sc7s,firmware-atlas
Tecno_Pop_2_Air_SC7S_V016_201230_8.1_SPD.zip,,,,SOURCE_UNSPECIFIED,,TECNO,,,https://naijarom.com/tecno-pop-2-air-sc7s,firmware-atlas
Tecno_Pop_2_Air_SC7S_V018_210425_8.1_SPD.zip,,,,SOURCE_UNSPECIFIED,,TECNO,,,https://naijarom.com/tecno-pop-2-air-sc7s,firmware-atlas
Tecno_Pop_2_B1_MT6580_V70_181114.zip,,,,SOURCE_UNSPECIFIED,,TECNO,,,https://naijarom.com/tecno-pop-2-b1,firmware-atlas
Tecno_Pop_2_B1S_MT6580_V39_190320.zip,,,,SOURCE_UNSPECIFIED,,TECNO,,,https://naijarom.com/tecno-pop-2-b1s,firmware-atlas
Tecno_Pop_2F_B1C_MT6580_V5_220303.zip,,,,SOURCE_UNSPECIFIED,,TECNO,,,https://naijarom.com/tecno-pop-2f-b1c,firmware-atlas
Tecno_Pop_2F_B1C_MT6580_V6_220506.zip,,,,SOURCE_UNSPECIFIED,,TECNO,,,https://naijarom.com/tecno-pop-2f-b1c,firmware-atlas
Tecno_Pop_2F_B1C_MT6580_V7_220711.zip,,,,SOURCE_UNSPECIFIED,,TECNO,,,https://naijarom.com/tecno-pop-2f-b1c,firmware-atlas
Tecno_Pop_2F_B1C_MT6580_V8_220926.zip,,,,SOURCE_UNSPECIFIED,,TECNO,,,https://naijarom.com/tecno-pop-2f-b1c,firmware-atlas
Tecno_Pop_2F_B1C_MT6580_V9_221117.zip,,,,SOURCE_UNSPECIFIED,,TECNO,,,https://naijarom.com/tecno-pop-2f-b1c,firmware-atlas
Tecno_Pop_2F_B1C_MT6580_V10_230109.zip,,,,SOURCE_UNSPECIFIED,,TECNO,,,https://naijarom.com/tecno-pop-2f-b1c,firmware-atlas
Tecno_Pop_2F_B1C_MT6580_OP_V17_231220.zip,,,,SOURCE_UNSPECIFIED,,TECNO,,,https://naijarom.com/tecno-pop-2f-b1c,firmware-atlas
Tecno_Pop_2F_B1G_V005_210116_SPD.zip,,,,SOURCE_UNSPECIFIED,,TECNO,,,https://naijarom.com/tecno-pop-2f-b1g,firmware-atlas
Tecno_BA2_MT6580_V321_190929.zip,,,,SOURCE_UNSPECIFIED,,TECNO,,,https://naijarom.com/tecno-pop-2-plus-ba2,firmware-atlas
Tecno_Pop_2_Plus_RB8S_V07_210427_SPD.zip,,,,SOURCE_UNSPECIFIED,,TECNO,,,https://naijarom.com/tecno-pop-2-plus-rb8s,firmware-atlas
Tecno_Pop_2_Pro_B2_MT6580_V99_181121.zip,,,,SOURCE_UNSPECIFIED,,TECNO,,,https://naijarom.com/tecno-pop-2-pro-b2,firmware-atlas
Tecno_Pop_2S_RA8_MT6761_V34_200226.zip,,,,SOURCE_UNSPECIFIED,,TECNO,,,https://naijarom.com/tecno-pop-2s-ra8,firmware-atlas
Tecno_Pop_2X_Air_RB6S_V013_210227_8.1_SPD.zip,,,,SOURCE_UNSPECIFIED,,TECNO,,,https://naijarom.com/tecno-pop-2x-air-rb6s,firmware-atlas
Tecno_Pop_2X_Plus_RB8S_GO_V09_211224_9.0_SPD.zip,,,,SOURCE_UNSPECIFIED,,TECNO,,,https://naijarom.com/tecno-pop-2x-plus-rb8s,firmware-atlas
Tecno_Pop_2X_RB7S_V012_191223_8.1_SPD.zip,,,,SOURCE_UNSPECIFIED,,TECNO,,,https://naijarom.com/tecno-pop-2x-rb7s,firmware-atlas
Tecno_Pop_3_BB2_MT6580_V8_200514_8.1.zip,,,,SOURCE_UNSPECIFIED,,TECNO,,,https://naijarom.com/tecno-pop-3-bb2,firmware-atlas
Tecno_Pop_4_BC2C_V006_201212_SPD.zip,,,,SOURCE_UNSPECIFIED,,TECNO,,,https://naijarom.com/tecno-pop-4-bc2c,firmware-atlas
Tecno_Pop_4_BC2C_V014_220217_SPD.zip,,,,SOURCE_UNSPECIFIED,,TECNO,,,https://naijarom.com/tecno-pop-4-bc2c,firmware-atlas
Tecno_Pop_5_BD1_V16_221220_SPD.zip,,,,SOURCE_UNSPECIFIED,,TECNO,,,https://naijarom.com/tecno-pop-5-bd1,firmware-atlas
Tecno_Pop_5_BD1_V17_230202_SPD.zip,,,,SOURCE_UNSPECIFIED,,TECNO,,,https://naijarom.com/tecno-pop-5-bd1,firmware-atlas
Tecno_Pop_5_BD1_OP_V20_230713_SPD.zip,,,,SOURCE_UNSPECIFIED,,TECNO,,,https://naijarom.com/tecno-pop-5-bd1,firmware-atlas
Tecno_Pop_5_BD2_V002_210122_SPD.zip,,,,SOURCE_UNSPECIFIED,,TECNO,,,https://naijarom.com/tecno-pop-5-bd2,firmware-atlas
Tecno_Pop_5_BD2_V019_230227_SPD.zip,,,,SOURCE_UNSPECIFIED,,TECNO,,,https://naijarom.com/tecno-pop-5-bd2,firmware-atlas
Tecno_Pop_5_BD2D_MT6580_V1_211008.zip,,,,SOURCE_UNSPECIFIED,,TECNO,,,https://naijarom.com/tecno-pop-5-bd2d,firmware-atlas
Tecno_Pop_5_BD2D_MT6580_V8_220218.zip,,,,SOURCE_UNSPECIFIED,,TECNO,,,https://naijarom.com/tecno-pop-5-bd2d,firmware-atlas
Tecno_Pop_5_BD2P_V2_210416_SPD.zip,,,,SOURCE_UNSPECIFIED,,TECNO,,,https://naijarom.com/tecno-pop-5-bd2p,firmware-atlas
Tecno_Pop_5_BD2P_V4_210509_SPD.zip,,,,SOURCE_UNSPECIFIED,,TECNO,,,https://naijarom.com/tecno-pop-5-bd2p,firmware-atlas
Tecno_Pop_5_BD2P_V6_210619_SPD.zip,,,,SOURCE_UNSPECIFIED,,TECNO,,,https://naijarom.com/tecno-pop-5-bd2p,firmware-atlas
Tecno_Pop_5_BD2P_V8_210825_SPD.zip,,,,SOURCE_UNSPECIFIED,,TECNO,,,https://naijarom.com/tecno-pop-5-bd2p,firmware-atlas
Tecno_Pop_5_BD4_V5_220208_SPD.zip,,,,SOURCE_UNSPECIFIED,,TECNO,,,https://naijarom.com/tecno-pop-5-bd4,firmware-atlas
Tecno_Pop_5_BD4_V9_220210_SPD.zip,,,,SOURCE_UNSPECIFIED,,TECNO,,,https://naijarom.com/tecno-pop-5-bd4,firmware-atlas
Tecno_Pop_5_LTE_BD4i_MT6761_V185_220217.zip,,,,SOURCE_UNSPECIFIED,,TECNO,,,https://naijarom.com/tecno-pop-5-lte-bd4i,firmware-atlas
Tecno_Pop_5_LTE_BD4i_MT6761_V341_220212.zip,,,,SOURCE_UNSPECIFIED,,TECNO,,,https://naijarom.com/tecno-pop-5-lte-bd4i,firmware-atlas
Tecno_Pop_5_Pro_BD4J_MT6761_V441_220212.zip,,,,SOURCE_UNSPECIFIED,,TECNO,,,https://naijarom.com/tecno-pop-5-pro-bd4j,firmware-atlas
Tecno_Pop_6_Go_BE6J_MT6739_OP_V4_240605.zip,,,,SOURCE_UNSPECIFIED,,TECNO,,,https://naijarom.com/tecno-pop-6-go-be6j,firmware-atlas
Tecno_Pop_6_Pro_BE8_MT6761_GL_V1212_240709.zip,,,,SOURCE_UNSPECIFIED,,TECNO,,,https://naijarom.com/tecno-pop-6-pro-be8,firmware-atlas
Tecno_Pop_7_BF6_OP_V709_231012_SPD.zip,,,,SOURCE_UNSPECIFIED,,TECNO,,,https://naijarom.com/tecno-pop-7-bf6,firmware-atlas
Tecno_Pop_8_BG6H_IN_V334_251011_SPD.zip,,,,SOURCE_UNSPECIFIED,,TECNO,,,https://naijarom.com/tecno-pop-8-bg6h,firmware-atlas
Tecno_Pop_8_BG6i_OP_V457_251013_SPD.zip,,,,SOURCE_UNSPECIFIED,,TECNO,,,https://naijarom.com/tecno-pop-8-bg6i,firmware-atlas
Tecno_Pop_BD1_V14_220810_SPD.zip,,,,SOURCE_UNSPECIFIED,,TECNO,,,https://naijarom.com/tecno-pop-bd1,firmware-atlas
Tecno_Pop_BD1_OP_V20_230713_SPD.zip,,,,SOURCE_UNSPECIFIED,,TECNO,,,https://naijarom.com/tecno-pop-bd1,firmware-atlas
Tecno_Pop_Mini_2_SA2S_V033_210804_8.1_SPD.zip,,,,SOURCE_UNSPECIFIED,,TECNO,,,https://naijarom.com/tecno-pop-mini-2-sa2s,firmware-atlas
Tecno_Pouvoir_2_LA7_MT6739_H393A_V128_180608.zip,,,,SOURCE_UNSPECIFIED,,TECNO,,,https://naijarom.com/tecno-pouvoir-2-la7,firmware-atlas
Tecno_Pouvoir_2_LA7_Pro_MT6739_H393A_V149_190109.zip,,,,SOURCE_UNSPECIFIED,,TECNO,,,https://naijarom.com/tecno-pouvoir-2-la7-pro,firmware-atlas
Tecno_LC6A_MT6761_MT6761_V91_190928.zip,,,,SOURCE_UNSPECIFIED,,TECNO,,,https://naijarom.com/tecno-pouvoir-3-air-lc6a,firmware-atlas
Tecno_Pouvoir_3_LB7_MT6739_V232_190805_8.1.0.zip,,,,SOURCE_UNSPECIFIED,,TECNO,,,https://naijarom.com/tecno-pouvoir-3-lb7,firmware-atlas
Tecno_Pova_2_LE7_MT6768_V507_210706.zip,,,,SOURCE_UNSPECIFIED,,TECNO,,,https://naijarom.com/tecno-pova-2-le7,firmware-atlas
Tecno_Pova_2_LE7_MT6768_V609_211118.zip,,,,SOURCE_UNSPECIFIED,,TECNO,,,https://naijarom.com/tecno-pova-2-le7,firmware-atlas
Tecno_Pova_5_Pro_LH8N_MT6833_GL_V570_240617.zip,,,,SOURCE_UNSPECIFIED,,TECNO,,,https://naijarom.com/tecno-pova-5-pro-lh8n,firmware-atlas
Tecno_Pova_6_5G_KJ8S_MT6833_OP_V604_251219.zip,,,,SOURCE_UNSPECIFIED,,TECNO,,,https://naijarom.com/tecno-pova-6-5g-kj8s,firmware-atlas
Tecno_Pova_6_LI7_MT6789_15.1.1.108SP01_OP001PF001AZ_080725_MXML.zip,Pova 6,LI7,15.1.1.108SP01,OP001PF001AZ,MT6789,TECNO,,080725,https://naijarom.com/tecno-pova-6-li7,firmware-atlas
Tecno_Pova_6_LI7_MT6789_15.1.1.123_RU001PF001AZ_280825_MXML.zip,Pova 6,LI7,15.1.1.123,RU001PF001AZ,MT6789,TECNO,,280825,https://naijarom.com/tecno-pova-6-li7,firmware-atlas
Tecno_Pova_6_LI7_MT6789_15.1.2.128SP01_RU001PF001AZ_251010_MXML.zip,Pova 6,LI7,15.1.2.128SP01,RU001PF001AZ,MT6789,TECNO,,251010,https://naijarom.com/tecno-pova-6-li7,firmware-atlas
Tecno_Pova_6_LI7_MT6789_15.1.2.128SP01_OP001PF001AZ_101025_MXML.zip,Pova 6,LI7,15.1.2.128SP01,OP001PF001AZ,MT6789,TECNO,,101025,https://naijarom.com/tecno-pova-6-li7,firmware-atlas
Tecno_Pova_6_Neo_LI6_MT6789_OP_V575_240311.zip,,,,SOURCE_UNSPECIFIED,,TECNO,,,https://naijarom.com/tecno-pova-6-neo-li6,firmware-atlas
Tecno_Pova_6_Neo_LI6_MT6789_OP_V1090_250416_MXML.zip,,,,SOURCE_UNSPECIFIED,,TECNO,,,https://naijarom.com/tecno-pova-6-neo-li6,firmware-atlas
Tecno_Pova_6_Neo_LI6_MT6789_OP_V1138_250624_MXML.zip,,,,SOURCE_UNSPECIFIED,,TECNO,,,https://naijarom.com/tecno-pova-6-neo-li6,firmware-atlas
Tecno_Pova_6_Neo_LI6_MT6789_RU_V1138_250624_MXML.zip,,,,SOURCE_UNSPECIFIED,,TECNO,,,https://naijarom.com/tecno-pova-6-neo-li6,firmware-atlas
Tecno_Pova_6_Neo_LI6_MT6789_15.1.1.108SP05_OP001PF001AZ_080825_MXML.zip,Pova 6 Neo,LI6,15.1.1.108SP05,OP001PF001AZ,MT6789,TECNO,,080825,https://naijarom.com/tecno-pova-6-neo-li6,firmware-atlas
Tecno_Pova_6_Neo_LI6_MT6789_15.1.1.108SP01_OP001PF001AZ_250708_MXML.zip,Pova 6 Neo,LI6,15.1.1.108SP01,OP001PF001AZ,MT6789,TECNO,,250708,https://naijarom.com/tecno-pova-6-neo-li6,firmware-atlas
Tecno_Pova_6_Neo_LI6_MT6789_15.1.1.123_OP001PF001AZ_270825_MXML.zip,Pova 6 Neo,LI6,15.1.1.123,OP001PF001AZ,MT6789,TECNO,,270825,https://naijarom.com/tecno-pova-6-neo-li6,firmware-atlas
Tecno_Pova_6_Neo_LI6_MT6789_15.1.1.123_RU001PF001AZ_270825_MXML.zip,Pova 6 Neo,LI6,15.1.1.123,RU001PF001AZ,MT6789,TECNO,,270825,https://naijarom.com/tecno-pova-6-neo-li6,firmware-atlas
Tecno_Pova_6_Neo_LI6_MT6789_15.1.2.128SP01_OP001PF001AZ_101025_MXML.zip,Pova 6 Neo,LI6,15.1.2.128SP01,OP001PF001AZ,MT6789,TECNO,,101025,https://naijarom.com/tecno-pova-6-neo-li6,firmware-atlas
Tecno_Pova_6_Neo_LI6_MT6789_15.1.2.128SP01_RU001PF001AZ_251010_MXML.zip,Pova 6 Neo,LI6,15.1.2.128SP01,RU001PF001AZ,MT6789,TECNO,,251010,https://naijarom.com/tecno-pova-6-neo-li6,firmware-atlas
Tecno_Pova_6_Pro_LI9_MT6833_15.1.1.109SP06_OP001PF001AZ_050825_MXML.zip,Pova 6 Pro,LI9,15.1.1.109SP06,OP001PF001AZ,MT6833,TECNO,,050825,https://naijarom.com/tecno-pova-6-pro-li9,firmware-atlas
Tecno_Pova_6_Pro_LI9_MT6833_15.1.1.109SP05_OP001PF001AZ_250710.zip,Pova 6 Pro,LI9,15.1.1.109SP05,OP001PF001AZ,MT6833,TECNO,,250710,https://naijarom.com/tecno-pova-6-pro-li9,firmware-atlas
Tecno_Pova_6_Pro_LI9_MT6833_15.1.1.126_RU001PF001AZ_250911.zip,Pova 6 Pro,LI9,15.1.1.126,RU001PF001AZ,MT6833,TECNO,,250911,https://naijarom.com/tecno-pova-6-pro-li9,firmware-atlas
Tecno_Pova_6_Pro_LI9_MT6833_15.1.2.128_RU001PF001AZ_251011_MXML.zip,Pova 6 Pro,LI9,15.1.2.128,RU001PF001AZ,MT6833,TECNO,,251011,https://naijarom.com/tecno-pova-6-pro-li9,firmware-atlas
Tecno_Pova_6_Pro_LI9_MT6833_15.1.2.128SP03_IN001PF001AZ_101125.zip,Pova 6 Pro,LI9,15.1.2.128SP03,IN001PF001AZ,MT6833,TECNO,,101125,https://naijarom.com/tecno-pova-6-pro-li9,firmware-atlas
Tecno_Pova_6_Pro_LI9_MT6833_15.1.2.145SP08_EU001PF001AZ_130126.zip,Pova 6 Pro,LI9,15.1.2.145SP08,EU001PF001AZ,MT6833,TECNO,,130126,https://naijarom.com/tecno-pova-6-pro-li9,firmware-atlas
Tecno_Pova_6_Pro_LI9_MT6833_15.1.2.145SP08_IN001PF001AZ_130126.zip,Pova 6 Pro,LI9,15.1.2.145SP08,IN001PF001AZ,MT6833,TECNO,,130126,https://naijarom.com/tecno-pova-6-pro-li9,firmware-atlas
Tecno_Pova_6_Pro_LI9_MT6833_15.1.2.145SP08_OP001PF001AZ_130126.zip,Pova 6 Pro,LI9,15.1.2.145SP08,OP001PF001AZ,MT6833,TECNO,,130126,https://naijarom.com/tecno-pova-6-pro-li9,firmware-atlas
Tecno_Pova_6_Pro_LI9_MT6833_15.1.2.145SP08_RU001PF001AZ_130126.zip,Pova 6 Pro,LI9,15.1.2.145SP08,RU001PF001AZ,MT6833,TECNO,,130126,https://naijarom.com/tecno-pova-6-pro-li9,firmware-atlas
Tecno_Pova_6_Pro_LI9_MT6833_15.1.2.145SP08_TR001PF001AZ_130126.zip,Pova 6 Pro,LI9,15.1.2.145SP08,TR001PF001AZ,MT6833,TECNO,,130126,https://naijarom.com/tecno-pova-6-pro-li9,firmware-atlas
Tecno_Pova_6_Pro_LI9_MT6833_15.1.2.165SP04_EU001PF001AZ_260325.zip,Pova 6 Pro,LI9,15.1.2.165SP04,EU001PF001AZ,MT6833,TECNO,,260325,https://naijarom.com/tecno-pova-6-pro-li9,firmware-atlas
Tecno_Pova_6_Pro_LI9_MT6833_15.1.2.165SP04_IN001PF001AZ_260325.zip,Pova 6 Pro,LI9,15.1.2.165SP04,IN001PF001AZ,MT6833,TECNO,,260325,https://naijarom.com/tecno-pova-6-pro-li9,firmware-atlas
Tecno_Pova_6_Pro_LI9_MT6833_15.1.2.165SP04_OP001PF001AZ_260325.zip,Pova 6 Pro,LI9,15.1.2.165SP04,OP001PF001AZ,MT6833,TECNO,,260325,https://naijarom.com/tecno-pova-6-pro-li9,firmware-atlas
Tecno_Pova_6_Pro_LI9_MT6833_15.1.2.165SP04_TR001PF001AZ_260325.zip,Pova 6 Pro,LI9,15.1.2.165SP04,TR001PF001AZ,MT6833,TECNO,,260325,https://naijarom.com/tecno-pova-6-pro-li9,firmware-atlas
Tecno_Pova_6_Pro_LI9_MT6833_15.1.2.170SP05_EU001PF001AZ_260421.zip,Pova 6 Pro,LI9,15.1.2.170SP05,EU001PF001AZ,MT6833,TECNO,,260421,https://naijarom.com/tecno-pova-6-pro-li9,firmware-atlas
Tecno_Pova_6_Pro_LI9_MT6833_15.1.2.170SP05_IN001PF001AZ_260421.zip,Pova 6 Pro,LI9,15.1.2.170SP05,IN001PF001AZ,MT6833,TECNO,,260421,https://naijarom.com/tecno-pova-6-pro-li9,firmware-atlas
Tecno_Pova_6_Pro_5G_LI9_MT6833_15.1.2.170SP05_RU001PF001AZ_260421_MXML.zip,Pova 6 Pro 5G,LI9,15.1.2.170SP05,RU001PF001AZ,MT6833,TECNO,,260421,https://naijarom.com/tecno-pova-6-pro-li9,firmware-atlas
Tecno_Pova_7_LJ6_MT6789_15.1.2.145SP01_RU001PF001AZ_MXML.zip,Pova 7,LJ6,15.1.2.145SP01,RU001PF001AZ,MT6789,TECNO,,,https://naijarom.com/tecno-pova-7-lj6,firmware-atlas
Tecno_Pova_7_Neo_LJ6_MT6789_15.1.2.145SP01_RU001PF001AZ_MXML.zip,Pova 7 Neo,LJ6,15.1.2.145SP01,RU001PF001AZ,MT6789,TECNO,,,https://naijarom.com/tecno-pova-7-neo-lj6,firmware-atlas
Tecno_Pova_8_Pro_5G_LK7_MT6878_16.3.0.120SP07_OPPJ007PF001PJ_MXML.zip,Pova 8 Pro 5G,LK7,16.3.0.120SP07,OPPJ007PF001PJ,MT6878,TECNO,,,https://naijarom.com/tecno-pova-8-pro-5g-lk7,firmware-atlas
Tecno_Pova_Curve_2_5G_LK7K_MT6858_16.2.0.145SP13_OPPJ005PF001PJ_MXML.zip,Pova Curve 2 5G,LK7K,16.2.0.145SP13,OPPJ005PF001PJ,MT6858,TECNO,,,https://naijarom.com/tecno-pova-curve-2-5g-lk7k,firmware-atlas
Tecno_Pova_Curve_2_5G_LK7K_MT6858_16.1.0.160SP04_OPPJ004PF001PJ_MXML.zip,Pova Curve 2 5G,LK7K,16.1.0.160SP04,OPPJ004PF001PJ,MT6858,TECNO,,,https://naijarom.com/tecno-pova-curve-2-5g-lk7k,firmware-atlas
Tecno_Pova_Curve_2_5G_LK7K_MT6858_16.2.0.150SP04_OP004PF001AZ_MXML.zip,Pova Curve 2 5G,LK7K,16.2.0.150SP04,OP004PF001AZ,MT6858,TECNO,,,https://naijarom.com/tecno-pova-curve-2-5g-lk7k,firmware-atlas
Tecno_Pova_Curve_2_5G_LK7K_MT6858_16.2.0.150SP04_OPPJ004PF001PJ_MXML.zip,Pova Curve 2 5G,LK7K,16.2.0.150SP04,OPPJ004PF001PJ,MT6858,TECNO,,,https://naijarom.com/tecno-pova-curve-2-5g-lk7k,firmware-atlas
Tecno_Pova_Curve_5G_LJ8K_MT6878_15.1.2.145SP13_IN001PF001AZ_280126_MXML.zip,Pova Curve 5G,LJ8K,15.1.2.145SP13,IN001PF001AZ,MT6878,TECNO,,280126,https://naijarom.com/tecno-pova-curve-5g-lj8k,firmware-atlas
Tecno_Pova_LD7_MT6768_V59_210514.zip,,,,SOURCE_UNSPECIFIED,,TECNO,,,https://naijarom.com/tecno-pova-ld7,firmware-atlas
Tecno_Pova_LD7_MT6768_V264_201029_10.zip,,,,SOURCE_UNSPECIFIED,,TECNO,,,https://naijarom.com/tecno-pova-ld7,firmware-atlas
Tecno_Pova_LD7_MT6768_V456_220824_10.zip,,,,SOURCE_UNSPECIFIED,,TECNO,,,https://naijarom.com/tecno-pova-ld7,firmware-atlas
Tecno_Pova_Slim_5G_KM9_MT6835_15.1.2.107SP01_OP001PF001AZ_220725_MXML.zip,Pova Slim 5G,KM9,15.1.2.107SP01,OP001PF001AZ,MT6835,TECNO,,220725,https://naijarom.com/tecno-pova-slim-5g-km9,firmware-atlas
Tecno_Pova_Slim_5G_KM9_MT6835_15.1.2.118SP01_OP001PF001AZ_040925_MXML.zip,Pova Slim 5G,KM9,15.1.2.118SP01,OP001PF001AZ,MT6835,TECNO,,040925,https://naijarom.com/tecno-pova-slim-5g-km9,firmware-atlas
Tecno_Pova_Slim_5G_KM9_MT6835_15.1.2.126SP08_IN001PF001AZ_151025_MXML.zip,Pova Slim 5G,KM9,15.1.2.126SP08,IN001PF001AZ,MT6835,TECNO,,151025,https://naijarom.com/tecno-pova-slim-5g-km9,firmware-atlas
Tecno_Pova_Slim_5G_KM9_MT6835_15.1.2.129SP05_OP001PF001AZ_301025_MXML.zip,Pova Slim 5G,KM9,15.1.2.129SP05,OP001PF001AZ,MT6835,TECNO,,301025,https://naijarom.com/tecno-pova-slim-5g-km9,firmware-atlas
Tecno_Pova_Slim_5G_KM9_MT6835_15.1.2.129SP02_IN001PF001AZ_251126_MXML.zip,Pova Slim 5G,KM9,15.1.2.129SP02,IN001PF001AZ,MT6835,TECNO,,251126,https://naijarom.com/tecno-pova-slim-5g-km9,firmware-atlas
Tecno_Pova_Slim_5G_KM9_MT6835_15.1.2.129SP06_TR001PF001AZ_Turkey_Market_261125_MXML.zip,Pova Slim 5G,KM9,15.1.2.129SP06,TR001PF001AZ,MT6835,TECNO,,,https://naijarom.com/tecno-pova-slim-5g-km9,firmware-atlas
Tecno_Pova_Slim_5G_KM9_MT6835_15.1.2.155SP03_OP001PF001AZ_190126_MXML.zip,Pova Slim 5G,KM9,15.1.2.155SP03,OP001PF001AZ,MT6835,TECNO,,190126,https://naijarom.com/tecno-pova-slim-5g-km9,firmware-atlas
Tecno_Pova_Slim_5G_KM9_15.1.2.155SP03_IN001PF001AZ_190126_MXML.zip,Pova Slim 5G,KM9,15.1.2.155SP03,IN001PF001AZ,,TECNO,,190126,https://naijarom.com/tecno-pova-slim-5g-km9,firmware-atlas
Tecno_Pova_Slim_5G_KM9_MT6835_15.1.2.170SP11_TR001PF001AZ_260511_MXML.zip,Pova Slim 5G,KM9,15.1.2.170SP11,TR001PF001AZ,MT6835,TECNO,,260511,https://naijarom.com/tecno-pova-slim-5g-km9,firmware-atlas
Tecno_Pova_Slim_5G_KM9_MT6835_15.1.2.170SP05_IN001PF001AZ_260421_MXML.zip,Pova Slim 5G,KM9,15.1.2.170SP05,IN001PF001AZ,MT6835,TECNO,,260421,https://naijarom.com/tecno-pova-slim-5g-km9,firmware-atlas
Tecno_Q1_MT6577_030713.zip,,,,SOURCE_UNSPECIFIED,,TECNO,,,https://naijarom.com/tecno-q1,firmware-atlas
Tecno_R5_MT6582_141030_4.4.2.zip,,,,SOURCE_UNSPECIFIED,,TECNO,,,https://naijarom.com/tecno-r5,firmware-atlas
Tecno_R6S_MT6737M_V10_171207.zip,,,,SOURCE_UNSPECIFIED,,TECNO,,,https://naijarom.com/tecno-r6s,firmware-atlas
Tecno_RA6_MT6739_V60_181115.zip,,,,SOURCE_UNSPECIFIED,,TECNO,,,https://naijarom.com/tecno-ra6,firmware-atlas
Tecno_RA6S_MT6739_V37_190516.zip,,,,SOURCE_UNSPECIFIED,,TECNO,,,https://naijarom.com/tecno-ra6s,firmware-atlas
Tecno_RA7_MT6739_V16_190726.zip,,,,SOURCE_UNSPECIFIED,,TECNO,,,https://naijarom.com/tecno-ra7,firmware-atlas
Tecno_RA7_MT6739_V19_190726.zip,,,,SOURCE_UNSPECIFIED,,TECNO,,,https://naijarom.com/tecno-ra7,firmware-atlas
Tecno_RC6_MT6739_V003_210107_SPMDT.zip,,,,SOURCE_UNSPECIFIED,,TECNO,,,https://naijarom.com/tecno-rc6,firmware-atlas
Tecno_RC6_MT6739_V006_200930_SPMDT.zip,,,,SOURCE_UNSPECIFIED,,TECNO,,,https://naijarom.com/tecno-rc6,firmware-atlas
Tecno_RC6_MT6739_V007_210223_SPMDT.zip,,,,SOURCE_UNSPECIFIED,,TECNO,,,https://naijarom.com/tecno-rc6,firmware-atlas
Tecno_RC6_MT6739_V012_220816.zip,,,,SOURCE_UNSPECIFIED,,TECNO,,,https://naijarom.com/tecno-rc6,firmware-atlas
Tecno_S1_MT6580_V2_171026.zip,,,,SOURCE_UNSPECIFIED,,TECNO,,,https://naijarom.com/tecno-s1,firmware-atlas
Tecno_S1_MT6580_V3_170628.zip,,,,SOURCE_UNSPECIFIED,,TECNO,,,https://naijarom.com/tecno-s1,firmware-atlas
Tecno_S1_MT6580_V27_170605.zip,,,,SOURCE_UNSPECIFIED,,TECNO,,,https://naijarom.com/tecno-s1,firmware-atlas
Tecno_S1E_Pro_MT6580_V23_170512.zip,,,,SOURCE_UNSPECIFIED,,TECNO,,,https://naijarom.com/tecno-s1e-pro,firmware-atlas
Tecno_S1S_Lite_MT6580_V67_170510.zip,,,,SOURCE_UNSPECIFIED,,TECNO,,,https://naijarom.com/tecno-s1s-lite,firmware-atlas
Tecno_S1S_Pro_MT6580_V50_170330.zip,,,,SOURCE_UNSPECIFIED,,TECNO,,,https://naijarom.com/tecno-s1s-pro,firmware-atlas
Tecno_S3_MT6572_09092013.zip,,,,SOURCE_UNSPECIFIED,,TECNO,,,https://naijarom.com/tecno-s3,firmware-atlas
Tecno_S302_MT6260_OP_250915_FMTK.zip,,,,SOURCE_UNSPECIFIED,,TECNO,,,https://naijarom.com/tecno-s302,firmware-atlas
Tecno_S5_MT6572_191013.zip,,,,SOURCE_UNSPECIFIED,,TECNO,,,https://naijarom.com/tecno-s5,firmware-atlas
Tecno_S501_MT6260_MA3201_EnFrArSwHaPo_20231219_FMTK.zip,,,,SOURCE_UNSPECIFIED,,TECNO,,,https://naijarom.com/tecno-s501,firmware-atlas
Tecno_S6_MT6580_V8_181108.zip,,,,SOURCE_UNSPECIFIED,,TECNO,,,https://naijarom.com/tecno-s6,firmware-atlas
Tecno_S6S_MT6580_V10_170911.zip,,,,SOURCE_UNSPECIFIED,,TECNO,,,https://naijarom.com/tecno-s6s,firmware-atlas
Tecno_S6S_MT6580_V11_181108.zip,,,,SOURCE_UNSPECIFIED,,TECNO,,,https://naijarom.com/tecno-s6s,firmware-atlas
Tecno_S7_MT6572_231113.zip,,,,SOURCE_UNSPECIFIED,,TECNO,,,https://naijarom.com/tecno-s7,firmware-atlas
Tecno_S701_MT6260_GA4001_EnFrPoArSwHa_240410_FMTK.zip,,,,SOURCE_UNSPECIFIED,,TECNO,,,https://naijarom.com/tecno-s701,firmware-atlas
Tecno_S9_MT6582_GP831_20131111_4.2.zip,,,,SOURCE_UNSPECIFIED,,TECNO,,,https://naijarom.com/tecno-s9,firmware-atlas
Tecno_S9_MT6582_110714.zip,,,,SOURCE_UNSPECIFIED,,TECNO,,,https://naijarom.com/tecno-s9,firmware-atlas
Tecno_S9S_MT6582_271014_4.2.zip,,,,SOURCE_UNSPECIFIED,,TECNO,,,https://naijarom.com/tecno-s9s,firmware-atlas
Tecno_SA1_MT6580_V76_180911.zip,,,,SOURCE_UNSPECIFIED,,TECNO,,,https://naijarom.com/tecno-sa1,firmware-atlas
Tecno_SA2S_SA215D_ZA_Voda_V012_20190417_8.1_SPD.zip,,,,SOURCE_UNSPECIFIED,,TECNO,,,https://naijarom.com/tecno-sa2s,firmware-atlas
Tecno_SA3_MT6580_V21_190529.zip,,,,SOURCE_UNSPECIFIED,,TECNO,,,https://naijarom.com/tecno-sa3,firmware-atlas
Tecno_SA6_MT6580_V1_181120.zip,,,,SOURCE_UNSPECIFIED,,TECNO,,,https://naijarom.com/tecno-sa6,firmware-atlas
Tecno_SA6_MT6580_V2_190213.zip,,,,SOURCE_UNSPECIFIED,,TECNO,,,https://naijarom.com/tecno-sa6,firmware-atlas
Tecno_SA6S_MT6580_V9_190305.zip,,,,SOURCE_UNSPECIFIED,,TECNO,,,https://naijarom.com/tecno-sa6s,firmware-atlas
Tecno_Spark_10C_KI5K_V330_230224_SPD.zip,,,,SOURCE_UNSPECIFIED,,TECNO,,,https://naijarom.com/tecno-spark-10c-ki5k,firmware-atlas
Tecno_Spark_10C_KI5K_V359_230328_SPD.zip,,,,SOURCE_UNSPECIFIED,,TECNO,,,https://naijarom.com/tecno-spark-10c-ki5k,firmware-atlas
Tecno_Spark_10C_KI5M_V170_230406_SPD.zip,,,,SOURCE_UNSPECIFIED,,TECNO,,,https://naijarom.com/tecno-spark-10c-ki5m,firmware-atlas
Tecno_Spark_10_Pro_KI7_MT6768_TR_V4557_240205.zip,,,,SOURCE_UNSPECIFIED,,TECNO,,,https://naijarom.com/tecno-spark-10-pro-ki7,firmware-atlas
Tecno_Spark_20_KJ5_MT6768_OP_V1272_240509.zip,,,,SOURCE_UNSPECIFIED,,TECNO,,,https://naijarom.com/tecno-spark-20-kj5,firmware-atlas
Tecno_Spark_20_KJ5_MT6768_IN_V1348_240607.zip,,,,SOURCE_UNSPECIFIED,,TECNO,,,https://naijarom.com/tecno-spark-20-kj5,firmware-atlas
Tecno_Spark_20_KJ5N_MT6768_EU_V947_240604.zip,,,,SOURCE_UNSPECIFIED,,TECNO,,,https://naijarom.com/tecno-spark-20-kj5n,firmware-atlas
Tecno_Spark_20_KJ5N_MT6768_OP_V874_240509.zip,,,,SOURCE_UNSPECIFIED,,TECNO,,,https://naijarom.com/tecno-spark-20-kj5n,firmware-atlas
Tecno_Spark_20_KJ5N_MT6768_PJ_V740_240313.zip,,,,SOURCE_UNSPECIFIED,,TECNO,,,https://naijarom.com/tecno-spark-20-kj5n,firmware-atlas
Tecno_Spark_20_KJ5N_MT6768_RU_V740_240313.zip,,,,SOURCE_UNSPECIFIED,,TECNO,,,https://naijarom.com/tecno-spark-20-kj5n,firmware-atlas
Tecno_Spark_20_KJ5N_MT6768_TR_V740_240313.zip,,,,SOURCE_UNSPECIFIED,,TECNO,,,https://naijarom.com/tecno-spark-20-kj5n,firmware-atlas
Tecno_Spark_20_KJ5N_MT6768_OP_V960_240607.zip,,,,SOURCE_UNSPECIFIED,,TECNO,,,https://naijarom.com/tecno-spark-20-kj5n,firmware-atlas
Tecno_Spark_20_KJ5N_MT6768_EU_V999_240709.zip,,,,SOURCE_UNSPECIFIED,,TECNO,,,https://naijarom.com/tecno-spark-20-kj5n,firmware-atlas
Tecno_Spark_20_KJ5N_MT6768_OP_V999_240709.zip,,,,SOURCE_UNSPECIFIED,,TECNO,,,https://naijarom.com/tecno-spark-20-kj5n,firmware-atlas
Tecno_Spark_20_KJ5N_MT6768_PJ_V999_240709.zip,,,,SOURCE_UNSPECIFIED,,TECNO,,,https://naijarom.com/tecno-spark-20-kj5n,firmware-atlas
Tecno_Spark_20_KJ5S_MT6768_COCL_V331_240528.zip,,,,SOURCE_UNSPECIFIED,,TECNO,,,https://naijarom.com/tecno-spark-20-kj5s,firmware-atlas
Tecno_Spark_20_Pro_5G_KJ8_MT6833_IN_V1000_240701.zip,,,,SOURCE_UNSPECIFIED,,TECNO,,,https://naijarom.com/tecno-spark-20-pro-5g-kj8,firmware-atlas
Tecno_Spark_20_Pro_5G_KJ8_MT6833_OP_V1000_240701.zip,,,,SOURCE_UNSPECIFIED,,TECNO,,,https://naijarom.com/tecno-spark-20-pro-5g-kj8,firmware-atlas
Tecno_Spark_20_Pro_KJ6_MT6789_OP_V1365_240318_MXML.zip,,,,SOURCE_UNSPECIFIED,,TECNO,,,https://naijarom.com/tecno-spark-20-pro-kj6,firmware-atlas
Tecno_Spark_20_Pro_KJ6_MT6789_EU_V1496_240606_MXML.zip,,,,SOURCE_UNSPECIFIED,,TECNO,,,https://naijarom.com/tecno-spark-20-pro-kj6,firmware-atlas
Tecno_Spark_20_Pro_Plus_KJ7_MT6789_OP_V1872_240626_MXML.zip,,,,SOURCE_UNSPECIFIED,,TECNO,,,https://naijarom.com/tecno-spark-20-pro-plus-kj7,firmware-atlas
Tecno_Spark_2_KA7O_MT6580_V175_181227_8.1.0.zip,,,,SOURCE_UNSPECIFIED,,TECNO,,,https://naijarom.com/tecno-spark-2-ka7o,firmware-atlas
Tecno_Spark_30_5G_KL8s_MT6835_V265_BASE_240831_MXML.zip,,,,SOURCE_UNSPECIFIED,,TECNO,,,https://naijarom.com/tecno-spark-30-5g-kl8s,firmware-atlas
Tecno_Spark_3_Pro_KB8_MT6761_RU_V83_201203.zip,,,,SOURCE_UNSPECIFIED,,TECNO,,,https://naijarom.com/tecno-spark-3-pro-kb8,firmware-atlas
Tecno_Spark_40_Pro_KM5_MT6768_15.1.1.121SP11_OP001PF001AZ_260925.zip,Spark 40 Pro,KM5,15.1.1.121SP11,OP001PF001AZ,MT6768,TECNO,,260925,https://naijarom.com/tecno-spark-40-pro-km5,firmware-atlas
Tecno_Spark_40_Pro_KM6_MT6789_15.1.2.126SP03_RU001PF001AZ_251010_MXML.zip,Spark 40 Pro,KM6,15.1.2.126SP03,RU001PF001AZ,MT6789,TECNO,,251010,https://naijarom.com/tecno-spark-40-pro-km6,firmware-atlas
Tecno_Spark_40_Pro_KM6_MT6789_15.1.2.145SP10_RU001PF001AZ_Russian_Market_140126_MXML.zip,Spark 40 Pro,KM6,15.1.2.145SP10,RU001PF001AZ,MT6789,TECNO,,,https://naijarom.com/tecno-spark-40-pro-km6,firmware-atlas
Tecno_Spark_4_Air_KC6_MT6761_160320_9.0.zip,,,,SOURCE_UNSPECIFIED,,TECNO,,,https://naijarom.com/tecno-spark-4-air-kc6,firmware-atlas
Tecno_Spark_4_Air_KC6S_MT6761_V26_191203.zip,,,,SOURCE_UNSPECIFIED,,TECNO,,,https://naijarom.com/tecno-spark-4-air-kc6s,firmware-atlas
Tecno_Spark_4_Lite_BB4K_MT6761_V92_210901.zip,,,,SOURCE_UNSPECIFIED,,TECNO,,,https://naijarom.com/tecno-spark-4-lite-bb4k,firmware-atlas
Tecno_Spark_4_Lite_KC8S_MT6761_V34_200226.zip,,,,SOURCE_UNSPECIFIED,,TECNO,,,https://naijarom.com/tecno-spark-4-lite-kc8s,firmware-atlas
Tecno_Spark_50_4G_KN4_MT6768_16.2.0.145SP06_OP005PF001AZ.zip,Spark 50 4G,KN4,16.2.0.145SP06,OP005PF001AZ,MT6768,TECNO,,,https://naijarom.com/tecno-spark-50-4g-kn4,firmware-atlas
Tecno_Spark_50_KN4n_MT6768_16.2.0.140SP05_TR004PF001AZ.zip,Spark 50,KN4n,16.2.0.140SP05,TR004PF001AZ,MT6768,TECNO,,,https://naijarom.com/tecno-spark-50-kn4n,firmware-atlas
Tecno_Spark_50_KN4n_MT6768_16.2.0.145SP06_TR006PF001AZ.zip,Spark 50,KN4n,16.2.0.145SP06,TR006PF001AZ,MT6768,TECNO,,,https://naijarom.com/tecno-spark-50-kn4n,firmware-atlas
Tecno_Spark_50_Pro_KO5_MT6789_16.2.0.130SP05_OP003PF001AZ_MXML.zip,Spark 50 Pro,KO5,16.2.0.130SP05,OP003PF001AZ,MT6789,TECNO,,,https://naijarom.com/tecno-spark-50-pro-ko5,firmware-atlas
Tecno_Spark_50_Pro_KO5_MT6789_16.2.0.145SP02_RU005PF001AZ_MXML.zip,Spark 50 Pro,KO5,16.2.0.145SP02,RU005PF001AZ,MT6789,TECNO,,,https://naijarom.com/tecno-spark-50-pro-ko5,firmware-atlas
Tecno_Spark_50_Pro_KO5_MT6789_16.2.0.145SP11_OP012PF001AZ_MXML.zip,Spark 50 Pro,KO5,16.2.0.145SP11,OP012PF001AZ,MT6789,TECNO,,,https://naijarom.com/tecno-spark-50-pro-ko5,firmware-atlas
Tecno_Spark_50_Pro_KO5_MT6789_16.2.0.145SP11_TR010PF001AZ_MXML.zip,Spark 50 Pro,KO5,16.2.0.145SP11,TR010PF001AZ,MT6789,TECNO,,,https://naijarom.com/tecno-spark-50-pro-ko5,firmware-atlas
Tecno_Spark_50_Pro_KO5_MT6789_16.2.0.150SP04_OPPJ003PF001PJ_MXML.zip,Spark 50 Pro,KO5,16.2.0.150SP04,OPPJ003PF001PJ,MT6789,TECNO,,,https://naijarom.com/tecno-spark-50-pro-ko5,firmware-atlas
Tecno_Spark_50_Pro_KO5_MT6789_16.2.0.150SP11_RU004PF001AZ_MXML.zip,Spark 50 Pro,KO5,16.2.0.150SP11,RU004PF001AZ,MT6789,TECNO,,,https://naijarom.com/tecno-spark-50-pro-ko5,firmware-atlas
Tecno_Spark_5_KD7H_MT6761_V534_211101_10.zip,,,,SOURCE_UNSPECIFIED,,TECNO,,,https://naijarom.com/tecno-spark-5-kd7h,firmware-atlas
Tecno_Spark_5_KD7H_MT6761_V597_220311_10.zip,,,,SOURCE_UNSPECIFIED,,TECNO,,,https://naijarom.com/tecno-spark-5-kd7h,firmware-atlas
Tecno_Spark_5_KD7H_Clone_SP7731GEA_100820_10_MIRA.zip,,,,SOURCE_UNSPECIFIED,,TECNO,,,https://naijarom.com/tecno-spark-5-kd7h-clone,firmware-atlas
Tecno_Spark_6_Air_KF6_MT6761_V81_210528.zip,,,,SOURCE_UNSPECIFIED,,TECNO,,,https://naijarom.com/tecno-spark-6-air-kf6,firmware-atlas
Tecno_Spark_6_Air_KJ6_MT6789_OP_V1365_240318_MXML.zip,,,,SOURCE_UNSPECIFIED,,TECNO,,,https://naijarom.com/tecno-spark-6-air-kj6,firmware-atlas
Tecno_Spark_6_Air_KJ6_MT6789_EU_V1496_240606_MXML.zip,,,,SOURCE_UNSPECIFIED,,TECNO,,,https://naijarom.com/tecno-spark-6-air-kj6,firmware-atlas
Tecno_Spark_7_KF6i_MT6765_V96_210323.zip,,,,SOURCE_UNSPECIFIED,,TECNO,,,https://naijarom.com/tecno-spark-7-kf6i,firmware-atlas
Tecno_Spark_7_KF6M_MT6765_V87_210412.zip,,,,SOURCE_UNSPECIFIED,,TECNO,,,https://naijarom.com/tecno-spark-7-kf6m,firmware-atlas
Tecno_Spark_7_PR651E_OP_V014_210907_11_SPD.zip,,,,SOURCE_UNSPECIFIED,,TECNO,,,https://naijarom.com/tecno-spark-7-pr651e,firmware-atlas
Tecno_Spark_7_PR651E_OP_V015_211014_11_SPD.zip,,,,SOURCE_UNSPECIFIED,,TECNO,,,https://naijarom.com/tecno-spark-7-pr651e,firmware-atlas
Tecno_Spark_7_PR651E_V67_230222_11_SPD.zip,,,,SOURCE_UNSPECIFIED,,TECNO,,,https://naijarom.com/tecno-spark-7-pr651e,firmware-atlas
Tecno_Spark_7_Pro_KF8_MT6768_V74_210331.zip,,,,SOURCE_UNSPECIFIED,,TECNO,,,https://naijarom.com/tecno-spark-7-pro-kf8,firmware-atlas
Tecno_Spark_8_Clone_MT6582_V01_220602_5.0.2.zip,,,,SOURCE_UNSPECIFIED,,TECNO,,,https://naijarom.com/tecno-spark-8-clone,firmware-atlas
Tecno_Spark_9_Pro_KH7N_MT6768_RU_V1708_240620.zip,,,,SOURCE_UNSPECIFIED,,TECNO,,,https://naijarom.com/tecno-spark-9-pro-kh7n,firmware-atlas
Tecno_Spark_CM_MT6737T_180421_7.0.zip,,,,SOURCE_UNSPECIFIED,,TECNO,,,https://naijarom.com/tecno-spark-cm,firmware-atlas
Tecno_Spark_Go_1_KL4s_COCL_V442_260114_SPD.zip,,,,SOURCE_UNSPECIFIED,,TECNO,,,https://naijarom.com/tecno-spark-go-1-kl4s,firmware-atlas
Tecno_Spark_Go_1_KL4s_LC_V293_260114_SPD.zip,,,,SOURCE_UNSPECIFIED,,TECNO,,,https://naijarom.com/tecno-spark-go-1-kl4s,firmware-atlas
Tecno_Spark_Go_2021_KE5_MT6761_V429_221108.zip,,,,SOURCE_UNSPECIFIED,,TECNO,,,https://naijarom.com/tecno-spark-go-2021-ke5,firmware-atlas
Tecno_Spark_Go_3_Pro_KO3_MT6768_16.3.0.140SP10_OP007PF001AZ.zip,Spark Go 3 Pro,KO3,16.3.0.140SP10,OP007PF001AZ,MT6768,TECNO,,,https://naijarom.com/tecno-spark-go-3-pro-ko3,firmware-atlas
Tecno_Spark_Go_3_Pro_KO3_MT6768_16.3.0.140SP10_OP007PF001H1.zip,Spark Go 3 Pro,KO3,16.3.0.140SP10,OP007PF001H1,MT6768,TECNO,,,https://naijarom.com/tecno-spark-go-3-pro-ko3,firmware-atlas
Tecno_Spark_Plus_K9_MT6580_V160_171109_7.0.zip,,,,SOURCE_UNSPECIFIED,,TECNO,,,https://naijarom.com/tecno-spark-plus-k9,firmware-atlas
Tecno_Spark_Slim_5G_KM9_MT6835_15.1.2.107SP01_OP001PF001AZ_220725_MXML.zip,Spark Slim 5G,KM9,15.1.2.107SP01,OP001PF001AZ,MT6835,TECNO,,220725,https://naijarom.com/tecno-spark-slim-5g-km9,firmware-atlas
Tecno_Spark_Slim_5G_KM9_MT6835_15.1.2.118SP01_OP001PF001AZ_040925_MXML.zip,Spark Slim 5G,KM9,15.1.2.118SP01,OP001PF001AZ,MT6835,TECNO,,040925,https://naijarom.com/tecno-spark-slim-5g-km9,firmware-atlas
Tecno_Spark_Slim_5G_KM9_MT6835_15.1.2.126SP08_IN001PF001AZ_151025_MXML.zip,Spark Slim 5G,KM9,15.1.2.126SP08,IN001PF001AZ,MT6835,TECNO,,151025,https://naijarom.com/tecno-spark-slim-5g-km9,firmware-atlas
Tecno_Spark_Slim_5G_KM9_MT6835_15.1.2.129SP05_OP001PF001AZ_301025_MXML.zip,Spark Slim 5G,KM9,15.1.2.129SP05,OP001PF001AZ,MT6835,TECNO,,301025,https://naijarom.com/tecno-spark-slim-5g-km9,firmware-atlas
Tecno_Spark_Slim_5G_KM9_MT6835_15.1.2.129SP02_IN001PF001AZ_251126_MXML.zip,Spark Slim 5G,KM9,15.1.2.129SP02,IN001PF001AZ,MT6835,TECNO,,251126,https://naijarom.com/tecno-spark-slim-5g-km9,firmware-atlas
Tecno_Spark_Slim_5G_KM9_MT6835_15.1.2.129SP06_TR001PF001AZ_Turkey_Market_261125_MXML.zip,Spark Slim 5G,KM9,15.1.2.129SP06,TR001PF001AZ,MT6835,TECNO,,,https://naijarom.com/tecno-spark-slim-5g-km9,firmware-atlas
Tecno_Spark_Slim_5G_KM9_MT6835_15.1.2.155SP03_OP001PF001AZ_190126_MXML.zip,Spark Slim 5G,KM9,15.1.2.155SP03,OP001PF001AZ,MT6835,TECNO,,190126,https://naijarom.com/tecno-spark-slim-5g-km9,firmware-atlas
Tecno_Spark_Slim_5G_KM9_15.1.2.155SP03_IN001PF001AZ_190126_MXML.zip,Spark Slim 5G,KM9,15.1.2.155SP03,IN001PF001AZ,,TECNO,,190126,https://naijarom.com/tecno-spark-slim-5g-km9,firmware-atlas
Tecno_Spark_Slim_5G_KM9_MT6835_15.1.2.170SP11_TR001PF001AZ_260511_MXML.zip,Spark Slim 5G,KM9,15.1.2.170SP11,TR001PF001AZ,MT6835,TECNO,,260511,https://naijarom.com/tecno-spark-slim-5g-km9,firmware-atlas
Tecno_Spark_Slim_5G_KM9_MT6835_15.1.2.170SP05_IN001PF001AZ_260421_MXML.zip,Spark Slim 5G,KM9,15.1.2.170SP05,IN001PF001AZ,MT6835,TECNO,,260421,https://naijarom.com/tecno-spark-slim-5g-km9,firmware-atlas
Tecno_T1_MT6573_20120206_2.3.5.zip,,,,SOURCE_UNSPECIFIED,,TECNO,,,https://naijarom.com/tecno-t1,firmware-atlas
Tecno_T101_MT6261_DL194_EnFrArSwHaPo_201127_FMTK.zip,,,,SOURCE_UNSPECIFIED,,TECNO,,,https://naijarom.com/tecno-t101,firmware-atlas
Tecno_T101_MT6261_DL194_EnFrArSwHaPo_210320_FMTK.zip,,,,SOURCE_UNSPECIFIED,,TECNO,,,https://naijarom.com/tecno-t101,firmware-atlas
Tecno_T101_MT6261_EnFrArSwHaPo_20241105_FMTK.zip,,,,SOURCE_UNSPECIFIED,,TECNO,,,https://naijarom.com/tecno-t101,firmware-atlas
Tecno_T101_MT6261_AmEnOmTi_ET_20241107_FMTK.zip,,,,SOURCE_UNSPECIFIED,,TECNO,,,https://naijarom.com/tecno-t101,firmware-atlas
Tecno_T101_MT6589_Egypt_V0.2.4_130514.zip,,,,SOURCE_UNSPECIFIED,,TECNO,,,https://naijarom.com/tecno-t101,firmware-atlas
Tecno_T20_MIRA.zip,,,,SOURCE_UNSPECIFIED,,TECNO,,,https://naijarom.com/tecno-t20,firmware-atlas
Tecno_T201_MT6261_M1814_EnFrArSwHaPo_201029_FMTK.zip,,,,SOURCE_UNSPECIFIED,,TECNO,,,https://naijarom.com/tecno-t201,firmware-atlas
Tecno_T201_MT6261_M1814_EnFrArSwHaPo_210420_FMTK.zip,,,,SOURCE_UNSPECIFIED,,TECNO,,,https://naijarom.com/tecno-t201,firmware-atlas
Tecno_T209_MIRA.zip,,,,SOURCE_UNSPECIFIED,,TECNO,,,https://naijarom.com/tecno-t209,firmware-atlas
Tecno_T210_MIRA.zip,,,,SOURCE_UNSPECIFIED,,TECNO,,,https://naijarom.com/tecno-t210,firmware-atlas
Tecno_T277_20072010_MIRA.zip,,,,SOURCE_UNSPECIFIED,,TECNO,,,https://naijarom.com/tecno-t277,firmware-atlas
Tecno_T301_MT6261_DL194_20190522_FMTK.zip,,,,SOURCE_UNSPECIFIED,,TECNO,,,https://naijarom.com/tecno-t301,firmware-atlas
Tecno_T302_MT6261_M2004_EnFrArSwHaPo_231127_FMTK.zip,,,,SOURCE_UNSPECIFIED,,TECNO,,,https://naijarom.com/tecno-t302,firmware-atlas
Tecno_T310_20160603_FSPD.zip,,,,SOURCE_UNSPECIFIED,,TECNO,,,https://naijarom.com/tecno-t310,firmware-atlas
Tecno_T310S_SPD.zip,,,,SOURCE_UNSPECIFIED,,TECNO,,,https://naijarom.com/tecno-t310s,firmware-atlas
Tecno_T311S_MT6261_V3_20170714_FMTK.zip,,,,SOURCE_UNSPECIFIED,,TECNO,,,https://naijarom.com/tecno-t311s,firmware-atlas
Tecno_T312_MT6261_MIRA.zip,,,,SOURCE_UNSPECIFIED,,TECNO,,,https://naijarom.com/tecno-t312,firmware-atlas
Tecno_T313_MT6261_M1810_EnFrSwHaArPo_210426_FMTK.zip,,,,SOURCE_UNSPECIFIED,,TECNO,,,https://naijarom.com/tecno-t313,firmware-atlas
Tecno_T315_MT6261_M2005_EnFrArSwHaPo_20240202_FMTK.zip,,,,SOURCE_UNSPECIFIED,,TECNO,,,https://naijarom.com/tecno-t315,firmware-atlas
Tecno_T33_MIRA.zip,,,,SOURCE_UNSPECIFIED,,TECNO,,,https://naijarom.com/tecno-t33,firmware-atlas
Tecno_T331_MIRA.zip,,,,SOURCE_UNSPECIFIED,,TECNO,,,https://naijarom.com/tecno-t331,firmware-atlas
Tecno_T333_MIRA.zip,,,,SOURCE_UNSPECIFIED,,TECNO,,,https://naijarom.com/tecno-t333,firmware-atlas
Tecno_T340_MT6250_01032014_MIRA.zip,,,,SOURCE_UNSPECIFIED,,TECNO,,,https://naijarom.com/tecno-t340,firmware-atlas
Tecno_T341_MT6260_22072016_MIRA.zip,,,,SOURCE_UNSPECIFIED,,TECNO,,,https://naijarom.com/tecno-t341,firmware-atlas
Tecno_T342_MIRA.zip,,,,SOURCE_UNSPECIFIED,,TECNO,,,https://naijarom.com/tecno-t342,firmware-atlas
Tecno_T343_MIRA.zip,,,,SOURCE_UNSPECIFIED,,TECNO,,,https://naijarom.com/tecno-t343,firmware-atlas
Tecno_T343_Plus_MIRA.zip,,,,SOURCE_UNSPECIFIED,,TECNO,,,https://naijarom.com/tecno-t343-plus,firmware-atlas
Tecno_T345_Coolsand_MIRA.zip,,,,SOURCE_UNSPECIFIED,,TECNO,,,https://naijarom.com/tecno-t345,firmware-atlas
Tecno_T345_MIRA.zip,,,,SOURCE_UNSPECIFIED,,TECNO,,,https://naijarom.com/tecno-t345,firmware-atlas
Tecno_T347_20150504_FSPD.zip,,,,SOURCE_UNSPECIFIED,,TECNO,,,https://naijarom.com/tecno-t347,firmware-atlas
Tecno_T348_MIRA.zip,,,,SOURCE_UNSPECIFIED,,TECNO,,,https://naijarom.com/tecno-t348,firmware-atlas
Tecno_T349_DL181_20160519_MIRA.zip,,,,SOURCE_UNSPECIFIED,,TECNO,,,https://naijarom.com/tecno-t349,firmware-atlas
Tecno_T349D_MT6261_V3_20170727_FMTK.zip,,,,SOURCE_UNSPECIFIED,,TECNO,,,https://naijarom.com/tecno-t349d,firmware-atlas
Tecno_T350_MT6261_V2_20171202_FMTK.zip,,,,SOURCE_UNSPECIFIED,,TECNO,,,https://naijarom.com/tecno-t350,firmware-atlas
Tecno_T351_MT6261_EN-FR-AR-SW-HA-PO_190511_MIRA.zip,,,,SOURCE_UNSPECIFIED,,TECNO,,,https://naijarom.com/tecno-t351,firmware-atlas
Tecno_T352_MT6261_DL194_AmOrTiEn_ET_220217_FMTK.zip,,,,SOURCE_UNSPECIFIED,,TECNO,,,https://naijarom.com/tecno-t352,firmware-atlas
Tecno_T352_MT6261_EnFrArSwHaPo_210820_FMTK.zip,,,,SOURCE_UNSPECIFIED,,TECNO,,,https://naijarom.com/tecno-t352,firmware-atlas
Tecno_T353_MT6261_M2005_EnFrArSwHaPo_20240220_FMTK.zip,,,,SOURCE_UNSPECIFIED,,TECNO,,,https://naijarom.com/tecno-t353,firmware-atlas
Tecno_T36_MIRA.zip,,,,SOURCE_UNSPECIFIED,,TECNO,,,https://naijarom.com/tecno-t36,firmware-atlas
Tecno_T363_MIRA.zip,,,,SOURCE_UNSPECIFIED,,TECNO,,,https://naijarom.com/tecno-t363,firmware-atlas
Tecno_T371_MT6261_V5_20171104_FMTK.zip,,,,SOURCE_UNSPECIFIED,,TECNO,,,https://naijarom.com/tecno-t371,firmware-atlas
Tecno_T371_MT6261_V7_20170705_FMTK.zip,,,,SOURCE_UNSPECIFIED,,TECNO,,,https://naijarom.com/tecno-t371,firmware-atlas
Tecno_T371_MT6261_DL255A1_AF_V8_181127_FMTK.zip,,,,SOURCE_UNSPECIFIED,,TECNO,,,https://naijarom.com/tecno-t371,firmware-atlas
Tecno_T372_MT6261_20211021_FMTK.zip,,,,SOURCE_UNSPECIFIED,,TECNO,,,https://naijarom.com/tecno-t372,firmware-atlas
Tecno_T372_MT6261_20190718_FMTK.zip,,,,SOURCE_UNSPECIFIED,,TECNO,,,https://naijarom.com/tecno-t372,firmware-atlas
Tecno_T372N_MT6260_20230111_FMTK.zip,,,,SOURCE_UNSPECIFIED,,TECNO,,,https://naijarom.com/tecno-t372n,firmware-atlas
Tecno_T372N_MT6260_20220610_FMTK.zip,,,,SOURCE_UNSPECIFIED,,TECNO,,,https://naijarom.com/tecno-t372n,firmware-atlas
Tecno_T372N_MT6260_MA2425_EnFrArSwHaPoLpo_ZA_20230111_FMTK.zip,,,,SOURCE_UNSPECIFIED,,TECNO,,,https://naijarom.com/tecno-t372n,firmware-atlas
Tecno_T380_MIRA.zip,,,,SOURCE_UNSPECIFIED,,TECNO,,,https://naijarom.com/tecno-t380,firmware-atlas
Tecno_T381_MIRA.zip,,,,SOURCE_UNSPECIFIED,,TECNO,,,https://naijarom.com/tecno-t381,firmware-atlas
Tecno_T401_25012017_MIRA.zip,,,,SOURCE_UNSPECIFIED,,TECNO,,,https://naijarom.com/tecno-t401,firmware-atlas
Tecno_T402_MT6260_20221019_FMTK.zip,,,,SOURCE_UNSPECIFIED,,TECNO,,,https://naijarom.com/tecno-t402,firmware-atlas
Tecno_T402_MT6260_EnHiAr_OM_20210813_FMTK.zip,,,,SOURCE_UNSPECIFIED,,TECNO,,,https://naijarom.com/tecno-t402,firmware-atlas
Tecno_T402_MT6260_EnAmOrTi_ET_20210810_FMTK.zip,,,,SOURCE_UNSPECIFIED,,TECNO,,,https://naijarom.com/tecno-t402,firmware-atlas
Tecno_T410_MIRA.zip,,,,SOURCE_UNSPECIFIED,,TECNO,,,https://naijarom.com/tecno-t410,firmware-atlas
Tecno_T420_MIRA.zip,,,,SOURCE_UNSPECIFIED,,TECNO,,,https://naijarom.com/tecno-t420,firmware-atlas
Tecno_T421_MIRA.zip,,,,SOURCE_UNSPECIFIED,,TECNO,,,https://naijarom.com/tecno-t421,firmware-atlas
Tecno_T430_MIRA.zip,,,,SOURCE_UNSPECIFIED,,TECNO,,,https://naijarom.com/tecno-t430,firmware-atlas
Tecno_T431_MIRA.zip,,,,SOURCE_UNSPECIFIED,,TECNO,,,https://naijarom.com/tecno-t431,firmware-atlas
Tecno_T432_MT6260_V3_20161215_MIRA.zip,,,,SOURCE_UNSPECIFIED,,TECNO,,,https://naijarom.com/tecno-t432,firmware-atlas
Tecno_T453_MT6260_V5_20180209_FMTK.zip,,,,SOURCE_UNSPECIFIED,,TECNO,,,https://naijarom.com/tecno-t453,firmware-atlas
Tecno_T454_MT6261_20210928_FMTK.zip,,,,SOURCE_UNSPECIFIED,,TECNO,,,https://naijarom.com/tecno-t454,firmware-atlas
Tecno_T454_MT6261_20210428_FMTK.zip,,,,SOURCE_UNSPECIFIED,,TECNO,,,https://naijarom.com/tecno-t454,firmware-atlas
Tecno_T455_MT6260_MS3002_EnFrArSwHaPo_OP_250329_FMTK.zip,,,,SOURCE_UNSPECIFIED,,TECNO,,,https://naijarom.com/tecno-t455,firmware-atlas
Tecno_T462_V1.2_1020_MIRA.zip,,,,SOURCE_UNSPECIFIED,,TECNO,,,https://naijarom.com/tecno-t462,firmware-atlas
Tecno_T464_04022017_MIRA.zip,,,,SOURCE_UNSPECIFIED,,TECNO,,,https://naijarom.com/tecno-t464,firmware-atlas
Tecno_T465_MIRA.zip,,,,SOURCE_UNSPECIFIED,,TECNO,,,https://naijarom.com/tecno-t465,firmware-atlas
Tecno_T466_MT6261_20200831_FMTK.zip,,,,SOURCE_UNSPECIFIED,,TECNO,,,https://naijarom.com/tecno-t466,firmware-atlas
Tecno_T466_MT6261_20200729_FMTK.zip,,,,SOURCE_UNSPECIFIED,,TECNO,,,https://naijarom.com/tecno-t466,firmware-atlas
Tecno_T467_MT6260_MA2427_EnAmOrTi-ET_20220329_FMTK.zip,,,,SOURCE_UNSPECIFIED,,TECNO,,,https://naijarom.com/tecno-t467,firmware-atlas
Tecno_T467_MT6260_MA2427_AmEnOmTi_ET_20231011_FMTK.zip,,,,SOURCE_UNSPECIFIED,,TECNO,,,https://naijarom.com/tecno-t467,firmware-atlas
Tecno_T467_MT6260_MA2427_EnFrArSwHaPo_20230925_FMTK.zip,,,,SOURCE_UNSPECIFIED,,TECNO,,,https://naijarom.com/tecno-t467,firmware-atlas
Tecno_T467_MT6260_MA2427_EnFrArSwHaPo_20240319_FMTK.zip,,,,SOURCE_UNSPECIFIED,,TECNO,,,https://naijarom.com/tecno-t467,firmware-atlas
Tecno_T470_MIRA.zip,,,,SOURCE_UNSPECIFIED,,TECNO,,,https://naijarom.com/tecno-t470,firmware-atlas
Tecno_T472_MIRA.zip,,,,SOURCE_UNSPECIFIED,,TECNO,,,https://naijarom.com/tecno-t472,firmware-atlas
Tecno_T474_MT6260_20190708_MIRA.zip,,,,SOURCE_UNSPECIFIED,,TECNO,,,https://naijarom.com/tecno-t474,firmware-atlas
Tecno_T475_MT6260_20210906_FMTK.zip,,,,SOURCE_UNSPECIFIED,,TECNO,,,https://naijarom.com/tecno-t475,firmware-atlas
Tecno_T475_MT6260_MA2810_EnFrArSwHaPo_20230922_FMTK.zip,,,,SOURCE_UNSPECIFIED,,TECNO,,,https://naijarom.com/tecno-t475,firmware-atlas
Tecno_T475_MT6260_MA2810_AmEnOmTi_ET_20230921_FMTK.zip,,,,SOURCE_UNSPECIFIED,,TECNO,,,https://naijarom.com/tecno-t475,firmware-atlas
Tecno_T483_27102014_MIRA.zip,,,,SOURCE_UNSPECIFIED,,TECNO,,,https://naijarom.com/tecno-t483,firmware-atlas
Tecno_T484_01092017_MIRA.zip,,,,SOURCE_UNSPECIFIED,,TECNO,,,https://naijarom.com/tecno-t484,firmware-atlas
Tecno_T485_MT6261_20210915_FMTK.zip,,,,SOURCE_UNSPECIFIED,,TECNO,,,https://naijarom.com/tecno-t485,firmware-atlas
Tecno_T485_MT6261_20211103_FMTK.zip,,,,SOURCE_UNSPECIFIED,,TECNO,,,https://naijarom.com/tecno-t485,firmware-atlas
Tecno_T501_MIRA.zip,,,,SOURCE_UNSPECIFIED,,TECNO,,,https://naijarom.com/tecno-t501,firmware-atlas
Tecno_T506_MIRA.zip,,,,SOURCE_UNSPECIFIED,,TECNO,,,https://naijarom.com/tecno-t506,firmware-atlas
Tecno_T511_24062017_MIRA.zip,,,,SOURCE_UNSPECIFIED,,TECNO,,,https://naijarom.com/tecno-t511,firmware-atlas
Tecno_T511.zip,,,,SOURCE_UNSPECIFIED,,TECNO,,,https://naijarom.com/tecno-t511,firmware-atlas
Tecno_T526_MIRA.zip,,,,SOURCE_UNSPECIFIED,,TECNO,,,https://naijarom.com/tecno-t526,firmware-atlas
Tecno_T528_MT6260_V13_20210831_FMTK.zip,,,,SOURCE_UNSPECIFIED,,TECNO,,,https://naijarom.com/tecno-t528,firmware-atlas
Tecno_T528_MT6260_V20_20190917_FMTK.zip,,,,SOURCE_UNSPECIFIED,,TECNO,,,https://naijarom.com/tecno-t528,firmware-atlas
Tecno_T528_MT6260_EnFrPoArSw_20210825_FMTK.zip,,,,SOURCE_UNSPECIFIED,,TECNO,,,https://naijarom.com/tecno-t528,firmware-atlas
Tecno_T528_MT6260_AF_TD_V13_210830_FMTK.zip,,,,SOURCE_UNSPECIFIED,,TECNO,,,https://naijarom.com/tecno-t528,firmware-atlas
Tecno_T529_EnAmOrTi_ET_230510_FMTK.zip,,,,SOURCE_UNSPECIFIED,,TECNO,,,https://naijarom.com/tecno-t529,firmware-atlas
Tecno_T529_MT6260_20230510_FMTK.zip,,,,SOURCE_UNSPECIFIED,,TECNO,,,https://naijarom.com/tecno-t529,firmware-atlas
Tecno_T529_MT6260_20210901_FMTK.zip,,,,SOURCE_UNSPECIFIED,,TECNO,,,https://naijarom.com/tecno-t529,firmware-atlas
Tecno_T535_MIRA.zip,,,,SOURCE_UNSPECIFIED,,TECNO,,,https://naijarom.com/tecno-t535,firmware-atlas
Tecno_T535_15082014_MIRA.zip,,,,SOURCE_UNSPECIFIED,,TECNO,,,https://naijarom.com/tecno-t535,firmware-atlas
Tecno_T545_MT6260_25072014_FMTK.zip,,,,SOURCE_UNSPECIFIED,,TECNO,,,https://naijarom.com/tecno-t545,firmware-atlas
Tecno_T560_MT6260_10092014_FMTK.zip,,,,SOURCE_UNSPECIFIED,,TECNO,,,https://naijarom.com/tecno-t560,firmware-atlas
Tecno_T605_MIRA.zip,,,,SOURCE_UNSPECIFIED,,TECNO,,,https://naijarom.com/tecno-t605,firmware-atlas
Tecno_T608_MIRA.zip,,,,SOURCE_UNSPECIFIED,,TECNO,,,https://naijarom.com/tecno-t608,firmware-atlas
Tecno_T609_MIRA.zip,,,,SOURCE_UNSPECIFIED,,TECNO,,,https://naijarom.com/tecno-t609,firmware-atlas
Tecno_T611s_MIRA.zip,,,,SOURCE_UNSPECIFIED,,TECNO,,,https://naijarom.com/tecno-t611s,firmware-atlas
Tecno_T630_MT6276_19092014_FMTK.zip,,,,SOURCE_UNSPECIFIED,,TECNO,,,https://naijarom.com/tecno-t630,firmware-atlas
Tecno_T630S_MT6276_06112014_FMTK.zip,,,,SOURCE_UNSPECIFIED,,TECNO,,,https://naijarom.com/tecno-t630s,firmware-atlas
Tecno_T631_MT6276_V3_20170330_FMTK.zip,,,,SOURCE_UNSPECIFIED,,TECNO,,,https://naijarom.com/tecno-t631,firmware-atlas
Tecno_T632S_MT6276_V6_20180113_FMTK.zip,,,,SOURCE_UNSPECIFIED,,TECNO,,,https://naijarom.com/tecno-t632s,firmware-atlas
Tecno_T635_MT6276_12082014_FMTK.zip,,,,SOURCE_UNSPECIFIED,,TECNO,,,https://naijarom.com/tecno-t635,firmware-atlas
Tecno_T660_MT6260_V8_20190420_FMTK.zip,,,,SOURCE_UNSPECIFIED,,TECNO,,,https://naijarom.com/tecno-t660,firmware-atlas
Tecno_T660_MT6260_V3_20170211_FMTK.zip,,,,SOURCE_UNSPECIFIED,,TECNO,,,https://naijarom.com/tecno-t660,firmware-atlas
Tecno_T662_MT6260_20201202_FMTK.zip,,,,SOURCE_UNSPECIFIED,,TECNO,,,https://naijarom.com/tecno-t662,firmware-atlas
Tecno_T662_MT6260_20200520_FMTK.zip,,,,SOURCE_UNSPECIFIED,,TECNO,,,https://naijarom.com/tecno-t662,firmware-atlas
Tecno_T663_MT6260_20220812_FMTK.zip,,,,SOURCE_UNSPECIFIED,,TECNO,,,https://naijarom.com/tecno-t663,firmware-atlas
Tecno_T663_MT6260_20220429_FMTK.zip,,,,SOURCE_UNSPECIFIED,,TECNO,,,https://naijarom.com/tecno-t663,firmware-atlas
Tecno_T700_19042009_MIRA.zip,,,,SOURCE_UNSPECIFIED,,TECNO,,,https://naijarom.com/tecno-t700,firmware-atlas
Tecno_T733_MT6261_21042015_FMTK.zip,,,,SOURCE_UNSPECIFIED,,TECNO,,,https://naijarom.com/tecno-t733,firmware-atlas
Tecno_T805_MT6225_MIRA.zip,,,,SOURCE_UNSPECIFIED,,TECNO,,,https://naijarom.com/tecno-t805,firmware-atlas
Tecno_T901_MT6572_V07_160719.zip,,,,SOURCE_UNSPECIFIED,,TECNO,,,https://naijarom.com/tecno-t901,firmware-atlas
Tecno_T902_240X320BAR_64MB_20220729_FSPD.zip,,,,SOURCE_UNSPECIFIED,,TECNO,,,https://naijarom.com/tecno-t902,firmware-atlas
Tecno_T902_240X320BAR_64MB_20220602_FSPD.zip,,,,SOURCE_UNSPECIFIED,,TECNO,,,https://naijarom.com/tecno-t902,firmware-atlas
Tecno_T902_EnFrPoArSwHa_230306_FSPD.zip,,,,SOURCE_UNSPECIFIED,,TECNO,,,https://naijarom.com/tecno-t902,firmware-atlas
Tecno_T920_20210901_FSPD.zip,,,,SOURCE_UNSPECIFIED,,TECNO,,,https://naijarom.com/tecno-t920,firmware-atlas
Tecno_T920D_V007_20210917_FSPD.zip,,,,SOURCE_UNSPECIFIED,,TECNO,,,https://naijarom.com/tecno-t920d,firmware-atlas
Tecno_T920D_V008_SKU1_20220125_FSPD.zip,,,,SOURCE_UNSPECIFIED,,TECNO,,,https://naijarom.com/tecno-t920d,firmware-atlas
Tecno_TR109C_V001_230907_FSPD.zip,,,,SOURCE_UNSPECIFIED,,TECNO,,,https://naijarom.com/tecno-tr109c,firmware-atlas
Tecno_TR109C_RM3001_ZA_VD_L_V001_240409_FSPD.zip,,,,SOURCE_UNSPECIFIED,,TECNO,,,https://naijarom.com/tecno-tr109c,firmware-atlas
Tecno_TR109D_Airtel-L-V001_230907_FSPD.zip,,,,SOURCE_UNSPECIFIED,,TECNO,,,https://naijarom.com/tecno-tr109d,firmware-atlas
Tecno_W2_MT6580_V15_161103.zip,,,,SOURCE_UNSPECIFIED,,TECNO,,,https://naijarom.com/tecno-w2,firmware-atlas
Tecno_W3_MT6580_V21_161220_6.0.zip,,,,SOURCE_UNSPECIFIED,,TECNO,,,https://naijarom.com/tecno-w3,firmware-atlas
Tecno_W3_MT6580_V117_20170503_6.0.zip,,,,SOURCE_UNSPECIFIED,,TECNO,,,https://naijarom.com/tecno-w3,firmware-atlas
Tecno_W3_Clone_SP7731CEB_V04_20160927_5.1_SPD.zip,,,,SOURCE_UNSPECIFIED,,TECNO,,,https://naijarom.com/tecno-w3-clone,firmware-atlas
Tecno_W3_LTE_MT6735_V55_161216_6.0.zip,,,,SOURCE_UNSPECIFIED,,TECNO,,,https://naijarom.com/tecno-w3-lte,firmware-atlas
Tecno_W3_LTE_MT6735_V76_170823.zip,,,,SOURCE_UNSPECIFIED,,TECNO,,,https://naijarom.com/tecno-w3-lte,firmware-atlas
Tecno_W3_Plus_V03_20170402_SPD.zip,,,,SOURCE_UNSPECIFIED,,TECNO,,,https://naijarom.com/tecno-w3-plus,firmware-atlas
Tecno_W4_MT6580_AW875A-A1-M_160328.zip,,,,SOURCE_UNSPECIFIED,,TECNO,,,https://naijarom.com/tecno-w4,firmware-atlas
Tecno_W4_MT6580_AW875A1-M_V2_160808.zip,,,,SOURCE_UNSPECIFIED,,TECNO,,,https://naijarom.com/tecno-w4,firmware-atlas
Tecno_W5_MT6737_V230_160909_6.0.zip,,,,SOURCE_UNSPECIFIED,,TECNO,,,https://naijarom.com/tecno-w5,firmware-atlas
Tecno_W5_Lite_MT6580_V147_161014_6.0.zip,,,,SOURCE_UNSPECIFIED,,TECNO,,,https://naijarom.com/tecno-w5-lite,firmware-atlas
Tecno_W5_Lite_MT6580_V376_170313_6.0.zip,,,,SOURCE_UNSPECIFIED,,TECNO,,,https://naijarom.com/tecno-w5-lite,firmware-atlas
Tecno_WinPad_10A_E1007_Win10_150924_Win10.zip,,,,SOURCE_UNSPECIFIED,,TECNO,,,https://naijarom.com/tecno-winpad-10a,firmware-atlas
Tecno_WinPad_2_G1008_Win10_161007_Win10.zip,,,,SOURCE_UNSPECIFIED,,TECNO,,,https://naijarom.com/tecno-winpad-2,firmware-atlas
Tecno_WX3_MT6580_V80_170703_7.0.zip,,,,SOURCE_UNSPECIFIED,,TECNO,,,https://naijarom.com/tecno-wx3,firmware-atlas
Tecno_WX3_MT6580_V92_170511_7.0.zip,,,,SOURCE_UNSPECIFIED,,TECNO,,,https://naijarom.com/tecno-wx3,firmware-atlas
Tecno_WX3_MT6580_V204_170830_7.0.zip,,,,SOURCE_UNSPECIFIED,,TECNO,,,https://naijarom.com/tecno-wx3,firmware-atlas
Tecno_WX3F_LTE_MT6737M_V5_171108.zip,,,,SOURCE_UNSPECIFIED,,TECNO,,,https://naijarom.com/tecno-wx3f-lte,firmware-atlas
Tecno_WX3_LTE_MT6737M_V6_171211_7.0.zip,,,,SOURCE_UNSPECIFIED,,TECNO,,,https://naijarom.com/tecno-wx3-lte,firmware-atlas
Tecno_WX4_MT6580_V103_170617_7.0.zip,,,,SOURCE_UNSPECIFIED,,TECNO,,,https://naijarom.com/tecno-wx4,firmware-atlas
Tecno_WX4_MT6580_V137_180111_7.0.zip,,,,SOURCE_UNSPECIFIED,,TECNO,,,https://naijarom.com/tecno-wx4,firmware-atlas
Tecno_WX4_Pro_S_MT6737M_V37_171130.zip,,,,SOURCE_UNSPECIFIED,,TECNO,,,https://naijarom.com/tecno-wx4-pro-s,firmware-atlas
Tecno_Y2_MT6572_20151202_4.4.2.zip,,,,SOURCE_UNSPECIFIED,,TECNO,,,https://naijarom.com/tecno-y2,firmware-atlas
Tecno_Y3_Plus_MT6572_20151107.zip,,,,SOURCE_UNSPECIFIED,,TECNO,,,https://naijarom.com/tecno-y3-plus,firmware-atlas
Tecno_Y3S_MT6572_10032015.zip,,,,SOURCE_UNSPECIFIED,,TECNO,,,https://naijarom.com/tecno-y3s,firmware-atlas
Tecno_Y3S_Plus_MT6572_H721_C2_KK_KE_Safaricom_151116.zip,,,,SOURCE_UNSPECIFIED,,TECNO,,,https://naijarom.com/tecno-y3s-plus,firmware-atlas
Tecno_Y4_MT6572_20150408_4.4.2.zip,,,,SOURCE_UNSPECIFIED,,TECNO,,,https://naijarom.com/tecno-y4,firmware-atlas
Tecno_Y4_MT6572_R6_20150428_4.4.zip,,,,SOURCE_UNSPECIFIED,,TECNO,,,https://naijarom.com/tecno-y4,firmware-atlas
Tecno_Y4_MT6572_R6_20151019.zip,,,,SOURCE_UNSPECIFIED,,TECNO,,,https://naijarom.com/tecno-y4,firmware-atlas
Tecno_Y5_Clone_MT6572_S00_eMMC_200603_8.1.0.zip,,,,SOURCE_UNSPECIFIED,,TECNO,,,https://naijarom.com/tecno-y5-clone,firmware-atlas
Tecno_Y5S_MT6572_240425.zip,,,,SOURCE_UNSPECIFIED,,TECNO,,,https://naijarom.com/tecno-y5s,firmware-atlas
