brand,model_code,project_name,version,android_version,platform,market_type,version_date,download_link,extraction_code,created_at,download_status
Infinix,X6835B,X6835B,X6835B-H6127KLM-T-GL-231013V1103,,MT6765,GL,2023-10-13,https://frbox.transsion.com/disk/s/qk8DJYeFv9G,9vcRuA,2026-09-12 21:51:04,expired
Infinix,X6835B,X6835B,X6835B-H6127KLM-T-GL-241212V1738,,MT6765,GL,2024-12-12,https://frbox.transsion.com/disk/s/PGFHNZpgHoV,ytHNt9,2026-09-12 21:51:04,expired
Infinix,X6835B,X6835B,X6835B-H6127M-T-RU-250319V1777,,MT6765,RU,2025-03-19,https://frbox.transsion.com/disk/s/E9Kzn3vG2fP,u3ss9M,2026-09-12 21:51:04,expired
Infinix,X6835B,X6835B,X6835B-H6127KLM-T-GL-250319V1776,,MT6765,GL,2025-03-19,https://frbox.transsion.com/disk/s/wJud6e9Dav5,L858dV,2026-09-12 21:51:04,expired
TECNO,AD8,AD8(Android 13),AD8-H831B-T-RU-240304V1019,13,MT6983(D9000),RU,2024-03-04,https://frbox.transsion.com/disk/s/nPm6V4vLBP6,O7H43J,2026-09-12 21:51:04,expired
TECNO,AD8,AD8(Android 13),AD8-H831B-T-GL-240521V1462,13,MT6983(D9000),GL,2024-05-21,https://frbox.transsion.com/disk/s/grmQ3gkxUq5,58FOMP,2026-09-12 21:51:04,expired
TECNO,AD8,AD8(Android 13),AD8-H831B-T-TR-240530V1515,13,MT6983(D9000),TR,2024-05-30,https://frbox.transsion.com/disk/s/DybMfTGVsQz,cItEyi,2026-09-12 21:51:04,expired
TECNO,AD8,AD8(Android 13),AD8-H831B-T-GL-240726V1663,13,MT6983(D9000),GL,2024-07-26,https://frbox.transsion.com/disk/s/6pmBvKSyPjP,HXHW9X,2026-09-12 21:51:04,expired
Infinix,X1102B,X1102B,X1102B-T725BEFKL-V-RU-260601V564,,MT8786(G80),RU,2026-06-01,https://frbox.transsion.com/disk/s/LmhC7d2yPtR,SA1kpP,2026-09-12 21:51:03,expired
Infinix,X1102B,X1102B,X1102B-T725BABCDEFGHIJKL-V-OP-260709V606,,MT8786(G80),OP,2026-07-09,https://frbox.transsion.com/disk/s/Bz6rRhG6Cqk,Ri6fqs,2026-09-12 21:51:03,expired
TECNO,CM8,CM8(Android 16),CM8-16.2.0.150SP14(TR005PF001AZ),16,MT6897Z_B/ZA(D8350 Ultimate),TR,,https://frbox.transsion.com/disk/s/ACzJ8kxnnTN,Ey7VT6,2026-09-12 21:51:02,expired
TECNO,CM8,CM8(Android 16),CM8-16.3.0.140SP29(OP010PF001AZ),16,MT6897Z_B/ZA(D8350 Ultimate),OP,,https://frbox.transsion.com/disk/s/pzvdH1h7wiF,0oRCBF,2026-09-12 21:51:02,expired
TECNO,CM8,CM8(Android 16),CM8-16.3.0.140SP29(RU010PF001AZ),16,MT6897Z_B/ZA(D8350 Ultimate),RU,,https://frbox.transsion.com/disk/s/CUw7Ze7CvZP,LB0oB8,2026-09-12 21:51:02,expired
Infinix,X6726B,X6726B,X6726B-15.1.2.170SP05(OP001PF001AZ),15,MT6855V/TTZA(D7025),OP,,https://frbox.transsion.com/disk/s/meZgUQASm9s,XsOvSL,2026-09-12 21:51:01,expired
Infinix,X6726B,X6726B,X6726B-15.1.2.185SP02(OP001PF001AZ),15,MT6855V/TTZA(D7025),OP,,https://frbox.transsion.com/disk/s/8LDGxkixxmS,Wu0wHB,2026-09-12 21:51:01,expired
itel,W6003,W6003,W6003-F3108-9.0-OP-V041-20210517,,SC7731E,OP,,https://frbox.transsion.com/disk/s/jaYAGXugurm,2ChWQo,2026-09-12 21:51:00,expired
itel,W6004,W6004,W6004-SP591-9.0-OP-V023-20220112,,SC7731E,OP,,https://frbox.transsion.com/disk/s/URd9ACbQYdM,KKKHEX,2026-09-12 21:50:59,expired
itel,W4001p,W4001p,W4001P-SA216TZ-10-TZ-Voda-L-V011-20201201,,SC7731E,TZ,,https://frbox.transsion.com/disk/s/aA8mEzUL4Ze,FdxMDM,2026-09-12 21:50:58,expired
Infinix,X6811B,X6811B,X6811B-H857B-R-GL-230416V822,,MT6785V,GL,2023-04-16,https://frbox.transsion.com/disk/s/TUedmB1mC15,ny0aE4,2026-09-12 21:50:58,expired
TECNO,BB4,BB4,BB4-H6114RST-PGo-220315V422,,MT6761,OP,2022-03-15,https://frbox.transsion.com/disk/s/DM1KvcC5VBn,BcPO9Q,2026-09-12 21:50:57,expired
TECNO,BB2,BB2,BB2-VP572DE-QGo-OP-230209V020,,MT6580M,OP,2023-02-09,https://frbox.transsion.com/disk/s/3bXKvvKh2Fp,NqHciV,2026-09-12 21:50:56,expired
itel,W6001,W6001,W6001-F3103-8.1-OP-V064-20210309,,SC7731E,OP,,https://frbox.transsion.com/disk/s/ukS9KvyVhbA,nM4Ust,2026-09-12 21:50:55,expired
itel,it9300,it9300,it9300-LS2801-EnArFrPoHaSw-ZA-VDC-L-20250627,,,Vodacom,,https://frbox.transsion.com/disk/s/wWPtZu6SP75,sT8ZFj,2026-09-12 21:50:54,expired
itel,it9300,it9300,it9300-LS2801-EnUr-PK-20251017,,T127,PK,,https://frbox.transsion.com/disk/s/QjTKVefpjFi,9Di436,2026-09-12 21:50:54,expired
itel,it9300,it9300,it9300-LS2801-EnArFrPoHaSw-TZ-VDC-L-20251010,,SC9820E,TZ,,https://frbox.transsion.com/disk/s/Hks1jdL8vq9,6pt4Mi,2026-09-12 21:50:54,expired
itel,it9300,it9300,it9300-LS2801-EnFrArFa-EG-ETI-20251021,,,EG,,https://frbox.transsion.com/disk/s/LNNK5rcgze9,hf751d,2026-09-12 21:50:54,expired
itel,it9300,it9300,it9300-LS2801-EnArFrPoHaSw-ZA-VDC-L-20250928,,T127,ZA,,https://frbox.transsion.com/disk/s/Cu9V4jLTXf8,YiraKK,2026-09-12 21:50:54,expired
itel,W6002,W6002,W6002-F3108-9.0-OP-V063-20210609,,SC7731E,OP,,https://frbox.transsion.com/disk/s/dNm3Ko2a2vz,lKSCoV,2026-09-12 21:50:54,expired
Infinix,X627W,X627W,X627W-H624W-P-IN-190522V210,,MT6757,IN,2019-05-22,https://frbox.transsion.com/disk/s/6y5gx5nEmKZ,cJMYED,2026-09-12 21:50:51,expired
TECNO,KM5s,KM5s,KM5s-15.1.1.118(COCL001PF001AZ),,MT6769V/CBZA(G81),COCL,,https://frbox.transsion.com/disk/s/X2NpfsaJXha,mWHTAT,2026-09-12 21:50:50,expired
TECNO,KM5s,KM5s,KM5s-15.1.2.132(GTTG001PF001LC),,MT6769V/CBZA(G81),GTTG,,https://frbox.transsion.com/disk/s/1U5SNLwrzgi,whZFpz,2026-09-12 21:50:50,expired
TECNO,S501,S501,S501-MA3201-EnFrArSwHaPo-20240712,,MT6260A,OP,,https://frbox.transsion.com/disk/s/nygAoGcw6NZ,YH6AYe,2026-09-12 21:50:50,expired
TECNO,S501,S501,S501-MA3201-EnFrArSwHaPo-20250225,,MT6260A,OP,,https://frbox.transsion.com/disk/s/uNRtqJPBA3x,oCnq19,2026-09-12 21:50:50,expired
Infinix,X6812B,X6812B,X6812B-H6912KL-R-OP-231009V922,,MT6769V,OP,2023-10-09,https://frbox.transsion.com/disk/s/2ALLANbJQVH,P111ZI,2026-09-12 21:50:48,expired
Infinix,X6812B,X6812B,X6812B-H6912KL-R-RU-231009V921,,MT6769V,RU,2023-10-09,https://frbox.transsion.com/disk/s/wtAwEXLmB2C,uLuAvZ,2026-09-12 21:50:48,expired
Infinix,X6812B,X6812B,X6812B-H6912KL-R-OP-241128V1218,,MT6769V,OP,2024-11-28,https://frbox.transsion.com/disk/s/m2CjHWg4V4d,y5eILK,2026-09-12 21:50:48,expired
TECNO,AD8,AD8(Android 14),AD8-H831B-U-TR-240910V516,14,MT6983(D9000),TR,2024-09-10,https://frbox.transsion.com/disk/s/E3GspcqVQ77,SdBdXA,2026-09-12 21:50:48,expired
TECNO,AD8,AD8(Android 14),AD8-H831B-U-RU-240909V513,14,MT6983(D9000),RU,2024-09-09,https://frbox.transsion.com/disk/s/bhjkkiwo5ys,Cm1GpN,2026-09-12 21:50:48,expired
TECNO,AD8,AD8(Android 14),AD8-H831B-U-GL-241213V654,14,MT6983(D9000),GL,2024-12-13,https://frbox.transsion.com/disk/s/HQ2x5VPmwAm,p2IV5T,2026-09-12 21:50:48,expired
itel,P08003L,P08003L,P08003L- M08-A15go-OP-20251111V11,,T615,OP,2025-11-11,https://frbox.transsion.com/disk/s/E93Bzp7we4w,riFLgP,2026-09-12 21:50:47,expired
itel,P08003L,P08003L,P08003L-M08-A15go-OP-20260108V17,,T615,OP,2026-01-08,https://frbox.transsion.com/disk/s/AkyjVnyuFef,083ALi,2026-09-12 21:50:47,expired
itel,W5006X,W5006X,W5006X-F3112RU-11.0-RU-V79-20230522,,SC7731E,RU,,https://frbox.transsion.com/disk/s/R5yqsvGkDYX,GfiH8P,2026-09-12 21:50:46,expired
itel,W5006X,W5006X,W5006X-F3112-10.0-OP-V040-20230213,,SC7731E,OP,,https://frbox.transsion.com/disk/s/fbKnJWRpuAo,9WYjeI,2026-09-12 21:50:46,expired
TECNO,KM7k,KM7k,KM7k-15.1.2.180SP05(OP001PF001AZ),,MT6789J(G100 Ultimate),OP,,https://frbox.transsion.com/disk/s/em7tDbeMygr,ILHcLm,2026-09-12 21:50:45,expired
TECNO,KM7k,KM7k,KM7k-15.1.2.180SP05(OPPJ001PF001PJ),,MT6789J(G100 Ultimate),OPPJ,,https://frbox.transsion.com/disk/s/Nno3qVcg6iQ,njUrXh,2026-09-12 21:50:45,expired
TECNO,KM7k,KM7k,KM7k-15.1.2.180SP05(RU001PF001AZ),,MT6789J(G100 Ultimate),RU,,https://frbox.transsion.com/disk/s/6AoD6fsKmHH,xeTcCe,2026-09-12 21:50:45,expired
TECNO,KM7k,KM7k,KM7k-15.1.2.180SP05(TR001PF001AZ),,MT6789J(G100 Ultimate),TR,,https://frbox.transsion.com/disk/s/aHvs6TonGPM,8omnwK,2026-09-12 21:50:45,expired
TECNO,BA2,BA2,BA2-H8027ABC-OGo-210527V553,,MT6580,OP,2021-05-27,https://frbox.transsion.com/disk/s/gFyoRtHu2DR,yYSKe0,2026-09-12 21:50:44,expired
Infinix,X1103B,X1103B,X1103B-16.3.0.140SP08(OP003PF001AZ),16,MT6789J(G100 Ultimate),OP,,https://frbox.transsion.com/disk/s/15nkAgaVHrV,Ttzu6o,2026-09-12 21:50:44,expired
Infinix,X1103B,X1103B,X1103B-16.3.0.150SP01(OP003PF001AZ),16,MT6789J(G100 Ultimate),OP,,https://frbox.transsion.com/disk/s/MhuQBTH7XXq,sKYAhq,2026-09-12 21:50:44,expired
Infinix,X1103B,X1103B,X1103B-16.3.0.150SP01(RU003PF001AZ),16,MT6789J(G100 Ultimate),RU,,https://frbox.transsion.com/disk/s/DeiBr2RuUJR,BWxYEt,2026-09-12 21:50:44,expired
itel,it9310,it9310,it9310-LS2801-EnBnUr-SA-20250609,,T127,SEA,,https://frbox.transsion.com/disk/s/Ub1hbt2bRJ6,tbMjtW,2026-09-12 21:50:42,expired
itel,it9310,it9310,it9310-LS2801-EnTl-PH-20250616,,T127,PH,,https://frbox.transsion.com/disk/s/toa6NzVQcgE,jXivQ8,2026-09-12 21:50:42,expired
itel,it9310,it9310,it9310-LS2801-EnVi-VN-20250625,,T127,VN,,https://frbox.transsion.com/disk/s/vkqWhTUBmTv,3sv188,2026-09-12 21:50:42,expired
itel,it9310,it9310,it9310-LS2801-EnHiGuTaTePaKnBnMlAsOrUrMr-IN-20251023,,T127,IN,,https://frbox.transsion.com/disk/s/hVhmdsDtLib,d9SWjy,2026-09-12 21:50:42,expired
TECNO,DP7CPRO,DP7CPRO,DP7CPRO-KC07T-B2-L-20161020,,MT8321A,OP,,https://frbox.transsion.com/disk/s/hNLm7mz9ddQ,ejygeY,2026-09-12 21:50:41,expired
TECNO,DP7CPRO,DP7CPRO,DP7CPro-SGA1-KC07T-C2-L-KE-Safaricom-20161111,,MT8321A,KESF,,https://frbox.transsion.com/disk/s/Hj8xfFGfbn5,0nIEvJ,2026-09-12 21:50:41,expired
TECNO,DP7CPRO,DP7CPRO,DP7CPRO-KC07T-F1-L-ET-20161205,,MT8321A,ETEC,,https://frbox.transsion.com/disk/s/qMwzUFKNQ4i,kCkDBu,2026-09-12 21:50:41,expired
TECNO,PP7F,PP7F Pro,PP7FPro-PA03A1-M-170509V53,,MT6765,OP,2017-05-09,https://frbox.transsion.com/disk/s/pZraPKsnwV5,HC0OBI,2026-09-12 21:50:41,expired
TECNO,T311S,T311S,T311S-DL181A1-AF-KE-SAFARICOM-ZA-VODACOM-171208V4,,MT6261D,KE,2017-12-08,https://frbox.transsion.com/disk/s/3tE3hgGknE7,zKzD78,2026-09-12 21:50:40,expired
TECNO,T311S,T311S,T311S-DL181A1-AF-MZ-VODACOM-LC-180720V5,,MT6261D,MZ,2018-07-20,https://frbox.transsion.com/disk/s/u6S8GtFytCX,4Cx4Z8,2026-09-12 21:50:40,expired
TECNO,KM4n,KM4n,KM4n-15.1.2.140SP02(OP001PF001AZ),,MT6769V/CB (G81),OP,,https://frbox.transsion.com/disk/s/MXaCpZtFtSN,sA3v9N,2026-09-12 21:50:39,expired
TECNO,KM4n,KM4n,KM4n-15.1.2.155(TR001PF001AZ),,MT6769V/CB (G81),TR,,https://frbox.transsion.com/disk/s/eKX1FYoH3np,C3rFU3,2026-09-12 21:50:39,expired
TECNO,KM4k,KM4k,KM4k-15.1.1.106SP36(OPPJ001PFOO1PJ),,MT6769V/CB (G81),OPPJ,,https://frbox.transsion.com/disk/s/NKHGPW3b161,AnILZy,2026-09-12 21:50:38,expired
TECNO,KM4k,KM4k,KM4k-15.1.2.170SP05(OPPJ001PFOO1PJ),,MT6769V/CB (G81),OPPJ,,https://frbox.transsion.com/disk/s/DPE8PnCXfNy,ILtyPf,2026-09-12 21:50:38,expired
TECNO,KM4k,KM4k,KM4k-15.1.2.180SP05(OP001PF001AZ),,MT6769V/CB (G81),OP,,https://frbox.transsion.com/disk/s/BX5uo8rV3UQ,nGVabT,2026-09-12 21:50:38,expired
TECNO,KM4k,KM4k,KM4k-15.1.2.180SP05(OP001PF001M1),,MT6769V/CB (G81),OP-M1,,https://frbox.transsion.com/disk/s/NbjPdzLcYbY,8gvZ3w,2026-09-12 21:50:38,expired
TECNO,KM4k,KM4k,KM4k-15.1.2.180SP05(OPPJ001PFOO1PJ),,MT6769V/CB (G81),OPPJ,,https://frbox.transsion.com/disk/s/mKqaaExeWpM,m8PFez,2026-09-12 21:50:38,expired
TECNO,KM4k,KM4k,KM4k-15.1.2.185(RU001PF001AZ),,MT6769V/CB (G81),RU,,https://frbox.transsion.com/disk/s/BoFzzScjULS,n7mmHr,2026-09-12 21:50:38,expired
Infinix,X6857B,X6857B,X6857B-15.1.2.165SP05(IN001PF001AZ),15,MT6878V_E/ZA(D7300 Ultimate),IN,,https://frbox.transsion.com/disk/s/gc3nFM1Zph1,xHTS5b,2026-09-12 21:50:38,expired
TECNO,CH6i,CH6i-T,CH6i-H6921A-T-TR-240222V1754,,MT6769Z,TR,2024-02-22,https://frbox.transsion.com/disk/s/Yc6jNNAsGN8,03mukc,2026-09-12 21:50:37,expired
TECNO,CH6i,CH6i-T,CH6i-H6921AB-T-GL-240411V1976,,MT6769Z,GL,2024-04-11,https://frbox.transsion.com/disk/s/VYYqn98DiWx,R3LXCF,2026-09-12 21:50:37,expired
TECNO,CH6i,CH6i-T,CH6i-H6921A-T-RU-240619V2327,,MT6769Z,RU,2024-06-19,https://frbox.transsion.com/disk/s/UKfZFCZBub3,Z4PIgV,2026-09-12 21:50:37,expired
TECNO,P702A,P702A,P702A-PA04B-N-190227V30,,MT8735D,OP,2019-02-27,https://frbox.transsion.com/disk/s/KN2W5zbzFyE,nDcMNm,2026-09-12 21:50:36,expired
Infinix,X6833B,X6833B,X6833B-H894FH-T-TR-231009V2719,,MT6789,TR,2023-10-09,https://frbox.transsion.com/disk/s/PwDuA4CaWYj,U0gxdg,2026-09-12 21:50:35,expired
Infinix,X6833B,X6833B,X6833B-H894DEFGHI-T-GL-240103V3275,,MT6789,GL,2024-01-03,https://frbox.transsion.com/disk/s/iC7DnVE3d7W,SwjXYj,2026-09-12 21:50:35,expired
Infinix,X6833B,X6833B,X6833B-H894FH-T-RU-240416V3867,,MT6789,RU,2024-04-16,https://frbox.transsion.com/disk/s/FiQsgYEMMMX,EViXut,2026-09-12 21:50:35,expired
Infinix,X6833B,X6833B,X6833B-H894DEFGHI-T-GL-240416V3866,,MT6789,GL,2024-04-16,https://frbox.transsion.com/disk/s/G7Hh5x9T8W8,MSdKKi,2026-09-12 21:50:35,expired
Infinix,X6833B,X6833B,X6833B-H894FH-T-EU-240722V4171,,MT6789,EU,2024-07-22,https://frbox.transsion.com/disk/s/7mhfEvG83M1,yxc7eV,2026-09-12 21:50:35,expired
itel,it2165S,it2165S,it2165S-G1808-EnHiGuTaTePaKnMlBn-IN-20250714,,SC6531E,IN,,https://frbox.transsion.com/disk/s/fWbMy3BVCWQ,0pdI4w,2026-09-12 21:50:34,expired
itel,P08002L,P08002L,P08002L-M866-U-GL-240708V7,,MT8768,GL,2024-07-08,https://frbox.transsion.com/disk/s/wuyS2wN1LA7,6gNe6w,2026-09-12 21:50:34,expired
itel,P08002L,P08002L,P08002L-M866-U-GL-240925V11,,MT8768,GL,2024-09-25,https://frbox.transsion.com/disk/s/GTvn71k8SBi,msomzV,2026-09-12 21:50:34,expired
itel,P08002L,P08002L,P08002L-M866-U-GL-241223V12,,MT8768,GL,2024-12-23,https://frbox.transsion.com/disk/s/sNTtrzxfhud,ZM9j7I,2026-09-12 21:50:34,expired
itel,P08002L,P08002L,P08002L-M866-U-GL-250703V13,,MT8768,OP,2025-07-03,https://frbox.transsion.com/disk/s/vvK1jjAZEoA,6RFNAq,2026-09-12 21:50:34,expired
itel,A571L,A571L,A571L-F3216-10.0-IN-V032-20211122,,SC9832E,IN,,https://frbox.transsion.com/disk/s/aYiyNEhC1gL,3TZEIh,2026-09-12 21:50:33,expired
itel,A571L,A571L,A571L-F3216-10.0-IN-V49-20230222,,SC9832E,GL,,https://frbox.transsion.com/disk/s/inCoh5EAYiA,xxYNjR,2026-09-12 21:50:33,expired
Infinix,X606B,X606B,X606B-H8023ABD-OGo-200616V196,,MT6580,OP,2020-06-16,https://frbox.transsion.com/disk/s/AjJwdAgB6Ze,cy9bCk,2026-09-12 21:50:32,expired
itel,A23RU,A23RU,A23F-SU335RU-8.1-RU-V008-20200320,,SC9832E,RU,,https://frbox.transsion.com/disk/s/vtiD7y5EhTy,X0KcPv,2026-09-12 21:50:31,expired
Infinix,X606C,X606C,X606C-H8023CE-O-200629V78,,MT6580,OP,2020-06-29,https://frbox.transsion.com/disk/s/mU4M84QvrDY,Ze2brN,2026-09-12 21:50:30,expired
itel,it7100,it7100,it7100-G282A-EnBnUr-BD-20170814,,SC6531C,BD,,https://frbox.transsion.com/disk/s/UyZkRfsetGs,xvPQSF,2026-09-12 21:50:29,expired
itel,it7100,it7100,it7100-G282A-EnFrPoArSwHa-20180227,,SC6531C,OP,,https://frbox.transsion.com/disk/s/r14ywo35TaD,5Jt8Zz,2026-09-12 21:50:29,expired
itel,it7100,it7100,it7100-i602-EnHiGuTeTa-IN-20171010,,MT6260A,IN,,https://frbox.transsion.com/disk/s/XpeBjXg2QT2,XwEYTX,2026-09-12 21:50:29,expired
TECNO,CH9n,CH9n-S,CH9n-H811BC-S-OP-230619V5155,,MT6781,OP,2023-06-19,https://frbox.transsion.com/disk/s/RPtGKRHxwMA,81HBsM,2026-09-12 21:50:28,expired
TECNO,CH9n,CH9n-S,CH9n-H811B-S-TR-230611V5034,,MT6781,TR,2023-06-11,https://frbox.transsion.com/disk/s/M7WmUH7Ldzz,eJEk01,2026-09-12 21:50:28,expired
TECNO,SA6,SA6,SA6-VP510J-GO-ETEC-190213V2,,MT6580,ETEC,2019-02-13,https://frbox.transsion.com/disk/s/2Bzxp5LFdK9,KIMP3H,2026-09-12 21:50:28,expired
itel,P451,P451,P451-ET2436-EnBn-BD-20260421,,SC6531E,BD,,https://frbox.transsion.com/disk/s/rXhDV2rHPsb,2FsRVj,2026-09-12 21:50:27,expired
itel,P451,P451,P451-ET2436-EnUrFa-PK-20260424,,SC6531E,PK,,https://frbox.transsion.com/disk/s/NoGHEMLaZUc,S8WV0B,2026-09-12 21:50:27,expired
itel,P451,P451,P451-ET2436-EnHi-NP-20260420,,SC6531E,NP,,https://frbox.transsion.com/disk/s/eLF8irNWADm,ldmpFP,2026-09-12 21:50:27,expired
itel,P451,P451,P451-ET2436-EnHiGuTaTeKnBnMlPaMr-IN-20260506,,SC6531E,IN,,https://frbox.transsion.com/disk/s/RLTgUVQY9nJ,0x2m4p,2026-09-12 21:50:27,expired
TECNO,SA3,SA3,SA3-H8016V-OGo-TG-LC-190529V21,,MT6580M,OP,2019-05-29,https://frbox.transsion.com/disk/s/oqaWZDrPwbF,B5ZqOa,2026-09-12 21:50:26,expired
TECNO,SA1,SA1,SA1-H8016R-Go-TG-180911V76,,MT6580,OP,2018-09-11,https://frbox.transsion.com/disk/s/gcLYbHsy7dA,3F0ZnO,2026-09-12 21:50:25,expired
TECNO,SA1,SA1,SA1-H8016R-OGo-TG-LC-200825V156,,MT6580,OP,2020-08-25,https://frbox.transsion.com/disk/s/whMYTkw7y1s,c5epAb,2026-09-12 21:50:25,expired
Infinix,X6725B,X6725B,X6725B-15.1.2.129SP01(OP001PF001AZ),15,UMS9230E (T7250),OP,,https://frbox.transsion.com/disk/s/zWY1VgvUb6c,c7tM0c,2026-09-12 21:50:24,expired
Infinix,X6725B,X6725B,X6725B-15.1.2.180SP05(OP001PF001AZ),15,UMS9230E (T7250),OP,,https://frbox.transsion.com/disk/s/DrpETSZUtVH,smbxHK,2026-09-12 21:50:24,expired
itel,S11,S11 Plus,S11Plus-I801-6.0-V037-180420,,MT6580W,OP,,https://frbox.transsion.com/disk/s/AFQc1quHeg4,dB4zgs,2026-09-12 21:50:24,expired
Infinix,X6725C,X6725C,X6725C-15.1.0.108SP01(OP001PF001AZ),15,UMS9230E (T7250),OP,,https://frbox.transsion.com/disk/s/7HG5oPuE8oo,24Uvk2,2026-09-12 21:50:23,expired
Infinix,X6725C,X6725C,X6725C-15.1.2.180SP05(OP001PF001AZ),15,UMS9230E (T7250),OP,,https://frbox.transsion.com/disk/s/EhM4Zk4twNs,qvxEDY,2026-09-12 21:50:23,expired
Infinix,X6725C,X6725C,X6725C-15.1.2.180SP05(RU001PF001AZ),15,UMS9230E (T7250),RU,,https://frbox.transsion.com/disk/s/iZ3ZQ9ArY1K,Nn4beI,2026-09-12 21:50:23,expired
TECNO,KM5n,KM5n,KM5n-15.1.1.106SP06(OP001PF001AZ),,MT6769K(G91),OP,,https://frbox.transsion.com/disk/s/458kHyaT6Ux,J6Svaq,2026-09-12 21:50:22,expired
TECNO,KM5n,KM5n,KM5n-15.1.2.129(EU001PF001AZ),,MT6769K(G91),EU,,https://frbox.transsion.com/disk/s/nswdkk58Bf4,lEjaI7,2026-09-12 21:50:22,expired
TECNO,KM5n,KM5n,KM5n-15.1.2.131SP01(RU001PF001AZ),,MT6769K(G91),RU,,https://frbox.transsion.com/disk/s/RNCnzW35pN5,ml6NzI,2026-09-12 21:50:22,expired
TECNO,KM5n,KM5n,KM5n-15.1.2.180(OP001PF001AZ),,MT6769K(G91),OP,,https://frbox.transsion.com/disk/s/XjJ23qQqaiD,MB1ybe,2026-09-12 21:50:22,expired
TECNO,KM5n,KM5n,KM5n-15.1.2.185(RU001PF001AZ),,MT6769K(G91),RU,,https://frbox.transsion.com/disk/s/d6Rh2SUTZX1,oeHqPp,2026-09-12 21:50:22,expired
TECNO,KM5n,KM5n,KM5n-15.1.2.185(TR001PF001AZ),,MT6769K(G91),TR,,https://frbox.transsion.com/disk/s/C38gwkvZAVU,OYX7BR,2026-09-12 21:50:22,expired
itel,S661LPN,S661LPN,S661LPN-F6321RU-11.0-RU-V020-20220620,,SC9863A,RU,,https://frbox.transsion.com/disk/s/PNmcCaFsxpn,2To9hu,2026-09-12 21:50:21,expired
TECNO,IN1Pro,IN1Pro,IN1Pro-H398J-O-201010V270,,MT6739,IN,2020-10-10,https://frbox.transsion.com/disk/s/gPsadjxmqPL,8wky4B,2026-09-12 21:50:20,expired
itel,A507LOP,A507LOP,ORA-V69-SKU1-20231121-A507LOP-SU336-Go,,SC9832E,ORA,,https://frbox.transsion.com/disk/s/YBPyKhCfQgo,aqyTsL,2026-09-12 21:50:20,expired
Infinix,X6725D,X6725D,X6725D-15.1.2.155(OP001PL001AZ),15,UMS9230E (T7250),OP,,https://frbox.transsion.com/disk/s/rfM7KthDpC5,0ke4Oh,2026-09-12 21:50:19,expired
Infinix,X6725D,X6725D,X6725D-15.1.2.185SP01(RU001PL001AZ),15,UMS9230E (T7250),RU,,https://frbox.transsion.com/disk/s/LHYXP7uZ8jH,N9TXyP,2026-09-12 21:50:19,expired
itel,A681L,A681L,A681L-16.3.0.150SP05(OP012PL001AZ),16,MT6769V/CB (G81),OP,,https://frbox.transsion.com/disk/s/bSUoHXxLV9N,QOpLuR,2026-09-12 21:50:18,expired
itel,A681L,A681L,A681L-16.3.0.150SP05(OP012PL001H1),16,MT6769V/CB (G81),OP-H1,,https://frbox.transsion.com/disk/s/u2614taYeCW,pDtZYA,2026-09-12 21:50:18,expired
itel,A507LOU,A507LOU,ORA-V268-SKU1-20241009-A507LOU-SQ337D-UGo,,T603,OP,,https://frbox.transsion.com/disk/s/nc6b3xQqLjP,mvEjk2,2026-09-12 21:50:18,expired
itel,A507LOU,A507LOU,ORA-V396-SKU1-20250506-A507LOU-SQ337D-UGo,,T603,ORA,,https://frbox.transsion.com/disk/s/GTfM9bCsrnL,6S5759,2026-09-12 21:50:18,expired
Infinix,X606D,X606D,X606D-H8023ABD-OGo-200629V156,,MT6580,OP,2020-06-29,https://frbox.transsion.com/disk/s/ttSAfoxEu6c,6AHFdP,2026-09-12 21:50:17,expired
TECNO,KG5ks,KG5ks-COCL,KG5ks-F062MXCL-11.0-COCL-V170-20240321,,T606,COCL,,https://frbox.transsion.com/disk/s/u1G9wgWTFF8,DJDD0J,2026-09-12 21:50:16,expired
itel,A511LQ,A511LQ(Android 12),A511LQ-F3212F-SGo-GL-20240418V189,12,SC9832E,GL,2024-04-18,https://frbox.transsion.com/disk/s/u7kCZwbu87S,SR32r0,2026-09-12 21:50:15,expired
Infinix,X6823,X6823(Android 12),X6823-F161ABCHJ-SGo-GL-20240219V339,12,T606,GL,2024-02-19,https://frbox.transsion.com/disk/s/t1rHgga9un8,VK5Ypn,2026-09-12 21:50:14,expired
Infinix,X6823,X6823(Android 12),X6823-F161ABCHJ-SGo-GL-20240322V343,12,T606,GL,2024-03-22,https://frbox.transsion.com/disk/s/q9HggYMVDGV,nzbhDp,2026-09-12 21:50:14,expired
itel,A571W,A571W,A571W-F3116-10.0-OP-V032-20221020,,SC7731E,OP,,https://frbox.transsion.com/disk/s/iA1RTvFkCC4,zXRskB,2026-09-12 21:50:14,expired
TECNO,KM4s,KM4s,KM4s-15.1.0.132SP02(ETEC001PL001LC),,UMS9230E(T7250),ETEC,,https://frbox.transsion.com/disk/s/poQpDCT9K5L,glWYml,2026-09-12 21:50:13,expired
TECNO,KM4s,KM4s,KM4s-15.1.0.118SP03(COCL001PL001AZ),,UMS9230E(T7250),COCL,,https://frbox.transsion.com/disk/s/VJbnHyHfWH7,gXU1cI,2026-09-12 21:50:13,expired
TECNO,KM4s,KM4s,KM4s-15.1.0.112SP10(GTTG001PL001LC),,UMS9230E(T7250),GTTG,,https://frbox.transsion.com/disk/s/ESTJjem4oxe,kVMfKf,2026-09-12 21:50:13,expired
TECNO,KM4s,KM4s,KM4s-15.1.2.180SP05(COCL001PL001AZ),,UMS9230E(T7250),COCL,,https://frbox.transsion.com/disk/s/FkKBks3kj51,n1wRNu,2026-09-12 21:50:13,expired
itel,it2163N,it2163N,it2163N-GS1819-EnFrSwHaPoAr-20240529,,SC6533G,OP,,https://frbox.transsion.com/disk/s/esyZzArwB7B,syqhlg,2026-09-12 21:50:12,expired
itel,it2163N,it2163N,it2163N-GS1819-EnFrSwHaPoAr-20250903,,SC6533G,OP,,https://frbox.transsion.com/disk/s/zWi6fs5xvJu,dLYBPB,2026-09-12 21:50:12,expired
itel,it2163N,it2163N,it2163N-GS1819-AmEnOmSoTi-ET-ethiotelecom-LC-20250908,,SC6533G,ET,,https://frbox.transsion.com/disk/s/JVE5akbMXZn,rL7p46,2026-09-12 21:50:12,expired
itel,it2163N,it2163N,it2163N-GS1819-EnArFa-IQ-20250915,,,IQ,,https://frbox.transsion.com/disk/s/ze6mQE7169a,dk1IUy,2026-09-12 21:50:12,expired
itel,it2163N,it2163N,it2163N-GS1819-FrEnSwHaPoAr-CF-TELECEL-LC-20250911,,SC6533G,CF,,https://frbox.transsion.com/disk/s/phCEnWGg6MF,3sdMIk,2026-09-12 21:50:12,expired
Infinix,X668C,X668C-RU,X668C-F162RU-12.0-RU-V221-20240812,,T616,RU,,https://frbox.transsion.com/disk/s/1qRyUKRRLNr,GYKhfP,2026-09-12 21:50:11,expired
itel,it3010A,it3010A,it3010A-ET1827-RuEnUkKkFr-RU-20250207,,SC6531E,RU,,https://frbox.transsion.com/disk/s/rZ5R7CtccEE,94QcMM,2026-09-12 21:50:11,expired
itel,it3010A,it3010A,it3010A-ET1827-EnBn-BD-20250922,,SC6531E,BD,,https://frbox.transsion.com/disk/s/vG3tFf8dKXW,HWg3mU,2026-09-12 21:50:11,expired
itel,it3010A,it3010A,it3010A-ET1827-EnTl-PH-20250922,,SC6531E,PH,,https://frbox.transsion.com/disk/s/cdBuzGg6yKd,HvQF6X,2026-09-12 21:50:11,expired
itel,it3010A,it3010A,it3010A-ET1827-RuEnUkKkFr-RU-20250925,,,EE1,,https://frbox.transsion.com/disk/s/hthaoKNsbPU,C3JAJD,2026-09-12 21:50:11,expired
itel,it3010A,it3010A,it3010A-ET1827-EnFaUr-PK-20251013,,SC6531E,PK,,https://frbox.transsion.com/disk/s/83iMbExnBH1,rteiCq,2026-09-12 21:50:11,expired
itel,it3010A,it3010A,it3010A-ET1827-EnHi-NP-20251020,,SC6531E,NP,,https://frbox.transsion.com/disk/s/Bbkpbg9aqRy,DeyJtQ,2026-09-12 21:50:11,expired
itel,it3010A,it3010A,it3010A-ET1827-EnHiGuTaTeKnBnMlPaMr-IN-20251023,,SC6531E,IN,,https://frbox.transsion.com/disk/s/U75VsBiEbUG,Iy95Xl,2026-09-12 21:50:11,expired
Infinix,X6528B,X6528B,X6528B-F069ZAaAbAcAdAeBgBhBi-T-OP-231108V254,,UMS9230(T606),OP,2023-11-08,https://frbox.transsion.com/disk/s/J26G86HgtyH,5FzgYC,2026-09-12 21:50:09,expired
Infinix,X6528B,X6528B,X6528B-F069ZAaAbAcAdAeBgBhBi-T-OP-241005V491,,UMS9230(T606),OP,2024-10-05,https://frbox.transsion.com/disk/s/Zc9BeR3HBM2,IrFE7W,2026-09-12 21:50:09,expired
Infinix,X6528B,X6528B,X6528B-F069ZAaAbAcAdAeBgBhBi-T-OP-241023V502,,UMS9230(T606),OP,2024-10-23,https://frbox.transsion.com/disk/s/hBmmPMzMrm3,3i5TMN,2026-09-12 21:50:09,expired
Infinix,X6528B,X6528B,X6528B-F069CsCtCu-T-EU-241211V142,,UMS9230(T606),EU,2024-12-11,https://frbox.transsion.com/disk/s/xzvcBf7dMnR,XiTlZV,2026-09-12 21:50:09,expired
Infinix,X6528B,X6528B,X6528B-F069AbAeBi-T-TR-241211V200,,UMS9230(T606),TR,2024-12-11,https://frbox.transsion.com/disk/s/AUbNUbAwm8z,Fl2Jcs,2026-09-12 21:50:09,expired
Infinix,X6528B,X6528B,X6528B-F069AbAeBi-T-RU-250917V239,,UMS9230(T606),RU,2025-09-17,https://frbox.transsion.com/disk/s/Ae56YuUsxc1,KqXsTf,2026-09-12 21:50:09,expired
Infinix,X6528B,X6528B,X6528B-F069ZAaAbAcAdAeBgBhBi-T-OP-250917V573,,UMS9230(T606),OP,2025-09-17,https://frbox.transsion.com/disk/s/1NSMJkkyzD8,iErNoT,2026-09-12 21:50:09,expired
itel,A662L,A662L,A662L-SU370B-SGo-KESF-LD-20231107V65,,SC9832E,KESF,2023-11-07,https://frbox.transsion.com/disk/s/4tzmKZ9rNbD,XNDuIT,2026-09-12 21:50:08,expired
itel,A662L,A662L,A662L-SU370B7-SGo-ETEC-LC-20240118V63,,SC9832E,ETEC,2024-01-18,https://frbox.transsion.com/disk/s/Gd5FJrWn9Q2,CCrn7n,2026-09-12 21:50:08,expired
itel,A662L,A662L,A662L-SU370ABCD-12.0-GL-20240805V691,,SC9832E,GL,2024-08-05,https://frbox.transsion.com/disk/s/ykEkbQcqUR5,n3Mizw,2026-09-12 21:50:08,expired
itel,A662L,A662L,A662L-SU370ABCD-12.0-GL-20240927V697,,SC9832E,GL,2024-09-27,https://frbox.transsion.com/disk/s/Ms5MRxfiDYs,0QxTsR,2026-09-12 21:50:08,expired
itel,A662L,A662L,A662L-SU370ABCD-12.0-GL-20241126V708,,SC9832E,GL,2024-11-26,https://frbox.transsion.com/disk/s/GunQ7qDs8G4,DHDFHE,2026-09-12 21:50:08,expired
itel,A662L,A662L,A662L-SU370C-SGo-ZAVC-LD-20250206V109,,SC9832E,ZAVC,2025-02-06,https://frbox.transsion.com/disk/s/jeCmcK1Q3Ee,PmTU6N,2026-09-12 21:50:08,expired
itel,A611WP,A611WP,A611WP-SP615-11.0-OP-V004-20211112,,SC7731E,OP,,https://frbox.transsion.com/disk/s/6dps497bmyw,4yLHad,2026-09-12 21:50:07,expired
itel,it2163S,it2163S,it2163S-DL194-EnUr-PK-20220316,,MT6261D,PK,,https://frbox.transsion.com/disk/s/DwsoNEnsGqh,qYnF0N,2026-09-12 21:50:06,expired
itel,it2163S,it2163S,it2163S-DL194-EnHiGuTeTaPaKnMlBn-NP-20220323,,MT6261D,NP,,https://frbox.transsion.com/disk/s/Z4mFT43RQ5T,5ZZdJi,2026-09-12 21:50:06,expired
itel,it2163S,it2163S,it2163S-DL194-EnSiTaTl-SEA-20220412,,MT6261D,SEA,,https://frbox.transsion.com/disk/s/hnaCNeFp8Ln,wBoKh8,2026-09-12 21:50:06,expired
itel,it2163S,it2163S,it2163S-DL194-EnHiGuTeTaMrKnMlBn-IN-20220725,,MT6261D,IN,,https://frbox.transsion.com/disk/s/sk5i1bTshtk,V3t63X,2026-09-12 21:50:06,expired
itel,it2163R,it2163R,it2163R-G1808-RuEnFr-RU-20240301,,SC6531E,RU,,https://frbox.transsion.com/disk/s/X8HeLzoCkDY,hvtpTq,2026-09-12 21:50:05,expired
TECNO,LJ6,LJ6(Android 16),LJ6-16.3.0.150SP06(OP006PF001AZ),16,MT6789J(G100 Ultimate),OP,,https://frbox.transsion.com/disk/s/DQqe2XX9eHS,9OmDKl,2026-09-12 21:50:05,expired
itel,A662O,A662O,ORA-V110-BWOR-20231117-A662O-SU370-Go,,SC9832E,BWOR,,https://frbox.transsion.com/disk/s/LjPJRSv1TLh,hCQd7s,2026-09-12 21:50:04,expired
Infinix,PR652C,PR652C,PR652C-F6319-11.0-OP-V020-20211101,,SC9863A,OP,,https://frbox.transsion.com/disk/s/AbfBWry3RST,pvYOmp,2026-09-12 21:50:03,expired
itel,S661W,S661W,S661W-F3118-11.0-OP-V107-20230725,,SC7731E,OP,,https://frbox.transsion.com/disk/s/Wfj67DknxKP,pDFBtK,2026-09-12 21:50:03,expired
Infinix,PR652B,PR652B,PR652B-F6317KE-11.0-KE-V004-20210901,,SC9863A,KESF,,https://frbox.transsion.com/disk/s/mAFSfkkgPMJ,vq7mQ9,2026-09-12 21:50:01,expired
Infinix,PR652B,PR652B,PR652B-F6317-11.0-OP-V78-20221213,,SC9863A,OP,,https://frbox.transsion.com/disk/s/bScmZm5qTdm,u39t1m,2026-09-12 21:50:01,expired
Infinix,PR652B,PR652B,PR652B-F6317-11.0-OP-V92-20230614,,SC9863A,OP,,https://frbox.transsion.com/disk/s/xwA21LKEHjT,ai2d1h,2026-09-12 21:50:01,expired
TECNO,T528New,T528New,T528New-MA3001S-AmEnOmTi-ET-20241211,,MT6260A,ET,,https://frbox.transsion.com/disk/s/iTYzxu1JDXD,UKCpdX,2026-09-12 21:50:00,expired
TECNO,T528New,T528New,T528New-MA3001S-EnFrArSwHaPo-20250206,,MT6260A,OP,,https://frbox.transsion.com/disk/s/ucwvyUeLKbF,miS8LF,2026-09-12 21:50:00,expired
itel,it8010,it8010,it8010-LC2002-EnVi-VN-20240829,,8910FF-S,VN,,https://frbox.transsion.com/disk/s/eYW1Xy3ySr1,4cY0Uh,2026-09-12 21:49:59,expired
TECNO,CH7n,CH7n-S,CH7n-H812D-S-TR-230610V968,,MT6781,TR,2023-06-10,https://frbox.transsion.com/disk/s/Eb3YT5K5Vov,WV72FO,2026-09-12 21:49:58,expired
TECNO,CH7n,CH7n-S,CH7n-H812DE-S-OP-230815V1094,,MT6781,OP,2023-08-15,https://frbox.transsion.com/disk/s/SAu4YxZRJKY,k2B0Ie,2026-09-12 21:49:58,expired
TECNO,CH7n,CH7n-S,CH7n-H812DE-S-OP-231015V1208,,MT6781,OP,2023-10-15,https://frbox.transsion.com/disk/s/y5pxGpxmcaP,VeOBRR,2026-09-12 21:49:58,expired
TECNO,CH7n,CH7n-S,CH7n-H812D-S-RU-230228V746,,MT6781,RU,2023-02-28,https://frbox.transsion.com/disk/s/9xZZJPkgFiV,u90xfj,2026-09-12 21:49:58,expired
itel,A661W,A661W,A661W-V390AE-11.0-OP-V035-20231219,,SC7731E,OP,,https://frbox.transsion.com/disk/s/QqAH2wqpcnB,RA1VE5,2026-09-12 21:49:58,expired
itel,P430,P430,P430-MA2427-EnHiGuTaTePaKnBnMl-IN-20220524,,MT6260A,IN,,https://frbox.transsion.com/disk/s/szZAjvLscZR,2hvVpb,2026-09-12 21:49:57,expired
TECNO,W3LTE,W3LTE,W3LTE-H356D1-M-170823V76,,MT6735M,GL,2017-08-23,https://frbox.transsion.com/disk/s/dRWbGs55ZWL,vwksO4,2026-09-12 21:49:56,expired
itel,S661L,S661L,S661L-F6318-11.0-GL-V135-20230703,,SC9863A,GL,,https://frbox.transsion.com/disk/s/6M8SpQqGZ7z,mykF4g,2026-09-12 21:49:56,expired
itel,S661L,S661L,S661L-F6318-11.0-GL-V138-20230922,,SC9863A,GL,,https://frbox.transsion.com/disk/s/235fe5VW2bQ,mNVRHy,2026-09-12 21:49:56,expired
itel,S661L,S661L,S661L-F6318-11.0-GL-V142-20231120,,SC9863A,GL,,https://frbox.transsion.com/disk/s/aBiKBHCLSsB,0fP1Dw,2026-09-12 21:49:56,expired
TECNO,S702,S702,S702-HS4002-EnFrSwHaPoAr-OP-20260311,,,OP,,https://frbox.transsion.com/disk/s/SqYJA7uhCzs,23VbIb,2026-09-12 21:49:55,expired
TECNO,S701,S701,S701-GA4001-EnFrPoArSwHa-20240410,,MT6260A,OP,,https://frbox.transsion.com/disk/s/G8dD6HvdFc5,2gojQ7,2026-09-12 21:49:55,expired
TECNO,S701,S701,S701-GA4001-EnFrPoArSwHa-20240805,,MT6260A,OP,,https://frbox.transsion.com/disk/s/fcXdYNqn1ai,ZyLvqp,2026-09-12 21:49:55,expired
itel,P450,P450,P450-MM61120-EnUr-PK-20240425-P60,,MT6261D,PK,,https://frbox.transsion.com/disk/s/25XsCx8A1tf,zvxuHA,2026-09-12 21:49:54,expired
itel,P450,P450,P450-MM61120-RuEnUkKkFr-RU-20241011-P60,,MT6261D,RU,,https://frbox.transsion.com/disk/s/TAXj9wm4MbP,c4ec44,2026-09-12 21:49:54,expired
itel,P450,P450,P450-MM61120-EnHi-NP-20250902-P60,,MT6261D,NP,,https://frbox.transsion.com/disk/s/n3iC982wuNq,fT3Zc7,2026-09-12 21:49:54,expired
itel,P450,P450,P450-MM61120-EnHiGuTeTaPaKnMlBn-IN-20250918,,MT6261D,IN,,https://frbox.transsion.com/disk/s/kBBFKkErf2T,mes51e,2026-09-12 21:49:54,expired
itel,P450,P450,P450-MM61120-EnBn-BD-20251215-P60,,MT6261D,BD,,https://frbox.transsion.com/disk/s/bsR2tZf8Ze9,og13kf,2026-09-12 21:49:54,expired
Infinix,X6820,X6820(Android 13),X6820-H773B-T-EU-230918V737,13,MT6877V/TZA(D920),EU,2023-09-18,https://frbox.transsion.com/disk/s/WziEGBJFVRa,md6RP5,2026-09-12 21:49:53,expired
Infinix,X6820,X6820(Android 13),X6820-H773B-T-RU-231121V972,13,MT6877V/TZA(D920),RU,2023-11-21,https://frbox.transsion.com/disk/s/Uvqt5NoSzyx,SqZZxu,2026-09-12 21:49:53,expired
Infinix,X6820,X6820(Android 13),X6820-H773AB-T-GL-240919V1642,13,MT6877V/TZA(D920),GL,2024-09-19,https://frbox.transsion.com/disk/s/ogtYWAjiEq8,7JvWpW,2026-09-12 21:49:53,expired
itel,A663L,A663L,A663L-V450AB-TGo-KESF-LC-240117V1168,,Octa-core,KESF,2024-01-17,https://frbox.transsion.com/disk/s/Kdeo8nF19we,WQfNlc,2026-09-12 21:49:52,expired
itel,A663L,A663L,A663L-V450AB-TGo-KESF-LC-240329V1401,,Octa-core,KESF,2024-03-29,https://frbox.transsion.com/disk/s/8QJiME13hcN,TxfpRy,2026-09-12 21:49:52,expired
itel,A663L,A663L,A663L-V450A-TGo-GL-250220V1703,,SC9863,GL,2025-02-20,https://frbox.transsion.com/disk/s/qS9857no9Xy,2Hbjg8,2026-09-12 21:49:52,expired
itel,A663L,A663L,A663L-V450A-TGo-GL-250626V1745,,SC9863,GL,2025-06-26,https://frbox.transsion.com/disk/s/oKgdfp21qvt,fsIME5,2026-09-12 21:49:52,expired
itel,A663L,A663L,A663L-V450AC-TGo-ZAVC-250912V1758,,Octa-core,ZAVC,2025-09-12,https://frbox.transsion.com/disk/s/o8cTH1EMmez,2vVBI9,2026-09-12 21:49:52,expired
Infinix,X609B,X609B,X609B-H8025C-OGo-200820V196,,MT6580,OP,2020-08-20,https://frbox.transsion.com/disk/s/iubfddG8C8b,zvT7bF,2026-09-12 21:49:49,expired
itel,MXPLAY1,MXPLAY1,MXPLAY1-LS1801-EnHiGuTaTePaKnBnMlAsOdUrMr-IN-20231218,,T107,IN,,https://frbox.transsion.com/disk/s/9nwU7FdA3Zz,IuE8by,2026-09-12 21:49:48,expired
itel,P200,P200,P200-M1812-EnHiGuTeTaMrKnMlBn-IN-20221017,,MT6261D,IN,,https://frbox.transsion.com/disk/s/tfJW444M6zS,zuBaEw,2026-09-12 21:49:48,expired
itel,S662L,S662L,S662L-F066A-S-OP-20221016V236,,UMS9230(T606),OP,2022-10-16,https://frbox.transsion.com/disk/s/oBE3nYCftLQ,2KUHRs,2026-09-12 21:49:47,expired
itel,S662L,S662L,S662L-F066A-S-OP-20230427V293,,UMS9230(T606),OP,2023-04-27,https://frbox.transsion.com/disk/s/ZHNpU1NEMgG,9dcHQJ,2026-09-12 21:49:47,expired
TECNO,CL7,CL7(Android 16),CL7-16.3.0.130SP09(OP004PF001AZ),16,MT6855V/A(D7020),OP,,https://frbox.transsion.com/disk/s/9VZ3NX1n46o,a8FLIY,2026-09-12 21:49:46,expired
TECNO,CL7,CL7(Android 16),CL7-16.3.0.130SP09(RU004PF001AZ),16,MT6855(D7020),RU,,https://frbox.transsion.com/disk/s/PmGhSVqHbte,ioMnfR,2026-09-12 21:49:46,expired
TECNO,CL7,CL7(Android 16),CL7-16.3.0.130SP09(TR004PF001AZ),16,MT6855(D7020),TR,,https://frbox.transsion.com/disk/s/ZKUfZM5Qjc7,DVS37Q,2026-09-12 21:49:46,expired
TECNO,CL7,CL7(Android 16),CL7-16.3.0.130SP09(IN004PF001AZ),16,MT6855(D7020),IN,,https://frbox.transsion.com/disk/s/5P4YmL2Vr7X,EyB0Gk,2026-09-12 21:49:46,expired
itel,P440,P440,P440-M1812-EnHiGuTeTaPaKnMlBn-IN-20231008,,MT6261D,IN,,https://frbox.transsion.com/disk/s/cAdjF7uCxSc,DsafEE,2026-09-12 21:49:45,expired
TECNO,LJ9,LJ9(Android 16),LJ9-16.3.0.145SP04(OP004PF001AZ),16,MT6897Z_B/ZA(D8350 Ultimate),OP,,https://frbox.transsion.com/disk/s/pST2CPBeChq,428SRL,2026-09-12 21:49:45,expired
TECNO,CC7S,CC7S,CC7S-H626I-P-ZAVC-200217V52,,MT6761,ZAVC,2020-02-17,https://frbox.transsion.com/disk/s/c78S5F63DmQ,0F5SnV,2026-09-12 21:49:44,expired
itel,MXPLAY,MXPLAY,MXPLAY-LS1801-EnHiGuTaTePaKnBnMlAsOdUr-IN-20220630,,T107,IN,,https://frbox.transsion.com/disk/s/UDkkMsTYkJ2,BMcSL3,2026-09-12 21:49:43,expired
itel,it2165C,it2165C,it2165C-ET1828-EnFaUr-PK-20250923,,,PK,,https://frbox.transsion.com/disk/s/whWJHYqRBaF,9OeBrQ,2026-09-12 21:49:43,expired
itel,it2165C,it2165C,it2165C-ET1828-EnHiGuTeTaPaKnMlBnMr-IN-20260408,,SC6531E,IN,,https://frbox.transsion.com/disk/s/c6TzeNGMzYZ,XSxphN,2026-09-12 21:49:43,expired
Infinix,X6720B,X6720B,X6720B-H353T-U-OP-260710V589,,MT6835V/TZB(D6300),OP,2026-07-10,https://frbox.transsion.com/disk/s/4zJEB7fPYv1,RdMsFV,2026-09-12 21:49:42,expired
itel,W5004D,W5004D,W5004D-SA332-10-ZA-MTN-L-V010-20210414,,SC7731E,ZAMT,,https://frbox.transsion.com/disk/s/QohfkRWJpLy,I6XzRG,2026-09-12 21:49:42,expired
itel,it2161R,it2161R,it2161R-G1808-RuEn-RU-20200806,,SC6531E,RU,,https://frbox.transsion.com/disk/s/QDhQPJ1efNd,iTvbPU,2026-09-12 21:49:41,expired
itel,it2161N,it2161N,it2161N-GS1819-EnFrSwHaPoAr-OP-20251224,,,OP,,https://frbox.transsion.com/disk/s/5NWb9gRQUK8,vwoXJy,2026-09-12 21:49:40,expired
itel,A551L,A551L,A551L-Pro-SU360O-11.0-OP-V042-20231218,,SC9832E,OP,,https://frbox.transsion.com/disk/s/T4gwWDGFnwW,aY3TPf,2026-09-12 21:49:39,expired
itel,A551L,A551L,A551L-Pro-SU360RU-11.0-RU-V040-20240201,,SC9832E,RU,,https://frbox.transsion.com/disk/s/gEzMJ9xaBTi,1Pauy5,2026-09-12 21:49:39,expired
itel,A662LM,A662LM,A662LM-SR370CDE-SGo-RU-230811V136,,SC9863A1,RU,2023-08-11,https://frbox.transsion.com/disk/s/CXneYHx3onH,3lq9i2,2026-09-12 21:49:38,expired
itel,A662LM,A662LM,A662LM-SR370ABCDEFGIJ-SGo-GL-250207V589,,SC9863,GL,2025-02-07,https://frbox.transsion.com/disk/s/3rhGMu5eAr8,e5P67V,2026-09-12 21:49:38,expired
itel,A662LM,A662LM,A662LM-SR370ABCDEFGIJ-SGo-GL-250401V596,,SC9863,GL,2025-04-01,https://frbox.transsion.com/disk/s/sPKZiTieC6y,N1XOLd,2026-09-12 21:49:38,expired
TECNO,CE9h,CE9h,CE9h-H851F-Q-OP-210401V196,,MT6785T,OP,2021-04-01,https://frbox.transsion.com/disk/s/oUCiaksVhXR,WPezsb,2026-09-12 21:49:37,expired
TECNO,LJ8k,LJ8k(Android 16),LJ8k-16.3.0.145(OP001PF001AZ),16,MT6878V_E/ZA(D7300 Ultimate),OP,,https://frbox.transsion.com/disk/s/HrePsrtAXZn,MUlN42,2026-09-12 21:49:36,expired
TECNO,LJ8k,LJ8k(Android 16),LJ8k-16.3.0.145(IN001PF001AZ),16,MT6878V_E/ZA(D7300 Ultimate),IN,,https://frbox.transsion.com/disk/s/ccsidXYQhak,Dfwfpo,2026-09-12 21:49:36,expired
itel,it9320,it9320,it9320-MM3155A-EnFaUr-PK-20250626,,,PK,,https://frbox.transsion.com/disk/s/gMCd71g3z1w,1LOx5S,2026-09-12 21:49:35,expired
itel,it9320,it9320,it9320-MM3155B-EnFrPoArSwHa-OP-Airtel-L-20251002,,MT6739WA,OP,,https://frbox.transsion.com/disk/s/2mvbSRgiWJY,9IS0Bb,2026-09-12 21:49:35,expired
itel,it9320,it9320,it9320-MM3155B-EnFrPoArSwHa-OP-Airtel-L-20251206,,MT6739WA,OP,,https://frbox.transsion.com/disk/s/iBGGB4debXu,4f0x2x,2026-09-12 21:49:35,expired
TECNO,T203S,T203S,T203S-G1808-EnFrSwHaPoAr-KE-SF-20190507,,SC6531E,KE,,https://frbox.transsion.com/disk/s/4grrgH6EZ1B,hdTxTR,2026-09-12 21:49:34,expired
TECNO,T203S,T203S,T203S-G1808-EnAmOrSoTi-ET-ETC-L-20220321,,SC6531E,ET,,https://frbox.transsion.com/disk/s/vuAmN5GoFRX,GVVaoi,2026-09-12 21:49:34,expired
TECNO,S1S,S1S Pro,S1SPro-H8016C1-M-KESF-170330V50,,MT6580,KESF,2017-03-30,https://frbox.transsion.com/disk/s/jS3XLxfsHv8,iw9iKB,2026-09-12 21:49:34,expired
itel,W5004V,W5004V,W5004V-SA332-10-ZA-Voda-L-V008-20210420,,SC7731E,ZA,,https://frbox.transsion.com/disk/s/EEu4YsAvC4Q,ORXDEh,2026-09-12 21:49:33,expired
TECNO,PR651H,PR651H,PR651H-F6317ETC-11.0-ETC-V44-20230606,,SC9863A,ETEC,,https://frbox.transsion.com/disk/s/8Y6MGXWBDJL,hECcVX,2026-09-12 21:49:33,expired
TECNO,PR651H,PR651H,PR651H-F6317-11.0-OP-V102-20230614,,SC9863A,OP,,https://frbox.transsion.com/disk/s/EdhVNopyp3S,8YOYez,2026-09-12 21:49:33,expired
itel,W4001S,W4001S,W4001S-SA216V-11-ZA-Voda-L-V006-20221118,,SC7731E,ZAVC,,https://frbox.transsion.com/disk/s/wx36UUSNynS,qmcDLr,2026-09-12 21:49:32,expired
itel,A507LSU,A507LSU,A507LSU-SQ337E-UGo-KESF-LC-240605V101,,T603,KESF,2024-06-05,https://frbox.transsion.com/disk/s/PSyT4QzJEqc,WmfqwN,2026-09-12 21:49:31,expired
TECNO,PR651E,PR651E,PR651E-F6319-11.0-OP-V78-20230614,,SC9863A,OP,,https://frbox.transsion.com/disk/s/wWbpsX1HYtF,JSjxRv,2026-09-12 21:49:30,expired
TECNO,PR651E,PR651E,PR651E-F6319-11.0-OP-V80-20230828,,SC9863A,OP,,https://frbox.transsion.com/disk/s/WmKf8hDaEJC,IbO1Nh,2026-09-12 21:49:30,expired
TECNO,P704a,P704a,P704a-M6955AB-Q-OP-211019V096,,SC7731E,OP,2021-10-19,https://frbox.transsion.com/disk/s/rphzEaeARK2,zfjJkY,2026-09-12 21:49:30,expired
itel,W4001O,W4001O,W4001O-SA216-10-ZA-OP-V007-20210803,,SC7731E,ZAVC,,https://frbox.transsion.com/disk/s/TK8AzjKzLRd,Mmi3Zj,2026-09-12 21:49:29,expired
itel,A661L,A661L,A661L-V490AE-11.0-RU-V011-20230216,,SC9832E,RU,,https://frbox.transsion.com/disk/s/rv4HPyb3TCK,X4scJY,2026-09-12 21:49:28,expired
itel,A661L,A661L,A661L-V490AE-11.0-OP-V046-20240201,,SC9832E,OP,,https://frbox.transsion.com/disk/s/mQoqhwgYuBf,L7XACK,2026-09-12 21:49:28,expired
itel,it1508,it1508 Plus,it1508Plus-C160G-IN-20170612,,SC7731C,IN,,https://frbox.transsion.com/disk/s/1Sf6nDCZWpa,El7N2n,2026-09-12 21:49:26,expired
itel,MXPRO1,MXPRO1,MXPRO1-LW2401-EnHiGuTaTePaKnBnMlAsOdUrMr-IN-20231212,,T117,IN,,https://frbox.transsion.com/disk/s/KkySRfjvgmq,uQUH08,2026-09-12 21:49:26,expired
itel,A507LSP,A507LSP,A507LSP-SU336M1-SGo-KESF-LD-240819V165,,SC9832E,KESF,2024-08-19,https://frbox.transsion.com/disk/s/3FYwCFhBi9R,JlGRqZ,2026-09-12 21:49:25,expired
itel,L6503,L6503,L6503-F6315-10.0-OP-V049-20221213,,SC9863A,OP,,https://frbox.transsion.com/disk/s/wKiVszdamnG,MgiNTZ,2026-09-12 21:49:24,expired
itel,SG600N,SG600N,SG600N-MA2815-EnUr-PK-20230829,,MT6260A,PK,,https://frbox.transsion.com/disk/s/SuhCkR5oyhh,iXOhOI,2026-09-12 21:49:24,expired
itel,it2163D,it2163D,it2163D-G1808-EnFrPoZuXhAf-ZA-VODACOM-20210720,,SC6531E,ZA,,https://frbox.transsion.com/disk/s/MtxawxAFhSe,lT2duM,2026-09-12 21:49:23,expired
itel,L6501,L6501,L6501-F6311-9.0-OP-V051-20211223,,SC7731E,OP,,https://frbox.transsion.com/disk/s/BCNndbXH9hP,Ab3CGf,2026-09-12 21:49:22,expired
itel,L6502,L6502,L6502-F3208-10.0-IN-V59-20221025,,SC9832E,GL,,https://frbox.transsion.com/disk/s/v8L4zhzov81,TQ0ofN,2026-09-12 21:49:22,expired
itel,L6502,L6502,L6502-F3208G-11.0-ZAVC-LD-V107-20230605,,SC9832E,OP,,https://frbox.transsion.com/disk/s/CtpMxQ7HGyo,PlLCyL,2026-09-12 21:49:22,expired
itel,L6502,L6502,L6502-F3208RU-10.0-RU-V020-20230213,,SC9832E,RU,,https://frbox.transsion.com/disk/s/HgnNFJUkaBr,0Jqj94,2026-09-12 21:49:22,expired
Infinix,X670,X670-T,X670-H814DGHJKL-T-GL-231227V496,,MT6781,GL,2023-12-27,https://frbox.transsion.com/disk/s/LtcA5K53v3A,T35BJB,2026-09-12 21:49:21,expired
Infinix,X670,X670-T,X670-H814DGHJKL-T-GL-240224V556,,MT6781,GL,2024-02-24,https://frbox.transsion.com/disk/s/r6X2E2KvSjU,9CZwOc,2026-09-12 21:49:21,expired
TECNO,CL6k,CL6k(Android 15),CL6k-15.1.2.180SP05(OP001PF001AZ),15,MT6789U(G99 Ultimate),OP,,https://frbox.transsion.com/disk/s/pWUpbeiZUMx,vSPfH3,2026-09-12 21:49:20,expired
itel,it2163A,it2163A,it2163A-G1808-EnHiGuTaTePaKnMlBn-IN-20231025,,SC6531E,IN,,https://frbox.transsion.com/disk/s/RCsD3B97KFX,sfnBFg,2026-09-12 21:49:20,expired
itel,A666L,A666L,A666L-F069AuAvAwBtBuBv-T-OP-231120V451,,UMS9230(T606),OP,2023-11-20,https://frbox.transsion.com/disk/s/zeAdWBdv73S,9g6b1s,2026-09-12 21:49:19,expired
itel,A666L,A666L,A666L-F069AuAvAwBtBuBvCnCoDfDgDhDjDrDs-T-OP-240218V714,,UMS9230(T606),OP,2024-02-18,https://frbox.transsion.com/disk/s/uJApXHRjFJm,2d4Iuc,2026-09-12 21:49:19,expired
itel,A666L,A666L,A666L-F069AuAvAwBtBuBvCnCoDfDgDhDjDrDs-T-OP-241114V931,,UMS9230(T606),OP,2024-11-14,https://frbox.transsion.com/disk/s/7RskQYBrMxX,W6QPHT,2026-09-12 21:49:19,expired
itel,A666L,A666L,A666L-F069AuBtDf-T-IN-241219V432,,UMS9230(T606),IN,2024-12-19,https://frbox.transsion.com/disk/s/ebNPPTe6ZcF,ibfn1H,2026-09-12 21:49:19,expired
itel,A666L,A666L,A666L-F069AuAvAwBtBuBvCnCoDfDgDhDjDrDs-T-OP-250722V956,,UMS9230(T606),OP,2025-07-22,https://frbox.transsion.com/disk/s/GDPAtwcMnne,a9yIfx,2026-09-12 21:49:19,expired
itel,A666L,A666L,A666L-F069AuAvAwBtBuBvCnCoDfDgDhDjDrDs-T-OP-250928V961,,UMS9230(T606),OP,2025-09-28,https://frbox.transsion.com/disk/s/WyVkLb9R2qD,bg9xLA,2026-09-12 21:49:19,expired
itel,S661LP,S661LP,S661LP-F6321-11.0-GL-V119-20230614,,SC9863A,GL,,https://frbox.transsion.com/disk/s/oSm9WYjgd4t,h3gqy8,2026-09-12 21:49:18,expired
itel,S661LP,S661LP,S661LP-F6321-11.0-GL-V134-20231121,,SC9863A,GL,,https://frbox.transsion.com/disk/s/1BuLTeNYtcw,xysBly,2026-09-12 21:49:18,expired
itel,S661LN,S661LN,S661LN-F6318RU-11.0-RU-V25-20220720,,SC9863A,RU,,https://frbox.transsion.com/disk/s/tESckJefrFH,0bI8Kf,2026-09-12 21:49:17,expired
itel,S661LO,S661LO,S661LO-F6320LO-11.0-GL-V59-20221205,,SC9863A,GL,,https://frbox.transsion.com/disk/s/AyLVyM4K8xJ,cVXWXT,2026-09-12 21:49:17,expired
TECNO,CI7n,CI7n-T,CI7n-H332ABCD-T-GL-231101V3770,,MT6833V/PNZA(D810),GL,2023-11-01,https://frbox.transsion.com/disk/s/wAFyySigD56,eSrA7B,2026-09-12 21:49:15,expired
TECNO,CI7n,CI7n-T,CI7n-H332ABCD-T-GL-240429V4239,,MT6833V/PNZA(D810),GL,2024-04-29,https://frbox.transsion.com/disk/s/NqoBHYYhevk,kKbLEL,2026-09-12 21:49:15,expired
itel,A507LXU,A507LXU,A507LXU-SQ337A-UGo-RWAT-LC-240424V285,,T603,OP,2024-04-24,https://frbox.transsion.com/disk/s/W3d3Qxmrav3,1rxn33,2026-09-12 21:49:13,expired
itel,A507LXU,A507LXU,A507LXU-SQ337A-UGo-RWAT-LC-251118V410,,T603,RWAT,2025-11-18,https://frbox.transsion.com/disk/s/5dSZwMvUquP,fku1e9,2026-09-12 21:49:13,expired
TECNO,CH9,CH9-S,CH9-H811A-S-GL-221223V521,,MT6781,GL,2022-12-23,https://frbox.transsion.com/disk/s/BWVh3HKx3oD,d9J8qM,2026-09-12 21:49:13,expired
TECNO,CE7j,CE7j,CE7j-H693NOQ-R-OP-220826V425,,MT6769,OP,2022-08-26,https://frbox.transsion.com/disk/s/VTxZ2nE8QHB,DIDWNy,2026-09-12 21:49:12,expired
TECNO,CE7j,CE7j,CE7j-H693N-R-TR-230111V435,,MT6769,TR,2023-01-11,https://frbox.transsion.com/disk/s/d5t8mCqAVrv,IfJKAn,2026-09-12 21:49:12,expired
TECNO,AX8,AX8,AX8-H571B-N-190624V299,,MT6757,OP,2019-06-24,https://frbox.transsion.com/disk/s/8YCSW4RcpkD,U9miHf,2026-09-12 21:49:10,expired
itel,A667L,A667L,ORA-V218-SKU1-20240930-A667L-SQ373-Go,,T603,BWOR,,https://frbox.transsion.com/disk/s/Xj6S9XV1c5a,NaVyFX,2026-09-12 21:49:09,expired
itel,A667L,A667L,A667L-SQ373I-UGo-ETEC-LC-250324V58,,T603,ETEC,2025-03-24,https://frbox.transsion.com/disk/s/GjYdTjiyJZN,gOCasQ,2026-09-12 21:49:09,expired
itel,A667L,A667L,A667L-SQ373I-UGo-RWAT-LC-250920V71,,T603,RWAT,2025-09-20,https://frbox.transsion.com/disk/s/rJHGxd44pz8,jLSxzE,2026-09-12 21:49:09,expired
itel,A667L,A667L,A667L-SQ373I-UGo-RWAT-LC-251229V75,,T603,RWAT,2025-12-29,https://frbox.transsion.com/disk/s/tHLtjchwmay,Xe0t5p,2026-09-12 21:49:09,expired
itel,A667L,A667L,A667L-SQ373FGIJ-UGo-OP-260120V2006,,T603,OP,2026-01-20,https://frbox.transsion.com/disk/s/52Nx1KRYjZh,GsP674,2026-09-12 21:49:09,expired
itel,A667L,A667L,ORA-V245-SKU1-20260130-A667L-SQ373-Go,,T603,BWOR,,https://frbox.transsion.com/disk/s/g5ya8KbN6bX,G7BA7G,2026-09-12 21:49:09,expired
Infinix,X620B,X620B,X620B-Q6361A-O-190108V34,,SDM636,OP,2019-01-08,https://frbox.transsion.com/disk/s/TvbPLLpz1GY,SCyffP,2026-09-12 21:49:08,expired
TECNO,CK9n,CK9n-U,CK9n-H933B-U-GL-231209V3718,,MT6893,GL,2023-12-09,https://frbox.transsion.com/disk/s/mdXu97b1GFB,a0o7NV,2026-09-12 21:49:07,expired
TECNO,CK9n,CK9n-U,CK9n-H933B-U-GL-250117V6375,,MT6893,GL,2025-01-17,https://frbox.transsion.com/disk/s/enZLEsF38Bt,rIWDNA,2026-09-12 21:49:07,expired
TECNO,CK9n,CK9n-U,CK9n-H933B-U-TR-250117V6374,,MT6893Z_T/CZA(D8050),TR,2025-01-17,https://frbox.transsion.com/disk/s/CkwJKzx4aLs,gUlTa8,2026-09-12 21:49:07,expired
TECNO,CK9n,CK9n-U,CK9n-H933B-U-RU-250207V6394,,MT6893Z_T/CZA(D8050),RU,2025-02-07,https://frbox.transsion.com/disk/s/hjWmgJJ6VWn,hSXNfM,2026-09-12 21:49:07,expired
Infinix,X668C,X668C,X668C-F162-12.0-GL-V179-20221108,,UMS9230T(T616),GL,,https://frbox.transsion.com/disk/s/2LxA3bpepLE,UfQd8Q,2026-09-12 21:49:06,expired
TECNO,BB4K,BB4K,BB4k-H6114UVW-PGo-TR-191201V35,,MT6761,TR,2019-12-01,https://frbox.transsion.com/disk/s/9hhsCEy5xJZ,yz4Bvs,2026-09-12 21:49:05,expired
TECNO,BB4K,BB4K,BB4k-H6114UVW-PGo-211026V137,,MT6761,OP,2021-10-26,https://frbox.transsion.com/disk/s/RRQQBHJqf4F,ulR72p,2026-09-12 21:49:05,expired
TECNO,BB4K,BB4K,BB4k-H6114V-PGo-IN-211103V94,,MT6761,IN,2021-11-03,https://frbox.transsion.com/disk/s/6ArEiHSJGYg,82zYYR,2026-09-12 21:49:05,expired
itel,it5081N,it5081N,it5081N-MA2425-EnFrPoArSwHa-20230721,,MT6260A,OP,,https://frbox.transsion.com/disk/s/9ENkVLGu21K,5UJpKa,2026-09-12 21:49:05,expired
itel,it5081N,it5081N,it5081N-MA2425-EnSoAmTiOm-ET-20230911,,MA2425,ET,,https://frbox.transsion.com/disk/s/o5TEbTPE1rX,Df6j9Z,2026-09-12 21:49:05,expired
TECNO,T1101,T1101,T1101-M1101AB-U-RU-260203V1035,,MT8781V/CAZA,RU,2026-02-03,https://frbox.transsion.com/disk/s/aYDK9fbfawY,mbTElX,2026-09-12 21:49:04,expired
TECNO,T1101,T1101,T1101-M1101ABCD-U-OP-260410V1046,,MT8781V/CAZA,OP,2026-04-10,https://frbox.transsion.com/disk/s/kWXAMxni3th,50zzxr,2026-09-12 21:49:04,expired
TECNO,T1101,T1101,T1101-M1101ABCD-U-OP-260625V1051,,MT8781V/CAZA,OP,2026-06-25,https://frbox.transsion.com/disk/s/AfUcEZk72ks,aXP0yo,2026-09-12 21:49:04,expired
TECNO,T1103,T1103,T1103-16.3.0.130SP11(OP004PF001AZ),16,MT6789J(G100 Ultimate),OP,,https://frbox.transsion.com/disk/s/WNA4TmjeXva,bkewIu,2026-09-12 21:49:03,expired
TECNO,T1103,T1103,T1103-16.3.0.140SP04(RU003PF001AZ),16,MT6789J(G100 Ultimate),RU,,https://frbox.transsion.com/disk/s/dUMMnd2tnLy,usaFln,2026-09-12 21:49:03,expired
Infinix,X6817B,X6817B,X6817B-F161-11.0-GL-V41-20221110,,T616,GL,,https://frbox.transsion.com/disk/s/GFXTRLPMDa7,ViOpR0,2026-09-12 21:49:02,expired
TECNO,T1102,T1102,T1102-T726AABCDEF-V-OP-251231V152,,SM 6225Pro,OP,2025-12-31,https://frbox.transsion.com/disk/s/tKALJfwvgot,nRMulK,2026-09-12 21:49:02,expired
TECNO,T1102,T1102,T1102-T726AABCDEF-V-OP-260123V156,,SM 6225Pro,OP,2026-01-23,https://frbox.transsion.com/disk/s/u71d6Fpcgdn,2Mfuxn,2026-09-12 21:49:02,expired
TECNO,T1102,T1102,T1102-T726AABC-V-RU-260123V60,,SM 6225Pro,RU,2026-01-23,https://frbox.transsion.com/disk/s/DHwEmcDo9fQ,LcNIyq,2026-09-12 21:49:02,expired
TECNO,T1102,T1102,T1102-T726AABCDEF-V-OP-260425V166,,SM 6225Pro,OP,2026-04-25,https://frbox.transsion.com/disk/s/2AMK3iz8EvS,4bpPJL,2026-09-12 21:49:02,expired
TECNO,T1102,T1102,T1102-T726AABCDEF-V-OP-260623V167,,SM 6225Pro,OP,2026-06-23,https://frbox.transsion.com/disk/s/azuTrQqaLbK,lTBqzK,2026-09-12 21:49:02,expired
itel,W4002,W4002,W4002-F3113-10-OP-V030-20221114,,SC7731E,OP,,https://frbox.transsion.com/disk/s/P2AJ12SJSUK,1DTyDj,2026-09-12 21:49:01,expired
itel,S685LN,S685LN,S685LN-F205ACEGJKLMN-U-OP-250805V2815,,UMS9230S (T620),OP,2025-08-05,https://frbox.transsion.com/disk/s/cLGkLZPS3w6,9Zrb0P,2026-09-12 21:49:00,expired
itel,P681LM,P681LM,P681LM-F0615-11.0-OP-V044-20220329,,T606,OP,,https://frbox.transsion.com/disk/s/c24eSi2mzqx,KybKF8,2026-09-12 21:48:59,expired
itel,W4003,W4003,W4003-SA217-8.1-OP-V035-20210323,,SC7731E,OP,,https://frbox.transsion.com/disk/s/yYLjp6JCBqh,WpP1S0,2026-09-12 21:48:58,expired
itel,A507LVU,A507LVU,A507LVU-SQ337C-UGo-ZAVC-PL-240830V186,,T603,OP,2024-08-30,https://frbox.transsion.com/disk/s/Fd859yh9aPU,ERa4fD,2026-09-12 21:48:58,expired
itel,A507LVU,A507LVU,A507LVU-SQ337C-UGo-ZAVC-PL-250522V227,,T603,ZAVC,2025-05-22,https://frbox.transsion.com/disk/s/icDtXTeTyQP,B3T7uh,2026-09-12 21:48:58,expired
itel,it1407,it1407,IT1407-C219D-20160910,,SC7731C,OP,,https://frbox.transsion.com/disk/s/YSygzRMWuQq,Ec0COa,2026-09-12 21:48:57,expired
Infinix,X669C,X669C,X669C-H6127AxAyBe-S-TR-230824V1056,,MT6765,TR,2023-08-24,https://frbox.transsion.com/disk/s/kj1Fwuu1RRq,QS99IC,2026-09-12 21:48:56,expired
Infinix,X669C,X669C,X669C-H6127AgAhAxAyBcBdBeBfBg-S-GL-250102V1394,,MT6765,GL,2025-01-02,https://frbox.transsion.com/disk/s/95ecpZrinQQ,jR8uRV,2026-09-12 21:48:56,expired
Infinix,X669C,X669C,X669C-H6127AgAhAxAyBcBdBeBfBg-S-GL-250122V1402,,MT6765,GL,2025-01-22,https://frbox.transsion.com/disk/s/93p2wU1AibS,Ld4fsi,2026-09-12 21:48:56,expired
Infinix,X6815,X6815(S),X6815-H771A-S-GL-230907V519,,MT6877V/ZA(D900),GL,2023-09-07,https://frbox.transsion.com/disk/s/JQ1azyaufmD,STqKUW,2026-09-12 21:48:55,expired
Infinix,X6815,X6815(S),X6815-H771A-S-INFK-DC-221207V212,,MT6877V/ZA(D900),INFK,2022-12-07,https://frbox.transsion.com/disk/s/pHmv6PJMuyj,EwVnzL,2026-09-12 21:48:55,expired
Infinix,X669D,X669D,X669D-F065XAb-S-EU-20241213V227,,UMS9230(T606),EU,2024-12-13,https://frbox.transsion.com/disk/s/BJepcy7pVEK,IVm3mr,2026-09-12 21:48:54,expired
Infinix,X669D,X669D,X669D-F065XAbLMN-S-GL-20250207V440,,UMS9230(T606),GL,2025-02-07,https://frbox.transsion.com/disk/s/WxNsF6z31H4,0lZZQ1,2026-09-12 21:48:54,expired
Infinix,X669D,X669D,X669D-F065XAbN-S-RU-20250207V248,,UMS9230(T606),RU,2025-02-07,https://frbox.transsion.com/disk/s/wvWr15T81Gj,08BQ9I,2026-09-12 21:48:54,expired
itel,it1409,it1409,IT1409-C219F-IN-20170223,,SC7731C,IN,,https://frbox.transsion.com/disk/s/TFZmWFA3aDf,oE7ZB0,2026-09-12 21:48:53,expired
itel,it9120,it9120,it9120-SL24B-EnHiGuTaTePaKnBnMlAsOrUrMr-IN-20251023,,,IN,,https://frbox.transsion.com/disk/s/ZdrDThii4BY,dkX6PO,2026-09-12 21:48:52,expired
TECNO,S1E,S1E Pro,S1EPro-H8016E-M-TZTG-LC-170512V23,,MT6580M,TZ,2017-05-12,https://frbox.transsion.com/disk/s/K1MD7gqt8kx,FNKErY,2026-09-12 21:48:51,expired
TECNO,S1E,S1E Pro,S1EPro-H8016E-M-ETEC-170717V40,,MT6580M,ETEC,2017-07-17,https://frbox.transsion.com/disk/s/Z2enQwiWymk,ofbawA,2026-09-12 21:48:51,expired
TECNO,T372N,T372N,T372N-MA2425-EnFrArSwHaPo-20220610,,MT6260A,OP,,https://frbox.transsion.com/disk/s/a2Zc7uNR27n,G4s9Fc,2026-09-12 21:48:50,expired
itel,it2320B,it2320B,it2320B-G1812-EnBn-BD-20200618,,SC6531E,BD,,https://frbox.transsion.com/disk/s/w7gv2JbQ1zx,oWjWzP,2026-09-12 21:48:49,expired
itel,A671LC,A671LC,A671LC-SQ378G-UGo-IN-250407V59,,Unisoc T603,IN,2025-04-07,https://frbox.transsion.com/disk/s/qiUDgvMvhiQ,6Pa6uu,2026-09-12 21:48:48,expired
itel,A671LC,A671LC,A671LC-SQ378EGHI-UGo-OP-251020V1663,,Unisoc T603,OP,2025-10-20,https://frbox.transsion.com/disk/s/DXvLHK8JjCW,Kr0llf,2026-09-12 21:48:48,expired
itel,A671LC,A671LC,A671LC-SQ378EGHI-UGo-OP-260113V1673,,Unisoc T603,OP,2026-01-13,https://frbox.transsion.com/disk/s/taZpupxamnP,gMbd36,2026-09-12 21:48:48,expired
itel,A671LC,A671LC,A671LC-SQ378EGHI-UGo-OP-260413V1676,,Unisoc T603,OP,2026-04-13,https://frbox.transsion.com/disk/s/sEBfy9ZmNoE,u6dIpT,2026-09-12 21:48:48,expired
TECNO,CL6k,CL6k(Android 16),CL6k-16.3.0.145SP09(OP005PF001AZ),16,MT6789U(G99 Ultimate),OP,,https://frbox.transsion.com/disk/s/Gxt65DBn9KY,asNEAE,2026-09-12 21:48:47,expired
TECNO,LK7,LK7,LK7-16.3.0.135SP14(OPPJ012PF001PJ),16,MT6878V/TZA(D7400),OPPJ,,https://frbox.transsion.com/disk/s/gdGUHsjfAaf,TJ8Zhd,2026-09-12 21:48:47,expired
TECNO,LK7,LK7,LK7-16.3.0.150SP03(IN003PF001AZ),16,MT6878V/TZA(D7400),IN,,https://frbox.transsion.com/disk/s/BQGv7U9Sshr,gSjz94,2026-09-12 21:48:47,expired
TECNO,LK7,LK7,LK7-16.3.0.150SP03(OP003PF001AZ),16,MT6878V/TZA(D7400),OP,,https://frbox.transsion.com/disk/s/z2TnwtqLmD7,o5j6WK,2026-09-12 21:48:47,expired
TECNO,LK7,LK7,LK7-16.3.0.150SP03(TR003PF001AZ),16,MT6878V/TZA(D7400),TR,,https://frbox.transsion.com/disk/s/7D9acwWMRkt,vIQeCe,2026-09-12 21:48:47,expired
TECNO,LK7,LK7,LK7-16.3.0.150SP03(OPPJ003PF001PJ),16,MT6878V/TZA(D7400),OPPJ,,https://frbox.transsion.com/disk/s/DRivVNSFYYb,fKJuEY,2026-09-12 21:48:47,expired
TECNO,LK7,LK7,LK7-16.3.0.150SP03(RU003PF001AZ),16,MT6878V/TZA(D7400),RU,,https://frbox.transsion.com/disk/s/M2w5VVBV7qW,Z6Qpsf,2026-09-12 21:48:47,expired
TECNO,LK6,LK6,LK6-16.2.0.135SP14(OP010PF001AZ),16,MT6858V/ZA(25MS/D7100),OP,,https://frbox.transsion.com/disk/s/BFzDWgdJuHf,M197n0,2026-09-12 21:48:45,expired
TECNO,LK6,LK6,LK6-16.2.0.145SP03(COCL003PF001AZ),16,MT6858V/ZA(25MS/D7100),COCL,,https://frbox.transsion.com/disk/s/nDNuekNY6Tw,KL5ngX,2026-09-12 21:48:45,expired
TECNO,LK6,LK6,LK6-16.2.0.150SP10(OP007PF001AZ),16,MT6858V/ZA(25MS/D7100),OP,,https://frbox.transsion.com/disk/s/PDJoUQRX5rU,Rcg1XZ,2026-09-12 21:48:45,expired
TECNO,LK6,LK6,LK6-16.2.0.150SP10(OPPJ007PF001PJ),16,MT6858V/ZA(25MS/D7100),OPPJ,,https://frbox.transsion.com/disk/s/i71rZQf9qXF,TZUXE1,2026-09-12 21:48:45,expired
TECNO,LK6,LK6,LK6-16.3.0.140SP28(IN010PF001AZ),16,MT6858V/ZA(25MS/D7100),IN,,https://frbox.transsion.com/disk/s/SfoqG1APhCe,u1irhL,2026-09-12 21:48:45,expired
TECNO,LK6,LK6,LK6-16.3.0.140SP30(OPPJ011PF001PJ),16,MT6858V/ZA(25MS/D7100),OPPJ,,https://frbox.transsion.com/disk/s/r6WsdjKGS3A,pbt4ZN,2026-09-12 21:48:45,expired
TECNO,LK6,LK6,LK6-16.3.0.140SP28(OP010PF001AZ),16,MT6858V/ZA(25MS/D7100),OP,,https://frbox.transsion.com/disk/s/EzcUCEmpUkS,uSM9Ip,2026-09-12 21:48:45,expired
TECNO,LK6,LK6,LK6-16.3.0.140SP28(RU010PF001AZ),16,MT6858V/ZA(25MS/D7100),RU,,https://frbox.transsion.com/disk/s/XpdJsdhtjLw,9UHMRx,2026-09-12 21:48:45,expired
TECNO,LK6,LK6,LK6-16.3.0.140SP28(TR010PF001AZ),16,MT6858V/ZA(25MS/D7100),TR,,https://frbox.transsion.com/disk/s/TwK1stmW8Xn,Kbg1Gg,2026-09-12 21:48:45,expired
TECNO,LK6,LK6,LK6-16.3.0.150SP09(OP007PF001AZ),16,MT6858V/ZA(25MS/D7100),OP,,https://frbox.transsion.com/disk/s/iF3cPtr6c5z,Fd1X7o,2026-09-12 21:48:45,expired
itel,A665L,A665L,A665L-SE673SBCEFHJKLMNOPQRSTUVWX-TGo-OP-231215V1090,,T603Octa-Core,OP,2023-12-15,https://frbox.transsion.com/disk/s/GdUvYdK6TAW,XX70aN,2026-09-12 21:48:44,expired
itel,A665L,A665L,A665L-SE673SBCEFHJKLMNOPQRSTUVWX-TGo-OP-240110V1181,,T603Octa-Core,OP,2024-01-10,https://frbox.transsion.com/disk/s/pQtz6MyanV9,RffmI6,2026-09-12 21:48:44,expired
itel,A665L,A665L,A665L-SE673SORWX-TGo-TR-240119V70,,T603Octa-Core,TR,2024-01-19,https://frbox.transsion.com/disk/s/RFRpjSPDKQh,lSonPf,2026-09-12 21:48:44,expired
itel,A665L,A665L,A665L-SE673SET-TGo-ETEC-LC-240417V45,,T603Octa-Core,ETEC,2024-04-17,https://frbox.transsion.com/disk/s/XJY8ofsPPpi,GcytYq,2026-09-12 21:48:44,expired
itel,A665L,A665L,A665L-SE673SBCEFHJKLMNOPQRSTUVWX-TGo-OP-241218V1647,,T603Octa-Core,OP,2024-12-18,https://frbox.transsion.com/disk/s/8guVgVJLA5q,AyQMyC,2026-09-12 21:48:44,expired
itel,A665L,A665L,A665L-SE673SBCEFHJKLMNOPQRSTUVWX-TGo-OP-251009V1746,,T603Octa-Core,OP,2025-10-09,https://frbox.transsion.com/disk/s/YXssfrvD47Q,pqJScn,2026-09-12 21:48:44,expired
itel,A665L,A665L,A665L-SE673SBCEFHJKLMNOPQRSTUVWX-TGo-OP-260116V1755,,T603Octa-Core,OP,2026-01-16,https://frbox.transsion.com/disk/s/nLYymAzGTo5,RPPRTs,2026-09-12 21:48:44,expired
itel,A665L,A665L,A665L-SE673SORWX-TGo-RU-260122V268,,T603Octa-Core,RU,2026-01-22,https://frbox.transsion.com/disk/s/Ao5D2RouUBE,MdEKTz,2026-09-12 21:48:44,expired
itel,A665L,A665L,A665L-SE673SBCNS-TGo-IN-260123V289,,T603Octa-Core,IN,2026-01-23,https://frbox.transsion.com/disk/s/aqNy1i8mnRd,6I8RfK,2026-09-12 21:48:44,expired
TECNO,LC7S,LC7S,LC7S-H6116C-Q-ZAVC-201124V117,,MT6761,ZAVC,2020-11-24,https://frbox.transsion.com/disk/s/MCRvRV8ngzr,ZA0xI2,2026-09-12 21:48:43,expired
itel,it1410,it1410,it1410-H721-D1-KK-IN-20160715,,MT6572W,IN,,https://frbox.transsion.com/disk/s/Vc1T5WJbtqc,xEiJDA,2026-09-12 21:48:42,expired
TECNO,CH6IS,CH6IS,CH6IS-H6921C-S-GTTG-LC-221111V166,,MT6769Z,GTTG,2022-11-11,https://frbox.transsion.com/disk/s/cV3Ppwy1LLk,1cjGlR,2026-09-12 21:48:41,expired
TECNO,CH6IS,CH6IS,CH6IS-H6921C-S-MXTC-221204V810,,MT6769Z,MXTC,2022-12-04,https://frbox.transsion.com/disk/s/w7pS86b5AyR,IbAxvi,2026-09-12 21:48:41,expired
TECNO,CH6IS,CH6IS,CH6IS-H6921C-S-COCL-250121V2170,,MT6769Z,COCL,2025-01-21,https://frbox.transsion.com/disk/s/hotCZ1jNCDM,1V6t9y,2026-09-12 21:48:41,expired
TECNO,CG8h,CG8h,CG8h-H854OP-R-OP-230303V243,,MT6785V,OP,2023-03-03,https://frbox.transsion.com/disk/s/WtHVgaqb2zX,nPrNLh,2026-09-12 21:48:41,expired
TECNO,KB7j,KB7j,KB7j-H615EFIJ-P-210323V201,,MT6761,OP,2021-03-23,https://frbox.transsion.com/disk/s/Kjg4JqUFNys,P3kUhk,2026-09-12 21:48:40,expired
itel,P1102GT,P1102GT,P1102GT-M11-V-OP-20250704V14,,MT8781(G99),OP,2025-07-04,https://frbox.transsion.com/disk/s/VLGv9NW1hv7,yKgyIU,2026-09-12 21:48:39,expired
TECNO,T1102W,T1102W,T1102W-T726AGHJ-V-OP-260131V147,,SM 6225Pro,OP,2026-01-31,https://frbox.transsion.com/disk/s/ALu6JeYfdid,NHQC6M,2026-09-12 21:48:38,expired
TECNO,T1102W,T1102W,T1102W-T726AG-V-RU-260123V47,,SM 6225Pro,RU,2026-01-23,https://frbox.transsion.com/disk/s/AVSh8G3taN6,a6OJWU,2026-09-12 21:48:38,expired
TECNO,T1102W,T1102W,T1102W-T726AGHJ-V-TR-260131V35,,SM 6225Pro,TR,2026-01-31,https://frbox.transsion.com/disk/s/GqrJ2SWmzX2,K7qgmr,2026-09-12 21:48:38,expired
TECNO,T1102W,T1102W,T1102W-T726AGHJ-V-OP-260425V153,,SM 6225Pro,OP,2026-04-25,https://frbox.transsion.com/disk/s/Y1U5vTb6TmG,KxeFjP,2026-09-12 21:48:38,expired
TECNO,BF7s,BF7s,BF7s-H6127Au-S-GTTG-LC-230703V266,,MT6761,GTTG,2023-07-03,https://frbox.transsion.com/disk/s/XTCdWGLuBLk,Fkdslt,2026-09-12 21:48:36,expired
TECNO,BF7s,BF7s,BF7s-H6127Av-S-COCL-230605V574,,MT6761,COCL,2023-06-05,https://frbox.transsion.com/disk/s/6T3eFTX3Aor,cjKMZV,2026-09-12 21:48:36,expired
TECNO,BF7s,BF7s,BF7s-H6127Aw-S-MXTC-230507V508,,MT6761,MXTC,2023-05-07,https://frbox.transsion.com/disk/s/b3VRJobbvLV,aUuoch,2026-09-12 21:48:36,expired
Infinix,X6815D,X6815D,X6815D-H777BC-S-GL-230620V885,,MT6877,GL,2023-06-20,https://frbox.transsion.com/disk/s/chNeXF88275,H0tU49,2026-09-12 21:48:35,expired
TECNO,LJ8,LJ8,LJ8-15.1.0.139(OP001PF001AZ),15,MT6878V_E/ZA(D7300 Ultimate),OP,,https://frbox.transsion.com/disk/s/8U7UurEd9Zo,yA6Dyz,2026-09-12 21:48:34,expired
TECNO,LJ8,LJ8,LJ8-15.1.2.145SP01(OP001PF001AZ),15,MT6878V_E/ZA(D7300 Ultimate),OP,,https://frbox.transsion.com/disk/s/csFr9W8gX8B,1b9CzO,2026-09-12 21:48:34,expired
TECNO,LJ8,LJ8,LJ8-15.1.2.145SP01(OPPJ001PF001PJ),15,MT6878V_E/ZA(D7300 Ultimate),OPPJ,,https://frbox.transsion.com/disk/s/4rwmNpE5ZRp,ULEpuh,2026-09-12 21:48:34,expired
TECNO,LJ8,LJ8,LJ8-15.1.2.145SP01(IN001PF001AZ),15,MT6878V_E/ZA(D7300 Ultimate),IN,,https://frbox.transsion.com/disk/s/jj6KyVdYESz,4eSZJ4,2026-09-12 21:48:34,expired
TECNO,LJ8,LJ8,LJ8-15.1.2.145SP12(OP001PF001AZ),15,MT6878V_E/ZA(D7300 Ultimate),OP,,https://frbox.transsion.com/disk/s/n8NQpCfT91u,ucvYh5,2026-09-12 21:48:34,expired
TECNO,LJ8,LJ8,LJ8-15.1.2.180(RU001PF001AZ),15,MT6878V_E/ZA(D7300 Ultimate),RU,,https://frbox.transsion.com/disk/s/MBrkLeNdZ8b,Y4Rm2t,2026-09-12 21:48:34,expired
Infinix,X6815B,X6815B,X6815B-H772AB-R-OP-220823V538,,MT6877,OP,2022-08-23,https://frbox.transsion.com/disk/s/6NgCtaX5qbp,88aYIT,2026-09-12 21:48:33,expired
TECNO,LJ9,LJ9,LJ9-15.1.2.180SP05(OP001PF001AZ),15,MT6897Z_B/ZA(D8350 Ultimate),OP,,https://frbox.transsion.com/disk/s/zGgBgX8VFXy,fUInfx,2026-09-12 21:48:33,expired
TECNO,LJ9,LJ9,LJ9-15.1.2.180SP05(RU001PF001AZ),15,MT6897Z_B/ZA(D8350 Ultimate),RU,,https://frbox.transsion.com/disk/s/RZTRojLTj9R,T5PSBb,2026-09-12 21:48:33,expired
TECNO,LJ6,LJ6,LJ6-15.1.0.123(OP001PF001AZ),15,MT6789J(G100 Ultimate),OP,,https://frbox.transsion.com/disk/s/P1FYnhPww8G,Zdzy3w,2026-09-12 21:48:31,expired
TECNO,LJ6,LJ6,LJ6-15.1.2.180SP05(OP001PF001AZ),15,MT6789J(G100 Ultimate),OP,,https://frbox.transsion.com/disk/s/VexsJp3tmt4,8IPV0a,2026-09-12 21:48:31,expired
TECNO,LJ6,LJ6,LJ6-15.1.2.180SP05(RU001PF001AZ),15,MT6789J(G100 Ultimate),RU,,https://frbox.transsion.com/disk/s/Df6ddnBPgQD,hkCm0i,2026-09-12 21:48:31,expired
TECNO,LJ6,LJ6,LJ6-15.1.2.180SP05(OPPJ001PF001PJ),15,MT6789J(G100 Ultimate),OPPJ,,https://frbox.transsion.com/disk/s/eXXYfvFi4EE,Qhn62N,2026-09-12 21:48:31,expired
TECNO,LJ7,LJ7,LJ7-15.1.0.112SP01(OP001PF001AZ),15,MT6878V_E/ZA(D7300 Ultimate),OP,,https://frbox.transsion.com/disk/s/8g6EnwQrexR,TJAt2o,2026-09-12 21:48:30,expired
TECNO,LJ7,LJ7,LJ7-15.1.0.116SP02(OP001PF001AZ),15,MT6878V_E/ZA(D7300 Ultimate),OP,,https://frbox.transsion.com/disk/s/EzF8ZYyyt7J,JvYjHV,2026-09-12 21:48:30,expired
TECNO,LJ7,LJ7,LJ7-15.1.0.116SP05(COCL001PF001AZ),15,MT6878V_E/ZA(D7300 Ultimate),COCL,,https://frbox.transsion.com/disk/s/Wq7XXVCuDCe,ljohMm,2026-09-12 21:48:30,expired
TECNO,LJ7,LJ7,LJ7-15.1.2.131SP06(OPPJ001PF001PJ),15,MT6878V_E/ZA(D7300 Ultimate),OPPJ,,https://frbox.transsion.com/disk/s/Pit6t4GpSo3,GyNW6v,2026-09-12 21:48:30,expired
TECNO,LJ7,LJ7,LJ7-15.1.2.165SP05(IN001PF001AZ),15,MT6878V_E/ZA(D7300 Ultimate),IN,,https://frbox.transsion.com/disk/s/zLvvgh4QiDN,BZ0t8o,2026-09-12 21:48:30,expired
TECNO,LJ7,LJ7,LJ7-15.1.2.180SP05(OP001PF001AZ),15,MT6878V_E/ZA(D7300 Ultimate),OP,,https://frbox.transsion.com/disk/s/b5VvLX3HoVy,K3y2oT,2026-09-12 21:48:30,expired
TECNO,LJ7,LJ7,LJ7-15.1.2.180SP05(RU001PF001AZ),15,MT6878V_E/ZA(D7300 Ultimate),RU,,https://frbox.transsion.com/disk/s/zH5nyghLM9s,85G4dS,2026-09-12 21:48:30,expired
Infinix,X6815C,X6815C,X6815C-H777A-S-EU-230607V1335,,MT6877V/TTZA,EU,2023-06-07,https://frbox.transsion.com/disk/s/NGjpCWkPyi4,ZmwOCd,2026-09-12 21:48:30,expired
TECNO,LE7n,LE7n,LE7n-H697MN-R-GL-220418V291,,MT6769V,GL,2022-04-18,https://frbox.transsion.com/disk/s/KKvyt2jvHk2,AzWPiZ,2026-09-12 21:48:29,expired
TECNO,LE7n,LE7n,LE7n-H697MN-R-RU-230330V350,,MT6769V,RU,2023-03-30,https://frbox.transsion.com/disk/s/STXbWqqU1n9,dLu1C7,2026-09-12 21:48:29,expired
Infinix,X623B,X623B,X623B-QL1819ABCDEFI-O-190611V55,,MSM8917,MA,2019-06-11,https://frbox.transsion.com/disk/s/noVaT2ab55r,RgTzJN,2026-09-12 21:48:28,expired
TECNO,BD4a,BD4a,BD4a-XQ656SF-RGo-RU-220909V194,,MT6761V(A22),RU,2022-09-09,https://frbox.transsion.com/disk/s/M3HrYQ55gYT,BuMNCA,2026-09-12 21:48:27,expired
TECNO,BD4a,BD4a,BD4a-XQ656SL-RGo-ZAVC-S3-220913V26,,MT6761V(A22),ZAVC,2022-09-13,https://frbox.transsion.com/disk/s/WDRha7GNnow,E5KF05,2026-09-12 21:48:27,expired
TECNO,BD4a,BD4a,BD4a-XQ656SFGH-RGo-OP-231114V434,,MT6761V/WB,OP,2023-11-14,https://frbox.transsion.com/disk/s/xu3YgtstPPW,4TUYdy,2026-09-12 21:48:27,expired
TECNO,BD4a,BD4a,BD4a-XQ656SFGH-RGo-OP-240112V566,,MT6761V/WB,OP,2024-01-12,https://frbox.transsion.com/disk/s/apMo8T6ySuy,uxrodB,2026-09-12 21:48:27,expired
TECNO,S6S,S6S,S6S-B50040C-N-KESF-181108V11,,MT6580,KESF,2018-11-08,https://frbox.transsion.com/disk/s/ZQKtGZimZVf,AJNvRD,2026-09-12 21:48:27,expired
itel,A512W,A512W,A512W-SA366AdAe-11.0-OP-V006-20221214,,SC7731E,GL,,https://frbox.transsion.com/disk/s/7TUuogkGHgp,P7KbK8,2026-09-12 21:48:26,expired
itel,A512W,A512W,A512W-SA366AhAi-11.0-OP-V029-20240505,,SC7731E,OP,,https://frbox.transsion.com/disk/s/pE1LAmyngU1,0fN39Q,2026-09-12 21:48:26,expired
itel,A512W,A512W,A512W-SA366AhAi-11.0-OP-V032-20240621,,SC7731E,OP,,https://frbox.transsion.com/disk/s/L4W8B8cdzx4,6lBrno,2026-09-12 21:48:26,expired
itel,A512W,A512W,A512W-SA366AhAi-11.0-OP-V034-20240913,,SC7731E,OP,,https://frbox.transsion.com/disk/s/QtB2L77wKeY,1PudgD,2026-09-12 21:48:26,expired
itel,A512W,A512W,A512W-SA366AhAi-11.0-OP-V036-20241217,,SC7731E,OP,,https://frbox.transsion.com/disk/s/ekEQv79Yi2n,ZHUt0z,2026-09-12 21:48:26,expired
TECNO,LH6n,LH6n(Android 14),LH6n-H6930ABCD-U-OP-240726V885,14,MT6769V/CZ(G85),OP,2024-07-26,https://frbox.transsion.com/disk/s/URuk3HyeUe3,vKZW7E,2026-09-12 21:48:25,expired
TECNO,LH6n,LH6n(Android 14),LH6n-H6930ABCD-U-OP-241121V1015,14,MT6769V/CZ(G85),OP,2024-11-21,https://frbox.transsion.com/disk/s/FekyaviSTEP,puD6U7,2026-09-12 21:48:25,expired
TECNO,LH6n,LH6n(Android 14),LH6n-H6930AC-U-RU-250612V1100,14,MT6769V/CZ(G85),RU,2025-06-12,https://frbox.transsion.com/disk/s/eWcaZkHUf3k,dEkwJ9,2026-09-12 21:48:25,expired
itel,it2311,it2311,it2311-M2003-EnFrSwHaPoAr-20240423-P60,,MT6261D,OP,,https://frbox.transsion.com/disk/s/89a99r7XH4p,tyFlpJ,2026-09-12 21:48:24,expired
itel,it2311,it2311,it2311-M2003-AmEnSoTiOm-ET-20240711,,MT6261D,ET,,https://frbox.transsion.com/disk/s/wxrnrNM5DcA,BCoV5X,2026-09-12 21:48:24,expired
Infinix,X559,X559,X559-H8015C-N-190606V154,,MT6580,OP,2019-06-06,https://frbox.transsion.com/disk/s/rVv8JqMKw5o,8kLZF4,2026-09-12 21:48:23,expired
TECNO,BD4h,BD4h,BD4h-XQ656SJ-RGo-OP-231110V320,,MT6761V/WB,OP,2023-11-10,https://frbox.transsion.com/disk/s/fcyLe2nEjUH,jzb3tH,2026-09-12 21:48:22,expired
TECNO,BD4h,BD4h,BD4h-XQ656SJ-RGo-OP-240112V367,,MT6761V/WB,OP,2024-01-12,https://frbox.transsion.com/disk/s/CptnGc9FQQt,kK3Hdi,2026-09-12 21:48:22,expired
TECNO,BD4h,BD4h,BD4h-XQ656SJ-RGo-OP-240315V375,,MT6761V/WB,OP,2024-03-15,https://frbox.transsion.com/disk/s/Wtso1Fq2dXR,3Mgz9d,2026-09-12 21:48:22,expired
TECNO,CH7,CH7-S,CH7-H812F-S-OP-231015V569,,MT6781,OP,2023-10-15,https://frbox.transsion.com/disk/s/GhVW31xXg3r,Vh1qEY,2026-09-12 21:48:22,expired
TECNO,BD4i,BD4i,BD4i-XQ656CDE-RGo-GL-F2-231110V304,,MT6761V/WB,GL,2023-11-10,https://frbox.transsion.com/disk/s/Toq5y1RuCxt,TZLza8,2026-09-12 21:48:21,expired
TECNO,BD4i,BD4i,BD4i-XQ656C-RGo-GL-231110V436,,MT6761V/WB,IN,2023-11-10,https://frbox.transsion.com/disk/s/GpvENyHiYoB,zUvbhW,2026-09-12 21:48:21,expired
TECNO,W5,W5 Lite,W5Lite-H8010A1-M-170313V376,,MT6580W,GL,2017-03-13,https://frbox.transsion.com/disk/s/koshiExRPmM,I4XY3v,2026-09-12 21:48:20,expired
TECNO,BD4j,BD4j,BD4j-XQ656AB-RGo-GL-231110V602,,MT6761V/WB,GL,2023-11-10,https://frbox.transsion.com/disk/s/HFLJZDjJw3A,IK2N3A,2026-09-12 21:48:20,expired
TECNO,CG7n,CG7n,CG7n-H697OP-R-RU-210813V259,,MT6769Z,RU,2021-08-13,https://frbox.transsion.com/disk/s/ku583d81r6L,FxW2nB,2026-09-12 21:48:18,expired
TECNO,BD2p,BD2p,BD2p-SP613DEF-RGo-OP-230608V19,,SC7731E,OP,2023-06-08,https://frbox.transsion.com/disk/s/aMjs5PUgnXc,r37Vth,2026-09-12 21:48:17,expired
TECNO,LI9,LI9,LI9-H335CD-U-EU-241109V1505,,MT6833V/PNZA(D6080),EU,2024-11-09,https://frbox.transsion.com/disk/s/WGp84cHDqJC,WmcuGB,2026-09-12 21:48:16,expired
TECNO,LI9,LI9,LI9-H335EF-U-IN-241218V1527,,MT6833V/PNZA(D6080),IN,2024-12-18,https://frbox.transsion.com/disk/s/iucPp1dcP8z,FNciuw,2026-09-12 21:48:16,expired
TECNO,LI9,LI9,LI9-H335AB-U-TR-250224V1551,,MT6833V/PNZA(D6080),TR,2025-02-24,https://frbox.transsion.com/disk/s/JWJCzHTgmaa,YPATP3,2026-09-12 21:48:16,expired
TECNO,LI9,LI9,LI9-H335AB-U-OP-250618V1602,,MT6833V/PNZA(D6080),OP,2025-06-18,https://frbox.transsion.com/disk/s/ZX1RmfcZwpC,mlPBtS,2026-09-12 21:48:16,expired
TECNO,LI9,LI9,LI9-H335AB-U-RU-250618V1602,,MT6833V/PNZA(D6080),RU,2025-06-18,https://frbox.transsion.com/disk/s/H5UK96Ns4BM,SeTdn9,2026-09-12 21:48:16,expired
TECNO,LI7,LI7,LI7-H897SU-U-TR-240729V1069,,MT6789U(G99 Ultimate),TR,2024-07-29,https://frbox.transsion.com/disk/s/Wpe4U177cSA,nOoCh8,2026-09-12 21:48:15,expired
TECNO,LI7,LI7,LI7-H897STUV-U-OP-250624V1347,,MT6789U(G99 Ultimate),OP,2025-06-24,https://frbox.transsion.com/disk/s/hvbaQSSAhqU,LBttXp,2026-09-12 21:48:15,expired
TECNO,LI7,LI7,LI7-H897SU-U-RU-250624V1347,,MT6789U(G99 Ultimate),RU,2025-06-24,https://frbox.transsion.com/disk/s/tw19KggDS5Y,vm7C06,2026-09-12 21:48:15,expired
Infinix,X6816D,X6816D,X6816D-ST683JKR-R-OP-230828V11,,Unisoc T610,OP,2023-08-28,https://frbox.transsion.com/disk/s/UuucwELv11H,7kSqwp,2026-09-12 21:48:14,expired
Infinix,X6816D,X6816D,X6816D-ST683R-R-EU-230821V6,,Unisoc T610,EU,2023-08-21,https://frbox.transsion.com/disk/s/sBjNQnznJmq,lq2jB5,2026-09-12 21:48:14,expired
Infinix,X6816D,X6816D,X6816D-ST683K-S-RU-240407V163,,Unisoc T610,RU,2024-04-07,https://frbox.transsion.com/disk/s/pieUGBYDKaJ,BIxzMC,2026-09-12 21:48:14,expired
Infinix,X6816C,X6816C,X6816C-ST683SBCDS-R-GL-230704V17,,Unisoc T610,GL,2023-07-04,https://frbox.transsion.com/disk/s/45B2rXr49Zp,s58vvk,2026-09-12 21:48:14,expired
Infinix,X6816C,X6816C,X6816C-ST683SBCDS-R-GL-230517V16,,Unisoc T610,IN,2023-05-17,https://sgbox.transsion.com/disk/s/u4EU9LSzipF,762247,2026-09-12 21:48:14,expired
Infinix,X6816C,X6816C,X6816C-ST683SBCDS-R-GL-240314V21,,Unisoc T610,GL,2024-03-14,https://frbox.transsion.com/disk/s/tWoHbQb2nDR,TcNUKG,2026-09-12 21:48:14,expired
TECNO,LI6,LI6,LI6-H897OP-U-EU-240829V981,,MT6789U(G99 Ultimate),EU,2024-08-29,https://frbox.transsion.com/disk/s/KooWsF9yRbX,kYGUPN,2026-09-12 21:48:13,expired
TECNO,LI6,LI6,LI6-H897MNAdAeAfAg-U-OP-250624V1138,,MT6789U(G99 Ultimate),OP,2025-06-24,https://frbox.transsion.com/disk/s/wg8SzT3iPxM,nMjcRP,2026-09-12 21:48:13,expired
TECNO,LI6,LI6,LI6-H897MN-U-RU-250624V1138,,MT6789U(G99 Ultimate),RU,2025-06-24,https://frbox.transsion.com/disk/s/ipK1VdJnDxz,IkRIkV,2026-09-12 21:48:13,expired
TECNO,LH8n,LH8n(Android 14),LH8n-H333MN-U-RU-240910V770,14,MT6833GP(D6080),RU,2024-09-10,https://frbox.transsion.com/disk/s/XjAdxRjujff,jg5Hr9,2026-09-12 21:48:12,expired
TECNO,LH8n,LH8n(Android 14),LH8n-H333MNOP-U-GL-250606V834,14,MT6833GP(D6080),GL,2025-06-06,https://frbox.transsion.com/disk/s/VDiR68LXkWR,0N8Dut,2026-09-12 21:48:12,expired
Infinix,X624B,X624B,X624B-H8026IJK-O-201203V415,,MT6580,OP,2020-12-03,https://frbox.transsion.com/disk/s/2gspyKRpM9Q,m9Fesq,2026-09-12 21:48:11,expired
Infinix,X573,X573,X573-QL1668DEF-O-IN-191126V50,,MSM8937,IN,2019-11-26,https://frbox.transsion.com/disk/s/jfyFSESCtVk,ERuVQB,2026-09-12 21:48:10,expired
Infinix,X573,X573,X573-QL1668DEF-O-191126V57,,MSM8937,OP,2019-11-26,https://frbox.transsion.com/disk/s/Vi8QdimXJAi,mTCXvo,2026-09-12 21:48:10,expired
itel,A512W,A512W(Android 12),A512W-SA366Af1Ag1-SGo-OP-20240306V134,12,SC7731E,OP,2024-03-06,https://frbox.transsion.com/disk/s/yAuDnMKn6by,BvRVi8,2026-09-12 21:48:09,expired
itel,A512W,A512W(Android 12),A512W-SA366Af1Ag1-SGo-OP-20241108V188,12,SC7731E,OP,2024-11-08,https://frbox.transsion.com/disk/s/AWgEBANP9Eb,6yqOVI,2026-09-12 21:48:09,expired
itel,A512W,A512W(Android 12),A512W-SA366Af1Ag1-SGo-OP-20241226V193,12,SC7731E,OP,2024-12-26,https://frbox.transsion.com/disk/s/3P9iwnqvopS,id4MgO,2026-09-12 21:48:09,expired
itel,A6610L,A6610L,A6610L-SQ372ABCDEFGHIJKLMNOPQRSTVWXZ-UGo-OP-250411V1458,,Unisoc T603,OP,2025-04-11,https://frbox.transsion.com/disk/s/cSdGK6EMxRc,EMtcCR,2026-09-12 21:48:08,expired
itel,A6610L,A6610L,A6610L-SQ372PU-UGo-ZAVC-250623V111,,Unisoc T603,ZAVC,2025-06-23,https://frbox.transsion.com/disk/s/ixsToszcYiQ,Y8tMxk,2026-09-12 21:48:08,expired
itel,A6610L,A6610L,A6610L-SQ372PQRST-UGo-OPPJ-PJ-S3-250811V67,,Unisoc T603,OPPJ,2025-08-11,https://frbox.transsion.com/disk/s/AymFpaGBZzr,czqiM7,2026-09-12 21:48:08,expired
itel,A6610L,A6610L,A6610L-SQ372PU-UGo-ZAVC-251212V117,,Unisoc T603,ZAVC,2025-12-12,https://frbox.transsion.com/disk/s/YQG7M5TJ4TW,jta39G,2026-09-12 21:48:08,expired
itel,A6610L,A6610L,A6610L-SQ372ABCDEFGHIJKLMNOPQRSTVWXZ-UGo-OP-260114V1904,,Unisoc T603,OP,2026-01-14,https://frbox.transsion.com/disk/s/cDQVDHnuvWP,tgWoXU,2026-09-12 21:48:08,expired
itel,A6610L,A6610L,A6610L-SQ372ABCDEFGHIJKLMNOPQRSTVWXZ-UGo-OP-260409V1971,,Unisoc T603,OP,2026-04-09,https://frbox.transsion.com/disk/s/ffjCqHxbnZm,BBDuaV,2026-09-12 21:48:08,expired
itel,A6610L,A6610L,A6610L-SQ372FGI-UGo-IN-260409V131,,Unisoc T603,IN,2026-04-09,https://frbox.transsion.com/disk/s/9RPQZKTt23y,nGfm18,2026-09-12 21:48:08,expired
Infinix,X572,X572,X572-H5312E-N-IN-190304V180,,MT6753,IN,2019-03-04,https://frbox.transsion.com/disk/s/2PEDMHCaq4f,M7Z98Y,2026-09-12 21:48:07,expired
Infinix,X572,X572,X572-H5312E-N-ID-SKD-190304V75,,MT6753,AS,2019-03-04,https://frbox.transsion.com/disk/s/Hcx5ffyzAs2,yaG6k8,2026-09-12 21:48:07,expired
itel,A23S,A23S,A23S-SU335-8.1-MZ-Voda-L-V019-20210324,,SC9832E,MZVC,,https://frbox.transsion.com/disk/s/P5J1t7RzUsP,Gauctc,2026-09-12 21:48:06,expired
itel,A23S,A23S,A23S-SU335-8.1-KE-SF-V021-20210602,,SC9832E,KESF,,https://frbox.transsion.com/disk/s/NQvoyHfmqsV,jIheoo,2026-09-12 21:48:06,expired
itel,A513W,A513W,A513W-F8021D-TGo-OP-231113V792,,MT6580,OP,2023-11-13,https://frbox.transsion.com/disk/s/4U8kUT9ZDqJ,vgr0fm,2026-09-12 21:48:05,expired
itel,ACE2L,ACE2L,ACE2L-GS1819-EnHiGuTaTeKnBnMlPa-IN-20260430,,SC6533G,IN,,https://frbox.transsion.com/disk/s/E5aEZpdRHPW,BTomh9,2026-09-12 21:48:05,expired
itel,ACE2N,ACE2N,ACE2N-DL194-EnRuUkKk-RU-20220609,,MT6261D,RU,,https://frbox.transsion.com/disk/s/uVbbtJ3T2bh,GY59cF,2026-09-12 21:48:04,expired
TECNO,ACE2N,ACE2N,ACE2N-DL194-EnHiGuTeTaBnKnMlMr-IN-20220725-STAR,,MT6261D,IN,,https://frbox.transsion.com/disk/s/d15zJQGSKys,pqiSvr,2026-09-12 21:48:04,expired
itel,ACE2N,ACE2N,ACE2N-DL194-EnTl-PH-20220803,,MT6261D,PH,,https://frbox.transsion.com/disk/s/CEtyGA3hyiP,uZeZoP,2026-09-12 21:48:04,expired
itel,ACE2N,ACE2N,ACE2N-DL194-EnHi-NP-20220803,,MT6261D,NP,,https://frbox.transsion.com/disk/s/FXcvUiDGjcG,86wVwI,2026-09-12 21:48:04,expired
itel,S681LN,S681LN,S681LN-F164ABCDEF-T-GL-231130V1219,,T616,GL,2023-11-30,https://frbox.transsion.com/disk/s/UtKFGk1acRp,vvoFjT,2026-09-12 21:48:03,expired
itel,S681LN,S681LN,S681LN-F164BE-T-RU-240612V52,,T616,RU,2024-06-12,https://frbox.transsion.com/disk/s/PehsCuXxQ7k,3k1xNI,2026-09-12 21:48:03,expired
itel,S681LN,S681LN,S681LN-F164D-T-IN-240612V102,,T616,IN,2024-06-12,https://frbox.transsion.com/disk/s/D475s2KQe5P,ofNozr,2026-09-12 21:48:03,expired
itel,S681LN,S681LN,S681LN-F164ABCDEF-T-GL-250722V1565,,T616,GL,2025-07-22,https://frbox.transsion.com/disk/s/aF1XBPahECf,P868kR,2026-09-12 21:48:03,expired
itel,it2320,it2320,it2320-G1812-EnTl-PH-20200331,,SC6531E,PH,,https://frbox.transsion.com/disk/s/NtrmSKHrPDC,73VWbg,2026-09-12 21:48:03,expired
itel,it2320,it2320,it2320-G1812-EnRuUkKk-RU-20200731,,SC6531E,RU,,https://frbox.transsion.com/disk/s/2LbcjZ9qB51,p57JHT,2026-09-12 21:48:03,expired
itel,it2320,it2320,it2320-G1812-EnUr-PK-20210508,,SC6531E,PK,,https://frbox.transsion.com/disk/s/dCdGxdMpYLz,GSDE8y,2026-09-12 21:48:03,expired
itel,it2320,it2320,it2320-G1812-EnBn-BD-20210517,,SC6531E,BD,,https://frbox.transsion.com/disk/s/MBD2bJE9YqV,QOvypr,2026-09-12 21:48:03,expired
itel,it2320,it2320,it2320-G1812-EnTlId-SEA-20211231,,SC6531E,SEA,,https://frbox.transsion.com/disk/s/3pCqt6SkAQB,7eTDV0,2026-09-12 21:48:03,expired
itel,it2320,it2320,it2320-G1812-EnHiTaKn-IN-20191227,,SC6531E,IN,,https://frbox.transsion.com/disk/s/FcArfNrPgsq,hTxheK,2026-09-12 21:48:03,expired
TECNO,BF7h,BF7h,BF7h-H6127NZ-SGo-AS-241216V1157,,MT6761,AS,2024-12-16,https://frbox.transsion.com/disk/s/DCYq3hJtjdj,roBf3e,2026-09-12 21:48:02,expired
TECNO,CG6j,CG6j,CG6j-H696Bf-R-KESF-211111V86,,MT6769Z,KESF,2021-11-11,https://frbox.transsion.com/disk/s/CWQMRwszRfX,KWWN6w,2026-09-12 21:48:01,expired
TECNO,BF7n,BF7n,BF7n-H6127O-S-EU-230511V1318,,MT6761,EU,2023-05-11,https://frbox.transsion.com/disk/s/7rqbTLarbJT,Aocyfx,2026-09-12 21:48:00,expired
TECNO,BF7n,BF7n,BF7n-H6127W-S-TR-240314V3417,,MT6761,TR,2024-03-14,https://frbox.transsion.com/disk/s/PDsb5nVNKWd,VJYxdU,2026-09-12 21:48:00,expired
TECNO,BF7n,BF7n,BF7n-H6127OW-S-OP-241014V3995,,MT6761,OP,2024-10-14,https://frbox.transsion.com/disk/s/ZJLZuUW5a73,E5kfFS,2026-09-12 21:48:00,expired
TECNO,BF7n,BF7n,BF7n-H6127W-S-RU-241204V4002,,MT6761,RU,2024-12-04,https://frbox.transsion.com/disk/s/vgdG6eE1zs1,1aK2zE,2026-09-12 21:48:00,expired
TECNO,BF7n,BF7n,BF7n-H6127OW-S-OP-241204V4001,,MT6761,OP,2024-12-04,https://frbox.transsion.com/disk/s/1GxvfDqWd7S,ssSth6,2026-09-12 21:48:00,expired
TECNO,BF7n,BF7n,BF7n-H6127OW-S-OP-250113V4006,,MT6761,OP,2025-01-13,https://frbox.transsion.com/disk/s/TUJZU9sBBcm,4mZS0h,2026-09-12 21:48:00,expired
itel,A507LC,A507LC,A507LC-SU336O-SGo-ETEC-LC-20230620V25,,SC9832E,ETEC,2023-06-20,https://frbox.transsion.com/disk/s/hmrNrtZykXh,POBTKL,2026-09-12 21:47:59,expired
Infinix,X6728B,X6728B,X6728B-15.1.2.185(OP001PF001AZ),15,MT6769V/CBZA(G81),OP,,https://frbox.transsion.com/disk/s/Vyf1i4hsvVZ,47raqv,2026-09-12 21:47:57,expired
TECNO,KD7S,KD7S,KD7S-H6210D-Q-ZAVC-201126V085,,MT6761,ZAVC,2020-11-26,https://frbox.transsion.com/disk/s/kd6KVDns8QK,bR2uf8,2026-09-12 21:47:56,expired
Infinix,X671B,X671B-T,X671B-H331F-T-EU-230712V313,,MT6833V/PNZA(D810),EU,2023-07-12,https://frbox.transsion.com/disk/s/GXZVHLVsPnW,3GiF68,2026-09-12 21:47:56,expired
Infinix,X671B,X671B-T,X671B-H331EF-T-GL-231204V491,,MT6833V/PNZA(D810),GL,2023-12-04,https://frbox.transsion.com/disk/s/KDa4MstdvXm,1xEn2j,2026-09-12 21:47:56,expired
Infinix,X671B,X671B-T,X671B-H331EF-T-GL-240511V664,,MT6833V/PNZA(D810),GL,2024-05-11,https://frbox.transsion.com/disk/s/5xwHvCf99tj,w9KjU2,2026-09-12 21:47:56,expired
itel,A6611L,A6611L,A6611L-2GA553-ADGJWT-Vgo-OP-20251226V034,,T7100,OP,2025-12-26,https://frbox.transsion.com/disk/s/qCtkvuQtYZH,bWg5RO,2026-09-12 21:47:55,expired
itel,A6611L,A6611L,A6611L-A553-6U7L-Vgo-OPPJ-20260127V008,,T7100,OPPJ,2026-01-27,https://frbox.transsion.com/disk/s/8dhD3kWhcQk,AnRgDf,2026-09-12 21:47:55,expired
itel,A6611L,A6611L,A6611L-A553-VGo-ZAVC-LC-260203V016,,T7100,ZAVC,2026-02-03,https://frbox.transsion.com/disk/s/Nnmz6fXiYN6,KYR3pE,2026-09-12 21:47:55,expired
itel,A6611L,A6611L,A6611L-A553-6RS7JOR8RS-Vgo-IN-20260529V016,,T7100,IN,2026-05-29,https://frbox.transsion.com/disk/s/Vqx1skJzynP,BFQ9w4,2026-09-12 21:47:55,expired
itel,A6611L,A6611L,A6611L-A553-6BCEFHIKLXY7ABCDEFGHINQSY-Vgo-OP-20260721V037,,T7100,OP,2026-07-21,https://frbox.transsion.com/disk/s/wDsiLrVpiUD,mf8xYp,2026-09-12 21:47:55,expired
itel,A6611L,A6611L,A6611L-A553-6RS7JOR8RS-VGO-IN-20260805V018,,T7100,IN,2026-08-05,https://frbox.transsion.com/disk/s/9LV98mJ1wtR,WXJ5RM,2026-09-12 21:47:55,expired
Infinix,X625D,X625D,X625D-H623L-P-201015V258,,SC9832E,GL,2020-10-15,https://frbox.transsion.com/disk/s/Zi1PHYfyvFF,HNGPQ3,2026-09-12 21:47:54,expired
Infinix,X625C,X625C,X625C-H576D-P-IN-200924V141,,MT6762,IN,2020-09-24,https://frbox.transsion.com/disk/s/mB9gsraSHF7,9f6zMz,2026-09-12 21:47:54,expired
Infinix,X625C,X625C,X625C-H576AB-P-201203V409,,MT6762,OP,2020-12-03,https://frbox.transsion.com/disk/s/RmeoP4SyMEu,1IKiqC,2026-09-12 21:47:54,expired
Infinix,X625C,X625C,X625C-H576CD-P-210513V178,,MT6762,OP,2021-05-13,https://frbox.transsion.com/disk/s/NxaPBPoiZqs,3HV2IE,2026-09-12 21:47:54,expired
itel,A507LN,A507LN,A507LN-SU336ET3-11-ET-ETC-V007-20220721,,SC9832E,ETEC,,https://frbox.transsion.com/disk/s/s36dd6HGmKe,aSppeB,2026-09-12 21:47:53,expired
Infinix,X625B,X625B,X625B-H624EF-P-210105V328,,MT6762,OP,2021-01-05,https://frbox.transsion.com/disk/s/HJSXwoDxfX7,3OQAmX,2026-09-12 21:47:52,expired
itel,A507LM,A507LM,A507LM-SU336M4-11-MTN-LC-V015-20230224,,SC9832E,OP,,https://frbox.transsion.com/disk/s/2E3vmgz4V8R,HudLrJ,2026-09-12 21:47:52,expired
TECNO,KB2h,KB2h,KB2h-H613ST-PGo-191012V167,,MT6761,AS,2019-10-12,https://frbox.transsion.com/disk/s/XxVveHpsaEs,jefDzZ,2026-09-12 21:47:51,expired
TECNO,BD2d,BD2d,BD2d-VP613DEF-RGo-OP-231214V23,,MT6580WP,OP,2023-12-14,https://frbox.transsion.com/disk/s/KCNyCeXvNt5,YhmQp7,2026-09-12 21:47:50,expired
TECNO,KB2j,KB2j,KB2j-H613KM-O-190930V65,,MT6761,OP,2019-09-30,https://frbox.transsion.com/disk/s/m8gTQ8NrhRX,zXEfgk,2026-09-12 21:47:50,expired
TECNO,KB2j,KB2j,KB2j-H613G-O-201103V159,,MT6761,IN,2020-11-03,https://frbox.transsion.com/disk/s/9KjrKnUgHmQ,E7khiA,2026-09-12 21:47:50,expired
itel,A510W,A510W,A510W-A332-11-OP-V034-20231212,,MTK6580,OP,,https://frbox.transsion.com/disk/s/Ff5KvDpFjjS,EwqhbI,2026-09-12 21:47:49,expired
TECNO,KD6a,KD6a,KD6a-H6118AC-QGo-OP-220822V231,,MT6761,OP,2022-08-22,https://frbox.transsion.com/disk/s/rYPGhLKPUtm,CvrBcp,2026-09-12 21:47:48,expired
itel,A52SLite,A52SLite,A52SLite-F8018AJ-OGo-ZAMT-201105V262,,MT6580,ZAMT,2020-11-05,https://frbox.transsion.com/disk/s/N7ZqDUSUwfm,NdmiGI,2026-09-12 21:47:47,expired
Infinix,X1101B,X1101B,X1101B-M1101CG-U-IN-250106V1580,,MT8781V/CAZA,IN,2025-01-06,https://frbox.transsion.com/disk/s/9ZmFzFNh4fZ,HGJveg,2026-09-12 21:47:46,expired
Infinix,X1101B,X1101B,X1101B-M1101DI-U-RU-250106V1580,,MT8781V/CAZA,RU,2025-01-06,https://frbox.transsion.com/disk/s/ciwxRxYuEVP,gIYiFm,2026-09-12 21:47:46,expired
Infinix,X1101B,X1101B,X1101B-M1101CDEGHIJKL-U-OP-260407V1739,,MT8781V/CAZA,OP,2026-04-07,https://frbox.transsion.com/disk/s/jqEiMNF1Krm,U6xNR6,2026-09-12 21:47:46,expired
Infinix,X1101B,X1101B,X1101B-M1101CDEGHIJKL-U-OP-260625V1747,,MT8781V/CAZA,OP,2026-06-25,https://frbox.transsion.com/disk/s/a5y2aquVekD,LAvOWR,2026-09-12 21:47:46,expired
itel,A669L,A669L,A669L-SQ375A-UGo-KESF-LD-241008V96,,Unisoc T603,KESF,2024-10-08,https://frbox.transsion.com/disk/s/VgDCJoexrG5,JOEDlw,2026-09-12 21:47:45,expired
itel,A669L,A669L,A669L-SQ375A-UGo-KESF-LD-251111V122,,Unisoc T603,KESF,2025-11-11,https://frbox.transsion.com/disk/s/Cu9Ye3U8V5U,XhXfqq,2026-09-12 21:47:45,expired
itel,A669L,A669L,A669L-SQ375ABDEFGHIJ-UGo-OP-F1-260126V1319,,Unisoc T603,OP,2026-01-26,https://frbox.transsion.com/disk/s/ec84G54RHiT,qL9q34,2026-09-12 21:47:45,expired
itel,A669L,A669L,A669L-SQ375ABDEFGHIJ-UGo-OP-F1-260320V1338,,Unisoc T603,OP,2026-03-20,https://frbox.transsion.com/disk/s/6LmDd4GZFmq,IR68Bb,2026-09-12 21:47:45,expired
itel,A669L,A669L,A669L-SQ375C-UGo-IN-260608V163,,Unisoc T603,IN,2026-06-08,https://frbox.transsion.com/disk/s/FoVN7KbsgZS,hbzVMr,2026-09-12 21:47:45,expired
itel,A669L,A669L,A669L-SQ375ABDEFGHIJ-UGo-OP-F1-260608V1361,,Unisoc T603,OP,2026-06-08,https://frbox.transsion.com/disk/s/bjoaEZbwJVp,NuC1vr,2026-09-12 21:47:45,expired
TECNO,B1g,B1g,B1g-SP559ABC-QGo-OP-230210V026,,SC7731E,OP,2023-02-10,https://frbox.transsion.com/disk/s/1AaErUGRS1b,qE4AEe,2026-09-12 21:47:44,expired
Infinix,X557,X557,X557-H807BE-M-170524V173,,MT6580,OP,2017-05-24,https://frbox.transsion.com/disk/s/4qxknqnkHFf,vTNqfh,2026-09-12 21:47:43,expired
TECNO,B1f,B1f,B1f-F8018GH-OGo-210207V138,,MT6580,OP,2021-02-07,https://frbox.transsion.com/disk/s/GwrD99k5UoD,BGF9T2,2026-09-12 21:47:42,expired
TECNO,B1f,B1f,B1f-F8018I-OGo-210224V138,,MT6580,AS,2021-02-24,https://frbox.transsion.com/disk/s/gsve3NrDNw9,KQfeDd,2026-09-12 21:47:42,expired
itel,A6612L,A6612L,A6612L-A553-1HJKYULMNZV-Wgo-OP-20260724V018,,T7100,OP,2026-07-24,https://frbox.transsion.com/disk/s/Jj1EdUo317F,cX1iOV,2026-09-12 21:47:42,expired
Infinix,X555,X555,X555-H538A1-M-190403V245,,MT6753,GL,2019-04-03,https://frbox.transsion.com/disk/s/2fvcFyABiCr,rNLpc7,2026-09-12 21:47:41,expired
Infinix,X554,X554,X554-W90918A1-L-160810V2,,MT6580,OP,,https://frbox.transsion.com/disk/s/oVyBQ2iwZp3,0MLYkp,2026-09-12 21:47:40,expired
TECNO,B1c,B1c,B1c-VP559A-RGo-OP-230828V15,,MT6580M,OP,2023-08-28,https://frbox.transsion.com/disk/s/8pyGWcdgDJ6,9tXR5U,2026-09-12 21:47:39,expired
TECNO,B1c,B1c,B1c-VP559A-RGo-OP-231025V16,,MT6580M,OP,2023-10-25,https://frbox.transsion.com/disk/s/8xGHQUhH6g5,bdkDSu,2026-09-12 21:47:39,expired
TECNO,B1c,B1c,B1c-VP559A-RGo-OP-231220V17,,MT6580M,OP,2023-12-20,https://frbox.transsion.com/disk/s/14VuZ3zSCa7,OsqvaW,2026-09-12 21:47:39,expired
Infinix,X553,X553,X553-W82918A2-L-160913V4,,MSM8929,OP,,https://frbox.transsion.com/disk/s/xaVgbEsAXph,vzTnAD,2026-09-12 21:47:38,expired
itel,A669W,A669W,A669W-SA375AB-UGo-OP-260320V1874,,SC7731E,OP,2026-03-20,https://frbox.transsion.com/disk/s/AGxJSueUiM9,glqm7f,2026-09-12 21:47:37,expired
itel,A669W,A669W,A669W-SA375AB-UGo-OP-260622V1889,,SC7731E,OP,2026-06-22,https://frbox.transsion.com/disk/s/7VFSXNX475F,sH3Z9R,2026-09-12 21:47:37,expired
Infinix,X551,X551,X551-G808-D1-L-20160224,,MT6166,OP,,https://frbox.transsion.com/disk/s/ZsmyAtDKM8D,ZnIbYu,2026-09-12 21:47:36,expired
itel,S41,S41,S41-I373-7.0-OP-V065-20190624,,MT6737,GL,,https://frbox.transsion.com/disk/s/yCxPUjqgsvv,4f79Um,2026-09-12 21:47:36,expired
Infinix,X626B,X626B,X626B-H623K-P-ID-201015V23,,MT6833V/PNZA(D810),OP,2020-10-15,https://frbox.transsion.com/disk/s/dskYMrqewRt,fFsWSm,2026-09-12 21:47:35,expired
Infinix,X626B,X626B,X626B-H623JKN-P-210127V323,,SC9832E,GL,2021-01-27,https://frbox.transsion.com/disk/s/SZHT234H3fe,xY5KYp,2026-09-12 21:47:35,expired
itel,it4520C,it4520C,it4520C-ET2438-EnFrSwHaPoAr-OP-20260812,,SC6531E,OP,,https://frbox.transsion.com/disk/s/9yFCtimMxRa,cxkmrr,2026-09-12 21:47:34,expired
itel,S42,S42,S42-QL1667-8.0-OP-V032-20190118,,MSM8917,OP,,https://frbox.transsion.com/disk/s/eSNoUCDou2y,lJOAC3,2026-09-12 21:47:34,expired
itel,A507LS,A507LS,A507LS-SU335-11-KE-SF-LC-V027-20230921,,SC9832E,KESF,,https://frbox.transsion.com/disk/s/k3TfBMTUqSe,IQE0oq,2026-09-12 21:47:33,expired
TECNO,LE6j,LE6j,LE6j-P840AEABC-S-GL-220908V1234,,MT6833V,GL,2022-09-08,https://frbox.transsion.com/disk/s/6qzejeMnAtp,v5nSV7,2026-09-12 21:47:32,expired
TECNO,LE6j,LE6j,LE6j-P840AEABC-S-GL-230224V1984,,MT6833V,GL,2023-02-24,https://frbox.transsion.com/disk/s/L2981Tu2J4D,DvvZkV,2026-09-12 21:47:32,expired
TECNO,CI8,CI8-T,CI8-H816A-T-OP-231227V639,,MT6781,OP,2023-12-27,https://frbox.transsion.com/disk/s/QpfHA7jDDNg,QRC78s,2026-09-12 21:47:31,expired
TECNO,CI8,CI8-T,CI8-H816A-T-OP-240410V843,,MT6781,OP,2024-04-10,https://frbox.transsion.com/disk/s/VeAXHr6LiwN,xySAJe,2026-09-12 21:47:31,expired
itel,A507LV,A507LV,A507LV-SU336L-SGo-ZAVC-LD-20231215V150,,SC9832E,ZAVC,2023-12-15,https://frbox.transsion.com/disk/s/4UJMDM9zupB,FRVckL,2026-09-12 21:47:30,expired
itel,A507LV,A507LV,A507LV-SU336L-SGo-ZAVC-LD-20240923V201,,SC9832E,ZAVC,2024-09-23,https://frbox.transsion.com/disk/s/qQmuBTTKpux,eJQXO0,2026-09-12 21:47:30,expired
TECNO,KD7h,KD7h,KD7h-H6210E-Q-TR-201126V88,,MT6761,TR,2020-11-26,https://frbox.transsion.com/disk/s/DM5bg95Kfd9,zCexjA,2026-09-12 21:47:29,expired
TECNO,KD7h,KD7h,KD7h-H6210C-Q-RU-211229V88,,MT6761,RU,2021-12-29,https://frbox.transsion.com/disk/s/5Rc7mTBKSFn,QxZpp7,2026-09-12 21:47:29,expired
TECNO,KD7h,KD7h,KD7h-H6210CDEH-Q-GL-220311V597,,MT6761,GL,2022-03-11,https://frbox.transsion.com/disk/s/WPWHWEoXkk8,Ln1KRv,2026-09-12 21:47:29,expired
TECNO,LE6h,LE6h,LE6h-F062-11.0-GL-V158-20231018,,UMS9230(T606),GL,,https://frbox.transsion.com/disk/s/gaozak8sL6H,3quVzU,2026-09-12 21:47:28,expired
TECNO,LE6h,LE6h,LE6h-F062TR-11.0-TR-V43-20230209,,T606,TR,,https://frbox.transsion.com/disk/s/K6H5gYqhdWX,ePImxF,2026-09-12 21:47:28,expired
TECNO,LE6h,LE6h,LE6h-F062-11.0-GL-V164-20231219,,UMS9230(T606),GL,,https://frbox.transsion.com/disk/s/aHjS2hogG2o,G9t51t,2026-09-12 21:47:28,expired
TECNO,B1S,B1S,B1S-F8018F-OGo-KESF-191003V62,,MT6580,KESF,2019-10-03,https://frbox.transsion.com/disk/s/oKFdeci8rhT,mQinTE,2026-09-12 21:47:27,expired
Infinix,X6857B,X6857B(Android 16),X6857B-16.3.0.150SP04(IN004PF001AZ),16,MT6878V_E/ZA(D7300 Ultimate),IN,,https://frbox.transsion.com/disk/s/Eq9x4iDJjN8,gAYrs4,2026-09-12 21:47:26,expired
itel,A571LL,A571LL,A571LL-F3216-10.0-IN-V008-20210107,,SC9832E,GL,,https://frbox.transsion.com/disk/s/QVKBhxCTeoa,R67bVg,2026-09-12 21:47:25,expired
itel,L6006L,L6006L,L6006L-SU385L-10-IN-V016-20211120,,SC9832E,GL,,https://frbox.transsion.com/disk/s/ksNzbZfw84T,wbDsj6,2026-09-12 21:47:24,expired
TECNO,B1P,B1P,B1p-F8017CI-OGo-201009V188,,MT6580,AS,2020-10-09,https://frbox.transsion.com/disk/s/DufeExm4qkT,wTmos4,2026-09-12 21:47:24,expired
TECNO,B1P,B1P,B1p-F8017ABGH-OGo-201009V207,,MT6580,OP,2020-10-09,https://frbox.transsion.com/disk/s/GufrZ3eD5P2,qRIVAW,2026-09-12 21:47:24,expired
TECNO,T920D,T920D,T920D-LE2401-EnFrSwPoAr-TZ-TIGO-L-20201030,,SE9820E,TZ,,https://frbox.transsion.com/disk/s/YSTfPPE7Kas,SSqf23,2026-09-12 21:47:22,expired
TECNO,T920D,T920D,ORA-V008-SKU1-20220125-T920D-LE2401-KaiOS,,SE9820E,ORANGE,,https://frbox.transsion.com/disk/s/DzqB5xriu7o,4eDWVH,2026-09-12 21:47:22,expired
TECNO,LF7,LF7,LF7-H6918HIJ-S-GL-231013V1424,,MT6769H(G88),GL,2023-10-13,https://frbox.transsion.com/disk/s/c5vJTUBVdUJ,YYTp4l,2026-09-12 21:47:22,expired
TECNO,LF7,LF7,LF7-H6918HIJ-S-GL-231215V1478,,MT6769H(G88),GL,2023-12-15,https://frbox.transsion.com/disk/s/hCzMFQP83VT,a0ZOIv,2026-09-12 21:47:22,expired
TECNO,LF7,LF7,LF7-H6918HIJ-S-GL-240410V1569,,MT6769H(G88),GL,2024-04-10,https://frbox.transsion.com/disk/s/XfNFGf9N7Yz,jU632o,2026-09-12 21:47:22,expired
Infinix,X683B,X683B,X683B-H694J-Q-OP-210127V170,,MT6769V,OP,2021-01-27,https://frbox.transsion.com/disk/s/9tKav2qzUvk,7jePgl,2026-09-12 21:47:21,expired
itel,L5002P,L5002P,L5002P-F3210-9.0-OP-V033-20211224,,SC9832E,GL,,https://frbox.transsion.com/disk/s/6h3KEsPKD9s,26aYCh,2026-09-12 21:47:20,expired
itel,L6006S,L6006S,L6006S-SU385-10-KE-SF-V008-20220118,,SC9832E,KESF,,https://frbox.transsion.com/disk/s/JC9PBFbzep4,qGCjcq,2026-09-12 21:47:20,expired
Infinix,X522,X522,X522-H539C-N-190528V255,,MT6753,OP,2019-05-28,https://frbox.transsion.com/disk/s/WRuDwyrwq2u,MlxNbb,2026-09-12 21:47:19,expired
itel,S32,S32,S32-I805-7.0-OP-V042-20190328,,MT6580W,OP,,https://frbox.transsion.com/disk/s/pbt2anAr4kx,JaFeSP,2026-09-12 21:47:18,expired
TECNO,LG7n,LG7n,LG7n-H892ABCD-S-GL-231114V1532,,MT6789,GL,2023-11-14,https://frbox.transsion.com/disk/s/7tyWvTAh79i,1DEJP5,2026-09-12 21:47:16,expired
TECNO,LG7n,LG7n,LG7n-H892ABCD-S-GL-240105V1373,,MT6789,GL,2024-01-05,https://frbox.transsion.com/disk/s/SyUHBn4xxru,YCiR7e,2026-09-12 21:47:16,expired
TECNO,LG7n,LG7n,LG7n-H892AC-S-TR-240530V1766,,MT6789,TR,2024-05-30,https://frbox.transsion.com/disk/s/Bbrd1eiwGPQ,kNwDnt,2026-09-12 21:47:16,expired
TECNO,LG7n,LG7n,LG7n-H892ABCD-S-GL-240628V1782,,MT6789,GL,2024-06-28,https://frbox.transsion.com/disk/s/FWVMVknAqYH,BnDsjO,2026-09-12 21:47:16,expired
TECNO,LG7n,LG7n,LG7n-H892ABCD-S-GL-240816V1799,,MT6789,GL,2024-08-16,https://frbox.transsion.com/disk/s/TpMkPUXgo4X,OpZpTb,2026-09-12 21:47:16,expired
TECNO,LG7n,LG7n,LG7n-H892A-S-RU-240816V1802,,MT6789,RU,2024-08-16,https://frbox.transsion.com/disk/s/pvmq5LVaBf6,gE2sdx,2026-09-12 21:47:16,expired
itel,S31,S31,S31-I801-6.0-V072-180423,,MT6580W,ETEC,,https://frbox.transsion.com/disk/s/uyuQi3siXeF,KEPBf7,2026-09-12 21:47:14,expired
itel,S665LN,S665LN,S665LN-F065Ac-S-RU-20240717V190,,T606,RU,2024-07-17,https://frbox.transsion.com/disk/s/wfv7JkSQP71,PhWFQl,2026-09-12 21:47:14,expired
itel,S665LN,S665LN,S665LN-F065AdAe-S-GL-20240715V305,,T606,GL,2024-07-15,https://frbox.transsion.com/disk/s/YZpCaPLjdAZ,uRsYiU,2026-09-12 21:47:14,expired
Infinix,X5515,X5515,X5515-H398DEG-OGo-200618V249,,MT6739,OP,2020-06-18,https://frbox.transsion.com/disk/s/ZNUfnQdr5KB,pgS7Cb,2026-09-12 21:47:12,expired
Infinix,X5514,X5514,X5514-H395AD-O-200629V278,,MT6739,OP,2020-06-29,https://frbox.transsion.com/disk/s/8tfFN2az6MV,iuE6ml,2026-09-12 21:47:11,expired
Infinix,X5511,X5511,X5511-H3716B-M-IN-190426V160,,MT6737,IN,2019-04-26,https://frbox.transsion.com/disk/s/23rjnQfdbkR,fR4ui4,2026-09-12 21:47:10,expired
Infinix,X6840,X6840,X6840-16.1.0.125SP06(OPPJ001PF001PJ),16,MT6769V/CB (G81 Ultimate),OP,,https://frbox.transsion.com/disk/s/NyhhQkfECj3,6oeZeF,2026-09-12 21:47:09,expired
Infinix,X6840,X6840,X6840-16.1.0.125SP06(OP001PF001AZ),16,MT6769V/CB (G81 Ultimate),OP,,https://frbox.transsion.com/disk/s/ThNJoxpHPE9,TPxoup,2026-09-12 21:47:09,expired
Infinix,X6840,X6840,X6840-16.1.0.140SP09(OP001PF001AZ),16,MT6769V/CB (G81 Ultimate),OP,,https://frbox.transsion.com/disk/s/Vmzrb11pg5J,CthFpR,2026-09-12 21:47:09,expired
Infinix,X6840,X6840,X6840-16.1.0.140SP09(OPPJ001PF001PJ),16,MT6769V/CB (G81 Ultimate),OPPJ,,https://frbox.transsion.com/disk/s/KetZKoveMAY,929971,2026-09-12 21:47:09,expired
Infinix,X6840,X6840,X6840-16.2.0.145SP09(TR007PF001AZ),16,MT6769V/CB (G81),TR,,https://frbox.transsion.com/disk/s/PQfkrxe1Ytm,lneHDU,2026-09-12 21:47:09,expired
Infinix,X6840,X6840,X6840-16.2.0.150SP07(OP005PF001AZ),16,MT6769V/CB (G81 Ultimate),OP,,https://frbox.transsion.com/disk/s/Mg2yWNoikeP,zi8Hah,2026-09-12 21:47:09,expired
Infinix,X6840,X6840,X6840-16.3.0.140SP09(OP004PF001AZ),16,MT6769V/CB (G81 Ultimate),OP,,https://frbox.transsion.com/disk/s/QXMhfCT6nbF,r0IPhT,2026-09-12 21:47:09,expired
Infinix,X6840,X6840,X6840-16.3.0.140SP09(OPPJ004PF001PJ),16,MT6769V/CB (G81 Ultimate),OPPJ,,https://frbox.transsion.com/disk/s/KaJWPSSsGPc,Kuke2G,2026-09-12 21:47:09,expired
Infinix,X6840,X6840,X6840-16.3.0.140SP09(IN004PF001AZ),16,MT6769V/CB (G81),IN,,https://frbox.transsion.com/disk/s/1mQR6TKmyAY,Zmw9LG,2026-09-12 21:47:09,expired
TECNO,CI7n,CI7n,CI7n-H332C-S-TR-220623V960,,MT6833V/PNZA(D810),TR,2022-06-23,https://frbox.transsion.com/disk/s/TRLXvxa17KT,M5pxh6,2026-09-12 21:47:08,expired
TECNO,CI7n,CI7n,CI7n-H332C-S-EU-220905V1166,,MT6833V/PNZA(D810),EU,2022-09-05,https://frbox.transsion.com/disk/s/eHTzYFATdeS,J90A4n,2026-09-12 21:47:08,expired
TECNO,LE7,LE7,LE7-H697GHIJKL-R-GL-230620V778,,MT6769V,GL,2023-06-20,https://frbox.transsion.com/disk/s/2X2qgQQdrtK,smMxz4,2026-09-12 21:47:07,expired
TECNO,LE7,LE7,LE7-H697HK-R-TR-210512V353,,MT6769V,TR,2021-05-12,https://frbox.transsion.com/disk/s/H2itwexFiNQ,awSO7i,2026-09-12 21:47:07,expired
TECNO,KM9,KM9(Android 16),KM9-16.3.0.145SP04(OP005PF001AZ),16,MT6835V/TTZB(D6400),OP,,https://frbox.transsion.com/disk/s/WSspz284Jsd,bUsBsQ,2026-09-12 21:47:06,expired
TECNO,KM9,KM9(Android 16),KM9-16.3.0.145SP06(TR006PF001AZ),16,MT6835V/TTZB(D6400),TR,,https://frbox.transsion.com/disk/s/6R5zBLRetp1,hWnlp3,2026-09-12 21:47:06,expired
TECNO,KM9,KM9(Android 16),KM9-16.3.0.145SP04(IN005PF001AZ),16,MT6835V/TTZB(D6400),IN,,https://frbox.transsion.com/disk/s/8qjXLynnNvR,9mpmFh,2026-09-12 21:47:06,expired
TECNO,LE8,LE8,LE8-H771B-R-GL-220902V1114,,MT6877,GL,2022-09-02,https://frbox.transsion.com/disk/s/EtGQiF9q6WC,DVvoNx,2026-09-12 21:47:06,expired
TECNO,LE6,LE6,LE6-H6222CDEFG-R-GL-230711V794,,MT6762,GL,2023-07-11,https://frbox.transsion.com/disk/s/reLdut4odL1,6qYBEB,2026-09-12 21:47:05,expired
TECNO,LE6,LE6,LE6-H6222CDEFG-R-GL-230912V805,,MT6762,GL,2023-09-12,https://frbox.transsion.com/disk/s/859KQaAMS1H,fWZOmu,2026-09-12 21:47:05,expired
TECNO,LE6,LE6,LE6-H6222E-R-TR-230319V775,,MT6762,TR,2023-03-19,https://frbox.transsion.com/disk/s/PAk6jwCYump,9pNT4r,2026-09-12 21:47:05,expired
Infinix,X660B,X660B,X660B-H653DE-Q-200305V449,,MT6765,OP,2020-03-05,https://frbox.transsion.com/disk/s/s5K3FByRTE7,6Kxn0m,2026-09-12 21:47:04,expired
Infinix,X660B,X660B,X660B-H653DE-Q-OP-201216V546,,MT6765,OP,2020-12-16,https://frbox.transsion.com/disk/s/tTsci4KA2gh,uaQeJc,2026-09-12 21:47:04,expired
Infinix,X660C,X660C,X660C-H653C-Q-TR-201216V81,,MT6765,TR,2020-12-16,https://frbox.transsion.com/disk/s/S7D3xpt124H,Tt9QrV,2026-09-12 21:47:03,expired
Infinix,X660C,X660C,X660C-H653CF-Q-OP-220314V441,,MT6765,OP,2022-03-14,https://frbox.transsion.com/disk/s/qg2Uk529sMH,0YbiPY,2026-09-12 21:47:03,expired
itel,VP1001L,VP1001L,VP1001L-M10-U-OP-20260801V1,,T310,OP,2026-08-01,https://frbox.transsion.com/disk/s/FWbGa8NcUUJ,9Sn7RC,2026-09-12 21:47:02,expired
Infinix,XW5P,XW5P,XW5P-1.0.3.4-20260109,,杰里AC7074A7S,OP,,https://frbox.transsion.com/disk/s/p7Hma4W1mwu,mSolIJ,2026-09-12 21:47:00,expired
itel,A16Plus,A16Plus,A16Plus-SA332RU-8.1-RU-V017-20210430,,SC7731E,RU,,https://frbox.transsion.com/disk/s/dwvWLqsr1Mc,z7NMqE,2026-09-12 21:46:59,expired
itel,A16Plus,A16Plus,A16Plus-SA332Q-10-OP-V027-20230218,,SC7731E,OP,,https://frbox.transsion.com/disk/s/tCUmvD1EFeL,MM6k5i,2026-09-12 21:46:59,expired
TECNO,LG8n,LG8n,LG8n-H891OPAeAf-S-GL-231116V2487,,MT6789V/CD(G99),GL,2023-11-16,https://frbox.transsion.com/disk/s/VEGBaHzJ7zC,V9foEk,2026-09-12 21:46:59,expired
TECNO,LG8n,LG8n,LG8n-H891OPAeAf-S-GL-240531V2678,,MT6789V/CD(G99),GL,2024-05-31,https://frbox.transsion.com/disk/s/56zm1KUvqVv,LDcKLZ,2026-09-12 21:46:59,expired
TECNO,LG8n,LG8n,LG8n-H891P-S-TR-240531V2676,,MT6789V/CD(G99),TR,2024-05-31,https://frbox.transsion.com/disk/s/BZUVXahNBxb,zZHryf,2026-09-12 21:46:59,expired
TECNO,LG8n,LG8n,LG8n-H891P-S-RU-241028V2688,,MT6789V/CD(G99),RU,2024-10-28,https://frbox.transsion.com/disk/s/xM9AUjuoaXJ,BLRtXl,2026-09-12 21:46:59,expired
Infinix,X6857,X6857,X6857-15.1.2.165SP05(OP001PF001AZ),15,MT6878V_E/ZA(D7300 Ultimate),OP,,https://frbox.transsion.com/disk/s/vzvDbb86kxd,5rojkZ,2026-09-12 21:46:58,expired
Infinix,X6858,X6858,X6858-15.0.1.112SP03(OP001PF001AZ),15,MT6789J( G100 Ultimate),OP,,https://frbox.transsion.com/disk/s/ZYUS83L6Dd9,MrBn29,2026-09-12 21:46:57,expired
Infinix,X6858,X6858,X6858-15.1.0.155(OP001PF001AZ),15,MT6789J( G100 Ultimate),OP,,https://frbox.transsion.com/disk/s/tpyCfZA9YDz,zHU82K,2026-09-12 21:46:57,expired
Infinix,X6858,X6858,X6858-15.1.2.145SP14(RU001PF001AZ),15,MT6789J( G100 Ultimate),RU,,https://frbox.transsion.com/disk/s/mMAasLuQgPE,oamQUZ,2026-09-12 21:46:57,expired
Infinix,X6858,X6858,X6858-15.1.2.145SP14(TR001PF001AZ),15,MT6789J( G100 Ultimate),TR,,https://frbox.transsion.com/disk/s/kdmDnekUabb,wD6kvc,2026-09-12 21:46:57,expired
Infinix,X6858,X6858,X6858-15.1.2.165SP05(OP001PF001AZ),15,MT6789J( G100 Ultimate),OP,,https://frbox.transsion.com/disk/s/Msd9WWuodeV,ZJjbD1,2026-09-12 21:46:57,expired
Infinix,X6855,X6855,X6855-15.1.0.155(OP001PF001AZ),15,MT6789J( G100 Ultimate),OP,,https://frbox.transsion.com/disk/s/5817ckaQexr,unri3y,2026-09-12 21:46:56,expired
Infinix,X6855,X6855,X6855-15.1.2.145SP14(EU001PF001AZ),15,MT6789J( G100 Ultimate),EU,,https://frbox.transsion.com/disk/s/aonVxX9hYzK,COXBDR,2026-09-12 21:46:56,expired
Infinix,X6855,X6855,X6855-15.1.2.145SP14(RU001PF001AZ),15,MT6789J( G100 Ultimate),RU,,https://frbox.transsion.com/disk/s/JcmqrUk3wWZ,Dh5M3A,2026-09-12 21:46:56,expired
Infinix,X6855,X6855,X6855-15.1.2.165SP05(OP001PF001AZ),15,MT6789J( G100 Ultimate),OP,,https://frbox.transsion.com/disk/s/XDy3cReWJPo,IVBP8C,2026-09-12 21:46:56,expired
Infinix,X6856,X6856,X6856-15.0.2.106SP06(OP001PF001AZ),15,MT6897Z_B/ZA(D8350 Ultimate),OP,,https://frbox.transsion.com/disk/s/vaVcMqk2RZF,lW8121,2026-09-12 21:46:55,expired
Infinix,X6856,X6856,X6856-15.0.2.111SP05(OP001PF001AZ),15,MT6897Z_B/ZA(D8350 Ultimate),OP,,https://frbox.transsion.com/disk/s/XbjdMyMJvHi,LTXdZ5,2026-09-12 21:46:55,expired
Infinix,X6856,X6856,X6856-15.0.3.123SP02(EU001PF001AZ),15,MT6897Z_B/ZA(D8350 Ultimate),EU,,https://frbox.transsion.com/disk/s/BegTVGXNt7k,gqF4Mg,2026-09-12 21:46:55,expired
Infinix,X6856,X6856,X6856-15.1.2.145SP03(OP001PF001AZ),15,MT6897Z_B/ZA(D8350 Ultimate),OP,,https://frbox.transsion.com/disk/s/s4jDizqmcSK,6WEyBR,2026-09-12 21:46:55,expired
Infinix,X6856,X6856,X6856-15.1.2.145SP03(TR001PF001AZ),15,MT6897Z_B/ZA(D8350 Ultimate),TR,,https://frbox.transsion.com/disk/s/ckdFLRoucFD,EZ748r,2026-09-12 21:46:55,expired
Infinix,X6856,X6856,X6856-15.1.2.145SP03(RU001PF001AZ),15,MT6897Z_B/ZA(D8350 Ultimate),RU,,https://frbox.transsion.com/disk/s/HPubPNyvSBi,ymUa5i,2026-09-12 21:46:55,expired
itel,P673L,P673L,P673L-XE67FABJKLMNOPQRSTUVWXY-U-OP-250117V1136,,MT6765V/XB(G36),OP,2025-01-17,https://frbox.transsion.com/disk/s/m3UBpeeWJbz,4IpMAj,2026-09-12 21:46:54,expired
itel,P673L,P673L,P673L-XE67FABJKLMNOPQRSTUVWXY-U-OP-260706V1567,,MT6765V/XB(G36),OP,2026-07-06,https://frbox.transsion.com/disk/s/zssByL7aYdY,wOjeNw,2026-09-12 21:46:54,expired
Infinix,X657B,X657B-R,X657B-H6117EIKL-RGo-OP-S2-221121V1102,,MT6761D,OP,2022-11-21,https://frbox.transsion.com/disk/s/i4MFKrVZGw3,YO2N1W,2026-09-12 21:46:53,expired
Infinix,X6853,X6853,X6853-H895QSUV-U-OP-240112V1093,,MT6789U(G99 Ultimate),OP,2024-01-12,https://frbox.transsion.com/disk/s/tRTfzqsuSaU,i2Rip6,2026-09-12 21:46:52,expired
Infinix,X6853,X6853,X6853-H895W-U-EU-240906V3249,,MT6789U(G99 Ultimate),EU,2024-09-06,https://frbox.transsion.com/disk/s/CKWLL8ctfuQ,iq98zH,2026-09-12 21:46:52,expired
Infinix,X6853,X6853,X6853-H895QSUV-U-OP-241217V3482,,MT6789U(G99 Ultimate),OP,2024-12-17,https://frbox.transsion.com/disk/s/iABWfe87E6M,anXvpD,2026-09-12 21:46:52,expired
Infinix,X6853,X6853,X6853-H895U-U-RU-241217V3482,,MT6789U(G99 Ultimate),RU,2024-12-17,https://frbox.transsion.com/disk/s/LcbHCrDWrJc,dW4wwg,2026-09-12 21:46:52,expired
Infinix,X6853,X6853,X6853-H895W-U-EU-241217V3482,,MT6789U(G99 Ultimate),EU,2024-12-17,https://frbox.transsion.com/disk/s/fcuEMXtLBcN,fnZkIX,2026-09-12 21:46:52,expired
Infinix,X6853,X6853,X6853-H895U-U-TR-241217V3482,,MT6789U(G99 Ultimate),TR,2024-12-17,https://frbox.transsion.com/disk/s/qGhGpTMF7m7,GXwnAf,2026-09-12 21:46:52,expired
Infinix,X6853,X6853,X6853-H895QSUV-U-OP-250221V3554,,MT6789U(G99 Ultimate),OP,2025-02-21,https://frbox.transsion.com/disk/s/1EZyb6PWhsM,DYSLsn,2026-09-12 21:46:52,expired
Infinix,X6852,X6852,X6852-P775AAB-U-EU-240701V1654,,MT6855V/A(D7020),EU,2024-07-01,https://frbox.transsion.com/disk/s/b8tCuDnogsk,mJOY8G,2026-09-12 21:46:50,expired
Infinix,X6852,X6852,X6852-P775AAB-U-OP-241120V1858,,MT6855V/A(D7020),OP,2024-11-20,https://frbox.transsion.com/disk/s/GNziL2p1oQU,TnM23z,2026-09-12 21:46:50,expired
Infinix,X6852,X6852,X6852-P775AAB-U-OP-250213V1994,,MT6855V/A(D7020),OP,2025-02-13,https://frbox.transsion.com/disk/s/oqGXiFRPw9d,Fn96BV,2026-09-12 21:46:50,expired
Infinix,X6852,X6852,X6852-P775AAB-U-IN-250213V1993,,MT6855V/A(D7020),IN,2025-02-13,https://frbox.transsion.com/disk/s/Jd3xZBxYHxU,HUA62Y,2026-09-12 21:46:50,expired
Infinix,X6851,X6851,X6851-P865AA-U-OP-240829V2493,,MT6855V/A(D7020),OP,2024-08-29,https://frbox.transsion.com/disk/s/XimSy1bdnme,yKMC53,2026-09-12 21:46:50,expired
Infinix,X6851,X6851,X6851-P865AA-U-OP-250211V2690,,MT6855V/A(D7020),OP,2025-02-11,https://frbox.transsion.com/disk/s/B4vZfZeSgqM,Ip6MX4,2026-09-12 21:46:50,expired
Infinix,X6851,X6851,X6851-P865AA-U-IN-250419V2718,,MT6855V/A(D7020),IN,2025-04-19,https://frbox.transsion.com/disk/s/ZvQzQJgijCC,tMdJR0,2026-09-12 21:46:50,expired
itel,it9310A,it9310A,it9310A-LS2801-EnFrSwHaPoAr-20250916,,T127,OP,,https://frbox.transsion.com/disk/s/7znwUd6R8Yd,t8pFUT,2026-09-12 21:46:49,expired
itel,it9310A,it9310A,it9310A-LS2801-EnFrAr-EG-20260522,,T127,EG,,https://frbox.transsion.com/disk/s/b9hPLYuksTS,LSzSsn,2026-09-12 21:46:49,expired
Infinix,X6850,X6850,X6850-H895FHJKL-U-OP-240113V1372,,MT6789V/CD(G99),OP,2024-01-13,https://frbox.transsion.com/disk/s/Cu6FkxtXHai,s8NsMY,2026-09-12 21:46:48,expired
Infinix,X6850,X6850,X6850-H895HJ-U-RU-241016V3615,,MT6789V/CD(G99),RU,2024-10-16,https://frbox.transsion.com/disk/s/WFNT9QKLQmQ,49NTBO,2026-09-12 21:46:48,expired
Infinix,X6850,X6850,X6850-H895FHJKL-U-OP-250218V3766,,MT6789V/CD(G99),OP,2025-02-18,https://frbox.transsion.com/disk/s/ZRx8NXyokAK,dofSt7,2026-09-12 21:46:48,expired
Infinix,X6850,X6850,X6850-H895HJ-U-RU-250218V3766,,MT6789V/CD(G99),RU,2025-02-18,https://frbox.transsion.com/disk/s/KwHp3wq6fLn,gl9vPq,2026-09-12 21:46:48,expired
Infinix,X6850,X6850,X6850-H895DE-U-EU-250717V3825,,MT6789V/CD(G99),EU,2025-07-17,https://frbox.transsion.com/disk/s/EbPN6Shm8Zj,FurwME,2026-09-12 21:46:48,expired
TECNO,LD7,LD7,LD7-H694OR-Q-TR-220823V81,,MT6769Z,TR,2022-08-23,https://frbox.transsion.com/disk/s/oY4z1H8wGtk,h5uPWC,2026-09-12 21:46:46,expired
TECNO,LD7,LD7,LD7-H694NOPQRSVZ-Q-OP-220824V593,,MT6769Z,OP,2022-08-24,https://frbox.transsion.com/disk/s/ZrhS7ygfQ82,3Pnq4n,2026-09-12 21:46:46,expired
TECNO,CI6n,CI6n,CI6n-H6917DE-S-OP-230106V1435,,MT6769V/CZ(G85),OP,2023-01-06,https://frbox.transsion.com/disk/s/XcbbVjP5QDt,A2gkpV,2026-09-12 21:46:46,expired
itel,L6004L,L6004L,L6004L-SQ591-9.0-ZA-MTN-L-V007-20210423,,SC9832E,ZA,,https://frbox.transsion.com/disk/s/iNLbfwUquap,QjYmMP,2026-09-12 21:46:45,expired
TECNO,CK8nB,CK8nB,CK8nB-H931M-T-TR-231211V271,,MT6891Z/CZA(D8020),TR,2023-12-11,https://frbox.transsion.com/disk/s/ViyuMUhm1Az,gGFOQq,2026-09-12 21:46:44,expired
TECNO,CK8nB,CK8nB,CK8nB-H931KLM-T-GL-240228V378,,MT6891Z/CZA(D8020),GL,2024-02-28,https://frbox.transsion.com/disk/s/FWDvkbE8YvK,ulCS2e,2026-09-12 21:46:44,expired
TECNO,KF6p,KF6p,KF6p-H6218HLQ-R-GL-230607V518,,MT6765,GL,2023-06-07,https://frbox.transsion.com/disk/s/VgcwuopH2M5,b1UAbM,2026-09-12 21:46:43,expired
TECNO,KF6p,KF6p,KF6p-H6218H-R-TR-221031V485,,MT6765,TR,2022-10-31,https://frbox.transsion.com/disk/s/zBwZEVYe5JE,ZWM6sx,2026-09-12 21:46:43,expired
itel,S12,S12,S12-I805-7.0-OP-V061-20190326,,MT6580W,OP,,https://frbox.transsion.com/disk/s/LXn4qwDDqxK,yFFgTE,2026-09-12 21:46:42,expired
TECNO,KF6k,KF6k,KF6k-H696AeAgAfAh-R-OP-230323V426,,MT6769,OP,2023-03-23,https://frbox.transsion.com/disk/s/6g7XAnm2kQx,qv6EmN,2026-09-12 21:46:41,expired
itel,S11,S11,S11-I801-6.0-V070-180420,,MT6580W,OP,,https://frbox.transsion.com/disk/s/z4rDBoHwC4W,V2sywe,2026-09-12 21:46:40,expired
itel,A515W,A515W,A515W-SA369A-UGo-OP-260317V2220,,SC7731E,OP,2026-03-17,https://frbox.transsion.com/disk/s/seFxnCCehnh,vtKqXJ,2026-09-12 21:46:40,expired
itel,A515W,A515W,A515W-SA369A-UGo-OP-260612V2261,,SC7731E,OP,2026-06-12,https://frbox.transsion.com/disk/s/v2t95WoKbY2,Waqa8w,2026-09-12 21:46:40,expired
itel,ACE2P,ACE2P,ACE2P-G1808-EnUrFa-PK-20241011,,SC6531E,PK,,https://frbox.transsion.com/disk/s/qBGCbh6Bhp3,eDknoc,2026-09-12 21:46:39,expired
itel,ACE2P,ACE2P,ACE2P-G1808-EnHiGuTaTePaKnBnMlMr-IN-20250825,,SC6531E,IN,,https://frbox.transsion.com/disk/s/q6Z1RZJKnQq,amVB24,2026-09-12 21:46:39,expired
itel,ACE2P,ACE2P,ACE2P-G1808-EnFrSwHaPoAr-OP-20251203,,SC6531E,OP,,https://sgbox.transsion.com/disk/s/AAxtJX6XbuK,258057,2026-09-12 21:46:39,expired
TECNO,KF6n,KF6n,KF6n-H6218CD-R-OP-220311V117,,MT6762D,OP,2022-03-11,https://frbox.transsion.com/disk/s/EGtTBxsVriF,kkFwqs,2026-09-12 21:46:38,expired
TECNO,KF6n,KF6n,KF6n-H6218CD-R-RU-230505V186,,MT6762D,RU,2023-05-05,https://frbox.transsion.com/disk/s/Ad3chYwe633,64qghO,2026-09-12 21:46:38,expired
TECNO,KF6m,KF6m,KF6m-H6218B-RGo-RU-230710V311,,MT6762D,RU,2023-07-10,https://frbox.transsion.com/disk/s/SWE379k1Xb5,QddODk,2026-09-12 21:46:38,expired
TECNO,KF6m,KF6m,KF6m-H6218B-RGo-OP-220828V275,,MT6762D,OP,2022-08-28,https://frbox.transsion.com/disk/s/vEDBGSK6Woc,ahDyK0,2026-09-12 21:46:38,expired
TECNO,KF6h,KF6h,KF6h-H6219EF-RGo-GL-221111V507,,MT6761D,GL,2022-11-11,https://frbox.transsion.com/disk/s/E6KA9DNASrN,xAMQ1J,2026-09-12 21:46:37,expired
TECNO,KF6i,KF6i,KF6i-H6218R-R-KESF-211111V105,,MT6762D,KESF,2021-11-11,https://frbox.transsion.com/disk/s/nvkAFWdrkW8,DCwZvW,2026-09-12 21:46:36,expired
TECNO,KF6i,KF6i,KF6i-H6218EFK-R-OP-230302V248,,MT6762D,OP,2023-03-02,https://frbox.transsion.com/disk/s/TfVKGGD4Kqq,JXdxmg,2026-09-12 21:46:36,expired
itel,it5260N,it5260N,it5260N-GE2425-EnTeHiGuTaPa-IN-20200526,,SC6531E,IN,,https://frbox.transsion.com/disk/s/fUWvXH1Ujry,ZtD5fY,2026-09-12 21:46:36,expired
itel,it5260N,it5260N,it5260N-GE2425-EnFrPoArFa-AROP-20210303,,SC6531E,AROP,,https://frbox.transsion.com/disk/s/rZMv1dUpKKx,yzmlyl,2026-09-12 21:46:36,expired
itel,it5260N,it5260N,it5260N-GE2425-EnFrSwHa-20210318,,SC6531E,OP,,https://frbox.transsion.com/disk/s/QtVChBnqxpW,UMOqaw,2026-09-12 21:46:36,expired
itel,it5260N,it5260N,it5260N-GE2425-EnFrPoZuXhAf-ZA-PEP-20210712,,SC6531E,ZA,,https://frbox.transsion.com/disk/s/SwjupM4Ro36,mAIFRN,2026-09-12 21:46:36,expired
itel,it2210,it2210,it2210-ET1826-EnBn-BD-20260204-V1,,SC6531E,BD,,https://frbox.transsion.com/disk/s/Tb2M45aXjaK,NXfIHj,2026-09-12 21:46:35,expired
itel,it2210,it2210,it2210-ET1826-EnFaUr-PK-20260203-V1,,SC6531E,PK,,https://frbox.transsion.com/disk/s/CpuLMfFxQ81,602241,2026-09-12 21:46:35,expired
TECNO,KF6j,KF6j,KF6j-H6218A-R-ZAVC-220918V632,,MT6762D,ZAVC,2022-09-18,https://frbox.transsion.com/disk/s/1LuGtFjhtFv,iUhXPY,2026-09-12 21:46:34,expired
TECNO,KF6j,KF6j,KF6j-H6218A-R-GL-230302V644,,MT6762D,GL,2023-03-02,https://frbox.transsion.com/disk/s/BYg48D7MEpb,P2q3ES,2026-09-12 21:46:34,expired
itel,P13Plus,P13Plus,P13Plus-F8013-8.1-OP-V043-20200709,,MT6580M,OP,,https://frbox.transsion.com/disk/s/5XbiYRdTEZ7,FjHP3V,2026-09-12 21:46:33,expired
Infinix,X6860,X6860,X6860-H899ABCDEF-U-OP-250610V1611,,MT6789H(G100),OP,2025-06-10,https://frbox.transsion.com/disk/s/UK9hYEAML8u,iiyzbO,2026-09-12 21:46:32,expired
Infinix,X6860,X6860,X6860-H899AB-U-RU-250626V1624,,MT6789H(G100),RU,2025-06-26,https://frbox.transsion.com/disk/s/GkLEAJ1ocnZ,v2DBqv,2026-09-12 21:46:32,expired
Infinix,X6861,X6861,X6861-H963C-U-EU-250307V1905,,MT6896Z/CZA(D8200 Ultimate),EU,2025-03-07,https://frbox.transsion.com/disk/s/BLvmJPDq1uG,2lS4NU,2026-09-12 21:46:31,expired
Infinix,X6861,X6861,X6861-H963AB-U-OP-250507V1973,,MT6896Z/CZA(D8200 Ultimate),OP,2025-05-07,https://frbox.transsion.com/disk/s/ANMAS9TrcVJ,J5kTQS,2026-09-12 21:46:31,expired
Infinix,X6861,X6861,X6861-H963AB-U-RU-250610V2029,,MT6896Z/CZA(D8200 Ultimate),RU,2025-06-10,https://frbox.transsion.com/disk/s/yDQDavJ2pXx,wwpulj,2026-09-12 21:46:31,expired
Infinix,X6861,X6861,X6861-H963AB-U-OP-250610V2029,,MT6896Z/CZA(D8200 Ultimate),OP,2025-06-10,https://frbox.transsion.com/disk/s/mtzRqvWa79f,7Kxe79,2026-09-12 21:46:31,expired
Infinix,X6861,X6861,X6861-H963AB-U-IN-250610V2029,,MT6896Z/CZA(D8200 Ultimate),IN,2025-06-10,https://frbox.transsion.com/disk/s/dapkGnrgdo6,88PAn0,2026-09-12 21:46:31,expired
TECNO,LC7,LC7,LC7-H6116C-Q-RU-211229V104,,MT6761,RU,2021-12-29,https://frbox.transsion.com/disk/s/2r9j1p7kJgA,WYftxd,2026-09-12 21:46:30,expired
TECNO,LC7,LC7,LC7-H6116BCF-R-GL-220311V1358,,MT6761,GL,2022-03-11,https://frbox.transsion.com/disk/s/PF2ZeW9PLa2,FyL2oi,2026-09-12 21:46:30,expired
TECNO,CK9n,CK9n,CK9n-H933B-T-TR-230905V2359,,MT6893,TR,2023-09-05,https://frbox.transsion.com/disk/s/tQ6BiQ13BXu,wXPEbx,2026-09-12 21:46:30,expired
TECNO,CK9n,CK9n,CK9n-H933B-T-RU-230918V2459,,MT6893,RU,2023-09-18,https://frbox.transsion.com/disk/s/DhMjRPT3wZ6,lb3u84,2026-09-12 21:46:30,expired
TECNO,CK9n,CK9n,CK9n-H933B-T-GL-231027V2674,,MT6893,GL,2023-10-27,https://frbox.transsion.com/disk/s/qU1MRZ2FbRf,Q29dEp,2026-09-12 21:46:30,expired
TECNO,LC8,LC8,LC8-H6215ABCD-Q-GL-210930V335,,MT6762,IN,2021-09-30,https://frbox.transsion.com/disk/s/Wp4zcyxS67Z,X9TfbP,2026-09-12 21:46:29,expired
TECNO,LC8,LC8,LC8-H6215ABCD-Q-GL-220402V350,,MT6762,GL,2022-04-02,https://frbox.transsion.com/disk/s/cESGdcXhjQy,OnEeDi,2026-09-12 21:46:29,expired
TECNO,LC6,LC6,LC6-H617CDE-PGo-210311V338,,MT6761,OP,2021-03-11,https://frbox.transsion.com/disk/s/KKYzrLRArYb,HxHSQM,2026-09-12 21:46:28,expired
itel,W5505,W5505,W5505-SP557-9.0-OP-V019-20220113,,SC7731E,OP,,https://frbox.transsion.com/disk/s/QtSkvGxpjnR,TopHyG,2026-09-12 21:46:28,expired
itel,W5504,W5504,W5504-F3103-8.1-OP-V057-20210326,,SC7731E,OP,,https://frbox.transsion.com/disk/s/8cz61Jxgoej,DCuRbN,2026-09-12 21:46:27,expired
itel,W5503,W5503,W5503-F3101-8.1-OP-V058-20210322,,SC7731E,OP,,https://frbox.transsion.com/disk/s/DpGffA6VUev,QoJGnV,2026-09-12 21:46:26,expired
Infinix,X662B,X662B,X662B-H6913DE-R-GL-230808V457,,MT6769,GL,2023-08-08,https://frbox.transsion.com/disk/s/CmSpP7DSM3a,MQ8m6p,2026-09-12 21:46:26,expired
Infinix,X662B,X662B,X662B-H6913DE-R-GL-231010V460,,MT6769,GL,2023-10-10,https://frbox.transsion.com/disk/s/HXmfV1dRXRC,FKvZtE,2026-09-12 21:46:26,expired
Infinix,X662B,X662B,X662B-H6913D-R-TR-220214V408,,MT6769,TR,2022-02-14,https://frbox.transsion.com/disk/s/XKhQVzCuQpt,7IOL1c,2026-09-12 21:46:26,expired
itel,it663,it663,it663-MA3501-RuEnFrUkKk-RU-20240227,,MT6260A,RU,,https://frbox.transsion.com/disk/s/DPAnkGyq8Q3,L8EBIQ,2026-09-12 21:46:25,expired
itel,it663,it663,it663-MA3501-EnBn-BD-20250109,,MT6260A,BD,,https://frbox.transsion.com/disk/s/KD6aJvXZ1Fh,klVs4K,2026-09-12 21:46:25,expired
itel,ACE3P,ACE3P,ACE3P-ET1826-EnHiGuTaTeKnBnMlPaMr-IN-20260410,,SC6531E,IN,,https://frbox.transsion.com/disk/s/eXtLSP48ae5,kmtO8u,2026-09-12 21:46:24,expired
itel,A661WP,A661WP,A661WP-V390AE-11.0-OP-V027-20240201,,SC7731E,OP,,https://frbox.transsion.com/disk/s/wFSJqs7Kymw,HLJbnU,2026-09-12 21:46:24,expired
TECNO,LG6n,LG6n,LG6n-H6924CDEFRS-S-OP-240108V1749,,MT6769V/CZ(G85),OP,2024-01-08,https://frbox.transsion.com/disk/s/toCQzU8ZL4Q,osojrf,2026-09-12 21:46:23,expired
TECNO,LG6n,LG6n,LG6n-H6924CER-S-TR-240131V1785,,MT6769V/CZ(G85),TR,2024-01-31,https://frbox.transsion.com/disk/s/z4yPFf9S5CL,QGErg1,2026-09-12 21:46:23,expired
TECNO,LG6n,LG6n,LG6n-H6924CER-S-RU-240711V1956,,MT6769V/CZ(G85),RU,2024-07-11,https://frbox.transsion.com/disk/s/bgW6wMnVaKt,gvs4uC,2026-09-12 21:46:23,expired
TECNO,LG6n,LG6n,LG6n-H6924CDEFRS-S-OP-240924V1965,,MT6769V/CZ(G85),OP,2024-09-24,https://frbox.transsion.com/disk/s/tbDUxD6w71D,R5fWyJ,2026-09-12 21:46:23,expired
TECNO,SA6S,SA6S,SA6S-VP510I-N-KESF-190912V13,,MT6580,KESF,2019-09-12,https://frbox.transsion.com/disk/s/oCTNUCdgDLL,SDtfe5,2026-09-12 21:46:22,expired
Infinix,X6879,X6879,X6879-16.1.0.120SP07(OPPJ001PF001PJ),16,D7400 Ultimate,OPPJ,,https://frbox.transsion.com/disk/s/qXMQJKJRo6F,2RJfK9,2026-09-12 21:46:21,expired
Infinix,X6879,X6879,X6879-16.1.0.120SP07(RU001PF001AZ),16,D7400 Ultimate,RU,,https://frbox.transsion.com/disk/s/aYpSF5jthMf,3HWswd,2026-09-12 21:46:21,expired
Infinix,X6879,X6879,X6879-16.1.0.135SP06(OP001PF001AZ),16,D7400 Ultimate,OP,,https://frbox.transsion.com/disk/s/r6SkXrCWpGK,yKrwYB,2026-09-12 21:46:21,expired
Infinix,X6879,X6879,X6879-16.1.0.135SP05(OPPJ001PF001PJ),16,D7400 Ultimate,OPPJ,,https://frbox.transsion.com/disk/s/1d6CuFtgEMz,157087,2026-09-12 21:46:21,expired
Infinix,X6879,X6879,X6879-16.1.0.135SP05(RU001PF001AZ),16,D7400 Ultimate,RU,,https://frbox.transsion.com/disk/s/U3n8Wd4YdnN,869838,2026-09-12 21:46:21,expired
Infinix,X6879,X6879,X6879-16.3.0.140SP22(OP007PF001AZ),16,D7400 Ultimate,OP,,https://frbox.transsion.com/disk/s/RLMe1EJZwwT,0Ql2lx,2026-09-12 21:46:21,expired
Infinix,X6879,X6879,X6879-16.3.0.140SP22(TR007PF001AZ),16,D7400 Ultimate,TR,,https://frbox.transsion.com/disk/s/LitaKfCRQRX,6cWF7f,2026-09-12 21:46:21,expired
Infinix,X6879,X6879,X6879-16.3.0.140SP22(OPPJ007PF001PJ),16,D7400 Ultimate,OPPJ,,https://frbox.transsion.com/disk/s/9udMYVbLm4Y,vxjThr,2026-09-12 21:46:21,expired
Infinix,X6879,X6879,X6879-16.3.0.140SP22(EU007PF001AZ),16,MT6878V/TZA(D7400),EU,,https://frbox.transsion.com/disk/s/MnQ9m8DX64d,KF0CNb,2026-09-12 21:46:21,expired
Infinix,X6879,X6879,X6879-16.3.0.140SP22(RU007PF001AZ),16,D7400 Ultimate,RU,,https://frbox.transsion.com/disk/s/7ECTgC8pcSB,TnGSp7,2026-09-12 21:46:21,expired
TECNO,KF7j,KF7j,KF7j-H696RTAjAk-R-OP-230416V529,,MT6769,OP,2023-04-16,https://frbox.transsion.com/disk/s/iRJHim9ZWjE,AuJ83B,2026-09-12 21:46:20,expired
itel,A44Pro,A44Pro,A44Pro-F3706-7.0-OP-V041-20190808,,MT6737M,GL,,https://frbox.transsion.com/disk/s/cf6WAjCq4Rb,O3K52n,2026-09-12 21:46:19,expired
itel,P671L,P671L,P671L-SK677GHAa-U-RU-240625V17,,UMS9230E(T615),RU,2024-06-25,https://frbox.transsion.com/disk/s/C8TWWgg84BG,QqRqcs,2026-09-12 21:46:18,expired
itel,P671L,P671L,P671L-SK677ABCDGHJKAaAbAcAe-U-OP-260112V2552,,UMS9230E(T615),OP,2026-01-12,https://frbox.transsion.com/disk/s/Mwbt9H6TqCi,MXg9dh,2026-09-12 21:46:18,expired
itel,P671L,P671L,P671L-SK677ABCDGHJKAaAbAcAe-U-OP-260703V2683,,UMS9230E(T615),OP,2026-07-03,https://frbox.transsion.com/disk/s/i2oaxb2knMo,VwJbZN,2026-09-12 21:46:18,expired
Infinix,X6878,X6878,X6878-16.1.0.120SP16(OPPJ001PF001PJ),16,Snapdragon 7s Gen4,OPPJ,,https://frbox.transsion.com/disk/s/E3bZzSPYotp,wprfAA,2026-09-12 21:46:16,expired
Infinix,X6878,X6878,X6878-16.1.0.125SP11(OP001PF001AZ),16,Snapdragon 7s Gen4,OP,,https://frbox.transsion.com/disk/s/s2FSeNMQZRv,J8hQKa,2026-09-12 21:46:16,expired
Infinix,X6878,X6878,X6878-16.1.0.125SP16(OP001PF001AZ),16,Snapdragon 7s Gen4,OP,,https://frbox.transsion.com/disk/s/LjbgVSFHHZo,370759,2026-09-12 21:46:16,expired
Infinix,X6878,X6878,X6878-16.1.0.135SP10(OP001PF001AZ),16,Snapdragon 7s Gen4,OP,,https://frbox.transsion.com/disk/s/tsfEZc1cYEb,410974,2026-09-12 21:46:16,expired
Infinix,X6878,X6878,X6878-16.1.0.135SP10(IN001PF001AZ),16,Snapdragon 7s Gen4,IN,,https://frbox.transsion.com/disk/s/cVUS2tBdNAE,fzzep9,2026-09-12 21:46:16,expired
Infinix,X6878,X6878,X6878-16.3.0.140SP23(OP008PF001AZ),16,Snapdragon 7s Gen4,OP,,https://frbox.transsion.com/disk/s/nPkzryxJe3K,eLF2v4,2026-09-12 21:46:16,expired
Infinix,X6878,X6878,X6878-16.3.0.140SP23(EU008PF001AZ),16,SM7635 Pro,EU,,https://frbox.transsion.com/disk/s/tFTuemZK6Fx,95MIT7,2026-09-12 21:46:16,expired
Infinix,X6878,X6878,X6878-16.3.0.140SP23(RU008PF001AZ),16,Snapdragon 7s Gen4,RU,,https://frbox.transsion.com/disk/s/hV28kqXTPQY,LWRQvR,2026-09-12 21:46:16,expired
Infinix,X6878,X6878,X6878-16.3.0.140SP23(OPPJ008PF001PJ),16,Snapdragon 7s Gen4,OPPJ,,https://frbox.transsion.com/disk/s/hr47r3VLcKp,gpniZs,2026-09-12 21:46:16,expired
Infinix,X6878,X6878,X6878-16.3.0.140SP23(IN008PF001AZ),16,Snapdragon 7s Gen4,IN,,https://frbox.transsion.com/disk/s/dmkEqwroL3Z,Gr8aOn,2026-09-12 21:46:16,expired
Infinix,X6877,X6877,X6877-16.2.0.130SP05(RU002PF001AZ),16,MT6899Z/ZA(D8400),RU,,https://frbox.transsion.com/disk/s/RTyCcAQVriE,bCdJBF,2026-09-12 21:46:16,expired
Infinix,X6877,X6877,X6877-16.2.0.130SP09(OP004PF001AZ),16,MT6899Z/ZA(D8400),OP,,https://frbox.transsion.com/disk/s/AVdReFhM5MT,74xfP9,2026-09-12 21:46:16,expired
Infinix,X6877,X6877,X6877-16.3.0.150SP04(OP003PF001AZ),16,MT6899Z/ZA(D8400),OP,,https://frbox.transsion.com/disk/s/uUR5CyFfzSP,qeWUTl,2026-09-12 21:46:16,expired
Infinix,X6873,X6873,X6873-15.1.2.131SP01(EU001PF001AZ),15,MT6897Z_B/ZA(D8350 Ultimate),EU,,https://frbox.transsion.com/disk/s/8tdqEwFqmyr,rjbHC9,2026-09-12 21:46:14,expired
Infinix,X6873,X6873,X6873-15.1.2.131SP10(OP001PF001AZ),15,MT6897Z_B/ZA(D8350 Ultimate),OP,,https://frbox.transsion.com/disk/s/VXXSr7Xbng5,biIH3e,2026-09-12 21:46:14,expired
Infinix,X6873,X6873,X6873-15.1.2.145SP02(OP001PF001AZ),15,MT6897Z_B/ZA(D8350 Ultimate),OP,,https://frbox.transsion.com/disk/s/g6hnS1QLf4M,cUhVNg,2026-09-12 21:46:14,expired
Infinix,X6873,X6873,X6873-15.1.2.165SP07(IN001PF001AZ),15,MT6897Z_B/ZA(D8350 Ultimate),IN,,https://frbox.transsion.com/disk/s/s3qzPXqmmnB,Wn5v7i,2026-09-12 21:46:14,expired
Infinix,X6873,X6873,X6873-15.1.2.165SP07(OP001PF001AZ),15,MT6897Z_B/ZA(D8350 Ultimate),OP,,https://frbox.transsion.com/disk/s/cKGDVvkgf9D,fqAs2M,2026-09-12 21:46:14,expired
Infinix,X6873,X6873,X6873-15.1.2.165SP07(TR001PF001AZ),15,MT6897Z_B/ZA(D8350 Ultimate),TR,,https://frbox.transsion.com/disk/s/JARRgsvJDjL,AV7RaW,2026-09-12 21:46:14,expired
Infinix,X6873,X6873,X6873-15.1.2.165SP07(RU001PF001AZ),15,MT6897Z_B/ZA(D8350 Ultimate),RU,,https://frbox.transsion.com/disk/s/EgHSqL5gSYo,vdmCZm,2026-09-12 21:46:14,expired
Infinix,X6876,X6876,X6876-15.1.2.121(IN001PF001AZ),15,MT6878V/TZA(D7400),IN,,https://frbox.transsion.com/disk/s/QhcSL1umhNs,YU2Pka,2026-09-12 21:46:14,expired
Infinix,X6876,X6876,X6876-15.1.2.121SP01(OPPJ001PF001PJ),15,MT6878V/TZA(D7400),OPPJ,,https://frbox.transsion.com/disk/s/K6RUkdTrfWu,iUcRuw,2026-09-12 21:46:14,expired
Infinix,X6876,X6876,X6876-15.1.2.121SP01(RU001PF001AZ),15,MT6878V/TZA(D7400),RU,,https://frbox.transsion.com/disk/s/c3ELk2eNnMH,ghs6EZ,2026-09-12 21:46:14,expired
Infinix,X6876,X6876,X6876-15.1.2.155(OP001PF001AZ),15,MT6878V/TZA(D7400),OP,,https://frbox.transsion.com/disk/s/UFXbeknbsM5,zC41tb,2026-09-12 21:46:14,expired
Infinix,X6871,X6871,X6871-H962CF-U-OP-250217V2673,,MT6896Z_B/CZA(D8200 Ultimate),OP,2025-02-17,https://frbox.transsion.com/disk/s/6DMKTG462z6,2mRjFV,2026-09-12 21:46:12,expired
Infinix,X6871,X6871,X6871-H962CF-U-OP-250320V2760,,MT6896Z_B/CZA(D8200 Ultimate),OP,2025-03-20,https://frbox.transsion.com/disk/s/XrQWNXHuNia,WFPGWn,2026-09-12 21:46:12,expired
Infinix,X6871,X6871,X6871-H962CF-U-RU-250321V2764,,MT6896Z_B/CZA(D8200 Ultimate),RU,2025-03-21,https://frbox.transsion.com/disk/s/SJhCkZsdssm,f4n5xj,2026-09-12 21:46:12,expired
Infinix,X6871,X6871,X6871-H962CF-U-IN-250321V2764,,MT6896Z_B/CZA(D8200 Ultimate),IN,2025-03-21,https://frbox.transsion.com/disk/s/p1XFZWFEdy5,VfdWoO,2026-09-12 21:46:12,expired
itel,L6006F,L6006F,L6006F-SU385Voda-11.0-ZAVC-LD-V019-20230427,,SC9832E,ZAVC,,https://frbox.transsion.com/disk/s/Mw2ArFBu4PA,zlg2mw,2026-09-12 21:46:12,expired
TECNO,CI6,CI6-T,CI6-H6917ABC-T-GL-231121V478,,MT6769V/CZ(G85),GL,2023-11-21,https://frbox.transsion.com/disk/s/fwkuB43Gb11,mURPM8,2026-09-12 21:46:11,expired
TECNO,CI6,CI6-T,CI6-H6917ABC-T-GL-240516V850,,MT6769V/CZ(G85),GL,2024-05-16,https://frbox.transsion.com/disk/s/wMhnang7HVi,bJrA1f,2026-09-12 21:46:11,expired
Infinix,X6870,X6870,X6870-15.0.3.103(IN001PF001H2),15,MT6878V_E/ZA(D7300 Ultimate),IN-S2,,https://frbox.transsion.com/disk/s/ZYBn2Foevka,P6Clso,2026-09-12 21:46:10,expired
Infinix,X6870,X6870,X6870-15.1.0.153SP05(OP001PF001AZ),15,MT6878V_E/ZA(D7300 Ultimate),OP,,https://frbox.transsion.com/disk/s/RJpKmAxD7SM,jkTAaN,2026-09-12 21:46:10,expired
Infinix,X6870,X6870,X6870-15.1.2.145SP02(OP001PF001AZ),15,MT6878V_E/ZA(D7300 Ultimate),OP,,https://frbox.transsion.com/disk/s/xsVpPNUR5CA,iRN4pw,2026-09-12 21:46:10,expired
Infinix,X6870,X6870,X6870-15.1.2.145SP02(IN001PF001H2),15,MT6878V_E/ZA(D7300 Ultimate),IN,,https://frbox.transsion.com/disk/s/mEpoGczX1cD,3kmNrr,2026-09-12 21:46:10,expired
Infinix,X6870,X6870,X6870-15.1.2.145SP02(OPPJ001PF001PJ),15,MT6878V_E/ZA(D7300 Ultimate),OPPJ,,https://frbox.transsion.com/disk/s/XPn7gK7ZY2v,2YeaXv,2026-09-12 21:46:10,expired
TECNO,LB8,LB8,LB8-H6110ABC-P-200821V306,,MT6739,OP,2020-08-21,https://frbox.transsion.com/disk/s/HJPw58Y5jSS,3RT6sA,2026-09-12 21:46:10,expired
TECNO,LB6,LB6,LB6-H8025PQ-OGo-201009V336,,MT6580,OP,2020-10-09,https://frbox.transsion.com/disk/s/boFU68xSJqg,Ms1OYO,2026-09-12 21:46:09,expired
TECNO,CK8n,CK8n,CK8n-H931ABC-T-GL-231122V1914,,MT6893,GL,2023-11-22,https://frbox.transsion.com/disk/s/Wc1ebUPSBEN,eJDzaY,2026-09-12 21:46:08,expired
TECNO,CK8n,CK8n,CK8n-H931A-T-RU-240326V2322,,MT6893,RU,2024-03-26,https://frbox.transsion.com/disk/s/zWjehtkb5Px,UjxzGy,2026-09-12 21:46:08,expired
TECNO,CK8n,CK8n,CK8n-H931ABC-T-GL-240521V2484,,MT6893,GL,2024-05-21,https://frbox.transsion.com/disk/s/LAcqDECibZi,6qHUR3,2026-09-12 21:46:08,expired
TECNO,CK8n,CK8n,CK8n-H931A-T-TR-240521V2484,,MT6893,TR,2024-05-21,https://frbox.transsion.com/disk/s/yFwooNHtSLC,c8QeoJ,2026-09-12 21:46:08,expired
TECNO,LB7,LB7,LB7-H393DEF-O-210205V309,,MT6739,OP,2021-02-05,https://frbox.transsion.com/disk/s/5bU5S229bNk,XZfZiU,2026-09-12 21:46:07,expired
TECNO,CK6n,CK6n,CK6n-H6929CD-T-OP-230905V3057,,MT6769V/CZ(G85),OP,2023-09-05,https://frbox.transsion.com/disk/s/ANr7XbZgLC1,XM3L9k,2026-09-12 21:46:06,expired
TECNO,CK6n,CK6n,CK6n-H6929CD-T-OP-231226V3964,,MT6769V/CZ(G85),OP,2023-12-26,https://frbox.transsion.com/disk/s/gUPm1vt7pfX,Cu5F1x,2026-09-12 21:46:06,expired
TECNO,CK6n,CK6n,CK6n-H6929D-T-GLDC-240102V168,,MT6769V/CZ(G85),GLDC,2024-01-02,https://frbox.transsion.com/disk/s/V1bzaQoh16L,Rswopi,2026-09-12 21:46:06,expired
TECNO,CK6n,CK6n,CK6n-H6929C-T-TR-240109V4065,,MT6769V/CZ(G85),TR,2024-01-09,https://frbox.transsion.com/disk/s/JsrnrsajUon,PBQSGw,2026-09-12 21:46:06,expired
TECNO,CK6n,CK6n,CK6n-H6929CD-T-OP-240417V4796,,MT6769V/CZ(G85),OP,2024-04-17,https://frbox.transsion.com/disk/s/V5zgUtoboeN,QLqKFR,2026-09-12 21:46:06,expired
TECNO,CK6n,CK6n,CK6n-H6929C-T-RU-240417V4797,,MT6769V/CZ(G85),RU,2024-04-17,https://frbox.transsion.com/disk/s/wn6b7m8m2me,838R68,2026-09-12 21:46:06,expired
TECNO,CK6n,CK6n,CK6n-H6929D-T-GLDC-240417V878,,MT6769V/CZ(G85),GLDC,2024-04-17,https://frbox.transsion.com/disk/s/QpvU2GP1Bdo,wpWQjG,2026-09-12 21:46:06,expired
itel,it5615N,it5615N,it5615N-MA2425-EnFrSwHaPoAr-20230627,,MT6260A,OP,,https://frbox.transsion.com/disk/s/NcJJyHxwwAF,1V5cPA,2026-09-12 21:46:05,expired
TECNO,LJ7,LJ7(Android 16),LJ7-16.3.0.145SP08(OP005PF001AZ),16,MT6878V_E/ZA(D7300 Ultimate),OP,,https://frbox.transsion.com/disk/s/pPZoxQjDQMd,2jPeYE,2026-09-12 21:46:05,expired
TECNO,LJ8,LJ8(Android 16),LJ8-16.3.0.145(RU001PF001AZ),16,MT6878V_E/ZA(D7300 Ultimate),RU,,https://frbox.transsion.com/disk/s/bgoMP7v8uCR,n1J0nB,2026-09-12 21:46:03,expired
TECNO,LJ8,LJ8(Android 16),LJ8-16.3.0.145(IN001PF001AZ),16,MT6878V_E/ZA(D7300 Ultimate),IN,,https://frbox.transsion.com/disk/s/NbmFSiEcsBN,OO6EOw,2026-09-12 21:46:03,expired
TECNO,LJ8,LJ8(Android 16),LJ8-16.3.0.145(OPPJ001PF001PJ),16,MT6878V_E/ZA(D7300 Ultimate),OPPJ,,https://frbox.transsion.com/disk/s/seza8JGEW84,xMOhgJ,2026-09-12 21:46:03,expired
TECNO,LJ8,LJ8(Android 16),LJ8-16.3.0.145(OP001PF001AZ),16,MT6878V_E/ZA(D7300 Ultimate),OP,,https://frbox.transsion.com/disk/s/5nsXB8qPwdE,FZbvGa,2026-09-12 21:46:03,expired
Infinix,X663D,X663D,X663D-H6915J-R-OP-221026V404,,MT6769H(G88),OP,2022-10-26,https://frbox.transsion.com/disk/s/56XKYHimLPD,1VCz7V,2026-09-12 21:46:03,expired
Infinix,X663D,X663D,X663D-H6915J-R-RU-230130V420,,MT6769H(G88),RU,2023-01-30,https://frbox.transsion.com/disk/s/Rp8tDjH2QJe,LRFNAD,2026-09-12 21:46:03,expired
itel,L5006S,L5006S,L5006S-F3212-10.0-KE-LC-V029-20210916,,SC9832E,KESF,,https://frbox.transsion.com/disk/s/c3zhhUjvWY4,zefbyT,2026-09-12 21:46:02,expired
itel,S663LN,S663LN,S663LN-SE663-12.0-RU-V182-230803,,SC9863A1,RU,,https://frbox.transsion.com/disk/s/ftyQaDJDYWc,tchHuK,2026-09-12 21:46:01,expired
Infinix,X663B,X663B,X663B-H6915D-R-RU-221101V899,,MT6769H(G88),RU,2022-11-01,https://frbox.transsion.com/disk/s/HXyFgaHDUgd,IWZaDi,2026-09-12 21:46:01,expired
Infinix,X663B,X663B,X663B-H6915D-R-OP-231228V919,,MT6769H(G88),OP,2023-12-28,https://frbox.transsion.com/disk/s/1L5KxQrLq2m,b8AaZx,2026-09-12 21:46:01,expired
Infinix,X687B,X687B,X687B-H851E-Q-GL-210518V215,,MT6785T,GL,2021-05-18,https://frbox.transsion.com/disk/s/n6zCtGiXxyp,DarObe,2026-09-12 21:46:00,expired
Infinix,X687B,X687B,X687B-H851E-Q-RU-211231V90,,MT6785T,RU,2021-12-31,https://frbox.transsion.com/disk/s/jVcX7xjJ3ia,R0t5wP,2026-09-12 21:46:00,expired
itel,A22Pro,A22Pro,A22-PRO-F0901-8.1.0-IN-V035-20210121,,MT6765,IN,,https://frbox.transsion.com/disk/s/wDqARgSGFCk,pHMtY3,2026-09-12 21:45:59,expired
itel,U30,U30,U30-G1808-EnHiGuTaTePaKnMlBn-IN-20231025,,SC6531E,IN,,https://frbox.transsion.com/disk/s/39M5wqQNv9m,EcDXVu,2026-09-12 21:45:59,expired
itel,it2032,it2032,it2032-GS1819-EnBn-BD-20250515,,,BD,,https://frbox.transsion.com/disk/s/yRnsdCgmiij,5PhzXV,2026-09-12 21:45:58,expired
TECNO,RB8S,RB8S,RB8S-SQ591C-P-GO-ZAVC-LC-211217V08,,MT6757,ZAVC,2021-12-17,https://frbox.transsion.com/disk/s/UFLqS6pj3GN,8b4COv,2026-09-12 21:45:57,expired
TECNO,RB8S,RB8S,RB8S-SQ591C-P-GO-KESF-211224V09,,MT6762,KESF,2021-12-24,https://frbox.transsion.com/disk/s/HVGR1Q9NBRf,Eff9YR,2026-09-12 21:45:57,expired
TECNO,SC7S,SC7S,SC7S-SA332-8.1-ZA-Voda-LC-V022-20211101,,SC7731E,ZAVC,,https://frbox.transsion.com/disk/s/YdYEWssCgB8,kstow8,2026-09-12 21:45:56,expired
Infinix,X6511,X6511-RU,X6511-F6318RU-11.0-RU-V69-20231115,,SC9863A,RU,,https://frbox.transsion.com/disk/s/wZsZNPXo4xx,qInS69,2026-09-12 21:45:56,expired
Infinix,X6886,X6886,X6886-15.1.2.180SP05(OP001PF001AZ),15,MT6789T(G200),OP,,https://frbox.transsion.com/disk/s/SMo4Sf1w9Rf,RT8Y3V,2026-09-12 21:45:55,expired
Infinix,X6886,X6886,X6886-15.1.2.180SP05(TR001PF001AZ),15,MT6789T(G200),TR,,https://frbox.transsion.com/disk/s/3RjGfn7a1u7,Ukbb90,2026-09-12 21:45:55,expired
Infinix,X6886,X6886,X6886-15.1.2.180SP05(OPPJ001PF001PJ),15,MT6789T(G200),OPPJ,,https://frbox.transsion.com/disk/s/2WrrhtStKY1,PdOvON,2026-09-12 21:45:55,expired
Infinix,X6886,X6886,X6886-15.1.2.180SP05(RU001PF001AZ),15,MT6789T(G200),RU,,https://frbox.transsion.com/disk/s/osZ8ty3beuo,qjMcV5,2026-09-12 21:45:55,expired
Infinix,X6887,X6887,X6887-16.1.0.130SP01(IN001PF001AZ),16,MT6858V/ZA,IN,,https://frbox.transsion.com/disk/s/oEZz5c5LgsJ,821299,2026-09-12 21:45:54,expired
Infinix,X6887,X6887,X6887-16.1.0.130SP01(OPPJ001PF001PJ),16,MT6858V/ZA,OPPJ,,https://sgbox.transsion.com/disk/s/Lq5xRcuh6q3,818711,2026-09-12 21:45:54,expired
Infinix,X6887,X6887,X6887-16.1.0.130SP01(EU001PF001AZ),16,MT6858V/ZA,EU,,https://frbox.transsion.com/disk/s/5iQ1wNnaoQj,902495,2026-09-12 21:45:54,expired
Infinix,X6887,X6887,X6887-16.1.0.130SP01(OP001PF001AZ),16,MT6858V/ZA,OP,,https://frbox.transsion.com/disk/s/RNT6Hc5pqes,591214,2026-09-12 21:45:54,expired
Infinix,X6887,X6887,X6887-16.1.0.130SP06(OP001PF001AZ),16,MT6858V/ZA,OP,,https://sgbox.transsion.com/disk/s/PknGAmMsPmr,089635,2026-09-12 21:45:54,expired
Infinix,X6887,X6887,X6887-16.1.0.140SP06(OP001PF001AZ),16,MT6858V/ZA,OP,,https://frbox.transsion.com/disk/s/J112CNqGVTy,810786,2026-09-12 21:45:54,expired
Infinix,X6887,X6887,X6887-16.1.0.140SP06(IN001PF001AZ),16,MT6858V/ZA,IN,,https://frbox.transsion.com/disk/s/ZUaHTTJsW7F,094147,2026-09-12 21:45:54,expired
Infinix,X6887,X6887,X6887-16.1.0.140SP10(OP001PF001AZ),16,MT6858V/ZA,OP,,https://frbox.transsion.com/disk/s/H9Vqw4QQSUE,372648,2026-09-12 21:45:54,expired
Infinix,X6887,X6887,X6887-16.1.0.140SP10(IN001PF001AZ),16,MT6858V/ZA,IN,,https://frbox.transsion.com/disk/s/i8iDhPAmxWS?pwd=394625&domainId=fra315,394625,2026-09-12 21:45:54,expired
Infinix,X6887,X6887,X6887-16.2.0.150SP10(EU006PF001AZ),16,MT6858V/ZA,EU,,https://frbox.transsion.com/disk/s/22fXSk56f4X,u9eocK,2026-09-12 21:45:54,expired
Infinix,X6887,X6887,X6887-16.3.0.140SP26(OP007PF001AZ),16,MT6858V/ZA,OP,,https://frbox.transsion.com/disk/s/57TBnGGht6P,J3tVC0,2026-09-12 21:45:54,expired
Infinix,X6887,X6887,X6887-16.3.0.140SP26(RU007PF001AZ),16,MT6858V/ZA,RU,,https://frbox.transsion.com/disk/s/K2JTnoMGkM9,iUk75H,2026-09-12 21:45:54,expired
Infinix,X6887,X6887,X6887-16.3.0.140SP26(IN007PF001AZ),16,MT6858V/ZA,IN,,https://frbox.transsion.com/disk/s/TTaV7tjTTCH,aRhU4l,2026-09-12 21:45:54,expired
Infinix,X6887,X6887,X6887-16.3.0.140SP26(OPPJ007PF001PJ),16,MT6858V/ZA,OPPJ,,https://frbox.transsion.com/disk/s/tjZZqPMMyDr,bxnPtz,2026-09-12 21:45:54,expired
Infinix,X6887,X6887,X6887-16.3.0.140SP26(EU007PF001AZ),16,MT6858V/ZA,EU,,https://frbox.transsion.com/disk/s/mMxVAo2ucFK,xXuKNM,2026-09-12 21:45:54,expired
Infinix,X6887,X6887,X6887-16.3.0.140SP26(TR007PF001AZ),16,MT6858V/ZA(D7100),TR,,https://frbox.transsion.com/disk/s/ZwFpjkstu9d,GPY2lS,2026-09-12 21:45:54,expired
Infinix,X6885,X6885,X6885-15.1.2.180(OP001PF001AZ),15,MT6789T(G200),OP,,https://frbox.transsion.com/disk/s/r7pQC2L28NP,TNzdNC,2026-09-12 21:45:53,expired
Infinix,X6885,X6885,X6885-15.1.2.180SP05(RU001PF001AZ),15,MT6789T(G200),RU,,https://frbox.transsion.com/disk/s/d6CwAjKyQCr,rVJR1q,2026-09-12 21:45:53,expired
Infinix,X6885,X6885,X6885-15.1.2.180SP05(OPPJ001PF001PJ),15,MT6789T(G200),OPPJ,,https://frbox.transsion.com/disk/s/UWdPKnmVUzR,ZFiFoF,2026-09-12 21:45:53,expired
Infinix,X6885,X6885,X6885-15.1.2.180SP05(TR001PF001AZ),15,MT6789T(G200),TR,,https://frbox.transsion.com/disk/s/2s5JSY9WSJD,PKCTlN,2026-09-12 21:45:53,expired
Infinix,X6882,X6882,X6882-H8915ABCDFGHIJLMNOPRVWX-U-OP-240808V576,,MT6789H(G100),OP,2024-08-08,https://frbox.transsion.com/disk/s/ZN7vfrqWPaE,BJ7SPw,2026-09-12 21:45:51,expired
Infinix,X6882,X6882,X6882-H8915ABCDFGHIJLMNOPRVWX-U-OP-250106V1178,,MT6789H(G100),OP,2025-01-06,https://frbox.transsion.com/disk/s/LyrGNB8cHsf,JZPZiD,2026-09-12 21:45:51,expired
Infinix,X6882,X6882,X6882-H8915EKQ-U-EU-250303V1253,,MT6789H(G100),EU,2025-03-03,https://frbox.transsion.com/disk/s/55Zst7tAwLL,oWHL72,2026-09-12 21:45:51,expired
Infinix,X6882,X6882,X6882-H8915ABCDFGHIJLMNOPRVWX-U-OP-260710V1603,,MT6789H(G100),OP,2026-07-10,https://frbox.transsion.com/disk/s/RDpH2rXXMYi,LNysDV,2026-09-12 21:45:51,expired
Infinix,X6882,X6882,X6882-H8915DJPAGM-U-RU-260710V1603,,MT6789H(G100),RU,2026-07-10,https://frbox.transsion.com/disk/s/Q9JiY3WZjet,913N5R,2026-09-12 21:45:51,expired
Infinix,X6882,X6882,X6882-H8915DJLPR-U-OPPJ-PJ-260710V1603,,MT6789H(G100),OPPJ,2026-07-10,https://frbox.transsion.com/disk/s/4f5vYQBw1SB,ZyqKCJ,2026-09-12 21:45:51,expired
Infinix,X6880,X6880,X6880-H8912L-U-EU-250416V1466,,MT6789H(G100),EU,2025-04-16,https://frbox.transsion.com/disk/s/U1WS98n8TZC,JjeycR,2026-09-12 21:45:50,expired
Infinix,X6880,X6880,X6880-H8912DI-U-TR-250416V1466,,MT6789H(G100),TR,2025-04-16,https://frbox.transsion.com/disk/s/UHQy2QX7yGQ,xplMG6,2026-09-12 21:45:50,expired
Infinix,X6880,X6880,X6880-H8912ABCDEFGHIJK-U-OP-250613V1530,,MT6789H(G100),OP,2025-06-13,https://frbox.transsion.com/disk/s/RrCaFjj2xBp,zPQX50,2026-09-12 21:45:50,expired
Infinix,X6880,X6880,X6880-H8912IJ-U-OPPJ-PJ-250613V1530,,MT6789H(G100),OPPJ,2025-06-13,https://frbox.transsion.com/disk/s/6PLCKoJveEa,ow1FnJ,2026-09-12 21:45:50,expired
Infinix,X6880,X6880,X6880-H8912I-U-RU-250613V1530,,MT6789H(G100),RU,2025-06-13,https://frbox.transsion.com/disk/s/58nhKWVPFQ8,zWUztP,2026-09-12 21:45:50,expired
itel,MXPRO,MXPRO,MXPRO-LW2401-EnViTh-VN-20230810-F2,,T117,VN,,https://frbox.transsion.com/disk/s/Hyh3Xyfuato,43GN49,2026-09-12 21:45:50,expired
itel,MXPRO,MXPRO,MXPRO-LW2401-EnHiGuTaTePaKnBnMlAsOdUrMr-IN-20230821,,T117,IN,,https://frbox.transsion.com/disk/s/3eMFv744jv7,5KPyj0,2026-09-12 21:45:50,expired
Infinix,X6881,X6881,X6881-H8916ABCDEFGHIJ-U-OP-250220V759,,MT6789H(G100),OP,2025-02-20,https://frbox.transsion.com/disk/s/KqELzHd8rkT,8KDiPo,2026-09-12 21:45:48,expired
Infinix,X6881,X6881,X6881-H8916ID-U-EU-250425V812,,MT6789H(G100),EU,2025-04-25,https://frbox.transsion.com/disk/s/hNkqUxT7ba9,W8tscV,2026-09-12 21:45:48,expired
Infinix,X6881,X6881,X6881-H8916ABCDEFGHIJ-U-OP-260709V948,,MT6789H(G100),OP,2026-07-09,https://frbox.transsion.com/disk/s/qhMVPx99P8H,J36UTF,2026-09-12 21:45:48,expired
Infinix,X6881,X6881,X6881-H8916DEIJ-U-OPPJ-PJ-260709V948,,MT6789H(G100),OPPJ,2026-07-09,https://frbox.transsion.com/disk/s/XmDzvrrThBq,lYRawh,2026-09-12 21:45:48,expired
Infinix,X6881,X6881,X6881-H8916IFD-U-RU-260709V948,,MT6789H(G100),RU,2026-07-09,https://frbox.transsion.com/disk/s/7zxUUH9kteb,FCIprm,2026-09-12 21:45:48,expired
TECNO,LA7,LA7,LA7-H393A-O-200818V260,,MT6739,OP,2020-08-18,https://frbox.transsion.com/disk/s/KwNAFxR5jaH,sk2czA,2026-09-12 21:45:48,expired
TECNO,LA6,LA6,LA6-H8021B-N-EG-180515V29,,MT6580,EG,2018-05-15,https://frbox.transsion.com/disk/s/toFZCAtHscR,UVACX1,2026-09-12 21:45:47,expired
TECNO,LA6,LA6,LA6-H8021AC-N-190812V165,,MT6580,OP,2019-08-12,https://frbox.transsion.com/disk/s/1GHdNkHb2mW,Sdi9R2,2026-09-12 21:45:47,expired
TECNO,CK7n,CK7n,CK7n-H894ABC-T-GL-231214V2150,,MT6789,GL,2023-12-14,https://frbox.transsion.com/disk/s/fJPTxwWTpWt,xdSM1N,2026-09-12 21:45:46,expired
TECNO,CK7n,CK7n,CK7n-H894B-T-RU-240416V2494,,MT6789,RU,2024-04-16,https://frbox.transsion.com/disk/s/K5zWsYLKrPD,Z6jyvY,2026-09-12 21:45:46,expired
TECNO,CK7n,CK7n,CK7n-H894B-T-TR-240416V2495,,MT6789,TR,2024-04-16,https://frbox.transsion.com/disk/s/afc1xieiytV,3xOKaX,2026-09-12 21:45:46,expired
TECNO,CK7n,CK7n,CK7n-H894ABC-T-GL-240416V2496,,MT6789,GL,2024-04-16,https://frbox.transsion.com/disk/s/gLtCS8kCzgy,Ki9kEm,2026-09-12 21:45:46,expired
TECNO,AE10,AE10,AE10-H833AC-U-IN-251118V6500,,MT6983Z/TCZA(D9000+),IN,2025-11-18,https://frbox.transsion.com/disk/s/81yhwi2wBjB,RK72ls,2026-09-12 21:45:45,expired
TECNO,AE10,AE10,AE10-H833AC-U-RU-251118V6500,,MT6983Z/TCZA(D9000+),RU,2025-11-18,https://frbox.transsion.com/disk/s/YQXYK8bhfgD,3X4ry9,2026-09-12 21:45:45,expired
TECNO,AE10,AE10,AE10-H833AC-U-TR-251118V6500,,MT6983Z/TCZA(D9000+),TR,2025-11-18,https://frbox.transsion.com/disk/s/Quyp8FwWG7Q,qQE7Ww,2026-09-12 21:45:45,expired
TECNO,AE10,AE10,AE10-H833AC-U-OP-251118V6500,,MT6983Z/TCZA(D9000+),OP,2025-11-18,https://frbox.transsion.com/disk/s/bVjbd38K26t,Dz3L6C,2026-09-12 21:45:45,expired
TECNO,AE11,AE11,AE11-H911C-U-COCL-ST-250624V4237,,MT6891Z/C(D8020),COCL,2025-06-24,https://frbox.transsion.com/disk/s/s1MwFdPmNMA,7O6bm7,2026-09-12 21:45:43,expired
TECNO,AE11,AE11,AE11-H911A-U-OP-250818V4337,,MT6891Z/C(D8020),OP,2025-08-18,https://frbox.transsion.com/disk/s/Jrs7ZBgXtp2,VXK6L2,2026-09-12 21:45:43,expired
TECNO,AE11,AE11,AE11-H911A-U-RU-250818V4337,,MT6891Z/C(D8020),RU,2025-08-18,https://frbox.transsion.com/disk/s/CUxEazPimfn,2fBoHy,2026-09-12 21:45:43,expired
TECNO,AE11,AE11,AE11-H911A-U-IN-250818V4337,,MT6891Z/C(D8020),IN,2025-08-18,https://frbox.transsion.com/disk/s/dD7qoQMpuQA,5lKaLV,2026-09-12 21:45:43,expired
TECNO,AE11,AE11,AE11-H911A-U-TR-250818V4337,,MT6891Z/C(D8020),TR,2025-08-18,https://frbox.transsion.com/disk/s/Eth7bo1n3vp,Hjb6Nr,2026-09-12 21:45:43,expired
TECNO,AE11,AE11,AE11-H911A-U-OP-251126V4390,,MT6891Z/C(D8020),OP,2025-11-26,https://frbox.transsion.com/disk/s/R5Vpon7Wyyj,6zXTDC,2026-09-12 21:45:43,expired
TECNO,T372,T372,T372-M2425-EnFrSwPo-ZA-20211028,,MT6261D,ZA,,https://frbox.transsion.com/disk/s/Qt7qTVLmRQK,UwR4uA,2026-09-12 21:45:43,expired
TECNO,T372,T372,T372-M2425-EnFrArSwHaPo-20211019,,MT6261D,OP,,https://frbox.transsion.com/disk/s/WzHMeKkuw1y,q9TIGk,2026-09-12 21:45:43,expired
TECNO,T372,T372,T372-M2425-EnRuUkTrKk-UA-20211021,,MT6261D,UA,,https://frbox.transsion.com/disk/s/cM48j1vPGqM,t6TavO,2026-09-12 21:45:43,expired
Infinix,X688B,X688B,X688B-H659C-Q-ZAMT-LC-210401V102,,MT6765,ZAMT,2021-04-01,https://frbox.transsion.com/disk/s/3cPgL1AW8ym,R6j8IL,2026-09-12 21:45:41,expired
Infinix,X688B,X688B,X688B-H659ADIK-R-RU-220418V726,,MT6765,RU,2022-04-18,https://frbox.transsion.com/disk/s/ZgzR8R85rcK,r4eU5R,2026-09-12 21:45:41,expired
Infinix,X688B,X688B,X688B-H659DNK-R-TR-220622V790,,MT6765,TR,2022-06-22,https://frbox.transsion.com/disk/s/UCTeGpnzyjm,MJ7Gvo,2026-09-12 21:45:41,expired
Infinix,X688B,X688B,X688B-H659ABCDEFGHIJKLMNO-R-GL-221214V856,,MT6765G,AS,2022-12-14,https://frbox.transsion.com/disk/s/nHVLKh598bf,rbTZqY,2026-09-12 21:45:41,expired
itel,L5007S,L5007S,L5007S-SU335-11.0-ZAVC-LC-V020-20230427,,SC9832E,ZAVC,,https://frbox.transsion.com/disk/s/4mjXpCFfHzG,n9O1f5,2026-09-12 21:45:40,expired
itel,it5616B,it5616B,it5616B-G2422B-EnBnMy-BD-20180925 SKD,,SC6531C,BD,,https://frbox.transsion.com/disk/s/3EHf7dPyEWz,JDQ6dm,2026-09-12 21:45:40,expired
Infinix,X688C,X688C,X688C-H6220A-QGo-RU-211224V130,,MT6762,RU,2021-12-24,https://frbox.transsion.com/disk/s/qrwW6S2QLC9,bq35u3,2026-09-12 21:45:39,expired
Infinix,X688C,X688C,X688C-H6220C-QGo-ZAMT-LC-220822V155,,MT6762,ZAMT,2022-08-22,https://frbox.transsion.com/disk/s/gs1MzpdESy8,q4wtpW,2026-09-12 21:45:39,expired
Infinix,X688C,X688C,X688C-H6220ABC-QGo-GL-221115V481,,MT6762,GL,2022-11-15,https://frbox.transsion.com/disk/s/gaZtbadpCWo,53mmgU,2026-09-12 21:45:39,expired
itel,L5007O,L5007O,ORA-V020-SKU1-20230206-L5007O-SU335-Go,,SC9832E,OP,,https://frbox.transsion.com/disk/s/JaJDCJKJcG7,snF8v1,2026-09-12 21:45:38,expired
itel,U20,U20,U20-G1808-EnHiGuTaTePaBnKnMI-IN-20210916,,SC6531E,IN,,https://frbox.transsion.com/disk/s/Yt1JgKvgRXw,Q3rMW0,2026-09-12 21:45:38,expired
Infinix,X6895,X6895,X6895-16.2.0.150SP09(OP006PF001AZ),16,MT6789J(G100 Ultimate),OP,,https://frbox.transsion.com/disk/s/D1aJXkZoFNT,SW2Cqr,2026-09-12 21:45:36,expired
Infinix,X6895,X6895,X6895-16.3.0.140SP27(OP010PF001AZ),16,MT6789J(G100 Ultimate),OP,,https://frbox.transsion.com/disk/s/kxnFTUayMYj,3urlFO,2026-09-12 21:45:36,expired
Infinix,X6895,X6895,X6895-16.3.0.140SP27(TR010PF001AZ),16,MT6789J(G100 Ultimate),TR,,https://frbox.transsion.com/disk/s/C2vkjD2m6uA,hcp1i9,2026-09-12 21:45:36,expired
Infinix,X6895,X6895,X6895-16.3.0.140SP27(RU010PF001AZ),16,MT6789J(G100 Ultimate),RU,,https://frbox.transsion.com/disk/s/LZytH2djybW,jCUdlF,2026-09-12 21:45:36,expired
Infinix,X6895,X6895,X6895-16.3.0.140SP27(OPPJ010PF001PJ),16,MT6789J(G100 Ultimate),OPPJ,,https://frbox.transsion.com/disk/s/1v3tZ2XKgqn,dWwP4O,2026-09-12 21:45:36,expired
Infinix,X6891,X6891,X6891-16.1.0.140SP06(OP001PF001AZ),16,MT6899Z/ZA(D8400),OP-M1,,https://frbox.transsion.com/disk/s/sEXxdDSigAq,uqSt06,2026-09-12 21:45:35,expired
Infinix,X6891,X6891,X6891-16.1.0.140SP06(OPPJ001PF001PJ),16,MT6899Z/ZA(D8400),OPPJ,,https://frbox.transsion.com/disk/s/KWby5AtXet4,8YF43b,2026-09-12 21:45:35,expired
Infinix,X6891,X6891,X6891-16.1.0.130SP03(OPPJ001PF001PJ),16,MT6899Z/ZA(D8400),OP,,https://frbox.transsion.com/disk/s/G66rT3hLSVr,JZvA3Z,2026-09-12 21:45:35,expired
Infinix,X6891,X6891,X6891-16.2.0.150SP16(RU008PF001AZ),16,MT6899Z/ZA(D8400),RU,,https://frbox.transsion.com/disk/s/ewETHHPASag,zljPvZ,2026-09-12 21:45:35,expired
Infinix,X6891,X6891,X6891-16.3.0.140SP22(OP008PF001AZ),16,MT6899Z/ZA(D8400),OP,,https://frbox.transsion.com/disk/s/Sckv9vE9z6Q,BkZglo,2026-09-12 21:45:35,expired
Infinix,X6891,X6891,X6891-16.3.0.140SP22(OPPJ008PF001PJ),16,MT6899Z/ZA(D8400),OPPJ,,https://frbox.transsion.com/disk/s/GnHyff5Sj6S,QTSjUX,2026-09-12 21:45:35,expired
Infinix,X6891,X6891,X6891-16.3.0.140SP22(EU008PF001AZ),16,MT6899Z/ZA(D8400),EU,,https://frbox.transsion.com/disk/s/ybKLnGVd8dp,rgVOWS,2026-09-12 21:45:35,expired
Infinix,X6891,X6891,X6891-16.3.0.140SP22(IN008PF001AZ),16,MT6899Z/ZA(D8400),IN,,https://frbox.transsion.com/disk/s/ZHHv1HsyJ4V,nZlhAB,2026-09-12 21:45:35,expired
Infinix,X6891,X6891,X6891-16.3.0.150SP09(OP005PF001AZ),16,MT6899Z/ZA(D8400),OP,,https://frbox.transsion.com/disk/s/GpqbNiMAmv6,bIBTZe,2026-09-12 21:45:35,expired
Infinix,X6896,X6896,X6896-16.3.0.115SP04(OP003PF001AZ),16,MT6858V/TZA(D7100 Ultimate),OP,,https://frbox.transsion.com/disk/s/62XshthFoTy,EfMy2i,2026-09-12 21:45:35,expired
Infinix,X6896,X6896,X6896-16.3.0.125SP01(OP001PF001AZ),16,MT6858V/TZA(D7100 Ultimate),OP,,https://frbox.transsion.com/disk/s/jEbC8LscTrZ,W66bbO,2026-09-12 21:45:35,expired
Infinix,X6896,X6896,X6896-16.3.0.125SP01(RU001PF001AZ),16,MT6858V/TZA(D7100 Ultimate),RU,,https://frbox.transsion.com/disk/s/C9J4QDmk8Tc,8dZePz,2026-09-12 21:45:35,expired
Infinix,X6896,X6896,X6896-16.3.0.125SP01(TR001PF001AZ),16,MT6858V/TZA(D7100 Ultimate),TR,,https://frbox.transsion.com/disk/s/s7u3tY9gnei,ddR6Wb,2026-09-12 21:45:35,expired
Infinix,X6896,X6896,X6896-16.3.0.125SP01(OPPJ001PF001PJ),16,MT6858V/TZA(D7100 Ultimate),OPPJ,,https://frbox.transsion.com/disk/s/D56H1AoEf5N,kaPN0l,2026-09-12 21:45:35,expired
Infinix,X6896,X6896,X6896-16.3.0.130SP10(OP003PF001AZ),16,MT6858V/TZA(D7100 Ultimate),OP,,https://frbox.transsion.com/disk/s/rJjck83kmTb,2VAfaX,2026-09-12 21:45:35,expired
Infinix,X6896,X6896,X6896-16.3.0.130SP10(IN003PF001AZ),16,MT6858V/TZA(D7100 Ultimate),IN,,https://frbox.transsion.com/disk/s/8Xh4AsPscUM,Ok9As6,2026-09-12 21:45:35,expired
itel,it5312,it5312,it5312-M2806-EnRuUkKk-RU-20200903,,MT6261D,RU,,https://frbox.transsion.com/disk/s/98qsK4sVEzF,YDgKLD,2026-09-12 21:45:33,expired
itel,it5312,it5312,it5312-M2806-EnBn-BD-20211125,,MT6261D,BD,,https://frbox.transsion.com/disk/s/1Shkw3SrLj3,Hxx4YD,2026-09-12 21:45:33,expired
itel,it5311,it5311,it5311-UL243-EnHiGuPa-IN-20161212,,MT6260A,IN,,https://frbox.transsion.com/disk/s/ai8oVyDe3co,U79KHo,2026-09-12 21:45:32,expired
TECNO,KH7S,KH7S,KH7S-H6919F-S-GTTG-LC-221114V139,,MT6769V/CZ(G85),GTTG,2022-11-14,https://frbox.transsion.com/disk/s/bT1yKgUWw8w,7RjVRV,2026-09-12 21:45:30,expired
TECNO,KH7S,KH7S,KH7S-H6919F-S-MXTC-221202V518,,MT6769V/CZ(G85),MXTC,2022-12-02,https://frbox.transsion.com/disk/s/AfHaifJyvaf,KkwiDh,2026-09-12 21:45:30,expired
TECNO,KH7S,KH7S,KH7S-H6919F-S-COCL-250122V1391,,MT6769V/CZ(G85),COCL,2025-01-22,https://frbox.transsion.com/disk/s/NXfu4jvGBMi,gqnRw0,2026-09-12 21:45:30,expired
Infinix,X665E,X665E,X665E-H6126YAbAe-S-TR-230720V1456,,MT6762,TR,2023-07-20,https://frbox.transsion.com/disk/s/LRc5SsisVtZ,d89kMj,2026-09-12 21:45:29,expired
Infinix,X665E,X665E,X665E-H6126AaAg-S-EU-231019V1493,,MT6762,EU,2023-10-19,https://frbox.transsion.com/disk/s/G52MAfEitKv,yuiyW7,2026-09-12 21:45:29,expired
Infinix,X665E,X665E,X665E-H6126YZAaAbAcAdAeAfAg-S-GL-240107V1428,,MT6762,GL,2024-01-07,https://frbox.transsion.com/disk/s/JgrdEJtUPtH,nLdgEJ,2026-09-12 21:45:29,expired
Infinix,X665E,X665E,X665E-H6126YZAaAbAcAdAeAfAg-S-GL-240717V1732,,MT6762,GL,2024-07-17,https://frbox.transsion.com/disk/s/yCwBQ7spSfV,cmMTNF,2026-09-12 21:45:29,expired
Infinix,X665E,X665E,X665E-H6126YAbAe-S-RU-240911V1735,,MT6762,RU,2024-09-11,https://frbox.transsion.com/disk/s/hr2LBcky7sP,cwJqwC,2026-09-12 21:45:29,expired
TECNO,T102,T102,T102-DS1828-EnFrArSwHaPo-OP-20250905,,,OP,,https://frbox.transsion.com/disk/s/xqGd8AvSbqn,5vIAfT,2026-09-12 21:45:29,expired
TECNO,T101,T101,T101-DL194-EnFrAr-EG-20210930,,MT6261D,EG,,https://frbox.transsion.com/disk/s/UCBfBKugGP2,c3bwgB,2026-09-12 21:45:28,expired
TECNO,T101,T101,T101-DL194-EnFrArSwHaPo-20250212,,MT6261D,OP,,https://frbox.transsion.com/disk/s/8XhvJYWWUbC,ZEI8AU,2026-09-12 21:45:28,expired
TECNO,T101,T101,T101-DL194-AmEnOmTi-ET-20250228,,MT6261D,ET,,https://frbox.transsion.com/disk/s/JuryuTqXD7t,nuieOr,2026-09-12 21:45:28,expired
Infinix,X665C,X665C,X665C-H6126WX-SGo-OP-240910V1153,,MT6761,OP,2024-09-10,https://frbox.transsion.com/disk/s/t5TemkW9ysT,oib0jC,2026-09-12 21:45:27,expired
Infinix,X689F,X689F,X689F-H6510ABCDEF-R-GL-230824V1282,,MT6765,GL,2023-08-24,https://frbox.transsion.com/disk/s/wCd2AiZMGqw,hxby4o,2026-09-12 21:45:26,expired
Infinix,X689F,X689F,X689F-H6510EF-R-EU-231009V92,,MT6765,EU,2023-10-09,https://frbox.transsion.com/disk/s/hb3oqn8KQdH,EEl2dj,2026-09-12 21:45:26,expired
Infinix,X689F,X689F,X689F-H6510ABCDEF-R-GL-231012V1295,,MT6765,GL,2023-10-12,https://frbox.transsion.com/disk/s/aYXYji8w6uJ,eKuOs4,2026-09-12 21:45:26,expired
Infinix,X689F,X689F,X689F-H6510EF-R-RU-220913V1227,,MT6765,RU,2022-09-13,https://frbox.transsion.com/disk/s/Wui1GegsVF7,dQgAjT,2026-09-12 21:45:26,expired
TECNO,WX3P,WX3P,WX3P-H8017C-N-EG-180122V161,,MT6580M,EG,2018-01-22,https://frbox.transsion.com/disk/s/rC5EazzD4oT,xVngDV,2026-09-12 21:45:26,expired
TECNO,WX3P,WX3P,WX3P-H8017AB-N-181115V235,,MT6580M,GL,2018-11-15,https://frbox.transsion.com/disk/s/uWftUvYqtcF,cnnOs0,2026-09-12 21:45:26,expired
Infinix,X689C,X689C,X689C-H696AnAo-R-TR-211202V139,,MT6769,TR,2021-12-02,https://frbox.transsion.com/disk/s/CZ8tqPHe7Va,OS1gSB,2026-09-12 21:45:24,expired
Infinix,X689C,X689C,X689C-H696AnAo-R-OP-230416V324,,MT6769,OP,2023-04-16,https://frbox.transsion.com/disk/s/yn7jrUMtAtd,5FYSIa,2026-09-12 21:45:24,expired
itel,U10,U10,U10-G1808-EnHiGuTaTePaBnKn-IN-20210108,,SC6531C,IN,,https://frbox.transsion.com/disk/s/uxwDbTeuDUw,822Whi,2026-09-12 21:45:24,expired
Infinix,X689D,X689D,X689D-H696ApAr-R-OP-230714V225,,MT6769Z,OP,2023-07-14,https://frbox.transsion.com/disk/s/N4gp7t4WW9W,Cjr3Tn,2026-09-12 21:45:23,expired
Infinix,X689D,X689D,X689D-H696ApAr-R-RU-211210V138,,MT6769Z,RU,2021-12-10,https://frbox.transsion.com/disk/s/EjEA22MNbVd,KH8vg0,2026-09-12 21:45:23,expired
Infinix,X665B,X665B,X665B-H6222IJKL-R-OP-231107V746,,MT6761V,OP,2023-11-07,https://frbox.transsion.com/disk/s/tciErRNP77X,EqwTUd,2026-09-12 21:45:22,expired
Infinix,X665B,X665B,X665B-H6222L-R-EU-230417V163,,MT6761V,EU,2023-04-17,https://frbox.transsion.com/disk/s/AEBRbsnh6Qf,eJMKjH,2026-09-12 21:45:22,expired
Infinix,X665B,X665B,X665B-H6222K-R-RU-230417V683,,MT6761V,RU,2023-04-17,https://frbox.transsion.com/disk/s/uk89fKRB5VC,0JZDhq,2026-09-12 21:45:22,expired
Infinix,X689B,X689B,X689B-H696JKM-R-GL-230606V329,,MT6769Z,GL,2023-06-06,https://frbox.transsion.com/disk/s/UyUeBUcyBmx,hc6mNl,2026-09-12 21:45:20,expired
TECNO,CN5,CN5,CN5-16.1.0.115SP11(RU001PF001AZ),16,G200,RU,,https://sgbox.transsion.com/disk/s/Lk3NeJ9gGQn,743001,2026-09-12 21:45:19,expired
TECNO,CN5,CN5,CN5-16.1.0.115SP11(OP001PF001AZ,16,G200,OP,,https://frbox.transsion.com/disk/s/Ak64PRpEcbk,qwKIiK,2026-09-12 21:45:19,expired
TECNO,CN5,CN5,CN5-16.1.0.115SP11(TR001PF001AZ),16,G200,TR,,https://frbox.transsion.com/disk/s/qDppTKVfTgC,REZA2E,2026-09-12 21:45:19,expired
TECNO,CN5,CN5,CN5-16.1.0.140SP10(OP001PF001AZ),16,G200,OP,,https://frbox.transsion.com/disk/s/HuoAyv9CB2J,GpqJT4,2026-09-12 21:45:19,expired
TECNO,CN5,CN5,CN5-16.1.0.140SP10(RU001PF001AZ),16,G200,RU,,https://frbox.transsion.com/disk/s/SawZwyhEraF,994527,2026-09-12 21:45:19,expired
TECNO,CN5,CN5,CN5-16.1.0.140SP10(TR001PF001AZ),16,G200,TR,,https://frbox.transsion.com/disk/s/JN2E5dHpMcj,896548,2026-09-12 21:45:19,expired
TECNO,CN5,CN5,CN5-16.3.0.140SP28(OP007PF001AZ),16,G200,OP,,https://frbox.transsion.com/disk/s/wf4C1uHcXWj,niExVt,2026-09-12 21:45:19,expired
TECNO,CN5,CN5,CN5-16.3.0.140SP28(TR007PF001AZ),16,G200,TR,,https://frbox.transsion.com/disk/s/2x6o9TRfmAx,gq56Bt,2026-09-12 21:45:19,expired
TECNO,CN5,CN5,CN5-16.3.0.140SP28(RU007PF001AZ),16,G200,RU,,https://frbox.transsion.com/disk/s/ADgJKMMT5hr,2cunkn,2026-09-12 21:45:19,expired
TECNO,RB6S,RB6S,RB6S-SU335-8.1-ZA-Voda-LC-V018-20210910,,SC9832E,ZAVC,,https://frbox.transsion.com/disk/s/4trYStUwRse,r32Yjh,2026-09-12 21:45:19,expired
TECNO,CN6,CN6,CN6-16.3.0.150SP03(OP003PF001AZ),16,D7100(25MS),OP,,https://frbox.transsion.com/disk/s/fAhvnaAKnbB,zUXq2l,2026-09-12 21:45:18,expired
TECNO,CN6,CN6,CN6-16.3.0.150SP03(TR003PF001AZ),16,D7100(25MS),TR,,https://frbox.transsion.com/disk/s/Qp3oMao1Acm,dmVEDI,2026-09-12 21:45:18,expired
TECNO,CN6,CN6,CN6-16.3.0.150SP03(OPPJ003PF001PJ),16,D7100(25MS),OPPJ,,https://frbox.transsion.com/disk/s/Tw4YRpBVNTk,wtM1o7,2026-09-12 21:45:18,expired
itel,CX01,CX01,CX01-M2812-EnArFrPoHaSw-20220808,,MT6261D,OP,,https://frbox.transsion.com/disk/s/VK1w6DFiavB,9W3Erb,2026-09-12 21:45:17,expired
itel,CX01,CX01,CX01-M2812-EnRuUkKk-RU-20221109,,MT6261D,RU,,https://frbox.transsion.com/disk/s/HUAnwWEiVDz,RUlLBR,2026-09-12 21:45:17,expired
itel,CX01,CX01,CX01-M2812-EnHiGuTeTaPaKnMlBn-IN-20230511,,MT6261D,IN,,https://frbox.transsion.com/disk/s/aWJxAc11iNN,fFcILL,2026-09-12 21:45:17,expired
itel,CX01,CX01,CX01-M2812-EnUr-PK-20230313,,MT6261D,PK,,https://frbox.transsion.com/disk/s/3DZoQNdvXQt,5Gu85s,2026-09-12 21:45:17,expired
itel,CX02,CX02,CX02-G1301-EnHiGuTaTeKnBnMlPa-IN-20231108,,SC6531E,IN,,https://frbox.transsion.com/disk/s/ZmED2CML6jP,iWR4TW,2026-09-12 21:45:16,expired
itel,CX02,CX02,CX02-G1301-EnFrSwHaPoAr-20240320-P60,,SC6531E,OP,,https://frbox.transsion.com/disk/s/828uTS2n3z5,St69DV,2026-09-12 21:45:16,expired
itel,CX02,CX02,CX02-G1301-EnFrSwHaPoAr-20260615-P60,,SC6531E,OP,,https://frbox.transsion.com/disk/s/3bVz8q8Qxih,hAvO9o,2026-09-12 21:45:16,expired
itel,it5618N,it5618N,it5618N-G1812-EnBn-BD-20210917,,SC6531E,BD,,https://frbox.transsion.com/disk/s/6Z5YZWXcGdL,ERhHYl,2026-09-12 21:45:15,expired
itel,it5618N,it5618N,it5618N-G1812-EnUr-PK-20210918,,SC6531E,PK,,https://frbox.transsion.com/disk/s/aXir7qUvY8G,PNxNIu,2026-09-12 21:45:15,expired
itel,it5618N,it5618N,it5618N-G1812-EnTeHiGuTaPa-IN-20220720,,SC6531E,IN,,https://frbox.transsion.com/disk/s/tgLTV44yrCt,VufjUh,2026-09-12 21:45:15,expired
TECNO,T350,T350,T350-DL180D1-AF-TD-170710V2,,MT6261D,TD,2017-07-10,https://frbox.transsion.com/disk/s/hANRvfLYxwT,NkR5Ng,2026-09-12 21:45:14,expired
TECNO,T350,T350,T350-DL180D1-AF-MR-170731V2,,MT6261D,MR,2017-07-31,https://frbox.transsion.com/disk/s/zeVQ5WLe8Wc,yQep1H,2026-09-12 21:45:14,expired
TECNO,T350,T350,T350-DL180A1-OA-PGDC-LC-170807V4,,MT6261D,OA,2017-08-07,https://frbox.transsion.com/disk/s/vdiLop4dXB5,AnGYdt,2026-09-12 21:45:14,expired
TECNO,T350,T350,T350-DL180D1-AF-EG-170817V3,,MT6261D,EG,2017-08-17,https://frbox.transsion.com/disk/s/j6dTUEuY1nM,MMLEVD,2026-09-12 21:45:14,expired
TECNO,T350,T350,T350-DL180D1-AF-MZ-171120V1,,MT6261D,MZ,2017-11-20,https://frbox.transsion.com/disk/s/jNuZFGsJ1LP,JUGrk8,2026-09-12 21:45:14,expired
TECNO,T350,T350,T350-DL180D1-AF-ET-180205V4,,MT6261D,ET,2018-02-05,https://frbox.transsion.com/disk/s/aSKzub2vbia,tH1cbI,2026-09-12 21:45:14,expired
TECNO,T350,T350,T350-DL180D1-AF-SD-190328V3,,MT6261D,SD,2019-03-28,https://frbox.transsion.com/disk/s/KQFvBxcaZJz,zf6teU,2026-09-12 21:45:14,expired
TECNO,T350,T350,T350-DL180D1-AF-190627V7,,MT6261D,AF,2019-06-27,https://frbox.transsion.com/disk/s/cT2LjXPa5du,688MxL,2026-09-12 21:45:14,expired
TECNO,T351,T351,T351-DL194-EnFrArSwHaPo-20201218,,MT6261D,OP,,https://frbox.transsion.com/disk/s/3zVWRgfJgYv,2wzL9J,2026-09-12 21:45:14,expired
TECNO,T351,T351,T351-DL194-EnAmOrTi-ET-20201216,,MT6261D,ET,,https://frbox.transsion.com/disk/s/ZM8jS51sZUn,I1Zj7w,2026-09-12 21:45:14,expired
TECNO,T353,T353,T353-M2005-EnFrArSwHaPo-20240220,,MT6261D,OP,,https://frbox.transsion.com/disk/s/Frh5Bqs2djX,aAUQti,2026-09-12 21:45:13,expired
TECNO,T353,T353,T353-M2005-EnFrArSwHaPo-20241114,,MT6261D,OP,,https://frbox.transsion.com/disk/s/azca3YiqSNd,z9UTjo,2026-09-12 21:45:13,expired
TECNO,T353,T353,T353-M2005-AmEnOmTi-ET-20241114,,MT6261D,ET,,https://frbox.transsion.com/disk/s/DyzPMSydHSa,Ax8AAp,2026-09-12 21:45:13,expired
TECNO,T352,T352,T352-DL194-EnFrArSwHaPo-20241125,,MT6261D,OP,,https://frbox.transsion.com/disk/s/YyjwX21hHDm,w44wSV,2026-09-12 21:45:12,expired
TECNO,T352,T352,T352-DL194-AmEnOmTi-ET-20241128,,MT6261D,ET,,https://frbox.transsion.com/disk/s/5V3dHEAVtJn,eiZ7ZY,2026-09-12 21:45:12,expired
TECNO,T354,T354,T354-DS1830-EnFrArSwHaPo-OP-20260710,,MT6261D,OP,,https://frbox.transsion.com/disk/s/MdRX3LwQ6sK,6FCAQj,2026-09-12 21:45:11,expired
TECNO,T354,T354,T354-DS1830-AmEnOmTi-ET-20260817,,MT6261D,ET,,https://frbox.transsion.com/disk/s/ghUiYZBsMCS,R4AENi,2026-09-12 21:45:11,expired
TECNO,LI7,LI7(Android 15),LI7-15.1.2.170SP05(OP001PF001AZ),15,MT6789U(G99 Ultimate),OP,,https://frbox.transsion.com/disk/s/sN1VwVeeEpB,BVAMTe,2026-09-12 21:45:11,expired
TECNO,LI7,LI7(Android 15),LI7-15.1.2.170SP05(RU001PF001AZ),15,MT6789U(G99 Ultimate),RU,,https://frbox.transsion.com/disk/s/kihz6utJRYx,Tg0vf0,2026-09-12 21:45:11,expired
TECNO,LI7,LI7(Android 15),LI7-15.1.2.170SP05(TR001PF001AZ),15,MT6789U(G99 Ultimate),TR,,https://frbox.transsion.com/disk/s/3dT5WM5anQX,fesd0d,2026-09-12 21:45:11,expired
TECNO,KH7n,KH7n,KH7n-H6919E-S-EU-220921V963,,MT6769,EU,2022-09-21,https://frbox.transsion.com/disk/s/Lkz82Y2DQZc,uHNaBx,2026-09-12 21:45:10,expired
TECNO,KH7n,KH7n,KH7n-H6919DE-S-OP-221205V1110,,MT6769,OP,2022-12-05,https://frbox.transsion.com/disk/s/PjfHdPX3jBe,ktValj,2026-09-12 21:45:10,expired
TECNO,KH7n,KH7n,KH7n-H6919D-S-TR-240416V1697,,MT6769,TR,2024-04-16,https://frbox.transsion.com/disk/s/t4PvUxjCAKo,YQ5iqN,2026-09-12 21:45:10,expired
TECNO,KH7n,KH7n,KH7n-H6919D-S-RU-240416V1698,,MT6769,RU,2024-04-16,https://frbox.transsion.com/disk/s/Jtp3eTLjdGb,oc8XBg,2026-09-12 21:45:10,expired
itel,P651W,P651W,P651W-F3116-10.0-OP-V61-20221122,,SC7731E,OP,,https://frbox.transsion.com/disk/s/UAm3AMMPWnV,NCTFsr,2026-09-12 21:45:09,expired
itel,P651W,P651W,P651W-F3116-10.0-OP-V70-20230222,,SC7731E,OP,,https://frbox.transsion.com/disk/s/FSTzLw6uwtU,MUJ8Om,2026-09-12 21:45:09,expired
TECNO,CM8,CM8,CM8-15.0.3.129SP16(COCL001PF001AZ),15,MT6897Z_B/ZA(D8350 Ultimate),COCL,,https://frbox.transsion.com/disk/s/h3ShJ4RHuX2,u8qRdL,2026-09-12 21:45:08,expired
TECNO,CM8,CM8,CM8-15.1.0.139SP03(OP001PF001AZ),15,MT6897Z_B/ZA(D8350 Ultimate),OP,,https://frbox.transsion.com/disk/s/oT824jRzNLr,mdU3YA,2026-09-12 21:45:08,expired
TECNO,CM8,CM8,CM8-15.1.2.129SP05(COCL001PF001AZ),15,MT6897Z_B/ZA(D8350 Ultimate),COCL,,https://frbox.transsion.com/disk/s/668RHvDacep,ZTOu0Y,2026-09-12 21:45:08,expired
TECNO,CM8,CM8,CM8-15.1.2.155SP05(COCL001PF001AZ),15,MT6897Z_B/ZA(D8350 Ultimate),COCL,,https://frbox.transsion.com/disk/s/NhkH53zEKPX,Qy6KPD,2026-09-12 21:45:08,expired
TECNO,CM8,CM8,CM8-15.1.2.165SP12(RU001PF001AZ),15,MT6897Z_B/ZA(D8350 Ultimate),RU,,https://frbox.transsion.com/disk/s/6imXMVU5SKV,uwmq4p,2026-09-12 21:45:08,expired
TECNO,CM8,CM8,CM8-15.1.2.165SP12(OP001PF001AZ),15,MT6897Z_B/ZA(D8350 Ultimate),OP,,https://frbox.transsion.com/disk/s/sQ1U1XQiDFc,khO0iP,2026-09-12 21:45:08,expired
TECNO,CM8,CM8,CM8-15.1.2.165SP12(TR001PF001AZ),15,MT6897Z_B/ZA(D8350 Ultimate),TR,,https://frbox.transsion.com/disk/s/JZh2cW8VBPN,36oGK2,2026-09-12 21:45:08,expired
TECNO,CM8,CM8,CM8-15.1.2.165SP12(COCL001PF001AZ),15,MT6897Z_B/ZA(D8350 Ultimate),COCL,,https://frbox.transsion.com/disk/s/8FVJM7PcRu9,iMZBUd,2026-09-12 21:45:08,expired
Infinix,X666B,X666B,X666B-P740AED-S-OP-221129V969,,MT6762,OP,2022-11-29,https://frbox.transsion.com/disk/s/CLE9txXUCN1,MoBWYF,2026-09-12 21:45:08,expired
Infinix,X666B,X666B,X666B-P740AED-S-EU-230315V1348,,MT6833/PNZA(D810),EU,2023-03-15,https://frbox.transsion.com/disk/s/XRvDprNZbCE,nie65g,2026-09-12 21:45:08,expired
Infinix,X666B,X666B,X666B-P740AED-S-OP-230421V1481,,MT6762,OP,2023-04-21,https://frbox.transsion.com/disk/s/g5FrEpSVFNo,WYbvT5,2026-09-12 21:45:08,expired
TECNO,KH7h,KH7h,KH7h-F064-12.0-OP-V142-20220906,,T616,OP,,https://frbox.transsion.com/disk/s/64sw2rwaq3b,jXRxMU,2026-09-12 21:45:07,expired
TECNO,CM6,CM6,CM6-15.0.1.113SP03(RU001PF001AZ),15,MT6789J( G100 Ultimate),RU,,https://frbox.transsion.com/disk/s/aMuu8uez6GA,N7Er8z,2026-09-12 21:45:06,expired
TECNO,CM6,CM6,CM6-15.1.2.128(RU001PF001AZ),15,MT6789J( G100 Ultimate),RU,,https://frbox.transsion.com/disk/s/j6MSYai1xtV,MCnEWC,2026-09-12 21:45:06,expired
TECNO,CM6,CM6,CM6-15.1.2.165SP05(OP001PF001AZ),15,MT6789J( G100 Ultimate),OP,,https://frbox.transsion.com/disk/s/WfsPmnLqWgA,89B2Oh,2026-09-12 21:45:06,expired
TECNO,CM6,CM6,CM6-15.1.2.165SP05(OPPJ001PF001PJ),15,MT6789J( G100 Ultimate),OPPJ,,https://frbox.transsion.com/disk/s/mk1NDVPUF5s,xP8BSR,2026-09-12 21:45:06,expired
TECNO,CM7,CM7,CM7-15.0.2.109SP08(OP001PF001AZ),15,MT6878V_E/ZA(D7300 Ultimate),OP,,https://frbox.transsion.com/disk/s/s1mFAXNatrn,1nj0G6,2026-09-12 21:45:05,expired
TECNO,CM7,CM7,CM7-15.1.2.128SP01(TR001PF001AZ),15,MT6878V_E/ZA(D7300 Ultimate),TR,,https://frbox.transsion.com/disk/s/nGVqQgEKD3X,sVGfo2,2026-09-12 21:45:05,expired
TECNO,CM7,CM7,CM7-15.1.2.165SP05(OP001PF001AZ),15,MT6878V_E/ZA(D7300 Ultimate),OP,,https://frbox.transsion.com/disk/s/V4hjRDB1RjB,qtdUGb,2026-09-12 21:45:05,expired
TECNO,CM7,CM7,CM7-15.1.2.165SP05(RU001PF001AZ),15,MT6878V_E/ZA(D7300 Ultimate),RU,,https://frbox.transsion.com/disk/s/VpXwTydm4pw,5XHjGy,2026-09-12 21:45:05,expired
TECNO,CM7,CM7,CM7-15.1.2.165SP05(TR001PF001AZ),15,MT6878V_E/ZA(D7300 Ultimate),TR,,https://frbox.transsion.com/disk/s/Axs5MUA6URt,T1f9hp,2026-09-12 21:45:05,expired
TECNO,CM7,CM7,CM7-15.1.2.180SP05(COCL001PF001AZ),15,MT6878V_E/ZA(D7300 Ultimate),COCL,,https://frbox.transsion.com/disk/s/KJVjKiYQNMR,GEayzU,2026-09-12 21:45:05,expired
TECNO,RB7S,RB7S,RB7S-SU375-8.1-ZA-Voda-LC-V012-20191223,,SC9832E,ZAVC,,https://frbox.transsion.com/disk/s/wQZKeHjCASd,BhLX7I,2026-09-12 21:45:04,expired
TECNO,ID5b,ID5b,ID5b-H622G-O-201009V118,,MT6762,GL,2020-10-09,https://frbox.transsion.com/disk/s/MTpFgEV4v3p,1CMYO0,2026-09-12 21:45:03,expired
TECNO,CM5,CM5,CM5-15.0.1.109SP05(OP001PF001AZ),15,MT6789J( G100 Ultimate),OP,,https://frbox.transsion.com/disk/s/Y4yyLXDcTsU,7RT8V8,2026-09-12 21:45:02,expired
TECNO,CM5,CM5,CM5-15.0.1.112SP06(OP001PF001AZ),15,MT6789J( G100 Ultimate),OP,,https://frbox.transsion.com/disk/s/cbyUHXHBAoa,gFABVP,2026-09-12 21:45:02,expired
TECNO,CM5,CM5,CM5-15.1.2.128SP01(TR001PF001AZ),15,MT6789J( G100 Ultimate),TR,,https://frbox.transsion.com/disk/s/fe1d1gkBq1v,arZrGr,2026-09-12 21:45:02,expired
TECNO,CM5,CM5,CM5-15.1.2.145SP10(OP001PF001AZ),15,MT6789J( G100 Ultimate),OP,,https://frbox.transsion.com/disk/s/qoa1ZcYZF8g,d64I0L,2026-09-12 21:45:02,expired
TECNO,CM5,CM5,CM5-15.1.2.145SP10(OPPJ001PF001PJ),15,MT6789J( G100 Ultimate),OPPJ,,https://frbox.transsion.com/disk/s/RSaLBwPdxnw,DZ1Ubk,2026-09-12 21:45:02,expired
TECNO,CM5,CM5,CM5-15.1.2.145SP10(RU001PF001AZ),15,MT6789J( G100 Ultimate),RU,,https://frbox.transsion.com/disk/s/tzBystkoeZ6,gLgTcG,2026-09-12 21:45:02,expired
itel,P651L,P651L,P651L-F6316-11.0-OP-V106-20230703,,SC9863A,OP,,https://frbox.transsion.com/disk/s/motnbvFyccc,4Y2Mc8,2026-09-12 21:45:02,expired
itel,P651L,P651L,P651L-F6316RU-11.0-RU-V012-20211213,,SC9863A,RU,,https://frbox.transsion.com/disk/s/ocxVXpueeKJ,mDexpY,2026-09-12 21:45:02,expired
TECNO,T346,T346,T346-UL82-20140707-MP,,,OP,,https://frbox.transsion.com/disk/s/EgchM7Fk926,SCthWD,2026-09-12 21:45:00,expired
TECNO,SA2S,SA2S,SA2S-SA215D-8.1-ZA-Voda-V012-20190417,,SC7731E,KESF,,https://frbox.transsion.com/disk/s/WKyvNFrQEep,6190aV,2026-09-12 21:45:00,expired
TECNO,SA2S,SA2S,SA2S-SA215D-8.1-ZA-Voda-LC-V035-20211029,,SC7731E,ZAVC,,https://frbox.transsion.com/disk/s/uaCgwmxTR7C,tZS2IS,2026-09-12 21:45:00,expired
itel,L5006C,L5006C,L5006C-F3212-10.0-IN-V43-20221212,,SC9832E,GL,,https://frbox.transsion.com/disk/s/cCMXcqbii5Y,ic6r4t,2026-09-12 21:44:59,expired
itel,L5006C,L5006C,itel_L5006C_010_01036_11012023,,SC9832E,GL,,https://frbox.transsion.com/disk/s/fpE7fMvdbVV,EmFdQ4,2026-09-12 21:44:59,expired
TECNO,ID5a,ID5a,ID5a-H612F-O-201009V212,,MT6761,GL,2020-10-09,https://frbox.transsion.com/disk/s/hKXh5jVMuAz,wT7mNP,2026-09-12 21:44:58,expired
TECNO,T348,T348,T348-G182-EnFrSwHa-20151013-RELEASE,,SC6531DA,OP,,https://frbox.transsion.com/disk/s/5pLbQi5cvJj,cicps0,2026-09-12 21:44:58,expired
TECNO,T347,T347,T347-DL05-20160418,,MT6261DA,OP,,https://frbox.transsion.com/disk/s/ohczbM4Fszn,eSmhmm,2026-09-12 21:44:57,expired
TECNO,T347,T347,T347-G182-EnFrSwHa-20150729-RELEASE,,MT6261DA,GL,,https://frbox.transsion.com/disk/s/qgyi9kaqaik,9zVDPo,2026-09-12 21:44:57,expired
itel,S663LC,S663LC,S663LC-SE663-12.0-GL-V292-230808,,SC9863A1,GL,,https://frbox.transsion.com/disk/s/55VcLHErSSY,zRYfhJ,2026-09-12 21:44:56,expired
itel,S663LC,S663LC,S663LC-SE663-12.0-GL-V334-240709,,SC9863A1,GL,,https://frbox.transsion.com/disk/s/vVmKRLpZPch,Lgmouw,2026-09-12 21:44:56,expired
itel,S663LC,S663LC,S663LC-SE663-12.0-GL-V339-240826,,SC9863A1,GL,,https://frbox.transsion.com/disk/s/jRMMU9bxoMR,EmmyEZ,2026-09-12 21:44:56,expired
TECNO,T349,T349,T349-DL181A1-AF-ET-171113V3,,MT6261D,ET,2017-11-13,https://frbox.transsion.com/disk/s/KSNujbw1Bte,mTWl2S,2026-09-12 21:44:55,expired
TECNO,T349,T349,T349-DL181A1-AF-EG-171120V3,,MT6261D,EG,2017-11-20,https://frbox.transsion.com/disk/s/xtcP6PaJ5y2,lFnuAB,2026-09-12 21:44:55,expired
TECNO,T349,T349,T349-DL181A1-AF-TD-171122V3,,MT6261D,TD,2017-11-22,https://frbox.transsion.com/disk/s/coBrQmg3joy,HeAz1r,2026-09-12 21:44:55,expired
TECNO,T349,T349,T349-DL181B1-AF-MZ-171127V3,,MT6261D,MZ,2017-11-27,https://frbox.transsion.com/disk/s/EiF1uzTuSrZ,6gbpuC,2026-09-12 21:44:55,expired
TECNO,T349,T349,T349-DL181B1-AF-MR-171129V3,,MT6261D,MR,2017-11-29,https://frbox.transsion.com/disk/s/TjXZGK8egrs,iEmqyT,2026-09-12 21:44:55,expired
TECNO,T349,T349,T349-DL181A1-AF-DRC-171205V4,,MT6261D,DRC,2017-12-05,https://frbox.transsion.com/disk/s/2BjUTgYRFk8,BZBW6s,2026-09-12 21:44:55,expired
TECNO,T349,T349,T349-DL181A1-AF-UG-AIRTEL-LC-171227V1,,MT6261D,UG,2017-12-27,https://frbox.transsion.com/disk/s/cJ9do4mB1rW,mDjIPC,2026-09-12 21:44:55,expired
TECNO,T349,T349,T349-DL181B1-AS-LK-180522V4,,MT6261D,LK,2018-05-22,https://frbox.transsion.com/disk/s/fzXXeknSfe4,SvHeai,2026-09-12 21:44:55,expired
TECNO,T349,T349,T349-DL181A1-AF-DZ-180920V2,,MT6261D,DZ,2018-09-20,https://frbox.transsion.com/disk/s/AkYtFR8J6G1,7IRUVb,2026-09-12 21:44:55,expired
TECNO,T349,T349,T349-DL181A1-AF-SD-190408V7,,MT6261D,SD,2019-04-08,https://frbox.transsion.com/disk/s/bds6cK6p4GM,QngitQ,2026-09-12 21:44:55,expired
TECNO,T349,T349,T349-DL181B1-AF-190626V10,,MT6261D,AF,2019-06-26,https://frbox.transsion.com/disk/s/9R2QPS6rtyJ,tBfXFr,2026-09-12 21:44:55,expired
TECNO,KJ8s,KJ8s,KJ8s-H339A-U-COCL-DC-250805V387,,MT6833V/PNZA(D6080),COCL,2025-08-05,https://frbox.transsion.com/disk/s/CAFBTUU1K9v,igq5pv,2026-09-12 21:44:54,expired
TECNO,KJ8s,KJ8s,KJ8s-H339A-U-COCL-DC-251126V554,,MT6833V/PNZA(D6080),COCL,2025-11-26,https://frbox.transsion.com/disk/s/mwrJAujmCY8,d7ImR5,2026-09-12 21:44:54,expired
TECNO,KJ8s,KJ8s,KJ8s-H339A-U-COCL-DC-260114V638,,MT6833V/PNZA(D6080),COCL,2026-01-14,https://frbox.transsion.com/disk/s/zhSV1aQ1NVb,rorF2f,2026-09-12 21:44:54,expired
TECNO,KJ8s,KJ8s,KJ8s-H339A-U-OP-260306V658,,MT6833V/PNZA(D6080),OP,2026-03-06,https://frbox.transsion.com/disk/s/rj6UCrK8HPQ,aEZsCu,2026-09-12 21:44:54,expired
TECNO,KJ8s,KJ8s,KJ8s-H339A-U-COCL-DC-260414V668,,MT6833V/PNZA(D6080),COCL,2026-04-14,https://frbox.transsion.com/disk/s/vGhSi5FsSvQ,erAmLL,2026-09-12 21:44:54,expired
TECNO,KJ8s,KJ8s,KJ8s-H339A-U-COCL-DC-260701V682,,MT6833V/PNZA(D6080),COCL,2026-07-01,https://frbox.transsion.com/disk/s/jvterKBrbjn,YjSIyE,2026-09-12 21:44:54,expired
Infinix,X6850B,X6850B(Android 16),X6850B-16.3.0.145SP06(OP005PF001AZ),16,MT6789U(G99 Ultimate),OP,,https://frbox.transsion.com/disk/s/q2zrPt2TGmX,gtAX67,2026-09-12 21:44:53,expired
itel,it2171N,it2171N,it2171N-DL194-EnUr-PK-20220516,,MT6261D,PK,,https://frbox.transsion.com/disk/s/zX2u8B9HdXS,OawKyK,2026-09-12 21:44:52,expired
itel,it2171N,it2171N,it2171N-DL194-EnTlInBn-SEA-20220521,,MT6261D,SEA,,https://frbox.transsion.com/disk/s/JMPjdZnunBZ,KXPZmI,2026-09-12 21:44:52,expired
itel,it2171N,it2171N,it2171N-DL194-EnHiGuTeTaMrKnMlBn-IN-20220725,,MT6261D,IN,,https://frbox.transsion.com/disk/s/R7BKo9nBmXC,G8pt0h,2026-09-12 21:44:52,expired
Infinix,X6851B,X6851B,X6851B-P865AC-U-RU-241025V1268,,MT6855V/A(D7020),RU,2024-10-25,https://frbox.transsion.com/disk/s/Sp6chrrHxNE,OfvMNN,2026-09-12 21:44:51,expired
Infinix,X6851B,X6851B,X6851B-P865AC-U-OP-250114V1345,,MT6855V/A(D7020),OP,2025-01-14,https://frbox.transsion.com/disk/s/L4V7n5bsZz5,xFMxJ1,2026-09-12 21:44:51,expired
Infinix,X6851B,X6851B,X6851B-P865AC-U-OP-250211V1354,,MT6855V/A(D7020),OP,2025-02-11,https://frbox.transsion.com/disk/s/f3zsvACLNLH,LMnZ1j,2026-09-12 21:44:51,expired
Infinix,X6851B,X6851B,X6851B-P865AF-U-EU-250218V1358,,MT6855V/A(D7020),EU,2025-02-18,https://frbox.transsion.com/disk/s/LQYXb9bjFCu,TENjPk,2026-09-12 21:44:51,expired
Infinix,X6851B,X6851B,X6851B-P865AC-U-IN-250320V1366,,MT6855V/A(D7020),IN,2025-03-20,https://frbox.transsion.com/disk/s/pduqWPpNbaT,PahPue,2026-09-12 21:44:51,expired
TECNO,CL9,CL9,CL9-H961A-U-OP-240319V2459,,MT6896Z_B/CZA(D8200 Ultimate),OP,2024-03-19,https://frbox.transsion.com/disk/s/BmZkK977Uee,ts0PrZ,2026-09-12 21:44:50,expired
TECNO,CL9,CL9,CL9-H961A-U-IN-250108V5040,,MT6896Z_B/CZA(D8200 Ultimate),IN,2025-01-08,https://frbox.transsion.com/disk/s/UtCLeZrqvPT,H8pqOc,2026-09-12 21:44:50,expired
TECNO,CL9,CL9,CL9-H961A-U-OP-250311V5170,,MT6896Z_B/CZA(D8200 Ultimate),OP,2025-03-11,https://frbox.transsion.com/disk/s/m11Mo4zErBA,WUqPPO,2026-09-12 21:44:50,expired
TECNO,CL9,CL9,CL9-H961A-U-RU-250311V5170,,MT6896Z_B/CZA(D8200 Ultimate),RU,2025-03-11,https://frbox.transsion.com/disk/s/AFxCRAGm7Q1,P4Is3z,2026-09-12 21:44:50,expired
TECNO,CL7,CL7,CL7-P765AAFB-U-RU-240808V2578,,MT6855V/A(D7020),RU,2024-08-08,https://frbox.transsion.com/disk/s/Yp7Vhevv5UF,DrQ9Nt,2026-09-12 21:44:49,expired
TECNO,CL7,CL7,CL7-P765AABF-U-OP-241028V2658,,MT6855V/A(D7020),OP,2024-10-28,https://frbox.transsion.com/disk/s/S4EZgKGEtfY,6BwpE8,2026-09-12 21:44:49,expired
TECNO,CL7,CL7,CL7-P765AI-U-IN-250310V2781,,MT6855V/A(D7020),IN,2025-03-10,https://frbox.transsion.com/disk/s/xvYGT7Jvcjz,XvEcDr,2026-09-12 21:44:49,expired
TECNO,CL7,CL7,CL7-P765AABF-U-OP-250411V2797,,MT6855V/A(D7020),OP,2025-04-11,https://frbox.transsion.com/disk/s/jFwmMyWKr3r,78hLvp,2026-09-12 21:44:49,expired
TECNO,CL7,CL7,CL7-P765AAB-U-TR-250424V2805,,MT6855V/A(D7020),TR,2025-04-24,https://frbox.transsion.com/disk/s/XFdyJTtPhRw,SiJeki,2026-09-12 21:44:49,expired
TECNO,i7,i7,i7-H503A1-N-IN-190304V332,,MT6750,IN,2019-03-04,https://frbox.transsion.com/disk/s/6HLBi6HTV8R,xZfE6b,2026-09-12 21:44:48,expired
TECNO,i7,i7,i7-H503A1-N-190320V18,,MT6750,AS,2019-03-20,https://frbox.transsion.com/disk/s/QZ8gbNViXiB,cAGnai,2026-09-12 21:44:48,expired
TECNO,CL8,CL8,CL8-H962IN-U-OP-240928V1982,,MT6896Z_B/CZA(D8200 Ultimate),OP,2024-09-28,https://frbox.transsion.com/disk/s/KQMfjmY4int,B7BCb3,2026-09-12 21:44:47,expired
TECNO,CL8,CL8,CL8-H962IN-U-TR-240928V1982,,MT6896Z_B/CZA(D8200 Ultimate),TR,2024-09-28,https://frbox.transsion.com/disk/s/iS9X8F5c96j,sCwtSu,2026-09-12 21:44:47,expired
TECNO,CL8,CL8,CL8-H962IN-U-RU-240928V1982,,MT6896Z_B/CZA(D8200 Ultimate),RU,2024-09-28,https://frbox.transsion.com/disk/s/LCyR81a5MFe,Y7eTox,2026-09-12 21:44:47,expired
itel,it2171X,it2171X,it2171X-G1808-EnSiTa-LK-20231010,,SC6531E,LK,,https://frbox.transsion.com/disk/s/b5K6KzZJEqh,2HIMLQ,2026-09-12 21:44:46,expired
TECNO,CL6,CL6,CL6-H898ABCDJK-U-OP-240220V1189,,MT6789U(G99 Ultimate),OP,2024-02-20,https://frbox.transsion.com/disk/s/ApKFuNgnmNa,kr8rVN,2026-09-12 21:44:45,expired
TECNO,CL6,CL6,CL6-H898ABCDJK-U-OP-241212V2588,,MT6789U(G99 Ultimate),OP,2024-12-12,https://frbox.transsion.com/disk/s/KFH3HMWK4gF,IBzNnz,2026-09-12 21:44:45,expired
TECNO,CL6,CL6,CL6-H898CD-U-OPPJ-PJ-241212V2588,,MT6789U(G99 Ultimate),OPPJ,2024-12-12,https://frbox.transsion.com/disk/s/JePC73aeGi2,kq2eRQ,2026-09-12 21:44:45,expired
TECNO,CL6,CL6,CL6-H898AB-U-TR-241212V2588,,MT6789U(G99 Ultimate),TR,2024-12-12,https://frbox.transsion.com/disk/s/Zc1jQQ5Qd3Z,qukKt8,2026-09-12 21:44:45,expired
TECNO,CL6,CL6,CL6-H898ABCDJK-U-OP-250414V2689,,MT6789U(G99 Ultimate),OP,2025-04-14,https://frbox.transsion.com/disk/s/MNKp2R2S13g,ECogxs,2026-09-12 21:44:45,expired
TECNO,CL6,CL6,CL6-H898AB-U-RU-250414V2689,,MT6789U(G99 Ultimate),RU,2025-04-14,https://frbox.transsion.com/disk/s/D2SBQWMgKEc,HVq4Yt,2026-09-12 21:44:45,expired
TECNO,i5,i5,i5-H379B1-N-IN-190416V241,,MT6737T,IN,2019-04-16,https://frbox.transsion.com/disk/s/rVVh9kBopaV,98YHsA,2026-09-12 21:44:45,expired
TECNO,T313,T313,T313-M1810-EnFrAr-20190904,,MT6261D,OP,,https://frbox.transsion.com/disk/s/DdsrTTpongX,b41OZm,2026-09-12 21:44:43,expired
TECNO,T313,T313,T313-M1810-EnAmOrTi-ET-ETC-20210915,,MT6261D,ET,,https://frbox.transsion.com/disk/s/MpurK9WmTac,rCUmoR,2026-09-12 21:44:43,expired
TECNO,T313,T313,T313-M1810-EnFrSwHaArPo-20210908,,MT6261D,OP,,https://frbox.transsion.com/disk/s/4e2dmvP3EWe,gYZg08,2026-09-12 21:44:43,expired
TECNO,T315,T315,T315-M2005-EnFrArSwHaPo-20240202,,MT6261D,OP,,https://frbox.transsion.com/disk/s/8ErQs7NuKSG,Mja4Lv,2026-09-12 21:44:41,expired
TECNO,T315,T315,T315-M2005-AmEnOmTi-ET-20241128,,MT6261D,ET,,https://frbox.transsion.com/disk/s/UWFxne1wYRT,GuBYau,2026-09-12 21:44:41,expired
TECNO,T315,T315,T315-M2005-EnFrArSwHaPo-20241128,,MT6261D,OP,,https://frbox.transsion.com/disk/s/2TykCgEVugh,5b2Kbz,2026-09-12 21:44:41,expired
Infinix,X6525D,X6525D,X6525D-F069MIaIbIc-UGo-OP-260410V1262,,UMS9230(T606),OP,2026-04-10,https://frbox.transsion.com/disk/s/B454Gp69Ane,XLhmq5,2026-09-12 21:44:40,expired
Infinix,X6525D,X6525D,X6525D-F069MIfIgIh-UGo-OP-S2-260630V1266,,UMS9230(T606),OP-S2,2026-06-30,https://frbox.transsion.com/disk/s/eUVwgLeHHTZ,HhZkCF,2026-09-12 21:44:40,expired
Infinix,X6525B,X6525B,X6525B-V659AEKNP-TGo-TR-240325V1342,,MT6765V/XB(G36),TR,2024-03-25,https://frbox.transsion.com/disk/s/dYdBTWw8d7t,iTjaAp,2026-09-12 21:44:38,expired
Infinix,X6525B,X6525B,X6525B-V659ACHL-TGo-IN-241115V1874,,MT6765V/XB(G36),IN,2024-11-15,https://frbox.transsion.com/disk/s/fpphVkPPAH2,bm9wEA,2026-09-12 21:44:38,expired
Infinix,X6525B,X6525B,X6525B-V659AABDEFGJKMNPQRS-TGo-OP-241118V1877,,MT6765V/XB(G36),OP,2024-11-18,https://frbox.transsion.com/disk/s/Eerg6UDJrQi,pAFVdG,2026-09-12 21:44:38,expired
Infinix,X6525B,X6525B,X6525B-V659AENP-TGo-RU-241118V1878,,MT6765V/XB(G36),RU,2024-11-18,https://frbox.transsion.com/disk/s/faBAtJQxaAq,qzaZLv,2026-09-12 21:44:38,expired
TECNO,L8Lite,L8Lite,L8Lite-H808C-M-190304V457,,MT6580W,OP,2019-03-04,https://frbox.transsion.com/disk/s/bWCowaUnFxb,hpU66u,2026-09-12 21:44:37,expired
TECNO,CK6,CK6,CK6-H6929AB-T-GL-231226V1413,,MT6769V/CZ(G85),GL,2023-12-26,https://frbox.transsion.com/disk/s/8h8eF1SK3QK,yfpYp1,2026-09-12 21:44:36,expired
TECNO,CK6,CK6,CK6-H6929AB-T-GL-240417V1666,,MT6769V/CZ(G85),GL,2024-04-17,https://frbox.transsion.com/disk/s/FZi7p6jatji,YRdhXu,2026-09-12 21:44:36,expired
itel,S6310,S6310,S6310-F069DuDv-T-OP-240828V370,,T606,OP,2024-08-28,https://frbox.transsion.com/disk/s/W5c53eYQJ4q,O0hTnY,2026-09-12 21:44:35,expired
itel,L6006,L6006,L6006-SU385-10-IN-V048-20230324,,SC9832E,IN,,https://frbox.transsion.com/disk/s/1iBahyPmfBX,397143,2026-09-12 21:44:34,expired
itel,L6006,L6006,L6006-SU385-10-RU-V021-20230214,,SC9832E,RU,,https://frbox.transsion.com/disk/s/CLdRWowWiXk,s3eT2D,2026-09-12 21:44:34,expired
itel,L6005,L6005,L6005-F6308-9.0-IN-V057-20211127,,SC9863A,GL,,https://frbox.transsion.com/disk/s/T8qCZtpwf6L,tkGxhf,2026-09-12 21:44:33,expired
itel,it2173B,it2173B,it2173B-G1812-EnBn-BD-20210121,,SC6531E,BD,,https://frbox.transsion.com/disk/s/1R4MLbHcGDq,wnFCQK,2026-09-12 21:44:33,expired
itel,L6004,L6004,L6004-SQ591-9.0-OP-V010-20220128,,SC9832E,OP,,https://frbox.transsion.com/disk/s/5xyyPi7RHcf,opxks6,2026-09-12 21:44:32,expired
TECNO,CK6ns,CK6ns,CK6ns-H6929K-T-GTTG-LC-230531V183,,MT6769V/CZ(G85),GTTG,2023-05-31,https://frbox.transsion.com/disk/s/GLStm7mf5AU,Xzb77N,2026-09-12 21:44:31,expired
TECNO,CK6ns,CK6ns,CK6ns-H6929K-T-GTTG-LC-231015V439,,MT6769V/CZ(G85),GTTG,2023-10-15,https://frbox.transsion.com/disk/s/6ZWPP81Tp2H,cf23ms,2026-09-12 21:44:31,expired
TECNO,CK6ns,CK6ns,CK6ns-H6929K-T-COCL-250715V1390,,MT6769V/CZ(G85),COCL,2025-07-15,https://frbox.transsion.com/disk/s/mAZzZgtz7Ma,ztvWma,2026-09-12 21:44:31,expired
TECNO,DP8D,DP8D,DP8D-PA02-A1-L-20170412,,MT6761,OP,,https://frbox.transsion.com/disk/s/gbgCVkxgKC3,FTEfKn,2026-09-12 21:44:30,expired
itel,C671L,C671L,C671L-SM382ABCDEFGHJKMNPQRSTUVW-U-OP-250328V1341,,UMS9230E(T7250),OP,2025-03-28,https://frbox.transsion.com/disk/s/LbnZoYHadQc,VXkhZL,2026-09-12 21:44:29,expired
itel,C671L,C671L,C671L-SM382DHNS-U-RU-250521V48,,UMS9230E(T7250),RU,2025-05-21,https://frbox.transsion.com/disk/s/8VR4jLAzD71,FaxUxw,2026-09-12 21:44:29,expired
itel,C671L,C671L,C671L-SM382ABCDEFGHJKMNPQRSTUVWCaCbCcCdCeCfCgChCjCkCmCnCpCqCrCsCtCuCvCw-U-OP-260121V2244,,UMS9230E(T7250),OP,2026-01-21,https://frbox.transsion.com/disk/s/4PUK8sFidHG,IPPzXr,2026-09-12 21:44:29,expired
itel,C671L,C671L,C671L-SM382BFKQCbCfCq-U-IN-260506V104,,UMS9230E(T7250),IN,2026-05-06,https://frbox.transsion.com/disk/s/jsKsHXFajKw,5TZ4gt,2026-09-12 21:44:29,expired
itel,C671L,C671L,C671L-SM382ABCDEFGHJKMNPQRSTUVWCaCbCcCdCeCfCgChCjCkCmCnCpCqCrCsCtCuCvCw-U-OP-260506V2332,,UMS9230E(T7250),OP,2026-05-06,https://frbox.transsion.com/disk/s/XtmZMCVH2Mp,8gUB90,2026-09-12 21:44:29,expired
itel,C671L,C671L,C671L-SM382ABCDEFGHJKMNPQRSTUVWCaCbCcCdCeCfCgChCjCkCmCnCpCqCrCsCtCuCvCw-U-OP-260723V2354,,UMS9230E(T7250),OP,2026-07-23,https://frbox.transsion.com/disk/s/uyCPD6ZxkHe,PSv8gQ,2026-09-12 21:44:29,expired
itel,P451L,P451L,P451L-ET2436-EnBn-BD-20260421,,SC6531E,BD,,https://frbox.transsion.com/disk/s/gmDQV6ow3TB,JlGwp7,2026-09-12 21:44:28,expired
TECNO,LA7Pro,LA7Pro,LA7Pro-H393A-O-200630V197,,MT6739,OP,2020-06-30,https://frbox.transsion.com/disk/s/sn61544m7wX,MB0yFG,2026-09-12 21:44:28,expired
itel,P682LPN,P682LPN,P682LPN-F062-11.0-RU-V40-20230809,,T606,RU,,https://frbox.transsion.com/disk/s/zbr9T2W8uKT,GAFI3T,2026-09-12 21:44:27,expired
itel,L5002R,L5002R-RU,L5002R-F3210RUO-11.0-RU-V106-20230704_1452,,SC9832E,RU,,https://frbox.transsion.com/disk/s/QrA3kU2Rdf9,lZLftB,2026-09-12 21:44:26,expired
itel,it5320,it5320,it5320-UL243-EnHiGuPa-IN-20161222,,MT6261A,IN,,https://frbox.transsion.com/disk/s/zeR1m2ku1Kq,SIJfNg,2026-09-12 21:44:26,expired
TECNO,PR651,PR651,PR651-F6317-11.0-OP-V97-20230602,,SC9863A,OP,,https://frbox.transsion.com/disk/s/mTPRAChX2hN,ZquUw1,2026-09-12 21:44:25,expired
itel,ACE3PA,ACE3PA,ACE3PA-ET1826-EnHiGuTaTeKnBnMlPaMr-IN,,SC6531E,OP,,https://frbox.transsion.com/disk/s/6dZxVbC3CA2,RPSWU9,2026-09-12 21:44:24,expired
TECNO,KJ7s,KJ7s,KJ7s-H895X-U-COCL-260110V483,,MT6789U(G99 Ultimate),COCL,2026-01-10,https://frbox.transsion.com/disk/s/WovZv6Xkpxm,1fgwY7,2026-09-12 21:44:23,expired
Infinix,X6850B,X6850B(Android 15),X6850B-15.1.2.180SP05(OP001PF001AZ),15,MT6789U(G99 Ultimate),OP,,https://frbox.transsion.com/disk/s/Q7nrkFjPA3M,3Eiw9U,2026-09-12 21:44:22,expired
Infinix,X1102,X1102,X1102-T725AGHIL-V-RU-251224V2154,,MT8786V/CTZA(G88),RU,2025-12-24,https://frbox.transsion.com/disk/s/v7Ayd2ufk5k,uilHxs,2026-09-12 21:44:21,expired
Infinix,X1102,X1102,X1102-T725AABCDEFGHIJKL-V-OP-260605V2444,,MT8786V/CTZA(G88),OP,2026-06-05,https://frbox.transsion.com/disk/s/89rUheSLUQC,D5U9hF,2026-09-12 21:44:21,expired
Infinix,X1102,X1102,X1102-T725AABCDEFGHIJKL-V-OP-260811V2455,,MT8786V/CTZA(G88),OP,2026-08-11,https://frbox.transsion.com/disk/s/oKXJLAUR81K,SzSfBq,2026-09-12 21:44:21,expired
Infinix,X1101,X1101,X1101-M1101BAF-U-RU-240717V741,,MT8781V/CAZA,RU,2024-07-17,https://frbox.transsion.com/disk/s/5sc278vc2A3,byGFyb,2026-09-12 21:44:21,expired
Infinix,X1101,X1101,X1101-M1101A-U-IN-240806V788,,MT8781V/CAZA,IN,2024-08-06,https://frbox.transsion.com/disk/s/ZGW5Cc3JNHJ,FNodJS,2026-09-12 21:44:21,expired
Infinix,X1101,X1101,X1101-M1101AB-U-OP-250616V1026,,MT8781V/CAZA,OP,2025-06-16,https://frbox.transsion.com/disk/s/X6GQQeAq9Vz,AM6GiR,2026-09-12 21:44:21,expired
Infinix,X1103,X1103,X1103-16.3.0.135SP07(RU006PF001AZ),16,MT6789J(G100 Ultimate),RU,,https://frbox.transsion.com/disk/s/UH9yrLLYB7T,BZ2BFU,2026-09-12 21:44:20,expired
Infinix,X1103,X1103,X1103-16.3.0.145SP01(OP002PF001AZ),16,MT6789J(G100 Ultimate),OP,,https://frbox.transsion.com/disk/s/DyNBrJx1s59,Wv0hTt,2026-09-12 21:44:20,expired
Infinix,X6850B,X6850B,X6850B-H895AaAiAm-U-OP-240708V813,,MT6789U(G99 Ultimate),OP,2024-07-08,https://frbox.transsion.com/disk/s/WVyEBsZcWPx,96JB7j,2026-09-12 21:44:18,expired
Infinix,X6850B,X6850B,X6850B-H895AaAiAm-U-OP-241127V883,,MT6789U(G99 Ultimate),OP,2024-11-27,https://frbox.transsion.com/disk/s/9MMM7Td1hPg,AKeqES,2026-09-12 21:44:18,expired
Infinix,X6850B,X6850B,X6850B-H895AaAiAm-U-OP-250219V945,,MT6789U(G99 Ultimate),OP,2025-02-19,https://frbox.transsion.com/disk/s/ZrAXSXXGRgq,OmDUb3,2026-09-12 21:44:18,expired
TECNO,CI6,CI6,CI6-H6917ABC-S-GL-230616V862,,MT6769V/CZ(G85),GL,2023-06-16,https://frbox.transsion.com/disk/s/aTamiApEF4s,gxe1Pp,2026-09-12 21:44:18,expired
TECNO,LK7K,LK7K,LK7k-16.1.0.115SP12(IN001PF001AZ),,MT6858V/ZA(25MS/D7100),IN,,https://frbox.transsion.com/disk/s/2PQ6KT1vEP3,6xqCWG,2026-09-12 21:44:17,expired
TECNO,LK7K,LK7K,LK7k-16.1.0.135(OP001PF001AZ),,MT6858V/ZA(25MS/D7100),OP,,https://frbox.transsion.com/disk/s/mKgrC5AHgdR,BgmrxM,2026-09-12 21:44:17,expired
TECNO,LK7K,LK7K,LK7k-16.1.0.135（OPPJ001PF001PJ）,,MT6858V/ZA(25MS/D7100),OPPJ,,https://frbox.transsion.com/disk/s/Lq6N26L9zkv,Fr3QP7,2026-09-12 21:44:17,expired
TECNO,LK7K,LK7K,LK7k-16.1.0.140SP05(IN001PF001AZ,,MT6858V/ZA(25MS/D7100),IN,,https://frbox.transsion.com/disk/s/2PQ6KT1vEP3,6xqCWG,2026-09-12 21:44:17,expired
TECNO,LK7K,LK7K,LK7k-16.1.0.140SP05(OP001PF001AZ),,MT6858V/ZA(25MS/D7100),OP,,https://frbox.transsion.com/disk/s/mKgrC5AHgdR,BgmrxM,2026-09-12 21:44:17,expired
TECNO,LK7K,LK7K,LK7k-16.1.0.150SP09(OP001PF001AZ),,MT6858V/ZA(25MS/D7100),OP,,https://frbox.transsion.com/disk/s/PPBj5S8gm6d,eWnLyo,2026-09-12 21:44:17,expired
TECNO,LK7K,LK7K,LK7k-16.2.0.150SP04(OP004PF001AZ),,MT6858V/ZA(25MS/D7100),OP,,https://frbox.transsion.com/disk/s/E1B626Hnh8N,J07MO9,2026-09-12 21:44:17,expired
TECNO,LK7K,LK7K,LK7k-16.3.0.140SP28(OPPJ009PF001PJ),,MT6858V/ZA(25MS/D7100),OPPJ,,https://frbox.transsion.com/disk/s/arj4rYopR1y,zaY9y7,2026-09-12 21:44:17,expired
TECNO,LK7K,LK7K,LK7k-16.3.0.140SP29(TR010PF001AZ),,MT6858V/ZA(25MS/D7100),TR,,https://frbox.transsion.com/disk/s/q4ySuWPG3SS,TLatAX,2026-09-12 21:44:17,expired
TECNO,LK7K,LK7K,LK7k-16.3.0.140SP28(OP009PF001AZ),,MT6858V/ZA(25MS/D7100),OP,,https://frbox.transsion.com/disk/s/wfYeru9DxEH,iYrXFR,2026-09-12 21:44:17,expired
TECNO,LK7K,LK7K,LK7k-16.3.0.150SP09(IN006PF001AZ),,MT6858V/ZA(25MS/D7100),IN,,https://frbox.transsion.com/disk/s/cYjWSMvqWcM,VXPl4a,2026-09-12 21:44:17,expired
itel,it5331,it5331,it5331-i602-EnBnUr-BD-20171101,,MT6260A,BD,,https://frbox.transsion.com/disk/s/MfZDBUKucCh,gJzmuz,2026-09-12 21:44:16,expired
itel,it5331,it5331,it5331-i602-EnHiGuTe-IN-20171120,,MT6260A,IN,,https://frbox.transsion.com/disk/s/eb5EUieBqjY,LP8Wp0,2026-09-12 21:44:16,expired
TECNO,T632S,T632S,T632S-NL03A1-AF-KE-SAFARICOM-180113V6,,MT6276,KE,2018-01-13,https://frbox.transsion.com/disk/s/UN4GxHCRqDb,D97Ue2,2026-09-12 21:44:15,expired
itel,it5330,it5330,it5330-G282C-EnFrPoArSwHa-20180124,,SC6531C,OP,,https://frbox.transsion.com/disk/s/yZTHTi7FLPD,PXoU0v,2026-09-12 21:44:15,expired
itel,it1516,it1516 Plus,IT1516Plus-C195C-IN-20161205,,SC7731C,IN,,https://frbox.transsion.com/disk/s/Y6fYjMzLBtj,BOkwWg,2026-09-12 21:44:14,expired
itel,it1516,it1516 Plus,it1516Plus-C195B-5.1-OP-BD-VN-20180409,,SC7731C,OP,,https://frbox.transsion.com/disk/s/5MNnpgUmRgk,z01QcK,2026-09-12 21:44:14,expired
TECNO,T302,T302,T302-M2004-EnFrArSwHaPo-20241218,,MT6261D,OP,,https://frbox.transsion.com/disk/s/HYnfg9pvFcy,TWMp3k,2026-09-12 21:44:13,expired
TECNO,T302,T302,T302-M2004-AmEnOmTi-ET-20241219,,MT6261D,ET,,https://frbox.transsion.com/disk/s/JYwc4JM1AtV,ak5Q7a,2026-09-12 21:44:13,expired
TECNO,T301,T301,T301-DL194-EnFrSwHaArPo-DZ-20190808,,MT6261D,DZ,,https://frbox.transsion.com/disk/s/AmJCux7f8j1,zP1ri9,2026-09-12 21:44:12,expired
TECNO,T301,T301,T301-DL194-EnFrSwHaArPo-20201204,,MT6261D,OP,,https://frbox.transsion.com/disk/s/TruWhf6Ly2s,A0P0fk,2026-09-12 21:44:12,expired
TECNO,T301,T301,T301-DL194-EnAmOrTi-ET-20210818,,MT6261D,ET,,https://frbox.transsion.com/disk/s/Jboz34UTVe3,EPwGXE,2026-09-12 21:44:12,expired
TECNO,T301,T301,T301-DL194-EnFrAr-EG-20210819,,MT6261D,EG,,https://frbox.transsion.com/disk/s/FnhGUvQWBvH,KtHo5A,2026-09-12 21:44:12,expired
TECNO,T301,T301,T301-DL194-EnFrEsPo-NASA-20210823,,MT6261D,NASA,,https://frbox.transsion.com/disk/s/L7C6PuwXW7z,9lgvyJ,2026-09-12 21:44:12,expired
TECNO,T301,T301,T301-DL194-EnRuUkTrKk-UA-20210821,,MT6261D,UA,,https://frbox.transsion.com/disk/s/u4NSfVfxUPj,Nl0WpR,2026-09-12 21:44:12,expired
TECNO,T301,T301,T301-DL194-EnFrSwPo-ZA-20211028,,MT6261D,ZA,,https://frbox.transsion.com/disk/s/G71tVy22crz,elmNxm,2026-09-12 21:44:12,expired
TECNO,T301,T301,T301-DL194-EnFrSwHaArPo-20250318,,MT6261D,OP,,https://frbox.transsion.com/disk/s/cDfPaCq3K6n,dwvfBv,2026-09-12 21:44:12,expired
itel,it2171B,it2171B,it2171B-G1808-EnBnMy-BD-20210114,,SC6531E,BD,,https://frbox.transsion.com/disk/s/ejy97sverPV,eIZhsm,2026-09-12 21:44:12,expired
TECNO,KL8s,KL8s,KL8s-H353MN-U-COCL-DC-260713V476,,MT6835V/TZB(D6300),COCL,2026-07-13,https://frbox.transsion.com/disk/s/4p7B25z4B8E,qEWQT8,2026-09-12 21:44:10,expired
TECNO,T303,T303,T303-DS1830-EnFrArSwHaPo-OP-20251023,,MT6261D,OP,,https://frbox.transsion.com/disk/s/46HLx3SxMdo,R1DOE0,2026-09-12 21:44:10,expired
TECNO,T303,T303,T303-DS1830-AmEnOmTi-ET-20260104,,MT6261D,ET,,https://frbox.transsion.com/disk/s/4s61u7LKCjL,1QBnYH,2026-09-12 21:44:10,expired
TECNO,W3,W3 Pro,W3Pro-H8020A-N-181220V207,,MT6580,OP,2018-12-20,https://frbox.transsion.com/disk/s/G5ZYeSYz2ru,i3vfPU,2026-09-12 21:44:09,expired
itel,L6002P,L6002P,L6002P-F6308-9.0-OP-V077-20210406,,SC9863A,OP,,https://frbox.transsion.com/disk/s/m6v17gwJcS3,X6qRxz,2026-09-12 21:44:08,expired
itel,it2191B,it2191B,it2191B-G1808-EnBn-BD-20200628,,SC6531E,BD,,https://frbox.transsion.com/disk/s/dZkfvfzh4nD,SfEfbw,2026-09-12 21:44:08,expired
TECNO,AD9,AD9,AD9-H831A-S-GL-230717V3642,,MT6983Z/CZA(D9000),GL,2023-07-17,https://frbox.transsion.com/disk/s/sTLaXgwZXjR,b7jumH,2026-09-12 21:44:07,expired
TECNO,AD9,AD9,AD9-H831A-S-GL-230912V3846,,MT6983Z/CZA(D9000),GL,2023-09-12,https://frbox.transsion.com/disk/s/PgAd8qi7pqh,j1NJLk,2026-09-12 21:44:07,expired
TECNO,AD9,AD9,AD9-H831A-S-TR-230928V3897,,MT6983Z/CZA(D9000),TR,2023-09-28,https://frbox.transsion.com/disk/s/TfxGFWyYeX4,gtXxTT,2026-09-12 21:44:07,expired
TECNO,AD9,AD9,AD9-H831A-S-RU-230928V3896,,MT6983Z/CZA(D9000),RU,2023-09-28,https://frbox.transsion.com/disk/s/UnTb6aKuRBY,N11CSI,2026-09-12 21:44:07,expired
TECNO,CH9,CH9,CH9-H811A-R-GL-220920V1045,,MT6781,GL,2022-09-20,https://frbox.transsion.com/disk/s/ggfup1dXAe1,FHAWzB,2026-09-12 21:44:06,expired
TECNO,CH7,CH7,CH7-H812F-R-OP-220621V723,,MT6781,OP,2022-06-21,https://frbox.transsion.com/disk/s/fn9aWc6kSLC,8Widwj,2026-09-12 21:44:05,expired
TECNO,AD8,AD8,AD8-H831B-S-GL-230717V3452,,MT6983Z/CZA(D9000),GL,2023-07-17,https://frbox.transsion.com/disk/s/Mi4r4joPRFv,TaEc6G,2026-09-12 21:44:05,expired
TECNO,AD8,AD8,AD8-H831B-S-GL-230912V3696,,MT6983Z/CZA(D9000),GL,2023-09-12,https://frbox.transsion.com/disk/s/ycmyYu7qGyy,qzzZ6T,2026-09-12 21:44:05,expired
TECNO,AD8,AD8,AD8-H831B-S-TR-230928V3770,,MT6983Z/CZA(D9000),TR,2023-09-28,https://frbox.transsion.com/disk/s/VTfKANX6Zfb,G2bdLq,2026-09-12 21:44:05,expired
TECNO,AD8,AD8,AD8-H831B-S-RU-230928V3769,,MT6983Z/CZA(D9000),RU,2023-09-28,https://frbox.transsion.com/disk/s/zCuiQxi3EnE,hG1plD,2026-09-12 21:44:05,expired
itel,S667LN,S667LN,S667LN-H6933D-T-IN-241014V1704,,MT6769K(G91),IN,2024-10-14,https://frbox.transsion.com/disk/s/yvmBD1Mx3K9,dMfDIR,2026-09-12 21:44:04,expired
itel,S667LN,S667LN,S667LN-H6933EH-T-RU-241014V1705,,MT6769K(G91),RU,2024-10-14,https://frbox.transsion.com/disk/s/neCJXSquuDn,ykqVJt,2026-09-12 21:44:04,expired
itel,S667LN,S667LN,S667LN-H6933BCEFGHIJK-T-OP-260112V1912,,MT6769K(G91),OP,2026-01-12,https://frbox.transsion.com/disk/s/RSTNnvSonNy,DEFXAk,2026-09-12 21:44:04,expired
TECNO,KL8h,KL8h,KL8h-H353UW-U-OP-250225V616,,MT6835V/TZB(D6300),OP,2025-02-25,https://frbox.transsion.com/disk/s/o2o2rAwszov,uwB3FF,2026-09-12 21:44:03,expired
TECNO,KL8h,KL8h,KL8h-H353VXAe-U-IN-260710V772,,MT6835V/TZB(D6300),IN,2026-07-10,https://frbox.transsion.com/disk/s/LDTVtdTybce,7UHpr8,2026-09-12 21:44:03,expired
TECNO,KL8h,KL8h,KL8h-H353VaXaAf-U-IN-S2-260710V772,,MT6835V/TZB(D6300),IN-S2,2026-07-10,https://frbox.transsion.com/disk/s/st27Knfydbn,HFcdMl,2026-09-12 21:44:03,expired
Infinix,X6895B,X6895B,X6895B-16.3.0.140SP24(OP009PF001AZ),16,MT6789V/CD (G100),OP,,https://frbox.transsion.com/disk/s/y15t8GqudmC,LVPFmK,2026-09-12 21:44:02,expired
Infinix,X6895B,X6895B,X6895B-16.3.0.140SP26(OP010PF001AZ),16,MT6789V/CD (G100),OP,,https://frbox.transsion.com/disk/s/jWPci2L3Qu5,3iTppA,2026-09-12 21:44:02,expired
Infinix,X6895B,X6895B,X6895B-16.3.0.140SP26(EU010PF001AZ),16,MT6789V/CD (G100),EU,,https://frbox.transsion.com/disk/s/9qfWcWz5jbZ,quzMDJ,2026-09-12 21:44:02,expired
Infinix,X6895B,X6895B,X6895B-16.3.0.140SP26(TR010PF001AZ),16,MT6789V/CD (G100),TR,,https://frbox.transsion.com/disk/s/bonMEr93Pt8,5TlnHR,2026-09-12 21:44:02,expired
Infinix,X6895B,X6895B,X6895B-16.3.0.140SP26(RU010PF001AZ),16,MT6789V/CD (G100),RU,,https://frbox.transsion.com/disk/s/BrX9kdNixVC,C8iXOm,2026-09-12 21:44:02,expired
Infinix,X6895B,X6895B,X6895B-16.3.0.140SP26(OPPJ010PF001PJ),16,MT6789V/CD (G100),OPPJ,,https://frbox.transsion.com/disk/s/VxTwnhTD7Da,h5KPN5,2026-09-12 21:44:02,expired
TECNO,CH6,CH6,CH6-H6912D-R-OP-221020V576,,MT6769V,OP,2022-10-20,https://frbox.transsion.com/disk/s/5FRsMQLYiUF,RuqL7k,2026-09-12 21:44:01,expired
itel, it5032, it5032,it5032-ET2436-EnArFr-EG-20260507,,SC6531E,EG,,https://frbox.transsion.com/disk/s/F4vjzm2dWwf,Msd78H,2026-09-12 21:44:00,expired
TECNO,CK8nB,CK8nB(Android 14),CK8nB-H931M-U-TR-241101V332,14,MT6891Z/CZA(D8020),TR,2024-11-01,https://frbox.transsion.com/disk/s/9xRwYFK2Htc,ntX5TN,2026-09-12 21:43:59,expired
TECNO,CK8nB,CK8nB(Android 14),CK8nB-H931KLM-U-GL-241210V349,14,MT6891Z/CZA(D8020),GL,2024-12-10,https://frbox.transsion.com/disk/s/6t5gQyfqYsa,vQCobV,2026-09-12 21:43:59,expired
Infinix,X680D,X680D,X680D-H6116J-Q-AS-220325V458,,MT6762D,AS,2022-03-25,https://frbox.transsion.com/disk/s/GegcSBsyrXC,yL6jB0,2026-09-12 21:43:58,expired
Infinix,X680E,X680E,X680E-H6215I-Q-OP-200619V28,,MT6761,OP,2020-06-19,https://frbox.transsion.com/disk/s/bSwh23AHvR6,ixvluo,2026-09-12 21:43:57,expired
itel,TR110A,TR110A,TR110A_M23L_OP_LYC_MC_T_C19_V009_20260120,,ZX297520 V3,LYC,,https://frbox.transsion.com/disk/s/gdo4sxS8hor,9HGjHZ,2026-09-12 21:43:56,expired
itel,TR110A,TR110A,TR110A_M23L_OP_AIRTEL_L_MC_T_C19_V014_20260120,,ZX297520 V3,LYC,,https://frbox.transsion.com/disk/s/gdo4sxS8hor,9HGjHZ,2026-09-12 21:43:56,expired
itel,TR110A,TR110A,TR110A_M23L_ETC_T_MC_C19_V003_20260514,,ZX297520 V3,ET,,https://frbox.transsion.com/disk/s/8UzakGUWXNc,9H4HEd,2026-09-12 21:43:56,expired
Infinix,X680B,X680B,X680B-H6215EFIJ-Q-OP-220505V281,,MT6762D,OP,2022-05-05,https://frbox.transsion.com/disk/s/9nphFzNQ9zC,eYTzsF,2026-09-12 21:43:55,expired
TECNO,KJ5s,KJ5s,KJ5s-H6931Q-T-GTTG-LC-240125V174,,MT6769V/CZ(G85),GTTG,2024-01-25,https://frbox.transsion.com/disk/s/8nxswB1t7qo,R3q7sR,2026-09-12 21:43:55,expired
TECNO,KJ5s,KJ5s,KJ5s-H6931R-T-COCL-250815V420,,MT6769V/CZ(G85),COCL,2025-08-15,https://frbox.transsion.com/disk/s/WJH3PGRtSXT,wt97IZ,2026-09-12 21:43:55,expired
Infinix,X680C,X680C,X680C-H6118DE-QGo-OP-200511V86,,MT6761,OP,2020-05-11,https://frbox.transsion.com/disk/s/xeaC85NuAqR,P9v8KC,2026-09-12 21:43:54,expired
TECNO,KJ5n,KJ5n,KJ5n-H6931ST-T-EU-231122V471,,MT6769V/CZ(G85),EU,2023-11-22,https://frbox.transsion.com/disk/s/AeXR56RTLaw,ZsYrCG,2026-09-12 21:43:53,expired
TECNO,KJ5n,KJ5n,KJ5n-H6931KLNO-T-OP-231226V569,,MT6769V/CZ(G85),OP,2023-12-26,https://frbox.transsion.com/disk/s/8t9uiK4j6mY,QoKMsv,2026-09-12 21:43:53,expired
TECNO,KJ5n,KJ5n,KJ5n-H6931ST-T-EU-240819V1028,,MT6769V/CZ(G85),EU,2024-08-19,https://frbox.transsion.com/disk/s/qqfTndTkfNn,zvllei,2026-09-12 21:43:53,expired
TECNO,KJ5n,KJ5n,KJ5n-H6931KL-T-TR-241111V1280,,MT6769V/CZ(G85),TR,2024-11-11,https://frbox.transsion.com/disk/s/YQ4JMH4K45K,Ex4eFP,2026-09-12 21:43:53,expired
TECNO,KJ5n,KJ5n,KJ5n-H6931L-T-ZAVC-PJ-240816V1026,,MT6769V/CZ(G85),ZAVC,2024-08-16,https://frbox.transsion.com/disk/s/JYCES49PufV,D7aTTD,2026-09-12 21:43:53,expired
TECNO,KJ5n,KJ5n,KJ5n-H6931KLNO-T-OP-241114V1302,,MT6769V/CZ(G85),OP,2024-11-14,https://frbox.transsion.com/disk/s/5pDvHfvAFTs,KgmKIN,2026-09-12 21:43:53,expired
TECNO,KJ5n,KJ5n,KJ5n-H6931KLNO-T-OP-250908V1625,,MT6769V/CZ(G85),OP,2025-09-08,https://frbox.transsion.com/disk/s/6U94Z4kmsyd,QKCOmP,2026-09-12 21:43:53,expired
TECNO,KJ5n,KJ5n,KJ5n-H6931KL-T-RU-250908V1625,,MT6769V/CZ(G85),RU,2025-09-08,https://frbox.transsion.com/disk/s/3a4eU1xWBqB,eQ2KFk,2026-09-12 21:43:53,expired
TECNO,T530,T530,T530-MS3504-EnFrArSwHaPo-OP-20260423,,MT6260A,OP,,https://frbox.transsion.com/disk/s/gy7s55dhdfW,1iamQK,2026-09-12 21:43:52,expired
itel,L6003P,L6003P,L6003P-F6308-9.0-OP-V048-20210624,,SC9863A,OP,,https://frbox.transsion.com/disk/s/YinjGoVzkxz,abyBgp,2026-09-12 21:43:52,expired
TECNO,AC8,AC8,AC8-H853A-R-GL-220823V2225,,MT6785V,GL,2022-08-23,https://frbox.transsion.com/disk/s/xrFtcXJZ2HP,Yp1iIK,2026-09-12 21:43:51,expired
TECNO,AC8,AC8,AC8-H853A-R-TR-220901V2230,,MT6785V,TR,2022-09-01,https://frbox.transsion.com/disk/s/LmTo1wppctf,XqYKDa,2026-09-12 21:43:51,expired
TECNO,AC8,AC8,AC8-H853A-R-GL-230615V2309,,MT6785V,GL,2023-06-15,https://frbox.transsion.com/disk/s/k4oSmT3FJSL,FjePBf,2026-09-12 21:43:51,expired
itel,A511LQ,A511LQ,A511LQ-F3212-11.0-GL-V31-20220902,,SC9832E,IN,,https://frbox.transsion.com/disk/s/qb7aSSuNJfQ,jtjrIj,2026-09-12 21:43:50,expired
itel,A511LQ,A511LQ,A511LQ-F3212-11.0-GL-V82-20240218,,SC9832E,GL,,https://frbox.transsion.com/disk/s/CTDKSELMpKv,oJdT8Y,2026-09-12 21:43:50,expired
itel,A511LP,A511LP,A511LP-F3212Pro-11.0-OP-V78-20230407,,SC9832E,OP,,https://frbox.transsion.com/disk/s/7z7WVqNHsS2,v74A29,2026-09-12 21:43:49,expired
TECNO,CG8,CG8,CG8-H854L-R-TR-210428V153,,MT6785V,TR,2021-04-28,https://frbox.transsion.com/disk/s/LJrqnfNoVSf,BdjSiT,2026-09-12 21:43:49,expired
TECNO,CG8,CG8,CG8-H854ABCLM-R-GL-230303V970,,MT6785V,GL,2023-03-03,https://frbox.transsion.com/disk/s/hmPW9fKEm29,gjVjXc,2026-09-12 21:43:49,expired
TECNO,CG7,CG7,CG7-H697A-R-ZAVC-LC-230629V1042,,MT6769Z,ZAVC,2023-06-29,https://frbox.transsion.com/disk/s/BKSmNtc2tKF,E2V32j,2026-09-12 21:43:48,expired
TECNO,CG7,CG7,CG7-H697ARS-R-GL-230416V1033,,MT6769Z,GL,2023-04-16,https://frbox.transsion.com/disk/s/ER9YVftaeHf,oSNoHF,2026-09-12 21:43:48,expired
TECNO,CG7,CG7,CG7-H697ARS-R-GL-230213V1027,,MT6769V/CZ (G85),AS,2023-02-13,https://frbox.transsion.com/disk/s/8yRRKHqpjQG,6VWROJ,2026-09-12 21:43:48,expired
Infinix,X6816,X6816,X6816-XQ683AMNP-R-OP-240115V1401,,MT6765V/CB,OP,2024-01-15,https://frbox.transsion.com/disk/s/hvtEbDPXLQ2,SpGx5K,2026-09-12 21:43:47,expired
TECNO,T529,T529,T529-MA2810-EnFrArSwHaPo-20210901,,MT6260A,OP,,https://frbox.transsion.com/disk/s/K1f8KFVWSMr,PT1vVG,2026-09-12 21:43:46,expired
TECNO,T529,T529,T529-MA2810-EnFrArSwHaPo-20240523,,MT6260A,OP,,https://frbox.transsion.com/disk/s/ShNBfzX9uos,NiDGQA,2026-09-12 21:43:46,expired
Infinix,X6812,X6812,X6812-H6912ABCGHIJ-R-GL-230811V800,,MT6769V,GL,2023-08-11,https://frbox.transsion.com/disk/s/sWMJfxFNb6w,YPWrYL,2026-09-12 21:43:45,expired
Infinix,X6812,X6812,X6812-H6912ABCGHIJ-R-GL-230921V810,,MT6769V,GL,2023-09-21,https://frbox.transsion.com/disk/s/cEa4a7sanjC,oK3whJ,2026-09-12 21:43:45,expired
Infinix,X6812,X6812,X6812-H6912GHJ-R-TR-220211V712,,MT6769V,TR,2022-02-11,https://frbox.transsion.com/disk/s/P7eqEPrU5a6,BvKi2i,2026-09-12 21:43:45,expired
Infinix,X6811,X6811,X6811-H857AC-R-GL-230608V1473,,MT6785V,GL,2023-06-08,https://frbox.transsion.com/disk/s/YgyJvvF3XQY,G2aTE5,2026-09-12 21:43:45,expired
Infinix,X6811,X6811,X6811-H857AC-R-GL-230824V1493,,MT6785V,GL,2023-08-24,https://frbox.transsion.com/disk/s/xsK5Sh8GfDB,5GdqoG,2026-09-12 21:43:45,expired
Infinix,X6811,X6811,X6811-H857AC-R-EU-220906V99,,MT6785V,EU,2022-09-06,https://frbox.transsion.com/disk/s/cUg8NCAuMb1,lGj6di,2026-09-12 21:43:45,expired
Infinix,X6811,X6811,X6811-H857C-R-TR-220914V1435,,MT6785V,TR,2022-09-14,https://frbox.transsion.com/disk/s/TA31muijic7,j8yvLn,2026-09-12 21:43:45,expired
Infinix,X6811,X6811,X6811-H857A-R-RU-220914V1434,,MT6785V,RU,2022-09-14,https://frbox.transsion.com/disk/s/71ZMmeczc4g,rMnbmr,2026-09-12 21:43:45,expired
itel,it2192T,it2192T,it2192T-G1814-EnFrSwHaPoAr-20201029,,SC6531E,OP,,https://frbox.transsion.com/disk/s/WrHAfcepMkV,W0rnKF,2026-09-12 21:43:44,expired
itel,it2192T,it2192T,it2192T-G1814-EnUr-PK-20201103,,SC6531E,PK,,https://frbox.transsion.com/disk/s/WFXB7PFzcEY,uGWrQJ,2026-09-12 21:43:44,expired
itel,it2192T,it2192T,it2192T-G1814-EnArFr-AROP-20210309,,SC6531E,AROP,,https://frbox.transsion.com/disk/s/J5sydKBgZZ4,jZeeSn,2026-09-12 21:43:44,expired
itel,it2192T,it2192T,it2192T-G1814-EnHiGuTaTePaBnKn-IN-20201028,,SC6513E,IN,,https://frbox.transsion.com/disk/s/xhgKTUHJWux,bogM2Q,2026-09-12 21:43:44,expired
Infinix,X6810,X6810,X6810-H858AB-R-GL-230613V797,,MT6785V,GL,2023-06-13,https://frbox.transsion.com/disk/s/soa4RK5EgeM,42W58S,2026-09-12 21:43:43,expired
Infinix,X6810,X6810,X6810-H858AB-R-GL-230824V805,,MT6785V,GL,2023-08-24,https://frbox.transsion.com/disk/s/nRK5fn8zNrw,Xs6wCA,2026-09-12 21:43:43,expired
TECNO,T528,T528,T528-UL281-EnFrPoArSw-20210825,,MT6260A,OP,,https://frbox.transsion.com/disk/s/LP9NtWNMuDW,CwvzvJ,2026-09-12 21:43:42,expired
TECNO,T528,T528,T528-UL281A1-AF-TD-210830V13,,MT6260A,TD,2021-08-30,https://frbox.transsion.com/disk/s/sr3nKAMAJ5x,nn0vTd,2026-09-12 21:43:42,expired
TECNO,T528,T528,T528-UL281A1-AF-DZ-210831V11,,MT6260A,DZ,2021-08-31,https://frbox.transsion.com/disk/s/QpLf9ssUHVG,ydWM5t,2026-09-12 21:43:42,expired
TECNO,T528,T528,T528-UL281-EnFrPoArSw-20240106,,MT6260A,OP,,https://frbox.transsion.com/disk/s/np33hz1TXRD,EEWC2y,2026-09-12 21:43:42,expired
TECNO,T528,T528,T528-UL281-AmEnOmTi-ET-20260202,,MT6260A,ET,,https://frbox.transsion.com/disk/s/XL3WaWA5Na6,61vFIt,2026-09-12 21:43:42,expired
Infinix,X680F,X680F,X680F-H6116P-Q-OP-220718V463,,MT6765,OP,2022-07-18,https://frbox.transsion.com/disk/s/WDRG3e3PE4d,pwNJf1,2026-09-12 21:43:42,expired
TECNO,AB7,AB7,AB7-H618A-P-210623V551,,MT6761,GL,2021-06-23,https://frbox.transsion.com/disk/s/8Gcc2X6QndN,KE8L3y,2026-09-12 21:43:41,expired
TECNO,CF7,CF7,CF7-H399BCDEFH-O-200901V250,,MT6739,OP,2020-09-01,https://frbox.transsion.com/disk/s/LpSE7nYgq2Q,IuRUjA,2026-09-12 21:43:40,expired
Infinix,X6819,X6819,X6819-H6920G-S-OP-231214V1245,,MT6769V,OP,2023-12-14,https://frbox.transsion.com/disk/s/fk9i5m7dpo4,8a3eBI,2026-09-12 21:43:39,expired
Infinix,X6819,X6819,X6819-H6920G-S-OP-240409V1340,,MT6769V,OP,2024-04-09,https://frbox.transsion.com/disk/s/TvZu4Az3mvn,kL0rO7,2026-09-12 21:43:39,expired
Infinix,X6826,X6826,X6826-H6924K-S-EU-230615V1672,,MT6769V/CZ(G85),EU,2023-06-15,https://frbox.transsion.com/disk/s/WutBjMtxbHc,HoFIAI,2026-09-12 21:43:38,expired
Infinix,X6826,X6826,X6826-H6924IJKLMN-S-OP-231108V2276,,MT6769V/CZ(G85),OP,2023-11-08,https://frbox.transsion.com/disk/s/VDKBCCux647,bTjE0l,2026-09-12 21:43:38,expired
Infinix,X6826,X6826,X6826-H6924IJKLMN-S-OP-240924V2525,,MT6769V/CZ(G85),OP,2024-09-24,https://frbox.transsion.com/disk/s/jk4ACNtLx5N,AE21YF,2026-09-12 21:43:38,expired
Infinix,X6817,X6817,X6817-H6920C-S-RU-220913V1388,,MT6769V,RU,2022-09-13,https://frbox.transsion.com/disk/s/fipySnwngio,Ii3OF9,2026-09-12 21:43:38,expired
Infinix,X6817,X6817,X6817-H6920CD-S-TR-221008V1477,,MT6769V,TR,2022-10-08,https://frbox.transsion.com/disk/s/2qUMd9HgSF9,oJ7Syk,2026-09-12 21:43:38,expired
Infinix,X6817,X6817,X6817-H6920ABCDEFHIJ-S-OP-231214V2123,,MT6769V,OP,2023-12-14,https://frbox.transsion.com/disk/s/otsQWmSYqWy,H8sS4F,2026-09-12 21:43:38,expired
Infinix,X6817,X6817,X6817-H6920ABCDEFHIJ-S-OP-240218V2220,,MT6769V,OP,2024-02-18,https://frbox.transsion.com/disk/s/3b863e5WHVf,DkDi5p,2026-09-12 21:43:38,expired
itel,it5363,it5363,it5363-ET3004-EnFrSwHa-KT-20260428-KV,,SC6531E,KT,,https://frbox.transsion.com/disk/s/4jMNLzYJMKC,m5ZQ44,2026-09-12 21:43:37,expired
itel,it5363,it5363,it5363-ET3004-AmEnSoTiOm-ET-20260429,,SC6531E,ET,,https://frbox.transsion.com/disk/s/TgurpkUrDgU,eTFrJG,2026-09-12 21:43:37,expired
itel,it5363,it5363,it5363-ET3004-EnFrSwHa-20260610-KV-EN,,,OP,,https://frbox.transsion.com/disk/s/BLZKfz6QBcu,v6SCfD,2026-09-12 21:43:37,expired
Infinix,X6827,X6827,X6827-H812O-S-RU-230802V1250,,MT6781,RU,2023-08-02,https://frbox.transsion.com/disk/s/3Q4N1soyCbL,5G38ue,2026-09-12 21:43:36,expired
Infinix,X6827,X6827,X6827-H812OPQ-S-OP-240710V1972,,MT6781,OP,2024-07-10,https://frbox.transsion.com/disk/s/1Z8dTiDjbr2,vCE4ae,2026-09-12 21:43:36,expired
Infinix,X6827,X6827,X6827-H812OPQ-S-OP-240924V1980,,MT6781,OP,2024-09-24,https://frbox.transsion.com/disk/s/uYnb3j4cFiK,uhG1JO,2026-09-12 21:43:36,expired
Infinix,X6825,X6825,X6825-XE685SCF-S-EU-221120V182,,MT6765H(G37),EU,2022-11-20,https://frbox.transsion.com/disk/s/uHhp7nvbKKi,mvy5e3,2026-09-12 21:43:35,expired
Infinix,X6825,X6825,X6825-XE685SABCDEF-S-GL-240710V1029,,MT6765H(G37),GL,2024-07-10,https://frbox.transsion.com/disk/s/tiY9YA9qJXZ,ZhE53L,2026-09-12 21:43:35,expired
Infinix,X6825,X6825,X6825-XE685SABCDEF-S-GL-240910V1048,,MT6765H(G37),GL,2024-09-10,https://frbox.transsion.com/disk/s/KKWattTiJCN,OwZiGi,2026-09-12 21:43:35,expired
itel,it5362,it5362,it5362-MA3001-EnArFrPoHaSw-20240510,,MT6260A,OP,,https://frbox.transsion.com/disk/s/qjj1A9f8Npv,uYOfl1,2026-09-12 21:43:35,expired
itel,it5362,it5362,it5362-MA3001-AmEnOmTiSo-ET-20240708,,MT6260A,ET,,https://frbox.transsion.com/disk/s/UEi2atzk37Q,0JtHSs,2026-09-12 21:43:35,expired
itel,it5362,it5362,it5362-MA3001-EnArFrPoHaSwTl-PH-20250725,,,PH,,https://frbox.transsion.com/disk/s/BGiPb8detpg,HttRfI,2026-09-12 21:43:35,expired
itel,it5361,it5361,it5361-MM61117-EnUr-PK-20231102,,MT61D,PK,,https://frbox.transsion.com/disk/s/AUgUo9AQMor,N3laHp,2026-09-12 21:43:34,expired
itel,it5361,it5361,it5361-MM61117-RuEnUkKkFr-RU-20240926-P60,,MT6261D,RU,,https://frbox.transsion.com/disk/s/pYFFpUCi7hK,sSvnAs,2026-09-12 21:43:34,expired
itel,it5361,it5361,it5361-MM61117-EnHiGuTeTaPaKnMlBn-IN-20250917,,MT61D,IN,,https://frbox.transsion.com/disk/s/2ZUwgumQaM7,S5udgS,2026-09-12 21:43:34,expired
itel,it5361,it5361,it5361-MM61117-EnBn-BD-20250925-P60,,MT61D,BD,,https://frbox.transsion.com/disk/s/CzWyAZ6BeGs,MVsmsF,2026-09-12 21:43:34,expired
itel,ACE3SS,ACE3SS,ACE3SS-GT1829-EnHiGuTaTeKnBnMlPaMr-IN-20260610,,SC6533G,IN,,https://frbox.transsion.com/disk/s/5kDS76Lai43,WGtVqg,2026-09-12 21:43:33,expired
itel,it5360,it5360,it5360-GC2809-EnFrPoArSwHa-20200529,,SC6531C,OP,,https://frbox.transsion.com/disk/s/YUqZQKwYTGe,aM8Ljx,2026-09-12 21:43:32,expired
itel,it5360,it5360,it5360-GC2809-EnAmOrSoTi-ET-20200813,,SC6531C,ET,,https://frbox.transsion.com/disk/s/fw7dbUoT8vT,pSYxUF,2026-09-12 21:43:32,expired
itel,A666LN,A666LN,A666LN-F069BlByCpCq-T-TR-231218V70,,UMS9230(T606),TR,2023-12-18,https://frbox.transsion.com/disk/s/7WuAMdpdWWb,shmWFJ,2026-09-12 21:43:31,expired
itel,A666LN,A666LN,A666LN-F069BjBkBlBwBxByCpCq-T-OP-241114V403,,UMS9230(T606),OP,2024-11-14,https://frbox.transsion.com/disk/s/upAe8rLPMpw,TbHA05,2026-09-12 21:43:31,expired
itel,A666LN,A666LN,A666LN-F069BkBxCpCq-T-RU-250605V142,,UMS9230(T606),RU,2025-06-05,https://frbox.transsion.com/disk/s/muFgLtHDfw2,EtqJlY,2026-09-12 21:43:31,expired
itel,A666LN,A666LN,A666LN-F069BjBkBlBwBxByCpCq-T-OP-250731V425,,UMS9230(T606),OP,2025-07-31,https://frbox.transsion.com/disk/s/7ZhyVSzT3f7,o2quhl,2026-09-12 21:43:31,expired
itel,A666LN,A666LN,A666LN-F069BjBkBlBwBxByCpCq-T-OP-251011V430,,UMS9230(T606),OP,2025-10-11,https://frbox.transsion.com/disk/s/r2MMsUicvzQ,yJYpVR,2026-09-12 21:43:31,expired
Infinix,X6821,X6821,X6821-H891JK-S-GL-230531V1940,,MT6789,GL,2023-05-31,https://frbox.transsion.com/disk/s/7EVfoDdk37w,ApQHkV,2026-09-12 21:43:30,expired
Infinix,X6821,X6821,X6821-H891JK-S-GL-230724V1956,,MT6789,GL,2023-07-24,https://frbox.transsion.com/disk/s/WCHevLDgWAz,B0whds,2026-09-12 21:43:30,expired
Infinix,X6820,X6820,X6820-H773AB-S-GL-230706V3856,,MT6877V/TZA,GL,2023-07-06,https://frbox.transsion.com/disk/s/CLqw9siAc2R,MfvA72,2026-09-12 21:43:30,expired
itel,it2090,it2090,it2090-G1806A-EnFrPoArSwHa-20180305for BOE LCD,,SC6531DA,OP,,https://frbox.transsion.com/disk/s/PxSf77zmpgV,Krm1dL,2026-09-12 21:43:29,expired
itel,it2090,it2090,it2090-G1806A-AmEnOrSoTi-ET-20180307,,SC6532DA,ET,,https://frbox.transsion.com/disk/s/K6Zayt4vEy5,r1BgKg,2026-09-12 21:43:29,expired
itel,it2090,it2090,it2090-G1806A-EnFrPoArSwHa-20180305,,SC6531,GL,,https://frbox.transsion.com/disk/s/xxzBsNMV4Tu,hQeShE,2026-09-12 21:43:29,expired
Infinix,X6716B,X6716B(Android 14),X6716B-H6929EF-U-GL-250324V949,14,MT6769V/CZ(G85),GL,2025-03-24,https://frbox.transsion.com/disk/s/3Fce7bFyus6,DgpvOP,2026-09-12 21:43:28,expired
Infinix,X663,X663-S,X663-H6915ABCEFGHIO-S-GL-230821V639,,MT6769H(G88),GL,2023-08-21,https://frbox.transsion.com/disk/s/og7u47jwfDu,kS2K3b,2026-09-12 21:43:27,expired
Infinix,X663,X663-S,X663-H6915ABCEFGHIO-S-GL-230918V670,,MT6769H(G88),GL,2023-09-18,https://frbox.transsion.com/disk/s/3nGZzAijpz7,oVHtUB,2026-09-12 21:43:27,expired
TECNO,RC6,RC6,RC6-VQ503E-QGo-ETEC-210107V003,,MT6739WA,ETEC,2021-01-07,https://frbox.transsion.com/disk/s/tLQj8B4GLvk,DUwxVY,2026-09-12 21:43:27,expired
TECNO,RC6,RC6,RC6-VQ503H-QGo-TZVC-LC-220516V009,,MT6739WA,OP,2022-05-16,https://frbox.transsion.com/disk/s/HzrKZsMbpmD,TVtj7f,2026-09-12 21:43:27,expired
TECNO,RC6,RC6,ORA-R8-V001-SKU1-20221017-RC6-E-QGo,,MT6739WA,OP,,https://frbox.transsion.com/disk/s/CCMrLWXspqr,cv61eD,2026-09-12 21:43:27,expired
Infinix,X682B,X682B,X682B-H694ABT-Q-GL-220729V430,,MT6769,GL,2022-07-29,https://frbox.transsion.com/disk/s/Uu2rQWY2oix,qDY7uY,2026-09-12 21:43:26,expired
Infinix,X573B,X573B,X573B-QL1668A-O-IN-190528V45,,MSM8937,IN,2019-05-28,https://frbox.transsion.com/disk/s/mXnKDCfmQJj,XXkSPS,2026-09-12 21:43:25,expired
Infinix,X682C,X682C,X682C-H694CD-Q-GL-220729V366,,MT6769,GL,2022-07-29,https://frbox.transsion.com/disk/s/psbPAf1P5qW,dd9iKQ,2026-09-12 21:43:25,expired
Infinix,X6525B,X6525B(Android 13),X6525B-V659AABDEFGJKMNPQRS-TGo-OP-250705V561,13,MT6765V/XB(G36),OP,2025-07-05,https://frbox.transsion.com/disk/s/4SW5G7Z8MSP,mMLbw8,2026-09-12 21:43:24,expired
Infinix,X6525B,X6525B(Android 13),X6525B-V659AABDEFGJKMNPQRS-TGo-OP-250906V575,13,MT6765V/XB(G36),OP,2025-09-06,https://frbox.transsion.com/disk/s/AXHLy331EvH,95PtgV,2026-09-12 21:43:24,expired
Infinix,X6525B,X6525B(Android 13),X6525B-V659AABDEFGJKMNPQRS-TGo-OP-251022V616,13,MT6765V/XB(G36),OP,2025-10-22,https://frbox.transsion.com/disk/s/aNXH4vdJgQM,QESEIb,2026-09-12 21:43:24,expired
Infinix,X6525B,X6525B(Android 13),X6525B-V659ACHL-TGo-IN-260113V699,13,MT6765V/XB(G36),IN,2026-01-13,https://frbox.transsion.com/disk/s/TzshrYU2ViV,TCga4u,2026-09-12 21:43:24,expired
Infinix,X6525B,X6525B(Android 13),X6525B-V659AENP-TGo-RU-260113V701,13,MT6765V/XB(G36),RU,2026-01-13,https://frbox.transsion.com/disk/s/S7JR2c5qD9X,hfrQnH,2026-09-12 21:43:24,expired
TECNO,CE8,CE8,CE8-H693B-Q-TR-201201V58,,MT6769,TR,2020-12-01,https://frbox.transsion.com/disk/s/MufYKf3sbQ8,R8KfPJ,2026-09-12 21:43:23,expired
TECNO,CE8,CE8,CE8-H693ABP-Q-GL-220919V437,,MT6769,GL,2022-09-19,https://frbox.transsion.com/disk/s/NvtaD7J7BVR,ICK8fA,2026-09-12 21:43:23,expired
TECNO,CE7,CE7,CE7-H693CD-Q-GL-220919V803,,MT6769,GL,2022-09-19,https://frbox.transsion.com/disk/s/y2jNLsu9yRg,jMRr3I,2026-09-12 21:43:22,expired
TECNO,CE9,CE9,CE9-H851B-R-TR-230111V485,,MT6785T,TR,2023-01-11,https://frbox.transsion.com/disk/s/JM2SkJddCa2,LToF9m,2026-09-12 21:43:22,expired
TECNO,CE9,CE9,CE9-H851ABC-R-GL-220923V475,,MT6785T,GL,2022-09-23,https://frbox.transsion.com/disk/s/TvAoVdGMiWf,hUsKQl,2026-09-12 21:43:22,expired
Infinix,X6837,X6837,X6837-H897ABCDEFQRZAaAb-T-OP-231226V874,,MT6789V/CD(G99),OP,2023-12-26,https://frbox.transsion.com/disk/s/Ywsot1gAhfE,bFZYdo,2026-09-12 21:43:21,expired
Infinix,X6837,X6837,X6837-H897CFQRAbAc-T-OPPJ-PJ-231226V195,,MT6789V/CD(G99),OPPJ,2023-12-26,https://frbox.transsion.com/disk/s/sLwEB1KM5LJ,PBnzNg,2026-09-12 21:43:21,expired
Infinix,X6837,X6837,X6837-H897ABCDEFQRZAaAb-T-OP-240117V939,,MT6789V/CD(G99),OP,2024-01-17,https://frbox.transsion.com/disk/s/co9GSxeojBo,UysFSI,2026-09-12 21:43:21,expired
Infinix,X6837,X6837,X6837-H897CFAb-T-TR-240322V1110,,MT6789V/CD(G99),TR,2024-03-22,https://frbox.transsion.com/disk/s/BUDbX1MoEB7,VFwGz7,2026-09-12 21:43:21,expired
Infinix,X6837,X6837,X6837-H897ABCDEFQRZAaAb-T-OP-240709V1367,,MT6789V/CD(G99),OP,2024-07-09,https://frbox.transsion.com/disk/s/HRgrthTchkj,GR4jb6,2026-09-12 21:43:21,expired
Infinix,X6837,X6837,X6837-H897FAb-T-EU-250319V1532,,MT6789V/CD(G99),EU,2025-03-19,https://frbox.transsion.com/disk/s/vKBYB7wLunu,GnCHFK,2026-09-12 21:43:21,expired
Infinix,X6837,X6837,X6837-H897ABCDEFQRZAaAb-T-OP-250725V1594,,MT6789V/CD(G99),OP,2025-07-25,https://frbox.transsion.com/disk/s/nHmTbtVeGe3,OdcZqd,2026-09-12 21:43:21,expired
Infinix,X6837,X6837,X6837-H897ABCDEFQRZAaAb-T-OP-251011V1613,,MT6789V/CD(G99),OP,2025-10-11,https://frbox.transsion.com/disk/s/eCQXS6JD587,BYcmIB,2026-09-12 21:43:21,expired
Infinix,X6837,X6837,X6837-H897CFAb-T-RU-251011V1613,,MT6789V/CD(G99),RU,2025-10-11,https://frbox.transsion.com/disk/s/M47H6EiJwFk,wn53k3,2026-09-12 21:43:21,expired
Infinix,X6837,X6837,X6837-H897CFQRAbAc-T-OPPJ-PJ-260113V582,,MT6789V/CD(G99),OPPJ,2026-01-13,https://frbox.transsion.com/disk/s/jsHz8DtqLzo,KAiCDM,2026-09-12 21:43:21,expired
Infinix,X6838,X6838,X6838-P755ABE-U-OP-260608V2837,,MT6835V/TZB(D6300),OP,2026-06-08,https://frbox.transsion.com/disk/s/YKtUqXCn7DK,DQ980s,2026-09-12 21:43:20,expired
Infinix,X6838,X6838,X6838-P755ADF-U-IN-260608V2836,,MT6835V/TZB(D6300),IN,2026-06-08,https://frbox.transsion.com/disk/s/7Kc3z7mxjSp,FpfNi4,2026-09-12 21:43:20,expired
Infinix,X6835,X6835,X6835-H6514QRST-T-GL-250218V1900,,MT6765,GL,2025-02-18,https://frbox.transsion.com/disk/s/GsTS5PK9YWe,3xFMb8,2026-09-12 21:43:18,expired
Infinix,X6836,X6836,X6836-H6932DEFGHIJ-T-OP-231101V769,,MT6769H(G88),OP,2023-11-01,https://frbox.transsion.com/disk/s/MewJLXxvXjm,mbJp9L,2026-09-12 21:43:17,expired
Infinix,X6836,X6836,X6836-H6932DEFGHI-T-OP-231226V1013,,MT6769H(G88),OP,2023-12-26,https://frbox.transsion.com/disk/s/BrLBEYgY9br,SmH983,2026-09-12 21:43:17,expired
Infinix,X6836,X6836,X6836-H6932DEFGHI-T-OP-250908V2010,,MT6769H(G88),OP,2025-09-08,https://frbox.transsion.com/disk/s/YrYQZku16bC,lwyEOS,2026-09-12 21:43:17,expired
Infinix,X6836,X6836,X6836-H6932FI-T-RU-250908V2010,,MT6769H(G88),RU,2025-09-08,https://frbox.transsion.com/disk/s/8uRyeJMDi7e,rSfkrw,2026-09-12 21:43:17,expired
TECNO,N9S,N9S,N9S-WQ500TD2-M-KESF-170105V7,,MT6737,KESF,2017-01-05,https://frbox.transsion.com/disk/s/NXNCJqY9ACy,2w9amZ,2026-09-12 21:43:15,expired
Infinix,X6831,X6831,X6831-V7510AABCDEFJ-T-OP-231130V2376,,MT6768,OP,2023-11-30,https://frbox.transsion.com/disk/s/HpB5WrwP3SY,nE3j9E,2026-09-12 21:43:14,expired
Infinix,X6831,X6831,X6831-V7510AABCDEFJ-T-OP-231218V2410,,MT6768,OP,2023-12-18,https://frbox.transsion.com/disk/s/5Mo42rzE9zt,UWDmpP,2026-09-12 21:43:14,expired
Infinix,X6831,X6831,X6831-V7510AEFJ-T-TR-230916V2143,,MT6768,TR,2023-09-16,https://frbox.transsion.com/disk/s/izF9GHz5jDu,RdXJ3D,2026-09-12 21:43:14,expired
Infinix,X6831,X6831,X6831-V7510AABCDEFJ-T-OP-241031V2806,,MT6768,OP,2024-10-31,https://frbox.transsion.com/disk/s/gM3CHKdwvkW,VCY28x,2026-09-12 21:43:14,expired
Infinix,X6831,X6831,X6831-V7510AABCDEFJ-T-OP-250218V2850,,MT6768,OP,2025-02-18,https://frbox.transsion.com/disk/s/Gad5xv682pU,FwDX0R,2026-09-12 21:43:14,expired
Infinix,X6831,X6831,X6831-V7510AEF-T-RU-250415V2870,,MT6768,RU,2025-04-15,https://frbox.transsion.com/disk/s/6fb7HPzTbgs,cDC6hW,2026-09-12 21:43:14,expired
Infinix,X6831,X6831,X6831-V7510AEFJ-T-EU-250614V2886,,MT6768,EU,2025-06-14,https://frbox.transsion.com/disk/s/CnZsy77Zjhn,VsI7Aa,2026-09-12 21:43:14,expired
Infinix,X6832,X6832,X6832-H333JKLQ-T-GL-231215V1410,,MT6833G(D6020),GL,2023-12-15,https://frbox.transsion.com/disk/s/BGEwPNBe2JQ,8vVcHy,2026-09-12 21:43:12,expired
Infinix,X6832,X6832,X6832-H333LQ-T-EU-241011V1572,,MT6833G(D6020),EU,2024-10-11,https://frbox.transsion.com/disk/s/hwZ3QA6HWv4,DSfv3o,2026-09-12 21:43:12,expired
Infinix,X6832,X6832,X6832-H333JKLQ-T-GL-250206V1630,,MT6833G(D6020),GL,2025-02-06,https://frbox.transsion.com/disk/s/be2Ed1fmE2f,fwTBWr,2026-09-12 21:43:12,expired
Infinix,X6832,X6832,X6832-H333JKLQ-T-GL-250415V1644,,MT6833G(D6020),GL,2025-04-15,https://frbox.transsion.com/disk/s/eX1EvnfNu8i,pKQq2Q,2026-09-12 21:43:12,expired
itel,S32LTE,S32LTE,S32LTE-I375-7.0-OP-V026-20190403,,MT6737W,OP,,https://frbox.transsion.com/disk/s/5n9Dq2KMezo,MrOgHT,2026-09-12 21:43:11,expired
itel,P120,P120,P120-M2001-EnHiGuTeTaPaKnMlBn-IN-20240517,,MT6261D,IN,,https://frbox.transsion.com/disk/s/uQct1a1hiqW,FxExNR,2026-09-12 21:43:10,expired
itel,P120,P120,P120-M2001-EnUrTl-SEA-20240426-P60,,MT6261D,AS,,https://frbox.transsion.com/disk/s/H8vi4XWEVeA,wOhWti,2026-09-12 21:43:10,expired
itel,P120,P120,P120-M2001-EnHi-NP-20240511,,MT6261D,NP,,https://frbox.transsion.com/disk/s/5ai7V2MrL2w,bDUMiW,2026-09-12 21:43:10,expired
itel,L5503S,L5503S,L5503S-F6301-9.0-KE-SF-V018-20191119,,SC9863A,KE,,https://frbox.transsion.com/disk/s/cE3PK4zHjpv,GUiHgR,2026-09-12 21:43:09,expired
TECNO,CD7,CD7,CD7-H6214B-Q-TR-200805V158,,MT6762,TR,2020-08-05,https://frbox.transsion.com/disk/s/LU6EPNnxHLu,O95QTB,2026-09-12 21:43:08,expired
TECNO,CD7,CD7,CD7-H6214ABDE-Q-GL-211201V787,,MT6762,GL,2021-12-01,https://frbox.transsion.com/disk/s/eRu4XFeJxU6,ZvokaO,2026-09-12 21:43:08,expired
TECNO,CD7,CD7,CD7-H6214A-Q-RU-211229V163,,MT6762,RU,2021-12-29,https://frbox.transsion.com/disk/s/DXQndhm8Jaa,oZbPFO,2026-09-12 21:43:08,expired
itel,it5070,it5070,it5070-G183M-EnHiTeGu-IN-20190822,,SC6531D,IN,,https://frbox.transsion.com/disk/s/9QYVDcVcHAR,huFZ8H,2026-09-12 21:43:08,expired
TECNO,KL4h,KL4h,KL4h-XE679C-UGo-IN-260706V2138,,MT6765V/XB(G50),IN,2026-07-06,https://frbox.transsion.com/disk/s/gz6K34aA7p7,IdOeu6,2026-09-12 21:43:07,expired
TECNO,KL4h,KL4h,KL4h-XE679ABCD-UGo-OP-260706V2139,,MT6765V/XB(G50),OP,2026-07-06,https://frbox.transsion.com/disk/s/WT8ZD4m6e7B,f6sNeK,2026-09-12 21:43:07,expired
TECNO,CD8,CD8,CD8-H655BCD-Q-GL-210720V454,,MT6765,GL,2021-07-20,https://frbox.transsion.com/disk/s/2k45AHXsNvV,A7ido0,2026-09-12 21:43:06,expired
TECNO,CD8,CD8,CD8-H655B-Q-RU-211229V119,,MT6765,RU,2021-12-29,https://frbox.transsion.com/disk/s/3Q5odv4wGiJ,QD9rnD,2026-09-12 21:43:06,expired
Infinix,X6823C,X6823C,X6823C-H6513FGHIJK-SGo-GL-230612V943,,MT6762,GL,2023-06-12,https://frbox.transsion.com/disk/s/yNcX6kVz169,H1p3r3,2026-09-12 21:43:05,expired
Infinix,X6823C,X6823C,X6823C-H6513FGHIJK-SGo-GL-240509V1267,,MT6762,GL,2024-05-09,https://frbox.transsion.com/disk/s/s8qDjpdbL8t,psMpdr,2026-09-12 21:43:05,expired
Infinix,X6823C,X6823C,X6823C-H6513HJ-SGo-RU-240709V1279,,MT6762,RU,2024-07-09,https://frbox.transsion.com/disk/s/q3cFg9V8zcV,8qFApi,2026-09-12 21:43:05,expired
TECNO,CD6,CD6,CD6-H6211H-Q-KESF-201216V54,,MT6762,KESF,2020-12-16,https://frbox.transsion.com/disk/s/8P27tnLgCG3,hte8DB,2026-09-12 21:43:03,expired
TECNO,CD6,CD6,CD6-H6211H-Q-RU-211229V105,,MT6762,RU,2021-12-29,https://frbox.transsion.com/disk/s/fmEeGe4ocfc,MGNHSF,2026-09-12 21:43:03,expired
TECNO,CD6,CD6,CD6-H6211HJO-Q-OP-220823V319,,MT6762,OP,2022-08-23,https://frbox.transsion.com/disk/s/WNoyd7rzpfm,klePRW,2026-09-12 21:43:03,expired
TECNO,LH7n,LH7n(Android 14),LH7n-H894JKLM-U-GL-250416V781,14,MT6789V/CD(G99),GL,2025-04-16,https://frbox.transsion.com/disk/s/hRxt4RfVbh7,LdzBxr,2026-09-12 21:43:00,expired
TECNO,LH7n,LH7n(Android 14),LH7n-H894LM-U-RU-250416V782,14,MT6789V/CD(G99),RU,2025-04-16,https://frbox.transsion.com/disk/s/axsDaAwxCku,TUIHGG,2026-09-12 21:43:00,expired
Infinix,TR211AI,TR211AI,TR211AI_4.391.1_EQ101,,ASR1803E,OP,,https://frbox.transsion.com/disk/s/5Zq6j7C31US,V1RXTc,2026-09-12 21:43:00,expired
Infinix,X5516B,X5516B,X5516B-H613OPQ-PGo-210204V329,,MT6762R,OP,2021-02-04,https://frbox.transsion.com/disk/s/gAVTR9FKfuE,tdAw5S,2026-09-12 21:42:59,expired
TECNO,LI9,LI9(Android 15),LI9-15.1.2.165SP04(OP001PF001AZ),15,MT6833V/PNZA(D6080),OP,,https://frbox.transsion.com/disk/s/3M6jzdrUJ61,7rNX4c,2026-09-12 21:42:58,expired
TECNO,LI9,LI9(Android 15),LI9-15.1.2.170SP05(OP001PF001AZ),15,MT6833V/PNZA(D6080),OP,,https://frbox.transsion.com/disk/s/qagvBbVLoto,Bo3CSW,2026-09-12 21:42:58,expired
TECNO,LI9,LI9(Android 15),LI9-15.1.2.170SP05(IN001PF001AZ),15,MT6833V/PNZA(D6080),IN,,https://frbox.transsion.com/disk/s/Rvw7JDmQnGy,9PDBeP,2026-09-12 21:42:58,expired
TECNO,LI9,LI9(Android 15),LI9-15.1.2.170SP05(RU001PF001AZ),15,MT6833V/PNZA(D6080),RU,,https://frbox.transsion.com/disk/s/nRiKpY9qKvQ,K9j838,2026-09-12 21:42:58,expired
TECNO,LI9,LI9(Android 15),LI9-15.1.2.170SP05(TR001PF001AZ),15,MT6833V/PNZA(D6080),TR,,https://frbox.transsion.com/disk/s/28xEvM7uGLH,88StUm,2026-09-12 21:42:58,expired
TECNO,LI9,LI9(Android 15),LI9-15.1.2.170SP05(EU001PF001AZ),15,MT6833V/PNZA(D6080),EU,,https://frbox.transsion.com/disk/s/gJhz7XzEWYN,sFYK27,2026-09-12 21:42:58,expired
TECNO,RA7,RA7,RA7-H394B-OGo-TZ-190726V16,,MT6739,TZTG,2019-07-26,https://frbox.transsion.com/disk/s/SmCfGbM3CeB,N79IDt,2026-09-12 21:42:56,expired
TECNO,N8S,N8S,N8S-H356B1-M-KESF-170214V50,,MT6735M,KESF,2017-02-14,https://frbox.transsion.com/disk/s/xAoUxQGzDZN,exCrOx,2026-09-12 21:42:55,expired
Infinix,X5516C,X5516C,X5516C-H613E-PGo-190719V142,,MT6762,PK,2019-07-19,https://frbox.transsion.com/disk/s/XLYqW9iakpo,PWq2ql,2026-09-12 21:42:55,expired
TECNO,RA8,RA8,RA8-H613T-P-TZVC-LC-191120V43,,MT6761,OP,2019-11-20,https://frbox.transsion.com/disk/s/6aAjS9XNpMn,taP3Bm,2026-09-12 21:42:54,expired
TECNO,RA8,RA8,RA8-H613U-P-RU-200727V195,,MT6762,RU,2020-07-27,https://frbox.transsion.com/disk/s/Uc2J5m7eFry,x4NpyY,2026-09-12 21:42:54,expired
Infinix,X6823S,X6823S,X6823-F161ABCHJ-SGo-GL-20230731V322,,T606,GL,2023-07-31,https://frbox.transsion.com/disk/s/KFEApVwbnie,W7qwsL,2026-09-12 21:42:52,expired
Infinix,X6823S,X6823S,X6823-F161ABCHJ-SGo-GL-20230928V327,,T606,GL,2023-09-28,https://frbox.transsion.com/disk/s/8weMYYvkXb2,uWJCKa,2026-09-12 21:42:52,expired
Infinix,X6823S,X6823S,X6823-F161ABCHJ-SGo-GL-20231205V333,,T606,GL,2023-12-05,https://frbox.transsion.com/disk/s/pmAp7cMDnDH,2iccG4,2026-09-12 21:42:52,expired
Infinix,X678B,X678B(Android 14),X678B-H894OPQ-U-OP-250217V838,14,MT6789V/CD(G99),OP,2025-02-17,https://frbox.transsion.com/disk/s/nMjmz4VdLxH,yXci4x,2026-09-12 21:42:51,expired
Infinix,X678B,X678B(Android 14),X678B-H894Q-U-RU-250415V853,14,MT6789V/CD(G99),RU,2025-04-15,https://frbox.transsion.com/disk/s/qwSZfVGJW7W,GOvp9f,2026-09-12 21:42:51,expired
TECNO,KL5s,KL5s,KL5s-XK678YZ-U-GTTG-LC-251106V317,,MT6769V/CBZA(G81),GTTG,2025-11-06,https://frbox.transsion.com/disk/s/iV5gZzTfamr,Q5Jwqn,2026-09-12 21:42:51,expired
TECNO,KL5n,KL5n,KL5n-XK678ORUWXAdAeAfP-U-OP-241025V503,,MT6769V/CBZA(G81),OP,2024-10-25,https://frbox.transsion.com/disk/s/Yzyc7F2U8f5,wMeHz4,2026-09-12 21:42:50,expired
TECNO,KL5n,KL5n,KL5n-XK678ORUWXAdAeAfP-U-OP-241122V556,,MT6769V/CBZA(G81),OP,2024-11-22,https://frbox.transsion.com/disk/s/ke3bTjq2gvg,WgY3O4,2026-09-12 21:42:50,expired
TECNO,KL5n,KL5n,KL5n-XK678STAd-U-EU-250208V658,,MT6769V/CBZA(G81),EU,2025-02-08,https://frbox.transsion.com/disk/s/1hQaaCdN2jE,tEYpsN,2026-09-12 21:42:50,expired
TECNO,KL5n,KL5n,KL5n-XK678OPR-U-RU-260706V805,,MT6769V/CBZA(G81),RU,2026-07-06,https://frbox.transsion.com/disk/s/reR5NDYpm4N,a4DMm7,2026-09-12 21:42:50,expired
TECNO,KL5n,KL5n,KL5n-XK678ORUWXAdAeAfP-U-OP-260710V808,,MT6769V/CBZA(G81),OP,2026-07-10,https://frbox.transsion.com/disk/s/L8tziwBqf5o,S39qgr,2026-09-12 21:42:50,expired
TECNO,KL5n,KL5n,KL5n-XK678OPR-U-TR-260722V818,,MT6769V/CBZA(G81),TR,2026-07-22,https://frbox.transsion.com/disk/s/RSu9pX2CScS,s3JlDA,2026-09-12 21:42:50,expired
itel,P13001L,P13001L,P13001L-M131-U-GL-250305V19,,MTK8781,GL,2025-03-05,https://frbox.transsion.com/disk/s/ZRgMYFHykFT,6RKT92,2026-09-12 21:42:49,expired
TECNO,CC9,CC9,CC9-H626FGH-P-210701V471,,MT6761,OP,2021-07-01,https://frbox.transsion.com/disk/s/SuDkQMFV7U9,7ZHkhz,2026-09-12 21:42:48,expired
TECNO,CC6,CC6,CC6-H627H-P-RU-200708V137,,MT6762,RU,2020-07-08,https://frbox.transsion.com/disk/s/JdrtC7rWP1S,gRNY8L,2026-09-12 21:42:47,expired
TECNO,CC6,CC6,CC6-H627HIJ-P-210831V244,,MT6762,OP,2021-08-31,https://frbox.transsion.com/disk/s/GZ4rjxXDnBD,mW0HSz,2026-09-12 21:42:47,expired
itel,it5081,it5081,it5081-G2425-EnTl-PH-20190717,,SC6531C,PH,,https://frbox.transsion.com/disk/s/Q1RumJTjizX,feXz3j,2026-09-12 21:42:47,expired
itel,it5081,it5081,it5081-G2425-EnBn-BD-20200318,,SC6531C,BD,,https://frbox.transsion.com/disk/s/Du6w1Ui9AvG,CyWGDp,2026-09-12 21:42:47,expired
itel,it5081,it5081,it5081-G2425-EnFrPoArSwHa-20210824,,SC6531C,OP,,https://frbox.transsion.com/disk/s/D9MSn6C11S5,ZckQgN,2026-09-12 21:42:47,expired
itel,it5081,it5081,it5081-G2425-EnSoAmTiOr-ET-20210908,,SC6531C,ET,,https://frbox.transsion.com/disk/s/MBjfQrMLFpQ,cHTuIb,2026-09-12 21:42:47,expired
itel,it5081,it5081,it5081-G2425-EnArFr-AROP-20220321,,SC6531C,OP,,https://frbox.transsion.com/disk/s/xG9Z1ZiyY23,eMGK5z,2026-09-12 21:42:47,expired
itel,it5080,it5080,it5080-G2421A-EnFrPoSwHa-20190301,,SC6531E,OP,,https://frbox.transsion.com/disk/s/qhXnt1zogPU,j3neLt,2026-09-12 21:42:46,expired
itel,A671N,A671N,A671N-H353AgAh-U-IN-250523V548,,MT6835V/TZB(D6300),IN,2025-05-23,https://frbox.transsion.com/disk/s/hbwUXafLTeN,O7PPJj,2026-09-12 21:42:45,expired
itel,A671N,A671N,A671N-H353AiAjAkAl-U-OP-250523V548,,MT6835V/TZB(D6300),OP,2025-05-23,https://frbox.transsion.com/disk/s/hvzhBLvLtWY,QIXmpX,2026-09-12 21:42:45,expired
TECNO,CC7,CC7,CC7-H626A-P-RU-200721V44,,MT6761,RU,2020-07-21,https://frbox.transsion.com/disk/s/iQ8fpSZPMqc,t9cgWc,2026-09-12 21:42:45,expired
TECNO,CC7,CC7,CC7-H626ABC-P-210719V427,,MT6762,OP,2021-07-19,https://frbox.transsion.com/disk/s/etYbhSePfF6,W7j20m,2026-09-12 21:42:45,expired
itel,A671L,A671L,A671L-SQ378ABCDRSTUVWXY-UGo-OP-260113V1112,,Unisoc T603,OP,2026-01-13,https://frbox.transsion.com/disk/s/KCUGiTvp7Y8,T5SA9Q,2026-09-12 21:42:44,expired
itel,A671L,A671L,A671L-SQ378ABCDRSTUVWXY-UGo-OP-260413V1116,,Unisoc T603,OP,2026-04-13,https://frbox.transsion.com/disk/s/BUJPrYFyhWL,IiBKVA,2026-09-12 21:42:44,expired
itel,it5072,it5072,it5072-YS100-EnFaUr-PK-20260522,,SC6533G,PK,,https://frbox.transsion.com/disk/s/yeqvzs61XXK,PKzPjr,2026-09-12 21:42:43,expired
TECNO,KL4s,KL4s,KL4s-F201PAa-UGo-COCL-DC-260713V473,,UMS9230E(T615),COCL,2026-07-13,https://frbox.transsion.com/disk/s/5WLEB5XH15U,tKUt6i,2026-09-12 21:42:42,expired
TECNO,KL4s,KL4s,KL4s-F201QAb-UGo-GTTG-LC-260713V322,,UMS9230E(T615),GTTG,2026-07-13,https://frbox.transsion.com/disk/s/L1midSPVPit,2h9as1,2026-09-12 21:42:42,expired
itel,it5071,it5071,it5071-G1811-EnUr-PK-20200728,,SC6531E,PK,,https://frbox.transsion.com/disk/s/WJcKeC8zRE6,qiPRwB,2026-09-12 21:42:42,expired
itel,it5071,it5071,it5071-G1811-EnBn-BD-20200722,,SC6531E,BD,,https://frbox.transsion.com/disk/s/yzYhQYY88Xm,QxMRKP,2026-09-12 21:42:42,expired
itel,it5071,it5071,it5071-G1811-EnThVi-VN-20200807,,SC6531E,VN,,https://frbox.transsion.com/disk/s/EWbaUaZjkM5,bHRi6c,2026-09-12 21:42:42,expired
itel,it5071,it5071,it5071-G1811-EnTl-PH-20200825,,SC6531E,PH,,https://frbox.transsion.com/disk/s/E6TcuBEFDBb,RGugF0,2026-09-12 21:42:42,expired
itel,it5071,it5071,it5071-G1811-EnTeHiGuTaPa-IN-NEW-20201222,,SC6531E,IN,,https://frbox.transsion.com/disk/s/sZZ1JeFF9bv,G1gZXK,2026-09-12 21:42:42,expired
TECNO,CB7,CB7,CB7-H624R-P-UA-191119V210,,MT6761,OP,2019-11-19,https://frbox.transsion.com/disk/s/uMEtRbR58Cp,UkVYdA,2026-09-12 21:42:41,expired
TECNO,CB7,CB7,CB7-H624GHRAb-P-201216V289,,MT6761,GL,2020-12-16,https://frbox.transsion.com/disk/s/qLjPnU5Y3Vv,HdXObY,2026-09-12 21:42:41,expired
itel,P662LN,P662LN,P662LN-SE668SLM-SGo-EU-230712V106,,SC9863A1,EU,2023-07-12,https://frbox.transsion.com/disk/s/hLZZExHp6fz,86S32Y,2026-09-12 21:42:39,expired
itel,P662LN,P662LN,P662LN-SE668S-12.0-RU-V294-230821,,SC9863A1,RU,,https://frbox.transsion.com/disk/s/goydGQH7mjX,LS1x5X,2026-09-12 21:42:39,expired
TECNO,IN5,IN5,IN5-H3721A-N-IN-190319V144,,MT6737,IN,2019-03-19,https://frbox.transsion.com/disk/s/8JnX7vFNDKN,WgvamL,2026-09-12 21:42:39,expired
TECNO,IN5,IN5,IN5-H3721A-N-190319V43,,MT6737,OP,2019-03-19,https://frbox.transsion.com/disk/s/5mShUk5S4Sk,C30fy5,2026-09-12 21:42:39,expired
TECNO,IN3,IN3,IN3-H3721D-N-IN-190731V161,,MT6737,IN,2019-07-31,https://frbox.transsion.com/disk/s/LHDbFyL7tkT,6RZd6i,2026-09-12 21:42:38,expired
TECNO,IN6,IN6,IN6-H633A-O-201023V208,,MT6763,IN,2020-10-23,https://frbox.transsion.com/disk/s/x7faTfSKAGb,2N4xX2,2026-09-12 21:42:38,expired
itel,it6133,it6133,it6133-ET2437-EnHiGuTaTeKnBnMlPaMr-IN-20260407,,SC6531E,IN,,https://frbox.transsion.com/disk/s/1YRNhtrXV6Y,0oBNFX,2026-09-12 21:42:37,expired
itel,it6133,it6133,it6133-ET2437-EnFrSwHaPoAr-OP-20260624,,SC6531E,OP,,https://frbox.transsion.com/disk/s/3EonAtURgGg,F3AEjF,2026-09-12 21:42:37,expired
TECNO,IN1,IN1,IN1-H398A-O-201009V301,,MT6739,GL,2020-10-09,https://frbox.transsion.com/disk/s/8fbQEzc6A6u,Tw6MR4,2026-09-12 21:42:36,expired
itel,it6131,it6131,it6131-GC2426-EnHiGuTaTePaKnBnMl-IN-20200108,,SC6531C,IN,,https://frbox.transsion.com/disk/s/Fn51uG8GCLF,AqcvdA,2026-09-12 21:42:35,expired
itel,it6131,it6131,it6131-GC2426-EnUr-PK-20200309,,SC6531C,PK,,https://frbox.transsion.com/disk/s/6uf2MgUao7y,3mpaJY,2026-09-12 21:42:35,expired
itel,it6131,it6131,it6131-GC2426-EnTl-PH-20200710,,SC6531C,PH,,https://frbox.transsion.com/disk/s/mLh9JruXSfB,XGuDxi,2026-09-12 21:42:35,expired
itel,it6131,it6131,it6131-GC2426-EnViTh-VN-20200807,,SC6531C,VN,,https://frbox.transsion.com/disk/s/YXEzGPeLhNZ,fSxt4x,2026-09-12 21:42:35,expired
TECNO,CB7j,CB7j,CB7j-H623F-P-200923V251,,MT6762,GL,2020-09-23,https://frbox.transsion.com/disk/s/B7DjjHamXDH,lOvJxA,2026-09-12 21:42:35,expired
TECNO,IN2,IN2,IN2-H391A-O-201010V249,,MT6739,IN,2020-10-10,https://frbox.transsion.com/disk/s/cizuoX61kRa,I9fh8g,2026-09-12 21:42:34,expired
itel,it6130,it6130,it6130-G2409-EnTeHiGuTaPa-IN-20190801,,SC6531E,IN,,https://frbox.transsion.com/disk/s/RsB8haFs4b7,k5BEI4,2026-09-12 21:42:33,expired
Infinix,X6851B,X6851B(Android 15),X6851B-15.1.2.170SP05(IN001PF001AZ),15,MT6855V/A(D7020),IN,,https://frbox.transsion.com/disk/s/Zntfu1Dt9HM,nLVspa,2026-09-12 21:42:32,expired
Infinix,X6851B,X6851B(Android 15),X6851B-15.1.2.175SP04(RU001PF001AZ),15,MT6855V/A(D7020),RU,,https://frbox.transsion.com/disk/s/UQBD4EgHic4,1ih70Q,2026-09-12 21:42:32,expired
Infinix,X6851B,X6851B(Android 15),X6851B-15.1.2.175SP04(EU001PF001AZ),15,MT6855V/A(D7020),EU,,https://frbox.transsion.com/disk/s/udG3bDSBDGB,Fl2W3Z,2026-09-12 21:42:32,expired
Infinix,X6851B,X6851B(Android 15),X6851B-15.1.2.185(OP001PF001AZ),15,MT6855V/A(D7020),OP,,https://frbox.transsion.com/disk/s/9PeHJeR6M1k,WBIqdT,2026-09-12 21:42:32,expired
itel,it5040,it5040,IT5040-DL183-ENHIGU-IN-20180202,,MT6261D,IN,,https://frbox.transsion.com/disk/s/bgFK2x3TMdE,LJR52U,2026-09-12 21:42:32,expired
itel,it5040,it5040,IT5040-DL183-ENUR-PK-20170906,,MT6261D,PK,,https://frbox.transsion.com/disk/s/6R7UzdsSqW9,ZQbsAb,2026-09-12 21:42:32,expired
itel,it5040,it5040,it5040-DL183-EnBn-BD-20180907-SupN,,MT6261D,BD,,https://frbox.transsion.com/disk/s/BmR5ak3TomL,QjKjDs,2026-09-12 21:42:32,expired
itel,A52Lite,A52Lite,A52Lite-F8018E-OGo-RU-190929V81,,MT6580,RU,2019-09-29,https://frbox.transsion.com/disk/s/Skh1NFjL8JW,Hu7cvz,2026-09-12 21:42:31,expired
Infinix,X6815D,X6815D(Android 13),X6815D-H777BC-T-GL-240514V869,13,MT6877V/TZA(D920),GL,2024-05-14,https://frbox.transsion.com/disk/s/FKC7hZ4Yk5i,rV7Our,2026-09-12 21:42:29,expired
TECNO,CA8,CA8,CA8-H633EFG-O-200616V276,,MT6763,OP,2020-06-16,https://frbox.transsion.com/disk/s/Ywnf2niGY75,dc2Nt5,2026-09-12 21:42:28,expired
TECNO,CL8,CL8(Android 15),CL8-H962IN-V-OP-240830V13594,15,MT6896Z_B/CZA(D8200 Ultimate),OP,2024-08-30,https://frbox.transsion.com/disk/s/MKqViPPacKW,aEtlD8,2026-09-12 21:42:26,expired
TECNO,CL8,CL8(Android 15),CL8-15.1.2.170SP05(RU001PF001AZ),15,MT6896Z_B/CZA(D8200 Ultimate),RU,,https://frbox.transsion.com/disk/s/aL9rYRiJSVL,YwaIvD,2026-09-12 21:42:26,expired
TECNO,CL8,CL8(Android 15),CL8-15.1.2.185SP01(OP001PF001AZ),15,MT6896Z_B/CZA(D8200 Ultimate),OP,,https://frbox.transsion.com/disk/s/akReQDyz1CN,hBMAfv,2026-09-12 21:42:26,expired
TECNO,CL8,CL8(Android 15),CL8-15.1.2.185SP01(TR001PF001AZ),15,MT6896Z_B/CZA(D8200 Ultimate),TR,,https://frbox.transsion.com/disk/s/sAngDVgQXAz,6rU8t2,2026-09-12 21:42:26,expired
TECNO,CA6,CA6,CA6-H3721AC-N-191112V69,,MT6737,OP,2019-11-12,https://frbox.transsion.com/disk/s/PXZ4p3M4hbV,SUUURk,2026-09-12 21:42:26,expired
TECNO,CA7,CA7,CA7-H633BCDK-O-RU-191212V246,,MT6580,RU,2019-12-12,https://frbox.transsion.com/disk/s/EUKjLcGaBGS,ifUfnm,2026-09-12 21:42:25,expired
TECNO,CA7,CA7,CA7-H633BCDK-O-200629V381,,MT6580,OP,2020-06-29,https://frbox.transsion.com/disk/s/M72wTdXHx4G,puQgtL,2026-09-12 21:42:25,expired
itel,W7001,W7001,W7001-SA633-10-OP-V026-20210306,,SC7731E,OP,,https://frbox.transsion.com/disk/s/zEwgZmLZ7rT,s7vUXE,2026-09-12 21:42:23,expired
TECNO,T455,T455-,T455-MS3002-EnFrArSwHaPo-OP-20250329,,,OP,,https://frbox.transsion.com/disk/s/cpsLXe4F2aB,LG67e0,2026-09-12 21:42:23,expired
itel,W7002,W7002,W7002-SA633-10-OP-V018-20221114,,SC7731E,OP,,https://frbox.transsion.com/disk/s/yNjizi1eapq,pkkBIV,2026-09-12 21:42:22,expired
Infinix,X6851B,X6851B(Android 16),X6851B-16.3.0.130SP09(OP003PF001AZ),16,MT6855V/A(D7020),OP,,https://frbox.transsion.com/disk/s/HwaB1Cwz4UE,WLXS4j,2026-09-12 21:42:20,expired
Infinix,X6851B,X6851B(Android 16),X6851B-16.3.0.130SP09(EU003PF001AZ),16,MT6855(D7020),EU,,https://frbox.transsion.com/disk/s/ruYYVp3KCy4,RJcBU0,2026-09-12 21:42:20,expired
Infinix,X6851B,X6851B(Android 16),X6851B-16.3.0.130SP09(IN003PF001AZ),16,MT6855(D7020),IN,,https://frbox.transsion.com/disk/s/NS6ScYrbCSB,BLygbC,2026-09-12 21:42:20,expired
Infinix,X6851B,X6851B(Android 16),X6851B-16.3.0.130SP09(RU003PF001AZ),16,MT6855(D7020),RU,,https://frbox.transsion.com/disk/s/kmDyPizrv3T,ZGW94z,2026-09-12 21:42:20,expired
itel,it2166,it2166-G1808-RuEnUkKkFr-RU-20251202-P60,it2166-G1808-RuEnUkKkFr-RU-20251202-P60,,SC6531E,RU,,https://frbox.transsion.com/disk/s/h2vrAVuDFjS,r6Y6ni,2026-09-12 21:42:19,expired
Infinix,X6886,X6886(Android 16),X6886-16.3.0.140SP15(OP005PF001AZ),16,MT6789T(G200),OP,,https://frbox.transsion.com/disk/s/t9Us1zpHADq,ns9RMN,2026-09-12 21:42:19,expired
Infinix,X6886,X6886(Android 16),X6886-16.3.0.145SP08(OP004PF001AZ),16,MT6789T(G200),OP,,https://frbox.transsion.com/disk/s/BD9ZehDY7gY,ZjQKwB,2026-09-12 21:42:19,expired
Infinix,X6886,X6886(Android 16),X6886-16.3.0.145SP08(RU004PF001AZ),16,MT6789(G200),RU,,https://frbox.transsion.com/disk/s/Ea1AtCd6VLS,NNze56,2026-09-12 21:42:19,expired
Infinix,X6886,X6886(Android 16),X6886-16.3.0.145SP08(OPPJ004PF001AZ),16,MT6789(G200),OPPJ,,https://frbox.transsion.com/disk/s/w5KRxV3owQR,Xyrnko,2026-09-12 21:42:19,expired
Infinix,X6886,X6886(Android 16),X6886-16.3.0.145SP08(TR004PF001AZ),16,MT6789(G200),TR,,https://frbox.transsion.com/disk/s/3u2zKWo71Rd,rbYGzv,2026-09-12 21:42:19,expired
Infinix,X5515F,X5515F,X5515F-H398F-P-200715V425,,MT6762,IN,2020-07-15,https://frbox.transsion.com/disk/s/GUbHne76iAm,x75Xug,2026-09-12 21:42:18,expired
itel,it2175N,it2175N,it2175N-G1812-EnHiGuTaTeKnBnMlPa-IN-20230321,,SC6531E,IN,,https://frbox.transsion.com/disk/s/1LMinmHQNjY,HikLa5,2026-09-12 21:42:17,expired
Infinix,X5515I,X5515I,X5515I-H398I-P-201111V216,,MT6761,GL,2020-11-11,https://frbox.transsion.com/disk/s/V6y7ZGegtVW,PBwvu2,2026-09-12 21:42:17,expired
TECNO,i5,i5 Pro,i5Pro-H379A1-N-IN-190416V275,,MT6737T,IN,2019-04-16,https://frbox.transsion.com/disk/s/HuTLetr9ye3,MQYu3D,2026-09-12 21:42:16,expired
TECNO,KN4n,KN4n,KN4n-16.2.0.130SP09(OP009PF001AZ),,MT6769 (G81),OP,,https://frbox.transsion.com/disk/s/tmK75F1cT7q,XajFsl,2026-09-12 21:42:15,expired
TECNO,KN4n,KN4n,KN4n-16.3.0.140SP22(OP006PF001AZ),,MT6769 (G81),OP,,https://frbox.transsion.com/disk/s/RbBxbsAkutu,TkgHFe,2026-09-12 21:42:15,expired
TECNO,KN4n,KN4n,KN4n-16.3.0.140SP22(TR006PF001AZ),,MT6769 (G81),TR,,https://frbox.transsion.com/disk/s/VCNtqD97BDP,hEjysC,2026-09-12 21:42:15,expired
TECNO,KN4n,KN4n,KN4n-16.3.0.140SP22(RU006PF001AZ),,MT6769 (G81),RU,,https://frbox.transsion.com/disk/s/5W5ptwj1Xo1,4XDCts,2026-09-12 21:42:15,expired
itel,A663LC,A663LC,A663LC-V450AKLM-TGo-GL-240103V691,,Octa-core,GL,2024-01-03,https://frbox.transsion.com/disk/s/nojRCoeCz3N,ScixRG,2026-09-12 21:42:14,expired
itel,A663LC,A663LC,A663LC-V450AKLM-TGo-GL-250220V1108,,Octa-core,GL,2025-02-20,https://frbox.transsion.com/disk/s/mQnJM6EApV9,QTtukU,2026-09-12 21:42:14,expired
itel,A663LC,A663LC,A663LC-V450AKLM-TGo-GL-250702V1126,,Octa-core,GL,2025-07-02,https://frbox.transsion.com/disk/s/L1ZBaQMMGBm,YJj0a0,2026-09-12 21:42:14,expired
TECNO,CLA6,CLA6(Android 15),CLA6-15.1.2.170SP05(RU001PF001AZ),15,MT6789H(G100),RU,,https://frbox.transsion.com/disk/s/ixXtyLoXftb,lkaL1I,2026-09-12 21:42:12,expired
TECNO,CLA6,CLA6(Android 15),CLA6-15.1.2.170SP05(TR001PF001AZ),15,MT6789H(G100),TR,,https://frbox.transsion.com/disk/s/Hht3rgYzCsM,IlXh1x,2026-09-12 21:42:12,expired
TECNO,CLA6,CLA6(Android 15),CLA6-15.1.2.185SP02(OP001PF001AZ),15,MT6789H(G100),OP,,https://frbox.transsion.com/disk/s/w3FrkTSCmiE,V57K9Z,2026-09-12 21:42:12,expired
itel,P682LP,P682LP,P682LP-F062-11.0-OP-V74-20230810,,T606,OP,,https://frbox.transsion.com/disk/s/Vfcq5UD1zWx,VWMjwp,2026-09-12 21:42:11,expired
itel,it2175P,it2175P,it2175P-G1808-EnHiGuTeTaPaKnMlBn-IN-20240801,,SC6531E,IN,,https://frbox.transsion.com/disk/s/ivArf6jhgQ4,2a7TDL,2026-09-12 21:42:10,expired
itel,it1508,it1508,IT1508-C160J-20180404,,SC7731C,OP,,https://frbox.transsion.com/disk/s/7vv4cgvFgUf,htpvjC,2026-09-12 21:42:10,expired
itel,it1508,it1508,IT1508-C160M-5.1-IN-20180404,,SC7731C,IN,,https://frbox.transsion.com/disk/s/HhPJ4UVYB2n,EIYcdE,2026-09-12 21:42:10,expired
itel,it1507,it1507,IT1507-W503-IN-20161128-Release,,SC7731,IN,,https://frbox.transsion.com/disk/s/R71FaB7ZrA5,GlFx2Z,2026-09-12 21:42:09,expired
itel,it9220,it9220,it9220-LS2404-EnFrSwHaPoAr-20240902,,T127,OP,,https://frbox.transsion.com/disk/s/8zgs2Zx7N3P,RJxcAq,2026-09-12 21:42:08,expired
itel,it9220,it9220,it9220-LS2404-EnArFrPoHaSw-ZA-VDC-L-20240923,,T127,ZA,,https://frbox.transsion.com/disk/s/sozr9pUnnzE,hYRBeW,2026-09-12 21:42:08,expired
itel,it9220,it9220,it9220-LS2404-EnFrArFa-EG-20240919,,T127,EG,,https://frbox.transsion.com/disk/s/En1QsKJdAaH,CQgxUw,2026-09-12 21:42:08,expired
itel,it2176A,it2176A,it2176A-G1812-EnArFr-AROP-20231107,,SC6531E,OP,,https://frbox.transsion.com/disk/s/MZ28ichHHqA,m4JY7t,2026-09-12 21:42:07,expired
itel,it2176A,it2176A,it2176A-G1812-EnFrSwHaPoAr-20240318,,SC6531E,OP,,https://frbox.transsion.com/disk/s/fjvP4yxrdUZ,j3aa9c,2026-09-12 21:42:07,expired
itel,it2176A,it2176A,it2176A-G1812-EnArFr-AROP-20240417-P60,,SC6531E,EG,,https://frbox.transsion.com/disk/s/GCBizjowS1x,OAewwv,2026-09-12 21:42:07,expired
itel,it2176A,it2176A,it2176A-G1812-EnFrSwHaPoAr-20240417-P60,,SC6531E,OP,,https://frbox.transsion.com/disk/s/fnk5nZhibs6,ajt3bE,2026-09-12 21:42:07,expired
itel,it2176A,it2176A,it2176A-G1812-AmEnOmSoTi-ET-20240417-P60,,SC6531E,ET,,https://frbox.transsion.com/disk/s/sTBqwiDrnnK,qWMUAb,2026-09-12 21:42:07,expired
itel,it1512,it1512,it1512-H356A1-M-IN-170124V73,,MT6735M,IN,2017-01-24,https://frbox.transsion.com/disk/s/cJEYaz8kdJR,t5RGBt,2026-09-12 21:42:06,expired
itel,A675L,A675L,A675L-15.1.2.150SP03(IN001PL001AZ),15,UMS9230E(T7250),IN,,https://frbox.transsion.com/disk/s/tThHeMjmn9U,OaKOWH,2026-09-12 21:42:05,expired
itel,A675L,A675L,A675L-15.1.2.180SP09(OP001PL001AZ),15,UMS9230E(T7250),OP,,https://frbox.transsion.com/disk/s/DCBwsfkzid4,J2Vlq0,2026-09-12 21:42:05,expired
itel,P671LN,P671LN,P671LN-SK677U-U-RU-240821V41,,Unisoc T615,RU,2024-08-21,https://frbox.transsion.com/disk/s/GGzVvTAkwgs,oZALY5,2026-09-12 21:42:05,expired
itel,P671LN,P671LN,P671LN-SK677LRUX-U-OP-251203V403,,UMS9230E(T615),OP,2025-12-03,https://frbox.transsion.com/disk/s/ZEWAYvDhRub,FwrrWJ,2026-09-12 21:42:05,expired
TECNO,CLA6,CLA6(Android 16),CLA6-16.3.0.140SP09(OP004PF001AZ),16,MT6789H(G100),OP,,https://frbox.transsion.com/disk/s/QyqHyKUBd4b,idDnhO,2026-09-12 21:42:04,expired
TECNO,CLA6,CLA6(Android 16),CLA6-16.3.0.145SP08(OP003PF001AZ),16,MT6789H(G100),OP,,https://frbox.transsion.com/disk/s/5UFcYoAjd1E,Mnw6uD,2026-09-12 21:42:04,expired
TECNO,CLA6,CLA6(Android 16),CLA6-16.3.0.145SP08(RU003PF001AZ),16,MT6789H(G100),RU,,https://frbox.transsion.com/disk/s/kiV7tWhfeRH,u8sASj,2026-09-12 21:42:04,expired
TECNO,CLA6,CLA6(Android 16),CLA6-16.3.0.145SP08(TR003PF001AZ),16,MT6789H(G100),TR,,https://frbox.transsion.com/disk/s/CCWeaWy2qdK,RgGjJn,2026-09-12 21:42:04,expired
itel,it1518,it1518,it1518-WQ500T-6.0-IN-20180504,,MT6737,IN,,https://frbox.transsion.com/disk/s/R9aKm4cGRNz,n3nErE,2026-09-12 21:42:03,expired
TECNO,KO2,KO2,KO2-16.3.0.140SP06(OP005PF001AZ),16,MT6769V/CB (G81),OP,,https://frbox.transsion.com/disk/s/TJeST3tXPw9,q58Rzr,2026-09-12 21:42:02,expired
TECNO,KO2,KO2,KO2-16.3.0.150SP05(OPPJ007PF001PJ),16,MT6769(G81),OPPJ,,https://frbox.transsion.com/disk/s/vrVq8awWWrp,kpLZVL,2026-09-12 21:42:02,expired
TECNO,KO5,KO5,KO5-16.2.0.145SP11(OP012PF001AZ),16,MT6789V/CD (G100 Ultimate),OP,,https://frbox.transsion.com/disk/s/G6PSSGMkB4Z,7Zx7el,2026-09-12 21:42:02,expired
TECNO,KO5,KO5,KO5-16.2.0.145SP11(TR010PF001AZ),16,MT6789V/CD (G100 Ultimate),TR,,https://frbox.transsion.com/disk/s/eirQjGTfMif,Cg2mZE,2026-09-12 21:42:02,expired
TECNO,KO5,KO5,KO5-16.2.0.150SP04(OPPJ003PF001PJ),16,MT6789V/CD (G100 Ultimate),OPPJ,,https://frbox.transsion.com/disk/s/DJdWvap1Ldd,jor1TW,2026-09-12 21:42:02,expired
TECNO,KO5,KO5,KO5-16.2.0.150SP11(RU004PF001AZ),16,MT6789V/CD (G100 Ultimate),RU,,https://frbox.transsion.com/disk/s/Wo6hjZ7N9xk,7iex05,2026-09-12 21:42:02,expired
TECNO,KO3,KO3,KO3-16.3.0.140SP04(OP004PF001AZ),16,MT6769 (G81),OP,,https://frbox.transsion.com/disk/s/BVg34U3kYJR,uiQsXR,2026-09-12 21:42:01,expired
TECNO,KO3,KO3,KO3-16.3.0.140SP10(OP007PF001H1),16,MT6769 (G81),OP-H1,,https://frbox.transsion.com/disk/s/Y1FynTngcmV,J7SIeh,2026-09-12 21:42:01,expired
TECNO,KO3,KO3,KO3-16.3.0.140SP10(OP007PF001AZ),16,MT6769 (G81),OP,,https://frbox.transsion.com/disk/s/9AvW15pH953,jRano4,2026-09-12 21:42:01,expired
TECNO,KO3,KO3,KO3-16.3.0.140SP22(IN011PF001AZ),16,MT6769 (G81),IN,,https://frbox.transsion.com/disk/s/aDihB6M6BLN,ngdxsE,2026-09-12 21:42:01,expired
TECNO,KO3,KO3,KO3-16.3.0.140SP19(OPPJ008PF001PJ),16,MT6769 (G81),OPPJ,,https://frbox.transsion.com/disk/s/VffGXF5rRMF,b64PoC,2026-09-12 21:42:01,expired
TECNO,KO3,KO3,KO3-16.3.0.140SP19(OPPJ008PF001H1),16,MT6769 (G81),OPPJ-H1,,https://frbox.transsion.com/disk/s/a4nxkVTMVPM,lebXem,2026-09-12 21:42:01,expired
TECNO,CD8j,CD8j,CD8j-H655E-Q-KESF-201218V82,,MT6765,KESF,2020-12-18,https://frbox.transsion.com/disk/s/BDLzxrSkhar,tHpVpL,2026-09-12 21:42:00,expired
TECNO,CD8j,CD8j,CD8j-H655EF-Q-OP-220314V234,,MT6765,OP,2022-03-14,https://frbox.transsion.com/disk/s/WynsiBZer2x,I1wxyo,2026-09-12 21:42:00,expired
itel,A44Power,A44Power,A44Power-SU375-8.1-IN-V025-20200927,,SC9832E,IN,,https://frbox.transsion.com/disk/s/PLjeR7z4LPr,C7VKT3,2026-09-12 21:42:00,expired
TECNO,DP10A,DP10A Pro,DP10APro-PA01-B1-L-20170420,,MT6761,OP,,https://frbox.transsion.com/disk/s/6coPVTXh9xg,5IsGxz,2026-09-12 21:41:59,expired
itel,it2600,it2600,it2600-SCD369-EnVi-VN-20241018,,8910FF-S,VN,,https://frbox.transsion.com/disk/s/fsE6qtpb4VK,RPW1Iq,2026-09-12 21:41:58,expired
itel,it1511,it1511,it1511-H357-A1-M-IN-20160617,,MT6735P,IN,,https://frbox.transsion.com/disk/s/W1AKoAXRKfs,dqF36i,2026-09-12 21:41:58,expired
itel,A6611L,A6611L-2GA533,A6611L-2GA553-ADGJWT-Vgo-OP-20251128V030,,T7100,OP,2025-11-28,https://frbox.transsion.com/disk/s/MPB8uak6hkB,675Dad,2026-09-12 21:41:57,expired
itel,A6611L,A6611L-2GA533,A6611L-2GA553-ADGJWT-Vgo-OP-20260426V043,,T7100,OP,2026-04-26,https://frbox.transsion.com/disk/s/c2gNYvR6bp5,z7iP7j,2026-09-12 21:41:57,expired
TECNO,LB8a,LB8a,LB8a-H6113GH-P-210831V219,,MT6761,OP,2021-08-31,https://frbox.transsion.com/disk/s/Rr2vDgQJ36W,TYHLmN,2026-09-12 21:41:56,expired
TECNO,LB8a,LB8a,LB8a-H6113GH-P-IN-210831V219,,MT6761,IN,2021-08-31,https://frbox.transsion.com/disk/s/pWJgwJg7oZi,GVHQN5,2026-09-12 21:41:56,expired
TECNO,T920,T920,T920-LE2401-EnFrPo-MZ-VODACOM-L-20210901,,SC9820E,MZ,,https://frbox.transsion.com/disk/s/meuCyWmmLpa,ECjlFe,2026-09-12 21:41:56,expired
itel,it5092,it5092,it5092-G1811-EnUr-PK-20211222,,SC6531E,PK,,https://frbox.transsion.com/disk/s/seNfS3VVebk,R2Cpw6,2026-09-12 21:41:55,expired
itel,it5092,it5092,it5092-G1811-EnTeHiGuTaPaKnBn-IN-20220106,,SC6531E,IN,,https://frbox.transsion.com/disk/s/WsDe6ACBLxD,uECHmG,2026-09-12 21:41:55,expired
itel,it5091,it5091,it5091-G1809-EnUr-PK-20200320,,SC6531E,PK,,https://frbox.transsion.com/disk/s/nkfyXGnvqCR,DiDJ7S,2026-09-12 21:41:54,expired
TECNO,KN8,KN8,KN8-16.2.0.120SP08(COCL003PF001AZ),16,MT6835TT(25E/D6400),COCL,,https://frbox.transsion.com/disk/s/XfAbZ6wcFht,np7MjZ,2026-09-12 21:41:52,expired
TECNO,KN8,KN8,KN8-16.2.0.145SP01(OP002PF001AZ),16,MT6835TT(25E/D6400),OP,,https://frbox.transsion.com/disk/s/THgxioXr6BZ,wNnES0,2026-09-12 21:41:52,expired
TECNO,KN8,KN8,KN8-16.2.0.150SP19(IN005PF001AZ),16,MT6835TT(25E/D6400),IN,,https://frbox.transsion.com/disk/s/SYBwxSwZxcW,bfYGU5,2026-09-12 21:41:52,expired
TECNO,KN8,KN8,KN8-16.2.0.150SP19(OP005PF001AZ),16,MT6835TT(25E/D6400),OP,,https://frbox.transsion.com/disk/s/YHWvFRK3ACF,VjtykD,2026-09-12 21:41:52,expired
TECNO,KN8,KN8,KN8-16.2.0.150SP19(IN005PF001M1),16,MT6835TT(25E/D6400),IN-M1,,https://frbox.transsion.com/disk/s/tQd7zVtzwhw,JhA311,2026-09-12 21:41:52,expired
TECNO,KN8,KN8,KN8-16.2.0.150SP19(OPPJ005PF001PJ),16,MT6835TT(25E/D6400),OPPJ,,https://frbox.transsion.com/disk/s/BjSXcFaEMLP,dF1ccC,2026-09-12 21:41:52,expired
TECNO,KN8,KN8,KN8-16.2.0.150SP20(TR006PF001AZ),16,MT6835TT(25E/D6400),TR,,https://frbox.transsion.com/disk/s/Ej9AsJdEpLS,QUhHwt,2026-09-12 21:41:52,expired
TECNO,KN3,KN3,KN3-15.1.2.140SP02(OPPJ001PF001PJ),15,UMS9230E(T7250),OPPJ,,https://frbox.transsion.com/disk/s/iiMQvtwAJ5P,NtoXpA,2026-09-12 21:41:50,expired
TECNO,KN3,KN3,KN3-15.1.2.145SP08(GTTG001PF001LC),15,UMS9230E(T7250),GTTG,,https://frbox.transsion.com/disk/s/SL9iAK3s7TV,RoAjkv,2026-09-12 21:41:50,expired
TECNO,KN3,KN3,KN3-15.1.2.155SP03(OP001PF001AZ),15,UMS9230E(T7250),OP,,https://frbox.transsion.com/disk/s/WuTVWHoiujK,Rp9ebu,2026-09-12 21:41:50,expired
TECNO,KN3,KN3,KN3-15.1.2.155SP09(ZAVC001PF001LC),15,UMS9230E(T7250),ZAVC,,https://frbox.transsion.com/disk/s/XRBjxEnM8ry,qmdAkN,2026-09-12 21:41:50,expired
TECNO,KN3,KN3,KN3-15.1.2.175SP07(IN001PF001M1),15,UMS9230E(T7250),IN-M1,,https://frbox.transsion.com/disk/s/tER2GKaBieV,rfLzoh,2026-09-12 21:41:50,expired
TECNO,KN3,KN3,KN3-15.1.2.175SP07(TR001PF001AZ),15,UMS9230E(T7250),TR,,https://frbox.transsion.com/disk/s/6SaQThpy3kM,rVwBJj,2026-09-12 21:41:50,expired
TECNO,KN3,KN3,KN3-15.1.2.175SP07(OP001PF001M1),15,UMS9230E(T7250),OP-M1,,https://frbox.transsion.com/disk/s/hhDFoX7CpeW,EKuyfe,2026-09-12 21:41:50,expired
TECNO,KN3,KN3,KN3-15.1.2.185SP08(OP001PF001M1),15,UMS9230E(T7250),OP-M1,,https://frbox.transsion.com/disk/s/eP1CDAhPG7S,EaCq6N,2026-09-12 21:41:50,expired
TECNO,KN3,KN3,KN3-15.1.2.185SP08(OP001PF001AZ),15,UMS9230E(T7250),OP,,https://frbox.transsion.com/disk/s/VL1BCpFnMzc,70p8MJ,2026-09-12 21:41:50,expired
TECNO,KN3,KN3,KN3-15.1.2.185SP08(OPPJ001PF001PJ),15,UMS9230E(T7250),OPPJ,,https://frbox.transsion.com/disk/s/YAuqvhfVQ89,qo0GME,2026-09-12 21:41:50,expired
TECNO,KN3,KN3,KN3-15.1.2.185SP08(IN001PF001AZ),15,UMS9230E(T7250),IN,,https://frbox.transsion.com/disk/s/cEQBVLTFS2b,2FuacV,2026-09-12 21:41:50,expired
TECNO,KN3,KN3,KN3-15.1.2.185SP10(RU001PF001AZ),15,UMS9230E(T7250),RU,,https://frbox.transsion.com/disk/s/RU4XGktPjLd,kwCUEI,2026-09-12 21:41:50,expired
itel,it2173N,it2173N,it2173N-M1812-EnTllnBn-SEA-20220120,,MT6261D,SEA,,https://frbox.transsion.com/disk/s/4hYRjSVew19,t6Xbu4,2026-09-12 21:41:48,expired
itel,it2173N,it2173N,it2173N-M1812-EnFrFaPoAr-AROP-20220402,,MT6261D,OP,,https://frbox.transsion.com/disk/s/U8LmpqVkSFa,FES6hM,2026-09-12 21:41:48,expired
itel,it2173N,it2173N,it2173N-M1812-EnRuUkKk-RU-20220531,,MT6261D,RU,,https://frbox.transsion.com/disk/s/4bQbQZWoV9u,M9D8Do,2026-09-12 21:41:48,expired
itel,it2173N,it2173N,it2173N-M1812-EnFrPePoAr-AROP-20240606,,MT6261D,AROP,,https://frbox.transsion.com/disk/s/yudg2FZxBvV,s63kDn,2026-09-12 21:41:48,expired
itel,it2173N,it2173N,it2173N-M1812-EnArFrPoHaSw-ZA-20240603,,MT6261D,ZA,,https://frbox.transsion.com/disk/s/AcY4HHFw1P4,OWGFCL,2026-09-12 21:41:48,expired
itel,it2173N,it2173N,it2173N-M1812-EnArFrPoHaSw-20240613,,MT6261D,OP,,https://frbox.transsion.com/disk/s/Qz1pbC36tHn,bmSyYL,2026-09-12 21:41:48,expired
itel,it2173N,it2173N,it2173N-M1812-EnSoAmTiOr-ET-20240621,,MT6261D,ET,,https://frbox.transsion.com/disk/s/VqobP6Yngzs,yk4MnU,2026-09-12 21:41:48,expired
TECNO,KN4,KN4,KN4-16.2.0.140SP05(OP004PF001AZ),16,MT6769 (G81),OP,,https://frbox.transsion.com/disk/s/11yCk1AdCqe,QOZk5L,2026-09-12 21:41:47,expired
TECNO,KN4,KN4,KN4-16.2.0.130SP09(GTTG008PF001AZ),16,MT6769S (G81),GTTG,,https://frbox.transsion.com/disk/s/ZgG5PDEPqme,nFnKrv,2026-09-12 21:41:47,expired
TECNO,KN4,KN4,KN4-16.2.0.145SP06(GTTG005PF001AZ),16,MT6769S (G81),GTTG,,https://frbox.transsion.com/disk/s/NYSrMtuwDt4,x2ELwI,2026-09-12 21:41:47,expired
TECNO,KN4,KN4,KN4-16.3.0.140SP22(OP006PF001AZ),16,MT6769 (G81),OP,,https://frbox.transsion.com/disk/s/eDa3UE2vW5F,b8vcV5,2026-09-12 21:41:47,expired
TECNO,KN4,KN4,KN4-16.3.0.140SP22(OPPJ006PF001PJ),16,MT6769 (G81),OPPJ,,https://frbox.transsion.com/disk/s/T99R8iSNxM7,zU5tCu,2026-09-12 21:41:47,expired
itel,it9200,it9200,it9200-LE2401-EnAr-SA-20210309,,SC9820E,SA,,https://frbox.transsion.com/disk/s/36t84sCDnX3,P0IoJ4,2026-09-12 21:41:46,expired
itel,it9200,it9200,it9200-LE2401-EnVi-SAVN-20220627,,SC9820E,SAVN,,https://frbox.transsion.com/disk/s/3oHqCMwg9V1,kJNE1p,2026-09-12 21:41:46,expired
itel,it9200,it9200,it9200-LE2401-EnArFa-SA-20220706,,SC9820E,SA,,https://frbox.transsion.com/disk/s/xyTTBi8wzAN,GyC8XL,2026-09-12 21:41:46,expired
itel,it5082,it5082,it5082-MA1825-EnFrSwHaPoAr-20251011-P60,,MT6260A,OP,,https://frbox.transsion.com/disk/s/saegztAMA1X,RGIk9J,2026-09-12 21:41:44,expired
itel,it5082,it5082,it5082-MA1825-AmEnOmTiSo-ET-20251015-P60,,MT6260A,ET,,https://frbox.transsion.com/disk/s/uk5gRWt1VfB,CvLlo2,2026-09-12 21:41:44,expired
TECNO,KM8,KM8,KM8-15.1.2.180SP05(IN001PF001AZ),15,D6400,IN,,https://frbox.transsion.com/disk/s/mwY1VUMiBxG,poLubj,2026-09-12 21:41:43,expired
TECNO,LI6,LI6(Android 15),LI6-15.1.1.108SP01(RU001PF001AZ),15,MT6789U(G99 Ultimate),RU,,https://frbox.transsion.com/disk/s/NUwek5ERdsX,GDcQeI,2026-09-12 21:41:43,expired
TECNO,LI6,LI6(Android 15),LI6-15.1.2.170SP05(RU001PF001AZ),15,MT6789U(G99 Ultimate),RU,,https://frbox.transsion.com/disk/s/TRvg1tspL5c,XILjFd,2026-09-12 21:41:43,expired
TECNO,LI6,LI6(Android 15),LI6-15.1.2.170SP05(OP001PF001AZ),15,MT6789U(G99 Ultimate),OP,,https://frbox.transsion.com/disk/s/kijS9QbMNHW,puKbVe,2026-09-12 21:41:43,expired
TECNO,LI6,LI6(Android 15),LI6-15.1.2.170SP05(EU001PF001AZ),15,MT6789U(G99 Ultimate),EU,,https://frbox.transsion.com/disk/s/zovWaPmUEPD,LbANUs,2026-09-12 21:41:43,expired
TECNO,T349D,T349D,T349D-DL181A1-AF-TZTG-170727V3,,MT6261D,TZTG,2017-07-27,https://frbox.transsion.com/disk/s/6p5Bj1pqS1N,kag1Jg,2026-09-12 21:41:42,expired
TECNO,T349D,T349D,T349D-DL181A1-AF-ET-ETC-181120V3,,MT6261D,ET,2018-11-20,https://frbox.transsion.com/disk/s/HchtCEMyveQ,NxF5q6,2026-09-12 21:41:42,expired
TECNO,KM9,KM9,KM9-15.1.2.170SP11(TR001PF001AZ),15,MT6835V/TTZB(D6400),TR,,https://frbox.transsion.com/disk/s/iJej9GRfWKh,tQSbKe,2026-09-12 21:41:41,expired
TECNO,KM9,KM9,KM9-15.1.2.180SP05(OP001PF001AZ),15,MT6835V/TTZB(D6400),OP,,https://frbox.transsion.com/disk/s/ZoPZNQGuZqo,ScS3oO,2026-09-12 21:41:41,expired
TECNO,KM9,KM9,KM9-15.1.2.180SP05(IN001PF001AZ),15,MT6835V/TTZB(D6400),IN,,https://frbox.transsion.com/disk/s/FKVrrrUdzyN,xgkzJL,2026-09-12 21:41:41,expired
Infinix,X663C,X663C-S,X663C-H6915MN-S-AS-240229V946,,MT6769H(G88),AS,2024-02-29,https://frbox.transsion.com/disk/s/rdEZwjfaBuM,HlvXOZ,2026-09-12 21:41:40,expired
itel,A673L,A673L,A673L-15.1.2.145SP03(OP001PL001AZ),15,UMS9230E (T7250),OP,,https://frbox.transsion.com/disk/s/1XCykeCpLqx,LyR46H,2026-09-12 21:41:40,expired
itel,A673L,A673L,A673L-15.1.2.155SP18(OP001PL001AZ),15,UMS9230E (T7250),OP,,https://frbox.transsion.com/disk/s/1uXmeNqynDR,52B754,2026-09-12 21:41:40,expired
itel,A673L,A673L,A673L-15.1.2.170SP05(OP001PL001AZ),15,UMS9230E (T7250),OP,,https://frbox.transsion.com/disk/s/8ZsZ4qxoqMy,MO8o5Z,2026-09-12 21:41:40,expired
TECNO,KM6,KM6,KM6-15.1.1.116SP01(COCL001PF001AZ),15,MT6789H(G100 Ultimate),COCL,,https://frbox.transsion.com/disk/s/QcvGvcPnnsN,cSr6l3,2026-09-12 21:41:39,expired
TECNO,KM6,KM6,KM6-15.1.2.126SP03(OPPJ001PF001PJ),15,MT6789H(G100 Ultimate),OPPJ,,https://frbox.transsion.com/disk/s/PFHs69wyWni,NpFysP,2026-09-12 21:41:39,expired
TECNO,KM6,KM6,KM6-15.1.2.126SP03(EU001PF001AZ),15,MT6789H(G100 Ultimate),EU,,https://frbox.transsion.com/disk/s/2j2ye51kAiu,qRgHy0,2026-09-12 21:41:39,expired
TECNO,KM6,KM6,KM6-15.1.2.126SP03(TR001PF001AZ),15,MT6789H(G100 Ultimate),TR,,https://frbox.transsion.com/disk/s/JZJFQaGAers,3jvNqT,2026-09-12 21:41:39,expired
TECNO,KM6,KM6,KM6-15.1.2.129SP02(COCL001PF001AZ),15,MT6789H(G100 Ultimate),COCL,,https://frbox.transsion.com/disk/s/M1xfKTzCGYL,sXvDhC,2026-09-12 21:41:39,expired
TECNO,KM6,KM6,KM6-15.1.2.180SP01(OP001PF001AZ),15,MT6789H(G100 Ultimate),OP,,https://frbox.transsion.com/disk/s/2kLcyvxQakC,HX2gdZ,2026-09-12 21:41:39,expired
TECNO,KM6,KM6,KM6-15.1.2.180SP05(RU001PF001AZ),15,MT6789H(G100 Ultimate),RU,,https://frbox.transsion.com/disk/s/iF4BZP86AKy,6iCdr3,2026-09-12 21:41:39,expired
TECNO,SA1SPro,SA1SPro,SA1SPro-H8016N-OGo-KESF-200430V114,,MT6580,KESF,2020-04-30,https://frbox.transsion.com/disk/s/65fgySRaobJ,0QJqSx,2026-09-12 21:41:38,expired
Infinix,X1301,X1301,X1301-TC843A-U-OP-250808V32,,Qualcomm,OP,2025-08-08,https://frbox.transsion.com/disk/s/dLzE1RX3P6r,zRP2bn,2026-09-12 21:41:37,expired
Infinix,X1301,X1301,X1301-TC843A-U-OP-251218V74,,Qualcomm,OP,2025-12-18,https://frbox.transsion.com/disk/s/htMVoPMcWpv,oaGRHb,2026-09-12 21:41:37,expired
Infinix,X1301,X1301,X1301-TC843A-U-RU-251219V31,,Qualcomm SM8350 Snapdragon 888,RU,2025-12-19,https://frbox.transsion.com/disk/s/EjwGCdbzC5o,nNYstU,2026-09-12 21:41:37,expired
TECNO,KM7,KM7,KM7-15.1.2.165SP05(RU001PF001AZ),15,MT6789J(G100 Ultimate),RU,,https://frbox.transsion.com/disk/s/XpY91qGzReS,kCBgNX,2026-09-12 21:41:36,expired
TECNO,KM7,KM7,KM7-15.1.2.180(OP001PF001AZ),15,MT6789T(G200),OP,,https://frbox.transsion.com/disk/s/yr6h8kDHwn3,B3RoLu,2026-09-12 21:41:36,expired
TECNO,KM7,KM7,KM7-15.1.2.180SP05(OPPJ001PF001PJ),15,MT6789J(G100 Ultimate),OPPJ,,https://frbox.transsion.com/disk/s/zwrPdmJ3Fhu,pdkuzN,2026-09-12 21:41:36,expired
Infinix,X1302,X1302,X1302-T736AABCDEFGHI-V-OP-251108V101,,SM 6225Pro,OP,2025-11-08,https://frbox.transsion.com/disk/s/1xRCFdSpFRW,me4jS5,2026-09-12 21:41:35,expired
Infinix,X1302,X1302,X1302-T736AABCDEFGHI-V-OP-251123V112,,SM 6225Pro,OP,2025-11-23,https://frbox.transsion.com/disk/s/tWT2fNGvJmi,wj5hVA,2026-09-12 21:41:35,expired
Infinix,X1302,X1302,X1302-T736AABCDEFGHI-V-OP-251219V119,,SM 6225Pro,OP,2025-12-19,https://frbox.transsion.com/disk/s/ff9B3MFidEe,0o53UV,2026-09-12 21:41:35,expired
Infinix,X1302,X1302,X1302-T736AABC-V-RU-260131V57,,SM 6225Pro,RU,2026-01-31,https://frbox.transsion.com/disk/s/kodjvRH1uZU,B74BKd,2026-09-12 21:41:35,expired
Infinix,X1302,X1302,X1302-T736AABCDEFGHI-V-OP-260502V130,,SM 6225Pro,OP,2026-05-02,https://frbox.transsion.com/disk/s/gazRsMNWKL4,ITKW54,2026-09-12 21:41:35,expired
TECNO,KM4,KM4,KM4-15.1.0.105SP09(OP001PL001M1),15,UMS9230E(T7250),OP,,https://frbox.transsion.com/disk/s/GtEWLgYyeG3,gkJlPc,2026-09-12 21:41:34,expired
TECNO,KM4,KM4,KM4-15.1.0.105SP15(TR001PL001AZ),15,UMS9230E(T7250),IN,,https://frbox.transsion.com/disk/s/tjd5wMeHJC8,2viGIb,2026-09-12 21:41:34,expired
TECNO,KM4,KM4,KM4-15.1.0.113SP18(OPPJ001PL001PJ),15,UMS9230E(T7250),OPPJ,,https://frbox.transsion.com/disk/s/h9NwaBUf1jQ,rzdJDm,2026-09-12 21:41:34,expired
TECNO,KM4,KM4,KM4-15.1.0.153SP02(OPPJ001PL001PJ),15,UMS9230E(T7250),OPPJ,,https://frbox.transsion.com/disk/s/Z4oVsjr4eL1,mtms8D,2026-09-12 21:41:34,expired
TECNO,KM4,KM4,KM4-15.1.2.145SP01(TR001PL001AZ),15,UMS9230E(T7250),TR,,https://frbox.transsion.com/disk/s/MfEadiQDG7c,J2j6sc,2026-09-12 21:41:34,expired
TECNO,KM4,KM4,KM4-15.1.2.180SP01(OP001PL001AZ),15,UMS9230E(T7250),OP,,https://frbox.transsion.com/disk/s/zDsGsFgU1kp,CWD3gq,2026-09-12 21:41:34,expired
TECNO,KM4,KM4,KM4-15.1.2.180SP05(OPPJ001PL001PJ),15,UMS9230E(T7250),OPPJ,,https://frbox.transsion.com/disk/s/PB8BHtqAb7c,2RL3tt,2026-09-12 21:41:34,expired
TECNO,KM4,KM4,KM4-15.1.2.180SP05(IN001PL001AZ),15,UMS9230E(T7250),IN,,https://frbox.transsion.com/disk/s/VJWUEVJuNCr,GGAekh,2026-09-12 21:41:34,expired
TECNO,KM4,KM4,KM4-15.1.2.180SP05(OP001PL001M1),15,UMS9230E(T7250),OP-M1,,https://frbox.transsion.com/disk/s/7fucAiryxM1,oavqtq,2026-09-12 21:41:34,expired
TECNO,KM4,KM4,KM4-15.1.2.180SP05(RU001PL001AZ),15,UMS9230E(T7250),RU,,https://frbox.transsion.com/disk/s/tNZMHypRRno,ZUSSRw,2026-09-12 21:41:34,expired
TECNO,KM5,KM5,KM5-15.1.1.108SP03(OP001PF001AZ),15,MT6769V/CBZA(G81),OP,,https://frbox.transsion.com/disk/s/MgEca7ZU26L,m3hCCl,2026-09-12 21:41:33,expired
TECNO,KM5,KM5,KM5-15.1.1.121(OP001PF001AZ),15,MT6769V/CBZA(G81),OP,,https://frbox.transsion.com/disk/s/ryZVAcAGx7E,pHk25f,2026-09-12 21:41:33,expired
TECNO,KM5,KM5,KM5-15.1.2.170SP05(OP001PF001AZ),15,MT6769V/CBZA(G81),OP,,https://frbox.transsion.com/disk/s/RaWJo2xkkQB,GLNdJP,2026-09-12 21:41:33,expired
TECNO,KM5,KM5,KM5-15.1.2.185SP03(OP001PF001AZ),15,MT6769V/CBZA(G81),OP,,https://frbox.transsion.com/disk/s/VP6ekpXu6MQ,55b2cG,2026-09-12 21:41:33,expired
TECNO,KM5,KM5,KM5-15.1.2.185SP03(OPPJ001PF001PJ),15,MT6769V/CBZA(G81),OPPJ,,https://frbox.transsion.com/disk/s/QSGrHLH1iva,Ji0Y1M,2026-09-12 21:41:33,expired
itel,it9211,it9211,it9211-SCD503-EnVi-VN-20241009,,8910FF-S,VN,,https://frbox.transsion.com/disk/s/kBVoGBVuuBE,JJ0ZlY,2026-09-12 21:41:31,expired
TECNO,L9,L9 Plus,L9Plus-H8011B-N-EG-180320V255,,MT6580W,EG,2018-03-20,https://frbox.transsion.com/disk/s/bdAoMttpcBh,6UNjWQ,2026-09-12 21:41:30,expired
TECNO,L9,L9 Plus,L9Plus-H8011A-N-190311V439,,MT6580W,GL,2019-03-11,https://frbox.transsion.com/disk/s/e68GjAAwdvL,DsbHx2,2026-09-12 21:41:30,expired
itel,it5095,it5095,N6,,,NP,,https://frbox.transsion.com/disk/s/72f5oqm8owc,mEl4N9,2026-09-12 21:41:29,expired
itel,it5095,it5095,it5095-EY2820-EnFrSwHaPoAr-OP-20250923,,,OP,,https://frbox.transsion.com/disk/s/mpSRHSf1hRJ,EH66on,2026-09-12 21:41:29,expired
itel,it5095,it5095,it5095-EY2820-EnUrFa-PK-20250926,,SC6531E,PK,,https://frbox.transsion.com/disk/s/nW9mifYWUea,iHpXp6,2026-09-12 21:41:29,expired
itel,it5095,it5095,it5095-EY2820-EnHiGuTaTeKnBnMlPaMr-IN-20251009,,SC6531E,IN,,https://frbox.transsion.com/disk/s/FjYrv5Kj5Hk,XGVs6i,2026-09-12 21:41:29,expired
itel,it5095,it5095,it5095-EY2820-EnHi-NP-20250925,,,NP,,https://frbox.transsion.com/disk/s/sMVufpbKhVj,nlJ7rX,2026-09-12 21:41:29,expired
TECNO,CD6j,CD6j,CD6j-H6211V-Q-OP-220822V149,,MT6762,OP,2022-08-22,https://frbox.transsion.com/disk/s/WsfJfAYgheW,w0r8ru,2026-09-12 21:41:28,expired
itel,it5093,it5093,it5093-WDS061-EnHi-NP-20230726,,SC6531E,NP,,https://frbox.transsion.com/disk/s/JxQY2PJWHG9,9YemaH,2026-09-12 21:41:27,expired
itel,it5093,it5093,it5093-WDS061-EnHiGuTaTeKnBnMlPa-IN-20240423,,SC6531E,IN,,https://frbox.transsion.com/disk/s/Z41U6p2mEkL,HaS6Ez,2026-09-12 21:41:27,expired
itel,it5093,it5093,it5093-WDS061-EnUr-PK-20240830,,SC6531E,PK,,https://frbox.transsion.com/disk/s/rnDDiAQehE7,IUJU2H,2026-09-12 21:41:27,expired
itel,it9210,it9210,it9210-LW2401-EnHiGuTaTePaKnBnMlAsOrUr-IN-20211027,,UMS9117,IN,,https://frbox.transsion.com/disk/s/kokyu4xSEcA,71QqSM,2026-09-12 21:41:27,expired
itel,it9210,it9210,it9210-LW2401-EnUrVi-SEA-20211201,,UMS9117,SEA,,https://frbox.transsion.com/disk/s/uLDC8GiM7tf,b4avgR,2026-09-12 21:41:27,expired
itel,A6611L,A6611L-2GA553,A6611L-2GA553-6Q-Vgo-IN-20260511V018,,T7100,IN,2026-05-11,https://frbox.transsion.com/disk/s/agHCeTeyxHR,LYAi5h,2026-09-12 21:41:26,expired
TECNO,T902,T902,T902-LW2401-EnFrPoArSwHa-20230306-E1,,,OP,,https://frbox.transsion.com/disk/s/23fVbQk1wvD,pNYvvW,2026-09-12 21:41:25,expired
TECNO,T901,T901,ORA-V005-SKU1-20200313-T901-WM2401-KaiOS,,MT6572,ORANGE,,https://frbox.transsion.com/disk/s/JE5o17TECyD,tktvFX,2026-09-12 21:41:25,expired
TECNO,T901,T901,T901-WM2401-EnFrPoArSwHa-OP-B1B8-V005-20200416,,MT6572,OP,,https://frbox.transsion.com/disk/s/3QPfxQUXMxE,a5xaUL,2026-09-12 21:41:25,expired
TECNO,Y2,Y2,Y2-H721A3-KK-190611V48,,MT6572W,OP,2019-06-11,https://frbox.transsion.com/disk/s/LH1Q9Kr8Rs7,ngsyDC,2026-09-12 21:41:23,expired
Infinix,X655F,X655F,X655F-H6211E-Q-AS-220411V296,,MT6762,GL,2022-04-11,https://frbox.transsion.com/disk/s/Je4DzU2h3rR,MG8Wfz,2026-09-12 21:41:23,expired
Infinix,X655D,X655D,X655D-H6211M-Q-AS-220314V290,,MT6762,AS,2022-03-14,https://frbox.transsion.com/disk/s/xuUBKhgPVoW,7m92qI,2026-09-12 21:41:22,expired
TECNO,KL7,KL7,KL7-H8916KLMNOPQRUV-U-OP-240909V528,,MT6789H(G100),OP,2024-09-09,https://frbox.transsion.com/disk/s/jDKgDh9pNZJ,FEstad,2026-09-12 21:41:21,expired
TECNO,KL7,KL7,KL7-H8916ST-U-EU-240918V545,,MT6789H(G100),EU,2024-09-18,https://frbox.transsion.com/disk/s/Jnvc4LNStRJ,DOdyrM,2026-09-12 21:41:21,expired
TECNO,KL7,KL7,KL7-H8916KO-U-TR-241213V826,,MT6789H(G100),TR,2024-12-13,https://frbox.transsion.com/disk/s/EDApmiNzjfY,68H1JE,2026-09-12 21:41:21,expired
TECNO,KL7,KL7,KL7-H8916KLMNOPQRUV-U-OP-250805V998,,MT6789H(G100),OP,2025-08-05,https://frbox.transsion.com/disk/s/zKM8R3zzUQx,UPahzA,2026-09-12 21:41:21,expired
TECNO,KL7,KL7,KL7-H8916KLMNOPQRUV-U-OP-260701V1096,,MT6789H(G100),OP,2026-07-01,https://frbox.transsion.com/disk/s/59xNnVAoK8C,rPjoC4,2026-09-12 21:41:21,expired
TECNO,KL7,KL7,KL7-H8916R-U-OPPJ-PJ-260701V1096,,MT6789H(G100),OPPJ,2026-07-01,https://frbox.transsion.com/disk/s/sKPtDi1FcoX,GTAVFM,2026-09-12 21:41:21,expired
TECNO,KL7,KL7,KL7-H8916KO-U-RU-260701V1096,,MT6789H(G100),RU,2026-07-01,https://frbox.transsion.com/disk/s/HxmFZEvChV2,7uqDi5,2026-09-12 21:41:21,expired
TECNO,KL8,KL8,KL8-H353GI-U-OP-240918V964,,MT6835V/TZB(D6300),OP,2024-09-18,https://frbox.transsion.com/disk/s/B6FnAx1Awa3,D0WkXg,2026-09-12 21:41:20,expired
TECNO,KL8,KL8,KL8-H353O-U-EU-240918V964,,MT6835V/TZB(D6300),EU,2024-09-18,https://frbox.transsion.com/disk/s/qmHeGUwAdoY,ovJbuP,2026-09-12 21:41:20,expired
TECNO,KL8,KL8,KL8-H353G-U-RU-250115V1347,,MT6835V/TZB(D6300),RU,2025-01-15,https://frbox.transsion.com/disk/s/8cTMGxLAFEz,2GNSW6,2026-09-12 21:41:20,expired
TECNO,KL8,KL8,KL8-H353GI-U-OP-250117V1354,,MT6835V/TZB(D6300),OP,2025-01-17,https://frbox.transsion.com/disk/s/53ojB28d2pC,RxAvaz,2026-09-12 21:41:20,expired
TECNO,KL8,KL8,KL8-H353IG-U-OPPJ-PJ-251013V1640,,MT6835V/TZB(D6300),OPPJ,2025-10-13,https://frbox.transsion.com/disk/s/Cfb34aDXjJy,QNsK3q,2026-09-12 21:41:20,expired
TECNO,KL8,KL8,KL8-H353HJ-U-IN-260701V1726,,MT6835V/TZB(D6300),IN,2026-07-01,https://frbox.transsion.com/disk/s/A7hLzW9uZMK,qoheAV,2026-09-12 21:41:20,expired
TECNO,KL8,KL8,KL8-H353GI-U-OP-260701V1726,,MT6835V/TZB(D6300),OP,2026-07-01,https://frbox.transsion.com/disk/s/RgP1mdgW8Ah,MJ4wPA,2026-09-12 21:41:20,expired
TECNO,KL5,KL5,KL5-XK678KLMN-U-OPPJ-PJ-241017V1605,,MT6769V/CBZA(G81),OPPJ,2024-10-17,https://frbox.transsion.com/disk/s/2FemtUr58MS,IDatWr,2026-09-12 21:41:19,expired
TECNO,KL5,KL5,KL5-XK678ABCDEFGHIJKLMNAc-U-OP-241120V1802,,MT6769V/CBZA(G81),OP,2024-11-20,https://frbox.transsion.com/disk/s/QJZvahX7M25,37l0nT,2026-09-12 21:41:19,expired
TECNO,KL5,KL5,KL5-XK678KLMN-U-OPPJ-PJ-251209V2246,,MT6769V/CBZA(G81),OPPJ,2025-12-09,https://frbox.transsion.com/disk/s/7LanHAy3HiQ,mby5F4,2026-09-12 21:41:19,expired
TECNO,KL5,KL5,KL5-XK678ABCDEFGHIJKLMNAc-U-OP-260317V2253,,MT6769V/CBZA(G81),OP,2026-03-17,https://frbox.transsion.com/disk/s/UF1wKGxRoWE,5VRssd,2026-09-12 21:41:19,expired
TECNO,KL5,KL5,KL5-XK678ABCDEFGHIJKLMNAc-U-OP-260615V2258,,MT6769V/CBZA(G81),OP,2026-06-15,https://frbox.transsion.com/disk/s/joVrv9NXpiX,Y3KlAz,2026-09-12 21:41:19,expired
TECNO,KL5,KL5,KL5-XK678KLMN-U-OPPJ-PJ-260615V2258,,MT6769V/CBZA(G81),OPPJ,2026-06-15,https://frbox.transsion.com/disk/s/cjEMAnmPPy4,MbTI1Y,2026-09-12 21:41:19,expired
TECNO,KL6,KL6,KL6-H6935AB-U-TR-250219V1437,,MT6769K(G91),TR,2025-02-19,https://frbox.transsion.com/disk/s/brA1RmPG73z,YFIEKu,2026-09-12 21:41:18,expired
TECNO,KL6,KL6,KL6-H6935ABCDEFGHKL-U-OP-250805V1611,,MT6769K(G91),OP,2025-08-05,https://frbox.transsion.com/disk/s/AjbtkgFWFkX,G7Yk1V,2026-09-12 21:41:18,expired
TECNO,KL6,KL6,KL6-H6935ABCDEFGHKL-U-OP-260709V1745,,MT6769K(G91),OP,2026-07-09,https://frbox.transsion.com/disk/s/qWwKVCFmKbp,7lLc9i,2026-09-12 21:41:18,expired
TECNO,KL6,KL6,KL6-H6935GH-U-OPPJ-PJ-260709V1745,,MT6769K(G91),OPPJ,2026-07-09,https://frbox.transsion.com/disk/s/cPvgUxyrmzT,xwAcuk,2026-09-12 21:41:18,expired
TECNO,KL6,KL6,KL6-H6935AB-U-RU-260709V1745,,MT6769K(G91),RU,2026-07-09,https://frbox.transsion.com/disk/s/uWMYCLRRNKj,PzapZ0,2026-09-12 21:41:18,expired
Infinix,X655C,X655C,X655C-H6211G-Q-TR-200618V24,,MT6762D,TR,2020-06-18,https://frbox.transsion.com/disk/s/7e1x6TJBYRq,7txGP1,2026-09-12 21:41:18,expired
Infinix,X655C,X655C,X655C-H6211ABKG-Q-OP-220314V315,,MT6762D,OP,2022-03-14,https://frbox.transsion.com/disk/s/3TUvAk3cSdt,CA5oOm,2026-09-12 21:41:18,expired
TECNO,KL4,KL4,KL4-F201MNOX-UGo-EU-240827V223,,UMS9230E(T615),EU,2024-08-27,https://frbox.transsion.com/disk/s/emmKj533QLs,skKqV4,2026-09-12 21:41:16,expired
TECNO,KL4,KL4,KL4-F201RSTYK-UGo-OP-S2-241114V3064,,UMS9230E(T615),OP,2024-11-14,https://frbox.transsion.com/disk/s/ntdAshjS1Kc,VyDjbr,2026-09-12 21:41:16,expired
TECNO,KL4,KL4,KL4-F201AC-UGo-TR-250303V305,,UMS9230E(T615),TR,2025-03-03,https://frbox.transsion.com/disk/s/Fm3p7LUygMi,j6rKiy,2026-09-12 21:41:16,expired
TECNO,KL4,KL4,KL4-F201RSTYK-UGo-OP-S2-260414V4446,,UMS9230E(T615),OP-S2,2026-04-14,https://frbox.transsion.com/disk/s/di9epSs2N5v,Ht4vzT,2026-09-12 21:41:16,expired
TECNO,KL4,KL4,KL4-F201GHI-UGo-IN-260708V518,,UMS9230E(T615),IN,2026-07-08,https://frbox.transsion.com/disk/s/hc7d42cTVWW,SOjdWH,2026-09-12 21:41:16,expired
TECNO,KL4,KL4,KL4-F201JKLW-UGo-OPPJ-PJ-260708V496,,UMS9230E(T615),OPPJ,2026-07-08,https://frbox.transsion.com/disk/s/RgLsBJ4eDPp,jzdaK8,2026-09-12 21:41:16,expired
TECNO,KL4,KL4,KL4-F201ABCU-UGo-RU-260708V538,,UMS9230E(T615),RU,2026-07-08,https://frbox.transsion.com/disk/s/2NBLtnKsY7E,1rW1gi,2026-09-12 21:41:16,expired
TECNO,KL4,KL4,KL4-F201ABCDEFGHIJKLUVWZ-UGo-OP-260630V4471,,UMS9230E(T615),OP,2026-06-30,https://frbox.transsion.com/disk/s/efnmGRtCS3i,eIF5sb,2026-09-12 21:41:16,expired
Infinix,X6833B,X6833B(Android 14),X6833B-H894DEFGHI-U-GL-240814V836,14,MT6789V/CD(G99),GL,2024-08-14,https://frbox.transsion.com/disk/s/rVCga3W2foP,U6P8ac,2026-09-12 21:41:14,expired
Infinix,X6833B,X6833B(Android 14),X6833B-H894DEFGHI-U-GL-241022V872,14,MT6789V/CD(G99),GL,2024-10-22,https://frbox.transsion.com/disk/s/NBwpTb1tywU,tj8lvl,2026-09-12 21:41:14,expired
Infinix,X6833B,X6833B(Android 14),X6833B-H894DEFGHI-U-GL-250217V908,14,MT6789V/CD(G99),GL,2025-02-17,https://frbox.transsion.com/disk/s/yQ3T4nBZyGU,iNP3QR,2026-09-12 21:41:14,expired
Infinix,X6833B,X6833B(Android 14),X6833B-H894FH-U-RU-250916V940,14,MT6789V/CD(G99),RU,2025-09-16,https://frbox.transsion.com/disk/s/yGxvAtekUAt,WmHVja,2026-09-12 21:41:14,expired
itel,A632WM,A632WM,A632WM-H8031A-TGo-OP-231019V2092,,MT6580P,OP,2023-10-19,https://frbox.transsion.com/disk/s/YY9cfoM98jJ,7mSVl6,2026-09-12 21:41:13,expired
itel,A632WM,A632WM,A632WM-H8031A-TGo-OP-231214V2253,,MT6580P,OP,2023-12-14,https://frbox.transsion.com/disk/s/PUVnUyxeaCc,KIoaMu,2026-09-12 21:41:13,expired
itel,A632WM,A632WM,A632WM-H8031A-TGo-OP-250515V2781,,MT6580P,OP,2025-05-15,https://frbox.transsion.com/disk/s/WbEWTRV34Er,4INSBB,2026-09-12 21:41:13,expired
TECNO,KA7O,KA7O,KA7O-H8024DEFGH-O-200618V302,,MT6580,OP,2020-06-18,https://frbox.transsion.com/disk/s/CcppwbqvuNp,Cmshlf,2026-09-12 21:41:12,expired
itel,it1460,it1460 Pro,it1460Pro-H8016E-M-ETEC-180309V8,,MT6580,ETEC,2018-03-09,https://frbox.transsion.com/disk/s/8yEg2LZbyyg,YUisyS,2026-09-12 21:41:11,expired
TECNO,R8S,R8S,R8S-H3718A-Go-KESF-180612V166,,MT6737,KESF,2018-06-12,https://frbox.transsion.com/disk/s/xw7ZcjRxuP6,SKFZWc,2026-09-12 21:41:11,expired
itel,it9020,it9020,it9020-LS2002-En-PG-20240115,,T107,PG,,https://frbox.transsion.com/disk/s/FdofnfeHzXy,aIqviB,2026-09-12 21:41:10,expired
itel,it9020,it9020,it9020-LS2002-EnFrSwHaPoAr-ZA-VD-L-20240320-SKU1,,T107,ZA,,https://frbox.transsion.com/disk/s/YXUpYvFdyQe,RbpfIE,2026-09-12 21:41:10,expired
itel,it9020,it9020,it9020-LS2002-EnTl-PH-20240418-P60,,T107,PH,,https://frbox.transsion.com/disk/s/H2XoaiQ9avG,ZCbb7q,2026-09-12 21:41:10,expired
itel,it9020,it9020,it9020-LS2002-EnFrSwHaPoAr-20240606,,T107,OP,,https://frbox.transsion.com/disk/s/dj4TxFxKL8P,RJQWkF,2026-09-12 21:41:10,expired
itel,it9020,it9020,it9020-LS2002-EnHiGuTaTePaKnBnMlAsOrUrMr-IN-20251110,,T107,IN,,https://frbox.transsion.com/disk/s/r4R7vRhBY6y,j9LiDw,2026-09-12 21:41:10,expired
TECNO,CD6S,CD6S,CD6S-H6211H-Q-ZAVC-201216V73,,MT6762,ZAVC,2020-12-16,https://frbox.transsion.com/disk/s/FNUipVgqKms,5781oB,2026-09-12 21:41:09,expired
TECNO,R8O,R8O,ORA-V142-SKU2-20180817-R8-A1-Go,,MT6737,OPOR,,https://frbox.transsion.com/disk/s/eBctbmv8Ev1,atXb3v,2026-09-12 21:41:09,expired
itel,A507LX,A507LX-X3,A507LX-X3-SU336R-SGo-RWAT-LC-20241028V290,,SC9832E,OP,2024-10-28,https://frbox.transsion.com/disk/s/LsQtgE6BeXW,QPQgx0,2026-09-12 21:41:07,expired
itel,A507LX,A507LX-X2,A507LX-X2-SU336R-SGo-RWAT-LC-20231129V111,,SC9832E,ATL,2023-11-29,https://frbox.transsion.com/disk/s/A4KgTG6sEMf,gTE8cS,2026-09-12 21:41:07,expired
itel,A631L,A631L,A631L-SR368-12.0-GL-V070-20241105,,SC9863A,GL,,https://frbox.transsion.com/disk/s/aVWX4jcCu7w,FChIwI,2026-09-12 21:41:05,expired
itel,SG400,SG400,SG400-GC2430-EnHiGuTaTePaKnBnMl-IN-20231123,,SC6531C,IN,,https://frbox.transsion.com/disk/s/NAxvKB1NbeQ,L6LDDo,2026-09-12 21:41:04,expired
itel,P41,P41,P41-U258B-7.0-IN-V016-20190121,,SC9832A,IN,,https://frbox.transsion.com/disk/s/CN8aKoJjeGv,7ciCIu,2026-09-12 21:41:02,expired
TECNO,CH6n,CH6n-S,CH6n-H6912EF-S-OP-230615V1930,,MT6769H(G88),OP,2023-06-15,https://frbox.transsion.com/disk/s/wFCVFoT2BEJ,enwiA4,2026-09-12 21:41:00,expired
TECNO,CH6n,CH6n-S,CH6n-H6912EF-S-OP-230815V2241,,MT6769H(G88),OP,2023-08-15,https://frbox.transsion.com/disk/s/6DXpQH5eoo8,oQmKN7,2026-09-12 21:41:00,expired
TECNO,CH6n,CH6n-S,CH6n-H6912EF-S-OP-231010V2534,,MT6769H(G88),OP,2023-10-10,https://frbox.transsion.com/disk/s/6sq13jhFCby,APFMLN,2026-09-12 21:41:00,expired
TECNO,CH6n,CH6n-S,CH6n-H6912E-S-EU-221202V937,,MT6769H(G88),EU,2022-12-02,https://frbox.transsion.com/disk/s/voRFXGtLkmw,kS5n1I,2026-09-12 21:41:00,expired
TECNO,CH6n,CH6n-S,CH6n-H6912E-S-RU-221202V939,,MT6769H(G88),RU,2022-12-02,https://frbox.transsion.com/disk/s/9npEsrwQJNH,FtczQ6,2026-09-12 21:41:00,expired
TECNO,CH6n,CH6n-S,CH6n-H6912EF-S-OP-231129V2783,,MT6769H(G88),OP,2023-11-29,https://frbox.transsion.com/disk/s/B4wx5GrCBq1,97ty77,2026-09-12 21:41:00,expired
TECNO,CH6n,CH6n-S,CH6n-H6912E-S-TR-231215V2786,,MT6769H(G88),TR,2023-12-15,https://frbox.transsion.com/disk/s/qjJ7YGzPgpk,CAGU0b,2026-09-12 21:41:00,expired
itel,it1553,it1553,it1553-H805G1-L-IN-170803V38,,MT6580,IN,2017-08-03,https://frbox.transsion.com/disk/s/1ZsYGGctMeE,eDBf1a,2026-09-12 21:41:00,expired
TECNO,W5,W5,W5-H373B-M-170905V635,,MT6735,OP,2017-09-05,https://frbox.transsion.com/disk/s/9t4nq3oNQBH,jKFHG9,2026-09-12 21:40:58,expired
itel,A62,A62,A62-F3902-8.1-OP-V041-20190704,,MT6739M,IN,,https://frbox.transsion.com/disk/s/8BWdwDgjwFk,imAqvE,2026-09-12 21:40:57,expired
TECNO,W4,W4,W4-AW875A1-M-161010V10,,MT6580,OP,,https://frbox.transsion.com/disk/s/chLZdrSVojy,pJKXsT,2026-09-12 21:40:56,expired
TECNO,W2,W2,W2-AW600C-M-ET-180627V12,,MT6580M,ETEC,2018-06-27,https://frbox.transsion.com/disk/s/rkc766739cc,JFcFtV,2026-09-12 21:40:54,expired
TECNO,W2,W2,W2-AW600B-M-180613V39,,MT6580M,OP,2018-06-13,https://frbox.transsion.com/disk/s/Ya7eCTZCpco,ACaRy5,2026-09-12 21:40:54,expired
TECNO,KI5qs,KI5qs,KI5qs-H6127BbBl-T-COCL-230602V456,,MT6765,COCL,2023-06-02,https://frbox.transsion.com/disk/s/HLBEUn8JtVL,gPBxHZ,2026-09-12 21:40:53,expired
TECNO,KI5qs,KI5qs,KI5qs-H6127BaBk-T-MXTC-230809V576,,MT6765,MXTC,2023-08-09,https://frbox.transsion.com/disk/s/Jw3JNJF8aLQ,EseExD,2026-09-12 21:40:53,expired
TECNO,KI5qs,KI5qs,KI5qs-H6127AzBj-T-GTTG-LC-230531V172,,MT6765,GTTG,2023-05-31,https://frbox.transsion.com/disk/s/J3fR45xzGCz,Zvwboc,2026-09-12 21:40:53,expired
TECNO,KJ7,KJ7,KJ7-H895MNO-U-OP-240114V1188,,MT6789U(G99 Ultimate),OP,2024-01-14,https://frbox.transsion.com/disk/s/jPV8a2Ji21B,CJgO2R,2026-09-12 21:40:52,expired
TECNO,KJ7,KJ7,KJ7-H895Y-U-EU-240813V1966,,MT6789U(G99 Ultimate),EU,2024-08-13,https://frbox.transsion.com/disk/s/X9jFg5jmAzf,mnIGp0,2026-09-12 21:40:52,expired
TECNO,KJ7,KJ7,KJ7-H895N-U-TR-241214V2098,,MT6789U(G99 Ultimate),TR,2024-12-14,https://frbox.transsion.com/disk/s/LkzHsdKExQF,tb3d8R,2026-09-12 21:40:52,expired
TECNO,KJ7,KJ7,KJ7-H895MNOAk-U-OP-260112V2294,,MT6789U(G99 Ultimate),OP,2026-01-12,https://frbox.transsion.com/disk/s/V9icd826T3y,YhRZdF,2026-09-12 21:40:52,expired
TECNO,KJ7,KJ7,KJ7-H895N-U-RU-260112V2294,,MT6789U(G99 Ultimate),RU,2026-01-12,https://frbox.transsion.com/disk/s/rWcb6bC9zT6,TJgr5r,2026-09-12 21:40:52,expired
TECNO,W1,W1,W1-B40030G-N-181108V17,,MT6580M,OP,2018-11-08,https://frbox.transsion.com/disk/s/ZGik44KqMmt,e9ktqE,2026-09-12 21:40:52,expired
TECNO,KJ5,KJ5,KJ5-H6931ABCDEFGHI-T-OP-231226V896,,MT6769V/CZ(G85),OP,2023-12-26,https://frbox.transsion.com/disk/s/W9Rb99WRvL6,E81ebQ,2026-09-12 21:40:50,expired
TECNO,KJ5,KJ5,KJ5-H6931ABCDEFGHI-T-OP-250115V2001,,MT6769V/CZ(G85),OP,2025-01-15,https://frbox.transsion.com/disk/s/fQ9T3eM5tz4,H6Xm3J,2026-09-12 21:40:50,expired
TECNO,KJ5,KJ5,KJ5-H6931ABCDEFGHI-T-OP-250722V2072,,MT6769V/CZ(G85),OP,2025-07-22,https://frbox.transsion.com/disk/s/sTVSHXMWmq6,HPN0Ss,2026-09-12 21:40:50,expired
TECNO,KJ5,KJ5,KJ5-H6931ABCDEFGHI-T-OP-250908V2083,,MT6769V/CZ(G85),OP,2025-09-08,https://frbox.transsion.com/disk/s/7ZN8LJ2NXJ9,kNqiCi,2026-09-12 21:40:50,expired
TECNO,KJ5,KJ5,KJ5-H6931DEF-T-IN-260112V2115,,MT6769V/CZ(G85),IN,2026-01-12,https://frbox.transsion.com/disk/s/84QfmyBFSAy,kIfHHo,2026-09-12 21:40:50,expired
TECNO,KJ8,KJ8,KJ8-H338GH-U-OP-240821V1070,,MT6833V/PNZA(D6080),OP,2024-08-21,https://frbox.transsion.com/disk/s/cumJzNKQjU4,B06DKt,2026-09-12 21:40:50,expired
TECNO,KJ8,KJ8,KJ8-H338GH-U-OP-250108V1200,,MT6833V/PNZA(D6080),OP,2025-01-08,https://frbox.transsion.com/disk/s/HafFGAP9nXV,OYFGuM,2026-09-12 21:40:50,expired
TECNO,KJ8,KJ8,KJ8-H338KL-U-IN-260410V1339,,MT6833V/PNZA(D6080),IN,2026-04-10,https://frbox.transsion.com/disk/s/r2a4LopjfEP,RZotny,2026-09-12 21:40:50,expired
TECNO,KJ6,KJ6,KJ6-H897IL-T-OPPJ-PJ-231204V116,,MT6789V/CD(G99),OPPJ,2023-12-04,https://frbox.transsion.com/disk/s/h7mx9LMQj6Z,7K0R9H,2026-09-12 21:40:48,expired
TECNO,KJ6,KJ6,KJ6-H897H-T-IN-231204V905,,MT6789V/CD(G99),IN,2023-12-04,https://frbox.transsion.com/disk/s/1GKmjMyFdY3,BiHmwn,2026-09-12 21:40:48,expired
TECNO,KJ6,KJ6,KJ6-H897GHIJKL-T-OP-231208V943,,MT6789V/CD(G99),OP,2023-12-08,https://frbox.transsion.com/disk/s/ZaQ7dPwKPAf,iW9dEA,2026-09-12 21:40:48,expired
TECNO,KJ6,KJ6,KJ6-H897ILWX-T-EU-240819V1587,,MT6789V/CD(G99),EU,2024-08-19,https://frbox.transsion.com/disk/s/MviSaqWkUTZ,0ra2Qr,2026-09-12 21:40:48,expired
TECNO,KJ6,KJ6,KJ6-H897GHIJKL-T-OP-250908V1836,,MT6789V/CD(G99),OP,2025-09-08,https://frbox.transsion.com/disk/s/ysjaKX8PqdV,ihJzD5,2026-09-12 21:40:48,expired
TECNO,KJ6,KJ6,KJ6-H897HK-T-RU-250908V1839,,MT6789V/CD(G99),RU,2025-09-08,https://frbox.transsion.com/disk/s/fBAfip8W7Tc,jX6wwK,2026-09-12 21:40:48,expired
TECNO,KJ6,KJ6,KJ6-H897IL-T-OPPJ-PJ-250915V264,,MT6789V/CD(G99),OPPJ,2025-09-15,https://frbox.transsion.com/disk/s/w7GXkTttDq6,R1wYdE,2026-09-12 21:40:48,expired
TECNO,KJ6,KJ6,KJ6-H897HK-T-TR-251212V1861,,MT6789V/CD(G99),TR,2025-12-12,https://frbox.transsion.com/disk/s/C6d677W4cyP,XIpKFt,2026-09-12 21:40:48,expired
itel,L5505,L5505,L5505-SQ557-9.0-OP-V010-20211028,,SC9832,IN,,https://frbox.transsion.com/disk/s/1pjTuF4P7Ya,ojk80T,2026-09-12 21:40:48,expired
itel,L5505,L5505,L5505-SQ557-9.0-OP-V012-20220112,,SC9832,GL,,https://frbox.transsion.com/disk/s/1VG3YvR96Gj,wBjQR7,2026-09-12 21:40:48,expired
Infinix,X657B,X657B,X657B-H6117I-QGo-TR-211129V036,,MT6761D,TR,2021-11-29,https://frbox.transsion.com/disk/s/HCowkYNSCiR,ztnRS6,2026-09-12 21:40:46,expired
Infinix,X657B,X657B,X657B-H6117FJ-QGo-RU-220303V058,,MT6761D,RU,2022-03-03,https://frbox.transsion.com/disk/s/JRF7V3VQp8j,cIFwVI,2026-09-12 21:40:46,expired
Infinix,X657B,X657B,X657B-H6117DFJ-QGo-OP-220822V438,,MT6761D,OP,2022-08-22,https://frbox.transsion.com/disk/s/WzAiV3LY3Sm,QoKBjW,2026-09-12 21:40:46,expired
Infinix,X657B,X657B,X657B-H6117DJ-QGo-KESF-220823V32,,MT6761D,KESF,2022-08-23,https://frbox.transsion.com/disk/s/mPMzWYJiykS,2eIHDo,2026-09-12 21:40:46,expired
itel,A676L,A676L,A676L-15.1.2.170SP06(OP001PL001AZ),15,UMS9230E(T7250),OP,,https://frbox.transsion.com/disk/s/kszcWhqQTxx,tagAtR,2026-09-12 21:40:46,expired
itel,A676L,A676L,A676L-15.1.2.180SP09(OP001PL001AZ),15,UMS9230E(T7250),OP,,https://frbox.transsion.com/disk/s/c1B8Dsiwwem,oOMsr0,2026-09-12 21:40:46,expired
Infinix,X657C,X657C,X657C-H6117H-QGo-TR-210415V97,,MT6761D,TR,2021-04-15,https://frbox.transsion.com/disk/s/HC7TJANoVQz,u6Ou6Q,2026-09-12 21:40:45,expired
Infinix,X657C,X657C,X657C-H6117GH-QGo-GL-220821V327,,MT6761D,GL,2022-08-21,https://frbox.transsion.com/disk/s/vFNegvjwyXK,UKsE8s,2026-09-12 21:40:45,expired
itel,P32,P32,P32-F8011-8.1-OP-V054-20200330,,MT6580M,OP,,https://frbox.transsion.com/disk/s/AGFW8cR5Uzj,rZmYlU,2026-09-12 21:40:43,expired
TECNO,R6S,R6S,R6S-B50048A-N-KESF-181106V12,,MT6737,KESF,2018-11-06,https://frbox.transsion.com/disk/s/hj93KGvXUeQ,53D74V,2026-09-12 21:40:42,expired
itel,L5502,L5502,L5502-SU375-8.1-IN-V038-20201030,,SC9832E,IN,,https://frbox.transsion.com/disk/s/AAv5j7MSh74,IZtQhu,2026-09-12 21:40:40,expired
itel,it1520,it1520,it1520-H358A-M-IN-180904V108,,MT6735W,IN,2018-09-04,https://frbox.transsion.com/disk/s/RuR2B7CFsSA,0i8sik,2026-09-12 21:40:40,expired
TECNO,LD7j,LD7j,LD7j-H694O-Q-AS-220927V289,,MT6769,AS,2022-09-27,https://frbox.transsion.com/disk/s/2pVLenD6mNe,5NRkFf,2026-09-12 21:40:39,expired
TECNO,CF7k,CF7k,CF7k-H612L-O-201103V332,,MT6761,OP,2020-11-03,https://frbox.transsion.com/disk/s/tx81Zq2A8TU,PA9t8K,2026-09-12 21:40:38,expired
TECNO,CF7k,CF7k,CF7k-H612L-O-V2-201103V112,,MT6761,OP,2020-11-03,https://frbox.transsion.com/disk/s/sYJF31eCVYc,UT7pyo,2026-09-12 21:40:38,expired
TECNO,AD9,AD9(Android 14),AD9-H831A-U-RU-240909V469,14,MT6983(D9000),RU,2024-09-09,https://frbox.transsion.com/disk/s/gDwU19dEfJx,M51sAw,2026-09-12 21:40:37,expired
TECNO,AD9,AD9(Android 14),AD9-H831A-U-GL-241213V605,14,MT6983(D9000),GL,2024-12-13,https://frbox.transsion.com/disk/s/fnupyLAd3nR,EhKIAH,2026-09-12 21:40:37,expired
TECNO,AD9,AD9(Android 14),AD9-H831A-U-TR-241213V602,14,MT6983(D9000),TR,2024-12-13,https://frbox.transsion.com/disk/s/PnrzSv51YPu,omuuwt,2026-09-12 21:40:37,expired
TECNO,AD9,AD9(Android 14),AD9-H831A-U-RU-241213V604,14,MT6983(D9000),RU,2024-12-13,https://frbox.transsion.com/disk/s/bDqX49xdDuf,g42Xnz,2026-09-12 21:40:37,expired
itel,A52,A52,A52-F8012-8.1-OP-V030-20190726,,MT6580,OP,,https://frbox.transsion.com/disk/s/7hKykXQoe19,rxAVUp,2026-09-12 21:40:36,expired
Infinix,X5010,X5010,X5010-AW878ABCD-N-190320V92,,MT6580,OP,2019-03-20,https://frbox.transsion.com/disk/s/XrUsBM4xgN9,VxgZHg,2026-09-12 21:40:36,expired
itel,it5626N,it5626N,it5626N-MA2810-EnTr-TR-20231102,,MT6260A,TR,,https://frbox.transsion.com/disk/s/fTJTfMamNgq,RISUmE,2026-09-12 21:40:34,expired
itel,it5626N,it5626N,it5626N-MA2810-EnRuUkKk-RU-20220608,,MT6260A,RU,,https://frbox.transsion.com/disk/s/rj8B27YBGpy,B0e7hJ,2026-09-12 21:40:34,expired
itel,it5626N,it5626N,it5626N-MA2810-EnArFrPoHaSw-20230223,,MT6260A,OP,,https://frbox.transsion.com/disk/s/oGhhbfFfSj6,bXUnqW,2026-09-12 21:40:34,expired
itel,it5626N,it5626N,it5626N-MA2810-EnSoAmTiOr-ET-20240322,,MT6260A,ET,,https://frbox.transsion.com/disk/s/ejoKHwYzMAz,y7deXa,2026-09-12 21:40:34,expired
itel,it5626N,it5626N,it5626N-MA2810-EnArFrPoHaSw-20240322,,MT6260A,OP,,https://frbox.transsion.com/disk/s/aCwEUFBo5jd,vbDjZF,2026-09-12 21:40:34,expired
itel,it5626N,it5626N,it5626N-MA2810-EnHiGuTeTaPaMrKnMlBn-IN-20240327,,MT6260A,IN,,https://frbox.transsion.com/disk/s/szDp8KyjjAu,cfxwc1,2026-09-12 21:40:34,expired
TECNO,KI8,KI8,KI8-H334CD-T-EU-230616V1723,,MT6833(D700),EU,2023-06-16,https://frbox.transsion.com/disk/s/dmwYWAfGUz3,EACWPs,2026-09-12 21:40:34,expired
TECNO,KI8,KI8,KI8-H334A-T-ZAVC-DC-230529V181,,MT6833(D700),ZAVC,2023-05-29,https://frbox.transsion.com/disk/s/HCM9qa6tjSa,qzqwNG,2026-09-12 21:40:34,expired
TECNO,KI8,KI8,KI8-H334ABCDEFGH-T-GL-231212V2586,,MT6833(D700),GL,2023-12-12,https://frbox.transsion.com/disk/s/2U1xEi4ed8U,5nhcyB,2026-09-12 21:40:34,expired
TECNO,KI8,KI8,KI8-H334ABCDEFGH-T-GL-250214V3472,,MT6833(D700),GL,2025-02-14,https://frbox.transsion.com/disk/s/WwyA47KQdWT,ONjbr0,2026-09-12 21:40:34,expired
TECNO,KI7,KI7,KI7-V7510AACDGHJKLMN-T-GL-231220V4314,,MT6768,GL,2023-12-20,https://frbox.transsion.com/disk/s/EbAw4tZ1aJU,PBmFuO,2026-09-12 21:40:33,expired
TECNO,KI7,KI7,KI7-V7510AKL-T-EU-231025V4012,,MT6768,EU,2023-10-25,https://frbox.transsion.com/disk/s/cukPRpBvvWy,K1uXsu,2026-09-12 21:40:33,expired
TECNO,KI7,KI7,KI7-V7510AKL-T-EU-240315V4725,,MT6768,EU,2024-03-15,https://frbox.transsion.com/disk/s/UFoyswDHaaj,IdlDfM,2026-09-12 21:40:33,expired
TECNO,KI7,KI7,KI7-V7510AACDGHJKLMN-T-GL-241217V5259,,MT6768,GL,2024-12-17,https://frbox.transsion.com/disk/s/rBQuS4sRjMp,f85A6z,2026-09-12 21:40:33,expired
TECNO,KI7,KI7,KI7-V7510AACDGHJKLMN-T-GL-250218V5302,,MT6768,GL,2025-02-18,https://frbox.transsion.com/disk/s/wYebysDBWo5,SFIJst,2026-09-12 21:40:33,expired
TECNO,KI7,KI7,KI7-V7510AJ-T-ZAVC-DC-250304V5310,,MT6768,ZAVC,2025-03-04,https://frbox.transsion.com/disk/s/KYz6myLBWm9,HwqLrS,2026-09-12 21:40:33,expired
TECNO,KI7,KI7,KI7-V7510AGHJ-T-RU-250218V5300,,MT6768,RU,2025-02-18,https://frbox.transsion.com/disk/s/8DXuaqB5Vog,b467he,2026-09-12 21:40:33,expired
TECNO,KI7,KI7,KI7-V7510AGJ-T-TR-250415V5336,,MT6768,TR,2025-04-15,https://frbox.transsion.com/disk/s/pusThvDzGqB,BHEd84,2026-09-12 21:40:33,expired
TECNO,CI8n,CI8n-T,CI8n-H816BC-T-GL-231016V1141,,MT6781,GL,2023-10-16,https://frbox.transsion.com/disk/s/2oNgNhLXKJb,dyOTOi,2026-09-12 21:40:32,expired
TECNO,CI8n,CI8n-T,CI8n-H816B-T-TR-240411V2070,,MT6781,TR,2024-04-11,https://frbox.transsion.com/disk/s/UJez3VGcavu,nwC7S8,2026-09-12 21:40:32,expired
TECNO,CI8n,CI8n-T,CI8n-H816BC-T-GL-240411V2068,,MT6781,GL,2024-04-11,https://frbox.transsion.com/disk/s/qkaqxgm95Hf,J3KpBb,2026-09-12 21:40:32,expired
TECNO,CI8n,CI8n-T,CI8n-H816B-T-RU-240924V2445,,MT6781,RU,2024-09-24,https://frbox.transsion.com/disk/s/TiKuHLsS2nm,qsaCBA,2026-09-12 21:40:32,expired
Infinix,X658E,X658E,X658E-H6219N-RGo-OP-230717V313,,MT6762,OP,2023-07-17,https://frbox.transsion.com/disk/s/RZN6TgzJpks,NVOS7V,2026-09-12 21:40:31,expired
Infinix,X610B,X610B,X610B-H651AB-P-190904V354,,MT6762,OP,2019-09-04,https://frbox.transsion.com/disk/s/VrpMxHWqp9t,kQ3Bmo,2026-09-12 21:40:30,expired
itel,it5095P,it5095P,it5095P-EY2820-EnFrSwHaPoAr-OP-20241111,,SC6531E,OP,,https://frbox.transsion.com/disk/s/1GbgsC929CB,ZAtnYT,2026-09-12 21:40:28,expired
itel,it5095P,it5095P,it5095P-EY2820-EnFrSwHaPoAr-OP-20250923,,SC6531E,OP,,https://frbox.transsion.com/disk/s/81Em5X25qfD,Upafoz,2026-09-12 21:40:28,expired
itel,it5095P,it5095P,it5095P-EY2820-EnUrFa-PK-20251017,,SC6531E,PK,,https://frbox.transsion.com/disk/s/5fWV3UmYK8o,J8Ven7,2026-09-12 21:40:28,expired
Infinix,X658B,X658B,X658B-H6219H-RGo-OP-220822V975,,MT6761D,OP,2022-08-22,https://frbox.transsion.com/disk/s/g5rDEPKfo2m,2vysPW,2026-09-12 21:40:28,expired
itel,it9010,it9010,it9010-LS1801-EnUrVi-SEA-20230815,,T107,AS,,https://frbox.transsion.com/disk/s/7j3kcdzUPDr,ooVkYB,2026-09-12 21:40:27,expired
itel,it9010,it9010,it9010-LS1801-EnArFa-ME-20220628,,T107,ME,,https://frbox.transsion.com/disk/s/FGit89Cf2H3,aVVf0w,2026-09-12 21:40:27,expired
itel,it9010,it9010,it9010-LS1801-EnUrVi-SEA-20220902-B2,,T107,SEA,,https://frbox.transsion.com/disk/s/ehp638Nwcvo,6Koet9,2026-09-12 21:40:27,expired
TECNO,AD9,AD9(Android 13),AD9-H831A-T-GL-240104V523,13,MT6983(D9000),GL,2024-01-04,https://frbox.transsion.com/disk/s/LuFeWEXY8Mh,i92prN,2026-09-12 21:40:25,expired
TECNO,AD9,AD9(Android 13),AD9-H831A-T-GL-240521V1282,13,MT6983(D9000),GL,2024-05-21,https://frbox.transsion.com/disk/s/JvJVDAyDnoP,3yid2d,2026-09-12 21:40:25,expired
TECNO,AD9,AD9(Android 13),AD9-H831A-T-RU-240531V1336,13,MT6983(D9000),RU,2024-05-31,https://frbox.transsion.com/disk/s/GGG38DHwzQ3,aOrLvs,2026-09-12 21:40:25,expired
TECNO,AD9,AD9(Android 13),AD9-H831A-T-TR-240531V1335,13,MT6983(D9000),TR,2024-05-31,https://frbox.transsion.com/disk/s/LWQid8Ws7zi,EG7Zu0,2026-09-12 21:40:25,expired
TECNO,AD9,AD9(Android 13),AD9-H831A-T-GL-240807V1469,13,MT6983(D9000),GL,2024-08-07,https://frbox.transsion.com/disk/s/fiuCJGuJg4j,TrrRCF,2026-09-12 21:40:25,expired
itel,it5095L,it5095L,it5095L-YS100-EnHiGuTaTeKnBnMlPa-IN-20260805,,SC6533G,IN,,https://frbox.transsion.com/disk/s/6resvPHvWYS,Za5TX1,2026-09-12 21:40:25,expired
itel,A44,A44,A44-F3706-7.0-OP-V042-20190809,,MT6737M,GL,,https://frbox.transsion.com/disk/s/e4bcQbFzTEM,P1l59y,2026-09-12 21:40:23,expired
TECNO,CF7S,CF7S,CF7S-H399B-O-KESF-190929V103,,MT6739,KESF,2019-09-29,https://frbox.transsion.com/disk/s/UZxs2g6nV3i,jyYChs,2026-09-12 21:40:22,expired
TECNO,T1201,T1201,T1201-MX760ABCD-V-OP-251222V1310,,MT8781,OP,2025-12-22,https://frbox.transsion.com/disk/s/kC1nzvkWDfn,wF3OlR,2026-09-12 21:40:21,expired
TECNO,T1201,T1201,T1201-MX760ABCD-V-OP-260120V1317,,MT8781,OP,2026-01-20,https://frbox.transsion.com/disk/s/H6apQ4M1FCj,JgwdG5,2026-09-12 21:40:21,expired
TECNO,T1201,T1201,T1201-MX760AB-V-RU-260508V1346,,MT8781,RU,2026-05-08,https://frbox.transsion.com/disk/s/TUGCrQRaXzv,8jKsIN,2026-09-12 21:40:21,expired
TECNO,T1201,T1201,T1201-MX760ABCD-V-OP-260529V1359,,MT8781,OP,2026-05-29,https://frbox.transsion.com/disk/s/DQsEJWwAkbg,TSHNTy,2026-09-12 21:40:21,expired
itel,A41,A41,A41-U268-6.0-IN-V021-20180401,,SC9832,IN,,https://frbox.transsion.com/disk/s/gdotteJ1Ac9,HxFFdl,2026-09-12 21:40:20,expired
itel,A40,A40,A40-U269-7.0-IN-V016-20190118,,SC9832,IN,,https://frbox.transsion.com/disk/s/A952eY72bnQ,wnNHhM,2026-09-12 21:40:19,expired
Infinix,X680,X680,X680-H6116E-QGo-AS-220822V113,,MT6761,IN,2022-08-22,https://frbox.transsion.com/disk/s/RBPnjiSvUCU,zBOru0,2026-09-12 21:40:19,expired
Infinix,X680,X680,X680-H6116DE-QGo-OP-220822V461,,MT6761,OP,2022-08-22,https://frbox.transsion.com/disk/s/CyH4FYVn7F8,aBGWrB,2026-09-12 21:40:19,expired
TECNO,BC1s,BC1s,BC1s-VQ653AB-QGo-OP-221107V019,,MT6739WA,OP,2022-11-07,https://frbox.transsion.com/disk/s/QHu8TUvfq7A,XoBZHx,2026-09-12 21:40:18,expired
TECNO,BC1s,BC1s,BC1s-VQ653AB-QGo-OP-230221V021,,MT6739WA,OP,2023-02-21,https://frbox.transsion.com/disk/s/pXB8ZWZR8FU,LFG3SP,2026-09-12 21:40:18,expired
TECNO,KH7,KH7,KH7-H6919ABC-S-OP-231212V755,,MT6769V/CZ(G85),OP,2023-12-12,https://frbox.transsion.com/disk/s/3icLyr55rcf,5NM2Us,2026-09-12 21:40:17,expired
TECNO,KH7,KH7,KH7-H6919ABC-S-OP-240416V878,,MT6769V/CZ(G85),OP,2024-04-16,https://frbox.transsion.com/disk/s/tNrSz2PGFnw,e5Mn8X,2026-09-12 21:40:17,expired
TECNO,ID5,ID5,ID5-H399A-O-190929V159,,MT6739WW,GL,2019-09-29,https://frbox.transsion.com/disk/s/4FBd4k4x7u1,q02bMf,2026-09-12 21:40:17,expired
TECNO,CG6j,CG6j_S,CG6j-H696XYZAuBdBe-S-OP-230420V1512,,MT6769Z,OP,2023-04-20,https://frbox.transsion.com/disk/s/nNNTV9iNgfM,iVHTi9,2026-09-12 21:40:16,expired
TECNO,ID6,ID6,ID6-H622F-O-201009V206,,MT6762,IN,2020-10-09,https://frbox.transsion.com/disk/s/h5sji2un9MM,nfezvX,2026-09-12 21:40:15,expired
TECNO,KH6,KH6,KH6-H6513ABCDE-S-OP-230811V2135,,MT6765,OP,2023-08-11,https://frbox.transsion.com/disk/s/kTVhqLBzGVH,dDKg4X,2026-09-12 21:40:14,expired
TECNO,KH6,KH6,KH6-H6513C-S-TR-230613V2060,,MT6765,TR,2023-06-13,https://frbox.transsion.com/disk/s/fk7zEGXxRtj,qj2TJf,2026-09-12 21:40:14,expired
TECNO,KH6,KH6,KH6-H6513ABCDE-S-OP-240308V2364,,MT6765,OP,2024-03-08,https://frbox.transsion.com/disk/s/ncuhf6PVY1o,vofiMP,2026-09-12 21:40:14,expired
TECNO,KH6,KH6,KH6-H6513ABCDE-S-OP-240423V2367,,MT6765,OP,2024-04-23,https://frbox.transsion.com/disk/s/3DjezcYTKHL,eB0RrA,2026-09-12 21:40:14,expired
Infinix,X689,X689,X689-H696GHAa-R-GL-230416V653,,MT6769Z,GL,2023-04-16,https://frbox.transsion.com/disk/s/zxpWWE1tGwz,ZwxHlI,2026-09-12 21:40:13,expired
Infinix,X687,X687,X687-H851D-Q-TR-201218V163,,MT6785T,TR,2020-12-18,https://frbox.transsion.com/disk/s/6P5wRDzPKcf,l7gnnt,2026-09-12 21:40:12,expired
Infinix,X687,X687,X687-H851D-Q-RU-211231V105,,MT6785T,RU,2021-12-31,https://frbox.transsion.com/disk/s/qasiLCsrGkV,DvQHDO,2026-09-12 21:40:12,expired
Infinix,X687,X687,X687-H851D-Q-OP-220729V611,,MT6785T,OP,2022-07-29,https://frbox.transsion.com/disk/s/yUtcuqeSKuy,BC6eDq,2026-09-12 21:40:12,expired
itel,P11,P11,P11-W506B-6.0-BD-V025-20180321,,SC7731C,OP,,https://frbox.transsion.com/disk/s/uAHZ2hHNL6x,LUkbPS,2026-09-12 21:40:11,expired
Infinix,X659B,X659B,X659B-H696AvAw-R-OP-230606V306,,MT6768,OP,2023-06-06,https://frbox.transsion.com/disk/s/9ysY6WDfHp2,WxAb6F,2026-09-12 21:40:10,expired
Infinix,X659B,X659B,X659B-H696Av-R-RU-211210V93,,MT6768,RU,2021-12-10,https://frbox.transsion.com/disk/s/B5Q4pC2EmqY,A6RZMF,2026-09-12 21:40:10,expired
Infinix,X683,X683,X683-H694EFGHIJUW-Q-OP-220920V419,,MT6769T,OP,2022-09-20,https://frbox.transsion.com/disk/s/HLFLMyykR46,V9CBG8,2026-09-12 21:40:10,expired
itel,P12,P12,P12-W506A-6.0-OP-V027-20180601-RELEASE,,SC7731C,OP,,https://frbox.transsion.com/disk/s/v8WfoDtvF1v,5EITjg,2026-09-12 21:40:09,expired
TECNO,BC2c,BC2c,BC2c-SP592AB-QGo-OP-221202V019,,SC7731E,OP,2022-12-02,https://frbox.transsion.com/disk/s/PYKwPHvfYKC,iSCS7e,2026-09-12 21:40:08,expired
Infinix,X6731B,X6731B(Android 14),X6731B-H896ABC-U-OP-250808V510,14,MT6789(G99),OP,2025-08-08,https://frbox.transsion.com/disk/s/kAryE2Eir5v,ED1fI0,2026-09-12 21:40:08,expired
Infinix,X6731B,X6731B(Android 14),X6731B-H896A-U-RU-250808V510,14,MT6789(G99),RU,2025-08-08,https://frbox.transsion.com/disk/s/uGV255yMXj4,GU7MO8,2026-09-12 21:40:08,expired
itel,SG200,SG200,SG200-G1823-EnHiGuTaTeKnBnMlPa-IN-20231025,,SC6531E,IN,,https://frbox.transsion.com/disk/s/R1R6Kz4FqgR,FTTUlK,2026-09-12 21:40:07,expired
TECNO,BE6j,BE6j,BE6j-VQ596A-RGo-OP-240119V16,,MT6739,OP,2024-01-19,https://frbox.transsion.com/disk/s/8TKhJgBrwvt,nd0UwI,2026-09-12 21:40:05,expired
TECNO,BE6j,BE6j,BE6j-VQ596A-SGo-OP-240605V4,,MT6739,OP,2024-06-05,https://frbox.transsion.com/disk/s/1Qjf8dvvEHu,fn2Axu,2026-09-12 21:40:05,expired
TECNO,CH9n,CH9n,CH9n-H811B-R-RU-220411V720,,MT6781,RU,2022-04-11,https://frbox.transsion.com/disk/s/9jo83hLumwi,kQ1ttL,2026-09-12 21:40:04,expired
TECNO,CH9n,CH9n,CH9n-H811B-R-EU-220707V83,,MT6781,OP,2022-07-07,https://frbox.transsion.com/disk/s/3P1ZcqpxJHP,hdwqu6,2026-09-12 21:40:04,expired
TECNO,T1002W,T1002W,T1002W-16.3.0.125SP10(OP003PF001AZ),16,MT8786V/CTZA(G88),OP,,https://frbox.transsion.com/disk/s/PpLRTZFkNEy,JyfuYO,2026-09-12 21:40:03,expired
TECNO,T1002W,T1002W,T1002W-16.3.0.125SP10(RU003PF001AZ),16,MT8786V/CTZA(G88),RU,,https://frbox.transsion.com/disk/s/FXBVEeXujMF,7TWLDZ,2026-09-12 21:40:03,expired
TECNO,T1002W,T1002W,T1002W-16.3.0.145SP04(TR003PF001AZ),16,MT8786V/CTZA(G88),TR,,https://frbox.transsion.com/disk/s/9P6sp8PYrmi,oiPeWU,2026-09-12 21:40:03,expired
Infinix,X692,X692,X692-H694M-Q-RU-220104V31,,MT6769T,RU,2022-01-04,https://frbox.transsion.com/disk/s/QUfcCdMiRqZ,r7Mlk3,2026-09-12 21:40:01,expired
Infinix,X692,X692,X692-H694KLMX-Q-GL-220919V434,,MT6769T,GL,2022-09-19,https://frbox.transsion.com/disk/s/CEXoSzfxPfs,Mk6jFa,2026-09-12 21:40:01,expired
Infinix,X690,X690,X690-H691BCFG-Q-GL-220215V382,,MT6769,GL,2022-02-15,https://frbox.transsion.com/disk/s/u9vAy2Ph5BE,vIs1yI,2026-09-12 21:40:00,expired
TECNO,KG8,KG8,KG8-H698CDEFGH-R-GL-230803V786,,MT6769V,GL,2023-08-03,https://frbox.transsion.com/disk/s/1WoTwHr8QA2,KDl9uv,2026-09-12 21:39:59,expired
TECNO,KG8,KG8,KG8-H698CDEFGH-R-GL-231010V791,,MT6769V,GL,2023-10-10,https://frbox.transsion.com/disk/s/tsChL5X76H7,brnzSP,2026-09-12 21:39:59,expired
TECNO,KG8,KG8,KG8-H698CG-R-EU-220823V161,,MT6769V,EU,2022-08-23,https://frbox.transsion.com/disk/s/wybkns6N8jY,HHSP8j,2026-09-12 21:39:59,expired
TECNO,KG8,KG8,KG8-H698CG-R-TR-221212V758,,MT6769V,TR,2022-12-12,https://frbox.transsion.com/disk/s/c2uiZfXQz9r,AB4EUm,2026-09-12 21:39:59,expired
TECNO,KG6,KG6,KG6-H6219PQRV-RGo-GL-230712V705,,MT6762D,GL,2023-07-12,https://frbox.transsion.com/disk/s/qzH2TDgLck4,aypOgI,2026-09-12 21:39:58,expired
itel,V2160,V2160,V2160-GS1808-EnFrSwHaPoAr-20250901-TRM7292,,SC6533,OP,,https://frbox.transsion.com/disk/s/JLUFASkGNRF,J4QWwH,2026-09-12 21:39:58,expired
TECNO,KG7,KG7,KG7-H6913N-R-GL-H2-221017V66,,MT6769V/WB,GL,2022-10-17,https://frbox.transsion.com/disk/s/G4EpgtaWmf3,kQMZqK,2026-09-12 21:39:57,expired
TECNO,KG7,KG7,KG7-H6913IJ-R-OP-231010V543,,MT6769V,OP,2023-10-10,https://frbox.transsion.com/disk/s/sUbffgEgknU,Tk7IJo,2026-09-12 21:39:57,expired
TECNO,KG7,KG7,KG7-H6913I-R-TR-220908V491,,MT6769V,TR,2022-09-08,https://frbox.transsion.com/disk/s/VSvYXExP5sa,RJoL3H,2026-09-12 21:39:57,expired
TECNO,KG5,KG5,KG5-H6125AB-RGo-GL-230711V969,,MT6761D,GL,2023-07-11,https://frbox.transsion.com/disk/s/hjqMWvhNrb6,ToqxTd,2026-09-12 21:39:56,expired
TECNO,KG5,KG5,KG5-H6125AB-RGo-GL-230913V978,,MT6761D,GL,2023-09-13,https://frbox.transsion.com/disk/s/QnKj63dPvVv,gqum7o,2026-09-12 21:39:56,expired
itel,W5008,W5008,W5008-SA332-8.1-OP-V019-20210603,,SC7731E,OP,,https://frbox.transsion.com/disk/s/dEZ1EuATf5V,MGA44R,2026-09-12 21:39:56,expired
itel,W5003,W5003,W5003-F8019-8.1-OP-V028-20201029,,MT6580P,OP,,https://frbox.transsion.com/disk/s/zySwNbNkt2q,WEPlS9,2026-09-12 21:39:55,expired
itel,W5002,W5002,W5002-F3110-10.0-OP-V054-20220920,,SC7731E,OP,,https://frbox.transsion.com/disk/s/D1SHVF9t1g4,M0e5HZ,2026-09-12 21:39:54,expired
TECNO,TR210,TR210,TR210-S10E-RDA-D-EnFrArSwHaPo-OP-V004-20210202,,#N/A,OP,,https://frbox.transsion.com/disk/s/Ey97N1JYhvk,CyCjPH,2026-09-12 21:39:54,expired
TECNO,CI6n,CI6n-T,CI6n-H6917DE-T-OP-230630V428,,MT6769V/CZ(G85),OP,2023-06-30,https://frbox.transsion.com/disk/s/9xQ3dhYGHHK,4IUJd7,2026-09-12 21:39:53,expired
TECNO,CI6n,CI6n-T,CI6n-H6917DE-T-OP-230905V789,,MT6769V/CZ(G85),OP,2023-09-05,https://frbox.transsion.com/disk/s/KH3Af4MjTe6,7KOCDS,2026-09-12 21:39:53,expired
TECNO,CI6n,CI6n-T,CI6n-H6917D-T-TR-231009V965,,MT6769V/CZ(G85),TR,2023-10-09,https://frbox.transsion.com/disk/s/7XRfhyXwp8C,WXiPrV,2026-09-12 21:39:53,expired
TECNO,CI6n,CI6n-T,CI6n-H6917D-T-RU-240516V2069,,MT6769V/CZ(G85),RU,2024-05-16,https://frbox.transsion.com/disk/s/wNRWyHvZP7t,xk6Vno,2026-09-12 21:39:53,expired
Infinix,X698,X698,X698-H812HIJKLM-R-GL-230712V994,,MT6781,GL,2023-07-12,https://frbox.transsion.com/disk/s/H7BsvWgJujq,FyIJus,2026-09-12 21:39:52,expired
Infinix,X698,X698,X698-H812HIJKLM-R-GL-230912V1012,,MT6781,GL,2023-09-12,https://frbox.transsion.com/disk/s/phRYtTTnxnS,l2s5ZZ,2026-09-12 21:39:52,expired
Infinix,X698,X698,X698-H812HIJKLM-R-GL-231023V1029,,MT6781,GL,2023-10-23,https://frbox.transsion.com/disk/s/Mdb69CEorx9,FgH30P,2026-09-12 21:39:52,expired
itel,W5005,W5005,W5005-F3110-9.0-OP-V043-20210906,,SC7731E,OP,,https://frbox.transsion.com/disk/s/JKyMNbmNXWY,MqqDX8,2026-09-12 21:39:52,expired
itel,W5004,W5004,W5004-SA332-8.1-ZA-MTN-V010-20200323,,SC7731E,ZAMT,,https://frbox.transsion.com/disk/s/kCppHQSsmRr,jHe8oA,2026-09-12 21:39:51,expired
itel,it5620A,it5620A,it5620A-ET2436-EnFrSwHaPoAr-OP-20260206,,SC6531E,OP,,https://frbox.transsion.com/disk/s/euQNqTyaxCQ,GJ5crx,2026-09-12 21:39:50,expired
itel,it5620A,it5620A,it5620A-ET2436-AmEnSoTiOm-ET-20260407,,SC6531E,ET,,https://frbox.transsion.com/disk/s/SFrH9vzoUnr,TSphNa,2026-09-12 21:39:50,expired
itel,it5620A,it5620A,it5620A-ET2436-EnFrSwHa-KT-20260428-KV,,SC6531E,KT,,https://frbox.transsion.com/disk/s/4wRR3VATxyc,DTrqya,2026-09-12 21:39:50,expired
Infinix,X697,X697,X697-H812ABC-R-OP-230713V1704,,MT6781,OP,2023-07-13,https://frbox.transsion.com/disk/s/48vY9g74RKd,fg87n0,2026-09-12 21:39:50,expired
Infinix,X697,X697,X697-H812A-R-RU-220920V1569,,MT6781,RU,2022-09-20,https://frbox.transsion.com/disk/s/QxqoDgMHub3,Gr6Ed6,2026-09-12 21:39:50,expired
Infinix,X697,X697,X697-H812ABC-R-OP-231023V1728,,MT6781,OP,2023-10-23,https://frbox.transsion.com/disk/s/JQ1N9MyBHCB,4wxrs7,2026-09-12 21:39:50,expired
Infinix,X612B,X612B,X612B-X612BB-QGo-ZAMT-LC-210331V030,,MT6761D,ZAMT,2021-03-31,https://frbox.transsion.com/disk/s/7jyAN7HCRfc,nVZLTr,2026-09-12 21:39:48,expired
Infinix,X612B,X612B,X612B-X612BBC-QGo-GL-220914V043,,MT6761D,GL,2022-09-14,https://frbox.transsion.com/disk/s/zhoPUKs9f6p,0wpNNE,2026-09-12 21:39:48,expired
Infinix,X695,X695,X695-H854D-R-TR-210816V936,,MT6785V,TR,2021-08-16,https://frbox.transsion.com/disk/s/927Ctwj7Pu8,bz9kE0,2026-09-12 21:39:48,expired
Infinix,X695,X695,X695-H854DEFGHI-R-GL-230301V1258,,MT6785V,GL,2023-03-01,https://frbox.transsion.com/disk/s/6pTWRta2BnR,OjS8Aa,2026-09-12 21:39:48,expired
TECNO,KC8S,KC8S,KC8S-H6110N-P-ZAVC-200226V34,,MT6761,ZAVC,2020-02-26,https://frbox.transsion.com/disk/s/3F9TSUL6dcW,FUbyU9,2026-09-12 21:39:47,expired
Infinix,X693,X693,X693-H697BCDEFTU-R-GL-230524V832,,MT6769Z,GL,2023-05-24,https://frbox.transsion.com/disk/s/4V7Tcj1wa2k,x3b5KO,2026-09-12 21:39:46,expired
Infinix,X693,X693,X693-H697BCDEFTU-R-GL-221219V805,,MT6769V/CZ(G85),AS,2022-12-19,https://frbox.transsion.com/disk/s/7FjM7C5EkV4,83ualp,2026-09-12 21:39:46,expired
TECNO,S6,S6,S6-B50040C-N-ETEC-181108V8,,MT6580,ETEC,2018-11-08,https://frbox.transsion.com/disk/s/CQZyeUvEXpM,9mIWo3,2026-09-12 21:39:42,expired
itel,A23,A23,itel_A23R_081_2001_170321,,SC9832E,IN,,https://frbox.transsion.com/disk/s/rS5Gb6mgtgo,jtF7VI,2026-09-12 21:39:41,expired
itel,A21,A21,A21-SL601A-6.0-IN-V028-20180702,,SC9832,IN,,https://frbox.transsion.com/disk/s/WEQsWt3FJSp,PX2Wpy,2026-09-12 21:39:39,expired
TECNO,KF6,KF6,KF6-H6219D-RGo-TR-220823V246,,MT6761D,TR,2022-08-23,https://frbox.transsion.com/disk/s/JfTbwXQoK6S,LMvhds,2026-09-12 21:39:37,expired
TECNO,KF6,KF6,KF6-H6219DI-RGo-GL-230306V441,,MT6761D,GL,2023-03-06,https://frbox.transsion.com/disk/s/1QA6QbSTTaQ,li8dE4,2026-09-12 21:39:37,expired
TECNO,KF8,KF8,KF8-H696AB-R-ZAVC-LC-220321V205,,MT6769T,ZAVC,2022-03-21,https://frbox.transsion.com/disk/s/PWuiKMzR1Tg,ArGoUr,2026-09-12 21:39:37,expired
TECNO,KF8,KF8,KF8-H696ABFAlAm-R-GL-230324V1663,,MT6769T,GL,2023-03-24,https://frbox.transsion.com/disk/s/2mUL36CeRWA,B6atlv,2026-09-12 21:39:37,expired
TECNO,KF8,KF8,KF8-H696AB-R-TR-230428V231,,MT6769T,TR,2023-04-28,https://frbox.transsion.com/disk/s/xP1YuwdcsRE,vYPPYW,2026-09-12 21:39:37,expired
Infinix,X6716B,X6716B,X6716B-H6929EF-T-GL-231211V783,,MT6769V/CZ(G85),GL,2023-12-11,https://frbox.transsion.com/disk/s/uX6HMesHFfq,1XWwey,2026-09-12 21:39:36,expired
Infinix,X6716B,X6716B,X6716B-H6929EF-T-GL-240625V1204,,MT6769V/CZ(G85),GL,2024-06-25,https://frbox.transsion.com/disk/s/DKpA9Q5iAjw,2EtD8w,2026-09-12 21:39:36,expired
Infinix,X666,X666,X666-P740AEBC-S-GL-240129V1819,,MT6833V/PNZA(D810),GL,2024-01-29,https://frbox.transsion.com/disk/s/gKLhfdqavii,VcfFHp,2026-09-12 21:39:35,expired
Infinix,X666,X666,X666-P740AEBC-S-GL-241011V1854,,MT6833V/PNZA(D810),GL,2024-10-11,https://frbox.transsion.com/disk/s/aKgrq73PaQb,QLZ7UK,2026-09-12 21:39:35,expired
Infinix,X665,X665,X665-H6126D-RGo-OP-240112V624,,MT6761V,OP,2024-01-12,https://frbox.transsion.com/disk/s/wBqtUPTHS4C,4GsWpV,2026-09-12 21:39:34,expired
Infinix,X662,X662,X662-H6914ABC-R-GL-230808V551,,MT6769,GL,2023-08-08,https://frbox.transsion.com/disk/s/cEcLpdKMGvw,REUvwr,2026-09-12 21:39:32,expired
Infinix,X662,X662,X662-H6914ABC-R-GL-231010V573,,MT6769,GL,2023-10-10,https://frbox.transsion.com/disk/s/7UVAaS3CHL4,6PQ1bg,2026-09-12 21:39:32,expired
Infinix,X662,X662,X662-H6914A-R-TR-220214V475,,MT6769,TR,2022-02-14,https://frbox.transsion.com/disk/s/o523DKttfjv,BJdEJC,2026-09-12 21:39:32,expired
TECNO,LF7n,LF7n,LF7n-H6918F-S-OP-230619V2270,,MT6769H(G88),OP,2023-06-19,https://frbox.transsion.com/disk/s/V76N2EYhYn9,NT8V4J,2026-09-12 21:39:32,expired
TECNO,LF7n,LF7n,LF7n-H6918F-S-TR-230920V2565,,MT6769H(G88),TR,2023-09-20,https://frbox.transsion.com/disk/s/UPXv6uouJAk,7FMqJo,2026-09-12 21:39:32,expired
TECNO,LF7n,LF7n,LF7n-H6918F-S-RU-240614V2863,,MT6769H(G88),RU,2024-06-14,https://frbox.transsion.com/disk/s/tdtjs41RAYb,B1lsFB,2026-09-12 21:39:32,expired
itel,L5503,L5503-F6301-9.0-OP-V085-20210628,L5503-F6301-9.0-OP-V085-20210628,,SC9863A,OP,,https://frbox.transsion.com/disk/s/DkiivocT4ea,ZcbAFo,2026-09-12 21:39:31,expired
itel,CX02N,CX02N,CX02N-G1301-EnHiGuTaTeKnBnMlPa-IN-20240112,,G1301,IN,,https://frbox.transsion.com/disk/s/PCBEzEb23XK,iDvr83,2026-09-12 21:39:30,expired
Infinix,X660,X660,X660-H653A-Q-AS-210420V655,,MT6765,GL,2021-04-20,https://frbox.transsion.com/disk/s/95p9CHgaorz,t8LHRf,2026-09-12 21:39:30,expired
Infinix,X659,X659,X659-H696NOPQAcAx-R-GL-220321V655,,MT6769,GL,2022-03-21,https://frbox.transsion.com/disk/s/UR83VLRR22a,XQ0Krv,2026-09-12 21:39:29,expired
itel,A631W,A631W,A631W-R2-SA368l1-11.0-OP-V014-20230713,,SC7731E,OP,,https://frbox.transsion.com/disk/s/sFBSytuGfz1,grb6k3,2026-09-12 21:39:28,expired
itel,A631W,A631W,A631W-R2-SA368l1-11.0-OP-V022-20231117,,SC7731E,OP,,https://frbox.transsion.com/disk/s/o3EeKqH2KWq,pKuDQj,2026-09-12 21:39:28,expired
itel,A631W,A631W,A631W-R2-SA368l1-11.0-OP-V024-20240118,,SC7731E,OP,,https://frbox.transsion.com/disk/s/KhLRjxhJtKi,qt39Ht,2026-09-12 21:39:28,expired
itel,A631W,A631W,A631W-R2-SA368I1-11.0-OP-V034-20240620,,SC7731E,OP,,https://frbox.transsion.com/disk/s/HSoe8fcrwub,Sh21YH,2026-09-12 21:39:28,expired
Infinix,X657,X657,X657-H8030AB-QGo-OP-220809V742,,MT6580P,OP,2022-08-09,https://frbox.transsion.com/disk/s/PSeJkksiWau,tUSlPA,2026-09-12 21:39:27,expired
TECNO,CH6,CH6-S,CH6-H6912D-S-OP-231009V947,,MT6769H(G88),OP,2023-10-09,https://frbox.transsion.com/disk/s/b6rfctrk35e,4Zvnpg,2026-09-12 21:39:26,expired
itel,A16,A16,A16-SA331-8.1-OP-V041-20200821,,SC7731,OP,,https://frbox.transsion.com/disk/s/eLVFh6di1Qk,nu1yWy,2026-09-12 21:39:25,expired
itel,A16,A16,A16-SA331-8.1-BD-V018-20200926,,SC7731,BD,,https://frbox.transsion.com/disk/s/GJC2RZ8sr6P,Ngswyp,2026-09-12 21:39:25,expired
itel,A14,A14,A14-SA216-10-OP-V019-20230211,,SC7731E,OP,,https://frbox.transsion.com/disk/s/7U5dLBeswYH,n2m1qG,2026-09-12 21:39:23,expired
TECNO,CH7n,CH7n,CH7n-H812DE-R-OP-221116V1487,,MT6781,OP,2022-11-16,https://frbox.transsion.com/disk/s/czxsVxU9vTX,QusWV8,2026-09-12 21:39:22,expired
TECNO,CLA5,CLA5,CLA5-H8910GH-U-TR-241210V796,,MT6789H(G100),TR,2024-12-10,https://frbox.transsion.com/disk/s/PxdgsMbS4Ew,XxdXWj,2026-09-12 21:39:21,expired
TECNO,CLA5,CLA5,CLA5-H8910GHIJKLMNQRST-U-OP-250218V852,,MT6789H(G100),OP,2025-02-18,https://frbox.transsion.com/disk/s/f6MMvdQW5MW,ojCqJY,2026-09-12 21:39:21,expired
TECNO,CLA5,CLA5,CLA5-H8910HGQ-U-RU-250218V852,,MT6789H(G100),RU,2025-02-18,https://frbox.transsion.com/disk/s/LPKvo3AauUS,PV9sCY,2026-09-12 21:39:21,expired
TECNO,CLA6,CLA6,CLA6-H8910ABCDEF-U-OP-250228V1805,,MT6789H(G100),OP,2025-02-28,https://frbox.transsion.com/disk/s/JqFtxK5vnRF,iVk78J,2026-09-12 21:39:19,expired
TECNO,CLA6,CLA6,CLA6-H8910CD-U-RU-250228V1805,,MT6789H(G100),RU,2025-02-28,https://frbox.transsion.com/disk/s/DBoYXeiUp49,5yjNFO,2026-09-12 21:39:19,expired
TECNO,CLA6,CLA6,CLA6-H8910EF-U-TR-250228V1805,,MT6789H(G100),TR,2025-02-28,https://frbox.transsion.com/disk/s/rFhCu4CBWps,XDUcKv,2026-09-12 21:39:19,expired
TECNO,CLA6,CLA6,CLA6-H8910OP-U-EU-250228V1805,,MT6789H(G100),EU,2025-02-28,https://frbox.transsion.com/disk/s/aTSXtqD4nTN,bFtkfI,2026-09-12 21:39:19,expired
TECNO,CLA6,CLA6,CLA6-H8910ABCDEF-U-OP-250415V1830,,MT6789H(G100),OP,2025-04-15,https://frbox.transsion.com/disk/s/sRD8YTjb6Dq,khUyle,2026-09-12 21:39:19,expired
Infinix,X670,X670,X670-H814LH-S-TR-221021V1367,,MT6781,TR,2022-10-21,https://frbox.transsion.com/disk/s/ir5vkEEB1DY,YHDTYw,2026-09-12 21:39:18,expired
Infinix,X670,X670,X670-H814GJ-S-EU-221114V208,,MT6781,EU,2022-11-14,https://frbox.transsion.com/disk/s/q5nf3d9AALv,NGuleX,2026-09-12 21:39:18,expired
Infinix,X670,X670,X670-H814GJ-S-EU-231114V213,,MT6781,EU,2023-11-14,https://frbox.transsion.com/disk/s/u1fwUsEdDwz,vVM4qN,2026-09-12 21:39:18,expired
TECNO,BG6s,BG6s,BG6s-F069CjCkCl-TGo-GTTG-LC-240625V98,,UMS9230(T606),GTTG,2024-06-25,https://frbox.transsion.com/disk/s/wPqPtfp9yLU,r059gm,2026-09-12 21:39:17,expired
TECNO,BG6s,BG6s,BG6s-F069CgCh-TGo-COCL-250909V260,,UMS9230(T606),COCL,2025-09-09,https://frbox.transsion.com/disk/s/yBotAMXRo1f,J1JqGL,2026-09-12 21:39:17,expired
TECNO,BG6s,BG6s,BG6s-F069CgCh-TGo-COCL-251112V265,,UMS9230(T606),COCL,2025-11-12,https://frbox.transsion.com/disk/s/bGwpQ1d3P3b,ejzdBH,2026-09-12 21:39:17,expired
TECNO,BG6s,BG6s,BG6s-F069CgCh-TGo-COCL-260130V281,,UMS9230(T606),COCL,2026-01-30,https://frbox.transsion.com/disk/s/y5zd5oJ7Gaa,Wz7CnK,2026-09-12 21:39:17,expired
TECNO,IA5,IA5,IA5-QL1662B-O-IN-190528V27,,MSM8917,IN,2019-05-28,https://frbox.transsion.com/disk/s/FS9Vp7kRbeH,ZSy9H4,2026-09-12 21:39:16,expired
TECNO,KE6,KE6,KE6-H6116MNO-QGo-GL-220609V587,,MT6761,GL,2022-06-09,https://frbox.transsion.com/disk/s/7UoVF8zk2Ut,T7AmnN,2026-09-12 21:39:16,expired
TECNO,KE7,KE7,KE7-H693HJKM-Q-GL-220729V478,,MT6769,GL,2022-07-29,https://frbox.transsion.com/disk/s/QPBJbyDZg2k,DzcWX3,2026-09-12 21:39:15,expired
TECNO,KE7,KE7,KE7-H693HK-Q-TR-220831V134,,MT6769,TR,2022-08-31,https://frbox.transsion.com/disk/s/vR4WrRo8Zkr,g2Hxko,2026-09-12 21:39:15,expired
Infinix,X6826B,X6826B,X6826B-H6924Q-S-EU-230615V1299,,MT6769V/CZ(G85),EU,2023-06-15,https://frbox.transsion.com/disk/s/8ML2QBk3t5a,pztJYc,2026-09-12 21:39:14,expired
Infinix,X6826B,X6826B,X6826B-H6924OPQ-S-OP-230209V925,,MT6769V/CZ(G85),OP,2023-02-09,https://frbox.transsion.com/disk/s/tipbg7aSpu1,uOT4P4,2026-09-12 21:39:14,expired
Infinix,X6826B,X6826B,X6826B-H6924P-S-RU-230314V1028,,MT6769V/CZ(G85),RU,2023-03-14,https://frbox.transsion.com/disk/s/sonzRtjq9HV,4JjvpY,2026-09-12 21:39:14,expired
TECNO,KE5,KE5,KE5-H6123A-QGo-ZAVC-221206V072,,MT6761D,ZAVC,2022-12-06,https://frbox.transsion.com/disk/s/vmvw5tkvn4c,F4twwT,2026-09-12 21:39:14,expired
TECNO,KE5,KE5,KE5-H6123A-QGo-TR-210118V042,,MT6761D,TR,2021-01-18,https://frbox.transsion.com/disk/s/rAwWNm7NVSY,aa8GBj,2026-09-12 21:39:14,expired
TECNO,KE5,KE5,KE5-H6123ABC-QGo-GL-220822V553,,MT6761D,GL,2022-08-22,https://frbox.transsion.com/disk/s/TkLfLsZ4mY4,u6RZu5,2026-09-12 21:39:14,expired
TECNO,KE5,KE5,KE5-H6123A-QGo-RU-221025V080,,MT6761D,RU,2022-10-25,https://frbox.transsion.com/disk/s/JmLSfj37P8C,BqtzdU,2026-09-12 21:39:14,expired
Infinix,X6826C,X6826C,X6826C-H6927B-S-TR-230315V834,,MT6769V/CZ(G85),TR,2023-03-15,https://frbox.transsion.com/disk/s/rjXoWyhG14F,U94Ezf,2026-09-12 21:39:13,expired
Infinix,X6826C,X6826C,X6826C-H6927ABC-S-OP-240407V2359,,MT6769V/CZ(G85),OP,2024-04-07,https://frbox.transsion.com/disk/s/PZiyBe3EU7Q,m8VCbx,2026-09-12 21:39:13,expired
Infinix,X677,X677,X677-H6923D-S-INJO-DL-231219V386,,MT6769V/CZ(G85),INJO,2023-12-19,https://frbox.transsion.com/disk/s/RbS5Ruatnz5,9KPk83,2026-09-12 21:39:12,expired
Infinix,X677,X677,X677-H6923ABCD-S-GL-240605V1314,,MT6769V/CZ(G85),GL,2024-06-05,https://frbox.transsion.com/disk/s/2VYYH15C1kB,uZ2SUD,2026-09-12 21:39:12,expired
TECNO,KC6S,KC6S,KC6S-H6114K-P-ZAVC-191203V26,,MT6761,ZAVC,2019-12-03,https://frbox.transsion.com/disk/s/AyMrW1RfNY9,fi4gb3,2026-09-12 21:39:12,expired
itel,A511LQS,A511LQS,A511LQ-F3212F-SGo-GL-20231016V176,,SC9832E,GL,2023-10-16,https://frbox.transsion.com/disk/s/4WnPxPVh5zS,v8Kftj,2026-09-12 21:39:11,expired
Infinix,X675,X675,X675-V880BNAB-R-GL-231220V26,,T610,GL,2023-12-20,https://frbox.transsion.com/disk/s/bSqpyLdV8Ww,ni24pf,2026-09-12 21:39:10,expired
TECNO,DP10A,DP10A,DP10A-PA01C1-L-170407V12,,MT6761,OP,2017-04-07,https://frbox.transsion.com/disk/s/CknGts3FqFu,mrxvd1,2026-09-12 21:39:10,expired
itel,it5091N,it5091N,it5091N-G1809-EnUr-PK-20220105,,SC6531E,PK,,https://frbox.transsion.com/disk/s/RY6tWcE6Qm8,52HAHJ,2026-09-12 21:39:09,expired
Infinix,X672,X672,X672-H815A-S-TR-230706V2101,,MT6781,TR,2023-07-06,https://frbox.transsion.com/disk/s/ToYvJDg33FH,TDBcp3,2026-09-12 21:39:08,expired
Infinix,X672,X672,X672-H815ABC-S-GL-230706V2100,,MT6781,GL,2023-07-06,https://frbox.transsion.com/disk/s/vqw1wEtmfyL,gnNz5z,2026-09-12 21:39:08,expired
Infinix,X672,X672,X672-H815ABC-S-GL-230809V2313,,MT6781,GL,2023-08-09,https://frbox.transsion.com/disk/s/65g9WLGHSbf,c6I8zi,2026-09-12 21:39:08,expired
Infinix,X672,X672,X672-H815A-S-RU-230809V2312,,MT6781,RU,2023-08-09,https://frbox.transsion.com/disk/s/Lz8qg7rv9Et,Q2USal,2026-09-12 21:39:08,expired
Infinix,X671,X671,X671-H331AB-S-GL-220709V1108,,MT6833V/PNZA(D810),GL,2022-07-09,https://frbox.transsion.com/disk/s/Rmd5junPPhd,kL4QXr,2026-09-12 21:39:07,expired
Infinix,X671,X671,X671-H331AB-S-GL-230418V1301,,MT6833V/PNZA(D810),GL,2023-04-18,https://frbox.transsion.com/disk/s/7MFxbZD1FvE,74Bxrq,2026-09-12 21:39:07,expired
itel,A632W,A632W,A632W-SA368A-SGo-OP-C2-241111V385,,SC7731E,OP,2024-11-11,https://frbox.transsion.com/disk/s/NHBgiUCPg3d,xoBYcH,2026-09-12 21:39:06,expired
itel,A632W,A632W,A632W-SA368A-SGo-OP-241231V398,,SC7731E,OP,2024-12-31,https://frbox.transsion.com/disk/s/rx9dAgdVz89,64NX1B,2026-09-12 21:39:06,expired
TECNO,P703,P703,P703-M6953AB-GO-210510V56,,,OP,2021-05-10,https://frbox.transsion.com/disk/s/iuh2nMXMD59,Yid35q,2026-09-12 21:39:06,expired
TECNO,P704,P704,P704-M6954AB-Q-OP-201104V073,,MT8321D,OP,2020-11-04,https://frbox.transsion.com/disk/s/QLCLe6eYN8X,LQWvPI,2026-09-12 21:39:05,expired
Infinix,X669,X669,X669-F065FGHIJK-S-GL-20230717V498,,UMS9230(T606),GL,2023-07-17,https://frbox.transsion.com/disk/s/E4aVK2Ey1V9,2kZ0O4,2026-09-12 21:39:04,expired
Infinix,X669,X669,X669-F065FGHIJK-S-GL-20231025V526,,UMS9230(T606),GL,2023-10-25,https://frbox.transsion.com/disk/s/ieoHodVvZxB,LX0yAF,2026-09-12 21:39:04,expired
Infinix,X669,X669,X669-F065FGHIJK-S-GL-20250122V562,,UMS9230(T606),GL,2025-01-22,https://frbox.transsion.com/disk/s/j3Jbv2c3dT5,hSfxo4,2026-09-12 21:39:04,expired
TECNO,P701,P701,P701-PB04A-N-190316V66,,MT8321A,OP,2019-03-16,https://frbox.transsion.com/disk/s/BnozcsckWHC,UJSLfI,2026-09-12 21:39:04,expired
Infinix,X668,X668,X668-F162-12.0-GL-V301-20240527,,T616,GL,,https://frbox.transsion.com/disk/s/Rowz1P3sqPj,VtXcCF,2026-09-12 21:39:03,expired
TECNO,CH6h,CH6h,CH6h-H698I-R-AS-221020V529,,MT6769V,AS,2022-10-20,https://frbox.transsion.com/disk/s/hrWq3kaEQ7V,RI4Zlw,2026-09-12 21:39:02,expired
TECNO,CH6i,CH6i,CH6i-H6921B-S-EU-230619V2018,,MT6769Z,EU,2023-06-19,https://frbox.transsion.com/disk/s/YHzUzBYq1XH,vmYOOL,2026-09-12 21:39:01,expired
TECNO,CH6i,CH6i,CH6i-H6921A-S-TR-230619V2019,,MT6769Z,TR,2023-06-19,https://frbox.transsion.com/disk/s/iTYFgvaG8HF,796246,2026-09-12 21:39:01,expired
TECNO,CH6i,CH6i,CH6i-H6921AB-S-GL-230530V2001,,MT6769Z,GL,2023-05-30,https://frbox.transsion.com/disk/s/8tDWfNZay3w,kXaEX9,2026-09-12 21:39:01,expired
itel,it5621N,it5621N,it5621N-MA2806-EnArFrPoHaSw-20221012,,MT6260A,OP,,https://frbox.transsion.com/disk/s/tASVmq3o61Z,pJTHNo,2026-09-12 21:39:01,expired
TECNO,KL8hs,KL8hs,KL8hs-H353Ad-U-COCL-DC-260710V228,,MT6835V/TZB(D6300),COCL,2026-07-10,https://frbox.transsion.com/disk/s/2EqVawELSTC,ftJVPN,2026-09-12 21:39:00,expired
TECNO,T1002,T1002,T1002-16.3.0.145SP04(OP003PF001AZ),16,MT8786V/CTZA(G88),OP,,https://frbox.transsion.com/disk/s/BD4biowckUi,qLUjhp,2026-09-12 21:38:59,expired
TECNO,T1002,T1002,T1002-16.3.0.145SP04(RU003PF001AZ),16,MT8786V/CTZA(G88),RU,,https://frbox.transsion.com/disk/s/rivAWR5Dj9v,Pd0L9V,2026-09-12 21:38:59,expired
TECNO,BG7n,BG7n,BG7n-XE674SGHJKOP-T-OP-231227V1310,,MT6765V/XB(G36),OP,2023-12-27,https://frbox.transsion.com/disk/s/bWmQX2UfrCP,SnjJMg,2026-09-12 21:38:58,expired
TECNO,BG7n,BG7n,BG7n-XE674SGHJKOP-T-OP-240415V1470,,MT6765V/XB(G36),OP,2024-04-15,https://frbox.transsion.com/disk/s/Ynqir9oRAhp,6D3JAu,2026-09-12 21:38:58,expired
TECNO,BG7n,BG7n,BG7n-XE674SJKP-T-EU-240602V1490,,MT6765V/XB(G36),EU,2024-06-02,https://frbox.transsion.com/disk/s/CR6Z2nHEtwg,GxvAg0,2026-09-12 21:38:58,expired
TECNO,BG7n,BG7n,BG7n-XE674SJKP-T-EU-240821V1564,,MT6765V/XB(G36),EU,2024-08-21,https://frbox.transsion.com/disk/s/9M5SL8jq5o9,l06ZxM,2026-09-12 21:38:58,expired
TECNO,BG7n,BG7n,BG7n-XE674SGHJKOP-T-OP-241022V1595,,MT6765V/XB(G36),OP,2024-10-22,https://frbox.transsion.com/disk/s/cqgAbepVazL,nPYLvg,2026-09-12 21:38:58,expired
TECNO,BG7n,BG7n,BG7n-XE674SGHO-T-TR-241104V1603,,MT6765V/XB(G36),TR,2024-11-04,https://frbox.transsion.com/disk/s/X5SBzM5gNiQ,sytfZ8,2026-09-12 21:38:58,expired
TECNO,BG7n,BG7n,BG7n-XE674SG-T-ZAVC-PJ-260121V374,,MT6765V/XB(G36),ZAVC,2026-01-21,https://frbox.transsion.com/disk/s/XbJ1mnWQBjz,F6Fbwf,2026-09-12 21:38:58,expired
TECNO,BG7n,BG7n,BG7n-XE674SGHO-T-RU-260121V1768,,MT6765V/XB(G36),RU,2026-01-21,https://frbox.transsion.com/disk/s/RJD1x1xE9jJ,JX3fMv,2026-09-12 21:38:58,expired
TECNO,BG7n,BG7n,BG7n-XE674SGHJKOP-T-OP-260121V1769,,MT6765V/XB(G36),OP,2026-01-21,https://frbox.transsion.com/disk/s/yCMbfMvNE5k,XA5OOO,2026-09-12 21:38:58,expired
TECNO,T1002,T1002,T1002-16.3.0.125SP02(OP002PF001AZ),16,MT8786V/CTZA(G88),OP,,https://frbox.transsion.com/disk/s/JPWeEkoc6Cm,UKhNxa,2026-09-12 21:38:58,expired
TECNO,T1001,T1001,T1001-T8630AB-U-GL-241120V46,,MT8786,GL,2024-11-20,https://frbox.transsion.com/disk/s/g7cfUwtARgh,yOd6l6,2026-09-12 21:38:57,expired
TECNO,T1001,T1001,T1001-T8630AB-U-GL-250917V56,,MT8786,GL,2025-09-17,https://frbox.transsion.com/disk/s/AZjCAbqBgrH,h5kMdJ,2026-09-12 21:38:57,expired
TECNO,T1001,T1001,T1001-T8630AB-U-GL-260708V61,,MT8786,GL,2026-07-08,https://frbox.transsion.com/disk/s/JTvjStNRvAA,6pvdeg,2026-09-12 21:38:57,expired
TECNO,KD7,KD7,KD7-H6211FQRSTU-Q-GL-220311V417,,MT6762D,GL,2022-03-11,https://frbox.transsion.com/disk/s/BiqbGsxq6uK,Q4bHSz,2026-09-12 21:38:55,expired
TECNO,KD6,KD6,KD6-H6116I-QGo-ZAMT-LC-220823V43,,MT6761,南非MTN,2022-08-23,https://frbox.transsion.com/disk/s/Lw33KpGpfnv,BqO8MT,2026-09-12 21:38:54,expired
TECNO,KD6,KD6,KD6-H6116I-QGo-ZAVC-201211V25,,MT6761,ZAVC,2020-12-11,https://frbox.transsion.com/disk/s/yjpci6XLtXo,9RgU0M,2026-09-12 21:38:54,expired
TECNO,KD6,KD6,KD6-H6116G-QGo-RU-211229V202,,MT6761,RU,2021-12-29,https://frbox.transsion.com/disk/s/hnEAAifgCzu,sb9zBk,2026-09-12 21:38:54,expired
TECNO,KD6,KD6,KD6-H6116GHIL-QGo-OP-220822V578,,MT6761,OP,2022-08-22,https://frbox.transsion.com/disk/s/Agn56qEwz4i,ZdDcv9,2026-09-12 21:38:54,expired
TECNO,KD6,KD6,KD6-H6116I-QGo-KESF-220823V63,,MT6761,KESF,2022-08-23,https://frbox.transsion.com/disk/s/KRSqMoNf7Jo,brl5TU,2026-09-12 21:38:54,expired
Infinix,X695D,X695D,X695D-H854N-R-OP-220510V248,,MT6785V,OP,2022-05-10,https://frbox.transsion.com/disk/s/zRdFkKf2JDV,QAeCgc,2026-09-12 21:38:53,expired
itel,it5627,it5627,it5627-MA3001-AmEnOmTiSo-ET-20240807,,MT6260A,ET,,https://frbox.transsion.com/disk/s/VjQh8YRMiuk,RJckYW,2026-09-12 21:38:52,expired
itel,it5627,it5627,it5627-MA3001-EnArFrPoHaSw-20240919,,MT6260A,OP,,https://frbox.transsion.com/disk/s/EQvtZ3Pf2BS,WZqJQW,2026-09-12 21:38:52,expired
itel,it5627,it5627,it5627-MA3001-EnUr-PK-20240807,,,PK,,https://frbox.transsion.com/disk/s/aDeDMNwbpo7,IZJUg8,2026-09-12 21:38:52,expired
itel,it5627,it5627,it5627-MA3001-EnArFrPoHaSw-20260114,,MT6260A,OP,,https://frbox.transsion.com/disk/s/UmNvhm63uHx,HHeneL,2026-09-12 21:38:52,expired
itel,A32F,A32F,A32F-F8007-8.1-OP-V063-20200227,,MT6580,OP,,https://frbox.transsion.com/disk/s/f7Kek83zcbm,NMDoA2,2026-09-12 21:38:51,expired
itel,it5626,it5626,it5626-GC2810-EnFrPoArSwHa-20210930,,SC6531C,OP,,https://frbox.transsion.com/disk/s/bKrPL7ZzRJP,P9KDdj,2026-09-12 21:38:50,expired
itel,it5626,it5626,it5626-GC2810-EnUr-PK-20211008,,SC6531C,PK,,https://frbox.transsion.com/disk/s/Yy6KCzxdA13,zrEwBh,2026-09-12 21:38:50,expired
itel,it5626,it5626,it5626-GC2810-EnAmOrSoTi-ET-20211008,,SC6531C,ET,,https://frbox.transsion.com/disk/s/vUoHbDwH8Ds,JTabYg,2026-09-12 21:38:50,expired
itel,it5626,it5626,it5626-GC2810-EnRuUkKk-RU-20220415,,SC6531C,RU,,https://frbox.transsion.com/disk/s/R7dS3PDhTam,AKfMl9,2026-09-12 21:38:50,expired
itel,it5626,it5626,it5626-GC2810-EnHiGuTaTePaKnBnMl-IN-20210929,,SC6531C,IN,,https://frbox.transsion.com/disk/s/eoyJ39GjXHJ,h5Jgq9,2026-09-12 21:38:50,expired
Infinix,X695C,X695C,X695C-H854JK-R-RU-220414V550,,MT6785V,RU,2022-04-14,https://frbox.transsion.com/disk/s/NTMVGfssxQK,Zm71Uz,2026-09-12 21:38:50,expired
Infinix,X695C,X695C,X695C-H854K-R-TR-220510V560,,MT6785V,TR,2022-05-10,https://frbox.transsion.com/disk/s/Pe8Mobz4XYW,SiHmvK,2026-09-12 21:38:50,expired
Infinix,X695C,X695C,X695C-H854JK-R-GL-221114V590,,MT6785V,GL,2022-11-14,https://frbox.transsion.com/disk/s/1f7SfkgFd5v,xLgOer,2026-09-12 21:38:50,expired
Infinix,X695C,X695C,X695C-H854JK-R-GL-241203V1878,,MT6785V,GL,2024-12-03,https://frbox.transsion.com/disk/s/tfBgLvKfB2L,m8UchU,2026-09-12 21:38:50,expired
TECNO,KC2j,KC2j,KC2j-H6113BJ-P-210705V296,,MT6762,GL,2021-07-05,https://frbox.transsion.com/disk/s/R7cYuqyZ9cz,8cuEz0,2026-09-12 21:38:49,expired
itel,S688LN,S688LN,S688LN-15.1.2.185(OP001PF001AZ),15,UMS9360(T7300),OP,,https://frbox.transsion.com/disk/s/5QxtLgF6Tfy,2cJcqj,2026-09-12 21:38:48,expired
Infinix,X6728,X6728,X6728-15.1.1.115SP10(OP001PF001AZ),15,MT6769V/CZ(G91),OP,,https://frbox.transsion.com/disk/s/3XuQ3oMyZVd,7mQTtJ,2026-09-12 21:38:47,expired
Infinix,X6728,X6728,X6728-15.1.2.127SP02(TR001PF001AZ),15,MT6769V/CZ(G91),TR,,https://frbox.transsion.com/disk/s/AcQwR2AZKMg,Ema7zt,2026-09-12 21:38:47,expired
Infinix,X6728,X6728,X6728-15.1.2.145SP01(OP001PF001AZ),15,MT6769V/CZ(G91),OP,,https://frbox.transsion.com/disk/s/n3fKpTUKiqi,BeA8CV,2026-09-12 21:38:47,expired
Infinix,X6728,X6728,X6728-15.1.2.180SP05(RU001PF001AZ),15,MT6769V/CZ(G91),RU,,https://frbox.transsion.com/disk/s/PQGmMdc151B,WFiFLo,2026-09-12 21:38:47,expired
Infinix,X6728,X6728,X6728-15.1.2.185(OPPJ001PF001AZ),15,MT6769V/CZ(G91),OPPJ,,https://frbox.transsion.com/disk/s/dCJr6e3JAzK,zSbpKZ,2026-09-12 21:38:47,expired
Infinix,X6728,X6728,X6728-15.1.2.185(OP001PF001AZ),15,MT6769V/CZ(G91),OP,,https://frbox.transsion.com/disk/s/TRzK7HtjTDV,DQgrKa,2026-09-12 21:38:47,expired
itel,it2110,it2110,it2110-G182-EnFrSwHaPo-SKU1-ORANGE-20170712,,SC6533DA,ORANGE,,https://frbox.transsion.com/disk/s/pYZjPxrbqxC,dvBEYI,2026-09-12 21:38:47,expired
Infinix,X6725,X6725,X6725-15.1.2.185SP10(OPPJ001PL001AZ),15,UMS9230E (T7250),OPPJ,,https://frbox.transsion.com/disk/s/o1Mi8uVieeW,v2PYZK,2026-09-12 21:38:46,expired
Infinix,X6725,X6725,X6725-15.1.2.185SP10(OP001PL001AZ),15,UMS9230E (T7250),OP,,https://frbox.transsion.com/disk/s/eX1Bh2dtTVP,1ue3Mx,2026-09-12 21:38:46,expired
Infinix,X6725,X6725,X6725-15.1.2.185SP10(IN001PL001AZ),15,UMS9230E (T7250),IN,,https://frbox.transsion.com/disk/s/QimQrMiTSiE,u5aQTl,2026-09-12 21:38:46,expired
Infinix,X6725,X6725,X6725-15.1.2.185SP10(TR001PL001AZ),15,UMS9230E (T7250),TR,,https://frbox.transsion.com/disk/s/ijvcopcS4W9,7DqPG3,2026-09-12 21:38:46,expired
TECNO,KE6j,KE6j,KE6j-H6215G-Q-TR-200726V34,,MT6762D,TR,2020-07-26,https://frbox.transsion.com/disk/s/BCA2KTANUk8,eZRILo,2026-09-12 21:38:45,expired
TECNO,KE6j,KE6j,KE6j-H6215GH-Q-GL-220614V296,,MT6762D,GL,2022-06-14,https://frbox.transsion.com/disk/s/azEhoDXaJT8,fLb8Vo,2026-09-12 21:38:45,expired
Infinix,X6726,X6726,X6726-15.1.2.185(IN001PF001AZ),15,MT6855V/AZA(D7020),IN,,https://frbox.transsion.com/disk/s/wuYbZKybKzw,pw1X5d,2026-09-12 21:38:44,expired
TECNO,AE10,AE10(Android 15),AE10-15.1.3.135(OP001PF001AZ),15,MT6983Z/TCZA(D9000+),OP,,https://frbox.transsion.com/disk/s/mZLMqw1F3ik,81Iknf,2026-09-12 21:38:42,expired
TECNO,AE10,AE10(Android 15),AE10-15.1.3.135SP01(IN001PF001AZ),15,MT6983Z/TCZA(D9000+),IN,,https://frbox.transsion.com/disk/s/anDE5Gv8HER,sUoti7,2026-09-12 21:38:42,expired
TECNO,AE10,AE10(Android 15),AE10-15.1.3.135SP01(RU001PF001AZ),15,MT6983Z/TCZA(D9000+),RU,,https://frbox.transsion.com/disk/s/g4ageNssfhN,iUixNA,2026-09-12 21:38:42,expired
TECNO,AE10,AE10(Android 15),AE10-15.1.3.135SP01(TR001PF001AZ),15,MT6983Z/TCZA(D9000+),TR,,https://frbox.transsion.com/disk/s/G1Kq1KZwhv5,PLEE2z,2026-09-12 21:38:42,expired
itel,P662L,P662L,P662L-SE668S-12.0-GL-V739-240909,,SC9863A1,GL,,https://frbox.transsion.com/disk/s/GRv2SBisCsP,T5uwOq,2026-09-12 21:38:41,expired
itel,P662L,P662L,P662L-SE668S-12.0-GL-V743-241113,,SC9863A1,GL,,https://frbox.transsion.com/disk/s/YQzgRSF7zGs,dO1M8Z,2026-09-12 21:38:41,expired
itel,P662L,P662L,P662L-SE668S-12.0-GL-V750-241226,,SC9863A1,GL,,https://frbox.transsion.com/disk/s/CMUeEPCBz8q,OXWOsu,2026-09-12 21:38:41,expired
TECNO,BG6h,BG6h,BG6h-F069Ay-TGo-IN-251011V334,,UMS9230(T606),IN,2025-10-11,https://frbox.transsion.com/disk/s/aSBbfNLMyay,PYQwHb,2026-09-12 21:38:40,expired
itel,it5625,it5625,it5625-G2803A-EnFrPoArSwHa-20190621,,SC6531C,OP,,https://frbox.transsion.com/disk/s/LjZk8iT6D59,dOKua4,2026-09-12 21:38:39,expired
itel,it5625,it5625,it5625-G2803A-ArEnFr-AROP-20190730,,SC6531C,AROP,,https://frbox.transsion.com/disk/s/CFVafxWrHdx,xa3lfD,2026-09-12 21:38:39,expired
Infinix,X6720,X6720,X6720-H353AC-U-EU-241119V1466,,MT6835V/TZB(D6300),EU,2024-11-19,https://frbox.transsion.com/disk/s/aH1XJCC8dUx,mrbweo,2026-09-12 21:38:38,expired
Infinix,X6720,X6720,X6720-H353RS-U-OP-250115V1577,,MT6835V/TZB(D6300),OP,2025-01-15,https://frbox.transsion.com/disk/s/fuC43WhEkoC,nUz4Hu,2026-09-12 21:38:38,expired
Infinix,X6720,X6720,X6720-H353BD-U-IN-260710V1702,,MT6835V/TZB(D6300),IN,2026-07-10,https://frbox.transsion.com/disk/s/28PkBcG8bG4,m0mtlc,2026-09-12 21:38:38,expired
TECNO,BG6i,BG6i,BG6i-F0610AB-TGo-OP-240115V177,,UMS9230(T606),OP,2024-01-15,https://frbox.transsion.com/disk/s/LdEEm28Mm5d,p9zZBr,2026-09-12 21:38:38,expired
TECNO,BG6i,BG6i,BG6i-F0610AB-TGo-OP-251013V457,,UMS9230(T606),OP,2025-10-13,https://frbox.transsion.com/disk/s/ZhtH8v4f3Td,8nvNBF,2026-09-12 21:38:38,expired
itel,it5606T,it5606T,it5606T-DS1828-EnFrSwHaPoAr-20260603-KV-FR,,MT6261D,FR,,https://frbox.transsion.com/disk/s/YyXGMuXeXQK,LnN60R,2026-09-12 21:38:37,expired
itel,it5606T,it5606T,it5606T-DS1828-EnFrSwHaPoAr-OP-20260630,,MT6261D,OP,,https://frbox.transsion.com/disk/s/Hw8EpZQb1ek,Zg6uGJ,2026-09-12 21:38:37,expired
Infinix,X6962,X6962,X6962-H911B-U-OP-240925V1856,,MT6891Z/CZA(D8020),OP,2024-09-25,https://frbox.transsion.com/disk/s/ZpjQJC1nYMs,qfFBFd,2026-09-12 21:38:36,expired
Infinix,X6962,X6962,X6962-H911B-U-OP-251107V2494,,MT6891Z/CZA(D8020),OP,2025-11-07,https://frbox.transsion.com/disk/s/y5Akosa4t4k,4fGj3b,2026-09-12 21:38:36,expired
Infinix,X6962,X6962,X6962-H911B-U-RU-251107V2494,,MT6891Z/CZA(D8020),RU,2025-11-07,https://frbox.transsion.com/disk/s/d2Y5vvj3mDn,XCEZHG,2026-09-12 21:38:36,expired
Infinix,X6962,X6962,X6962-H911B-U-IN-251107V2494,,MT6891Z/CZA(D8020),IN,2025-11-07,https://frbox.transsion.com/disk/s/WdgNTTteegb,8Q8NGM,2026-09-12 21:38:36,expired
itel,it5621,it5621,it5621-GE2806-EnFrAr-AROP-20210907,,SC6531E,AROP,,https://frbox.transsion.com/disk/s/MPoqiZYEq52,MkO4pl,2026-09-12 21:38:34,expired
itel,it5621,it5621,it5621-GE2806-EnFrSwHa-20210927,,SC6531E,OP,,https://frbox.transsion.com/disk/s/2jjnQCRCco9,nZodzn,2026-09-12 21:38:34,expired
itel,it5621,it5621,it5621-GE2806-EnUr-PK-20220518,,SC6531E,PK,,https://frbox.transsion.com/disk/s/b5HPexqSHUs,5q17Ru,2026-09-12 21:38:34,expired
itel,it5621,it5621,it5621-GE2806-EnBn-BD-20260320-P60,,SC6531E,BD,,https://frbox.transsion.com/disk/s/uGiaRf3E38r,061241,2026-09-12 21:38:34,expired
itel,it5622,it5622,it5622-G243-AmEnSoOrTi-ET-ETC-20170712,,SC6531CA,ET,,https://frbox.transsion.com/disk/s/SxmdEJaC9dK,jTgjN2,2026-09-12 21:38:34,expired
itel,it5622,it5622,IT5622-G243-EKH2-BD-20170831,,SC6531CA,BD,,https://frbox.transsion.com/disk/s/FRiHvYa4Scp,7nwIi8,2026-09-12 21:38:34,expired
itel,it5622,it5622,IT5622-G243-EnFrPoArSwHa-20180124,,SC6531CA,OP,,https://frbox.transsion.com/disk/s/oP2o38PMgKq,ackvK4,2026-09-12 21:38:34,expired
itel,it5622,it5622,it5622-UL243-EnHiGuTe-IN-20180205-SupN,,MT6261A,IN,,https://frbox.transsion.com/disk/s/ctjATUErLGU,AhsgiA,2026-09-12 21:38:34,expired
TECNO,BG6m,BG6m,BG6m-F069MHd-UGo-RU-240905V226,,T606,RU,2024-09-05,https://frbox.transsion.com/disk/s/ZaY93zNvYHu,4n88Zo,2026-09-12 21:38:33,expired
TECNO,BG6m,BG6m,BG6m-F069MHj-UGo-OPPJ-PJ-S2-250718V374,,T606,OPPJ-S2,2025-07-18,https://frbox.transsion.com/disk/s/HVJNt6sJfS4,F0cV43,2026-09-12 21:38:33,expired
TECNO,BG6m,BG6m,BG6m-F069MHbHcHdHfHg-UGo-OP-260409V2058,,T606,OP,2026-04-09,https://frbox.transsion.com/disk/s/YDPcZddTT74,mzBRym,2026-09-12 21:38:33,expired
TECNO,BG6m,BG6m,BG6m-F069MHd-UGo-OPPJ-PJ-260422V468,,T606,OPPJ,2026-04-22,https://frbox.transsion.com/disk/s/ovZ27VKa4cp,AgIS8N,2026-09-12 21:38:33,expired
TECNO,BG6m,BG6m,BG6m-F069MHhHiHjHkHl-UGo-OP-S2-260709V2080,,T606,OP-S2,2026-07-09,https://frbox.transsion.com/disk/s/kG2naCyn1Ud,ZLtzxm,2026-09-12 21:38:33,expired
itel,A507LV,A507LV-V3,A507LV-V3-SU336L-SGo-ZAVC-LC-20241018V206,,SC9832E,ZAVC,2024-10-18,https://frbox.transsion.com/disk/s/oF1BCG3JKj8,CGvHgG,2026-09-12 21:38:30,expired
TECNO,KC8,KC8,KC8-H6110L-P-RU-200721V96,,MT6761,RU,2020-07-21,https://frbox.transsion.com/disk/s/NZBa9cDf6St,KZdp6F,2026-09-12 21:38:30,expired
TECNO,KC8,KC8,KC8-H6110LMN-Q-OP-210708V261,,MT6761,OP,2021-07-08,https://frbox.transsion.com/disk/s/MB6PT3vVW1y,zG2m41,2026-09-12 21:38:30,expired
TECNO,KC6,KC6,KC6-H6114I-P-RU-200727V122,,MT6761,RU,2020-07-27,https://frbox.transsion.com/disk/s/nxGh588nsXT,Zuy7Jz,2026-09-12 21:38:29,expired
TECNO,KC6,KC6,KC6-H6114IJK-P-210722V253,,SC9832E,OP,2021-07-22,https://frbox.transsion.com/disk/s/vY84d5mYHjT,OOj8U5,2026-09-12 21:38:29,expired
itel,A507LV,A507LV-V2,A507LV-V2-SU336L-SGo-ZAVC-LC-20240425V174,,SC9832E,ZAVC,2024-04-25,https://frbox.transsion.com/disk/s/t9LDFvDRxGS,kYsmBS,2026-09-12 21:38:28,expired
itel,A507LV,A507LV-V2,A507LV-V2-SU336L-SGo-ZAVC-LC-20240527V179,,SC9832E,ZAVC,2024-05-27,https://frbox.transsion.com/disk/s/krEnSLn1SnJ,ct0WDh,2026-09-12 21:38:28,expired
itel,it5608N,it5608N,it5608N-G1808-EnHi-NP-20250723,,,NP,,https://frbox.transsion.com/disk/s/1HLDfSf3VUx,WeQk6q,2026-09-12 21:38:27,expired
itel,it5608N,it5608N,it5608N-G1808-EnEs-SAM-20250928,,SC6531E,SAM,,https://frbox.transsion.com/disk/s/7bWFNyKLJ3J,rC74XU,2026-09-12 21:38:27,expired
itel,it5608N,it5608N,it5608N-G1808-EnHiGuTeTaPaKnMlBnMr-IN-20260417,,SC6531E,IN,,https://frbox.transsion.com/disk/s/oKfYKT9tqDG,rhKr9U,2026-09-12 21:38:27,expired
itel,it5608N,it5608N,it5608N-G1808-EnBn-BD-20260427,,SC6531E,BD,,https://frbox.transsion.com/disk/s/TXDdUEcNTMG,Q9Xdq4,2026-09-12 21:38:27,expired
itel,it6360N,it6360N,it6360N-MA2813-EnUr-PK-20240424-P60,,MT6260A,PK,,https://frbox.transsion.com/disk/s/qZu9jdtMEYX,Hkf9vX,2026-09-12 21:38:26,expired
itel,it6360N,it6360N,it6360N-MA2813-EnBn-BD-20240816-P60,,MT6260A,BD,,https://frbox.transsion.com/disk/s/7igeGqCHFPJ,oIEBVa,2026-09-12 21:38:26,expired
itel,it6360N,it6360N,it6360N-MA2813-EnArFrPoHaSw-20240814-P60,,MT6260A,OP,,https://frbox.transsion.com/disk/s/AUziyB3noZ2,B04IPV,2026-09-12 21:38:26,expired
TECNO,KC3,KC3,KC3-H627G-P-210722V331,,SC9832E,GL,2021-07-22,https://frbox.transsion.com/disk/s/w5TyTeRyMbB,df8iAR,2026-09-12 21:38:25,expired
TECNO,KC2,KC2,KC2-H6113AI-P-210705V320,,MT6761,GL,2021-07-05,https://frbox.transsion.com/disk/s/KB4YQixo1rY,wR0lEC,2026-09-12 21:38:25,expired
itel,it5608P,it5608P,it5608P-G1808-EnUrFa-PK-20250918,,,PK,,https://frbox.transsion.com/disk/s/iWqngFQCiwh,cUbMhE,2026-09-12 21:38:24,expired
Infinix,X656,X656,X656-H6211D-Q-KESF-201216V96,,MT6762,KESF,2020-12-16,https://frbox.transsion.com/disk/s/2JfWFNYvCyt,TMBYQn,2026-09-12 21:38:23,expired
Infinix,X656,X656,X656-H6211D-Q-TR-201216V23,,MT6762,TR,2020-12-16,https://frbox.transsion.com/disk/s/yz6YKLky4tz,Jm3GgV,2026-09-12 21:38:23,expired
Infinix,X656,X656,X656-H6211DLNP-Q-OP-220311V386,,MT6762,OP,2022-03-11,https://frbox.transsion.com/disk/s/wLMZheZo12v,jvY0Um,2026-09-12 21:38:23,expired
TECNO,KC1,KC1,KC1-H6114AL-P-210513V520,,MT6762,GL,2021-05-13,https://frbox.transsion.com/disk/s/yrBYCovCGmq,HuOifn,2026-09-12 21:38:23,expired
Infinix,X655,X655,X655-H6210ABFG-Q-OP-220823V559,,MT6762D,OP,2022-08-23,https://frbox.transsion.com/disk/s/UDUFZC7cQ3n,oHcIk6,2026-09-12 21:38:22,expired
itel,P552W,P552W,P552W-SA360-11.0-OP-V032-20231117,,SC7731E,OP,,https://frbox.transsion.com/disk/s/SuuDbLGmR29,HkqAbq,2026-09-12 21:38:21,expired
itel,P552W,P552W,P552W-SA360-11.0-OP-V036-20240204,,SC7731E,OP,,https://frbox.transsion.com/disk/s/jZKrtuiYs4L,F3DyAX,2026-09-12 21:38:21,expired
itel,P661W,P661W,P661W-F3120-11.0-OP-V78-20230614,,SC7731E,OP,,https://frbox.transsion.com/disk/s/nPzKdM32QC5,PsehA2,2026-09-12 21:38:21,expired
itel,P661W,P661W,P661W-F3120-11.0-OP-V89-20231218,,SC7731E,OP,,https://frbox.transsion.com/disk/s/qKz7nrcAjhb,vKs3MH,2026-09-12 21:38:21,expired
itel,P661W,P661W,P661W-F3120-11.0-OP-V167-20240221,,SC7731E,OP,,https://frbox.transsion.com/disk/s/sTkTfwE3jf7,Og01Zj,2026-09-12 21:38:21,expired
Infinix,X652,X652,X652-H627B-P-TR-191230V30,,MT6765,TR,2019-12-30,https://frbox.transsion.com/disk/s/ZdV4LQmhhNt,g7W32g,2026-09-12 21:38:19,expired
Infinix,X652,X652,X652-H627AB-P-210625V458,,MT6762,GL,2021-06-25,https://frbox.transsion.com/disk/s/iXrJsrr1WWK,kKIHRI,2026-09-12 21:38:19,expired
Infinix,X653,X653,X653-H6114NOP-PGo-210901V551,,MT6763,OP,2021-09-01,https://frbox.transsion.com/disk/s/vgpKXAzWsho,UEa20Q,2026-09-12 21:38:19,expired
itel,it2120,it2120,IT2120-G183-AmEnSoOrTi-ET-20160525-RELEASE,,SC6531DA,ET,,https://frbox.transsion.com/disk/s/f2LVK8yEt4D,O9j948,2026-09-12 21:38:17,expired
Infinix,X650,X650,X650-H8029AB-OGo-210716V484,,MT6580,OP,2021-07-16,https://frbox.transsion.com/disk/s/XNzpDmW56Xk,3J6fcF,2026-09-12 21:38:17,expired
Infinix,X6739,X6739,X6739-H931GH-T-EU-230621V1122,,MT6893Z_T/CZA(D8050),EU,2023-06-21,https://frbox.transsion.com/disk/s/bYXpcztfY4Q,PNARsX,2026-09-12 21:38:16,expired
Infinix,X6739,X6739,X6739-H931GH-T-TR-231101V2362,,MT6893Z_T/CZA(D8050),TR,2023-11-01,https://frbox.transsion.com/disk/s/mgCACcZ2TbD,7cPXrO,2026-09-12 21:38:16,expired
Infinix,X6739,X6739,X6739-H931H-T-RU-240412V3580,,MT6893Z_T/CZA(D8050),RU,2024-04-12,https://frbox.transsion.com/disk/s/Nz9ggmZqUAs,YMNbUU,2026-09-12 21:38:16,expired
Infinix,X6739,X6739,X6739-H931GH-T-GL-240620V4072,,MT6893Z_T/CZA(D8050),GL,2024-06-20,https://frbox.transsion.com/disk/s/T6wgYhLLHRC,on20ty,2026-09-12 21:38:16,expired
itel,P661N,P661N,P661N-H334IJKLN-T-GL-250723V660,,MT6833G(D6020),GL,2025-07-23,https://frbox.transsion.com/disk/s/A7qFutXjRgj,CootEz,2026-09-12 21:38:15,expired
itel,P10004L,P10004L,P10004L-CS321-U-GL-251028V26,,UMS9230(T606),GL,2025-10-28,https://frbox.transsion.com/disk/s/E5MHZ64N7As,YxA5cO,2026-09-12 21:38:14,expired
itel,P10004L,P10004L,P10004L-CS321-U-GL-260805V29,,UMS9230(T606),GL,2026-08-05,https://frbox.transsion.com/disk/s/QYMqSR3D9cM,ZAqWIY,2026-09-12 21:38:14,expired
itel,P685L,P685L,P685L-16.3.0.115SP02(OP004PF001AZ),16,T7250,OP,,https://frbox.transsion.com/disk/s/zb3FCT2FTcU,mDpgm4,2026-09-12 21:38:13,expired
itel,P685L,P685L,P685L-16.3.0.150SP03(OP002PF001AZ),16,T7250,OP,,https://frbox.transsion.com/disk/s/mhVDyWnKNNw,WVQO80,2026-09-12 21:38:13,expired
itel,it5608B,it5608B,it5608B-G1813-EnBnMyUr-BD-20210125,,SC6531E,BD,,https://frbox.transsion.com/disk/s/Xirj76aYgE8,EvtmJF,2026-09-12 21:38:13,expired
Infinix,X6730,X6730,X6730-15.1.2.185(IN001PF001AZ),15,MT6835V/TTZB(D6400),IN,,https://frbox.transsion.com/disk/s/iZqSk7c5NWF,yT2aTJ,2026-09-12 21:38:12,expired
Infinix,X6731,X6731,X6731-H935AB-T-RU-240426V3729,,MT6891Z/CZA(D8020),RU,2024-04-26,https://frbox.transsion.com/disk/s/dvJcEXE2RGU,gvT0PH,2026-09-12 21:38:11,expired
Infinix,X6731,X6731,X6731-H935AB-T-GL-240613V4001,,MT6891Z/CZA(D8020),GL,2024-06-13,https://frbox.transsion.com/disk/s/6Qmf6EHRrcr,uaElXC,2026-09-12 21:38:11,expired
Infinix,X6731,X6731,X6731-H935AB-T-GL-240821V4098,,MT6891Z/CZA(D8020),GL,2024-08-21,https://frbox.transsion.com/disk/s/kW2dmn6Vmkf,jMYDYL,2026-09-12 21:38:11,expired
Infinix,X6731,X6731,X6731-H935CD-T-EU-241121V4122,,MT6891Z/CZA(D8020),EU,2024-11-21,https://frbox.transsion.com/disk/s/SgbAvNy8DAi,PtSvXf,2026-09-12 21:38:11,expired
TECNO,AD10,AD10(Android 15),AD10-15.1.3.135SP01(GL001PF001AZ),15,MT6983Z/TC(D9000+),GL,,https://frbox.transsion.com/disk/s/DhZASkVWvth,SNQlMy,2026-09-12 21:38:10,expired
TECNO,AD10,AD10(Android 15),AD10-15.1.3.135SP01(RU001PF001AZ),15,MT6983Z/TC(D9000+),RU,,https://frbox.transsion.com/disk/s/VvhfwDAerqt,R5UqzE,2026-09-12 21:38:10,expired
TECNO,AD10,AD10(Android 15),AD10-15.1.3.135SP01(TR001PF001AZ),15,MT6983Z/TC(D9000+),TR,,https://frbox.transsion.com/disk/s/HrK6WWJsEXP,DwHkmC,2026-09-12 21:38:10,expired
TECNO,T316,T316-M2005,T316-M2005-EnFrArSwHaPo-OP-20251010,,MT6261D,OP,,https://frbox.transsion.com/disk/s/VcoE6rDkC4i,WNEqYi,2026-09-12 21:38:10,expired
TECNO,T316,T316-M2005,T316-M2005-EnFrArSwHaPo-OP-20251028,,MT6261D,OP,,https://frbox.transsion.com/disk/s/4EHkLwwBPGg,UgWGVl,2026-09-12 21:38:10,expired
itel,it5631,it5631,it5631-M2808-EnUr-PK-20210914,,MT6261D,PK,,https://frbox.transsion.com/disk/s/mR8PY9p96wS,XBoUlT,2026-09-12 21:38:09,expired
itel,it5631,it5631,it5631-M2808-EnRuUkKk-RU-20210915,,MT6261D,RU,,https://frbox.transsion.com/disk/s/ebUAZrapQ2F,kLrZyM,2026-09-12 21:38:09,expired
TECNO,KB7,KB7,KB7-H8025UVY-OGo-201230V357,,MT6580,OP,2020-12-30,https://frbox.transsion.com/disk/s/3Hux1hQGHXy,bOEAGv,2026-09-12 21:38:08,expired
TECNO,KG5ks,KG5ks,KG5ks-F062MXTC-11.0-MXTC-V55-20221213,,T606,MXTC,,https://frbox.transsion.com/disk/s/k4rNQH9GJTL,TbSXxo,2026-09-12 21:38:07,expired
itel,it5609,it5609,it5609-M2001-AmEnTiOmSo-ET-20240703-P60,,MT6261D,ET,,https://frbox.transsion.com/disk/s/6drPTvGTfJ4,zHNQ1v,2026-09-12 21:38:06,expired
itel,it5609,it5609,it5609-M2001-EnFrPoHaArSw-20241011-P60,,MT6261D,OP,,https://frbox.transsion.com/disk/s/PoBsyjTBcFR,nEkqka,2026-09-12 21:38:06,expired
TECNO,KB8,KB8,KB8-H624P-Q-RU-201203V83,,MT6761,RU,2020-12-03,https://frbox.transsion.com/disk/s/hZqJaM7h2jV,OCAHgE,2026-09-12 21:38:06,expired
TECNO,KB8,KB8,KB8-H624BNPQ-Q-210106V886,,MT6761,OP,2021-01-06,https://frbox.transsion.com/disk/s/Ljm7hVqQg1y,98O1mz,2026-09-12 21:38:06,expired
TECNO,KB3,KB3,KB3-H624A-P-210105V375,,MT6761,GL,2021-01-05,https://frbox.transsion.com/disk/s/ptBtcVhQuea,PONlaq,2026-09-12 21:38:05,expired
itel,it5608,it5608,it5608-G1813-EnHiGuTaTePaBnKn-IN-20220610,,SC6531E,IN,,https://frbox.transsion.com/disk/s/1R2Ycws9TvT,5jTBxq,2026-09-12 21:38:04,expired
itel,it5607,it5607,it5607-G1808-EnHiGuTaTePaBnKn-IN-20220601,,SC6531E,IN,,https://frbox.transsion.com/disk/s/Boc62puPHeG,hPepFu,2026-09-12 21:38:03,expired
TECNO,KE5S,KE5S,KE5S-H6123C-QGo-KESF-210408V046,,MT6761D,KESF,2021-04-08,https://frbox.transsion.com/disk/s/rw3485wDcjt,BS17Vo,2026-09-12 21:38:03,expired
itel,V200,V200,V200-GS1808-EnFrSwHaPoAr-20260728-TRM7292,,SC6533G,OP,,https://frbox.transsion.com/disk/s/QEKK5cBAxun,UJhEbC,2026-09-12 21:38:02,expired
itel,it5606,it5606,IT5606-DL194-ENHIGUTATEPA-IN-20180806,,MT6260M,IN,,https://frbox.transsion.com/disk/s/LbbNaVzKkse,WcN9Ko,2026-09-12 21:38:01,expired
itel,it5606,it5606,it5606-DL194-EnFrPoHaArFaSw-20240113,,MT6260M,OP,,https://frbox.transsion.com/disk/s/aAAjPSquc9Q,hR7nAC,2026-09-12 21:38:01,expired
itel,it5606,it5606,it5606-DL194-EnFrPoHaArFaSw-20251222-P60,,MT6260M,OP,,https://frbox.transsion.com/disk/s/8jZGLj3rmP9,TergFg,2026-09-12 21:38:01,expired
itel,it5606,it5606,it5606-DL194-AmEnOmTi-ET-20251223-P60,,MT6260M,ET,,https://frbox.transsion.com/disk/s/shSzqRwqoen,4YoiRc,2026-09-12 21:38:01,expired
itel,it5606,it5606,it5606-DL194-EnFrAr-TD-20260728,,MT6260M,TD,,https://frbox.transsion.com/disk/s/QTndMAUkWS9,6hWh5N,2026-09-12 21:38:01,expired
TECNO,KB2,KB2,KB2-H613DJ-O-201103V192,,MT6761,GL,2020-11-03,https://frbox.transsion.com/disk/s/PGpmJCmuo33,7yNKas,2026-09-12 21:38:01,expired
Infinix,X623,X623,X623-QL1819ABCDEFI-O-200722V68,,MSM8917,OP,2020-07-22,https://frbox.transsion.com/disk/s/Qi1kpLdNMK9,ucakfZ,2026-09-12 21:37:59,expired
itel,it5605,it5605,IT5605-DL194-ENHIGUTATEPA-IN-20180810,,MT6261,IN,,https://frbox.transsion.com/disk/s/J7wJMtVqXtb,FdrvBn,2026-09-12 21:37:59,expired
Infinix,X622,X622,X622-QL1818DF-O-IN-200519V80,,MSM8937,IN,2020-05-19,https://frbox.transsion.com/disk/s/tQu6fBF8CVw,uGYXWl,2026-09-12 21:37:58,expired
Infinix,X622,X622,X622-QL1818BCDE-O-200519V80,,MSM8937,OP,2020-05-19,https://frbox.transsion.com/disk/s/y3s2foRm98x,4VYnZ0,2026-09-12 21:37:58,expired
Infinix,X620,X620,X620-Q6361B-O-190108V34,,SDM636,OP,2019-01-08,https://frbox.transsion.com/disk/s/8h384sZCJhN,IyD3dv,2026-09-12 21:37:57,expired
itel,P551W,P551W,P551W-SA360-11.0-OP-V028-20230619,,SC7731E,OP,,https://frbox.transsion.com/disk/s/Z7TsNxRGro4,SyrLv7,2026-09-12 21:37:57,expired
itel,P551W,P551W,P551W-SA360-11.0-OP-V032-20231018,,SC7731E,OP,,https://frbox.transsion.com/disk/s/wyC1jtSPw9a,v6I60l,2026-09-12 21:37:57,expired
itel,P551W,P551W,P551W-SA360-11.0-OP-V036-20240201,,SC7731E,OP,,https://frbox.transsion.com/disk/s/nzrKtfKjZ7o,sepiCb,2026-09-12 21:37:57,expired
itel,S666LN,S666LN,S666LN-MA66BGHP-T-IN-240712V1446,,MT6789U(G99 Ultimate),IN,2024-07-12,https://frbox.transsion.com/disk/s/WxbvfQquUtY,g2Pmz7,2026-09-12 21:37:56,expired
itel,S666LN,S666LN,S666LN-MA66BADL-T-RU-241210V1530,,MT6789U(G99 Ultimate),RU,2024-12-10,https://frbox.transsion.com/disk/s/L9CAqCk3Dnf,tLFNnh,2026-09-12 21:37:56,expired
itel,S666LN,S666LN,S666LN-MA66BABCDEFLMNQ-T-OP-251212V1661,,MT6789U(G99 Ultimate),OP,2025-12-12,https://frbox.transsion.com/disk/s/677sSnBEKKX,aw9NQ6,2026-09-12 21:37:56,expired
TECNO,LH7n,LH7n,LH7n-H894J-T-EU-230814V1299,,MT6789,EU,2023-08-14,https://frbox.transsion.com/disk/s/tTCGubdP5Wx,2aw53x,2026-09-12 21:37:55,expired
TECNO,LH7n,LH7n,LH7n-H894JKLM-T-GL-231122V1532,,MT6789,GL,2023-11-22,https://frbox.transsion.com/disk/s/CdLSnxrNPw4,gV7HMJ,2026-09-12 21:37:55,expired
TECNO,LH7n,LH7n,LH7n-H894LM-T-TR-240222V1705,,MT6789,TR,2024-02-22,https://frbox.transsion.com/disk/s/gpi2QmMQaKm,SPYh1G,2026-09-12 21:37:55,expired
TECNO,LH7n,LH7n,LH7n-H894LM-T-RU-240619V1772,,MT6789,RU,2024-06-19,https://frbox.transsion.com/disk/s/AaCr2RRZ9U5,9DMDWg,2026-09-12 21:37:55,expired
TECNO,LH7n,LH7n,LH7n-H894JKLM-T-GL-240620V1775,,MT6789,GL,2024-06-20,https://frbox.transsion.com/disk/s/iPpQXxKe98F,3u6S6w,2026-09-12 21:37:55,expired
Infinix,X6880,X6880(Android 15),X6880-15.1.2.185(OP001PF001AZ),15,MT6789H(G100),OP,,https://frbox.transsion.com/disk/s/Y8LYSeoNr5A,bYRufi,2026-09-12 21:37:54,expired
Infinix,X6880,X6880(Android 15),X6880-15.1.2.185(OPPJ001PF001PJ),15,MT6789H(G100),OPPJ,,https://frbox.transsion.com/disk/s/LpabKDdVg5g,BaVvFc,2026-09-12 21:37:54,expired
Infinix,X6880,X6880(Android 15),X6880-15.1.2.185SP01(TR001PF001AZ),15,MT6789H(G100),TR,,https://frbox.transsion.com/disk/s/fVCDXZ2bEay,ckutup,2026-09-12 21:37:54,expired
Infinix,X6880,X6880(Android 15),X6880-15.1.2.185(RU001PF001AZ),15,MT6789H(G100),RU,,https://frbox.transsion.com/disk/s/gTg4R5i3Gbx,2s5Acl,2026-09-12 21:37:54,expired
Infinix,X6880,X6880(Android 15),X6880-15.1.2.185(EU001PF001AZ),15,MT6789H(G100),EU,,https://frbox.transsion.com/disk/s/xD1kLgSSg4K,hDi8qo,2026-09-12 21:37:54,expired
itel,A611W,A611W,A611W-SP615-11.0-OP-V007-20220307,,SC7731E,OP,,https://frbox.transsion.com/disk/s/jwRnBnqD3Eq,m0JmR9,2026-09-12 21:37:54,expired
Infinix,X6711,X6711(Android 14),X6711-H333EHI-U-GL-250418V840,14,MT6833GP(D6080),GL,2025-04-18,https://frbox.transsion.com/disk/s/fCWHGqmVqGb,0Yq3ku,2026-09-12 21:37:53,expired
TECNO,N6,N6,N6-H809A1-M-170206V11,,MT6580,ETEC,2017-02-06,https://frbox.transsion.com/disk/s/DtG4boLc67T,hWML1Q,2026-09-12 21:37:50,expired
itel,it5603,it5603,it5603-i611-EnHiGu-IN-20180523,,MT6261D,IN,,https://frbox.transsion.com/disk/s/rxLhmRxY8Ax,cTrn0R,2026-09-12 21:37:49,expired
TECNO,CL6,CL6(Android 15),CL6-15.1.2.180SP05(OP001PF001AZ),15,MT6789U(G99 Ultimate),OP,,https://frbox.transsion.com/disk/s/1vhA3R9xSWN,ZyZbOp,2026-09-12 21:37:46,expired
TECNO,CL6,CL6(Android 15),CL6-15.1.2.180SP05(OPPJ001PF001PJ),15,MT6789U(G99 Ultimate),OPPJ,,https://frbox.transsion.com/disk/s/YSWPjEa2gQt,iM95Pw,2026-09-12 21:37:46,expired
TECNO,CL6,CL6(Android 15),CL6-15.1.2.180SP05(RU001PF001AZ),15,MT6789U(G99 Ultimate),RU,,https://frbox.transsion.com/disk/s/2JEgpgfxVRq,bXcyC5,2026-09-12 21:37:46,expired
TECNO,CL6,CL6(Android 15),CL6-15.1.2.180SP05(TR001PF001AZ),15,MT6789U(G99 Ultimate),TR,,https://frbox.transsion.com/disk/s/9gTy8btdvpb,3Iiujt,2026-09-12 21:37:46,expired
Infinix,X6821,X6821(Android 13),X6821-H891K-T-RU-240327V1029,13,MT6789V/CD(G99),RU,2024-03-27,https://frbox.transsion.com/disk/s/4T8JSftXtoG,nGOqE1,2026-09-12 21:37:45,expired
Infinix,X6821,X6821(Android 13),X6821-H891JK-T-GL-240513V1121,13,MT6789,GL,2024-05-13,https://frbox.transsion.com/disk/s/jZpxacXKu3N,nqN02T,2026-09-12 21:37:45,expired
Infinix,X6821,X6821(Android 13),X6821-H891JK-T-GL-240725V1245,13,MT6789,GL,2024-07-25,https://frbox.transsion.com/disk/s/jbmvj9kP5AB,r9sNZ8,2026-09-12 21:37:45,expired
itel,it5600,it5600,it5600-G185C-AmEnOrSoTi-ET-20180305,,SC6531E,ET,,https://frbox.transsion.com/disk/s/SxLdoRUYcMs,IQQal9,2026-09-12 21:37:44,expired
itel,it5600,it5600,it5600-DL183-EnHiTeGu-IN-20180403-SupN,,MT6261D,IN,,https://frbox.transsion.com/disk/s/rubjk6esZNg,DZUhFG,2026-09-12 21:37:44,expired
TECNO,N2,N2,N2-D2030B1-M-TZTG-170307V6,,MT6580M,TZ,2017-03-07,https://frbox.transsion.com/disk/s/UR45QD7Vayb,zgeJgz,2026-09-12 21:37:44,expired
TECNO,KA7,KA7,KA7-H8024ABC-OGo-200625V221,,MT6580,OP,2020-06-25,https://frbox.transsion.com/disk/s/7AFPjGmonm3,Oeoq2s,2026-09-12 21:37:42,expired
TECNO,KA6,KA6,KA6-H8025FG-OGo-201201V219,,MT6580,OP,2020-12-01,https://frbox.transsion.com/disk/s/9q8Dfb6eA2e,wqvvzG,2026-09-12 21:37:42,expired
TECNO,AD11,AD11,AD11-H932A-T-GL-240205V4668,,MT6893Z_T/CZA(D8050),GL,2024-02-05,https://frbox.transsion.com/disk/s/VQptkPdomxw,5ro559,2026-09-12 21:37:40,expired
TECNO,AD11,AD11,AD11-H932A-T-RU-240823V5639,,MT6893Z_T/CZA(D8050),RU,2024-08-23,https://frbox.transsion.com/disk/s/yU389cMYJZr,xXLsAE,2026-09-12 21:37:40,expired
TECNO,AD11,AD11,AD11-H932A-T-GL-240823V5638,,MT6893Z_T/CZA(D8050),GL,2024-08-23,https://frbox.transsion.com/disk/s/UFFusLmnXtx,pnKEhh,2026-09-12 21:37:40,expired
TECNO,AD11,AD11,AD11-H932A-T-TR-240823V5640,,MT6893Z_T/CZA(D8050),TR,2024-08-23,https://frbox.transsion.com/disk/s/zbzBaXEhuw9,kFjIBt,2026-09-12 21:37:40,expired
TECNO,AD11,AD11,AD11-H932A-T-IN-240906V5647,,MT6893Z_T/CZA(D8050),IN,2024-09-06,https://frbox.transsion.com/disk/s/B5V2KkJysFT,43N3OE,2026-09-12 21:37:40,expired
itel,it5032A,it5032A,it5032A-ET2436-EnFrSwHaPoAr-20250919,,SC6531E,OP,,https://frbox.transsion.com/disk/s/Gy7mUbvLvtc,dOK790,2026-09-12 21:37:40,expired
itel,it5032A,it5032A,it5032A-ET2436-AmEnSoTiOm-ET-20251013,,SC6531E,ET,,https://frbox.transsion.com/disk/s/VT8Q3L34fC5,Ifenav,2026-09-12 21:37:40,expired
itel,V210,V210,V210-GS1820-EnFrSwHaPoAr-20230926,,SC6533G,OP,,https://frbox.transsion.com/disk/s/DotA1kRUs4o,fuo8e8,2026-09-12 21:37:39,expired
itel,it5619,it5619,it5619-MA3001-EnArFrPoHaSw-20240418,,MT6260A,OP,,https://frbox.transsion.com/disk/s/EkUTheiybEx,dk2GtE,2026-09-12 21:37:38,expired
itel,it5619,it5619,it5619-MA3001-EnArFrPoHaSw-20240424,,MT6260A,OP,,https://frbox.transsion.com/disk/s/WhagvHEmAjP,ZSIzLF,2026-09-12 21:37:38,expired
itel,it5619,it5619,it5619-MA3001-AmEnOmTiSo-ET-20240516,,MT6260A,ET,,https://frbox.transsion.com/disk/s/xRwkmdH2KNJ,XLJvJq,2026-09-12 21:37:38,expired
itel,it5619,it5619,it5619-MA3001-EnArFrPoHaSw-20240718,,MT6260A,OP,,https://frbox.transsion.com/disk/s/ADDdXEUukiV,OtWAPe,2026-09-12 21:37:38,expired
itel,it5619,it5619,it5619-MA3001-EnArFrPoHaSw-20240929,,MT6260A,OP,,https://frbox.transsion.com/disk/s/qScXUqAdCMg,f42ZVA,2026-09-12 21:37:38,expired
itel,it5619,it5619,it5619-MA3001-EnEs-SAM-20250715,,,SAM,,https://frbox.transsion.com/disk/s/cRNwXSLG4Kc,3BQytz,2026-09-12 21:37:38,expired
TECNO,AD10,AD10,AD10-H832AB-T-GL-231219V7735,,MT6983Z/TC(D9000 Pro),GL,2023-12-19,https://frbox.transsion.com/disk/s/GM3vFsSHaUd,fsLseO,2026-09-12 21:37:37,expired
TECNO,AD10,AD10,AD10-H832AB-T-TR-240610V9198,,MT6983Z/TC(D9000 Pro),TR,2024-06-10,https://frbox.transsion.com/disk/s/TN8Tgbh6ZEx,Jaxbse,2026-09-12 21:37:37,expired
TECNO,AD10,AD10,AD10-H832AB-T-RU-240610V9202,,MT6983Z/TC(D9000 Pro),RU,2024-06-10,https://frbox.transsion.com/disk/s/SYw4AhZ24LB,5NCDX5,2026-09-12 21:37:37,expired
TECNO,AD10,AD10,AD10-H832AB-T-GL-241009V9343,,MT6983Z/TC(D9000 Pro),GL,2024-10-09,https://frbox.transsion.com/disk/s/FxdzihEjnws,fRpvtt,2026-09-12 21:37:37,expired
itel,it5618,it5618,it5618-G2425-EnFrPoArSwHa-20200410,,SC6531C,OP,,https://frbox.transsion.com/disk/s/HtLsfTY97jA,1GTRQd,2026-09-12 21:37:35,expired
Infinix,X650C,X650C,X650C-H626D-P-TR-200323V14,,MT6762,TR,2020-03-23,https://frbox.transsion.com/disk/s/iTKahg3mUBm,B0FjQG,2026-09-12 21:37:35,expired
Infinix,X650C,X650C,X650C-H626DEJ-P-210525V327,,MT6761,GL,2021-05-25,https://frbox.transsion.com/disk/s/RjQU6yb7enG,F9fTWX,2026-09-12 21:37:35,expired
itel,it5617,it5617,it5617-G2423-EnBnVi-SEA-20200313,,SC6531E,SEA,,https://frbox.transsion.com/disk/s/s6Z6D4kWHaz,HLTLVV,2026-09-12 21:37:34,expired
itel,it5617,it5617,it5617-G2423-EnBn-BD-20260319-P60,,SC6531E,BD,,https://frbox.transsion.com/disk/s/5ZyPsdRYYHM,gTeo2s,2026-09-12 21:37:34,expired
Infinix,X650D,X650D,X650D-H6113KLN-P-210716V168,,MT6762,OP,2021-07-16,https://frbox.transsion.com/disk/s/xTwtftTX2mj,y2CDVQ,2026-09-12 21:37:34,expired
itel,it5616,it5616,it5616-UL269-EnHiTaKn-IN-20190425,,MT6260A,IN,,https://frbox.transsion.com/disk/s/kVVzjYwBTWw,3Q92nM,2026-09-12 21:37:32,expired
itel,it5615,it5615,it5615-G2425-EnFrPoArSwHa-RTM7292-20220323-1519,,SC6531C,RTM7292,,https://frbox.transsion.com/disk/s/tPyZTf2wrLV,E8YsvY,2026-09-12 21:37:31,expired
itel,it5615,it5615,it5615-G2425-EnRuUkKkFr-RU-RTM7292-20240226,,SC6531C,RU,,https://frbox.transsion.com/disk/s/maFtrPMc5m8,RxwKfE,2026-09-12 21:37:31,expired
Infinix,X6526,X6526(Android 13),X6526-V658ADEFGHIJ-TGo-OP-250107V221,13,MT6765V/XB(G36),OP,2025-01-07,https://frbox.transsion.com/disk/s/9K3VZWZeGTK,pncKLI,2026-09-12 21:37:29,expired
Infinix,X6526,X6526(Android 13),X6526-V658ADEFGHIJ-TGo-OP-250906V326,13,MT6765V/XB(G36),OP,2025-09-06,https://frbox.transsion.com/disk/s/qgJY3kV5TPf,MDpev1,2026-09-12 21:37:29,expired
Infinix,X6526,X6526(Android 13),X6526-V658AHK-TGo-IN-260113V423,13,MT6765V/XB(G36),IN,2026-01-13,https://frbox.transsion.com/disk/s/s1ZGs8EYFWY,2jsHAI,2026-09-12 21:37:29,expired
Infinix,X650B,X650B,X650B-H6110JKO-P-210527V361,,MT6761,OP,2021-05-27,https://frbox.transsion.com/disk/s/GbMzZsuaUDi,d1bPzf,2026-09-12 21:37:29,expired
TECNO,KE5k,KE5k,KE5k-H6122C-Q-TR-210827V126,,MT6762D,TR,2021-08-27,https://frbox.transsion.com/disk/s/68Y6E1YvTu7,OLzlyw,2026-09-12 21:37:28,expired
TECNO,KE5k,KE5k,KE5k-H6122CD-Q-OP-221010V241,,MT6762D,OP,2022-10-10,https://frbox.transsion.com/disk/s/CqaTVVZhV4D,o3STBw,2026-09-12 21:37:28,expired
TECNO,LH8n,LH8n,LH8n-H333M-T-EU-231017V2129,,MT6833GP(D6080),EU,2023-10-17,https://frbox.transsion.com/disk/s/NEs821R3A8E,ZQpqCV,2026-09-12 21:37:27,expired
TECNO,LH8n,LH8n,LH8n-H333MNOP-T-GL-231218V2639,,MT6833GP(D6080),GL,2023-12-18,https://frbox.transsion.com/disk/s/UNWU3E2FfPm,1qIIHJ,2026-09-12 21:37:27,expired
TECNO,LH8n,LH8n,LH8n-H333MN-T-RU-240108V368,,MT6833GP(D6080),RU,2024-01-08,https://frbox.transsion.com/disk/s/EPRbW6vUukk,u7MSN8,2026-09-12 21:37:27,expired
TECNO,LH8n,LH8n,LH8n-H333M-T-TR-240410V2761,,MT6833GP(D6080),TR,2024-04-10,https://frbox.transsion.com/disk/s/X5iPLRVh4TS,oQDU96,2026-09-12 21:37:27,expired
TECNO,LH8n,LH8n,LH8n-H333MNOP-T-GL-240621V2776,,MT6833GP(D6080),GL,2024-06-21,https://frbox.transsion.com/disk/s/jdaYdetvkoV,RqWy5p,2026-09-12 21:37:27,expired
TECNO,KC1j,KC1j,KC1j-H6114BM-P-210513V300,,MT6761,GL,2021-05-13,https://frbox.transsion.com/disk/s/f4q29SynmCp,QjqpFr,2026-09-12 21:37:27,expired
itel,P10006L,P10006L,P10006L-M10-W-OP-20260803V2,,G80 (MTK8786),OP,2026-08-03,https://frbox.transsion.com/disk/s/SAzJVGkkgBM,YmIpHt,2026-09-12 21:37:26,expired
itel,it4520,it4520,it4520-ET2438-EnHiGuTaTeKnBnM1PaMr-IN-20260717,,SC6531E,IN,,https://frbox.transsion.com/disk/s/c44sT7BpVQw,UJvnxd,2026-09-12 21:37:25,expired
TECNO,CM6,CM6(Android 16),CM6-16.2.0.150SP11(OP004PF001AZ),16,MT6789J(G100 Ultimate),OP,,https://frbox.transsion.com/disk/s/TpbqkWTm9cG,cjadg0,2026-09-12 21:37:24,expired
TECNO,CM6,CM6(Android 16),CM6-16.2.0.150SP11(RU004PF001AZ),16,MT6789J(G100 Ultimate),RU,,https://frbox.transsion.com/disk/s/oV4JGa7v2VT,ARfXFD,2026-09-12 21:37:24,expired
TECNO,CM6,CM6(Android 16),CM6-16.2.0.150SP11(OPPJ004PF001PJ),16,MT6789J(G100 Ultimate),OPPJ,,https://frbox.transsion.com/disk/s/Gftk31yCQRc,UZhOWc,2026-09-12 21:37:24,expired
itel,it2101,it2101,it2101-MF6109-EnHiGuTeTaPaMrKnMlBn-IN-20260807,,MT6261D,IN,,https://frbox.transsion.com/disk/s/qw6LuRVmeZc,MQA6QR,2026-09-12 21:37:24,expired
Infinix,X6516,X6516,X6516-SE668SABCD-SGo-GL-240508V748,,SC9863A1,GL,2024-05-08,https://frbox.transsion.com/disk/s/SU8nfTyDkWZ,JPngDp,2026-09-12 21:37:23,expired
Infinix,X6516,X6516,X6516-SE668SD-SGo-EU-240910V198,,SC9863A1,EU,2024-09-10,https://frbox.transsion.com/disk/s/dT3PL1i7wEo,9xZ0Di,2026-09-12 21:37:23,expired
Infinix,X6516,X6516,X6516-SE668SABCD-SGo-GL-241114V780,,SC9863A1,GL,2024-11-14,https://frbox.transsion.com/disk/s/2yp3qpFzDgg,QhX6Ac,2026-09-12 21:37:23,expired
Infinix,X6516,X6516,X6516-SE668SABCD-SGo-GL-241213V786,,SC9863A1,GL,2024-12-13,https://frbox.transsion.com/disk/s/67xCtwBknUu,gYJVTz,2026-09-12 21:37:23,expired
Infinix,X6516,X6516,X6516-SE668SD-SGo-EU-241218V204,,SC9863A1,EU,2024-12-18,https://frbox.transsion.com/disk/s/RcaJ7SoYdSu,YDOnLk,2026-09-12 21:37:23,expired
Infinix,X6516,X6516,X6516-SE668SD-SGo-RU-250411V274,,SC9863A1,RU,2025-04-11,https://frbox.transsion.com/disk/s/anZw5yujQQ5,xMjFw0,2026-09-12 21:37:23,expired
TECNO,KC1h,KC1h,KC1h-H6114C-PGo-200112V210,,MT6761,BD,2020-01-12,https://frbox.transsion.com/disk/s/sHJqyAfUDZm,70pRds,2026-09-12 21:37:21,expired
TECNO,KE5j,KE5j,KE5j-H6122A-Q-TR-201016V013,,MT6761D,TR,2020-10-16,https://frbox.transsion.com/disk/s/gWnvL4ey6jU,llSIjI,2026-09-12 21:37:21,expired
TECNO,KE5j,KE5j,KE5j-H6122AB-Q-OP-220830V262,,MT6761D,OP,2022-08-30,https://frbox.transsion.com/disk/s/AYHgN97g49b,2oDDBj,2026-09-12 21:37:21,expired
Infinix,X6517,X6517,X6517-V6500AC-S-RU-230908V160,,SC9863A1,RU,2023-09-08,https://frbox.transsion.com/disk/s/23FZYeTSPnt,stkuqH,2026-09-12 21:37:20,expired
Infinix,X6517,X6517,X6517-V6500AACDE-S-GL-240921V1190,,SC9863A1,GL,2024-09-21,https://frbox.transsion.com/disk/s/5mqU8ZdUSNK,aDiZyh,2026-09-12 21:37:20,expired
Infinix,X6517,X6517,X6517-V6500AACDE-S-GL-241112V1209,,SC9863A1,GL,2024-11-12,https://frbox.transsion.com/disk/s/tefE2siYU6q,hVF8tG,2026-09-12 21:37:20,expired
Infinix,X6517,X6517,X6517-V6500AACDE-S-GL-250108V1228,,SC9863A1,GL,2025-01-08,https://frbox.transsion.com/disk/s/izwnwskcnrd,MhDFy9,2026-09-12 21:37:20,expired
itel,P683L,P683L,P683L-F065Ak-T-RU-240618V275,,T606,RU,2024-06-18,https://frbox.transsion.com/disk/s/VuSBdiaQpgS,WLhdve,2026-09-12 21:37:19,expired
itel,P683L,P683L,P683L-F065AjAkAlAm-T-GL-250224V1165,,T606,GL,2025-02-24,https://frbox.transsion.com/disk/s/5Hwp5qTs6BA,TlVSWS,2026-09-12 21:37:19,expired
Infinix,X626,X626,X626-H624J-P-KESF-190530V277,,MT6762,KESF,2019-05-30,https://frbox.transsion.com/disk/s/5ptbbCKK6KB,eMUBp5,2026-09-12 21:37:18,expired
Infinix,X626,X626,X626-H624K-P-IN-200924V478,,MT6757,IN,2020-09-24,https://frbox.transsion.com/disk/s/Vm5zGCGzSvW,1tM0IU,2026-09-12 21:37:18,expired
Infinix,X626,X626,X626-H624JK-P-210127V513,,MT6761,OP,2021-01-27,https://frbox.transsion.com/disk/s/xsfN864wmPo,LsTxwC,2026-09-12 21:37:18,expired
Infinix,X627,X627,X627-H624STXYZAa-P-210127V340,,MT6739,OP,2021-01-27,https://frbox.transsion.com/disk/s/toGTP129htw,kfpFac,2026-09-12 21:37:18,expired
Infinix,X6515,X6515,X6515-H6127JAk-S-EU-231201V1316,,MT6761,EU,2023-12-01,https://frbox.transsion.com/disk/s/yy7gsuyrqM3,g0EvrB,2026-09-12 21:37:17,expired
Infinix,X6515,X6515,X6515-H6127HIJAiAjAk-S-OP-231116V1305,,MT6761,OP,2023-11-16,https://frbox.transsion.com/disk/s/77LkE8C1Njm,X4aWN7,2026-09-12 21:37:17,expired
Infinix,X6515,X6515,X6515-H6127IAj-S-KESF-LC-240509V610,,MT6761,KESF,2024-05-09,https://frbox.transsion.com/disk/s/6iE2WhW1w8h,wd4LDP,2026-09-12 21:37:17,expired
Infinix,X6515,X6515,X6515-H6127JAk-S-EU-241204V1589,,MT6761,EU,2024-12-04,https://frbox.transsion.com/disk/s/ewBFQBypw34,k3pyJD,2026-09-12 21:37:17,expired
Infinix,X6515,X6515,X6515-H6127HIJAiAjAk-S-OP-241204V1588,,MT6761,OP,2024-12-04,https://frbox.transsion.com/disk/s/9tYkppqtbtx,2dHlRH,2026-09-12 21:37:17,expired
Infinix,X6515,X6515,X6515-H6127JAk-S-RU-250113V1602,,MT6761,RU,2025-01-13,https://frbox.transsion.com/disk/s/dh5oRgtWmWP,Qaql9Q,2026-09-12 21:37:17,expired
Infinix,X6512,X6512,X6512-H6126N-RGo-EU-231008V229,,MT6761,EU,2023-10-08,https://frbox.transsion.com/disk/s/QaGSRZgHFeK,7NglRm,2026-09-12 21:37:16,expired
Infinix,X6512,X6512,X6512-H6126P-RGo-RU-221013V681,,MT6761,RU,2022-10-13,https://frbox.transsion.com/disk/s/PVhiGTN8vUf,UQjRYD,2026-09-12 21:37:16,expired
Infinix,X6512,X6512,X6512-H6126NOP-RGo-GL-240220V1109,,MT6761,GL,2024-02-20,https://frbox.transsion.com/disk/s/z58cMNgLqnV,JdcQ78,2026-09-12 21:37:16,expired
TECNO,P904,P904,P904-PA05A-N-190927V80,,MT8735,OP,2019-09-27,https://frbox.transsion.com/disk/s/XuPJamyDKdW,PGdyvq,2026-09-12 21:37:15,expired
Infinix,X6511,X6511,X6511-F6318-11.0-OP-V97-20231010,,SC9863A,OP,,https://frbox.transsion.com/disk/s/UwBTd7Kpxez,pGbC3c,2026-09-12 21:37:14,expired
Infinix,X624,X624,X624-H8026CDE-OGo-201130V316,,MT6580,OP,2020-11-30,https://frbox.transsion.com/disk/s/L2JPnKXdohz,cNnIHx,2026-09-12 21:37:14,expired
itel,it5613,it5613,it5613-G243F-ArEnFr-AROP-20170728,,SC6531C,AROP,,https://frbox.transsion.com/disk/s/m9JZn9EgKL3,pshzwD,2026-09-12 21:37:13,expired
itel,it5613,it5613,it5613-UL243-EnHiGuTe-IN-20180206-SupN,,MT6260A,IN,,https://frbox.transsion.com/disk/s/JvpXP2jtG9g,diEagy,2026-09-12 21:37:13,expired
itel,it5613,it5613,it5613-G243F-EnFrPoArSwHa-20180824,,SC6531C,OP,,https://frbox.transsion.com/disk/s/umyMneznrDw,VwAhSv,2026-09-12 21:37:13,expired
itel,it5612,it5612,IT5612-UL243-ENHIGUPA-IN-20161210,,MT6261A,IN,,https://frbox.transsion.com/disk/s/bbXMwd2kSEP,gntTZ7,2026-09-12 21:37:12,expired
TECNO,CLA5,CLA5(Android 15),CLA5-15.1.2.170SP05(TR001PF001AZ),15,MT6789H(G100),TR,,https://frbox.transsion.com/disk/s/NeHLQCkSPsc,dWcJJH,2026-09-12 21:37:10,expired
TECNO,CLA5,CLA5(Android 15),CLA5-15.1.2.185SP02(OP001PF001AZ),15,MT6789H(G100),OP,,https://frbox.transsion.com/disk/s/4qN2CXXLaHa,KWBFjp,2026-09-12 21:37:10,expired
TECNO,CLA5,CLA5(Android 15),CLA5-15.1.2.185SP02(RU001PF001AZ),15,MT6789H(G100),RU,,https://frbox.transsion.com/disk/s/Z3RDkf89ygC,liqsDt,2026-09-12 21:37:10,expired
TECNO,T485,T485,T485-M2808-EnFrArSwHaPo-20211103,,MT6260A,OP,,https://frbox.transsion.com/disk/s/zdh9EZ8j8qT,EbOPsc,2026-09-12 21:37:09,expired
TECNO,T485,T485,T485-M2808-EnFrArSwHaPo-20241226,,MT6260A,OP,,https://frbox.transsion.com/disk/s/JZBT3jr6U4y,mE60FS,2026-09-12 21:37:09,expired
TECNO,T485,T485,T485-M2808-AmEnOmTi-ET-20241227,,,ET,,https://frbox.transsion.com/disk/s/Azzrops7Mnm,jUgrdc,2026-09-12 21:37:09,expired
TECNO,T484,T484,T484-UL282A1-AF-171220V2,,MT6260A,AF,2017-12-20,https://frbox.transsion.com/disk/s/gyBLsH1Hydn,MU9ttz,2026-09-12 21:37:08,expired
TECNO,T484,T484,T484-UL282A1-AF-DRC-MZ-180721V3,,MT6260A,DRC,2018-07-21,https://frbox.transsion.com/disk/s/SFNdA48zHtn,346faX,2026-09-12 21:37:08,expired
TECNO,T484,T484,T484-UL282A1-AF-ET-ETC-181123V2,,MT6260A,ET,2018-11-23,https://frbox.transsion.com/disk/s/qZ2DevrZzv6,7f2oCI,2026-09-12 21:37:08,expired
TECNO,T484,T484,T484-UL282A1-AF-SD-190403V3,,MT6260A,SD,2019-04-03,https://frbox.transsion.com/disk/s/KqV4HGKTBF2,qhzOtL,2026-09-12 21:37:08,expired
itel,it5627M,it5627M,it5627M-MA3001-EnArFrPoHaSw-OP-20250513,,,OP,,https://frbox.transsion.com/disk/s/WLpu1rZuvqT,KJ4AxB,2026-09-12 21:37:06,expired
TECNO,T486,T486,T486-MS3505-EnFrArSwHaPo-OP-20260525,,MT6260A,OP,,https://frbox.transsion.com/disk/s/FHTPYdJYDip,DtIkY1,2026-09-12 21:37:06,expired
Infinix,X601,X601,X601-H537A1-M-161229V106,,MT6753,OP,,https://frbox.transsion.com/disk/s/xVmpUT7LW9F,52U43d,2026-09-12 21:37:05,expired
itel,A509W,A509W,A509W-F3112-11.0-OP-V77-20230725,,SC7731E,OP,,https://frbox.transsion.com/disk/s/kzU5pU5EvMS,fx8xfj,2026-09-12 21:37:04,expired
Infinix,X600,X600,X600-H533A1-M-160720V17,,MT6753,OP,,https://frbox.transsion.com/disk/s/vRZszZ4dBwB,wqpqw9,2026-09-12 21:37:04,expired
itel,S686LN,S686LN,S686LN-F203ABCDEFGHI-U-OP-250819V2117,,UMS9230S (T620),OP,2025-08-19,https://frbox.transsion.com/disk/s/uTCVtMo3Zit,v1lRUj,2026-09-12 21:37:03,expired
TECNO,KG6p,KG6p,KG6p-H6511AB-R-GL-231102V870,,MT6765,GL,2023-11-02,https://frbox.transsion.com/disk/s/9R8PgD4UB9X,RhyeQb,2026-09-12 21:37:02,expired
TECNO,KG6p,KG6p,KG6p-H6511A-R-EU-220906V183,,MT6765,EU,2022-09-06,https://frbox.transsion.com/disk/s/noaF41znqCq,ex2lbH,2026-09-12 21:37:02,expired
TECNO,KG6p,KG6p,KG6p-H6511A-R-TR-221213V838,,MT6765,TR,2022-12-13,https://frbox.transsion.com/disk/s/fJ1XtnZoVbr,5YNgOb,2026-09-12 21:37:02,expired
TECNO,WX4,WX4,WX4-H8013B-N-EG-170623V69,,MT6580,EG,2017-06-23,https://frbox.transsion.com/disk/s/UCGHCsw5htW,ghsxj3,2026-09-12 21:37:01,expired
TECNO,WX4,WX4,WX4-H8013AC-N-190520V156,,MT6580,OP,2019-05-20,https://frbox.transsion.com/disk/s/dHoAoduBgDi,2Fp6s3,2026-09-12 21:37:01,expired
TECNO,WX3,WX3,WX3-H8014A-N-MZVC-171012V61,,MT6580M,MZVC,2017-10-12,https://frbox.transsion.com/disk/s/aFqFzvgzeAP,njPl6B,2026-09-12 21:37:01,expired
TECNO,WX3,WX3,WX3-H8014B-N-EG-180125V126,,MT6580M,EG,2018-01-25,https://frbox.transsion.com/disk/s/Ck1WukXn2eW,uZrMJQ,2026-09-12 21:37:01,expired
TECNO,WX3,WX3,WX3-H8014AC-N-180125V261,,MT6580M,OP,2018-01-25,https://frbox.transsion.com/disk/s/NzsS3eAkw3R,itkCnC,2026-09-12 21:37:01,expired
TECNO,KG6k,KG6k,KG6k-H6218MNOP-R-GL-230711V603,,MT6762,GL,2023-07-11,https://frbox.transsion.com/disk/s/b7UyXEBKzfY,3XahNC,2026-09-12 21:37:00,expired
TECNO,KG6k,KG6k,KG6k-H6218MNOP-R-GL-230912V614,,MT6762,GL,2023-09-12,https://frbox.transsion.com/disk/s/yeZgDXjzAU9,NsiSHs,2026-09-12 21:37:00,expired
TECNO,KG6k,KG6k,KG6k-H6218M-R-EU-220906V190,,MT6762,EU,2022-09-06,https://frbox.transsion.com/disk/s/g8VY7H6XW3e,G2CbDJ,2026-09-12 21:37:00,expired
TECNO,WX3FLTE,WX3FLTE,WX3FLTE-B50048I-N-191127V13,,MT6737,OP,2019-11-27,https://frbox.transsion.com/disk/s/hXfREVExGfQ,3cSTpJ,2026-09-12 21:36:59,expired
itel,it5072P,it5072P,it5072P-YS100-EnBn-BD-20260512,,SC6533G,BD,,https://frbox.transsion.com/disk/s/q95HzcFtQV7,kVQpzU,2026-09-12 21:36:58,expired
itel,it5072P,it5072P,it5072P-YS100-EnFaUr-PK-20260526,,SC6533G,PK,,https://frbox.transsion.com/disk/s/QhKKB9rKrWs,lL60tB,2026-09-12 21:36:58,expired
TECNO,L9,L9,L9-H8012A-N-190326V286,,MT6580W,OP,2019-03-26,https://frbox.transsion.com/disk/s/H4Ho28p5pMh,g4kJKW,2026-09-12 21:36:57,expired
TECNO,L9,L9,L9-H8012B-N-EG-190327V258,,MT6580W,EG,2019-03-27,https://frbox.transsion.com/disk/s/E7d7j3Qn7vA,crIrj9,2026-09-12 21:36:57,expired
Infinix,X6528,X6528,X6528-F069TUVWXYBdBeBfBpCrDmDnDp-T-OP-240103V1224,,UMS9230(T606),OP,2024-01-03,https://frbox.transsion.com/disk/s/Lo2jxD6rCwg,hVXKPv,2026-09-12 21:36:56,expired
Infinix,X6528,X6528,X6528-F069TUVWXYBdBeBfBpCrDmDnDpEaEbEc-T-OP-250917V1996,,UMS9230(T606),OP,2025-09-17,https://frbox.transsion.com/disk/s/u5Vm9yyAq2m,JOhAvI,2026-09-12 21:36:56,expired
Infinix,X6528,X6528,X6528-F069UXBeDoDq-T-IN-251113V308,,UMS9230(T606),IN,2025-11-13,https://frbox.transsion.com/disk/s/pAYwaxzWLsP,zawBzn,2026-09-12 21:36:56,expired
TECNO,L8,L8,L8-H805F1-L-EG-171220V38,,MT6580,EG,2017-12-20,https://frbox.transsion.com/disk/s/nQLh4YRZe4r,Sip8Jl,2026-09-12 21:36:56,expired
Infinix,X6525,X6525,X6525-F069CaCbCc-TGo-EU-231120V97,,UMS9230(T606),EU,2023-11-20,https://frbox.transsion.com/disk/s/apEBSij2YYc,bCbuVj,2026-09-12 21:36:55,expired
Infinix,X6525,X6525,X6525-F069CFIGcGfGiGo-TGo-OPPJ-PJ-240108V87,,UMS9230(T606),OPPJ,2024-01-08,https://frbox.transsion.com/disk/s/Q3vKeLupuxw,Dd1PEz,2026-09-12 21:36:55,expired
Infinix,X6525,X6525,X6525-F069ABCDEFGHIGaGbGcGdGeGfGgGhGiGmGnGo-TGo-OP-240109V1203,,UMS9230(T606),OP,2024-01-09,https://frbox.transsion.com/disk/s/jMDir3e9SkN,CoyvLv,2026-09-12 21:36:55,expired
Infinix,X6525,X6525,X6525-F069CaCbCcGjGkGl-TGo-EU-250403V239,,UMS9230(T606),EU,2025-04-03,https://frbox.transsion.com/disk/s/mZ2hAhLRCxV,y47fJw,2026-09-12 21:36:55,expired
Infinix,X6525,X6525,X6525-F069CFIGcGfGiGo-TGo-OPPJ-PJ-250909V212,,UMS9230(T606),OPPJ,2025-09-09,https://frbox.transsion.com/disk/s/7J476mLULyX,50lgF0,2026-09-12 21:36:55,expired
Infinix,X6525,X6525,X6525-F069CFIGcGfGi-TGo-RU-250909V236,,UMS9230(T606),RU,2025-09-09,https://frbox.transsion.com/disk/s/VorHtjB2Tmr,sdffyX,2026-09-12 21:36:55,expired
Infinix,X6525,X6525,X6525-F069BCyEDz-TGo-IN-250909V241,,UMS9230(T606),IN,2025-09-09,https://frbox.transsion.com/disk/s/5yHwpKcawiP,Nrn6hl,2026-09-12 21:36:55,expired
Infinix,X6525,X6525,X6525-F069ABCDEFGHIGaGbGcGdGeGfGgGhGiGmGnGoGq-TGo-OP-250919V1964,,UMS9230(T606),OP,2025-09-19,https://frbox.transsion.com/disk/s/g4aaUyjvxke,az2CyJ,2026-09-12 21:36:55,expired
TECNO,L5,L5,L5-H802-A1-L-X1-20160616,,MT6580,OP,,https://frbox.transsion.com/disk/s/AD8HeccxbLz,f985yy,2026-09-12 21:36:52,expired
Infinix,X6526,X6526,X6526-V658ADEFGHIJ-TGo-OP-240311V1780,,MT6765V/XB(G36),GL,2024-03-11,https://frbox.transsion.com/disk/s/4LtsryWrxUh,nTvUyP,2026-09-12 21:36:52,expired
Infinix,X6526,X6526,X6526-V658AFI-TGo-RU-240423V1921,,MT6765V/XB(G36),RU,2024-04-23,https://frbox.transsion.com/disk/s/GU19DhjbbTw,VMKvPw,2026-09-12 21:36:52,expired
Infinix,X6526,X6526,X6526-V658ADEFGHIJ-TGo-OP-240920V2149,,MT6765V/XB(G36),OP,2024-09-20,https://frbox.transsion.com/disk/s/XuSuTX3xC4o,PEZ1z7,2026-09-12 21:36:52,expired
Infinix,X6526,X6526,X6526-V658AHK-TGo-IN-241116V2184,,MT6765V/XB(G36),IN,2024-11-16,https://frbox.transsion.com/disk/s/1mgtY86Y1wC,8RtOPy,2026-09-12 21:36:52,expired
Infinix,X6526,X6526,X6526-V658ADEFGHIJ-TGo-OP-241118V2186,,MT6765V/XB(G36),OP,2024-11-18,https://frbox.transsion.com/disk/s/5vF724sR6B6,L6fQKP,2026-09-12 21:36:52,expired
TECNO,CL7k,CL7k(Android 15),CL7k-15.1.2.170SP07(IN001PF001AZ),15,MT6855V/A(D7020),IN,,https://frbox.transsion.com/disk/s/LuhYbt6ZQ5g,QUPHRM,2026-09-12 21:36:51,expired
itel,P666L,P666L,P666L-F069EdEeEf-UGo-OP-260630V1144,,UMS9230AB (T606),OP,2026-06-30,https://frbox.transsion.com/disk/s/a4DKjWWg9Jy,0H0yuU,2026-09-12 21:36:50,expired
TECNO,KG5k,KG5k-ETC,KG5k-F062ETEC-11.0-ETEC-V26-20230814,,UMS9230(T606),ETEC,,https://frbox.transsion.com/disk/s/hWrLG9Ra7e7,QvTKhL,2026-09-12 21:36:49,expired
TECNO,KE5,KE5-R,KE5-H6123D-RGo-INJO-LC-230627V452,,MT6761D,INJO,2023-06-27,https://frbox.transsion.com/disk/s/pcAvyJ1oGhX,N4mZh9,2026-09-12 21:36:48,expired
itel,A509WM,A509WM,A509WM-F3119-11.0-OP-V88-20231110,,SC7731E,OP,,https://frbox.transsion.com/disk/s/AKZxS9zmgnx,i7sCeh,2026-09-12 21:36:47,expired
itel,A509WM,A509WM,A509WM-F3119-11.0-OP-V90-20231204,,SC7731E,OP,,https://frbox.transsion.com/disk/s/u3nkA9h3w5u,3RPDFP,2026-09-12 21:36:47,expired
itel,P10001L,P10001L,P10001L-U6330AB-SGo-GL-20240717V141,,SC9863A1,GL,2024-07-17,https://frbox.transsion.com/disk/s/GBiY4gaMNpZ,F7Ry3W,2026-09-12 21:36:47,expired
itel,P10001L,P10001L,P10001L-U6330AB-SGo-GL-SH-20240802V143,,SC9863A1,NG,2024-08-02,https://frbox.transsion.com/disk/s/cruXk1nyqze,p0wY4l,2026-09-12 21:36:47,expired
itel,P10001L,P10001L,P10001L-U6330AB-SGo-GL-20240913V145,,SC9863A1,GL,2024-09-13,https://frbox.transsion.com/disk/s/n125wot91w6,aT3xKU,2026-09-12 21:36:47,expired
itel,P10001L,P10001L,P10001L-U6330AB-SGo-GL-20241107V147,,SC9863A1,GL,2024-11-07,https://frbox.transsion.com/disk/s/Y1vGnLX23dJ,IvDNjt,2026-09-12 21:36:47,expired
TECNO,CLA5,CLA5(Android 16),CLA5-16.3.0.140SP09(OP003PF001AZ),16,MT6789H(G100),OP,,https://frbox.transsion.com/disk/s/4WcdLsy3HjT,dUoLcG,2026-09-12 21:36:46,expired
TECNO,CLA5,CLA5(Android 16),CLA5-16.3.0.145SP08(OP003PF001AZ),16,MT6789H(G100),OP,,https://frbox.transsion.com/disk/s/9niFNj9QTuS,PVVdeI,2026-09-12 21:36:46,expired
TECNO,CLA5,CLA5(Android 16),CLA5-16.3.0.145SP08(TR003PF001AZ),16,MT6789H(G100),TR,,https://frbox.transsion.com/disk/s/rWe75j7aP24,tcurag,2026-09-12 21:36:46,expired
TECNO,CLA5,CLA5(Android 16),CLA5-16.3.0.145SP08(RU003PF001AZ),16,MT6789H(G100),RU,,https://frbox.transsion.com/disk/s/MdNsQR9GKgs,KhJrb5,2026-09-12 21:36:46,expired
itel,A509WP,A509WP,A509WP-F3112RS-11.0-OP-V9-20221121,,SC7731E,OP,,https://frbox.transsion.com/disk/s/vHcYgYcTTpF,T1Nacp,2026-09-12 21:36:45,expired
Infinix,X652C,X652C,X652C-H627EF-P-210831V261,,MT6762,OP,2021-08-31,https://frbox.transsion.com/disk/s/dKNSd6qpgMK,qPSq71,2026-09-12 21:36:44,expired
TECNO,CL7s,CL7s,CL7s-P765AH-U-COCL-240428V2292,,MT6855V/A(D7020),COCL,2024-04-28,https://frbox.transsion.com/disk/s/kbGPBye286J,3n1Yxn,2026-09-12 21:36:44,expired
TECNO,CL7s,CL7s,CL7s-P765AH-U-COCL-241028V2656,,MT6855V/A(D7020),COCL,2024-10-28,https://frbox.transsion.com/disk/s/z8GT3UBVWU8,JUsDDt,2026-09-12 21:36:44,expired
TECNO,CL7s,CL7s,CL7s-P765AH-U-COCL-260604V2989,,MT6855V/A(D7020),COCL,2026-06-04,https://frbox.transsion.com/disk/s/tNyktNNmgti,DE5T57,2026-09-12 21:36:44,expired
Infinix,X652A,X652A,X652A-H628LK-P-210831V178,,MT6757,OP,2021-08-31,https://frbox.transsion.com/disk/s/aiVkb7CuRcb,t00Ddz,2026-09-12 21:36:43,expired
Infinix,X676C,X676C,X676C-H891AbAc-S-EU-230614V1516,,MT6789,EU,2023-06-14,https://frbox.transsion.com/disk/s/vXm2SA9B8LY,7em8gP,2026-09-12 21:36:42,expired
Infinix,X676C,X676C,X676C-H891ZAaAbAc-S-OP-240520V1788,,MT6789,OP,2024-05-20,https://frbox.transsion.com/disk/s/agvMQdNVhg5,32VlN6,2026-09-12 21:36:42,expired
Infinix,X676C,X676C,X676C-H891ZAaAbAc-S-OP-240912V1816,,MT6789,OP,2024-09-12,https://frbox.transsion.com/disk/s/imcWFPc2Nz8,XuI0F3,2026-09-12 21:36:42,expired
Infinix,X676C,X676C,X676C-H891AbAc-S-RU-240910V1814,,MT6789,RU,2024-09-10,https://frbox.transsion.com/disk/s/kPuWHFtG7Xp,pcMylZ,2026-09-12 21:36:42,expired
Infinix,X612,X612,X612-X612A-QGo-OP-220921V048,,MT6580P,OP,2022-09-21,https://frbox.transsion.com/disk/s/cWgwaWjbdhr,mBsb4z,2026-09-12 21:36:42,expired
Infinix,X612,X612,X612-X612A-QGo-OP-230419V050,,MT6580P,OP,2023-04-19,https://frbox.transsion.com/disk/s/Hzon7Gsc6v2,hA5iTR,2026-09-12 21:36:42,expired
TECNO,LH6n,LH6n,LH6n-H6930ABCD-T-OP-230820V1611,,MT6769V/CZ(G85),OP,2023-08-20,https://frbox.transsion.com/disk/s/qaLwkSjbS8E,83hG1s,2026-09-12 21:36:41,expired
TECNO,LH6n,LH6n,LH6n-H6930ABCD-T-OP-231016V1938,,MT6769V/CZ(G85),OP,2023-10-16,https://frbox.transsion.com/disk/s/WSVu9vHUZs6,ZckGKN,2026-09-12 21:36:41,expired
TECNO,LH6n,LH6n,LH6n-H6930C-T-TR-230608V1049,,MT6769V/CZ(G85),TR,2023-06-08,https://frbox.transsion.com/disk/s/Qw1YqRaVszQ,9RH7XT,2026-09-12 21:36:41,expired
TECNO,LH6n,LH6n,LH6n-H6930ABCD-T-OP-240220V2875,,MT6769V/CZ(G85),OP,2024-02-20,https://frbox.transsion.com/disk/s/XL4HUynFPg3,C1086q,2026-09-12 21:36:41,expired
TECNO,LH6n,LH6n,LH6n-H6930AC-T-RU-241212V3509,,MT6769V/CZ(G85),RU,2024-12-12,https://frbox.transsion.com/disk/s/AsTy2cvnEJr,fF5L8S,2026-09-12 21:36:41,expired
Infinix,X652B,X652B,X652B-H627D-P-TR-191231V29,,MT6761,TR,2019-12-31,https://frbox.transsion.com/disk/s/YDBKninGUth,viJu7e,2026-09-12 21:36:40,expired
Infinix,X652B,X652B,X652B-H627CDM-P-210831V270,,MT6761,GL,2021-08-31,https://frbox.transsion.com/disk/s/gYK2yRgyWkx,tKTLRT,2026-09-12 21:36:40,expired
itel,SG600,SG600,SG600-GC2815-EnHiGuTaTePaKnBnMl-IN-20230519,,SC6531C,IN,,https://frbox.transsion.com/disk/s/cWYqyt19haE,6MpQCK,2026-09-12 21:36:39,expired
Infinix,X676B,X676B,X676B-H891GHI-S-GL-230713V3568,,MT6789,GL,2023-07-13,https://frbox.transsion.com/disk/s/cHe6yBk2RoE,iiMT6w,2026-09-12 21:36:39,expired
Infinix,X676B,X676B,X676B-H891H-S-EU-230717V3590,,MT6789,EU,2023-07-17,https://frbox.transsion.com/disk/s/Q51fk82ehm6,et5qyP,2026-09-12 21:36:39,expired
Infinix,X676B,X676B,X676B-H891I-S-RU-221018V2074,,MT6789,RU,2022-10-18,https://frbox.transsion.com/disk/s/zoAPo1XD9Ho,bcHbxw,2026-09-12 21:36:39,expired
Infinix,X676B,X676B,X676B-H891I-S-TR-221222V2465,,MT6789,TR,2022-12-22,https://frbox.transsion.com/disk/s/jVdoZpx3Nh4,2O2Quo,2026-09-12 21:36:39,expired
TECNO,KG7n,KG7n,KG7n-H6913KM-R-OP-220310V449,,MT6769V,OP,2022-03-10,https://frbox.transsion.com/disk/s/gADkPKFVtjf,Lbfyx8,2026-09-12 21:36:38,expired
TECNO,KG7n,KG7n,KG7n-H6913KM-R-RU-221025V473,,MT6769V,RU,2022-10-25,https://frbox.transsion.com/disk/s/VVSnJYfmSRn,mp8rqM,2026-09-12 21:36:38,expired
itel,it2165,it2165,it2165-GS1819-EnTl-PH-20240423-P60,,SC6533G,PH,,https://frbox.transsion.com/disk/s/PMiE3XXjgUT,604Di9,2026-09-12 21:36:37,expired
itel,it2165,it2165,it2165-GS1819-EnBn-BD-20240422-P60,,SC6533G,BD,,https://frbox.transsion.com/disk/s/qyoEtxswp9Q,tsMl91,2026-09-12 21:36:37,expired
itel,it2165,it2165,it2165-GS1819-EnHi-NP-20240806,,SC6533G,NP,,https://frbox.transsion.com/disk/s/RaFvuvoetoq,dr2RIJ,2026-09-12 21:36:37,expired
itel,it2165,it2165,it2165-GS1819-EnUr-PK-20240809-P60,,SC6533G,PK,,https://frbox.transsion.com/disk/s/6mWd3tUzbtZ,dXNf00,2026-09-12 21:36:37,expired
itel,it2165,it2165,it2165-GS1819-EnFrSwHaPoAr-20240813,,SC6533G,OP,,https://frbox.transsion.com/disk/s/qQHjd7b5cAP,7frdMW,2026-09-12 21:36:37,expired
itel,it2165,it2165,it2165-GS1819-RuEnUkKkFr-RU-20241107,,,RU,,https://frbox.transsion.com/disk/s/UXQ1uBAzfRk,RRtAbR,2026-09-12 21:36:37,expired
itel,it2165,it2165,it2165-GS1819-EnFrSwHaPoAr-20250427,,SC6533G,OP,,https://frbox.transsion.com/disk/s/GTPDe3FVa72,HIBjFl,2026-09-12 21:36:37,expired
itel,it2165,it2165,it2165-GS1819-EnFrAr-EG-20251226,,SC6533G,EG,,https://frbox.transsion.com/disk/s/NGhmuZxmP9D,VYfvJh,2026-09-12 21:36:37,expired
Infinix,X609,X609,X609-H8025AB-OGo-200820V222,,MT6580,OP,2020-08-20,https://frbox.transsion.com/disk/s/eUpasErL7xG,NTq79Q,2026-09-12 21:36:37,expired
Infinix,X608,X608,X608-QL1661ABCDEF-O-200316V38,,MSM8917,OP,2020-03-16,https://frbox.transsion.com/disk/s/DWDP1eD9Y93,iM5oFz,2026-09-12 21:36:36,expired
Infinix,X608,X608,X608-QL1661D-O-IN-200220V34,,MSM8917,IN,2020-02-20,https://frbox.transsion.com/disk/s/NAbWNv7VYN5,dgxxh2,2026-09-12 21:36:36,expired
TECNO,KG7h,KG7h,KG7h-H6511CDEF-R-OP-231010V508,,MT6765,OP,2023-10-10,https://frbox.transsion.com/disk/s/8be4RboKm2Z,IHNwcA,2026-09-12 21:36:35,expired
TECNO,KG7h,KG7h,KG7h-H6511H-R-ETEC-LC-230303V486,,MT6765,ETEC,2023-03-03,https://frbox.transsion.com/disk/s/1dV2sosZA4y,dSnfD4,2026-09-12 21:36:35,expired
TECNO,KG7h,KG7h,KG7h-H6511G-R-GL-H2-220907V47,,MT6765G,GL,2022-09-07,https://frbox.transsion.com/disk/s/BkEQXG144fG,oqSZjC,2026-09-12 21:36:35,expired
TECNO,K9,K9,K9-H8018C-N-EG-190215V53,,MT6580W,EG,2019-02-15,https://frbox.transsion.com/disk/s/Phz8QGXLmsn,ST7081,2026-09-12 21:36:35,expired
TECNO,K9,K9,K9-H8018AB-N-190401V204,,MT6580W,OP,2019-04-01,https://frbox.transsion.com/disk/s/veXsKUFsSS4,pdFeKW,2026-09-12 21:36:35,expired
TECNO,K8,K8,K8-H3722ABCDE-N-191114V147,,MT6169,OP,2019-11-14,https://frbox.transsion.com/disk/s/cYL3Mrm7Hvy,gBzBSG,2026-09-12 21:36:34,expired
TECNO,K7,K7,K7-H8019A-N-BD-170919V5,,MT6580W,BD,2017-09-19,https://frbox.transsion.com/disk/s/tekpQtCjibN,bDhchM,2026-09-12 21:36:33,expired
TECNO,K7,K7,K7-H8019A-N-190315V201,,MT6580W,OP,2019-03-15,https://frbox.transsion.com/disk/s/JZzrYR2GSJF,mDLmMq,2026-09-12 21:36:33,expired
TECNO,K7,K7,K7-H8019B-N-EG-190315V48,,MT6580W,EG,2019-03-15,https://frbox.transsion.com/disk/s/t4TszwTXziS,PUAf0S,2026-09-12 21:36:33,expired
Infinix,X606,X606,X606-H8023CE-O-200616V181,,MT6580,OP,2020-06-16,https://frbox.transsion.com/disk/s/pbBDAq6h4Te,OGSyHL,2026-09-12 21:36:32,expired
itel,it2166,it2166,it2166-G1808-EnTr-TR-20231123,,SC6531E,TR,,https://frbox.transsion.com/disk/s/1fWixEF38bg,T50EBq,2026-09-12 21:36:32,expired
itel,it2166,it2166,it2166-G1808-EnUrTl-SEA-20230802,,SC6531E,N1,,https://frbox.transsion.com/disk/s/xkeB3x5xwe8,He3F50,2026-09-12 21:36:32,expired
itel,it2166,it2166,it2166-G1808-RuEnUkKkFr-RU-20240429,,SC6531E,RU,,https://frbox.transsion.com/disk/s/TVB9pjMW6Ye,Aa1Ugs,2026-09-12 21:36:32,expired
itel,it2166,it2166,it2166-G1808-AmEnSoOmTi-ET-20240312-P60,,,ET,,https://frbox.transsion.com/disk/s/7vgSRWubAsz,gcndAI,2026-09-12 21:36:32,expired
itel,it2166,it2166,it2166-G1808-RuEnUkKkFr-RU-20251016,,SC6531E,EE1,,https://frbox.transsion.com/disk/s/dBjC52Qk4AS,QbL7aa,2026-09-12 21:36:32,expired
itel,it2166,it2166,it2166-G1808-EnIn-ID-20251017,,,ID,,https://frbox.transsion.com/disk/s/4tYuqZByxFq,m5Eoiw,2026-09-12 21:36:32,expired
itel,it2166,it2166,it2166-G1808-EnFrSwHaPoAr-20251015,,SC6531E,OP,,https://frbox.transsion.com/disk/s/d2WV3EvV74r,Ibgbi1,2026-09-12 21:36:32,expired
itel,it2166,it2166,it2166-G1808-EnArFr-AROP-20251017,,SC6531E,AROP,,https://frbox.transsion.com/disk/s/Urw4WhAg5Jo,3GXZGH,2026-09-12 21:36:32,expired
itel,it2166,it2166,it2166-G1808-EnEs-SAM-20251124,,SC6531E,SAM,,https://frbox.transsion.com/disk/s/jQXPqjAaGSX,6TPhf4,2026-09-12 21:36:32,expired
itel,it2166,it2166,it2166-G1808-EnSiTa-LK-20251201,,SC6531E,LK,,https://frbox.transsion.com/disk/s/8wjLHQEQwZ2,ieBiIy,2026-09-12 21:36:32,expired
itel,it2166,it2166,it2166-G1808-EnBn-BD-20260708-P60,,,BD,,https://frbox.transsion.com/disk/s/JjqM3nLEFP2,a5z8y6,2026-09-12 21:36:32,expired
itel,it2166,it2166,it2166-G1808-EnUrTl-SEA-20260724,,SC6531E,SEA,,https://frbox.transsion.com/disk/s/Phr7H6vhBAV,cLB6yJ,2026-09-12 21:36:32,expired
Infinix,X605,X605,X605-H632CE-Q-210930V314,,MT6763,OP,2021-09-30,https://frbox.transsion.com/disk/s/RxPMrYaMnA4,CFpMYB,2026-09-12 21:36:31,expired
Infinix,X605,X605,X605-H632AD-Q-210930V408,,MT6763,OP,2021-09-30,https://frbox.transsion.com/disk/s/u9vynfRgwy7,vcoLTf,2026-09-12 21:36:31,expired
Infinix,X605,X605,X605-H632C-Q-IN-210930V312,,MT6763,IN,2021-09-30,https://frbox.transsion.com/disk/s/HkPpx289iue,TJKKQN,2026-09-12 21:36:31,expired
Infinix,X604,X604,X604-H633H-Q-210930V403,,MT6763,OP,2021-09-30,https://frbox.transsion.com/disk/s/YSv5uVDtMK6,gtqwvV,2026-09-12 21:36:30,expired
Infinix,X604,X604,X604-H633IJL-Q-210930V310,,MT6763,OP,2021-09-30,https://frbox.transsion.com/disk/s/5eN6KgCofgb,iGgTBI,2026-09-12 21:36:30,expired
Infinix,X604,X604,X604-H633J-Q-IN-210930V315,,MT6762,IN,2021-09-30,https://frbox.transsion.com/disk/s/zj7zV2VVYHX,hTEuv0,2026-09-12 21:36:30,expired
itel,Flip1,Flip1,Flip1-MA2432-EnUr-PK-20230927,,MT6260A,PK,,https://frbox.transsion.com/disk/s/fPVr2pDh51t,RS1cPm,2026-09-12 21:36:29,expired
itel,Flip1,Flip1,Flip1-MA2432-EnArFrPoHaSw-20240415-P60,,MT6260A,OP,,https://frbox.transsion.com/disk/s/t2uJnr1kGHT,GaemsP,2026-09-12 21:36:29,expired
itel,Flip1,Flip1,Flip1-MA2432-EnHiGuTaTePaMrKnMlBnOrUrAs-IN-20240706,,MT6260A,IN,,https://frbox.transsion.com/disk/s/VtdP1NLJn6U,TdCGaO,2026-09-12 21:36:29,expired
itel,Flip1,Flip1,Flip1-MA2432-EnBn-BD-20241130,,,BD,,https://frbox.transsion.com/disk/s/szaZxAEnzca,RjPXMm,2026-09-12 21:36:29,expired
Infinix,X603,X603,X603-H575B-N-IN-190610V135,,MT6757,IN,2019-06-10,https://frbox.transsion.com/disk/s/ApAXi1pjN1q,bWCPbF,2026-09-12 21:36:29,expired
Infinix,X603,X603,X603-H575B-N-190610V136,,MT6757,OP,2019-06-10,https://frbox.transsion.com/disk/s/zHi7gDkL5DK,1DD3Bs,2026-09-12 21:36:29,expired
Infinix,X603,X603,X603-H575A-N-ID-SKD-190610V55,,MT6757,AS,2019-06-10,https://frbox.transsion.com/disk/s/aGYmfDySJ2w,PgG5qC,2026-09-12 21:36:29,expired
Infinix,X602,X602,X602-H972AC-M-170523V205,,MT6797,GL,2017-05-23,https://frbox.transsion.com/disk/s/5V6kCHDTQf5,cd7O7c,2026-09-12 21:36:28,expired
Infinix,X6532,X6532,X6532-V632AABCDEFGHIJKLMNO-UGo-OP-240820V2071,,MT6769V/CBZA(G81),OP,2024-08-20,https://frbox.transsion.com/disk/s/NGkrBay2Ahy,Y2cFLM,2026-09-12 21:36:27,expired
Infinix,X6532,X6532,X6532-V632AD-UGo-EU-241026V2595,,MT6769V/CBZA(G81),EU,2024-10-26,https://frbox.transsion.com/disk/s/AMa1ubGABh8,N21Dbv,2026-09-12 21:36:27,expired
Infinix,X6532,X6532,X6532-V632AC-UGo-IN-241118V2712,,MT6769V/CBZA(G81),IN,2024-11-18,https://frbox.transsion.com/disk/s/KTbr5geChcq,LMkUQs,2026-09-12 21:36:27,expired
Infinix,X6532,X6532,X6532-V632AABCDEFGHIJKLMNO-UGo-OP-241203V2796,,MT6769V/CBZA(G81),OP,2024-12-03,https://frbox.transsion.com/disk/s/4tVX2FV6D8o,rfuBG0,2026-09-12 21:36:27,expired
Infinix,X6532,X6532,X6532-V632AND-UGo-TR-241224V2876,,MT6769V/CBZA(G81),TR,2024-12-24,https://frbox.transsion.com/disk/s/Fm4JfevUGtK,BuBJOK,2026-09-12 21:36:27,expired
Infinix,X6532,X6532,X6532-V632AABCDEFGHIJKLMNO-UGo-OP-260710V3278,,MT6769V/CBZA(G81),OP,2026-07-10,https://frbox.transsion.com/disk/s/bwipyZWokaL,WE18ny,2026-09-12 21:36:27,expired
Infinix,X6532,X6532,X6532-V632ADEIJNO-UGo-OPPJ-PJ-260710V3277,,MT6769V/CBZA(G81),OPPJ,2026-07-10,https://frbox.transsion.com/disk/s/ZdigJgtsjhX,VJCbcF,2026-09-12 21:36:27,expired
Infinix,X6532,X6532,X6532-V632AADFINK-UGo-RU-260720V3281,,MT6769V/CBZA(G81),RU,2026-07-20,https://frbox.transsion.com/disk/s/Q9ikbKpknFw,98aEnS,2026-09-12 21:36:27,expired
itel,P665L,P665L,P665L-F069Ap-UGo-OP-241114V5109,,UMS9230(T606),OP,2024-11-14,https://frbox.transsion.com/disk/s/azMQJh5y9mi,UEFCyi,2026-09-12 21:36:27,expired
itel,P665L,P665L,P665L-F069Ao-UGo-IN-241217V405,,UMS9230(T606),IN,2024-12-17,https://frbox.transsion.com/disk/s/VVSiV41xRDq,rw5nDI,2026-09-12 21:36:27,expired
TECNO,CK6,CK6(Android 14),CK6-H6929AB-U-GL-250416V428,14,MT6769V/CZ(G85),GL,2025-04-16,https://frbox.transsion.com/disk/s/keeEsbtG4si,5c14q6,2026-09-12 21:36:25,expired
itel,S686LN,S686LN(Android 15),S686LN-15.1.2.180SP02(OP001PF001AZ),15,UMS9230S (T620),OP,,https://frbox.transsion.com/disk/s/JQD1vM4RDt9,r2PYMW,2026-09-12 21:36:25,expired
Infinix,X6531,X6531,X6531-V631APQRSTUVWXYZAaAbAcAd-U-OP-241113V2753,,MT6769V/CBZA(G81),OP,2024-11-13,https://frbox.transsion.com/disk/s/jr14W97to5k,hsxKJf,2026-09-12 21:36:24,expired
Infinix,X6531,X6531,X6531-V631ABdBiBo-U-OPPJ-C2-PJ-251212V129,,MT6769V/CBZA(G81),OPPJ-C2,2025-12-12,https://frbox.transsion.com/disk/s/p6ru1Zvvuo2,QEkT0A,2026-09-12 21:36:24,expired
Infinix,X6531,X6531,X6531-V631APQRSTUVWXYZAaAbAcAd-U-OP-260713V3301,,MT6769V/CBZA(G81),OP,2026-07-13,https://frbox.transsion.com/disk/s/EXTVeaAhRTC,CONLql,2026-09-12 21:36:24,expired
Infinix,X6531,X6531,X6531-V631ABaBbBcBdBeBfBgBhBiBjBkBmBnBoBp-U-OP-C2-260713V148,,MT6769V/CBZA(G81),OP-C2,2026-07-13,https://frbox.transsion.com/disk/s/yCUGgeirFeR,UC4CVE,2026-09-12 21:36:24,expired
Infinix,X6531,X6531,X6531-V631ASTXYAcAd-U-OPPJ-PJ-260713V3300,,MT6769V/CBZA(G81),OPPJ,2026-07-13,https://frbox.transsion.com/disk/s/4BSPMWTRfSD,IiIBci,2026-09-12 21:36:24,expired
TECNO,CL6,CL6(Android 16),CL6-16.3.0.140SP18(OPPJ005PF001PJ),16,MT6789U(G99 Ultimate),OPPJ,,https://frbox.transsion.com/disk/s/5ESjCFrMDqy,TtBHyM,2026-09-12 21:36:23,expired
TECNO,CL6,CL6(Android 16),CL6-16.3.0.145SP09(OP005PF001AZ),16,MT6789U(G99 Ultimate),OP,,https://frbox.transsion.com/disk/s/aPEBwZsBd5C,O8VD9R,2026-09-12 21:36:23,expired
TECNO,CL6,CL6(Android 16),CL6-16.3.0.145SP09(TR005PF001AZ),16,MT6789U(G99 Ultimate),TR,,https://frbox.transsion.com/disk/s/EXzGhVKFd8x,rc6DW1,2026-09-12 21:36:23,expired
TECNO,CL6,CL6(Android 16),CL6-16.3.0.145SP09(RU005PF001AZ),16,MT6789U(G99 Ultimate),RU,,https://frbox.transsion.com/disk/s/nMmKdBdGLe7,dRmDXV,2026-09-12 21:36:23,expired
TECNO,CL6,CL6(Android 16),CL6-16.3.0.145SP09(OPPJ005PF001PJ),16,MT6789U(G99 Ultimate),OPPJ,,https://frbox.transsion.com/disk/s/kNRL6wJPHNj,wuykZD,2026-09-12 21:36:23,expired
itel,it2161,it2161,it2161-G1808D-EnHiGuTaTePa-NP-20180925,,SC6531E,NP,,https://frbox.transsion.com/disk/s/G586Y8vq6c1,WKeA7W,2026-09-12 21:36:22,expired
itel,it2161,it2161,it2161-G1808-ACE-EnViTh-VN-20200811,,SC6531E,VN,,https://frbox.transsion.com/disk/s/DdnY7MiZJXW,WrcyEm,2026-09-12 21:36:22,expired
itel,it2161,it2161,it2161-G1808-EnHiGuTaTePaKnBn-IN-20210106,,SC6531E,IN,,https://frbox.transsion.com/disk/s/inbDmLZGnc3,3WHs7Q,2026-09-12 21:36:22,expired
itel,it2161,it2161,it2161-G1808-EnFrSwHaPoAr-20210428,,SC6531E,OP,,https://frbox.transsion.com/disk/s/qayZTVd5PMB,jnTwWQ,2026-09-12 21:36:22,expired
itel,it2160,it2160,it2160-DL194-EnHiGuTaTePa-IN-20181025,,MT6261D,IN,,https://frbox.transsion.com/disk/s/UYAhDHH194q,jjajvX,2026-09-12 21:36:21,expired
itel,it2160,it2160,it2160-DL194-EnFrAr-EG-20220224,,MT6261D,EG,,https://frbox.transsion.com/disk/s/P6bXdZWnRkH,rCub7L,2026-09-12 21:36:21,expired
itel,it2160,it2160,it2160-DL194-EnFrPoHaArFaSw-20240113,,MT6261D,OP,,https://frbox.transsion.com/disk/s/xgq8GKzyuwi,ewo0lA,2026-09-12 21:36:21,expired
itel,it2160,it2160,it2160-DL194-EnFrAr-EG-20240719-P60,,MT6261D,NA,,https://frbox.transsion.com/disk/s/RfqCc9kmV8G,iiJhKx,2026-09-12 21:36:21,expired
itel,it2160,it2160,it2160-DL194-EnFrPoHaArFaSw-20240809-P60,,MT6261D,OP,,https://frbox.transsion.com/disk/s/7Enydqzqfb6,WHfEWt,2026-09-12 21:36:21,expired
itel,it2160,it2160,it2160-DL194-EnFrPo-ZA-20241113-P60,,MT6261D,OP,,https://frbox.transsion.com/disk/s/AjA3Yo1bcDW,aHhrwi,2026-09-12 21:36:21,expired
itel,it2160,it2160,it2160-DL194-EnFrAr-EG-20251225-P60,,MT6261D,EG,,https://frbox.transsion.com/disk/s/pmGi6qW3j5W,rLxt42,2026-09-12 21:36:21,expired
itel,it2160,it2160,it2160-DL194-EnFrPoHaArFaSw-20251231-P60,,MT6261D,OP,,https://frbox.transsion.com/disk/s/TFGWgvnShah,HVk5Vh,2026-09-12 21:36:21,expired
itel,it2160,it2160,it2160-DL194-AmEnOmTiSo-ET-20260108-P60,,MT6261D,ET,,https://frbox.transsion.com/disk/s/qTXP8EoSQgJ,knXKC9,2026-09-12 21:36:21,expired
itel,it2160,it2160,it2160-DL194-EnFrPo-ZA-20260121-P60,,MT6261D,ZA,,https://frbox.transsion.com/disk/s/Gm6ccnZvufK,dTO93E,2026-09-12 21:36:21,expired
itel,it2160,it2160,it2160-DL194-EnSw-UG-AIRTEL-L-20260121-P60,,MT6261D,UG,,https://frbox.transsion.com/disk/s/QT9ZS9MkNMv,TuyQ2x,2026-09-12 21:36:21,expired
itel,S662LC,S662LC,S662LC-F066BCDE-S-GL-20230508V385,,UMS9230(T606),GL,2023-05-08,https://frbox.transsion.com/disk/s/UqLRrg5oaNm,NANR4m,2026-09-12 21:36:21,expired
itel,it2163,it2163,it2163-G1808-EnSiTa-LK-20200727,,SC6531E,LK,,https://frbox.transsion.com/disk/s/PCVcfAKfjvL,jf16sM,2026-09-12 21:36:20,expired
itel,it2163,it2163,it2163-G1808-EnViThKmTl-SEA-20200819,,SC6531E,SEA,,https://frbox.transsion.com/disk/s/NXhmFm8ytdb,ndIOLP,2026-09-12 21:36:20,expired
itel,it2163,it2163,it2163-G1808-EnHiGuTaTePaKnBn-NP-20210120,,SC6531E,NP,,https://frbox.transsion.com/disk/s/ekpqW7578xi,vBSNwt,2026-09-12 21:36:20,expired
itel,it2163,it2163,it2163-G1808-EnUr-PK-20210430,,SC6531E,PK,,https://frbox.transsion.com/disk/s/qjLk7knvXdy,GSPT1s,2026-09-12 21:36:20,expired
itel,it2163,it2163,it2163-G1808-EnFrSwHaPoArSo-20210811,,SC6531E,OP,,https://frbox.transsion.com/disk/s/iUptXxdQfk7,fFsEtA,2026-09-12 21:36:20,expired
itel,it2163,it2163,it2163-G1808-ArEnFrFa-AROP-20220223,,SC6531E,AROP,,https://frbox.transsion.com/disk/s/P8wLS5p731z,cePGbV,2026-09-12 21:36:20,expired
itel,it2163,it2163,it2163-G1808-EnHiGuTaTePaKnBn-IN-20220621,,SC6531E,IN,,https://frbox.transsion.com/disk/s/Z7nPwCWCYzG,onIahG,2026-09-12 21:36:20,expired
itel,it2163,it2163,it2163-G1808-EnFrSwHaPoAr-20220901,,SC6531E,OP,,https://frbox.transsion.com/disk/s/1SMqv35a4uk,1ZBLlB,2026-09-12 21:36:20,expired
itel,it2163,it2163,it2163-G1808-EnBn-BD-20221104,,SC6531E,BD,,https://frbox.transsion.com/disk/s/sXToYzPRbwU,EIN0Jm,2026-09-12 21:36:20,expired
itel,it2162,it2162,it2162-G1808D-EnHiGuTaTePa-IN-20181227,,SC6531E,IN,,https://frbox.transsion.com/disk/s/iZVwTHvPnSu,1TEk3i,2026-09-12 21:36:19,expired
TECNO,AD11,AD11(Android 14),AD11-H932A-U-GL-251119V1469,14,MT6893Z_T/CZA(D8050),GL,2025-11-19,https://frbox.transsion.com/disk/s/5huCJSLimHy,LeCjsU,2026-09-12 21:36:18,expired
TECNO,AD11,AD11(Android 14),AD11-H932A-U-IN-251119V1471,14,MT6893Z_T/CZA(D8050),IN,2025-11-19,https://frbox.transsion.com/disk/s/moL5Vfyv9Ny,JkQNqq,2026-09-12 21:36:18,expired
TECNO,AD11,AD11(Android 14),AD11-H932A-U-RU-251119V1473,14,MT6893Z_T/CZA(D8050),RU,2025-11-19,https://frbox.transsion.com/disk/s/2Lc8RVUisny,xKUBe6,2026-09-12 21:36:18,expired
TECNO,AD11,AD11(Android 14),AD11-H932A-U-TR-251119V1474,14,MT6893Z_T/CZA(D8050),TR,2025-11-19,https://frbox.transsion.com/disk/s/BA3BUuU7voP,4fpyjg,2026-09-12 21:36:18,expired
itel,it3010,it3010,it3010-ET1827-EnFrSwHaPoAr-20250924,,SC6531E,OP,,https://frbox.transsion.com/disk/s/yz7dKnuikPq,jHiPJp,2026-09-12 21:36:18,expired
itel,it3010,it3010,it3010-ET1827-AmEnSoTiOm-ET-20251022,,,ET,,https://frbox.transsion.com/disk/s/bkTW2xWTwZk,lgKnF8,2026-09-12 21:36:18,expired
itel,W6502,W6502,W6502-F3108-10.0-OP-V041-20220817,,SC7731E,OP,,https://frbox.transsion.com/disk/s/8ViC7VwGbgV,gimeT6,2026-09-12 21:36:16,expired
itel,W6503,W6503,W6503-F3115-10.0-OP-V039-20221115,,SC7731E,OP,,https://frbox.transsion.com/disk/s/2fBQ4qjJbHT,HuyZqQ,2026-09-12 21:36:15,expired
itel,it5605N,it5605N,it5605N-G1808-EnHiGuTaTePaKnBnMl-IN-20210104,,SC6531E,IN,,https://frbox.transsion.com/disk/s/3qj5qixtPUK,RKKKcU,2026-09-12 21:36:14,expired
TECNO,CL6s,CL6s,CL6s-H898H-U-GTTG-LC-240306V361,,MT6789U(G99 Ultimate),GTTG,2024-03-06,https://frbox.transsion.com/disk/s/UPrMqkEhLNV,LRwGTe,2026-09-12 21:36:13,expired
TECNO,CL6s,CL6s,CL6s-H898I-U-COCL-250909V674,,MT6789U(G99 Ultimate),COCL,2025-09-09,https://frbox.transsion.com/disk/s/q1mT7yKvEE7,6wOjhJ,2026-09-12 21:36:13,expired
TECNO,CL6s,CL6s,CL6s-H898I-U-COCL-260114V719,,MT6789U(G99 Ultimate),COCL,2026-01-14,https://frbox.transsion.com/disk/s/5GSyx4CwGuk,J0Dd81,2026-09-12 21:36:13,expired
TECNO,CL6s,CL6s,CL6s-H898I-U-COCL-260310V731,,MT6789U(G99 Ultimate),COCL,2026-03-10,https://frbox.transsion.com/disk/s/qAwMPYp9tFY,cdl8hj,2026-09-12 21:36:13,expired
TECNO,CL6s,CL6s,CL6s-H898I-U-COCL-260612V741,,MT6789U(G99 Ultimate),COCL,2026-06-12,https://frbox.transsion.com/disk/s/6s8U6pYG4Ty,8XGF9u,2026-09-12 21:36:13,expired
TECNO,T465,T465,T465-UL251D1-AF-180822V14,,MT6260A,AF,2018-08-22,https://frbox.transsion.com/disk/s/C5Zdhnn1SEt,X4bZga,2026-09-12 21:36:13,expired
Infinix,X653C,X653C,X653C-H6114GH-PGo-210831V271,,MT6761,OP,2021-08-31,https://frbox.transsion.com/disk/s/cxVXFJdq8MK,WxXxuu,2026-09-12 21:36:11,expired
itel,W6501,W6501,W6501-F3111-9.0-OP-V042-20211224,,SC7731E,OP,,https://frbox.transsion.com/disk/s/U5YFZvbK9Gk,fnOAdn,2026-09-12 21:36:10,expired
TECNO,CK6n,CK6n(Android 14),CK6n-H6929CD-U-OP-241014V1061,14,MT6769V/CZ(G85),OP,2024-10-14,https://frbox.transsion.com/disk/s/ssxPFk3sX7p,KfEepk,2026-09-12 21:36:09,expired
TECNO,CK6n,CK6n(Android 14),CK6n-H6929C-U-TR-250305V1343,14,MT6769V/CZ(G85),TR,2025-03-05,https://frbox.transsion.com/disk/s/JY6pYTyUuSG,jSQ93J,2026-09-12 21:36:09,expired
TECNO,CK6n,CK6n(Android 14),CK6n-H6929D-U-GLDC-250417V118,14,MT6769V/CZ(G85),GLDC,2025-04-17,https://frbox.transsion.com/disk/s/ckzC8pkoUve,f9R6dX,2026-09-12 21:36:09,expired
TECNO,CK6n,CK6n(Android 14),CK6n-H6929CD-U-OP-250417V1436,14,MT6769V/CZ(G85),OP,2025-04-17,https://frbox.transsion.com/disk/s/tegJfaxsWau,20cb09,2026-09-12 21:36:09,expired
TECNO,CK6n,CK6n(Android 14),CK6n-H6929C-U-RU-250417V1437,14,MT6769V/CZ(G85),RU,2025-04-17,https://frbox.transsion.com/disk/s/vT7DuRHFpkM,0qPG6x,2026-09-12 21:36:09,expired
TECNO,J8,J8,J8-H354C1-L-161228V52,,MT6735,OP,,https://frbox.transsion.com/disk/s/sabrmJhg9yW,oEewv0,2026-09-12 21:36:07,expired
itel,it2132,it2132,it2132-G1808-EnFrSwHaPoAr-SKU1-ORANGE-L-20260609,,SC6531E,OP,,https://frbox.transsion.com/disk/s/X8JYXgKXgkP,P6pfS5,2026-09-12 21:36:07,expired
TECNO,T455,T455,T455-MS3002-AmEnOmTi-ET-20250701,,,ET,,https://frbox.transsion.com/disk/s/em3D26TsyJo,rE2nm6,2026-09-12 21:36:05,expired
TECNO,T455,T455,T455-MS3002-EnFrArSwHaPo-OP-20260729,,MT6260A,OP,,https://frbox.transsion.com/disk/s/uZky4HdHc72,587212,2026-09-12 21:36:05,expired
TECNO,AD10,AD10(Android 14),AD10-H832AB-U-GL-251023V1622,14,MT6983Z/TC(D9000+),GL,2025-10-23,https://frbox.transsion.com/disk/s/MKgZAejH4cU,o2oZfS,2026-09-12 21:36:04,expired
TECNO,AD10,AD10(Android 14),AD10-H832AB-U-RU-251103V1632,14,MT6983Z/TC(D9000+),RU,2025-11-03,https://frbox.transsion.com/disk/s/yrQHBHfXfBc,2QSmhL,2026-09-12 21:36:04,expired
TECNO,AD10,AD10(Android 14),AD10-H832AB-U-TR-251103V1631,14,MT6983Z/TC(D9000+),TR,2025-11-03,https://frbox.transsion.com/disk/s/7KTJeQmCM9t,FFscXB,2026-09-12 21:36:04,expired
TECNO,CL7k,CL7k,CL7k-P765AC-U-OP-250301V434,,MT6855V/A(D7020),OP,2025-03-01,https://frbox.transsion.com/disk/s/F8YyDP4fDup,TeaYJY,2026-09-12 21:36:03,expired
TECNO,CL7k,CL7k,CL7k-P765AC-U-IN-250311V438,,MT6855V/A(D7020),IN,2025-03-11,https://frbox.transsion.com/disk/s/CE8QDptj828,VKY86U,2026-09-12 21:36:03,expired
itel,P10003L,P10003L,P10003L-CS318-U-GL-240428V3,,T606 (UMS9230),GL,2024-04-28,https://frbox.transsion.com/disk/s/oedTER3DP2m,u396kM,2026-09-12 21:36:02,expired
itel,P10003L,P10003L,P10003L-CS318-U-GL-240803V16,,T606 (UMS9230),GL,2024-08-03,https://frbox.transsion.com/disk/s/tKZV1wCYXaC,9bZd1H,2026-09-12 21:36:02,expired
itel,P10003L,P10003L,P10003L-CS318-U-RU-240429V2,,,RU,2024-04-29,https://frbox.transsion.com/disk/s/ZkkXUUeUzpH,6cOrdT,2026-09-12 21:36:02,expired
itel,P10003L,P10003L,P10003L-CS318-U-GL-240706V12,,,ID,2024-07-06,https://frbox.transsion.com/disk/s/koPBnWZgkeZ,jzBZk0,2026-09-12 21:36:02,expired
itel,P10003L,P10003L,P10003L-CS318-U-GL-241108V23,,T606 (UMS9230),GL,2024-11-08,https://frbox.transsion.com/disk/s/xbvy42VmhPG,GpVesF,2026-09-12 21:36:02,expired
itel,P10003L,P10003L,P10003L-CS318-U-IN-250926V05,,T606 (UMS9230),IN,2025-09-26,https://frbox.transsion.com/disk/s/BxYijY9aS9w,B0RXs3,2026-09-12 21:36:02,expired
itel,P10003L,P10003L,P10003L-CS318-U-GL-260722V36,,T606 (UMS9230),GL,2026-07-22,https://frbox.transsion.com/disk/s/f9t5aS2zboT,grl8sZ,2026-09-12 21:36:02,expired
itel,it2130,it2130,it2130-DL183-EnHiGu-IN-20180131-SupN,,MT6261D,IN,,https://frbox.transsion.com/disk/s/ExpozzpuqGA,lbM1Hi,2026-09-12 21:36:01,expired
itel,S685LN,S685LN(Android 15),S685LN-15.1.2.165SP11(OP001PF001AZ),15,UMS9230S (T620),OP,,https://frbox.transsion.com/disk/s/ZzUcgJUjYPg,dpWVwk,2026-09-12 21:36:00,expired
itel,S685LN,S685LN(Android 15),S685LN-15.1.2.180SP06(OP001PF001AZ),15,UMS9230S (T620),OP,,https://frbox.transsion.com/disk/s/ZaQcKqo6jSq,LHAYNb,2026-09-12 21:36:00,expired
itel,it5606L,it5606L,it5606L-ET1828-EnFrSwHaPoAr-OP-20250716,,,OP,,https://frbox.transsion.com/disk/s/tJCieVNaEta,yKumFr,2026-09-12 21:35:59,expired
itel,it5606L,it5606L,it5606L-ET1828-EnFrSwHaPoAr-OP-20250919,,,OP,,https://frbox.transsion.com/disk/s/YRusSspueS6,6bE3wu,2026-09-12 21:35:59,expired
itel,it5606L,it5606L,it5606L-ET1828-AmEnSoTiOm-ET-20260428,,SC6531E,ET,,https://frbox.transsion.com/disk/s/qjvEjw6dnP7,8VYuvm,2026-09-12 21:35:59,expired
TECNO,KG5q,KG5q,KG5q-H6222QS-S-TR-240402V1261,,MT6765,TR,2024-04-02,https://frbox.transsion.com/disk/s/SrRxQrKrkZa,vNNm4A,2026-09-12 21:35:58,expired
TECNO,KG5q,KG5q,KG5q-H6222QRSTUV-S-OP-220923V518,,MT6765,OP,2022-09-23,https://frbox.transsion.com/disk/s/o4hMFd1eNFi,xMFCN0,2026-09-12 21:35:58,expired
TECNO,T474,T474,T474-MA2806-EnFrAr-EG-20200521,,MT6260,EG,,https://frbox.transsion.com/disk/s/WDJJuHAAc4U,a29OzQ,2026-09-12 21:35:57,expired
TECNO,T474,T474,T474-MA2806-EnRuTrKkUk-UA-20200731,,MT6260,UA,,https://frbox.transsion.com/disk/s/1DTVfpsyw4H,ExxXJc,2026-09-12 21:35:57,expired
TECNO,T474,T474,T474-MA2806-EnFrArSwHaPo-20210323,,MT6260,OP,,https://frbox.transsion.com/disk/s/buP7JuvrmPK,y89Osl,2026-09-12 21:35:57,expired
TECNO,T474,T474,T474-MA2806-EnFr-SP-20210430,,MT6260,SP,,https://frbox.transsion.com/disk/s/Edo64StSsSW,sXwtTA,2026-09-12 21:35:57,expired
itel,it5606P,it5606P,it5606P-G1808-EnFrSwHaPoAr-20250429,,SC6531E,OP,,https://frbox.transsion.com/disk/s/Y9Amko9qeqc,UeLT2J,2026-09-12 21:35:56,expired
itel,it5606P,it5606P,it5606P-G1808-AmEnSoTiOm-ET-20250926,,SC6531E,ET,,https://frbox.transsion.com/disk/s/8EpVrWSURNM,mMozDU,2026-09-12 21:35:56,expired
itel,it5606P,it5606P,it5606P-G1808-EnFrSwHaPoAr-20250926,,SC6531E,OP,,https://frbox.transsion.com/disk/s/Jt3KMNegmPC,ST21u2,2026-09-12 21:35:56,expired
itel,it5606P,it5606P,it5606P-G1808-EnArFa-IQ-20260730,,SC6531E,IQ,,https://frbox.transsion.com/disk/s/AuwhQ1uwBom,gfd97q,2026-09-12 21:35:56,expired
TECNO,T473,T473,T473-UL285A1-AF-ET-180129V4,,MT6260A,ET,2018-01-29,https://frbox.transsion.com/disk/s/oCMVxz2BMsV,OnYX9s,2026-09-12 21:35:56,expired
TECNO,T473,T473,T473-UL285A1-AF-190416V15,,MT6260A,AF,2019-04-16,https://frbox.transsion.com/disk/s/TkSr5uGPwnZ,10QrSF,2026-09-12 21:35:56,expired
TECNO,T475,T475,T475-MA2810-EnFrArSwHaPo-20230922,,MT6260A,OP,,https://frbox.transsion.com/disk/s/G1DUi9Pn32B,JgeD5b,2026-09-12 21:35:55,expired
TECNO,T475,T475,T475-MA2810-EnFrArSwHaPo-20240417,,MT6260A,OP,,https://frbox.transsion.com/disk/s/nJhETFY1tzf,9FVRVR,2026-09-12 21:35:55,expired
TECNO,T475,T475,T475-MA2810-AmEnOmTi-ET-20240418,,MT6260A,ET,,https://frbox.transsion.com/disk/s/yyAGGGTVsa5,wknbbR,2026-09-12 21:35:55,expired
TECNO,KG5m,KG5m,KG5m-H6125C-RGo-OP-230417V606,,MT6761,OP,2023-04-17,https://frbox.transsion.com/disk/s/YAttrXsChcX,CNfXiD,2026-09-12 21:35:54,expired
TECNO,KG5m,KG5m,KG5m-H6125C-RGo-RU-240105V614,,MT6761,RU,2024-01-05,https://frbox.transsion.com/disk/s/BZtXKao28A9,Y1eWrr,2026-09-12 21:35:54,expired
TECNO,KG5n,KG5n,KG5n-F062-11.0-OP-V52-20230105,,UMS9230(T606),OP,,https://frbox.transsion.com/disk/s/tBu5mhSPN2b,qiIHp7,2026-09-12 21:35:53,expired
TECNO,KG5n,KG5n,KG5n-F062RU-11.0-RU-V97-20231228,,UMS9230(T606),RU,,https://frbox.transsion.com/disk/s/KyKnEyPLbVq,FL0Tph,2026-09-12 21:35:53,expired
TECNO,LJ8k,LJ8k,LJ8k-15.1.0.103SP06(OP001PF001AZ),,MT6878V/ZA(D7300 Ultimate),OP,,https://frbox.transsion.com/disk/s/KfbMpg6ymLF,xO3TxX,2026-09-12 21:35:51,expired
TECNO,LJ8k,LJ8k,LJ8k-15.1.2.165SP05(IN001PF001AZ),,MT6878V/ZA(D7300 Ultimate),IN,,https://frbox.transsion.com/disk/s/jteFmiXsRUt,l8JiW7,2026-09-12 21:35:51,expired
TECNO,LJ8k,LJ8k,LJ8k-15.1.2.180SP05(IN001PF001AZ),,MT6878V/ZA(D7300 Ultimate),IN,,https://frbox.transsion.com/disk/s/WuC749G4guE,dQQ8z7,2026-09-12 21:35:51,expired
TECNO,LJ8k,LJ8k,LJ8k-15.1.2.180SP05(OP001PF001AZ),,MT6878V/ZA(D7300 Ultimate),OP,,https://frbox.transsion.com/disk/s/wcjUc59CaUA,PjDWhj,2026-09-12 21:35:51,expired
TECNO,KG5p,KG5p,KG5p-H6222MNOPW-S-GL-231215V977,,MT6765,GL,2023-12-15,https://frbox.transsion.com/disk/s/ysYUuny4BXe,tnvqXQ,2026-09-12 21:35:51,expired
TECNO,KG5p,KG5p,KG5p-H6222MNOPW-S-GL-240314V1079,,MT6765,GL,2024-03-14,https://frbox.transsion.com/disk/s/NLPAN48J5SM,FBxQjl,2026-09-12 21:35:51,expired
TECNO,KG5p,KG5p,KG5p-H6222MNOPW-S-GL-240509V1089,,MT6765,GL,2024-05-09,https://frbox.transsion.com/disk/s/UDokCuMUvBi,BumBID,2026-09-12 21:35:51,expired
Infinix,X678B,X678B,X678B-H894OPQ-T-OP-240108V3414,,MT6789,OP,2024-01-08,https://frbox.transsion.com/disk/s/QqDbCZ2mPAR,qmpsHI,2026-09-12 21:35:50,expired
Infinix,X678B,X678B,X678B-H894OPQ-T-OP-240416V4104,,MT6789,OP,2024-04-16,https://frbox.transsion.com/disk/s/EbdiBzj2r3z,VaZklu,2026-09-12 21:35:50,expired
Infinix,X678B,X678B,X678B-H894Q-T-RU-240416V4105,,MT6789,RU,2024-04-16,https://frbox.transsion.com/disk/s/GEnP2riJA9G,pLIABr,2026-09-12 21:35:50,expired
Infinix,X678B,X678B,X678B-H894Q-T-EU-241104V4547,,MT6789,EU,2024-11-04,https://frbox.transsion.com/disk/s/wspWNvUxquN,d1QGsC,2026-09-12 21:35:50,expired
TECNO,KG5j,KG5j,KG5j-H6126ABC-RGo-OP-230710V665,,MT6761,OP,2023-07-10,https://frbox.transsion.com/disk/s/MkmG11vnDoE,KlN1BF,2026-09-12 21:35:49,expired
TECNO,KG5j,KG5j,KG5j-H6126ABC-RGo-OP-231031V693,,MT6761,OP,2023-10-31,https://frbox.transsion.com/disk/s/Q145buF1Sue,lEPOOK,2026-09-12 21:35:49,expired
TECNO,KG5j,KG5j,KG5j-H6126ABC-RGo-OP-240105V658,,MT6761,OP,2024-01-05,https://frbox.transsion.com/disk/s/vwrK3Cg6wkh,iwJRAE,2026-09-12 21:35:49,expired
TECNO,KG5k,KG5k,KG5k-F062-11.0-GL-V234-20230614,,UMS9230(T606),GL,,https://frbox.transsion.com/disk/s/GGGfivVYANP,cJPIoX,2026-09-12 21:35:48,expired
TECNO,KG5k,KG5k,KG5k-F062-11.0-GL-V249-20231018,,UMS9230(T606),GL,,https://frbox.transsion.com/disk/s/JVS4BLc38x4,bXcMaL,2026-09-12 21:35:48,expired
TECNO,KG5k,KG5k,KG5k-F062VC-11.0-ZAVC-V010-2022021,,UMS9230(T606),ZAVC,,https://frbox.transsion.com/disk/s/EKE9bKCEWk8,7TAEf5,2026-09-12 21:35:48,expired
TECNO,KG5k,KG5k,KG5k-F062ETEC-11_0-ETEC-V14-20220906,,UMS9230(T606),OP,,https://frbox.transsion.com/disk/s/5NnFjK8wFQ9,0L1LgW,2026-09-12 21:35:48,expired
TECNO,KG5k,KG5k,KG5k-F062-11.0-GL-V255-20231122,,UMS9230(T606),GL,,https://frbox.transsion.com/disk/s/BHmFr4w9qw3,taSfjo,2026-09-12 21:35:48,expired
TECNO,KG5h,KG5h,KG5h-H6126HIK-RGo-GL-240112V517,,MT6761V,GL,2024-01-12,https://frbox.transsion.com/disk/s/PiVsURxXdD8,2Pd3M8,2026-09-12 21:35:47,expired
itel,P663L,P663L,P663L-F069KLMPDaDw-T-OP-240719V1027,,UMS9230(T606),OP,2024-07-19,https://frbox.transsion.com/disk/s/gmTmb8PSR3D,toGNCC,2026-09-12 21:35:46,expired
Infinix,X657C,X657C-R,X657C-H6117G-RGo-INJO-LC-230424V446,,MT6761D,INJO,2023-04-24,https://frbox.transsion.com/disk/s/T1dasWH2ESN,YLEgNq,2026-09-12 21:35:44,expired
TECNO,T467,T467,T467-MA2427-EnAmOrTi-ET-20220329,,MT6261D,ET,,https://frbox.transsion.com/disk/s/xuMFNaELvPE,mnhmUw,2026-09-12 21:35:44,expired
TECNO,T467,T467,T467-MA2427-EnFrArSwHaPo-20240319,,MA2427,OP,,https://frbox.transsion.com/disk/s/8Bs2N4m4ntT,Zcs6l3,2026-09-12 21:35:44,expired
TECNO,T466,T466,T466-M2425-EnAmOrTi-ET-20200729,,MT6261D,ET,,https://frbox.transsion.com/disk/s/uMYHA6Mqkwr,OGbjhh,2026-09-12 21:35:43,expired
TECNO,T466,T466,T466-M2425-EnFrArSwHaPo-20200831,,MT6261D,OP,,https://frbox.transsion.com/disk/s/TwcrUo8Hmqf,2J8jVl,2026-09-12 21:35:43,expired
TECNO,CL6k,CL6k,CL6k-H898EF-U-OP-241020V718,,MT6789U(G99 Ultimate),OP,2024-10-20,https://frbox.transsion.com/disk/s/Fp59wr7TdCE,fQV0MM,2026-09-12 21:35:42,expired
TECNO,CL6k,CL6k,CL6k-H898EF-U-OP-250415V824,,MT6789U(G99 Ultimate),OP,2025-04-15,https://frbox.transsion.com/disk/s/eU8zKe3DK1F,Pl2Z1K,2026-09-12 21:35:42,expired
itel,P10002L,P10002L,P10002L-F180-S-OP-B-20240323V03,,T606,OP,2024-03-23,https://frbox.transsion.com/disk/s/udindDNuuTa,SheZeX,2026-09-12 21:35:42,expired
TECNO,T201,T201,T201-M1814-EnFrArSwHaPo-20210420,,MT6261D,OP,,https://frbox.transsion.com/disk/s/YN9D1gRXKNr,9Gbqrn,2026-09-12 21:35:40,expired
Infinix,X6962,X6962(Android 15),X6962-15.1.3.114SP01(RU001PF001AZ),15,MT6891Z/CZA(D8020),RU,,https://frbox.transsion.com/disk/s/cczuALZpjTk,2mPXji,2026-09-12 21:35:39,expired
Infinix,X6962,X6962(Android 15),X6962-15.1.3.135SP01(OP001PF001AZ),15,MT6891Z/CZA(D8020),OP,,https://frbox.transsion.com/disk/s/K3UdtFjRHqP,I12gI0,2026-09-12 21:35:39,expired
Infinix,X6962,X6962(Android 15),X6962-15.1.3.135SP01(IN001PF001AZ),15,MT6891Z/CZA(D8020),IN,,https://frbox.transsion.com/disk/s/cdwJ1LmgeXY,Iiz4pY,2026-09-12 21:35:39,expired
Infinix,X6962,X6962(Android 15),X6962-15.1.3.135SP01(RU001PF001AZ),15,MT6891Z/CZA(D8020),RU,,https://frbox.transsion.com/disk/s/ZJU8qeZRc7A,1YbgzM,2026-09-12 21:35:39,expired
TECNO,AE11,AE11(Android 15),AE11-15.1.3.135(OP001PF001AZ),15,MT6891Z/CZA(D8020),OP,,https://frbox.transsion.com/disk/s/i67Vgv1XGto,nK567b,2026-09-12 21:35:39,expired
TECNO,AE11,AE11(Android 15),AE11-15.1.3.135SP01(RU001PF001AZ),15,MT6891Z/CZA(D8020),RU,,https://frbox.transsion.com/disk/s/1RbfPZz6wGC,GyItLR,2026-09-12 21:35:39,expired
TECNO,AE11,AE11(Android 15),AE11-15.1.3.135SP01(TR001PF001AZ),15,MT6891Z/CZA(D8020),TR,,https://frbox.transsion.com/disk/s/vqsMA4drsGv,bH01fX,2026-09-12 21:35:39,expired
TECNO,AE11,AE11(Android 15),AE11-15.1.3.135SP01(IN001PF001AZ),15,MT6891Z/CZA(D8020),IN,,https://frbox.transsion.com/disk/s/oiyRJsNv42m,gFLfWR,2026-09-12 21:35:39,expired
Infinix,X6730B,X6730B,X6730B-15.1.2.133(EU001PF001AZ),15,MT6835V/TTZB(D6400),EU,,https://frbox.transsion.com/disk/s/yKQrzuSatcw,Q0JMq0,2026-09-12 21:35:38,expired
Infinix,X6730B,X6730B,X6730B-15.1.2.133(TR001PF001AZ),15,MT6835V/TTZB(D6400),TR,,https://frbox.transsion.com/disk/s/x3WvWUn6G5s,nkIoDy,2026-09-12 21:35:38,expired
Infinix,X6730B,X6730B,X6730B-15.1.2.185(OP001PF001AZ),15,MT6835V/TTZB(D6400),OP,,https://frbox.transsion.com/disk/s/XBbBxwWgWWJ,w8mY1z,2026-09-12 21:35:38,expired
Infinix,X6730B,X6730B,X6730B-15.1.2.185(OPPJ001PF001PJ),15,MT6835V/TTZB(D6400),OPPJ,,https://frbox.transsion.com/disk/s/M4zrc229S6x,0CUulH,2026-09-12 21:35:38,expired
itel,P110N,P110N,P110N-DL194-EnHiGuTeTaMrKnMlBn-IN-20231020,,MT6261D,IN,,https://frbox.transsion.com/disk/s/2MdZt4od6HV,3OxHRD,2026-09-12 21:35:37,expired
itel,P110S,P110S,P110S-G1813-EnBnUr-SA-20221222,,SC6531E,SA,,https://frbox.transsion.com/disk/s/feakTapdr6R,ufMru2,2026-09-12 21:35:36,expired
itel,it6310,it6310,it6310-G2806-EnHiGuTaTePa-IN-20200310,,SC6531C,IN,,https://frbox.transsion.com/disk/s/gyNA9tjvV38,szvZoq,2026-09-12 21:35:36,expired
TECNO,F4Pro,F4Pro,F4Pro-H398PQ-O-190417V126,,MT6177M,OP,2019-04-17,https://frbox.transsion.com/disk/s/fEYKiThRawF,WepE7K,2026-09-12 21:35:35,expired
itel,it2160C,it2160C,it2160C-DS1828-EnFrSwHaPoAr-OP-20260804,,,OP,,https://frbox.transsion.com/disk/s/W8RXguXKgpU,CRFzKH,2026-09-12 21:35:34,expired
itel,it2160C,it2160C,it2160C-DS1828-AmEnTiOmSo-ET-20260806,,,ET,,https://frbox.transsion.com/disk/s/uAJ4i27mumP,s7TAM4,2026-09-12 21:35:34,expired
itel,it2190,it2190,it2190-G1808-EnHiGuTaTePaBnKn-IN-NEW-20191122,,SC6531E,IN,,https://frbox.transsion.com/disk/s/p6y4J3NvZzd,FiKW7h,2026-09-12 21:35:34,expired
itel,it2191,it2191,it2191-G1808-EnBn-BD-20200316,,SC6531E,BD,,https://frbox.transsion.com/disk/s/jLd368HHkEF,zYz8Z6,2026-09-12 21:35:32,expired
itel,it2192,it2192,it2192-G1814-EnHiGuTaTePaBnKn-IN-20200518,,SC6513E,IN,,https://frbox.transsion.com/disk/s/tvCG1hTNMBU,llmqoz,2026-09-12 21:35:32,expired
itel,S665L,S665L,S665L-F065OPRSUVApAqAr-S-GL-20231025V481,,T606,GL,2023-10-25,https://frbox.transsion.com/disk/s/cr8Hxf1HNKp,DaXNYZ,2026-09-12 21:35:31,expired
itel,S665L,S665L,S665L-F065RSAq-S-TR-20240715V92,,T606,TR,2024-07-15,https://frbox.transsion.com/disk/s/ERVyPPi9ZZs,kFuqM5,2026-09-12 21:35:31,expired
itel,S665L,S665L,S665L-F065OPRSUVApAqAr-S-GL-20250207V533,,T606,GL,2025-02-07,https://frbox.transsion.com/disk/s/1H7AHx6PkTW,gG7CzU,2026-09-12 21:35:31,expired
TECNO,KI7s,KI7s,KI7s-V7510APQ-T-MXTC-230808V3405,,MT6768,MXTC,2023-08-08,https://frbox.transsion.com/disk/s/jsyHuPwJT2y,oBwtD7,2026-09-12 21:35:30,expired
TECNO,KI7s,KI7s,KI7s-V7510APQ-T-GTTG-LC-230525V2532,,MT6768,GTTG,2023-05-25,https://frbox.transsion.com/disk/s/HfDin1ZSDR4,st9eXi,2026-09-12 21:35:30,expired
TECNO,KI7s,KI7s,KI7s-V7510APQ-T-COCL-240717V5163,,MT6768,COCL,2024-07-17,https://frbox.transsion.com/disk/s/Qx6rHSYCkXc,kvyUOC,2026-09-12 21:35:30,expired
TECNO,T453,T453,T453-UL258A1-AF-180209V5,,MT6260A,AF,2018-02-09,https://frbox.transsion.com/disk/s/QPaxruuzYdJ,63sZX5,2026-09-12 21:35:29,expired
TECNO,T454,T454,T454-M2806-EnFrArSwHaPo-ZA-CellC-20200219,,MT6261D,ZA,,https://frbox.transsion.com/disk/s/djqg8Cv2LPo,qcuVBA,2026-09-12 21:35:29,expired
TECNO,T454,T454,T454-M2806-EnRuTrKkUk-UA-20200810,,MT6261D,UA,,https://frbox.transsion.com/disk/s/HFQUHL3JWfD,FeJr2O,2026-09-12 21:35:29,expired
TECNO,T454,T454,T454-M2806-EnFrArSwHaPo-20210927,,MT6261D,OP,,https://frbox.transsion.com/disk/s/bqDKjGJys6M,tZU0F5,2026-09-12 21:35:29,expired
TECNO,T454,T454,T454-M2806-EnRuTrKkUk-UA-20210928,,MT6261D,UA,,https://frbox.transsion.com/disk/s/PsdeB6XxLbj,IoqBxL,2026-09-12 21:35:29,expired
Infinix,X1201,X1201,X1201-M1201ABCDEFGHI-V-OP-260410V1305,,MT8781V/CAZA(G100),OP,2026-04-10,https://frbox.transsion.com/disk/s/igikZH7hYiF,XUu3rf,2026-09-12 21:35:27,expired
Infinix,X1201,X1201,X1201-M1201ABC-V-RU-260428V1355,,MT8781V/CAZA(G100),RU,2026-04-28,https://frbox.transsion.com/disk/s/L5NU9XKi62n,Y7STqh,2026-09-12 21:35:27,expired
Infinix,X1201,X1201,X1201-M1201ABCDEFGHI-V-OP-260625V1482,,MT8781V/CAZA(G100),OP,2026-06-25,https://frbox.transsion.com/disk/s/UGuNvXPZi7M,F1FS4N,2026-09-12 21:35:27,expired
Infinix,X6731B,X6731B,X6731B-H896ABC-T-OP-230921V836,,MT6789V/CD(G99),OP,2023-09-21,https://frbox.transsion.com/disk/s/byKUF4hM1ge,OZLGQq,2026-09-12 21:35:27,expired
Infinix,X6731B,X6731B,X6731B-H896ABC-T-OP-231205V1200,,MT6789V/CD(G99),OP,2023-12-05,https://frbox.transsion.com/disk/s/yij4CWh6CVR,8IDaxS,2026-09-12 21:35:27,expired
Infinix,X6731B,X6731B,X6731B-H896A-T-RU-240621V1638,,MT6789V/CD(G99),RU,2024-06-21,https://frbox.transsion.com/disk/s/uJvuX5VJvTw,0Rtgi7,2026-09-12 21:35:27,expired
Infinix,X6731B,X6731B,X6731B-H896ABC-T-OP-240722V1666,,MT6789V/CD(G99),OP,2024-07-22,https://frbox.transsion.com/disk/s/sifqFeaWB3n,JyOdmU,2026-09-12 21:35:27,expired
Infinix,X6731B,X6731B,X6731B-H896A-T-TR-250106V1735,,MT6789V/CD(G99),TR,2025-01-06,https://frbox.transsion.com/disk/s/dEjr3Ukm9of,FnAAb8,2026-09-12 21:35:27,expired
TECNO,G9,G9,T211_TECNO_POWERIC_A1_V0.5.2_S0130,,MT6627,OP,,https://frbox.transsion.com/disk/s/MXoqBdFLPaK,5APnaL,2026-09-12 21:35:26,expired
itel,it2160N,it2160N,it2160N-ET1826-EnFrSwHaPoAr-20250929,,SC6531E,OP,,https://frbox.transsion.com/disk/s/i6GcySeuK8g,d81Mwb,2026-09-12 21:35:25,expired
itel,it2160N,it2160N,it2160N-ET1826-AmEnSoTiOm-ET-20250929,,SC6531E,ET,,https://frbox.transsion.com/disk/s/F3kMYYdHJXk,j9fA1n,2026-09-12 21:35:25,expired
itel,it2160N,it2160N,it2160N-ET1826-EnArFa-IQ-20260727,,SC6531E,IQ,,https://frbox.transsion.com/disk/s/TrcM2q3Syoz,hPgJFM,2026-09-12 21:35:25,expired
Infinix,X6840B,X6840B,X6840B-16.1.0.140SP11(OP001PF001AZ),16,MT6769V/CB (G81 Ultimate),OP,,https://frbox.transsion.com/disk/s/xv3xTueVgHE,081547,2026-09-12 21:35:24,expired
Infinix,X6840B,X6840B,X6840B-16.1.0.140SP11(RU001PF001AZ),16,MT6769V/CB (G81 Ultimate),RU,,https://frbox.transsion.com/disk/s/5osr48q3taw,Q6Xqsc,2026-09-12 21:35:24,expired
Infinix,X6840B,X6840B,X6840B-16.3.0.140SP09(RU004PF001AZ),16,MT6769V/CB (G81 Ultimate),RU,,https://frbox.transsion.com/disk/s/Jen46ksiDEN,F3hB20,2026-09-12 21:35:24,expired
Infinix,X6840B,X6840B,X6840B-16.3.0.140SP09(OP004PF001AZ),16,MT6769V/CB (G81 Ultimate),OP,,https://frbox.transsion.com/disk/s/HAVVFLk1MrC,DRprE4,2026-09-12 21:35:24,expired
itel,it5231,it5231,IT5231-G243-AmEnTiOrSo-ET-20161013-RELEASE,,SC6531CA,ET,,https://frbox.transsion.com/disk/s/x14Q9YQDbrs,2HKJuE,2026-09-12 21:35:23,expired
itel,it5232,it5232,it5232-UL243-EnHiGuPaTe-IN-20170816,,MT6260A,IN,,https://frbox.transsion.com/disk/s/QAeEmpv8DYe,IEt7ZX,2026-09-12 21:35:23,expired
itel,it6320,it6320,it6320-G2806-EnBnMyUr-BD-20200526,,SC6531C,BD,,https://frbox.transsion.com/disk/s/EEvfEa7CAUV,uYafuW,2026-09-12 21:35:22,expired
itel,it6320,it6320,it6320-G2806-EnFrPoArSwHa-20200525,,SC6531C,OP,,https://frbox.transsion.com/disk/s/1w7YQHbVb8U,u3ilBp,2026-09-12 21:35:22,expired
TECNO,PP7E,PP7E,PP7E-DLA1-9223C-A2-L-20160906,,MT8735,OP,,https://frbox.transsion.com/disk/s/WhoNwkCW4nR,o1ff2F,2026-09-12 21:35:21,expired
itel,it5231N,it5231N,it5231N-UL243-EnHiGuTe-IN-20180627,,MT6260A,IN,,https://frbox.transsion.com/disk/s/dZK1xYiCeuv,sKVB1C,2026-09-12 21:35:20,expired
itel,it2161C,it2161C,it2161C-GT1829-EnBn-BD-20260206,,SC6533G,BD,,https://frbox.transsion.com/disk/s/v7hAiJR9Sj9,zoMImZ,2026-09-12 21:35:19,expired
itel,it2161C,it2161C,it2161C-GT1829-EnTl-PH-20260305,,SC6533G,PH,,https://frbox.transsion.com/disk/s/PrneTLYdR5F,CwL319,2026-09-12 21:35:19,expired
itel,it2161C,it2161C,it2161C-GT1829-EnFrAr-EG-20260724,,SC6533G,EG,,https://frbox.transsion.com/disk/s/21oheW21o4z,TvjRru,2026-09-12 21:35:19,expired
itel,it2160T,it2160T,it2160T-DS1828-EnFrSwHaPoAr-OP-20260616,,MT6261D,OP,,https://frbox.transsion.com/disk/s/YgzukLys7br,ta7SdO,2026-09-12 21:35:19,expired
itel,it2160T,it2160T,it2160T-DS1828-EnFrSwHaPoAr-OP-20260812-KV-FR,,MT6261D,OP,,https://frbox.transsion.com/disk/s/BmJqow7SgWr,k70qTd,2026-09-12 21:35:19,expired
itel,S662LCN,S662LCN,S662LCN-F066HI-S-GL-20221014V131,,UMS9230(T606),GL,2022-10-14,https://frbox.transsion.com/disk/s/SKYYUp6zjDr,X73Wdm,2026-09-12 21:35:18,expired
itel,S662LCN,S662LCN,S662LCN-F066HI-S-GL-20230425V203,,UMS9230(T606),GL,2023-04-25,https://frbox.transsion.com/disk/s/kj3Mna9y3Zt,RbwJEe,2026-09-12 21:35:18,expired
itel,S662LCN,S662LCN,S662LCN-F066FG-S-RU-20230606V193,,UMS9230(T606),RU,2023-06-06,https://frbox.transsion.com/disk/s/KHmk3kYjv7c,79zIdd,2026-09-12 21:35:18,expired
itel,it5235,it5235,it5235-ET2435-EnBn-BD-20250916,,SC6531E,BD,,https://frbox.transsion.com/disk/s/PHZsKtNYtZR,i1Am2U,2026-09-12 21:35:17,expired
itel,it5233,it5233,it5233-A245-EnHiTeGuTa-IN-20170511,,MT6260A,IN,,https://frbox.transsion.com/disk/s/TGp7qadzZct,ELmCLj,2026-09-12 21:35:16,expired
TECNO,AD11,AD11(Android 15),AD11-15.1.3.135SP01(GL001PF001AZ),15,MT6893Z_T/CZA(D8050),GL,,https://frbox.transsion.com/disk/s/aX9EZEHgwmQ,kUPihg,2026-09-12 21:35:16,expired
TECNO,AD11,AD11(Android 15),AD11-15.1.3.135SP01(RU001PF001AZ),15,MT6893Z_T/CZA(D8050),RU,,https://frbox.transsion.com/disk/s/fickz5Hruuj,MXkVao,2026-09-12 21:35:16,expired
TECNO,AD11,AD11(Android 15),AD11-15.1.3.135SP01(IN001PF001AZ),15,MT6893Z_T/CZA(D8050),IN,,https://frbox.transsion.com/disk/s/nRhLvnnc1bq,Qyn9Cy,2026-09-12 21:35:16,expired
TECNO,AD11,AD11(Android 15),AD11-15.1.3.135SP01(TR001PF001AZ),15,MT6893Z_T/CZA(D8050),TR,,https://frbox.transsion.com/disk/s/38pjzDzHiDL,6YF8So,2026-09-12 21:35:16,expired
TECNO,T660,T660,T660UL252G1-AF-170214V6,,MT6260A,AF,2017-02-14,https://frbox.transsion.com/disk/s/uTHhWewzTkt,N9Ewed,2026-09-12 21:35:15,expired
TECNO,T662,T662,T662-MA2807-EnAmOrTi-ET-20200520,,MT6260A,ET,,https://frbox.transsion.com/disk/s/kpyi6AcU1am,6GH47l,2026-09-12 21:35:14,expired
TECNO,T662,T662,T662-MA2807-EnFrArSwHaPo-NEW-20201202,,MT6260A,OP,,https://frbox.transsion.com/disk/s/4cc2cLgPnNX,UTjtt6,2026-09-12 21:35:14,expired
TECNO,T661,T661,T661-UL266A1-AF-180521V3,,MT6260,AF,2018-05-21,https://frbox.transsion.com/disk/s/cpdJ58WxXn8,DWItw8,2026-09-12 21:35:14,expired
TECNO,T661,T661,T661-UL266A1-AF-ET-180710V2,,MT6260,ET,2018-07-10,https://frbox.transsion.com/disk/s/JyDnbWynQ7o,iemkCY,2026-09-12 21:35:14,expired
TECNO,T663,T663,T663-MA3501-EnFrArSwHaPo-20240713,,MT6260A,OP,,https://frbox.transsion.com/disk/s/pD81s7bezPE,iiBXTh,2026-09-12 21:35:13,expired
TECNO,T663,T663,T663-MA3501-AmEnOmTi-ET-20250109,,MT6260A,ET,,https://frbox.transsion.com/disk/s/MuUXTVkn9rq,cRnUxK,2026-09-12 21:35:13,expired
TECNO,T663,T663,T663-MA3501-EnFrArSwHaPo-20250109,,MT6260A,OP,,https://frbox.transsion.com/disk/s/so6ctHvMrCE,U0R9nV,2026-09-12 21:35:13,expired
TECNO,CK8n,CK8n(Android 14),CK8n-H931A-U-TR-241029V472,14,MT6893Z_T/CZA(D8050),TR,2024-10-29,https://frbox.transsion.com/disk/s/qumfHpfAQ18,eFz81a,2026-09-12 21:35:12,expired
TECNO,CK8n,CK8n(Android 14),CK8n-H931ABC-U-GL-250322V505,14,MT6893Z_T/CZA(D8050),GL,2025-03-22,https://frbox.transsion.com/disk/s/xzZo1K6AnBN,3JILsS,2026-09-12 21:35:12,expired
TECNO,CK8n,CK8n(Android 14),CK8n-H931A-U-RU-250512V519,14,MT6893Z_T/CZA(D8050),RU,2025-05-12,https://frbox.transsion.com/disk/s/LHv39w1Cc93,qNQhs9,2026-09-12 21:35:12,expired
TECNO,CK7n,CK7n(Android 14),CK7n-H894ABC-U-GL-240809V1258,14,MT6789V/CD(G99),GL,2024-08-09,https://frbox.transsion.com/disk/s/C7uyz6LKz7M,xip0TM,2026-09-12 21:35:11,expired
TECNO,CK7n,CK7n(Android 14),CK7n-H894B-U-TR-241209V1409,14,MT6789V/CD(G99),TR,2024-12-09,https://frbox.transsion.com/disk/s/iCGfJ1kRSho,DkX9AZ,2026-09-12 21:35:11,expired
TECNO,CK7n,CK7n(Android 14),CK7n-H894ABC-U-GL-250218V1430,14,MT6789V/CD(G99),GL,2025-02-18,https://frbox.transsion.com/disk/s/5wYLAqkExuv,bJcUqA,2026-09-12 21:35:11,expired
TECNO,CK7n,CK7n(Android 14),CK7n-H894B-U-RU-250415V1454,14,MT6789V/CD(G99),RU,2025-04-15,https://frbox.transsion.com/disk/s/b7UNExRrGyh,juXCtY,2026-09-12 21:35:11,expired
itel,it2176,it2176,it2176-G1812-EnBn-BD-20240415-P60,,SC6531E,BD,,https://frbox.transsion.com/disk/s/8VgyWN4BESG,kR6CJK,2026-09-12 21:35:10,expired
itel,it2176,it2176,it2176-G1812-RuEnFrUkKk-RU-20240430-P60,,SC6531E,RU,,https://frbox.transsion.com/disk/s/SkDGc1KpcXd,AxmhH6,2026-09-12 21:35:10,expired
itel,it2176,it2176,it2176-G1812-EnUrTl-SEA-20241213,,SC6531E,SEA,,https://frbox.transsion.com/disk/s/d2Zny2tf1jW,kYG00g,2026-09-12 21:35:10,expired
TECNO,F4,F4,F4-H398MN-OGo-190417V145,,MT6177M,OP,2019-04-17,https://frbox.transsion.com/disk/s/DMYrYWH2qHe,kSPRxr,2026-09-12 21:35:09,expired
itel,it2175,it2175,it2175-M1812-EnBn-BD-20220105,,MT6261D,BD,,https://frbox.transsion.com/disk/s/Bseo9MAvdrC,KOV4NV,2026-09-12 21:35:08,expired
itel,it2175,it2175,it2175-M1812-EnHiGuTeTaMrKnMlBn-IN-20221108,,MT6261D,IN,,https://frbox.transsion.com/disk/s/RLgm6J1fPyq,ugEEoL,2026-09-12 21:35:08,expired
TECNO,F2,F2,F2-VP510ABC-N-190911V20,,MT6580,OP,2019-09-11,https://frbox.transsion.com/disk/s/Jo2TEAE7V8D,EhWeP7,2026-09-12 21:35:07,expired
TECNO,F3,F3,F3-H8022AC-N-190801V176,,MT6580M,OP,2019-08-01,https://frbox.transsion.com/disk/s/mNwmeg82su4,SBs56F,2026-09-12 21:35:07,expired
itel,A571WM,A571WM,A571WM-SC3101F-10.0-OP-V011-20220805,,SC7731,OP,,https://frbox.transsion.com/disk/s/dkByfJ5gTMs,NqVj9o,2026-09-12 21:35:06,expired
TECNO,CN7c,CN7c,CN7c-16.1.0.135SP11(RU001PF001AZ),,MT6878(D7400 Ultimate),RU,,https://frbox.transsion.com/disk/s/FLXZWmSEsZX,CVjHhS,2026-09-12 21:35:05,expired
TECNO,CN7c,CN7c,CN7c-16.1.0.135SP11(OPPJ001PF001PJ),,MT6878(D7400 Ultimate),OPPJ,,https://frbox.transsion.com/disk/s/rKHfXzCN2Y4,WOOz54,2026-09-12 21:35:05,expired
TECNO,CN7c,CN7c,CN7c-16.1.0.135SP11(TR001PF001AZ),,MT6878(D7400 Ultimate),TR,,https://frbox.transsion.com/disk/s/XPGvzmaiWPU,F35Jyv,2026-09-12 21:35:05,expired
TECNO,CN7c,CN7c,CN7c-16.1.0.150SP09(OP001PF001AZ),,MT6878(D7400 Ultimate),OP,,https://frbox.transsion.com/disk/s/tUdcH3PTuNa,v9VR5N,2026-09-12 21:35:05,expired
TECNO,CN7c,CN7c,CN7c-16.1.0.142SP10(COCL001PF001AZ),,MT6878V_E/TZA(D7400 Ultimate),COCL,,https://frbox.transsion.com/disk/s/8wit5BAhmtk,jzkshd,2026-09-12 21:35:05,expired
TECNO,CN7c,CN7c,CN7c-16.2.0.150SP13(TR006PF001AZ),,MT6878(D7400 Ultimate),TR,,https://frbox.transsion.com/disk/s/US2xMTu7XWr,LSH3Kn,2026-09-12 21:35:05,expired
TECNO,CN7c,CN7c,CN7c-16.3.0.140SP28(RU009PF001AZ),,MT6878(D7400 Ultimate),RU,,https://frbox.transsion.com/disk/s/Bw6mzio4jdL,mHtxNa,2026-09-12 21:35:05,expired
TECNO,CN7c,CN7c,CN7c-16.3.0.140SP28(OP009PF001AZ),,MT6878(D7400 Ultimate),OP,,https://frbox.transsion.com/disk/s/XTDQ9rQ3D8j,DHO9pI,2026-09-12 21:35:05,expired
TECNO,CN7c,CN7c,CN7c-16.3.0.140SP28(OPPJ009PF001PJ),,MT6878(D7400 Ultimate),OPPJ,,https://frbox.transsion.com/disk/s/YAn32AYYWNm,p3G8eq,2026-09-12 21:35:05,expired
TECNO,CN7c,CN7c,CN7c-16.3.0.140SP28(OP009PF001M1),,MT6878V_E/TZA(D7400 Ultimate),OP-M1,,https://frbox.transsion.com/disk/s/BHV69WJgf5r,UwjQTQ,2026-09-12 21:35:05,expired
TECNO,CN7c,CN7c,CN7c-16.3.0.140SP28(IN009PF001AZ),,MT6878V_E/TZA(D7400 Ultimate),IN,,https://frbox.transsion.com/disk/s/uPa9EzLQDPv,NvuBOY,2026-09-12 21:35:05,expired
TECNO,F1,F1,F1-VP510EFG-GO-ETEC-200512V16,,MT6580,ETEC,2020-05-12,https://frbox.transsion.com/disk/s/mLwA5gdtHgF,gAcMCd,2026-09-12 21:35:05,expired
TECNO,F1,F1,F1-VP510EFG-GO-201214V23,,MT6580,OP,2020-12-14,https://frbox.transsion.com/disk/s/9GjwU9EUuoR,SYncn7,2026-09-12 21:35:05,expired
TECNO,T411,T411,T411-DS2822-EnFrArSwHaPo-OP-20260714,,MT6261D,OP,,https://frbox.transsion.com/disk/s/U7LprbUSTXH,xumdto,2026-09-12 21:35:04,expired
itel,S663L,S663L,S663L-SE663-12.0-OP-V400-240110,,SC9863A1,OP,,https://frbox.transsion.com/disk/s/vDVtzKUissc,jblxq6,2026-09-12 21:35:03,expired
itel,S663L,S663L,S663L-SE663-12.0-OP-V416-240429,,SC9863A1,OP,,https://frbox.transsion.com/disk/s/DeWGaWsvgbL,at51ff,2026-09-12 21:35:03,expired
itel,S663L,S663L,S663L-SE663-12.0-OP-V419-240709,,SC9863A1,OP,,https://frbox.transsion.com/disk/s/juQUeUHs3g5,3ELmXu,2026-09-12 21:35:03,expired
itel,it2170,it2170,it2170-GSE010-EnBnMy-BD-20190215,,SC6531E,BD,,https://frbox.transsion.com/disk/s/YNxiM7vFVsD,nOEuxa,2026-09-12 21:35:02,expired
TECNO,CL7,CL7(Android 15),CL7-15.1.2.170SP07(IN001PF001AZ),15,MT6855V/A(D7020),IN,,https://frbox.transsion.com/disk/s/u8qPatMLg4y,wKGGe9,2026-09-12 21:35:01,expired
TECNO,CL7,CL7(Android 15),CL7-15.1.2.170SP07(RU001PF001AZ),15,MT6855V/A(D7020),RU,,https://frbox.transsion.com/disk/s/Ljy5Ch4q9av,bB1ZOv,2026-09-12 21:35:01,expired
TECNO,CL7,CL7(Android 15),CL7-15.1.2.170SP07(TR001PF001AZ),15,MT6855V/A(D7020),TR,,https://frbox.transsion.com/disk/s/DXf5DnFGb44,OONTFW,2026-09-12 21:35:01,expired
TECNO,CL7,CL7(Android 15),CL7-15.1.2.185SP01(OP001PF001AZ),15,MT6855V/A(D7020),OP,,https://frbox.transsion.com/disk/s/VUKADptgh1C,GHGN51,2026-09-12 21:35:01,expired
TECNO,KF6ks,KF6ks,KF6ks-H696Ay-R-MXTC-240325V603,,MT6769,MXTC,2024-03-25,https://frbox.transsion.com/disk/s/XNEA6u3pWgs,7DpKcd,2026-09-12 21:35:00,expired
itel,it2172,it2172,it2172-G1809-EnHiGuTaTePa-IN-20190118,,SC6531E,IN,,https://frbox.transsion.com/disk/s/sm3Pt3VqVYG,ifXhrk,2026-09-12 21:35:00,expired
itel,it2171,it2171,it2171-G1808-EnHiGuTaTeKnBnMlMr-IN-20221019-ACE,,SC6531E,IN,,https://frbox.transsion.com/disk/s/Vk8U1qwDxb4,imm3GD,2026-09-12 21:34:59,expired
itel,it2171,it2171,it2171-G1808-EnBnMyUr-SA-20260105-P60,,SC6531E,SA,,https://frbox.transsion.com/disk/s/VWDv5H8N7Ca,s4VTKB,2026-09-12 21:34:59,expired
itel,it2171,it2171,it2171-G1808-EnBnMyUr-SA-20260326-P60,,SC6531E,SA,,https://frbox.transsion.com/disk/s/n9tkgqvNdza,jUY3I7,2026-09-12 21:34:59,expired
itel,it2173,it2173,it2173-G1812-EnAmOrSoTi-ET-20210119,,SC6531E,ET,,https://frbox.transsion.com/disk/s/TrxLsTMtsHp,BtCQ0e,2026-09-12 21:34:58,expired
itel,it2173,it2173,it2173-G1812-EnZuXhAf-ZA-PEP-20210120,,SC6531E,ZA,,https://frbox.transsion.com/disk/s/Uywkkd46Sgq,Gdj7bp,2026-09-12 21:34:58,expired
itel,it2173,it2173,it2173-G1812-EnFrSwHaPoAr-20210125,,SC6531E,OP,,https://frbox.transsion.com/disk/s/CFFjcufKsix,DYTcOU,2026-09-12 21:34:58,expired
itel,it2173,it2173,it2173-G1812-EnBn-BD-20210122,,SC6531E,BD,,https://frbox.transsion.com/disk/s/daA84S1ZBiH,9tU8IA,2026-09-12 21:34:58,expired
itel,it2173,it2173,it2173-G1812-EnViThTlKm-SEA-20210126,,SC6531E,SEA,,https://frbox.transsion.com/disk/s/ARBuAZoChvB,udeZOm,2026-09-12 21:34:58,expired
itel,it2173,it2173,it2173-G1812-EnSiTa-LK-20210201,,SC6531E,LK,,https://frbox.transsion.com/disk/s/5Zk4FX63Yy8,ty52Rd,2026-09-12 21:34:58,expired
itel,it2173,it2173,it2173-G1812-EnHi-NP-20210202,,SC6531E,NP,,https://frbox.transsion.com/disk/s/639xiTbPTk4,k01TNu,2026-09-12 21:34:58,expired
itel,it2173,it2173,it2173-G1812-EnHiGuTaTePaBnKn-IN-20210315,,SC6531E,IN,,https://frbox.transsion.com/disk/s/ZpTEPiRnQ9H,XktxnF,2026-09-12 21:34:58,expired
itel,it2173,it2173,it2173-G1812-EnUr-PK-20210421,,SC6531E,PK,,https://frbox.transsion.com/disk/s/LeqodXXoMo9,n1aVxZ,2026-09-12 21:34:58,expired
itel,it2173,it2173,it2173-G1812-EnMy-KH2-20210811,,SC6531E,KH2,,https://frbox.transsion.com/disk/s/s9M5qjezNqm,eYTJGN,2026-09-12 21:34:58,expired
itel,it2173,it2173,it2173-G1812-EnArFr-AROP-20220224,,SC6531E,AROP,,https://frbox.transsion.com/disk/s/8y8VcWUj3dd,KpGm3L,2026-09-12 21:34:58,expired
itel,it2173,it2173,it2173-G1812-EnRuUkKk-RU-20220413,,SC6531E,RU,,https://frbox.transsion.com/disk/s/tYsn1pxTFx1,JtqQFo,2026-09-12 21:34:58,expired
itel,it5200,it5200,it5200-G1825-EnUr-PK-20240829,,SC6531E,PK,,https://frbox.transsion.com/disk/s/MgcPxP35viV,RV8Cnb,2026-09-12 21:34:58,expired
itel,it5200,it5200,it5200-G1825-RuEnUkKkFr-RU-20250212,,SC6531E,RU,,https://frbox.transsion.com/disk/s/QoRTNtYkLQ3,zcjwbW,2026-09-12 21:34:58,expired
itel,it5200,it5200,it5200-G1825-EnBn-BD-20260317-P60,,SC6531E,BD,,https://frbox.transsion.com/disk/s/e6Dv8wbm7MB,Sgqpv8,2026-09-12 21:34:58,expired
Infinix,X6710,X6710(Android 14),X6710-H931DJ-U-GL-241029V827,14,MT6893Z_T/CZA(D8050),GL,2024-10-29,https://frbox.transsion.com/disk/s/9g1aPwcCbNy,optLdb,2026-09-12 21:34:57,expired
Infinix,X6710,X6710(Android 14),X6710-H931DJ-U-RU-241029V826,14,MT6893Z_T/CZA(D8050),RU,2024-10-29,https://frbox.transsion.com/disk/s/sCiVbNqfBJ5,cHXdns,2026-09-12 21:34:57,expired
Infinix,X690C,X690C,X690C-H691B-Q-OP-201201V115,,MT6769,OP,2020-12-01,https://frbox.transsion.com/disk/s/7D86jRJmKPk,yiX69g,2026-09-12 21:34:56,expired
Infinix,X690B,X690B,X690B-H691DE-Q-GL-220215V356,,MT6769,GL,2022-02-15,https://frbox.transsion.com/disk/s/AmK4XhXtzzS,zFT4qC,2026-09-12 21:34:55,expired
Infinix,X6815C,X6815C(Android 13),X6815C-H777A-T-GL-231008V345,13,MT6877V/TTZA(D1080),GL,2023-10-08,https://frbox.transsion.com/disk/s/K1YjqCn4AhL,UUNsxt,2026-09-12 21:34:55,expired
TECNO,T430,T430,A675_T430_A1_AO_V1_0_1104C,,MT6260A,AO,,https://frbox.transsion.com/disk/s/vDNaq91wQt6,GTKyWf,2026-09-12 21:34:54,expired
TECNO,T430,T430,A675_T430_A1_ET_V1_5_1124BC,,MT6260A,ET,,https://frbox.transsion.com/disk/s/kwh7E3XB17f,6UwaEg,2026-09-12 21:34:54,expired
TECNO,T430,T430,A675_T430_A1_EG_V1_4_0205BC,,MT6260A,EG,,https://frbox.transsion.com/disk/s/zovNDYDinp3,JwM4Er,2026-09-12 21:34:54,expired
TECNO,T430,T430,A675_T430_A1_MLA_V4_0_0713BI,,MT6260A,MLA,,https://frbox.transsion.com/disk/s/CMuM5W2imfv,VI9F32,2026-09-12 21:34:54,expired
TECNO,CL9,CL9(Android 15),CL9-15.1.2.185SP01(OP001PF001AZ),15,MT6896Z_B/CZA(D8200 Ultimate),OP,,https://frbox.transsion.com/disk/s/BxJfbmAdRsJ,b83wb9,2026-09-12 21:34:52,expired
TECNO,CL9,CL9(Android 15),CL9-15.1.2.185SP01(RU001PF001AZ),15,MT6896Z_B/CZA(D8200 Ultimate),RU,,https://frbox.transsion.com/disk/s/cxgrpv6LDdh,WAWorf,2026-09-12 21:34:52,expired
TECNO,CL9,CL9(Android 15),CL9-15.1.2.185SP01(IN001PF001AZ),15,MT6896Z_B/CZA(D8200 Ultimate),IN,,https://frbox.transsion.com/disk/s/2zoBqiCu1DK,E8yAS7,2026-09-12 21:34:52,expired
Infinix,X6831,X6831(Android 13),X6831-V7510AEF-T-RU-250225V673,13,MT6769H(G88),RU,2025-02-25,https://frbox.transsion.com/disk/s/FCptAdCYr7M,9Hdfbb,2026-09-12 21:34:52,expired
TECNO,KI5q,KI5q,KI5q-H6127AoAq-T-EU-230701V1096,,MT6765,EU,2023-07-01,https://frbox.transsion.com/disk/s/hNtQfsUfEQ6,RhiY8X,2026-09-12 21:34:51,expired
TECNO,KI5q,KI5q,KI5q-H6127AlAmAnAoApAq-T-GL-230822V1339,,MT6765,GL,2023-08-22,https://frbox.transsion.com/disk/s/S1PXBCCh2mv,c21QEc,2026-09-12 21:34:51,expired
TECNO,KI5q,KI5q,KI5q-H6127AlAmAnAoApAq-T-GL-231211V1732,,MT6765,GL,2023-12-11,https://frbox.transsion.com/disk/s/29r5SJpKLwf,fkgzZJ,2026-09-12 21:34:51,expired
TECNO,KI5q,KI5q,KI5q-H6127AlAmAnAoApAq-T-GL-250117V2518,,MT6765,GL,2025-01-17,https://frbox.transsion.com/disk/s/hxFiNWwxRLf,UxblJX,2026-09-12 21:34:51,expired
TECNO,KI5q,KI5q,KI5q-H6127AnAp-T-TR-241209V2485,,MT6765,TR,2024-12-09,https://frbox.transsion.com/disk/s/NgnwqGA4Ly4,nMyohB,2026-09-12 21:34:51,expired
TECNO,KI5q,KI5q,KI5q-H6127AnAp-T-RU-250117V2519,,MT6765,RU,2025-01-17,https://frbox.transsion.com/disk/s/XhQpy1fxctM,Cfui2D,2026-09-12 21:34:51,expired
TECNO,T431,T431,T431-G241A-EnFrSwHa-20160422-RELEASE,,SC6531,OP,,https://frbox.transsion.com/disk/s/Jj1E7mmc44j,XeJF0Q,2026-09-12 21:34:50,expired
TECNO,KI5k,KI5k,KI5k-F065EAh-S-OPPJ-PJ-20231009V29,,UMS9230(T606),OP,2023-10-09,https://frbox.transsion.com/disk/s/j5JLf6iZNPi,zEnapE,2026-09-12 21:34:49,expired
TECNO,KI5k,KI5k,KI5k-F065ABCDEAgAh-S-GL-20231118V548,,T606,GL,2023-11-18,https://frbox.transsion.com/disk/s/qx87NeaMQLi,RrJRqR,2026-09-12 21:34:49,expired
TECNO,KI5k,KI5k,KI5k-F065DAg-S-TR-20240220V220,,T606,TR,2024-02-20,https://frbox.transsion.com/disk/s/X9uHoZ5iqks,HgoxlM,2026-09-12 21:34:49,expired
TECNO,KI5k,KI5k,KI5k-F065EAh-S-OPPJ-PJ-20240221V38,,UMS9230(T606),OPPJ,2024-02-21,https://frbox.transsion.com/disk/s/WXsdRnkmuq1,avAgpc,2026-09-12 21:34:49,expired
TECNO,KI5k,KI5k,KI5k-F065ABCDEAgAh-S-GL-20241108V612,,T606,GL,2024-11-08,https://frbox.transsion.com/disk/s/qoLWke9WaVL,wiPRSK,2026-09-12 21:34:49,expired
TECNO,KI5k,KI5k,KI5k-F065ABCDEAgAh-S-GL-20241211V618,,T606,GL,2024-12-11,https://frbox.transsion.com/disk/s/fJwP99ZyWgh,qVf6f2,2026-09-12 21:34:49,expired
TECNO,KI5k,KI5k,KI5k-F065D-S-ZAVC-DC-20250225V212,,T606,ZAVC,2025-02-25,https://frbox.transsion.com/disk/s/s8GppFLky1w,Lkzbkr,2026-09-12 21:34:49,expired
Infinix,X6511B,X6511B,X6511B-F6318-11.0-OP-V127-20230810,,SC9863A,OP,,https://frbox.transsion.com/disk/s/N4MLKfVFzZG,RySnJh,2026-09-12 21:34:49,expired
Infinix,X6511B,X6511B,X6511B-F6318-11.0-OP-V122-20230619,,SC9863A,AS,,https://frbox.transsion.com/disk/s/pc2Tvrk986K,m70MuE,2026-09-12 21:34:49,expired
TECNO,KI5n,KI5n,KI5n-H6514N-T-GL-230417V661,,MT6765,GL,2023-04-17,https://frbox.transsion.com/disk/s/oy581RWYGca,Xcpa68,2026-09-12 21:34:47,expired
TECNO,KI5m,KI5m,KI5m-F065AiAo-S-GL-20230704V204,,T606,GL,2023-07-04,https://frbox.transsion.com/disk/s/X4AFv3MEjYw,z3U9Co,2026-09-12 21:34:47,expired
TECNO,KI5m,KI5m,KI5m-F065AiAo-S-GL-20230816V212,,T606,GL,2023-08-16,https://frbox.transsion.com/disk/s/pvEttqfKwh7,HfBGjy,2026-09-12 21:34:47,expired
TECNO,KI5m,KI5m,KI5m-F065AiAo-S-RU-20250107V229,,T606,RU,2025-01-07,https://frbox.transsion.com/disk/s/Qdwnbj6QLhS,IiSQnV,2026-09-12 21:34:47,expired
Infinix,X6815B,X6815B(S),X6815B-H772AB-S-OP-231020V486,,MT6877,OP,2023-10-20,https://frbox.transsion.com/disk/s/dseqRYMkoHU,vI9brg,2026-09-12 21:34:45,expired
Infinix,X6815B,X6815B(S),X6815B-H772A-S-INFK-DC-221213V225,,MT6877,INFK,2022-12-13,https://frbox.transsion.com/disk/s/SNMc54G9F3C,7ZI6FV,2026-09-12 21:34:45,expired
itel,P11002L,P11002L,P11002L-M11-V-OP-250621V21,,MT8768,OP,2025-06-21,https://frbox.transsion.com/disk/s/Gf9d2hGYYR6,eUqLNm,2026-09-12 21:34:45,expired
itel,P11002L,P11002L,P11002L-M11-V-IN-260629V9,,MT8768,IN,2026-06-29,https://frbox.transsion.com/disk/s/sEGxZfXVJCG,8xpd6O,2026-09-12 21:34:45,expired
TECNO,BG7,BG7,BG7-XE674SEFN-T-OPPJ-PJ-231214V88,,MT6765V/XB(G36),OPPJ,2023-12-14,https://frbox.transsion.com/disk/s/HHEnz2GgSpp,O1sPtJ,2026-09-12 21:34:44,expired
TECNO,BG7,BG7,BG7-XE674SABL-T-ETEC-LC-240314V383,,MT6765V/XB(G36),ETEC,2024-03-14,https://frbox.transsion.com/disk/s/GR3DPeZ9n3m,dDu8jm,2026-09-12 21:34:44,expired
TECNO,BG7,BG7,BG7-XE674SDM-T-IN-241213V1974,,MT6765V/XB(G36),IN,2024-12-13,https://frbox.transsion.com/disk/s/nxZ9NUtWokT,aEJ3R0,2026-09-12 21:34:44,expired
TECNO,BG7,BG7,BG7-XE674SABCDEFLMNQR-T-OP-260121V2708,,MT6765V/XB(G36),OP,2026-01-21,https://frbox.transsion.com/disk/s/VN5kLHZcRNj,gNS71c,2026-09-12 21:34:44,expired
TECNO,BG7,BG7,BG7-XE674SEFN-T-OPPJ-PJ-260121V284,,MT6765V/XB(G36),OPPJ,2026-01-21,https://frbox.transsion.com/disk/s/x1oyvQtG7EU,YhE8lr,2026-09-12 21:34:44,expired
Infinix,X6511E,X6511E,X6511E-H6126EFGMV-RGo-GL-231031V894,,MT6761V,GL,2023-10-31,https://frbox.transsion.com/disk/s/3arovYjxaKJ,RXwAyS,2026-09-12 21:34:43,expired
Infinix,X6511E,X6511E,X6511E-H6126EFGMV-RGo-GL-240105V864,,MT6761V,GL,2024-01-05,https://frbox.transsion.com/disk/s/ZBBQakakrVi,hIBwKC,2026-09-12 21:34:43,expired
itel,A42,A42 Plus,A42Plus-U267P-7.0-IN-V019-20190118,,SC9832,IN,,https://frbox.transsion.com/disk/s/czSt5geyoWK,rFlbK6,2026-09-12 21:34:42,expired
TECNO,BG6,BG6,BG6-F069AfAgAhAiAjAkAlAmAnAtAs-TGo-OP-230929V730,,UMS9230(T606),OP,2023-09-29,https://frbox.transsion.com/disk/s/3zxoyhTxM6o,skOoGy,2026-09-12 21:34:41,expired
TECNO,BG6,BG6,BG6-F069AfAgAhAiAjAkAlAmAnAtAsBs-TGo-OP-231120V1114,,UMS9230(T606),OP,2023-11-20,https://frbox.transsion.com/disk/s/BzQ2KuXvRX3,NLo1jE,2026-09-12 21:34:41,expired
TECNO,BG6,BG6,BG6-F069AlAmAnFjFkFl-TGo-OPPJ-PJ-231206V50,,UMS9230(T606),OPPJ,2023-12-06,https://frbox.transsion.com/disk/s/ccZXdrArQpZ,Fb6has,2026-09-12 21:34:41,expired
TECNO,BG6,BG6,BG6-F069CvCwCxFmFnFo-TGo-EU-231211V145,,UMS9230(T606),EU,2023-12-11,https://frbox.transsion.com/disk/s/eBEGCRZ3W4C,HLMbRE,2026-09-12 21:34:41,expired
TECNO,BG6,BG6,BG6-F069AfAgAhAiAjAkAlAmAnAtAsBs-TGo-OP-231212V1290,,UMS9230(T606),OP,2023-12-12,https://frbox.transsion.com/disk/s/PB9kJWJAPif,bcMHPc,2026-09-12 21:34:41,expired
TECNO,BG6,BG6,BG6-F069AlAmAnFjFkFl-TGo-OPPJ-PJ-231225V67,,UMS9230(T606),OPPJ,2023-12-25,https://frbox.transsion.com/disk/s/Le75APdD18i,IUx2HJ,2026-09-12 21:34:41,expired
TECNO,BG6,BG6,BG6-F069AfAgAhAiAjAkAlAmAnAsAtBsFaFbFcFdFeFfFgFhFiFjFkFlFpFqFrFs-TGo-OP-240115V1541,,UMS9230(T606),OP,2024-01-15,https://frbox.transsion.com/disk/s/cVnsTjJWzR4,6Omv55,2026-09-12 21:34:41,expired
TECNO,BG6,BG6,BG6-F069BrDxDy-TGo-ETEC-LC-240520V110,,UMS9230(T606),ETEC,2024-05-20,https://frbox.transsion.com/disk/s/eC8ftExGyMF,YiADUt,2026-09-12 21:34:41,expired
TECNO,BG6,BG6,BG6-F069AnFl-TGo-TR-240926V147,,UMS9230(T606),TR,2024-09-26,https://frbox.transsion.com/disk/s/fuJ9h5ZzA2T,iUd8gb,2026-09-12 21:34:41,expired
TECNO,BG6,BG6,BG6-F069AfAgAhAiAjAkAlAmAnAsAtBsFaFbFcFdFeFfFgFhFiFjFkFlFuFv-TGo-OP-241106V2301,,UMS9230(T606),OP,2024-11-06,https://frbox.transsion.com/disk/s/8cJZfjxbNZe,LFOmiR,2026-09-12 21:34:41,expired
TECNO,BG6,BG6,BG6-F069Bq-TGo-KESF-DC-241014V72,,UMS9230(T606),KESF,2024-10-14,https://frbox.transsion.com/disk/s/hMLod4evpiD,XktzzE,2026-09-12 21:34:41,expired
TECNO,BG6,BG6,BG6-F069AfAgAhAiAjAkAlAmAnAsAtBsFaFbFcFdFeFfFgFhFiFjFkFlFuFv-TGo-OP-250107V2327,,UMS9230(T606),OP,2025-01-07,https://frbox.transsion.com/disk/s/NLvConYK4Cs,auhUCF,2026-09-12 21:34:41,expired
TECNO,BG6,BG6,BG6-F069AfAgAhAiAjAkAlAmAnAsAtBsFaFbFcFdFeFfFgFhFiFjFkFlFuFv-TGo-OP-250722V2387,,UMS9230(T606),OP,2025-07-22,https://frbox.transsion.com/disk/s/HuzNnJeS6Bn,vAhFms,2026-09-12 21:34:41,expired
TECNO,BG6,BG6,BG6-F069AlAmAnFjFkFl-TGo-RU-250722V233,,UMS9230(T606),RU,2025-07-22,https://frbox.transsion.com/disk/s/sfyiXXfC8uM,c197Np,2026-09-12 21:34:41,expired
TECNO,BG6,BG6,BG6-F069AlAmAnFjFkFl-TGo-OPPJ-PJ-250909V179,,UMS9230(T606),OPPJ,2025-09-09,https://frbox.transsion.com/disk/s/oR3ZuEQAoz7,pC9vLY,2026-09-12 21:34:41,expired
TECNO,BG6,BG6,BG6-F069AiAjAkDcDdDe-TGo-IN-251013V199,,UMS9230(T606),IN,2025-10-13,https://frbox.transsion.com/disk/s/37txitby6xL,OVz6pe,2026-09-12 21:34:41,expired
TECNO,BG6,BG6,BG6-F069Al-TGo-ZAVC-PJ-260126V296,,UMS9230(T606),ZAVC,2026-01-26,https://frbox.transsion.com/disk/s/531jurbM3B1,jbpMSC,2026-09-12 21:34:41,expired
Infinix,X6511G,X6511G,X6511G-H6126L-RGo-KESF-LC-220621V692,,MT6761V,KESF,2022-06-21,https://frbox.transsion.com/disk/s/jD6Q38Q9XK7,bZj8Ba,2026-09-12 21:34:39,expired
Infinix,X6511G,X6511G,X6511G-H6126J-RGo-OP-240112V1001,,MT6761V,OP,2024-01-12,https://frbox.transsion.com/disk/s/RHE3pyCY4KZ,qk5zgE,2026-09-12 21:34:39,expired
itel,W5001P,W5001P,W5001P-F3102-8.1-OP-V071-20210319,,SC7731E,OP,,https://frbox.transsion.com/disk/s/6Ts9X9j26Yu,p9yI64,2026-09-12 21:34:38,expired
itel,MagicX,MagicX,MagicX-LW2411-EnViTh-VN-20220721,,T107,VN,,https://frbox.transsion.com/disk/s/KqwfYnkyjmn,9OpXxp,2026-09-12 21:34:37,expired
itel,MagicX,MagicX,MagicX-LW2411-EnHiGuTaTePaKnBnMlAsOdUrMr-IN-20240522,,T107,IN,,https://frbox.transsion.com/disk/s/YdT5y89hyFU,xMZPEN,2026-09-12 21:34:37,expired
itel,C681L,C681L,C681L-15.1.2.175(OP001PF001AZ),15,UMS9230E (T7250),OP,,https://frbox.transsion.com/disk/s/eE6t9MRYY4G,BIa4i9,2026-09-12 21:34:37,expired
itel,C681L,C681L,C681L-15.1.2.185SP06(OP001PF001AZ),15,UMS9230E (T7250),OP,,https://frbox.transsion.com/disk/s/C8ZmPjWeiax,CQMDC5,2026-09-12 21:34:37,expired
TECNO,CN6c,CN6c,CN6c-16.3.0.140SP26(OP006PF001AZ),,MT6789TJ(G200 Ultimate),OP,,https://frbox.transsion.com/disk/s/CuhhyLo7mUM,EwTQXU,2026-09-12 21:34:36,expired
TECNO,CN6c,CN6c,CN6c-16.3.0.140SP26(OPPJ006PF001PJ),,MT6789TJ(G200 Ultimate),OPPJ,,https://frbox.transsion.com/disk/s/5HcGCHnttMM,5hUHOD,2026-09-12 21:34:36,expired
TECNO,CM7,CM7(Android 16),CM7-16.2.0.150SP09(TR004PF001AZ),16,,TR,,https://frbox.transsion.com/disk/s/c3WQwKXuiYD,lA8wEP,2026-09-12 21:34:35,expired
TECNO,CM7,CM7(Android 16),CM7-16.3.0.140SP28(OP008PF001AZ),16,,OP,,https://frbox.transsion.com/disk/s/JiRXmoZXKKr,V52fXL,2026-09-12 21:34:35,expired
TECNO,CM7,CM7(Android 16),CM7-16.3.0.140SP28(RU008PF001AZ),16,MT6878V_E/ZA(D7300 Ultimate),RU,,https://frbox.transsion.com/disk/s/LSGuqrUUMbc,SSezAV,2026-09-12 21:34:35,expired
TECNO,T422,T422,T422-MS3005-EnFrArSwHaPo-OP-20260422,,MT6260A,OP,,https://frbox.transsion.com/disk/s/gSG9FuSSW3D,ovvRYO,2026-09-12 21:34:35,expired
TECNO,T422,T422,T422-MS3005-AmEnOmTi-ET-20260808,,MT6260A,ET,,https://frbox.transsion.com/disk/s/DEXZ8YmrLg7,TpWup1,2026-09-12 21:34:35,expired
itel,it2180,it2180,it2180-DL183-EnHiGu-IN-20180131-SupN,,MT6261D,IN,,https://frbox.transsion.com/disk/s/WMevoyNxHU7,eAl8ZC,2026-09-12 21:34:34,expired
TECNO,CL7,CL7(Android 14),CL7-15.1.2.140SP01(OP001PF001AZ),14,MT6855V/A(D7020),OP,,https://frbox.transsion.com/disk/s/v72niUrRdNF,5yXprv,2026-09-12 21:34:33,expired
Infinix,X6885,X6885(Android 16),X6885-16.3.0.140SP17(OP007PF001AZ),16,MT6789T(G200),OP,,https://frbox.transsion.com/disk/s/XhFSxFftQHK,tX6peW,2026-09-12 21:34:32,expired
Infinix,X6885,X6885(Android 16),X6885-16.3.0.145SP08(OP004PF001AZ),16,MT6789T(G200),OP,,https://frbox.transsion.com/disk/s/dd3oaqbr8z8,yCXpKI,2026-09-12 21:34:32,expired
Infinix,X6885,X6885(Android 16),X6885-16.3.0.145SP08(RU004PF001AZ),16,MT6789(G200),RU,,https://frbox.transsion.com/disk/s/SQKPtNxgpxW,a2PU0j,2026-09-12 21:34:32,expired
Infinix,X6885,X6885(Android 16),X6885-16.3.0.145SP08(OPPJ004PF001AZ),16,MT6789(G200),OPPJ,,https://frbox.transsion.com/disk/s/i5SymnPqRW3,rwCaO3,2026-09-12 21:34:32,expired
Infinix,X6885,X6885(Android 16),X6885-16.3.0.145SP08(TR004PF001AZ),16,MT6789(G200),TR,,https://frbox.transsion.com/disk/s/J51GTn8N1PD,N9h7iO,2026-09-12 21:34:32,expired
itel,it2182,it2182,it2182-DL183-EnHiGu-IN-20180821,,MT6261D,IN,,https://frbox.transsion.com/disk/s/wai7cEsTUoV,FWxNVw,2026-09-12 21:34:32,expired
TECNO,CM5,CM5(Android 16),CM5-16.2.0.135SP22(OP005PF001AZ),16,MT6789J(G100 Ultimate),OP,,https://frbox.transsion.com/disk/s/Rx3PVrG6okX,AxznxE,2026-09-12 21:34:31,expired
TECNO,CM5,CM5(Android 16),CM5-16.2.0.150SP11(OP005PF001AZ),16,MT6789J(G100 Ultimate),OP,,https://frbox.transsion.com/disk/s/XrUei5h1Pbv,WVOwjo,2026-09-12 21:34:31,expired
TECNO,CM5,CM5(Android 16),CM5-16.2.0.150SP11(RU005PF001AZ),16,MT6789J(G100 Ultimate),RU,,https://frbox.transsion.com/disk/s/HXSeGnzLSmi,wvp44c,2026-09-12 21:34:31,expired
TECNO,CM5,CM5(Android 16),CM5-16.2.0.150SP11(OPPJ005PF001PJ),16,MT6789J(G100 Ultimate),OPPJ,,https://frbox.transsion.com/disk/s/Kvya39uKoLL,CntidO,2026-09-12 21:34:31,expired
TECNO,CM5,CM5(Android 16),CM5-16.2.0.150SP11(TR005PF001AZ),16,MT6789J(G100 Ultimate),TR,,https://frbox.transsion.com/disk/s/NZexCEyGCpN,esuEOy,2026-09-12 21:34:31,expired
Infinix,X6873,X6873(Android 16),X6873-16.2.0.150SP12(OP003PF001AZ),16,MT6897Z_B/ZA(D8350 Ultimate),OP,,https://frbox.transsion.com/disk/s/1cBxjFCyevC,sz51hN,2026-09-12 21:34:29,expired
Infinix,X6873,X6873(Android 16),X6873-16.2.0.150SP12(RU003PF001AZ),16,MT6897Z_B/ZA(D8350 Ultimate),RU,,https://frbox.transsion.com/disk/s/iMPeiwSYqVf,QUKKEI,2026-09-12 21:34:29,expired
Infinix,X6873,X6873(Android 16),X6873-16.2.0.150SP12(TR003PF001AZ),16,MT6897Z_B/ZA(D8350 Ultimate),TR,,https://frbox.transsion.com/disk/s/R3HsnvXpWD7,fPwMnm,2026-09-12 21:34:29,expired
Infinix,X6873,X6873(Android 16),X6873-16.2.0.150SP12(IN003PF001AZ),16,MT6897Z_B/ZA(D8350 Ultimate),IN,,https://frbox.transsion.com/disk/s/y2PmC4ghcXK,ARBuC6,2026-09-12 21:34:29,expired
Infinix,X6873,X6873(Android 16),X6873-16.3.0.150SP09(OP006PF001AZ),16,MT6897Z_B/ZA(D8350 Ultimate),OP,,https://frbox.transsion.com/disk/s/TaDYFTX42wK,mGp7eM,2026-09-12 21:34:29,expired
Infinix,X6852,X6852(Android 16),X6852-16.3.0.130SP08(OP002PF001AZ),16,MT6855V/A(D7020),OP,,https://frbox.transsion.com/disk/s/fn5JQf6NszT,vtO55M,2026-09-12 21:34:29,expired
Infinix,X6852,X6852(Android 16),X6852-16.3.0.130SP08(EU002PF001AZ),16,MT6855(D7020),EU,,https://frbox.transsion.com/disk/s/CDdSQZ9eVWY,yYT0Ax,2026-09-12 21:34:29,expired
Infinix,X6852,X6852(Android 16),X6852-16.3.0.130SP08(IN002PF001AZ),16,MT6855(D7020),IN,,https://frbox.transsion.com/disk/s/iMafvbg2bLq,VxUf0a,2026-09-12 21:34:29,expired
Infinix,X6851,X6851(Android 16),X6851-16.3.0.130SP08(OP003PF001AZ),16,MT6855V/A(D7020),OP,,https://frbox.transsion.com/disk/s/pLvapt2GsB6,SCyWif,2026-09-12 21:34:28,expired
Infinix,X6851,X6851(Android 16),X6851-16.3.0.130SP08(IN003PF001AZ),16,MT6855(D7020),IN,,https://frbox.transsion.com/disk/s/HJudSXYY9eJ,Bo8SGq,2026-09-12 21:34:28,expired
TECNO,CH6h,CH6h-S,CH6h-H698I-S-AS-231011V957,,MT6769V/CZ(G85),AS,2023-10-11,https://frbox.transsion.com/disk/s/vgKWma6djek,KCbw43,2026-09-12 21:34:27,expired
itel,it5033A,it5033A,it5033A-ET2436-EnFrSwHaPoAr-OP-20260423,,SC6531E,OP,,https://frbox.transsion.com/disk/s/LT8R4fy9uoE,2vXRcV,2026-09-12 21:34:27,expired
itel,it5033A,it5033A,it5033A-ET2436-AmEnSoTiOm-ET-20260515,,SC6531E,ET,,https://frbox.transsion.com/disk/s/YLk7zrEpSKN,0q7XMu,2026-09-12 21:34:27,expired
Infinix,X6850,X6850(Android 16),X6850-16.3.0.145SP06(OP005PF001AZ),16,MT6789U(G99 Ultimate),OP,,https://frbox.transsion.com/disk/s/17s6WkcUnWA,Y8MmPO,2026-09-12 21:34:26,expired
Infinix,X6850,X6850(Android 16),X6850-16.3.0.145SP06(RU005PF001AZ),16,MT6789U(G99 Ultimate),RU,,https://frbox.transsion.com/disk/s/mSWJgWqaheZ,vFvixf,2026-09-12 21:34:26,expired
TECNO,CG6,CG6_S,CG6-H696UVWBc-S-OP-230420V3709,,MT6769Z,OP,2023-04-20,https://frbox.transsion.com/disk/s/Y9FBWPh84S2,oDqmot,2026-09-12 21:34:25,expired
TECNO,BF6,BF6,BF6-SE668SABCDE-SGo-OP-231211V742,,SC9863A1,OP,2023-12-11,https://frbox.transsion.com/disk/s/HrGG4evGF6u,JmKQeW,2026-09-12 21:34:24,expired
TECNO,BF6,BF6,BF6-SE668SD-SGo-EU-230821V147,,SC9863A1,EU,2023-08-21,https://frbox.transsion.com/disk/s/q6Vrdxumdk8,FTOL6T,2026-09-12 21:34:24,expired
TECNO,BF6,BF6,BF6-SE668SA-SGo-BWOR-230905V26,,SC9863A1,BWOR,2023-09-05,https://frbox.transsion.com/disk/s/TCFVPDX2ou5,w73tWq,2026-09-12 21:34:24,expired
TECNO,BF6,BF6,BF6-SE668SB-SGo-KESF-DC-240322V66,,SC9863A1,KESF,2024-03-22,https://frbox.transsion.com/disk/s/tsKvVgT195L,vBqOLV,2026-09-12 21:34:24,expired
TECNO,BF6,BF6,BF6-SE668SABCDE-SGo-OP-240903V845,,SC9863A1,OP,2024-09-03,https://frbox.transsion.com/disk/s/qiHye7mx6f9,uFUxbe,2026-09-12 21:34:24,expired
TECNO,BF6,BF6,BF6-SE668SABCDE-SGo-OP-241218V866,,SC9863A1,OP,2024-12-18,https://frbox.transsion.com/disk/s/USpx5gzzdN9,8OCN8C,2026-09-12 21:34:24,expired
TECNO,BF6,BF6,BF6-SE668SD-SGo-RU-250312V276,,SC9863A1,RU,2025-03-12,https://frbox.transsion.com/disk/s/Lj3C86RzLFf,CG0XiY,2026-09-12 21:34:24,expired
TECNO,BF6,BF6,BF6-SE668SD-SGo-ZAVC-DC-250312V147,,SC9863A1,ZAVC,2025-03-12,https://frbox.transsion.com/disk/s/bUuBrmB8nCJ,Pwwc4I,2026-09-12 21:34:24,expired
TECNO,CX,CX,CX-H501DEFG-N-190614V212,,MT6750T,OP,2019-06-14,https://frbox.transsion.com/disk/s/2QT3Ctu7n4i,g0sDZW,2026-09-12 21:34:24,expired
TECNO,CX,CX,CX-H501B-N-191105V123,,MT6750T,AS,2019-11-05,https://frbox.transsion.com/disk/s/yJVgQYnEYK6,o8cz2b,2026-09-12 21:34:24,expired
TECNO,BF7,BF7,BF7-H6127ABCDSTUAdAeAfArAs-S-GL-231020V1824,,MT6761V,GL,2023-10-20,https://frbox.transsion.com/disk/s/3qzVK1wZ92J,vf5SyJ,2026-09-12 21:34:22,expired
TECNO,BF7,BF7,BF7-H6127ABCDSTUAdAeAfArAs-S-GL-231114V1900,,MT6761V,GL,2023-11-14,https://frbox.transsion.com/disk/s/KguEq64pWPo,GBvNSm,2026-09-12 21:34:22,expired
TECNO,BF7,BF7,BF7-H6127ABCDSTUAdAeAfArAs-S-GL-241011V2347,,MT6761V,GL,2024-10-11,https://frbox.transsion.com/disk/s/uTWe9wNZq1Q,4GHqpS,2026-09-12 21:34:22,expired
TECNO,BF7,BF7,BF7-H6127ABCDSTUAdAeAfArAs-S-GL-241209V2366,,MT6761V,GL,2024-12-09,https://frbox.transsion.com/disk/s/fgK6rKrn7e5,7WV0os,2026-09-12 21:34:22,expired
TECNO,BF7,BF7,BF7-H6127U-S-RU-250314V2388,,MT6761V,RU,2025-03-14,https://frbox.transsion.com/disk/s/wU2aaafcejr,Ja41ki,2026-09-12 21:34:22,expired
TECNO,BF7,BF7,BF7-H6127X-S-ZAVC-DC-250314V813,,MT6761V,ZAVC,2025-03-14,https://frbox.transsion.com/disk/s/bobiYtRVhmh,rJofmK,2026-09-12 21:34:22,expired
itel,P663LN,P663LN,P663LN-F069QRSDb-T-OP-240719V252,,UMS9230(T606),OP,2024-07-19,https://frbox.transsion.com/disk/s/P4zdLpKMJEp,wd0m6j,2026-09-12 21:34:21,expired
itel,P663LN,P663LN,P663LN-F069S-T-RU-240719V142,,UMS9230(T606),RU,2024-07-19,https://frbox.transsion.com/disk/s/JGQTJACK74j,wHGVbj,2026-09-12 21:34:21,expired
itel,P663LN,P663LN,P663LN-F069R-T-IN-241217V125,,UMS9230(T606),IN,2024-12-17,https://frbox.transsion.com/disk/s/zGY5AEra9KC,IPW4wT,2026-09-12 21:34:21,expired
Infinix,X6532C,X6532C,X6532C-MF380F-UGo-EU-250219V1397,,MT6765Z(G50),EU,2025-02-19,https://frbox.transsion.com/disk/s/zQos4eChrVi,Z4jpeW,2026-09-12 21:34:21,expired
Infinix,X6532C,X6532C,X6532C-MF380ABCDEFGH-UGo-OP-250714V1513,,MT6765V/XB(G36),OP,2025-07-14,https://frbox.transsion.com/disk/s/UHqk34vuJdc,wfqg2w,2026-09-12 21:34:21,expired
Infinix,X6532C,X6532C,X6532C-MF380ABCDEFGH-UGo-OP-250807V1528,,MT6765V/XB(G36),OP,2025-08-07,https://frbox.transsion.com/disk/s/H589TMV7f1P,R7uMxY,2026-09-12 21:34:21,expired
Infinix,X6532C,X6532C,X6532C-MF380ABCDEFGH-UGo-OP-260417V1675,,MT6765V/XB(G36),OP,2026-04-17,https://frbox.transsion.com/disk/s/a162bdrXqHA,FIt8c7,2026-09-12 21:34:21,expired
Infinix,X6532C,X6532C,X6532C-MF380EG-UGo-IN-260413V1669,,MT6765Z(G50),IN,2026-04-13,https://frbox.transsion.com/disk/s/YHEFMXwRdCq,a1oDeh,2026-09-12 21:34:21,expired
itel,it5023,it5023,it5023-DL270-EnHiGuTaTePa-IN-20180925,,MT6261D,IN,,https://frbox.transsion.com/disk/s/FYKbk1Nif6R,GSOW4y,2026-09-12 21:34:20,expired
itel,L5002,L5002,L5002-F3210-11.0-GL-V026-20220321,,SC9832E,GL,,https://frbox.transsion.com/disk/s/e51uonxthte,MyHZEm,2026-09-12 21:34:19,expired
itel,L5002,L5002,L5002-F3210RUO-11.0-RU-V103-20220916,,SC9832E,RU,,https://frbox.transsion.com/disk/s/k5BShSzVhQF,mCwueL,2026-09-12 21:34:19,expired
itel,it5021,it5021,it5021-G185-EnAmOrTi-ET-ETC-20181121,,SC6531,ET,,https://frbox.transsion.com/disk/s/HJTBMPoo2Rq,DHgR3K,2026-09-12 21:34:18,expired
itel,it5022,it5022,IT5022-DL270-ENHIGU-IN-20180603,,MT6261D,IN,,https://frbox.transsion.com/disk/s/zzyhx6h2GB3,7bo3gp,2026-09-12 21:34:18,expired
itel,it5022,it5022,it5022-DL270-EnBn-BD-20190919,,MT6261D,BD,,https://frbox.transsion.com/disk/s/qKG4FeyMrrR,WqFjDv,2026-09-12 21:34:18,expired
TECNO,WX3LTE,WX3LTE,WX3LTE-B50048EFH-N-181107V10,,MT6737,OP,2018-11-07,https://frbox.transsion.com/disk/s/3zt3qK1qY9Q,E0p4xz,2026-09-12 21:34:17,expired
TECNO,WX3LTE,WX3LTE,WX3LTE-B50048EFH-N-EGTE-181107V8,,MT6737,EG,2018-11-07,https://frbox.transsion.com/disk/s/knVVsCvgjdD,A2RS0c,2026-09-12 21:34:17,expired
TECNO,WX3LTE,WX3LTE,WX3LTE-B50048EFH-N-UGAT-LC-180118V2,,MT6737,UG,2018-01-18,https://frbox.transsion.com/disk/s/nJUHnpWFBDb,9Zvqji,2026-09-12 21:34:17,expired
itel,S661LS,S661LS-GTTG,S661LS-F6320TG-11.0-GTTG-LC-V63-20230905,,SC9863A,GTTG,,https://frbox.transsion.com/disk/s/Zqpm2f6eYcv,slxNtw,2026-09-12 21:34:16,expired
itel,it5262,it5262,it5262-WDS076-EnBn-BD-20240329-P60,,SC6531E,BD,,https://frbox.transsion.com/disk/s/FPMBbMqNmtM,XX9sUC,2026-09-12 21:34:15,expired
itel,it5262,it5262,it5262-WDS076-EnUr-PK-20241023-P60,,SC6531E,PK,,https://frbox.transsion.com/disk/s/8Zn99ytYhmd,FeeGfX,2026-09-12 21:34:15,expired
itel,it5262,it5262, it5262-WDS076-EnFrRuUkKk-RU-20250214,,SC6531E,RU,,https://frbox.transsion.com/disk/s/ofywTbnn2yy,hzuFZS,2026-09-12 21:34:15,expired
itel,it5262,it5262,it5262-WDS076-EnHiGuTaTeKnBnMlPa-IN-20250710,,SC6531E,IN,,https://frbox.transsion.com/disk/s/AD6BmJWUUrU,toayVu,2026-09-12 21:34:15,expired
itel,it5262,it5262,it5262-WDS076-EnFrSwHaPoAr-OP-20251021,,SC6531E,OP,,https://frbox.transsion.com/disk/s/8WBy7JzyaSV,vlU6Sj,2026-09-12 21:34:15,expired
itel,it5020,it5020,it5020-G183-AmEnSoTiOr-ET-20161206,,SC6531CA,ET,,https://frbox.transsion.com/disk/s/2GK1wroHNmu,kz1AqM,2026-09-12 21:34:14,expired
itel,it5020,it5020,it5020-DL183-EnHiGu-IN-20180202,,SC6531CA,IN,,https://frbox.transsion.com/disk/s/6JPyx17qdC3,m40aUN,2026-09-12 21:34:14,expired
itel,it5261,it5261,it5261-WDS032D-EnBn-BD-20230628,,SC6531E,AS,,https://frbox.transsion.com/disk/s/P1jzzEDJUqq,7mzqBW,2026-09-12 21:34:13,expired
itel,P682L,P682L,P682L-F6320-11.0-OP-V47-20221017,,SC9863A,OP,,https://frbox.transsion.com/disk/s/hLN5iBRpZRE,XWj0xm,2026-09-12 21:34:13,expired
itel,it6350,it6350,it6350-GC2811-EnHiGuTaTePaKnBnMl-IN-20210915,,SC6531C,IN,,https://frbox.transsion.com/disk/s/D4vKnLJXgrq,ma8dLy,2026-09-12 21:34:12,expired
itel,it6350,it6350,it6350-GC2811-EnFrPoArSwHa-20220801,,SC6531C,OP,,https://frbox.transsion.com/disk/s/M6ubVvkkNTt,gFNfjY,2026-09-12 21:34:12,expired
itel,it6350,it6350,it6350-GC2811-EnUr-PK-20220811,,SC6531C,PK,,https://frbox.transsion.com/disk/s/yYUY4ybccT4,LRETBY,2026-09-12 21:34:12,expired
itel,it6350,it6350,it6350-GC2811-EnBn-BD-20220817,,SC6531C,BD,,https://frbox.transsion.com/disk/s/YR2yLBi1xZH,uMdpcO,2026-09-12 21:34:12,expired
itel,it6350,it6350,it6350-GC2811-EnRuUkKk-RU-20221014,,SC6531C,RU,,https://frbox.transsion.com/disk/s/Xqz3nvH3z5w,IjRJjY,2026-09-12 21:34:12,expired
itel,it5260,it5260,it5260-G2425-EnHiGuTaTePaKnMlBn-IN-20191125,,SC6531C,IN,,https://frbox.transsion.com/disk/s/ArFAvDCUt5g,w62Liv,2026-09-12 21:34:11,expired
itel,it5260,it5260,it5260-G2425-EnBnSiTaMyUrTl-SA-20200312,,SC6531C,SA,,https://frbox.transsion.com/disk/s/7cpadqft55o,g6NqkL,2026-09-12 21:34:11,expired
itel,L5006,L5006,L5006-F3212-10.0-ET-V017-20201027,,SC9832E,OP,,https://frbox.transsion.com/disk/s/rZR5xbLWaue,mMRIvE,2026-09-12 21:34:11,expired
itel,L5007,L5007,L5007-SU335-10-TZ-TG-LC-V034-20221017,,SC9832E,TZ,,https://frbox.transsion.com/disk/s/mWxbyfSTNqS,EwBkq8,2026-09-12 21:34:10,expired
TECNO,T631,T631,T631-NL03B1-AF-TZTG-170330V3,,MT6276,TZTG,2017-03-30,https://frbox.transsion.com/disk/s/cZY29gMGhu9,bH3GEN,2026-09-12 21:34:09,expired
TECNO,T631,T631,T631-NL03B1-AF-MGOG-LC-1709016V4,,MT6276,AF,,https://frbox.transsion.com/disk/s/4gKpk3ebXNZ,KGQZZl,2026-09-12 21:34:09,expired
itel,C681LN,C681LN,C681LN-15.1.2.170SP10(OP001PF001M1),15,UMS9230E (T7250),OP-M1,,https://frbox.transsion.com/disk/s/bqgWuabGvRm,c5Qj2Y,2026-09-12 21:34:09,expired
itel,C681LN,C681LN,C681LN-15.1.2.175SP02(OP001PF001AZ),15,UMS9230E (T7250),OP,,https://frbox.transsion.com/disk/s/VMU66hY1zwG,HY2GVi,2026-09-12 21:34:09,expired
itel,C681LN,C681LN,C681LN-15.1.2.175SP10(OP001PF001M1),15,UMS9230E (T7250),OP-M1,,https://frbox.transsion.com/disk/s/e1vYDS3AC76,FEFQt0,2026-09-12 21:34:09,expired
itel,C681LN,C681LN,C681LN-15.1.2.185(OP001PF001M1),15,UMS9230E (T7250),OP,,https://frbox.transsion.com/disk/s/mZ1cBrnQuYv,YcFNaj,2026-09-12 21:34:09,expired
itel,A667LP,A667LP,A667LP-SQ373DOUZ-UGo-RU-250109V76,,Unisoc T603,RU,2025-01-09,https://frbox.transsion.com/disk/s/wcYHVz3KHLm,zFRdgy,2026-09-12 21:34:08,expired
itel,A667LP,A667LP,A667LP-SQ373CNTY-UGo-IN-260407V81,,Unisoc T603,IN,2026-04-07,https://frbox.transsion.com/disk/s/x1W18St94Ns,Y7lCsQ,2026-09-12 21:34:08,expired
itel,A667LP,A667LP,A667LP-SQ373ABDELMOPRSUVWXZK-UGo-OP-260403V1222,,Unisoc T603,OP,2026-04-03,https://frbox.transsion.com/disk/s/GVGCXbd1Bi7,mb82zv,2026-09-12 21:34:08,expired
TECNO,CN5c,CN5c,CN5c-16.1.0.140SP10(OPPJ001PF001PJ),,G200,OPPJ,,https://frbox.transsion.com/disk/s/cxAKT9rJmpt,568402,2026-09-12 21:34:07,expired
TECNO,CN5c,CN5c,CN5c-16.3.0.140SP28(OP007PF001AZ),,G200,OP,,https://frbox.transsion.com/disk/s/rTHeYZCiNws,se0YcI,2026-09-12 21:34:07,expired
TECNO,CN5c,CN5c,CN5c-16.3.0.140SP28(OPPJ007PF001PJ),,G200,OPPJ,,https://frbox.transsion.com/disk/s/GKcgjrkuikL,HyeOiC,2026-09-12 21:34:07,expired
itel,it5029,it5029,it5029-MA1821-EnUr-PK-20220722,,MT6260A,PK,,https://frbox.transsion.com/disk/s/8wcnN1EoVYU,TJ6Xx3,2026-09-12 21:34:06,expired
itel,it5029,it5029,it5029-MA1821-EnBnInTl-SEA-20220803,,MT6260A,SEA,,https://frbox.transsion.com/disk/s/zeubcF2t6jK,tystIN,2026-09-12 21:34:06,expired
itel,it5029,it5029,it5029-MA1821-RuEnUkKkFr-RU-20240308,,MT6260A,RU,,https://frbox.transsion.com/disk/s/sgvZBbZDYpj,8eae1U,2026-09-12 21:34:06,expired
itel,it5029,it5029,it5029-MA1821-EnHiGuTeTaMrKnMlBn-IN-20230505,,MT6260A,IN,,https://frbox.transsion.com/disk/s/dvp3vZxJDuE,Gn82U6,2026-09-12 21:34:06,expired
itel,it5028,it5028,it5028-M2425-EnBn-BD-20211105,,MT6261D,BD,,https://frbox.transsion.com/disk/s/mn1bxZYjW9x,eL3oc7,2026-09-12 21:34:04,expired
Infinix,X6853,X6853(Android 15),X6853-15.0.3.106(OP001PF001AZ),15,MT6789U(G99 Ultimate),OP,,https://frbox.transsion.com/disk/s/JycrnbHAwRc,lAqJBJ,2026-09-12 21:34:04,expired
Infinix,X6853,X6853(Android 15),X6853-15.1.2.129SP01(OP001PF001AZ),15,MT6789U(G99 Ultimate),OP,,https://frbox.transsion.com/disk/s/nXBhrg9Vjc9,CWDPg7,2026-09-12 21:34:04,expired
Infinix,X6853,X6853(Android 15),X6853-15.1.2.165SP06(RU001PF001AZ),15,MT6789U(G99 Ultimate),RU,,https://frbox.transsion.com/disk/s/sgiMCRcTNKK,mbVEnx,2026-09-12 21:34:04,expired
Infinix,X6853,X6853(Android 15),X6853-15.1.2.165SP06(EU001PF001AZ),15,MT6789U(G99 Ultimate),EU,,https://frbox.transsion.com/disk/s/LYdUGeFj6wP,vNpksU,2026-09-12 21:34:04,expired
Infinix,X6853,X6853(Android 15),X6853-15.1.2.180SP05(OP001PF001AZ),15,MT6789U(G99 Ultimate),OP,,https://frbox.transsion.com/disk/s/1e8Ka3hJBkX,ybr3uw,2026-09-12 21:34:04,expired
TECNO,S302,S302,S302-MS3003-EnFrArSwHaPo-OP-20250915,,MTK6260,OP,,https://frbox.transsion.com/disk/s/R3uURPHCL2c,HfF2w9,2026-09-12 21:34:03,expired
itel,it5026,it5026,it5026-G1811-EnBnUr-BD-20200709,,SC6531E,BD,,https://frbox.transsion.com/disk/s/7XqUqZ2irgZ,qyI0fU,2026-09-12 21:34:02,expired
itel,it5026,it5026,it5026-G1811-EnFrPoZuXhAf-ZA-PEP-20211129,,SC6531E,ZA,,https://frbox.transsion.com/disk/s/efGaopZ8yJw,Xig53v,2026-09-12 21:34:02,expired
itel,it5026,it5026,it5026-G1811-FrEnPoSwHa-MG-ORANGE-20211130,,SC6531E,MG,,https://frbox.transsion.com/disk/s/bNnvX3HK8Yp,CKdNhM,2026-09-12 21:34:02,expired
itel,it5026,it5026,it5026-G1811-EnHi-NP-20211125,,SC6531E,NP,,https://frbox.transsion.com/disk/s/6Mn8zb9QNat,98nAld,2026-09-12 21:34:02,expired
itel,it5026,it5026,it5026-G1811-EnTeHiGuTaPa-IN-20211123,,SC6531E,IN,,https://frbox.transsion.com/disk/s/6nF2UEboj9a,O6XLx6,2026-09-12 21:34:02,expired
itel,it5026,it5026,it5026-G1811-EnMy-KH2-20211123,,SC6531E,KH2,,https://frbox.transsion.com/disk/s/niV3ZsgshTy,YYN57M,2026-09-12 21:34:02,expired
itel,it5026,it5026,it5026-G1811-EnThViTlId-SEA-20211231,,SC6531E,SEA,,https://frbox.transsion.com/disk/s/m14xHRGUSGJ,tp7Kvr,2026-09-12 21:34:02,expired
itel,it5026,it5026,it5026-G1811-EnUr-PK-20220113,,SC6531E,PK,,https://frbox.transsion.com/disk/s/x1Ggr2tCkLA,8VV8Ru,2026-09-12 21:34:02,expired
itel,it5026,it5026,it5026-G1811-EnAmOrSoTi-ET-ETC-20220321,,SC6531E,ET,,https://frbox.transsion.com/disk/s/qCs8wBPBWZ8,sQOBAe,2026-09-12 21:34:02,expired
itel,it5026,it5026,it5026-G1811-EnRuUk-RU-20220414,,SC6531E,RU,,https://frbox.transsion.com/disk/s/6Wsz5i7FPPE,tBlSZd,2026-09-12 21:34:02,expired
itel,it5027,it5027,it5027-WDS055-EnFrPoArSwHa-20230818,,SC6531E,OP,,https://frbox.transsion.com/disk/s/6HfKSBGub8q,FwCee1,2026-09-12 21:34:02,expired
itel,it5027,it5027,it5027-WDS055-EnBn-BD-20221017,,SC6531E,BD,,https://frbox.transsion.com/disk/s/Cgr3HEqyH1z,UmkfZh,2026-09-12 21:34:02,expired
itel,it5027,it5027,it5027-WDS055-EnHiGuTaTeKnBnMlPa-IN-20231110,,SC6531E,IN,,https://frbox.transsion.com/disk/s/6UhwJ4QZUAj,FM9CtS,2026-09-12 21:34:02,expired
itel,it5027,it5027,it5027-WDS055-EnAmOmSoTi-ET-ethiotelecom-LC-20231227,,SC6531E,ET,,https://frbox.transsion.com/disk/s/jfie1pYogpi,eUxwED,2026-09-12 21:34:02,expired
itel,it5025,it5025,it5025-G185-EnTeHiGuTaPa-IN-NEW-20191220,,SC6531,IN,,https://frbox.transsion.com/disk/s/qZC2hSSRwNv,XZXDx5,2026-09-12 21:34:01,expired
itel,it5024,it5024,it5024-G2423C-EnTeHiGuTaPa-IN-20190308,,SC6531E,IN,,https://frbox.transsion.com/disk/s/1ZM5Muqhxxx,ZQlumj,2026-09-12 21:34:00,expired
itel,A507LMU,A507LMU,A507LMU-SQ337B-UGo-ZAMT-PL-240709V270,,T603,ZAMT,2024-07-09,https://frbox.transsion.com/disk/s/ABo6iWTvZKC,Gbe9Sx,2026-09-12 21:33:59,expired
itel,W6004P,W6004P,W6004P-SP591-9.0-OP-V019-20220114,,SC7731E,OP,,https://frbox.transsion.com/disk/s/pRhTbZ8226G,3xMtRh,2026-09-12 21:33:59,expired
Infinix,X6852,X6852(Android 15),X6852-15.1.2.170SP07(IN001PF001AZ),15,MT6855V/A(D7020),IN,,https://frbox.transsion.com/disk/s/AbCeEZzeWpE,txmHQh,2026-09-12 21:33:58,expired
Infinix,X6852,X6852(Android 15),X6852-15.1.2.170SP07(EU001PF001AZ),15,MT6855V/A(D7020),EU,,https://frbox.transsion.com/disk/s/mFGP9S1Gke9,KIqbfY,2026-09-12 21:33:58,expired
Infinix,X6852,X6852(Android 15),X6852-15.1.2.185SP01(OP001PF001AZ),15,MT6855V/A(D7020),OP,,https://frbox.transsion.com/disk/s/rGKQM3LQCaR,0JAFm3,2026-09-12 21:33:58,expired
Infinix,X6851,X6851(Android 15),X6851-15.1.2.185(IN001PF001AZ),15,MT6855V/A(D7020),IN,,https://frbox.transsion.com/disk/s/W7fa982HgU2,dC3ZHS,2026-09-12 21:33:57,expired
Infinix,X6851,X6851(Android 15),X6851-15.1.2.185(OP001PF001AZ),15,MT6855V/A(D7020),OP,,https://frbox.transsion.com/disk/s/ARptMRBQ26Y,NdlSZU,2026-09-12 21:33:57,expired
TECNO,i3,i3 Pro,i3Pro-H375D1-N-IN-190416V304,,MT6737,IN,2019-04-16,https://frbox.transsion.com/disk/s/iK4n6aPNkBb,e4w48j,2026-09-12 21:33:57,expired
TECNO,T410,T410,A710_T410_A3_MLA_V1_6_0422,,MT6261D,MLA,,https://frbox.transsion.com/disk/s/sNsBBBceuA7,YJglxk,2026-09-12 21:33:56,expired
Infinix,X6850,X6850(Android 15),X6850-15.1.2.180SP05(OP001PF001AZ),15,MT6789U(G99 Ultimate),OP,,https://frbox.transsion.com/disk/s/FWaWEHat5qw,BgIktd,2026-09-12 21:33:55,expired
Infinix,X6850,X6850(Android 15),X6850-15.1.2.180SP05(RU001PF001AZ),15,MT6789U(G99 Ultimate),RU,,https://frbox.transsion.com/disk/s/ZEqL4t6dZYA,t85vxL,2026-09-12 21:33:55,expired
Infinix,X6858,X6858(Android 16),X6858-16.2.0.150SP06(OP002PF001AZ),16,MT6789J( G100 Ultimate),OP,,https://frbox.transsion.com/disk/s/gFRTo8zdWoJ,zCc9gC,2026-09-12 21:33:54,expired
Infinix,X6858,X6858(Android 16),X6858-16.2.0.150SP08(TR003PF001AZ),16,MT6789J( G100 Ultimate),TR,,https://frbox.transsion.com/disk/s/LdSS3GcjnUG,IAonmg,2026-09-12 21:33:54,expired
Infinix,X6858,X6858(Android 16),X6858-16.2.0.150SP08(RU003PF001AZ),16,MT6789J( G100 Ultimate),RU,,https://frbox.transsion.com/disk/s/nBrNxMVYSgS,9iDJyJ,2026-09-12 21:33:54,expired
Infinix,X6871,X6871(Android 15),X6871-15.1.2.180SP05(OP001PF001AZ),15,MT6896Z_B/CZA(D8200 Ultimate),OP,,https://frbox.transsion.com/disk/s/EKBWJS5r9RE,6ETkzQ,2026-09-12 21:33:53,expired
Infinix,X6871,X6871(Android 15),X6871-15.1.2.180SP05(RU001PF001AZ),15,MT6896Z_B/CZA(D8200 Ultimate),RU,,https://frbox.transsion.com/disk/s/HcxfF3kPHSF,H4Y4Gu,2026-09-12 21:33:53,expired
Infinix,X6871,X6871(Android 15),X6871-15.1.2.180SP05(IN001PF001AZ),15,MT6896Z_B/CZA(D8200 Ultimate),IN,,https://frbox.transsion.com/disk/s/YcdgUmSNdnk,fY9FRI,2026-09-12 21:33:53,expired
itel,A507LMO,A507LMO,A507LMO-SU336P-SGo-ZAMT-LC-20231211V67,,SC9832E,ZAMT,2023-12-11,https://frbox.transsion.com/disk/s/kMw1RuxUJkx,nUNmvL,2026-09-12 21:33:53,expired
itel,A507LMO,A507LMO,A507LMO-SU336R-SGo-RWAT-LC-20241028V288,,SC9832E,OP,2024-10-28,https://frbox.transsion.com/disk/s/s8zR4xJLZTA,S74liD,2026-09-12 21:33:53,expired
TECNO,C9,C9,C9-H535BC-M-180905V100,,MT6735,OP,2018-09-05,https://frbox.transsion.com/disk/s/oTPVGdH6Utp,e5N4ET,2026-09-12 21:33:52,expired
TECNO,C7,C7,C7-H355A-M-180904V116,,MT6735W,OP,2018-09-04,https://frbox.transsion.com/disk/s/x7URMUWUKCF,Xc6FfP,2026-09-12 21:33:50,expired
TECNO,BE7,BE7,BE7-V470AEA-RGo-OP-230627V914,,MT6739,OP,2023-06-27,https://frbox.transsion.com/disk/s/SZXtonwg6Ub,OvPvMS,2026-09-12 21:33:50,expired
TECNO,BE7,BE7,BE7-V470AEA-RGo-OP-231216V961,,MT6739,OP,2023-12-16,https://frbox.transsion.com/disk/s/4t9y1JxfAf1,JZ9EKZ,2026-09-12 21:33:50,expired
TECNO,BE8,BE8,BE8-XQ662BCD-SGo-GL-231115V1005,,MT6761V/WBB(A22),GL,2023-11-15,https://frbox.transsion.com/disk/s/2xUXLp3DASu,UKgG6a,2026-09-12 21:33:49,expired
TECNO,BE8,BE8,BE8-XQ662A-SGo-GL-F2-231113V200,,MT6761V/WBB(A22),AS,2023-11-13,https://frbox.transsion.com/disk/s/4so1rnbJgfv,v9ZfHl,2026-09-12 21:33:49,expired
TECNO,BE8,BE8,BE8-XQ662A-SGo-GL-F2-240709V388,,MT6761V/WBB(A22),GL,2024-07-09,https://frbox.transsion.com/disk/s/gmNDqASCDqD,N4IMgP,2026-09-12 21:33:49,expired
TECNO,BE8,BE8,BE8-XQ662BCD-SGo-GL-240709V1212,,MT6761V/WBB(A22),GL,2024-07-09,https://frbox.transsion.com/disk/s/KjjVHDKPYRt,EM7DuN,2026-09-12 21:33:49,expired
TECNO,BE8,BE8,BE8-XQ662B-SGo-RU-240709V402,,MT6761V/WBB(A22),RU,2024-07-09,https://frbox.transsion.com/disk/s/C6VybiASCfN,1cJYhs,2026-09-12 21:33:49,expired
itel,P681N,P681N,P681N-16.3.0.150SP09(IN009PF001AZ),16,MT6835V/TTZB(D6400),IN,,https://frbox.transsion.com/disk/s/oZmxaWviXaD,ZGA5m2,2026-09-12 21:33:47,expired
TECNO,BE6,BE6,BE6-VP596A-RGo-OP-231024V19,,MT6580WP,OP,2023-10-24,https://frbox.transsion.com/disk/s/vc4sDJXngGS,sB7euV,2026-09-12 21:33:47,expired
TECNO,BE6,BE6,BE6-VP596A-RGo-OP-240321V22,,MT6580WP,OP,2024-03-21,https://frbox.transsion.com/disk/s/8XC2KH7VG4z,CZE9UJ,2026-09-12 21:33:47,expired
TECNO,T409,T409,T409-G185-AmOrTiEn-ET-ETC-20181022,,SC6531,ET,,https://frbox.transsion.com/disk/s/yGvBgpZE13V,CtgCX9,2026-09-12 21:33:46,expired
itel,it5032,it5032,it5032-ET2436-EnTl-PH-20251011,,EnTl,PH,,https://frbox.transsion.com/disk/s/XDh2nwHZ9zG,yZO29J,2026-09-12 21:33:45,expired
itel,it5032,it5032,it5032-ET2436-EnUrFa-PK-20251010,,SC6531E,PK,,https://frbox.transsion.com/disk/s/waat1m5Uax5,GRWZ8L,2026-09-12 21:33:45,expired
itel,it5032,it5032,it5032-ET2436-EnHiGuTaTeKnBnMlPaMr-IN-20260401,,,IN,,https://sgbox.transsion.com/disk/s/qorijpPTB5p,892823,2026-09-12 21:33:45,expired
itel,it5032,it5032,it5032-ET2436-EnBn-BD-20260507,,SC6531E,BD,,https://frbox.transsion.com/disk/s/KjcAWdJKVrM,MIXRFI,2026-09-12 21:33:45,expired
itel,P681L,P681L,P681L-F6315-10.0-OP-V66-20230223,,SC9863A,OP,,https://frbox.transsion.com/disk/s/TJsiQcuqBe9,exPC7M,2026-09-12 21:33:44,expired
itel,it5031,it5031,it5031-WDS055-EnTl-PH-20240403-P60,,SC6531E,AS,,https://frbox.transsion.com/disk/s/foZEMvSyX6m,J662V6,2026-09-12 21:33:43,expired
itel,it5031,it5031,it5031-WDS055-EnBn-BD-20240422-P60,,SC6531E,BD,,https://frbox.transsion.com/disk/s/oGsYqtMpzUW,8Drvkh,2026-09-12 21:33:43,expired
itel,it5031,it5031,it5031-WDS055-EnFrRuUkKk-RU-20240704,,SC6531E,RU,,https://frbox.transsion.com/disk/s/smXEC6cjQQ7,YZSNCn,2026-09-12 21:33:43,expired
itel,it5031,it5031,it5031-WDS055-EnUr-PK-20240830,,SC6531E,PK,,https://frbox.transsion.com/disk/s/yxZ6PajP5dk,Fv7gHl,2026-09-12 21:33:43,expired
itel,it6360,it6360,it6360-GC2813-EnBn-BD-20230801,,SC6531C,BD,,https://frbox.transsion.com/disk/s/NsXFq9noXmD,oVoODu,2026-09-12 21:33:42,expired
Infinix,X6856,X6856(Android 16),X6856-16.2.0.120SP13(TR003PF001AZ),16,MT6897Z_B/ZA(D8350 Ultimate),TR,,https://frbox.transsion.com/disk/s/sVSrngwHDAF,otNqE2,2026-09-12 21:33:42,expired
Infinix,X6856,X6856(Android 16),X6856-16.2.0.120SP13(RU003PF001AZ),16,MT6897Z_B/ZA(D8350 Ultimate),RU,,https://frbox.transsion.com/disk/s/bekqaf2vqpP,DuKBhb,2026-09-12 21:33:42,expired
Infinix,X6856,X6856(Android 16),X6856-16.3.0.150SP04(OP005PF001AZ),16,MT6897Z_B/ZA(D8350 Ultimate),OP,,https://frbox.transsion.com/disk/s/W1x859aDZ4G,I7Aye0,2026-09-12 21:33:42,expired
Infinix,X6870,X6870(Android 16),X6870-16.2.0.150SP06(IN004PF001H2),16,MT6878V_E/ZA(D7300 Ultimate),IN,,https://frbox.transsion.com/disk/s/iaRxzQiKhWR,7Tw5cV,2026-09-12 21:33:41,expired
Infinix,X6870,X6870(Android 16),X6870-16.2.0.150SP06(OPPJ004PF001PJ),16,MT6878V_E/ZA(D7300 Ultimate),OPPJ,,https://frbox.transsion.com/disk/s/9nLJH7ihdsP,uPNHgD,2026-09-12 21:33:41,expired
Infinix,X6870,X6870(Android 16),X6870-16.3.0.150SP06(OP006PF001AZ),16,MT6878V_E/ZA(D7300 Ultimate),OP,,https://frbox.transsion.com/disk/s/PXmTeCQSpbW,5FSglT,2026-09-12 21:33:41,expired
TECNO,T401,T401,T401-DL248D1-AF-AO-170623V2,,MT6261D,AO,2017-06-23,https://frbox.transsion.com/disk/s/MwM2vrL7Ujt,1poOgM,2026-09-12 21:33:40,expired
TECNO,T401,T401,T401-DL248D1-AF-ET-170817V7,,MT6261D,ET,2017-08-17,https://frbox.transsion.com/disk/s/pZZbjrL2TmB,R0raWm,2026-09-12 21:33:40,expired
TECNO,T401,T401,T401-DL248D1-AF-TD-170821V7,,MT6261D,TD,2017-08-21,https://frbox.transsion.com/disk/s/ccYzzjdBmBJ,i2ESMB,2026-09-12 21:33:40,expired
TECNO,T401,T401,T401-DL248D1-AF-EG-170822V7,,MT6261D,EG,2017-08-22,https://frbox.transsion.com/disk/s/EXM54ithqAy,yWEXZ1,2026-09-12 21:33:40,expired
TECNO,T401,T401,T401-DL248D1-AF-MR-170829V6,,MT6261D,MR,2017-08-29,https://frbox.transsion.com/disk/s/Vj6h1SyTf83,hVI7GI,2026-09-12 21:33:40,expired
TECNO,T401,T401,T401-DL248D1-AF-MZ-171123V1,,MT6261D,MZ,2017-11-23,https://frbox.transsion.com/disk/s/5zY2a6JZeqR,vzHuPf,2026-09-12 21:33:40,expired
TECNO,T401,T401,T401-DL248D1-AF-SD-190416V4,,MT6261D,SD,2019-04-16,https://frbox.transsion.com/disk/s/Qnr8gEHw8c9,wSSIKf,2026-09-12 21:33:40,expired
Infinix,X6857,X6857(Android 16),X6857-16.3.0.150SP04(OP004PF001AZ),16,MT6878V_E/ZA(D7300 Ultimate),OP,,https://frbox.transsion.com/disk/s/F833ANDtdPS,nNww7b,2026-09-12 21:33:40,expired
itel,it2181A,it2181A,it2181A-ET1828-EnBn-BD-20250929,,,BD,,https://frbox.transsion.com/disk/s/tgPpc2fcqzk,mz4iqw,2026-09-12 21:33:39,expired
itel,it2181A,it2181A,it2181A-ET1828-EnFaUr-PK-20250929,,SC6531E,PK,,https://frbox.transsion.com/disk/s/UNN252JTky7,LZmxBG,2026-09-12 21:33:39,expired
itel,it2181A,it2181A,it2181A-ET1828-EnHiGuTeTaPaKnMlBnMr-IN-20260409,,SC6531E,IN,,https://frbox.transsion.com/disk/s/GF1bkFF9Co2,yrmmBW,2026-09-12 21:33:39,expired
TECNO,T403,T403,T403-DS2821-EnFrArSwHaPo-OP-20250523,,,OP,,https://frbox.transsion.com/disk/s/tZfo6gCRXuA,SA3pSN,2026-09-12 21:33:38,expired
TECNO,T403,T403,T403-DS2821-AmEnOmTi-ET-20250822,,,ET,,https://frbox.transsion.com/disk/s/XGQoiohh5cv,ezO0GA,2026-09-12 21:33:38,expired
Infinix,X6876,X6876(Android 16),X6876-16.2.0.150SP12(IN004PF001AZ),16,MT6878V/TZA(D7400),IN,,https://frbox.transsion.com/disk/s/zsxQHfQmzf2,35V3t7,2026-09-12 21:33:37,expired
Infinix,X6876,X6876(Android 16),X6876-16.2.0.150SP12(RU004PF001AZ),16,MT6878V/TZA(D7400),RU,,https://frbox.transsion.com/disk/s/QyiMrt6U8BJ,6vbl5G,2026-09-12 21:33:37,expired
Infinix,X6876,X6876(Android 16),X6876-16.2.0.150SP12(OPPJ004PF001PJ),16,MT6878V/TZA(D7400),OPPJ,,https://frbox.transsion.com/disk/s/YtpYhmqwgj9,8FXsZ6,2026-09-12 21:33:37,expired
Infinix,X6876,X6876(Android 16),X6876-16.3.0.150SP06(OP005PF001AZ),16,MT6878V/TZA(D7400),OP,,https://frbox.transsion.com/disk/s/4XZxkRszcb8,udJuMN,2026-09-12 21:33:37,expired
TECNO,T402,T402,T402-MA2425-EnFrArSwHaPo-20230921,,MT6260A,OP,,https://frbox.transsion.com/disk/s/R91y5MkpV5f,lkG76t,2026-09-12 21:33:37,expired
TECNO,T402,T402,T402-MA2425-EnFrSwHaArPo-DZ-20190808,,MT6260A,DZ,,https://frbox.transsion.com/disk/s/5FBSsSxhRFm,a9RkTB,2026-09-12 21:33:37,expired
TECNO,T402,T402,T402-M2425-EnHiAr-OM-20210906,,MT6260A,OM,,https://frbox.transsion.com/disk/s/m8AppD93TtS,agCByu,2026-09-12 21:33:37,expired
TECNO,T402,T402,T402-MA2425-AmEnSoTiOm-ET-ETC-L-20241203,,MT6260A,ET,,https://frbox.transsion.com/disk/s/SaeWrsuLhHZ,s3dDOL,2026-09-12 21:33:37,expired
TECNO,T402,T402,T402-MA2425-EnFrArSwHaPo-20241121,,MT6260A,OP,,https://frbox.transsion.com/disk/s/6QUGmNj5uPK,UItDdE,2026-09-12 21:33:37,expired
Infinix,X6855,X6855(Android 16),X6855-16.2.0.150SP06(OP002PF001AZ),16,MT6789J( G100 Ultimate),OP,,https://frbox.transsion.com/disk/s/ThhKmJ6wQpo,mlKJZV,2026-09-12 21:33:36,expired
Infinix,X6855,X6855(Android 16),X6855-16.2.0.150SP08(EU003PF001AZ),16,MT6789J( G100 Ultimate),EU,,https://frbox.transsion.com/disk/s/B3zKQHLxPBa,VnQM92,2026-09-12 21:33:36,expired
Infinix,X6855,X6855(Android 16),X6855-16.2.0.150SP08(RU003PF001AZ),16,MT6789J( G100 Ultimate),RU,,https://frbox.transsion.com/disk/s/Dy2jQe1d9CE,Lg96Og,2026-09-12 21:33:36,expired
Infinix,X6853,X6853(Android 16),X6853-16.3.0.145SP06(OP005PF001AZ),16,MT6789U(G99 Ultimate),OP,,https://frbox.transsion.com/disk/s/obSD2mW7ELg,pvYjG0,2026-09-12 21:33:35,expired
Infinix,X6853,X6853(Android 16),X6853-16.3.0.145SP06(EU005PF001AZ),16,MT6789U(G99 Ultimate),EU,,https://frbox.transsion.com/disk/s/nuo9FnTgUhy,LOVj4Z,2026-09-12 21:33:35,expired
Infinix,X6853,X6853(Android 16),X6853-16.3.0.145SP06(RU005PF001AZ),16,MT6789U(G99 Ultimate),RU,,https://frbox.transsion.com/disk/s/bvFsGndiNsi,a8636q,2026-09-12 21:33:35,expired
TECNO,KM8n,KM8n,KM8n-15.1.2.125SP08(OPPJ001PF001PJ),,MT6835V/TTZB(D6400),OPPJ,,https://frbox.transsion.com/disk/s/fsDh7GSDtEd,8yBdXx,2026-09-12 21:33:34,expired
TECNO,KM8n,KM8n,KM8n-15.1.2.125SP08(OP001PF001AZ),,MT6835V/TTZB(D6400),OP,,https://frbox.transsion.com/disk/s/L9Fkj3jXeBk,xJQa9L,2026-09-12 21:33:34,expired
TECNO,KM8n,KM8n,KM8n-15.1.2.131SP06(OP001PF001AZ),,MT6835V/TTZB(D6400),OP,,https://frbox.transsion.com/disk/s/sMi9rL6gTEQ,WMvG8Q,2026-09-12 21:33:34,expired
TECNO,KM8n,KM8n,KM8n-15.1.2.145SP02(OPPJ001PF001PJ),,MT6835V/TTZB(D6400),OPPJ,,https://frbox.transsion.com/disk/s/uSL5qxZfYDL,VbWipu,2026-09-12 21:33:34,expired
TECNO,KM8n,KM8n,KM8n-15.1.2.180SP05(OP001PF001AZ),,MT6835V/TTZB(D6400),OP,,https://frbox.transsion.com/disk/s/YA7wqN3TYy9,8nIDPv,2026-09-12 21:33:34,expired
TECNO,KM8n,KM8n,KM8n-15.1.2.180SP05(TR001PF001AZ),,MT6835V/TTZB(D6400),TR,,https://frbox.transsion.com/disk/s/NMdDMtaspY3,okk0uS,2026-09-12 21:33:34,expired
TECNO,KM8n,KM8n,KM8n-15.1.2.180SP05(COCL001PF001AZ),,MT6835V/TTZB(D6400),COCL,,https://frbox.transsion.com/disk/s/nruugB9FYYu,D0mYEM,2026-09-12 21:33:34,expired
TECNO,BD4,BD4,BD4-SE656BCEF-RGo-OP-230913V21,,SC9863A,OP,2023-09-13,https://frbox.transsion.com/disk/s/V27CsnvRzwV,IAVfgB,2026-09-12 21:33:33,expired
TECNO,BD4,BD4,BD4-SE656B-RGo-RU-220617V9,,SC9863,RU,2022-06-17,https://frbox.transsion.com/disk/s/vf8R2crDCF3,xTXCfX,2026-09-12 21:33:33,expired
itel,ACE2,ACE2,ACE2-G1808-EnHiGuTaTeKnBnMlPa-IN-20231106,,SC6531E,IN,,https://frbox.transsion.com/disk/s/Ap94hKMLMLq,ZgzGrA,2026-09-12 21:33:32,expired
TECNO,B2,B2,B2-F8017DE-OGo-190929V154,,MT6580,OP,2019-09-29,https://frbox.transsion.com/disk/s/rU4d7Tjh912,IKVMMc,2026-09-12 21:33:31,expired
TECNO,BD2,BD2,BD2-SP613ABC-QGo-OP-230227V019,,SC7731E,OP,2023-02-27,https://frbox.transsion.com/disk/s/NVCoeZ4eL1e,aKIgcC,2026-09-12 21:33:31,expired
Infinix,X6739,X6739(Android 14),X6739-H931H-U-RU-241114V750,14,MT6893Z_T/CZA(D8050),RU,2024-11-14,https://frbox.transsion.com/disk/s/sKLGndiWkeu,lXX6Zv,2026-09-12 21:33:30,expired
Infinix,X6739,X6739(Android 14),X6739-H931GH-U-GL-250610V824,14,MT6893Z_T/CZA(D8050),GL,2025-06-10,https://frbox.transsion.com/disk/s/QNMVdBfrr2M,evPtyu,2026-09-12 21:33:30,expired
itel,ACE4,ACE4,ACE4-GT1831-EnHiGuTaTeKnBnMlPa-IN-20260717,,SC6533G,IN,,https://frbox.transsion.com/disk/s/jDUBg3nc9tJ,8KwuJe,2026-09-12 21:33:29,expired
TECNO,BD3,BD3,BD3-WZ802AB-RGo-OP-230524V040,,MTK6580P,OP,2023-05-24,https://frbox.transsion.com/disk/s/wSq6iD6enTa,okfM6E,2026-09-12 21:33:29,expired
TECNO,B1,B1,B1-F8018D-OGo-190930V142,,MT6580,AS,2019-09-30,https://frbox.transsion.com/disk/s/TwjoM1HPfx6,lAzfDk,2026-09-12 21:33:28,expired
itel,it6331,it6331,it6331-GC2809-EnBn-BD-20200605,,SC6531C,BD,,https://frbox.transsion.com/disk/s/ymYKLC5Y2tY,ljauZx,2026-09-12 21:33:27,expired
itel,it6331,it6331,it6331-GC2809-EnTl-PH-20200608,,SC6531C,PH,,https://frbox.transsion.com/disk/s/jQDEL5dsFFe,HBHNQP,2026-09-12 21:33:27,expired
itel,ACE3,ACE3,ACE3-GS1819-EnHiGuTaTeKnBnMlPa-IN-20260430,,SC6533G,IN,,https://frbox.transsion.com/disk/s/oRJByBkXvhx,eBUapV,2026-09-12 21:33:27,expired
TECNO,BD1,BD1,BD1-SP575ABC-RGo-OP-230713V20,,SC7731E,OP,2023-07-13,https://frbox.transsion.com/disk/s/T6rLG5hZtDJ,KOom7i,2026-09-12 21:33:26,expired
TECNO,BD1,BD1,BD1-SP575ABC-RGo-OP-230605V19,,SC7731E,KESF,2023-06-05,https://frbox.transsion.com/disk/s/kGYBoGt4nwa,Ozo4By,2026-09-12 21:33:26,expired
Infinix,X6731,X6731(Android 14),X6731-H935AB-U-RU-240926V520,14,MT6891Z/CZA(D8020),RU,2024-09-26,https://frbox.transsion.com/disk/s/eBSdR4SHKfC,oKQTsG,2026-09-12 21:33:25,expired
Infinix,X6731,X6731(Android 14),X6731-H935AB-U-GL-250623V689,14,MT6891Z/CZA(D8020),GL,2025-06-23,https://frbox.transsion.com/disk/s/2hgdtSHTjtE,qey6nn,2026-09-12 21:33:25,expired
itel,it6330,it6330,it6330-GC2809-EnUr-PK-20200615,,SC6531C,PK,,https://frbox.transsion.com/disk/s/ZXxD7cuJfp6,ksPwV9,2026-09-12 21:33:25,expired
itel,it6330,it6330,it6330-GC2809-EnHiGuTaTePaKnBnMl-IN-20200610,,SC6531C,IN,,https://frbox.transsion.com/disk/s/ESddRKGrVZ6,JH9JfZ,2026-09-12 21:33:25,expired
itel,it6330,it6330,it6330-GC2809-EnHi-NP-20201207,,SC6531C,NP,,https://frbox.transsion.com/disk/s/ZarEg1YAevA,6kA5zq,2026-09-12 21:33:25,expired
Infinix,X6861,X6861(Android 15),X6861-15.1.2.180SP05(OP001PF001AZ),15,MT6896Z/CZA(D8200 Ultimate),OP,,https://frbox.transsion.com/disk/s/qXGpWJ9Z8Dk,0gbnqA,2026-09-12 21:33:23,expired
Infinix,X6861,X6861(Android 15),X6861-15.1.2.180SP05(RU001PF001AZ),15,MT6896Z/CZA(D8200 Ultimate),RU,,https://frbox.transsion.com/disk/s/7woW1eQdTKJ,Eizmze,2026-09-12 21:33:23,expired
Infinix,X6861,X6861(Android 15),X6861-15.1.2.180SP05(EU001PF001AZ),15,MT6896Z/CZA(D8200 Ultimate),EU,,https://frbox.transsion.com/disk/s/5ezaY7fm5fN,bZiRI9,2026-09-12 21:33:23,expired
Infinix,X6861,X6861(Android 15),X6861-15.1.2.180SP05(IN001PF001AZ),15,MT6896Z/CZA(D8200 Ultimate),IN,,https://frbox.transsion.com/disk/s/6XaPptcjaiR,axsR7E,2026-09-12 21:33:23,expired
Infinix,X6860,X6860(Android 15),X6860-15.1.2.180(OP001PF001AZ),15,MT6789H(G100),OP,,https://frbox.transsion.com/disk/s/4FZ4BQyo4ki,EE9Ldc,2026-09-12 21:33:22,expired
Infinix,X6860,X6860(Android 15),X6860-15.1.2.180SP05(RU001PF001AZ),15,MT6789H(G100),RU,,https://frbox.transsion.com/disk/s/4MWzGk7RhX7,ILl43O,2026-09-12 21:33:22,expired
itel,W6002E,W6002E,W6002E-F3108-9.0-OP-V027-20211025,,SC7731E,OP,,https://frbox.transsion.com/disk/s/oMAxGUFLMnA,jPcEBg,2026-09-12 21:33:22,expired
TECNO,A6,A6,A6-H551C1-M-180905V138,,MT6755,OP,2018-09-05,https://frbox.transsion.com/disk/s/cgxSSkxM6fp,QOLvgt,2026-09-12 21:33:21,expired
TECNO,BC3,BC3,BC3-BC3ABC-QGo-OP-220830V041,,MT6739WA,OP,2022-08-30,https://frbox.transsion.com/disk/s/TZHbWVmq1Zc,i4vD7Y,2026-09-12 21:33:20,expired
Infinix,X6882B,X6882B,X6882B-H8915STU-U-OP-250311V392,,MT6789H(G100),OP,2025-03-11,https://frbox.transsion.com/disk/s/yvobbNZ4SAK,PBkL9K,2026-09-12 21:33:20,expired
TECNO,BC1,BC1,BC1-VP650ABC-QGo-OP-221109V020,,MT6580P,OP,2022-11-09,https://frbox.transsion.com/disk/s/PuJb9m6vccn,XPtVpK,2026-09-12 21:33:18,expired
Infinix,X6531B,X6531B,X6531B-V631BAeAfAgAhAiAjAkAm-U-OP-241113V733,,MT6769V/CBZA(G81),OP,2024-11-13,https://frbox.transsion.com/disk/s/Wa2vTxLr1cE,qHuOTR,2026-09-12 21:33:17,expired
Infinix,X6531B,X6531B,X6531B-V631BBqBrBsBtBuBvBwBxByBzCa-U-OP-C2-241211V53,,MT6769V/CBZA(G81),OP-C2,2024-12-11,https://frbox.transsion.com/disk/s/VTspEYNyJZ8,tIKJI9,2026-09-12 21:33:17,expired
Infinix,X6531B,X6531B,X6531B-V631BAjAhAo-U-TR-241224V863,,MT6769V/CBZA(G81),TR,2024-12-24,https://frbox.transsion.com/disk/s/6vZdtQCTxXp,QB3Tn3,2026-09-12 21:33:17,expired
Infinix,X6531B,X6531B,X6531B-V631BAjAf-U-EU-250317V977,,MT6769V/CBZA(G81),EU,2025-03-17,https://frbox.transsion.com/disk/s/FzPfJK2NBnf,LkGssw,2026-09-12 21:33:17,expired
Infinix,X6531B,X6531B,X6531B-V631BAeAfAgAhAiAjAkAmAnAoAp-U-OP-260713V1136,,MT6769V/CBZA(G81),OP,2026-07-13,https://frbox.transsion.com/disk/s/n8Gda5bCMYG,4Y8AM2,2026-09-12 21:33:17,expired
Infinix,X6531B,X6531B,X6531B-V631BBqBrBsBtBuBvBwBxByBzCa-U-OP-C2-260713V108,,MT6769V/CBZA(G81),OP-C2,2026-07-13,https://frbox.transsion.com/disk/s/qwoeXeCUt9W,uDOGQP,2026-09-12 21:33:17,expired
Infinix,X6531B,X6531B,X6531B-V631BAjAfAh-U-RU-260720V1138,,MT6769V/CBZA(G81),RU,2026-07-20,https://frbox.transsion.com/disk/s/Pfh2PJQfY8m,So6SER,2026-09-12 21:33:17,expired
Infinix,X688B,X688B-R,X688B-H659ABCDEFGHIJKLMNO-R-GL-230324V865,,MT6765,GL,2023-03-24,https://frbox.transsion.com/disk/s/c3yE1wJBcnK,CCB71D,2026-09-12 21:33:16,expired
TECNO,BC2,BC2,BC2-VP592AB-QGo-OP-220503V019,,MT6580,OP,2022-05-03,https://frbox.transsion.com/disk/s/Qnv6AKh2Lyy,OPKOqN,2026-09-12 21:33:16,expired
Infinix,X6716,X6716,X6716-H6929GHJ-T-GL-230712V952,,MT6769V/CZ(G85),GL,2023-07-12,https://frbox.transsion.com/disk/s/bQhEiTfxQGr,fAbK8m,2026-09-12 21:33:15,expired
Infinix,X6716,X6716,X6716-H6929HL-T-RU-250318V1992,,MT6769V/CZ(G85),RU,2025-03-18,https://frbox.transsion.com/disk/s/n7LkEhfzBte,zrHESE,2026-09-12 21:33:15,expired
itel,it5010,it5010,IT5010-G241B-EnFrSwHaPo-20180123,,SC6531,OP,,https://frbox.transsion.com/disk/s/CphsigJvStq,Rjmkvv,2026-09-12 21:33:14,expired
Infinix,X6710,X6710,X6710-H931D-T-EU-230907V2247,,MT6893,EU,2023-09-07,https://frbox.transsion.com/disk/s/zuuEC1YQiX4,OUXX7H,2026-09-12 21:33:13,expired
Infinix,X6710,X6710,X6710-H931DJ-T-GL-231016V2515,,MT6893,GL,2023-10-16,https://frbox.transsion.com/disk/s/Y6atGja2khV,1Wewev,2026-09-12 21:33:13,expired
Infinix,X6710,X6710,X6710-H931DJ-T-GL-240403V3236,,MT6893,GL,2024-04-03,https://frbox.transsion.com/disk/s/b1G9Miu1c3v,ZYCThl,2026-09-12 21:33:13,expired
Infinix,X6710,X6710,X6710-H931DJ-T-RU-240423V3314,,MT6893,RU,2024-04-23,https://frbox.transsion.com/disk/s/yFhYTZVcM8V,w6KVs2,2026-09-12 21:33:13,expired
itel,it5250,it5250,it5250-i603-EnHiGuTe-IN-20180305,,MT6260A,IN,,https://frbox.transsion.com/disk/s/H5M7ob5yKrs,R2USjO,2026-09-12 21:33:13,expired
itel,it5250,it5250,it5250-G2406-EnFrPoArSwHa-20190906,,SC6531C,OP,,https://frbox.transsion.com/disk/s/ewSZPXdB8j8,AfbTd0,2026-09-12 21:33:13,expired
Infinix,X6711,X6711,X6711-H333EHI-T-GL-231017V2341,,MT6833V/PNZA(D810),GL,2023-10-17,https://frbox.transsion.com/disk/s/axDzAibwRtJ,pADcqp,2026-09-12 21:33:12,expired
Infinix,X6711,X6711,X6711-H333H-T-EU-231018V2348,,MT6833V/PNZA(D810),EU,2023-10-18,https://frbox.transsion.com/disk/s/EpMJN168YZ8,T2yxAC,2026-09-12 21:33:12,expired
Infinix,X6711,X6711,X6711-H333EHI-T-GL-240617V3314,,MT6833V/PNZA(D810),GL,2024-06-17,https://frbox.transsion.com/disk/s/vxnj4GQeyYB,Jck3ag,2026-09-12 21:33:12,expired
Infinix,X6711,X6711,X6711-H333H-T-EU-241121V3371,,MT6833V/PNZA(D810),EU,2024-11-21,https://frbox.transsion.com/disk/s/LwLMPsFhKwd,sgqawi,2026-09-12 21:33:12,expired
