brand,model,product_base,region,android_version,fingerprint,http_status,has_update,update_title,update_url,update_size,update_size_value,update_description,update_urgency,update_target_sdk_level,update_experiment_id,settings_count,unexpected_update_fields,error,probed_at
Itel,itel A80,A671LC,OP,14,Itel/A671LC-OP/itel-A671LC:14/UP1A.231005.007/260804V1678:user/release-keys,200,False,,,,,,,,,543,"update_clearcut_log_enabled_event_types,update_clearcut_log_enabled_ui_event_codes,update_download_pause_resume_by_service_allowed,update_download_prefer_data,update_download_rate_limits,update_download_redownload_retry_limit,update_installation_device_charger_only_period,update_installation_device_idle_maintenance_battery_threshold_period,update_installation_device_idle_only_period,update_installation_install_tonight_window,update_notify_scheduled_delay,update_notify_security_level_delay,update_notify_wifi_disconnected_delay,update_pause_resume_by_service_allowed,update_status_log_max_delay_sec,update_status_log_min_delay_sec,update_ui_notify_approval_strategy,update_ui_notify_device_not_idle_strategy,update_ui_notify_insufficient_space_strategy,update_ui_notify_low_battery_strategy,update_ui_notify_scheduled_strategy,update_ui_notify_wifi_disconnected_strategy",,2026-09-23T07:06:38.369131+00:00
Itel,itel P65,P671L,OP,14,Itel/P671L-OP/itel-P671L:14/UP1A.231005.007/260703V2683:user/release-keys,200,False,,,,,,,,KEEP,545,"update_clearcut_log_enabled_event_types,update_clearcut_log_enabled_ui_event_codes,update_download_pause_resume_by_service_allowed,update_download_prefer_data,update_download_rate_limits,update_download_redownload_retry_limit,update_installation_device_charger_only_period,update_installation_device_idle_maintenance_battery_threshold_period,update_installation_device_idle_only_period,update_installation_install_tonight_window,update_notify_scheduled_delay,update_notify_security_level_delay,update_notify_wifi_disconnected_delay,update_pause_resume_by_service_allowed,update_status_log_max_delay_sec,update_status_log_min_delay_sec,update_ui_notify_approval_strategy,update_ui_notify_device_not_idle_strategy,update_ui_notify_insufficient_space_strategy,update_ui_notify_low_battery_strategy,update_ui_notify_scheduled_strategy,update_ui_notify_wifi_disconnected_strategy",,2026-09-23T07:06:40.624261+00:00
Itel,itel P70,P673L,OP,14,Itel/P673L-OP/itel-P673L:14/UP1A.231005.007/260706V1567:user/release-keys,200,False,,,,,,,,KEEP,547,"update_clearcut_log_enabled_event_types,update_clearcut_log_enabled_ui_event_codes,update_download_pause_resume_by_service_allowed,update_download_prefer_data,update_download_rate_limits,update_download_redownload_retry_limit,update_installation_device_charger_only_period,update_installation_device_idle_maintenance_battery_threshold_period,update_installation_device_idle_only_period,update_installation_install_tonight_window,update_notify_scheduled_delay,update_notify_security_level_delay,update_notify_wifi_disconnected_delay,update_pause_resume_by_service_allowed,update_status_log_max_delay_sec,update_status_log_min_delay_sec,update_ui_notify_approval_strategy,update_ui_notify_device_not_idle_strategy,update_ui_notify_insufficient_space_strategy,update_ui_notify_low_battery_strategy,update_ui_notify_scheduled_strategy,update_ui_notify_wifi_disconnected_strategy",,2026-09-23T07:06:42.751326+00:00
Itel,itel S25,S685LN,OP,15,Itel/S685LN-OP/itel-S685LN:15/AP3A.240905.015.A2/180015:user/release-keys,200,True,Tcard_S685LN-15.1.2.118SP09-OP001PF001AZ,https://android.googleapis.com/packages/ota-api/package/327adc0e2b621c2aa6d5fb2166f544279d33df5f.zip,5558.0 MB,5828004080,"<small><font color=""#949494"">It is recommended to perform OTA upgrade when the battery is over 50%.</font></small><br>
<br>
Update Version:<br>
<small><font color=""#949494"">S685LN-15.1.2.118SP09(OP001PF001AZ)</font></small><br>
<br>
Android Version:<br>
<small><font color=""#949494"">1. Upgraded from Android 14 to Android 15 for enhanced security, more features, and a better user experience.</font></small><br>
<br>
OS Version:<br>
<small><font color=""#949494"">1. Upgraded from itelOS14.5.0 to itelO",3,35,KEEP,557,"update_clearcut_log_enabled_event_types,update_clearcut_log_enabled_ui_event_codes,update_download_min_cache_space,update_download_min_data_space,update_download_pause_resume_by_service_allowed,update_download_prefer_data,update_download_rate_limits,update_download_redownload_retry_limit,update_installation_auto_reboot_device_encryption_types,update_installation_device_charger_only_period,update_installation_device_idle_maintenance_battery_threshold_period,update_installation_device_idle_only_period,update_installation_install_tonight_window,update_mobile_network_delay,update_notify_scheduled_delay,update_notify_security_level_delay,update_notify_wifi_disconnected_delay,update_ota_property_files,update_pause_resume_by_service_allowed,update_status_log_max_delay_sec,update_status_log_min_delay_sec,update_streaming_property_files,update_ui_notify_approval_strategy,update_ui_notify_device_not_idle_strategy,update_ui_notify_insufficient_space_strategy,update_ui_notify_low_battery_strategy,update_ui_notify_scheduled_strategy,update_ui_notify_wifi_disconnected_strategy,update_zero_rate_apn_capability",,2026-09-23T07:06:44.873694+00:00
Itel,itel S25 Ultra,S686LN,OP,15,Itel/S686LN-OP/itel-S686LN:15/AP3A.240905.015.A2/180004:user/release-keys,200,True,Tcard_S686LN-15.1.2.118SP01-OP001PF001AZ,https://android.googleapis.com/packages/ota-api/package/da4474145e5f5e7ad5ab000c87acb6f5810b46c9.zip,5894.5 MB,6180788493,"<small><font color=""#949494"">It is recommended to perform OTA upgrade when the battery is over 50%.</font></small><br>
<br>
Update Version:<br>
<small><font color=""#949494"">S686LN-15.1.2.118SP01(OP001PF001AZ)</font></small><br>
<br>
Android Version:<br>
<small><font color=""#949494"">1. Upgraded from Android 14 to Android 15 for enhanced security, more features, and a better user experience.</font></small><br>
<br>
OS Version:<br>
<small><font color=""#949494"">1. Upgraded from itelOS14.5.0 to itelO",3,35,KEEP,561,"update_clearcut_log_enabled_event_types,update_clearcut_log_enabled_ui_event_codes,update_download_min_cache_space,update_download_min_data_space,update_download_pause_resume_by_service_allowed,update_download_prefer_data,update_download_rate_limits,update_download_redownload_retry_limit,update_installation_auto_reboot_device_encryption_types,update_installation_device_charger_only_period,update_installation_device_idle_maintenance_battery_threshold_period,update_installation_device_idle_only_period,update_installation_install_tonight_window,update_mobile_network_delay,update_notify_scheduled_delay,update_notify_security_level_delay,update_notify_wifi_disconnected_delay,update_ota_property_files,update_pause_resume_by_service_allowed,update_status_log_max_delay_sec,update_status_log_min_delay_sec,update_streaming_property_files,update_ui_notify_approval_strategy,update_ui_notify_device_not_idle_strategy,update_ui_notify_insufficient_space_strategy,update_ui_notify_low_battery_strategy,update_ui_notify_scheduled_strategy,update_ui_notify_wifi_disconnected_strategy,update_zero_rate_apn_capability",,2026-09-23T07:06:47.264751+00:00
Infinix,Infinix XPAD,X1101,OP,14,Infinix/X1101-OP/Infinix-X1101:14/UP1A.231005.007/250616V1026:user/release-keys,200,False,,,,,,,,KEEP,540,"update_clearcut_log_enabled_event_types,update_clearcut_log_enabled_ui_event_codes,update_download_pause_resume_by_service_allowed,update_download_prefer_data,update_download_rate_limits,update_download_redownload_retry_limit,update_installation_device_charger_only_period,update_installation_device_idle_maintenance_battery_threshold_period,update_installation_device_idle_only_period,update_installation_install_tonight_window,update_notify_scheduled_delay,update_notify_security_level_delay,update_notify_wifi_disconnected_delay,update_pause_resume_by_service_allowed,update_status_log_max_delay_sec,update_status_log_min_delay_sec,update_ui_notify_approval_strategy,update_ui_notify_device_not_idle_strategy,update_ui_notify_insufficient_space_strategy,update_ui_notify_low_battery_strategy,update_ui_notify_scheduled_strategy,update_ui_notify_wifi_disconnected_strategy",,2026-09-23T07:06:49.393832+00:00
Infinix,Infinix XPAD 30 Pro,X1103,OP,16,Infinix/X1103-OP/Infinix-X1103:16/BP2A.250605.031.A3/301450015:user/release-keys,200,True,X1103-16.3.0.145SP01-OP002PF001AZ-16.3.0.155SP01-OP002PF001AZ_20260904174157,https://android.googleapis.com/packages/ota-api/package/7d71d4e975dd8d7f67b250cb7da14735d72cb880.zip,444.8 MB,466388111,"<br><small><font color=""#949494"">Please plug in charger to OTA upgrade when power is lower than 50%.</font></small><br><br>Update Version:<br><small><font color=""#949494"">X1103-16.3.0.155SP01(OP002PF001AZ)</font></small><br><br>Changed Functions:<br><small><font color=""#949494"">1. Updated Google Security Patch to September 5, 2026.</font></small><br><br>Fixed Issues:<br><small><font color=""#949494"">1. Fixed some known issues to improve the user experience.</font></small><br><br>Reminding:<br>

<",3,36,44300116,566,"update_clearcut_log_enabled_event_types,update_clearcut_log_enabled_ui_event_codes,update_download_min_cache_space,update_download_min_data_space,update_download_pause_resume_by_service_allowed,update_download_prefer_data,update_download_rate_limits,update_download_redownload_retry_limit,update_install_failure_message,update_install_success_message,update_installation_auto_reboot_device_encryption_types,update_installation_device_charger_only_period,update_installation_device_idle_maintenance_battery_threshold_period,update_installation_device_idle_only_period,update_installation_install_tonight_window,update_mobile_network_delay,update_notify_scheduled_delay,update_notify_security_level_delay,update_notify_wifi_disconnected_delay,update_ota_property_files,update_pause_resume_by_service_allowed,update_status_log_max_delay_sec,update_status_log_min_delay_sec,update_streaming_property_files,update_ui_notify_approval_strategy,update_ui_notify_device_not_idle_strategy,update_ui_notify_insufficient_space_strategy,update_ui_notify_low_battery_strategy,update_ui_notify_scheduled_strategy,update_ui_notify_wifi_disconnected_strategy,update_zero_rate_apn_capability",,2026-09-23T07:06:52.513535+00:00
Infinix,Infinix XPAD 20 Pro,X1201,OP,15,Infinix/X1201-OP/Infinix-X1201:15/AP3A.240905.015.A2/260505V1370:user/release-keys,200,True,X1201-M1201ABCDEFGHI-V-OP-260505V1370-to-X1201-M1201ABCDEFGHI-V-OP-260625V1482,https://android.googleapis.com/packages/ota-api/package/757d6ea4dba9fb1d9a59324c5687af895098c51a.zip,93.9 MB,98429192,"<br><small><font color=""#949494"">Please plug in charger to OTA upgrade when power is lower than 50%.</font></small><br><br>Update Version:<br><small><font color=""#949494"">X1201-M1201ABCDEFGHI-V-OP-260625V1482</font></small><br><br>Changed Functions:<br><small><font color=""#949494"">1. Fixed some known issues to improve the user experience.</font></small><br><br>Fixed Issues:<br><small><font color=""#949494"">1. Updated Google Security Patch to August 1, 2026.</font></small><br><br>Reminding:<br>

<",3,35,44302364,560,"update_clearcut_log_enabled_event_types,update_clearcut_log_enabled_ui_event_codes,update_download_min_cache_space,update_download_min_data_space,update_download_pause_resume_by_service_allowed,update_download_prefer_data,update_download_rate_limits,update_download_redownload_retry_limit,update_install_failure_message,update_install_success_message,update_installation_auto_reboot_device_encryption_types,update_installation_device_charger_only_period,update_installation_device_idle_maintenance_battery_threshold_period,update_installation_device_idle_only_period,update_installation_install_tonight_window,update_mobile_network_delay,update_notify_scheduled_delay,update_notify_security_level_delay,update_notify_wifi_disconnected_delay,update_ota_property_files,update_pause_resume_by_service_allowed,update_status_log_max_delay_sec,update_status_log_min_delay_sec,update_streaming_property_files,update_ui_notify_approval_strategy,update_ui_notify_device_not_idle_strategy,update_ui_notify_insufficient_space_strategy,update_ui_notify_low_battery_strategy,update_ui_notify_scheduled_strategy,update_ui_notify_wifi_disconnected_strategy,update_zero_rate_apn_capability",,2026-09-23T07:06:56.415276+00:00
Infinix,Infinix HOT 50i,X6531,OP,14,Infinix/X6531-OP/Infinix-X6531:14/UP1A.231005.007/260713V3301:user/release-keys,200,False,,,,,,,,KEEP,547,"update_clearcut_log_enabled_event_types,update_clearcut_log_enabled_ui_event_codes,update_download_pause_resume_by_service_allowed,update_download_prefer_data,update_download_rate_limits,update_download_redownload_retry_limit,update_installation_device_charger_only_period,update_installation_device_idle_maintenance_battery_threshold_period,update_installation_device_idle_only_period,update_installation_install_tonight_window,update_notify_scheduled_delay,update_notify_security_level_delay,update_notify_wifi_disconnected_delay,update_pause_resume_by_service_allowed,update_status_log_max_delay_sec,update_status_log_min_delay_sec,update_ui_notify_approval_strategy,update_ui_notify_device_not_idle_strategy,update_ui_notify_insufficient_space_strategy,update_ui_notify_low_battery_strategy,update_ui_notify_scheduled_strategy,update_ui_notify_wifi_disconnected_strategy",,2026-09-23T07:06:59.789213+00:00
Infinix,Infinix HOT 50i (B),X6531B,OP,14,Infinix/X6531B-OP/Infinix-X6531B:14/UP1A.231005.007/260713V1136:user/release-keys,200,False,,,,,,,,KEEP,542,"update_clearcut_log_enabled_event_types,update_clearcut_log_enabled_ui_event_codes,update_download_pause_resume_by_service_allowed,update_download_prefer_data,update_download_rate_limits,update_download_redownload_retry_limit,update_installation_device_charger_only_period,update_installation_device_idle_maintenance_battery_threshold_period,update_installation_device_idle_only_period,update_installation_install_tonight_window,update_notify_scheduled_delay,update_notify_security_level_delay,update_notify_wifi_disconnected_delay,update_pause_resume_by_service_allowed,update_status_log_max_delay_sec,update_status_log_min_delay_sec,update_ui_notify_approval_strategy,update_ui_notify_device_not_idle_strategy,update_ui_notify_insufficient_space_strategy,update_ui_notify_low_battery_strategy,update_ui_notify_scheduled_strategy,update_ui_notify_wifi_disconnected_strategy",,2026-09-23T07:07:02.220812+00:00
Infinix,Infinix HOT 50 5G,X6720B,OP,14,Infinix/X6720B-OP/Infinix-X6720B:14/UP1A.231005.007/260710V589:user/release-keys,200,False,,,,,,,,KEEP,539,"update_clearcut_log_enabled_event_types,update_clearcut_log_enabled_ui_event_codes,update_download_pause_resume_by_service_allowed,update_download_prefer_data,update_download_rate_limits,update_download_redownload_retry_limit,update_installation_device_charger_only_period,update_installation_device_idle_maintenance_battery_threshold_period,update_installation_device_idle_only_period,update_installation_install_tonight_window,update_notify_scheduled_delay,update_notify_security_level_delay,update_notify_wifi_disconnected_delay,update_pause_resume_by_service_allowed,update_status_log_max_delay_sec,update_status_log_min_delay_sec,update_ui_notify_approval_strategy,update_ui_notify_device_not_idle_strategy,update_ui_notify_insufficient_space_strategy,update_ui_notify_low_battery_strategy,update_ui_notify_scheduled_strategy,update_ui_notify_wifi_disconnected_strategy",,2026-09-23T07:07:04.831564+00:00
Infinix,Infinix SMART 10,X6725,OP,15,Infinix/X6725-OP/Infinix-X6725:15/AP3A.240905.015.A2/185014:user/release-keys,200,False,,,,,,,,KEEP,542,"update_clearcut_log_enabled_event_types,update_clearcut_log_enabled_ui_event_codes,update_download_pause_resume_by_service_allowed,update_download_prefer_data,update_download_rate_limits,update_download_redownload_retry_limit,update_installation_device_charger_only_period,update_installation_device_idle_maintenance_battery_threshold_period,update_installation_device_idle_only_period,update_installation_install_tonight_window,update_notify_scheduled_delay,update_notify_security_level_delay,update_notify_wifi_disconnected_delay,update_pause_resume_by_service_allowed,update_status_log_max_delay_sec,update_status_log_min_delay_sec,update_ui_notify_approval_strategy,update_ui_notify_device_not_idle_strategy,update_ui_notify_insufficient_space_strategy,update_ui_notify_low_battery_strategy,update_ui_notify_scheduled_strategy,update_ui_notify_wifi_disconnected_strategy",,2026-09-23T07:07:07.268400+00:00
Infinix,Infinix SMART 10 PLUS,X6725C,OP,15,Infinix/X6725C-OP/Infinix-X6725C:15/AP3A.240905.015.A2/180006:user/release-keys,200,False,,,,,,,,KEEP,540,"update_clearcut_log_enabled_event_types,update_clearcut_log_enabled_ui_event_codes,update_download_pause_resume_by_service_allowed,update_download_prefer_data,update_download_rate_limits,update_download_redownload_retry_limit,update_installation_device_charger_only_period,update_installation_device_idle_maintenance_battery_threshold_period,update_installation_device_idle_only_period,update_installation_install_tonight_window,update_notify_scheduled_delay,update_notify_security_level_delay,update_notify_wifi_disconnected_delay,update_pause_resume_by_service_allowed,update_status_log_max_delay_sec,update_status_log_min_delay_sec,update_ui_notify_approval_strategy,update_ui_notify_device_not_idle_strategy,update_ui_notify_insufficient_space_strategy,update_ui_notify_low_battery_strategy,update_ui_notify_scheduled_strategy,update_ui_notify_wifi_disconnected_strategy",,2026-09-23T07:07:09.609872+00:00
Infinix,Infinix HOT 60 5G,X6726B,OP,15,Infinix/X6726B-OP/Infinix-X6726B:15/AP3A.240905.015.A2/185004:user/release-keys,200,False,,,,,,,,KEEP,540,"update_clearcut_log_enabled_event_types,update_clearcut_log_enabled_ui_event_codes,update_download_pause_resume_by_service_allowed,update_download_prefer_data,update_download_rate_limits,update_download_redownload_retry_limit,update_installation_device_charger_only_period,update_installation_device_idle_maintenance_battery_threshold_period,update_installation_device_idle_only_period,update_installation_install_tonight_window,update_notify_scheduled_delay,update_notify_security_level_delay,update_notify_wifi_disconnected_delay,update_pause_resume_by_service_allowed,update_status_log_max_delay_sec,update_status_log_min_delay_sec,update_ui_notify_approval_strategy,update_ui_notify_device_not_idle_strategy,update_ui_notify_insufficient_space_strategy,update_ui_notify_low_battery_strategy,update_ui_notify_scheduled_strategy,update_ui_notify_wifi_disconnected_strategy",,2026-09-23T07:07:11.774459+00:00
Infinix,Infinix HOT 60i,X6728,OP,15,Infinix/X6728-OP/Infinix-X6728:15/AP3A.240905.015.A2/185001:user/release-keys,200,False,,,,,,,,KEEP,540,"update_clearcut_log_enabled_event_types,update_clearcut_log_enabled_ui_event_codes,update_download_pause_resume_by_service_allowed,update_download_prefer_data,update_download_rate_limits,update_download_redownload_retry_limit,update_installation_device_charger_only_period,update_installation_device_idle_maintenance_battery_threshold_period,update_installation_device_idle_only_period,update_installation_install_tonight_window,update_notify_scheduled_delay,update_notify_security_level_delay,update_notify_wifi_disconnected_delay,update_pause_resume_by_service_allowed,update_status_log_max_delay_sec,update_status_log_min_delay_sec,update_ui_notify_approval_strategy,update_ui_notify_device_not_idle_strategy,update_ui_notify_insufficient_space_strategy,update_ui_notify_low_battery_strategy,update_ui_notify_scheduled_strategy,update_ui_notify_wifi_disconnected_strategy",,2026-09-23T07:07:13.867526+00:00
Infinix,Infinix HOT 60i 5G,X6730B,OP,15,Infinix/X6730B-OP/Infinix-X6730B:15/AP3A.240905.015.A2/185002:user/release-keys,200,False,,,,,,,,KEEP,541,"update_clearcut_log_enabled_event_types,update_clearcut_log_enabled_ui_event_codes,update_download_pause_resume_by_service_allowed,update_download_prefer_data,update_download_rate_limits,update_download_redownload_retry_limit,update_installation_device_charger_only_period,update_installation_device_idle_maintenance_battery_threshold_period,update_installation_device_idle_only_period,update_installation_install_tonight_window,update_notify_scheduled_delay,update_notify_security_level_delay,update_notify_wifi_disconnected_delay,update_pause_resume_by_service_allowed,update_status_log_max_delay_sec,update_status_log_min_delay_sec,update_ui_notify_approval_strategy,update_ui_notify_device_not_idle_strategy,update_ui_notify_insufficient_space_strategy,update_ui_notify_low_battery_strategy,update_ui_notify_scheduled_strategy,update_ui_notify_wifi_disconnected_strategy",,2026-09-23T07:07:16.168969+00:00
Infinix,Infinix NOTE 40X 5G,X6838,OP,14,Infinix/X6838-OP/Infinix-X6838:14/UP1A.231005.007/260608V2837:user/release-keys,200,False,,,,,,,,KEEP,544,"update_clearcut_log_enabled_event_types,update_clearcut_log_enabled_ui_event_codes,update_download_pause_resume_by_service_allowed,update_download_prefer_data,update_download_rate_limits,update_download_redownload_retry_limit,update_installation_device_charger_only_period,update_installation_device_idle_maintenance_battery_threshold_period,update_installation_device_idle_only_period,update_installation_install_tonight_window,update_notify_scheduled_delay,update_notify_security_level_delay,update_notify_wifi_disconnected_delay,update_pause_resume_by_service_allowed,update_status_log_max_delay_sec,update_status_log_min_delay_sec,update_ui_notify_approval_strategy,update_ui_notify_device_not_idle_strategy,update_ui_notify_insufficient_space_strategy,update_ui_notify_low_battery_strategy,update_ui_notify_scheduled_strategy,update_ui_notify_wifi_disconnected_strategy",,2026-09-23T07:07:18.609271+00:00
Infinix,Infinix SMART 20,X6840,OP,16,Infinix/X6840-OP/Infinix-X6840:16/BP2A.250605.031.A3/301400019:user/release-keys,200,False,,,,,,,,KEEP,539,"update_clearcut_log_enabled_event_types,update_clearcut_log_enabled_ui_event_codes,update_download_pause_resume_by_service_allowed,update_download_prefer_data,update_download_rate_limits,update_download_redownload_retry_limit,update_installation_device_charger_only_period,update_installation_device_idle_maintenance_battery_threshold_period,update_installation_device_idle_only_period,update_installation_install_tonight_window,update_notify_scheduled_delay,update_notify_security_level_delay,update_notify_wifi_disconnected_delay,update_pause_resume_by_service_allowed,update_status_log_max_delay_sec,update_status_log_min_delay_sec,update_ui_notify_approval_strategy,update_ui_notify_device_not_idle_strategy,update_ui_notify_insufficient_space_strategy,update_ui_notify_low_battery_strategy,update_ui_notify_scheduled_strategy,update_ui_notify_wifi_disconnected_strategy",,2026-09-23T07:07:20.830027+00:00
Infinix,Infinix NOTE 40 Pro 4G,X6850,OP,16,Infinix/X6850-OP/Infinix-X6850:16/BP2A.250605.031.A3/301450014:user/release-keys,200,False,,,,,,,,KEEP,553,"update_clearcut_log_enabled_event_types,update_clearcut_log_enabled_ui_event_codes,update_download_pause_resume_by_service_allowed,update_download_prefer_data,update_download_rate_limits,update_download_redownload_retry_limit,update_installation_device_charger_only_period,update_installation_device_idle_maintenance_battery_threshold_period,update_installation_device_idle_only_period,update_installation_install_tonight_window,update_notify_scheduled_delay,update_notify_security_level_delay,update_notify_wifi_disconnected_delay,update_pause_resume_by_service_allowed,update_status_log_max_delay_sec,update_status_log_min_delay_sec,update_ui_notify_approval_strategy,update_ui_notify_device_not_idle_strategy,update_ui_notify_insufficient_space_strategy,update_ui_notify_low_battery_strategy,update_ui_notify_scheduled_strategy,update_ui_notify_wifi_disconnected_strategy",,2026-09-23T07:07:24.221373+00:00
Infinix,Infinix NOTE 40S,X6850B,OP,16,Infinix/X6850B-OP/Infinix-X6850B:16/BP2A.250605.031.A3/301450014:user/release-keys,200,False,,,,,,,,KEEP,559,"update_clearcut_log_enabled_event_types,update_clearcut_log_enabled_ui_event_codes,update_download_pause_resume_by_service_allowed,update_download_prefer_data,update_download_rate_limits,update_download_redownload_retry_limit,update_installation_device_charger_only_period,update_installation_device_idle_maintenance_battery_threshold_period,update_installation_device_idle_only_period,update_installation_install_tonight_window,update_notify_scheduled_delay,update_notify_security_level_delay,update_notify_wifi_disconnected_delay,update_pause_resume_by_service_allowed,update_status_log_max_delay_sec,update_status_log_min_delay_sec,update_ui_notify_approval_strategy,update_ui_notify_device_not_idle_strategy,update_ui_notify_insufficient_space_strategy,update_ui_notify_low_battery_strategy,update_ui_notify_scheduled_strategy,update_ui_notify_wifi_disconnected_strategy",,2026-09-23T07:07:26.810317+00:00
Infinix,Infinix NOTE 40 Pro 5G,X6851,OP,16,Infinix/X6851-OP/Infinix-X6851:16/BP2A.250605.031.A3/301300006:user/release-keys,200,True,Tcard_X6851-15.0.3.116SP06-OP001PF001AZ,https://android.googleapis.com/packages/ota-api/package/4b56c6bdbf8e60a689134fc4dca80b2fb6a182ee.zip,7584.7 MB,7953150252,"<small><font color=""#949494"">Please plug in charger to OTA upgrade when power is lower than 50%.</font></small><br>
<br>
Update Version:<br>
<small><font color=""#949494"">X6851-15.0.3.116SP06(OP001PF001AZ)</font></small><br>
<br>
Android Version:<br>
<small><font color=""#949494"">1. Upgraded from Android 14 to Android 15 for enhanced security, more features, and a better user experience.</font></small><br>
<br>
OS Version:<br>
<small><font color=""#949494"">1. Upgraded from XOS14.0.0 to XOS15.0.3 fo",3,35,KEEP,562,"update_clearcut_log_enabled_event_types,update_clearcut_log_enabled_ui_event_codes,update_download_min_cache_space,update_download_min_data_space,update_download_pause_resume_by_service_allowed,update_download_prefer_data,update_download_rate_limits,update_download_redownload_retry_limit,update_install_failure_message,update_install_success_message,update_installation_auto_reboot_device_encryption_types,update_installation_device_charger_only_period,update_installation_device_idle_maintenance_battery_threshold_period,update_installation_device_idle_only_period,update_installation_install_tonight_window,update_mobile_network_delay,update_notify_scheduled_delay,update_notify_security_level_delay,update_notify_wifi_disconnected_delay,update_ota_property_files,update_pause_resume_by_service_allowed,update_status_log_max_delay_sec,update_status_log_min_delay_sec,update_streaming_property_files,update_ui_notify_approval_strategy,update_ui_notify_device_not_idle_strategy,update_ui_notify_insufficient_space_strategy,update_ui_notify_low_battery_strategy,update_ui_notify_scheduled_strategy,update_ui_notify_wifi_disconnected_strategy,update_zero_rate_apn_capability",,2026-09-23T07:07:29.110956+00:00
Infinix,Infinix NOTE 40 Pro+ 5G,X6851B,OP,16,Infinix/X6851B-OP/Infinix-X6851B:16/BP2A.250605.031.A3/301300006:user/release-keys,200,True,Tcard_X6851B-15.0.3.127SP03-OP001PF001AZ,https://android.googleapis.com/packages/ota-api/package/a6bf80ab83f633131550392f4c11991a1a359af5.zip,7694.4 MB,8068119820,"<br><small><font color=""#949494"">Please plug in charger to OTA upgrade when power is lower than 50%.</font></small><br><br>Update Version:<br><small><font color=""#949494"">X6851B-15.0.3.127SP03(OP001PF001AZ)</font></small><br><br>Changed Functions:<br><small><font color=""#949494"">1. Upgrade from Android 14 to Android 15 for enhanced security, more features, and a better user experience.</font></small><br><small><font color=""#949494"">2. Upgraded from XOS14.0.0 to XOS15.0.3 for a smarter user inter",3,35,KEEP,559,"update_clearcut_log_enabled_event_types,update_clearcut_log_enabled_ui_event_codes,update_download_min_cache_space,update_download_min_data_space,update_download_pause_resume_by_service_allowed,update_download_prefer_data,update_download_rate_limits,update_download_redownload_retry_limit,update_install_failure_message,update_install_success_message,update_installation_auto_reboot_device_encryption_types,update_installation_device_charger_only_period,update_installation_device_idle_maintenance_battery_threshold_period,update_installation_device_idle_only_period,update_installation_install_tonight_window,update_mobile_network_delay,update_notify_scheduled_delay,update_notify_security_level_delay,update_notify_wifi_disconnected_delay,update_ota_property_files,update_pause_resume_by_service_allowed,update_status_log_max_delay_sec,update_status_log_min_delay_sec,update_streaming_property_files,update_ui_notify_approval_strategy,update_ui_notify_device_not_idle_strategy,update_ui_notify_insufficient_space_strategy,update_ui_notify_low_battery_strategy,update_ui_notify_scheduled_strategy,update_ui_notify_wifi_disconnected_strategy,update_zero_rate_apn_capability",,2026-09-23T07:07:32.168191+00:00
Infinix,Infinix NOTE 40 5G,X6852,OP,16,Infinix/X6852-OP/Infinix-X6852:16/BP2A.250605.031.A3/301300004:user/release-keys,200,True,Tcard_X6852-15.0.3.109SP09-OP001PF001AZ,https://android.googleapis.com/packages/ota-api/package/bb874810656ab780de64da121f1d23ea38c80bce.zip,7861.5 MB,8243330685,"<small><font color=""#949494"">Please plug in charger to OTA upgrade when power is lower than 50%.</font></small><br>
<br>
Update Version:<br>
<small><font color=""#949494"">X6852-15.0.3.109SP09(OP001PF001AZ)</font></small><br>
<br>
Android Version:<br>
<small><font color=""#949494"">1. Upgraded from Android 14 to Android 15 for enhanced security, more features, and a better user experience.</font></small><br>
<br>
OS Version:<br>
<small><font color=""#949494"">1. Upgraded from XOS14.0.0 to XOS15.0.3 fo",3,35,KEEP,560,"update_clearcut_log_enabled_event_types,update_clearcut_log_enabled_ui_event_codes,update_download_min_cache_space,update_download_min_data_space,update_download_pause_resume_by_service_allowed,update_download_prefer_data,update_download_rate_limits,update_download_redownload_retry_limit,update_install_failure_message,update_install_success_message,update_installation_auto_reboot_device_encryption_types,update_installation_device_charger_only_period,update_installation_device_idle_maintenance_battery_threshold_period,update_installation_device_idle_only_period,update_installation_install_tonight_window,update_mobile_network_delay,update_notify_scheduled_delay,update_notify_security_level_delay,update_notify_wifi_disconnected_delay,update_ota_property_files,update_pause_resume_by_service_allowed,update_status_log_max_delay_sec,update_status_log_min_delay_sec,update_streaming_property_files,update_ui_notify_approval_strategy,update_ui_notify_device_not_idle_strategy,update_ui_notify_insufficient_space_strategy,update_ui_notify_low_battery_strategy,update_ui_notify_scheduled_strategy,update_ui_notify_wifi_disconnected_strategy,update_zero_rate_apn_capability",,2026-09-23T07:07:35.380805+00:00
Infinix,Infinix NOTE 40 5G,X6852,IN,16,Infinix/X6852-IN/Infinix-X6852:16/BP2A.250605.031.A3/301300004:user/release-keys,200,True,Tcard_X6852-15.0.3.123SP01-IN001PF001AZ,https://android.googleapis.com/packages/ota-api/package/b813db968a84bebddae1ca8bf71d967f73429a34.zip,6783.6 MB,7113083602,"<small><font color=""#949494"">Please plug in charger to OTA upgrade when power is lower than 50%.</font></small><br>
<br>
Update Version:<br>
<small><font color=""#949494"">X6852-15.0.3.123SP01(IN001PF001AZ)</font></small><br>
<br>
Android Version:<br>
<small><font color=""#949494"">1. Upgraded from Android 14 to Android 15 for enhanced security, more features, and a better user experience.</font></small><br>
<br>
OS Version:<br>
<small><font color=""#949494"">1. Upgraded from XOS14.0.0 to XOS15.0.3 fo",3,35,KEEP,563,"update_clearcut_log_enabled_event_types,update_clearcut_log_enabled_ui_event_codes,update_download_min_cache_space,update_download_min_data_space,update_download_pause_resume_by_service_allowed,update_download_prefer_data,update_download_rate_limits,update_download_redownload_retry_limit,update_install_failure_message,update_install_success_message,update_installation_auto_reboot_device_encryption_types,update_installation_device_charger_only_period,update_installation_device_idle_maintenance_battery_threshold_period,update_installation_device_idle_only_period,update_installation_install_tonight_window,update_mobile_network_delay,update_notify_scheduled_delay,update_notify_security_level_delay,update_notify_wifi_disconnected_delay,update_ota_property_files,update_pause_resume_by_service_allowed,update_status_log_max_delay_sec,update_status_log_min_delay_sec,update_streaming_property_files,update_ui_notify_approval_strategy,update_ui_notify_device_not_idle_strategy,update_ui_notify_insufficient_space_strategy,update_ui_notify_low_battery_strategy,update_ui_notify_scheduled_strategy,update_ui_notify_wifi_disconnected_strategy,update_zero_rate_apn_capability",,2026-09-23T07:07:38.940295+00:00
Infinix,Infinix NOTE 40 5G,X6852,EU,16,Infinix/X6852-EU/Infinix-X6852:16/BP2A.250605.031.A3/301300004:user/release-keys,200,True,Tcard_X6852-15.0.3.127-EU001PF001AZ,https://android.googleapis.com/packages/ota-api/package/a8611fcf8fc24e2fab598ef21896d3847dcc4c01.zip,7191.1 MB,7540441101,"<small><font color=""#949494"">Please plug in charger to OTA upgrade when power is lower than 50%.</font></small><br>
<br>
Update Version:<br>
<small><font color=""#949494"">X6852-15.0.3.127(EU001PF001AZ)</font></small><br>
<br>
Android Version:<br>
<small><font color=""#949494"">1. Upgraded from Android 14 to Android 15 for enhanced security, more features, and a better user experience.</font></small><br>
<br>
OS Version:<br>
<small><font color=""#949494"">1. Upgraded from XOS14.0.0 to XOS15.0.3 for a ",3,35,KEEP,560,"update_clearcut_log_enabled_event_types,update_clearcut_log_enabled_ui_event_codes,update_download_min_cache_space,update_download_min_data_space,update_download_pause_resume_by_service_allowed,update_download_prefer_data,update_download_rate_limits,update_download_redownload_retry_limit,update_install_failure_message,update_install_success_message,update_installation_auto_reboot_device_encryption_types,update_installation_device_charger_only_period,update_installation_device_idle_maintenance_battery_threshold_period,update_installation_device_idle_only_period,update_installation_install_tonight_window,update_mobile_network_delay,update_notify_scheduled_delay,update_notify_security_level_delay,update_notify_wifi_disconnected_delay,update_ota_property_files,update_pause_resume_by_service_allowed,update_status_log_max_delay_sec,update_status_log_min_delay_sec,update_streaming_property_files,update_ui_notify_approval_strategy,update_ui_notify_device_not_idle_strategy,update_ui_notify_insufficient_space_strategy,update_ui_notify_low_battery_strategy,update_ui_notify_scheduled_strategy,update_ui_notify_wifi_disconnected_strategy,update_zero_rate_apn_capability",,2026-09-23T07:07:42.596650+00:00
Infinix,Infinix NOTE 40 4G,X6853,OP,16,Infinix/X6853-OP/Infinix-X6853:16/BP2A.250605.031.A3/301450013:user/release-keys,200,False,,,,,,,,KEEP,542,"update_clearcut_log_enabled_event_types,update_clearcut_log_enabled_ui_event_codes,update_download_pause_resume_by_service_allowed,update_download_prefer_data,update_download_rate_limits,update_download_redownload_retry_limit,update_installation_device_charger_only_period,update_installation_device_idle_maintenance_battery_threshold_period,update_installation_device_idle_only_period,update_installation_install_tonight_window,update_notify_scheduled_delay,update_notify_security_level_delay,update_notify_wifi_disconnected_delay,update_pause_resume_by_service_allowed,update_status_log_max_delay_sec,update_status_log_min_delay_sec,update_ui_notify_approval_strategy,update_ui_notify_device_not_idle_strategy,update_ui_notify_insufficient_space_strategy,update_ui_notify_low_battery_strategy,update_ui_notify_scheduled_strategy,update_ui_notify_wifi_disconnected_strategy",,2026-09-23T07:07:46.665551+00:00
Infinix,Infinix NOTE 50 Pro 4G,X6855,OP,16,Infinix/X6855-OP/Infinix-X6855:16/BP2A.250605.031.A3/201500014:user/release-keys,200,False,,,,,,,,KEEP,545,"update_clearcut_log_enabled_event_types,update_clearcut_log_enabled_ui_event_codes,update_download_pause_resume_by_service_allowed,update_download_prefer_data,update_download_rate_limits,update_download_redownload_retry_limit,update_installation_device_charger_only_period,update_installation_device_idle_maintenance_battery_threshold_period,update_installation_device_idle_only_period,update_installation_install_tonight_window,update_notify_scheduled_delay,update_notify_security_level_delay,update_notify_wifi_disconnected_delay,update_pause_resume_by_service_allowed,update_status_log_max_delay_sec,update_status_log_min_delay_sec,update_ui_notify_approval_strategy,update_ui_notify_device_not_idle_strategy,update_ui_notify_insufficient_space_strategy,update_ui_notify_low_battery_strategy,update_ui_notify_scheduled_strategy,update_ui_notify_wifi_disconnected_strategy",,2026-09-23T07:07:50.234845+00:00
Infinix,Infinix NOTE 50 Pro+ 5G,X6856,OP,16,Infinix/X6856-OP/Infinix-X6856:16/BP2A.250605.031.A3/301500015:user/release-keys,200,True,Tcard_X6856-16.2.0.150SP08-OP002PF001AZ_a15,https://android.googleapis.com/packages/ota-api/package/73865d3fccdf198a5b73f62a5f25f1f7d729dc08.zip,9199.7 MB,9646632573,"<small><font color=""#949494"">It is recommended to perform OTA upgrade when the battery is over 50%. </font></small><br>
<br>
Update Version:<br>
<small><font color=""#949494"">X6856-16.2.0.150SP08(OP002PF001AZ)</font></small><br>
<br>
Update Content:<br>
Android Version<br>
<small><font color=""#949494"">Upgraded from Android 15 to Android 16 for enhanced security, more features, and a better user experience.</font></small><br>
<br>
OS Version<br>
<small><font color=""#949494"">Upgraded from XOS 15 to",3,36,KEEP,556,"update_clearcut_log_enabled_event_types,update_clearcut_log_enabled_ui_event_codes,update_download_min_cache_space,update_download_min_data_space,update_download_pause_resume_by_service_allowed,update_download_prefer_data,update_download_rate_limits,update_download_redownload_retry_limit,update_installation_auto_reboot_device_encryption_types,update_installation_device_charger_only_period,update_installation_device_idle_maintenance_battery_threshold_period,update_installation_device_idle_only_period,update_installation_install_tonight_window,update_mobile_network_delay,update_notify_scheduled_delay,update_notify_security_level_delay,update_notify_wifi_disconnected_delay,update_ota_property_files,update_pause_resume_by_service_allowed,update_status_log_max_delay_sec,update_status_log_min_delay_sec,update_streaming_property_files,update_ui_notify_approval_strategy,update_ui_notify_device_not_idle_strategy,update_ui_notify_insufficient_space_strategy,update_ui_notify_low_battery_strategy,update_ui_notify_scheduled_strategy,update_ui_notify_wifi_disconnected_strategy,update_zero_rate_apn_capability",,2026-09-23T07:07:54.140491+00:00
Infinix,Infinix NOTE 50 Pro+ 5G,X6856,EU,16,Infinix/X6856-EU/Infinix-X6856:16/BP2A.250605.031.A3/123030:user/release-keys,200,False,,,,,,,,,548,"update_clearcut_log_enabled_event_types,update_clearcut_log_enabled_ui_event_codes,update_download_pause_resume_by_service_allowed,update_download_prefer_data,update_download_rate_limits,update_download_redownload_retry_limit,update_installation_device_charger_only_period,update_installation_device_idle_maintenance_battery_threshold_period,update_installation_device_idle_only_period,update_installation_install_tonight_window,update_notify_scheduled_delay,update_notify_security_level_delay,update_notify_wifi_disconnected_delay,update_pause_resume_by_service_allowed,update_status_log_max_delay_sec,update_status_log_min_delay_sec,update_ui_notify_approval_strategy,update_ui_notify_device_not_idle_strategy,update_ui_notify_insufficient_space_strategy,update_ui_notify_low_battery_strategy,update_ui_notify_scheduled_strategy,update_ui_notify_wifi_disconnected_strategy",,2026-09-23T07:07:59.387439+00:00
Infinix,Infinix NOTE 50 Pro+ 5G,X6856,TR,16,Infinix/X6856-TR/Infinix-X6856:16/BP2A.250605.031.A3/201500012:user/release-keys,200,True,X6856-16.2.0.150SP08-TR002PF001AZ-16.3.0.150SP04-TR005PF001AZ_20260826223209,https://android.googleapis.com/packages/ota-api/package/a6ac77cc098f2cc9d3175ffc489d0d1a7ab858cc.zip,1405.4 MB,1473695475,"<small><font color=""#949494"">It is recommended to perform OTA upgrade when the battery is over 50%.</font></small><br>
<br>
Update Version:<br>
<small><font color=""#949494"">X6856-16.3.0.150SP04(TR005PF001AZ)</font></small><br>
<br>
Changed Functions:<br>
<small><font color=""#949494"">1. Updated Google Security Patch to August 1, 2026.</font></small><br>
<small><font color=""#949494"">2. XArena: Added a new controller mode supporting connection, configuration, and firmware updates for the GT NX Cont",3,36,44318749,560,"update_clearcut_log_enabled_event_types,update_clearcut_log_enabled_ui_event_codes,update_download_min_cache_space,update_download_min_data_space,update_download_pause_resume_by_service_allowed,update_download_prefer_data,update_download_rate_limits,update_download_redownload_retry_limit,update_installation_auto_reboot_device_encryption_types,update_installation_device_charger_only_period,update_installation_device_idle_maintenance_battery_threshold_period,update_installation_device_idle_only_period,update_installation_install_tonight_window,update_mobile_network_delay,update_notify_scheduled_delay,update_notify_security_level_delay,update_notify_wifi_disconnected_delay,update_ota_property_files,update_pause_resume_by_service_allowed,update_status_log_max_delay_sec,update_status_log_min_delay_sec,update_streaming_property_files,update_ui_notify_approval_strategy,update_ui_notify_device_not_idle_strategy,update_ui_notify_insufficient_space_strategy,update_ui_notify_low_battery_strategy,update_ui_notify_scheduled_strategy,update_ui_notify_wifi_disconnected_strategy,update_zero_rate_apn_capability",,2026-09-23T07:08:03.580715+00:00
Infinix,Infinix NOTE 50 Pro+ 5G,X6856,RU,16,Infinix/X6856-RU/Infinix-X6856:16/BP2A.250605.031.A3/201500012:user/release-keys,200,True,X6856-16.2.0.150SP08-RU002PF001AZ-16.3.0.150SP04-RU005PF001AZ_20260826222735,https://android.googleapis.com/packages/ota-api/package/6ac3933877613309108efb690429b76665f57cd9.zip,1399.4 MB,1467370968,"<small><font color=""#949494"">Рекомендуется выполнять обновление OTA, когда заряд аккумулятора превышает 50%.</font></small><br>
<br>
Версия обновления:<br>
<small><font color=""#949494"">X6856-16.3.0.150SP04(RU005PF001AZ)</font></small><br>
<br>
Изменён функционал:<br>
<small><font color=""#949494"">1. Обновлен патч безопасности Google от 1 августа 2026 года.</font></small><br>
<small><font color=""#949494"">2. XArena: добавлен новый режим контроллера, который поддерживает подключение, настройку и обн",3,36,44310281,560,"update_clearcut_log_enabled_event_types,update_clearcut_log_enabled_ui_event_codes,update_download_min_cache_space,update_download_min_data_space,update_download_pause_resume_by_service_allowed,update_download_prefer_data,update_download_rate_limits,update_download_redownload_retry_limit,update_installation_auto_reboot_device_encryption_types,update_installation_device_charger_only_period,update_installation_device_idle_maintenance_battery_threshold_period,update_installation_device_idle_only_period,update_installation_install_tonight_window,update_mobile_network_delay,update_notify_scheduled_delay,update_notify_security_level_delay,update_notify_wifi_disconnected_delay,update_ota_property_files,update_pause_resume_by_service_allowed,update_status_log_max_delay_sec,update_status_log_min_delay_sec,update_streaming_property_files,update_ui_notify_approval_strategy,update_ui_notify_device_not_idle_strategy,update_ui_notify_insufficient_space_strategy,update_ui_notify_low_battery_strategy,update_ui_notify_scheduled_strategy,update_ui_notify_wifi_disconnected_strategy,update_zero_rate_apn_capability",,2026-09-23T07:08:08.139044+00:00
Infinix,Infinix NOTE 50X 5G,X6857,OP,16,Infinix/X6857-OP/Infinix-X6857:16/BP2A.250605.031.A3/301500013:user/release-keys,200,True,Tcard_X6857-16.2.0.140SP10-OP010PF001AZ_a15,https://android.googleapis.com/packages/ota-api/package/9ccfbe36e7adfb51114d845a0a9dbc7a51356569.zip,9106.5 MB,9548893825,"<small><font color=""#949494"">It is recommended to perform OTA upgrade when the battery is over 50%.</font></small><br>
<br>
Update Version:<br>
<small><font color=""#949494"">X6857-16.2.0.140SP10(OP010PF001AZ)</font></small><br>
<br>
Android Version:<br>
<small><font color=""#949494"">1. Upgraded from Android 15 to Android 16 for enhanced security, more features, and a better user experience.</font></small><br>
<br>
OS Version:<br>
<small><font color=""#949494"">1. Upgraded from XOS 15.1.2 to XOS 16.2",3,36,KEEP,557,"update_clearcut_log_enabled_event_types,update_clearcut_log_enabled_ui_event_codes,update_download_min_cache_space,update_download_min_data_space,update_download_pause_resume_by_service_allowed,update_download_prefer_data,update_download_rate_limits,update_download_redownload_retry_limit,update_installation_auto_reboot_device_encryption_types,update_installation_device_charger_only_period,update_installation_device_idle_maintenance_battery_threshold_period,update_installation_device_idle_only_period,update_installation_install_tonight_window,update_mobile_network_delay,update_notify_scheduled_delay,update_notify_security_level_delay,update_notify_wifi_disconnected_delay,update_ota_property_files,update_pause_resume_by_service_allowed,update_status_log_max_delay_sec,update_status_log_min_delay_sec,update_streaming_property_files,update_ui_notify_approval_strategy,update_ui_notify_device_not_idle_strategy,update_ui_notify_insufficient_space_strategy,update_ui_notify_low_battery_strategy,update_ui_notify_scheduled_strategy,update_ui_notify_wifi_disconnected_strategy,update_zero_rate_apn_capability",,2026-09-23T07:08:12.510135+00:00
Infinix,Infinix NOTE 50X 5G,X6857,IN,16,Infinix/X6857-IN/Infinix-X6857:16/BP2A.250605.031.A3/301500013:user/release-keys,200,False,,,,,,,,,546,"update_clearcut_log_enabled_event_types,update_clearcut_log_enabled_ui_event_codes,update_download_pause_resume_by_service_allowed,update_download_prefer_data,update_download_rate_limits,update_download_redownload_retry_limit,update_installation_device_charger_only_period,update_installation_device_idle_maintenance_battery_threshold_period,update_installation_device_idle_only_period,update_installation_install_tonight_window,update_notify_scheduled_delay,update_notify_security_level_delay,update_notify_wifi_disconnected_delay,update_pause_resume_by_service_allowed,update_status_log_max_delay_sec,update_status_log_min_delay_sec,update_ui_notify_approval_strategy,update_ui_notify_device_not_idle_strategy,update_ui_notify_insufficient_space_strategy,update_ui_notify_low_battery_strategy,update_ui_notify_scheduled_strategy,update_ui_notify_wifi_disconnected_strategy",,2026-09-23T07:08:16.540371+00:00
Infinix,Infinix NOTE 50 4G,X6858,OP,16,Infinix/X6858-OP/Infinix-X6858:16/BP2A.250605.031.A3/201500014:user/release-keys,200,False,,,,,,,,KEEP,542,"update_clearcut_log_enabled_event_types,update_clearcut_log_enabled_ui_event_codes,update_download_pause_resume_by_service_allowed,update_download_prefer_data,update_download_rate_limits,update_download_redownload_retry_limit,update_installation_device_charger_only_period,update_installation_device_idle_maintenance_battery_threshold_period,update_installation_device_idle_only_period,update_installation_install_tonight_window,update_notify_scheduled_delay,update_notify_security_level_delay,update_notify_wifi_disconnected_delay,update_pause_resume_by_service_allowed,update_status_log_max_delay_sec,update_status_log_min_delay_sec,update_ui_notify_approval_strategy,update_ui_notify_device_not_idle_strategy,update_ui_notify_insufficient_space_strategy,update_ui_notify_low_battery_strategy,update_ui_notify_scheduled_strategy,update_ui_notify_wifi_disconnected_strategy",,2026-09-23T07:08:19.569313+00:00
Infinix,Infinix ZERO 40 4G,X6860,OP,15,Infinix/X6860-OP/Infinix-X6860:15/AP3A.240905.015.A2/180002:user/release-keys,200,True,Tcard_X6860-15.1.2.109SP02-OP001PF001AZ,https://android.googleapis.com/packages/ota-api/package/819726f83ea457ab253e14539a38cd7c4bb783ef.zip,8144.0 MB,8539619438,"<small><font color=""#949494"">It is recommended to perform OTA upgrade when the battery is over 50%.</font></small><br>
<br>
Update Version:<br>
<small><font color=""#949494"">X6860-15.1.2.109SP02(OP001PF001AZ)</font></small><br>
<br>
Android Version:<br>
<small><font color=""#949494"">1. Upgraded from Android 14 to Android 15 for enhanced security, more features, and a better user experience.</font></small><br>
<br>
OS Version:<br>
<small><font color=""#949494"">1. Upgraded from XOS14.5.0 to XOS15.1.2",3,35,KEEP,556,"update_clearcut_log_enabled_event_types,update_clearcut_log_enabled_ui_event_codes,update_download_min_cache_space,update_download_min_data_space,update_download_pause_resume_by_service_allowed,update_download_prefer_data,update_download_rate_limits,update_download_redownload_retry_limit,update_installation_auto_reboot_device_encryption_types,update_installation_device_charger_only_period,update_installation_device_idle_maintenance_battery_threshold_period,update_installation_device_idle_only_period,update_installation_install_tonight_window,update_mobile_network_delay,update_notify_scheduled_delay,update_notify_security_level_delay,update_notify_wifi_disconnected_delay,update_ota_property_files,update_pause_resume_by_service_allowed,update_status_log_max_delay_sec,update_status_log_min_delay_sec,update_streaming_property_files,update_ui_notify_approval_strategy,update_ui_notify_device_not_idle_strategy,update_ui_notify_insufficient_space_strategy,update_ui_notify_low_battery_strategy,update_ui_notify_scheduled_strategy,update_ui_notify_wifi_disconnected_strategy,update_zero_rate_apn_capability",,2026-09-23T07:08:22.457189+00:00
Infinix,Infinix ZERO 40 5G,X6861,OP,15,Infinix/X6861-OP/Infinix-X6861:15/AP3A.240905.015.A2/180005:user/release-keys,200,True,Tcard_X6861-15.1.2.109SP02-OP001PF001AZ,https://android.googleapis.com/packages/ota-api/package/cdf082d2dbb8f217444924fc87e80397f3c5af05.zip,8969.8 MB,9405482354,"<small><font color=""#949494"">It is recommended to perform OTA upgrade when the battery is over 50%.</font></small><br>
<br>
Update Version:<br>
<small><font color=""#949494"">X6861-15.1.2.109SP02(OP001PF001AZ)</font></small><br>
<br>
Android Version:<br>
<small><font color=""#949494"">1. Upgraded from Android 14 to Android 15 for enhanced security, more features, and a better user experience.</font></small><br>
<br>
OS Version:<br>
<small><font color=""#949494"">1. Upgraded from XOS14.5.0 to XOS15.1.2",3,35,KEEP,560,"update_clearcut_log_enabled_event_types,update_clearcut_log_enabled_ui_event_codes,update_download_min_cache_space,update_download_min_data_space,update_download_pause_resume_by_service_allowed,update_download_prefer_data,update_download_rate_limits,update_download_redownload_retry_limit,update_installation_auto_reboot_device_encryption_types,update_installation_device_charger_only_period,update_installation_device_idle_maintenance_battery_threshold_period,update_installation_device_idle_only_period,update_installation_install_tonight_window,update_mobile_network_delay,update_notify_scheduled_delay,update_notify_security_level_delay,update_notify_wifi_disconnected_delay,update_ota_property_files,update_pause_resume_by_service_allowed,update_status_log_max_delay_sec,update_status_log_min_delay_sec,update_streaming_property_files,update_ui_notify_approval_strategy,update_ui_notify_device_not_idle_strategy,update_ui_notify_insufficient_space_strategy,update_ui_notify_low_battery_strategy,update_ui_notify_scheduled_strategy,update_ui_notify_wifi_disconnected_strategy,update_zero_rate_apn_capability",,2026-09-23T07:08:26.447750+00:00
Infinix,Infinix NOTE 50s 5G,X6870,OP,16,Infinix/X6870-OP/Infinix-X6870:16/BP2A.250605.031.A3/301500017:user/release-keys,200,True,Tcard_X6870-16.2.0.150SP06-OP004PF001AZ_a15,https://android.googleapis.com/packages/ota-api/package/3de5bce0e46244f3f14b2dd249164935157cf21a.zip,9026.3 MB,9464720435,"<small><font color=""#949494"">It is recommended to perform OTA upgrade when the battery is over 50%.</font></small><br>
<br>
Update Version:<br>
<small><font color=""#949494"">X6870-16.2.0.150SP06(OP004PF001AZ)</font></small><br>
<br>
Android Version:<br>
<small><font color=""#949494"">1. Upgraded from Android 15 to Android 16 for enhanced security, more features, and a better user experience.</font></small><br>
<br>
OS Version:<br>
<small><font color=""#949494"">1. Upgraded from XOS 15.1.2 to XOS 16.2",3,36,KEEP,556,"update_clearcut_log_enabled_event_types,update_clearcut_log_enabled_ui_event_codes,update_download_min_cache_space,update_download_min_data_space,update_download_pause_resume_by_service_allowed,update_download_prefer_data,update_download_rate_limits,update_download_redownload_retry_limit,update_installation_auto_reboot_device_encryption_types,update_installation_device_charger_only_period,update_installation_device_idle_maintenance_battery_threshold_period,update_installation_device_idle_only_period,update_installation_install_tonight_window,update_mobile_network_delay,update_notify_scheduled_delay,update_notify_security_level_delay,update_notify_wifi_disconnected_delay,update_ota_property_files,update_pause_resume_by_service_allowed,update_status_log_max_delay_sec,update_status_log_min_delay_sec,update_streaming_property_files,update_ui_notify_approval_strategy,update_ui_notify_device_not_idle_strategy,update_ui_notify_insufficient_space_strategy,update_ui_notify_low_battery_strategy,update_ui_notify_scheduled_strategy,update_ui_notify_wifi_disconnected_strategy,update_zero_rate_apn_capability",,2026-09-23T07:08:30.137052+00:00
Infinix,Infinix NOTE 50s 5G,X6870,IN,16,Infinix/X6870-IN/Infinix-X6870:16/BP2A.250605.031.A3/201500023:user/release-keys,200,True,Tcard_X6870-16.2.0.135SP22-IN007PF001H2_a15,https://android.googleapis.com/packages/ota-api/package/d6991260965ee43a12a087f7bed8716f0ca86123.zip,8230.5 MB,8630310370,"<small><font color=""#949494"">It is recommended to perform OTA upgrade when the battery is over 50%.</font></small><br>
<br>
Update Version:<br>
<small><font color=""#949494"">X6870-16.2.0.135SP22(IN007PF001H2)</font></small><br>
<br>
Update Content:<br>
Android Version<br>
<small><font color=""#949494"">1. Upgraded from Android 15 to Android 16 for enhanced security, more features, and a better user experience.</font></small><br>
<br>
OS Version<br>
<small><font color=""#949494"">1. Upgraded from XOS ",3,36,KEEP,568,"update_clearcut_log_enabled_event_types,update_clearcut_log_enabled_ui_event_codes,update_download_min_cache_space,update_download_min_data_space,update_download_pause_resume_by_service_allowed,update_download_prefer_data,update_download_rate_limits,update_download_redownload_retry_limit,update_installation_auto_reboot_device_encryption_types,update_installation_device_charger_only_period,update_installation_device_idle_maintenance_battery_threshold_period,update_installation_device_idle_only_period,update_installation_install_tonight_window,update_mobile_network_delay,update_notify_scheduled_delay,update_notify_security_level_delay,update_notify_wifi_disconnected_delay,update_ota_property_files,update_pause_resume_by_service_allowed,update_status_log_max_delay_sec,update_status_log_min_delay_sec,update_streaming_property_files,update_ui_notify_approval_strategy,update_ui_notify_device_not_idle_strategy,update_ui_notify_insufficient_space_strategy,update_ui_notify_low_battery_strategy,update_ui_notify_scheduled_strategy,update_ui_notify_wifi_disconnected_strategy,update_zero_rate_apn_capability",,2026-09-23T07:08:33.552970+00:00
Infinix,Infinix GT 20 Pro,X6871,OP,15,Infinix/X6871-OP/Infinix-X6871:15/AP3A.240905.015.A2/180003:user/release-keys,200,True,Tcard_X6871-15.0.3.126-OP001PF001AZ,https://android.googleapis.com/packages/ota-api/package/3746a289a46815c7cd869c3b0d3f10b04dd40be5.zip,7339.2 MB,7695672891,"<small><font color=""#949494"">It is recommended to perform OTA upgrade when the battery is over 50%.</font></small><br>
<br>
Update Version:<br>
<small><font color=""#949494"">X6871-15.0.3.126(OP001PF001AZ)</font></small><br>
<br>
Android Version:<br>
<small><font color=""#949494"">1. Upgraded from Android 14 to Android 15 for enhanced security, more features, and a better user experience.</font></small><br>
<br>
OS Version:<br>
<small><font color=""#949494"">1. Upgraded from XOS14.0.0 to XOS15.0.3 for",3,35,KEEP,558,"update_clearcut_log_enabled_event_types,update_clearcut_log_enabled_ui_event_codes,update_download_min_cache_space,update_download_min_data_space,update_download_pause_resume_by_service_allowed,update_download_prefer_data,update_download_rate_limits,update_download_redownload_retry_limit,update_installation_auto_reboot_device_encryption_types,update_installation_device_charger_only_period,update_installation_device_idle_maintenance_battery_threshold_period,update_installation_device_idle_only_period,update_installation_install_tonight_window,update_mobile_network_delay,update_notify_scheduled_delay,update_notify_security_level_delay,update_notify_wifi_disconnected_delay,update_ota_property_files,update_pause_resume_by_service_allowed,update_status_log_max_delay_sec,update_status_log_min_delay_sec,update_streaming_property_files,update_ui_notify_approval_strategy,update_ui_notify_device_not_idle_strategy,update_ui_notify_insufficient_space_strategy,update_ui_notify_low_battery_strategy,update_ui_notify_scheduled_strategy,update_ui_notify_wifi_disconnected_strategy,update_zero_rate_apn_capability",,2026-09-23T07:08:37.088778+00:00
Infinix,Infinix GT 20 Pro,X6871,IN,15,Infinix/X6871-IN/Infinix-X6871:15/AP3A.240905.015.A2/180003:user/release-keys,200,True,Tcard_X6871-15.0.3.126-IN001PF001AZ,https://android.googleapis.com/packages/ota-api/package/d188a305f5f1d24bf1f03e5bd407bd4ffeced0b2.zip,7130.8 MB,7477166641,"<small><font color=""#949494"">It is recommended to perform OTA upgrade when the battery is over 50%.</font></small><br>
<br>
Update Version:<br>
<small><font color=""#949494"">X6871-15.0.3.126(IN001PF001AZ)</font></small><br>
<br>
Android Version:<br>
<small><font color=""#949494"">1. Upgraded from Android 14 to Android 15 for enhanced security, more features, and a better user experience.</font></small><br>
<br>
OS Version:<br>
<small><font color=""#949494"">1. Upgraded from XOS14.0.0 to XOS15.0.3 for",3,35,KEEP,556,"update_clearcut_log_enabled_event_types,update_clearcut_log_enabled_ui_event_codes,update_download_min_cache_space,update_download_min_data_space,update_download_pause_resume_by_service_allowed,update_download_prefer_data,update_download_rate_limits,update_download_redownload_retry_limit,update_installation_auto_reboot_device_encryption_types,update_installation_device_charger_only_period,update_installation_device_idle_maintenance_battery_threshold_period,update_installation_device_idle_only_period,update_installation_install_tonight_window,update_mobile_network_delay,update_notify_scheduled_delay,update_notify_security_level_delay,update_notify_wifi_disconnected_delay,update_ota_property_files,update_pause_resume_by_service_allowed,update_status_log_max_delay_sec,update_status_log_min_delay_sec,update_streaming_property_files,update_ui_notify_approval_strategy,update_ui_notify_device_not_idle_strategy,update_ui_notify_insufficient_space_strategy,update_ui_notify_low_battery_strategy,update_ui_notify_scheduled_strategy,update_ui_notify_wifi_disconnected_strategy,update_zero_rate_apn_capability",,2026-09-23T07:08:40.688574+00:00
Infinix,Infinix GT 20 Pro,X6871,RU,15,Infinix/X6871-RU/Infinix-X6871:15/AP3A.240905.015.A2/180003:user/release-keys,200,True,Tcard_X6871-15.0.3.126SP01-RU001PF001AZ,https://android.googleapis.com/packages/ota-api/package/55ce8c2f87f2509ba8684c1875c4aa2b5ba50b65.zip,7233.5 MB,7584879332,"<br><small><font color=""#949494"">Если заряд аккумулятора ниже 50%, перед началом обновления по беспроводной сети подключите телефон к зарядному устройству.</font></small><br><br>Версия обновления:<br><small><font color=""#949494"">X6871-15.0.3.126SP01(RU001PF001AZ)</font></small><br><br>Изменён функционал:<br><small><font color=""#949494""> 1. Добавлена функция настройки частоты обновления экрана для приложений.

</font></small><br><small><font color=""#949494""> 2. Обновлен патч безопасности Google д",3,35,KEEP,563,"update_clearcut_log_enabled_event_types,update_clearcut_log_enabled_ui_event_codes,update_download_min_cache_space,update_download_min_data_space,update_download_pause_resume_by_service_allowed,update_download_prefer_data,update_download_rate_limits,update_download_redownload_retry_limit,update_installation_auto_reboot_device_encryption_types,update_installation_device_charger_only_period,update_installation_device_idle_maintenance_battery_threshold_period,update_installation_device_idle_only_period,update_installation_install_tonight_window,update_mobile_network_delay,update_notify_scheduled_delay,update_notify_security_level_delay,update_notify_wifi_disconnected_delay,update_ota_property_files,update_pause_resume_by_service_allowed,update_status_log_max_delay_sec,update_status_log_min_delay_sec,update_streaming_property_files,update_ui_notify_approval_strategy,update_ui_notify_device_not_idle_strategy,update_ui_notify_insufficient_space_strategy,update_ui_notify_low_battery_strategy,update_ui_notify_scheduled_strategy,update_ui_notify_wifi_disconnected_strategy,update_zero_rate_apn_capability",,2026-09-23T07:08:48.224748+00:00
Infinix,Infinix GT 30 Pro,X6873,OP,16,Infinix/X6873-OP/Infinix-X6873:16/BP2A.250605.031.A3/301500018:user/release-keys,200,True,Tcard_X6873-16.2.0.135SP15-OP006PF001AZ_a15,https://android.googleapis.com/packages/ota-api/package/7197b72b3cd36b553f84cbccd775ff6998b6177f.zip,8709.8 MB,9132860184,"<small><font color=""""#949494"""">It is recommended to perform OTA upgrade when the battery is over 50%. </font></small><br>
<br>
Update Version:<br>
<small><font color=""""#949494"""">X6873-16.2.0.135SP15(OP006PF001AZ)</font></small><br>
<br>
Update Content:<br>
Android Version<br>
<small><font color=""""#949494"""">Upgraded from Android 15 to Android 16 for enhanced security, more features, and a better user experience.</font></small><br>
<br>
OS Version<br>
<small><font color=""""#949494"""">Upgraded from X",3,36,KEEP,566,"update_clearcut_log_enabled_event_types,update_clearcut_log_enabled_ui_event_codes,update_download_min_cache_space,update_download_min_data_space,update_download_pause_resume_by_service_allowed,update_download_prefer_data,update_download_rate_limits,update_download_redownload_retry_limit,update_installation_auto_reboot_device_encryption_types,update_installation_device_charger_only_period,update_installation_device_idle_maintenance_battery_threshold_period,update_installation_device_idle_only_period,update_installation_install_tonight_window,update_mobile_network_delay,update_notify_scheduled_delay,update_notify_security_level_delay,update_notify_wifi_disconnected_delay,update_ota_property_files,update_pause_resume_by_service_allowed,update_status_log_max_delay_sec,update_status_log_min_delay_sec,update_streaming_property_files,update_ui_notify_approval_strategy,update_ui_notify_device_not_idle_strategy,update_ui_notify_insufficient_space_strategy,update_ui_notify_low_battery_strategy,update_ui_notify_scheduled_strategy,update_ui_notify_wifi_disconnected_strategy,update_zero_rate_apn_capability",,2026-09-23T07:08:51.689422+00:00
Infinix,Infinix GT 30 Pro,X6873,IN,16,Infinix/X6873-IN/Infinix-X6873:16/BP2A.250605.031.A3/201500011:user/release-keys,200,True,X6873-16.2.0.150SP12-IN003PF001AZ-16.3.0.150SP09-IN006PF001AZ_20260909100009,https://android.googleapis.com/packages/ota-api/package/54ea2d7f977b0e1d11adc12f20a40f13dbeb8352.zip,1340.0 MB,1405063823,"<small><font color=""#949494"">It is recommended to perform OTA upgrade when the battery is over 50%. </font></small><br>
<br>
Update Version:<br>
<small><font color=""#949494"">X6873-16.3.0.150SP09(IN006PF001AZ)</font></small><br>
<br>
Update Content:<br>
OS Version<br>
<small><font color=""#949494"">Upgraded from XOS 16.2 to XOS 16.3 for a smarter user interface and a refreshed look for your device.</font></small><br>
<br>
Security<br>
<small><font color=""#949494"">Updated Google Security Patch to Au",3,36,46479380,556,"update_clearcut_log_enabled_event_types,update_clearcut_log_enabled_ui_event_codes,update_download_min_cache_space,update_download_min_data_space,update_download_pause_resume_by_service_allowed,update_download_prefer_data,update_download_rate_limits,update_download_redownload_retry_limit,update_installation_auto_reboot_device_encryption_types,update_installation_device_charger_only_period,update_installation_device_idle_maintenance_battery_threshold_period,update_installation_device_idle_only_period,update_installation_install_tonight_window,update_mobile_network_delay,update_notify_scheduled_delay,update_notify_security_level_delay,update_notify_wifi_disconnected_delay,update_ota_property_files,update_pause_resume_by_service_allowed,update_status_log_max_delay_sec,update_status_log_min_delay_sec,update_streaming_property_files,update_ui_notify_approval_strategy,update_ui_notify_device_not_idle_strategy,update_ui_notify_insufficient_space_strategy,update_ui_notify_low_battery_strategy,update_ui_notify_scheduled_strategy,update_ui_notify_wifi_disconnected_strategy,update_zero_rate_apn_capability",,2026-09-23T07:08:58.822770+00:00
Infinix,Infinix GT 30 Pro,X6873,RU,16,Infinix/X6873-RU/Infinix-X6873:16/BP2A.250605.031.A3/201500011:user/release-keys,200,True,X6873-16.2.0.150SP12-RU003PF001AZ-16.3.0.150SP13-RU007PF001AZ_20260910095609,https://android.googleapis.com/packages/ota-api/package/87f86b92ac3a8beabd8ff5795280a81bf90b06a2.zip,1387.9 MB,1455298029,"<small><font color=""#949494"">Рекомендуется выполнять обновление OTA, когда заряд аккумулятора превышает 50%.</font></small><br>
<br>
Версия обновления:<br>
<small><font color=""#949494"">X6873-16.3.0.150SP13(RU007PF001AZ)</font></small><br>
<br>
Список исправлений:<br>
Версия ОС<br>
<small><font color=""#949494"">Обновление с XOS 16.2 до XOS 16.3 для более интеллектуального пользовательского интерфейса, который придаст вашему устройству новый вид.</font></small><br>
<br>
Искусственный интеллект<br>
",3,36,44303537,564,"update_clearcut_log_enabled_event_types,update_clearcut_log_enabled_ui_event_codes,update_download_min_cache_space,update_download_min_data_space,update_download_pause_resume_by_service_allowed,update_download_prefer_data,update_download_rate_limits,update_download_redownload_retry_limit,update_installation_auto_reboot_device_encryption_types,update_installation_device_charger_only_period,update_installation_device_idle_maintenance_battery_threshold_period,update_installation_device_idle_only_period,update_installation_install_tonight_window,update_mobile_network_delay,update_notify_scheduled_delay,update_notify_security_level_delay,update_notify_wifi_disconnected_delay,update_ota_property_files,update_pause_resume_by_service_allowed,update_status_log_max_delay_sec,update_status_log_min_delay_sec,update_streaming_property_files,update_ui_notify_approval_strategy,update_ui_notify_device_not_idle_strategy,update_ui_notify_insufficient_space_strategy,update_ui_notify_low_battery_strategy,update_ui_notify_scheduled_strategy,update_ui_notify_wifi_disconnected_strategy,update_zero_rate_apn_capability",,2026-09-23T07:09:02.307383+00:00
Infinix,Infinix GT 30 Pro,X6873,TR,16,Infinix/X6873-TR/Infinix-X6873:16/BP2A.250605.031.A3/201500011:user/release-keys,200,True,X6873-16.2.0.150SP12-TR003PF001AZ-16.3.0.150SP09-TR006PF001AZ_20260909095754,https://android.googleapis.com/packages/ota-api/package/5a4f31ecf89976833d922ea84c147f5cbaa9d2eb.zip,1362.1 MB,1428230309,"<small><font color=""#949494"">It is recommended to perform OTA upgrade when the battery is over 50%. </font></small><br>
<br>
Update Version:<br>
<small><font color=""#949494"">X6873-16.3.0.150SP09(TR006PF001AZ)</font></small><br>
<br>
Update Content:<br>
OS Version<br>
<small><font color=""#949494"">Upgraded from XOS 16.2 to XOS 16.3 for a smarter user interface and a refreshed look for your device.</font></small><br>
<br>
Security<br>
<small><font color=""#949494"">Updated Google Security Patch to Au",3,36,47609068,564,"update_clearcut_log_enabled_event_types,update_clearcut_log_enabled_ui_event_codes,update_download_min_cache_space,update_download_min_data_space,update_download_pause_resume_by_service_allowed,update_download_prefer_data,update_download_rate_limits,update_download_redownload_retry_limit,update_installation_auto_reboot_device_encryption_types,update_installation_device_charger_only_period,update_installation_device_idle_maintenance_battery_threshold_period,update_installation_device_idle_only_period,update_installation_install_tonight_window,update_mobile_network_delay,update_notify_scheduled_delay,update_notify_security_level_delay,update_notify_wifi_disconnected_delay,update_ota_property_files,update_pause_resume_by_service_allowed,update_status_log_max_delay_sec,update_status_log_min_delay_sec,update_streaming_property_files,update_ui_notify_approval_strategy,update_ui_notify_device_not_idle_strategy,update_ui_notify_insufficient_space_strategy,update_ui_notify_low_battery_strategy,update_ui_notify_scheduled_strategy,update_ui_notify_wifi_disconnected_strategy,update_zero_rate_apn_capability",,2026-09-23T07:09:05.099565+00:00
Infinix,Infinix GT 30 Pro,X6873,EU,16,Infinix/X6873-EU/Infinix-X6873:16/BP2A.250605.031.A3/131015:user/release-keys,200,False,,,,,,,,,547,"update_clearcut_log_enabled_event_types,update_clearcut_log_enabled_ui_event_codes,update_download_pause_resume_by_service_allowed,update_download_prefer_data,update_download_rate_limits,update_download_redownload_retry_limit,update_installation_device_charger_only_period,update_installation_device_idle_maintenance_battery_threshold_period,update_installation_device_idle_only_period,update_installation_install_tonight_window,update_notify_scheduled_delay,update_notify_security_level_delay,update_notify_wifi_disconnected_delay,update_pause_resume_by_service_allowed,update_status_log_max_delay_sec,update_status_log_min_delay_sec,update_ui_notify_approval_strategy,update_ui_notify_device_not_idle_strategy,update_ui_notify_insufficient_space_strategy,update_ui_notify_low_battery_strategy,update_ui_notify_scheduled_strategy,update_ui_notify_wifi_disconnected_strategy",,2026-09-23T07:09:07.668771+00:00
Infinix,Infinix GT 30,X6876,OP,16,Infinix/X6876-OP/Infinix-X6876:16/BP2A.250605.031.A3/301500015:user/release-keys,200,True,Tcard_X6876-16.2.0.135SP13-OP007PF001AZ_a15,https://android.googleapis.com/packages/ota-api/package/d75a52cb64bfe095dd6ce3160f9523c5f93a4dae.zip,9221.2 MB,9669145511,"<small><font color=""""#949494"""">It is recommended to perform OTA upgrade when the battery is over 50%. </font></small><br>
<br>
Update Version:<br>
<small><font color=""""#949494"""">X6876-16.2.0.135SP13(OP007PF001AZ)</font></small><br>
<br>
Update Content:<br>
Android Version<br>
<small><font color=""""#949494"""">Upgraded from Android 15 to Android 16 for enhanced security, more features, and a better user experience.</font></small><br>
<br>
OS Version<br>
<small><font color=""""#949494"""">Upgraded from X",3,36,KEEP,556,"update_clearcut_log_enabled_event_types,update_clearcut_log_enabled_ui_event_codes,update_download_min_cache_space,update_download_min_data_space,update_download_pause_resume_by_service_allowed,update_download_prefer_data,update_download_rate_limits,update_download_redownload_retry_limit,update_installation_auto_reboot_device_encryption_types,update_installation_device_charger_only_period,update_installation_device_idle_maintenance_battery_threshold_period,update_installation_device_idle_only_period,update_installation_install_tonight_window,update_mobile_network_delay,update_notify_scheduled_delay,update_notify_security_level_delay,update_notify_wifi_disconnected_delay,update_ota_property_files,update_pause_resume_by_service_allowed,update_status_log_max_delay_sec,update_status_log_min_delay_sec,update_streaming_property_files,update_ui_notify_approval_strategy,update_ui_notify_device_not_idle_strategy,update_ui_notify_insufficient_space_strategy,update_ui_notify_low_battery_strategy,update_ui_notify_scheduled_strategy,update_ui_notify_wifi_disconnected_strategy,update_zero_rate_apn_capability",,2026-09-23T07:09:10.900633+00:00
Infinix,Infinix GT 30,X6876,IN,16,Infinix/X6876-IN/Infinix-X6876:16/BP2A.250605.031.A3/201500013:user/release-keys,200,True,X6876-16.2.0.150SP12-IN004PF001AZ-16.3.0.150SP06-IN005PF001AZ_20260909100146,https://android.googleapis.com/packages/ota-api/package/1ebbca3fcdc0e89bf3d4f0f0bf484f4c9c4f6740.zip,1330.1 MB,1394759238,"<small><font color=""#949494"">It is recommended to perform OTA upgrade when the battery is over 50%. </font></small><br>
<br>
Update Version:<br>
<small><font color=""#949494"">X6876-16.3.0.150SP06(IN005PF001AZ)</font></small><br>
<br>
Update Content:<br>
OS Version<br>
<small><font color=""#949494"">Upgraded from XOS 16.2 to XOS 16.3 for a smarter user interface and a refreshed look for your device.</font></small><br>
<br>
Security<br>
<small><font color=""#949494"">Updated Google Security Patch to Au",3,36,46471706,565,"update_clearcut_log_enabled_event_types,update_clearcut_log_enabled_ui_event_codes,update_download_min_cache_space,update_download_min_data_space,update_download_pause_resume_by_service_allowed,update_download_prefer_data,update_download_rate_limits,update_download_redownload_retry_limit,update_installation_auto_reboot_device_encryption_types,update_installation_device_charger_only_period,update_installation_device_idle_maintenance_battery_threshold_period,update_installation_device_idle_only_period,update_installation_install_tonight_window,update_mobile_network_delay,update_notify_scheduled_delay,update_notify_security_level_delay,update_notify_wifi_disconnected_delay,update_ota_property_files,update_pause_resume_by_service_allowed,update_status_log_max_delay_sec,update_status_log_min_delay_sec,update_streaming_property_files,update_ui_notify_approval_strategy,update_ui_notify_device_not_idle_strategy,update_ui_notify_insufficient_space_strategy,update_ui_notify_low_battery_strategy,update_ui_notify_scheduled_strategy,update_ui_notify_wifi_disconnected_strategy,update_zero_rate_apn_capability",,2026-09-23T07:09:18.047709+00:00
Infinix,Infinix GT 30,X6876,RU,16,Infinix/X6876-RU/Infinix-X6876:16/BP2A.250605.031.A3/201500013:user/release-keys,200,True,X6876-16.2.0.150SP12-RU004PF001AZ-16.3.0.150SP06-RU005PF001AZ_20260909100506,https://android.googleapis.com/packages/ota-api/package/e7ae9bdd66633214964598773ace67499702602c.zip,1386.9 MB,1454238223,"<small><font color=""#949494"">Рекомендуется выполнять обновление OTA, когда заряд аккумулятора превышает 50%.</font></small><br>
<br>
Версия обновления:<br>
<small><font color=""#949494"">X6876-16.3.0.150SP06(RU005PF001AZ)</font></small><br>
<br>
Список исправлений:<br>
Версия ОС<br>
<small><font color=""#949494"">Обновление с XOS 16.2 до XOS 16.3 для более интеллектуального пользовательского интерфейса, который придаст вашему устройству новый вид.</font></small><br>
<br>
Искусственный интеллект<br>
",3,36,44309189,556,"update_clearcut_log_enabled_event_types,update_clearcut_log_enabled_ui_event_codes,update_download_min_cache_space,update_download_min_data_space,update_download_pause_resume_by_service_allowed,update_download_prefer_data,update_download_rate_limits,update_download_redownload_retry_limit,update_installation_auto_reboot_device_encryption_types,update_installation_device_charger_only_period,update_installation_device_idle_maintenance_battery_threshold_period,update_installation_device_idle_only_period,update_installation_install_tonight_window,update_mobile_network_delay,update_notify_scheduled_delay,update_notify_security_level_delay,update_notify_wifi_disconnected_delay,update_ota_property_files,update_pause_resume_by_service_allowed,update_status_log_max_delay_sec,update_status_log_min_delay_sec,update_streaming_property_files,update_ui_notify_approval_strategy,update_ui_notify_device_not_idle_strategy,update_ui_notify_insufficient_space_strategy,update_ui_notify_low_battery_strategy,update_ui_notify_scheduled_strategy,update_ui_notify_wifi_disconnected_strategy,update_zero_rate_apn_capability",,2026-09-23T07:09:24.928953+00:00
Infinix,Infinix NOTE 60 Ultra,X6877,OP,16,Infinix/X6877-OP/Infinix-X6877:16/BP2A.250605.031.A3/301500037:user/release-keys,200,False,,,,,,,,KEEP,544,"update_clearcut_log_enabled_event_types,update_clearcut_log_enabled_ui_event_codes,update_download_pause_resume_by_service_allowed,update_download_prefer_data,update_download_rate_limits,update_download_redownload_retry_limit,update_installation_device_charger_only_period,update_installation_device_idle_maintenance_battery_threshold_period,update_installation_device_idle_only_period,update_installation_install_tonight_window,update_notify_scheduled_delay,update_notify_security_level_delay,update_notify_wifi_disconnected_delay,update_pause_resume_by_service_allowed,update_status_log_max_delay_sec,update_status_log_min_delay_sec,update_ui_notify_approval_strategy,update_ui_notify_device_not_idle_strategy,update_ui_notify_insufficient_space_strategy,update_ui_notify_low_battery_strategy,update_ui_notify_scheduled_strategy,update_ui_notify_wifi_disconnected_strategy",,2026-09-23T07:09:27.894662+00:00
Infinix,Infinix NOTE 60 Pro 5G (SD7sG4),X6878,OP,16,Infinix/X6878-OP/Infinix-X6878:16/BP2A.250605.031.A3/301400016:user/release-keys,200,True,X6878-16.3.0.140SP23-OP008PF001AZ-16.3.0.150SP09-OP005PF001AZ_20260903215510,https://android.googleapis.com/packages/ota-api/package/0a21f8be4b6e6ee02196be3e967b56a6826b2b53.zip,478.8 MB,502024850,"<small><font color=""#949494"">Please plug in charger to OTA upgrade when power is lower than 30%.</font></small><br>
<br>


Update Version:<br>
<small><font color=""#949494"">16.3.0.150SP09(OP005PF001AZ)</font></small><br>
<br>

Camera<br>
<small><font color=""#949494"">1. Fixed the occasional black screen issue that could occur when swiping after taking a photo and tapping the thumbnail, making browsing more stable.</font></small><br>
<small><font color=""#949494"">2. Optimized camera response speed a",3,36,44314878,560,"update_clearcut_log_enabled_event_types,update_clearcut_log_enabled_ui_event_codes,update_download_min_cache_space,update_download_min_data_space,update_download_pause_resume_by_service_allowed,update_download_prefer_data,update_download_rate_limits,update_download_redownload_retry_limit,update_installation_auto_reboot_device_encryption_types,update_installation_device_charger_only_period,update_installation_device_idle_maintenance_battery_threshold_period,update_installation_device_idle_only_period,update_installation_install_tonight_window,update_mobile_network_delay,update_notify_scheduled_delay,update_notify_security_level_delay,update_notify_wifi_disconnected_delay,update_ota_property_files,update_pause_resume_by_service_allowed,update_status_log_max_delay_sec,update_status_log_min_delay_sec,update_streaming_property_files,update_ui_notify_approval_strategy,update_ui_notify_device_not_idle_strategy,update_ui_notify_insufficient_space_strategy,update_ui_notify_low_battery_strategy,update_ui_notify_scheduled_strategy,update_ui_notify_wifi_disconnected_strategy,update_zero_rate_apn_capability",,2026-09-23T07:09:31.526356+00:00
Infinix,Infinix NOTE 60 5G,X6879,OP,16,Infinix/X6879-OP/Infinix-X6879:16/BP2A.250605.031.A3/301400020:user/release-keys,200,True,X6879-16.3.0.140SP22-OP007PF001AZ-16.3.0.150SP09-OP006PF001AZ_20260904095956,https://android.googleapis.com/packages/ota-api/package/e61b66305fad457c0d2ada046b93bd05f0a77f28.zip,470.7 MB,493616569,"<small><font color=""#949494"">If the battery level is below 30%, please charge your device to at least 30% before installing the OTA update.</font></small><br>
<br> 

Update Version:<br> 
<small><font color=""#949494"">16.3.0.150SP09(OP006PF001AZ)</font></small><br> 
<br> 


Calls<br> 
<small><font color=""#949494"">· Optimized audio stability during calls in weak network conditions to make call audio clearer and more stable.</font></small><br>
<small><font color=""#949494"">· Fixed the issue where swi",3,36,44318276,563,"update_clearcut_log_enabled_event_types,update_clearcut_log_enabled_ui_event_codes,update_download_min_cache_space,update_download_min_data_space,update_download_pause_resume_by_service_allowed,update_download_prefer_data,update_download_rate_limits,update_download_redownload_retry_limit,update_installation_auto_reboot_device_encryption_types,update_installation_device_charger_only_period,update_installation_device_idle_maintenance_battery_threshold_period,update_installation_device_idle_only_period,update_installation_install_tonight_window,update_mobile_network_delay,update_notify_scheduled_delay,update_notify_security_level_delay,update_notify_wifi_disconnected_delay,update_ota_property_files,update_pause_resume_by_service_allowed,update_status_log_max_delay_sec,update_status_log_min_delay_sec,update_streaming_property_files,update_ui_notify_approval_strategy,update_ui_notify_device_not_idle_strategy,update_ui_notify_insufficient_space_strategy,update_ui_notify_low_battery_strategy,update_ui_notify_scheduled_strategy,update_ui_notify_wifi_disconnected_strategy,update_zero_rate_apn_capability",,2026-09-23T07:09:34.570588+00:00
Infinix,Infinix HOT 50 Pro+,X6880,OP,15,Infinix/X6880-OP/Infinix-X6880:15/AP3A.240905.015.A2/185001:user/release-keys,200,True,Tcard_X6880-15.1.1.108-OP001PF001AZ,https://android.googleapis.com/packages/ota-api/package/3df8f9c277a550705bba02bd36db22630abafdda.zip,7750.0 MB,8126447210,"<small><font color=""#949494"">It is recommended to perform OTA upgrade when the battery is over 50%.</font></small><br>
<br>
Update Version:<br>
<small><font color=""#949494"">X6880-15.1.1.108(OP001PF001AZ)</font></small><br>
<br>
Android Version:<br>
<small><font color=""#949494"">1. Upgraded from Android 14 to Android 15 for enhanced security, more features, and a better user experience.</font></small><br>
<br>
OS Version:<br>
<small><font color=""#949494"">1. Upgraded from XOS14.5.0 to XOS15.1.1 for",3,35,KEEP,562,"update_clearcut_log_enabled_event_types,update_clearcut_log_enabled_ui_event_codes,update_download_min_cache_space,update_download_min_data_space,update_download_pause_resume_by_service_allowed,update_download_prefer_data,update_download_rate_limits,update_download_redownload_retry_limit,update_installation_auto_reboot_device_encryption_types,update_installation_device_charger_only_period,update_installation_device_idle_maintenance_battery_threshold_period,update_installation_device_idle_only_period,update_installation_install_tonight_window,update_mobile_network_delay,update_notify_scheduled_delay,update_notify_security_level_delay,update_notify_wifi_disconnected_delay,update_ota_property_files,update_pause_resume_by_service_allowed,update_status_log_max_delay_sec,update_status_log_min_delay_sec,update_streaming_property_files,update_ui_notify_approval_strategy,update_ui_notify_device_not_idle_strategy,update_ui_notify_insufficient_space_strategy,update_ui_notify_low_battery_strategy,update_ui_notify_scheduled_strategy,update_ui_notify_wifi_disconnected_strategy,update_zero_rate_apn_capability",,2026-09-23T07:09:43.013437+00:00
Infinix,Infinix HOT 50 Pro,X6881,OP,14,Infinix/X6881-OP/Infinix-X6881:14/UP1A.231005.007/260709V948:user/release-keys,200,False,,,,,,,,KEEP,542,"update_clearcut_log_enabled_event_types,update_clearcut_log_enabled_ui_event_codes,update_download_pause_resume_by_service_allowed,update_download_prefer_data,update_download_rate_limits,update_download_redownload_retry_limit,update_installation_device_charger_only_period,update_installation_device_idle_maintenance_battery_threshold_period,update_installation_device_idle_only_period,update_installation_install_tonight_window,update_notify_scheduled_delay,update_notify_security_level_delay,update_notify_wifi_disconnected_delay,update_pause_resume_by_service_allowed,update_status_log_max_delay_sec,update_status_log_min_delay_sec,update_ui_notify_approval_strategy,update_ui_notify_device_not_idle_strategy,update_ui_notify_insufficient_space_strategy,update_ui_notify_low_battery_strategy,update_ui_notify_scheduled_strategy,update_ui_notify_wifi_disconnected_strategy",,2026-09-23T07:09:46.416562+00:00
Infinix,Infinix HOT 50 4G,X6882,OP,14,Infinix/X6882-OP/Infinix-X6882:14/UP1A.231005.007/260710V1603:user/release-keys,200,False,,,,,,,,KEEP,547,"update_clearcut_log_enabled_event_types,update_clearcut_log_enabled_ui_event_codes,update_download_pause_resume_by_service_allowed,update_download_prefer_data,update_download_rate_limits,update_download_redownload_retry_limit,update_installation_device_charger_only_period,update_installation_device_idle_maintenance_battery_threshold_period,update_installation_device_idle_only_period,update_installation_install_tonight_window,update_notify_scheduled_delay,update_notify_security_level_delay,update_notify_wifi_disconnected_delay,update_pause_resume_by_service_allowed,update_status_log_max_delay_sec,update_status_log_min_delay_sec,update_ui_notify_approval_strategy,update_ui_notify_device_not_idle_strategy,update_ui_notify_insufficient_space_strategy,update_ui_notify_low_battery_strategy,update_ui_notify_scheduled_strategy,update_ui_notify_wifi_disconnected_strategy",,2026-09-23T07:09:49.667957+00:00
Infinix,Infinix HOT 60 Pro,X6885,OP,16,Infinix/X6885-OP/Infinix-X6885:16/BP2A.250605.031.A3/301450011:user/release-keys,200,False,,,,,,,,KEEP,541,"update_clearcut_log_enabled_event_types,update_clearcut_log_enabled_ui_event_codes,update_download_pause_resume_by_service_allowed,update_download_prefer_data,update_download_rate_limits,update_download_redownload_retry_limit,update_installation_device_charger_only_period,update_installation_device_idle_maintenance_battery_threshold_period,update_installation_device_idle_only_period,update_installation_install_tonight_window,update_notify_scheduled_delay,update_notify_security_level_delay,update_notify_wifi_disconnected_delay,update_pause_resume_by_service_allowed,update_status_log_max_delay_sec,update_status_log_min_delay_sec,update_ui_notify_approval_strategy,update_ui_notify_device_not_idle_strategy,update_ui_notify_insufficient_space_strategy,update_ui_notify_low_battery_strategy,update_ui_notify_scheduled_strategy,update_ui_notify_wifi_disconnected_strategy",,2026-09-23T07:09:53.137610+00:00
Infinix,Infinix HOT 60 Pro+,X6886,OP,16,Infinix/X6886-OP/Infinix-X6886:16/BP2A.250605.031.A3/301450010:user/release-keys,200,False,,,,,,,,KEEP,551,"update_clearcut_log_enabled_event_types,update_clearcut_log_enabled_ui_event_codes,update_download_pause_resume_by_service_allowed,update_download_prefer_data,update_download_rate_limits,update_download_redownload_retry_limit,update_installation_device_charger_only_period,update_installation_device_idle_maintenance_battery_threshold_period,update_installation_device_idle_only_period,update_installation_install_tonight_window,update_notify_scheduled_delay,update_notify_security_level_delay,update_notify_wifi_disconnected_delay,update_pause_resume_by_service_allowed,update_status_log_max_delay_sec,update_status_log_min_delay_sec,update_ui_notify_approval_strategy,update_ui_notify_device_not_idle_strategy,update_ui_notify_insufficient_space_strategy,update_ui_notify_low_battery_strategy,update_ui_notify_scheduled_strategy,update_ui_notify_wifi_disconnected_strategy",,2026-09-23T07:10:00.046477+00:00
Infinix,Infinix NOTE Edge,X6887,OP,16,Infinix/X6887-OP/Infinix-X6887:16/BP2A.250605.031.A3/301400022:user/release-keys,200,True,X6887-16.3.0.140SP26-OP007PF001AZ-16.3.0.150SP09-OP006PF001AZ_20260904104901,https://android.googleapis.com/packages/ota-api/package/a2953f3ddd97639b2c3c629ba05fd5034b41a647.zip,452.9 MB,474924843,"<small><font color=""#949494"">If the battery level is below 30%, please charge your device to at least 30% before installing the OTA update.</font></small><br>
<br> 

Update Version:<br> 
<small><font color=""#949494"">16.3.0.150SP09(OP006PF001AZ)</font></small><br> 
<br> 


Calls<br> 
<small><font color=""#949494"">· Optimized audio stability during calls in weak network conditions to make call audio clearer and more stable.</font></small><br>
<small><font color=""#949494"">· Fixed the issue where swi",3,36,44314755,558,"update_clearcut_log_enabled_event_types,update_clearcut_log_enabled_ui_event_codes,update_download_min_cache_space,update_download_min_data_space,update_download_pause_resume_by_service_allowed,update_download_prefer_data,update_download_rate_limits,update_download_redownload_retry_limit,update_installation_auto_reboot_device_encryption_types,update_installation_device_charger_only_period,update_installation_device_idle_maintenance_battery_threshold_period,update_installation_device_idle_only_period,update_installation_install_tonight_window,update_mobile_network_delay,update_notify_scheduled_delay,update_notify_security_level_delay,update_notify_wifi_disconnected_delay,update_ota_property_files,update_pause_resume_by_service_allowed,update_status_log_max_delay_sec,update_status_log_min_delay_sec,update_streaming_property_files,update_ui_notify_approval_strategy,update_ui_notify_device_not_idle_strategy,update_ui_notify_insufficient_space_strategy,update_ui_notify_low_battery_strategy,update_ui_notify_scheduled_strategy,update_ui_notify_wifi_disconnected_strategy,update_zero_rate_apn_capability",,2026-09-23T07:10:03.187774+00:00
Infinix,Infinix GT 50 Pro,X6891,OP,16,Infinix/X6891-OP/Infinix-X6891:16/BP2A.250605.031.A3/301400029:user/release-keys,200,True,X6891-16.3.0.140SP22-OP008PF001AZ-16.3.0.150SP09-OP005PF001AZ_20260904140149,https://android.googleapis.com/packages/ota-api/package/f13cdc7f5bbbb53250e3d425d513beccc6a8b743.zip,489.3 MB,513056700,"<small><font color=""#949494"">Please plug in charger to OTA upgrade when power is lower than 30%.</font></small><br>
<br>


Update Version:<br>
<small><font color=""#949494"">16.3.0.150SP09(OP005PF001AZ)</font></small><br>
<br>

Camera<br>
<small><font color=""#949494"">1. Fixed the occasional black screen issue that could occur when swiping after taking a photo and tapping the thumbnail, making browsing more stable.</font></small><br>
<small><font color=""#949494"">2. Optimized camera response speed a",3,36,50839327,560,"update_clearcut_log_enabled_event_types,update_clearcut_log_enabled_ui_event_codes,update_download_min_cache_space,update_download_min_data_space,update_download_pause_resume_by_service_allowed,update_download_prefer_data,update_download_rate_limits,update_download_redownload_retry_limit,update_installation_auto_reboot_device_encryption_types,update_installation_device_charger_only_period,update_installation_device_idle_maintenance_battery_threshold_period,update_installation_device_idle_only_period,update_installation_install_tonight_window,update_mobile_network_delay,update_notify_scheduled_delay,update_notify_security_level_delay,update_notify_wifi_disconnected_delay,update_ota_property_files,update_pause_resume_by_service_allowed,update_status_log_max_delay_sec,update_status_log_min_delay_sec,update_streaming_property_files,update_ui_notify_approval_strategy,update_ui_notify_device_not_idle_strategy,update_ui_notify_insufficient_space_strategy,update_ui_notify_low_battery_strategy,update_ui_notify_scheduled_strategy,update_ui_notify_wifi_disconnected_strategy,update_zero_rate_apn_capability",,2026-09-23T07:10:12.937955+00:00
Infinix,Infinix HOT 70,X6895B,OP,16,Infinix/X6895B-OP/Infinix-X6895B:16/BP2A.250605.031.A3/301400029:user/release-keys,200,True,X6895B-16.3.0.140SP26-OP010PF001AZ-16.3.0.150SP16-OP008PF001AZ_20260914120227,https://android.googleapis.com/packages/ota-api/package/507d1ab70e4d2e63796033188c84ec78e44e652f.zip,515.3 MB,540284360,"<br><small><font color=""#949494"">Please plug in charger to OTA upgrade when power is lower than 50%.</font></small><br><br>Update Version:<br><small><font color=""#949494"">X6895B-16.3.0.150SP16(OP008PF001AZ)</font></small><br><br>Fixed Issues:<br><small><font color=""#949494"">1. Improved the in-game audio experience.</font></small><br><br>Reminding:<br>
<small><font color=""#949494"">1. Optimized system stability and performance while fixing other issues.</font></small><br>
<small><font color=""#9494",3,36,47607363,557,"update_clearcut_log_enabled_event_types,update_clearcut_log_enabled_ui_event_codes,update_download_min_cache_space,update_download_min_data_space,update_download_pause_resume_by_service_allowed,update_download_prefer_data,update_download_rate_limits,update_download_redownload_retry_limit,update_installation_auto_reboot_device_encryption_types,update_installation_device_charger_only_period,update_installation_device_idle_maintenance_battery_threshold_period,update_installation_device_idle_only_period,update_installation_install_tonight_window,update_mobile_network_delay,update_notify_scheduled_delay,update_notify_security_level_delay,update_notify_wifi_disconnected_delay,update_ota_property_files,update_pause_resume_by_service_allowed,update_status_log_max_delay_sec,update_status_log_min_delay_sec,update_streaming_property_files,update_ui_notify_approval_strategy,update_ui_notify_device_not_idle_strategy,update_ui_notify_insufficient_space_strategy,update_ui_notify_low_battery_strategy,update_ui_notify_scheduled_strategy,update_ui_notify_wifi_disconnected_strategy,update_zero_rate_apn_capability",,2026-09-23T07:10:20.866843+00:00
Infinix,Infinix HOT 70 Pro 5G,X6896,OP,16,Infinix/X6896-OP/Infinix-X6896:16/BP2A.250605.031.A3/301300012:user/release-keys,200,False,,,,,,,,KEEP,539,"update_clearcut_log_enabled_event_types,update_clearcut_log_enabled_ui_event_codes,update_download_pause_resume_by_service_allowed,update_download_prefer_data,update_download_rate_limits,update_download_redownload_retry_limit,update_installation_device_charger_only_period,update_installation_device_idle_maintenance_battery_threshold_period,update_installation_device_idle_only_period,update_installation_install_tonight_window,update_notify_scheduled_delay,update_notify_security_level_delay,update_notify_wifi_disconnected_delay,update_pause_resume_by_service_allowed,update_status_log_max_delay_sec,update_status_log_min_delay_sec,update_ui_notify_approval_strategy,update_ui_notify_device_not_idle_strategy,update_ui_notify_insufficient_space_strategy,update_ui_notify_low_battery_strategy,update_ui_notify_scheduled_strategy,update_ui_notify_wifi_disconnected_strategy",,2026-09-23T07:10:30.248609+00:00
Infinix,Infinix ZERO Flip,X6962,OP,15,Infinix/X6962-OP/Infinix-X6962:15/AP3A.240905.015.A2/135003:user/release-keys,200,True,Tcard_X6962-15.1.3.124SP03-OP001PF001AZ,https://android.googleapis.com/packages/ota-api/package/0bc279103a581eaaff1f72de0c45e26f74907e31.zip,8357.2 MB,8763189408,"<small><font color=""#949494"">It is recommended to perform OTA upgrade when the battery is over 50%.</font></small><br>
<br>
Update Version:<br>
<small><font color=""#949494"">X6962-15.1.3.124SP03(OP001PF001AZ)</font></small><br>
<br>
Android Version:<br>
<small><font color=""#949494"">1. Upgraded from Android 14 to Android 15 for enhanced security, more features, and a better user experience.</font></small><br>
<br>
OS Version:<br>
<small><font color=""#949494"">1. Upgraded from XOS14.5.0 to XOS15.1.3",3,35,KEEP,558,"update_clearcut_log_enabled_event_types,update_clearcut_log_enabled_ui_event_codes,update_download_min_cache_space,update_download_min_data_space,update_download_pause_resume_by_service_allowed,update_download_prefer_data,update_download_rate_limits,update_download_redownload_retry_limit,update_installation_auto_reboot_device_encryption_types,update_installation_device_charger_only_period,update_installation_device_idle_maintenance_battery_threshold_period,update_installation_device_idle_only_period,update_installation_install_tonight_window,update_mobile_network_delay,update_notify_scheduled_delay,update_notify_security_level_delay,update_notify_wifi_disconnected_delay,update_ota_property_files,update_pause_resume_by_service_allowed,update_status_log_max_delay_sec,update_status_log_min_delay_sec,update_streaming_property_files,update_ui_notify_approval_strategy,update_ui_notify_device_not_idle_strategy,update_ui_notify_insufficient_space_strategy,update_ui_notify_low_battery_strategy,update_ui_notify_scheduled_strategy,update_ui_notify_wifi_disconnected_strategy,update_zero_rate_apn_capability",,2026-09-23T07:10:32.973297+00:00
Infinix,Infinix ZERO Flip,X6962,IN,15,Infinix/X6962-IN/Infinix-X6962:15/AP3A.240905.015.A2/135003:user/release-keys,200,True,Tcard_X6962-15.1.3.124SP03-IN001PF001AZ,https://android.googleapis.com/packages/ota-api/package/558e1d2af29b537e2c9261caba22de6f3c9008ef.zip,7809.2 MB,8188547029,"<small><font color=""#949494"">It is recommended to perform OTA upgrade when the battery is over 50%.</font></small><br>
<br>
Update Version:<br>
<small><font color=""#949494"">X6962-15.1.3.124SP03(IN001PF001AZ)</font></small><br>
<br>
Android Version:<br>
<small><font color=""#949494"">1. Upgraded from Android 14 to Android 15 for enhanced security, more features, and a better user experience.</font></small><br>
<br>
OS Version:<br>
<small><font color=""#949494"">1. Upgraded from XOS14.5.0 to XOS15.1.3",3,35,KEEP,557,"update_clearcut_log_enabled_event_types,update_clearcut_log_enabled_ui_event_codes,update_download_min_cache_space,update_download_min_data_space,update_download_pause_resume_by_service_allowed,update_download_prefer_data,update_download_rate_limits,update_download_redownload_retry_limit,update_installation_auto_reboot_device_encryption_types,update_installation_device_charger_only_period,update_installation_device_idle_maintenance_battery_threshold_period,update_installation_device_idle_only_period,update_installation_install_tonight_window,update_mobile_network_delay,update_notify_scheduled_delay,update_notify_security_level_delay,update_notify_wifi_disconnected_delay,update_ota_property_files,update_pause_resume_by_service_allowed,update_status_log_max_delay_sec,update_status_log_min_delay_sec,update_streaming_property_files,update_ui_notify_approval_strategy,update_ui_notify_device_not_idle_strategy,update_ui_notify_insufficient_space_strategy,update_ui_notify_low_battery_strategy,update_ui_notify_scheduled_strategy,update_ui_notify_wifi_disconnected_strategy,update_zero_rate_apn_capability",,2026-09-23T07:10:36.422312+00:00
Infinix,Infinix ZERO Flip,X6962,RU,15,Infinix/X6962-RU/Infinix-X6962:15/AP3A.240905.015.A2/135003:user/release-keys,200,True,Tcard_X6962-15.1.3.124SP03-RU001PF001AZ,https://android.googleapis.com/packages/ota-api/package/548227c16f2f81ebf39b7dffda1ec3baa78558d8.zip,7560.6 MB,7927847420,"<small><font color=""#949494"">Рекомендуется выполнять обновление OTA, когда заряд аккумулятора превышает 50%.</font></small><br>
<br>
Версия обновления:<br>
<small><font color=""#949494"">X6962-15.1.3.124SP03(RU001PF001AZ)</font></small><br>
<br>
Версия для Android:<br>
<small><font color=""#949494"">1. Обновление с Android 14 до Android 15 для повышения безопасности, расширения функций и улучшения пользовательского опыта.</font></small><br>
<br>
Версия ОС:<br>
<small><font color=""#949494"">1. Обновле",3,35,KEEP,559,"update_clearcut_log_enabled_event_types,update_clearcut_log_enabled_ui_event_codes,update_download_min_cache_space,update_download_min_data_space,update_download_pause_resume_by_service_allowed,update_download_prefer_data,update_download_rate_limits,update_download_redownload_retry_limit,update_installation_auto_reboot_device_encryption_types,update_installation_device_charger_only_period,update_installation_device_idle_maintenance_battery_threshold_period,update_installation_device_idle_only_period,update_installation_install_tonight_window,update_mobile_network_delay,update_notify_scheduled_delay,update_notify_security_level_delay,update_notify_wifi_disconnected_delay,update_ota_property_files,update_pause_resume_by_service_allowed,update_status_log_max_delay_sec,update_status_log_min_delay_sec,update_streaming_property_files,update_ui_notify_approval_strategy,update_ui_notify_device_not_idle_strategy,update_ui_notify_insufficient_space_strategy,update_ui_notify_low_battery_strategy,update_ui_notify_scheduled_strategy,update_ui_notify_wifi_disconnected_strategy,update_zero_rate_apn_capability",,2026-09-23T07:10:40.020810+00:00
