brand,device,slug,fetched_at
alcatel,A62,alcatel_a62-14319.php,2026-09-12T06:31:23Z
alcatel,V3 Ultra,alcatel_v3_ultra_5g-13885.php,2026-09-12T06:31:23Z
alcatel,V3 Pro,alcatel_v3_pro_5g-13893.php,2026-09-12T06:31:23Z
alcatel,V3 Classic,alcatel_v3_classic_5g-13894.php,2026-09-12T06:31:23Z
alcatel,Go Flip 4,alcatel_go_flip_4-12017.php,2026-09-12T06:31:23Z
alcatel,Go Flip 3,alcatel_go_flip_3-10500.php,2026-09-12T06:31:23Z
alcatel,Go Flip V,alcatel_go_flip_v-10501.php,2026-09-12T06:31:23Z
alcatel,3T10 2020,alcatel_3t10_2020-12041.php,2026-09-12T06:31:23Z
alcatel,3T 8,alcatel_3t_8-10108.php,2026-09-12T06:31:23Z
alcatel,Smart Tab 7,alcatel_smart_tab_7-9837.php,2026-09-12T06:31:23Z
alcatel,3T 10,alcatel_3t_10-9601.php,2026-09-12T06:31:23Z
alcatel,3L,alcatel_3l-9600.php,2026-09-12T06:31:23Z
alcatel,1s,alcatel_1s-9598.php,2026-09-12T06:31:23Z
alcatel,1,alcatel_1-9985.php,2026-09-12T06:31:23Z
alcatel,Tetra,alcatel_tetra-9574.php,2026-09-12T06:31:23Z
alcatel,7,alcatel_7-9291.php,2026-09-12T06:31:23Z
alcatel,5v,alcatel_5v-9271.php,2026-09-12T06:31:23Z
alcatel,5,alcatel_5-9012.php,2026-09-12T06:31:23Z
alcatel,3v,alcatel_3v-9004.php,2026-09-12T06:31:23Z
alcatel,3,alcatel_3-9085.php,2026-09-12T06:31:23Z
alcatel,1x,alcatel_1x-9086.php,2026-09-12T06:31:23Z
alcatel,3c,alcatel_3c-8989.php,2026-09-12T06:31:23Z
alcatel,3088,alcatel_3088-9986.php,2026-09-12T06:31:23Z
alcatel,1T 10,alcatel_1t_10-9093.php,2026-09-12T06:31:23Z
alcatel,1T 7,alcatel_1t_7-9094.php,2026-09-12T06:31:23Z
alcatel,Idol 5s,alcatel_idol_5s-8844.php,2026-09-12T06:31:23Z
alcatel,Idol 5,alcatel_idol_5-8832.php,2026-09-12T06:31:23Z
alcatel,A7 XL,alcatel_a7_xl-8843.php,2026-09-12T06:31:23Z
alcatel,A7,alcatel_a7-8830.php,2026-09-12T06:31:23Z
alcatel,V3 Ultra,alcatel-phones-5.php,2026-09-12T06:31:25Z
alcatel,Pop C1,alcatel_pop_c1-5691.php,2026-09-12T06:31:25Z
alcatel,OT-810,alcatel_ot_810-4308.php,2026-09-12T06:31:25Z
alcatel,One Touch Idol,alcatel_one_touch_idol-5230.php,2026-09-12T06:31:25Z
alcatel,Idol 4s,alcatel_idol_4s-7896.php,2026-09-12T06:31:25Z
alcatel,U5,alcatel_u5-8591.php,2026-09-12T06:31:25Z
alcatel,Idol 4s Windows,alcatel_idol_4s_windows-8449.php,2026-09-12T06:31:25Z
alcatel,OT Easy,alcatel_ot_easy-34.php,2026-09-12T06:31:25Z
alcatel,Idol 4,alcatel_idol_4-7897.php,2026-09-12T06:31:25Z
alcatel,Pop 4,alcatel_pop_4-7935.php,2026-09-12T06:31:25Z
alcatel,Pop C3,alcatel_pop_c3-5687.php,2026-09-12T06:31:28Z
alcatel,U5 HD,alcatel_u5_hd-8819.php,2026-09-12T06:31:28Z
alcatel,10.16G,alcatel_10_16g-7652.php,2026-09-12T06:31:28Z
alcatel,One Touch T'Pop,alcatel_one_touch_t_pop-5229.php,2026-09-12T06:31:28Z
alcatel,OT 311,alcatel_ot_311-285.php,2026-09-12T06:31:28Z
alcatel,2001,alcatel_2001-5960.php,2026-09-12T06:31:28Z
alcatel,One Touch M'Pop,alcatel_one_touch_m_pop-5242.php,2026-09-12T06:31:28Z
alcatel,One Touch Pixi,alcatel_one_touch_pixi-5681.php,2026-09-12T06:31:28Z
alcatel,Idol 2 Mini,alcatel_idol_2_mini-6131.php,2026-09-12T06:31:28Z
alcatel,Flash 2,alcatel_flash_2-7570.php,2026-09-12T06:31:28Z
alcatel,Fierce XL,alcatel_fierce_xl-7720.php,2026-09-12T06:31:28Z
alcatel,Flash Plus 2,alcatel_flash_plus_2-8105.php,2026-09-12T06:31:28Z
alcatel,A3,alcatel_a3-8589.php,2026-09-12T06:31:28Z
alcatel,Pulsemix,alcatel_pulsemix-8803.php,2026-09-12T06:31:28Z
alcatel,Pop C7,alcatel_pop_c7-5693.php,2026-09-12T06:31:28Z
alcatel,2000,alcatel_2000-6167.php,2026-09-12T06:31:28Z
alcatel,Pop 7 LTE,alcatel_pop_7_lte-8060.php,2026-09-12T06:31:28Z
alcatel,OT View,alcatel_ot_view-38.php,2026-09-12T06:31:28Z
alcatel,OT 735,alcatel_ot_735-400.php,2026-09-12T06:31:28Z
alcatel,OT-800 One Touch Tribe,alcatel_ot_800_one_touch_tribe-2847.php,2026-09-12T06:31:28Z
alcatel,OT-991,alcatel_ot_991-4733.php,2026-09-12T06:31:28Z
alcatel,2012,alcatel_2012-6931.php,2026-09-12T06:31:28Z
alcatel,Pixi 7,alcatel_pixi_7-6164.php,2026-09-12T06:31:28Z
alcatel,Pixi First,alcatel_pixi_first-7547.php,2026-09-12T06:31:28Z
Amazon,Fire Max 11,amazon_fire_max_11-12382.php,2026-09-12T06:33:00Z
Amazon,Fire HD 10,amazon_fire_hd_10-7611.php,2026-09-12T06:33:00Z
Amazon,Fire HD 8,amazon_fire_hd_8-7610.php,2026-09-12T06:33:00Z
Amazon,Fire 7,amazon_fire_7-7609.php,2026-09-12T06:33:00Z
Amazon,Fire HD 7,amazon_fire_hd_7-6689.php,2026-09-12T06:33:00Z
Amazon,Fire HD 6,amazon_fire_hd_6-6688.php,2026-09-12T06:33:00Z
Amazon,Fire Phone,amazon_fire_phone-6453.php,2026-09-12T06:33:00Z
Amazon,Kindle Fire HDX 8.9,amazon_kindle_fire_hdx_8_9-5728.php,2026-09-12T06:33:00Z
Amazon,Kindle Fire HDX,amazon_kindle_fire_hdx-5727.php,2026-09-12T06:33:00Z
Amazon,Kindle Fire HD 8.9 LTE,amazon_kindle_fire_hd_8_9_lte-4996.php,2026-09-12T06:33:00Z
Amazon,Kindle Fire HD 8.9,amazon_kindle_fire_hd_8_9-4995.php,2026-09-12T06:33:00Z
Amazon,Kindle Fire HD,amazon_kindle_fire_hd-4994.php,2026-09-12T06:33:00Z
Amazon,Kindle Fire,amazon_kindle_fire-4524.php,2026-09-12T06:33:00Z
Amazon,Fire Max 11,amazon-phones-76.php,2026-09-12T06:33:02Z
Apple,iPhone Duo,apple-phones-f-48-14.php,2026-09-12T06:33:04Z
Apple,iPhone 18 Pro Max,apple_iphone_18_pro_max-14716.php,2026-09-12T06:33:04Z
Apple,iPhone 18 Pro,apple_iphone_18_pro-14934.php,2026-09-12T06:33:04Z
Apple,Watch Ultra 4,apple_watch_ultra_4-14935.php,2026-09-12T06:33:04Z
Apple,Watch Series 12,apple_watch_series_12-14937.php,2026-09-12T06:33:04Z
Apple,Watch Series 12 Aluminum,apple_watch_series_12_aluminum-14936.php,2026-09-12T06:33:04Z
Apple,iPhone 17e,apple_iphone_17e-14487.php,2026-09-12T06:33:04Z
Apple,iPhone 17 Pro Max,apple_iphone_17_pro_max-13964.php,2026-09-12T06:33:04Z
Apple,iPhone 17 Pro,apple_iphone_17_pro-14049.php,2026-09-12T06:33:04Z
Apple,iPhone Air,apple_iphone_17_air-13502.php,2026-09-12T06:33:04Z
Apple,iPhone 17,apple_iphone_17-14050.php,2026-09-12T06:33:04Z
Apple,Watch Ultra 3,apple_watch_ultra_3-14130.php,2026-09-12T06:33:04Z
Apple,Watch Series 11,apple_watch_series_11-14131.php,2026-09-12T06:33:04Z
Apple,Watch Series 11 Aluminum,apple_watch_series_11_aluminum-14132.php,2026-09-12T06:33:04Z
Apple,Watch SE 3,apple_watch_se_3-14133.php,2026-09-12T06:33:04Z
Apple,iPhone 16e,apple_iphone_16e-13395.php,2026-09-12T06:33:04Z
Apple,iPhone 16 Pro Max,apple_iphone_16_pro_max-13123.php,2026-09-12T06:33:04Z
Apple,iPhone 16 Pro,apple_iphone_16_pro-13315.php,2026-09-12T06:33:04Z
Apple,iPhone 16 Plus,apple_iphone_16_plus-13316.php,2026-09-12T06:33:04Z
Apple,iPhone 16,apple_iphone_16-13317.php,2026-09-12T06:33:04Z
Apple,Watch Series 10,apple_watch_series_10-13318.php,2026-09-12T06:33:04Z
Apple,Watch Series 10 Aluminum,apple_watch_series_10_aluminum-13319.php,2026-09-12T06:33:04Z
Apple,iPhone 15 Pro Max,apple_iphone_15_pro_max-12548.php,2026-09-12T06:33:04Z
Apple,iPhone 15 Pro,apple_iphone_15_pro-12557.php,2026-09-12T06:33:04Z
Apple,iPhone 15 Plus,apple_iphone_15_plus-12558.php,2026-09-12T06:33:04Z
Apple,iPhone 15,apple_iphone_15-12559.php,2026-09-12T06:33:04Z
Apple,Watch Ultra 2,apple_watch_ultra_2-12560.php,2026-09-12T06:33:04Z
Apple,Watch Series 9,apple_watch_series_9-12561.php,2026-09-12T06:33:04Z
Apple,Watch Series 9 Aluminum,apple_watch_series_9_aluminum-12562.php,2026-09-12T06:33:04Z
Apple,iPhone 14 Pro Max,apple_iphone_14_pro_max-11773.php,2026-09-12T06:33:04Z
Apple,iPhone 14 Pro,apple_iphone_14_pro-11860.php,2026-09-12T06:33:04Z
Apple,iPhone 14 Plus,apple_iphone_14_plus-11862.php,2026-09-12T06:33:04Z
Apple,iPhone 14,apple_iphone_14-11861.php,2026-09-12T06:33:04Z
Apple,Watch Ultra,apple_watch_ultra-11827.php,2026-09-12T06:33:04Z
Apple,Watch Series 8,apple_watch_series_8-11866.php,2026-09-12T06:33:04Z
Apple,iPhone 18 Pro Max,apple-phones-48.php,2026-09-12T06:33:07Z
Apple,iPhone Duo,apple_iphone_duo_fold-13804.php,2026-09-12T06:33:07Z
Apple,iPhone 13,apple_iphone_13-11103.php,2026-09-12T06:33:07Z
Apple,iPhone 11,apple_iphone_11-9848.php,2026-09-12T06:33:07Z
Apple,iPhone 13 Pro Max,apple_iphone_13_pro_max-11089.php,2026-09-12T06:33:07Z
Apple,iPhone 13 Pro,apple_iphone_13_pro-11102.php,2026-09-12T06:33:07Z
Apple,iPhone 12,apple_iphone_12-10509.php,2026-09-12T06:33:07Z
Apple,iPhone 12 Pro Max,apple_iphone_12_pro_max-10237.php,2026-09-12T06:33:07Z
Apple,iPhone 12 Pro,apple_iphone_12_pro-10508.php,2026-09-12T06:33:07Z
Apple,iPhone X,apple_iphone_x-8858.php,2026-09-12T06:33:07Z
Apple,iPhone 11 Pro Max,apple_iphone_11_pro_max-9846.php,2026-09-12T06:33:07Z
Apple,iPhone XR,apple_iphone_xr-9320.php,2026-09-12T06:33:07Z
Apple,iPhone XS Max,apple_iphone_xs_max-9319.php,2026-09-12T06:33:07Z
Apple,iPhone 11 Pro,apple_iphone_11_pro-9847.php,2026-09-12T06:33:07Z
Apple,iPhone XS,apple_iphone_xs-9318.php,2026-09-12T06:33:07Z
Apple,iPhone 13 mini,apple_iphone_13_mini-11104.php,2026-09-12T06:33:07Z
Apple,iPhone 7,apple_iphone_7-8064.php,2026-09-12T06:33:07Z
Apple,iPhone 8,apple_iphone_8-8573.php,2026-09-12T06:33:07Z
Apple,iPhone 12 mini,apple_iphone_12_mini-10510.php,2026-09-12T06:33:07Z
Apple,iPhone 8 Plus,apple_iphone_8_plus-8131.php,2026-09-12T06:33:07Z
Apple,iPhone 7 Plus,apple_iphone_7_plus-8065.php,2026-09-12T06:33:07Z
Apple,iPhone 6,apple_iphone_6-6378.php,2026-09-12T06:33:07Z
Apple,iPhone 6s,apple_iphone_6s-7242.php,2026-09-12T06:33:07Z
Apple,iPhone SE,apple_iphone_se-7969.php,2026-09-12T06:33:09Z
Apple,iPad mini Wi-Fi,apple_ipad_mini_wi_fi-5070.php,2026-09-12T06:33:09Z
Apple,iPhone,apple_iphone-1827.php,2026-09-12T06:33:09Z
Apple,iPhone 5s,apple_iphone_5s-5685.php,2026-09-12T06:33:09Z
Apple,iPad Air 2,apple_ipad_air_2-6742.php,2026-09-12T06:33:09Z
Apple,iPhone 5,apple_iphone_5-4910.php,2026-09-12T06:33:09Z
Apple,iPhone 6s Plus,apple_iphone_6s_plus-7243.php,2026-09-12T06:33:09Z
Apple,iPhone 4,apple_iphone_4-3275.php,2026-09-12T06:33:09Z
Apple,iPhone 6 Plus,apple_iphone_6_plus-6665.php,2026-09-12T06:33:09Z
Apple,iPhone 4s,apple_iphone_4s-4212.php,2026-09-12T06:33:09Z
Apple,iPad Air,apple_ipad_air-5797.php,2026-09-12T06:33:09Z
Apple,iPhone 3GS,apple_iphone_3gs-2826.php,2026-09-12T06:33:09Z
Apple,iPad mini 2,apple_ipad_mini_2-5735.php,2026-09-12T06:33:09Z
Apple,iPhone 5c,apple_iphone_5c-5690.php,2026-09-12T06:33:09Z
Apple,iPhone 3G,apple_iphone_3g-2424.php,2026-09-12T06:33:09Z
Apple,iPad 2 Wi-Fi,apple_ipad_2_wi_fi-3847.php,2026-09-12T06:33:09Z
Apple,iPad mini 3,apple_ipad_mini_3-6741.php,2026-09-12T06:33:09Z
Apple,iPad 4 Wi-Fi,apple_ipad_4_wi_fi-5072.php,2026-09-12T06:33:09Z
Apple,iPad 3 Wi-Fi,apple_ipad_3_wi_fi-4621.php,2026-09-12T06:33:09Z
Apple,iPad Wi-Fi,apple_ipad_wi_fi-3828.php,2026-09-12T06:33:09Z
Apple,iPhone 4 CDMA,apple_iphone_4_cdma-3716.php,2026-09-12T06:33:09Z
Apple,iPad 2 CDMA,apple_ipad_2_cdma-3849.php,2026-09-12T06:33:09Z
Asus,Zenfone 12 Ultra,asus_zenfone_12_ultra-13653.php,2026-09-12T06:34:41Z
Asus,ROG Phone 9 Pro,asus_rog_phone_9_pro-13469.php,2026-09-12T06:34:41Z
Asus,ROG Phone 9 FE,asus_rog_phone_9_fe-13641.php,2026-09-12T06:34:41Z
Asus,ROG Phone 9,asus_rog_phone_9-13503.php,2026-09-12T06:34:41Z
Asus,Zenfone 11 Ultra,asus_zenfone_11_ultra-12820.php,2026-09-12T06:34:41Z
Asus,ROG Phone 8 Pro,asus_rog_phone_8_pro-12746.php,2026-09-12T06:34:41Z
Asus,ROG Phone 8,asus_rog_phone_8-12780.php,2026-09-12T06:34:41Z
Asus,Zenfone 10,asus_zenfone_10-12380.php,2026-09-12T06:34:41Z
Asus,ROG Phone 7 Ultimate,asus_rog_phone_7_ultimate-12224.php,2026-09-12T06:34:41Z
Asus,ROG Phone 7,asus_rog_phone_7-12223.php,2026-09-12T06:34:41Z
Asus,ROG Phone 6D Ultimate,asus_rog_phone_6d_ultimate-11880.php,2026-09-12T06:34:41Z
Asus,ROG Phone 6D,asus_rog_phone_6d-11881.php,2026-09-12T06:34:41Z
Asus,ROG Phone 6 Diablo Immortal Edition,asus_rog_phone_6_diablo_immortal_edition-11986.php,2026-09-12T06:34:41Z
Asus,ROG Phone 6 Batman Edition,asus_rog_phone_6_batman_edition-11882.php,2026-09-12T06:34:41Z
Asus,Zenfone 9,asus_zenfone_9-11656.php,2026-09-12T06:34:41Z
Asus,ROG Phone 6 Pro,asus_rog_phone_6_pro-11648.php,2026-09-12T06:34:41Z
Asus,ROG Phone 6,asus_rog_phone_6-11647.php,2026-09-12T06:34:41Z
Asus,ROG Phone 5s Pro,asus_rog_phone_5s_pro-11053.php,2026-09-12T06:34:41Z
Asus,ROG Phone 5s,asus_rog_phone_5s-11054.php,2026-09-12T06:34:41Z
Asus,Smartphone for Snapdragon Insiders,asus_smartphone_for_snapdragon_insiders-11006.php,2026-09-12T06:34:41Z
Asus,Zenfone 8 Flip,asus_zenfone_8_flip-10892.php,2026-09-12T06:34:41Z
Asus,Zenfone 8,asus_zenfone_8-10893.php,2026-09-12T06:34:41Z
Asus,ROG Phone 5 Ultimate,asus_rog_phone_5_ultimate-10785.php,2026-09-12T06:34:41Z
Asus,ROG Phone 5 Pro,asus_rog_phone_5_pro-10784.php,2026-09-12T06:34:41Z
Asus,ROG Phone 5,asus_rog_phone_5-10715.php,2026-09-12T06:34:41Z
Asus,Zenfone 7 Pro,asus_zenfone_7_pro-10393.php,2026-09-12T06:34:41Z
Asus,Zenfone 7,asus_zenfone_7-10379.php,2026-09-12T06:34:41Z
Asus,ROG Phone 3,asus_rog_phone_3-10296.php,2026-09-12T06:34:41Z
Asus,ROG Phone 3 Strix,asus_rog_phone_3_strix-10328.php,2026-09-12T06:34:41Z
Asus,ROG Phone II ZS660KL,asus_rog_phone_ii_zs660kl-9770.php,2026-09-12T06:34:41Z
Asus,Zenfone 6 ZS630KL,asus_zenfone_6_zs630kl-9698.php,2026-09-12T06:34:41Z
Asus,Zenfone Max Shot ZB634KL,asus_zenfone_max_shot_zb634kl-9633.php,2026-09-12T06:34:41Z
Asus,ROG Phone ZS600KL,asus_rog_phone_zs600kl-9224.php,2026-09-12T06:34:41Z
Asus,Zenfone 5z ZS620KL,asus_zenfone_5z_zs620kl-9096.php,2026-09-12T06:34:41Z
Asus,Zenfone 5 ZE620KL,asus_zenfone_5_ze620kl-9061.php,2026-09-12T06:34:41Z
Asus,Zenfone 5 Lite ZC600KL,asus_zenfone_5_lite_zc600kl-9068.php,2026-09-12T06:34:41Z
Asus,Zenfone V V520KL,asus_zenfone_v_v520kl-8866.php,2026-09-12T06:34:41Z
Asus,Zenfone 4 Pro ZS551KL,asus_zenfone_4_pro_zs551kl-8783.php,2026-09-12T06:34:41Z
Asus,Zenfone 4 ZE554KL,asus_zenfone_4_ze554kl-8782.php,2026-09-12T06:34:41Z
Asus,ROG Phone 9 Pro,asus-phones-46.php,2026-09-12T06:34:44Z
Asus,Zenfone 2 ZE551ML,asus_zenfone_2_ze551ml-6917.php,2026-09-12T06:34:44Z
Asus,Google Nexus 7,asus_google_nexus_7-4850.php,2026-09-12T06:34:44Z
Asus,Zenfone 3 ZE552KL,asus_zenfone_3_ze552kl-8106.php,2026-09-12T06:34:44Z
Asus,Zenfone 3 Max ZC520TL,asus_zenfone_3_max_zc520tl-8207.php,2026-09-12T06:34:44Z
Asus,Zenfone Max ZC550KL,asus_zenfone_max_zc550kl-7476.php,2026-09-12T06:34:44Z
Asus,Zenfone 4 Max ZC554KL,asus_zenfone_4_max_zc554kl-8749.php,2026-09-12T06:34:44Z
Asus,Zenfone Go ZC500TG,asus_zenfone_go_zc500tg-7368.php,2026-09-12T06:34:46Z
Asus,Zenfone 2 Laser ZE550KL,asus_zenfone_2_laser_ze550kl-7477.php,2026-09-12T06:34:46Z
Asus,Zenpad 10 Z300C,asus_zenpad_10_z300c-7532.php,2026-09-12T06:34:46Z
Asus,Zenfone Selfie ZD551KL,asus_zenfone_selfie_zd551kl-7261.php,2026-09-12T06:34:46Z
Asus,Zenfone 2 Laser ZE500KL,asus_zenfone_2_laser_ze500kl-7474.php,2026-09-12T06:34:46Z
Asus,Zenfone 3 ZE520KL,asus_zenfone_3_ze520kl-8197.php,2026-09-12T06:34:46Z
Asus,Zenpad 8.0 Z380KL,asus_zenpad_8_0_z380kl-7255.php,2026-09-12T06:34:46Z
Asus,Zenfone 3 Ultra ZU680KL,asus_zenfone_3_ultra_zu680kl-8130.php,2026-09-12T06:34:46Z
Asus,Zenfone Live ZB501KL,asus_zenfone_live_zb501kl-8579.php,2026-09-12T06:34:46Z
Asus,Zenfone 4 Selfie ZD553KL,asus_zenfone_4_selfie_zd553kl-8784.php,2026-09-12T06:34:46Z
Asus,Zenfone 3 Zoom ZE553KL,asus_zenfone_3_zoom_ze553kl-8509.php,2026-09-12T06:34:46Z
Asus,Zenfone 3 Deluxe ZS570KL,asus_zenfone_3_deluxe_zs570kl-8129.php,2026-09-12T06:34:46Z
Asus,Zenfone Go ZB500KL,asus_zenfone_go_zb500kl-8467.php,2026-09-12T06:34:46Z
Asus,Zenfone 4 Max ZC520KL,asus_zenfone_4_max_zc520kl-8811.php,2026-09-12T06:34:46Z
Asus,Zenfone 4 Max Pro ZC554KL,asus_zenfone_4_max_pro_zc554kl-8814.php,2026-09-12T06:34:46Z
Asus,Zenfone AR ZS571KL,asus_zenfone_ar_zs571kl-8502.php,2026-09-12T06:34:46Z
Asus,Zenfone Zoom ZX551ML,asus_zenfone_zoom_zx551ml-7577.php,2026-09-12T06:34:46Z
Asus,Zenpad 3S 10 Z500M,asus_zenpad_3s_10_z500m-8218.php,2026-09-12T06:34:46Z
Asus,Zenfone 4 Selfie Pro ZD552KL,asus_zenfone_4_selfie_pro_zd552kl-8808.php,2026-09-12T06:34:46Z
Asus,Transformer TF101,asus_transformer_tf101-3936.php,2026-09-12T06:34:46Z
Asus,Zenfone Zoom ZX550,asus_zenfone_zoom_zx550-6918.php,2026-09-12T06:34:46Z
Asus,Zenfone C ZC451CG,asus_zenfone_c_zc451cg-6982.php,2026-09-12T06:34:46Z
Asus,Zenfone 2 Deluxe ZE551ML,asus_zenfone_2_deluxe_ze551ml-7475.php,2026-09-12T06:34:46Z
Asus,Zenpad Z8s ZT582KL,asus_zenpad_z8s_zt582kl-8801.php,2026-09-12T06:34:46Z
Asus,Zenpad C 7.0,asus_zenpad_c_7_0-7256.php,2026-09-12T06:34:46Z
Asus,Zenfone 3 Laser ZC551KL,asus_zenfone_3_laser_zc551kl-8206.php,2026-09-12T06:34:46Z
Asus,Zenpad Z10 ZT500KL,asus_zenpad_z10_zt500kl-8370.php,2026-09-12T06:34:46Z
Asus,Fonepad 7,asus_fonepad_7-5674.php,2026-09-12T06:34:46Z
Asus,Zenpad 7.0 Z370CG,asus_zenpad_7_0_z370cg-7473.php,2026-09-12T06:34:46Z
Asus,Zenpad 10 Z300M,asus_zenpad_10_z300m-8465.php,2026-09-12T06:34:46Z
Asus,Zenfone Go ZB690KG,asus_zenfone_go_zb690kg-8503.php,2026-09-12T06:34:46Z
Asus,PadFone,asus_padfone-3965.php,2026-09-12T06:34:46Z
Asus,Zenfone 2 ZE550ML,asus_zenfone_2_ze550ml-7120.php,2026-09-12T06:34:46Z
Asus,Memo Pad 7 ME176C,asus_memo_pad_7_me176c-6412.php,2026-09-12T06:34:46Z
Asus,Memo Pad 10,asus_memo_pad_10-5676.php,2026-09-12T06:34:46Z
Asus,Zenfone 2 Laser ZE601KL,asus_zenfone_2_laser_ze601kl-7479.php,2026-09-12T06:34:46Z
BenQ,F52,benq_f52-7043.php,2026-09-12T06:36:18Z
BenQ,B502,benq_b502-7048.php,2026-09-12T06:36:18Z
BenQ,T3,benq_t3-6694.php,2026-09-12T06:36:18Z
BenQ,F5,benq_f5-6693.php,2026-09-12T06:36:18Z
BenQ,F3,benq_f3-5878.php,2026-09-12T06:36:18Z
BenQ,A3,benq_a3-5847.php,2026-09-12T06:36:18Z
BenQ,E55,benq_e55-2464.php,2026-09-12T06:36:18Z
BenQ,C36,benq_c36-2361.php,2026-09-12T06:36:18Z
BenQ,E53,benq_e53-2362.php,2026-09-12T06:36:18Z
BenQ,T60,benq_t60-2333.php,2026-09-12T06:36:18Z
BenQ,M7,benq_m7-2160.php,2026-09-12T06:36:18Z
BenQ,E72,benq_e72-2117.php,2026-09-12T06:36:18Z
BenQ,C30,benq_c30-2113.php,2026-09-12T06:36:18Z
BenQ,T51,benq_t51-2112.php,2026-09-12T06:36:18Z
BenQ,T33,benq_t33-2114.php,2026-09-12T06:36:18Z
BenQ,EL71,benq_el71-2116.php,2026-09-12T06:36:18Z
BenQ,M580,benq_m580-1426.php,2026-09-12T06:36:18Z
BenQ,U700,benq_u700-1002.php,2026-09-12T06:36:18Z
BenQ,Z2,benq_z2-1001.php,2026-09-12T06:36:18Z
BenQ,M315,benq_m315-1423.php,2026-09-12T06:36:18Z
BenQ,M220,benq_m220-1422.php,2026-09-12T06:36:18Z
BenQ,S80,benq_s80-1000.php,2026-09-12T06:36:18Z
BenQ,A520,benq_a520-1019.php,2026-09-12T06:36:18Z
BenQ,M350,benq_m350-1162.php,2026-09-12T06:36:18Z
BenQ,A500,benq_a500-901.php,2026-09-12T06:36:18Z
BenQ,S680C,benq_s680c-871.php,2026-09-12T06:36:18Z
BenQ,P50,benq_p50-759.php,2026-09-12T06:36:18Z
BenQ,P31,benq_p31-758.php,2026-09-12T06:36:18Z
BenQ,P30,benq_p30-757.php,2026-09-12T06:36:18Z
BenQ,S700,benq_s700-756.php,2026-09-12T06:36:18Z
BenQ,M300,benq_m300-755.php,2026-09-12T06:36:18Z
BenQ,M100,benq_m100-754.php,2026-09-12T06:36:18Z
BenQ,S670C,benq_s670c-752.php,2026-09-12T06:36:18Z
BenQ,S660C,benq_s660c-753.php,2026-09-12T06:36:18Z
BenQ,M775C,benq_m775c-750.php,2026-09-12T06:36:18Z
BenQ,F52,benq-phones-31.php,2026-09-12T06:36:21Z
Bird,M32,bird_m32-1966.php,2026-09-12T06:36:23Z
Bird,D636,bird_d636-1965.php,2026-09-12T06:36:23Z
Bird,D706,bird_d706-1964.php,2026-09-12T06:36:23Z
Bird,D615,bird_d615-1963.php,2026-09-12T06:36:23Z
Bird,S768,bird_s768-1962.php,2026-09-12T06:36:23Z
Bird,S758,bird_s758-1961.php,2026-09-12T06:36:23Z
Bird,S618,bird_s618-1960.php,2026-09-12T06:36:23Z
Bird,D736,bird_d736-1959.php,2026-09-12T06:36:23Z
Bird,D716,bird_d716-1955.php,2026-09-12T06:36:23Z
Bird,D720,bird_d720-1952.php,2026-09-12T06:36:23Z
Bird,D611,bird_d611-1951.php,2026-09-12T06:36:23Z
Bird,D515,bird_d515-1950.php,2026-09-12T06:36:23Z
Bird,D612,bird_d612-1949.php,2026-09-12T06:36:23Z
Bird,M29,bird_m29-1948.php,2026-09-12T06:36:23Z
Bird,M01,bird_m01-1947.php,2026-09-12T06:36:23Z
Bird,M07,bird_m07-1946.php,2026-09-12T06:36:23Z
Bird,S1130,bird_s1130-1945.php,2026-09-12T06:36:23Z
Bird,S663,bird_s663-1943.php,2026-09-12T06:36:23Z
Bird,S661,bird_s661-1942.php,2026-09-12T06:36:23Z
Bird,S669,bird_s669-1941.php,2026-09-12T06:36:23Z
Bird,S668,bird_s668-1940.php,2026-09-12T06:36:23Z
Bird,S667,bird_s667-1939.php,2026-09-12T06:36:23Z
Bird,S296,bird_s296-1937.php,2026-09-12T06:36:23Z
Bird,D680,bird_d680-1407.php,2026-09-12T06:36:23Z
Bird,D660,bird_d660-1406.php,2026-09-12T06:36:23Z
Bird,M11,bird_m11-1405.php,2026-09-12T06:36:23Z
Bird,M08,bird_m08-1369.php,2026-09-12T06:36:23Z
Bird,S890,bird_s890-1368.php,2026-09-12T06:36:23Z
Bird,S798,bird_s798-1367.php,2026-09-12T06:36:23Z
Bird,S698,bird_s698-1366.php,2026-09-12T06:36:23Z
Bird,S198,bird_s198-1365.php,2026-09-12T06:36:23Z
Bird,S299,bird_s299-1364.php,2026-09-12T06:36:23Z
Bird,MP300,bird_mp300-1282.php,2026-09-12T06:36:23Z
Bird,M19,bird_m19-1283.php,2026-09-12T06:36:23Z
Bird,V109,bird_v109-1284.php,2026-09-12T06:36:23Z
Bird,S799,bird_s799-1286.php,2026-09-12T06:36:23Z
Bird,S699,bird_s699-1285.php,2026-09-12T06:36:23Z
Bird,V79,bird_v79-1281.php,2026-09-12T06:36:23Z
Bird,S1186,bird_s1186-1280.php,2026-09-12T06:36:23Z
Bird,S199,bird_s199-1231.php,2026-09-12T06:36:23Z
Bird,S789,bird_s789-1157.php,2026-09-12T06:36:23Z
Bird,V5510,bird_v5510-1210.php,2026-09-12T06:36:23Z
Bird,DV10,bird_dv10-1145.php,2026-09-12T06:36:23Z
Bird,S590,bird_s590-1006.php,2026-09-12T06:36:23Z
Bird,S580,bird_s580-1093.php,2026-09-12T06:36:23Z
Bird,A150,bird_a150-954.php,2026-09-12T06:36:23Z
Bird,A130,bird_a130-984.php,2026-09-12T06:36:23Z
Bird,A120,bird_a120-985.php,2026-09-12T06:36:23Z
Bird,M32,bird-phones-34.php,2026-09-12T06:36:26Z
Bird,S288,bird_s288-949.php,2026-09-12T06:36:26Z
Bird,S1160 Plus,bird_s1160_plus-986.php,2026-09-12T06:36:26Z
Bird,S1190,bird_s1190-987.php,2026-09-12T06:36:26Z
Bird,S288 Plus,bird_s288_plus-989.php,2026-09-12T06:36:26Z
Bird,S788,bird_s788-988.php,2026-09-12T06:36:26Z
Bird,V09,bird_v09-990.php,2026-09-12T06:36:26Z
Bird,S1160,bird_s1160-950.php,2026-09-12T06:36:28Z
Bird,S1180c,bird_s1180c-951.php,2026-09-12T06:36:28Z
Bird,SC24,bird_sc24-952.php,2026-09-12T06:36:28Z
Bird,S570,bird_s570-953.php,2026-09-12T06:36:28Z
Bird,G118,bird_g118-956.php,2026-09-12T06:36:28Z
Blackview,Xplore 6,blackview_xplore_6_5g-14857.php,2026-09-12T06:38:00Z
Blackview,Xplore X1 Pro,blackview_xplore_x1_pro_5g-14858.php,2026-09-12T06:38:00Z
Blackview,BL7000 Pro,blackview_bl7000_pro_5g-14852.php,2026-09-12T06:38:00Z
Blackview,Active 7,blackview_active_7-14851.php,2026-09-12T06:38:00Z
Blackview,Active 5,blackview_active_5-14850.php,2026-09-12T06:38:00Z
Blackview,Link Mini Kids,blackview_link_mini_kids-14842.php,2026-09-12T06:38:00Z
Blackview,Link 1 Kids,blackview_link_1_kids-14841.php,2026-09-12T06:38:00Z
Blackview,Wave 2C,blackview_wave_2c-14840.php,2026-09-12T06:38:00Z
Blackview,Xplore 2 Satellite,blackview_xplore_2_satellite_5g-14838.php,2026-09-12T06:38:00Z
Blackview,Xplore 2 Projector,blackview_xplore_2_projector_5g-14837.php,2026-09-12T06:38:00Z
Blackview,Xplore 1 Pro,blackview_xplore_1_pro_5g-14836.php,2026-09-12T06:38:00Z
Blackview,Zeno 5,blackview_zeno_5-14793.php,2026-09-12T06:38:00Z
Blackview,Mega 5,blackview_mega_5-14792.php,2026-09-12T06:38:00Z
Blackview,Wave 10C,blackview_wave_10c-14791.php,2026-09-12T06:38:00Z
Blackview,Wave 10,blackview_wave_10-14790.php,2026-09-12T06:38:00Z
Blackview,Rock 5,blackview_rock_5-14786.php,2026-09-12T06:38:00Z
Blackview,Rock 3,blackview_rock_3-14785.php,2026-09-12T06:38:00Z
Blackview,Rock 2 Pro,blackview_rock_2_pro_5g-14784.php,2026-09-12T06:38:00Z
Blackview,Rock 2,blackview_rock_2_5g-14783.php,2026-09-12T06:38:00Z
Blackview,Rock 1 Pro,blackview_rock_1_pro-14770.php,2026-09-12T06:38:00Z
Blackview,Rock 1,blackview_rock_1-14769.php,2026-09-12T06:38:00Z
Blackview,Fort 200,blackview_fort_200-14767.php,2026-09-12T06:38:00Z
Blackview,Fort 100,blackview_fort_100-14766.php,2026-09-12T06:38:00Z
Blackview,Fort 5,blackview_fort_5-14765.php,2026-09-12T06:38:00Z
Blackview,Wave 7C,blackview_wave_7c-14755.php,2026-09-12T06:38:00Z
Blackview,Mega 12,blackview_mega_12_5g-14437.php,2026-09-12T06:38:00Z
Blackview,Xplore 1 Walkie Talkie,blackview_xplore_1_walkie_talkie_5g-14438.php,2026-09-12T06:38:00Z
Blackview,Xplore X1,blackview_xplore_x1_5g-14439.php,2026-09-12T06:38:00Z
Blackview,Wave 9C,blackview_wave_9c-14440.php,2026-09-12T06:38:00Z
Blackview,Zeno 10,blackview_zeno_10_5g-14441.php,2026-09-12T06:38:00Z
Blackview,Link 2,blackview_link_2-14442.php,2026-09-12T06:38:00Z
Blackview,Link 8,blackview_link_8-14443.php,2026-09-12T06:38:00Z
Blackview,Fort 2,blackview_fort_2-14444.php,2026-09-12T06:38:00Z
Blackview,Xplore 2,blackview_xplore_2_5g-14229.php,2026-09-12T06:38:00Z
Blackview,Zeno 1,blackview_zeno_1-14154.php,2026-09-12T06:38:00Z
Blackview,Shark 6,blackview_shark_6_5g-14153.php,2026-09-12T06:38:00Z
Blackview,Color 6,blackview_color_6-14152.php,2026-09-12T06:38:00Z
Blackview,Fort 1,blackview_fort_1-14151.php,2026-09-12T06:38:00Z
Blackview,Xplore 1,blackview_xplore_1_5g-14127.php,2026-09-12T06:38:00Z
Blackview,Active 12 Pro,blackview_active_12_pro_5g-14064.php,2026-09-12T06:38:00Z
Blackview,Mega 3,blackview_mega_3-13940.php,2026-09-12T06:38:00Z
Blackview,BL7000,blackview_bl7000_5g-13849.php,2026-09-12T06:38:00Z
Blackview,BV7300,blackview_bv7300-13848.php,2026-09-12T06:38:00Z
Blackview,Mega 2 WiFi,blackview_mega_2_wifi-13840.php,2026-09-12T06:38:00Z
Blackview,Mega 8,blackview_mega_8-13839.php,2026-09-12T06:38:00Z
Blackview,BV4800 Pro,blackview_bv4800_pro-13716.php,2026-09-12T06:38:00Z
Blackview,Wave 8C,blackview_wave_8c-13638.php,2026-09-12T06:38:00Z
Blackview,Wave 8,blackview_wave_8-13637.php,2026-09-12T06:38:00Z
Blackview,BV8200,blackview_bv8200-13636.php,2026-09-12T06:38:00Z
Blackview,Mega 2,blackview_mega_2-13635.php,2026-09-12T06:38:00Z
Blackview,Xplore 6,blackview-phones-116.php,2026-09-12T06:38:03Z
Blackview,Tab 60 Pro,blackview_tab_60_pro-13634.php,2026-09-12T06:38:03Z
Blackview,Shark 8,blackview_shark_8-12680.php,2026-09-12T06:38:03Z
Blackview,Tab90WiFi,blackview_tab90wifi-13456.php,2026-09-12T06:38:03Z
Blackview,A200 Pro,blackview_a200_pro-12469.php,2026-09-12T06:38:03Z
Blackview,Tab 60 WiFi,blackview_tab_60_wifi-13633.php,2026-09-12T06:38:03Z
Blackview,N6000,blackview_n6000-12432.php,2026-09-12T06:38:03Z
Blackview,Color 8,blackview_color_8-12883.php,2026-09-12T06:38:03Z
Blackview,BL9000 Pro,blackview_bl9000_pro-12965.php,2026-09-12T06:38:03Z
Blackview,Hero 10,blackview_hero_10-13052.php,2026-09-12T06:38:03Z
Blackview,Tab 60,blackview_tab_60-12599.php,2026-09-12T06:38:03Z
Blackview,Active 8 Pro,blackview_active_8_pro-12408.php,2026-09-12T06:38:03Z
Blackview,BV9300,blackview_bv9300-12266.php,2026-09-12T06:38:03Z
Blackview,Tab 16 Pro,blackview_tab_16_pro-13054.php,2026-09-12T06:38:03Z
Blackview,BV6200 Pro,blackview_bv6200_pro-12593.php,2026-09-12T06:38:03Z
Blackview,Shark 9,blackview_shark_9-13453.php,2026-09-12T06:38:03Z
Blackview,Active 10 Pro,blackview_active_10_pro-13566.php,2026-09-12T06:38:05Z
Blackview,A52 Pro,blackview_a52_pro-13601.php,2026-09-12T06:38:05Z
Blackview,Tab 18,blackview_tab_18-12682.php,2026-09-12T06:38:05Z
Blackview,Wave 6C,blackview_wave_6c-13454.php,2026-09-12T06:38:05Z
Blackview,BV5300 Pro,blackview_bv5300_pro-12410.php,2026-09-12T06:38:05Z
Blackview,BV8900,blackview_bv8900-12372.php,2026-09-12T06:38:05Z
Blackview,Tab 16,blackview_tab_16-12164.php,2026-09-12T06:38:05Z
Blackview,A96,blackview_a96-12590.php,2026-09-12T06:38:05Z
Blackview,BV8800,blackview_bv8800-11405.php,2026-09-12T06:38:05Z
Blackview,A70 Pro,blackview_a70_pro-11584.php,2026-09-12T06:38:05Z
Blackview,BV9200,blackview_bv9200-12055.php,2026-09-12T06:38:05Z
Blackview,Tab 70 WiFi,blackview_tab_70_wifi-12597.php,2026-09-12T06:38:05Z
Blackview,Tab 13,blackview_tab_13-11761.php,2026-09-12T06:38:05Z
Blackview,Tab 15,blackview_tab_15-11964.php,2026-09-12T06:38:05Z
Blackview,Tab 80,blackview_tab_80-12596.php,2026-09-12T06:38:05Z
Blackview,Mega 1,blackview_mega_1-12884.php,2026-09-12T06:38:05Z
Blackview,A85,blackview_a85-12000.php,2026-09-12T06:38:05Z
Blackview,Tab 12 Pro,blackview_tab_12_pro-12433.php,2026-09-12T06:38:05Z
Blackview,Tab 50 WiFi,blackview_tab_50_wifi-12598.php,2026-09-12T06:38:05Z
Blackview,BL8000,blackview_bl8000-12794.php,2026-09-12T06:38:05Z
Blackview,A100,blackview_a100-11571.php,2026-09-12T06:38:05Z
Blackview,A95,blackview_a95-11572.php,2026-09-12T06:38:05Z
Blackview,Tab 7,blackview_tab_7-11873.php,2026-09-12T06:38:05Z
Blackview,BV8100,blackview_bv8100-13055.php,2026-09-12T06:38:05Z
Blackview,BL8800 Pro,blackview_bl8800_pro-11534.php,2026-09-12T06:38:05Z
Blackview,BV7100,blackview_bv7100-11870.php,2026-09-12T06:38:05Z
Blackview,Tab 8 WiFi,blackview_tab_8_wifi-12405.php,2026-09-12T06:38:05Z
Blackview,Tab 11,blackview_tab_11-11590.php,2026-09-12T06:38:05Z
Blackview,Tab 12,blackview_tab_12-11589.php,2026-09-12T06:38:05Z
Blackview,Tab 8,blackview_tab_8-11595.php,2026-09-12T06:38:05Z
Blackview,BV7200,blackview_bv7200-11963.php,2026-09-12T06:38:05Z
Blackview,BV5900,blackview_bv5900-11566.php,2026-09-12T06:38:05Z
Blackview,BV9900E,blackview_bv9900e-11558.php,2026-09-12T06:38:05Z
Blackview,Tab 6,blackview_tab_6-11596.php,2026-09-12T06:38:05Z
Bosch,909 Dual S,bosch_909_dual_s-183.php,2026-09-12T06:39:39Z
Bosch,909 Dual,bosch_909_dual-142.php,2026-09-12T06:39:39Z
Bosch,Com 908,bosch_com_908-141.php,2026-09-12T06:39:39Z
Bosch,Com 509,bosch_com_509-140.php,2026-09-12T06:39:39Z
Bosch,World 718,bosch_world_718-139.php,2026-09-12T06:39:39Z
Bosch,Com 738,bosch_com_738-138.php,2026-09-12T06:39:39Z
Bosch,Com 906,bosch_com_906-137.php,2026-09-12T06:39:39Z
Bosch,Com 608,bosch_com_608-136.php,2026-09-12T06:39:39Z
Bosch,Com 607,bosch_com_607-135.php,2026-09-12T06:39:39Z
Bosch,Com 207,bosch_com_207-134.php,2026-09-12T06:39:39Z
Bosch,909 Dual S,bosch-phones-10.php,2026-09-12T06:39:42Z
Casio,G'zOne CA-201L,casio_g_zone_ca_201l-5384.php,2026-09-12T06:39:44Z
Casio,G'zOne Commando,casio_g_zone_commando-4550.php,2026-09-12T06:39:44Z
Casio,G'zOne Ravine 2,casio_g_zone_ravine_2-4551.php,2026-09-12T06:39:44Z
Casio,G'zOne Ravine,casio_g_zone_ravine-4553.php,2026-09-12T06:39:44Z
Casio,G'zOne Brigade,casio_g_zone_brigade-4558.php,2026-09-12T06:39:44Z
Casio,G'zOne CA-201L,casio-phones-77.php,2026-09-12T06:39:46Z
Celkon,A403,celkon_a403-7618.php,2026-09-12T06:39:49Z
Celkon,Campus Prime,celkon_campus_prime-7617.php,2026-09-12T06:39:49Z
Celkon,Millennia Everest,celkon_millennia_everest-7616.php,2026-09-12T06:39:49Z
Celkon,Millennia Hero,celkon_millennia_hero-7615.php,2026-09-12T06:39:49Z
Celkon,Millennia Xplore,celkon_millennia_xplore-7461.php,2026-09-12T06:39:49Z
Celkon,Q455L,celkon_q455l-7460.php,2026-09-12T06:39:49Z
Celkon,2GB Xpress,celkon_2gb_xpress-7459.php,2026-09-12T06:39:49Z
Celkon,A35k Remote,celkon_a35k_remote-7376.php,2026-09-12T06:39:49Z
Celkon,Q3K Power,celkon_q3k_power-7375.php,2026-09-12T06:39:49Z
Celkon,Q5K Power,celkon_q5k_power-7374.php,2026-09-12T06:39:49Z
Celkon,Q452,celkon_q452-7373.php,2026-09-12T06:39:49Z
Celkon,A402,celkon_a402-7372.php,2026-09-12T06:39:49Z
Celkon,Q519,celkon_q519-7286.php,2026-09-12T06:39:49Z
Celkon,Q450,celkon_q450-7285.php,2026-09-12T06:39:49Z
Celkon,Q405,celkon_q405-7284.php,2026-09-12T06:39:49Z
Celkon,A518,celkon_a518-7283.php,2026-09-12T06:39:49Z
Celkon,A407,celkon_a407-7282.php,2026-09-12T06:39:49Z
Celkon,A359,celkon_a359-7281.php,2026-09-12T06:39:49Z
Celkon,A355,celkon_a355-7280.php,2026-09-12T06:39:49Z
Celkon,Campus Buddy A404,celkon_campus_buddy_a404-7138.php,2026-09-12T06:39:49Z
Celkon,Millennia OCTA510,celkon_millennia_octa510-6922.php,2026-09-12T06:39:49Z
Celkon,Win 400,celkon_win_400-6820.php,2026-09-12T06:39:49Z
Celkon,Campus Whizz Q42,celkon_campus_whizz_q42-6798.php,2026-09-12T06:39:49Z
Celkon,Millennia Epic Q550,celkon_millennia_epic_q550-6783.php,2026-09-12T06:39:49Z
Celkon,Xion s CT695,celkon_xion_s_ct695-6757.php,2026-09-12T06:39:49Z
Celkon,Campus Colt A401,celkon_campus_colt_a401-6756.php,2026-09-12T06:39:49Z
Celkon,Campus Crown Q40,celkon_campus_crown_q40-6724.php,2026-09-12T06:39:49Z
Celkon,Glory Q5,celkon_glory_q5-6723.php,2026-09-12T06:39:49Z
Celkon,Campus One A354C,celkon_campus_one_a354c-6722.php,2026-09-12T06:39:49Z
Celkon,Campus Nova A352E,celkon_campus_nova_a352e-6721.php,2026-09-12T06:39:49Z
Celkon,A43,celkon_a43-6550.php,2026-09-12T06:39:49Z
Celkon,A42,celkon_a42-6549.php,2026-09-12T06:39:49Z
Celkon,Q500 Millennium Ultra,celkon_q500_millennium_ultra-6591.php,2026-09-12T06:39:49Z
Celkon,Q44,celkon_q44-6536.php,2026-09-12T06:39:49Z
Celkon,A500,celkon_a500-6535.php,2026-09-12T06:39:49Z
Celkon,A21,celkon_a21-6514.php,2026-09-12T06:39:49Z
Celkon,A115,celkon_a115-6513.php,2026-09-12T06:39:49Z
Celkon,Q455,celkon_q455-6515.php,2026-09-12T06:39:49Z
Celkon,Q470,celkon_q470-6512.php,2026-09-12T06:39:49Z
Celkon,Q3000,celkon_q3000-6511.php,2026-09-12T06:39:49Z
Celkon,A35k,celkon_a35k-6451.php,2026-09-12T06:39:49Z
Celkon,A125,celkon_a125-6291.php,2026-09-12T06:39:49Z
Celkon,C7010,celkon_c7010-6271.php,2026-09-12T06:39:49Z
Celkon,C5055,celkon_c5055-6270.php,2026-09-12T06:39:49Z
Celkon,C9 Jumbo,celkon_c9_jumbo-6269.php,2026-09-12T06:39:49Z
Celkon,C7 Jumbo,celkon_c7_jumbo-6268.php,2026-09-12T06:39:49Z
Celkon,C6 Star,celkon_c6_star-6267.php,2026-09-12T06:39:49Z
Celkon,C44 Duos,celkon_c44_duos-6266.php,2026-09-12T06:39:49Z
Celkon,C366,celkon_c366-6265.php,2026-09-12T06:39:49Z
Celkon,Campus Buddy A404,celkon-phones-75.php,2026-09-12T06:39:52Z
Celkon,C404,celkon_c404-4480.php,2026-09-12T06:39:52Z
Celkon,C4040,celkon_c4040-6184.php,2026-09-12T06:39:52Z
Celkon,A63,celkon_a63-5629.php,2026-09-12T06:39:52Z
Celkon,A67,celkon_a67-5366.php,2026-09-12T06:39:52Z
Celkon,A87,celkon_a87-5369.php,2026-09-12T06:39:52Z
Celkon,A107,celkon_a107-5504.php,2026-09-12T06:39:52Z
Celkon,C720,celkon_c720-6188.php,2026-09-12T06:39:52Z
Celkon,C444,celkon_c444-4510.php,2026-09-12T06:39:52Z
Celkon,A86,celkon_a86-5368.php,2026-09-12T06:39:55Z
Celkon,A119 Signature HD,celkon_a119_signature_hd-5387.php,2026-09-12T06:39:55Z
Celkon,C5050 Star,celkon_c5050_star-5622.php,2026-09-12T06:39:55Z
Celkon,A112,celkon_a112-5630.php,2026-09-12T06:39:55Z
Celkon,A66,celkon_a66-6181.php,2026-09-12T06:39:55Z
Celkon,ARR35,celkon_arr35-6185.php,2026-09-12T06:39:55Z
Celkon,C5,celkon_c5-4522.php,2026-09-12T06:39:55Z
Celkon,A59,celkon_a59-5286.php,2026-09-12T06:39:55Z
Celkon,A118,celkon_a118-5545.php,2026-09-12T06:39:55Z
Celkon,A20,celkon_a20-5627.php,2026-09-12T06:39:55Z
Celkon,Monalisa 5,celkon_monalisa_5-5694.php,2026-09-12T06:39:55Z
Celkon,C7045,celkon_c7045-5734.php,2026-09-12T06:39:55Z
Celkon,A40,celkon_a40-6000.php,2026-09-12T06:39:55Z
Celkon,C779,celkon_c779-6177.php,2026-09-12T06:39:55Z
Celkon,A64,celkon_a64-6180.php,2026-09-12T06:39:55Z
Celkon,A9 Dual,celkon_a9_dual-6182.php,2026-09-12T06:39:55Z
Celkon,C820,celkon_c820-6189.php,2026-09-12T06:39:55Z
Celkon,CT-888,celkon_ct_888-6187.php,2026-09-12T06:39:55Z
Celkon,C619,celkon_c619-6222.php,2026-09-12T06:39:55Z
Celkon,C100,celkon_c100-4490.php,2026-09-12T06:39:55Z
Celkon,C20,celkon_c20-4501.php,2026-09-12T06:39:55Z
Celkon,A99,celkon_a99-4541.php,2026-09-12T06:39:55Z
Celkon,i4,celkon_i4-4806.php,2026-09-12T06:39:55Z
Celkon,C52,celkon_c52-5030.php,2026-09-12T06:39:55Z
Celkon,A79,celkon_a79-5264.php,2026-09-12T06:39:55Z
Celkon,A119Q Signature HD,celkon_a119q_signature_hd-5448.php,2026-09-12T06:39:55Z
Celkon,A10,celkon_a10-5626.php,2026-09-12T06:39:55Z
Celkon,A105,celkon_a105-5619.php,2026-09-12T06:39:55Z
Celkon,A60,celkon_a60-5628.php,2026-09-12T06:39:55Z
Celkon,C76,celkon_c76-5731.php,2026-09-12T06:39:55Z
Celkon,C399,celkon_c399-5732.php,2026-09-12T06:39:55Z
Celkon,C605,celkon_c605-5733.php,2026-09-12T06:39:55Z
Celkon,AR45,celkon_ar45-5765.php,2026-09-12T06:39:55Z
Celkon,AR40,celkon_ar40-5916.php,2026-09-12T06:39:55Z
Celkon,AR50,celkon_ar50-5917.php,2026-09-12T06:39:55Z
Celkon,C340,celkon_c340-6174.php,2026-09-12T06:39:55Z
Coolpad,C35c,coolpad_c35c-14833.php,2026-09-12T06:41:27Z
Coolpad,C35 Plus,coolpad_c35_plus-14427.php,2026-09-12T06:41:27Z
Coolpad,C35,coolpad_c35-14426.php,2026-09-12T06:41:27Z
Coolpad,CP12 Neo Plus,coolpad_cp12_neo_plus-14425.php,2026-09-12T06:41:27Z
Coolpad,CP12 Neo,coolpad_cp12_neo-13759.php,2026-09-12T06:41:27Z
Coolpad,X100,coolpad_x100-13669.php,2026-09-12T06:41:27Z
Coolpad,Cool 40i,coolpad_cool_40i-13575.php,2026-09-12T06:41:27Z
Coolpad,C16s,coolpad_c16s-13535.php,2026-09-12T06:41:27Z
Coolpad,C16,coolpad_c16-13348.php,2026-09-12T06:41:27Z
Coolpad,Cool 30 Play,coolpad_cool_30_play-13149.php,2026-09-12T06:41:27Z
Coolpad,C15,coolpad_c15-13136.php,2026-09-12T06:41:27Z
Coolpad,Cool 30i,coolpad_cool_30i-12766.php,2026-09-12T06:41:27Z
Coolpad,CP12s,coolpad_cp12s-12729.php,2026-09-12T06:41:27Z
Coolpad,CP12,coolpad_cp12-12422.php,2026-09-12T06:41:27Z
Coolpad,CP12p,coolpad_cp12p-12423.php,2026-09-12T06:41:27Z
Coolpad,Cool 20s,coolpad_cool_20s-11615.php,2026-09-12T06:41:27Z
Coolpad,Cool 20,coolpad_cool_20-11620.php,2026-09-12T06:41:27Z
Coolpad,Cool 20 Pro,coolpad_cool_20_pro-11256.php,2026-09-12T06:41:27Z
Coolpad,Cool 10A,coolpad_cool_10a-10836.php,2026-09-12T06:41:27Z
Coolpad,Cool S,coolpad_cool_s-10685.php,2026-09-12T06:41:27Z
Coolpad,Cool 6,coolpad_cool_6-10513.php,2026-09-12T06:41:27Z
Coolpad,Cool 12A,coolpad_cool_12a-10491.php,2026-09-12T06:41:27Z
Coolpad,Cool 10,coolpad_cool_10-10492.php,2026-09-12T06:41:27Z
Coolpad,Legacy 5G,coolpad_legacy_5g-10030.php,2026-09-12T06:41:27Z
Coolpad,Legacy,coolpad_legacy-9960.php,2026-09-12T06:41:27Z
Coolpad,Cool 5,coolpad_cool_5-9902.php,2026-09-12T06:41:27Z
Coolpad,Cool 3 Plus,coolpad_cool_3_plus-9762.php,2026-09-12T06:41:27Z
Coolpad,Cool Play 8,coolpad_cool_play_8-9488.php,2026-09-12T06:41:27Z
Coolpad,Mega 5A,coolpad_mega_5a-9297.php,2026-09-12T06:41:27Z
Coolpad,Note 6,coolpad_note_6-9189.php,2026-09-12T06:41:27Z
Coolpad,Cool 2,coolpad_cool_2-9183.php,2026-09-12T06:41:27Z
Coolpad,Cool Play 6,coolpad_cool_play_6-8820.php,2026-09-12T06:41:27Z
Coolpad,Cool M7,coolpad_cool_m7-8821.php,2026-09-12T06:41:27Z
Coolpad,NX1,coolpad_nx1-8807.php,2026-09-12T06:41:27Z
Coolpad,Defiant,coolpad_defiant-8754.php,2026-09-12T06:41:27Z
Coolpad,Note 5 Lite,coolpad_note_5_lite-8618.php,2026-09-12T06:41:27Z
Coolpad,Cool1 dual,coolpad_cool1_dual-8272.php,2026-09-12T06:41:27Z
Coolpad,Conjr,coolpad_conjr-8511.php,2026-09-12T06:41:27Z
Coolpad,Cool S1,coolpad_cool_s1-8481.php,2026-09-12T06:41:27Z
Coolpad,Note 3s,coolpad_note_3s-8473.php,2026-09-12T06:41:27Z
Coolpad,Mega 3,coolpad_mega_3-8464.php,2026-09-12T06:41:27Z
Coolpad,Note 5,coolpad_note_5-8364.php,2026-09-12T06:41:27Z
Coolpad,Modena 2,coolpad_modena_2-8326.php,2026-09-12T06:41:27Z
Coolpad,Mega,coolpad_mega-8267.php,2026-09-12T06:41:27Z
Coolpad,Torino,coolpad_torino-8273.php,2026-09-12T06:41:27Z
Coolpad,Note 3 Plus,coolpad_note_3_plus-8270.php,2026-09-12T06:41:27Z
Coolpad,Max,coolpad_max-8165.php,2026-09-12T06:41:27Z
Coolpad,Porto S,coolpad_porto_s-7895.php,2026-09-12T06:41:27Z
Coolpad,Torino S,coolpad_torino_s-7898.php,2026-09-12T06:41:27Z
Coolpad,C35c,coolpad-phones-105.php,2026-09-12T06:41:29Z
Coolpad,Note 3 Lite,coolpad_note_3_lite-7877.php,2026-09-12T06:41:29Z
Coolpad,Note 3,coolpad_note_3-7655.php,2026-09-12T06:41:29Z
Coolpad,3632,coolpad_3632-8583.php,2026-09-12T06:41:29Z
Coolpad,Modena,coolpad_modena-7551.php,2026-09-12T06:41:32Z
Coolpad,Shine,coolpad_shine-7654.php,2026-09-12T06:41:32Z
Coolpad,Roar,coolpad_roar-7752.php,2026-09-12T06:41:32Z
Dell,Venue 10 7000,dell_venue_10_7000-7188.php,2026-09-12T06:43:03Z
Dell,Venue 8 7000,dell_venue_8_7000-6714.php,2026-09-12T06:43:03Z
Dell,Venue 8,dell_venue_8-5752.php,2026-09-12T06:43:03Z
Dell,Venue 7 8 GB,dell_venue_7_8_gb-6053.php,2026-09-12T06:43:03Z
Dell,Venue 7,dell_venue_7-5751.php,2026-09-12T06:43:03Z
Dell,XPS 10,dell_xps_10-5160.php,2026-09-12T06:43:03Z
Dell,Streak 10 Pro,dell_streak_10_pro-4398.php,2026-09-12T06:43:03Z
Dell,Streak Pro D43,dell_streak_pro_d43-4384.php,2026-09-12T06:43:03Z
Dell,Streak 7,dell_streak_7-3881.php,2026-09-12T06:43:03Z
Dell,Streak 7 Wi-Fi,dell_streak_7_wi_fi-3882.php,2026-09-12T06:43:03Z
Dell,Venue,dell_venue-3281.php,2026-09-12T06:43:03Z
Dell,XCD35,dell_xcd35-3623.php,2026-09-12T06:43:03Z
Dell,XCD28,dell_xcd28-3622.php,2026-09-12T06:43:03Z
Dell,Smoke,dell_smoke-3282.php,2026-09-12T06:43:03Z
Dell,Flash,dell_flash-3283.php,2026-09-12T06:43:03Z
Dell,Venue Pro,dell_venue_pro-3280.php,2026-09-12T06:43:03Z
Dell,Streak,dell_streak-3353.php,2026-09-12T06:43:03Z
Dell,Aero,dell_aero-3248.php,2026-09-12T06:43:03Z
Dell,Mini 3i,dell_mini_3i-3033.php,2026-09-12T06:43:03Z
Dell,Mini 3iX,dell_mini_3ix-3010.php,2026-09-12T06:43:03Z
Dell,Venue 10 7000,dell-phones-61.php,2026-09-12T06:43:06Z
Emporia,Glam,emporia_glam-6264.php,2026-09-12T06:43:08Z
Emporia,Flip Basic,emporia_flip_basic-6263.php,2026-09-12T06:43:08Z
Emporia,Eco,emporia_eco-6262.php,2026-09-12T06:43:08Z
Emporia,Click Plus,emporia_click_plus-6261.php,2026-09-12T06:43:08Z
Emporia,Essence Plus,emporia_essence_plus-6260.php,2026-09-12T06:43:08Z
Emporia,Solid Plus,emporia_solid_plus-6231.php,2026-09-12T06:43:08Z
Emporia,Care Plus,emporia_care_plus-6230.php,2026-09-12T06:43:08Z
Emporia,Elegance Plus,emporia_elegance_plus-6229.php,2026-09-12T06:43:08Z
Emporia,Elegance,emporia_elegance-6259.php,2026-09-12T06:43:08Z
Emporia,Connect,emporia_connect-6228.php,2026-09-12T06:43:08Z
Emporia,Click,emporia_click-6226.php,2026-09-12T06:43:08Z
Emporia,Talk Comfort Plus,emporia_talk_comfort_plus-6258.php,2026-09-12T06:43:08Z
Emporia,Talk Comfort,emporia_talk_comfort-6225.php,2026-09-12T06:43:08Z
Emporia,RL1,emporia_rl1-6224.php,2026-09-12T06:43:08Z
Emporia,Talk Premium,emporia_talk_premium-6223.php,2026-09-12T06:43:08Z
Emporia,Glam,emporia-phones-93.php,2026-09-12T06:43:10Z
Ericsson,R600,ericsson_r600-283.php,2026-09-12T06:43:13Z
Ericsson,T68,ericsson_t68-253.php,2026-09-12T06:43:13Z
Ericsson,T66,ericsson_t66-282.php,2026-09-12T06:43:13Z
Ericsson,T65,ericsson_t65-266.php,2026-09-12T06:43:13Z
Ericsson,T39,ericsson_t39-252.php,2026-09-12T06:43:13Z
Ericsson,A3618,ericsson_a3618-262.php,2026-09-12T06:43:13Z
Ericsson,T29s,ericsson_t29s-225.php,2026-09-12T06:43:13Z
Ericsson,R520m,ericsson_r520m-199.php,2026-09-12T06:43:13Z
Ericsson,T20e,ericsson_t20e-251.php,2026-09-12T06:43:13Z
Ericsson,A2628,ericsson_a2628-226.php,2026-09-12T06:43:13Z
Ericsson,T20s,ericsson_t20s-211.php,2026-09-12T06:43:13Z
Ericsson,T36,ericsson_t36-190.php,2026-09-12T06:43:13Z
Ericsson,R380,ericsson_r380-195.php,2026-09-12T06:43:13Z
Ericsson,R320,ericsson_r320-194.php,2026-09-12T06:43:13Z
Ericsson,R310s,ericsson_r310s-200.php,2026-09-12T06:43:13Z
Ericsson,A2618,ericsson_a2618-193.php,2026-09-12T06:43:13Z
Ericsson,R250s PRO,ericsson_r250s_pro-119.php,2026-09-12T06:43:13Z
Ericsson,T28 World,ericsson_t28_world-118.php,2026-09-12T06:43:13Z
Ericsson,T28s,ericsson_t28s-117.php,2026-09-12T06:43:13Z
Ericsson,T18s,ericsson_t18s-116.php,2026-09-12T06:43:13Z
Ericsson,T10s,ericsson_t10s-115.php,2026-09-12T06:43:13Z
Ericsson,A1018s,ericsson_a1018s-114.php,2026-09-12T06:43:13Z
Ericsson,I 888,ericsson_i_888-113.php,2026-09-12T06:43:13Z
Ericsson,SH 888,ericsson_sh_888-112.php,2026-09-12T06:43:13Z
Ericsson,S 868,ericsson_s_868-111.php,2026-09-12T06:43:13Z
Ericsson,GF 788e,ericsson_gf_788e-110.php,2026-09-12T06:43:13Z
Ericsson,GF 788,ericsson_gf_788-109.php,2026-09-12T06:43:13Z
Ericsson,PF 768,ericsson_pf_768-108.php,2026-09-12T06:43:13Z
Ericsson,GF 768,ericsson_gf_768-107.php,2026-09-12T06:43:13Z
Ericsson,GH 688,ericsson_gh_688-106.php,2026-09-12T06:43:13Z
Ericsson,GA 628,ericsson_ga_628-105.php,2026-09-12T06:43:13Z
Ericsson,GF 388,ericsson_gf_388-104.php,2026-09-12T06:43:13Z
Ericsson,GH 388,ericsson_gh_388-103.php,2026-09-12T06:43:13Z
Ericsson,GS 337,ericsson_gs_337-102.php,2026-09-12T06:43:13Z
Ericsson,GF 337,ericsson_gf_337-101.php,2026-09-12T06:43:13Z
Ericsson,GH 337,ericsson_gh_337-100.php,2026-09-12T06:43:13Z
Ericsson,GA 318,ericsson_ga_318-99.php,2026-09-12T06:43:13Z
Ericsson,GS 18,ericsson_gs_18-98.php,2026-09-12T06:43:13Z
Ericsson,GO 118,ericsson_go_118-97.php,2026-09-12T06:43:13Z
Ericsson,GH 218,ericsson_gh_218-96.php,2026-09-12T06:43:13Z
Ericsson,GF 788e,ericsson-phones-2.php,2026-09-12T06:43:15Z
Fairphone,6,fairphone_6-13955.php,2026-09-12T06:43:18Z
Fairphone,5,fairphone_5-12540.php,2026-09-12T06:43:18Z
Fairphone,4,fairphone_4-11136.php,2026-09-12T06:43:18Z
Fairphone,3,fairphone_3-10397.php,2026-09-12T06:43:18Z
Fairphone,6,fairphone-phones-127.php,2026-09-12T06:43:20Z
Garmin-Asus,A10,garmin_asus_a10-3295.php,2026-09-12T06:43:22Z
Garmin-Asus,nuvifone A50,garmin_asus_nuvifone_a50-3139.php,2026-09-12T06:43:22Z
Garmin-Asus,nuvifone M10,garmin_asus_nuvifone_m10-3097.php,2026-09-12T06:43:22Z
Garmin-Asus,nuvifone G60,garmin_asus_nuvifone_g60-2725.php,2026-09-12T06:43:22Z
Garmin-Asus,nuvifone M20,garmin_asus_nuvifone_m20-2724.php,2026-09-12T06:43:22Z
Garmin-Asus,A10,garmin_asus-phones-65.php,2026-09-12T06:43:25Z
Gionee,G13 Pro,gionee_g13_pro-11339.php,2026-09-12T06:43:27Z
Gionee,P15,gionee_p15-11027.php,2026-09-12T06:43:27Z
Gionee,Smartwatch 7,gionee_smartwatch_7-10957.php,2026-09-12T06:43:27Z
Gionee,M15,gionee_m15-10931.php,2026-09-12T06:43:27Z
Gionee,M3,gionee_m3-10835.php,2026-09-12T06:43:27Z
Gionee,P15 Pro,gionee_p15_pro-10814.php,2026-09-12T06:43:27Z
Gionee,Max Pro,gionee_max_pro-10757.php,2026-09-12T06:43:27Z
Gionee,K30 Pro,gionee_k30_pro-10628.php,2026-09-12T06:43:27Z
Gionee,P12,gionee_p12-10638.php,2026-09-12T06:43:27Z
Gionee,M12,gionee_m12-10600.php,2026-09-12T06:43:27Z
Gionee,S12 Lite,gionee_s12_lite-10477.php,2026-09-12T06:43:27Z
Gionee,S12,gionee_s12-10534.php,2026-09-12T06:43:27Z
Gionee,M30,gionee_m30-10392.php,2026-09-12T06:43:27Z
Gionee,Max,gionee_max-10391.php,2026-09-12T06:43:27Z
Gionee,K3 Pro,gionee_k3_pro-10389.php,2026-09-12T06:43:27Z
Gionee,K6,gionee_k6-10270.php,2026-09-12T06:43:27Z
Gionee,F205,gionee_f205-9182.php,2026-09-12T06:43:27Z
Gionee,S11S,gionee_s11s-8948.php,2026-09-12T06:43:27Z
Gionee,S11,gionee_s11-8949.php,2026-09-12T06:43:27Z
Gionee,S11 lite,gionee_s11_lite-8951.php,2026-09-12T06:43:27Z
Gionee,M7 Plus,gionee_m7_plus-8950.php,2026-09-12T06:43:27Z
Gionee,M7 Power,gionee_m7_power-8879.php,2026-09-12T06:43:27Z
Gionee,M7,gionee_m7-8874.php,2026-09-12T06:43:27Z
Gionee,X1s,gionee_x1s-8871.php,2026-09-12T06:43:27Z
Gionee,X1,gionee_x1-8815.php,2026-09-12T06:43:27Z
Gionee,P8 Max,gionee_p8_max-8499.php,2026-09-12T06:43:27Z
Gionee,A1 Lite,gionee_a1_lite-8724.php,2026-09-12T06:43:27Z
Gionee,S10,gionee_s10-8648.php,2026-09-12T06:43:27Z
Gionee,S10B,gionee_s10b-8701.php,2026-09-12T06:43:27Z
Gionee,S10C,gionee_s10c-8702.php,2026-09-12T06:43:27Z
Gionee,M6s Plus,gionee_m6s_plus-8673.php,2026-09-12T06:43:27Z
Gionee,A1 Plus,gionee_a1_plus-8606.php,2026-09-12T06:43:27Z
Gionee,A1,gionee_a1-8581.php,2026-09-12T06:43:27Z
Gionee,F5,gionee_f5-8565.php,2026-09-12T06:43:27Z
Gionee,M2017,gionee_m2017-8495.php,2026-09-12T06:43:27Z
Gionee,Steel 2,gionee_steel_2-8521.php,2026-09-12T06:43:27Z
Gionee,S9,gionee_s9-8432.php,2026-09-12T06:43:27Z
Gionee,P7,gionee_p7-8241.php,2026-09-12T06:43:27Z
Gionee,P7 Max,gionee_p7_max-8366.php,2026-09-12T06:43:27Z
Gionee,F103 Pro,gionee_f103_pro-8369.php,2026-09-12T06:43:27Z
Gionee,S6s,gionee_s6s-8289.php,2026-09-12T06:43:27Z
Gionee,M6 Plus,gionee_m6_plus-8235.php,2026-09-12T06:43:27Z
Gionee,M6,gionee_m6-8234.php,2026-09-12T06:43:27Z
Gionee,S6 Pro,gionee_s6_pro-8139.php,2026-09-12T06:43:27Z
Gionee,P5 Mini,gionee_p5_mini-8013.php,2026-09-12T06:43:27Z
Gionee,W909,gionee_w909-8006.php,2026-09-12T06:43:27Z
Gionee,S8,gionee_s8-7919.php,2026-09-12T06:43:27Z
Gionee,Marathon M5 mini,gionee_marathon_m5_mini-7881.php,2026-09-12T06:43:27Z
Gionee,Marathon M5 enjoy,gionee_marathon_m5_enjoy-7831.php,2026-09-12T06:43:27Z
Gionee,Marathon M5 Plus,gionee_marathon_m5_plus-7830.php,2026-09-12T06:43:27Z
Gionee,G13 Pro,gionee-phones-92.php,2026-09-12T06:43:30Z
Gionee,Elife S5.1,gionee_elife_s5_1-6540.php,2026-09-12T06:43:30Z
Gionee,Elife S5.5,gionee_elife_s5_5-6109.php,2026-09-12T06:43:30Z
Gionee,Marathon M5,gionee_marathon_m5-7259.php,2026-09-12T06:43:30Z
Gionee,Elife E7,gionee_elife_e7-6082.php,2026-09-12T06:43:30Z
Gionee,F103,gionee_f103-7653.php,2026-09-12T06:43:30Z
Gionee,Pioneer P5W,gionee_pioneer_p5w-7800.php,2026-09-12T06:43:30Z
Gionee,M2,gionee_m2-6086.php,2026-09-12T06:43:30Z
Gionee,Elife S7,gionee_elife_s7-7032.php,2026-09-12T06:43:30Z
Gionee,S6,gionee_s6-7754.php,2026-09-12T06:43:30Z
Gionee,Elife E8,gionee_elife_e8-7254.php,2026-09-12T06:43:30Z
Gionee,Marathon M5 lite,gionee_marathon_m5_lite-7803.php,2026-09-12T06:43:30Z
Gionee,Elife E3,gionee_elife_e3-6085.php,2026-09-12T06:43:32Z
Gionee,Pioneer P4,gionee_pioneer_p4-6711.php,2026-09-12T06:43:32Z
Gionee,L800,gionee_l800-7808.php,2026-09-12T06:43:32Z
Gionee,Pioneer P5L,gionee_pioneer_p5l-7199.php,2026-09-12T06:43:32Z
Gionee,Elife E6,gionee_elife_e6-6083.php,2026-09-12T06:43:32Z
Gionee,Pioneer P2,gionee_pioneer_p2-6091.php,2026-09-12T06:43:32Z
Gionee,Dream D1,gionee_dream_d1-6097.php,2026-09-12T06:43:32Z
Gionee,Marathon M3,gionee_marathon_m3-6781.php,2026-09-12T06:43:32Z
Gionee,Elife S Plus,gionee_elife_s_plus-7732.php,2026-09-12T06:43:32Z
Gionee,Pioneer P2S,gionee_pioneer_p2s-7804.php,2026-09-12T06:43:32Z
Gionee,L700,gionee_l700-7807.php,2026-09-12T06:43:32Z
Gionee,Elife E7 Mini,gionee_elife_e7_mini-6119.php,2026-09-12T06:43:32Z
Gionee,S5.1 Pro,gionee_s5_1_pro-7541.php,2026-09-12T06:43:32Z
Gionee,S96,gionee_s96-7809.php,2026-09-12T06:43:32Z
Gionee,Pioneer P3,gionee_pioneer_p3-6090.php,2026-09-12T06:43:32Z
Gionee,Pioneer P1,gionee_pioneer_p1-6092.php,2026-09-12T06:43:32Z
Gionee,Gpad G2,gionee_gpad_g2-6351.php,2026-09-12T06:43:32Z
Gionee,Pioneer P6,gionee_pioneer_p6-7037.php,2026-09-12T06:43:32Z
Gionee,Marathon M4,gionee_marathon_m4-7471.php,2026-09-12T06:43:32Z
Gionee,Pioneer P3S,gionee_pioneer_p3s-7805.php,2026-09-12T06:43:32Z
Gionee,Gpad G5,gionee_gpad_g5-6892.php,2026-09-12T06:43:32Z
Gionee,Elife E5,gionee_elife_e5-6084.php,2026-09-12T06:43:32Z
Gionee,Pioneer P4S,gionee_pioneer_p4s-7215.php,2026-09-12T06:43:32Z
Gionee,Pioneer P2M,gionee_pioneer_p2m-7806.php,2026-09-12T06:43:32Z
Gionee,Gpad G4,gionee_gpad_g4-6087.php,2026-09-12T06:43:32Z
Gionee,Gpad G3,gionee_gpad_g3-6088.php,2026-09-12T06:43:32Z
Gionee,Gpad G1,gionee_gpad_g1-6089.php,2026-09-12T06:43:32Z
Gionee,Ctrl V4,gionee_ctrl_v4-6096.php,2026-09-12T06:43:32Z
Gionee,Ctrl V5,gionee_ctrl_v5-6340.php,2026-09-12T06:43:32Z
Gionee,Ctrl V4s,gionee_ctrl_v4s-6822.php,2026-09-12T06:43:32Z
Gionee,Ctrl V2,gionee_ctrl_v2-6094.php,2026-09-12T06:43:32Z
Gionee,Ctrl V1,gionee_ctrl_v1-6093.php,2026-09-12T06:43:32Z
Gionee,Ctrl V3,gionee_ctrl_v3-6095.php,2026-09-12T06:43:32Z
Gionee,Ctrl V6L,gionee_ctrl_v6l-7198.php,2026-09-12T06:43:32Z
Haier,C300,haier_c300-9170.php,2026-09-12T06:45:04Z
Haier,Hurricane,haier_hurricane-9169.php,2026-09-12T06:45:04Z
Haier,G8,haier_g8-9057.php,2026-09-12T06:45:04Z
Haier,L8,haier_l8-9055.php,2026-09-12T06:45:04Z
Haier,I6,haier_i6-9056.php,2026-09-12T06:45:04Z
Haier,L7,haier_l7-9048.php,2026-09-12T06:45:04Z
Haier,G7,haier_g7-9049.php,2026-09-12T06:45:04Z
Haier,G51,haier_g51-9050.php,2026-09-12T06:45:04Z
Haier,U69,haier_u69-3389.php,2026-09-12T06:45:04Z
Haier,U60,haier_u60-3388.php,2026-09-12T06:45:04Z
Haier,U56,haier_u56-3387.php,2026-09-12T06:45:04Z
Haier,U53,haier_u53-3386.php,2026-09-12T06:45:04Z
Haier,K3,haier_k3-3385.php,2026-09-12T06:45:04Z
Haier,A66,haier_a66-3384.php,2026-09-12T06:45:04Z
Haier,V730,haier_v730-3383.php,2026-09-12T06:45:04Z
Haier,V700,haier_v700-3382.php,2026-09-12T06:45:04Z
Haier,M306,haier_m306-3380.php,2026-09-12T06:45:04Z
Haier,M300,haier_m300-3379.php,2026-09-12T06:45:04Z
Haier,M180,haier_m180-3376.php,2026-09-12T06:45:04Z
Haier,M160,haier_m160-3378.php,2026-09-12T06:45:04Z
Haier,M150,haier_m150-3377.php,2026-09-12T06:45:04Z
Haier,A7,haier_a7-1767.php,2026-09-12T06:45:04Z
Haier,M600 Black Pearl,haier_m600_black_pearl-1742.php,2026-09-12T06:45:04Z
Haier,P8,haier_p8-1689.php,2026-09-12T06:45:04Z
Haier,A600,haier_a600-1688.php,2026-09-12T06:45:04Z
Haier,M2000,haier_m2000-1687.php,2026-09-12T06:45:04Z
Haier,M1200,haier_m1200-1686.php,2026-09-12T06:45:04Z
Haier,M1100,haier_m1100-1685.php,2026-09-12T06:45:04Z
Haier,M1000,haier_m1000-1684.php,2026-09-12T06:45:04Z
Haier,M80,haier_m80-1680.php,2026-09-12T06:45:04Z
Haier,M260,haier_m260-1679.php,2026-09-12T06:45:04Z
Haier,N90,haier_n90-1678.php,2026-09-12T06:45:04Z
Haier,N70,haier_n70-1674.php,2026-09-12T06:45:04Z
Haier,N60,haier_n60-1192.php,2026-09-12T06:45:04Z
Haier,T3000,haier_t3000-1176.php,2026-09-12T06:45:04Z
Haier,V280,haier_v280-1175.php,2026-09-12T06:45:04Z
Haier,F1100,haier_f1100-1016.php,2026-09-12T06:45:04Z
Haier,L1000,haier_l1000-1015.php,2026-09-12T06:45:04Z
Haier,P7,haier_p7-939.php,2026-09-12T06:45:04Z
Haier,V7000,haier_v7000-977.php,2026-09-12T06:45:04Z
Haier,V6200,haier_v6200-976.php,2026-09-12T06:45:04Z
Haier,V6100,haier_v6100-975.php,2026-09-12T06:45:04Z
Haier,V6000,haier_v6000-842.php,2026-09-12T06:45:04Z
Haier,P6,haier_p6-837.php,2026-09-12T06:45:04Z
Haier,V2000,haier_v2000-841.php,2026-09-12T06:45:04Z
Haier,V200,haier_v200-974.php,2026-09-12T06:45:04Z
Haier,V190,haier_v190-973.php,2026-09-12T06:45:04Z
Haier,V160,haier_v160-972.php,2026-09-12T06:45:04Z
Haier,V100,haier_v100-839.php,2026-09-12T06:45:04Z
Haier,Hurricane,haier-phones-33.php,2026-09-12T06:45:07Z
Haier,D6000,haier_d6000-835.php,2026-09-12T06:45:07Z
Haier,P5,haier_p5-836.php,2026-09-12T06:45:07Z
Haier,Z7000,haier_z7000-969.php,2026-09-12T06:45:07Z
Haier,Z8000,haier_z8000-838.php,2026-09-12T06:45:09Z
Haier,V1000,haier_v1000-840.php,2026-09-12T06:45:09Z
Haier,Z3000,haier_z3000-966.php,2026-09-12T06:45:09Z
Haier,Z300,haier_z300-971.php,2026-09-12T06:45:09Z
Haier,Z7100,haier_z7100-968.php,2026-09-12T06:45:09Z
Haier,Z100,haier_z100-970.php,2026-09-12T06:45:09Z
Honor,Play20A,honor-phones-f-121-9.php,2026-09-12T06:46:41Z
Honor,X7e Plus 4G,honor_x7e_plus-14896.php,2026-09-12T06:46:41Z
Honor,Turbo,honor_turbo_5g-14881.php,2026-09-12T06:46:41Z
Honor,Robot Phone,honor_robot_phone_5g-14827.php,2026-09-12T06:46:41Z
Honor,Pad 20 Pro,honor_pad_20_pro-14889.php,2026-09-12T06:46:41Z
Honor,X6e,honor_x6e-14843.php,2026-09-12T06:46:41Z
Honor,X7e Plus,honor_x7e_plus_5g-14834.php,2026-09-12T06:46:41Z
Honor,Watch 6 Plus,honor_watch_6_plus-14817.php,2026-09-12T06:46:41Z
Honor,X80 Pro Max,honor_x80_pro_max_5g-14718.php,2026-09-12T06:46:41Z
Honor,600 Smart,honor_600_smart_5g-14738.php,2026-09-12T06:46:41Z
Honor,Watch 6,honor_watch_6-14737.php,2026-09-12T06:46:41Z
Honor,X70 Pro Max,honor_x70_pro_max_5g-14729.php,2026-09-12T06:46:41Z
Honor,Play10,honor_play10_5g-14713.php,2026-09-12T06:46:41Z
Honor,Win Turbo,honor_win_turbo_5g-14684.php,2026-09-12T06:46:41Z
Honor,600e,honor_600e_5g-14688.php,2026-09-12T06:46:41Z
Honor,X7e,honor_x7e-14677.php,2026-09-12T06:46:41Z
Honor,500 Smart,honor_500_smart_5g-14689.php,2026-09-12T06:46:41Z
Honor,600 Pro,honor_600_pro_5g-14604.php,2026-09-12T06:46:41Z
Honor,600,honor_600_5g-14605.php,2026-09-12T06:46:41Z
Honor,Pad 20,honor_pad_20-14663.php,2026-09-12T06:46:41Z
Honor,MagicPad 3 Pro 12.3,honor_magicpad_3_pro_12_3-14629.php,2026-09-12T06:46:41Z
Honor,Play11 Plus,honor_play11_plus_5g-14662.php,2026-09-12T06:46:41Z
Honor,X70 Refresh,honor_x70_refresh_edition_5g-14589.php,2026-09-12T06:46:41Z
Honor,X5d Plus,honor_x5d_plus-14584.php,2026-09-12T06:46:41Z
Honor,X5d,honor_x5d-14583.php,2026-09-12T06:46:41Z
Honor,X80i,honor_x80i_5g-14579.php,2026-09-12T06:46:41Z
Honor,Play 80 Pro,honor_play_80_pro_5g-14577.php,2026-09-12T06:46:41Z
Honor,Play 80 Plus,honor_play_80_plus_5g-14650.php,2026-09-12T06:46:41Z
Honor,Play 70C,honor_play_70c-14653.php,2026-09-12T06:46:41Z
Honor,Play 80,honor_play_80_5g-14578.php,2026-09-12T06:46:41Z
Honor,Watch X5i,honor_watch_x5i-14580.php,2026-09-12T06:46:41Z
Honor,600 Lite,honor_600_lite_5g-14522.php,2026-09-12T06:46:41Z
Honor,Magic V6,honor_magic_v6_5g-14518.php,2026-09-12T06:46:41Z
Honor,MagicPad4,honor_magicpad4-14511.php,2026-09-12T06:46:41Z
Honor,Pad X8b,honor_pad_x8b-14489.php,2026-09-12T06:46:41Z
Honor,X6d,honor_x6d_5g-14484.php,2026-09-12T06:46:41Z
Honor,Magic8 RSR Porsche Design,honor_magic8_rsr_porsche_design_5g-14429.php,2026-09-12T06:46:41Z
Honor,Pad 10 Pro,honor_pad_10_pro-14590.php,2026-09-12T06:46:41Z
Honor,Magic8 Pro Air,honor_magic8_pro_air_5g-14405.php,2026-09-12T06:46:41Z
Honor,Watch GS 5,honor_watch_gs_5-14431.php,2026-09-12T06:46:41Z
Honor,Power2,honor_power_2_5g-14364.php,2026-09-12T06:46:41Z
Honor,Win,honor_win_5g-14377.php,2026-09-12T06:46:41Z
Honor,Win RT,honor_win_rt_5g-14376.php,2026-09-12T06:46:41Z
Honor,Play 60A,honor_play_60a_5g-14357.php,2026-09-12T06:46:41Z
Honor,X8d,honor_x8d-14351.php,2026-09-12T06:46:41Z
Honor,Magic8 Lite,honor_magic8_lite_5g-14341.php,2026-09-12T06:46:41Z
Honor,Watch X5,honor_watch_x5-14317.php,2026-09-12T06:46:41Z
Honor,600,honor-phones-121.php,2026-09-12T06:46:43Z
Honor,X9d,honor_x9d_5g-14176.php,2026-09-12T06:46:43Z
Honor,Magic8 Pro,honor_magic8_pro_5g-14231.php,2026-09-12T06:46:43Z
Honor,400,honor_400_5g-13799.php,2026-09-12T06:46:43Z
Honor,X6c,honor_x6c-13938.php,2026-09-12T06:46:43Z
Honor,200,honor_200-13050.php,2026-09-12T06:46:43Z
Honor,X9c,honor_x9c-13490.php,2026-09-12T06:46:43Z
Honor,400 Pro,honor_400_pro_5g-13798.php,2026-09-12T06:46:43Z
Honor,X7d,honor_x7d_5g-14175.php,2026-09-12T06:46:43Z
Honor,Play20A,honor_play20a-14897.php,2026-09-12T06:46:43Z
Honor,400 Lite,honor_400_lite-13742.php,2026-09-12T06:46:43Z
Honor,Magic7 Pro,honor_magic7_pro-13480.php,2026-09-12T06:46:43Z
Honor,X9b,honor_x9b-12629.php,2026-09-12T06:46:43Z
Honor,Magic6 Pro,honor_magic6_pro-12786.php,2026-09-12T06:46:43Z
Honor,200 Pro,honor_200_pro-13049.php,2026-09-12T06:46:43Z
Honor,90,honor_90-12297.php,2026-09-12T06:46:43Z
Honor,X5c Plus,honor_x5c_plus-14156.php,2026-09-12T06:46:43Z
Honor,X5c,honor_x5c-14251.php,2026-09-12T06:46:43Z
Honor,Play10 4G,honor_play10-14126.php,2026-09-12T06:46:43Z
Honor,Pad 10,honor_pad_10-13897.php,2026-09-12T06:46:43Z
Honor,X7c 4G,honor_x7c-13416.php,2026-09-12T06:46:43Z
Honor,X8b,honor_x8b-12748.php,2026-09-12T06:46:43Z
Honor,500,honor_500_5g-14296.php,2026-09-12T06:46:43Z
Honor,Magic V5,honor_magic_v5-13982.php,2026-09-12T06:46:43Z
Honor,X9a,honor_x9a-12075.php,2026-09-12T06:46:43Z
Honor,X7b,honor_x7b-12721.php,2026-09-12T06:46:43Z
Honor,Magic5 Pro,honor_magic5_pro-12148.php,2026-09-12T06:46:43Z
Honor,90 Lite,honor_90_lite-12377.php,2026-09-12T06:46:43Z
Honor,Pad X9a,honor_pad_x9a-13751.php,2026-09-12T06:46:43Z
Honor,200 Lite,honor_200_lite-12948.php,2026-09-12T06:46:43Z
Honor,X6b 4G,honor_x6b-13143.php,2026-09-12T06:46:46Z
Honor,X6,honor_x6-11894.php,2026-09-12T06:46:46Z
Honor,Pad 9,honor_pad_9-12756.php,2026-09-12T06:46:46Z
Honor,X7d 4G,honor_x7d-14093.php,2026-09-12T06:46:46Z
Honor,Pad X7,honor_pad_x7-14026.php,2026-09-12T06:46:46Z
Honor,9X Pro,honor_9x_pro-9772.php,2026-09-12T06:46:46Z
Honor,8X,honor_8x-9313.php,2026-09-12T06:46:46Z
Honor,X6a,honor_x6a-12442.php,2026-09-12T06:46:46Z
Honor,X7a,honor_x7a-12076.php,2026-09-12T06:46:46Z
Honor,X5b Plus,honor_x5b_plus-13464.php,2026-09-12T06:46:46Z
Honor,X5 Plus,honor_x5_plus-12645.php,2026-09-12T06:46:46Z
Honor,X7,honor_x7-11452.php,2026-09-12T06:46:46Z
Honor,X5b,honor_x5b-13463.php,2026-09-12T06:46:46Z
Honor,Play 20,honor_play_20-10876.php,2026-09-12T06:46:46Z
Honor,9 Lite,honor_9_lite-8962.php,2026-09-12T06:46:46Z
Honor,10 Lite,honor_10_lite-9403.php,2026-09-12T06:46:46Z
Honor,9X,honor_9x-9931.php,2026-09-12T06:46:46Z
Honor,X5,honor_x5-12093.php,2026-09-12T06:46:46Z
Honor,Pad X8,honor_pad_x8-11889.php,2026-09-12T06:46:46Z
Honor,7X,honor_7x-8880.php,2026-09-12T06:46:46Z
Honor,Play,honor_play-9230.php,2026-09-12T06:46:46Z
Honor,X8 5G,honor_x8_5g-11718.php,2026-09-12T06:46:46Z
Honor,8,honor_8-8195.php,2026-09-12T06:46:46Z
Honor,9,honor_9-8704.php,2026-09-12T06:46:46Z
Honor,6X,honor_6x-8388.php,2026-09-12T06:46:46Z
Honor,4X,honor_4x-6754.php,2026-09-12T06:46:46Z
Honor,70 Lite,honor_70_lite-12180.php,2026-09-12T06:46:46Z
Honor,View 10,honor_view_10-8938.php,2026-09-12T06:46:46Z
Honor,8C,honor_8c-9366.php,2026-09-12T06:46:46Z
Honor,7A,honor_7a-9075.php,2026-09-12T06:46:46Z
Honor,7C,honor_7c-9111.php,2026-09-12T06:46:46Z
Honor,Pad 9 Pro,honor_pad_9_pro-13204.php,2026-09-12T06:46:46Z
Honor,7S,honor_7s-9211.php,2026-09-12T06:46:46Z
HTC,Wildfire E7 Plus,htc_wildfire_e7_plus-14717.php,2026-09-12T06:48:18Z
HTC,Wildfire E5 Life,htc_wildfire_e5_life-14222.php,2026-09-12T06:48:18Z
HTC,Wildfire E6,htc_wildfire_e6-14070.php,2026-09-12T06:48:18Z
HTC,Wildfire E6 Star,htc_wildfire_e6_star-14069.php,2026-09-12T06:48:18Z
HTC,Wildfire E4 Plus,htc_wildfire_e4_plus-14068.php,2026-09-12T06:48:18Z
HTC,Wildfire E5,htc_wildfire_e5-14067.php,2026-09-12T06:48:18Z
HTC,Wildfire E5 Plus,htc_wildfire_e5_plus-13719.php,2026-09-12T06:48:18Z
HTC,U24 Pro,htc_u24_pro-13138.php,2026-09-12T06:48:18Z
HTC,A101 Plus,htc_a101_plus-12975.php,2026-09-12T06:48:18Z
HTC,A104,htc_a104-12976.php,2026-09-12T06:48:18Z
HTC,Wildfire E star,htc_wildfire_e_star-12454.php,2026-09-12T06:48:18Z
HTC,U23,htc_u23-12427.php,2026-09-12T06:48:18Z
HTC,U23 Pro,htc_u23_pro-12269.php,2026-09-12T06:48:18Z
HTC,A103 Plus,htc_a103_plus-12522.php,2026-09-12T06:48:18Z
HTC,A103,htc_a103-12523.php,2026-09-12T06:48:18Z
HTC,A102,htc_a102-12524.php,2026-09-12T06:48:18Z
HTC,A101,htc_a101-12525.php,2026-09-12T06:48:18Z
HTC,Wildfire E2 Play,htc_wildfire_e2_play-12232.php,2026-09-12T06:48:18Z
HTC,Wildfire E3 lite,htc_wildfire_e3_lite-12221.php,2026-09-12T06:48:18Z
HTC,Wildfire E plus,htc_wildfire_e_plus-11948.php,2026-09-12T06:48:18Z
HTC,Desire 22 Pro,htc_desire_22_pro-11642.php,2026-09-12T06:48:18Z
HTC,Wildfire E2 Plus,htc_wildfire_e2_plus-11266.php,2026-09-12T06:48:18Z
HTC,Wildfire E3,htc_wildfire_e3-10790.php,2026-09-12T06:48:18Z
HTC,Desire 21 Pro 5G,htc_desire_21_pro_5g-10681.php,2026-09-12T06:48:18Z
HTC,Wildfire E1 lite,htc_wildfire_e1_lite-10594.php,2026-09-12T06:48:18Z
HTC,Wildfire E2,htc_wildfire_e2-10357.php,2026-09-12T06:48:18Z
HTC,Wildfire E1 plus,htc_wildfire_e1_plus-10593.php,2026-09-12T06:48:18Z
HTC,Wildfire E1,htc_wildfire_e1-10592.php,2026-09-12T06:48:18Z
HTC,Wildfire E,htc_wildfire_e-10595.php,2026-09-12T06:48:18Z
HTC,U20 5G,htc_u20_5g-10298.php,2026-09-12T06:48:18Z
HTC,Desire 20 Pro,htc_desire_20_pro-10297.php,2026-09-12T06:48:18Z
HTC,Desire 19s,htc_desire_19s-9965.php,2026-09-12T06:48:18Z
HTC,Exodus 1s,htc_exodus_1s-9924.php,2026-09-12T06:48:18Z
HTC,Wildfire X,htc_wildfire_x-9797.php,2026-09-12T06:48:18Z
HTC,U19e,htc_u19e-9735.php,2026-09-12T06:48:18Z
HTC,Desire 12s,htc_desire_12s-9487.php,2026-09-12T06:48:18Z
HTC,Exodus 1,htc_exodus_1-9385.php,2026-09-12T06:48:18Z
HTC,U12 life,htc_u12_life-9179.php,2026-09-12T06:48:18Z
HTC,Desire 12,htc_desire_12-9071.php,2026-09-12T06:48:18Z
HTC,U11 Eyes,htc_u11_eyes-8990.php,2026-09-12T06:48:18Z
HTC,U11 Life,htc_u11_life-8885.php,2026-09-12T06:48:18Z
HTC,U11,htc_u11-8630.php,2026-09-12T06:48:18Z
HTC,One X10,htc_one_x10-8487.php,2026-09-12T06:48:18Z
HTC,U Ultra,htc_u_ultra-8519.php,2026-09-12T06:48:18Z
HTC,U Play,htc_u_play-8518.php,2026-09-12T06:48:18Z
HTC,Wildfire E7 Plus,htc-phones-45.php,2026-09-12T06:48:20Z
HTC,One,htc_one-5313.php,2026-09-12T06:48:20Z
HTC,One M9,htc_one_m9-6891.php,2026-09-12T06:48:20Z
HTC,10,htc_10-7884.php,2026-09-12T06:48:20Z
HTC,One mini,htc_one_mini-5505.php,2026-09-12T06:48:20Z
HTC,EVO 3D,htc_evo_3d-3901.php,2026-09-12T06:48:20Z
HTC,Dream,htc_dream-2665.php,2026-09-12T06:48:20Z
HTC,One X,htc_one_x-4320.php,2026-09-12T06:48:20Z
HTC,HD2,htc_hd2-2957.php,2026-09-12T06:48:20Z
HTC,Google Nexus One,htc_google_nexus_one-3069.php,2026-09-12T06:48:20Z
HTC,Desire,htc_desire-3077.php,2026-09-12T06:48:20Z
HTC,Desire HD,htc_desire_hd-3468.php,2026-09-12T06:48:20Z
HTC,Wildfire S,htc_wildfire_s-3777.php,2026-09-12T06:48:20Z
HTC,Desire 820,htc_desire_820-6636.php,2026-09-12T06:48:20Z
HTC,ChaCha,htc_chacha-3787.php,2026-09-12T06:48:20Z
HTC,Wildfire,htc_wildfire-3337.php,2026-09-12T06:48:20Z
HTC,Nexus 9,htc_nexus_9-5823.php,2026-09-12T06:48:20Z
HTC,Desire 816,htc_desire_816-6073.php,2026-09-12T06:48:20Z
HTC,One Max,htc_one_max-5704.php,2026-09-12T06:48:20Z
HTC,Hero,htc_hero-2861.php,2026-09-12T06:48:20Z
HTC,One S,htc_one_s-4574.php,2026-09-12T06:48:20Z
HTC,One A9,htc_one_a9-7576.php,2026-09-12T06:48:20Z
HTC,Touch Diamond,htc_touch_diamond-2368.php,2026-09-12T06:48:20Z
HTC,Windows Phone 8X,htc_windows_phone_8x-4975.php,2026-09-12T06:48:22Z
HTC,Desire 626,htc_desire_626-6968.php,2026-09-12T06:48:22Z
HTC,One V,htc_one_v-4575.php,2026-09-12T06:48:22Z
HTC,Desire X,htc_desire_x-4951.php,2026-09-12T06:48:22Z
HTC,Desire S,htc_desire_s-3776.php,2026-09-12T06:48:22Z
HTC,Desire Eye,htc_desire_eye-6715.php,2026-09-12T06:48:22Z
HTC,HD7,htc_hd7-3338.php,2026-09-12T06:48:22Z
HTC,Evo 4G,htc_evo_4g-3427.php,2026-09-12T06:48:22Z
HTC,10 evo,htc_10_evo-8404.php,2026-09-12T06:48:22Z
HTC,Explorer,htc_explorer-4102.php,2026-09-12T06:48:22Z
HTC,One M8s,htc_one_m8s-7165.php,2026-09-12T06:48:22Z
HTC,Desire 628,htc_desire_628-8128.php,2026-09-12T06:48:22Z
HTC,Desire C,htc_desire_c-4759.php,2026-09-12T06:48:22Z
HTC,Butterfly,htc_butterfly-5118.php,2026-09-12T06:48:22Z
HTC,One mini 2,htc_one_mini_2-6345.php,2026-09-12T06:48:22Z
HTC,Desire 530,htc_desire_530-7940.php,2026-09-12T06:48:22Z
HTC,Desire 10 Pro,htc_desire_10_pro-8277.php,2026-09-12T06:48:22Z
HTC,Desire 650,htc_desire_650-8444.php,2026-09-12T06:48:22Z
HTC,Desire Z,htc_desire_z-3421.php,2026-09-12T06:48:22Z
HTC,Desire 510,htc_desire_510-6608.php,2026-09-12T06:48:22Z
HTC,Desire 728 dual sim,htc_desire_728_dual_sim-7753.php,2026-09-12T06:48:22Z
HTC,Butterfly 3,htc_butterfly_3-7592.php,2026-09-12T06:48:22Z
HTC,Desire 828 dual sim,htc_desire_828_dual_sim-7731.php,2026-09-12T06:48:22Z
HTC,One M9 Prime Camera,htc_one_m9_prime_camera-8086.php,2026-09-12T06:48:22Z
HTC,TyTN II,htc_tytn_ii-2024.php,2026-09-12T06:48:22Z
HTC,Touch HD,htc_touch_hd-2525.php,2026-09-12T06:48:22Z
i-mate,810-F,i_mate_810_f-2721.php,2026-09-12T06:49:55Z
i-mate,Ultimate 9502,i_mate_ultimate_9502-2158.php,2026-09-12T06:49:55Z
i-mate,Ultimate 8502,i_mate_ultimate_8502-2157.php,2026-09-12T06:49:55Z
i-mate,JAMA 201,i_mate_jama_201-2149.php,2026-09-12T06:49:55Z
i-mate,JAMA 101,i_mate_jama_101-2148.php,2026-09-12T06:49:55Z
i-mate,JAMA,i_mate_jama-2009.php,2026-09-12T06:49:55Z
i-mate,Ultimate 9150,i_mate_ultimate_9150-1884.php,2026-09-12T06:49:55Z
i-mate,Ultimate 8150,i_mate_ultimate_8150-1883.php,2026-09-12T06:49:55Z
i-mate,Ultimate 7150,i_mate_ultimate_7150-1882.php,2026-09-12T06:49:55Z
i-mate,Ultimate 6150,i_mate_ultimate_6150-1881.php,2026-09-12T06:49:55Z
i-mate,Ultimate 5150,i_mate_ultimate_5150-1880.php,2026-09-12T06:49:55Z
i-mate,JAQ4,i_mate_jaq4-1879.php,2026-09-12T06:49:55Z
i-mate,PDAL,i_mate_pdal-1787.php,2026-09-12T06:49:55Z
i-mate,JAQ3,i_mate_jaq3-1786.php,2026-09-12T06:49:55Z
i-mate,SPL,i_mate_spl-1703.php,2026-09-12T06:49:55Z
i-mate,JAQ,i_mate_jaq-1702.php,2026-09-12T06:49:55Z
i-mate,JASJAM,i_mate_jasjam-1589.php,2026-09-12T06:49:55Z
i-mate,SPJAS,i_mate_spjas-1683.php,2026-09-12T06:49:55Z
i-mate,Smartflip,i_mate_smartflip-1482.php,2026-09-12T06:49:55Z
i-mate,JAMin,i_mate_jamin-1420.php,2026-09-12T06:49:55Z
i-mate,JASJAR,i_mate_jasjar-1262.php,2026-09-12T06:49:55Z
i-mate,K-JAM,i_mate_k_jam-1278.php,2026-09-12T06:49:55Z
i-mate,SP5,i_mate_sp5-1267.php,2026-09-12T06:49:55Z
i-mate,SP5m,i_mate_sp5m-1268.php,2026-09-12T06:49:55Z
i-mate,SP4m,i_mate_sp4m-1277.php,2026-09-12T06:49:55Z
i-mate,JAM Black,i_mate_jam_black-1263.php,2026-09-12T06:49:55Z
i-mate,JAM,i_mate_jam-963.php,2026-09-12T06:49:55Z
i-mate,PDA2,i_mate_pda2-1185.php,2026-09-12T06:49:55Z
i-mate,PDA2k,i_mate_pda2k-962.php,2026-09-12T06:49:55Z
i-mate,SP3i,i_mate_sp3i-961.php,2026-09-12T06:49:55Z
i-mate,SP3,i_mate_sp3-960.php,2026-09-12T06:49:55Z
i-mate,Pocket PC,i_mate_pocket_pc-959.php,2026-09-12T06:49:55Z
i-mate,Smartphone2,i_mate_smartphone2-958.php,2026-09-12T06:49:55Z
i-mate,Smartphone,i_mate_smartphone-957.php,2026-09-12T06:49:55Z
i-mate,JASJAR,i_mate-phones-35.php,2026-09-12T06:49:57Z
Icemobile,G8 LTE,icemobile_g8_lte-8786.php,2026-09-12T06:50:00Z
Icemobile,Mash,icemobile_mash-7982.php,2026-09-12T06:50:00Z
Icemobile,G8,icemobile_g8-7560.php,2026-09-12T06:50:00Z
Icemobile,Prime 5.0 Plus,icemobile_prime_5_0_plus-7040.php,2026-09-12T06:50:00Z
Icemobile,Prime 5.0,icemobile_prime_5_0-7041.php,2026-09-12T06:50:00Z
Icemobile,Prime 4.0 Plus,icemobile_prime_4_0_plus-7039.php,2026-09-12T06:50:00Z
Icemobile,Gravity 4.0,icemobile_gravity_4_0-6810.php,2026-09-12T06:50:00Z
Icemobile,Rock 2.4,icemobile_rock_2_4-6809.php,2026-09-12T06:50:00Z
Icemobile,Prime 5.5,icemobile_prime_5_5-6618.php,2026-09-12T06:50:00Z
Icemobile,Prime 3.5,icemobile_prime_3_5-6544.php,2026-09-12T06:50:00Z
Icemobile,Prime 4.0,icemobile_prime_4_0-6361.php,2026-09-12T06:50:00Z
Icemobile,Apollo Touch 3G,icemobile_apollo_touch_3g-6106.php,2026-09-12T06:50:00Z
Icemobile,Apollo 3G,icemobile_apollo_3g-6105.php,2026-09-12T06:50:00Z
Icemobile,G7 Pro,icemobile_g7_pro-6076.php,2026-09-12T06:50:00Z
Icemobile,G3,icemobile_g3-6075.php,2026-09-12T06:50:00Z
Icemobile,Prime 4.5,icemobile_prime_4_5-6044.php,2026-09-12T06:50:00Z
Icemobile,Charm II,icemobile_charm_ii-6043.php,2026-09-12T06:50:00Z
Icemobile,G10,icemobile_g10-5976.php,2026-09-12T06:50:00Z
Icemobile,Gravity Pro,icemobile_gravity_pro-5874.php,2026-09-12T06:50:00Z
Icemobile,Sol III,icemobile_sol_iii-5844.php,2026-09-12T06:50:00Z
Icemobile,Hydro,icemobile_hydro-5838.php,2026-09-12T06:50:00Z
Icemobile,Rock Bold,icemobile_rock_bold-5738.php,2026-09-12T06:50:00Z
Icemobile,G2,icemobile_g2-5607.php,2026-09-12T06:50:00Z
Icemobile,Gprime Extreme,icemobile_gprime_extreme-5538.php,2026-09-12T06:50:00Z
Icemobile,G7,icemobile_g7-5393.php,2026-09-12T06:50:00Z
Icemobile,G5,icemobile_g5-5260.php,2026-09-12T06:50:00Z
Icemobile,Tropical 3,icemobile_tropical_3-5116.php,2026-09-12T06:50:00Z
Icemobile,Quattro,icemobile_quattro-5115.php,2026-09-12T06:50:00Z
Icemobile,Prime Plus,icemobile_prime_plus-5101.php,2026-09-12T06:50:00Z
Icemobile,Submarine,icemobile_submarine-5076.php,2026-09-12T06:50:00Z
Icemobile,Charm,icemobile_charm-5075.php,2026-09-12T06:50:00Z
Icemobile,Apollo Touch,icemobile_apollo_touch-5074.php,2026-09-12T06:50:00Z
Icemobile,Apollo,icemobile_apollo-5073.php,2026-09-12T06:50:00Z
Icemobile,Sol II,icemobile_sol_ii-4990.php,2026-09-12T06:50:00Z
Icemobile,Diamond Dust,icemobile_diamond_dust-4904.php,2026-09-12T06:50:00Z
Icemobile,Blizzard,icemobile_blizzard-4741.php,2026-09-12T06:50:00Z
Icemobile,Rock Lite,icemobile_rock_lite-4740.php,2026-09-12T06:50:00Z
Icemobile,Cenior,icemobile_cenior-4742.php,2026-09-12T06:50:00Z
Icemobile,Acqua,icemobile_acqua-4716.php,2026-09-12T06:50:00Z
Icemobile,Prime,icemobile_prime-4715.php,2026-09-12T06:50:00Z
Icemobile,Rock Mini,icemobile_rock_mini-4651.php,2026-09-12T06:50:00Z
Icemobile,Twilight II,icemobile_twilight_ii-4639.php,2026-09-12T06:50:00Z
Icemobile,Fuego,icemobile_fuego-4449.php,2026-09-12T06:50:00Z
Icemobile,Hurricane II,icemobile_hurricane_ii-4367.php,2026-09-12T06:50:00Z
Icemobile,Sol,icemobile_sol-4299.php,2026-09-12T06:50:00Z
Icemobile,Twister,icemobile_twister-4298.php,2026-09-12T06:50:00Z
Icemobile,Wave,icemobile_wave-4297.php,2026-09-12T06:50:00Z
Icemobile,Tornado II,icemobile_tornado_ii-4215.php,2026-09-12T06:50:00Z
Icemobile,Storm,icemobile_storm-4193.php,2026-09-12T06:50:00Z
Icemobile,Clima II,icemobile_clima_ii-4300.php,2026-09-12T06:50:00Z
Icemobile,G8 LTE,icemobile-phones-69.php,2026-09-12T06:50:02Z
Icemobile,Rock,icemobile_rock-3976.php,2026-09-12T06:50:02Z
Icemobile,Tropical,icemobile_tropical-3985.php,2026-09-12T06:50:02Z
Icemobile,Twilight,icemobile_twilight-4194.php,2026-09-12T06:50:02Z
Icemobile,Rainbow II,icemobile_rainbow_ii-3971.php,2026-09-12T06:50:04Z
Icemobile,Comet II,icemobile_comet_ii-3975.php,2026-09-12T06:50:04Z
Icemobile,Tropical II,icemobile_tropical_ii-3977.php,2026-09-12T06:50:04Z
Icemobile,Crystal,icemobile_crystal-3979.php,2026-09-12T06:50:04Z
Icemobile,Rainbow,icemobile_rainbow-3989.php,2026-09-12T06:50:04Z
Icemobile,Shine,icemobile_shine-4035.php,2026-09-12T06:50:04Z
Icemobile,Flurry II,icemobile_flurry_ii-4192.php,2026-09-12T06:50:04Z
Icemobile,Viento II,icemobile_viento_ii-3978.php,2026-09-12T06:50:04Z
Innostream,INNO A20,innostream_inno_a20-1222.php,2026-09-12T06:51:35Z
Innostream,INNO P10,innostream_inno_p10-1190.php,2026-09-12T06:51:35Z
Innostream,INNO A10,innostream_inno_a10-955.php,2026-09-12T06:51:35Z
Innostream,INNO 75,innostream_inno_75-789.php,2026-09-12T06:51:35Z
Innostream,INNO 50,innostream_inno_50-743.php,2026-09-12T06:51:35Z
Innostream,INNO 36,innostream_inno_36-1228.php,2026-09-12T06:51:35Z
Innostream,INNO 79,innostream_inno_79-788.php,2026-09-12T06:51:35Z
Innostream,INNO 78,innostream_inno_78-787.php,2026-09-12T06:51:35Z
Innostream,INNO 30,innostream_inno_30-786.php,2026-09-12T06:51:35Z
Innostream,INNO 55,innostream_inno_55-785.php,2026-09-12T06:51:35Z
Innostream,INNO 70,innostream_inno_70-686.php,2026-09-12T06:51:35Z
Innostream,INNO 99,innostream_inno_99-735.php,2026-09-12T06:51:35Z
Innostream,INNO 90,innostream_inno_90-662.php,2026-09-12T06:51:35Z
Innostream,INNO 89,innostream_inno_89-784.php,2026-09-12T06:51:35Z
Innostream,INNO 80,innostream_inno_80-663.php,2026-09-12T06:51:35Z
Innostream,INNO 120,innostream_inno_120-664.php,2026-09-12T06:51:35Z
Innostream,INNO 110,innostream_inno_110-665.php,2026-09-12T06:51:35Z
Innostream,INNO 100,innostream_inno_100-666.php,2026-09-12T06:51:35Z
Innostream,INNO A20,innostream-phones-29.php,2026-09-12T06:51:38Z
Intex,Aqua Craze,intex_aqua_craze-8040.php,2026-09-12T06:51:40Z
Intex,Aqua GenX,intex_aqua_genx-8039.php,2026-09-12T06:51:40Z
Intex,Aqua Ace,intex_aqua_ace-7651.php,2026-09-12T06:51:40Z
Intex,Aqua Trend,intex_aqua_trend-7563.php,2026-09-12T06:51:40Z
Intex,IRist Smartwatch,intex_irist_smartwatch-7462.php,2026-09-12T06:51:40Z
Intex,Aqua Xtreme II,intex_aqua_xtreme_ii-7358.php,2026-09-12T06:51:40Z
Intex,Aqua Y2 Remote,intex_aqua_y2_remote-7304.php,2026-09-12T06:51:40Z
Intex,Aqua Xtreme,intex_aqua_xtreme-7303.php,2026-09-12T06:51:40Z
Intex,Aqua Star L,intex_aqua_star_l-7302.php,2026-09-12T06:51:40Z
Intex,Aqua Star 2,intex_aqua_star_2-7301.php,2026-09-12T06:51:40Z
Intex,Aqua Speed,intex_aqua_speed-7300.php,2026-09-12T06:51:40Z
Intex,Aqua Power,intex_aqua_power-7299.php,2026-09-12T06:51:40Z
Intex,Aqua 4.5E,intex_aqua_4_5e-7297.php,2026-09-12T06:51:40Z
Intex,Aqua Craze,intex-phones-102.php,2026-09-12T06:51:43Z
Jolla,Phone,jolla_phone_5g-14342.php,2026-09-12T06:51:45Z
Jolla,C2,jolla_c2-14369.php,2026-09-12T06:51:45Z
Jolla,Jolla C,jolla_jolla_c-8127.php,2026-09-12T06:51:45Z
Jolla,Tablet,jolla_tablet-6816.php,2026-09-12T06:51:45Z
Jolla,Jolla,jolla_jolla-5457.php,2026-09-12T06:51:45Z
Jolla,Phone,jolla-phones-84.php,2026-09-12T06:51:48Z
Kyocera,DuraForce Pro 3,kyocera_duraforce_pro_3-13562.php,2026-09-12T06:51:50Z
Kyocera,DuraSport UW,kyocera_durasport_uw-13563.php,2026-09-12T06:51:50Z
Kyocera,DuraSlate,kyocera_duraslate-13565.php,2026-09-12T06:51:50Z
Kyocera,DuraForce Ultra,kyocera_duraforce_ultra-13564.php,2026-09-12T06:51:50Z
Kyocera,DuraForce Pro 2,kyocera_duraforce_pro_2-9407.php,2026-09-12T06:51:50Z
Kyocera,DuraForce Pro,kyocera_duraforce_pro-8268.php,2026-09-12T06:51:50Z
Kyocera,DuraForce XD,kyocera_duraforce_xd-7699.php,2026-09-12T06:51:50Z
Kyocera,DuraForce,kyocera_duraforce-6829.php,2026-09-12T06:51:50Z
Kyocera,Hydro Life,kyocera_hydro_life-6598.php,2026-09-12T06:51:50Z
Kyocera,Brigadier,kyocera_brigadier-6602.php,2026-09-12T06:51:50Z
Kyocera,Hydro Elite,kyocera_hydro_elite-5754.php,2026-09-12T06:51:50Z
Kyocera,Hydro Xtrm,kyocera_hydro_xtrm-5555.php,2026-09-12T06:51:50Z
Kyocera,Torque E6710,kyocera_torque_e6710-5270.php,2026-09-12T06:51:50Z
Kyocera,Hydro C5170,kyocera_hydro_c5170-4748.php,2026-09-12T06:51:50Z
Kyocera,Rise C5155,kyocera_rise_c5155-4747.php,2026-09-12T06:51:50Z
Kyocera,Milano C5121,kyocera_milano_c5121-4316.php,2026-09-12T06:51:50Z
Kyocera,Milano C5120,kyocera_milano_c5120-4314.php,2026-09-12T06:51:50Z
Kyocera,Presto S1350,kyocera_presto_s1350-4319.php,2026-09-12T06:51:50Z
Kyocera,Brio,kyocera_brio-4315.php,2026-09-12T06:51:50Z
Kyocera,Echo,kyocera_echo-3914.php,2026-09-12T06:51:50Z
Kyocera,DuraCore E4210,kyocera_duracore_e4210-4318.php,2026-09-12T06:51:50Z
Kyocera,DuraMax,kyocera_duramax-4317.php,2026-09-12T06:51:50Z
Kyocera,E4600,kyocera_e4600-3227.php,2026-09-12T06:51:50Z
Kyocera,Solo E4000,kyocera_solo_e4000-3223.php,2026-09-12T06:51:50Z
Kyocera,E3500,kyocera_e3500-3224.php,2026-09-12T06:51:50Z
Kyocera,E2500,kyocera_e2500-3225.php,2026-09-12T06:51:50Z
Kyocera,S1600,kyocera_s1600-3226.php,2026-09-12T06:51:50Z
Kyocera,TG 200,kyocera_tg_200-184.php,2026-09-12T06:51:50Z
Kyocera,DuraForce Pro 3,kyocera-phones-17.php,2026-09-12T06:51:52Z
LeEco,Le Pro 3 AI Edition,leeco_le_pro_3_ai_edition-8275.php,2026-09-12T06:51:55Z
LeEco,Le Pro3 Elite,leeco_le_pro3_elite-8614.php,2026-09-12T06:51:55Z
LeEco,Le S3,leeco_le_s3-8393.php,2026-09-12T06:51:55Z
LeEco,Le Pro3,leeco_le_pro3-8344.php,2026-09-12T06:51:55Z
LeEco,Le Max 2,leeco_le_max_2-8051.php,2026-09-12T06:51:55Z
LeEco,Le 2 Pro,leeco_le_2_pro-8052.php,2026-09-12T06:51:55Z
LeEco,Le 2,leeco_le_2-8053.php,2026-09-12T06:51:55Z
LeEco,Le Max,leeco_le_max-8054.php,2026-09-12T06:51:55Z
LeEco,Le 1s,leeco_le_1s-8055.php,2026-09-12T06:51:55Z
LeEco,Le 2,leeco-phones-109.php,2026-09-12T06:51:57Z
LG,Ultra Tab,lg_ultra_tab-11751.php,2026-09-12T06:51:59Z
LG,W41 Pro,lg_w41_pro-10742.php,2026-09-12T06:51:59Z
LG,W41,lg_w41-10744.php,2026-09-12T06:51:59Z
LG,W31,lg_w31-10586.php,2026-09-12T06:51:59Z
LG,W11,lg_w11-10587.php,2026-09-12T06:51:59Z
LG,K92 5G,lg_k92_5g-10564.php,2026-09-12T06:51:59Z
LG,K62,lg_k62-10464.php,2026-09-12T06:51:59Z
LG,Q52,lg_q52-10558.php,2026-09-12T06:51:59Z
LG,K52,lg_k52-10463.php,2026-09-12T06:51:59Z
LG,K42,lg_k42-10459.php,2026-09-12T06:51:59Z
LG,K71,lg_k71-10458.php,2026-09-12T06:51:59Z
LG,Wing 5G,lg_wing_5g-10442.php,2026-09-12T06:51:59Z
LG,K22,lg_k22-10597.php,2026-09-12T06:51:59Z
LG,Q92 5G,lg_q92_5g-10368.php,2026-09-12T06:51:59Z
LG,Q31,lg_q31-10451.php,2026-09-12T06:51:59Z
LG,K31,lg_k31-10382.php,2026-09-12T06:51:59Z
LG,Velvet 5G UW,lg_velvet_5g_uw-10378.php,2026-09-12T06:51:59Z
LG,Q61,lg_q61-10257.php,2026-09-12T06:51:59Z
LG,Stylo 6,lg_stylo_6-10255.php,2026-09-12T06:51:59Z
LG,Velvet,lg_velvet-10340.php,2026-09-12T06:51:59Z
LG,Velvet 5G,lg_velvet_5g-10209.php,2026-09-12T06:51:59Z
LG,Folder 2,lg_folder_2-10186.php,2026-09-12T06:51:59Z
LG,V60 ThinQ 5G UW,lg_v60_thinq_5g_uw-10256.php,2026-09-12T06:51:59Z
LG,V60 ThinQ 5G,lg_v60_thinq_5g-10103.php,2026-09-12T06:51:59Z
LG,Q51,lg_q51-10102.php,2026-09-12T06:51:59Z
LG,W10 Alpha,lg_w10_alpha-10090.php,2026-09-12T06:51:59Z
LG,K61,lg_k61-10088.php,2026-09-12T06:51:59Z
LG,K51S,lg_k51s-10087.php,2026-09-12T06:51:59Z
LG,K41S,lg_k41s-10086.php,2026-09-12T06:51:59Z
LG,G Pad 5 10.1,lg_g_pad_5_10_1-9952.php,2026-09-12T06:51:59Z
LG,V50S ThinQ 5G,lg_v50s_thinq_5g-9906.php,2026-09-12T06:51:59Z
LG,G8X ThinQ,lg_g8x_thinq-9844.php,2026-09-12T06:51:59Z
LG,Q70,lg_q70-9815.php,2026-09-12T06:51:59Z
LG,K40S,lg_k40s-9805.php,2026-09-12T06:51:59Z
LG,K50S,lg_k50s-9804.php,2026-09-12T06:51:59Z
LG,W30 Pro,lg_w30_pro-9753.php,2026-09-12T06:51:59Z
LG,W30,lg_w30-9752.php,2026-09-12T06:51:59Z
LG,W10,lg_w10-9751.php,2026-09-12T06:51:59Z
LG,Stylo 5,lg_stylo_5-9758.php,2026-09-12T06:51:59Z
LG,V50 ThinQ 5G,lg_v50_thinq_5g-9607.php,2026-09-12T06:51:59Z
LG,G8S ThinQ,lg_g8s_thinq-9608.php,2026-09-12T06:51:59Z
LG,G8 ThinQ,lg_g8_thinq-9540.php,2026-09-12T06:51:59Z
LG,Q60,lg_q60-9585.php,2026-09-12T06:51:59Z
LG,K50,lg_k50-9586.php,2026-09-12T06:51:59Z
LG,K40,lg_k40-9587.php,2026-09-12T06:51:59Z
LG,Q9,lg_q9-9411.php,2026-09-12T06:51:59Z
LG,W10 Alpha,lg-phones-20.php,2026-09-12T06:52:02Z
LG,G6,lg_g6-8466.php,2026-09-12T06:52:02Z
LG,G7 ThinQ,lg_g7_thinq-9115.php,2026-09-12T06:52:02Z
LG,V30,lg_v30-8712.php,2026-09-12T06:52:02Z
LG,G5,lg_g5-7815.php,2026-09-12T06:52:02Z
LG,V20,lg_v20-8238.php,2026-09-12T06:52:02Z
LG,G3,lg_g3-6294.php,2026-09-12T06:52:02Z
LG,V40 ThinQ,lg_v40_thinq-9300.php,2026-09-12T06:52:02Z
LG,Nexus 5,lg_nexus_5-5705.php,2026-09-12T06:52:02Z
LG,G4,lg_g4-6901.php,2026-09-12T06:52:02Z
LG,G2,lg_g2-5543.php,2026-09-12T06:52:02Z
LG,Nexus 5X,lg_nexus_5x-7556.php,2026-09-12T06:52:02Z
LG,Q6,lg_q6-8756.php,2026-09-12T06:52:02Z
LG,V10,lg_v10-7606.php,2026-09-12T06:52:02Z
LG,G Flex,lg_g_flex-5806.php,2026-09-12T06:52:02Z
LG,Nexus 4 E960,lg_nexus_4_e960-5048.php,2026-09-12T06:52:02Z
LG,V35 ThinQ,lg_v35_thinq-9191.php,2026-09-12T06:52:02Z
LG,K10,lg_k10-7849.php,2026-09-12T06:52:02Z
LG,V30S ThinQ,lg_v30s_thinq-9090.php,2026-09-12T06:52:02Z
LG,KE850 Prada,lg_ke850_prada-1828.php,2026-09-12T06:52:04Z
LG,Optimus G E975,lg_optimus_g_e975-4941.php,2026-09-12T06:52:04Z
LG,Q7,lg_q7-9206.php,2026-09-12T06:52:04Z
LG,G Flex2,lg_g_flex2-6916.php,2026-09-12T06:52:04Z
LG,Q Stylo 4,lg_q_stylo_4-9251.php,2026-09-12T06:52:04Z
LG,Wine Smart,lg_wine_smart-7451.php,2026-09-12T06:52:04Z
LG,Vu 3 F300L,lg_vu_3_f300l-5723.php,2026-09-12T06:52:04Z
LG,KP500 Cookie,lg_kp500_cookie-2536.php,2026-09-12T06:52:04Z
LG,Optimus 3D P920,lg_optimus_3d_p920-3759.php,2026-09-12T06:52:04Z
LG,K8,lg_k8-7927.php,2026-09-12T06:52:04Z
LG,Optimus One P500,lg_optimus_one_p500-3516.php,2026-09-12T06:52:04Z
LG,G7 One,lg_g7_one-9304.php,2026-09-12T06:52:04Z
LG,Optimus L7 P700,lg_optimus_l7_p700-4565.php,2026-09-12T06:52:04Z
LG,KU990 Viewty,lg_ku990_viewty-2070.php,2026-09-12T06:52:04Z
LG,Optimus G Pro E985,lg_optimus_g_pro_e985-5254.php,2026-09-12T06:52:04Z
LG,KE970 Shine,lg_ke970_shine-1829.php,2026-09-12T06:52:04Z
LG,G2 mini,lg_g2_mini-6077.php,2026-09-12T06:52:04Z
LG,G3 S,lg_g3_s-6475.php,2026-09-12T06:52:04Z
LG,Leon,lg_leon-7053.php,2026-09-12T06:52:04Z
LG,K30,lg_k30-9190.php,2026-09-12T06:52:04Z
LG,Optimus L3 E400,lg_optimus_l3_e400-4461.php,2026-09-12T06:52:04Z
LG,KG800,lg_kg800-1533.php,2026-09-12T06:52:04Z
LG,K4,lg_k4-7883.php,2026-09-12T06:52:04Z
LG,Optimus 2X,lg_optimus_2x-3598.php,2026-09-12T06:52:04Z
LG,Optimus Vu P895,lg_optimus_vu_p895-4932.php,2026-09-12T06:52:04Z
LG,Optimus Vu II F200,lg_optimus_vu_ii_f200-4950.php,2026-09-12T06:52:04Z
LG,X power,lg_x_power-8133.php,2026-09-12T06:52:04Z
LG,Optimus L9 P760,lg_optimus_l9_p760-4955.php,2026-09-12T06:52:04Z
LG,G5 SE,lg_g5_se-8056.php,2026-09-12T06:52:04Z
LG,G Pro 2,lg_g_pro_2-6052.php,2026-09-12T06:52:04Z
Maxwest,Nitro 55M,maxwest_nitro_55m-8540.php,2026-09-12T06:53:36Z
Maxwest,Nitro 55 LTE,maxwest_nitro_55_lte-8539.php,2026-09-12T06:53:36Z
Maxwest,Nitro 5M,maxwest_nitro_5m-8538.php,2026-09-12T06:53:36Z
Maxwest,Astro 5s,maxwest_astro_5s-8412.php,2026-09-12T06:53:36Z
Maxwest,Gravity 5 LTE,maxwest_gravity_5_lte-8021.php,2026-09-12T06:53:36Z
Maxwest,Astro X4,maxwest_astro_x4-7930.php,2026-09-12T06:53:36Z
Maxwest,Astro X55,maxwest_astro_x55-7889.php,2026-09-12T06:53:36Z
Maxwest,Vice,maxwest_vice-7873.php,2026-09-12T06:53:36Z
Maxwest,Gravity 5.5 LTE,maxwest_gravity_5_5_lte-7629.php,2026-09-12T06:53:36Z
Maxwest,Gravity 5,maxwest_gravity_5-7589.php,2026-09-12T06:53:36Z
Maxwest,Astro 6,maxwest_astro_6-7566.php,2026-09-12T06:53:36Z
Maxwest,Astro X5,maxwest_astro_x5-7565.php,2026-09-12T06:53:36Z
Maxwest,Astro 3.5,maxwest_astro_3_5-7564.php,2026-09-12T06:53:36Z
Maxwest,Blade,maxwest_blade-7398.php,2026-09-12T06:53:36Z
Maxwest,Nitro 5,maxwest_nitro_5-7379.php,2026-09-12T06:53:36Z
Maxwest,Astro 4.5,maxwest_astro_4_5-7360.php,2026-09-12T06:53:36Z
Maxwest,Nitro Phablet 71,maxwest_nitro_phablet_71-6984.php,2026-09-12T06:53:36Z
Maxwest,Nitro 5.5,maxwest_nitro_5_5-6983.php,2026-09-12T06:53:36Z
Maxwest,Astro 5,maxwest_astro_5-6840.php,2026-09-12T06:53:36Z
Maxwest,MX-110,maxwest_mx_110-6817.php,2026-09-12T06:53:36Z
Maxwest,Astro 4,maxwest_astro_4-6720.php,2026-09-12T06:53:36Z
Maxwest,Astro JR,maxwest_astro_jr-6672.php,2026-09-12T06:53:36Z
Maxwest,Virtue Z5,maxwest_virtue_z5-6517.php,2026-09-12T06:53:36Z
Maxwest,Gravity 5.5,maxwest_gravity_5_5-6417.php,2026-09-12T06:53:36Z
Maxwest,Gravity 6,maxwest_gravity_6-6358.php,2026-09-12T06:53:36Z
Maxwest,Orbit 330G,maxwest_orbit_330g-6274.php,2026-09-12T06:53:36Z
Maxwest,Orbit 6200T,maxwest_orbit_6200t-6273.php,2026-09-12T06:53:36Z
Maxwest,Android 330,maxwest_android_330-6098.php,2026-09-12T06:53:36Z
Maxwest,Tab Phone 72DC,maxwest_tab_phone_72dc-5860.php,2026-09-12T06:53:36Z
Maxwest,MX-210TV,maxwest_mx_210tv-5859.php,2026-09-12T06:53:36Z
Maxwest,Android 320,maxwest_android_320-5778.php,2026-09-12T06:53:36Z
Maxwest,Orbit 6200,maxwest_orbit_6200-5777.php,2026-09-12T06:53:36Z
Maxwest,Orbit 5400T,maxwest_orbit_5400t-5776.php,2026-09-12T06:53:36Z
Maxwest,Orbit 4400,maxwest_orbit_4400-5775.php,2026-09-12T06:53:36Z
Maxwest,Orbit 3000,maxwest_orbit_3000-5774.php,2026-09-12T06:53:36Z
Maxwest,Orbit X50,maxwest_orbit_x50-5773.php,2026-09-12T06:53:36Z
Maxwest,Orbit Z50,maxwest_orbit_z50-5641.php,2026-09-12T06:53:36Z
Maxwest,Orbit 5400,maxwest_orbit_5400-5640.php,2026-09-12T06:53:36Z
Maxwest,Orbit 4600,maxwest_orbit_4600-5639.php,2026-09-12T06:53:36Z
Maxwest,MX-200TV,maxwest_mx_200tv-5638.php,2026-09-12T06:53:36Z
Maxwest,MX-100,maxwest_mx_100-5637.php,2026-09-12T06:53:36Z
Maxwest,Astro 6,maxwest-phones-87.php,2026-09-12T06:53:39Z
Micromax,In 2c,micromax_in_2c-11496.php,2026-09-12T06:53:41Z
Micromax,In note 2,micromax_in_note_2-11332.php,2026-09-12T06:53:41Z
Micromax,In 2b,micromax_in_2b-11036.php,2026-09-12T06:53:41Z
Micromax,In 1,micromax_in_1-10800.php,2026-09-12T06:53:41Z
Micromax,In note 1,micromax_in_note_1-10569.php,2026-09-12T06:53:41Z
Micromax,In 1b,micromax_in_1b-10568.php,2026-09-12T06:53:41Z
Micromax,Infinity N12,micromax_infinity_n12-9515.php,2026-09-12T06:53:41Z
Micromax,Infinity N11,micromax_infinity_n11-9516.php,2026-09-12T06:53:41Z
Micromax,Bharat 5 Infinity,micromax_bharat_5_infinity-9517.php,2026-09-12T06:53:41Z
Micromax,Bharat Go,micromax_bharat_go-9207.php,2026-09-12T06:53:41Z
Micromax,Canvas 1 2018,micromax_canvas_1_2018-9181.php,2026-09-12T06:53:41Z
Micromax,Canvas Infinity Life,micromax_canvas_infinity_life-9136.php,2026-09-12T06:53:41Z
Micromax,Bharat 5 Pro,micromax_bharat_5_pro-9125.php,2026-09-12T06:53:41Z
Micromax,Bharat 5 Plus,micromax_bharat_5_plus-9054.php,2026-09-12T06:53:41Z
Micromax,Bharat 5,micromax_bharat_5-9053.php,2026-09-12T06:53:41Z
Micromax,Canvas Infinity Pro,micromax_canvas_infinity_pro-8914.php,2026-09-12T06:53:41Z
Micromax,Bharat 2 Ultra,micromax_bharat_2_ultra-8944.php,2026-09-12T06:53:41Z
Micromax,Dual 4 E4816,micromax_dual_4_e4816-8915.php,2026-09-12T06:53:41Z
Micromax,Canvas Selfie 3 Q460,micromax_canvas_selfie_3_q460-8916.php,2026-09-12T06:53:41Z
Micromax,Bharat 4 Q440,micromax_bharat_4_q440-8919.php,2026-09-12T06:53:41Z
Micromax,Bharat 3 Q437,micromax_bharat_3_q437-8918.php,2026-09-12T06:53:41Z
Micromax,Selfie 2 Note Q4601,micromax_selfie_2_note_q4601-8920.php,2026-09-12T06:53:41Z
Micromax,Canvas Infinity,micromax_canvas_infinity-8823.php,2026-09-12T06:53:41Z
Micromax,Evok Dual Note E4815,micromax_evok_dual_note_e4815-8829.php,2026-09-12T06:53:41Z
Micromax,Selfie 2 Q4311,micromax_selfie_2_q4311-8795.php,2026-09-12T06:53:41Z
Micromax,Canvas 1,micromax_canvas_1-8772.php,2026-09-12T06:53:41Z
Micromax,Canvas 2 Q4310,micromax_canvas_2_q4310-8755.php,2026-09-12T06:53:41Z
Micromax,Canvas Evok Power Q4260,micromax_canvas_evok_power_q4260-8652.php,2026-09-12T06:53:41Z
Micromax,Canvas Evok Note E453,micromax_canvas_evok_note_e453-8651.php,2026-09-12T06:53:41Z
Micromax,Bharat 2 Q402,micromax_bharat_2_q402-8643.php,2026-09-12T06:53:41Z
Micromax,Dual 5,micromax_dual_5-8631.php,2026-09-12T06:53:41Z
Micromax,Spark Vdeo Q415,micromax_spark_vdeo_q415-8628.php,2026-09-12T06:53:41Z
Micromax,Vdeo 5,micromax_vdeo_5-8576.php,2026-09-12T06:53:41Z
Micromax,Vdeo 4,micromax_vdeo_4-8575.php,2026-09-12T06:53:41Z
Micromax,Vdeo 3,micromax_vdeo_3-8574.php,2026-09-12T06:53:41Z
Micromax,Vdeo 2,micromax_vdeo_2-8498.php,2026-09-12T06:53:41Z
Micromax,Vdeo 1,micromax_vdeo_1-8497.php,2026-09-12T06:53:41Z
Micromax,Canvas Spark 4G Q4201,micromax_canvas_spark_4g_q4201-8431.php,2026-09-12T06:53:41Z
Micromax,Canvas Fire 6 Q428,micromax_canvas_fire_6_q428-8405.php,2026-09-12T06:53:41Z
Micromax,Canvas 5 Lite Q462,micromax_canvas_5_lite_q462-8365.php,2026-09-12T06:53:41Z
Micromax,Bolt Q381,micromax_bolt_q381-8261.php,2026-09-12T06:53:41Z
Micromax,Canvas Mega 2 Q426,micromax_canvas_mega_2_q426-8260.php,2026-09-12T06:53:41Z
Micromax,Canvas Spark 2 Plus Q350,micromax_canvas_spark_2_plus_q350-8259.php,2026-09-12T06:53:41Z
Micromax,Canvas Spark 3 Q385,micromax_canvas_spark_3_q385-8258.php,2026-09-12T06:53:41Z
Micromax,Canvas Amaze 2 E457,micromax_canvas_amaze_2_e457-8257.php,2026-09-12T06:53:41Z
Micromax,Canvas xp 4G Q413,micromax_canvas_xp_4g_q413-8225.php,2026-09-12T06:53:41Z
Micromax,Bolt Supreme 2 Q301,micromax_bolt_supreme_2_q301-8224.php,2026-09-12T06:53:41Z
Micromax,Bolt Supreme Q300,micromax_bolt_supreme_q300-8226.php,2026-09-12T06:53:41Z
Micromax,Canvas Evok E483,micromax_canvas_evok_e483-8223.php,2026-09-12T06:53:41Z
Micromax,In 2c,micromax-phones-66.php,2026-09-12T06:53:44Z
Micromax,Canvas Sliver 5 Q450,micromax_canvas_sliver_5_q450-7306.php,2026-09-12T06:53:44Z
Micromax,A106 Unite 2,micromax_a106_unite_2-6382.php,2026-09-12T06:53:44Z
Micromax,Q55 Bling,micromax_q55_bling-3312.php,2026-09-12T06:53:44Z
Micromax,A67 Bolt,micromax_a67_bolt-5864.php,2026-09-12T06:53:44Z
Micromax,Canvas Spark Q380,micromax_canvas_spark_q380-7213.php,2026-09-12T06:53:44Z
Micromax,A102 Canvas Doodle 3,micromax_a102_canvas_doodle_3-6325.php,2026-09-12T06:53:44Z
Micromax,Q5 fb,micromax_q5_fb-3311.php,2026-09-12T06:53:44Z
Micromax,A116 Canvas HD,micromax_a116_canvas_hd-5256.php,2026-09-12T06:53:44Z
Micromax,A110 Canvas 2,micromax_a110_canvas_2-5088.php,2026-09-12T06:53:44Z
Micromax,A75,micromax_a75-4378.php,2026-09-12T06:53:44Z
Micromax,Bolt A35,micromax_bolt_a35-5427.php,2026-09-12T06:53:44Z
Micromax,Canvas Xpress 2 E313,micromax_canvas_xpress_2_e313-7452.php,2026-09-12T06:53:44Z
Micromax,Canvas 5 E481,micromax_canvas_5_e481-7735.php,2026-09-12T06:53:44Z
Micromax,A104 Canvas Fire 2,micromax_a104_canvas_fire_2-6941.php,2026-09-12T06:53:44Z
Micromax,Canvas A1,micromax_canvas_a1-6686.php,2026-09-12T06:53:44Z
Micromax,Canvas Juice 2 AQ5001,micromax_canvas_juice_2_aq5001-7140.php,2026-09-12T06:53:44Z
Micromax,Canvas Nitro 2 E311,micromax_canvas_nitro_2_e311-7142.php,2026-09-12T06:53:44Z
Micromax,Q372 Unite 3,micromax_q372_unite_3-7223.php,2026-09-12T06:53:44Z
Micromax,X600,micromax_x600-3512.php,2026-09-12T06:53:46Z
Micromax,A350 Canvas Knight,micromax_a350_canvas_knight-5995.php,2026-09-12T06:53:46Z
Micromax,Canvas 6,micromax_canvas_6-8033.php,2026-09-12T06:53:46Z
Micromax,A89 Ninja,micromax_a89_ninja-5310.php,2026-09-12T06:53:46Z
Micromax,A120 Canvas 2 Colors,micromax_a120_canvas_2_colors-6363.php,2026-09-12T06:53:46Z
Micromax,A300 Canvas Gold,micromax_a300_canvas_gold-6452.php,2026-09-12T06:53:46Z
Micromax,Q391 Canvas Doodle 4,micromax_q391_canvas_doodle_4-7258.php,2026-09-12T06:53:46Z
Micromax,Canvas Fire 5 Q386,micromax_canvas_fire_5_q386-8164.php,2026-09-12T06:53:46Z
Micromax,X1i,micromax_x1i-3504.php,2026-09-12T06:53:46Z
Micromax,A111 Canvas Doodle,micromax_a111_canvas_doodle-5453.php,2026-09-12T06:53:46Z
Micromax,A110Q Canvas 2 Plus,micromax_a110q_canvas_2_plus-5482.php,2026-09-12T06:53:46Z
Micromax,Canvas Turbo,micromax_canvas_turbo-5805.php,2026-09-12T06:53:46Z
Micromax,A99 Canvas Xpress,micromax_a99_canvas_xpress-6940.php,2026-09-12T06:53:46Z
Micromax,Bolt Selfie Q424,micromax_bolt_selfie_q424-8222.php,2026-09-12T06:53:46Z
Micromax,A25,micromax_a25-5132.php,2026-09-12T06:53:46Z
Micromax,Bolt A27,micromax_bolt_a27-5426.php,2026-09-12T06:53:46Z
Micromax,A240 Canvas Doodle 2,micromax_a240_canvas_doodle_2-5651.php,2026-09-12T06:53:46Z
Micromax,A310 Canvas Nitro,micromax_a310_canvas_nitro-6685.php,2026-09-12T06:53:46Z
Micromax,Canvas Fire 4 A107,micromax_canvas_fire_4_a107-7103.php,2026-09-12T06:53:46Z
Micromax,Canvas Pep Q371,micromax_canvas_pep_q371-7141.php,2026-09-12T06:53:46Z
Micromax,Canvas Xpress 4G Q413,micromax_canvas_xpress_4g_q413-7783.php,2026-09-12T06:53:46Z
Micromax,Canvas Mega 4G Q417,micromax_canvas_mega_4g_q417-7901.php,2026-09-12T06:53:46Z
Micromax,Q3,micromax_q3-3310.php,2026-09-12T06:53:46Z
Micromax,X360,micromax_x360-3325.php,2026-09-12T06:53:46Z
Micromax,A92,micromax_a92-5598.php,2026-09-12T06:53:46Z
Micromax,Canvas 4 A210,micromax_canvas_4_a210-5590.php,2026-09-12T06:53:46Z
Micromax,A290 Canvas Knight Cameo,micromax_a290_canvas_knight_cameo-6682.php,2026-09-12T06:53:46Z
Micromax,Canvas A1 AQ4502,micromax_canvas_a1_aq4502-7268.php,2026-09-12T06:53:46Z
Micromax,Canvas Knight 2 E471,micromax_canvas_knight_2_e471-7276.php,2026-09-12T06:53:46Z
Micromax,Canvas Nitro 4G E455,micromax_canvas_nitro_4g_e455-7665.php,2026-09-12T06:53:46Z
Micromax,Canvas 6 Pro E484,micromax_canvas_6_pro_e484-8032.php,2026-09-12T06:53:46Z
Micromax,Canvas Selfie 4,micromax_canvas_selfie_4-8220.php,2026-09-12T06:53:46Z
Micromax,Bolt supreme 4 Q352,micromax_bolt_supreme_4_q352-8221.php,2026-09-12T06:53:46Z
Mitac,MIO Explora K75,mitac_mio_explora_k75-2817.php,2026-09-12T06:55:18Z
Mitac,MIO Explora K70,mitac_mio_explora_k70-2735.php,2026-09-12T06:55:18Z
Mitac,MIO Leap G50,mitac_mio_leap_g50-3206.php,2026-09-12T06:55:18Z
Mitac,MIO Leap K1,mitac_mio_leap_k1-3207.php,2026-09-12T06:55:18Z
Mitac,MIO A502,mitac_mio_a502-2159.php,2026-09-12T06:55:18Z
Mitac,MIO A501,mitac_mio_a501-2122.php,2026-09-12T06:55:18Z
Mitac,MIO A702,mitac_mio_a702-2109.php,2026-09-12T06:55:18Z
Mitac,MIO A701,mitac_mio_a701-1261.php,2026-09-12T06:55:18Z
Mitac,MIO 8870,mitac_mio_8870-929.php,2026-09-12T06:55:18Z
Mitac,MIO 8860,mitac_mio_8860-726.php,2026-09-12T06:55:18Z
Mitac,MIO 8390,mitac_mio_8390-590.php,2026-09-12T06:55:18Z
Mitac,MIO 8380,mitac_mio_8380-589.php,2026-09-12T06:55:18Z
Mitac,MIO Explora K75,mitac-phones-25.php,2026-09-12T06:55:21Z
Modu,T,modu_t-3554.php,2026-09-12T06:55:23Z
Modu,Night jacket,modu_night_jacket-3242.php,2026-09-12T06:55:23Z
Modu,Sport jacket,modu_sport_jacket-3241.php,2026-09-12T06:55:23Z
Modu,Speedy jacket,modu_speedy_jacket-3240.php,2026-09-12T06:55:23Z
Modu,Shiny jacket,modu_shiny_jacket-3239.php,2026-09-12T06:55:23Z
Modu,Mini jacket,modu_mini_jacket-3238.php,2026-09-12T06:55:23Z
Modu,Express jacket,modu_express_jacket-3237.php,2026-09-12T06:55:23Z
Modu,Phone,modu_phone-3236.php,2026-09-12T06:55:23Z
Modu,T,modu-phones-63.php,2026-09-12T06:55:25Z
MWg,Zinc II,mwg_zinc_ii-2557.php,2026-09-12T06:55:28Z
MWg,Atom Life,mwg_atom_life-2556.php,2026-09-12T06:55:28Z
MWg,UBiQUiO 503g,mwg_ubiquio_503g-2555.php,2026-09-12T06:55:28Z
MWg,Atom V,mwg_atom_v-2554.php,2026-09-12T06:55:28Z
MWg,UBiQUiO 501,mwg_ubiquio_501-2553.php,2026-09-12T06:55:28Z
MWg,Atom Life,mwg-phones-56.php,2026-09-12T06:55:30Z
Neonode,N2,neonode_n2-1903.php,2026-09-12T06:55:32Z
Neonode,N1m,neonode_n1m-1137.php,2026-09-12T06:55:32Z
Neonode,N1,neonode_n1-391.php,2026-09-12T06:55:32Z
Neonode,N2,neonode-phones-22.php,2026-09-12T06:55:35Z
Nokia,300 Charge,nokia_300_charge-14895.php,2026-09-12T06:55:37Z
Nokia,123 Shield,nokia_123_shield-14818.php,2026-09-12T06:55:37Z
Nokia,235 4G (2026),nokia_235_4g_2nd_edition-14773.php,2026-09-12T06:55:37Z
Nokia,215 4G (2026),nokia_215_4g_2nd_edition-14774.php,2026-09-12T06:55:37Z
Nokia,210 4G,nokia_210_4g-14775.php,2026-09-12T06:55:37Z
Nokia,200 4G,nokia_200_4g-14776.php,2026-09-12T06:55:37Z
Nokia,110 Power,nokia_110_power-14481.php,2026-09-12T06:55:37Z
Nokia,150 Music,nokia_150_music-13688.php,2026-09-12T06:55:37Z
Nokia,130 Music,nokia_130_music-13686.php,2026-09-12T06:55:37Z
Nokia,110 4G 2nd Edition,nokia_110_4g_2nd_edition-13584.php,2026-09-12T06:55:37Z
Nokia,105 4G 2nd Edition,nokia_105_4g_2nd_edition-13583.php,2026-09-12T06:55:37Z
Nokia,3210,nokia_3210-12990.php,2026-09-12T06:55:37Z
Nokia,C210,nokia_c210-12472.php,2026-09-12T06:55:37Z
Nokia,G310,nokia_g310-12471.php,2026-09-12T06:55:37Z
Nokia,G42,nokia_g42-12381.php,2026-09-12T06:55:37Z
Nokia,C300,nokia_c300-12322.php,2026-09-12T06:55:37Z
Nokia,C110,nokia_c110-12321.php,2026-09-12T06:55:37Z
Nokia,XR21,nokia_xr21-12244.php,2026-09-12T06:55:37Z
Nokia,C12 Plus,nokia_c12_plus-12210.php,2026-09-12T06:55:37Z
Nokia,C12 Pro,nokia_c12_pro-12184.php,2026-09-12T06:55:37Z
Nokia,C32,nokia_c32-12139.php,2026-09-12T06:55:37Z
Nokia,C22,nokia_c22-12138.php,2026-09-12T06:55:37Z
Nokia,G22,nokia_g22-12137.php,2026-09-12T06:55:37Z
Nokia,C02,nokia_c02-12136.php,2026-09-12T06:55:37Z
Nokia,C12,nokia_c12-12085.php,2026-09-12T06:55:37Z
Nokia,2780 Flip,nokia_2780_flip-11973.php,2026-09-12T06:55:37Z
Nokia,X30,nokia_x30-11831.php,2026-09-12T06:55:37Z
Nokia,G100,nokia_g100-12373.php,2026-09-12T06:55:37Z
Nokia,G60,nokia_g60-11826.php,2026-09-12T06:55:37Z
Nokia,C31,nokia_c31-11825.php,2026-09-12T06:55:37Z
Nokia,T21,nokia_t21-11823.php,2026-09-12T06:55:37Z
Nokia,G400,nokia_g400-11818.php,2026-09-12T06:55:37Z
Nokia,300 Charge,nokia-phones-1.php,2026-09-12T06:55:40Z
Nokia,N8,nokia_n8-3252.php,2026-09-12T06:55:40Z
Nokia,G50,nokia_g50-11077.php,2026-09-12T06:55:40Z
Nokia,2720 Flip,nokia_2720_flip-9836.php,2026-09-12T06:55:40Z
Nokia,2660 Flip,nokia_2660_flip-11668.php,2026-09-12T06:55:40Z
Nokia,808 PureView,nokia_808_pureview-4577.php,2026-09-12T06:55:40Z
Nokia,Lumia 1020,nokia_lumia_1020-5506.php,2026-09-12T06:55:40Z
Nokia,N95,nokia_n95-1716.php,2026-09-12T06:55:40Z
Nokia,6,nokia_6-6885.php,2026-09-12T06:55:40Z
Nokia,3310,nokia_3310-192.php,2026-09-12T06:55:40Z
Nokia,9 PureView,nokia_9_pureview-8867.php,2026-09-12T06:55:40Z
Nokia,N73,nokia_n73-1550.php,2026-09-12T06:55:40Z
Nokia,5800 XpressMusic,nokia_5800_xpressmusic-2537.php,2026-09-12T06:55:40Z
Nokia,N9,nokia_n9-3398.php,2026-09-12T06:55:40Z
Nokia,E72,nokia_e72-2831.php,2026-09-12T06:55:40Z
Nokia,6.1,nokia_6_1-8972.php,2026-09-12T06:55:40Z
Nokia,G21,nokia_g21-11356.php,2026-09-12T06:55:40Z
Nokia,Lumia 1520,nokia_lumia_1520-5760.php,2026-09-12T06:55:40Z
Nokia,E7,nokia_e7-3545.php,2026-09-12T06:55:40Z
Nokia,Asha 311,nokia_asha_311-4802.php,2026-09-12T06:55:40Z
Nokia,5310 XpressMusic,nokia_5310_xpressmusic-2087.php,2026-09-12T06:55:40Z
Nokia,6300 4G,nokia_6300_4g-10576.php,2026-09-12T06:55:40Z
Nokia,3310 4G,nokia_3310_4g-9046.php,2026-09-12T06:55:42Z
Nokia,G10,nokia_g10-10842.php,2026-09-12T06:55:42Z
Nokia,8.3 5G,nokia_8_3_5g-10142.php,2026-09-12T06:55:42Z
Nokia,N95 8GB,nokia_n95_8gb-2088.php,2026-09-12T06:55:42Z
Nokia,G20,nokia_g20-10841.php,2026-09-12T06:55:42Z
Nokia,7 plus,nokia_7_plus-9058.php,2026-09-12T06:55:42Z
Nokia,5.4,nokia_5_4-10624.php,2026-09-12T06:55:42Z
Nokia,3,nokia_3-8572.php,2026-09-12T06:55:42Z
Nokia,3.4,nokia_3_4-10404.php,2026-09-12T06:55:42Z
Nokia,5,nokia_5-8571.php,2026-09-12T06:55:42Z
Nokia,5130 XpressMusic,nokia_5130_xpressmusic-2569.php,2026-09-12T06:55:42Z
Nokia,E90,nokia_e90-1857.php,2026-09-12T06:55:42Z
Nokia,Lumia 920,nokia_lumia_920-4967.php,2026-09-12T06:55:42Z
Nokia,105 4G,nokia_105_4g-10966.php,2026-09-12T06:55:42Z
Nokia,N97,nokia_n97-2615.php,2026-09-12T06:55:42Z
Nokia,6300,nokia_6300-1800.php,2026-09-12T06:55:42Z
Nokia,XR20,nokia_xr20-11013.php,2026-09-12T06:55:42Z
Nokia,7.2,nokia_7_2-9833.php,2026-09-12T06:55:42Z
Nokia,8000 4G,nokia_8000_4g-10575.php,2026-09-12T06:55:42Z
Nokia,E63,nokia_e63-2599.php,2026-09-12T06:55:42Z
Nokia,5300,nokia_5300-1718.php,2026-09-12T06:55:42Z
Nokia,T20,nokia_t20-11142.php,2026-09-12T06:55:42Z
Nokia,8210 4G,nokia_8210_4g-11666.php,2026-09-12T06:55:42Z
Nokia,1100,nokia_1100-512.php,2026-09-12T06:55:42Z
Nokia,1.4,nokia_1_4-10700.php,2026-09-12T06:55:42Z
Nokia,E71,nokia_e71-2425.php,2026-09-12T06:55:42Z
Nokia,C7,nokia_c7-3394.php,2026-09-12T06:55:42Z
Nokia,6600,nokia_6600-454.php,2026-09-12T06:55:42Z
Nokia,X20,nokia_x20-10838.php,2026-09-12T06:55:42Z
Nokia,Lumia 520,nokia_lumia_520-5322.php,2026-09-12T06:55:42Z
Nokia,7.1,nokia_7_1-9354.php,2026-09-12T06:55:42Z
Nokia,N70,nokia_n70-1153.php,2026-09-12T06:55:42Z
Nokia,C21 Plus,nokia_c21_plus-11381.php,2026-09-12T06:55:42Z
Nokia,800 Tough,nokia_800_tough-9835.php,2026-09-12T06:55:42Z
Nvidia,Shield K1,nvidia_shield_k1-7832.php,2026-09-12T06:57:15Z
Nvidia,Shield LTE,nvidia_shield_lte-6600.php,2026-09-12T06:57:15Z
Nvidia,Shield,nvidia_shield-6601.php,2026-09-12T06:57:15Z
Nvidia,Shield K1,nvidia-phones-97.php,2026-09-12T06:57:17Z
OnePlus,N6x,oneplus-phones-f-95-9.php,2026-09-12T06:57:19Z
OnePlus,N6,oneplus_n6-14760.php,2026-09-12T06:57:19Z
OnePlus,Pad 3 Pro,oneplus_pad_3_pro-14739.php,2026-09-12T06:57:19Z
OnePlus,Turbo 6X Pro,oneplus_turbo_6x_pro_5g-14711.php,2026-09-12T06:57:19Z
OnePlus,Turbo 6X,oneplus_turbo_6x_5g-14712.php,2026-09-12T06:57:19Z
OnePlus,Nord CE6,oneplus_nord_ce6_5g-14611.php,2026-09-12T06:57:19Z
OnePlus,Nord CE6 Lite,oneplus_nord_ce6_lite_5g-14567.php,2026-09-12T06:57:19Z
OnePlus,Ace 6 Ultra,oneplus_ace_6_ultra_5g-14637.php,2026-09-12T06:57:19Z
OnePlus,Pad 4,oneplus_pad_4-14630.php,2026-09-12T06:57:19Z
OnePlus,Watch 4,oneplus_watch_4-14622.php,2026-09-12T06:57:19Z
OnePlus,Nord 6,oneplus_nord_6_5g-14558.php,2026-09-12T06:57:19Z
OnePlus,15T,oneplus_15t_5g-14385.php,2026-09-12T06:57:19Z
OnePlus,Turbo 6,oneplus_turbo_6_5g-14260.php,2026-09-12T06:57:19Z
OnePlus,Turbo 6V,oneplus_turbo_6v_5g-14404.php,2026-09-12T06:57:19Z
OnePlus,15R,oneplus_15r_5g-14358.php,2026-09-12T06:57:19Z
OnePlus,Pad Go 2,oneplus_pad_go_2_5g-14343.php,2026-09-12T06:57:19Z
OnePlus,Watch Lite,oneplus_watch_lite-14365.php,2026-09-12T06:57:19Z
OnePlus,Ace 6T,oneplus_ace_6t_5g-14315.php,2026-09-12T06:57:19Z
OnePlus,15,oneplus_15_5g-14206.php,2026-09-12T06:57:19Z
OnePlus,Ace 6,oneplus_ace_6_5g-14259.php,2026-09-12T06:57:19Z
OnePlus,Nord 5,oneplus_nord_5_5g-13992.php,2026-09-12T06:57:19Z
OnePlus,Nord CE5,oneplus_nord_ce5_5g-13792.php,2026-09-12T06:57:19Z
OnePlus,Watch 3 43mm,oneplus_watch_3_43mm-13957.php,2026-09-12T06:57:19Z
OnePlus,Pad Lite,oneplus_pad_lite-13956.php,2026-09-12T06:57:19Z
OnePlus,13s,oneplus_13s_5g-13818.php,2026-09-12T06:57:19Z
OnePlus,Ace 5 Ultra,oneplus_ace_5_ultra_5g-13891.php,2026-09-12T06:57:19Z
OnePlus,Ace 5 Racing,oneplus_ace_5_racing_5g-13892.php,2026-09-12T06:57:19Z
OnePlus,Pad 2 Pro,oneplus_pad_2_pro-13860.php,2026-09-12T06:57:19Z
OnePlus,13T,oneplus_13t_5g-13791.php,2026-09-12T06:57:19Z
OnePlus,Watch 3,oneplus_watch_3-13668.php,2026-09-12T06:57:19Z
OnePlus,13R,oneplus_13r-13548.php,2026-09-12T06:57:19Z
OnePlus,Ace 5 Pro,oneplus_ace_5_pro-13591.php,2026-09-12T06:57:19Z
OnePlus,Ace 5,oneplus_ace_5-13592.php,2026-09-12T06:57:19Z
OnePlus,Pad 3 (China),oneplus_pad_3-13593.php,2026-09-12T06:57:19Z
OnePlus,13,oneplus_13-13477.php,2026-09-12T06:57:19Z
OnePlus,Nord 4,oneplus_nord_4-13200.php,2026-09-12T06:57:19Z
OnePlus,Pad 2,oneplus_pad_2-13210.php,2026-09-12T06:57:19Z
OnePlus,Watch 2R,oneplus_watch_2r-13209.php,2026-09-12T06:57:19Z
OnePlus,Ace 3 Pro,oneplus_ace_3_pro-13179.php,2026-09-12T06:57:19Z
OnePlus,Pad Pro,oneplus_pad_pro-13180.php,2026-09-12T06:57:19Z
OnePlus,Nord CE4 Lite,oneplus_nord_ce4_lite-13166.php,2026-09-12T06:57:19Z
OnePlus,Ace 3V,oneplus_ace_3v-12889.php,2026-09-12T06:57:19Z
OnePlus,Nord CE4,oneplus_nord_ce4-12892.php,2026-09-12T06:57:19Z
OnePlus,Watch 2,oneplus_watch_2-12843.php,2026-09-12T06:57:19Z
OnePlus,Nord N30 SE,oneplus_nord_n30_se-12811.php,2026-09-12T06:57:19Z
OnePlus,12R,oneplus_12r-12727.php,2026-09-12T06:57:19Z
OnePlus,12,oneplus_12-12725.php,2026-09-12T06:57:19Z
OnePlus,15,oneplus-phones-95.php,2026-09-12T06:57:22Z
OnePlus,N6x,oneplus_n6x-14849.php,2026-09-12T06:57:22Z
OnePlus,11,oneplus_11-11893.php,2026-09-12T06:57:22Z
OnePlus,11R,oneplus_11r-11915.php,2026-09-12T06:57:22Z
OnePlus,Nord CE 3 Lite,oneplus_nord_ce_3_lite-12198.php,2026-09-12T06:57:22Z
OnePlus,10 Pro,oneplus_10_pro-11234.php,2026-09-12T06:57:22Z
OnePlus,Nord 3,oneplus_nord_3-12135.php,2026-09-12T06:57:22Z
OnePlus,9 Pro,oneplus_9_pro-10806.php,2026-09-12T06:57:22Z
OnePlus,Nord,oneplus_nord-10289.php,2026-09-12T06:57:22Z
OnePlus,9,oneplus_9-10747.php,2026-09-12T06:57:22Z
OnePlus,8,oneplus_8-10161.php,2026-09-12T06:57:22Z
OnePlus,Nord CE3,oneplus_nord_ce3-11977.php,2026-09-12T06:57:22Z
OnePlus,Nord 2 5G,oneplus_nord_2_5g-10960.php,2026-09-12T06:57:22Z
OnePlus,7 Pro,oneplus_7_pro-9689.php,2026-09-12T06:57:22Z
OnePlus,Open,oneplus_open-12619.php,2026-09-12T06:57:22Z
OnePlus,8T,oneplus_8t-10420.php,2026-09-12T06:57:22Z
OnePlus,8 Pro,oneplus_8_pro-9919.php,2026-09-12T06:57:22Z
OnePlus,Nord CE 2 Lite 5G,oneplus_nord_ce_2_lite_5g-11344.php,2026-09-12T06:57:22Z
OnePlus,7T,oneplus_7t-9816.php,2026-09-12T06:57:22Z
OnePlus,6T,oneplus_6t-9350.php,2026-09-12T06:57:22Z
OnePlus,6,oneplus_6-9109.php,2026-09-12T06:57:22Z
OnePlus,10T,oneplus_10t-11622.php,2026-09-12T06:57:22Z
OnePlus,9R,oneplus_9r-10807.php,2026-09-12T06:57:22Z
OnePlus,Nord CE 2 5G,oneplus_nord_ce_2_5g-11269.php,2026-09-12T06:57:24Z
OnePlus,Nord N10 5G,oneplus_nord_n10_5g-10556.php,2026-09-12T06:57:24Z
OnePlus,Nord N30,oneplus_nord_n30-12220.php,2026-09-12T06:57:24Z
OnePlus,Nord N20 SE,oneplus_nord_n20_se-11738.php,2026-09-12T06:57:24Z
OnePlus,Nord N200 5G,oneplus_nord_n200_5g-10961.php,2026-09-12T06:57:24Z
OnePlus,Pad Go,oneplus_pad_go-12614.php,2026-09-12T06:57:24Z
OnePlus,Nord N100,oneplus_nord_n100-10557.php,2026-09-12T06:57:24Z
OnePlus,Nord N20 5G,oneplus_nord_n20_5g-11218.php,2026-09-12T06:57:24Z
OnePlus,X,oneplus_x-7630.php,2026-09-12T06:57:24Z
OnePlus,Nord N300,oneplus_nord_n300-11949.php,2026-09-12T06:57:24Z
Orange,Neva jet 5G,orange_neva_jet_5g-9981.php,2026-09-12T06:58:57Z
Orange,Rono,orange_rono-6553.php,2026-09-12T06:58:57Z
Orange,Gova,orange_gova-6142.php,2026-09-12T06:58:57Z
Orange,Reyo,orange_reyo-6143.php,2026-09-12T06:58:57Z
Orange,Hiro,orange_hiro-5857.php,2026-09-12T06:58:57Z
Orange,San Diego,orange_san_diego-4588.php,2026-09-12T06:58:57Z
Orange,Tahiti,orange_tahiti-4427.php,2026-09-12T06:58:57Z
Orange,Monte Carlo,orange_monte_carlo-4619.php,2026-09-12T06:58:57Z
Orange,San Francisco II,orange_san_francisco_ii-4330.php,2026-09-12T06:58:57Z
Orange,Sydney,orange_sydney-4617.php,2026-09-12T06:58:57Z
Orange,Miami,orange_miami-4616.php,2026-09-12T06:58:57Z
Orange,Malibu,orange_malibu-4407.php,2026-09-12T06:58:57Z
Orange,Dallas,orange_dallas-4615.php,2026-09-12T06:58:57Z
Orange,San Francisco,orange_san_francisco-4081.php,2026-09-12T06:58:57Z
Orange,Stockholm,orange_stockholm-4082.php,2026-09-12T06:58:57Z
Orange,Atlanta,orange_atlanta-4145.php,2026-09-12T06:58:57Z
Orange,Rio II,orange_rio_ii-4084.php,2026-09-12T06:58:57Z
Orange,Barcelona,orange_barcelona-4083.php,2026-09-12T06:58:57Z
Orange,Rio,orange_rio-4618.php,2026-09-12T06:58:57Z
Orange,Neva jet 5G,orange-phones-71.php,2026-09-12T06:58:59Z
Oukitel,WP100 Plus,oukitel_wp100_plus-14848.php,2026-09-12T06:59:01Z
Oukitel,WP68 Air,oukitel_wp68_air_5g-14824.php,2026-09-12T06:59:01Z
Oukitel,C17 Plus,oukitel_c17_plus-14823.php,2026-09-12T06:59:01Z
Oukitel,WP500 Ultra,oukitel_wp500_ultra_5g-14764.php,2026-09-12T06:59:01Z
Oukitel,WP500,oukitel_wp500_5g-14761.php,2026-09-12T06:59:01Z
Oukitel,C67,oukitel_c67-14758.php,2026-09-12T06:59:01Z
Oukitel,C72,oukitel_c72-14759.php,2026-09-12T06:59:01Z
Oukitel,C26,oukitel_c26-14719.php,2026-09-12T06:59:01Z
Oukitel,C62 GT,oukitel_c62_gt-14720.php,2026-09-12T06:59:01Z
Oukitel,G6,oukitel_g6-14721.php,2026-09-12T06:59:01Z
Oukitel,G7,oukitel_g7-14722.php,2026-09-12T06:59:01Z
Oukitel,WP23S,oukitel_wp23s-14723.php,2026-09-12T06:59:01Z
Oukitel,WP61,oukitel_wp61_5g-14725.php,2026-09-12T06:59:01Z
Oukitel,WP61 Plus,oukitel_wp61_plus_5g-14726.php,2026-09-12T06:59:01Z
Oukitel,WP61 Ultra,oukitel_wp61_ultra_5g-14727.php,2026-09-12T06:59:01Z
Oukitel,WP66,oukitel_wp66_5g-14730.php,2026-09-12T06:59:01Z
Oukitel,RT10,oukitel_rt10_5g-14731.php,2026-09-12T06:59:01Z
Oukitel,C17,oukitel_c17-14482.php,2026-09-12T06:59:01Z
Oukitel,RT10 Industry,oukitel_rt10_industry_5g-14462.php,2026-09-12T06:59:01Z
Oukitel,C7,oukitel_c7-14331.php,2026-09-12T06:59:01Z
Oukitel,C68,oukitel_c68-14332.php,2026-09-12T06:59:01Z
Oukitel,WP55 S,oukitel_wp55_s-14333.php,2026-09-12T06:59:01Z
Oukitel,WP58,oukitel_wp58_5g-14334.php,2026-09-12T06:59:01Z
Oukitel,WP60,oukitel_wp60_5g-14335.php,2026-09-12T06:59:01Z
Oukitel,WP62,oukitel_wp62_5g-14336.php,2026-09-12T06:59:01Z
Oukitel,C69,oukitel_c69-14254.php,2026-09-12T06:59:01Z
Oukitel,P1 Pro,oukitel_p1_pro-14255.php,2026-09-12T06:59:01Z
Oukitel,C2,oukitel_c2-14256.php,2026-09-12T06:59:01Z
Oukitel,C3,oukitel_c3-14257.php,2026-09-12T06:59:01Z
Oukitel,C5,oukitel_c5-14258.php,2026-09-12T06:59:01Z
Oukitel,C6,oukitel_c6_5g-14261.php,2026-09-12T06:59:01Z
Oukitel,C62 Pro,oukitel_c62_pro-14262.php,2026-09-12T06:59:01Z
Oukitel,C62,oukitel_c62-14263.php,2026-09-12T06:59:01Z
Oukitel,C65 Pro,oukitel_c65_pro-14264.php,2026-09-12T06:59:01Z
Oukitel,C65,oukitel_c65-14265.php,2026-09-12T06:59:01Z
Oukitel,OT6 Pro,oukitel_ot6_pro-14249.php,2026-09-12T06:59:01Z
Oukitel,WP210,oukitel_wp210_5g-14185.php,2026-09-12T06:59:01Z
Oukitel,WP200,oukitel_wp200_5g-14186.php,2026-09-12T06:59:01Z
Oukitel,WP56,oukitel_wp56_5g-14187.php,2026-09-12T06:59:01Z
Oukitel,WP55 Ultra,oukitel_wp55_ultra_5g-14188.php,2026-09-12T06:59:01Z
Oukitel,WP53,oukitel_wp53-14189.php,2026-09-12T06:59:01Z
Oukitel,G5,oukitel_g5-14190.php,2026-09-12T06:59:01Z
Oukitel,G3,oukitel_g3-14191.php,2026-09-12T06:59:01Z
Oukitel,C1 Pro,oukitel_c1_pro-14165.php,2026-09-12T06:59:01Z
Oukitel,C61,oukitel_c61-14164.php,2026-09-12T06:59:01Z
Oukitel,C60,oukitel_c60-14163.php,2026-09-12T06:59:01Z
Oukitel,C59,oukitel_c59-14162.php,2026-09-12T06:59:01Z
Oukitel,WP300,oukitel_wp300-14034.php,2026-09-12T06:59:01Z
Oukitel,WP200 Pro,oukitel_wp200_pro-14033.php,2026-09-12T06:59:01Z
Oukitel,WP100 Titan,oukitel_wp100_titan-14032.php,2026-09-12T06:59:01Z
Oukitel,C62,oukitel-phones-132.php,2026-09-12T06:59:04Z
Oukitel,G1,oukitel_g1-13311.php,2026-09-12T06:59:04Z
Oukitel,WP33 Pro,oukitel_wp33_pro-12781.php,2026-09-12T06:59:04Z
Oukitel,WP30 Pro,oukitel_wp30_pro-12669.php,2026-09-12T06:59:04Z
Oukitel,P1,oukitel_p1-13486.php,2026-09-12T06:59:04Z
Oukitel,WP19,oukitel_wp19-12665.php,2026-09-12T06:59:04Z
Oukitel,WP35,oukitel_wp35-13009.php,2026-09-12T06:59:04Z
Oukitel,OT6,oukitel_ot6-12893.php,2026-09-12T06:59:04Z
Oukitel,WP55 Pro,oukitel_wp55_pro-14029.php,2026-09-12T06:59:04Z
Oukitel,WP32,oukitel_wp32-12649.php,2026-09-12T06:59:04Z
Oukitel,RT7 5G,oukitel_rt7_5g-12672.php,2026-09-12T06:59:04Z
Oukitel,WP23 Plus,oukitel_wp23_plus-14031.php,2026-09-12T06:59:04Z
Oukitel,RT8,oukitel_rt8-12895.php,2026-09-12T06:59:06Z
Oukitel,G2,oukitel_g2-13312.php,2026-09-12T06:59:06Z
Oukitel,WP50,oukitel_wp50-13141.php,2026-09-12T06:59:06Z
Oukitel,RT9,oukitel_rt9-13371.php,2026-09-12T06:59:06Z
Oukitel,WP23,oukitel_wp23-12654.php,2026-09-12T06:59:06Z
Oukitel,WP36,oukitel_wp36-12894.php,2026-09-12T06:59:06Z
Oukitel,C51,oukitel_c51-13094.php,2026-09-12T06:59:06Z
Oukitel,WP35 Pro,oukitel_wp35_pro-14027.php,2026-09-12T06:59:06Z
Oukitel,WP55,oukitel_wp55-14030.php,2026-09-12T06:59:06Z
Oukitel,BT10,oukitel_bt10-12678.php,2026-09-12T06:59:06Z
Oukitel,C50,oukitel_c50-13140.php,2026-09-12T06:59:06Z
Oukitel,WP39 Pro,oukitel_wp39_pro-14028.php,2026-09-12T06:59:06Z
Oukitel,C36,oukitel_c36-12657.php,2026-09-12T06:59:06Z
Oukitel,WP32 Pro,oukitel_wp32_pro-13314.php,2026-09-12T06:59:06Z
Oukitel,WP35 S,oukitel_wp35_s-13458.php,2026-09-12T06:59:06Z
Oukitel,C53,oukitel_c53-13228.php,2026-09-12T06:59:06Z
Oukitel,K16,oukitel_k16-12659.php,2026-09-12T06:59:06Z
Oukitel,RT1,oukitel_rt1-12677.php,2026-09-12T06:59:06Z
Oukitel,RT3 Pro,oukitel_rt3_pro-13459.php,2026-09-12T06:59:06Z
Oukitel,RT3,oukitel_rt3-12675.php,2026-09-12T06:59:06Z
Oukitel,OT8,oukitel_ot8-12782.php,2026-09-12T06:59:06Z
Oukitel,WP39,oukitel_wp39-13189.php,2026-09-12T06:59:06Z
Oukitel,C57 Pro,oukitel_c57_pro-13440.php,2026-09-12T06:59:06Z
Oukitel,WP21 Ultra,oukitel_wp21_ultra-12656.php,2026-09-12T06:59:06Z
Oukitel,RT6,oukitel_rt6-12673.php,2026-09-12T06:59:06Z
Oukitel,C37,oukitel_c37-13096.php,2026-09-12T06:59:06Z
Oukitel,WP28 E,oukitel_wp28_e-13229.php,2026-09-12T06:59:06Z
Oukitel,WP26,oukitel_wp26-12653.php,2026-09-12T06:59:06Z
Oukitel,WP28 S,oukitel_wp28_s-13230.php,2026-09-12T06:59:06Z
Oukitel,WP36 Pro,oukitel_wp36_pro-13510.php,2026-09-12T06:59:06Z
Oukitel,WP18 Pro,oukitel_wp18_pro-12667.php,2026-09-12T06:59:06Z
Oukitel,RT5,oukitel_rt5-12674.php,2026-09-12T06:59:06Z
Oukitel,WP52,oukitel_wp52-13193.php,2026-09-12T06:59:06Z
Oukitel,C58 Pro,oukitel_c58_pro-13488.php,2026-09-12T06:59:06Z
Oukitel,C32,oukitel_c32-12661.php,2026-09-12T06:59:06Z
Oukitel,C38,oukitel_c38-13095.php,2026-09-12T06:59:06Z
Oukitel,C57s,oukitel_c57s-13441.php,2026-09-12T06:59:06Z
Oukitel,C35,oukitel_c35-12658.php,2026-09-12T06:59:06Z
Oukitel,WP20,oukitel_wp20-12664.php,2026-09-12T06:59:06Z
Oukitel,OT5,oukitel_ot5-12670.php,2026-09-12T06:59:06Z
Panasonic,Eluga Ray 800,panasonic_eluga_ray_800-9618.php,2026-09-12T07:00:38Z
Panasonic,P85 Nxt,panasonic_p85_nxt-9389.php,2026-09-12T07:00:38Z
Panasonic,Eluga Z1 Pro,panasonic_eluga_z1_pro-9383.php,2026-09-12T07:00:38Z
Panasonic,Eluga Ray 530,panasonic_eluga_ray_530-9376.php,2026-09-12T07:00:38Z
Panasonic,Eluga Ray 600,panasonic_eluga_ray_600-9362.php,2026-09-12T07:00:38Z
Panasonic,Eluga X1 Pro,panasonic_eluga_x1_pro-9356.php,2026-09-12T07:00:38Z
Panasonic,P90,panasonic_p90-9245.php,2026-09-12T07:00:38Z
Panasonic,P95,panasonic_p95-9192.php,2026-09-12T07:00:38Z
Panasonic,Eluga I7,panasonic_eluga_i7-9176.php,2026-09-12T07:00:38Z
Panasonic,Eluga Ray 550,panasonic_eluga_ray_550-9149.php,2026-09-12T07:00:38Z
Panasonic,P101,panasonic_p101-9172.php,2026-09-12T07:00:38Z
Panasonic,P100,panasonic_p100-9062.php,2026-09-12T07:00:38Z
Panasonic,Eluga I9,panasonic_eluga_i9-8960.php,2026-09-12T07:00:38Z
Panasonic,Eluga C,panasonic_eluga_c-8954.php,2026-09-12T07:00:38Z
Panasonic,P91,panasonic_p91-8939.php,2026-09-12T07:00:38Z
Panasonic,Eluga I5,panasonic_eluga_i5-8932.php,2026-09-12T07:00:38Z
Panasonic,Eluga A4,panasonic_eluga_a4-8931.php,2026-09-12T07:00:38Z
Panasonic,P99,panasonic_p99-8878.php,2026-09-12T07:00:38Z
Panasonic,Eluga I4,panasonic_eluga_i4-8875.php,2026-09-12T07:00:38Z
Panasonic,Eluga Ray 500,panasonic_eluga_ray_500-8870.php,2026-09-12T07:00:38Z
Panasonic,Eluga Ray 700,panasonic_eluga_ray_700-8869.php,2026-09-12T07:00:38Z
Panasonic,P9,panasonic_p9-8851.php,2026-09-12T07:00:38Z
Panasonic,Eluga I2 Activ,panasonic_eluga_i2_activ-8816.php,2026-09-12T07:00:38Z
Panasonic,Eluga A3 Pro,panasonic_eluga_a3_pro-8813.php,2026-09-12T07:00:38Z
Panasonic,Eluga A3,panasonic_eluga_a3-8812.php,2026-09-12T07:00:38Z
Panasonic,P55 Max,panasonic_p55_max-8771.php,2026-09-12T07:00:38Z
Panasonic,Eluga i3 Mega,panasonic_eluga_i3_mega-8708.php,2026-09-12T07:00:38Z
Panasonic,P85,panasonic_p85-8689.php,2026-09-12T07:00:38Z
Panasonic,Eluga Ray,panasonic_eluga_ray-8688.php,2026-09-12T07:00:38Z
Panasonic,Eluga Mark 2,panasonic_eluga_mark_2-8671.php,2026-09-12T07:00:38Z
Panasonic,Eluga Ray X,panasonic_eluga_ray_x-8650.php,2026-09-12T07:00:38Z
Panasonic,Eluga Ray Max,panasonic_eluga_ray_max-8649.php,2026-09-12T07:00:38Z
Panasonic,Eluga Pulse X,panasonic_eluga_pulse_x-8661.php,2026-09-12T07:00:38Z
Panasonic,Eluga Pulse,panasonic_eluga_pulse-8662.php,2026-09-12T07:00:38Z
Panasonic,P88,panasonic_p88-8476.php,2026-09-12T07:00:38Z
Panasonic,P55 Novo,panasonic_p55_novo-8421.php,2026-09-12T07:00:38Z
Panasonic,P77,panasonic_p77-8399.php,2026-09-12T07:00:38Z
Panasonic,Eluga Tapp,panasonic_eluga_tapp-8392.php,2026-09-12T07:00:38Z
Panasonic,Eluga Arc 2,panasonic_eluga_arc_2-8240.php,2026-09-12T07:00:38Z
Panasonic,Eluga Note,panasonic_eluga_note-8196.php,2026-09-12T07:00:38Z
Panasonic,Eluga A2,panasonic_eluga_a2-8166.php,2026-09-12T07:00:38Z
Panasonic,Eluga I3,panasonic_eluga_i3-8109.php,2026-09-12T07:00:38Z
Panasonic,Eluga Arc,panasonic_eluga_arc-8107.php,2026-09-12T07:00:38Z
Panasonic,P66,panasonic_p66-7994.php,2026-09-12T07:00:38Z
Panasonic,Eluga Turbo,panasonic_eluga_turbo-7993.php,2026-09-12T07:00:38Z
Panasonic,T50,panasonic_t50-7992.php,2026-09-12T07:00:38Z
Panasonic,Eluga Mark,panasonic_eluga_mark-7792.php,2026-09-12T07:00:38Z
Panasonic,Eluga Switch,panasonic_eluga_switch-7649.php,2026-09-12T07:00:38Z
Panasonic,Eluga I7 (2019),panasonic-phones-6.php,2026-09-12T07:00:41Z
Panasonic,GD55,panasonic_gd55-372.php,2026-09-12T07:00:41Z
Panasonic,Lumix Smart Camera CM1,panasonic_lumix_smart_camera_cm1-6675.php,2026-09-12T07:00:41Z
Panasonic,GD30,panasonic_gd30-122.php,2026-09-12T07:00:41Z
Panasonic,G600,panasonic_g600-121.php,2026-09-12T07:00:41Z
Panasonic,GD92,panasonic_gd92-125.php,2026-09-12T07:00:41Z
Panasonic,A100 Series,panasonic_a100_series-711.php,2026-09-12T07:00:41Z
Panasonic,GD90,panasonic_gd90-124.php,2026-09-12T07:00:41Z
Panasonic,GD70,panasonic_gd70-123.php,2026-09-12T07:00:41Z
Panasonic,GD95,panasonic_gd95-242.php,2026-09-12T07:00:41Z
Panasonic,G70,panasonic_g70-557.php,2026-09-12T07:00:41Z
Panasonic,X700,panasonic_x700-683.php,2026-09-12T07:00:41Z
Panasonic,GD93,panasonic_gd93-126.php,2026-09-12T07:00:41Z
Panasonic,GD75,panasonic_gd75-269.php,2026-09-12T07:00:41Z
Panasonic,VS7,panasonic_vs7-1047.php,2026-09-12T07:00:41Z
Panasonic,Eluga I2,panasonic_eluga_i2-7503.php,2026-09-12T07:00:41Z
Panasonic,GD87,panasonic_gd87-322.php,2026-09-12T07:00:41Z
Panasonic,X11,panasonic_x11-625.php,2026-09-12T07:00:41Z
Panasonic,X300,panasonic_x300-710.php,2026-09-12T07:00:41Z
Panasonic,X800,panasonic_x800-993.php,2026-09-12T07:00:41Z
Panasonic,VS3,panasonic_vs3-1059.php,2026-09-12T07:00:41Z
Panasonic,GD67,panasonic_gd67-321.php,2026-09-12T07:00:41Z
Panasonic,G50,panasonic_g50-410.php,2026-09-12T07:00:41Z
Panasonic,G51,panasonic_g51-556.php,2026-09-12T07:00:43Z
Panasonic,X400,panasonic_x400-819.php,2026-09-12T07:00:43Z
Panasonic,A200,panasonic_a200-911.php,2026-09-12T07:00:43Z
Panasonic,Toughpad JT-B1,panasonic_toughpad_jt_b1-4324.php,2026-09-12T07:00:43Z
Panasonic,Toughpad FZ-A1,panasonic_toughpad_fz_a1-4323.php,2026-09-12T07:00:43Z
Panasonic,P81,panasonic_p81-6427.php,2026-09-12T07:00:43Z
Panasonic,P55,panasonic_p55-7014.php,2026-09-12T07:00:43Z
Panasonic,T40,panasonic_t40-7109.php,2026-09-12T07:00:43Z
Panasonic,G60,panasonic_g60-411.php,2026-09-12T07:00:43Z
Panasonic,SC3,panasonic_sc3-1071.php,2026-09-12T07:00:43Z
Panasonic,Eluga DL1,panasonic_eluga_dl1-4560.php,2026-09-12T07:00:43Z
Panasonic,Eluga I,panasonic_eluga_i-6818.php,2026-09-12T07:00:43Z
Panasonic,P41,panasonic_p41-6728.php,2026-09-12T07:00:43Z
Panasonic,T45,panasonic_t45-7501.php,2026-09-12T07:00:43Z
Panasonic,X70,panasonic_x70-412.php,2026-09-12T07:00:43Z
Panasonic,X68/X77,panasonic_x68_x77-772.php,2026-09-12T07:00:43Z
Panasonic,X100,panasonic_x100-817.php,2026-09-12T07:00:43Z
Panasonic,X500,panasonic_x500-820.php,2026-09-12T07:00:43Z
Panasonic,Z800,panasonic_z800-912.php,2026-09-12T07:00:43Z
Panasonic,MX7,panasonic_mx7-1060.php,2026-09-12T07:00:43Z
Panasonic,MX6,panasonic_mx6-1061.php,2026-09-12T07:00:43Z
Panasonic,A210,panasonic_a210-1070.php,2026-09-12T07:00:43Z
Panasonic,VS2,panasonic_vs2-1236.php,2026-09-12T07:00:43Z
Panasonic,VS6,panasonic_vs6-1297.php,2026-09-12T07:00:43Z
Panasonic,Eluga Power,panasonic_eluga_power-4584.php,2026-09-12T07:00:43Z
Panasonic,KX-TU301,panasonic_kx_tu301-4652.php,2026-09-12T07:00:43Z
Panasonic,P51,panasonic_p51-5469.php,2026-09-12T07:00:43Z
Panasonic,P61,panasonic_p61-7015.php,2026-09-12T07:00:43Z
Panasonic,Eluga S,panasonic_eluga_s-7202.php,2026-09-12T07:00:43Z
Panasonic,Eluga S mini,panasonic_eluga_s_mini-7361.php,2026-09-12T07:00:43Z
Panasonic,Eluga Icon,panasonic_eluga_icon-7484.php,2026-09-12T07:00:43Z
Panasonic,Eluga Z,panasonic_eluga_z-7486.php,2026-09-12T07:00:43Z
Panasonic,Eluga L 4G,panasonic_eluga_l_4g-7487.php,2026-09-12T07:00:43Z
Panasonic,Eluga L2,panasonic_eluga_l2-7502.php,2026-09-12T07:00:43Z
Parla,Minu P124,parla_minu_p124-7916.php,2026-09-12T07:02:15Z
Parla,Sonic 3.5S,parla_sonic_3_5s-7423.php,2026-09-12T07:02:15Z
Parla,Minu P123,parla_minu_p123-6826.php,2026-09-12T07:02:15Z
Parla,Sonic 3.5,parla_sonic_3_5-5855.php,2026-09-12T07:02:15Z
Parla,Zum Bianco,parla_zum_bianco-5858.php,2026-09-12T07:02:15Z
Parla,Minu,parla_minu-5854.php,2026-09-12T07:02:15Z
Parla,Gala,parla_gala-5011.php,2026-09-12T07:02:15Z
Parla,Spriz,parla_spriz-5013.php,2026-09-12T07:02:15Z
Parla,Mist,parla_mist-5012.php,2026-09-12T07:02:15Z
Parla,Zum,parla_zum-5014.php,2026-09-12T07:02:15Z
Parla,Minu P124,parla-phones-81.php,2026-09-12T07:02:17Z
Plum,Ram 10 LTE,plum_ram_10_lte-11345.php,2026-09-12T07:02:20Z
Plum,Ram Plus LTE,plum_ram_plus_lte-11346.php,2026-09-12T07:02:20Z
Plum,Flipper LTE,plum_flipper_lte-11347.php,2026-09-12T07:02:20Z
Plum,Gator 6,plum_gator_6-11132.php,2026-09-12T07:02:20Z
Plum,Ram 9,plum_ram_9-11131.php,2026-09-12T07:02:20Z
Plum,Gator 7,plum_gator_7-11076.php,2026-09-12T07:02:20Z
Plum,Tag 2 3G,plum_tag_2_3g-9503.php,2026-09-12T07:02:20Z
Plum,Phantom 2,plum_phantom_2-9495.php,2026-09-12T07:02:20Z
Plum,Optimax 13,plum_optimax_13-9494.php,2026-09-12T07:02:20Z
Plum,Flipper 2,plum_flipper_2-9493.php,2026-09-12T07:02:20Z
Plum,Ram 8,plum_ram_8-9398.php,2026-09-12T07:02:20Z
Plum,Gator 5,plum_gator_5-9377.php,2026-09-12T07:02:20Z
Plum,Tag 3G,plum_tag_3g-9145.php,2026-09-12T07:02:20Z
Plum,Optimax 11,plum_optimax_11-9130.php,2026-09-12T07:02:20Z
Plum,Optimax 12,plum_optimax_12-9129.php,2026-09-12T07:02:20Z
Plum,Optimax 2,plum_optimax_2-9128.php,2026-09-12T07:02:20Z
Plum,Compass 2,plum_compass_2-9127.php,2026-09-12T07:02:20Z
Plum,Axe 4,plum_axe_4-8969.php,2026-09-12T07:02:20Z
Plum,Compass LTE,plum_compass_lte-8968.php,2026-09-12T07:02:20Z
Plum,Gator 4,plum_gator_4-8936.php,2026-09-12T07:02:20Z
Plum,Phantom,plum_phantom-8882.php,2026-09-12T07:02:20Z
Plum,Ram 6,plum_ram_6-8734.php,2026-09-12T07:02:20Z
Plum,Play,plum_play-8485.php,2026-09-12T07:02:20Z
Plum,Ram 7 - 3G,plum_ram_7___3g-8483.php,2026-09-12T07:02:20Z
Plum,Compass,plum_compass-8480.php,2026-09-12T07:02:20Z
Plum,Hero,plum_hero-8479.php,2026-09-12T07:02:20Z
Plum,Gator 3,plum_gator_3-8407.php,2026-09-12T07:02:20Z
Plum,Axe Plus 2,plum_axe_plus_2-8112.php,2026-09-12T07:02:20Z
Plum,Optimax 10,plum_optimax_10-8089.php,2026-09-12T07:02:20Z
Plum,Optimax 8.0,plum_optimax_8_0-8088.php,2026-09-12T07:02:20Z
Plum,Optimax 7.0,plum_optimax_7_0-8087.php,2026-09-12T07:02:20Z
Plum,Ram 4,plum_ram_4-8042.php,2026-09-12T07:02:20Z
Plum,Star,plum_star-8041.php,2026-09-12T07:02:20Z
Plum,Might Plus II,plum_might_plus_ii-7991.php,2026-09-12T07:02:20Z
Plum,Axe LTE,plum_axe_lte-7798.php,2026-09-12T07:02:20Z
Plum,Check LTE,plum_check_lte-7797.php,2026-09-12T07:02:20Z
Plum,Boot 2,plum_boot_2-7796.php,2026-09-12T07:02:20Z
Plum,Ram 3G,plum_ram_3g-7795.php,2026-09-12T07:02:20Z
Plum,Sync 4.0b,plum_sync_4_0b-7435.php,2026-09-12T07:02:20Z
Plum,Gator Plus II,plum_gator_plus_ii-7434.php,2026-09-12T07:02:20Z
Plum,Ram Plus,plum_ram_plus-7433.php,2026-09-12T07:02:20Z
Plum,Coach Pro,plum_coach_pro-7012.php,2026-09-12T07:02:20Z
Plum,Trigger Plus III,plum_trigger_plus_iii-7011.php,2026-09-12T07:02:20Z
Plum,Might LTE,plum_might_lte-6755.php,2026-09-12T07:02:20Z
Plum,Sync 5.0,plum_sync_5_0-6616.php,2026-09-12T07:02:20Z
Plum,Sync 4.0,plum_sync_4_0-6615.php,2026-09-12T07:02:20Z
Plum,Sync 3.5,plum_sync_3_5-6614.php,2026-09-12T07:02:20Z
Plum,Might Pro,plum_might_pro-6613.php,2026-09-12T07:02:20Z
Plum,Coach Plus II,plum_coach_plus_ii-6612.php,2026-09-12T07:02:20Z
Plum,Ram 10 LTE,plum-phones-72.php,2026-09-12T07:02:22Z
Plum,Gator,plum_gator-6496.php,2026-09-12T07:02:22Z
Plum,Stubby,plum_stubby-4181.php,2026-09-12T07:02:22Z
Plum,Hammer,plum_hammer-5199.php,2026-09-12T07:02:22Z
Plum,Mouse,plum_mouse-5586.php,2026-09-12T07:02:22Z
Plum,Dazzle,plum_dazzle-5585.php,2026-09-12T07:02:22Z
Plum,Trigger Z104,plum_trigger_z104-5827.php,2026-09-12T07:02:25Z
Plum,Pilot Plus,plum_pilot_plus-6389.php,2026-09-12T07:02:25Z
Plum,Z708,plum_z708-6497.php,2026-09-12T07:02:25Z
Plum,Wicked,plum_wicked-4657.php,2026-09-12T07:02:25Z
Plum,Buzz,plum_buzz-4937.php,2026-09-12T07:02:25Z
Plum,Switch,plum_switch-4936.php,2026-09-12T07:02:25Z
Plum,Geo,plum_geo-4940.php,2026-09-12T07:02:25Z
Plum,Caliber II,plum_caliber_ii-5412.php,2026-09-12T07:02:25Z
Plum,Slick,plum_slick-6359.php,2026-09-12T07:02:25Z
Plum,Trigger Pro,plum_trigger_pro-6532.php,2026-09-12T07:02:25Z
Plum,Link Plus,plum_link_plus-6617.php,2026-09-12T07:02:25Z
Plum,Tracer II,plum_tracer_ii-4183.php,2026-09-12T07:02:25Z
Plum,Velocity,plum_velocity-4186.php,2026-09-12T07:02:25Z
Plum,Genius,plum_genius-4154.php,2026-09-12T07:02:25Z
Plum,Galactic,plum_galactic-4153.php,2026-09-12T07:02:25Z
Plum,Caliber,plum_caliber-4152.php,2026-09-12T07:02:25Z
Plum,Inspire,plum_inspire-4155.php,2026-09-12T07:02:25Z
Plum,Strike,plum_strike-4189.php,2026-09-12T07:02:25Z
Plum,Stubby II,plum_stubby_ii-4366.php,2026-09-12T07:02:25Z
Plum,Orbit,plum_orbit-4743.php,2026-09-12T07:02:25Z
Plum,Flix,plum_flix-4766.php,2026-09-12T07:02:25Z
Plum,Axe,plum_axe-4764.php,2026-09-12T07:02:25Z
Plum,Capacity,plum_capacity-4765.php,2026-09-12T07:02:25Z
Plum,Debut,plum_debut-4767.php,2026-09-12T07:02:25Z
Plum,Might,plum_might-4768.php,2026-09-12T07:02:25Z
Plum,Bubby,plum_bubby-4938.php,2026-09-12T07:02:25Z
Plum,Signal,plum_signal-5200.php,2026-09-12T07:02:25Z
Plum,Glow,plum_glow-5414.php,2026-09-12T07:02:25Z
Plum,Panther,plum_panther-5413.php,2026-09-12T07:02:25Z
Plum,Z710,plum_z710-5416.php,2026-09-12T07:02:25Z
Plum,Ram,plum_ram-5584.php,2026-09-12T07:02:25Z
Plum,Volt 3G,plum_volt_3g-5587.php,2026-09-12T07:02:25Z
Plum,Link II,plum_link_ii-5588.php,2026-09-12T07:02:25Z
Plum,Axe II,plum_axe_ii-5817.php,2026-09-12T07:02:25Z
Plum,Sync,plum_sync-5818.php,2026-09-12T07:02:25Z
Plum,Velocity II,plum_velocity_ii-5819.php,2026-09-12T07:02:25Z
Plum,Boot,plum_boot-6360.php,2026-09-12T07:02:25Z
Plum,Axe Plus,plum_axe_plus-6386.php,2026-09-12T07:02:25Z
Plum,Check Plus,plum_check_plus-6387.php,2026-09-12T07:02:25Z
Plum,Coach Plus,plum_coach_plus-6390.php,2026-09-12T07:02:25Z
Plum,Might Plus,plum_might_plus-6388.php,2026-09-12T07:02:25Z
Plum,Trigger Plus,plum_trigger_plus-6533.php,2026-09-12T07:02:25Z
Plum,Trion,plum_trion-4184.php,2026-09-12T07:02:25Z
Plum,Spare,plum_spare-4180.php,2026-09-12T07:02:25Z
Prestigio,MultiPhone 5508 Duo,prestigio_multiphone_5508_duo-6876.php,2026-09-12T07:03:57Z
Prestigio,MultiPhone 5504 Duo,prestigio_multiphone_5504_duo-6875.php,2026-09-12T07:03:57Z
Prestigio,MultiPhone 5503 Duo,prestigio_multiphone_5503_duo-6874.php,2026-09-12T07:03:57Z
Prestigio,MultiPhone 8500 Duo,prestigio_multiphone_8500_duo-6526.php,2026-09-12T07:03:57Z
Prestigio,MultiPhone 8400 Duo,prestigio_multiphone_8400_duo-6527.php,2026-09-12T07:03:57Z
Prestigio,MultiPad 4 Quantum 10.1 3G,prestigio_multipad_4_quantum_10_1_3g-6208.php,2026-09-12T07:03:57Z
Prestigio,MultiPad 4 Quantum 9.7 Colombia,prestigio_multipad_4_quantum_9_7_colombia-6207.php,2026-09-12T07:03:57Z
Prestigio,MultiPad 4 Ultra Quad 8.0 3G,prestigio_multipad_4_ultra_quad_8_0_3g-6206.php,2026-09-12T07:03:57Z
Prestigio,MultiPhone 7600 Duo,prestigio_multiphone_7600_duo-6205.php,2026-09-12T07:03:57Z
Prestigio,MultiPhone 7500,prestigio_multiphone_7500-6204.php,2026-09-12T07:03:57Z
Prestigio,MultiPhone 5501 Duo,prestigio_multiphone_5501_duo-6203.php,2026-09-12T07:03:57Z
Prestigio,MultiPhone 5500 Duo,prestigio_multiphone_5500_duo-6202.php,2026-09-12T07:03:57Z
Prestigio,MultiPhone 5451 Duo,prestigio_multiphone_5451_duo-6201.php,2026-09-12T07:03:57Z
Prestigio,MultiPhone 5450 Duo,prestigio_multiphone_5450_duo-6200.php,2026-09-12T07:03:57Z
Prestigio,MultiPhone 3400 Duo,prestigio_multiphone_3400_duo-5888.php,2026-09-12T07:03:57Z
Prestigio,MultiPhone 5430 Duo,prestigio_multiphone_5430_duo-5721.php,2026-09-12T07:03:57Z
Prestigio,MultiPhone 5400 Duo,prestigio_multiphone_5400_duo-5720.php,2026-09-12T07:03:57Z
Prestigio,MultiPhone 5300 Duo,prestigio_multiphone_5300_duo-5719.php,2026-09-12T07:03:57Z
Prestigio,MultiPhone 5044 Duo,prestigio_multiphone_5044_duo-5718.php,2026-09-12T07:03:57Z
Prestigio,MultiPhone 5000 Duo,prestigio_multiphone_5000_duo-5717.php,2026-09-12T07:03:57Z
Prestigio,MultiPhone 4505 Duo,prestigio_multiphone_4505_duo-5716.php,2026-09-12T07:03:57Z
Prestigio,MultiPhone 4500 Duo,prestigio_multiphone_4500_duo-5715.php,2026-09-12T07:03:57Z
Prestigio,MultiPhone 4322 Duo,prestigio_multiphone_4322_duo-5714.php,2026-09-12T07:03:57Z
Prestigio,MultiPhone 4300 Duo,prestigio_multiphone_4300_duo-5713.php,2026-09-12T07:03:57Z
Prestigio,MultiPhone 4055 Duo,prestigio_multiphone_4055_duo-5712.php,2026-09-12T07:03:57Z
Prestigio,MultiPhone 4044 Duo,prestigio_multiphone_4044_duo-5710.php,2026-09-12T07:03:57Z
Prestigio,MultiPhone 4040 Duo,prestigio_multiphone_4040_duo-5709.php,2026-09-12T07:03:57Z
Prestigio,MultiPhone 3540 Duo,prestigio_multiphone_3540_duo-5708.php,2026-09-12T07:03:57Z
Prestigio,MultiPad 4 Ultimate 8.0 3G,prestigio_multipad_4_ultimate_8_0_3g-5658.php,2026-09-12T07:03:57Z
Prestigio,MultiPad 7.0 Prime Duo 3G,prestigio_multipad_7_0_prime_duo_3g-5657.php,2026-09-12T07:03:57Z
Prestigio,Multipad 4 Quantum 10.1,prestigio_multipad_4_quantum_10_1-5656.php,2026-09-12T07:03:57Z
Prestigio,Multipad 4 Quantum 9.7,prestigio_multipad_4_quantum_9_7-5655.php,2026-09-12T07:03:57Z
Prestigio,Multipad 4 Quantum 7.85,prestigio_multipad_4_quantum_7_85-5654.php,2026-09-12T07:03:57Z
Prestigio,MultiPad Note 8.0 3G,prestigio_multipad_note_8_0_3g-5583.php,2026-09-12T07:03:57Z
Prestigio,MultiPad 2 Pro Duo 8.0 3G,prestigio_multipad_2_pro_duo_8_0_3g-5582.php,2026-09-12T07:03:57Z
Prestigio,MultiPad 2 Ultra Duo 8.0 3G,prestigio_multipad_2_ultra_duo_8_0_3g-5580.php,2026-09-12T07:03:57Z
Prestigio,MultiPad 2 Ultra Duo 8.0,prestigio_multipad_2_ultra_duo_8_0-5581.php,2026-09-12T07:03:57Z
Prestigio,MultiPad 10.1 Ultimate 3G,prestigio_multipad_10_1_ultimate_3g-5579.php,2026-09-12T07:03:57Z
Prestigio,MultiPad 10.1 Ultimate,prestigio_multipad_10_1_ultimate-5578.php,2026-09-12T07:03:57Z
Prestigio,MultiPad 7.0 Prime 3G,prestigio_multipad_7_0_prime_3g-5577.php,2026-09-12T07:03:57Z
Prestigio,MultiPad 2 Prime Duo 8.0,prestigio_multipad_2_prime_duo_8_0-5576.php,2026-09-12T07:03:57Z
Prestigio,MultiPad 7.0 Ultra Duo,prestigio_multipad_7_0_ultra_duo-5575.php,2026-09-12T07:03:57Z
Prestigio,MultiPad 8.0 Ultra Duo,prestigio_multipad_8_0_ultra_duo-5574.php,2026-09-12T07:03:57Z
Prestigio,MultiPad 9.7 Ultra Duo,prestigio_multipad_9_7_ultra_duo-5573.php,2026-09-12T07:03:57Z
Prestigio,MultiPad 7.0 Prime Duo,prestigio_multipad_7_0_prime_duo-5572.php,2026-09-12T07:03:57Z
Prestigio,MultiPad 8.0 Pro Duo,prestigio_multipad_8_0_pro_duo-5571.php,2026-09-12T07:03:57Z
Prestigio,MultiPad 7.0 Pro Duo,prestigio_multipad_7_0_pro_duo-5570.php,2026-09-12T07:03:57Z
Prestigio,MultiPad 8.0 HD,prestigio_multipad_8_0_hd-5569.php,2026-09-12T07:03:57Z
Prestigio,MultiPhone 4040 Duo,prestigio-phones-86.php,2026-09-12T07:04:00Z
Prestigio,MultiPad 7.0 HD,prestigio_multipad_7_0_hd-5566.php,2026-09-12T07:04:00Z
Prestigio,MultiPad 7.0 Prime,prestigio_multipad_7_0_prime-5562.php,2026-09-12T07:04:00Z
Prestigio,MultiPad 7.0 Pro,prestigio_multipad_7_0_pro-5561.php,2026-09-12T07:04:00Z
Prestigio,MultiPad 7.0 Ultra,prestigio_multipad_7_0_ultra-5564.php,2026-09-12T07:04:02Z
Qtek,9600,qtek_9600-1588.php,2026-09-12T07:05:34Z
Qtek,8600,qtek_8600-1585.php,2026-09-12T07:05:34Z
Qtek,A9100,qtek_a9100-2523.php,2026-09-12T07:05:34Z
Qtek,8500,qtek_8500-1483.php,2026-09-12T07:05:34Z
Qtek,S200,qtek_s200-1417.php,2026-09-12T07:05:34Z
Qtek,9000,qtek_9000-1264.php,2026-09-12T07:05:34Z
Qtek,8310,qtek_8310-1253.php,2026-09-12T07:05:34Z
Qtek,8300,qtek_8300-1252.php,2026-09-12T07:05:34Z
Qtek,9100,qtek_9100-1257.php,2026-09-12T07:05:34Z
Qtek,8100,qtek_8100-1173.php,2026-09-12T07:05:34Z
Qtek,S110,qtek_s110-1255.php,2026-09-12T07:05:34Z
Qtek,S100,qtek_s100-1172.php,2026-09-12T07:05:34Z
Qtek,9090,qtek_9090-1171.php,2026-09-12T07:05:34Z
Qtek,8020,qtek_8020-1170.php,2026-09-12T07:05:34Z
Qtek,8010,qtek_8010-1169.php,2026-09-12T07:05:34Z
Qtek,2020i,qtek_2020i-1168.php,2026-09-12T07:05:34Z
Qtek,2020,qtek_2020-1167.php,2026-09-12T07:05:34Z
Qtek,8080,qtek_8080-1166.php,2026-09-12T07:05:34Z
Qtek,8060,qtek_8060-1165.php,2026-09-12T07:05:34Z
Qtek,1010,qtek_1010-1164.php,2026-09-12T07:05:34Z
Qtek,7070,qtek_7070-1163.php,2026-09-12T07:05:34Z
Qtek,2020,qtek-phones-38.php,2026-09-12T07:05:37Z
Realme,C100i (India),realme-phones-f-118-9.php,2026-09-12T07:05:39Z
Realme,P4s,realme_p4s_5g-14885.php,2026-09-12T07:05:39Z
Realme,16x,realme_16x_5g-14871.php,2026-09-12T07:05:39Z
Realme,Narzo 100x,realme_narzo_100x_5g-14787.php,2026-09-12T07:05:39Z
Realme,P4x 4G,realme_p4x-14744.php,2026-09-12T07:05:39Z
Realme,P4R,realme_p4r_5g-14706.php,2026-09-12T07:05:39Z
Realme,Watch S5,realme_watch_s5-14686.php,2026-09-12T07:05:39Z
Realme,16T,realme_16t_5g-14674.php,2026-09-12T07:05:39Z
Realme,C100x,realme_c100x-14628.php,2026-09-12T07:05:39Z
Realme,C100i,realme_c100i-14655.php,2026-09-12T07:05:39Z
Realme,Narzo 100 Lite,realme_narzo_100_lite_5g-14593.php,2026-09-12T07:05:39Z
Realme,C100 4G,realme_c100-14586.php,2026-09-12T07:05:39Z
Realme,C100,realme_c100_5g-14585.php,2026-09-12T07:05:39Z
Realme,P4 Lite,realme_p4_lite_5g-14545.php,2026-09-12T07:05:39Z
Realme,Note 80,realme_note_80-14537.php,2026-09-12T07:05:39Z
Realme,C83,realme_c83_5g-14532.php,2026-09-12T07:05:39Z
Realme,Narzo Power,realme_narzo_power_5g-14515.php,2026-09-12T07:05:39Z
Realme,P4 Lite 4G,realme_p4_lite-14490.php,2026-09-12T07:05:39Z
Realme,16,realme_16_5g-14419.php,2026-09-12T07:05:39Z
Realme,P4 Power,realme_p4_power_5g-14451.php,2026-09-12T07:05:39Z
Realme,Neo8,realme_neo8_5g-14408.php,2026-09-12T07:05:39Z
Realme,C85 4G,realme_c85-14435.php,2026-09-12T07:05:39Z
Realme,16 Pro,realme_16_pro_5g-14400.php,2026-09-12T07:05:39Z
Realme,Pad 3,realme_pad_3_5g-14401.php,2026-09-12T07:05:39Z
Realme,Narzo 90,realme_narzo_90_5g-14345.php,2026-09-12T07:05:39Z
Realme,Narzo 90X,realme_narzo_90x_5g-14346.php,2026-09-12T07:05:39Z
Realme,P3 Lite,realme_p3_lite_5g-14360.php,2026-09-12T07:05:39Z
Realme,P3 Lite 4G,realme_p3_lite-14361.php,2026-09-12T07:05:39Z
Realme,P4x,realme_p4x_5g-14329.php,2026-09-12T07:05:39Z
Realme,C85 Pro,realme_c85_pro-14275.php,2026-09-12T07:05:39Z
Realme,C85,realme_c85_5g-14274.php,2026-09-12T07:05:39Z
Realme,15 Lite,realme_15_lite_5g-14159.php,2026-09-12T07:05:39Z
Realme,Watch 5,realme_watch_5-14109.php,2026-09-12T07:05:39Z
Realme,15T,realme_15t_5g-14105.php,2026-09-12T07:05:39Z
Realme,P4,realme_p4_5g-14087.php,2026-09-12T07:05:39Z
Realme,P4 Pro,realme_p4_pro_5g-14086.php,2026-09-12T07:05:39Z
Realme,Narzo 80 Lite,realme_narzo_80_lite-14023.php,2026-09-12T07:05:39Z
Realme,15 Pro,realme_15_pro_5g-14017.php,2026-09-12T07:05:39Z
Realme,Note 70,realme_note_70-14436.php,2026-09-12T07:05:39Z
Realme,15 (India),realme_15_5g-14018.php,2026-09-12T07:05:39Z
Realme,Note 70T,realme_note_70t-14007.php,2026-09-12T07:05:39Z
Realme,Narzo 80 Lite 5G,realme_narzo_80_lite_5g-13952.php,2026-09-12T07:05:39Z
Realme,C73,realme_c73_5g-13928.php,2026-09-12T07:05:39Z
Realme,C71,realme_c71-13931.php,2026-09-12T07:05:39Z
Realme,Neo7 Turbo,realme_neo7_turbo_5g-13916.php,2026-09-12T07:05:39Z
Realme,16 Pro,realme-phones-118.php,2026-09-12T07:05:41Z
Realme,C55,realme_c55-12159.php,2026-09-12T07:05:41Z
Realme,Note 50,realme_note_50-12799.php,2026-09-12T07:05:41Z
Realme,C53,realme_c53-12310.php,2026-09-12T07:05:41Z
Realme,GT 7,realme_gt_7_5g-13863.php,2026-09-12T07:05:41Z
Realme,Note 60,realme_note_60-13283.php,2026-09-12T07:05:41Z
Realme,GT 7T,realme_gt_7t_5g-13869.php,2026-09-12T07:05:41Z
Realme,C75 4G,realme_c75-13522.php,2026-09-12T07:05:41Z
Realme,GT 7 Pro,realme_gt_7_pro-13470.php,2026-09-12T07:05:41Z
Realme,11 Pro,realme_11_pro-12261.php,2026-09-12T07:05:41Z
Realme,GT 6,realme_gt_6-13103.php,2026-09-12T07:05:41Z
Realme,C51,realme_c51-12527.php,2026-09-12T07:05:41Z
Realme,10,realme_10-11950.php,2026-09-12T07:05:41Z
Realme,14 Pro,realme_14_pro-13586.php,2026-09-12T07:05:41Z
Realme,C61,realme_c61-13236.php,2026-09-12T07:05:41Z
Realme,Note 60x,realme_note_60x-13558.php,2026-09-12T07:05:41Z
Realme,C33,realme_c33-11849.php,2026-09-12T07:05:41Z
Realme,C11,realme_c11-10308.php,2026-09-12T07:05:41Z
Realme,14,realme_14-13729.php,2026-09-12T07:05:41Z
Realme,12,realme_12-12861.php,2026-09-12T07:05:41Z
Realme,8,realme_8-10810.php,2026-09-12T07:05:41Z
Realme,10 Pro,realme_10_pro-11978.php,2026-09-12T07:05:41Z
Realme,P3,realme_p3-13715.php,2026-09-12T07:05:41Z
Realme,C63,realme_c63-13090.php,2026-09-12T07:05:44Z
Realme,13,realme_13-13289.php,2026-09-12T07:05:44Z
Realme,11,realme_11-12444.php,2026-09-12T07:05:44Z
Realme,C65,realme_c65-12908.php,2026-09-12T07:05:44Z
Realme,C35,realme_c35-11353.php,2026-09-12T07:05:44Z
Realme,12x,realme_12x-12890.php,2026-09-12T07:05:44Z
Realme,5i,realme_5i-10010.php,2026-09-12T07:05:44Z
Realme,C75x,realme_c75x-13750.php,2026-09-12T07:05:44Z
Realme,5 Pro,realme_5_pro-9801.php,2026-09-12T07:05:44Z
Realme,C21Y,realme_c21y-10999.php,2026-09-12T07:05:44Z
Realme,C75,realme_c75_5g-13837.php,2026-09-12T07:05:44Z
Realme,C15,realme_c15-10326.php,2026-09-12T07:05:44Z
Realme,C67 4G,realme_c67_4g-12741.php,2026-09-12T07:05:44Z
Realme,5,realme_5-9802.php,2026-09-12T07:05:44Z
Sagem,Puma Phone,sagem_puma_phone-3140.php,2026-09-12T07:07:16Z
Sagem,my421z,sagem_my421z-2563.php,2026-09-12T07:07:16Z
Sagem,Roland Garros,sagem_roland_garros-2329.php,2026-09-12T07:07:16Z
Sagem,myMobileTV 2,sagem_mymobiletv_2-2328.php,2026-09-12T07:07:16Z
Sagem,my411C Oxbow,sagem_my411c_oxbow-2514.php,2026-09-12T07:07:16Z
Sagem,my855c,sagem_my855c-2304.php,2026-09-12T07:07:16Z
Sagem,my810x,sagem_my810x-2512.php,2026-09-12T07:07:16Z
Sagem,my750x,sagem_my750x-2303.php,2026-09-12T07:07:16Z
Sagem,my721x,sagem_my721x-2302.php,2026-09-12T07:07:16Z
Sagem,my721z,sagem_my721z-2301.php,2026-09-12T07:07:16Z
Sagem,my521x,sagem_my521x-2300.php,2026-09-12T07:07:16Z
Sagem,my519x,sagem_my519x-2299.php,2026-09-12T07:07:16Z
Sagem,my421x,sagem_my421x-2298.php,2026-09-12T07:07:16Z
Sagem,my429x,sagem_my429x-2297.php,2026-09-12T07:07:16Z
Sagem,my419x,sagem_my419x-2296.php,2026-09-12T07:07:16Z
Sagem,P9522 Porsche,sagem_p9522_porsche-3210.php,2026-09-12T07:07:16Z
Sagem,P9521 Porsche,sagem_p9521_porsche-3209.php,2026-09-12T07:07:16Z
Sagem,my730c,sagem_my730c-2905.php,2026-09-12T07:07:16Z
Sagem,my411c,sagem_my411c-2295.php,2026-09-12T07:07:16Z
Sagem,my312x,sagem_my312x-2294.php,2026-09-12T07:07:16Z
Sagem,my234x,sagem_my234x-2293.php,2026-09-12T07:07:16Z
Sagem,my231x,sagem_my231x-2292.php,2026-09-12T07:07:16Z
Sagem,my230x,sagem_my230x-2291.php,2026-09-12T07:07:16Z
Sagem,my226x,sagem_my226x-2513.php,2026-09-12T07:07:16Z
Sagem,my220x,sagem_my220x-2290.php,2026-09-12T07:07:16Z
Sagem,my901C,sagem_my901c-2132.php,2026-09-12T07:07:16Z
Sagem,my900C,sagem_my900c-1505.php,2026-09-12T07:07:16Z
Sagem,my850C,sagem_my850c-2133.php,2026-09-12T07:07:16Z
Sagem,my800X,sagem_my800x-1504.php,2026-09-12T07:07:16Z
Sagem,my700X,sagem_my700x-1432.php,2026-09-12T07:07:16Z
Sagem,my600X,sagem_my600x-1710.php,2026-09-12T07:07:16Z
Sagem,my600V,sagem_my600v-1793.php,2026-09-12T07:07:16Z
Sagem,my511X,sagem_my511x-2135.php,2026-09-12T07:07:16Z
Sagem,my501X,sagem_my501x-2134.php,2026-09-12T07:07:16Z
Sagem,my501C,sagem_my501c-1789.php,2026-09-12T07:07:16Z
Sagem,my500X,sagem_my500x-1604.php,2026-09-12T07:07:16Z
Sagem,my411X,sagem_my411x-2142.php,2026-09-12T07:07:16Z
Sagem,my405X,sagem_my405x-1503.php,2026-09-12T07:07:16Z
Sagem,my401X,sagem_my401x-2139.php,2026-09-12T07:07:16Z
Sagem,my401Z,sagem_my401z-2141.php,2026-09-12T07:07:16Z
Sagem,my401C,sagem_my401c-2140.php,2026-09-12T07:07:16Z
Sagem,my400V,sagem_my400v-1876.php,2026-09-12T07:07:16Z
Sagem,my400X,sagem_my400x-1421.php,2026-09-12T07:07:16Z
Sagem,my302X,sagem_my302x-2144.php,2026-09-12T07:07:16Z
Sagem,my301X,sagem_my301x-2143.php,2026-09-12T07:07:16Z
Sagem,my300X,sagem_my300x-1334.php,2026-09-12T07:07:16Z
Sagem,my300C,sagem_my300c-2119.php,2026-09-12T07:07:16Z
Sagem,my215x,sagem_my215x-1832.php,2026-09-12T07:07:16Z
Sagem,my210x,sagem_my210x-2189.php,2026-09-12T07:07:16Z
Sagem,my200x,sagem_my200x-1455.php,2026-09-12T07:07:16Z
Sagem,Puma Phone,sagem-phones-13.php,2026-09-12T07:07:18Z
Sagem,MY X5-2,sagem_my_x5_2-727.php,2026-09-12T07:07:18Z
Sagem,MY X-5,sagem_my_x_5-320.php,2026-09-12T07:07:18Z
Sagem,MY X6-2,sagem_my_x6_2-1139.php,2026-09-12T07:07:18Z
Sagem,MY X-6,sagem_my_x_6-423.php,2026-09-12T07:07:18Z
Sagem,MY X-7,sagem_my_x_7-624.php,2026-09-12T07:07:18Z
Sagem,MY S-7,sagem_my_s_7-722.php,2026-09-12T07:07:18Z
Sagem,MC 939 WAP,sagem_mc_939_wap-182.php,2026-09-12T07:07:18Z
Sagem,MW 3020,sagem_mw_3020-245.php,2026-09-12T07:07:18Z
Sagem,MY X-1w,sagem_my_x_1w-563.php,2026-09-12T07:07:18Z
Sagem,MY V-55,sagem_my_v_55-821.php,2026-09-12T07:07:18Z
Sagem,MY V-85,sagem_my_v_85-1319.php,2026-09-12T07:07:18Z
Sagem,MY X-2,sagem_my_x_2-473.php,2026-09-12T07:07:18Z
Sagem,MY C5-2,sagem_my_c5_2-903.php,2026-09-12T07:07:18Z
Sagem,MY C2-3,sagem_my_c2_3-1453.php,2026-09-12T07:07:18Z
Sagem,RC 730,sagem_rc_730-158.php,2026-09-12T07:07:18Z
Sagem,MC 820,sagem_mc_820-160.php,2026-09-12T07:07:18Z
Sagem,MC 850,sagem_mc_850-162.php,2026-09-12T07:07:18Z
Sagem,RC 922,sagem_rc_922-164.php,2026-09-12T07:07:18Z
Sagem,MC 940,sagem_mc_940-166.php,2026-09-12T07:07:18Z
Sagem,MW 3040,sagem_mw_3040-258.php,2026-09-12T07:07:21Z
Sagem,MW 3042,sagem_mw_3042-271.php,2026-09-12T07:07:21Z
Sagem,MY V-65,sagem_my_v_65-569.php,2026-09-12T07:07:21Z
Sagem,MY X3-2,sagem_my_x3_2-631.php,2026-09-12T07:07:21Z
Sagem,MY X-8,sagem_my_x_8-859.php,2026-09-12T07:07:21Z
Sagem,MY X2-2,sagem_my_x2_2-1068.php,2026-09-12T07:07:21Z
Sagem,MY X1-2,sagem_my_x1_2-1069.php,2026-09-12T07:07:21Z
Sagem,MY Z-55,sagem_my_z_55-1220.php,2026-09-12T07:07:21Z
Sagem,MC 825 FM,sagem_mc_825_fm-161.php,2026-09-12T07:07:21Z
Sagem,MC 912,sagem_mc_912-163.php,2026-09-12T07:07:21Z
Sagem,MC 932,sagem_mc_932-165.php,2026-09-12T07:07:21Z
Sagem,MC 959,sagem_mc_959-167.php,2026-09-12T07:07:21Z
Sagem,WA 3050,sagem_wa_3050-246.php,2026-09-12T07:07:21Z
Sagem,MY X-4,sagem_my_x_4-860.php,2026-09-12T07:07:21Z
Sagem,MY Z-3,sagem_my_z_3-906.php,2026-09-12T07:07:21Z
Sagem,RC 750,sagem_rc_750-159.php,2026-09-12T07:07:21Z
Sagem,MC 936,sagem_mc_936-181.php,2026-09-12T07:07:21Z
Sagem,MW 3052,sagem_mw_3052-272.php,2026-09-12T07:07:21Z
Sagem,MW 3026,sagem_mw_3026-273.php,2026-09-12T07:07:21Z
Sagem,MY 3078,sagem_my_3078-346.php,2026-09-12T07:07:21Z
Sagem,MY X-3,sagem_my_x_3-358.php,2026-09-12T07:07:21Z
Sagem,MY C-2,sagem_my_c_2-555.php,2026-09-12T07:07:21Z
Sagem,MY C-1,sagem_my_c_1-568.php,2026-09-12T07:07:21Z
Sagem,MY V-75,sagem_my_v_75-670.php,2026-09-12T07:07:21Z
Sagem,MY C2-2,sagem_my_c2_2-934.php,2026-09-12T07:07:21Z
Sagem,MY C4-2,sagem_my_c4_2-1217.php,2026-09-12T07:07:21Z
Sagem,MY V-76,sagem_my_v_76-1227.php,2026-09-12T07:07:21Z
Sagem,MY V-56,sagem_my_v_56-1242.php,2026-09-12T07:07:21Z
Sagem,my100X,sagem_my100x-1456.php,2026-09-12T07:07:21Z
Sagem,MY C5-3,sagem_my_c5_3-1737.php,2026-09-12T07:07:21Z
Sagem,my150X,sagem_my150x-2188.php,2026-09-12T07:08:25Z
Sagem,MC 950,sagem_mc_950-168.php,2026-09-12T07:08:30Z
Sagem,MC 3000,sagem_mc_3000-244.php,2026-09-12T07:08:30Z
Sagem,MY C-6,sagem_my_c_6-489.php,2026-09-12T07:08:30Z
Sendo,X2,sendo_x2-1065.php,2026-09-12T07:08:54Z
Sendo,S1,sendo_s1-1066.php,2026-09-12T07:08:54Z
Sendo,K1,sendo_k1-1067.php,2026-09-12T07:08:54Z
Sendo,P600,sendo_p600-875.php,2026-09-12T07:08:54Z
Sendo,SV663,sendo_sv663-943.php,2026-09-12T07:08:54Z
Sendo,M570,sendo_m570-680.php,2026-09-12T07:08:54Z
Sendo,S600,sendo_s600-679.php,2026-09-12T07:08:54Z
Sendo,X,sendo_x-560.php,2026-09-12T07:08:54Z
Sendo,S360,sendo_s360-913.php,2026-09-12T07:08:54Z
Sendo,S330,sendo_s330-572.php,2026-09-12T07:08:54Z
Sendo,S300,sendo_s300-530.php,2026-09-12T07:08:54Z
Sendo,M550,sendo_m550-393.php,2026-09-12T07:08:54Z
Sendo,Z100,sendo_z100-228.php,2026-09-12T07:08:54Z
Sendo,J530,sendo_j530-472.php,2026-09-12T07:08:54Z
Sendo,J520,sendo_j520-275.php,2026-09-12T07:08:54Z
Sendo,S230,sendo_s230-471.php,2026-09-12T07:08:54Z
Sendo,P200,sendo_p200-274.php,2026-09-12T07:08:54Z
Sendo,S200,sendo_s200-227.php,2026-09-12T07:08:54Z
Sendo,D800,sendo_d800-218.php,2026-09-12T07:08:54Z
Sendo,X2,sendo-phones-18.php,2026-09-12T07:08:56Z
Sharp,Aquos R11,sharp_aquos_r11_5g-14740.php,2026-09-12T07:08:59Z
Sharp,Aquos sense10,sharp_aquos_sense10_5g-14289.php,2026-09-12T07:08:59Z
Sharp,Aquos wish5,sharp_aquos_wish5_5g-13995.php,2026-09-12T07:08:59Z
Sharp,Aquos R10,sharp_aquos_r10_5g-13934.php,2026-09-12T07:08:59Z
Sharp,Aquos sense9,sharp_aquos_sense9-13622.php,2026-09-12T07:08:59Z
Sharp,Aquos R9 pro,sharp_aquos_r9_pro-13479.php,2026-09-12T07:08:59Z
Sharp,Aquos R9,sharp_aquos_r9-13483.php,2026-09-12T07:08:59Z
Sharp,Aquos wish4,sharp_aquos_wish4-13484.php,2026-09-12T07:08:59Z
Sharp,Aquos sense8,sharp_aquos_sense8-12904.php,2026-09-12T07:08:59Z
Sharp,Aquos R8s,sharp_aquos_r8s-12903.php,2026-09-12T07:08:59Z
Sharp,Aquos R8s pro,sharp_aquos_r8s_pro-12902.php,2026-09-12T07:08:59Z
Sharp,Aquos R7s,sharp_aquos_r7s-12605.php,2026-09-12T07:08:59Z
Sharp,Aquos V7 Plus,sharp_aquos_v7_plus-12606.php,2026-09-12T07:08:59Z
Sharp,Aquos sense7 plus,sharp_aquos_sense7_plus-12565.php,2026-09-12T07:08:59Z
Sharp,Aquos sense7,sharp_aquos_sense7-12564.php,2026-09-12T07:08:59Z
Sharp,Aquos V6 Plus,sharp_aquos_v6_plus-11868.php,2026-09-12T07:08:59Z
Sharp,Aquos V6,sharp_aquos_v6-11867.php,2026-09-12T07:08:59Z
Sharp,Aquos wish,sharp_aquos_wish-11847.php,2026-09-12T07:08:59Z
Sharp,Aquos zero6,sharp_aquos_zero6-11846.php,2026-09-12T07:08:59Z
Sharp,Aquos sense5G,sharp_aquos_sense5g-11845.php,2026-09-12T07:08:59Z
Sharp,Aquos sense4 plus,sharp_aquos_sense4_plus-11844.php,2026-09-12T07:08:59Z
Sharp,Aquos Zero 2,sharp_aquos_zero_2-10259.php,2026-09-12T07:08:59Z
Sharp,Aquos R5G,sharp_aquos_r5g-11843.php,2026-09-12T07:08:59Z
Sharp,Aquos V,sharp_aquos_v-9962.php,2026-09-12T07:08:59Z
Sharp,Aquos R3,sharp_aquos_r3-11839.php,2026-09-12T07:08:59Z
Sharp,Aquos Zero,sharp_aquos_zero-9512.php,2026-09-12T07:08:59Z
Sharp,Aquos R2 compact,sharp_aquos_r2_compact-9406.php,2026-09-12T07:08:59Z
Sharp,Aquos D10,sharp_aquos_d10-9311.php,2026-09-12T07:08:59Z
Sharp,Aquos B10,sharp_aquos_b10-9275.php,2026-09-12T07:08:59Z
Sharp,Aquos C10,sharp_aquos_c10-9274.php,2026-09-12T07:08:59Z
Sharp,Aquos S3 High,sharp_aquos_s3_high-9233.php,2026-09-12T07:08:59Z
Sharp,Aquos R2,sharp_aquos_r2-9193.php,2026-09-12T07:08:59Z
Sharp,Aquos S3,sharp_aquos_s3-9138.php,2026-09-12T07:08:59Z
Sharp,Aquos S3 mini,sharp_aquos_s3_mini-8822.php,2026-09-12T07:08:59Z
Sharp,Pi,sharp_pi-9060.php,2026-09-12T07:08:59Z
Sharp,R1S,sharp_r1s-9059.php,2026-09-12T07:08:59Z
Sharp,Aquos S2,sharp_aquos_s2-8797.php,2026-09-12T07:08:59Z
Sharp,Z3,sharp_z3-8787.php,2026-09-12T07:08:59Z
Sharp,Z2,sharp_z2-8410.php,2026-09-12T07:08:59Z
Sharp,MS1,sharp_ms1-8409.php,2026-09-12T07:08:59Z
Sharp,Aquos Xx,sharp_aquos_xx-7252.php,2026-09-12T07:08:59Z
Sharp,Aquos Crystal 2,sharp_aquos_crystal_2-7251.php,2026-09-12T07:08:59Z
Sharp,Aquos Crystal,sharp_aquos_crystal-6590.php,2026-09-12T07:08:59Z
Sharp,SH530U,sharp_sh530u-5056.php,2026-09-12T07:08:59Z
Sharp,SE-02,sharp_se_02-4632.php,2026-09-12T07:08:59Z
Sharp,Aquos SH80F,sharp_aquos_sh80f-4207.php,2026-09-12T07:08:59Z
Sharp,Aquos SH8298U,sharp_aquos_sh8298u-4149.php,2026-09-12T07:08:59Z
Sharp,FX,sharp_fx-3460.php,2026-09-12T07:08:59Z
Sharp,AQUOS 941SH,sharp_aquos__941sh-3142.php,2026-09-12T07:08:59Z
Sharp,940SH,sharp_940sh-3143.php,2026-09-12T07:08:59Z
Sharp,Aquos R7s,sharp-phones-23.php,2026-09-12T07:09:01Z
Sharp,GX1,sharp_gx1-459.php,2026-09-12T07:09:01Z
Sharp,GX30,sharp_gx30-629.php,2026-09-12T07:09:01Z
Sharp,GX10,sharp_gx10-460.php,2026-09-12T07:09:03Z
Sharp,930SH,sharp_930sh-2768.php,2026-09-12T07:09:03Z
Sharp,GX15/GZ100,sharp_gx15_gz100-779.php,2026-09-12T07:09:03Z
Sharp,SX862,sharp_sx862-2371.php,2026-09-12T07:09:03Z
Sharp,903,sharp_903-1241.php,2026-09-12T07:09:03Z
Sharp,936SH,sharp_936sh-3053.php,2026-09-12T07:09:03Z
Sharp,GX10i,sharp_gx10i-461.php,2026-09-12T07:09:03Z
Sharp,GX25/GZ200,sharp_gx25_gz200-924.php,2026-09-12T07:09:03Z
Sharp,904,sharp_904-1490.php,2026-09-12T07:09:03Z
Sharp,770SH,sharp_770sh-1519.php,2026-09-12T07:09:03Z
Sharp,GX33,sharp_gx33-2058.php,2026-09-12T07:09:03Z
Sharp,GX18,sharp_gx18-2335.php,2026-09-12T07:09:03Z
Sharp,GX20,sharp_gx20-510.php,2026-09-12T07:09:03Z
Sharp,GX17,sharp_gx17-1246.php,2026-09-12T07:09:03Z
Sharp,GX40,sharp_gx40-1466.php,2026-09-12T07:09:03Z
Sharp,703,sharp_703-1240.php,2026-09-12T07:09:03Z
Sharp,TM150,sharp_tm150-872.php,2026-09-12T07:09:03Z
Sharp,GX29,sharp_gx29-1473.php,2026-09-12T07:09:03Z
Sharp,705SH,sharp_705sh-1570.php,2026-09-12T07:09:03Z
Sharp,825SH,sharp_825sh-2761.php,2026-09-12T07:09:03Z
Sharp,923SH,sharp_923sh-2762.php,2026-09-12T07:09:03Z
Sharp,934SH,sharp_934sh-3052.php,2026-09-12T07:09:03Z
Sharp,TM100,sharp_tm100-714.php,2026-09-12T07:09:03Z
Sharp,TM200,sharp_tm200-938.php,2026-09-12T07:09:03Z
Sharp,GX34,sharp_gx34-2184.php,2026-09-12T07:09:03Z
Sharp,V801SH,sharp_v801sh-645.php,2026-09-12T07:09:03Z
Sharp,880SH,sharp_880sh-2099.php,2026-09-12T07:09:03Z
Sharp,GX22,sharp_gx22-595.php,2026-09-12T07:09:03Z
Sharp,802,sharp_802-896.php,2026-09-12T07:09:03Z
Sharp,550SH,sharp_550sh-1474.php,2026-09-12T07:09:03Z
Sonim,XP Pro E,sonim_xp_pro_e_5g-14273.php,2026-09-12T07:10:35Z
Sonim,XP Pro Thermal,sonim_xp_pro_thermal_5g-14272.php,2026-09-12T07:10:35Z
Sonim,XP400,sonim_xp400-13650.php,2026-09-12T07:10:35Z
Sonim,XP Pro,sonim_xp_pro-13651.php,2026-09-12T07:10:35Z
Sonim,XP10,sonim_xp10-13673.php,2026-09-12T07:10:35Z
Sonim,XP100,sonim_xp100-13652.php,2026-09-12T07:10:35Z
Sonim,XP5plus,sonim_xp5plus-11710.php,2026-09-12T07:10:35Z
Sonim,XP3plus,sonim_xp3plus-11707.php,2026-09-12T07:10:35Z
Sonim,XP3,sonim_xp3-11708.php,2026-09-12T07:10:35Z
Sonim,XP5s,sonim_xp5s-11709.php,2026-09-12T07:10:35Z
Sonim,XP8,sonim_xp8-9147.php,2026-09-12T07:10:35Z
Sonim,XP7,sonim_xp7-6828.php,2026-09-12T07:10:35Z
Sonim,XP6,sonim_xp6-7224.php,2026-09-12T07:10:35Z
Sonim,XP3400 Armor,sonim_xp3400_armor-4256.php,2026-09-12T07:10:35Z
Sonim,XP5300 Force 3G,sonim_xp5300_force_3g-4255.php,2026-09-12T07:10:35Z
Sonim,XP3340 Sentinel,sonim_xp3340_sentinel-4254.php,2026-09-12T07:10:35Z
Sonim,XP3300 Force,sonim_xp3300_force-3792.php,2026-09-12T07:10:35Z
Sonim,XP1300 Core,sonim_xp1300_core-3546.php,2026-09-12T07:10:35Z
Sonim,XP3 Sentinel,sonim_xp3_sentinel-3417.php,2026-09-12T07:10:35Z
Sonim,XP2.10 Spirit,sonim_xp2_10_spirit-3009.php,2026-09-12T07:10:35Z
Sonim,XP3.20 Quest Pro,sonim_xp3_20_quest_pro-3461.php,2026-09-12T07:10:35Z
Sonim,XP3.20 Quest,sonim_xp3_20_quest-2881.php,2026-09-12T07:10:35Z
Sonim,XP3 Enduro,sonim_xp3_enduro-2614.php,2026-09-12T07:10:35Z
Sonim,XP1,sonim_xp1-2476.php,2026-09-12T07:10:35Z
Sonim,XP3plus,sonim-phones-54.php,2026-09-12T07:10:38Z
Sony Ericsson,Xperia Arc S,sony_ericsson_xperia_arc_s-4134.php,2026-09-12T07:10:40Z
Sony Ericsson,Xperia neo V,sony_ericsson_xperia_neo_v-4122.php,2026-09-12T07:10:40Z
Sony Ericsson,Live with Walkman,sony_ericsson_live_with_walkman-4111.php,2026-09-12T07:10:40Z
Sony Ericsson,Xperia ray,sony_ericsson_xperia_ray-3972.php,2026-09-12T07:10:40Z
Sony Ericsson,Xperia active,sony_ericsson_xperia_active-3998.php,2026-09-12T07:10:40Z
Sony Ericsson,txt,sony_ericsson_txt-3999.php,2026-09-12T07:10:40Z
Sony Ericsson,Mix Walkman,sony_ericsson_mix_walkman-3984.php,2026-09-12T07:10:40Z
Sony Ericsson,txt pro,sony_ericsson_txt_pro-3983.php,2026-09-12T07:10:40Z
Sony Ericsson,Xperia mini,sony_ericsson_xperia_mini-3947.php,2026-09-12T07:10:40Z
Sony Ericsson,Xperia mini pro,sony_ericsson_xperia_mini_pro-3713.php,2026-09-12T07:10:40Z
Sony Ericsson,WT18i,sony_ericsson_wt18i-3948.php,2026-09-12T07:10:40Z
Sony Ericsson,W8,sony_ericsson_w8-3935.php,2026-09-12T07:10:40Z
Sony Ericsson,Xperia PLAY,sony_ericsson_xperia_play-3608.php,2026-09-12T07:10:40Z
Sony Ericsson,Xperia pro,sony_ericsson_xperia_pro-3779.php,2026-09-12T07:10:40Z
Sony Ericsson,Xperia Neo,sony_ericsson_xperia_neo-3734.php,2026-09-12T07:10:40Z
Sony Ericsson,Xperia Arc,sony_ericsson_xperia_arc-3619.php,2026-09-12T07:10:40Z
Sony Ericsson,Xperia PLAY CDMA,sony_ericsson_xperia_play_cdma-3780.php,2026-09-12T07:10:40Z
Sony Ericsson,A8i,sony_ericsson_a8i-3497.php,2026-09-12T07:10:40Z
Sony Ericsson,Xperia X8,sony_ericsson_xperia_x8-3403.php,2026-09-12T07:10:40Z
Sony Ericsson,Cedar,sony_ericsson_cedar-3404.php,2026-09-12T07:10:40Z
Sony Ericsson,Yendo,sony_ericsson_yendo-3374.php,2026-09-12T07:10:40Z
Sony Ericsson,BRAVIA S004,sony_ericsson_bravia_s004-3343.php,2026-09-12T07:10:40Z
Sony Ericsson,S003,sony_ericsson_s003-3342.php,2026-09-12T07:10:40Z
Sony Ericsson,Zylo,sony_ericsson_zylo-3268.php,2026-09-12T07:10:40Z
Sony Ericsson,Spiro,sony_ericsson_spiro-3267.php,2026-09-12T07:10:40Z
Sony Ericsson,Xperia X10 mini pro,sony_ericsson_xperia_x10_mini_pro-3147.php,2026-09-12T07:10:40Z
Sony Ericsson,Xperia X10 mini,sony_ericsson_xperia_x10_mini-3125.php,2026-09-12T07:10:40Z
Sony Ericsson,Vivaz pro,sony_ericsson_vivaz_pro-3075.php,2026-09-12T07:10:40Z
Sony Ericsson,Aspen,sony_ericsson_aspen-3082.php,2026-09-12T07:10:40Z
Sony Ericsson,Vivaz,sony_ericsson_vivaz-3022.php,2026-09-12T07:10:40Z
Sony Ericsson,Hazel,sony_ericsson_hazel-3058.php,2026-09-12T07:10:40Z
Sony Ericsson,Elm,sony_ericsson_elm-3057.php,2026-09-12T07:10:40Z
Sony Ericsson,Xperia Pureness,sony_ericsson_xperia_pureness-3015.php,2026-09-12T07:10:40Z
Sony Ericsson,Xperia X10,sony_ericsson_xperia_x10-2964.php,2026-09-12T07:10:40Z
Sony Ericsson,Xperia X2,sony_ericsson_xperia_x2-2926.php,2026-09-12T07:10:40Z
Sony Ericsson,Jalou,sony_ericsson_jalou-2895.php,2026-09-12T07:10:40Z
Sony Ericsson,T715,sony_ericsson_t715-2863.php,2026-09-12T07:10:40Z
Sony Ericsson,C901 GreenHeart,sony_ericsson_c901_greenheart-2819.php,2026-09-12T07:10:40Z
Sony Ericsson,J105 Naite,sony_ericsson_j105_naite-2818.php,2026-09-12T07:10:40Z
Sony Ericsson,Aino,sony_ericsson_aino-2810.php,2026-09-12T07:10:40Z
Sony Ericsson,Yari,sony_ericsson_yari-2809.php,2026-09-12T07:10:40Z
Sony Ericsson,S312,sony_ericsson_s312-2773.php,2026-09-12T07:10:40Z
Sony Ericsson,W205,sony_ericsson_w205-2774.php,2026-09-12T07:10:40Z
Sony Ericsson,T707,sony_ericsson_t707-2755.php,2026-09-12T07:10:40Z
Sony Ericsson,W995,sony_ericsson_w995-2682.php,2026-09-12T07:10:40Z
Sony Ericsson,C903,sony_ericsson_c903-2668.php,2026-09-12T07:10:40Z
Sony Ericsson,C901,sony_ericsson_c901-2671.php,2026-09-12T07:10:40Z
Sony Ericsson,W395,sony_ericsson_w395-2669.php,2026-09-12T07:10:40Z
Sony Ericsson,Xperia Arc S,sony_ericsson-phones-19.php,2026-09-12T07:10:42Z
Sony Ericsson,K750,sony_ericsson_k750-1090.php,2026-09-12T07:10:42Z
Sony Ericsson,K800,sony_ericsson_k800-1485.php,2026-09-12T07:10:42Z
Sony Ericsson,W810,sony_ericsson_w810-1402.php,2026-09-12T07:10:42Z
Sony Ericsson,Xperia X1,sony_ericsson_xperia_x1-2246.php,2026-09-12T07:10:42Z
Sony Ericsson,K850,sony_ericsson_k850-2003.php,2026-09-12T07:10:42Z
Sony Ericsson,W595,sony_ericsson_w595-2469.php,2026-09-12T07:10:42Z
Sony Ericsson,C905,sony_ericsson_c905-2427.php,2026-09-12T07:10:42Z
Sony Ericsson,W550,sony_ericsson_w550-1245.php,2026-09-12T07:10:42Z
Sony Ericsson,W880,sony_ericsson_w880-1838.php,2026-09-12T07:10:42Z
Sony Ericsson,P990,sony_ericsson_p990-1318.php,2026-09-12T07:10:42Z
Sony Ericsson,W800,sony_ericsson_w800-1089.php,2026-09-12T07:10:42Z
Sony Ericsson,W910,sony_ericsson_w910-2007.php,2026-09-12T07:10:42Z
Sony Ericsson,W200,sony_ericsson_w200-1824.php,2026-09-12T07:10:42Z
Sony Ericsson,W580,sony_ericsson_w580-1928.php,2026-09-12T07:10:42Z
Sony Ericsson,T610,sony_ericsson_t610-405.php,2026-09-12T07:10:42Z
Sony Ericsson,W350,sony_ericsson_w350-2198.php,2026-09-12T07:10:42Z
Sony Ericsson,P1,sony_ericsson_p1-1982.php,2026-09-12T07:10:42Z
Sony Ericsson,W705,sony_ericsson_w705-2585.php,2026-09-12T07:10:42Z
Sony Ericsson,P900,sony_ericsson_p900-544.php,2026-09-12T07:10:42Z
Sony Ericsson,K700,sony_ericsson_k700-692.php,2026-09-12T07:10:42Z
Sony Ericsson,C902,sony_ericsson_c902-2250.php,2026-09-12T07:10:42Z
Sony Ericsson,T630,sony_ericsson_t630-559.php,2026-09-12T07:10:42Z
Sony Ericsson,K810,sony_ericsson_k810-1839.php,2026-09-12T07:10:42Z
Sony Ericsson,W980,sony_ericsson_w980-2249.php,2026-09-12T07:10:42Z
Sony Ericsson,C510,sony_ericsson_c510-2640.php,2026-09-12T07:10:42Z
Sony Ericsson,W902,sony_ericsson_w902-2468.php,2026-09-12T07:10:45Z
Sony Ericsson,T100,sony_ericsson_t100-349.php,2026-09-12T07:10:45Z
Sony Ericsson,P910,sony_ericsson_p910-846.php,2026-09-12T07:10:45Z
Sony Ericsson,K550,sony_ericsson_k550-1840.php,2026-09-12T07:10:45Z
Sony Ericsson,W380,sony_ericsson_w380-2171.php,2026-09-12T07:10:45Z
Sony Ericsson,W890,sony_ericsson_w890-2172.php,2026-09-12T07:10:45Z
Sony Ericsson,T700,sony_ericsson_t700-2481.php,2026-09-12T07:10:45Z
Sony Ericsson,P800,sony_ericsson_p800-326.php,2026-09-12T07:10:45Z
Sony Ericsson,W960,sony_ericsson_w960-2008.php,2026-09-12T07:10:45Z
Sony Ericsson,K770,sony_ericsson_k770-2052.php,2026-09-12T07:10:45Z
Sony Ericsson,T68i,sony_ericsson_t68i-325.php,2026-09-12T07:10:45Z
Sony Ericsson,W900,sony_ericsson_w900-1325.php,2026-09-12T07:10:45Z
Sony Ericsson,W950,sony_ericsson_w950-1443.php,2026-09-12T07:10:45Z
Sony Ericsson,K790,sony_ericsson_k790-1484.php,2026-09-12T07:10:45Z
Sony Ericsson,K510,sony_ericsson_k510-1488.php,2026-09-12T07:10:45Z
Sony Ericsson,K310,sony_ericsson_k310-1489.php,2026-09-12T07:10:45Z
Sony Ericsson,K530,sony_ericsson_k530-2004.php,2026-09-12T07:10:45Z
Sony Ericsson,G900,sony_ericsson_g900-2247.php,2026-09-12T07:10:45Z
Sony Ericsson,W715,sony_ericsson_w715-2642.php,2026-09-12T07:10:45Z
Sony Ericsson,W600,sony_ericsson_w600-1204.php,2026-09-12T07:10:45Z
Sony Ericsson,W700,sony_ericsson_w700-1527.php,2026-09-12T07:10:45Z
Sony Ericsson,W508,sony_ericsson_w508-2641.php,2026-09-12T07:10:45Z
Sony Ericsson,T230,sony_ericsson_t230-446.php,2026-09-12T07:10:45Z
Sony Ericsson,K300,sony_ericsson_k300-983.php,2026-09-12T07:10:45Z
Sony Ericsson,W850,sony_ericsson_w850-1563.php,2026-09-12T07:10:45Z
Sony Ericsson,W610,sony_ericsson_w610-1845.php,2026-09-12T07:10:45Z
Sony Ericsson,W302,sony_ericsson_w302-2470.php,2026-09-12T07:10:45Z
Sony Ericsson,Z800,sony_ericsson_z800-1042.php,2026-09-12T07:10:45Z
Sony Ericsson,M600,sony_ericsson_m600-1425.php,2026-09-12T07:10:45Z
Sony Ericsson,W300,sony_ericsson_w300-1486.php,2026-09-12T07:10:45Z
Sony Ericsson,K320,sony_ericsson_k320-1722.php,2026-09-12T07:10:45Z
Sony Ericsson,W660,sony_ericsson_w660-1924.php,2026-09-12T07:10:45Z
Sony Ericsson,S500,sony_ericsson_s500-1983.php,2026-09-12T07:10:45Z
Sony Ericsson,C702,sony_ericsson_c702-2251.php,2026-09-12T07:10:45Z
T-Mobile,T Phone 3,t_mobile_t_phone_3_5g-14081.php,2026-09-12T07:12:17Z
T-Mobile,T Tablet 2,t_mobile_t_tablet_2_5g-14082.php,2026-09-12T07:12:17Z
T-Mobile,REVVL Tab 2,t_mobile_revvl_tab_2-14010.php,2026-09-12T07:12:17Z
T-Mobile,REVVL 7 Pro,t_mobile_revvl_7_pro-13145.php,2026-09-12T07:12:17Z
T-Mobile,REVVL 7,t_mobile_revvl_7-13146.php,2026-09-12T07:12:17Z
T-Mobile,REVVL 6x Pro,t_mobile_revvl_6x_pro-12515.php,2026-09-12T07:12:17Z
T-Mobile,REVVL 6x,t_mobile_revvl_6x-12514.php,2026-09-12T07:12:17Z
T-Mobile,REVVL Tab,t_mobile_revvl_tab-12516.php,2026-09-12T07:12:17Z
T-Mobile,REVVL 6 Pro,t_mobile_revvl_6_pro-11938.php,2026-09-12T07:12:17Z
T-Mobile,REVVL 6,t_mobile_revvl_6-11937.php,2026-09-12T07:12:17Z
T-Mobile,REVVL 5G,t_mobile_revvl_5g-10486.php,2026-09-12T07:12:17Z
T-Mobile,REVVL 4,t_mobile_revvl_4-10484.php,2026-09-12T07:12:17Z
T-Mobile,Revvlry,t_mobile_revvlry-9763.php,2026-09-12T07:12:17Z
T-Mobile,Revvl,t_mobile_revvl-8809.php,2026-09-12T07:12:17Z
T-Mobile,Prism II,t_mobile_prism_ii-5550.php,2026-09-12T07:12:17Z
T-Mobile,Concord,t_mobile_concord-4949.php,2026-09-12T07:12:17Z
T-Mobile,myTouch Q 2,t_mobile_mytouch_q_2-4898.php,2026-09-12T07:12:17Z
T-Mobile,myTouch 2,t_mobile_mytouch_2-4897.php,2026-09-12T07:12:17Z
T-Mobile,Prism,t_mobile_prism-4736.php,2026-09-12T07:12:17Z
T-Mobile,Move Balance,t_mobile_move_balance-4389.php,2026-09-12T07:12:17Z
T-Mobile,Arizona,t_mobile_arizona-4390.php,2026-09-12T07:12:17Z
T-Mobile,Vivacity,t_mobile_vivacity-4347.php,2026-09-12T07:12:17Z
T-Mobile,myTouch 4G Slide,t_mobile_mytouch_4g_slide-4018.php,2026-09-12T07:12:17Z
T-Mobile,Energy,t_mobile_energy-4624.php,2026-09-12T07:12:17Z
T-Mobile,SpringBoard,t_mobile_springboard-4233.php,2026-09-12T07:12:17Z
T-Mobile,myTouch Q,t_mobile_mytouch_q-4231.php,2026-09-12T07:12:17Z
T-Mobile,myTouch,t_mobile_mytouch-4232.php,2026-09-12T07:12:17Z
T-Mobile,G-Slate,t_mobile_g_slate-3932.php,2026-09-12T07:12:17Z
T-Mobile,Move,t_mobile_move-3990.php,2026-09-12T07:12:17Z
T-Mobile,G2x,t_mobile_g2x-3888.php,2026-09-12T07:12:17Z
T-Mobile,Sidekick 4G,t_mobile_sidekick_4g-3874.php,2026-09-12T07:12:17Z
T-Mobile,Vairy Text II,t_mobile_vairy_text_ii-4031.php,2026-09-12T07:12:17Z
T-Mobile,Vibe E200,t_mobile_vibe_e200-3624.php,2026-09-12T07:12:17Z
T-Mobile,Comet,t_mobile_comet-3612.php,2026-09-12T07:12:17Z
T-Mobile,myTouch 4G,t_mobile_mytouch_4g-3520.php,2026-09-12T07:12:17Z
T-Mobile,G2,t_mobile_g2-3518.php,2026-09-12T07:12:17Z
T-Mobile,myTouch 3G Slide,t_mobile_mytouch_3g_slide-3270.php,2026-09-12T07:12:17Z
T-Mobile,Garminfone,t_mobile_garminfone-3277.php,2026-09-12T07:12:17Z
T-Mobile,Pulse Mini,t_mobile_pulse_mini-3167.php,2026-09-12T07:12:17Z
T-Mobile,myTouch 3G Fender Edition,t_mobile_mytouch_3g_fender_edition-3089.php,2026-09-12T07:12:17Z
T-Mobile,HD2,t_mobile_hd2-3228.php,2026-09-12T07:12:17Z
T-Mobile,Tap,t_mobile_tap-3019.php,2026-09-12T07:12:17Z
T-Mobile,Pulse,t_mobile_pulse-2911.php,2026-09-12T07:12:17Z
T-Mobile,Vairy Text,t_mobile_vairy_text-3196.php,2026-09-12T07:12:17Z
T-Mobile,Vairy Touch II,t_mobile_vairy_touch_ii-3190.php,2026-09-12T07:12:17Z
T-Mobile,G2 Touch,t_mobile_g2_touch-2890.php,2026-09-12T07:12:17Z
T-Mobile,Dash 3G,t_mobile_dash_3g-2887.php,2026-09-12T07:12:17Z
T-Mobile,REVVL 7 Pro,t_mobile-phones-55.php,2026-09-12T07:12:19Z
T-Mobile,G1,t_mobile_g1-2533.php,2026-09-12T07:12:19Z
T-Mobile,Sidekick LX 2009,t_mobile_sidekick_lx_2009-2787.php,2026-09-12T07:12:19Z
T-Mobile,Wing,t_mobile_wing-2579.php,2026-09-12T07:12:19Z
T-Mobile,Sidekick LX,t_mobile_sidekick_lx-2577.php,2026-09-12T07:12:19Z
T-Mobile,Sidekick,t_mobile_sidekick-2576.php,2026-09-12T07:12:19Z
T-Mobile,Sidekick 3,t_mobile_sidekick_3-2578.php,2026-09-12T07:12:19Z
T-Mobile,Sidekick Slide,t_mobile_sidekick_slide-2218.php,2026-09-12T07:12:19Z
T-Mobile,Shadow,t_mobile_shadow-2564.php,2026-09-12T07:12:19Z
T-Mobile,myTouch 3G,t_mobile_mytouch_3g-2848.php,2026-09-12T07:12:19Z
T-Mobile,Dash,t_mobile_dash-2580.php,2026-09-12T07:12:19Z
T-Mobile,MDA Compact IV,t_mobile_mda_compact_iv-2582.php,2026-09-12T07:12:22Z
T-Mobile,MDA Basic,t_mobile_mda_basic-2648.php,2026-09-12T07:12:22Z
T-Mobile,MDA Compact V,t_mobile_mda_compact_v-2824.php,2026-09-12T07:12:22Z
T-Mobile,MDA Vario IV,t_mobile_mda_vario_iv-2581.php,2026-09-12T07:12:22Z
T-Mobile,Shadow 2,t_mobile_shadow_2-2656.php,2026-09-12T07:12:22Z
T-Mobile,MDA Vario V,t_mobile_mda_vario_v-2825.php,2026-09-12T07:12:22Z
T-Mobile,Vairy Touch,t_mobile_vairy_touch-2858.php,2026-09-12T07:12:22Z
T-Mobile,myTouch 3G 1.2,t_mobile_mytouch_3g_1_2-3424.php,2026-09-12T07:12:22Z
Tecno,Camon Air,tecno-phones-f-120-9.php,2026-09-12T07:13:54Z
Tecno,Camon Slim,tecno_camon_slim_5g-14918.php,2026-09-12T07:13:54Z
Tecno,Spark Go 3 Pro,tecno_spark_go_3_pro-14905.php,2026-09-12T07:13:54Z
Tecno,Pova 8 Pro,tecno_pova_8_pro_5g-14875.php,2026-09-12T07:13:54Z
Tecno,Camon Slim 4G,tecno_camon_slim-14745.php,2026-09-12T07:13:54Z
Tecno,Spark 50 Pro,tecno_spark_50_pro-14728.php,2026-09-12T07:13:54Z
Tecno,Pova 8,tecno_pova_8_5g-14714.php,2026-09-12T07:13:54Z
Tecno,Pop X,tecno_pop_x_5g-14608.php,2026-09-12T07:13:54Z
Tecno,Pop X 4G,tecno_pop_x-14665.php,2026-09-12T07:13:54Z
Tecno,Spark 50 4G,tecno_spark_50_4g-14596.php,2026-09-12T07:13:54Z
Tecno,Spark 50,tecno_spark_50_5g-14566.php,2026-09-12T07:13:54Z
Tecno,Camon 50 Ultra,tecno_camon_50_ultra_5g-14519.php,2026-09-12T07:13:54Z
Tecno,Camon 50 Pro,tecno_camon_50_pro_5g-14538.php,2026-09-12T07:13:54Z
Tecno,Camon 50 Pro 4G,tecno_camon_50_pro-14500.php,2026-09-12T07:13:54Z
Tecno,Camon 50 4G,tecno_camon_50-14501.php,2026-09-12T07:13:54Z
Tecno,Pova Curve 2,tecno_pova_curve_2_5g-14384.php,2026-09-12T07:13:54Z
Tecno,Spark Go 3,tecno_spark_go_3-14420.php,2026-09-12T07:13:54Z
Tecno,Megapad SE,tecno_megapad_se-14488.php,2026-09-12T07:13:54Z
Tecno,Megapad Pro,tecno_megapad_pro-14244.php,2026-09-12T07:13:54Z
Tecno,Pova Slim,tecno_pova_slim_5g-14111.php,2026-09-12T07:13:54Z
Tecno,Spark Slim,tecno_spark_slim-14112.php,2026-09-12T07:13:54Z
Tecno,Spark 40,tecno_spark_40_5g-14568.php,2026-09-12T07:13:54Z
Tecno,Spark Go,tecno_spark_go_5g-14074.php,2026-09-12T07:13:54Z
Tecno,Spark 40C,tecno_spark_40c-14052.php,2026-09-12T07:13:54Z
Tecno,Pova 7 Pro,tecno_pova_7_pro_5g-13990.php,2026-09-12T07:13:54Z
Tecno,Pova 7,tecno_pova_7_5g-13991.php,2026-09-12T07:13:54Z
Tecno,Spark 40 Pro,tecno_spark_40_pro-13985.php,2026-09-12T07:13:54Z
Tecno,Spark 40 4G,tecno_spark_40_4g-13984.php,2026-09-12T07:13:54Z
Tecno,Pova 7 Ultra,tecno_pova_7_ultra_5g-13976.php,2026-09-12T07:13:54Z
Tecno,Pova 7 4G,tecno_pova_7-13974.php,2026-09-12T07:13:54Z
Tecno,Spark Go 2,tecno_spark_go_2-13975.php,2026-09-12T07:13:54Z
Tecno,Pova Curve,tecno_pova_curve_5g-13915.php,2026-09-12T07:13:54Z
Tecno,Camon 40 Premier,tecno_camon_40_premier-13694.php,2026-09-12T07:13:54Z
Tecno,Camon 40 Pro,tecno_camon_40_pro_5g-13695.php,2026-09-12T07:13:54Z
Tecno,Camon 40 Pro 4G,tecno_camon_40_pro-13696.php,2026-09-12T07:13:54Z
Tecno,Camon 40,tecno_camon_40-13697.php,2026-09-12T07:13:54Z
Tecno,Spark Go 1S,tecno_spark_go_1s-13648.php,2026-09-12T07:13:54Z
Tecno,Megapad 11,tecno_megapad_11-13546.php,2026-09-12T07:13:54Z
Tecno,Pop 9 4G,tecno_pop_9_4g-13509.php,2026-09-12T07:13:54Z
Tecno,Megapad,tecno_megapad-13268.php,2026-09-12T07:13:54Z
Tecno,Camon 30S,tecno_camon_30s-13426.php,2026-09-12T07:13:54Z
Tecno,Spark 30C 5G,tecno_spark_30c_5g-13385.php,2026-09-12T07:13:54Z
Tecno,Spark 30 5G,tecno_spark_30_5g-13384.php,2026-09-12T07:13:54Z
Tecno,Pop 9,tecno_pop_9-13358.php,2026-09-12T07:13:54Z
Tecno,Spark 30 Pro,tecno_spark_30_pro-13357.php,2026-09-12T07:13:54Z
Tecno,Spark 30,tecno_spark_30-13356.php,2026-09-12T07:13:54Z
Tecno,Phantom V Fold2,tecno_phantom_v_fold2-13334.php,2026-09-12T07:13:54Z
Tecno,Phantom V Flip2,tecno_phantom_v_flip2-13335.php,2026-09-12T07:13:54Z
Tecno,Pova 6 Neo 5G,tecno_pova_6_neo_5g-13326.php,2026-09-12T07:13:54Z
Tecno,Camon Slim,tecno-phones-120.php,2026-09-12T07:13:57Z
Tecno,Camon Air,tecno_camon_air-14919.php,2026-09-12T07:13:57Z
Tecno,Spark Go 1,tecno_spark_go_1-13274.php,2026-09-12T07:13:57Z
Tecno,Spark 20,tecno_spark_20-12722.php,2026-09-12T07:13:57Z
Tecno,Spark Go 2024,tecno_spark_go_2024-12702.php,2026-09-12T07:13:57Z
Tecno,Spark 30C,tecno_spark_30c-13310.php,2026-09-12T07:13:57Z
Tecno,Camon 30,tecno_camon_30-12848.php,2026-09-12T07:13:57Z
Tecno,Camon 20,tecno_camon_20-12253.php,2026-09-12T07:13:57Z
Tecno,Spark 20 Pro,tecno_spark_20_pro-12747.php,2026-09-12T07:13:57Z
Tecno,Spark 10 Pro,tecno_spark_10_pro-12156.php,2026-09-12T07:13:57Z
Tecno,Spark 10C,tecno_spark_10c-12199.php,2026-09-12T07:13:57Z
Tecno,Pova 5 Pro,tecno_pova_5_pro-12448.php,2026-09-12T07:13:57Z
Tecno,Spark 10,tecno_spark_10-12178.php,2026-09-12T07:13:57Z
Tecno,Spark 20C,tecno_spark_20c-12710.php,2026-09-12T07:13:57Z
Tecno,Pova 6 Pro,tecno_pova_6_pro-12830.php,2026-09-12T07:13:57Z
Tecno,Camon 20 Pro,tecno_camon_20_pro-12254.php,2026-09-12T07:13:57Z
Tecno,Camon 30 Pro,tecno_camon_30_pro-12846.php,2026-09-12T07:13:57Z
Tecno,Pova 6,tecno_pova_6-12910.php,2026-09-12T07:13:57Z
Tecno,Pova 5,tecno_pova_5-12393.php,2026-09-12T07:13:57Z
Tecno,Pop 7,tecno_pop_7-12202.php,2026-09-12T07:13:57Z
Tecno,Spark Go 2023,tecno_spark_go_2023-12086.php,2026-09-12T07:13:59Z
Tecno,Pop 8,tecno_pop_8-12644.php,2026-09-12T07:13:59Z
Tecno,Camon 20 Pro 5G,tecno_camon_20_pro_5g-12255.php,2026-09-12T07:13:59Z
Tecno,Spark 7,tecno_spark_7-10845.php,2026-09-12T07:13:59Z
Tecno,Camon 30 5G,tecno_camon_30_5g-12847.php,2026-09-12T07:13:59Z
Tecno,Spark 8C,tecno_spark_8c-11340.php,2026-09-12T07:13:59Z
Telit,t800,telit_t800-1549.php,2026-09-12T07:15:31Z
Telit,t250,telit_t250-1548.php,2026-09-12T07:15:31Z
Telit,t650,telit_t650-1547.php,2026-09-12T07:15:31Z
Telit,t200,telit_t200-1546.php,2026-09-12T07:15:31Z
Telit,GU1100,telit_gu1100-1540.php,2026-09-12T07:15:31Z
Telit,SP600,telit_sp600-1539.php,2026-09-12T07:15:31Z
Telit,t550,telit_t550-1538.php,2026-09-12T07:15:31Z
Telit,t420,telit_t420-1537.php,2026-09-12T07:15:31Z
Telit,t180,telit_t180-1661.php,2026-09-12T07:15:31Z
Telit,t410,telit_t410-1536.php,2026-09-12T07:15:31Z
Telit,t130,telit_t130-1581.php,2026-09-12T07:15:31Z
Telit,t110,telit_t110-1535.php,2026-09-12T07:15:31Z
Telit,t210,telit_t210-1534.php,2026-09-12T07:15:31Z
Telit,T510,telit_t510-1244.php,2026-09-12T07:15:31Z
Telit,C1000,telit_c1000-1243.php,2026-09-12T07:15:31Z
Telit,T91,telit_t91-863.php,2026-09-12T07:15:31Z
Telit,T90,telit_t90-862.php,2026-09-12T07:15:31Z
Telit,NEO,telit_neo-793.php,2026-09-12T07:15:31Z
Telit,X60i,telit_x60i-792.php,2026-09-12T07:15:31Z
Telit,G90,telit_g90-578.php,2026-09-12T07:15:31Z
Telit,G83,telit_g83-577.php,2026-09-12T07:15:31Z
Telit,G80,telit_g80-362.php,2026-09-12T07:15:31Z
Telit,G82,telit_g82-361.php,2026-09-12T07:15:31Z
Telit,G40,telit_g40-442.php,2026-09-12T07:15:31Z
Telit,GM 882,telit_gm_882-360.php,2026-09-12T07:15:31Z
Telit,GM 830,telit_gm_830-189.php,2026-09-12T07:15:31Z
Telit,GM 810,telit_gm_810-188.php,2026-09-12T07:15:31Z
Telit,Estremo,telit_estremo-187.php,2026-09-12T07:15:31Z
Telit,GM 710,telit_gm_710-186.php,2026-09-12T07:15:31Z
Telit,GM 410,telit_gm_410-185.php,2026-09-12T07:15:31Z
Telit,t800,telit-phones-16.php,2026-09-12T07:15:33Z
Toshiba,Excite Go,toshiba_excite_go-6466.php,2026-09-12T07:15:36Z
Toshiba,Excite 7c AT7-B8,toshiba_excite_7c_at7_b8-6467.php,2026-09-12T07:15:36Z
Toshiba,Excite Pro,toshiba_excite_pro-5500.php,2026-09-12T07:15:36Z
Toshiba,Excite Write,toshiba_excite_write-5501.php,2026-09-12T07:15:36Z
Toshiba,Excite Pure,toshiba_excite_pure-5502.php,2026-09-12T07:15:36Z
Toshiba,Excite 10 SE,toshiba_excite_10_se-5154.php,2026-09-12T07:15:36Z
Toshiba,Excite 13 AT335,toshiba_excite_13_at335-4691.php,2026-09-12T07:15:36Z
Toshiba,Excite 10 AT305,toshiba_excite_10_at305-4692.php,2026-09-12T07:15:36Z
Toshiba,Excite 7.7 AT275,toshiba_excite_7_7_at275-4693.php,2026-09-12T07:15:36Z
Toshiba,Excite AT200,toshiba_excite_at200-4400.php,2026-09-12T07:15:36Z
Toshiba,Thrive 7,toshiba_thrive_7-4203.php,2026-09-12T07:15:36Z
Toshiba,Windows Phone IS12T,toshiba_windows_phone_is12t-4076.php,2026-09-12T07:15:36Z
Toshiba,Thrive,toshiba_thrive-3970.php,2026-09-12T07:15:36Z
Toshiba,K01,toshiba_k01-3161.php,2026-09-12T07:15:36Z
Toshiba,TG02,toshiba_tg02-3159.php,2026-09-12T07:15:36Z
Toshiba,TG01,toshiba_tg01-2662.php,2026-09-12T07:15:36Z
Toshiba,G810,toshiba_g810-2273.php,2026-09-12T07:15:36Z
Toshiba,G910 / G920,toshiba_g910___g920-2231.php,2026-09-12T07:15:36Z
Toshiba,G450,toshiba_g450-2237.php,2026-09-12T07:15:36Z
Toshiba,G710,toshiba_g710-2232.php,2026-09-12T07:15:36Z
Toshiba,G900,toshiba_g900-1905.php,2026-09-12T07:15:36Z
Toshiba,G500,toshiba_g500-1904.php,2026-09-12T07:15:36Z
Toshiba,TS605,toshiba_ts605-1814.php,2026-09-12T07:15:36Z
Toshiba,TX80,toshiba_tx80-1813.php,2026-09-12T07:15:36Z
Toshiba,TS32,toshiba_ts32-1812.php,2026-09-12T07:15:36Z
Toshiba,TS705,toshiba_ts705-1699.php,2026-09-12T07:15:36Z
Toshiba,TS608,toshiba_ts608-1698.php,2026-09-12T07:15:36Z
Toshiba,TX62,toshiba_tx62-1626.php,2026-09-12T07:15:36Z
Toshiba,904T,toshiba_904t-1618.php,2026-09-12T07:15:36Z
Toshiba,903T,toshiba_903t-1613.php,2026-09-12T07:15:36Z
Toshiba,705T,toshiba_705t-1571.php,2026-09-12T07:15:36Z
Toshiba,TS921,toshiba_ts921-1532.php,2026-09-12T07:15:36Z
Toshiba,TS808,toshiba_ts808-1700.php,2026-09-12T07:15:36Z
Toshiba,TS803,toshiba_ts803-1529.php,2026-09-12T07:15:36Z
Toshiba,TS10,toshiba_ts10-1528.php,2026-09-12T07:15:36Z
Toshiba,Excite Go,toshiba-phones-44.php,2026-09-12T07:15:38Z
Umidigi,G100 Pro,umidigi_g100_pro-14542.php,2026-09-12T07:15:41Z
Umidigi,G100x,umidigi_g100x-14541.php,2026-09-12T07:15:41Z
Umidigi,A75x,umidigi_a75x-14543.php,2026-09-12T07:15:41Z
Umidigi,Note 100 4G,umidigi_note_100-14271.php,2026-09-12T07:15:41Z
Umidigi,G9x,umidigi_g9x-13963.php,2026-09-12T07:15:41Z
Umidigi,Note 100,umidigi_note_100_5g-13725.php,2026-09-12T07:15:41Z
Umidigi,Note 100A,umidigi_note_100a-13726.php,2026-09-12T07:15:41Z
Umidigi,G100,umidigi_g100-13728.php,2026-09-12T07:15:41Z
Umidigi,G100A,umidigi_g100a-13727.php,2026-09-12T07:15:41Z
Umidigi,G9A,umidigi_g9a-13323.php,2026-09-12T07:15:41Z
Umidigi,G9C,umidigi_g9c-13324.php,2026-09-12T07:15:41Z
Umidigi,G9T,umidigi_g9t-13325.php,2026-09-12T07:15:41Z
Umidigi,G7 Tab Pro,umidigi_g7_tab_pro-13330.php,2026-09-12T07:15:41Z
Umidigi,G9 Tab,umidigi_g9_tab-13331.php,2026-09-12T07:15:41Z
Umidigi,G9 5G,umidigi_g9_5g-13284.php,2026-09-12T07:15:41Z
Umidigi,G6 5G,umidigi_g6_5g-13012.php,2026-09-12T07:15:41Z
Umidigi,A15T,umidigi_a15t-13013.php,2026-09-12T07:15:41Z
Umidigi,Bison X20,umidigi_bison_x20-13014.php,2026-09-12T07:15:41Z
Umidigi,G1 Tab Mini,umidigi_g1_tab_mini-13034.php,2026-09-12T07:15:41Z
Umidigi,G3 Tab Ultra,umidigi_g3_tab_ultra-13033.php,2026-09-12T07:15:41Z
Umidigi,G5A,umidigi_g5a-13020.php,2026-09-12T07:15:41Z
Umidigi,G5,umidigi_g5-13021.php,2026-09-12T07:15:41Z
Umidigi,A15,umidigi_a15-13022.php,2026-09-12T07:15:41Z
Umidigi,A15C,umidigi_a15c-13023.php,2026-09-12T07:15:41Z
Umidigi,G1 Plus,umidigi_g1_plus-13024.php,2026-09-12T07:15:41Z
Umidigi,C1 Plus,umidigi_c1_plus-13025.php,2026-09-12T07:15:41Z
Umidigi,G5 Mecha,umidigi_g5_mecha-13026.php,2026-09-12T07:15:41Z
Umidigi,Active T1,umidigi_active_t1-13036.php,2026-09-12T07:15:41Z
Umidigi,A15 Tab,umidigi_a15_tab-13037.php,2026-09-12T07:15:41Z
Umidigi,G5 Tab,umidigi_g5_tab-13038.php,2026-09-12T07:15:41Z
Umidigi,G2 Tab,umidigi_g2_tab-13039.php,2026-09-12T07:15:41Z
Umidigi,G1 Tab,umidigi_g1_tab-13040.php,2026-09-12T07:15:41Z
Umidigi,G3,umidigi_g3-13027.php,2026-09-12T07:15:41Z
Umidigi,G3 Plus,umidigi_g3_plus-13028.php,2026-09-12T07:15:41Z
Umidigi,G3 Max,umidigi_g3_max-13029.php,2026-09-12T07:15:41Z
Umidigi,F3 Pro,umidigi_f3_pro-13030.php,2026-09-12T07:15:41Z
Umidigi,G2,umidigi_g2-13031.php,2026-09-12T07:15:41Z
Umidigi,C2,umidigi_c2-13032.php,2026-09-12T07:15:41Z
Umidigi,A13 Pro Max,umidigi_a13_pro_max-13041.php,2026-09-12T07:15:41Z
Umidigi,G1 Max,umidigi_g1_max-13042.php,2026-09-12T07:15:41Z
Umidigi,C1 Max,umidigi_c1_max-13043.php,2026-09-12T07:15:41Z
Umidigi,A13 Pro 5G,umidigi_a13_pro_5g-13044.php,2026-09-12T07:15:41Z
Umidigi,F3 5G,umidigi_f3_5g-13060.php,2026-09-12T07:15:41Z
Umidigi,G1,umidigi_g1-13061.php,2026-09-12T07:15:41Z
Umidigi,C1,umidigi_c1-13062.php,2026-09-12T07:15:41Z
Umidigi,Bison 2 Pro,umidigi_bison_2_pro-13063.php,2026-09-12T07:15:41Z
Umidigi,Bison 2,umidigi_bison_2-13064.php,2026-09-12T07:15:41Z
Umidigi,Power 7S,umidigi_power_7s-13065.php,2026-09-12T07:15:41Z
Umidigi,Power 7,umidigi_power_7-13066.php,2026-09-12T07:15:41Z
Umidigi,Power 7 Max,umidigi_power_7_max-13067.php,2026-09-12T07:15:41Z
Umidigi,G100 Pro,umidigi-phones-135.php,2026-09-12T07:15:43Z
Umidigi,Bison,umidigi_bison-13110.php,2026-09-12T07:15:43Z
Umidigi,A9,umidigi_a9-13108.php,2026-09-12T07:15:43Z
Umidigi,F1,umidigi_f1-9524.php,2026-09-12T07:15:43Z
Umidigi,A13 Pro,umidigi_a13_pro-13074.php,2026-09-12T07:15:43Z
Umidigi,Bison GT2 Pro 5G,umidigi_bison_gt2_pro_5g-13076.php,2026-09-12T07:15:43Z
Umidigi,A11 Pro Max,umidigi_a11_pro_max-13100.php,2026-09-12T07:15:43Z
Umidigi,A9 Pro,umidigi_a9_pro-13109.php,2026-09-12T07:15:43Z
Umidigi,Bison X10 Pro,umidigi_bison_x10_pro-13097.php,2026-09-12T07:15:43Z
Umidigi,A11,umidigi_a11-13106.php,2026-09-12T07:15:43Z
Umidigi,One Max,umidigi_one_max-9525.php,2026-09-12T07:15:43Z
Umidigi,Bison X10,umidigi_bison_x10-13098.php,2026-09-12T07:15:43Z
Umidigi,Bison Pro,umidigi_bison_pro-13099.php,2026-09-12T07:15:43Z
Umidigi,A13S,umidigi_a13s-13072.php,2026-09-12T07:15:45Z
Umidigi,Bison GT2 5G,umidigi_bison_gt2_5g-13075.php,2026-09-12T07:15:45Z
Umidigi,Bison GT2,umidigi_bison_gt2-13078.php,2026-09-12T07:15:45Z
Umidigi,Power 5,umidigi_power_5-13105.php,2026-09-12T07:15:45Z
Umidigi,A13,umidigi_a13-13073.php,2026-09-12T07:15:45Z
Umidigi,A9 Pro 2021,umidigi_a9_pro_2021-13107.php,2026-09-12T07:15:45Z
Umidigi,Bison GT2 Pro,umidigi_bison_gt2_pro-13077.php,2026-09-12T07:15:45Z
Umidigi,A11S,umidigi_a11s-13084.php,2026-09-12T07:15:45Z
Umidigi,F3S,umidigi_f3s-13069.php,2026-09-12T07:15:45Z
Umidigi,Power 5S,umidigi_power_5s-13083.php,2026-09-12T07:15:45Z
Umidigi,G3 Tab,umidigi_g3_tab-13114.php,2026-09-12T07:15:45Z
Umidigi,F3,umidigi_f3-13068.php,2026-09-12T07:15:45Z
Umidigi,Bison X10G,umidigi_bison_x10g-13082.php,2026-09-12T07:15:45Z
Umidigi,F3 SE,umidigi_f3_se-13070.php,2026-09-12T07:15:45Z
Umidigi,Bison X10G NFC,umidigi_bison_x10g_nfc-13080.php,2026-09-12T07:15:45Z
Umidigi,Bison X10S,umidigi_bison_x10s-13081.php,2026-09-12T07:15:45Z
Umidigi,Bison X10S NFC,umidigi_bison_x10s_nfc-13079.php,2026-09-12T07:15:45Z
Umidigi,A11 Tab,umidigi_a11_tab-13113.php,2026-09-12T07:15:45Z
Vertu,Aster,vertu_aster-6726.php,2026-09-12T07:17:17Z
Vertu,Signature Touch,vertu_signature_touch-6374.php,2026-09-12T07:17:17Z
Vertu,Constellation 2013,vertu_constellation_2013-5868.php,2026-09-12T07:17:17Z
Vertu,Ti,vertu_ti-5297.php,2026-09-12T07:17:17Z
Vertu,Constellation,vertu_constellation-4263.php,2026-09-12T07:17:17Z
Vertu,Ascent Ferrari GT,vertu_ascent_ferrari_gt-3721.php,2026-09-12T07:17:17Z
Vertu,Constellation Quest,vertu_constellation_quest-3590.php,2026-09-12T07:17:17Z
Vertu,Ascent 2010,vertu_ascent_2010-3264.php,2026-09-12T07:17:17Z
Vertu,Constellation Ayxta,vertu_constellation_ayxta-2990.php,2026-09-12T07:17:17Z
Vertu,Ascent Ti Damascus Steel,vertu_ascent_ti_damascus_steel-2822.php,2026-09-12T07:17:17Z
Vertu,Signature S,vertu_signature_s-2753.php,2026-09-12T07:17:17Z
Vertu,Ascent Ti,vertu_ascent_ti-2752.php,2026-09-12T07:17:17Z
Vertu,Constellation 2006,vertu_constellation_2006-1766.php,2026-09-12T07:17:17Z
Vertu,Diamond,vertu_diamond-1541.php,2026-09-12T07:17:17Z
Vertu,Ascent,vertu_ascent-1219.php,2026-09-12T07:17:17Z
Vertu,Signature,vertu_signature-1218.php,2026-09-12T07:17:17Z
Vertu,Signature Touch (2015),vertu-phones-39.php,2026-09-12T07:17:20Z
vivo,V80 Lite,vivo-phones-f-98-9.php,2026-09-12T07:17:22Z
vivo,T5,vivo_t5_5g-14899.php,2026-09-12T07:17:22Z
vivo,V70 Lite 4G,vivo_v70_lite-14898.php,2026-09-12T07:17:22Z
vivo,Y31t,vivo_y31t_5g-14884.php,2026-09-12T07:17:22Z
vivo,iQOO Neo11 Ultra,vivo_iqoo_neo11_ultra_5g-14878.php,2026-09-12T07:17:22Z
vivo,S2,vivo_s2_5g-14839.php,2026-09-12T07:17:22Z
vivo,T5e,vivo_t5e-14829.php,2026-09-12T07:17:22Z
vivo,X300 E,vivo_x300_e_5g-14826.php,2026-09-12T07:17:22Z
vivo,iQOO Z11 Lite 44W,vivo_iqoo_z11_lite_5g-14809.php,2026-09-12T07:17:22Z
vivo,T5 Lite,vivo_t5_lite_5g-14734.php,2026-09-12T07:17:22Z
vivo,Y500,vivo_y500-14780.php,2026-09-12T07:17:22Z
vivo,iQOO Z11i,vivo_iqoo_z11i_5g-14771.php,2026-09-12T07:17:22Z
vivo,X Fold6,vivo_x_fold6_5g-14748.php,2026-09-12T07:17:22Z
vivo,IQOO Pad5c,vivo_iqoo_pad5c-14763.php,2026-09-12T07:17:22Z
vivo,V70 Lite,vivo_v70_lite_5g-14710.php,2026-09-12T07:17:22Z
vivo,S60,vivo_s60_5g-14692.php,2026-09-12T07:17:22Z
vivo,S60e,vivo_s60_vitality_5g-14693.php,2026-09-12T07:17:22Z
vivo,T5 4G,vivo_t5-14697.php,2026-09-12T07:17:22Z
vivo,Y600 Turbo,vivo_y600_turbo_5g-14687.php,2026-09-12T07:17:22Z
vivo,iQOO 15T,vivo_iqoo_15t_5g-14661.php,2026-09-12T07:17:22Z
vivo,iQOO Pad6 Pro,vivo_iqoo_pad6_pro-14679.php,2026-09-12T07:17:22Z
vivo,iQOO Z11,vivo_iqoo_z11_5g-14654.php,2026-09-12T07:17:22Z
vivo,Y500s,vivo_y500s_5g-14631.php,2026-09-12T07:17:22Z
vivo,Y6,vivo_y6_5g-14632.php,2026-09-12T07:17:22Z
vivo,Y6t,vivo_y6t_5g-14649.php,2026-09-12T07:17:22Z
vivo,Y60,vivo_y60_5g-14633.php,2026-09-12T07:17:22Z
vivo,X300 FE,vivo_x300_fe_5g-14491.php,2026-09-12T07:17:22Z
vivo,T5 Pro,vivo_t5_pro_5g-14599.php,2026-09-12T07:17:22Z
vivo,X300 Ultra,vivo_x300_ultra_5g-14388.php,2026-09-12T07:17:22Z
vivo,X300s,vivo_x300s_5g-14557.php,2026-09-12T07:17:22Z
vivo,Pad6 Pro,vivo_pad6_pro-14569.php,2026-09-12T07:17:22Z
vivo,Y21,vivo_y21_5g-14561.php,2026-09-12T07:17:22Z
vivo,Y11,vivo_y11_5g-14564.php,2026-09-12T07:17:22Z
vivo,T5x,vivo_t5x_5g-14536.php,2026-09-12T07:17:22Z
vivo,iQOO Z11x,vivo_iqoo_z11x_5g-14531.php,2026-09-12T07:17:22Z
vivo,Y51 Pro,vivo_y51_pro_5g-14539.php,2026-09-12T07:17:22Z
vivo,V70 FE,vivo_v70_fe_5g-14504.php,2026-09-12T07:17:22Z
vivo,iQOO 15R,vivo_iqoo_15r_5g-14483.php,2026-09-12T07:17:22Z
vivo,Y05,vivo_y05-14510.php,2026-09-12T07:17:22Z
vivo,V70 Elite,vivo_v70_elite_5g-14446.php,2026-09-12T07:17:22Z
vivo,V70,vivo_v70_5g-14505.php,2026-09-12T07:17:22Z
vivo,iQOO 15 Ultra,vivo_iqoo_15_ultra_5g-14445.php,2026-09-12T07:17:22Z
vivo,X200T,vivo_x200t_5g-14366.php,2026-09-12T07:17:22Z
vivo,V70,vivo-phones-98.php,2026-09-12T07:17:24Z
vivo,V80 Lite,vivo_v80_lite_5g-14892.php,2026-09-12T07:17:24Z
vivo,X300,vivo_x300_5g-14224.php,2026-09-12T07:17:24Z
vivo,X300 Pro,vivo_x300_pro_5g-14225.php,2026-09-12T07:17:24Z
vivo,V60,vivo_v60_5g-14021.php,2026-09-12T07:17:24Z
vivo,iQOO 15,vivo_iqoo_15_5g-14198.php,2026-09-12T07:17:24Z
vivo,iQOO Neo 10,vivo_iqoo_neo_10_5g-13904.php,2026-09-12T07:17:24Z
vivo,V50,vivo_v50-13656.php,2026-09-12T07:17:24Z
vivo,iQOO Z11 Turbo,vivo_iqoo_z11_turbo_5g-14392.php,2026-09-12T07:17:24Z
vivo,V40,vivo_v40-13121.php,2026-09-12T07:17:24Z
vivo,X200 FE,vivo_x200_fe_5g-13847.php,2026-09-12T07:17:24Z
vivo,X200 Pro,vivo_x200_pro-13410.php,2026-09-12T07:17:24Z
vivo,Y29,vivo_y29-13587.php,2026-09-12T07:17:24Z
vivo,Y31,vivo_y31_5g-14143.php,2026-09-12T07:17:24Z
vivo,X200,vivo_x200-13433.php,2026-09-12T07:17:24Z
vivo,V60 Lite,vivo_v60_lite_5g-14180.php,2026-09-12T07:17:24Z
vivo,Y400,vivo_y400_5g-14043.php,2026-09-12T07:17:24Z
vivo,Y31d,vivo_y31d-14450.php,2026-09-12T07:17:24Z
vivo,iQOO 13,vivo_iqoo_13-13462.php,2026-09-12T07:17:24Z
vivo,Y17s,vivo_y17s-12568.php,2026-09-12T07:17:24Z
vivo,V29,vivo_v29-12461.php,2026-09-12T07:17:24Z
vivo,X200 Ultra,vivo_x200_ultra-13762.php,2026-09-12T07:17:24Z
vivo,Y19s 4G,vivo_y19s-13436.php,2026-09-12T07:17:24Z
vivo,iQOO Z10,vivo_iqoo_z10-13755.php,2026-09-12T07:17:24Z
vivo,V30,vivo_v30-12818.php,2026-09-12T07:17:24Z
vivo,Y04,vivo_y04-13683.php,2026-09-12T07:17:24Z
vivo,Y17,vivo_y17-9666.php,2026-09-12T07:17:24Z
vivo,iQOO Z10 Turbo Pro,vivo_iqoo_z10_turbo_pro_5g-13800.php,2026-09-12T07:17:24Z
vivo,V27,vivo_v27-12119.php,2026-09-12T07:17:24Z
vivo,Y21d,vivo_y21d-14508.php,2026-09-12T07:17:24Z
vivo,Y20,vivo_y20-10394.php,2026-09-12T07:17:24Z
vivo,X100,vivo_x100-12695.php,2026-09-12T07:17:24Z
vivo,Y16,vivo_y16-11874.php,2026-09-12T07:17:27Z
vivo,Y21 (2021),vivo_y21-11063.php,2026-09-12T07:17:27Z
vivo,Y28,vivo_y28-12860.php,2026-09-12T07:17:27Z
vivo,Y03,vivo_y03-12868.php,2026-09-12T07:17:27Z
vivo,Y18,vivo_y18-13129.php,2026-09-12T07:17:27Z
vivo,iQOO Z9x,vivo_iqoo_z9x-12958.php,2026-09-12T07:17:27Z
vivo,Y22,vivo_y22-11852.php,2026-09-12T07:17:27Z
vivo,Y35,vivo_y35-11770.php,2026-09-12T07:17:27Z
vivo,V30e,vivo_v30e-12971.php,2026-09-12T07:17:27Z
vivo,iQOO Z9 Turbo,vivo_iqoo_z9_turbo-12872.php,2026-09-12T07:17:27Z
vivo,Y12,vivo_y12-9729.php,2026-09-12T07:17:27Z
vivo,Y36,vivo_y36-12374.php,2026-09-12T07:17:27Z
vivo,V25,vivo_v25-11772.php,2026-09-12T07:17:27Z
vivo,iQOO Z9,vivo_iqoo_z9-12865.php,2026-09-12T07:17:27Z
vivo,Y100,vivo_y100-12121.php,2026-09-12T07:17:27Z
vivo,T4 Lite,vivo_t4_lite_5g-13961.php,2026-09-12T07:17:27Z
vivo,S1 Pro,vivo_s1_pro-9972.php,2026-09-12T07:17:27Z
vivo,Y19s Pro,vivo_y19s_pro-13942.php,2026-09-12T07:17:27Z
vivo,Y19,vivo_y19_5g-13828.php,2026-09-12T07:17:27Z
vivo,Y300,vivo_y300-13498.php,2026-09-12T07:17:27Z
vivo,Y30,vivo_y30-10230.php,2026-09-12T07:17:27Z
vivo,Y20s,vivo_y20s-10530.php,2026-09-12T07:17:27Z
vivo,Y12s,vivo_y12s-10602.php,2026-09-12T07:17:27Z
vivo,T3,vivo_t3-12887.php,2026-09-12T07:17:27Z
vivo,V15,vivo_v15-9614.php,2026-09-12T07:17:27Z
vivo,V20,vivo_v20-10435.php,2026-09-12T07:17:27Z
vivo,iQOO Z10 Lite,vivo_iqoo_z10_lite_5g-13959.php,2026-09-12T07:17:27Z
vivo,Y19 (2019),vivo_y19-9940.php,2026-09-12T07:17:27Z
vivo,Y28s,vivo_y28s-13171.php,2026-09-12T07:17:27Z
vivo,T3x,vivo_t3x-12938.php,2026-09-12T07:17:27Z
vivo,S1,vivo_s1-9766.php,2026-09-12T07:17:27Z
vivo,Y02,vivo_y02-12003.php,2026-09-12T07:17:27Z
vivo,Y33s,vivo_y33s-11067.php,2026-09-12T07:17:27Z
vivo,Y56,vivo_y56-12125.php,2026-09-12T07:17:27Z
vivo,Y15s,vivo_y15s-11205.php,2026-09-12T07:17:27Z
Vodafone,Smart V10,vodafone_smart_v10-9726.php,2026-09-12T07:19:00Z
Vodafone,Smart N10,vodafone_smart_n10-9725.php,2026-09-12T07:19:00Z
Vodafone,Smart E9,vodafone_smart_e9-9484.php,2026-09-12T07:19:00Z
Vodafone,Smart X9,vodafone_smart_x9-9483.php,2026-09-12T07:19:00Z
Vodafone,Smart N9,vodafone_smart_n9-9235.php,2026-09-12T07:19:00Z
Vodafone,Smart N9 lite,vodafone_smart_n9_lite-9236.php,2026-09-12T07:19:00Z
Vodafone,Smart Tab N8,vodafone_smart_tab_n8-8751.php,2026-09-12T07:19:00Z
Vodafone,Smart E8,vodafone_smart_e8-8750.php,2026-09-12T07:19:00Z
Vodafone,Smart V8,vodafone_smart_v8-8744.php,2026-09-12T07:19:00Z
Vodafone,Smart N8,vodafone_smart_n8-8723.php,2026-09-12T07:19:00Z
Vodafone,Tab Prime 7,vodafone_tab_prime_7-8382.php,2026-09-12T07:19:00Z
Vodafone,Smart Turbo 7,vodafone_smart_turbo_7-8381.php,2026-09-12T07:19:00Z
Vodafone,Smart ultra 7,vodafone_smart_ultra_7-8163.php,2026-09-12T07:19:00Z
Vodafone,Smart Platinum 7,vodafone_smart_platinum_7-8154.php,2026-09-12T07:19:00Z
Vodafone,Smart prime 7,vodafone_smart_prime_7-8099.php,2026-09-12T07:19:00Z
Vodafone,Smart first 7,vodafone_smart_first_7-8100.php,2026-09-12T07:19:00Z
Vodafone,Smart speed 6,vodafone_smart_speed_6-7608.php,2026-09-12T07:19:00Z
Vodafone,Smart ultra 6,vodafone_smart_ultra_6-7313.php,2026-09-12T07:19:00Z
Vodafone,Tab Prime 6,vodafone_tab_prime_6-7232.php,2026-09-12T07:19:00Z
Vodafone,Smart prime 6,vodafone_smart_prime_6-7230.php,2026-09-12T07:19:00Z
Vodafone,Smart first 6,vodafone_smart_first_6-7231.php,2026-09-12T07:19:00Z
Vodafone,Smart 4 max,vodafone_smart_4_max-6937.php,2026-09-12T07:19:00Z
Vodafone,Smart Tab 4G,vodafone_smart_tab_4g-6903.php,2026-09-12T07:19:00Z
Vodafone,Smart 4G,vodafone_smart_4g-6886.php,2026-09-12T07:19:00Z
Vodafone,Smart 4 turbo,vodafone_smart_4_turbo-6507.php,2026-09-12T07:19:00Z
Vodafone,Smart 4 power,vodafone_smart_4_power-6508.php,2026-09-12T07:19:00Z
Vodafone,Smart 4,vodafone_smart_4-6447.php,2026-09-12T07:19:00Z
Vodafone,Smart 4 mini,vodafone_smart_4_mini-6295.php,2026-09-12T07:19:00Z
Vodafone,Smart Tab III 10.1,vodafone_smart_tab_iii_10_1-5896.php,2026-09-12T07:19:00Z
Vodafone,Smart Tab III 7,vodafone_smart_tab_iii_7-5895.php,2026-09-12T07:19:00Z
Vodafone,Chat 655,vodafone_chat_655-5701.php,2026-09-12T07:19:00Z
Vodafone,Smart Mini,vodafone_smart_mini-5549.php,2026-09-12T07:19:00Z
Vodafone,Smart III 975,vodafone_smart_iii_975-5464.php,2026-09-12T07:19:00Z
Vodafone,Smart Tab II 10,vodafone_smart_tab_ii_10-5121.php,2026-09-12T07:19:00Z
Vodafone,Smart Tab II 7,vodafone_smart_tab_ii_7-5120.php,2026-09-12T07:19:00Z
Vodafone,V860 Smart II,vodafone_v860_smart_ii-4869.php,2026-09-12T07:19:00Z
Vodafone,Smart Tab 10,vodafone_smart_tab_10-4527.php,2026-09-12T07:19:00Z
Vodafone,Smart Tab 7,vodafone_smart_tab_7-4526.php,2026-09-12T07:19:00Z
Vodafone,155,vodafone_155-4969.php,2026-09-12T07:19:00Z
Vodafone,555 Blue,vodafone_555_blue-4052.php,2026-09-12T07:19:00Z
Vodafone,858 Smart,vodafone_858_smart-3955.php,2026-09-12T07:19:00Z
Vodafone,945,vodafone_945-3533.php,2026-09-12T07:19:00Z
Vodafone,553,vodafone_553-3534.php,2026-09-12T07:19:00Z
Vodafone,360 H2,vodafone_360_h2-3357.php,2026-09-12T07:19:00Z
Vodafone,845,vodafone_845-3212.php,2026-09-12T07:19:00Z
Vodafone,547,vodafone_547-3297.php,2026-09-12T07:19:00Z
Vodafone,546,vodafone_546-3296.php,2026-09-12T07:19:00Z
Vodafone,543,vodafone_543-3298.php,2026-09-12T07:19:00Z
Vodafone,350 Messaging,vodafone_350_messaging-3299.php,2026-09-12T07:19:00Z
Vodafone,345 Text,vodafone_345_text-3300.php,2026-09-12T07:19:00Z
Vodafone,Smart V10,vodafone-phones-53.php,2026-09-12T07:19:02Z
Vodafone,225,vodafone_225-2453.php,2026-09-12T07:19:02Z
Vodafone,1231,vodafone_1231-2919.php,2026-09-12T07:19:02Z
Vodafone,150,vodafone_150-3192.php,2026-09-12T07:19:02Z
Vodafone,725,vodafone_725-2457.php,2026-09-12T07:19:02Z
Vodafone,250,vodafone_250-3193.php,2026-09-12T07:19:02Z
Vodafone,246,vodafone_246-3303.php,2026-09-12T07:19:02Z
Vodafone,V720,vodafone_v720-2741.php,2026-09-12T07:19:05Z
Vodafone,226,vodafone_226-2451.php,2026-09-12T07:19:05Z
Vodafone,227,vodafone_227-2452.php,2026-09-12T07:19:05Z
Vodafone,710,vodafone_710-2459.php,2026-09-12T07:19:05Z
Vodafone,526,vodafone_526-2590.php,2026-09-12T07:19:05Z
Vodafone,360 H1,vodafone_360_h1-2946.php,2026-09-12T07:19:05Z
Vodafone,840,vodafone_840-3044.php,2026-09-12T07:19:05Z
Vodafone,541,vodafone_541-3043.php,2026-09-12T07:19:05Z
Vodafone,248,vodafone_248-3301.php,2026-09-12T07:19:05Z
Vodafone,527,vodafone_527-2455.php,2026-09-12T07:19:05Z
Vodafone,235,vodafone_235-2849.php,2026-09-12T07:19:05Z
Vodafone,735,vodafone_735-2850.php,2026-09-12T07:19:05Z
Vodafone,360 M1,vodafone_360_m1-2947.php,2026-09-12T07:19:05Z
Vodafone,228,vodafone_228-2454.php,2026-09-12T07:19:05Z
Vodafone,1210,vodafone_1210-2458.php,2026-09-12T07:19:05Z
Vodafone,716,vodafone_716-2461.php,2026-09-12T07:19:05Z
Vodafone,231,vodafone_231-2589.php,2026-09-12T07:19:05Z
Vodafone,332,vodafone_332-2643.php,2026-09-12T07:19:05Z
Vodafone,533,vodafone_533-2651.php,2026-09-12T07:19:05Z
Vodafone,736,vodafone_736-2851.php,2026-09-12T07:19:05Z
Vodafone,835,vodafone_835-2852.php,2026-09-12T07:19:05Z
Vodafone,V-X760,vodafone_v_x760-2859.php,2026-09-12T07:19:05Z
Vodafone,340,vodafone_340-3046.php,2026-09-12T07:19:05Z
Vodafone,830i,vodafone_830i-2650.php,2026-09-12T07:19:05Z
Vodafone,533 Crystal,vodafone_533_crystal-2928.php,2026-09-12T07:19:05Z
Vodafone,540,vodafone_540-3042.php,2026-09-12T07:19:05Z
Vodafone,1240,vodafone_1240-3045.php,2026-09-12T07:19:05Z
Vodafone,247 Solar,vodafone_247_solar-3302.php,2026-09-12T07:19:05Z
Vodafone,810,vodafone_810-2456.php,2026-09-12T07:19:05Z
Vodafone,511,vodafone_511-2462.php,2026-09-12T07:19:05Z
Vodafone,Indie,vodafone_indie-2857.php,2026-09-12T07:19:05Z
WND,Wind Van Gogh 2100,wnd_wind_van_gogh_2100-2169.php,2026-09-12T07:20:36Z
WND,Wind DUO 2300,wnd_wind_duo_2300-2168.php,2026-09-12T07:20:36Z
WND,Wind DUO 2200,wnd_wind_duo_2200-2166.php,2026-09-12T07:20:36Z
WND,Wind DUO 2100,wnd_wind_duo_2100-2167.php,2026-09-12T07:20:36Z
WND,Wind DUO 2000,wnd_wind_duo_2000-2165.php,2026-09-12T07:20:36Z
WND,Wind Van Gogh 2100,wnd-phones-51.php,2026-09-12T07:20:39Z
Xiaomi,18 Fold,xiaomi-phones-f-80-9.php,2026-09-12T07:20:41Z
Xiaomi,Pad 9 Pro Max,xiaomi_pad_9_pro_max-14932.php,2026-09-12T07:20:41Z
Xiaomi,Poco X8 Power,xiaomi_poco_x8_power_5g-14912.php,2026-09-12T07:20:41Z
Xiaomi,Poco X8,xiaomi_poco_x8_5g-14911.php,2026-09-12T07:20:41Z
Xiaomi,Poco F9 Ultra,xiaomi_poco_f9_ultra_5g-14876.php,2026-09-12T07:20:41Z
Xiaomi,Poco F9 Pro,xiaomi_poco_f9_pro_5g-14877.php,2026-09-12T07:20:41Z
Xiaomi,Redmi Note 17 Pro Max,xiaomi_redmi_note_17_pro_max_5g-14845.php,2026-09-12T07:20:41Z
Xiaomi,Redmi Note 17 Pro,xiaomi_redmi_note_17_pro_5g-14844.php,2026-09-12T07:20:41Z
Xiaomi,Redmi Note 17,xiaomi_redmi_note_17_5g-14846.php,2026-09-12T07:20:41Z
Xiaomi,Redmi Note 17 4G,xiaomi_redmi_note_17-14847.php,2026-09-12T07:20:41Z
Xiaomi,Redmi 17C,xiaomi_redmi_17c_5g-14866.php,2026-09-12T07:20:41Z
Xiaomi,Redmi Watch 6 Lite,xiaomi_redmi_watch_6_lite-14821.php,2026-09-12T07:20:41Z
Xiaomi,Redmi Watch 6 Active,xiaomi_redmi_watch_6_active-14820.php,2026-09-12T07:20:41Z
Xiaomi,Poco M8x,xiaomi_poco_m8x_5g-14879.php,2026-09-12T07:20:41Z
Xiaomi,Redmi M100,xiaomi_redmi_m100_5g-14882.php,2026-09-12T07:20:41Z
Xiaomi,Redmi K100 Pro Max,xiaomi_redmi_k100_pro_max_5g-14865.php,2026-09-12T07:20:41Z
Xiaomi,Redmi K100 Pro,xiaomi_redmi_k100_pro_5g-14715.php,2026-09-12T07:20:41Z
Xiaomi,Redmi 17,xiaomi_redmi_17_5g-14869.php,2026-09-12T07:20:41Z
Xiaomi,Redmi 17 4G,xiaomi_redmi_17-14807.php,2026-09-12T07:20:41Z
Xiaomi,Poco M8 Power,xiaomi_poco_m8_power_5g-14804.php,2026-09-12T07:20:41Z
Xiaomi,Redmi K90 Ultra,xiaomi_redmi_k90_ultra_5g-14757.php,2026-09-12T07:20:41Z
Xiaomi,17T Pro,xiaomi_17t_pro_5g-14651.php,2026-09-12T07:20:41Z
Xiaomi,17T,xiaomi_17t_5g-14652.php,2026-09-12T07:20:41Z
Xiaomi,Watch S5 46mm,xiaomi_watch_s5-14696.php,2026-09-12T07:20:41Z
Xiaomi,17 Max,xiaomi_17_max_5g-14667.php,2026-09-12T07:20:41Z
Xiaomi,Poco Pad C1,xiaomi_poco_pad_c1-14682.php,2026-09-12T07:20:41Z
Xiaomi,Black Shark Pad SE,xiaomi_black_shark_pad_se-14777.php,2026-09-12T07:20:41Z
Xiaomi,Poco C81 Pro,xiaomi_poco_c81_pro-14635.php,2026-09-12T07:20:41Z
Xiaomi,Poco C81,xiaomi_poco_c81-14626.php,2026-09-12T07:20:41Z
Xiaomi,Poco C81x,xiaomi_poco_c81x-14627.php,2026-09-12T07:20:41Z
Xiaomi,Redmi K90 Max,xiaomi_redmi_k90_max_5g-14618.php,2026-09-12T07:20:41Z
Xiaomi,Redmi K Pad 2,xiaomi_redmi_k_pad_2-14625.php,2026-09-12T07:20:41Z
Xiaomi,Redmi Pad 2 9.7,xiaomi_redmi_pad_2_9_7-14636.php,2026-09-12T07:20:41Z
Xiaomi,Redmi A7 Pro,xiaomi_redmi_a7_pro_5g-14616.php,2026-09-12T07:20:41Z
Xiaomi,Redmi A7,xiaomi_redmi_a7-14623.php,2026-09-12T07:20:41Z
Xiaomi,Poco M8s,xiaomi_poco_m8s_5g-14615.php,2026-09-12T07:20:41Z
Xiaomi,Redmi R70m,xiaomi_redmi_r70m_5g-14600.php,2026-09-12T07:20:41Z
Xiaomi,Redmi R70,xiaomi_redmi_r70_5g-14598.php,2026-09-12T07:20:41Z
Xiaomi,Redmi Note 15 Special,xiaomi_redmi_note_15_special_edition_5g-14571.php,2026-09-12T07:20:41Z
Xiaomi,Redmi A7 Pro 4G,xiaomi_redmi_a7_pro-14463.php,2026-09-12T07:20:41Z
Xiaomi,Redmi 15a,xiaomi_redmi_15a_5g-14565.php,2026-09-12T07:20:41Z
Xiaomi,Poco X8 Pro Max,xiaomi_poco_x8_pro_max_5g-14507.php,2026-09-12T07:20:41Z
Xiaomi,Poco X8 Pro,xiaomi_poco_x8_pro_5g-14506.php,2026-09-12T07:20:41Z
Xiaomi,Poco C85x,xiaomi_poco_c85x_5g-14535.php,2026-09-12T07:20:41Z
Xiaomi,17 Ultra,xiaomi_17_ultra_5g-14380.php,2026-09-12T07:20:41Z
Xiaomi,17,xiaomi_17_5g-14134.php,2026-09-12T07:20:41Z
Xiaomi,Pad 8 Pro,xiaomi_pad_8_pro-14183.php,2026-09-12T07:20:41Z
Xiaomi,18 Fold,xiaomi-phones-80.php,2026-09-12T07:20:44Z
Xiaomi,Redmi 15,xiaomi_redmi_15_5g-14036.php,2026-09-12T07:20:44Z
Xiaomi,Poco X7 Pro,xiaomi_poco_x7_pro-13582.php,2026-09-12T07:20:44Z
Xiaomi,17 Pro Max,xiaomi_17_pro_max_5g-14181.php,2026-09-12T07:20:44Z
Xiaomi,Redmi Note 13 Pro,xiaomi_redmi_note_13_pro-12581.php,2026-09-12T07:20:44Z
Xiaomi,Redmi Note 13,xiaomi_redmi_note_13-12776.php,2026-09-12T07:20:44Z
Xiaomi,Redmi 15C 4G,xiaomi_redmi_15c_4g-14005.php,2026-09-12T07:20:44Z
Xiaomi,Poco F7,xiaomi_poco_f7_5g-13951.php,2026-09-12T07:20:44Z
Xiaomi,Poco F8 Ultra,xiaomi_poco_f8_ultra_5g-14301.php,2026-09-12T07:20:44Z
Xiaomi,Redmi A5,xiaomi_redmi_a5_4g-13737.php,2026-09-12T07:20:44Z
Xiaomi,Poco F8 Pro,xiaomi_poco_f8_pro_5g-14303.php,2026-09-12T07:20:44Z
Xiaomi,Redmi 15C,xiaomi_redmi_15c_5g-14039.php,2026-09-12T07:20:44Z
Xiaomi,Redmi Turbo 4 Pro,xiaomi_redmi_turbo_4_pro-13617.php,2026-09-12T07:20:44Z
Xiaomi,Redmi 14C,xiaomi_redmi_14c-13291.php,2026-09-12T07:20:44Z
Xiaomi,15,xiaomi_15-13472.php,2026-09-12T07:20:44Z
Xiaomi,Poco X6 Pro,xiaomi_poco_x6_pro-12717.php,2026-09-12T07:20:44Z
Xiaomi,Redmi Note 12,xiaomi_redmi_note_12-12063.php,2026-09-12T07:20:44Z
Xiaomi,Redmi 13C,xiaomi_redmi_13c-12689.php,2026-09-12T07:20:44Z
Xiaomi,Redmi Pad 2,xiaomi_redmi_pad_2-13908.php,2026-09-12T07:20:44Z
Xiaomi,15T Pro,xiaomi_15t_pro_5g-14178.php,2026-09-12T07:20:44Z
Xiaomi,Redmi Note 12 Pro,xiaomi_redmi_note_12_pro-11955.php,2026-09-12T07:20:44Z
Xiaomi,Redmi Turbo 5 Max,xiaomi_redmi_turbo_5_max_5g-14453.php,2026-09-12T07:20:44Z
Xiaomi,Redmi Note 10 Pro,xiaomi_redmi_note_10_pro-10662.php,2026-09-12T07:20:44Z
Xiaomi,Redmi Note 11,xiaomi_redmi_note_11-11336.php,2026-09-12T07:20:46Z
Xiaomi,Redmi 12,xiaomi_redmi_12-12328.php,2026-09-12T07:20:46Z
Xiaomi,Redmi Note 15 4G,xiaomi_redmi_note_15-14323.php,2026-09-12T07:20:46Z
Xiaomi,Poco M8,xiaomi_poco_m8_5g-14391.php,2026-09-12T07:20:46Z
Xiaomi,Redmi 13,xiaomi_redmi_13-13102.php,2026-09-12T07:20:46Z
Xiaomi,Redmi Pad 2 Pro,xiaomi_redmi_pad_2_pro-14174.php,2026-09-12T07:20:46Z
Xiaomi,Poco C71,xiaomi_poco_c71_4g-13767.php,2026-09-12T07:20:46Z
Xiaomi,Poco C85,xiaomi_poco_c85_5g-14337.php,2026-09-12T07:20:46Z
Xiaomi,Redmi A3,xiaomi_redmi_a3-12822.php,2026-09-12T07:20:46Z
Xiaomi,Poco M7 Pro 5G,xiaomi_poco_m7_pro_5g-13570.php,2026-09-12T07:20:46Z
Xiaomi,Redmi Note 8,xiaomi_redmi_note_8-9814.php,2026-09-12T07:20:46Z
Xiaomi,Redmi Note 10,xiaomi_redmi_note_10-10247.php,2026-09-12T07:20:46Z
Xiaomi,Redmi 9A,xiaomi_redmi_9a-10279.php,2026-09-12T07:20:46Z
Xiaomi,Redmi Note 9,xiaomi_redmi_note_9-10192.php,2026-09-12T07:20:46Z
Xiaomi,Poco M7 4G,xiaomi_poco_m7-14071.php,2026-09-12T07:20:46Z
Xiaomi,Redmi Note 9 Pro,xiaomi_redmi_note_9_pro-10217.php,2026-09-12T07:20:46Z
Xiaomi,Redmi Note 8 Pro,xiaomi_redmi_note_8_pro-9812.php,2026-09-12T07:20:46Z
Xiaomi,Poco X3 Pro,xiaomi_poco_x3_pro-10802.php,2026-09-12T07:20:46Z
Xiaomi,Redmi 12C,xiaomi_redmi_12c-12051.php,2026-09-12T07:20:46Z
Xiaomi,Redmi 10,xiaomi_redmi_10-11060.php,2026-09-12T07:20:46Z
Xiaomi,Redmi Note 13 4G,xiaomi_redmi_note_13_4g-12750.php,2026-09-12T07:20:46Z
Xiaomi,Redmi Note 10S,xiaomi_redmi_note_10s-10769.php,2026-09-12T07:20:46Z
Xiaomi,Redmi Note 12 4G,xiaomi_redmi_note_12_4g-12188.php,2026-09-12T07:20:46Z
Xiaomi,Redmi 12 5G,xiaomi_redmi_12_5g-12446.php,2026-09-12T07:20:46Z
Xiaomi,Redmi 9,xiaomi_redmi_9-10233.php,2026-09-12T07:20:46Z
Xiaomi,Redmi Note 11 Pro,xiaomi_redmi_note_11_pro-11334.php,2026-09-12T07:20:46Z
Xiaomi,Poco C75,xiaomi_poco_c75-13435.php,2026-09-12T07:20:46Z
Xiaomi,Redmi 10C,xiaomi_redmi_10c-11418.php,2026-09-12T07:20:46Z
Yezz,Art 3S,yezz_art_3s-12101.php,2026-09-12T07:22:18Z
Yezz,Max 3 Ultra,yezz_max_3_ultra-12097.php,2026-09-12T07:22:18Z
Yezz,Max 3 Plus,yezz_max_3_plus-12098.php,2026-09-12T07:22:18Z
Yezz,Max 3,yezz_max_3-12099.php,2026-09-12T07:22:18Z
Yezz,Liv 3S LTE,yezz_liv_3s_lte-12100.php,2026-09-12T07:22:18Z
Yezz,Art 3 Pro,yezz_art_3_pro-12087.php,2026-09-12T07:22:18Z
Yezz,C32,yezz_c32-12012.php,2026-09-12T07:22:18Z
Yezz,Art 3 Lite,yezz_art_3_lite-11921.php,2026-09-12T07:22:18Z
Yezz,EPIC 3,yezz_epic_3-11763.php,2026-09-12T07:22:18Z
Yezz,Max 2 Ultra,yezz_max_2_ultra-11682.php,2026-09-12T07:22:18Z
Yezz,Max 2,yezz_max_2-11349.php,2026-09-12T07:22:18Z
Yezz,Liv 3 LTE,yezz_liv_3_lte-11246.php,2026-09-12T07:22:18Z
Yezz,GO 3,yezz_go_3-11068.php,2026-09-12T07:22:18Z
Yezz,Art 2 Pro,yezz_art_2_pro-11016.php,2026-09-12T07:22:18Z
Yezz,Max 2 Plus,yezz_max_2_plus-11017.php,2026-09-12T07:22:18Z
Yezz,Liv 1s,yezz_liv_1s-10739.php,2026-09-12T07:22:18Z
Yezz,Art 1 Pro,yezz_art_1_pro-10598.php,2026-09-12T07:22:18Z
Yezz,Liv 2 LTE,yezz_liv_2_lte-10390.php,2026-09-12T07:22:18Z
Yezz,Art 1,yezz_art_1-10381.php,2026-09-12T07:22:18Z
Yezz,GO 1,yezz_go_1-10346.php,2026-09-12T07:22:18Z
Yezz,Max 1 Plus,yezz_max_1_plus-9903.php,2026-09-12T07:22:18Z
Yezz,LIV1,yezz_liv1-9898.php,2026-09-12T07:22:18Z
Yezz,Max 1,yezz_max_1-9519.php,2026-09-12T07:22:18Z
Yezz,Andy 4E7,yezz_andy_4e7-9514.php,2026-09-12T07:22:18Z
Yezz,Andy 5E5,yezz_andy_5e5-9486.php,2026-09-12T07:22:18Z
Yezz,Epic T,yezz_epic_t-9485.php,2026-09-12T07:22:18Z
Yezz,Andy 4E4,yezz_andy_4e4-8472.php,2026-09-12T07:22:18Z
Yezz,4.5EL LTE,yezz_4_5el_lte-8471.php,2026-09-12T07:22:18Z
Yezz,5M,yezz_5m-8470.php,2026-09-12T07:22:18Z
Yezz,C21,yezz_c21-8469.php,2026-09-12T07:22:18Z
Yezz,Andy 5E3,yezz_andy_5e3-8243.php,2026-09-12T07:22:18Z
Yezz,Andy 4.7T,yezz_andy_4_7t-8098.php,2026-09-12T07:22:18Z
Yezz,Andy 5M LTE,yezz_andy_5m_lte-8075.php,2026-09-12T07:22:18Z
Yezz,CC40,yezz_cc40-8025.php,2026-09-12T07:22:18Z
Yezz,Andy 5.5M LTE VR,yezz_andy_5_5m_lte_vr-7975.php,2026-09-12T07:22:18Z
Yezz,Monte Carlo 55 LTE VR,yezz_monte_carlo_55_lte_vr-7933.php,2026-09-12T07:22:18Z
Yezz,Monte Carlo 55 LTE,yezz_monte_carlo_55_lte-7932.php,2026-09-12T07:22:18Z
Yezz,Classic C23A,yezz_classic_c23a-7915.php,2026-09-12T07:22:18Z
Yezz,Andy 4E3I,yezz_andy_4e3i-7914.php,2026-09-12T07:22:18Z
Yezz,Andy 5E2I,yezz_andy_5e2i-7819.php,2026-09-12T07:22:18Z
Yezz,Andy 4EI2,yezz_andy_4ei2-7818.php,2026-09-12T07:22:18Z
Yezz,Andy 3.5EI2,yezz_andy_3_5ei2-7817.php,2026-09-12T07:22:18Z
Yezz,Andy 6EL LTE,yezz_andy_6el_lte-7816.php,2026-09-12T07:22:18Z
Yezz,Andy 5E LTE,yezz_andy_5e_lte-7727.php,2026-09-12T07:22:18Z
Yezz,Andy C5E LTE,yezz_andy_c5e_lte-7728.php,2026-09-12T07:22:18Z
Yezz,Andy 5EI3,yezz_andy_5ei3-7672.php,2026-09-12T07:22:18Z
Yezz,Andy 4EL2 LTE,yezz_andy_4el2_lte-7568.php,2026-09-12T07:22:18Z
Yezz,Classic Z51,yezz_classic_z51-7567.php,2026-09-12T07:22:18Z
Yezz,Andy 5EL LTE,yezz_andy_5el_lte-7426.php,2026-09-12T07:22:18Z
Yezz,Art 3S,yezz-phones-78.php,2026-09-12T07:22:21Z
Yezz,Classic C30,yezz_classic_c30-5266.php,2026-09-12T07:22:21Z
Yezz,Bonito YZ500,yezz_bonito_yz500-5265.php,2026-09-12T07:22:21Z
Yezz,Z50,yezz_z50-6966.php,2026-09-12T07:22:21Z
Yezz,Zenior YZ888,yezz_zenior_yz888-4685.php,2026-09-12T07:22:21Z
Yezz,Andy 3.5EH,yezz_andy_3_5eh-6501.php,2026-09-12T07:22:21Z
Yezz,Billy 5S LTE,yezz_billy_5s_lte-6923.php,2026-09-12T07:22:21Z
Yezz,Andy 3G 2.8 YZ11,yezz_andy_3g_2_8_yz11-4679.php,2026-09-12T07:22:21Z
Yezz,Chico YZ200,yezz_chico_yz200-4687.php,2026-09-12T07:22:21Z
Yezz,Exclusive Z10,yezz_exclusive_z10-5087.php,2026-09-12T07:22:23Z
Yezz,Epic T7,yezz_epic_t7-5338.php,2026-09-12T07:22:23Z
Yezz,Classic C21A,yezz_classic_c21a-6823.php,2026-09-12T07:22:23Z
Yezz,Andy A4E,yezz_andy_a4e-5911.php,2026-09-12T07:22:23Z
Yezz,Andy A3.5EP,yezz_andy_a3_5ep-5987.php,2026-09-12T07:22:23Z
Yezz,Andy 5T,yezz_andy_5t-6578.php,2026-09-12T07:22:23Z
Yezz,ZC20,yezz_zc20-6965.php,2026-09-12T07:22:23Z
Yezz,Billy 4.7,yezz_billy_4_7-6521.php,2026-09-12T07:22:23Z
Yezz,Andy 5EI,yezz_andy_5ei-6498.php,2026-09-12T07:22:23Z
Yezz,Fashion F10,yezz_fashion_f10-4681.php,2026-09-12T07:22:23Z
Yezz,Bono 3G YZ700,yezz_bono_3g_yz700-4682.php,2026-09-12T07:22:23Z
Yezz,Clasico YZ300,yezz_clasico_yz300-4686.php,2026-09-12T07:22:23Z
Yezz,Classic C20,yezz_classic_c20-4689.php,2026-09-12T07:22:23Z
Yezz,Ritmo 3 TV YZ433,yezz_ritmo_3_tv_yz433-4784.php,2026-09-12T07:22:23Z
Yezz,Classic C50,yezz_classic_c50-6825.php,2026-09-12T07:22:23Z
Yezz,Andy 3G 4.0 YZ1120,yezz_andy_3g_4_0_yz1120-4925.php,2026-09-12T07:22:23Z
Yezz,Andy 3G 3.5 YZ1110,yezz_andy_3g_3_5_yz1110-5086.php,2026-09-12T07:22:23Z
Yezz,Andy A5,yezz_andy_a5-5339.php,2026-09-12T07:22:23Z
Yezz,Classic CC10,yezz_classic_cc10-5403.php,2026-09-12T07:22:23Z
Yezz,Andy A4,yezz_andy_a4-5405.php,2026-09-12T07:22:23Z
Yezz,Andy A6M 1GB,yezz_andy_a6m_1gb-5914.php,2026-09-12T07:22:23Z
Yezz,Epic T7ED,yezz_epic_t7ed-5915.php,2026-09-12T07:22:23Z
Yezz,Andy A5 1GB,yezz_andy_a5_1gb-5919.php,2026-09-12T07:22:23Z
Yezz,Andy AZ4.5,yezz_andy_az4_5-6191.php,2026-09-12T07:22:23Z
Yezz,Andy 3.5EI,yezz_andy_3_5ei-6486.php,2026-09-12T07:22:23Z
Yezz,Andy 4.5M,yezz_andy_4_5m-6557.php,2026-09-12T07:22:23Z
Yezz,Andy 5.5EI,yezz_andy_5_5ei-6558.php,2026-09-12T07:22:23Z
Yezz,Andy C5V,yezz_andy_c5v-6559.php,2026-09-12T07:22:23Z
Yezz,Monaco 47,yezz_monaco_47-6717.php,2026-09-12T07:22:23Z
Yezz,Andy 4E LTE,yezz_andy_4e_lte-7130.php,2026-09-12T07:22:23Z
Yezz,Andy 3.5EI3,yezz_andy_3_5ei3-7424.php,2026-09-12T07:22:23Z
Yezz,Andy 4.5EL LTE,yezz_andy_4_5el_lte-7425.php,2026-09-12T07:22:23Z
Yezz,Classic C22,yezz_classic_c22-6824.php,2026-09-12T07:22:23Z
Yezz,Andy 4EI,yezz_andy_4ei-6502.php,2026-09-12T07:22:23Z
Yezz,Ritmo YZ400,yezz_ritmo_yz400-4684.php,2026-09-12T07:22:23Z
Yezz,Ritmo 2 YZ420,yezz_ritmo_2_yz420-4783.php,2026-09-12T07:22:23Z
Yezz,Andy C5ML,yezz_andy_c5ml-6872.php,2026-09-12T07:22:23Z
Yezz,Andy C5QL,yezz_andy_c5ql-6871.php,2026-09-12T07:22:23Z
Yezz,Andy A3.5,yezz_andy_a3_5-5404.php,2026-09-12T07:22:23Z
Yezz,Andy A4.5,yezz_andy_a4_5-5406.php,2026-09-12T07:22:23Z
Yezz,Andy A4.5 1GB,yezz_andy_a4_5_1gb-5918.php,2026-09-12T07:22:23Z
YU,Ace,yu_ace-9308.php,2026-09-12T07:23:55Z
YU,Yureka 2,yu_yureka_2-8864.php,2026-09-12T07:23:55Z
YU,Yunique 2,yu_yunique_2-8788.php,2026-09-12T07:23:55Z
YU,Yureka Black,yu_yureka_black-8714.php,2026-09-12T07:23:55Z
YU,Yunique Plus,yu_yunique_plus-8287.php,2026-09-12T07:23:55Z
YU,Yureka S,yu_yureka_s-8286.php,2026-09-12T07:23:55Z
YU,Yunicorn,yu_yunicorn-8002.php,2026-09-12T07:23:55Z
YU,Yureka Note,yu_yureka_note-8035.php,2026-09-12T07:23:55Z
YU,Yutopia,yu_yutopia-7827.php,2026-09-12T07:23:55Z
YU,Yunique,yu_yunique-7554.php,2026-09-12T07:23:55Z
YU,Yureka Plus,yu_yureka_plus-7436.php,2026-09-12T07:23:55Z
YU,Yuphoria,yu_yuphoria-7241.php,2026-09-12T07:23:55Z
YU,Yureka,yu_yureka-6987.php,2026-09-12T07:23:55Z
YU,Ace,yu-phones-100.php,2026-09-12T07:23:57Z
Samsung,Galaxy A18 4G,samsung-phones-f-9-9.php,2026-09-19T20:07:36Z
Samsung,Galaxy A08 4G,samsung_galaxy_a08-14938.php,2026-09-19T20:07:36Z
Samsung,Galaxy A07s,samsung_galaxy_a07s-14930.php,2026-09-19T20:07:36Z
Samsung,Galaxy S26 FE,samsung_galaxy_s26_fe_5g-14870.php,2026-09-19T20:07:36Z
Samsung,Galaxy F70 Pro,samsung_galaxy_f70_pro_5g-14856.php,2026-09-19T20:07:36Z
Samsung,Galaxy Z Fold8 Ultra,samsung_galaxy_z_fold8_ultra_5g-14802.php,2026-09-19T20:07:36Z
Samsung,Galaxy Z Fold8,samsung_galaxy_z_fold_wide_5g-14673.php,2026-09-19T20:07:36Z
Samsung,Galaxy Z Flip8,samsung_galaxy_z_flip8_5g-14803.php,2026-09-19T20:07:36Z
Samsung,Galaxy Watch Ultra2,samsung_galaxy_watch_ultra2-14805.php,2026-09-19T20:07:36Z
Samsung,Galaxy Watch9,samsung_galaxy_watch9-14813.php,2026-09-19T20:07:36Z
Samsung,Galaxy M47,samsung_galaxy_m47_5g-14749.php,2026-09-19T20:07:36Z
Samsung,Galaxy A27,samsung_galaxy_a27_5g-14606.php,2026-09-19T20:07:36Z
Samsung,Galaxy A57,samsung_galaxy_a57_5g-14379.php,2026-09-19T20:07:36Z
Samsung,Galaxy A37,samsung_galaxy_a37_5g-14378.php,2026-09-19T20:07:36Z
Samsung,Galaxy M17e,samsung_galaxy_m17e_5g-14534.php,2026-09-19T20:07:36Z
Samsung,Galaxy S26 Ultra,samsung_galaxy_s26_ultra_5g-14320.php,2026-09-19T20:07:36Z
Samsung,Galaxy S26,samsung_galaxy_s26_5g-14456.php,2026-09-19T20:07:36Z
Samsung,Galaxy F70e,samsung_galaxy_f70e_5g-14459.php,2026-09-19T20:07:36Z
Samsung,Galaxy A07,samsung_galaxy_a07_5g-14409.php,2026-09-19T20:07:36Z
Samsung,Galaxy Z TriFold,samsung_galaxy_z_trifold_5g-14292.php,2026-09-19T20:07:36Z
Samsung,Galaxy M17,samsung_galaxy_m17_5g-14221.php,2026-09-19T20:07:36Z
Samsung,Galaxy F07,samsung_galaxy_f07-14205.php,2026-09-19T20:07:36Z
Samsung,Galaxy M07,samsung_galaxy_m07-14100.php,2026-09-19T20:07:36Z
Samsung,Galaxy A17 4G,samsung_galaxy_a17-14157.php,2026-09-19T20:07:36Z
Samsung,Galaxy Tab A11,samsung_galaxy_tab_a11-14141.php,2026-09-19T20:07:36Z
Samsung,Galaxy F17,samsung_galaxy_f17_5g-14107.php,2026-09-19T20:07:36Z
Samsung,Galaxy S25 FE,samsung_galaxy_s25_fe_5g-14042.php,2026-09-19T20:07:36Z
Samsung,Galaxy Tab S11 Ultra,samsung_galaxy_tab_s11_ultra_5g-14057.php,2026-09-19T20:07:36Z
Samsung,Galaxy Tab S11,samsung_galaxy_tab_s11_5g-14058.php,2026-09-19T20:07:36Z
Samsung,Galaxy Tab S10 Lite,samsung_galaxy_tab_s10_lite_5g-14059.php,2026-09-19T20:07:36Z
Samsung,Galaxy A07 4G,samsung_galaxy_a07-14066.php,2026-09-19T20:07:36Z
Samsung,Galaxy A17,samsung_galaxy_a17_5g-14041.php,2026-09-19T20:07:36Z
Samsung,Galaxy F36,samsung_galaxy_f36_5g-14009.php,2026-09-19T20:07:36Z
Samsung,Galaxy Z Fold7,samsung_galaxy_z_fold7-13826.php,2026-09-19T20:07:36Z
Samsung,Galaxy Z Flip7,samsung_galaxy_z_flip7-13712.php,2026-09-19T20:07:36Z
Samsung,Galaxy Z Flip7 FE,samsung_galaxy_z_flip7_fe_5g-13844.php,2026-09-19T20:07:36Z
Samsung,Galaxy Watch8 Classic,samsung_galaxy_watch8_classic-13998.php,2026-09-19T20:07:36Z
Samsung,Galaxy Watch8,samsung_galaxy_watch8-13997.php,2026-09-19T20:07:36Z
Samsung,Galaxy M36,samsung_galaxy_m36_5g-13967.php,2026-09-19T20:07:36Z
Samsung,Galaxy S25 Edge,samsung_galaxy_s25_edge-13506.php,2026-09-19T20:07:36Z
Samsung,Galaxy F56,samsung_galaxy_f56_5g-13855.php,2026-09-19T20:07:36Z
Samsung,Galaxy M56,samsung_galaxy_m56_5g-13801.php,2026-09-19T20:07:36Z
Samsung,Galaxy XCover7 Pro,samsung_galaxy_xcover7_pro-13780.php,2026-09-19T20:07:36Z
Samsung,Galaxy Tab Active5 Pro,samsung_galaxy_tab_active5_pro-13790.php,2026-09-19T20:07:36Z
Samsung,Galaxy Tab S10 FE,samsung_galaxy_tab_s10_fe-13761.php,2026-09-19T20:07:36Z
Samsung,Galaxy F16,samsung_galaxy_f16-13721.php,2026-09-19T20:07:36Z
Samsung,Galaxy A56,samsung_galaxy_a56-13603.php,2026-09-19T20:07:36Z
Samsung,Galaxy A26,samsung_galaxy_a26-13679.php,2026-09-19T20:07:42Z
Samsung,Galaxy M16,samsung_galaxy_m16-13680.php,2026-09-19T20:07:42Z
Samsung,Galaxy M06,samsung_galaxy_m06-13681.php,2026-09-19T20:07:42Z
Samsung,Galaxy A06 5G,samsung_galaxy_a06_5g-13662.php,2026-09-19T20:07:42Z
Samsung,Galaxy F06 5G,samsung_galaxy_f06_5g-13663.php,2026-09-19T20:07:42Z
Samsung,Galaxy S25 Ultra,samsung_galaxy_s25_ultra-13322.php,2026-09-19T20:07:42Z
Samsung,Galaxy S25,samsung_galaxy_s25-13610.php,2026-09-19T20:07:42Z
Samsung,Galaxy Z Fold Special,samsung_galaxy_z_fold_special-13452.php,2026-09-19T20:07:42Z
Samsung,Galaxy A16,samsung_galaxy_a16-13383.php,2026-09-19T20:07:42Z
Samsung,Galaxy A16 5G,samsung_galaxy_a16_5g-13346.php,2026-09-19T20:07:42Z
Samsung,Galaxy S24 FE,samsung_galaxy_s24_fe-13262.php,2026-09-19T20:07:42Z
Samsung,Galaxy Tab S10 Ultra,samsung_galaxy_tab_s10_ultra-13362.php,2026-09-19T20:07:42Z
Samsung,Galaxy M55s,samsung_galaxy_m55s-13354.php,2026-09-19T20:07:42Z
Samsung,Galaxy F05,samsung_galaxy_f05-13345.php,2026-09-19T20:07:42Z
Samsung,Galaxy M05,samsung_galaxy_m05-13327.php,2026-09-19T20:07:42Z
Samsung,Galaxy A06,samsung_galaxy_a06-13265.php,2026-09-19T20:07:42Z
Samsung,Galaxy F14 4G,samsung_galaxy_f14_4g-13247.php,2026-09-19T20:07:42Z
Samsung,Galaxy Z Fold6,samsung_galaxy_z_fold6-13147.php,2026-09-19T20:07:42Z
Samsung,Galaxy Z Flip6,samsung_galaxy_z_flip6-13192.php,2026-09-19T20:07:42Z
Samsung,Galaxy Watch Ultra,samsung_galaxy_watch_ultra-13127.php,2026-09-19T20:07:42Z
Samsung,Galaxy Watch7,samsung_galaxy_watch7-13128.php,2026-09-19T20:07:42Z
Samsung,Galaxy Watch FE,samsung_galaxy_watch_fe-13112.php,2026-09-19T20:07:42Z
Samsung,Galaxy M35,samsung_galaxy_m35-13006.php,2026-09-19T20:07:42Z
Samsung,Galaxy F55,samsung_galaxy_f55-12885.php,2026-09-19T20:07:42Z
Samsung,Galaxy C55,samsung_galaxy_c55-12945.php,2026-09-19T20:07:42Z
Samsung,Galaxy M55,samsung_galaxy_m55-12896.php,2026-09-19T20:07:42Z
Samsung,Galaxy A55,samsung_galaxy_a55-12824.php,2026-09-19T20:07:42Z
Samsung,Galaxy A35,samsung_galaxy_a35-12705.php,2026-09-19T20:07:42Z
Samsung,Galaxy M15,samsung_galaxy_m15-12833.php,2026-09-19T20:07:42Z
Samsung,Galaxy M14 4G,samsung_galaxy_m14_4g-12862.php,2026-09-19T20:07:42Z
Samsung,Galaxy F15,samsung_galaxy_f15-12831.php,2026-09-19T20:07:42Z
Samsung,Galaxy S24 Ultra,samsung_galaxy_s24_ultra-12771.php,2026-09-19T20:07:42Z
Samsung,Galaxy S24,samsung_galaxy_s24-12773.php,2026-09-19T20:07:42Z
Samsung,Galaxy XCover7,samsung_galaxy_xcover7-12784.php,2026-09-19T20:07:42Z
Samsung,Galaxy Tab Active5,samsung_galaxy_tab_active5-12785.php,2026-09-19T20:07:42Z
Samsung,Galaxy A25,samsung_galaxy_a25-12555.php,2026-09-19T20:07:42Z
Samsung,Galaxy A15 5G,samsung_galaxy_a15_5g-12638.php,2026-09-19T20:07:42Z
Samsung,Galaxy A15,samsung_galaxy_a15-12637.php,2026-09-19T20:07:42Z
Samsung,Galaxy Tab A9,samsung_galaxy_tab_a9-12616.php,2026-09-19T20:07:42Z
Samsung,Galaxy S23 FE,samsung_galaxy_s23_fe-12520.php,2026-09-19T20:07:42Z
Samsung,Galaxy Tab S9 FE,samsung_galaxy_tab_s9_fe-12517.php,2026-09-19T20:07:42Z
Samsung,Galaxy A05s,samsung_galaxy_a05s-12584.php,2026-09-19T20:07:42Z
Samsung,Galaxy A05,samsung_galaxy_a05-12583.php,2026-09-19T20:07:42Z
Samsung,Galaxy Z Fold5,samsung_galaxy_z_fold5-12418.php,2026-09-19T20:07:48Z
Samsung,Galaxy Z Flip5,samsung_galaxy_z_flip5-12252.php,2026-09-19T20:07:48Z
Samsung,Galaxy Tab S9 Ultra,samsung_galaxy_tab_s9_ultra-12217.php,2026-09-19T20:07:48Z
Samsung,Galaxy Tab S9,samsung_galaxy_tab_s9-12439.php,2026-09-19T20:07:48Z
Samsung,Galaxy Watch6 Classic,samsung_galaxy_watch6_classic-12438.php,2026-09-19T20:07:48Z
Samsung,Galaxy Watch6,samsung_galaxy_watch6-12437.php,2026-09-19T20:07:48Z
Samsung,Galaxy M34 5G,samsung_galaxy_m34_5g-11290.php,2026-09-19T20:07:48Z
Samsung,Galaxy F54,samsung_galaxy_f54-12239.php,2026-09-19T20:07:48Z
Samsung,Galaxy A24 4G,samsung_galaxy_a24_4g-12176.php,2026-09-19T20:07:48Z
Samsung,Galaxy F14,samsung_galaxy_f14-12175.php,2026-09-19T20:07:48Z
Samsung,Galaxy M54,samsung_galaxy_m54-12189.php,2026-09-19T20:07:48Z
Samsung,Galaxy A54,samsung_galaxy_a54-12070.php,2026-09-19T20:07:48Z
Samsung,Galaxy A34,samsung_galaxy_a34-12074.php,2026-09-19T20:07:48Z
Samsung,Galaxy M14,samsung_galaxy_m14-12160.php,2026-09-19T20:07:48Z
Samsung,Galaxy S23 Ultra,samsung_galaxy_s23_ultra-12024.php,2026-09-19T20:07:48Z
Samsung,Galaxy S23,samsung_galaxy_s23-12082.php,2026-09-19T20:07:48Z
Samsung,Galaxy A14,samsung_galaxy_a14-12151.php,2026-09-19T20:07:48Z
Samsung,Galaxy A14 5G,samsung_galaxy_a14_5g-12004.php,2026-09-19T20:07:48Z
Samsung,Galaxy F04,samsung_galaxy_f04-12054.php,2026-09-19T20:07:48Z
Samsung,Galaxy M04,samsung_galaxy_m04-12022.php,2026-09-19T20:07:48Z
Samsung,Galaxy A04e,samsung_galaxy_a04e-11945.php,2026-09-19T20:07:48Z
Samsung,Galaxy Tab Active4 Pro,samsung_galaxy_tab_active4_pro-11840.php,2026-09-19T20:07:48Z
Samsung,Galaxy A04s,samsung_galaxy_a04s-11803.php,2026-09-19T20:07:48Z
Samsung,Galaxy A04,samsung_galaxy_a04-11817.php,2026-09-19T20:07:48Z
Samsung,Galaxy Z Fold4,samsung_galaxy_z_fold4-11737.php,2026-09-19T20:07:48Z
Samsung,Galaxy Z Flip4,samsung_galaxy_z_flip4-11538.php,2026-09-19T20:07:48Z
Samsung,Galaxy Watch5 Pro,samsung_galaxy_watch5_pro-11749.php,2026-09-19T20:07:48Z
Samsung,Galaxy Watch5,samsung_galaxy_watch5-11748.php,2026-09-19T20:07:48Z
Samsung,Galaxy A23 5G,samsung_galaxy_a23_5g-11736.php,2026-09-19T20:07:48Z
Samsung,Galaxy M13 5G,samsung_galaxy_m13_5g-11633.php,2026-09-19T20:07:48Z
Samsung,Galaxy XCover6 Pro,samsung_galaxy_xcover6_pro-11600.php,2026-09-19T20:07:48Z
Samsung,Galaxy F13,samsung_galaxy_f13-11624.php,2026-09-19T20:07:48Z
Samsung,Galaxy M13,samsung_galaxy_m13-11564.php,2026-09-19T20:07:48Z
Samsung,Galaxy M53,samsung_galaxy_m53-11439.php,2026-09-19T20:07:48Z
Samsung,Galaxy S20 FE 2022,samsung_galaxy_s20_fe_2022-11459.php,2026-09-19T20:07:48Z
Samsung,Galaxy A73 5G,samsung_galaxy_a73_5g-11257.php,2026-09-19T20:07:48Z
Samsung,Galaxy A53 5G,samsung_galaxy_a53_5g-11268.php,2026-09-19T20:07:48Z
Samsung,Galaxy A33 5G,samsung_galaxy_a33_5g-11429.php,2026-09-19T20:07:48Z
Samsung,Galaxy F23,samsung_galaxy_f23-11406.php,2026-09-19T20:07:48Z
Samsung,Galaxy M33,samsung_galaxy_m33-11404.php,2026-09-19T20:07:48Z
Samsung,Galaxy M23,samsung_galaxy_m23-11403.php,2026-09-19T20:07:48Z
Samsung,Galaxy A23,samsung_galaxy_a23-11373.php,2026-09-19T20:07:48Z
Samsung,Galaxy A13,samsung_galaxy_a13-11402.php,2026-09-19T20:07:48Z
Samsung,Galaxy S22 5G,samsung_galaxy_s22_5g-11253.php,2026-09-19T20:07:56Z
Samsung,Galaxy Tab S8 Ultra,samsung_galaxy_tab_s8_ultra-11274.php,2026-09-19T20:07:56Z
Samsung,Galaxy Tab S8,samsung_galaxy_tab_s8-11343.php,2026-09-19T20:07:56Z
Samsung,Galaxy S21 FE 5G,samsung_galaxy_s21_fe_5g-10954.php,2026-09-19T20:07:56Z
Samsung,Galaxy A13 5G,samsung_galaxy_a13_5g-11149.php,2026-09-19T20:07:56Z
Samsung,Galaxy A03,samsung_galaxy_a03-11244.php,2026-09-19T20:07:56Z
Samsung,Galaxy A03 Core,samsung_galaxy_a03_core-11215.php,2026-09-19T20:07:56Z
Samsung,Galaxy F42 5G,samsung_galaxy_f42_5g-11124.php,2026-09-19T20:07:56Z
Samsung,Galaxy M52 5G,samsung_galaxy_m52_5g-11110.php,2026-09-19T20:07:56Z
Samsung,Galaxy M22,samsung_galaxy_m22-11011.php,2026-09-19T20:07:56Z
Samsung,Galaxy M32 5G,samsung_galaxy_m32_5g-11062.php,2026-09-19T20:07:56Z
Samsung,Galaxy A03s,samsung_galaxy_a03s-10937.php,2026-09-19T20:07:56Z
Samsung,Galaxy A52s 5G,samsung_galaxy_a52s_5g-11039.php,2026-09-19T20:07:56Z
Samsung,Galaxy Z Fold3 5G,samsung_galaxy_z_fold3_5g-10906.php,2026-09-19T20:07:56Z
Samsung,Galaxy Z Flip3 5G,samsung_galaxy_z_flip3_5g-11044.php,2026-09-19T20:07:56Z
Samsung,Galaxy Watch4 Classic,samsung_galaxy_watch4_classic-11046.php,2026-09-19T20:07:56Z
Samsung,Galaxy Watch4,samsung_galaxy_watch4-11045.php,2026-09-19T20:07:56Z
Samsung,Galaxy A12 Nacho,samsung_galaxy_a12_nacho-11041.php,2026-09-19T20:07:56Z
Samsung,Galaxy M21 2021,samsung_galaxy_m21_2021-11015.php,2026-09-19T20:07:56Z
Samsung,Galaxy F22,samsung_galaxy_f22-10996.php,2026-09-19T20:07:56Z
Samsung,Galaxy M32,samsung_galaxy_m32-10887.php,2026-09-19T20:07:56Z
Samsung,Galaxy A22 5G,samsung_galaxy_a22_5g-10873.php,2026-09-19T20:07:56Z
Samsung,Galaxy A22,samsung_galaxy_a22-10948.php,2026-09-19T20:07:56Z
Samsung,Galaxy Tab A7 Lite,samsung_galaxy_tab_a7_lite-10933.php,2026-09-19T20:07:56Z
Samsung,Galaxy Tab S7 FE,samsung_galaxy_tab_s7_fe-10922.php,2026-09-19T20:07:56Z
Samsung,Galaxy F52 5G,samsung_galaxy_f52_5g-10900.php,2026-09-19T20:07:56Z
Samsung,Galaxy M42 5G,samsung_galaxy_m42_5g-10848.php,2026-09-19T20:07:56Z
Samsung,Galaxy M12,samsung_galaxy_m12-10860.php,2026-09-19T20:07:56Z
Samsung,Galaxy Quantum 2,samsung_galaxy_quantum_2-10850.php,2026-09-19T20:07:56Z
Samsung,Galaxy F12,samsung_galaxy_f12-10825.php,2026-09-19T20:07:56Z
Samsung,Galaxy F02s,samsung_galaxy_f02s-10824.php,2026-09-19T20:07:56Z
Samsung,Galaxy A72,samsung_galaxy_a72-10469.php,2026-09-19T20:07:56Z
Samsung,Galaxy A52 5G,samsung_galaxy_a52_5g-10631.php,2026-09-19T20:07:56Z
Samsung,Galaxy A52,samsung_galaxy_a52-10641.php,2026-09-19T20:07:56Z
Samsung,Galaxy XCover 5,samsung_galaxy_xcover_5-10718.php,2026-09-19T20:07:56Z
Samsung,Galaxy A32,samsung_galaxy_a32-10753.php,2026-09-19T20:07:56Z
Samsung,Galaxy M62,samsung_galaxy_m62-10749.php,2026-09-19T20:07:56Z
Samsung,Galaxy F62,samsung_galaxy_f62-10740.php,2026-09-19T20:07:56Z
Samsung,Galaxy S21 Ultra 5G,samsung_galaxy_s21_ultra_5g-10596.php,2026-09-19T20:07:56Z
Samsung,Galaxy S21 5G,samsung_galaxy_s21_5g-10626.php,2026-09-19T20:07:56Z
Samsung,Galaxy A32 5G,samsung_galaxy_a32_5g-10648.php,2026-09-19T20:07:56Z
Samsung,Galaxy M02s,samsung_galaxy_m02s-10663.php,2026-09-19T20:07:56Z
Samsung,Galaxy A12,samsung_galaxy_a12-10604.php,2026-09-19T20:07:56Z
Samsung,Galaxy A02,samsung_galaxy_a02-10708.php,2026-09-19T20:08:03Z
Samsung,Galaxy A02s,samsung_galaxy_a02s-10603.php,2026-09-19T20:08:03Z
Samsung,Galaxy M21s,samsung_galaxy_m21s-10580.php,2026-09-19T20:08:03Z
Samsung,Galaxy M31 Prime,samsung_galaxy_m31_prime-10496.php,2026-09-19T20:08:03Z
Samsung,Galaxy F41,samsung_galaxy_f41-10498.php,2026-09-19T20:08:03Z
Samsung,Galaxy Tab Active3,samsung_galaxy_tab_active3-10476.php,2026-09-19T20:08:03Z
Samsung,Galaxy S20 FE 5G,samsung_galaxy_s20_fe_5g-10377.php,2026-09-19T20:08:03Z
Samsung,Galaxy S20 FE,samsung_galaxy_s20_fe-10428.php,2026-09-19T20:08:03Z
Samsung,Galaxy A42 5G,samsung_galaxy_a42_5g-10412.php,2026-09-19T20:08:03Z
Samsung,Galaxy M51,samsung_galaxy_m51-10148.php,2026-09-19T20:08:03Z
Samsung,Galaxy A51 5G UW,samsung_galaxy_a51_5g_uw-10371.php,2026-09-19T20:08:03Z
Samsung,Galaxy Z Fold2 5G,samsung_galaxy_z_fold2_5g-10342.php,2026-09-19T20:08:03Z
Samsung,Galaxy Note20 Ultra 5G,samsung_galaxy_note20_ultra_5g-10261.php,2026-09-19T20:08:03Z
Samsung,Galaxy Note20 Ultra,samsung_galaxy_note20_ultra-10355.php,2026-09-19T20:08:03Z
Samsung,Galaxy Note20 5G,samsung_galaxy_note20_5g-10325.php,2026-09-19T20:08:03Z
Samsung,Galaxy Note20,samsung_galaxy_note20-10338.php,2026-09-19T20:08:03Z
Samsung,Galaxy Watch3,samsung_galaxy_watch3-10315.php,2026-09-19T20:08:03Z
Samsung,Galaxy Tab S7,samsung_galaxy_tab_s7-10337.php,2026-09-19T20:08:03Z
Samsung,Galaxy Z Flip 5G,samsung_galaxy_z_flip_5g-10244.php,2026-09-19T20:08:03Z
Samsung,Galaxy M31s,samsung_galaxy_m31s-10333.php,2026-09-19T20:08:03Z
Samsung,Galaxy M01s,samsung_galaxy_m01s-10335.php,2026-09-19T20:08:03Z
Samsung,Galaxy M01 Core,samsung_galaxy_m01_core-10316.php,2026-09-19T20:08:03Z
Samsung,Galaxy A01 Core,samsung_galaxy_a01_core-10314.php,2026-09-19T20:08:03Z
Samsung,Galaxy A71 5G UW,samsung_galaxy_a71_5g_uw-10276.php,2026-09-19T20:08:03Z
Samsung,Galaxy M01,samsung_galaxy_m01-10216.php,2026-09-19T20:08:03Z
Samsung,Galaxy A21s,samsung_galaxy_a21s-10239.php,2026-09-19T20:08:03Z
Samsung,Galaxy A Quantum,samsung_galaxy_a_quantum-10243.php,2026-09-19T20:08:03Z
Samsung,Galaxy A71 5G,samsung_galaxy_a71_5g-10146.php,2026-09-19T20:08:03Z
Samsung,Galaxy A51 5G,samsung_galaxy_a51_5g-10157.php,2026-09-19T20:08:03Z
Samsung,Galaxy A21,samsung_galaxy_a21-10172.php,2026-09-19T20:08:03Z
Samsung,Galaxy M11,samsung_galaxy_m11-10124.php,2026-09-19T20:08:03Z
Samsung,Galaxy A31,samsung_galaxy_a31-10149.php,2026-09-19T20:08:03Z
Samsung,Galaxy A41,samsung_galaxy_a41-10138.php,2026-09-19T20:08:03Z
Samsung,Galaxy M21,samsung_galaxy_m21-10111.php,2026-09-19T20:08:03Z
Samsung,Galaxy A11,samsung_galaxy_a11-10132.php,2026-09-19T20:08:03Z
Samsung,Galaxy M31,samsung_galaxy_m31-10079.php,2026-09-19T20:08:03Z
Samsung,Galaxy S20 Ultra 5G,samsung_galaxy_s20_ultra_5g-10040.php,2026-09-19T20:08:03Z
Samsung,Galaxy S20 Ultra,samsung_galaxy_s20_ultra-10084.php,2026-09-19T20:08:03Z
Samsung,Galaxy S20 5G UW,samsung_galaxy_s20_5g_uw-10254.php,2026-09-19T20:08:03Z
Samsung,Galaxy S20 5G,samsung_galaxy_s20_5g-10044.php,2026-09-19T20:08:03Z
Samsung,Galaxy S20,samsung_galaxy_s20-10081.php,2026-09-19T20:08:03Z
Samsung,Galaxy Z Flip,samsung_galaxy_z_flip-10054.php,2026-09-19T20:08:03Z
Samsung,Galaxy XCover Pro,samsung_galaxy_xcover_pro-10001.php,2026-09-19T20:08:09Z
Samsung,Galaxy Note10 Lite,samsung_galaxy_note10_lite-10003.php,2026-09-19T20:08:09Z
Samsung,Galaxy S10 Lite,samsung_galaxy_s10_lite-9917.php,2026-09-19T20:08:09Z
Samsung,Galaxy A01,samsung_galaxy_a01-9999.php,2026-09-19T20:08:09Z
Samsung,Galaxy A71,samsung_galaxy_a71-9995.php,2026-09-19T20:08:09Z
Samsung,Galaxy A51,samsung_galaxy_a51-9963.php,2026-09-19T20:08:09Z
Samsung,Galaxy XCover FieldPro,samsung_galaxy_xcover_fieldpro-9937.php,2026-09-19T20:08:09Z
Samsung,Galaxy A70s,samsung_galaxy_a70s-9899.php,2026-09-19T20:08:09Z
Samsung,Galaxy A20s,samsung_galaxy_a20s-9852.php,2026-09-19T20:08:09Z
Samsung,Galaxy M30s,samsung_galaxy_m30s-9818.php,2026-09-19T20:08:09Z
Samsung,Galaxy M10s,samsung_galaxy_m10s-9861.php,2026-09-19T20:08:09Z
Samsung,Galaxy Fold 5G,samsung_galaxy_fold_5g-9851.php,2026-09-19T20:08:09Z
Samsung,Galaxy Fold,samsung_galaxy_fold-9523.php,2026-09-19T20:08:09Z
Samsung,Galaxy Tab Active Pro,samsung_galaxy_tab_active_pro-9850.php,2026-09-19T20:08:09Z
Samsung,Galaxy A90 5G,samsung_galaxy_a90_5g-9795.php,2026-09-19T20:08:09Z
Samsung,Galaxy A30s,samsung_galaxy_a30s-9796.php,2026-09-19T20:08:09Z
Samsung,Galaxy A50s,samsung_galaxy_a50s-9806.php,2026-09-19T20:08:09Z
Samsung,Galaxy Note10 5G,samsung_galaxy_note10_5g-9789.php,2026-09-19T20:08:09Z
Samsung,Galaxy Note10,samsung_galaxy_note10-9788.php,2026-09-19T20:08:09Z
Samsung,Galaxy Watch Active2,samsung_galaxy_watch_active2-9784.php,2026-09-19T20:08:09Z
Samsung,Galaxy Watch Active2 Aluminum,samsung_galaxy_watch_active2_aluminum-9786.php,2026-09-19T20:08:09Z
Samsung,Galaxy A10s,samsung_galaxy_a10s-9793.php,2026-09-19T20:08:09Z
Samsung,Galaxy A10e,samsung_galaxy_a10e-9790.php,2026-09-19T20:08:09Z
Samsung,Galaxy Tab S6,samsung_galaxy_tab_s6-9781.php,2026-09-19T20:08:09Z
Samsung,Galaxy XCover 4s,samsung_galaxy_xcover_4s-9730.php,2026-09-19T20:08:09Z
Samsung,Galaxy A2 Core,samsung_galaxy_a2_core-9636.php,2026-09-19T20:08:09Z
Samsung,Galaxy Watch Active,samsung_galaxy_watch_active-9589.php,2026-09-19T20:08:09Z
Samsung,Galaxy View2,samsung_galaxy_view2-9672.php,2026-09-19T20:08:09Z
Samsung,Galaxy S10 5G,samsung_galaxy_s10_5g-9588.php,2026-09-19T20:08:09Z
Samsung,Galaxy S10,samsung_galaxy_s10-9536.php,2026-09-19T20:08:09Z
Samsung,Galaxy S10e,samsung_galaxy_s10e-9537.php,2026-09-19T20:08:09Z
Samsung,Galaxy M40,samsung_galaxy_m40-9721.php,2026-09-19T20:08:09Z
Samsung,Galaxy M30,samsung_galaxy_m30-9505.php,2026-09-19T20:08:09Z
Samsung,Galaxy M20,samsung_galaxy_m20-9506.php,2026-09-19T20:08:09Z
Samsung,Galaxy M10,samsung_galaxy_m10-9508.php,2026-09-19T20:08:09Z
Samsung,Galaxy A80,samsung_galaxy_a80-9659.php,2026-09-19T20:08:09Z
Samsung,Galaxy A70,samsung_galaxy_a70-9646.php,2026-09-19T20:08:09Z
Samsung,Galaxy A60,samsung_galaxy_a60-9616.php,2026-09-19T20:08:09Z
Samsung,Galaxy A50,samsung_galaxy_a50-9554.php,2026-09-19T20:08:09Z
Samsung,Galaxy A40,samsung_galaxy_a40-9642.php,2026-09-19T20:08:09Z
Samsung,Galaxy A30,samsung_galaxy_a30-9579.php,2026-09-19T20:08:09Z
Samsung,Galaxy A20e,samsung_galaxy_a20e-9661.php,2026-09-19T20:08:09Z
Samsung,Galaxy A20,samsung_galaxy_a20-9640.php,2026-09-19T20:08:09Z
Samsung,Galaxy A10,samsung_galaxy_a10-9580.php,2026-09-19T20:08:09Z
Samsung,Galaxy Tab S5e,samsung_galaxy_tab_s5e-9581.php,2026-09-19T20:08:09Z
Samsung,Galaxy Tab Advanced2,samsung_galaxy_tab_advanced2-9264.php,2026-09-19T20:08:17Z
Samsung,Galaxy Tab S4 10.5,samsung_galaxy_tab_s4_10_5-9262.php,2026-09-19T20:08:17Z
Samsung,Galaxy Tab A 10.5,samsung_galaxy_tab_a_10_5-9263.php,2026-09-19T20:08:17Z
Samsung,Galaxy A8s,samsung_galaxy_a8s-9432.php,2026-09-19T20:08:17Z
Samsung,Galaxy A6s (2018),samsung_galaxy_a6s-9352.php,2026-09-19T20:08:17Z
Samsung,Galaxy Note9,samsung_galaxy_note9-9163.php,2026-09-19T20:08:17Z
Samsung,Galaxy Watch,samsung_galaxy_watch-9289.php,2026-09-19T20:08:17Z
Samsung,Galaxy J4 Core,samsung_galaxy_j4_core-9397.php,2026-09-19T20:08:17Z
Samsung,Galaxy J2 Core,samsung_galaxy_j2_core-9255.php,2026-09-19T20:08:17Z
Samsung,Galaxy On6,samsung_galaxy_on6-9260.php,2026-09-19T20:08:17Z
Samsung,Galaxy S Light Luxury,samsung_galaxy_s_light_luxury-9202.php,2026-09-19T20:08:17Z
Samsung,Galaxy J8,samsung_galaxy_j8-9205.php,2026-09-19T20:08:17Z
Samsung,Galaxy J6,samsung_galaxy_j6-9203.php,2026-09-19T20:08:17Z
Samsung,Galaxy J4,samsung_galaxy_j4-9204.php,2026-09-19T20:08:17Z
Samsung,Galaxy J7 Duo,samsung_galaxy_j7_duo-9153.php,2026-09-19T20:08:17Z
Samsung,Galaxy J7 Prime 2,samsung_galaxy_j7_prime_2-9135.php,2026-09-19T20:08:17Z
Samsung,Galaxy S9,samsung_galaxy_s9-8966.php,2026-09-19T20:08:17Z
Samsung,Galaxy Tab Active2,samsung_galaxy_tab_active2-8897.php,2026-09-19T20:08:17Z
Samsung,Gear Sport,samsung_gear_sport-8839.php,2026-09-19T20:08:17Z
Samsung,Galaxy Note8,samsung_galaxy_note8-8505.php,2026-09-19T20:08:17Z
Samsung,Galaxy S8 Active,samsung_galaxy_s8_active-8676.php,2026-09-19T20:08:17Z
Samsung,Galaxy J7 V,samsung_galaxy_j7_v-8778.php,2026-09-19T20:08:17Z
Samsung,Galaxy Note FE,samsung_galaxy_note_fe-8683.php,2026-09-19T20:08:17Z
Samsung,Galaxy J7 Max,samsung_galaxy_j7_max-8684.php,2026-09-19T20:08:17Z
Samsung,Galaxy J7 Pro,samsung_galaxy_j7_pro-8561.php,2026-09-19T20:08:17Z
Samsung,Galaxy Folder2,samsung_galaxy_folder2-9331.php,2026-09-19T20:08:17Z
Samsung,Z4,samsung_z4-8682.php,2026-09-19T20:08:17Z
Samsung,Galaxy S8,samsung_galaxy_s8-8161.php,2026-09-19T20:08:17Z
Samsung,Gear S3 classic LTE,samsung_gear_s3_classic_lte-8627.php,2026-09-19T20:08:24Z
Samsung,Galaxy C5 Pro,samsung_galaxy_c5_pro-8437.php,2026-09-19T20:08:24Z
Samsung,Galaxy XCover 4,samsung_galaxy_xcover_4-8577.php,2026-09-19T20:08:24Z
Samsung,Galaxy Tab S3 9.7,samsung_galaxy_tab_s3_9_7-8554.php,2026-09-19T20:08:24Z
Samsung,Galaxy J1 mini prime,samsung_galaxy_j1_mini_prime-8397.php,2026-09-19T20:08:24Z
Samsung,Galaxy J3 Emerge,samsung_galaxy_j3_emerge-8486.php,2026-09-19T20:08:24Z
Samsung,Galaxy C7 Pro,samsung_galaxy_c7_pro-8435.php,2026-09-19T20:08:24Z
Samsung,Galaxy Grand Prime Plus,samsung_galaxy_grand_prime_plus-8385.php,2026-09-19T20:08:24Z
Samsung,Galaxy J2 Prime,samsung_galaxy_j2_prime-8424.php,2026-09-19T20:08:24Z
Samsung,Galaxy C9 Pro,samsung_galaxy_c9_pro-8347.php,2026-09-19T20:08:24Z
Samsung,Galaxy On8,samsung_galaxy_on8-8367.php,2026-09-19T20:08:24Z
Samsung,Gear S3 classic,samsung_gear_s3_classic-8309.php,2026-09-19T20:08:24Z
Samsung,Gear S3 frontier,samsung_gear_s3_frontier-8308.php,2026-09-19T20:08:24Z
Samsung,Gear S3 frontier LTE,samsung_gear_s3_frontier_lte-8307.php,2026-09-19T20:08:24Z
Samsung,Galaxy J5 Prime,samsung_galaxy_j5_prime-8342.php,2026-09-19T20:08:24Z
Samsung,Galaxy J7 Prime,samsung_galaxy_j7_prime-8314.php,2026-09-19T20:08:24Z
Samsung,Z2,samsung_z2-8288.php,2026-09-19T20:08:24Z
Samsung,Galaxy Note7,samsung_galaxy_note7-8082.php,2026-09-19T20:08:24Z
Samsung,Galaxy On7 Pro,samsung_galaxy_on7_pro-8140.php,2026-09-19T20:08:24Z
Samsung,Galaxy On5 Pro,samsung_galaxy_on5_pro-8192.php,2026-09-19T20:08:24Z
Samsung,Galaxy Tab J,samsung_galaxy_tab_j-8227.php,2026-09-19T20:08:24Z
Samsung,Galaxy J Max,samsung_galaxy_j_max-8186.php,2026-09-19T20:08:24Z
Samsung,Z3 Corporate,samsung_z3_corporate-8170.php,2026-09-19T20:08:24Z
Samsung,Galaxy Xcover 3 G389F,samsung_galaxy_xcover_3_g389f-8455.php,2026-09-19T20:08:24Z
Samsung,Galaxy S7 active,samsung_galaxy_s7_active-8004.php,2026-09-19T20:08:24Z
Samsung,Galaxy J3 Pro,samsung_galaxy_j3_pro-8126.php,2026-09-19T20:08:24Z
Samsung,Galaxy C7,samsung_galaxy_c7-8046.php,2026-09-19T20:08:24Z
Samsung,Galaxy C5,samsung_galaxy_c5-8047.php,2026-09-19T20:08:24Z
Samsung,Galaxy S7,samsung_galaxy_s7-7821.php,2026-09-19T20:08:24Z
Samsung,Galaxy S7 edge,samsung_galaxy_s7_edge-7945.php,2026-09-19T20:08:24Z
Samsung,Galaxy J1 Nxt,samsung_galaxy_j1_nxt-7768.php,2026-09-19T20:08:24Z
Samsung,Gear S2 classic 3G,samsung_gear_s2_classic_3g-7934.php,2026-09-19T20:08:24Z
Samsung,Galaxy Tab E 8.0,samsung_galaxy_tab_e_8_0-7879.php,2026-09-19T20:08:24Z
Samsung,Galaxy Express Prime,samsung_galaxy_express_prime-8022.php,2026-09-19T20:08:31Z
Samsung,Galaxy View,samsung_galaxy_view-7704.php,2026-09-19T20:08:31Z
Samsung,Galaxy On7,samsung_galaxy_on7-7679.php,2026-09-19T20:08:31Z
Samsung,Galaxy On5,samsung_galaxy_on5-7648.php,2026-09-19T20:08:31Z
Samsung,Z3,samsung_z3-7273.php,2026-09-19T20:08:31Z
Samsung,Galaxy J1 Ace,samsung_galaxy_j1_ace-7673.php,2026-09-19T20:08:31Z
Samsung,Gear S2 classic,samsung_gear_s2_classic-7677.php,2026-09-19T20:08:31Z
Samsung,Gear S2,samsung_gear_s2-7678.php,2026-09-19T20:08:31Z
Samsung,Gear S2 3G,samsung_gear_s2_3g-7585.php,2026-09-19T20:08:31Z
Samsung,Galaxy Note5,samsung_galaxy_note5-7431.php,2026-09-19T20:08:31Z
Samsung,Galaxy Note5 Duos,samsung_galaxy_note5_duos-7508.php,2026-09-19T20:08:31Z
Samsung,Galaxy S5 Neo,samsung_galaxy_s5_neo-6506.php,2026-09-19T20:08:31Z
Samsung,Galaxy S4 mini I9195I,samsung_galaxy_s4_mini_i9195i-7468.php,2026-09-19T20:08:31Z
Samsung,Galaxy Folder,samsung_galaxy_folder-7453.php,2026-09-19T20:08:31Z
Samsung,Galaxy Tab S2 9.7,samsung_galaxy_tab_s2_9_7-7438.php,2026-09-19T20:08:31Z
Samsung,Galaxy Tab S2 8.0,samsung_galaxy_tab_s2_8_0-7439.php,2026-09-19T20:08:31Z
Samsung,Galaxy A8 Duos,samsung_galaxy_a8_duos-7506.php,2026-09-19T20:08:31Z
Samsung,Galaxy A8,samsung_galaxy_a8-7249.php,2026-09-19T20:08:31Z
Samsung,Galaxy V Plus,samsung_galaxy_v_plus-7395.php,2026-09-19T20:08:31Z
Samsung,Galaxy J7 Nxt,samsung_galaxy_j7_nxt-8785.php,2026-09-19T20:08:31Z
Samsung,Galaxy J7,samsung_galaxy_j7-7185.php,2026-09-19T20:08:31Z
Samsung,Galaxy J5,samsung_galaxy_j5-7184.php,2026-09-19T20:08:31Z
Samsung,Galaxy Tab E 9.6,samsung_galaxy_tab_e_9_6-7295.php,2026-09-19T20:08:31Z
Samsung,Guru Plus,samsung_guru_plus_-7794.php,2026-09-19T20:08:31Z
Samsung,Metro 360,samsung_metro_360-7751.php,2026-09-19T20:08:31Z
Samsung,Xcover 550,samsung_xcover_550-7119.php,2026-09-19T20:08:31Z
Samsung,Galaxy S6 active,samsung_galaxy_s6_active-7114.php,2026-09-19T20:08:31Z
Samsung,Galaxy Tab 3 V,samsung_galaxy_tab_3_v-7134.php,2026-09-19T20:08:31Z
Samsung,Galaxy Tab A 9.7,samsung_galaxy_tab_a_9_7-7122.php,2026-09-19T20:08:31Z
Samsung,Galaxy XCover 3,samsung_galaxy_xcover_3-6990.php,2026-09-19T20:08:31Z
Samsung,Galaxy S6 edge,samsung_galaxy_s6_edge-7079.php,2026-09-19T20:08:31Z
Samsung,Galaxy S6 Duos,samsung_galaxy_s6_duos-7377.php,2026-09-19T20:08:31Z
Samsung,Galaxy S6,samsung_galaxy_s6-6849.php,2026-09-19T20:08:31Z
Samsung,Galaxy J1 4G,samsung_galaxy_j1_4g-7034.php,2026-09-19T20:08:31Z
Samsung,Galaxy J2,samsung_galaxy_j2-7357.php,2026-09-19T20:08:31Z
Samsung,Galaxy Tab 3 Lite 7.0 VE,samsung_galaxy_tab_3_lite_7_0_ve-7110.php,2026-09-19T20:08:39Z
Samsung,Z1,samsung_z1-6894.php,2026-09-19T20:08:39Z
Samsung,Galaxy A7 Duos,samsung_galaxy_a7_duos-7132.php,2026-09-19T20:08:39Z
Samsung,Galaxy A7,samsung_galaxy_a7-6763.php,2026-09-19T20:08:39Z
Samsung,Galaxy Grand Max,samsung_galaxy_grand_max-6905.php,2026-09-19T20:08:39Z
Samsung,Galaxy E7,samsung_galaxy_e7-6879.php,2026-09-19T20:08:39Z
Samsung,Galaxy E5,samsung_galaxy_e5-6906.php,2026-09-19T20:08:39Z
Samsung,Galaxy Core Prime,samsung_galaxy_core_prime-6716.php,2026-09-19T20:08:39Z
Samsung,Galaxy A5 Duos,samsung_galaxy_a5_duos-6802.php,2026-09-19T20:08:39Z
Samsung,Galaxy A5,samsung_galaxy_a5-6761.php,2026-09-19T20:08:39Z
Samsung,Galaxy A3 Duos,samsung_galaxy_a3_duos-6803.php,2026-09-19T20:08:39Z
Samsung,Galaxy A3,samsung_galaxy_a3-6762.php,2026-09-19T20:08:39Z
Samsung,Galaxy S5 Plus,samsung_galaxy_s5_plus-6748.php,2026-09-19T20:08:39Z
Samsung,Galaxy Pocket 2,samsung_galaxy_pocket_2-4881.php,2026-09-19T20:08:39Z
Samsung,Galaxy V,samsung_galaxy_v-6725.php,2026-09-19T20:08:39Z
Samsung,Galaxy Grand Prime Duos TV,samsung_galaxy_grand_prime_duos_tv-6790.php,2026-09-19T20:08:39Z
Samsung,Galaxy Grand Prime,samsung_galaxy_grand_prime-6708.php,2026-09-19T20:08:39Z
Samsung,Galaxy Ace Style LTE G357,samsung_galaxy_ace_style_lte_g357-6706.php,2026-09-19T20:08:39Z
Samsung,Galaxy Note Edge,samsung_galaxy_note_edge-6631.php,2026-09-19T20:08:39Z
Samsung,Galaxy Note 4 Duos,samsung_galaxy_note_4_duos-6749.php,2026-09-19T20:08:39Z
Samsung,Galaxy Note 4,samsung_galaxy_note_4-6434.php,2026-09-19T20:08:39Z
Samsung,Galaxy Tab Active LTE,samsung_galaxy_tab_active_lte-6658.php,2026-09-19T20:08:39Z
Samsung,Galaxy Tab Active,samsung_galaxy_tab_active-6659.php,2026-09-19T20:08:39Z
Samsung,Galaxy Mega 2,samsung_galaxy_mega_2-6482.php,2026-09-19T20:08:39Z
Samsung,Gear S,samsung_gear_s-6620.php,2026-09-19T20:08:39Z
Samsung,Gear 2 Neo,samsung_gear_2_neo-7715.php,2026-09-19T20:08:39Z
Samsung,Gear Live,samsung_gear_live-7714.php,2026-09-19T20:08:39Z
Samsung,Gear 2,samsung_gear_2-7717.php,2026-09-19T20:08:39Z
Samsung,Galaxy Gear,samsung_galaxy_gear-7716.php,2026-09-19T20:08:39Z
Samsung,Galaxy S5 LTE-A G901F,samsung_galaxy_s5_lte_a_g901f-6576.php,2026-09-19T20:08:39Z
Samsung,Galaxy Alpha,samsung_galaxy_alpha-6573.php,2026-09-19T20:08:39Z
Samsung,Galaxy S5 mini Duos,samsung_galaxy_s5_mini_duos-6563.php,2026-09-19T20:08:39Z
Samsung,Galaxy Avant,samsung_galaxy_avant-6542.php,2026-09-19T20:08:39Z
Samsung,Galaxy S Duos 3,samsung_galaxy_s_duos_3-6662.php,2026-09-19T20:08:39Z
Samsung,Guru Music 2,samsung_guru_music_2-6651.php,2026-09-19T20:08:39Z
Samsung,Metro 312,samsung_metro_312-6650.php,2026-09-19T20:08:39Z
Samsung,Galaxy Ace NXT,samsung_galaxy_ace_nxt-6534.php,2026-09-19T20:08:39Z
Samsung,Galaxy Star 2 Plus,samsung_galaxy_star_2_plus-6391.php,2026-09-19T20:08:39Z
Samsung,Galaxy S5 mini,samsung_galaxy_s5_mini-6252.php,2026-09-19T20:08:39Z
Samsung,Galaxy Ace 4 LTE G313,samsung_galaxy_ace_4_lte_g313-6478.php,2026-09-19T20:08:39Z
Samsung,Galaxy Ace 4,samsung_galaxy_ace_4-6479.php,2026-09-19T20:08:39Z
Samsung,Galaxy Young 2,samsung_galaxy_young_2-6480.php,2026-09-19T20:08:39Z
Samsung,Galaxy Star 2,samsung_galaxy_star_2-6481.php,2026-09-19T20:08:39Z
Samsung,Galaxy Core II,samsung_galaxy_core_ii-6331.php,2026-09-19T20:08:39Z
Samsung,Galaxy S5 Sport,samsung_galaxy_s5_sport-6460.php,2026-09-19T20:08:39Z
Samsung,Galaxy S5 LTE-A G906S,samsung_galaxy_s5_lte_a_g906s-6450.php,2026-09-19T20:08:39Z
Samsung,Galaxy Tab S 8.4,samsung_galaxy_tab_s_8_4-6439.php,2026-09-19T20:08:45Z
Samsung,Galaxy Tab S 10.5 LTE,samsung_galaxy_tab_s_10_5_lte-6235.php,2026-09-19T20:08:45Z
Samsung,Galaxy Tab S 10.5,samsung_galaxy_tab_s_10_5-6438.php,2026-09-19T20:08:45Z
Samsung,Galaxy Core Lite LTE,samsung_galaxy_core_lite_lte-6432.php,2026-09-19T20:08:45Z
Samsung,I9301I Galaxy S3 Neo,samsung_i9301i_galaxy_s3_neo-6433.php,2026-09-19T20:08:45Z
Samsung,Galaxy W,samsung_galaxy_w-6404.php,2026-09-19T20:08:45Z
Samsung,Z,samsung_z-6403.php,2026-09-19T20:08:45Z
Samsung,Galaxy S5 Active,samsung_galaxy_s5_active-6356.php,2026-09-19T20:08:45Z
Samsung,Galaxy K zoom,samsung_galaxy_k_zoom-6210.php,2026-09-19T20:08:45Z
Samsung,Galaxy Beam2,samsung_galaxy_beam2-6328.php,2026-09-19T20:08:45Z
Samsung,I9300I Galaxy S3 Neo,samsung_i9300i_galaxy_s3_neo-6289.php,2026-09-19T20:08:45Z
Samsung,Galaxy Ace Style,samsung_galaxy_ace_style-6284.php,2026-09-19T20:08:45Z
Samsung,ATIV SE,samsung_ativ_se-6245.php,2026-09-19T20:08:45Z
Samsung,Galaxy Tab 4 7.0,samsung_galaxy_tab_4_7_0-6251.php,2026-09-19T20:08:45Z
Samsung,Galaxy Tab 4 7.0 3G,samsung_galaxy_tab_4_7_0_3g-6250.php,2026-09-19T20:08:45Z
Samsung,Galaxy Tab 4 7.0 LTE,samsung_galaxy_tab_4_7_0_lte-6241.php,2026-09-19T20:08:45Z
Samsung,Galaxy Tab 4 8.0,samsung_galaxy_tab_4_8_0-6249.php,2026-09-19T20:08:45Z
Samsung,Galaxy Tab 4 8.0 3G,samsung_galaxy_tab_4_8_0_3g-6248.php,2026-09-19T20:08:45Z
Samsung,Galaxy Tab 4 8.0 LTE,samsung_galaxy_tab_4_8_0_lte-6240.php,2026-09-19T20:08:45Z
Samsung,Galaxy Tab 4 10.1,samsung_galaxy_tab_4_10_1-6247.php,2026-09-19T20:08:45Z
Samsung,Galaxy Tab 4 10.1 3G,samsung_galaxy_tab_4_10_1_3g-6246.php,2026-09-19T20:08:45Z
Samsung,Galaxy Tab 4 10.1 LTE,samsung_galaxy_tab_4_10_1_lte-6239.php,2026-09-19T20:08:45Z
Samsung,G3812B Galaxy S3 Slim,samsung_g3812b_galaxy_s3_slim-6209.php,2026-09-19T20:08:45Z
Samsung,I8200 Galaxy S III mini VE,samsung_i8200_galaxy_s_iii_mini_ve-6190.php,2026-09-19T20:08:45Z
Samsung,Galaxy S5 Duos,samsung_galaxy_s5_duos-6272.php,2026-09-19T20:08:45Z
Samsung,Galaxy S5,samsung_galaxy_s5-6033.php,2026-09-19T20:08:45Z
Samsung,Galaxy Core LTE G386W,samsung_galaxy_core_lte_g386w-6846.php,2026-09-19T20:08:45Z
Samsung,Galaxy Core LTE,samsung_galaxy_core_lte-6099.php,2026-09-19T20:08:45Z
Samsung,S5611,samsung_s5611-6505.php,2026-09-19T20:08:45Z
Samsung,E1272,samsung_e1272-6170.php,2026-09-19T20:08:45Z
Samsung,Galaxy Star Trios S5283,samsung_galaxy_star_trios_s5283-6054.php,2026-09-19T20:08:45Z
Samsung,Galaxy Note 3 Neo Duos,samsung_galaxy_note_3_neo_duos-6015.php,2026-09-19T20:08:45Z
Samsung,Galaxy Note 3 Neo,samsung_galaxy_note_3_neo-5961.php,2026-09-19T20:08:45Z
Samsung,Galaxy Tab 3 Lite 7.0 3G,samsung_galaxy_tab_3_lite_7_0_3g-5975.php,2026-09-19T20:08:45Z
Samsung,Galaxy Tab 3 Lite 7.0,samsung_galaxy_tab_3_lite_7_0-5969.php,2026-09-19T20:08:45Z
Samsung,Galaxy Grand Neo,samsung_galaxy_grand_neo-5958.php,2026-09-19T20:08:45Z
Samsung,Galaxy Note Pro 12.2 LTE,samsung_galaxy_note_pro_12_2_lte-5945.php,2026-09-19T20:08:45Z
Samsung,Galaxy Note Pro 12.2 3G,samsung_galaxy_note_pro_12_2_3g-5944.php,2026-09-19T20:08:45Z
Samsung,Galaxy Note Pro 12.2,samsung_galaxy_note_pro_12_2-6048.php,2026-09-19T20:08:45Z
Samsung,Galaxy Tab Pro 12.2 LTE,samsung_galaxy_tab_pro_12_2_lte-5943.php,2026-09-19T20:08:45Z
Samsung,Galaxy Tab Pro 12.2 3G,samsung_galaxy_tab_pro_12_2_3g-5942.php,2026-09-19T20:08:45Z
Samsung,Galaxy Tab Pro 12.2,samsung_galaxy_tab_pro_12_2-6212.php,2026-09-19T20:08:45Z
Samsung,Galaxy Tab Pro 10.1 LTE,samsung_galaxy_tab_pro_10_1_lte-5941.php,2026-09-19T20:08:45Z
Samsung,Galaxy Tab Pro 10.1,samsung_galaxy_tab_pro_10_1-5940.php,2026-09-19T20:08:45Z
Samsung,Galaxy Tab Pro 8.4 3G/LTE,samsung_galaxy_tab_pro_8_4_3g_lte-6049.php,2026-09-19T20:08:45Z
Samsung,Galaxy Tab Pro 8.4,samsung_galaxy_tab_pro_8_4-5946.php,2026-09-19T20:08:45Z
Samsung,Galaxy Camera 2 GC200,samsung_galaxy_camera_2_gc200-5928.php,2026-09-19T20:08:45Z
Samsung,Galaxy S4 Active LTE-A,samsung_galaxy_s4_active_lte_a-5889.php,2026-09-19T20:08:51Z
Samsung,Galaxy J,samsung_galaxy_j-5887.php,2026-09-19T20:08:51Z
Samsung,Galaxy Win Pro G3812,samsung_galaxy_win_pro_g3812-5886.php,2026-09-19T20:08:51Z
Samsung,Galaxy S Duos 2 S7582,samsung_galaxy_s_duos_2_s7582-5876.php,2026-09-19T20:08:51Z
Samsung,Galaxy Grand 2,samsung_galaxy_grand_2-5862.php,2026-09-19T20:08:51Z
Samsung,I9230 Galaxy Golden,samsung_i9230_galaxy_golden-5814.php,2026-09-19T20:08:51Z
Samsung,C3590,samsung_c3590-5846.php,2026-09-19T20:08:51Z
Samsung,Galaxy Express 2,samsung_galaxy_express_2-5803.php,2026-09-19T20:08:51Z
Samsung,I9506 Galaxy S4,samsung_i9506_galaxy_s4-5542.php,2026-09-19T20:08:51Z
Samsung,Galaxy Light,samsung_galaxy_light-5786.php,2026-09-19T20:08:51Z
Samsung,Galaxy Round G910S,samsung_galaxy_round_g910s-5766.php,2026-09-19T20:08:51Z
Samsung,Galaxy Fresh S7390,samsung_galaxy_fresh_s7390-5841.php,2026-09-19T20:08:51Z
Samsung,Galaxy Core Plus,samsung_galaxy_core_plus-5842.php,2026-09-19T20:08:51Z
Samsung,Galaxy Fame Lite Duos S6792L,samsung_galaxy_fame_lite_duos_s6792l-6216.php,2026-09-19T20:08:51Z
Samsung,Galaxy Fame Lite S6790,samsung_galaxy_fame_lite_s6790-6213.php,2026-09-19T20:08:51Z
Samsung,Galaxy Star Pro S7260,samsung_galaxy_star_pro_s7260-5749.php,2026-09-19T20:08:51Z
Samsung,Galaxy Note 3,samsung_galaxy_note_3-5665.php,2026-09-19T20:08:51Z
Samsung,Galaxy Prevail 2,samsung_galaxy_prevail_2-5597.php,2026-09-19T20:08:51Z
Samsung,Gravity Q T289,samsung_gravity_q_t289-5599.php,2026-09-19T20:08:51Z
Samsung,ATIV S Neo,samsung_ativ_s_neo-5548.php,2026-09-19T20:08:51Z
Samsung,Galaxy S4 zoom,samsung_galaxy_s4_zoom-5447.php,2026-09-19T20:08:51Z
Samsung,Galaxy S II TV,samsung_galaxy_s_ii_tv-6785.php,2026-09-19T20:08:51Z
Samsung,Galaxy Ace 3,samsung_galaxy_ace_3-5479.php,2026-09-19T20:08:51Z
Samsung,I9190 Galaxy S4 mini,samsung_i9190_galaxy_s4_mini-5375.php,2026-09-19T20:08:51Z
Samsung,I9295 Galaxy S4 Active,samsung_i9295_galaxy_s4_active-5446.php,2026-09-19T20:08:51Z
Samsung,Galaxy Tab 3 8.0,samsung_galaxy_tab_3_8_0-5456.php,2026-09-19T20:08:51Z
Samsung,Galaxy Tab 3 10.1 P5220,samsung_galaxy_tab_3_10_1_p5220-5491.php,2026-09-19T20:08:51Z
Samsung,Galaxy Tab 3 10.1 P5200,samsung_galaxy_tab_3_10_1_p5200-5490.php,2026-09-19T20:08:51Z
Samsung,Galaxy Tab 3 10.1 P5210,samsung_galaxy_tab_3_10_1_p5210-5478.php,2026-09-19T20:08:51Z
Samsung,Galaxy Exhibit T599,samsung_galaxy_exhibit_t599-5468.php,2026-09-19T20:08:51Z
Samsung,Galaxy Core I8260,samsung_galaxy_core_i8260-5419.php,2026-09-19T20:08:51Z
Samsung,Galaxy Tab 3 7.0 WiFi,samsung_galaxy_tab_3_7_0_wifi-5423.php,2026-09-19T20:08:51Z
Samsung,Galaxy Tab 3 7.0,samsung_galaxy_tab_3_7_0-5422.php,2026-09-19T20:08:51Z
Samsung,Galaxy Mega 6.3 I9200,samsung_galaxy_mega_6_3_i9200-5398.php,2026-09-19T20:08:51Z
Samsung,Galaxy Mega 5.8 I9150,samsung_galaxy_mega_5_8_i9150-5396.php,2026-09-19T20:08:51Z
Samsung,Galaxy Trend II Duos S7572,samsung_galaxy_trend_ii_duos_s7572-5394.php,2026-09-19T20:08:51Z
Samsung,Galaxy Win I8550,samsung_galaxy_win_i8550-5392.php,2026-09-19T20:08:51Z
Samsung,Galaxy Pocket Neo S5310,samsung_galaxy_pocket_neo_s5310-5391.php,2026-09-19T20:08:51Z
Samsung,Galaxy Star S5280,samsung_galaxy_star_s5280-5314.php,2026-09-19T20:08:51Z
Samsung,I9505 Galaxy S4,samsung_i9505_galaxy_s4-5371.php,2026-09-19T20:08:51Z
Samsung,I9500 Galaxy S4,samsung_i9500_galaxy_s4-5125.php,2026-09-19T20:08:51Z
Samsung,I9502 Galaxy S4,samsung_i9502_galaxy_s4-5420.php,2026-09-19T20:08:51Z
Samsung,Galaxy S4 CDMA,samsung_galaxy_s4_cdma-5388.php,2026-09-19T20:08:51Z
Samsung,Galaxy Note 8.0,samsung_galaxy_note_8_0-5252.php,2026-09-19T20:08:51Z
Samsung,Galaxy Note 8.0 Wi-Fi,samsung_galaxy_note_8_0_wi_fi-5253.php,2026-09-19T20:08:51Z
Samsung,Galaxy Y Plus S5303,samsung_galaxy_y_plus_s5303-5357.php,2026-09-19T20:08:51Z
Samsung,Rex 90 S5292,samsung_rex_90_s5292-5301.php,2026-09-19T20:08:51Z
Samsung,Rex 70 S3802,samsung_rex_70_s3802-5299.php,2026-09-19T20:09:00Z
Samsung,Rex 60 C3312R,samsung_rex_60_c3312r-5298.php,2026-09-19T20:09:00Z
Samsung,Metro E2202,samsung_metro_e2202-5312.php,2026-09-19T20:09:00Z
Samsung,E1282T,samsung_e1282t-5362.php,2026-09-19T20:09:00Z
Samsung,E1207T,samsung_e1207t-5361.php,2026-09-19T20:09:00Z
Samsung,Galaxy Young S6310,samsung_galaxy_young_s6310-5280.php,2026-09-19T20:09:00Z
Samsung,Galaxy Fame S6810,samsung_galaxy_fame_s6810-5279.php,2026-09-19T20:09:00Z
Samsung,Galaxy Express I8730,samsung_galaxy_express_i8730-5271.php,2026-09-19T20:09:00Z
Samsung,S7710 Galaxy Xcover 2,samsung_s7710_galaxy_xcover_2-5263.php,2026-09-19T20:09:00Z
Samsung,Ativ Odyssey I930,samsung_ativ_odyssey_i930-5221.php,2026-09-19T20:09:00Z
Samsung,I9105 Galaxy S II Plus,samsung_i9105_galaxy_s_ii_plus-5213.php,2026-09-19T20:09:00Z
Samsung,Galaxy Grand I9082,samsung_galaxy_grand_i9082-5163.php,2026-09-19T20:09:00Z
Samsung,Galaxy Grand I9080,samsung_galaxy_grand_i9080-5162.php,2026-09-19T20:09:00Z
Samsung,Star Deluxe Duos S5292,samsung_star_deluxe_duos_s5292-5059.php,2026-09-19T20:09:00Z
Samsung,Galaxy Note LTE 10.1 N8020,samsung_galaxy_note_lte_10_1_n8020-5151.php,2026-09-19T20:09:00Z
Samsung,A997 Rugby III,samsung_a997_rugby_iii-5146.php,2026-09-19T20:09:00Z
Samsung,Galaxy Axiom R830,samsung_galaxy_axiom_r830-5144.php,2026-09-19T20:09:00Z
Samsung,Galaxy Stratosphere II I415,samsung_galaxy_stratosphere_ii_i415-5124.php,2026-09-19T20:09:00Z
Samsung,Galaxy Discover S730M,samsung_galaxy_discover_s730m-5111.php,2026-09-19T20:09:00Z
Samsung,Galaxy Pop SHV-E220,samsung_galaxy_pop_shv_e220-5272.php,2026-09-19T20:09:00Z
Samsung,Galaxy Premier I9260,samsung_galaxy_premier_i9260-5047.php,2026-09-19T20:09:00Z
Samsung,Google Nexus 10 P8110,samsung_google_nexus_10_p8110-5084.php,2026-09-19T20:09:00Z
Samsung,Ativ Tab P8510,samsung_ativ_tab_p8510-5081.php,2026-09-19T20:09:00Z
Samsung,Comment 2 R390C,samsung_comment_2_r390c-5079.php,2026-09-19T20:09:00Z
Samsung,I8190 Galaxy S III mini,samsung_i8190_galaxy_s_iii_mini-5033.php,2026-09-19T20:09:00Z
Samsung,Galaxy Music Duos S6012,samsung_galaxy_music_duos_s6012-5027.php,2026-09-19T20:09:00Z
Samsung,Galaxy Music S6010,samsung_galaxy_music_s6010-5026.php,2026-09-19T20:09:00Z
Samsung,Galaxy Rugby Pro I547,samsung_galaxy_rugby_pro_i547-5019.php,2026-09-19T20:09:00Z
Samsung,Galaxy Express I437,samsung_galaxy_express_i437-5018.php,2026-09-19T20:09:00Z
Samsung,I9305 Galaxy S III,samsung_i9305_galaxy_s_iii-5001.php,2026-09-19T20:09:00Z
Samsung,Galaxy Victory 4G LTE L300,samsung_galaxy_victory_4g_lte_l300-4992.php,2026-09-19T20:09:00Z
Samsung,Champ Neo Duos C3262,samsung_champ_neo_duos_c3262-4999.php,2026-09-19T20:09:00Z
Samsung,Galaxy S Relay 4G T699,samsung_galaxy_s_relay_4g_t699-4914.php,2026-09-19T20:09:00Z
Samsung,Galaxy Pocket Duos S5302,samsung_galaxy_pocket_duos_s5302-4965.php,2026-09-19T20:09:00Z
Samsung,Galaxy Note II N7100,samsung_galaxy_note_ii_n7100-4854.php,2026-09-19T20:09:00Z
Samsung,Galaxy Note II CDMA,samsung_galaxy_note_ii_cdma-5152.php,2026-09-19T20:09:00Z
Samsung,Ativ S I8750,samsung_ativ_s_i8750-4960.php,2026-09-19T20:09:00Z
Samsung,Galaxy Camera GC100,samsung_galaxy_camera_gc100-4961.php,2026-09-19T20:09:00Z
Samsung,Galaxy Rush M830,samsung_galaxy_rush_m830-4957.php,2026-09-19T20:09:00Z
Samsung,Galaxy Stellar 4G I200,samsung_galaxy_stellar_4g_i200-4954.php,2026-09-19T20:09:00Z
Samsung,Galaxy Reverb M950,samsung_galaxy_reverb_m950-4953.php,2026-09-19T20:09:00Z
Samsung,Galaxy Tab 2 7.0 I705,samsung_galaxy_tab_2_7_0_i705-4923.php,2026-09-19T20:09:00Z
Samsung,Galaxy Note 10.1 N8000,samsung_galaxy_note_10_1_n8000-4573.php,2026-09-19T20:09:00Z
Samsung,Galaxy Note 10.1 N8010,samsung_galaxy_note_10_1_n8010-4670.php,2026-09-19T20:09:00Z
Samsung,Array M390,samsung_array_m390-4909.php,2026-09-19T20:09:00Z
Samsung,Galaxy S Lightray 4G R940,samsung_galaxy_s_lightray_4g_r940-4900.php,2026-09-19T20:09:00Z
Samsung,Galaxy S Duos S7562,samsung_galaxy_s_duos_s7562-4883.php,2026-09-19T20:09:00Z
Samsung,Manhattan E3300,samsung_manhattan_e3300-5342.php,2026-09-19T20:09:00Z
Samsung,E1260B,samsung_e1260b-5311.php,2026-09-19T20:09:07Z
Samsung,E1200 Pusha,samsung_e1200_pusha-4919.php,2026-09-19T20:09:07Z
Samsung,E2252,samsung_e2252-4870.php,2026-09-19T20:09:07Z
Samsung,Galaxy Chat B5330,samsung_galaxy_chat_b5330-4866.php,2026-09-19T20:09:07Z
Samsung,U485 Intensity III,samsung_u485_intensity_iii-4865.php,2026-09-19T20:09:07Z
Samsung,Galaxy I8250,samsung_galaxy_i8250-4857.php,2026-09-19T20:09:07Z
Samsung,Galaxy Ace Advance S6800,samsung_galaxy_ace_advance_s6800-5114.php,2026-09-19T20:09:07Z
Samsung,Galaxy Ace Duos S6802,samsung_galaxy_ace_duos_s6802-4777.php,2026-09-19T20:09:07Z
Samsung,Galaxy Appeal I827,samsung_galaxy_appeal_i827-4771.php,2026-09-19T20:09:07Z
Samsung,Galaxy Tab 8.9 4G P7320T,samsung_galaxy_tab_8_9_4g_p7320t-4769.php,2026-09-19T20:09:07Z
Samsung,C3780,samsung_c3780-4851.php,2026-09-19T20:09:07Z
Samsung,C3782 Evan,samsung_c3782_evan-4753.php,2026-09-19T20:09:07Z
Samsung,Galaxy Proclaim S720C,samsung_galaxy_proclaim_s720c-4754.php,2026-09-19T20:09:07Z
Samsung,I9500 Fraser,samsung_i9500_fraser-4752.php,2026-09-19T20:09:07Z
Samsung,Omnia M S7530,samsung_omnia_m_s7530-4750.php,2026-09-19T20:09:07Z
Samsung,Focus 2 I667,samsung_focus_2_i667-4745.php,2026-09-19T20:09:07Z
Samsung,Galaxy S III T999,samsung_galaxy_s_iii_t999-4804.php,2026-09-19T20:09:07Z
Samsung,Galaxy S III I747,samsung_galaxy_s_iii_i747-4803.php,2026-09-19T20:09:07Z
Samsung,Galaxy S III CDMA,samsung_galaxy_s_iii_cdma-4799.php,2026-09-19T20:09:07Z
Samsung,I9300 Galaxy S III,samsung_i9300_galaxy_s_iii-4238.php,2026-09-19T20:09:07Z
Samsung,E2350B,samsung_e2350b-5343.php,2026-09-19T20:09:07Z
Samsung,U380 Brightside,samsung_u380_brightside-4641.php,2026-09-19T20:09:07Z
Samsung,Galaxy Player 70 Plus,samsung_galaxy_player_70_plus-4633.php,2026-09-19T20:09:07Z
Samsung,Galaxy Pocket plus S5301,samsung_galaxy_pocket_plus_s5301-5461.php,2026-09-19T20:09:07Z
Samsung,Galaxy Pocket S5300,samsung_galaxy_pocket_s5300-4612.php,2026-09-19T20:09:07Z
Samsung,I8530 Galaxy Beam,samsung_i8530_galaxy_beam-4566.php,2026-09-19T20:09:07Z
Samsung,Galaxy Tab 2 10.1 CDMA,samsung_galaxy_tab_2_10_1_cdma-5592.php,2026-09-19T20:09:07Z
Samsung,Galaxy Tab 2 10.1 P5110,samsung_galaxy_tab_2_10_1_p5110-4669.php,2026-09-19T20:09:07Z
Samsung,Galaxy Tab 2 10.1 P5100,samsung_galaxy_tab_2_10_1_p5100-4567.php,2026-09-19T20:09:07Z
Samsung,Rugby Smart I847,samsung_rugby_smart_i847-4564.php,2026-09-19T20:09:07Z
Samsung,W999,samsung_w999-4660.php,2026-09-19T20:09:07Z
Samsung,Galaxy Ace II X S7560M,samsung_galaxy_ace_ii_x_s7560m-5340.php,2026-09-19T20:09:07Z
Samsung,Galaxy Ace 2 I8160,samsung_galaxy_ace_2_i8160-4559.php,2026-09-19T20:09:07Z
Samsung,Galaxy mini 2 S6500,samsung_galaxy_mini_2_s6500-3883.php,2026-09-19T20:09:07Z
Samsung,Galaxy Ace Duos I589,samsung_galaxy_ace_duos_i589-4548.php,2026-09-19T20:09:07Z
Samsung,Galaxy Pop Plus S5570i,samsung_galaxy_pop_plus_s5570i-4544.php,2026-09-19T20:09:07Z
Samsung,Galaxy Tab 2 7.0 P3110,samsung_galaxy_tab_2_7_0_p3110-4671.php,2026-09-19T20:09:07Z
Samsung,Galaxy Tab 2 7.0 P3100,samsung_galaxy_tab_2_7_0_p3100-4543.php,2026-09-19T20:09:07Z
Samsung,I9070 Galaxy S Advance,samsung_i9070_galaxy_s_advance-4469.php,2026-09-19T20:09:07Z
Samsung,C3312 Duos,samsung_c3312_duos-4403.php,2026-09-19T20:09:07Z
Samsung,Star 3 s5220,samsung_star_3_s5220-4448.php,2026-09-19T20:09:07Z
Samsung,Star 3 Duos S5222,samsung_star_3_duos_s5222-4447.php,2026-09-19T20:09:07Z
Samsung,Galaxy Nexus I9250M,samsung_galaxy_nexus_i9250m-4432.php,2026-09-19T20:09:07Z
Samsung,Galaxy Attain 4G,samsung_galaxy_attain_4g-4431.php,2026-09-19T20:09:07Z
Samsung,Galaxy S Blaze 4G T769,samsung_galaxy_s_blaze_4g_t769-4420.php,2026-09-19T20:09:07Z
Samsung,Galaxy Tab 7.7 LTE I815,samsung_galaxy_tab_7_7_lte_i815-4419.php,2026-09-19T20:09:07Z
Samsung,Galaxy Nexus LTE L700,samsung_galaxy_nexus_lte_l700-4406.php,2026-09-19T20:09:07Z
Samsung,Exhilarate i577,samsung_exhilarate_i577-4415.php,2026-09-19T20:09:07Z
Samsung,Galaxy S II Skyrocket HD I757,samsung_galaxy_s_ii_skyrocket_hd_i757-4414.php,2026-09-19T20:09:07Z
Samsung,Galaxy Note I717,samsung_galaxy_note_i717-4374.php,2026-09-19T20:09:14Z
Samsung,Galaxy M Style M340S,samsung_galaxy_m_style_m340s-4401.php,2026-09-19T20:09:14Z
Samsung,Galaxy Ace Plus S7500,samsung_galaxy_ace_plus_s7500-4397.php,2026-09-19T20:09:14Z
Samsung,I929 Galaxy S II Duos,samsung_i929_galaxy_s_ii_duos-4387.php,2026-09-19T20:09:14Z
Samsung,Galaxy Y Duos S6102,samsung_galaxy_y_duos_s6102-4385.php,2026-09-19T20:09:14Z
Samsung,Galaxy Y Pro Duos B5512,samsung_galaxy_y_pro_duos_b5512-4371.php,2026-09-19T20:09:14Z
Samsung,E2600,samsung_e2600-4380.php,2026-09-19T20:09:14Z
Samsung,M370,samsung_m370-4405.php,2026-09-19T20:09:14Z
Samsung,R680 Repp,samsung_r680_repp-4350.php,2026-09-19T20:09:14Z
Samsung,I110 Illusion,samsung_i110_illusion-4344.php,2026-09-19T20:09:14Z
Samsung,E1050,samsung_e1050-5556.php,2026-09-19T20:09:14Z
Samsung,E1232B,samsung_e1232b-4337.php,2026-09-19T20:09:14Z
Samsung,E1230,samsung_e1230-4336.php,2026-09-19T20:09:14Z
Samsung,Focus S I937,samsung_focus_s_i937-4158.php,2026-09-19T20:09:14Z
Samsung,Focus Flash I677,samsung_focus_flash_i677-4159.php,2026-09-19T20:09:14Z
Samsung,Galaxy S II Skyrocket i727,samsung_galaxy_s_ii_skyrocket_i727-4303.php,2026-09-19T20:09:14Z
Samsung,C3330 Champ 2,samsung_c3330_champ_2-4217.php,2026-09-19T20:09:14Z
Samsung,Exhibit II 4G T679,samsung_exhibit_ii_4g_t679-4277.php,2026-09-19T20:09:14Z
Samsung,C3350,samsung_c3350-4271.php,2026-09-19T20:09:14Z
Samsung,C3520,samsung_c3520-4218.php,2026-09-19T20:09:14Z
Samsung,Galaxy Nexus i515,samsung_galaxy_nexus_i515-4301.php,2026-09-19T20:09:14Z
Samsung,Galaxy Nexus I9250,samsung_galaxy_nexus_i9250-4219.php,2026-09-19T20:09:14Z
Samsung,I9100G Galaxy S II,samsung_i9100g_galaxy_s_ii-4327.php,2026-09-19T20:09:14Z
Samsung,I405 Stratosphere,samsung_i405_stratosphere-4262.php,2026-09-19T20:09:14Z
Samsung,R730 Transfix,samsung_r730_transfix-4284.php,2026-09-19T20:09:14Z
Samsung,i927 Captivate Glide,samsung_i927_captivate_glide-4071.php,2026-09-19T20:09:14Z
Samsung,DoubleTime I857,samsung_doubletime_i857-4239.php,2026-09-19T20:09:14Z
Samsung,M930 Transform Ultra,samsung_m930_transform_ultra-4270.php,2026-09-19T20:09:14Z
Samsung,P6210 Galaxy Tab 7.0 Plus,samsung_p6210_galaxy_tab_7_0_plus-4667.php,2026-09-19T20:09:14Z
Samsung,P6200 Galaxy Tab 7.0 Plus,samsung_p6200_galaxy_tab_7_0_plus-4208.php,2026-09-19T20:09:14Z
Samsung,Omnia W I8350,samsung_omnia_w_i8350-4200.php,2026-09-19T20:09:14Z
Samsung,Galaxy S II HD LTE,samsung_galaxy_s_ii_hd_lte-4198.php,2026-09-19T20:09:14Z
Samsung,P6810 Galaxy Tab 7.7,samsung_p6810_galaxy_tab_7_7-4668.php,2026-09-19T20:09:14Z
Samsung,P6800 Galaxy Tab 7.7,samsung_p6800_galaxy_tab_7_7-4136.php,2026-09-19T20:09:14Z
Samsung,Galaxy Note N7000,samsung_galaxy_note_n7000-4135.php,2026-09-19T20:09:14Z
Samsung,Galaxy S II I777,samsung_galaxy_s_ii_i777-4130.php,2026-09-19T20:09:14Z
Samsung,Galaxy S II X T989D,samsung_galaxy_s_ii_x_t989d-4468.php,2026-09-19T20:09:14Z
Samsung,Galaxy S II T989,samsung_galaxy_s_ii_t989-4129.php,2026-09-19T20:09:14Z
Samsung,Galaxy S II Epic 4G Touch,samsung_galaxy_s_ii_epic_4g_touch-3956.php,2026-09-19T20:09:14Z
Samsung,S8600 Wave 3,samsung_s8600_wave_3-4126.php,2026-09-19T20:09:14Z
Samsung,Wave M S7250,samsung_wave_m_s7250-4054.php,2026-09-19T20:09:14Z
Samsung,Wave Y S5380,samsung_wave_y_s5380-4127.php,2026-09-19T20:09:14Z
Samsung,Galaxy S II LTE i727R,samsung_galaxy_s_ii_lte_i727r-4376.php,2026-09-19T20:09:14Z
Samsung,Galaxy S II LTE I9210,samsung_galaxy_s_ii_lte_i9210-4124.php,2026-09-19T20:09:14Z
Samsung,Galaxy Tab 8.9 LTE I957,samsung_galaxy_tab_8_9_lte_i957-4125.php,2026-09-19T20:09:14Z
Samsung,Galaxy W I8150,samsung_galaxy_w_i8150-4114.php,2026-09-19T20:09:14Z
Samsung,Galaxy M Pro B7800,samsung_galaxy_m_pro_b7800-4115.php,2026-09-19T20:09:14Z
Samsung,Galaxy Y Pro B5510,samsung_galaxy_y_pro_b5510-4116.php,2026-09-19T20:09:14Z
Samsung,Galaxy Y S5360,samsung_galaxy_y_s5360-4117.php,2026-09-19T20:09:21Z
Samsung,Gravity TXT T379,samsung_gravity_txt_t379-4123.php,2026-09-19T20:09:21Z
Samsung,Galaxy Q T589R,samsung_galaxy_q_t589r-3437.php,2026-09-19T20:09:21Z
Samsung,S5610,samsung_s5610-4191.php,2026-09-19T20:09:21Z
Samsung,S3770,samsung_s3770-4100.php,2026-09-19T20:09:21Z
Samsung,S5690 Galaxy Xcover,samsung_s5690_galaxy_xcover-4091.php,2026-09-19T20:09:21Z
Samsung,Galaxy S II 4G I9100M,samsung_galaxy_s_ii_4g_i9100m-4059.php,2026-09-19T20:09:21Z
Samsung,I9103 Galaxy R,samsung_i9103_galaxy_r-3967.php,2026-09-19T20:09:21Z
Samsung,R720 Admire,samsung_r720_admire-4269.php,2026-09-19T20:09:21Z
Samsung,Convoy 2,samsung_convoy_2-4283.php,2026-09-19T20:09:21Z
Samsung,Conquer 4G,samsung_conquer_4g-4026.php,2026-09-19T20:09:21Z
Samsung,R640 Character,samsung_r640_character-4058.php,2026-09-19T20:09:21Z
Samsung,R380 Freeform III,samsung_r380_freeform_iii-4039.php,2026-09-19T20:09:21Z
Samsung,Trender,samsung_trender-3991.php,2026-09-19T20:09:21Z
Samsung,Gravity SMART,samsung_gravity_smart-3969.php,2026-09-19T20:09:21Z
Samsung,Exhibit 4G,samsung_exhibit_4g-3968.php,2026-09-19T20:09:21Z
Samsung,E1195,samsung_e1195-4274.php,2026-09-19T20:09:21Z
Samsung,C414,samsung_c414-4056.php,2026-09-19T20:09:21Z
Samsung,E1190,samsung_e1190-4034.php,2026-09-19T20:09:21Z
Samsung,C3560,samsung_c3560-4093.php,2026-09-19T20:09:21Z
Samsung,Dart T499,samsung_dart_t499-4055.php,2026-09-19T20:09:21Z
Samsung,C3322,samsung_c3322-3941.php,2026-09-19T20:09:21Z
Samsung,R260 Chrono,samsung_r260_chrono-3992.php,2026-09-19T20:09:21Z
Samsung,E2232,samsung_e2232-3940.php,2026-09-19T20:09:21Z
Samsung,E1182,samsung_e1182-3939.php,2026-09-19T20:09:21Z
Samsung,I9001 Galaxy S Plus,samsung_i9001_galaxy_s_plus-3908.php,2026-09-19T20:09:21Z
Samsung,DuosTV I6712,samsung_duostv_i6712-3986.php,2026-09-19T20:09:21Z
Samsung,C6712 Star II DUOS,samsung_c6712_star_ii_duos-3921.php,2026-09-19T20:09:21Z
Samsung,M580 Replenish,samsung_m580_replenish-3927.php,2026-09-19T20:09:21Z
Samsung,Galaxy Prevail,samsung_galaxy_prevail-3916.php,2026-09-19T20:09:21Z
Samsung,M220L Galaxy Neo,samsung_m220l_galaxy_neo-3913.php,2026-09-19T20:09:21Z
Samsung,Google Nexus S I9020A,samsung_google_nexus_s_i9020a-3920.php,2026-09-19T20:09:21Z
Samsung,Google Nexus S I9023,samsung_google_nexus_s_i9023-3910.php,2026-09-19T20:09:21Z
Samsung,E2230,samsung_e2230-3904.php,2026-09-19T20:09:21Z
Samsung,P1010 Galaxy Tab Wi-Fi,samsung_p1010_galaxy_tab_wi_fi-3919.php,2026-09-19T20:09:21Z
Samsung,P7500 Galaxy Tab 10.1 3G,samsung_p7500_galaxy_tab_10_1_3g-3892.php,2026-09-19T20:09:21Z
Samsung,Galaxy Tab 10.1 LTE I905,samsung_galaxy_tab_10_1_lte_i905-4069.php,2026-09-19T20:09:21Z
Samsung,Galaxy Tab 10.1 P7510,samsung_galaxy_tab_10_1_p7510-3894.php,2026-09-19T20:09:21Z
Samsung,Galaxy Tab 8.9 P7300,samsung_galaxy_tab_8_9_p7300-3891.php,2026-09-19T20:09:21Z
Samsung,Galaxy Tab 8.9 P7310,samsung_galaxy_tab_8_9_p7310-3893.php,2026-09-19T20:09:21Z
Samsung,Google Nexus S 4G,samsung_google_nexus_s_4g-3884.php,2026-09-19T20:09:21Z
Samsung,M260 Factor,samsung_m260_factor-3878.php,2026-09-19T20:09:21Z
Samsung,S3850 Corby II,samsung_s3850_corby_ii-3765.php,2026-09-19T20:09:21Z
Samsung,Galaxy Pro B7510,samsung_galaxy_pro_b7510-3850.php,2026-09-19T20:09:21Z
Samsung,I9100 Galaxy S II,samsung_i9100_galaxy_s_ii-3621.php,2026-09-19T20:09:21Z
Samsung,E2652W Champ Duos,samsung_e2652w_champ_duos-3844.php,2026-09-19T20:09:21Z
Samsung,E2652 Champ Duos,samsung_e2652_champ_duos-3845.php,2026-09-19T20:09:21Z
Samsung,P7100 Galaxy Tab 10.1v,samsung_p7100_galaxy_tab_10_1v-3831.php,2026-09-19T20:09:30Z
Samsung,S5780 Wave 578,samsung_s5780_wave_578-3778.php,2026-09-19T20:09:30Z
Samsung,E3213 Hero,samsung_e3213_hero-4030.php,2026-09-19T20:09:30Z
Samsung,E3210,samsung_e3210-3766.php,2026-09-19T20:09:30Z
Samsung,E2330,samsung_e2330-3836.php,2026-09-19T20:09:30Z
Samsung,I9003 Galaxy SL,samsung_i9003_galaxy_sl-3761.php,2026-09-19T20:09:30Z
Samsung,Galaxy Ace S5830I,samsung_galaxy_ace_s5830i-4664.php,2026-09-19T20:09:30Z
Samsung,Galaxy Ace S5830,samsung_galaxy_ace_s5830-3724.php,2026-09-19T20:09:30Z
Samsung,Galaxy Fit S5670,samsung_galaxy_fit_s5670-3726.php,2026-09-19T20:09:30Z
Samsung,Galaxy Gio S5660,samsung_galaxy_gio_s5660-3741.php,2026-09-19T20:09:30Z
Samsung,Galaxy Mini S5570,samsung_galaxy_mini_s5570-3725.php,2026-09-19T20:09:30Z
Samsung,Galaxy Pop i559,samsung_galaxy_pop_i559-3879.php,2026-09-19T20:09:30Z
Samsung,Galaxy S 4G T959,samsung_galaxy_s_4g_t959-3719.php,2026-09-19T20:09:30Z
Samsung,S5260 Star II,samsung_s5260_star_ii-3718.php,2026-09-19T20:09:30Z
Samsung,I997 Infuse 4G,samsung_i997_infuse_4g-3705.php,2026-09-19T20:09:30Z
Samsung,R910 Galaxy Indulge,samsung_r910_galaxy_indulge-3774.php,2026-09-19T20:09:30Z
Samsung,Droid Charge I510,samsung_droid_charge_i510-3733.php,2026-09-19T20:09:30Z
Samsung,Google Nexus S,samsung_google_nexus_s-3620.php,2026-09-19T20:09:30Z
Samsung,M190S Galaxy S Hoppin,samsung_m190s_galaxy_s_hoppin-3736.php,2026-09-19T20:09:30Z
Samsung,C3630,samsung_c3630-3767.php,2026-09-19T20:09:30Z
Samsung,C3530,samsung_c3530-3668.php,2026-09-19T20:09:30Z
Samsung,I9010 Galaxy S Giorgio Armani,samsung_i9010_galaxy_s_giorgio_armani-3625.php,2026-09-19T20:09:30Z
Samsung,A817 Solstice II,samsung_a817_solstice_ii-3617.php,2026-09-19T20:09:30Z
Samsung,A667 Evergreen,samsung_a667_evergreen-3616.php,2026-09-19T20:09:30Z
Samsung,E2530,samsung_e2530-3665.php,2026-09-19T20:09:30Z
Samsung,I100 Gem,samsung_i100_gem-3738.php,2026-09-19T20:09:30Z
Samsung,R710 Suede,samsung_r710_suede-3753.php,2026-09-19T20:09:30Z
Samsung,U750 Zeal,samsung_u750_zeal-3618.php,2026-09-19T20:09:30Z
Samsung,Continuum I400,samsung_continuum_i400-3615.php,2026-09-19T20:09:30Z
Samsung,E1252,samsung_e1252-3586.php,2026-09-19T20:09:30Z
Samsung,Breeze B209,samsung_breeze_b209-3742.php,2026-09-19T20:09:30Z
Samsung,Hero Plus B159,samsung_hero_plus_b159-3743.php,2026-09-19T20:09:30Z
Samsung,W169 Duos,samsung_w169_duos-3744.php,2026-09-19T20:09:30Z
Samsung,Mpower Muzik 219,samsung_mpower_muzik_219-3745.php,2026-09-19T20:09:30Z
Samsung,Mpower Txt M369,samsung_mpower_txt_m369-3746.php,2026-09-19T20:09:30Z
Samsung,Mpower TV S239,samsung_mpower_tv_s239-3747.php,2026-09-19T20:09:30Z
Samsung,E1225 Dual Sim Shift,samsung_e1225_dual_sim_shift-3748.php,2026-09-19T20:09:30Z
Samsung,Guru E1081T,samsung_guru_e1081t-3749.php,2026-09-19T20:09:30Z
Samsung,Focus,samsung_focus-3453.php,2026-09-19T20:09:30Z
Samsung,I8700 Omnia 7,samsung_i8700_omnia_7-3537.php,2026-09-19T20:09:30Z
Samsung,S5750 Wave575,samsung_s5750_wave575-3547.php,2026-09-19T20:09:30Z
Samsung,S8530 Wave II,samsung_s8530_wave_ii-3536.php,2026-09-19T20:09:30Z
Samsung,M210S Wave2,samsung_m210s_wave2-3768.php,2026-09-19T20:09:30Z
Samsung,Galaxy Tab T-Mobile T849,samsung_galaxy_tab_t_mobile_t849-3672.php,2026-09-19T20:09:30Z
Samsung,P1000 Galaxy Tab,samsung_p1000_galaxy_tab-3370.php,2026-09-19T20:09:30Z
Samsung,Galaxy Tab 4G LTE,samsung_galaxy_tab_4g_lte-3769.php,2026-09-19T20:09:37Z
Samsung,T249,samsung_t249-3582.php,2026-09-19T20:09:37Z
Samsung,R580 Profile,samsung_r580_profile-3671.php,2026-09-19T20:09:37Z
Samsung,R570 Messenger III,samsung_r570_messenger_iii-3614.php,2026-09-19T20:09:37Z
Samsung,I909 Galaxy S,samsung_i909_galaxy_s-3487.php,2026-09-19T20:09:37Z
Samsung,A200K Nori F,samsung_a200k_nori_f-3752.php,2026-09-19T20:09:37Z
Samsung,A220 F Nori,samsung_a220_f_nori-3750.php,2026-09-19T20:09:37Z
Samsung,M130K Galaxy K,samsung_m130k_galaxy_k-3584.php,2026-09-19T20:09:37Z
Samsung,Mesmerize i500,samsung_mesmerize_i500-3580.php,2026-09-19T20:09:37Z
Samsung,M920 Transform,samsung_m920_transform-3581.php,2026-09-19T20:09:37Z
Samsung,R360 Freeform II,samsung_r360_freeform_ii-3579.php,2026-09-19T20:09:37Z
Samsung,Galaxy 551,samsung_galaxy_551-3515.php,2026-09-19T20:09:37Z
Samsung,R900 Craft,samsung_r900_craft-3531.php,2026-09-19T20:09:37Z
Samsung,Xcover 271,samsung_xcover_271-3415.php,2026-09-19T20:09:37Z
Samsung,C3752,samsung_c3752-4638.php,2026-09-19T20:09:37Z
Samsung,C3750,samsung_c3750-4087.php,2026-09-19T20:09:37Z
Samsung,S7230E Wave 723,samsung_s7230e_wave_723-3493.php,2026-09-19T20:09:37Z
Samsung,M130L Galaxy U,samsung_m130l_galaxy_u-3490.php,2026-09-19T20:09:37Z
Samsung,E2152,samsung_e2152-3448.php,2026-09-19T20:09:37Z
Samsung,S5530,samsung_s5530-3368.php,2026-09-19T20:09:37Z
Samsung,U360 Gusto,samsung_u360_gusto-3482.php,2026-09-19T20:09:37Z
Samsung,Fascinate,samsung_fascinate-3492.php,2026-09-19T20:09:37Z
Samsung,Vibrant,samsung_vibrant-3416.php,2026-09-19T20:09:37Z
Samsung,A927 Flight II,samsung_a927_flight_ii-3467.php,2026-09-19T20:09:37Z
Samsung,T669 Gravity T,samsung_t669_gravity_t-3336.php,2026-09-19T20:09:37Z
Samsung,T479 Gravity 3,samsung_t479_gravity_3-3335.php,2026-09-19T20:09:37Z
Samsung,C5010 Squash,samsung_c5010_squash-3333.php,2026-09-19T20:09:37Z
Samsung,i897 Captivate,samsung_i897_captivate-3408.php,2026-09-19T20:09:37Z
Samsung,B7350 Omnia PRO 4,samsung_b7350_omnia_pro_4-3401.php,2026-09-19T20:09:37Z
Samsung,B6520 Omnia PRO 5,samsung_b6520_omnia_pro_5-3402.php,2026-09-19T20:09:37Z
Samsung,U320 Haven,samsung_u320_haven-3433.php,2026-09-19T20:09:37Z
Samsung,U460 Intensity II,samsung_u460_intensity_ii-3450.php,2026-09-19T20:09:37Z
Samsung,M350 Seek,samsung_m350_seek-3434.php,2026-09-19T20:09:37Z
Samsung,Epic 4G,samsung_epic_4g-3410.php,2026-09-19T20:09:37Z
Samsung,Acclaim,samsung_acclaim-3430.php,2026-09-19T20:09:37Z
Samsung,Intercept,samsung_intercept-3429.php,2026-09-19T20:09:37Z
Samsung,R360 Messenger Touch,samsung_r360_messenger_touch-3435.php,2026-09-19T20:09:37Z
Samsung,i225 Exec,samsung_i225_exec-3436.php,2026-09-19T20:09:37Z
Samsung,M570 Restore,samsung_m570_restore-3438.php,2026-09-19T20:09:37Z
Samsung,R351 Freeform,samsung_r351_freeform-3439.php,2026-09-19T20:09:37Z
Samsung,T369,samsung_t369-3928.php,2026-09-19T20:09:37Z
Samsung,S5330 Wave533,samsung_s5330_wave533-3399.php,2026-09-19T20:09:37Z
Samsung,S5250 Wave525,samsung_s5250_wave525-3400.php,2026-09-19T20:09:37Z
Samsung,I5500 Galaxy 5,samsung_i5500_galaxy_5-3371.php,2026-09-19T20:09:37Z
Samsung,I5801 Galaxy Apollo,samsung_i5801_galaxy_apollo-3432.php,2026-09-19T20:09:37Z
Samsung,I5800 Galaxy 3,samsung_i5800_galaxy_3-3395.php,2026-09-19T20:09:37Z
Samsung,B7722,samsung_b7722-3362.php,2026-09-19T20:09:37Z
Samsung,A847 Rugby II,samsung_a847_rugby_ii-3355.php,2026-09-19T20:09:37Z
Samsung,W960 AMOLED 3D,samsung_w960_amoled_3d-3319.php,2026-09-19T20:09:44Z
Samsung,M110S Galaxy S,samsung_m110s_galaxy_s-3418.php,2026-09-19T20:09:44Z
Samsung,Galaxy A,samsung_galaxy_a-3294.php,2026-09-19T20:09:44Z
Samsung,I9000 Galaxy S,samsung_i9000_galaxy_s-3115.php,2026-09-19T20:09:44Z
Samsung,S3370,samsung_s3370-3234.php,2026-09-19T20:09:44Z
Samsung,I6500U Galaxy,samsung_i6500u_galaxy-3002.php,2026-09-19T20:09:44Z
Samsung,E1170,samsung_e1170-3332.php,2026-09-19T20:09:44Z
Samsung,Metro TV,samsung_metro_tv-3273.php,2026-09-19T20:09:44Z
Samsung,Corby TV F339,samsung_corby_tv_f339-3272.php,2026-09-19T20:09:44Z
Samsung,S3650W Corby,samsung_s3650w_corby-3047.php,2026-09-19T20:09:44Z
Samsung,W9705,samsung_w9705-3243.php,2026-09-19T20:09:44Z
Samsung,A687 Strive,samsung_a687_strive-3232.php,2026-09-19T20:09:44Z
Samsung,A697 Sunburst,samsung_a697_sunburst-3231.php,2026-09-19T20:09:44Z
Samsung,S8500 Wave,samsung_s8500_wave-3146.php,2026-09-19T20:09:44Z
Samsung,I8520 Galaxy Beam,samsung_i8520_galaxy_beam-3150.php,2026-09-19T20:09:44Z
Samsung,M3710 Corby Beat,samsung_m3710_corby_beat-3091.php,2026-09-19T20:09:44Z
Samsung,E2370 Xcover,samsung_e2370_xcover-3152.php,2026-09-19T20:09:44Z
Samsung,E2550 Monte Slider,samsung_e2550_monte_slider-3148.php,2026-09-19T20:09:44Z
Samsung,C3200 Monte Bar,samsung_c3200_monte_bar-3149.php,2026-09-19T20:09:44Z
Samsung,S5620 Monte,samsung_s5620_monte-3117.php,2026-09-19T20:09:44Z
Samsung,S5550 Shark 2,samsung_s5550_shark_2-3074.php,2026-09-19T20:09:44Z
Samsung,S3550 Shark 3,samsung_s3550_shark_3-3085.php,2026-09-19T20:09:44Z
Samsung,E1150,samsung_e1150-3194.php,2026-09-19T20:09:44Z
Samsung,S5350 Shark,samsung_s5350_shark-3086.php,2026-09-19T20:09:44Z
Samsung,C6112,samsung_c6112-3018.php,2026-09-19T20:09:44Z
Samsung,M2520 Beat Techno,samsung_m2520_beat_techno-3084.php,2026-09-19T20:09:44Z
Samsung,C3510 Genoa,samsung_c3510_genoa-3068.php,2026-09-19T20:09:44Z
Samsung,M5650 Lindy,samsung_m5650_lindy-3049.php,2026-09-19T20:09:44Z
Samsung,S7070 Diva,samsung_s7070_diva-3030.php,2026-09-19T20:09:44Z
Samsung,C3730C,samsung_c3730c-3048.php,2026-09-19T20:09:44Z
Samsung,S5150 Diva folder,samsung_s5150_diva_folder-3031.php,2026-09-19T20:09:44Z
Samsung,C5130,samsung_c5130-2994.php,2026-09-19T20:09:44Z
Samsung,B5722,samsung_b5722-3017.php,2026-09-19T20:09:44Z
Samsung,M3310L,samsung_m3310l-3347.php,2026-09-19T20:09:44Z
Samsung,M3310,samsung_m3310-3016.php,2026-09-19T20:09:44Z
Samsung,A897 Mythic,samsung_a897_mythic-2996.php,2026-09-19T20:09:44Z
Samsung,S5500 Eco,samsung_s5500_eco-2995.php,2026-09-19T20:09:44Z
Samsung,T139,samsung_t139-3123.php,2026-09-19T20:09:44Z
Samsung,A797 Flight,samsung_a797_flight-3011.php,2026-09-19T20:09:44Z
Samsung,B3410,samsung_b3410-2993.php,2026-09-19T20:09:44Z
Samsung,A886 Forever,samsung_a886_forever-3088.php,2026-09-19T20:09:44Z
Samsung,S5560 Marvel,samsung_s5560_marvel-2989.php,2026-09-19T20:09:44Z
Samsung,S5630C,samsung_s5630c-3003.php,2026-09-19T20:09:44Z
Samsung,I5700 Galaxy Spica,samsung_i5700_galaxy_spica-2965.php,2026-09-19T20:09:44Z
Samsung,E1390,samsung_e1390-2979.php,2026-09-19T20:09:44Z
Samsung,E1160,samsung_e1160-2978.php,2026-09-19T20:09:44Z
Samsung,E2130,samsung_e2130-2992.php,2026-09-19T20:09:44Z
Samsung,T401G,samsung_t401g-2975.php,2026-09-19T20:09:50Z
Samsung,B7620 Giorgio Armani,samsung_b7620_giorgio_armani-2966.php,2026-09-19T20:09:50Z
Samsung,T939 Behold 2,samsung_t939_behold_2-2955.php,2026-09-19T20:09:50Z
Samsung,W880 AMOLED 12M,samsung_w880_amoled_12m-2948.php,2026-09-19T20:09:50Z
Samsung,Vodafone 360 H1,samsung_vodafone_360_h1-2954.php,2026-09-19T20:09:50Z
Samsung,Vodafone 360 M1,samsung_vodafone_360_m1-2953.php,2026-09-19T20:09:50Z
Samsung,B5310 CorbyPRO,samsung_b5310_corbypro-2944.php,2026-09-19T20:09:50Z
Samsung,B3210 CorbyTXT,samsung_b3210_corbytxt-2943.php,2026-09-19T20:09:50Z
Samsung,F480i,samsung_f480i-2987.php,2026-09-19T20:09:50Z
Samsung,B7330 OmniaPRO,samsung_b7330_omniapro-2940.php,2026-09-19T20:09:50Z
Samsung,E1085T,samsung_e1085t-2988.php,2026-09-19T20:09:50Z
Samsung,E1080T,samsung_e1080t-2941.php,2026-09-19T20:09:50Z
Samsung,S5510,samsung_s5510-2952.php,2026-09-19T20:09:50Z
Samsung,S5230W Star WiFi,samsung_s5230w_star_wifi-2935.php,2026-09-19T20:09:50Z
Samsung,S7550 Blue Earth,samsung_s7550_blue_earth-2931.php,2026-09-19T20:09:50Z
Samsung,S3650 Corby,samsung_s3650_corby-2908.php,2026-09-19T20:09:50Z
Samsung,T659 Scarlet,samsung_t659_scarlet-2933.php,2026-09-19T20:09:50Z
Samsung,B3310,samsung_b3310-2907.php,2026-09-19T20:09:50Z
Samsung,C3212,samsung_c3212-2902.php,2026-09-19T20:09:50Z
Samsung,U450 DoubleTake,samsung_u450_doubletake-3440.php,2026-09-19T20:09:50Z
Samsung,i220 Code,samsung_i220_code-3441.php,2026-09-19T20:09:50Z
Samsung,R860 Caliber,samsung_r860_caliber-3442.php,2026-09-19T20:09:50Z
Samsung,R520 Trill,samsung_r520_trill-3443.php,2026-09-19T20:09:50Z
Samsung,M900 Moment,samsung_m900_moment-3464.php,2026-09-19T20:09:50Z
Samsung,i350 Intrepid,samsung_i350_intrepid-3465.php,2026-09-19T20:09:50Z
Samsung,M850 Instinct HD,samsung_m850_instinct_hd-3466.php,2026-09-19T20:09:50Z
Samsung,U450 Intensity,samsung_u450_intensity-3471.php,2026-09-19T20:09:50Z
Samsung,U960 Rogue,samsung_u960_rogue-3472.php,2026-09-19T20:09:50Z
Samsung,S3100,samsung_s3100-2901.php,2026-09-19T20:09:50Z
Samsung,A887 Solstice,samsung_a887_solstice-2891.php,2026-09-19T20:09:50Z
Samsung,E2120,samsung_e2120-2900.php,2026-09-19T20:09:50Z
Samsung,S5233T,samsung_s5233t-3235.php,2026-09-19T20:09:50Z
Samsung,I6220 Star TV,samsung_i6220_star_tv-2930.php,2026-09-19T20:09:50Z
Samsung,S9110,samsung_s9110-2885.php,2026-09-19T20:09:50Z
Samsung,T469 Gravity 2,samsung_t469_gravity_2-2884.php,2026-09-19T20:09:50Z
Samsung,T559 Comeback,samsung_t559_comeback-2883.php,2026-09-19T20:09:50Z
Samsung,T746 Impact,samsung_t746_impact-2870.php,2026-09-19T20:09:50Z
Samsung,S5600v Blade,samsung_s5600v_blade-2860.php,2026-09-19T20:09:50Z
Samsung,S6700,samsung_s6700-2855.php,2026-09-19T20:09:50Z
Samsung,C5510,samsung_c5510-2856.php,2026-09-19T20:09:50Z
Samsung,M2510,samsung_m2510-2854.php,2026-09-19T20:09:50Z
Samsung,M2310,samsung_m2310-2853.php,2026-09-19T20:09:50Z
Samsung,W850,samsung_w850-3349.php,2026-09-19T20:09:50Z
Samsung,S8000 Jet,samsung_s8000_jet-2835.php,2026-09-19T20:09:50Z
Samsung,I8000 Omnia II,samsung_i8000_omnia_ii-2836.php,2026-09-19T20:09:50Z
Samsung,B7610 OmniaPRO,samsung_b7610_omniapro-2834.php,2026-09-19T20:09:50Z
Samsung,B7320 OmniaPRO,samsung_b7320_omniapro-2838.php,2026-09-19T20:09:50Z
Samsung,B7300 OmniaLITE,samsung_b7300_omnialite-2837.php,2026-09-19T20:09:50Z
Samsung,M8910 Pixon12,samsung_m8910_pixon12-2813.php,2026-09-19T20:09:50Z
Samsung,M2710 Beat Twist,samsung_m2710_beat_twist-2816.php,2026-09-19T20:09:56Z
Samsung,S5050,samsung_s5050-2808.php,2026-09-19T20:09:56Z
Samsung,T349,samsung_t349-2807.php,2026-09-19T20:09:56Z
Samsung,S5200,samsung_s5200-2806.php,2026-09-19T20:09:56Z
Samsung,i637 Jack,samsung_i637_jack-2798.php,2026-09-19T20:09:56Z
Samsung,S3310,samsung_s3310-2812.php,2026-09-19T20:09:56Z
Samsung,C3060R,samsung_c3060r-2804.php,2026-09-19T20:09:56Z
Samsung,A167,samsung_a167-2799.php,2026-09-19T20:09:56Z
Samsung,A177,samsung_a177-2796.php,2026-09-19T20:09:56Z
Samsung,I7500 Galaxy,samsung_i7500_galaxy-2791.php,2026-09-19T20:09:56Z
Samsung,J165,samsung_j165-2797.php,2026-09-19T20:09:56Z
Samsung,I6210,samsung_i6210-2823.php,2026-09-19T20:09:56Z
Samsung,E1360,samsung_e1360-2784.php,2026-09-19T20:09:56Z
Samsung,E1210,samsung_e1210-2783.php,2026-09-19T20:09:56Z
Samsung,A657,samsung_a657-2781.php,2026-09-19T20:09:56Z
Samsung,A877 Impression,samsung_a877_impression-2760.php,2026-09-19T20:09:56Z
Samsung,A257 Magnet,samsung_a257_magnet-2795.php,2026-09-19T20:09:56Z
Samsung,Propel Pro,samsung_propel_pro-2758.php,2026-09-19T20:09:56Z
Samsung,B2100 Xplorer,samsung_b2100_xplorer-2747.php,2026-09-19T20:09:56Z
Samsung,S5230 Star,samsung_s5230_star-2739.php,2026-09-19T20:09:56Z
Samsung,S5600 Preston,samsung_s5600_preston-2738.php,2026-09-19T20:09:56Z
Samsung,i8910 Omnia HD,samsung_i8910_omnia_hd-2691.php,2026-09-19T20:09:56Z
Samsung,S8300 UltraTOUCH,samsung_s8300_ultratouch-2667.php,2026-09-19T20:09:56Z
Samsung,M7600 Beat DJ,samsung_m7600_beat_dj-2684.php,2026-09-19T20:09:56Z
Samsung,M6710 Beat DISC,samsung_m6710_beat_disc-2692.php,2026-09-19T20:09:56Z
Samsung,S7350 Ultra s,samsung_s7350_ultra_s-2693.php,2026-09-19T20:09:56Z
Samsung,S7220 Ultra b,samsung_s7220_ultra_b-2695.php,2026-09-19T20:09:56Z
Samsung,C5220,samsung_c5220-2749.php,2026-09-19T20:09:56Z
Samsung,S3500,samsung_s3500-2696.php,2026-09-19T20:09:56Z
Samsung,S3110,samsung_s3110-2697.php,2026-09-19T20:09:56Z
Samsung,P250,samsung_p250-2782.php,2026-09-19T20:09:56Z
Samsung,i7410,samsung_i7410-2698.php,2026-09-19T20:09:56Z
Samsung,T929 Memoir,samsung_t929_memoir-2663.php,2026-09-19T20:09:56Z
Samsung,C3050 Stratus,samsung_c3050_stratus-2706.php,2026-09-19T20:09:56Z
Samsung,C3010,samsung_c3010-2707.php,2026-09-19T20:09:56Z
Samsung,C3110,samsung_c3110-2655.php,2026-09-19T20:09:56Z
Samsung,C6625,samsung_c6625-2723.php,2026-09-19T20:09:56Z
Samsung,E1310,samsung_e1310-2710.php,2026-09-19T20:09:56Z
Samsung,E1120,samsung_e1120-2711.php,2026-09-19T20:09:56Z
Samsung,E1100,samsung_e1100-2673.php,2026-09-19T20:09:56Z
Samsung,E1070,samsung_e1070-2672.php,2026-09-19T20:09:56Z
Samsung,E2210B,samsung_e2210b-2712.php,2026-09-19T20:09:56Z
Samsung,E1125,samsung_e1125-2675.php,2026-09-19T20:09:56Z
Samsung,E2100B,samsung_e2100b-2674.php,2026-09-19T20:09:56Z
Samsung,B520,samsung_b520-2652.php,2026-09-19T20:09:56Z
Samsung,B5702,samsung_b5702-2702.php,2026-09-19T20:09:56Z
Samsung,C5212,samsung_c5212-2709.php,2026-09-19T20:09:56Z
Samsung,W259 Duos,samsung_w259_duos-3463.php,2026-09-19T20:09:56Z
Samsung,SCH-W699,samsung_sch_w699-3247.php,2026-09-19T20:09:56Z
Samsung,S9402 Ego,samsung_s9402_ego-2616.php,2026-09-19T20:10:03Z
Samsung,S3030 Tobi,samsung_s3030_tobi-2610.php,2026-09-19T20:10:03Z
Samsung,U810 Renown,samsung_u810_renown-2609.php,2026-09-19T20:10:03Z
Samsung,i770 Saga,samsung_i770_saga-2608.php,2026-09-19T20:10:03Z
Samsung,A867 Eternity,samsung_a867_eternity-2607.php,2026-09-19T20:10:03Z
Samsung,A777,samsung_a777-2600.php,2026-09-19T20:10:03Z
Samsung,T919 Behold,samsung_t919_behold-2587.php,2026-09-19T20:10:03Z
Samsung,T459 Gravity,samsung_t459_gravity-2588.php,2026-09-19T20:10:03Z
Samsung,E2510,samsung_e2510-2584.php,2026-09-19T20:10:03Z
Samsung,T219,samsung_t219-2767.php,2026-09-19T20:10:03Z
Samsung,E1410,samsung_e1410-2647.php,2026-09-19T20:10:03Z
Samsung,T119,samsung_t119-2765.php,2026-09-19T20:10:03Z
Samsung,E1117,samsung_e1117-2742.php,2026-09-19T20:10:03Z
Samsung,E1110,samsung_e1110-2583.php,2026-09-19T20:10:03Z
Samsung,C6620,samsung_c6620-2575.php,2026-09-19T20:10:03Z
Samsung,i907 Epix,samsung_i907_epix-2566.php,2026-09-19T20:10:03Z
Samsung,A767 Propel,samsung_a767_propel-2565.php,2026-09-19T20:10:03Z
Samsung,i7110,samsung_i7110-2559.php,2026-09-19T20:10:03Z
Samsung,F275,samsung_f275-3200.php,2026-09-19T20:10:03Z
Samsung,F270 Beat,samsung_f270_beat-2543.php,2026-09-19T20:10:03Z
Samsung,M8800 Pixon,samsung_m8800_pixon-2535.php,2026-09-19T20:10:03Z
Samsung,S3600,samsung_s3600-2539.php,2026-09-19T20:10:03Z
Samsung,M7500 Emporio Armani,samsung_m7500_emporio_armani-2529.php,2026-09-19T20:10:03Z
Samsung,M3200 Beat s,samsung_m3200_beat_s-2528.php,2026-09-19T20:10:03Z
Samsung,T339,samsung_t339-2593.php,2026-09-19T20:10:03Z
Samsung,T229,samsung_t229-2592.php,2026-09-19T20:10:03Z
Samsung,A637,samsung_a637-2551.php,2026-09-19T20:10:03Z
Samsung,C510,samsung_c510-2545.php,2026-09-19T20:10:03Z
Samsung,A837 Rugby,samsung_a837_rugby-2530.php,2026-09-19T20:10:03Z
Samsung,A237,samsung_a237-2518.php,2026-09-19T20:10:03Z
Samsung,B320,samsung_b320-2548.php,2026-09-19T20:10:03Z
Samsung,B210,samsung_b210-2510.php,2026-09-19T20:10:03Z
Samsung,M3510 Beat b,samsung_m3510_beat_b-2509.php,2026-09-19T20:10:03Z
Samsung,M200,samsung_m200-2508.php,2026-09-19T20:10:03Z
Samsung,P270,samsung_p270-2722.php,2026-09-19T20:10:03Z
Samsung,B2700,samsung_b2700-2507.php,2026-09-19T20:10:03Z
Samsung,F268,samsung_f268-2506.php,2026-09-19T20:10:03Z
Samsung,T109,samsung_t109-2550.php,2026-09-19T20:10:03Z
Samsung,E200 ECO,samsung_e200_eco-2505.php,2026-09-19T20:10:03Z
Samsung,D980,samsung_d980-2500.php,2026-09-19T20:10:03Z
Samsung,B510,samsung_b510-2501.php,2026-09-19T20:10:03Z
Samsung,E215,samsung_e215-2502.php,2026-09-19T20:10:03Z
Samsung,B130,samsung_b130-2499.php,2026-09-19T20:10:03Z
Samsung,i8510 INNOV8,samsung_i8510_innov8-2471.php,2026-09-19T20:10:03Z
Samsung,S7330,samsung_s7330-2487.php,2026-09-19T20:10:03Z
Samsung,i740,samsung_i740-2472.php,2026-09-19T20:10:03Z
Samsung,M150,samsung_m150-2466.php,2026-09-19T20:10:03Z
Samsung,J800 Luxe,samsung_j800_luxe-2436.php,2026-09-19T20:10:03Z
Samsung,M140,samsung_m140-2490.php,2026-09-19T20:10:03Z
Samsung,L700,samsung_l700-2435.php,2026-09-19T20:10:09Z
Samsung,i900 Omnia,samsung_i900_omnia-2422.php,2026-09-19T20:10:09Z
Samsung,U800 Soul b,samsung_u800_soul_b-2389.php,2026-09-19T20:10:09Z
Samsung,L870,samsung_l870-2387.php,2026-09-19T20:10:09Z
Samsung,Impact sf,samsung_impact_sf-2443.php,2026-09-19T20:10:09Z
Samsung,M620,samsung_m620-2360.php,2026-09-19T20:10:09Z
Samsung,B300,samsung_b300-2463.php,2026-09-19T20:10:09Z
Samsung,Impact b,samsung_impact_b-2442.php,2026-09-19T20:10:09Z
Samsung,Impact,samsung_impact-2441.php,2026-09-19T20:10:09Z
Samsung,D780,samsung_d780-2340.php,2026-09-19T20:10:09Z
Samsung,V820L,samsung_v820l-2757.php,2026-09-19T20:10:09Z
Samsung,F110,samsung_f110-2315.php,2026-09-19T20:10:09Z
Samsung,G400 Soul,samsung_g400_soul-2314.php,2026-09-19T20:10:09Z
Samsung,U900 Soul,samsung_u900_soul-2243.php,2026-09-19T20:10:09Z
Samsung,L810v Steel,samsung_l810v_steel-2410.php,2026-09-19T20:10:09Z
Samsung,F480,samsung_f480-2268.php,2026-09-19T20:10:09Z
Samsung,G810,samsung_g810-2257.php,2026-09-19T20:10:09Z
Samsung,M310,samsung_m310-2423.php,2026-09-19T20:10:09Z
Samsung,B200,samsung_b200-2359.php,2026-09-19T20:10:09Z
Samsung,B110,samsung_b110-2358.php,2026-09-19T20:10:09Z
Samsung,A827 Access,samsung_a827_access-2408.php,2026-09-19T20:10:09Z
Samsung,P960,samsung_p960-2259.php,2026-09-19T20:10:09Z
Samsung,P220,samsung_p220-2404.php,2026-09-19T20:10:09Z
Samsung,P180,samsung_p180-2403.php,2026-09-19T20:10:09Z
Samsung,i200,samsung_i200-2260.php,2026-09-19T20:10:09Z
Samsung,F400,samsung_f400-2261.php,2026-09-19T20:10:09Z
Samsung,J700,samsung_j700-2262.php,2026-09-19T20:10:09Z
Samsung,J630,samsung_j630-2323.php,2026-09-19T20:10:09Z
Samsung,J210,samsung_j210-2324.php,2026-09-19T20:10:09Z
Samsung,J150,samsung_j150-2263.php,2026-09-19T20:10:09Z
Samsung,E251,samsung_e251-2265.php,2026-09-19T20:10:09Z
Samsung,L770,samsung_l770-2264.php,2026-09-19T20:10:09Z
Samsung,A746,samsung_a746-2373.php,2026-09-19T20:10:09Z
Samsung,A727,samsung_a727-2378.php,2026-09-19T20:10:09Z
Samsung,A711,samsung_a711-2450.php,2026-09-19T20:10:09Z
Samsung,A717,samsung_a717-2377.php,2026-09-19T20:10:09Z
Samsung,A437,samsung_a437-2376.php,2026-09-19T20:10:09Z
Samsung,A127,samsung_a127-2375.php,2026-09-19T20:10:09Z
Samsung,A117,samsung_a117-2374.php,2026-09-19T20:10:09Z
Samsung,SPH-i325 Ace,samsung_sph_i325_ace-2320.php,2026-09-19T20:10:09Z
Samsung,i640,samsung_i640-2289.php,2026-09-19T20:10:09Z
Samsung,L320,samsung_l320-2234.php,2026-09-19T20:10:09Z
Samsung,L310,samsung_l310-2233.php,2026-09-19T20:10:09Z
Samsung,L170,samsung_l170-2219.php,2026-09-19T20:10:09Z
Samsung,T819,samsung_t819-2220.php,2026-09-19T20:10:09Z
Samsung,F490,samsung_f490-2203.php,2026-09-19T20:10:09Z
Samsung,G800,samsung_g800-2145.php,2026-09-19T20:10:09Z
Samsung,C500,samsung_c500-2546.php,2026-09-19T20:10:09Z
Samsung,Serenata,samsung_serenata-2130.php,2026-09-19T20:10:09Z
Samsung,i780,samsung_i780-2124.php,2026-09-19T20:10:14Z
Samsung,i560,samsung_i560-2154.php,2026-09-19T20:10:14Z
Samsung,i550,samsung_i550-2115.php,2026-09-19T20:10:14Z
Samsung,F330,samsung_f330-2090.php,2026-09-19T20:10:14Z
Samsung,F250,samsung_f250-2186.php,2026-09-19T20:10:14Z
Samsung,i450,samsung_i450-2076.php,2026-09-19T20:10:14Z
Samsung,Armani,samsung_armani-2046.php,2026-09-19T20:10:14Z
Samsung,J610,samsung_j610-2164.php,2026-09-19T20:10:14Z
Samsung,J400,samsung_j400-2224.php,2026-09-19T20:10:14Z
Samsung,P260,samsung_p260-2045.php,2026-09-19T20:10:14Z
Samsung,J750,samsung_j750-2161.php,2026-09-19T20:10:14Z
Samsung,A737,samsung_a737-2214.php,2026-09-19T20:10:14Z
Samsung,A517,samsung_a517-2215.php,2026-09-19T20:10:14Z
Samsung,T639,samsung_t639-2384.php,2026-09-19T20:10:14Z
Samsung,T509,samsung_t509-2383.php,2026-09-19T20:10:14Z
Samsung,T439,samsung_t439-2217.php,2026-09-19T20:10:14Z
Samsung,T429,samsung_t429-2382.php,2026-09-19T20:10:14Z
Samsung,T409,samsung_t409-2381.php,2026-09-19T20:10:14Z
Samsung,T739 Katalyst,samsung_t739_katalyst-2216.php,2026-09-19T20:10:14Z
Samsung,T729 Blast,samsung_t729_blast-2380.php,2026-09-19T20:10:14Z
Samsung,T539 Beat,samsung_t539_beat-2379.php,2026-09-19T20:10:14Z
Samsung,L600,samsung_l600-2047.php,2026-09-19T20:10:14Z
Samsung,Z630,samsung_z630-2044.php,2026-09-19T20:10:14Z
Samsung,G600,samsung_g600-2039.php,2026-09-19T20:10:14Z
Samsung,M610,samsung_m610-2111.php,2026-09-19T20:10:14Z
Samsung,M600,samsung_m600-2092.php,2026-09-19T20:10:14Z
Samsung,M110,samsung_m110-2196.php,2026-09-19T20:10:14Z
Samsung,B500,samsung_b500-2318.php,2026-09-19T20:10:14Z
Samsung,B100,samsung_b100-2317.php,2026-09-19T20:10:14Z
Samsung,S730i,samsung_s730i-2034.php,2026-09-19T20:10:14Z
Samsung,S720i,samsung_s720i-2043.php,2026-09-19T20:10:14Z
Samsung,J200,samsung_j200-2093.php,2026-09-19T20:10:14Z
Samsung,L760,samsung_l760-2025.php,2026-09-19T20:10:14Z
Samsung,F700,samsung_f700-1849.php,2026-09-19T20:10:14Z
Samsung,E950,samsung_e950-2015.php,2026-09-19T20:10:14Z
Samsung,F210,samsung_f210-2014.php,2026-09-19T20:10:14Z
Samsung,F200,samsung_f200-2016.php,2026-09-19T20:10:14Z
Samsung,i620,samsung_i620-1998.php,2026-09-19T20:10:14Z
Samsung,A411,samsung_a411-2138.php,2026-09-19T20:10:14Z
Samsung,ZV60,samsung_zv60-2035.php,2026-09-19T20:10:14Z
Samsung,Z240,samsung_z240-1969.php,2026-09-19T20:10:14Z
Samsung,Z170,samsung_z170-2030.php,2026-09-19T20:10:14Z
Samsung,J600,samsung_j600-1970.php,2026-09-19T20:10:14Z
Samsung,i400,samsung_i400-1967.php,2026-09-19T20:10:14Z
Samsung,U700,samsung_u700-1852.php,2026-09-19T20:10:14Z
Samsung,U600,samsung_u600-1851.php,2026-09-19T20:10:14Z
Samsung,U300,samsung_u300-1853.php,2026-09-19T20:10:14Z
Samsung,U100,samsung_u100-1854.php,2026-09-19T20:10:14Z
Samsung,i710,samsung_i710-1916.php,2026-09-19T20:10:14Z
Samsung,F520,samsung_f520-1856.php,2026-09-19T20:10:23Z
Samsung,F510,samsung_f510-1855.php,2026-09-19T20:10:23Z
Samsung,P110,samsung_p110-1868.php,2026-09-19T20:10:23Z
Samsung,E840,samsung_e840-1866.php,2026-09-19T20:10:23Z
Samsung,E830,samsung_e830-1867.php,2026-09-19T20:10:23Z
Samsung,E740,samsung_e740-1870.php,2026-09-19T20:10:23Z
Samsung,E590,samsung_e590-1869.php,2026-09-19T20:10:23Z
Samsung,E230,samsung_e230-2083.php,2026-09-19T20:10:23Z
Samsung,E210,samsung_e210-2082.php,2026-09-19T20:10:23Z
Samsung,E200,samsung_e200-1919.php,2026-09-19T20:10:23Z
Samsung,C520,samsung_c520-1971.php,2026-09-19T20:10:23Z
Samsung,C450,samsung_c450-2042.php,2026-09-19T20:10:23Z
Samsung,C275,samsung_c275-2737.php,2026-09-19T20:10:23Z
Samsung,C270,samsung_c270-2751.php,2026-09-19T20:10:23Z
Samsung,C260,samsung_c260-1920.php,2026-09-19T20:10:23Z
Samsung,C250,samsung_c250-1921.php,2026-09-19T20:10:23Z
Samsung,i600,samsung_i600-1807.php,2026-09-19T20:10:23Z
Samsung,i617 BlackJack II,samsung_i617_blackjack_ii-2213.php,2026-09-19T20:10:23Z
Samsung,i607 BlackJack,samsung_i607_blackjack-2212.php,2026-09-19T20:10:23Z
Samsung,F500,samsung_f500-1806.php,2026-09-19T20:10:23Z
Samsung,F300,samsung_f300-1805.php,2026-09-19T20:10:23Z
Samsung,P940,samsung_p940-1809.php,2026-09-19T20:10:23Z
Samsung,P930,samsung_p930-1808.php,2026-09-19T20:10:23Z
Samsung,E790,samsung_e790-1850.php,2026-09-19T20:10:23Z
Samsung,E490,samsung_e490-1784.php,2026-09-19T20:10:23Z
Samsung,E480,samsung_e480-1783.php,2026-09-19T20:10:23Z
Samsung,E390,samsung_e390-1770.php,2026-09-19T20:10:23Z
Samsung,X550,samsung_x550-2131.php,2026-09-19T20:10:23Z
Samsung,X540,samsung_x540-1816.php,2026-09-19T20:10:23Z
Samsung,E250,samsung_e250-1772.php,2026-09-19T20:10:23Z
Samsung,X520,samsung_x520-1771.php,2026-09-19T20:10:23Z
Samsung,X530,samsung_x530-1769.php,2026-09-19T20:10:23Z
Samsung,C300,samsung_c300-1768.php,2026-09-19T20:10:23Z
Samsung,M300,samsung_m300-1992.php,2026-09-19T20:10:23Z
Samsung,E690,samsung_e690-1796.php,2026-09-19T20:10:23Z
Samsung,E570,samsung_e570-1756.php,2026-09-19T20:10:23Z
Samsung,E420,samsung_e420-1757.php,2026-09-19T20:10:23Z
Samsung,X830,samsung_x830-1681.php,2026-09-19T20:10:23Z
Samsung,E890,samsung_e890-1797.php,2026-09-19T20:10:23Z
Samsung,E898,samsung_e898-1779.php,2026-09-19T20:10:23Z
Samsung,P310,samsung_p310-1682.php,2026-09-19T20:10:23Z
Samsung,Z720,samsung_z720-1677.php,2026-09-19T20:10:23Z
Samsung,Z650i,samsung_z650i-1782.php,2026-09-19T20:10:23Z
Samsung,Z620,samsung_z620-1676.php,2026-09-19T20:10:23Z
Samsung,Z370,samsung_z370-1675.php,2026-09-19T20:10:23Z
Samsung,Z360,samsung_z360-2069.php,2026-09-19T20:10:23Z
Samsung,P200,samsung_p200-1643.php,2026-09-19T20:10:23Z
Samsung,S501i,samsung_s501i-1630.php,2026-09-19T20:10:23Z
Samsung,S401i,samsung_s401i-1629.php,2026-09-19T20:10:23Z
Samsung,X500,samsung_x500-1615.php,2026-09-19T20:10:30Z
Samsung,D840,samsung_d840-1614.php,2026-09-19T20:10:30Z
Samsung,C400,samsung_c400-1707.php,2026-09-19T20:10:30Z
Samsung,C240,samsung_c240-1616.php,2026-09-19T20:10:30Z
Samsung,C180,samsung_c180-2041.php,2026-09-19T20:10:30Z
Samsung,C170,samsung_c170-2010.php,2026-09-19T20:10:30Z
Samsung,C160,samsung_c160-1922.php,2026-09-19T20:10:30Z
Samsung,C140,samsung_c140-1830.php,2026-09-19T20:10:30Z
Samsung,D830,samsung_d830-1600.php,2026-09-19T20:10:30Z
Samsung,D900i,samsung_d900i-1989.php,2026-09-19T20:10:30Z
Samsung,D900,samsung_d900-1587.php,2026-09-19T20:10:30Z
Samsung,X820,samsung_x820-1556.php,2026-09-19T20:10:30Z
Samsung,C130,samsung_c130-1608.php,2026-09-19T20:10:30Z
Samsung,E500,samsung_e500-825.php,2026-09-19T20:10:30Z
Samsung,E380,samsung_e380-1624.php,2026-09-19T20:10:30Z
Samsung,D870,samsung_d870-1506.php,2026-09-19T20:10:30Z
Samsung,D780 flip,samsung_d780_flip-1507.php,2026-09-19T20:10:30Z
Samsung,E900,samsung_e900-1508.php,2026-09-19T20:10:30Z
Samsung,Z400,samsung_z400-1510.php,2026-09-19T20:10:30Z
Samsung,Z550,samsung_z550-1509.php,2026-09-19T20:10:30Z
Samsung,i320,samsung_i320-1442.php,2026-09-19T20:10:30Z
Samsung,i310,samsung_i310-1496.php,2026-09-19T20:10:30Z
Samsung,ZV50,samsung_zv50-1592.php,2026-09-19T20:10:30Z
Samsung,ZV40,samsung_zv40-1642.php,2026-09-19T20:10:30Z
Samsung,Z560,samsung_z560-1439.php,2026-09-19T20:10:30Z
Samsung,P920,samsung_p920-1599.php,2026-09-19T20:10:30Z
Samsung,P900,samsung_p900-1427.php,2026-09-19T20:10:30Z
Samsung,P910,samsung_p910-1440.php,2026-09-19T20:10:30Z
Samsung,T629,samsung_t629-2754.php,2026-09-19T20:10:30Z
Samsung,D520,samsung_d520-1441.php,2026-09-19T20:10:30Z
Samsung,D300,samsung_d300-1478.php,2026-09-19T20:10:30Z
Samsung,Z710,samsung_z710-1450.php,2026-09-19T20:10:30Z
Samsung,Z600,samsung_z600-1449.php,2026-09-19T20:10:30Z
Samsung,Z520,samsung_z520-1447.php,2026-09-19T20:10:30Z
Samsung,Z350,samsung_z350-1446.php,2026-09-19T20:10:30Z
Samsung,Z230,samsung_z230-1725.php,2026-09-19T20:10:30Z
Samsung,Z330,samsung_z330-1448.php,2026-09-19T20:10:30Z
Samsung,Z310,samsung_z310-1445.php,2026-09-19T20:10:30Z
Samsung,Z150,samsung_z150-1444.php,2026-09-19T20:10:30Z
Samsung,X680,samsung_x680-1620.php,2026-09-19T20:10:30Z
Samsung,X630,samsung_x630-1619.php,2026-09-19T20:10:30Z
Samsung,X210,samsung_x210-1579.php,2026-09-19T20:10:30Z
Samsung,X300,samsung_x300-1479.php,2026-09-19T20:10:30Z
Samsung,X160,samsung_x160-1555.php,2026-09-19T20:10:30Z
Samsung,E870,samsung_e870-1424.php,2026-09-19T20:10:30Z
Samsung,E780,samsung_e780-1617.php,2026-09-19T20:10:30Z
Samsung,i300x,samsung_i300x-1408.php,2026-09-19T20:10:30Z
Samsung,D820,samsung_d820-1356.php,2026-09-19T20:10:30Z
Samsung,D810,samsung_d810-1416.php,2026-09-19T20:10:30Z
Samsung,Z540,samsung_z540-1354.php,2026-09-19T20:10:38Z
Samsung,Z510,samsung_z510-1353.php,2026-09-19T20:10:38Z
Samsung,P300,samsung_p300-1351.php,2026-09-19T20:10:38Z
Samsung,E770,samsung_e770-1344.php,2026-09-19T20:10:38Z
Samsung,E370,samsung_e370-1554.php,2026-09-19T20:10:38Z
Samsung,E360,samsung_e360-1343.php,2026-09-19T20:10:38Z
Samsung,ZV30,samsung_zv30-1342.php,2026-09-19T20:10:38Z
Samsung,ZV10,samsung_zv10-1357.php,2026-09-19T20:10:38Z
Samsung,S400i,samsung_s400i-1477.php,2026-09-19T20:10:38Z
Samsung,Z320i,samsung_z320i-1398.php,2026-09-19T20:10:38Z
Samsung,S500i,samsung_s500i-1341.php,2026-09-19T20:10:38Z
Samsung,E860,samsung_e860-1340.php,2026-09-19T20:10:38Z
Samsung,Serene,samsung_serene-1314.php,2026-09-19T20:10:38Z
Samsung,D600,samsung_d600-1103.php,2026-09-19T20:10:38Z
Samsung,P850,samsung_p850-1113.php,2026-09-19T20:10:38Z
Samsung,E730,samsung_e730-1115.php,2026-09-19T20:10:38Z
Samsung,D510,samsung_d510-1130.php,2026-09-19T20:10:38Z
Samsung,X700,samsung_x700-1298.php,2026-09-19T20:10:38Z
Samsung,X670,samsung_x670-1545.php,2026-09-19T20:10:38Z
Samsung,X660,samsung_x660-1316.php,2026-09-19T20:10:38Z
Samsung,X650,samsung_x650-1567.php,2026-09-19T20:10:38Z
Samsung,X490,samsung_x490-1419.php,2026-09-19T20:10:38Z
Samsung,X200,samsung_x200-1317.php,2026-09-19T20:10:38Z
Samsung,X150,samsung_x150-1381.php,2026-09-19T20:10:38Z
Samsung,Z500,samsung_z500-1050.php,2026-09-19T20:10:38Z
Samsung,Z300,samsung_z300-1049.php,2026-09-19T20:10:38Z
Samsung,Z130,samsung_z130-1051.php,2026-09-19T20:10:38Z
Samsung,Z140,samsung_z140-1142.php,2026-09-19T20:10:38Z
Samsung,D550,samsung_d550-1206.php,2026-09-19T20:10:38Z
Samsung,P860,samsung_p860-1114.php,2026-09-19T20:10:38Z
Samsung,Z700,samsung_z700-1105.php,2026-09-19T20:10:38Z
Samsung,D730,samsung_d730-1124.php,2026-09-19T20:10:38Z
Samsung,i750,samsung_i750-1125.php,2026-09-19T20:10:38Z
Samsung,D720,samsung_d720-1052.php,2026-09-19T20:10:38Z
Samsung,E760,samsung_e760-1251.php,2026-09-19T20:10:38Z
Samsung,E750,samsung_e750-1127.php,2026-09-19T20:10:38Z
Samsung,E720,samsung_e720-1021.php,2026-09-19T20:10:38Z
Samsung,E880,samsung_e880-1143.php,2026-09-19T20:10:38Z
Samsung,i300,samsung_i300-1104.php,2026-09-19T20:10:38Z
Samsung,E350,samsung_e350-1048.php,2026-09-19T20:10:38Z
Samsung,E640,samsung_e640-1128.php,2026-09-19T20:10:38Z
Samsung,E620,samsung_e620-1126.php,2026-09-19T20:10:38Z
Samsung,E530,samsung_e530-1129.php,2026-09-19T20:10:38Z
Samsung,E340,samsung_e340-1078.php,2026-09-19T20:10:38Z
Samsung,X810,samsung_x810-1209.php,2026-09-19T20:10:38Z
Samsung,X800,samsung_x800-1131.php,2026-09-19T20:10:38Z
Samsung,C120,samsung_c120-1380.php,2026-09-19T20:10:38Z
Samsung,C230,samsung_c230-1208.php,2026-09-19T20:10:38Z
Samsung,C210,samsung_c210-1265.php,2026-09-19T20:10:38Z
Samsung,X480,samsung_x480-1022.php,2026-09-19T20:10:45Z
Samsung,X620,samsung_x620-1141.php,2026-09-19T20:10:45Z
Samsung,X140,samsung_x140-1102.php,2026-09-19T20:10:45Z
Samsung,S410i,samsung_s410i-1315.php,2026-09-19T20:10:45Z
Samsung,S342i,samsung_s342i-1148.php,2026-09-19T20:10:45Z
Samsung,SCH-B100,samsung_sch_b100-1024.php,2026-09-19T20:10:45Z
Samsung,D500,samsung_d500-900.php,2026-09-19T20:10:45Z
Samsung,P730,samsung_p730-707.php,2026-09-19T20:10:45Z
Samsung,P710,samsung_p710-715.php,2026-09-19T20:10:45Z
Samsung,D428,samsung_d428-1005.php,2026-09-19T20:10:45Z
Samsung,D488,samsung_d488-1003.php,2026-09-19T20:10:45Z
Samsung,E850,samsung_e850-964.php,2026-09-19T20:10:45Z
Samsung,E630,samsung_e630-932.php,2026-09-19T20:10:45Z
Samsung,E810,samsung_e810-716.php,2026-09-19T20:10:45Z
Samsung,E800,samsung_e800-709.php,2026-09-19T20:10:45Z
Samsung,Z110,samsung_z110-1080.php,2026-09-19T20:10:45Z
Samsung,D710,samsung_d710-718.php,2026-09-19T20:10:45Z
Samsung,C200,samsung_c200-917.php,2026-09-19T20:10:45Z
Samsung,i530,samsung_i530-834.php,2026-09-19T20:10:45Z
Samsung,i505,samsung_i505-643.php,2026-09-19T20:10:45Z
Samsung,i500,samsung_i500-440.php,2026-09-19T20:10:45Z
Samsung,i250,samsung_i250-807.php,2026-09-19T20:10:45Z
Samsung,i700,samsung_i700-441.php,2026-09-19T20:10:45Z
Samsung,X910,samsung_x910-720.php,2026-09-19T20:10:45Z
Samsung,X900,samsung_x900-719.php,2026-09-19T20:10:45Z
Samsung,X610,samsung_x610-800.php,2026-09-19T20:10:45Z
Samsung,X460,samsung_x460-870.php,2026-09-19T20:10:45Z
Samsung,X120,samsung_x120-799.php,2026-09-19T20:10:45Z
Samsung,E330,samsung_e330-833.php,2026-09-19T20:10:45Z
Samsung,E310,samsung_e310-832.php,2026-09-19T20:10:45Z
Samsung,E300,samsung_e300-717.php,2026-09-19T20:10:45Z
Samsung,C110,samsung_c110-721.php,2026-09-19T20:10:45Z
Samsung,Z107,samsung_z107-1014.php,2026-09-19T20:10:45Z
Samsung,Z105,samsung_z105-675.php,2026-09-19T20:10:45Z
Samsung,E610,samsung_e610-765.php,2026-09-19T20:10:45Z
Samsung,E600,samsung_e600-606.php,2026-09-19T20:10:45Z
Samsung,P510,samsung_p510-687.php,2026-09-19T20:10:45Z
Samsung,E410,samsung_e410-608.php,2026-09-19T20:10:45Z
Samsung,X450,samsung_x450-614.php,2026-09-19T20:10:45Z
Samsung,X430,samsung_x430-588.php,2026-09-19T20:10:45Z
Samsung,P705,samsung_p705-531.php,2026-09-19T20:10:45Z
Samsung,D410,samsung_d410-545.php,2026-09-19T20:10:45Z
Samsung,X600,samsung_x600-511.php,2026-09-19T20:10:45Z
Samsung,X100,samsung_x100-494.php,2026-09-19T20:10:45Z
Samsung,E715,samsung_e715-486.php,2026-09-19T20:10:45Z
Samsung,E700,samsung_e700-558.php,2026-09-19T20:10:45Z
Samsung,C100,samsung_c100-444.php,2026-09-19T20:10:45Z
Samsung,D700,samsung_d700-439.php,2026-09-19T20:10:45Z
Samsung,P500,samsung_p500-438.php,2026-09-19T20:10:45Z
Samsung,E100,samsung_e100-526.php,2026-09-19T20:10:53Z
Samsung,X410,samsung_x410-437.php,2026-09-19T20:10:53Z
Samsung,X400,samsung_x400-436.php,2026-09-19T20:10:53Z
Samsung,S200,samsung_s200-455.php,2026-09-19T20:10:53Z
Samsung,E400,samsung_e400-435.php,2026-09-19T20:10:53Z
Samsung,D100,samsung_d100-490.php,2026-09-19T20:10:53Z
Samsung,Watch Phone,samsung_watch_phone-418.php,2026-09-19T20:10:53Z
Samsung,V200,samsung_v200-417.php,2026-09-19T20:10:53Z
Samsung,Z100,samsung_z100-537.php,2026-09-19T20:10:53Z
Samsung,P100,samsung_p100-457.php,2026-09-19T20:10:53Z
Samsung,P400,samsung_p400-377.php,2026-09-19T20:10:53Z
Samsung,T700,samsung_t700-376.php,2026-09-19T20:10:53Z
Samsung,S500,samsung_s500-520.php,2026-09-19T20:10:53Z
Samsung,T500,samsung_t500-378.php,2026-09-19T20:10:53Z
Samsung,S300,samsung_s300-375.php,2026-09-19T20:10:53Z
Samsung,T400,samsung_t400-374.php,2026-09-19T20:10:53Z
Samsung,T200,samsung_t200-379.php,2026-09-19T20:10:53Z
Samsung,V100,samsung_v100-314.php,2026-09-19T20:10:53Z
Samsung,S100,samsung_s100-313.php,2026-09-19T20:10:53Z
Samsung,Q300,samsung_q300-312.php,2026-09-19T20:10:53Z
Samsung,A800,samsung_a800-347.php,2026-09-19T20:10:53Z
Samsung,A500,samsung_a500-311.php,2026-09-19T20:10:53Z
Samsung,T100,samsung_t100-308.php,2026-09-19T20:10:53Z
Samsung,Q200,samsung_q200-307.php,2026-09-19T20:10:53Z
Samsung,N620,samsung_n620-309.php,2026-09-19T20:10:53Z
Samsung,N500,samsung_n500-328.php,2026-09-19T20:10:53Z
Samsung,N400,samsung_n400-277.php,2026-09-19T20:10:53Z
Samsung,Q105,samsung_q105-293.php,2026-09-19T20:10:53Z
Samsung,N300,samsung_n300-261.php,2026-09-19T20:10:53Z
Samsung,A400,samsung_a400-276.php,2026-09-19T20:10:53Z
Samsung,A300,samsung_a300-260.php,2026-09-19T20:10:53Z
Samsung,R220,samsung_r220-291.php,2026-09-19T20:10:53Z
Samsung,R210,samsung_r210-290.php,2026-09-19T20:10:53Z
Samsung,R200,samsung_r200-289.php,2026-09-19T20:10:53Z
Samsung,A200,samsung_a200-259.php,2026-09-19T20:10:53Z
Samsung,Q100,samsung_q100-229.php,2026-09-19T20:10:53Z
Samsung,N105,samsung_n105-292.php,2026-09-19T20:10:53Z
Samsung,N100,samsung_n100-212.php,2026-09-19T20:10:53Z
Samsung,M100,samsung_m100-208.php,2026-09-19T20:10:53Z
Samsung,A110,samsung_a110-207.php,2026-09-19T20:10:53Z
Samsung,A100,samsung_a100-55.php,2026-09-19T20:10:53Z
Samsung,SGH-2400,samsung_sgh_2400-54.php,2026-09-19T20:10:53Z
Samsung,SGH-2200,samsung_sgh_2200-53.php,2026-09-19T20:10:53Z
Samsung,SGH-2100,samsung_sgh_2100-52.php,2026-09-19T20:10:53Z
Samsung,SGH-810,samsung_sgh_810-51.php,2026-09-19T20:10:53Z
Samsung,SGH-800,samsung_sgh_800-50.php,2026-09-19T20:10:53Z
Samsung,SGH-600,samsung_sgh_600-49.php,2026-09-19T20:10:53Z
Samsung,SGH-500,samsung_sgh_500-48.php,2026-09-19T20:10:53Z
Samsung,SGH-250,samsung_sgh_250-47.php,2026-09-19T20:10:53Z
Samsung,Galaxy S21,samsung_galaxy_s21-10693.php,2026-09-19T20:10:59Z
Samsung,Galaxy A72 5G,samsung_galaxy_a72_5g-10647.php,2026-09-19T20:10:59Z
Samsung,Galaxy A91,samsung_galaxy_a91-9912.php,2026-09-19T20:10:59Z
Samsung,Galaxy S7 mini,samsung_galaxy_s7_mini-7979.php,2026-09-19T20:10:59Z
Samsung,Galaxy S6 Plus,samsung_galaxy_s6_plus-7270.php,2026-09-19T20:10:59Z
Samsung,Galaxy Grand 3,samsung_galaxy_grand_3-6778.php,2026-09-19T20:10:59Z
Samsung,Galaxy F,samsung_galaxy_f-6485.php,2026-09-19T20:10:59Z
Samsung,Galaxy Tab 3 Plus 10.1 P8220,samsung_galaxy_tab_3_plus_10_1_p8220-5351.php,2026-09-19T20:10:59Z
Samsung,Galaxy C10,samsung_galaxy_c10-8718.php,2026-09-19T20:10:59Z
Samsung,Guru Dual 26,samsung_guru_dual_26-3528.php,2026-09-19T20:10:59Z
Samsung,C5030,samsung_c5030-3369.php,2026-09-19T20:10:59Z
Samsung,M8920,samsung_m8920-2967.php,2026-09-19T20:10:59Z
Xiaomi,Watch 5,xiaomi_watch_5-14383.php,2026-09-19T20:11:05Z
Xiaomi,Redmi Turbo 5,xiaomi_redmi_turbo_5_5g-14454.php,2026-09-19T20:11:05Z
Xiaomi,Black Shark Gaming Tablet,xiaomi_black_shark_gaming_tablet-14509.php,2026-09-19T20:11:05Z
Xiaomi,Poco M8 Pro,xiaomi_poco_m8_pro_5g-14390.php,2026-09-19T20:11:05Z
Xiaomi,Poco Pad X1,xiaomi_poco_pad_x1-14306.php,2026-09-19T20:11:05Z
Xiaomi,Poco Pad M1,xiaomi_poco_pad_m1-14285.php,2026-09-19T20:11:05Z
Xiaomi,Black Shark GS3 Ultra,xiaomi_black_shark_gs3_ultra-14309.php,2026-09-19T20:11:05Z
Xiaomi,Black Shark GS3,xiaomi_black_shark_gs3-14512.php,2026-09-19T20:11:05Z
Xiaomi,Redmi K90,xiaomi_redmi_k90_5g-14280.php,2026-09-19T20:11:05Z
Xiaomi,Redmi K90 Pro Max,xiaomi_redmi_k90_pro_max_5g-14252.php,2026-09-19T20:11:05Z
Xiaomi,Redmi Watch 6,xiaomi_redmi_watch_6-14281.php,2026-09-19T20:11:05Z
Xiaomi,17 Pro,xiaomi_17_pro_5g-14182.php,2026-09-19T20:11:05Z
Xiaomi,Black Shark Pad 7 Pro,xiaomi_black_shark_pad_7_pro-14308.php,2026-09-19T20:11:05Z
Xiaomi,Black Shark Pad 7,xiaomi_black_shark_pad_7-14307.php,2026-09-19T20:11:05Z
Xiaomi,Pad 8,xiaomi_pad_8-14184.php,2026-09-19T20:11:05Z
Xiaomi,15T,xiaomi_15t_5g-14177.php,2026-09-19T20:11:05Z
Xiaomi,Pad Mini,xiaomi_pad_mini-14179.php,2026-09-19T20:11:05Z
Xiaomi,Poco C85 4G,xiaomi_poco_c85-14110.php,2026-09-19T20:11:05Z
Xiaomi,Poco M7 Plus,xiaomi_poco_m7_plus_5g-14046.php,2026-09-19T20:11:05Z
Xiaomi,Redmi 15 4G,xiaomi_redmi_15-14037.php,2026-09-19T20:11:05Z
Xiaomi,Redmi K80 Ultra,xiaomi_redmi_k80_ultra_5g-13965.php,2026-09-19T20:11:05Z
Xiaomi,Mix Flip 2,xiaomi_mix_flip_2_5g-13980.php,2026-09-19T20:11:05Z
Xiaomi,Watch S4 41mm,xiaomi_watch_s4_41mm-13981.php,2026-09-19T20:11:05Z
Xiaomi,Pad 7S Pro 12.5,xiaomi_pad_7s_pro_12_5-13968.php,2026-09-19T20:11:05Z
Xiaomi,Redmi K Pad,xiaomi_redmi_k_pad-13960.php,2026-09-19T20:11:05Z
Xiaomi,15S Pro,xiaomi_15s_pro_5g-13895.php,2026-09-19T20:11:05Z
Xiaomi,Pad 7 Ultra,xiaomi_pad_7_ultra-13896.php,2026-09-19T20:11:13Z
Xiaomi,Redmi Watch Move,xiaomi_redmi_watch_move-13806.php,2026-09-19T20:11:13Z
Xiaomi,Poco F7 Ultra,xiaomi_poco_f7_ultra-13723.php,2026-09-19T20:11:13Z
Xiaomi,Poco F7 Pro,xiaomi_poco_f7_pro-13724.php,2026-09-19T20:11:13Z
Xiaomi,Redmi 13x,xiaomi_redmi_13x_4g-13764.php,2026-09-19T20:11:13Z
Xiaomi,Redmi Note 14S,xiaomi_redmi_note_14s-13730.php,2026-09-19T20:11:13Z
Xiaomi,15 Ultra,xiaomi_15_ultra-13657.php,2026-09-19T20:11:13Z
Xiaomi,Black Shark Pad 6,xiaomi_black_shark_pad_6_4g-13774.php,2026-09-19T20:11:13Z
Xiaomi,Poco M7,xiaomi_poco_m7_5g-13678.php,2026-09-19T20:11:13Z
Xiaomi,Poco X7,xiaomi_poco_x7-13604.php,2026-09-19T20:11:13Z
Xiaomi,Redmi 14C 5G,xiaomi_redmi_14c_5g-13595.php,2026-09-19T20:11:13Z
Xiaomi,Redmi Turbo 4,xiaomi_redmi_turbo_4-13598.php,2026-09-19T20:11:13Z
Xiaomi,Poco C75 5G,xiaomi_poco_c75_5g-13571.php,2026-09-19T20:11:13Z
Xiaomi,Redmi Note 14 5G (India),xiaomi_redmi_note_14-13559.php,2026-09-19T20:11:13Z
Xiaomi,Redmi Note 14 Pro 5G (India),xiaomi_redmi_note_14_pro-13355.php,2026-09-19T20:11:13Z
Xiaomi,Redmi K80 Pro,xiaomi_redmi_k80_pro-13524.php,2026-09-19T20:11:13Z
Xiaomi,Redmi K80,xiaomi_redmi_k80-13525.php,2026-09-19T20:11:13Z
Xiaomi,Pad 7 Pro,xiaomi_pad_7_pro-13474.php,2026-09-19T20:11:13Z
Xiaomi,Pad 7,xiaomi_pad_7-13475.php,2026-09-19T20:11:13Z
Xiaomi,Redmi Watch 5,xiaomi_redmi_watch_5-13658.php,2026-09-19T20:11:13Z
Xiaomi,Watch S4,xiaomi_watch_s4-13476.php,2026-09-19T20:11:13Z
Xiaomi,15 Pro,xiaomi_15_pro-13473.php,2026-09-19T20:11:13Z
Xiaomi,Redmi A4,xiaomi_redmi_a4-13444.php,2026-09-19T20:11:13Z
Xiaomi,Redmi A3 Pro,xiaomi_redmi_a3_pro-13432.php,2026-09-19T20:11:13Z
Xiaomi,14T Pro,xiaomi_14t_pro-13328.php,2026-09-19T20:11:13Z
Xiaomi,14T,xiaomi_14t-13329.php,2026-09-19T20:11:13Z
Xiaomi,Redmi 14R,xiaomi_redmi_14r-13338.php,2026-09-19T20:11:13Z
Xiaomi,Redmi Watch 5 Lite,xiaomi_redmi_watch_5_lite-13361.php,2026-09-19T20:11:13Z
Xiaomi,Redmi Watch 5 Active,xiaomi_redmi_watch_5_active-13286.php,2026-09-19T20:11:13Z
Xiaomi,Poco Pad 5G,xiaomi_poco_pad_5g-13279.php,2026-09-19T20:11:13Z
Xiaomi,Poco M6 Plus,xiaomi_poco_m6_plus-13119.php,2026-09-19T20:11:13Z
Xiaomi,Redmi Pad SE 8.7,xiaomi_redmi_pad_se_8_7-13225.php,2026-09-19T20:11:13Z
Xiaomi,Mix Flip,xiaomi_mix_flip-13221.php,2026-09-19T20:11:13Z
Xiaomi,Mix Fold 4,xiaomi_mix_fold_4-13222.php,2026-09-19T20:11:21Z
Xiaomi,Watch S4 Sport,xiaomi_watch_s4_sport-13223.php,2026-09-19T20:11:21Z
Xiaomi,Redmi 13 5G,xiaomi_redmi_13_5g-13157.php,2026-09-19T20:11:21Z
Xiaomi,Poco M6 4G,xiaomi_poco_m6_4g-13131.php,2026-09-19T20:11:21Z
Xiaomi,14 Civi,xiaomi_14_civi-13056.php,2026-09-19T20:11:21Z
Xiaomi,Redmi Pad Pro 5G,xiaomi_redmi_pad_pro_5g-13071.php,2026-09-19T20:11:21Z
Xiaomi,Redmi A3x,xiaomi_redmi_a3x-13053.php,2026-09-19T20:11:21Z
Xiaomi,Poco F6 Pro,xiaomi_poco_f6_pro-12992.php,2026-09-19T20:11:21Z
Xiaomi,Poco F6,xiaomi_poco_f6-13000.php,2026-09-19T20:11:21Z
Xiaomi,Poco Pad,xiaomi_poco_pad-12953.php,2026-09-19T20:11:21Z
Xiaomi,Redmi Note 13R,xiaomi_redmi_note_13r-13011.php,2026-09-19T20:11:21Z
Xiaomi,Redmi Pad Pro,xiaomi_redmi_pad_pro-12922.php,2026-09-19T20:11:21Z
Xiaomi,Redmi Turbo 3,xiaomi_redmi_turbo_3-12920.php,2026-09-19T20:11:21Z
Xiaomi,Poco C61,xiaomi_poco_c61-12886.php,2026-09-19T20:11:21Z
Xiaomi,Civi 4 Pro,xiaomi_civi_4_pro-12888.php,2026-09-19T20:11:21Z
Xiaomi,Poco X6 Neo,xiaomi_poco_x6_neo-12863.php,2026-09-19T20:11:21Z
Xiaomi,14,xiaomi_14-12626.php,2026-09-19T20:11:21Z
Xiaomi,14 Ultra,xiaomi_14_ultra-12827.php,2026-09-19T20:11:21Z
Xiaomi,Pad 6S Pro 12.4,xiaomi_pad_6s_pro_12_4-12838.php,2026-09-19T20:11:21Z
Xiaomi,Watch 2,xiaomi_watch_2-12828.php,2026-09-19T20:11:21Z
Xiaomi,Watch S3,xiaomi_watch_s3-12834.php,2026-09-19T20:11:21Z
Xiaomi,Redmi Note 13 Pro 4G,xiaomi_redmi_note_13_pro_4g-12749.php,2026-09-19T20:11:21Z
Xiaomi,Poco X6,xiaomi_poco_x6-12723.php,2026-09-19T20:11:21Z
Xiaomi,Poco M6 Pro 4G,xiaomi_poco_m6_pro_4g-12779.php,2026-09-19T20:11:21Z
Xiaomi,Poco M6,xiaomi_poco_m6-12737.php,2026-09-19T20:11:21Z
Xiaomi,Redmi 13R,xiaomi_redmi_13r-12735.php,2026-09-19T20:11:21Z
Xiaomi,Redmi 13C 5G,xiaomi_redmi_13c_5g-12726.php,2026-09-19T20:11:21Z
Xiaomi,Redmi K70 Pro,xiaomi_redmi_k70_pro-12714.php,2026-09-19T20:11:21Z
Xiaomi,Redmi K70,xiaomi_redmi_k70-12715.php,2026-09-19T20:11:21Z
Xiaomi,Redmi K70E,xiaomi_redmi_k70e-12716.php,2026-09-19T20:11:21Z
Xiaomi,Redmi Watch 4,xiaomi_redmi_watch_4-12711.php,2026-09-19T20:11:21Z
Xiaomi,Redmi Note 13R Pro,xiaomi_redmi_note_13r_pro-12697.php,2026-09-19T20:11:21Z
Xiaomi,Poco C65,xiaomi_poco_c65-12684.php,2026-09-19T20:11:21Z
Xiaomi,14 Pro,xiaomi_14_pro-12643.php,2026-09-19T20:11:21Z
Xiaomi,13T Pro,xiaomi_13t_pro-12388.php,2026-09-19T20:11:21Z
Xiaomi,13T,xiaomi_13t-12389.php,2026-09-19T20:11:21Z
Xiaomi,Watch 2 Pro,xiaomi_watch_2_pro-12587.php,2026-09-19T20:11:21Z
Xiaomi,Redmi Pad SE,xiaomi_redmi_pad_se-12466.php,2026-09-19T20:11:21Z
Xiaomi,Redmi K60 Ultra,xiaomi_redmi_k60_ultra-12470.php,2026-09-19T20:11:21Z
Xiaomi,Mix Fold 3,xiaomi_mix_fold_3-12468.php,2026-09-19T20:11:21Z
Xiaomi,Poco M6 Pro,xiaomi_poco_m6_pro-12452.php,2026-09-19T20:11:29Z
Xiaomi,Redmi Watch 3 Active,xiaomi_redmi_watch_3_active-12449.php,2026-09-19T20:11:29Z
Xiaomi,Redmi Note 12R,xiaomi_redmi_note_12r-12392.php,2026-09-19T20:11:29Z
Xiaomi,Redmi Note 12R Pro,xiaomi_redmi_note_12r_pro-12245.php,2026-09-19T20:11:29Z
Xiaomi,Redmi Note 12T Pro,xiaomi_redmi_note_12t_pro-12298.php,2026-09-19T20:11:29Z
Xiaomi,Civi 3,xiaomi_civi_3-12134.php,2026-09-19T20:11:29Z
Xiaomi,Poco F5 Pro,xiaomi_poco_f5_pro-12257.php,2026-09-19T20:11:29Z
Xiaomi,Poco F5,xiaomi_poco_f5-12258.php,2026-09-19T20:11:29Z
Xiaomi,13 Ultra,xiaomi_13_ultra-12236.php,2026-09-19T20:11:29Z
Xiaomi,Pad 6 Pro,xiaomi_pad_6_pro-12238.php,2026-09-19T20:11:29Z
Xiaomi,Pad 6,xiaomi_pad_6-12237.php,2026-09-19T20:11:29Z
Xiaomi,Poco C51,xiaomi_poco_c51-12215.php,2026-09-19T20:11:29Z
Xiaomi,Redmi Note 12S,xiaomi_redmi_note_12s-12218.php,2026-09-19T20:11:29Z
Xiaomi,Redmi Note 12 Pro 4G,xiaomi_redmi_note_12_pro_4g-12209.php,2026-09-19T20:11:29Z
Xiaomi,Redmi Note 12 Turbo,xiaomi_redmi_note_12_turbo-12181.php,2026-09-19T20:11:29Z
Xiaomi,Redmi A2,xiaomi_redmi_a2-12124.php,2026-09-19T20:11:29Z
Xiaomi,13 Pro,xiaomi_13_pro-11962.php,2026-09-19T20:11:29Z
Xiaomi,13,xiaomi_13-12013.php,2026-09-19T20:11:29Z
Xiaomi,13 Lite,xiaomi_13_lite-12072.php,2026-09-19T20:11:29Z
Xiaomi,Poco C55,xiaomi_poco_c55-12126.php,2026-09-19T20:11:29Z
Xiaomi,Poco X5 Pro,xiaomi_poco_x5_pro-12094.php,2026-09-19T20:11:29Z
Xiaomi,Poco X5,xiaomi_poco_x5-12092.php,2026-09-19T20:11:29Z
Xiaomi,Poco C50,xiaomi_poco_c50-12053.php,2026-09-19T20:11:29Z
Xiaomi,Redmi Note 12 Pro Speed,xiaomi_redmi_note_12_pro_speed-12045.php,2026-09-19T20:11:29Z
Xiaomi,Redmi K60 Pro,xiaomi_redmi_k60_pro-12046.php,2026-09-19T20:11:29Z
Xiaomi,Redmi K60E,xiaomi_redmi_k60e-12047.php,2026-09-19T20:11:29Z
Xiaomi,Redmi K60,xiaomi_redmi_k60-11975.php,2026-09-19T20:11:29Z
Xiaomi,Redmi Watch 3,xiaomi_redmi_watch_3-12048.php,2026-09-19T20:11:29Z
Xiaomi,Watch S2,xiaomi_watch_s2-12023.php,2026-09-19T20:11:29Z
Xiaomi,Redmi Note 12 Discovery,xiaomi_redmi_note_12_discovery-11953.php,2026-09-19T20:11:29Z
Xiaomi,12T Pro,xiaomi_12t_pro-11887.php,2026-09-19T20:11:29Z
Xiaomi,12T,xiaomi_12t-11888.php,2026-09-19T20:11:29Z
Xiaomi,Redmi Pad,xiaomi_redmi_pad-11911.php,2026-09-19T20:11:29Z
Xiaomi,Redmi Note 11R,xiaomi_redmi_note_11r-11904.php,2026-09-19T20:11:29Z
Xiaomi,Civi 2,xiaomi_civi_2-11906.php,2026-09-19T20:11:29Z
Xiaomi,Redmi 11 Prime,xiaomi_redmi_11_prime-11855.php,2026-09-19T20:11:29Z
Xiaomi,Redmi 11 Prime 5G,xiaomi_redmi_11_prime_5g-11834.php,2026-09-19T20:11:29Z
Xiaomi,Redmi A1,xiaomi_redmi_a1-11848.php,2026-09-19T20:11:29Z
Xiaomi,Poco M5s,xiaomi_poco_m5s-11832.php,2026-09-19T20:11:29Z
Xiaomi,Poco M4 5G,xiaomi_poco_m4_5g-11762.php,2026-09-19T20:11:36Z
Xiaomi,Watch S1 Pro,xiaomi_watch_s1_pro-11760.php,2026-09-19T20:11:36Z
Xiaomi,Redmi K50 Ultra,xiaomi_redmi_k50_ultra-11580.php,2026-09-19T20:11:36Z
Xiaomi,Mix Fold 2,xiaomi_mix_fold_2-11758.php,2026-09-19T20:11:36Z
Xiaomi,Pad 5 Pro 12.4,xiaomi_pad_5_pro_12_4-11759.php,2026-09-19T20:11:36Z
Xiaomi,Redmi K50i,xiaomi_redmi_k50i-11653.php,2026-09-19T20:11:36Z
Xiaomi,12 Lite,xiaomi_12_lite-11472.php,2026-09-19T20:11:36Z
Xiaomi,12S Ultra,xiaomi_12s_ultra-11614.php,2026-09-19T20:11:36Z
Xiaomi,12S Pro,xiaomi_12s_pro-11651.php,2026-09-19T20:11:36Z
Xiaomi,12S,xiaomi_12s-11645.php,2026-09-19T20:11:36Z
Xiaomi,Poco F4,xiaomi_poco_f4-11627.php,2026-09-19T20:11:36Z
Xiaomi,Poco X4 GT,xiaomi_poco_x4_gt-11626.php,2026-09-19T20:11:36Z
Xiaomi,Poco C40,xiaomi_poco_c40-11468.php,2026-09-19T20:11:36Z
Xiaomi,Redmi Note 11T Pro,xiaomi_redmi_note_11t_pro-11550.php,2026-09-19T20:11:36Z
Xiaomi,Redmi Note 11SE,xiaomi_redmi_note_11se-11551.php,2026-09-19T20:11:36Z
Xiaomi,Redmi 10 Prime 2022,xiaomi_redmi_10_prime_2022-11519.php,2026-09-19T20:11:36Z
Xiaomi,Poco F4 GT,xiaomi_poco_f4_gt-11479.php,2026-09-19T20:11:36Z
Xiaomi,Poco Watch,xiaomi_poco_watch-11495.php,2026-09-19T20:11:36Z
Xiaomi,Civi 1S,xiaomi_civi_1s-11487.php,2026-09-19T20:11:36Z
Xiaomi,Redmi 10 Power,xiaomi_redmi_10_power-11486.php,2026-09-19T20:11:36Z
Xiaomi,Black Shark 5 Pro,xiaomi_black_shark_5_pro-11453.php,2026-09-19T20:11:36Z
Xiaomi,Black Shark 5,xiaomi_black_shark_5-11454.php,2026-09-19T20:11:36Z
Xiaomi,Black Shark 5 RS,xiaomi_black_shark_5_rs-11455.php,2026-09-19T20:11:36Z
Xiaomi,Redmi 10A,xiaomi_redmi_10a-11449.php,2026-09-19T20:11:36Z
Xiaomi,Redmi Note 11S 5G,xiaomi_redmi_note_11s_5g-11419.php,2026-09-19T20:11:36Z
Xiaomi,Redmi 10 5G,xiaomi_redmi_10_5g-11425.php,2026-09-19T20:11:36Z
Xiaomi,Redmi K50 Pro,xiaomi_redmi_k50_pro-11372.php,2026-09-19T20:11:36Z
Xiaomi,Redmi K50,xiaomi_redmi_k50-11430.php,2026-09-19T20:11:36Z
Xiaomi,Redmi K40S,xiaomi_redmi_k40s-11431.php,2026-09-19T20:11:36Z
Xiaomi,12 Pro,xiaomi_12_pro-11287.php,2026-09-19T20:11:36Z
Xiaomi,12,xiaomi_12-11285.php,2026-09-19T20:11:36Z
Xiaomi,12X,xiaomi_12x-11292.php,2026-09-19T20:11:36Z
Xiaomi,Watch S1 Active,xiaomi_watch_s1_active-11422.php,2026-09-19T20:11:36Z
Xiaomi,Redmi Note 11E Pro,xiaomi_redmi_note_11e_pro-11395.php,2026-09-19T20:11:36Z
Xiaomi,Redmi Note 11E,xiaomi_redmi_note_11e-11396.php,2026-09-19T20:11:36Z
Xiaomi,Poco X4 Pro 5G,xiaomi_poco_x4_pro_5g-11371.php,2026-09-19T20:11:36Z
Xiaomi,Poco M4 Pro,xiaomi_poco_m4_pro-11388.php,2026-09-19T20:11:36Z
Xiaomi,Redmi K50 Gaming,xiaomi_redmi_k50_gaming-11362.php,2026-09-19T20:11:36Z
Xiaomi,Redmi 10 2022,xiaomi_redmi_10_2022-11357.php,2026-09-19T20:11:36Z
Xiaomi,Redmi Note 11 Pro 5G,xiaomi_redmi_note_11_pro_5g-11333.php,2026-09-19T20:11:36Z
Xiaomi,Redmi Note 11S,xiaomi_redmi_note_11s-11335.php,2026-09-19T20:11:43Z
Xiaomi,11i HyperCharge 5G,xiaomi_11i_hypercharge_5g-11186.php,2026-09-19T20:11:43Z
Xiaomi,11i,xiaomi_11i-11185.php,2026-09-19T20:11:43Z
Xiaomi,Watch S1,xiaomi_watch_s1-11293.php,2026-09-19T20:11:43Z
Xiaomi,Redmi Note 11T 5G,xiaomi_redmi_note_11t_5g-11217.php,2026-09-19T20:11:43Z
Xiaomi,Redmi Note 11 4G,xiaomi_redmi_note_11_4g-11241.php,2026-09-19T20:11:43Z
Xiaomi,Poco M4 Pro 5G,xiaomi_poco_m4_pro_5g-11193.php,2026-09-19T20:11:43Z
Xiaomi,Redmi Watch 2 Lite,xiaomi_redmi_watch_2_lite-11187.php,2026-09-19T20:11:43Z
Xiaomi,Redmi Watch 2,xiaomi_redmi_watch_2-11182.php,2026-09-19T20:11:43Z
Xiaomi,Black Shark 4S Pro,xiaomi_black_shark_4s_pro-11152.php,2026-09-19T20:11:43Z
Xiaomi,Black Shark 4S,xiaomi_black_shark_4s-11153.php,2026-09-19T20:11:43Z
Xiaomi,Redmi Note 10 Lite,xiaomi_redmi_note_10_lite-11137.php,2026-09-19T20:11:43Z
Xiaomi,Civi,xiaomi_civi-11119.php,2026-09-19T20:11:43Z
Xiaomi,Watch Color 2,xiaomi_watch_color_2-11126.php,2026-09-19T20:11:43Z
Xiaomi,Redmi 9i Sport,xiaomi_redmi_9i_sport-11129.php,2026-09-19T20:11:43Z
Xiaomi,Redmi 9A Sport,xiaomi_redmi_9a_sport-11128.php,2026-09-19T20:11:43Z
Xiaomi,Poco C31,xiaomi_poco_c31-11134.php,2026-09-19T20:11:43Z
Xiaomi,Redmi 9 Activ,xiaomi_redmi_9_activ-11127.php,2026-09-19T20:11:43Z
Xiaomi,11T Pro,xiaomi_11t_pro-11100.php,2026-09-19T20:11:43Z
Xiaomi,11T,xiaomi_11t-11099.php,2026-09-19T20:11:43Z
Xiaomi,11 Lite 5G NE,xiaomi_11_lite_5g_ne-11101.php,2026-09-19T20:11:43Z
Xiaomi,Redmi 10 Prime,xiaomi_redmi_10_prime-11079.php,2026-09-19T20:11:43Z
Xiaomi,Pad 5 Pro,xiaomi_pad_5_pro-11043.php,2026-09-19T20:11:43Z
Xiaomi,Pad 5,xiaomi_pad_5-11042.php,2026-09-19T20:11:43Z
Xiaomi,Mix 4,xiaomi_mix_4-11040.php,2026-09-19T20:11:43Z
Xiaomi,Poco X3 GT,xiaomi_poco_x3_gt-10949.php,2026-09-19T20:11:43Z
Xiaomi,Poco F3 GT,xiaomi_poco_f3_gt-10886.php,2026-09-19T20:11:43Z
Xiaomi,Redmi Note 10T 5G,xiaomi_redmi_note_10t_5g-11008.php,2026-09-19T20:11:43Z
Xiaomi,Mi Watch Revolve Active,xiaomi_mi_watch_revolve_active-10977.php,2026-09-19T20:11:43Z
Xiaomi,Redmi Note 8 2021,xiaomi_redmi_note_8_2021-10919.php,2026-09-19T20:11:43Z
Xiaomi,Poco M3 Pro 5G,xiaomi_poco_m3_pro_5g-10857.php,2026-09-19T20:11:43Z
Xiaomi,Redmi K40 Gaming,xiaomi_redmi_k40_gaming-10880.php,2026-09-19T20:11:43Z
Xiaomi,Mi 11X Pro,xiaomi_mi_11x_pro-10776.php,2026-09-19T20:11:43Z
Xiaomi,Mi 11X,xiaomi_mi_11x-10775.php,2026-09-19T20:11:43Z
Xiaomi,Poco M2 Reloaded,xiaomi_poco_m2_reloaded-10867.php,2026-09-19T20:11:43Z
Xiaomi,Mi Mix Fold,xiaomi_mi_mix_fold-10817.php,2026-09-19T20:11:43Z
Xiaomi,Mi 11 Ultra,xiaomi_mi_11_ultra-10737.php,2026-09-19T20:11:43Z
Xiaomi,Mi 11 Pro,xiaomi_mi_11_pro-10816.php,2026-09-19T20:11:43Z
Xiaomi,Mi 11i,xiaomi_mi_11i-10777.php,2026-09-19T20:11:43Z
Xiaomi,Mi 11 Lite 5G,xiaomi_mi_11_lite_5g-10815.php,2026-09-19T20:11:43Z
Xiaomi,Mi 11 Lite,xiaomi_mi_11_lite-10665.php,2026-09-19T20:11:43Z
Xiaomi,Black Shark 4 Pro,xiaomi_black_shark_4_pro-10805.php,2026-09-19T20:11:43Z
Xiaomi,Black Shark 4,xiaomi_black_shark_4-10714.php,2026-09-19T20:11:43Z
Xiaomi,Mi 10S,xiaomi_mi_10s-10780.php,2026-09-19T20:11:52Z
Xiaomi,Redmi Note 10 5G,xiaomi_redmi_note_10_5g-10768.php,2026-09-19T20:11:52Z
Xiaomi,Redmi Note 10 Pro Max,xiaomi_redmi_note_10_pro_max-10770.php,2026-09-19T20:11:52Z
Xiaomi,Redmi K40 Pro,xiaomi_redmi_k40_pro-10727.php,2026-09-19T20:11:52Z
Xiaomi,Redmi K40,xiaomi_redmi_k40-10728.php,2026-09-19T20:11:52Z
Xiaomi,Redmi Note 9T,xiaomi_redmi_note_9t-10661.php,2026-09-19T20:11:52Z
Xiaomi,Redmi 9T,xiaomi_redmi_9t-10670.php,2026-09-19T20:11:52Z
Xiaomi,Mi 10i 5G,xiaomi_mi_10i_5g-10615.php,2026-09-19T20:11:52Z
Xiaomi,Mi 11,xiaomi_mi_11-10656.php,2026-09-19T20:11:52Z
Xiaomi,Redmi 9 Power,xiaomi_redmi_9_power-10616.php,2026-09-19T20:11:52Z
Xiaomi,Mi Watch Lite,xiaomi_mi_watch_lite-10633.php,2026-09-19T20:11:52Z
Xiaomi,Redmi Note 9 Pro 5G,xiaomi_redmi_note_9_pro_5g-10582.php,2026-09-19T20:11:52Z
Xiaomi,Redmi Note 9 5G,xiaomi_redmi_note_9_5g-10581.php,2026-09-19T20:11:52Z
Xiaomi,Redmi Note 9 4G,xiaomi_redmi_note_9_4g-10609.php,2026-09-19T20:11:52Z
Xiaomi,Redmi Watch,xiaomi_redmi_watch-10610.php,2026-09-19T20:11:52Z
Xiaomi,Poco M3,xiaomi_poco_m3-10599.php,2026-09-19T20:11:52Z
Xiaomi,Redmi K30S,xiaomi_redmi_k30s-10517.php,2026-09-19T20:11:52Z
Xiaomi,Mi Watch Color Sports,xiaomi_mi_watch_color_sports-10541.php,2026-09-19T20:11:52Z
Xiaomi,Poco C3,xiaomi_poco_c3-10482.php,2026-09-19T20:11:52Z
Xiaomi,Mi 10T Pro 5G,xiaomi_mi_10t_pro_5g-10437.php,2026-09-19T20:11:52Z
Xiaomi,Mi 10T 5G,xiaomi_mi_10t_5g-10473.php,2026-09-19T20:11:52Z
Xiaomi,Mi 10T Lite 5G,xiaomi_mi_10t_lite_5g-10480.php,2026-09-19T20:11:52Z
Xiaomi,Mi Watch,xiaomi_mi_watch-10481.php,2026-09-19T20:11:52Z
Xiaomi,Mi Watch Revolve,xiaomi_mi_watch_revolve-10305.php,2026-09-19T20:11:52Z
Xiaomi,Redmi 9AT,xiaomi_redmi_9at-10591.php,2026-09-19T20:11:52Z
Xiaomi,Redmi 9i,xiaomi_redmi_9i-10399.php,2026-09-19T20:11:52Z
Xiaomi,Poco M2,xiaomi_poco_m2-10434.php,2026-09-19T20:11:52Z
Xiaomi,Poco X3,xiaomi_poco_x3-10461.php,2026-09-19T20:11:52Z
Xiaomi,Poco X3 NFC,xiaomi_poco_x3_nfc-10415.php,2026-09-19T20:11:52Z
Xiaomi,Mi 10 Ultra,xiaomi_mi_10_ultra-10361.php,2026-09-19T20:11:52Z
Xiaomi,Redmi K30 Ultra,xiaomi_redmi_k30_ultra-10349.php,2026-09-19T20:11:52Z
Xiaomi,Redmi 9 Prime,xiaomi_redmi_9_prime-10353.php,2026-09-19T20:11:52Z
Xiaomi,Black Shark 3S,xiaomi_black_shark_3s-10350.php,2026-09-19T20:11:52Z
Xiaomi,Poco M2 Pro,xiaomi_poco_m2_pro-10318.php,2026-09-19T20:11:52Z
Xiaomi,Redmi 9C NFC,xiaomi_redmi_9c_nfc-10277.php,2026-09-19T20:11:52Z
Xiaomi,Redmi 9C,xiaomi_redmi_9c-10278.php,2026-09-19T20:11:52Z
Xiaomi,Redmi 10X Pro 5G,xiaomi_redmi_10x_pro_5g-10267.php,2026-09-19T20:11:52Z
Xiaomi,Redmi 10X 5G,xiaomi_redmi_10x_5g-10266.php,2026-09-19T20:11:52Z
Xiaomi,Redmi 10X 4G,xiaomi_redmi_10x_4g-10202.php,2026-09-19T20:11:52Z
Xiaomi,Redmi K30i 5G,xiaomi_redmi_k30i_5g-10200.php,2026-09-19T20:11:52Z
Xiaomi,Poco F2 Pro,xiaomi_poco_f2_pro-10220.php,2026-09-19T20:11:52Z
Xiaomi,Mi Note 10 Lite,xiaomi_mi_note_10_lite-10183.php,2026-09-19T20:11:59Z
Xiaomi,Mi 10 Youth 5G,xiaomi_mi_10_youth_5g-10207.php,2026-09-19T20:11:59Z
Xiaomi,Mi 10 Lite 5G,xiaomi_mi_10_lite_5g-10159.php,2026-09-19T20:11:59Z
Xiaomi,Redmi K30 Pro Zoom,xiaomi_redmi_k30_pro_zoom-10150.php,2026-09-19T20:11:59Z
Xiaomi,Redmi K30 Pro,xiaomi_redmi_k30_pro-10140.php,2026-09-19T20:11:59Z
Xiaomi,Redmi Note 9S,xiaomi_redmi_note_9s-10147.php,2026-09-19T20:11:59Z
Xiaomi,Redmi Note 9 Pro Max,xiaomi_redmi_note_9_pro_max-10126.php,2026-09-19T20:11:59Z
Xiaomi,Black Shark 3 Pro,xiaomi_black_shark_3_pro-10109.php,2026-09-19T20:11:59Z
Xiaomi,Black Shark 3,xiaomi_black_shark_3-10110.php,2026-09-19T20:11:59Z
Xiaomi,Mi 10 Pro 5G,xiaomi_mi_10_pro_5g-10055.php,2026-09-19T20:11:59Z
Xiaomi,Mi 10 5G,xiaomi_mi_10_5g-10082.php,2026-09-19T20:11:59Z
Xiaomi,Redmi 8A Pro,xiaomi_redmi_8a_pro-10169.php,2026-09-19T20:11:59Z
Xiaomi,Redmi 8A Dual,xiaomi_redmi_8a_dual-10078.php,2026-09-19T20:11:59Z
Xiaomi,Poco X2,xiaomi_poco_x2-10050.php,2026-09-19T20:11:59Z
Xiaomi,Redmi K30,xiaomi_redmi_k30-9991.php,2026-09-19T20:11:59Z
Xiaomi,Redmi K30 5G,xiaomi_redmi_k30_5g-9979.php,2026-09-19T20:11:59Z
Xiaomi,Redmi Note 8T,xiaomi_redmi_note_8t-9946.php,2026-09-19T20:11:59Z
Xiaomi,Mi Note 10 Pro,xiaomi_mi_note_10_pro-9945.php,2026-09-19T20:11:59Z
Xiaomi,Mi Note 10,xiaomi_mi_note_10-9936.php,2026-09-19T20:11:59Z
Xiaomi,Mi CC9 Pro,xiaomi_mi_cc9_pro-9935.php,2026-09-19T20:11:59Z
Xiaomi,Watch Color,xiaomi_watch_color-10014.php,2026-09-19T20:11:59Z
Xiaomi,Redmi 8,xiaomi_redmi_8-9800.php,2026-09-19T20:11:59Z
Xiaomi,Redmi 8A,xiaomi_redmi_8a-9897.php,2026-09-19T20:11:59Z
Xiaomi,Mi Mix Alpha,xiaomi_mi_mix_alpha-9893.php,2026-09-19T20:11:59Z
Xiaomi,Mi 9 Pro 5G,xiaomi_mi_9_pro_5g-9892.php,2026-09-19T20:11:59Z
Xiaomi,Mi 9 Pro,xiaomi_mi_9_pro-9891.php,2026-09-19T20:11:59Z
Xiaomi,Redmi K20 Pro Premium,xiaomi_redmi_k20_pro_premium-9884.php,2026-09-19T20:11:59Z
Xiaomi,Mi 9 Lite,xiaomi_mi_9_lite-9862.php,2026-09-19T20:11:59Z
Xiaomi,Black Shark 2 Pro,xiaomi_black_shark_2_pro-9779.php,2026-09-19T20:11:59Z
Xiaomi,Mi A3,xiaomi_mi_a3-9769.php,2026-09-19T20:11:59Z
Xiaomi,Redmi 7A,xiaomi_redmi_7a-9716.php,2026-09-19T20:11:59Z
Xiaomi,Mi CC9e,xiaomi_mi_cc9e-9759.php,2026-09-19T20:11:59Z
Xiaomi,Mi CC9,xiaomi_mi_cc9-9749.php,2026-09-19T20:11:59Z
Xiaomi,Mi 9T Pro,xiaomi_mi_9t_pro-9791.php,2026-09-19T20:11:59Z
Xiaomi,Mi 9T,xiaomi_mi_9t-9738.php,2026-09-19T20:11:59Z
Xiaomi,Redmi K20,xiaomi_redmi_k20-9720.php,2026-09-19T20:11:59Z
Xiaomi,Redmi K20 Pro,xiaomi_redmi_k20_pro-9708.php,2026-09-19T20:11:59Z
Xiaomi,Redmi Note 7S,xiaomi_redmi_note_7s-9707.php,2026-09-19T20:11:59Z
Xiaomi,Redmi Y3,xiaomi_redmi_y3-9674.php,2026-09-19T20:11:59Z
Xiaomi,Black Shark 2,xiaomi_black_shark_2-9639.php,2026-09-19T20:11:59Z
Xiaomi,Redmi 7,xiaomi_redmi_7-9498.php,2026-09-19T20:11:59Z
Xiaomi,Redmi Note 7 Pro,xiaomi_redmi_note_7_pro-9521.php,2026-09-19T20:11:59Z
Xiaomi,Mi Mix 3 5G,xiaomi_mi_mix_3_5g-9602.php,2026-09-19T20:11:59Z
Xiaomi,Mi 9 SE,xiaomi_mi_9_se-9583.php,2026-09-19T20:12:07Z
Xiaomi,Mi 9,xiaomi_mi_9-9507.php,2026-09-19T20:12:07Z
Xiaomi,Redmi Go,xiaomi_redmi_go-9534.php,2026-09-19T20:12:07Z
Xiaomi,Redmi Note 7,xiaomi_redmi_note_7-9513.php,2026-09-19T20:12:07Z
Xiaomi,Mi Play,xiaomi_mi_play-9499.php,2026-09-19T20:12:07Z
Xiaomi,Black Shark Helo,xiaomi_black_shark_helo-9382.php,2026-09-19T20:12:07Z
Xiaomi,Mi Mix 3,xiaomi_mi_mix_3-9378.php,2026-09-19T20:12:07Z
Xiaomi,Redmi Note 6 Pro,xiaomi_redmi_note_6_pro-9333.php,2026-09-19T20:12:07Z
Xiaomi,Mi 8 Pro,xiaomi_mi_8_pro-9336.php,2026-09-19T20:12:07Z
Xiaomi,Mi 8 Lite,xiaomi_mi_8_lite-9329.php,2026-09-19T20:12:07Z
Xiaomi,Pocophone F1,xiaomi_pocophone_f1-9293.php,2026-09-19T20:12:07Z
Xiaomi,Mi Max 3,xiaomi_mi_max_3-8963.php,2026-09-19T20:12:07Z
Xiaomi,Mi Pad 4 Plus,xiaomi_mi_pad_4_plus-9295.php,2026-09-19T20:12:07Z
Xiaomi,Mi Pad 4,xiaomi_mi_pad_4-9249.php,2026-09-19T20:12:07Z
Xiaomi,Redmi 6,xiaomi_redmi_6-9237.php,2026-09-19T20:12:07Z
Xiaomi,Redmi 6A,xiaomi_redmi_6a-9217.php,2026-09-19T20:12:07Z
Xiaomi,Mi 8 Explorer,xiaomi_mi_8_explorer-9218.php,2026-09-19T20:12:07Z
Xiaomi,Mi 8,xiaomi_mi_8-9065.php,2026-09-19T20:12:07Z
Xiaomi,Mi 8 SE,xiaomi_mi_8_se-9219.php,2026-09-19T20:12:07Z
Xiaomi,Mi Mix 2S,xiaomi_mi_mix_2s-9067.php,2026-09-19T20:12:07Z
Xiaomi,Redmi Note 5 AI Dual Camera,xiaomi_redmi_note_5_ai_dual_camera-9120.php,2026-09-19T20:12:07Z
Xiaomi,Redmi Note 5 Pro,xiaomi_redmi_note_5_pro-8893.php,2026-09-19T20:12:07Z
Xiaomi,Black Shark,xiaomi_black_shark-9164.php,2026-09-19T20:12:07Z
Xiaomi,Redmi 5,xiaomi_redmi_5-8768.php,2026-09-19T20:12:07Z
Xiaomi,Redmi 5A,xiaomi_redmi_5a-8898.php,2026-09-19T20:12:07Z
Xiaomi,Redmi Y1 Lite,xiaomi_redmi_y1_lite-8818.php,2026-09-19T20:12:07Z
Xiaomi,Mi Note 3,xiaomi_mi_note_3-8707.php,2026-09-19T20:12:07Z
Xiaomi,Mi Mix 2,xiaomi_mi_mix_2-8529.php,2026-09-19T20:12:07Z
Xiaomi,Mi Max 2,xiaomi_mi_max_2-8582.php,2026-09-19T20:12:07Z
Xiaomi,Mi 6,xiaomi_mi_6-8507.php,2026-09-19T20:12:07Z
Xiaomi,Mi Pad 3,xiaomi_mi_pad_3-8477.php,2026-09-19T20:12:07Z
Xiaomi,Mi 5c,xiaomi_mi_5c-8439.php,2026-09-19T20:12:07Z
Xiaomi,Redmi Note 4X,xiaomi_redmi_note_4x-8580.php,2026-09-19T20:12:07Z
Xiaomi,Redmi Note 4,xiaomi_redmi_note_4-8531.php,2026-09-19T20:12:07Z
Xiaomi,Redmi 4A,xiaomi_redmi_4a-8420.php,2026-09-19T20:12:07Z
Xiaomi,Mi 6 Plus,xiaomi_mi_6_plus-8629.php,2026-09-19T20:12:07Z
Xiaomi,Redmi 4 Prime,xiaomi_redmi_4_prime-8263.php,2026-09-19T20:12:07Z
Xiaomi,Mi Mix,xiaomi_mi_mix-8400.php,2026-09-19T20:12:07Z
Xiaomi,Mi Note 2,xiaomi_mi_note_2-8014.php,2026-09-19T20:12:07Z
Xiaomi,Mi 5s Plus,xiaomi_mi_5s_plus-8350.php,2026-09-19T20:12:07Z
Xiaomi,Mi 5s,xiaomi_mi_5s-7260.php,2026-09-19T20:12:07Z
Xiaomi,Redmi Pro,xiaomi_redmi_pro-8233.php,2026-09-19T20:12:13Z
Xiaomi,Redmi 3x,xiaomi_redmi_3x-8212.php,2026-09-19T20:12:13Z
Xiaomi,Redmi 3s Prime,xiaomi_redmi_3s_prime-8250.php,2026-09-19T20:12:13Z
Xiaomi,Redmi 3s,xiaomi_redmi_3s-8150.php,2026-09-19T20:12:13Z
Xiaomi,Redmi 3 Pro,xiaomi_redmi_3_pro-8007.php,2026-09-19T20:12:13Z
Xiaomi,Mi Max,xiaomi_mi_max-8057.php,2026-09-19T20:12:13Z
Xiaomi,Mi 5,xiaomi_mi_5-6948.php,2026-09-19T20:12:13Z
Xiaomi,Mi 4s,xiaomi_mi_4s-7962.php,2026-09-19T20:12:13Z
Xiaomi,Redmi Note 3,xiaomi_redmi_note_3-7863.php,2026-09-19T20:12:13Z
Xiaomi,Redmi 3,xiaomi_redmi_3-7862.php,2026-09-19T20:12:13Z
Xiaomi,Redmi Note Prime,xiaomi_redmi_note_prime-7822.php,2026-09-19T20:12:13Z
Xiaomi,Mi Pad 2,xiaomi_mi_pad_2-7770.php,2026-09-19T20:12:13Z
Xiaomi,Mi 4c,xiaomi_mi_4c-7512.php,2026-09-19T20:12:13Z
Xiaomi,Redmi Note 2,xiaomi_redmi_note_2-6992.php,2026-09-19T20:12:13Z
Xiaomi,Redmi 2 Pro,xiaomi_redmi_2_pro-7710.php,2026-09-19T20:12:13Z
Xiaomi,Redmi 2 Prime,xiaomi_redmi_2_prime-7480.php,2026-09-19T20:12:13Z
Xiaomi,Mi 4i,xiaomi_mi_4i-7211.php,2026-09-19T20:12:13Z
Xiaomi,Mi Note Pro,xiaomi_mi_note_pro-6952.php,2026-09-19T20:12:13Z
Xiaomi,Mi Note,xiaomi_mi_note-6944.php,2026-09-19T20:12:13Z
Xiaomi,Redmi 2A,xiaomi_redmi_2a-7159.php,2026-09-19T20:12:13Z
Xiaomi,Redmi 2,xiaomi_redmi_2-6884.php,2026-09-19T20:12:13Z
Xiaomi,Mi 4 LTE,xiaomi_mi_4_lte-6866.php,2026-09-19T20:12:13Z
Xiaomi,Redmi Note 4G,xiaomi_redmi_note_4g-6561.php,2026-09-19T20:12:13Z
Xiaomi,Mi 4,xiaomi_mi_4-6518.php,2026-09-19T20:12:13Z
Xiaomi,Mi Pad 7.9,xiaomi_mi_pad_7_9-6365.php,2026-09-19T20:12:13Z
Xiaomi,Redmi Note,xiaomi_redmi_note-6217.php,2026-09-19T20:12:13Z
Xiaomi,Mi 3,xiaomi_mi_3-5678.php,2026-09-19T20:12:13Z
Xiaomi,Redmi 1S,xiaomi_redmi_1s-6373.php,2026-09-19T20:12:13Z
Xiaomi,Redmi,xiaomi_redmi-5609.php,2026-09-19T20:12:13Z
Xiaomi,Mi 2A,xiaomi_mi_2a-5646.php,2026-09-19T20:12:13Z
Xiaomi,Mi 2S,xiaomi_mi_2s-5397.php,2026-09-19T20:12:13Z
Xiaomi,Mi 2,xiaomi_mi_2-4928.php,2026-09-19T20:12:13Z
Xiaomi,Mi 1S,xiaomi_mi_1s-4929.php,2026-09-19T20:12:13Z
Xiaomi,12 Lite NE,xiaomi_12_lite_ne-11947.php,2026-09-19T20:12:13Z
Xiaomi,Redmi 11,xiaomi_redmi_11-11574.php,2026-09-19T20:12:13Z
Xiaomi,Poco X4 NFC,xiaomi_poco_x4_nfc-11242.php,2026-09-19T20:12:13Z
Xiaomi,Poco M3 Pro,xiaomi_poco_m3_pro-10916.php,2026-09-19T20:12:13Z
Xiaomi,Redmi 20X,xiaomi_redmi_20x-10832.php,2026-09-19T20:12:13Z
Xiaomi,Redmi 11A,xiaomi_redmi_11a-11982.php,2026-09-19T20:12:13Z
Xiaomi,Mi 10 Lite Zoom,xiaomi_mi_10_lite_zoom-10210.php,2026-09-19T20:12:13Z
Xiaomi,Mi 9X,xiaomi_mi_9x-9650.php,2026-09-19T20:12:13Z
Xiaomi,Mi Max 4 Pro,xiaomi_mi_max_4_pro-9552.php,2026-09-19T20:12:13Z
Xiaomi,Mi Max 4,xiaomi_mi_max_4-9551.php,2026-09-19T20:12:13Z
Xiaomi,Mi 6c,xiaomi_mi_6c-8798.php,2026-09-19T20:12:13Z
Xiaomi,Redmi Pro 2,xiaomi_redmi_pro_2-8558.php,2026-09-19T20:12:13Z
Xiaomi,Mi Note Plus,xiaomi_mi_note_plus-6960.php,2026-09-19T20:12:13Z
Tecno,Camon 30S Pro,tecno_camon_30s_pro-13242.php,2026-09-19T20:12:20Z
Tecno,Spark 20P,tecno_spark_20p-13125.php,2026-09-19T20:12:20Z
Tecno,Spark 20 Pro 5G,tecno_spark_20_pro_5g-13124.php,2026-09-19T20:12:20Z
Tecno,Pova 6 Neo,tecno_pova_6_neo-12911.php,2026-09-19T20:12:20Z
Tecno,Camon 30 Premier,tecno_camon_30_premier-12845.php,2026-09-19T20:12:20Z
Tecno,Camon 20s Pro 5G,tecno_camon_20s_pro_5g-12933.php,2026-09-19T20:12:20Z
Tecno,Phantom V Flip,tecno_phantom_v_flip-12580.php,2026-09-19T20:12:20Z
Tecno,Pova Neo 3,tecno_pova_neo_3-12394.php,2026-09-19T20:12:20Z
Tecno,Camon 20 Premier,tecno_camon_20_premier-12256.php,2026-09-19T20:12:20Z
Tecno,Spark 10 5G,tecno_spark_10_5g-12179.php,2026-09-19T20:12:20Z
Tecno,Phantom V Fold,tecno_phantom_v_fold-12150.php,2026-09-19T20:12:20Z
Tecno,Pop 7 Pro,tecno_pop_7_pro-12108.php,2026-09-19T20:12:20Z
Tecno,Phantom X2 Pro,tecno_phantom_x2_pro-12010.php,2026-09-19T20:12:20Z
Tecno,Phantom X2,tecno_phantom_x2-12009.php,2026-09-19T20:12:20Z
Tecno,Pova 4,tecno_pova_4-11926.php,2026-09-19T20:12:20Z
Tecno,Pova 4 Pro,tecno_pova_4_pro-11925.php,2026-09-19T20:12:20Z
Tecno,Pova Neo 2,tecno_pova_neo_2-11900.php,2026-09-19T20:12:20Z
Tecno,Pova Neo 5G,tecno_pova_neo_5g-11898.php,2026-09-19T20:12:20Z
Tecno,Pop 6 Pro,tecno_pop_6_pro-11886.php,2026-09-19T20:12:20Z
Tecno,Spark 9,tecno_spark_9-11694.php,2026-09-19T20:12:20Z
Tecno,Spark 9T,tecno_spark_9t-11631.php,2026-09-19T20:12:20Z
Tecno,Camon 19 Pro 5G,tecno_camon_19_pro_5g-11625.php,2026-09-19T20:12:20Z
Tecno,Camon 19 Pro,tecno_camon_19_pro-11618.php,2026-09-19T20:12:20Z
Tecno,Camon 19,tecno_camon_19-11617.php,2026-09-19T20:12:20Z
Tecno,Camon 19 Neo,tecno_camon_19_neo-11619.php,2026-09-19T20:12:20Z
Tecno,Pop 6,tecno_pop_6-11781.php,2026-09-19T20:12:20Z
Tecno,Pova 3,tecno_pova_3-11553.php,2026-09-19T20:12:27Z
Tecno,Pop 6 Go,tecno_pop_6_go-11782.php,2026-09-19T20:12:27Z
Tecno,Pop 5S,tecno_pop_5s-11352.php,2026-09-19T20:12:27Z
Tecno,Pop 5X,tecno_pop_5x-11337.php,2026-09-19T20:12:27Z
Tecno,Pop 5 Pro,tecno_pop_5_pro-11326.php,2026-09-19T20:12:27Z
Tecno,Spark 8 Pro,tecno_spark_8_pro-11297.php,2026-09-19T20:12:27Z
Tecno,Spark 8T,tecno_spark_8t-11298.php,2026-09-19T20:12:27Z
Tecno,Spark Go 2022,tecno_spark_go_2022-11299.php,2026-09-19T20:12:27Z
Tecno,Pova 5G,tecno_pova_5g-11289.php,2026-09-19T20:12:27Z
Tecno,Pova Neo,tecno_pova_neo-11260.php,2026-09-19T20:12:27Z
Tecno,Camon 18T,tecno_camon_18t-11254.php,2026-09-19T20:12:27Z
Tecno,Pop 5 LTE,tecno_pop_5_lte-11296.php,2026-09-19T20:12:27Z
Tecno,Pop 5c,tecno_pop_5c-11212.php,2026-09-19T20:12:27Z
Tecno,Camon 18i,tecno_camon_18i-11192.php,2026-09-19T20:12:27Z
Tecno,Spark 8P,tecno_spark_8p-11250.php,2026-09-19T20:12:27Z
Tecno,Camon 18 Premier,tecno_camon_18_premier-11138.php,2026-09-19T20:12:27Z
Tecno,Camon 18 P,tecno_camon_18_p-11139.php,2026-09-19T20:12:27Z
Tecno,Camon 18,tecno_camon_18-11140.php,2026-09-19T20:12:27Z
Tecno,Spark 8,tecno_spark_8-11188.php,2026-09-19T20:12:27Z
Tecno,Pop 5,tecno_pop_5-11032.php,2026-09-19T20:12:27Z
Tecno,Spark Go 2021,tecno_spark_go_2021-10983.php,2026-09-19T20:12:27Z
Tecno,Spark 7T,tecno_spark_7t-10984.php,2026-09-19T20:12:27Z
Tecno,Phantom X,tecno_phantom_x-10979.php,2026-09-19T20:12:27Z
Tecno,Pova 2,tecno_pova_2-10945.php,2026-09-19T20:12:27Z
Tecno,Camon 17 Pro,tecno_camon_17_pro-10895.php,2026-09-19T20:12:27Z
Tecno,Camon 17P,tecno_camon_17p-10896.php,2026-09-19T20:12:27Z
Tecno,Camon 17,tecno_camon_17-10897.php,2026-09-19T20:12:27Z
Tecno,Spark 7 Pro,tecno_spark_7_pro-10884.php,2026-09-19T20:12:27Z
Tecno,Spark 7P,tecno_spark_7p-10849.php,2026-09-19T20:12:27Z
Tecno,Camon 16 Pro,tecno_camon_16_pro-10634.php,2026-09-19T20:12:27Z
Tecno,Camon 16 S,tecno_camon_16_s-10635.php,2026-09-19T20:12:27Z
Tecno,Spark 6 Go,tecno_spark_6_go-10636.php,2026-09-19T20:12:27Z
Tecno,Spark Go 2020,tecno_spark_go_2020-10637.php,2026-09-19T20:12:27Z
Tecno,Pova,tecno_pova-10549.php,2026-09-19T20:12:27Z
Tecno,Camon 16,tecno_camon_16-10503.php,2026-09-19T20:12:27Z
Tecno,Spark 6 Air,tecno_spark_6_air-10548.php,2026-09-19T20:12:27Z
Tecno,Spark 6,tecno_spark_6-10471.php,2026-09-19T20:12:27Z
Tecno,Camon 16 Premier,tecno_camon_16_premier-10421.php,2026-09-19T20:12:27Z
Tecno,Pouvoir 4 Pro,tecno_pouvoir_4_pro-10345.php,2026-09-19T20:12:27Z
Tecno,Pop 4,tecno_pop_4-10720.php,2026-09-19T20:12:27Z
Tecno,Pouvoir 4,tecno_pouvoir_4-10344.php,2026-09-19T20:12:27Z
Tecno,Spark Power 2,tecno_spark_power_2-10300.php,2026-09-19T20:12:27Z
Tecno,Spark 5 Air,tecno_spark_5_air-10225.php,2026-09-19T20:12:27Z
Tecno,Spark 5 pro,tecno_spark_5_pro-10324.php,2026-09-19T20:12:27Z
Tecno,Spark 5,tecno_spark_5-10221.php,2026-09-19T20:12:27Z
Tecno,Camon 15 Premier,tecno_camon_15_premier-10190.php,2026-09-19T20:12:27Z
Tecno,Camon 15 Air,tecno_camon_15_air-10189.php,2026-09-19T20:12:27Z
Tecno,Camon 15,tecno_camon_15-10093.php,2026-09-19T20:12:36Z
Tecno,Camon 12 Air,tecno_camon_12_air-10005.php,2026-09-19T20:12:36Z
Tecno,Pop 3 Plus,tecno_pop_3_plus-10006.php,2026-09-19T20:12:36Z
Tecno,Spark 4 Lite,tecno_spark_4_lite-10007.php,2026-09-19T20:12:36Z
Tecno,Spark 4,tecno_spark_4-10695.php,2026-09-19T20:12:36Z
Tecno,Camon 12 Pro,tecno_camon_12_pro-9865.php,2026-09-19T20:12:36Z
Tecno,Camon 12,tecno_camon_12-9864.php,2026-09-19T20:12:36Z
Tecno,Pouvoir 3 Air,tecno_pouvoir_3_air-9868.php,2026-09-19T20:12:36Z
Tecno,Pouvoir 3 Plus,tecno_pouvoir_3_plus-9867.php,2026-09-19T20:12:36Z
Tecno,Pouvoir 3,tecno_pouvoir_3-9866.php,2026-09-19T20:12:36Z
Tecno,Spark 3,tecno_spark_3-9869.php,2026-09-19T20:12:36Z
Tecno,Spark 3 Pro,tecno_spark_3_pro-9870.php,2026-09-19T20:12:36Z
Tecno,Spark Go (2019),tecno_spark_go-9871.php,2026-09-19T20:12:36Z
Tecno,Pop 2 F,tecno_pop_2_f-9874.php,2026-09-19T20:12:36Z
Tecno,Pop 2 Plus,tecno_pop_2_plus-9875.php,2026-09-19T20:12:36Z
Tecno,Phantom 9,tecno_phantom_9-9767.php,2026-09-19T20:12:36Z
Tecno,Camon iACE2X,tecno_camon_iace2x-9577.php,2026-09-19T20:12:36Z
Tecno,Camon i4,tecno_camon_i4-11959.php,2026-09-19T20:12:36Z
Tecno,Camon iACE2,tecno_camon_iace2-9578.php,2026-09-19T20:12:36Z
Tecno,Camon 11 Pro,tecno_camon_11_pro-9441.php,2026-09-19T20:12:36Z
Tecno,Camon 11,tecno_camon_11-9442.php,2026-09-19T20:12:36Z
Tecno,Pop 1s,tecno_pop_1s-9465.php,2026-09-19T20:12:36Z
Tecno,Pop 1 Pro,tecno_pop_1_pro-9464.php,2026-09-19T20:12:36Z
Tecno,Pop 1,tecno_pop_1-9463.php,2026-09-19T20:12:36Z
Tecno,F2 LTE,tecno_f2_lte-9461.php,2026-09-19T20:12:36Z
Tecno,F2,tecno_f2-9460.php,2026-09-19T20:12:36Z
Tecno,Pop 1 Lite,tecno_pop_1_lite-9459.php,2026-09-19T20:12:36Z
Tecno,Pouvoir 2 Pro,tecno_pouvoir_2_pro-9458.php,2026-09-19T20:12:36Z
Tecno,Pouvoir 2,tecno_pouvoir_2-9457.php,2026-09-19T20:12:36Z
Tecno,Pouvoir 1,tecno_pouvoir_1-9456.php,2026-09-19T20:12:36Z
Tecno,Spark Pro,tecno_spark_pro-9455.php,2026-09-19T20:12:36Z
Tecno,Spark Plus,tecno_spark_plus-9452.php,2026-09-19T20:12:36Z
Tecno,Spark CM,tecno_spark_cm-9451.php,2026-09-19T20:12:36Z
Tecno,Spark 2,tecno_spark_2-9450.php,2026-09-19T20:12:36Z
Tecno,Spark,tecno_spark-9449.php,2026-09-19T20:12:36Z
Tecno,Camon X Pro,tecno_camon_x_pro-9448.php,2026-09-19T20:12:36Z
Tecno,Camon X,tecno_camon_x-9447.php,2026-09-19T20:12:36Z
Tecno,Camon CX Manchester City LE,tecno_camon_cx_manchester_city_le-9446.php,2026-09-19T20:12:36Z
Tecno,Camon CX Air,tecno_camon_cx_air-9445.php,2026-09-19T20:12:36Z
Tecno,Camon CX,tecno_camon_cx-9444.php,2026-09-19T20:12:36Z
Tecno,Camon CM,tecno_camon_cm-9443.php,2026-09-19T20:12:36Z
Tecno,Phantom 8,tecno_phantom_8-9440.php,2026-09-19T20:12:36Z
Tecno,Phantom 6 Plus,tecno_phantom_6_plus-9439.php,2026-09-19T20:12:36Z
Tecno,Phantom 6,tecno_phantom_6-9438.php,2026-09-19T20:12:36Z
