phone,androidBulletinDate,cadence,endOfLife,spVersion,screenId,comments,cadenceComments,dateOfFirstLiveRelease
HMD Aura,2026-06-01,Quarterly,Aug-26,Jun-26,00WW_1_160_SP04,SP Only (Android 13),Estimated,"July 06, 2026"
HMD Arc,2026-05-01,Quarterly,Feb-27,May-26,00WW_1_390,SP Only (Android 15) ,Estimated   -  4GB Variant ,"July 06, 2026"
HMD Crest Max 5G,2026-05-01,Quarterly,Oct-26,May-26,00WW_1_590_SP03,SP Only (Android 14),Estimated,"July 02, 2026"
HMD Crest 5G,2026-05-01,Quarterly,Oct-26,May-26,00WW_1_590_SP03,SP Only (Android 14),Estimated,"July 02, 2026"
HMD Pulse Pro,2026-05-01,Quarterly,May-27,May-26,00WW_2_450_SP04,SP Only (Android 15) ,Estimated,"June 16, 2026"
HMD Pulse+,2026-05-01,Quarterly,May-27,May-26,00WW_2_450_SP04,SP Only (Android 15) ,Estimated,"June 16, 2026"
HMD Pulse,2026-05-01,Quarterly,May-27,May-26,00WW_2_450_SP04,SP Only (Android 15) ,Estimated,"June 16, 2026"
Nokia G22,2026-05-01,Final guaranteed Security Patch Update,Apr-26,May-26,00WW_3_610_SP08,SP Only (Android 14),,"June 15, 2026"
HMD XR21,2026-06-01,Quarterly,Mar-27,Jun-26,00WW_3_340_SP02,SP Only (Android 14),Estimated,"June 15, 2026"
Nokia XR21,2026-06-01,Quarterly,Mar-27,Jun-26,00WW_3_340_SP02,SP Only (Android 14),Estimated,"June 15, 2026"
HMD T21,2026-05-01,Quarterly,Mar-27,May-26,00WW_3_550_SP04,SP Only (Android 14),Estimated,"June 05, 2026"
Nokia T21,2026-05-01,Final guaranteed Security Patch Update,Mar-26,May-26,00WW_3_550_SP04,SP Only (Android 14),,"June 05, 2026"
Nokia G42 5G,2026-05-01,Quarterly,Aug-26,May-26,00WW_3_250_SP04,SP Only (Android 15),,"May 28, 2026"
HMD Arc,2026-05-01,Quarterly,Feb-27,May-26,00WW_1_370,SP Only (Android 15) ,Estimated   -  4GB Variant ,"May 27, 2026"
HMD Arc,2026-04-01,Quarterly,Feb-27,Apr-26,00WW_1_190_SP04,SP (Android 14 GO),Estimated   -  2GB Variant ,"May 04, 2026"
HMD Key,2026-04-01,Quarterly,Mar-27,Apr-26,00WW_1_120_SP02,SP (Android 14 GO),Estimated,"April 23, 2026"
HMD Fusion X1,2026-04-01,Quarterly,Nov-27,Apr-26,00WW_2_830_SP02,SP Only (Android 15),Estimated,"April 20, 2026"
HMD Fuse,2026-04-01,Quarterly,Feb-28,Apr-26,00WW_2_830_SP02,SP Only (Android 15),Estimated,"April 20, 2026"
HMD Fusion,2026-04-01,Quarterly,Nov-27,Apr-26,00WW_2_830_SP02,SP Only (Android 15),Estimated,"April 20, 2026"
HMD Skyline,2026-04-01,Quarterly,Sep-27,Apr-26,00WW_2_420_SP02,SP Only (Android 15) ,Estimated,"April 20, 2026"
Nokia G22,2026-02-01,Quarterly,Apr-26,Feb-26,00WW_3_610_SP08,SP Only (Android 14),,"March 12, 2026"
HMD T21,2026-02-01,Quarterly,Mar-27,Feb-26,00WW_3_550_SP03,SP Only (Android 14),Estimated,"February 13, 2026"
Nokia T21,2026-02-01,Quarterly,Mar-26,Feb-26,00WW_3_550_SP03,SP Only (Android 14),,"February 13, 2026"
HMD Pulse Pro,2026-02-01,Quarterly,May-27,Feb-26,00WW_2_450_SP03,SP Only (Android 15) ,Estimated,"February 11, 2026"
HMD Pulse+,2026-02-01,Quarterly,May-27,Feb-26,00WW_2_450_SP03,SP Only (Android 15) ,Estimated,"February 11, 2026"
HMD Pulse,2026-02-01,Quarterly,May-27,Feb-26,00WW_2_450_SP03,SP Only (Android 15) ,Estimated,"February 11, 2026"
Nokia G42 5G,2026-02-01,Quarterly,Aug-26,Feb-26,00WW_3_250_SP03,SP Only (Android 15),,"February 11, 2026"
HMD Arc,2026-02-01,Quarterly,Feb-27,Feb-26,00WW_1_280_SP03,SP Only (Android 15) ,Estimated   -  4GB Variant ,"February 11, 2026"
Nokia X30 5G,2026-01-01,Final guaranteed Security Patch Update,Jan-26,Jan-26,00WW_3_240_SP03,SP Only (Android 14),,"February 06, 2026"
Nokia G60 5G,2026-01-01,Final guaranteed Security Patch Update,Dec-25,Jan-26,00WW_3_230_SP07,SP Only (Android 14),,"February 06, 2026"
HMD XR21,2026-02-01,Quarterly,Mar-27,Feb-26,00WW_3_340_SP01,SP Only (Android 14),Estimated,"February 05, 2026"
Nokia XR21,2026-02-01,Quarterly,Mar-27,Feb-26,00WW_3_340_SP01,SP Only (Android 14),Estimated,"February 05, 2026"
HMD Aura,2026-02-01,Quarterly,Aug-26,Feb-26,00WW_1_160_SP03,SP Only (Android 13),Estimated,"February 05, 2026"
HMD Fusion X1,2026-01-01,Quarterly,Nov-27,Jan-26,00WW_2_830_SP01,SP Only (Android 15),Estimated,"January 26, 2026"
HMD Fusion X1,2025-09-01,Quarterly,Nov-27,Sep-25,00WW_2_830,MR Update and SP (Android 15),Estimated,"January 26, 2026"
HMD Fuse,2026-01-01,Quarterly,Feb-28,Jan-26,00WW_2_830_SP01,SP Only (Android 15),Estimated,"January 22, 2026"
HMD Fusion,2026-01-01,Quarterly,Nov-27,Jan-26,00WW_2_830_SP01,SP Only (Android 15),Estimated,"January 22, 2026"
HMD Skyline,2026-01-01,Quarterly,Sep-27,Jan-26,00WW_2_420_SP01,SP Only (Android 15) ,Estimated,"January 15, 2026"
HMD Key,2025-12-01,Quarterly,Mar-27,Dec-25,00WW_1_120_SP01,SP (Android 14 GO),Estimated,"December 19, 2025"
HMD Fuse,2025-09-01,Quarterly,Feb-28,Sep-25,00WW_2_830,MR Update and SP (Android 15),Estimated,"December 06, 2025"
HMD Fusion,2025-09-01,Quarterly,Nov-27,Sep-25,00WW_2_830,MR Update and SP (Android 15),Estimated,"December 06, 2025"
HMD XR21,2025-10-01,Quarterly,Mar-27,Oct-25,00WW_3_340,MR Update and SP (Android 14) ,Estimated,"December 05, 2025"
Nokia XR21,2025-10-01,Quarterly,Mar-27,Oct-25,00WW_3_340,MR Update and SP (Android 14) ,Estimated,"December 05, 2025"
HMD Arc,2025-11-01,Quarterly,Feb-27,Nov-25,00WW_1_330,MR Update and SP (Android 14 GO),Estimated   -  4GB Variant ,"December 03, 2025"
HMD T21,2025-11-01,Quarterly,Mar-27,Nov-25,00WW_3_550_SP02,SP Only (Android 14),Estimated,"November 28, 2025"
Nokia T21,2025-11-01,Quarterly,Mar-26,Nov-25,00WW_3_550_SP02,SP Only (Android 14),,"November 28, 2025"
Nokia G22,2025-11-01,Quarterly,Apr-26,Nov-25,00WW_3_610_SP07,SP Only (Android 14),,"November 28, 2025"
HMD Key,2025-09-01,Quarterly,Mar-27,Sep-25,00WW_1_120,MR Update and SP (Android 14 GO),Estimated,"November 27, 2025"
HMD Arc,2025-09-01,Quarterly,Feb-27,Sep-25,00WW_1_190,MR Update and SP (Android 14 GO),Estimated   -  2GB Variant ,"November 27, 2025"
Nokia XR20,2025-11-01,Quarterly,Nov-25,Nov-25,00WW_4_200_SP04,SP Only (Android 14),,"November 25, 2025"
Nokia T10,2025-10-01,Quarterly,Dec-25,Oct-25,00WW_3_450,MR Upgrade and SP (Android 14),,"November 25, 2025"
Nokia G11 Plus,2025-10-01,Final guaranteed Security Patch Update,Oct-25,Oct-25,00WW_3_550,MR Update and SP (Android 14) ,,"November 25, 2025"
Nokia G42 5G,2025-11-01,Quarterly,Aug-26,Nov-25,00WW_3_250_SP02,SP Only (Android 15),,"November 17, 2025"
HMD Crest Max 5G,2025-10-01,Quarterly,Oct-26,Oct-25,00WW_1_590_SP01,SP Only (Android 14),Estimated,"November 07, 2025"
HMD Crest 5G,2025-10-01,Quarterly,Oct-26,Oct-25,00WW_1_590_SP01,SP Only (Android 14),Estimated,"November 07, 2025"
HMD Skyline,2025-09-01,Quarterly,Sep-27,Sep-25,00WW_2_420,SP Only (Android 15) ,Estimated,"November 04, 2025"
Nokia X30 5G,2025-10-01,Quarterly,Jan-26,Oct-25,00WW_3_240_SP02,SP Only (Android 14),,"November 04, 2025"
Nokia G60 5G,2025-10-01,Quarterly,Dec-25,Oct-25,00WW_3_230_SP06,SP Only (Android 14),,"November 04, 2025"
HMD Aura,2025-10-01,Quarterly,Aug-26,Oct-25,00WW_1_160_SP02,SP Only (Android 13),Estimated,"October 30, 2025"
HMD Pulse Pro,2025-09-01,Quarterly,May-27,Sep-25,00WW_2_450_SP02,SP Only (Android 15) ,Estimated,"September 29, 2025"
HMD Pulse+,2025-09-01,Quarterly,May-27,Sep-25,00WW_2_450_SP02,SP Only (Android 15) ,Estimated,"September 29, 2025"
HMD Pulse,2025-09-01,Quarterly,May-27,Sep-25,00WW_2_450_SP02,SP Only (Android 15) ,Estimated,"September 29, 2025"
Nokia C22,2025-08-01,Final guaranteed Security Patch Update,Jun-25,Aug-25,00WW_1_770,MR update and SP (Android 13 GO),,"September 25, 2025"
HMD Arc,2025-08-01,Quarterly,Feb-27,Aug-25,00WW_1_280,MR Update and SP (Android 14 GO),Estimated   -  4GB Variant ,"September 19, 2025"
Nokia G11 Plus,2025-08-01,Quarterly,Oct-25,Aug-25,00WW_3_500_SP09,SP Only (Android 14),,"August 29, 2025"
Nokia G22,2025-08-01,Quarterly,Apr-26,Aug-25,00WW_3_610_SP06,SP Only (Android 14),,"August 29, 2025"
HMD Fusion X1,2025-07-01,Quarterly,Nov-27,Jul-25,00WW_2_750,MR Update and SP (Android 15),Estimated,"August 29, 2025"
HMD Fusion,2025-07-01,Quarterly,Nov-27,Jul-25,00WW_2_750,MR Update and SP (Android 15),Estimated,"August 29, 2025"
Nokia T10,2025-08-01,Quarterly,Dec-25,Aug-25,00WW_3_400_SP08,SP Only (Android 14),,"August 26, 2025"
HMD T21,2025-08-01,Quarterly,Mar-27,Aug-25,00WW_3_550_SP01,SP Only (Android 14),Estimated,"August 26, 2025"
Nokia T21,2025-08-01,Quarterly,Mar-26,Aug-25,00WW_3_550_SP01,SP Only (Android 14),,"August 26, 2025"
Nokia XR20,2025-08-01,Quarterly,Nov-25,Aug-25,00WW_4_200_SP03,SP Only (Android 14),,"August 22, 2025"
Nokia C32,2025-05-01,Final guaranteed Security Patch Update,May-25,May-25,00WW_1_930,MR update and SP (Android 13),,"August 22, 2025"
HMD Fuse,2025-07-01,Quarterly,Feb-28,Jul-25,00WW_2_783,MR Update and SP (Android 15),Estimated,"August 22, 2025"
HMD Fuse,2025-07-01,Quarterly,Feb-28,Jul-25,00WW_2_750,Ramp Up Production (Android 15),Estimated,"August 20, 2025"
Nokia G42 5G,2025-08-01,Quarterly,Aug-26,Aug-25,00WW_3_250_SP01,SP Only (Android 15),,"August 18, 2025"
HMD Crest 5G,2025-06-01,Quarterly,Oct-26,Jun-25,00WW_1_590,MR Update and SP (Android 14),Estimated,"August 07, 2025"
HMD Crest Max 5G,2025-06-01,Quarterly,Oct-26,Jun-25,00WW_1_590,MR Update and SP (Android 14),Estimated,"August 07, 2025"
HMD Aura,2025-07-01,Quarterly,Aug-26,Jul-25,00WW_1_160_SP01,SP Only (Android 13),Estimated,"July 28, 2025"
Nokia X30 5G,2025-07-01,Quarterly,Jan-26,Jul-25,00WW_3_240_SP01,SP Only (Android 14),,"July 28, 2025"
HMD Skyline,2025-07-01,Quarterly,Sep-27,Jul-25,00WW_2_390_SP01,SP Only (Android 15) ,Estimated,"July 28, 2025"
Nokia G60 5G,2025-07-01,Monthly,Dec-25,Jul-25,00WW_3_230_SP05,SP Only (Android 14),,"July 23, 2025"
HMD Arc,2025-07-01,Quarterly,Feb-27,Jul-25,00WW_1_220_SP01 ,SP Only (Android 15) ,Estimated   -  4GB Variant ,"July 18, 2025"
HMD Arc,2025-06-01,Quarterly,Feb-27,Jun-25,00WW_1_180,MR Update and SP (Android 14 GO),Estimated   -  2GB Variant ,"July 11, 2025"
HMD Skyline,2025-04-01,Quarterly,Sep-27,Apr-25,00WW_2_390,MR Upgrade and SP (Android 15),Estimated,"July 07, 2025"
HMD Key,2025-06-01,Quarterly,Mar-27,Jun-25,00WW_1_09B,SP (Android 14 GO),Estimated,"July 03, 2025"
HMD Pulse Pro,2025-06-01,Quarterly,May-27,Jun-25,00WW_2_450_SP01,SP Only (Android 15) ,Estimated,"June 30, 2025"
HMD Pulse+,2025-06-01,Quarterly,May-27,Jun-25,00WW_2_450_SP01,SP Only (Android 15) ,Estimated,"June 30, 2025"
HMD Pulse,2025-06-01,Quarterly,May-27,Jun-25,00WW_2_450_SP01,SP Only (Android 15) ,Estimated,"June 30, 2025"
HMD T21,2025-05-01,Monthly,Mar-27,May-25,00WW_3_550,MR Update and SP (Android 14),Estimated,"June 18, 2025"
Nokia T21,2025-05-01,Monthly,Mar-26,May-25,00WW_3_550,MR Update and SP (Android 14),,"June 18, 2025"
Nokia G42 5G,2025-05-01,Monthly,Aug-26,May-25,00WW_3_250,MR Upgrade and SP (Android 15) ,,"June 09, 2025"
HMD Fusion,2025-05-01,Monthly,Nov-27,May-25,00WW_2_430_SP02,SP Only (Android 15),Estimated,"June 06, 2025"
Nokia XR20,2025-05-01,Monthly,Nov-25,May-25,00WW_4_200_SP02,SP Only (Android 14),,"June 04, 2025"
Nokia C02,2025-05-01,Quarterly,May-25,May-25,00WW_1_400_SP05, SP Only (Android 12 GO),,"May 30, 2025"
Nokia G11,2025-05-01,Monthly,May-25,May-25,00WW_3_530 _SP19,SP Only (Android 13),,"May 30, 2025"
Nokia T10,2025-05-01,Monthly,Dec-25,May-25,00WW_3_400_SP07,SP Only (Android 14),,"May 28, 2025"
HMD Arc,2025-04-01,Quarterly,Feb-27,Apr-25,00WW_1_220,MR Update and SP (Android 14 GO),Estimated   -  4GB Variant ,"May 28, 2025"
Nokia T21,2025-05-01,Monthly,Mar-26,May-25,00WW_3_530_SP01,SP Only (Android 14),,"May 22, 2025"
Nokia G22,2025-05-01,Monthly,Apr-26,May-25,00WW_3_610_SP04,SP Only (Android 14),,"May 22, 2025"
Nokia G11 Plus,2025-05-01,Monthly,Oct-25,May-25,00WW_3_500_SP07,SP Only (Android 14),,"May 22, 2025"
Nokia C32,2025-05-01,Quarterly,May-25,May-25,00WW_1_890,MR update and SP (Android 13),,"May 20, 2025"
Nokia C22,2025-05-01,Quarterly,Jun-25,May-25,00WW_1_720,MR update and SP (Android 13 GO),,"May 20, 2025"
Nokia G60 5G,2025-04-01,Monthly,Dec-25,Apr-25,00WW_3_230_SP04,SP Only (Android 14),,"May 19, 2025"
HMD XR21,2025-04-01,Monthly,Mar-27,Apr-25,00WW_3_240_SP02,SP Only (Android 14),Estimated,"May 19, 2025"
Nokia XR21,2025-04-01,Monthly,Mar-27,Apr-25,00WW_3_240_SP02,SP Only (Android 14),Estimated,"May 19, 2025"
Nokia X30 5G,2025-04-01,Monthly,Jan-26,Apr-25,00WW_3_240,MR Update and SP (Android 14) ,,"May 14, 2025"
HMD Aura,2025-04-01,Quarterly,Aug-26,Apr-25,00WW_1_160,MR Update and SP (Android 13),Estimated,"May 07, 2025"
Nokia XR20,2025-04-01,Monthly,Nov-25,Apr-25,00WW_4_200_SP01,MR Update and SP (Android 14),,"May 06, 2025"
Nokia G42 5G,2025-04-01,Monthly,Aug-26,Apr-25,00WW_2_350_SP07,SP Only (Android 14),,"May 06, 2025"
HMD T21,2025-04-01,Monthly,Mar-27,Apr-25,00WW_3_490_SP04,SP Only (Android 14),Estimated,"May 06, 2025"
Nokia T21,2025-04-01,Monthly,Mar-26,Apr-25,00WW_3_490_SP04,SP Only (Android 14),,"May 06, 2025"
HMD Fusion,2025-04-01,Monthly,Nov-27,Apr-25,00WW_2_430_SP01,SP Only (Android 15),Estimated,"May 06, 2025"
Nokia XR20,2025-03-01,Monthly,Nov-25,Mar-25,00WW_4_200,MR Update and SP (Android 14),,"April 28, 2025"
Nokia G11,2025-04-01,Monthly,May-25,Apr-25,00WW_3_530_SP18,SP Only (Android 13),,"April 28, 2025"
HMD Crest Max 5G,2025-04-01,Quarterly,Oct-26,Apr-25,00WW_1_560_SP01,SP Only (Android 14),Estimated,"April 22, 2025"
HMD Crest 5G,2025-04-01,Quarterly,Oct-26,Apr-25,00WW_1_560_SP01,SP Only (Android 14),Estimated,"April 22, 2025"
Nokia T10,2025-04-01,Monthly,Dec-25,Apr-25,00WW_3_400_SP06,SP Only (Android 14),,"April 21, 2025"
Nokia G22,2025-04-01,Monthly,Apr-26,Apr-25,00WW_3_610_SP03,SP Only (Android 14),,"April 17, 2025"
Nokia G11 Plus,2025-04-01,Monthly,Oct-25,Apr-25,00WW_3_500_SP06,SP Only (Android 14),,"April 17, 2025"
Nokia C12,2025-04-01,Final guaranteed Security Patch Update,Apr-25,Apr-25,00WW_1_600_SP02,SP Only (Android 12 GO),,"April 11, 2025"
HMD T21,2025-03-01,Monthly,Mar-27,Mar-25,00WW_3_530,MR Update and SP (Android 14),Estimated,"April 08, 2025"
Nokia T21,2025-03-01,Monthly,Mar-26,Mar-25,00WW_3_530,MR Update and SP (Android 14),,"April 08, 2025"
HMD Fusion,2025-02-01,Monthly,Nov-27,Feb-25,00WW_2_430,MR Upgrade and SP (Android 15),Estimated,"April 07, 2025"
Nokia C22,2025-02-01,Quarterly,Jun-25,Feb-25,00WW_1_580_SP03,SP Only (Android 13 GO),,"April 04, 2025"
HMD XR21,2025-03-01,Monthly,Mar-27,Mar-25,00WW_3_240_SP01,SP Only (Android 14),Estimated,"April 04, 2025"
Nokia XR21,2025-03-01,Monthly,Mar-27,Mar-25,00WW_3_240_SP01,SP Only (Android 14),Estimated,"April 04, 2025"
Nokia G11,2025-03-01,Monthly,May-25,Mar-25,00WW_3_530_SP17,SP Only (Android 13),,"March 31, 2025"
Nokia G21,2025-03-01,Final guaranteed Security Patch Update,Mar-25,Mar-25,00WW_3_530_SP17,SP Only (Android 13),,"March 31, 2025"
Nokia G42 5G,2025-03-01,Monthly,Aug-26,Mar-25,00WW_2_350_SP06,SP Only (Android 14),,"March 31, 2025"
HMD Skyline,2025-03-01,Quarterly,Sep-27,Mar-25,00WW_2_270_SP01,SP Only (Android 15) ,Estimated,"March 31, 2025"
Nokia T10,2025-03-01,Monthly,Dec-25,Mar-25,00WW_3_400_SP05,SP Only (Android 14),,"March 28, 2025"
Nokia G11 Plus,2025-03-01,Monthly,Oct-25,Mar-25,00WW_3_500_SP05,SP Only (Android 14),,"March 28, 2025"
Nokia G60 5G,2025-03-01,Monthly,Dec-25,Mar-25,00WW_3_230_SP03,SP Only (Android 14),,"March 28, 2025"
Nokia X30 5G,2025-03-01,Monthly,Jan-26,Mar-25,00WW_3_220_SP06,SP Only (Android 14),,"March 28, 2025"
Nokia G22,2025-03-01,Monthly,Apr-26,Mar-25,00WW_3_610_SP02,SP Only (Android 14),,"March 28, 2025"
Nokia XR20,2025-03-01,Monthly,Nov-25,Mar-25,00WW_4_170_SP07,SP Only (Android 14),,"March 28, 2025"
HMD Arc,2025-03-01,Quarterly,Feb-27,Mar-25,00WW_1_200,MR Update and SP (Android 14 GO),Estimated   -  4GB Variant ,"March 28, 2025"
HMD Pulse Pro,2025-03-01,Quarterly,May-27,Mar-25,00WW_2_450,MR Update and SP (Android 15) ,Estimated,"March 27, 2025"
HMD Pulse+,2025-03-01,Quarterly,May-27,Mar-25,00WW_2_450,MR Update and SP (Android 15) ,Estimated,"March 27, 2025"
HMD Pulse,2025-03-01,Quarterly,May-27,Mar-25,00WW_2_450,MR Update and SP (Android 15) ,Estimated,"March 27, 2025"
Nokia C32,2025-02-01,Quarterly,May-25,Feb-25,00WW_1_790_SP02,SP Only (Android 13),,"March 20, 2025"
HMD Key,2025-03-01,Quarterly,Mar-27,Mar-25,00WW_1_090,MR Update and SP (Android 14 GO),Estimated,"March 17, 2025"
HMD T21,2025-03-01,Monthly,Mar-27,Mar-25,00WW_3_490_SP03,SP Only (Android 14),Estimated,"March 17, 2025"
Nokia T21,2025-03-01,Monthly,Mar-26,Mar-25,00WW_3_490_SP03,SP Only (Android 14),,"March 17, 2025"
Nokia C32,2025-02-01,Quarterly,May-25,Feb-25,00WW_1_740_SP03,SP Only (Android 13),,"March 14, 2025"
HMD Pulse Pro,2025-03-01,Quarterly,May-27,Mar-25,00WW_2_370_SP01,SP Only (Android 15) ,Estimated,"March 14, 2025"
HMD Pulse+,2025-03-01,Quarterly,May-27,Mar-25,00WW_2_370_SP01,SP Only (Android 15) ,Estimated,"March 14, 2025"
HMD Pulse,2025-03-01,Quarterly,May-27,Mar-25,00WW_2_370_SP01,SP Only (Android 15) ,Estimated,"March 14, 2025"
Nokia C02,2025-03-01,Quarterly,May-25,Mar-25,00WW_1_400_SP03, SP Only (Android 12 GO),,"March 13, 2025"
HMD Arc,2025-02-01,Quarterly,Feb-27,Feb-25,00WW_1_140,MR Update and SP (Android 14 GO),Estimated   -  2GB Variant ,"March 11, 2025"
HMD XR21,2025-02-01,Monthly,Mar-27,Feb-25,00WW_3_240,MR Update and SP (Android 14) ,Estimated,"March 06, 2025"
Nokia XR21,2025-02-01,Monthly,Mar-27,Feb-25,00WW_3_240,MR Update and SP (Android 14) ,Estimated,"March 06, 2025"
Nokia G60 5G,2025-02-01,Monthly,Dec-25,Feb-25,00WW_3_230_SP02,SP Only (Android 14),,"March 03, 2025"
HMD Fusion,2025-02-01,Monthly,Nov-27,Feb-25,00WW_1_660_SP01,SP Only (Android 14),Estimated,"March 03, 2025"
Nokia X30 5G,2025-02-01,Monthly,Jan-26,Feb-25,00WW_3_220_SP05,SP Only (Android 14),,"March 03, 2025"
Nokia XR20,2025-02-01,Monthly,Nov-25,Feb-25,00WW_4_170_SP06,SP Only (Android 14),,"February 28, 2025"
Nokia G11,2025-02-01,Monthly,May-25,Feb-25,00WW_3_530_SP16,SP Only (Android 13),,"February 28, 2025"
Nokia G21,2025-02-01,Monthly,Mar-25,Feb-25,00WW_3_530_SP16,SP Only (Android 13),,"February 28, 2025"
Nokia G11 Plus,2025-02-01,Monthly,Oct-25,Feb-25,00WW_3_500_SP04,SP Only (Android 14),,"February 28, 2025"
Nokia G42 5G,2025-02-01,Monthly,Aug-26,Feb-25,00WW_2_350_SP05,SP Only (Android 14),,"February 27, 2025"
Nokia G22,2025-02-01,Monthly,Apr-26,Feb-25,00WW_3_610_SP01,SP Only (Android 14),,"February 26, 2025"
HMD Pulse Pro,2025-01-01,Quarterly,May-27,Jan-25,00WW_2_410,MR Update and SP (Android 15) ,Estimated,"February 26, 2025"
HMD Pulse+,2025-01-01,Quarterly,May-27,Jan-25,00WW_2_410,MR Update and SP (Android 15) ,Estimated,"February 26, 2025"
Nokia T10,2025-02-01,Monthly,Dec-25,Feb-25,00WW_3_400_SP04,SP Only (Android 14),,"February 26, 2025"
Nokia C32,2025-02-01,Quarterly,May-25,Feb-25,00WW_1_820_SP01,SP Only (Android 13),,"February 21, 2025"
Nokia C22,2025-02-01,Quarterly,Jun-25,Feb-25,00WW_1_660_SP01,SP Only (Android 13 GO),,"February 21, 2025"
HMD Crest Max 5G,2025-01-01,Quarterly,Oct-26,Jan-25,00WW_1_560,MR Update and SP (Android 14),Estimated,"February 20, 2025"
HMD Crest 5G,2025-01-01,Quarterly,Oct-26,Jan-25,00WW_1_560,MR Update and SP (Android 14),Estimated,"February 20, 2025"
HMD T21,2025-02-01,Monthly,Mar-27,Feb-25,00WW_3_490_SP02,SP Only (Android 14),Estimated,"February 20, 2025"
Nokia T21,2025-02-01,Monthly,Mar-26,Feb-25,00WW_3_490_SP02,SP Only (Android 14),,"February 20, 2025"
Nokia G42 5G,2025-01-01,Monthly,Aug-26,Jan-25,00WW_2_350_SP04,SP Only (Android 14),,"February 13, 2025"
HMD Fusion,2025-01-01,Monthly,Nov-27,Jan-25,00WW_1_700,MR Update and SP (Android 14),Estimated,"February 11, 2025"
HMD Skyline,2024-12-01,Quarterly,Sep-27,Dec-24,00WW_2_270,MR Upgrade and SP (Android 15),Estimated,"February 10, 2025"
HMD XR21,2025-01-01,Monthly,Mar-27,Jan-25,00WW_3_210_SP04,SP Only (Android 14),Estimated,"February 07, 2025"
Nokia XR21,2025-01-01,Monthly,Mar-27,Jan-25,00WW_3_210_SP04,SP Only (Android 14),Estimated,"February 07, 2025"
Nokia X30 5G,2025-01-01,Monthly,Jan-26,Jan-25,00WW_3_220_SP04,SP Only (Android 14),,"February 07, 2025"
HMD Key,2024-12-01,Quarterly,Mar-27,Dec-24,00WW_1_060,MR Update and SP (Android 14 GO),Estimated,"February 04, 2025"
HMD Fusion,2025-01-01,Monthly,Nov-27,Jan-25,00WW_1_660,MR Update and SP (Android 14),Estimated,"February 03, 2025"
Nokia G22,2025-01-01,Monthly,Apr-26,Jan-25,00WW_3_610,MR Update and SP (Android 14) ,,"January 29, 2025"
HMD Aura,2025-01-01,Quarterly,Aug-26,Jan-25,00WW_1_120,MR Update and SP (Android 13),Estimated,"January 29, 2025"
HMD Arc,2025-01-01,Quarterly,Feb-27,Jan-25,00WW_1_140,MR Update and SP (Android 14 GO),Estimated   -  4GB Variant ,"January 24, 2025"
HMD T21,2025-01-01,Monthly,Mar-27,Jan-25,00WW_3_490_SP01,SP Only (Android 14),Estimated,"January 24, 2025"
Nokia T21,2025-01-01,Monthly,Mar-26,Jan-25,00WW_3_490_SP01,SP Only (Android 14),,"January 24, 2025"
HMD Crest Max 5G,2025-01-01,Quarterly,Oct-26,Jan-25,00WW_1_500_SP01,SP Only (Android 14),Estimated,"January 24, 2025"
HMD Crest 5G,2025-01-01,Quarterly,Oct-26,Jan-25,00WW_1_500_SP01,SP Only (Android 14),Estimated,"January 24, 2025"
Nokia G60 5G,2025-01-01,Monthly,Dec-25,Jan-25,00WW_3_230_SP01,SP Only (Android 14),,"January 24, 2025"
Nokia G11,2025-01-01,Monthly,May-25,Jan-25,00WW_3_530_SP15,SP Only (Android 13),,"January 22, 2025"
Nokia G21,2025-01-01,Monthly,Mar-25,Jan-25,00WW_3_530_SP15,SP Only (Android 13),,"January 22, 2025"
Nokia G11 Plus,2025-01-01,Monthly,Oct-25,Jan-25,00WW_3_500_SP03,SP Only (Android 14),,"January 20, 2025"
Nokia T10,2025-01-01,Monthly,Dec-25,Jan-25,00WW_3_400_SP03,SP Only (Android 14),,"January 20, 2025"
Nokia C12,2025-01-01,Quarterly,Apr-25,Jan-25,00WW_1_600_SP01,SP Only (Android 12 GO),,"January 17, 2025"
Nokia C02,2024-12-01,Quarterly,May-25,Dec-24,00WW_1_400_SP02, SP Only (Android 12 GO),,"January 17, 2025"
HMD T21,2024-12-01,Monthly,Mar-27,Dec-24,00WW_3_490,MR Update and SP (Android 14),Estimated,"January 15, 2025"
Nokia T21,2024-12-01,Monthly,Mar-26,Dec-24,00WW_3_490,MR Update and SP (Android 14),,"January 15, 2025"
HMD Aura,2025-01-01,Quarterly,Aug-26,Jan-25,00WW_1_100_SP01,SP Only (Android 13),Estimated,"January 13, 2025"
HMD XR21,2024-12-01,Monthly,Mar-27,Dec-24,00WW_3_210_SP03,SP Only (Android 14),Estimated,"January 09, 2025"
Nokia XR21,2024-12-01,Monthly,Mar-27,Dec-24,00WW_3_210_SP03,SP Only (Android 14),Estimated,"January 09, 2025"
Nokia C22,2024-12-01,Quarterly,Jun-25,Dec-24,00WW_1_580_SP02,SP Only (Android 13 GO),,"January 09, 2025"
Nokia XR20,2025-01-01,Monthly,Nov-25,Jan-25,00WW_4_170_SP05,SP Only (Android 14),,"January 09, 2025"
Nokia T10,2025-12-01,Quarterly,Dec-25,Dec-25,00WW_3_450_SP01,SP Only (Android 14),,"January 07, 2025"
HMD Arc,2025-12-01,Quarterly,Feb-27,Dec-25,00WW_1_190_SP03,SP (Android 14 GO),Estimated   -  2GB Variant ,"January 07, 2025"
HMD OffGrid ,2024-12-01,None,Dec-28,Jan-24,TA1698.GLO_001_003  ,Ramp Up Production,Accessory,"January 07, 2025"
HMD Fusion,2024-12-01,Monthly,Nov-27,Dec-24,00WW_1_440_SP01,SP Only (Android 14),Estimated,"January 06, 2025"
Nokia G11,2024-12-01,Monthly,May-25,Dec-24,00WW_3_530_SP14,SP Only (Android 13),,"January 06, 2025"
Nokia G21,2024-12-01,Monthly,Mar-25,Dec-24,00WW_3_530_SP14,SP Only (Android 13),,"January 06, 2025"
Nokia G22,2024-12-01,Monthly,Apr-26,Dec-24,00WW_3_590_SP03,SP Only (Android 14),,"January 03, 2025"
Nokia G11 Plus,2024-12-01,Monthly,Oct-25,Dec-24,00WW_3_500_SP02,SP Only (Android 14),,"January 03, 2025"
Nokia T10,2024-12-01,Monthly,Dec-25,Dec-24,00WW_3_400_SP02,SP Only (Android 14),,"January 03, 2025"
HMD T21,2024-12-01,Monthly,Mar-27,Dec-24,00WW_3_470_SP01,SP Only (Android 14),Estimated,"December 23, 2024"
Nokia C32,2024-12-01,Quarterly,May-25,Dec-24,00WW_1_790_SP01,SP Only (Android 13),,"December 23, 2024"
Nokia G60 5G,2024-12-01,Monthly,Dec-25,Dec-24,00WW_3_230,MR Update and SP (Android 14) ,,"December 23, 2024"
Nokia T21,2024-12-01,Monthly,Mar-26,Dec-24,00WW_3_470_SP01,SP Only (Android 14),,"December 23, 2024"
HMD Arc,2024-11-01,Quarterly,Feb-27,Nov-24,00WW_1_070,Ramp Up Production (Android 14 GO),Estimated   -  4GB Variant ,"December 20, 2024"
Nokia C32,2024-12-01,Quarterly,May-25,Dec-24,00WW_1_740_SP02,SP Only (Android 13),,"December 20, 2024"
Nokia XR20,2024-12-01,Monthly,Nov-25,Dec-24,00WW_4_170_SP04,SP Only (Android 14),,"December 20, 2024"
HMD Pulse Pro,2024-12-01,Quarterly,May-27,Dec-24,00WW_2_370,MR Upgrade and SP (Android 15) ,Estimated,"December 20, 2024"
HMD Pulse+,2024-12-01,Quarterly,May-27,Dec-24,00WW_2_370,MR Upgrade and SP (Android 15) ,Estimated,"December 20, 2024"
HMD Pulse,2024-12-01,Quarterly,May-27,Dec-24,00WW_2_370,MR Upgrade and SP (Android 15) ,Estimated,"December 20, 2024"
Nokia X30 5G,2024-12-01,Monthly,Jan-26,Dec-24,00WW_3_220_SP03,SP Only (Android 14),,"December 19, 2024"
Nokia G50,2024-12-01,Final guaranteed Security Patch Update,Dec-24,Dec-24,00WW_3_350_SP07,SP Only (Android 13),,"December 19, 2024"
HMD Arc,2024-11-01,Quarterly,Feb-27,Nov-24,00WW_1_110,Ramp Up Production (Android 14 GO),Estimated   -  2GB Variant ,"December 17, 2024"
HMD Key,2024-11-01,Quarterly,Mar-27,Nov-24,00WW_1_040,Ramp Up Production (Android 14 GO),Estimated,"December 16, 2024"
Nokia G42 5G,2024-12-01,Monthly,Aug-26,Dec-24,00WW_2_350_SP03,SP Only (Android 14),,"December 16, 2024"
Nokia C31,2024-12-01,Final guaranteed Security Patch Update,Dec-24,Dec-24,00WW_1_750_SP01,SP Only (Android 12),,"December 16, 2024"
Nokia G22,2024-11-01,Monthly,Apr-26,Nov-24,00WW_3_590_SP02,SP Only (Android 14),,"December 13, 2024"
Nokia G11 Plus,2024-11-01,Monthly,Oct-25,Nov-24,00WW_3_500_SP01,SP Only (Android 14),,"December 09, 2024"
Nokia C22,2024-11-01,Quarterly,Jun-25,Nov-24,00WW_1_660,MR Update and SP (Android 13 GO),,"December 09, 2024"
HMD Skyline,2024-11-01,Quarterly,Sep-27,Nov-24,00WW_1_570,MR Update and SP (Android 14),Estimated,"December 02, 2024"
Nokia G42 5G,2024-11-01,Monthly,Aug-26,Nov-24,00WW_2_350_SP02,SP Only (Android 14),,"December 02, 2024"
Nokia C32,2024-11-01,Quarterly,May-25,Nov-24,00WW_1_820,MR update and SP (Android 13),,"December 02, 2024"
HMD T21,2024-11-01,Monthly,Mar-27,Nov-24,00WW_3_470,MR Update and SP (Android 14),Estimated,"December 02, 2024"
Nokia T21,2024-11-01,Monthly,Mar-26,Nov-24,00WW_3_470,MR Update and SP (Android 14),,"December 02, 2024"
Nokia T10,2024-11-01,Monthly,Dec-25,Nov-24,00WW_3_400_SP01,SP Only (Android 14),,"December 02, 2024"
Nokia G60 5G,2024-11-01,Monthly,Dec-25,Nov-24,00WW_3_170_SP09,SP Only (Android 14),,"November 28, 2024"
Nokia G11,2024-11-01,Monthly,May-25,Nov-24,00WW_3_530_SP13,SP Only (Android 13),,"November 28, 2024"
Nokia G21,2024-11-01,Monthly,Mar-25,Nov-24,00WW_3_530_SP13,SP Only (Android 13),,"November 28, 2024"
HMD XR21,2024-11-01,Monthly,Mar-27,Nov-24,00WW_3_210_SP02,SP Only (Android 14),Estimated,"November 26, 2024"
Nokia XR21,2024-11-01,Monthly,Mar-27,Nov-24,00WW_3_210_SP02,SP Only (Android 14),Estimated,"November 26, 2024"
Nokia C12,2024-10-01,Quarterly,Apr-25,Oct-24,00WW_1_600,MR Update and SP (Android 12 GO),,"November 26, 2024"
Nokia X30 5G,2024-11-01,Monthly,Jan-26,Nov-24,00WW_3_220_SP02,SP Only (Android 14),,"November 26, 2024"
Nokia XR20,2024-11-01,Monthly,Nov-25,Nov-24,00WW_4_170_SP03,SP Only (Android 14),,"November 26, 2024"
HMD Arc,2024-11-01,Quarterly,Feb-27,Nov-24,00WW_1_060,Ramp Up Production (Android 14 GO),Estimated   -  2GB Variant ,"November 25, 2024"
HMD Arc,2024-11-01,Quarterly,Feb-27,Nov-24,00WW_1_040,Ramp Up Production (Android 14 GO),Estimated   -  4GB Variant ,"November 25, 2024"
Nokia T20,2024-11-01,Final guaranteed Security Patch Update,Nov-24,Nov-24,00WW_3_350_SP04,SP Only (Android 13),,"November 22, 2024"
Nokia G50,2024-11-01,Monthly,Dec-24,Nov-24,00WW_3_350_SP06,SP Only (Android 13),,"November 22, 2024"
HMD Pulse Pro,2024-10-01,Quarterly,May-27,Oct-24,00WW_1_330_SP02,SP Only (Android 14),Estimated,"November 22, 2024"
HMD Pulse+,2024-10-01,Quarterly,May-27,Oct-24,00WW_1_330_SP02,SP Only (Android 14),Estimated,"November 22, 2024"
HMD Pulse,2024-10-01,Quarterly,May-27,Oct-24,00WW_1_330_SP02,SP Only (Android 14),Estimated,"November 22, 2024"
HMD T21,2024-10-01,Monthly,Mar-27,Oct-24,00WW_2_490_SP01,SP Only (Android 13),Estimated,"November 21, 2024"
Nokia T21,2024-10-01,Monthly,Mar-26,Oct-24,00WW_2_490_SP01,SP Only (Android 13),,"November 21, 2024"
HMD Fusion,2024-09-01,Monthly,Nov-27,Sep-24,00WW_1_440,MR Update and SP (Android 14),Estimated,"November 18, 2024"
Nokia C31,2024-09-01,Quarterly,Dec-24,Sep-24,00WW_1_750,MR Update and SP (Android 12),,"November 18, 2024"
Nokia G11 Plus,2024-10-01,Monthly,Oct-25,Oct-24,00WW_3_500,MR Update and SP (Android 14) ,,"November 18, 2024"
HMD Crest Max 5G,2024-10-01,Quarterly,Oct-26,Oct-24,00WW_1_500,MR Update and SP (Android 14),Estimated,"November 18, 2024"
HMD Crest 5G,2024-10-01,Quarterly,Oct-26,Oct-24,00WW_1_500,MR Update and SP (Android 14),Estimated,"November 18, 2024"
HMD XR21,2024-10-01,Monthly,Mar-27,Oct-24,00WW_3_210_SP01,SP Only (Android 14),Estimated,"November 07, 2024"
Nokia XR21,2024-10-01,Monthly,Mar-27,Oct-24,00WW_3_210_SP01,SP Only (Android 14),Estimated,"November 07, 2024"
Nokia G11,2024-10-01,Monthly,May-25,Oct-24,00WW_3_530_SP12,SP Only (Android 13),,"November 07, 2024"
Nokia G21,2024-10-01,Monthly,Mar-25,Oct-24,00WW_3_530_SP12,SP Only (Android 13),,"November 07, 2024"
Nokia XR20,2024-10-01,Monthly,Nov-25,Oct-24,00WW_4_170_SP02,SP Only (Android 14),,"November 04, 2024"
Nokia X30 5G,2024-10-01,Monthly,Jan-26,Oct-24,00WW_3_220_SP01,SP Only (Android 14),,"November 04, 2024"
Nokia G22,2024-10-01,Monthly,Apr-26,Oct-24,00WW_3_590_SP01,SP Only (Android 14),,"November 04, 2024"
Nokia T10,2024-10-01,Monthly,Dec-25,Oct-24,00WW_3_400,MR Upgrade and SP (Android 14),,"November 01, 2024"
Nokia C31,2024-09-01,Quarterly,Dec-24,Sep-24,00WW_1_740,MR Update and SP (Android 12),,"October 30, 2024"
HMD T21,2024-10-01,Monthly,Mar-27,Oct-24,00WW_3_440,MR Upgrade and SP (Android 14),Estimated,"October 28, 2024"
Nokia T21,2024-10-01,Monthly,Mar-26,Oct-24,00WW_3_440,MR Upgrade and SP (Android 14),,"October 28, 2024"
Nokia G42 5G,2024-10-01,Monthly,Aug-26,Oct-24,00WW_2_350_SP01,SP Only (Android 14),,"October 28, 2024"
Nokia G60 5G,2024-10-01,Monthly,Dec-25,Oct-24,00WW_3_170_SP08,SP Only (Android 14),,"October 28, 2024"
Nokia G50,2024-10-01,Monthly,Dec-24,Oct-24,00WW_3_350_SP05,SP Only (Android 13),,"October 28, 2024"
Nokia T20,2024-10-01,Monthly,Nov-24,Oct-24,00WW_3_350_SP03,SP Only (Android 13),,"October 24, 2024"
HMD Aura,2024-10-01,Quarterly,Aug-26,Oct-24,00WW_1_100,MR Update and SP (Android 13),Estimated,"October 23, 2024"
HMD XR21,2024-09-01,Monthly,Mar-27,Sep-24,00WW_3_210,MR Update and SP (Android 14) ,Estimated,"October 21, 2024"
Nokia XR21,2024-09-01,Monthly,Mar-27,Sep-24,00WW_3_210,MR Update and SP (Android 14) ,Estimated,"October 21, 2024"
Nokia X30 5G,2024-09-01,Monthly,Jan-26,Sep-24,00WW_3_220,MR Update and SP (Android 14) ,,"October 15, 2024"
Nokia G22,2024-09-01,Monthly,Apr-26,Sep-24,00WW_3_590,MR Update and SP (Android 14) ,,"October 14, 2024"
Nokia G11 Plus,2024-09-01,Monthly,Oct-25,Sep-24,00WW_3_450_SP02,SP Only (Android 14),,"October 10, 2024"
Nokia C12,2024-10-01,Quarterly,Apr-25,Oct-24,00WW_1_540_SP02,SP Only (Android 12 GO),,"October 09, 2024"
Nokia C02,2024-10-01,Quarterly,May-25,Oct-24,00WW_1_400_SP01, SP Only (Android 12 GO),,"October 09, 2024"
Nokia G11,2024-09-01,Monthly,May-25,Sep-24,00WW_3_530_SP11,SP Only (Android 13),,"October 09, 2024"
Nokia G21,2024-09-01,Monthly,Mar-25,Sep-24,00WW_3_530_SP11,SP Only (Android 13),,"October 09, 2024"
Nokia C22,2024-09-01,Quarterly,Jun-25,Sep-24,00WW_1_630,MR Update and SP (Android 13 GO),,"October 08, 2024"
Nokia C32,2024-09-01,Quarterly,May-25,Sep-24,00WW_1_790,MR update and SP (Android 13),,"October 08, 2024"
HMD XR21,2024-09-01,Monthly,Mar-27,Sep-24,00WW_3_150_SP03,SP Only (Android 14),Estimated,"October 08, 2024"
Nokia XR21,2024-09-01,Monthly,Mar-27,Sep-24,00WW_3_150_SP03,SP Only (Android 14),Estimated,"October 08, 2024"
Nokia G50,2024-09-01,Monthly,Dec-24,Sep-24,00WW_3_350_SP04,SP Only (Android 13),,"October 04, 2024"
Nokia XR20,2024-09-01,Monthly,Nov-25,Sep-24,00WW_4_170_SP01,SP Only (Android 14),,"October 04, 2024"
Nokia X10,2024-09-01,Final guaranteed Security Patch Update,Sep-24,Sep-24,00WW_4_210_SP01,SP Only (Android 14),,"October 04, 2024"
Nokia T10,2024-09-01,Monthly,Dec-25,Sep-24,00WW_3_350_SP01,SP Only (Android 14),,"October 01, 2024"
Nokia T10,2024-08-01,Monthly,Dec-25,Aug-24,00WW_2_530_SP03,SP Only (Android 13),,"October 01, 2024"
HMD Skyline,2024-09-01,Quarterly,Sep-27,Sep-24,00WW_1_480,MR Update and SP (Android 14),Estimated,"September 30, 2024"
HMD Fusion,2024-09-01,Monthly,Nov-27,Sep-24,00WW_1_350,MR Update and SP (Android 14),Estimated,"September 30, 2024"
Nokia T21,2024-08-01,Monthly,Mar-26,Aug-24,00WW_3_340,MR Upgrade and SP (Android 14),,"September 24, 2024"
Nokia XR20,2024-08-01,Monthly,Nov-25,Aug-24,00WW_4_170,MR Upgrade and SP (Android 14),,"September 24, 2024"
Nokia X20,2024-08-01,Final guaranteed Security Patch Update,Jul-24,Aug-24,00WW_4_250,MR Upgrade and SP (Android 14),,"September 24, 2024"
Nokia X10,2024-08-01,Monthly,Sep-24,Aug-24,00WW_4_210,MR Upgrade and SP (Android 14),,"September 24, 2024"
Nokia T10,2024-08-01,Monthly,Dec-25,Aug-24,00WW_3_350,MR Upgrade and SP (Android 14),,"September 24, 2024"
HMD Aura,2024-08-01,Quarterly,Aug-26,Aug-24,00WW_1_090,MR Update and SP (Android 13),Estimated,"September 23, 2024"
Nokia G42 5G,2024-09-01,Monthly,Aug-26,Sep-24,00WW_2_350,MR Update and SP (Android 14) ,,"September 23, 2024"
Nokia T20,2024-09-01,Monthly,Nov-24,Sep-24,00WW_3_350_SP02,SP Only (Android 13),,"September 23, 2024"
Nokia G60 5G,2024-09-01,Monthly,Dec-25,Sep-24,00WW_3_170_SP07,SP Only (Android 14),,"September 13, 2024"
Nokia C22,2024-08-01,Quarterly,Jun-25,Aug-24,00WW_1_520_SP02,SP Only (Android 13 GO),,"September 10, 2024"
HMD Crest Max 5G,2024-08-01,Quarterly,Oct-26,Aug-24,00WW_1_400,MR Update and SP (Android 14),Estimated,"September 10, 2024"
HMD Crest 5G,2024-08-01,Quarterly,Oct-26,Aug-24,00WW_1_400,MR Update and SP (Android 14),Estimated,"September 10, 2024"
Nokia C22,2024-09-01,Quarterly,Jun-25,Sep-24,00WW_1_580_SP01,SP Only (Android 13 GO),,"September 10, 2024"
Nokia G42 5G,2024-09-01,Monthly,Aug-26,Sep-24,00WW_2_270_SP06,SP Only (Android 14),,"September 10, 2024"
Nokia X30 5G,2024-09-01,Monthly,Jan-26,Sep-24,00WW_3_180_SP07,SP Only (Android 14),,"September 10, 2024"
Nokia C31,2024-09-01,Quarterly,Dec-24,Sep-24,00WW_1_340_SP03,SP Only (Android 12),,"September 09, 2024"
Nokia C32,2024-09-01,Quarterly,May-25,Sep-24,00WW_1_740_SP01,SP Only (Android 13),,"September 09, 2024"
HMD Pulse Pro,2024-08-01,Quarterly,May-27,Aug-24,00WW_1_330_SP01,SP Only (Android 14),Estimated,"September 09, 2024"
HMD Pulse+,2024-08-01,Quarterly,May-27,Aug-24,00WW_1_330_SP01,SP Only (Android 14),Estimated,"September 09, 2024"
HMD Pulse,2024-08-01,Quarterly,May-27,Aug-24,00WW_1_330_SP01,SP Only (Android 14),Estimated,"September 09, 2024"
Nokia G11,2024-08-01,Monthly,May-25,Aug-24,00WW_3_530_SP10,SP Only (Android 13),,"September 09, 2024"
Nokia G21,2024-08-01,Monthly,Mar-25,Aug-24,00WW_3_530_SP10,SP Only (Android 13),,"September 09, 2024"
HMD Fusion,2024-07-01,Monthly,Nov-27,Jul-24,00WW_1_170,MR Update and SP (Android 14),Estimated,"September 03, 2024"
HMD XR21,2024-08-01,Monthly,Mar-27,Aug-24,00WW_3_150_SP02,SP Only (Android 14),Estimated,"September 02, 2024"
Nokia XR21,2024-08-01,Monthly,Mar-27,Aug-24,00WW_3_150_SP02,SP Only (Android 14),Estimated,"September 02, 2024"
Nokia G22,2024-08-01,Monthly,Apr-26,Aug-24,00WW_2_520_SP02,SP Only (Android 13),,"August 30, 2024"
Nokia X10,2024-08-01,Monthly,Sep-24,Aug-24,00WW_3_400_SP09,SP Only (Android 13),,"August 30, 2024"
HMD Fusion,2024-07-01,Monthly,Nov-27,Jul-24,00WW_1_130,Ramp Up Production (Android 14),Estimated,"August 23, 2024"
Nokia C22,2024-07-01,Quarterly,Jun-25,Jul-24,00WW_1_610,MR Update and SP (Android 13 GO),,"August 22, 2024"
Nokia C32,2024-07-01,Quarterly,May-25,Jul-24,00WW_1_770,MR update and SP (Android 13),,"August 22, 2024"
Nokia G22,2024-08-01,Monthly,Apr-26,Aug-24,00WW_3_570_SP01,SP Only (Android 14),,"August 22, 2024"
HMD T21,2024-08-01,Monthly,Mar-27,Aug-24,00WW_2_490,MR Update and SP (Android 13),Estimated,"August 22, 2024"
Nokia T21,2024-08-01,Monthly,Mar-26,Aug-24,00WW_2_490,MR Update and SP (Android 13),,"August 22, 2024"
Nokia G11 Plus,2024-08-01,Monthly,Oct-25,Aug-24,00WW_3_450_SP01,SP Only (Android 14),,"August 22, 2024"
HMD Skyline,2024-07-01,Quarterly,Sep-27,Jul-24,00WW_1_380,MR Update and SP (Android 14),Estimated,"August 21, 2024"
Nokia T20,2024-08-01,Monthly,Nov-24,Aug-24,00WW_3_350_SP01,SP Only (Android 13),,"August 19, 2024"
Nokia T10,2024-07-01,Monthly,Dec-25,Jul-24,00WW_2_530_SP02,SP Only (Android 13),,"August 15, 2024"
Nokia G42 5G,2024-08-01,Monthly,Aug-26,Aug-24,00WW_2_270_SP05,SP Only (Android 14),,"August 14, 2024"
Nokia G60 5G,2024-08-01,Monthly,Dec-25,Aug-24,00WW_3_170_SP06,SP Only (Android 14),,"August 14, 2024"
Nokia X30 5G,2024-08-01,Monthly,Jan-26,Aug-24,00WW_3_180_SP06,SP Only (Android 14),,"August 14, 2024"
Nokia G50,2024-08-01,Monthly,Dec-24,Aug-24,00WW_3_350_SP03,SP Only (Android 13),,"August 14, 2024"
Nokia G11 Plus,2024-06-01,Monthly,Oct-25,Jun-24,00WW_3_450,MR Upgrade and SP (Android 14) ,,"August 08, 2024"
Nokia G22,2024-06-01,Monthly,Apr-26,Jun-24,00WW_3_570,MR Upgrade and SP (Android 14) ,,"August 08, 2024"
Nokia XR20,2024-08-01,Monthly,Nov-25,Aug-24,00WW_3_410_SP08,SP Only (Android 13),,"August 07, 2024"
Nokia G11,2024-07-01,Monthly,May-25,Jul-24,00WW_3_530_SP09,SP Only (Android 13),,"August 07, 2024"
Nokia G21,2024-07-01,Monthly,Mar-25,Jul-24,00WW_3_530_SP09,SP Only (Android 13),,"August 07, 2024"
Nokia G20,2024-07-01,Final guaranteed Security Patch Update,Jul-24,Jul-24,00WW_3_430_SP07,SP Only (Android 13),,"August 07, 2024"
Nokia G10,2024-07-01,Final guaranteed Security Patch Update,Jul-24,Jul-24,00WW_3_390_SP13,SP Only (Android 13),,"August 07, 2024"
HMD Crest Max 5G,2024-05-01,Quarterly,Oct-26,May-24,00WW_1_250,MR Update and SP (Android 14),Estimated,"August 06, 2024"
HMD Crest 5G,2024-05-01,Quarterly,Oct-26,May-24,00WW_1_250,MR Update and SP (Android 14),Estimated,"August 06, 2024"
Nokia C02,2024-07-01,Quarterly,May-25,Jul-24,00WW_1_400,MR Update and SP (Android 12 GO),,"August 05, 2024"
Nokia T20,2024-07-01,Monthly,Nov-24,Jul-24,00WW_3_350,MR Update and SP (Android 13),,"July 26, 2024"
Nokia G42 5G,2024-07-01,Monthly,Aug-26,Jul-24,00WW_2_270_SP04,SP Only (Android 14),,"July 23, 2024"
HMD Aura,2024-06-01,Quarterly,Aug-26,Jun-24,00WW_1_060,MR Update and SP (Android 13),Estimated,"July 22, 2024"
HMD Pulse Pro,2024-06-01,Quarterly,May-27,Jun-24,00WW_1_330,MR Update and SP (Android 14),Estimated,"July 22, 2024"
HMD Pulse+,2024-06-01,Quarterly,May-27,Jun-24,00WW_1_330,MR Update and SP (Android 14),Estimated,"July 22, 2024"
HMD Pulse,2024-06-01,Quarterly,May-27,Jun-24,00WW_1_330,MR Update and SP (Android 14),Estimated,"July 22, 2024"
HMD Crest Max 5G,2024-05-01,Quarterly,Oct-26,May-24,00WW_1_180,Ramp Up Production (Android 14),Estimated,"July 19, 2024"
HMD Crest 5G,2024-05-01,Quarterly,Oct-26,May-24,00WW_1_180,Ramp Up Production (Android 14),Estimated,"July 19, 2024"
Nokia G22,2024-06-01,Monthly,Apr-26,Jun-24,00WW_2_520_SP01,SP Only (Android 13),,"July 19, 2024"
HMD T21,2024-07-01,Monthly,Mar-27,Jul-24,00WW_2_470_SP01,SP Only (Android 13),Estimated,"July 15, 2024"
Nokia C32,2024-07-01,Quarterly,May-25,Jul-24,00WW_1_760,MR update and SP (Android 13),,"July 15, 2024"
Nokia C22,2024-07-01,Quarterly,Jun-25,Jul-24,00WW_1_600,MR Update and SP (Android 13 GO),,"July 15, 2024"
Nokia T21,2024-07-01,Monthly,Mar-26,Jul-24,00WW_2_470_SP01,SP Only (Android 13),,"July 15, 2024"
Nokia C12,2024-07-01,Quarterly,Apr-25,Jul-24,00WW_1_540_SP01,SP Only (Android 12 GO),,"July 15, 2024"
Nokia C2 2nd Edition,2024-07-01,Final guaranteed Security Patch Update,Jul-24,Jul-24,00WW_1_400_SP03,SP Only (Android 11 GO),,"July 15, 2024"
Nokia X30 5G,2024-07-01,Monthly,Jan-26,Jul-24,00WW_3_180_SP05,SP Only (Android 14),,"July 15, 2024"
Nokia G60 5G,2024-07-01,Monthly,Dec-25,Jul-24,00WW_3_170_SP05,SP Only (Android 14),,"July 15, 2024"
Nokia G11 Plus,2024-06-01,Monthly,Oct-25,Jun-24,00WW_2_560_SP08,SP Only (Android 13),,"July 10, 2024"
HMD Skyline,2024-06-01,Quarterly,Sep-27,Jun-24,00WW_1_280,MR Update and SP (Android 14),Estimated,"July 08, 2024"
HMD XR21,2024-07-01,Monthly,Mar-27,Jul-24,00WW_3_150_SP01,SP Only (Android 14),Estimated,"July 08, 2024"
Nokia XR21,2024-07-01,Monthly,Mar-27,Jul-24,00WW_3_150_SP01,SP Only (Android 14),Estimated,"July 08, 2024"
Nokia G20,2024-06-01,Monthly,Jul-24,Jun-24,00WW_3_430_SP06,SP Only (Android 13),,"July 08, 2024"
Nokia G10,2024-06-01,Monthly,Jul-24,Jun-24,00WW_3_390_SP12,SP Only (Android 13),,"July 08, 2024"
Nokia XR20,2024-07-01,Monthly,Nov-25,Jul-24,00WW_3_410_SP07,SP Only (Android 13),,"July 05, 2024"
Nokia G50,2024-07-01,Monthly,Dec-24,Jul-24,00WW_3_350_SP02,SP Only (Android 13),,"July 05, 2024"
Nokia X10,2024-07-01,Monthly,Sep-24,Jul-24,00WW_3_400_SP08,SP Only (Android 13),,"July 05, 2024"
Nokia X20,2024-07-01,Monthly,Jul-24,Jul-24,00WW_3_510_SP08,SP Only (Android 13),,"July 05, 2024"
Nokia T20,2024-06-01,Monthly,Nov-24,Jun-24,00WW_3_310_SP08,SP Only (Android 13),,"July 04, 2024"
Nokia G11,2024-06-01,Monthly,May-25,Jun-24,00WW_3_530_SP08,SP Only (Android 13),,"July 04, 2024"
Nokia G21,2024-06-01,Monthly,Mar-25,Jun-24,00WW_3_530_SP08,SP Only (Android 13),,"July 04, 2024"
HMD T21,2024-06-01,Monthly,Mar-27,Jun-24,00WW_2_470,MR Upgrade and SP (Android 13),Estimated,"June 27, 2024"
Nokia T21,2024-06-01,Monthly,Mar-26,Jun-24,00WW_2_470,MR Update and SP (Android 13),,"June 27, 2024"
HMD Skyline,2024-06-01,Quarterly,Sep-27,Jun-24,00WW_1_170,Ramp Up Production (Android 14),Estimated,"June 25, 2024"
Nokia G42 5G,2024-06-01,Monthly,Aug-26,Jun-24,00WW_2_270_SP03,SP Only (Android 14),,"June 24, 2024"
Nokia T10,2024-06-01,Monthly,Dec-25,Jun-24,00WW_2_530_SP01,SP Only (Android 13),,"June 24, 2024"
Nokia X30 5G,2024-06-01,Monthly,Jan-26,Jun-24,00WW_3_180_SP04,SP Only (Android 14),,"June 20, 2024"
Nokia G60 5G,2024-06-01,Monthly,Dec-25,Jun-24,00WW_3_170_SP04,SP Only (Android 14),,"June 20, 2024"
Nokia XR20,2024-06-01,Monthly,Nov-25,Jun-24,00WW_3_410_SP06,SP Only (Android 13),,"June 14, 2024"
Nokia G50,2024-06-01,Monthly,Dec-24,Jun-24,00WW_3_350_SP01,SP Only (Android 13),,"June 14, 2024"
Nokia X10,2024-06-01,Monthly,Sep-24,Jun-24,00WW_3_400_SP07,SP Only (Android 13),,"June 14, 2024"
Nokia X20,2024-06-01,Monthly,Jul-24,Jun-24,00WW_3_510_SP07,SP Only (Android 13),,"June 14, 2024"
Nokia C22,2024-06-01,Quarterly,Jun-25,Jun-24,00WW_1_580,MR Update and SP (Android 13 GO),,"June 14, 2024"
Nokia C32,2024-06-01,Quarterly,May-25,Jun-24,00WW_1_740,MR update and SP (Android 13),,"June 14, 2024"
HMD XR21,2024-05-01,Monthly,Mar-27,May-24,00WW_3_150,MR Upgrade and SP (Android 14) ,Estimated,"June 13, 2024"
Nokia XR21,2024-05-01,Monthly,Mar-27,May-24,00WW_3_150,MR Upgrade and SP (Android 14) ,Estimated,"June 13, 2024"
Nokia C31,2024-06-01,Quarterly,Dec-24,Jun-24,00WW_1_340_SP02,SP Only (Android 12),,"June 12, 2024"
Nokia C21 Plus,2024-06-01,Final guaranteed Security Patch Update,Jun-24,Jun-24,00WW_1_270_SP06,SP Only (Android 11 GO),,"June 12, 2024"
Nokia C21,2024-06-01,Final guaranteed Security Patch Update,Jun-24,Jun-24,00WW_1_300_SP03,SP Only (Android 11 GO),,"June 11, 2024"
Nokia G22,2024-05-01,Monthly,Apr-26,May-24,00WW_2_520,MR Update and SP (Android 13) ,,"June 10, 2024"
HMD XR21,2024-05-01,Monthly,Mar-27,May-24,00WW_2_510,MR Update and SP (Android 13),Estimated,"June 08, 2024"
Nokia XR21,2024-05-01,Monthly,Mar-27,May-24,00WW_2_510,MR Update and SP (Android 13),Estimated,"June 08, 2024"
HMD Pulse Pro,2024-05-01,Quarterly,May-27,May-24,00WW_1_210,MR Update and SP (Android 14),Estimated,"June 07, 2024"
HMD Pulse+,2024-05-01,Quarterly,May-27,May-24,00WW_1_210,MR Update and SP (Android 14),Estimated,"June 07, 2024"
HMD Pulse,2024-05-01,Quarterly,May-27,May-24,00WW_1_210,MR Update and SP (Android 14),Estimated,"June 07, 2024"
Nokia C2 2nd Edition,2024-06-01,Quarterly,Jul-24,Jun-24,00WW_1_400_SP02,SP Only (Android 11 GO),,"June 06, 2024"
Nokia G11,2024-05-01,Monthly,May-25,May-24,00WW_3_530_SP07,SP Only (Android 13),,"June 04, 2024"
Nokia G21,2024-05-01,Monthly,Mar-25,May-24,00WW_3_530_SP07,SP Only (Android 13),,"June 04, 2024"
Nokia G11 Plus,2024-05-01,Monthly,Oct-25,May-24,00WW_2_560_SP07,SP Only (Android 13),,"June 03, 2024"
Nokia G20,2024-05-01,Monthly,Jul-24,May-24,00WW_3_430_SP04,SP Only (Android 13),,"June 03, 2024"
Nokia G10,2024-05-01,Monthly,Jul-24,May-24,00WW_3_390_SP10,SP Only (Android 13),,"June 03, 2024"
Nokia T10,2024-05-01,Monthly,Dec-25,May-24,00WW_2_530,MR Update and SP (Android 13),,"May 31, 2024"
Nokia G50,2024-05-01,Monthly,Dec-24,May-24,00WW_3_350,MR Update and SP (Android 13),,"May 23, 2024"
HMD Aura,2024-04-01,Quarterly,Aug-26,Apr-24,00WW_1_040,Ramp Up Production (Android 13),Estimated,"May 21, 2024"
Nokia T20,2024-05-01,Monthly,Nov-24,May-24,00WW_3_310_SP07,SP Only (Android 13),,"May 20, 2024"
HMD Pulse Pro,2024-05-01,Quarterly,May-27,May-24,00WW_1_160,MR Update and SP (Android 14),Estimated,"May 17, 2024"
HMD Pulse+,2024-05-01,Quarterly,May-27,May-24,00WW_1_160,MR Update and SP (Android 14),Estimated,"May 17, 2024"
HMD Pulse,2024-05-01,Quarterly,May-27,May-24,00WW_1_160,MR Update and SP (Android 14),Estimated,"May 17, 2024"
Nokia G42 5G,2024-05-01,Monthly,Aug-26,May-24,00WW_2_270_SP02,SP Only (Android 14),,"May 17, 2024"
Nokia C12,2024-04-01,Quarterly,Apr-25,Apr-24,00WW_1_540,MR Update and SP (Android 12 GO),,"May 16, 2024"
Nokia T21,2024-05-01,Monthly,Mar-26,May-24,00WW_2_420_SP01,SP Only (Android 13),,"May 16, 2024"
Nokia X10,2024-05-01,Monthly,Sep-24,May-24,00WW_3_400_SP06,SP Only (Android 13),,"May 13, 2024"
Nokia X20,2024-05-01,Monthly,Jul-24,May-24,00WW_3_510_SP06,SP Only (Android 13),,"May 13, 2024"
Nokia XR20,2024-05-01,Monthly,Nov-25,May-24,00WW_3_410_SP05,SP Only (Android 13),,"May 08, 2024"
Nokia C02,2024-05-01,Quarterly,May-25,May-24,00WW_1_350_SP04, SP Only (Android 12 GO),,"May 08, 2024"
Nokia X30 5G,2024-05-01,Monthly,Jan-26,May-24,00WW_3_180_SP03,SP Only (Android 14),,"May 08, 2024"
Nokia G60 5G,2024-05-01,Monthly,Dec-25,May-24,00WW_3_170_SP03,SP Only (Android 14),,"May 08, 2024"
Nokia G22,2024-04-01,Monthly,Apr-26,Apr-24,00WW_2_500_SP01,SP Only (Android 13),,"May 07, 2024"
HMD XR21,2024-04-01,Monthly,Mar-27,Apr-24,00WW_2_450_SP01,SP Only (Android 13),Estimated,"April 30, 2024"
Nokia XR21,2024-04-01,Monthly,Mar-27,Apr-24,00WW_2_450_SP01,SP Only (Android 13),Estimated,"April 30, 2024"
Nokia 1.4,2024-04-01,Final guaranteed Security Patch Update,Apr-24,Apr-24,00WW_2_210_SP14,SP Only (Android 11 GO),,"April 30, 2024"
HMD Aura,2024-04-01,Quarterly,Aug-26,Apr-24,00WW_1_010,Ramp Up Production (Android 13),Estimated,"April 29, 2024"
HMD Pulse Pro,2024-03-01,Quarterly,May-27,Mar-24,00WW_1_120,MR Update and SP (Android 14),Estimated,"April 29, 2024"
HMD Pulse+,2024-03-01,Quarterly,May-27,Mar-24,00WW_1_120,MR Update and SP (Android 14),Estimated,"April 29, 2024"
HMD Pulse,2024-03-01,Quarterly,May-27,Mar-24,00WW_1_120,MR Update and SP (Android 14),Estimated,"April 29, 2024"
Nokia T20,2024-04-01,Monthly,Nov-24,Apr-24,00WW_3_310_SP05,SP Only (Android 13),,"April 26, 2024"
Nokia G11 Plus,2024-04-01,Monthly,Oct-25,Apr-24,00WW_2_560_SP06,SP Only (Android 13),,"April 26, 2024"
Nokia G11,2024-04-01,Monthly,May-25,Apr-24,00WW_3_530_SP06,SP Only (Android 13),,"April 26, 2024"
Nokia G21,2024-04-01,Monthly,Mar-25,Apr-24,00WW_3_530_SP06,SP Only (Android 13),,"April 26, 2024"
Nokia T21,2024-04-01,Monthly,Mar-26,Apr-24,00WW_2_420,MR Upgrade and SP (Android 13),,"April 25, 2024"
Nokia G20,2024-04-01,Monthly,Jul-24,Apr-24,00WW_3_430_SP02,SP Only (Android 13),,"April 25, 2024"
Nokia G10,2024-04-01,Monthly,Jul-24,Apr-24,00WW_3_390_SP08,SP Only (Android 13),,"April 25, 2024"
Nokia G22,2024-03-01,Monthly,Apr-26,Mar-24,00WW_2_500,MR Update and SP (Android 13) ,,"April 24, 2024"
Nokia T10,2024-04-01,Monthly,Dec-25,Apr-24,00WW_2_490_SP03,SP Only (Android 13),,"April 22, 2024"
Nokia G60 5G,2024-04-01,Monthly,Dec-25,Apr-24,00WW_3_170_SP02,SP Only (Android 14),,"April 18, 2024"
Nokia X30 5G,2024-04-01,Monthly,Jan-26,Apr-24,00WW_3_180_SP02,SP Only (Android 14),,"April 18, 2024"
Nokia XR20,2024-04-01,Monthly,Nov-25,Apr-24,00WW_3_410_SP04,SP Only (Android 13),,"April 18, 2024"
Nokia G50,2024-04-01,Monthly,Dec-24,Apr-24,00WW_3_330_SP05,SP Only (Android 13),,"April 18, 2024"
Nokia X10,2024-04-01,Monthly,Sep-24,Apr-24,00WW_3_400_SP05,SP Only (Android 13),,"April 18, 2024"
Nokia X20,2024-04-01,Monthly,Jul-24,Apr-24,00WW_3_510_SP05,SP Only (Android 13),,"April 18, 2024"
Nokia C22,2024-04-01,Quarterly,Jun-25,Apr-24,00WW_1_520_SP01,SP Only (Android 13 GO),,"April 17, 2024"
Nokia C32,2024-04-01,Quarterly,May-25,Apr-24,00WW_1_660_SP01,SP Only (Android 13),,"April 17, 2024"
Nokia C32,2024-04-01,Quarterly,May-25,Apr-24,00WW_1_700,MR update and SP (Android 13),,"April 17, 2024"
HMD Pulse Pro,2024-02-01,Quarterly,May-27,Feb-24,00WW_1_080,MR Update and SP (Android 14),Estimated,"April 17, 2024"
HMD Pulse+,2024-02-01,Quarterly,May-27,Feb-24,00WW_1_080,MR Update and SP (Android 14),Estimated,"April 17, 2024"
HMD Pulse,2024-02-01,Quarterly,May-27,Feb-24,00WW_1_080,MR Update and SP (Android 14),Estimated,"April 17, 2024"
Nokia C22,2024-04-01,Quarterly,Jun-25,Apr-24,00WW_1_550,MR Update and SP (Android 13 GO),,"April 17, 2024"
HMD T21,2024-04-01,Monthly,Mar-27,Apr-24,00WW_2_340,Ramp Up Production (Android 13),Estimated,"April 15, 2024"
Nokia G42 5G,2024-04-01,Monthly,Aug-26,Apr-24,00WW_2_270_SP01,SP Only (Android 14),,"April 15, 2024"
Nokia C12,2024-04-01,Quarterly,Apr-25,Apr-24,00WW_1_520_SP01,SP Only (Android 12 GO),,"April 09, 2024"
HMD XR21,2024-03-01,Monthly,Mar-27,Mar-24,00WW_2_450,Ramp Up Production (Android 13),Estimated,"April 03, 2024"
Nokia XR21,2024-03-01,Monthly,Mar-27,Mar-24,00WW_2_450,MR Update and SP (Android 13),Estimated,"April 03, 2024"
Nokia G11,2024-03-01,Monthly,May-25,Mar-24,00WW_3_530_SP05,SP Only (Android 13),,"April 03, 2024"
Nokia G21,2024-03-01,Monthly,Mar-25,Mar-24,00WW_3_530_SP05,SP Only (Android 13),,"April 03, 2024"
Nokia X30 5G,2024-03-01,Monthly,Jan-26,Mar-24,00WW_3_180_SP01,SP Only (Android 14),,"April 03, 2024"
Nokia G60 5G,2024-03-01,Monthly,Dec-25,Mar-24,00WW_3_170_SP01,SP Only (Android 14),,"April 03, 2024"
Nokia G11 Plus,2024-03-01,Monthly,Oct-25,Mar-24,00WW_2_560_SP05,SP Only (Android 13),,"April 03, 2024"
Nokia T10,2024-03-01,Monthly,Dec-25,Mar-24,00WW_2_490_SP02,SP Only (Android 13),,"April 01, 2024"
Nokia 1.4,2024-03-01,Monthly,Apr-24,Mar-24,00WW_2_210_SP13,SP Only (Android 11 GO),,"April 01, 2024"
Nokia T21,2024-03-01,Monthly,Mar-26,Mar-24,00WW_1_350_SP03,SP Only (Android 12),,"March 29, 2024"
Nokia G22,2024-02-01,Monthly,Apr-26,Feb-24,00WW_2_470,MR Update and SP (Android 13) ,,"March 28, 2024"
HMD Pulse Pro,2024-01-01,Quarterly,May-27,Jan-24,00WW_1_060,Ramp Up Production (Android 14),Estimated,"March 26, 2024"
HMD Pulse+,2024-01-01,Quarterly,May-27,Jan-24,00WW_1_060,Ramp Up Production (Android 14),Estimated,"March 26, 2024"
HMD Pulse,2024-01-01,Quarterly,May-27,Jan-24,00WW_1_060,Ramp Up Production (Android 14),Estimated,"March 26, 2024"
Nokia G20,2024-03-01,Monthly,Jul-24,Mar-24,00WW_3_430_SP01,SP Only (Android 13),,"March 26, 2024"
Nokia C21 Plus,2024-03-01,Quarterly,Jun-24,Mar-24,00WW_1_270_SP05,SP Only (Android 11 GO),,"March 26, 2024"
Nokia G10,2024-03-01,Monthly,Jul-24,Mar-24,00WW_3_390_SP07,SP Only (Android 13),,"March 26, 2024"
Nokia C21,2024-03-01,Quarterly,Jun-24,Mar-24,00WW_1_300_SP02,SP Only (Android 11 GO),,"March 25, 2024"
Nokia C2 2nd Edition,2024-03-01,Quarterly,Jul-24,Mar-24,00WW_1_400_SP01,SP Only (Android 11 GO),,"March 25, 2024"
Nokia G22,2024-02-01,Monthly,Apr-26,Feb-24,00WW_1_410_SP04,SP Only (Android 12),,"March 21, 2024"
Nokia X30 5G,2024-02-01,Monthly,Jan-26,Feb-24,00WW_3_180,MR Upgrade and SP (Android 14) ,,"March 20, 2024"
Nokia G60 5G,2024-02-01,Monthly,Dec-25,Feb-24,00WW_3_170,MR upgrade and SP (Android 14) ,,"March 20, 2024"
Nokia C31,2024-03-01,Quarterly,Dec-24,Mar-24,00WW_1_340_SP01,SP Only (Android 12),,"March 18, 2024"
Nokia X20,2024-03-01,Monthly,Jul-24,Mar-24,00WW_3_510_SP04,SP Only (Android 13),,"March 18, 2024"
Nokia X10,2024-03-01,Monthly,Sep-24,Mar-24,00WW_3_400_SP04,SP Only (Android 13),,"March 18, 2024"
Nokia XR20,2024-03-01,Monthly,Nov-25,Mar-24,00WW_3_410_SP03,SP Only (Android 13),,"March 18, 2024"
Nokia G50,2024-03-01,Monthly,Dec-24,Mar-24,00WW_3_330_SP04,SP Only (Android 13),,"March 18, 2024"
Nokia G11 Plus,2024-02-01,Monthly,Oct-25,Feb-24,00WW_2_560_SP04,SP Only (Android 13),,"March 14, 2024"
Nokia G11,2024-02-01,Monthly,May-25,Feb-24,00WW_3_530_SP04,SP Only (Android 13),,"March 14, 2024"
Nokia G21,2024-02-01,Monthly,Mar-25,Feb-24,00WW_3_530_SP04,SP Only (Android 13),,"March 14, 2024"
Nokia G42 5G,2024-03-01,Monthly,Aug-26,Mar-24,00WW_2_270,MR Update and SP (Android 14) ,,"March 14, 2024"
Nokia T10,2024-02-01,Monthly,Dec-25,Feb-24,00WW_2_490_SP01,SP Only (Android 13),,"March 08, 2024"
Nokia 1.4,2024-02-01,Monthly,Apr-24,Feb-24,00WW_2_210_SP12,SP Only (Android 11 GO),,"March 08, 2024"
Nokia G10,2024-02-01,Monthly,Jul-24,Feb-24,00WW_3_390_SP06,SP Only (Android 13),,"March 07, 2024"
Nokia T20,2024-03-01,Monthly,Nov-24,Mar-24,00WW_3_310_SP04,SP Only (Android 13),,"March 07, 2024"
Nokia X30 5G,2024-02-01,Monthly,Jan-26,Feb-24,00WW_2_310_SP03,SP Only (Android 13),,"March 07, 2024"
Nokia G60 5G,2024-02-01,Monthly,Dec-25,Feb-24,00WW_2_420_SP01,SP Only (Android 13),,"March 07, 2024"
Nokia G20,2024-02-01,Monthly,Jul-24,Feb-24,00WW_3_430,MR Update and SP (Android 13),,"March 07, 2024"
Nokia XR21,2024-02-01,Monthly,Mar-27,Feb-24,00WW_2_420_SP01,SP Only (Android 13),Estimated,"March 07, 2024"
Nokia XR21,2024-01-01,Monthly,Mar-27,Jan-24,00WW_2_420,MR Update and SP (Android 13),Estimated,"March 05, 2024"
Nokia X20,2024-02-01,Monthly,Jul-24,Feb-24,00WW_3_510_SP03,SP Only (Android 13),,"March 04, 2024"
Nokia G50,2024-02-01,Monthly,Dec-24,Feb-24,00WW_3_330_SP03,SP Only (Android 13),,"March 04, 2024"
Nokia XR20,2024-02-01,Monthly,Nov-25,Feb-24,00WW_3_410_SP02,SP Only (Android 13),,"March 04, 2024"
Nokia X10,2024-02-01,Monthly,Sep-24,Feb-24,00WW_3_400_SP03,SP Only (Android 13),,"March 04, 2024"
Nokia T21,2024-02-01,Monthly,Mar-26,Feb-24,00WW_1_350_SP02,SP Only (Android 12),,"February 27, 2024"
Nokia T10,2024-01-01,Monthly,Dec-25,Jan-24,00WW_2_490,MR Update and SP (Android 13),,"February 22, 2024"
Nokia T20,2024-02-01,Monthly,Nov-24,Feb-24,00WW_3_310_SP03,SP Only (Android 13),,"February 19, 2024"
Nokia C02,2024-02-01,Quarterly,May-25,Feb-24,00WW_1_350_SP02, SP Only (Android 12 GO),,"February 12, 2024"
Nokia C12,2024-01-01,Quarterly,Apr-25,Jan-24,00WW_1_520,MR Update and SP (Android 12 GO),,"February 09, 2024"
Nokia 1.4,2024-01-01,Monthly,Apr-24,Jan-24,00WW_2_210_SP11,SP Only (Android 11 GO),,"February 09, 2024"
Nokia G11 Plus,2024-01-01,Monthly,Oct-25,Jan-24,00WW_2_560_SP03,SP Only (Android 13),,"February 09, 2024"
Nokia G10,2024-01-01,Monthly,Jul-24,Jan-24,00WW_3_390_SP05,SP Only (Android 13),,"February 09, 2024"
Nokia G22,2024-01-01,Monthly,Apr-26,Jan-24,00WW_1_410_SP03,SP Only (Android 12),,"February 09, 2024"
Nokia G22,2024-01-01,Monthly,Apr-26,Jan-24,00WW_2_360_SP01,SP Only (Android 13),,"February 09, 2024"
Nokia G20,2024-01-01,Monthly,Jul-24,Jan-24,00WW_3_310_SP08,SP Only (Android 13),,"February 09, 2024"
Nokia G11,2024-01-01,Monthly,May-25,Jan-24,00WW_3_530_SP03,SP Only (Android 13),,"February 09, 2024"
Nokia G21,2024-01-01,Monthly,Mar-25,Jan-24,00WW_3_530_SP03,SP Only (Android 13),,"February 09, 2024"
Nokia G42 5G,2024-01-01,Monthly,Aug-26,Jan-24,00WW_2_230,MR Upgrade and SP (Android 14) ,,"February 08, 2024"
Nokia C32,2024-01-01,Quarterly,May-25,Jan-24,00WW_1_660,MR update and SP (Android 13),,"February 07, 2024"
Nokia C22,2024-01-01,Quarterly,Jun-25,Jan-24,00WW_1_520,MR Update and SP (Android 13 GO),,"February 07, 2024"
Nokia C2 2nd Edition,2023-12-01,Quarterly,Jul-24,Dec-23,00WW_1_400,MR Update and SP (Android 11 GO),,"February 06, 2024"
Nokia X30 5G,2024-01-01,Monthly,Jan-26,Jan-24,00WW_2_310_SP02,SP Only (Android 13),,"February 05, 2024"
Nokia T21,2024-01-01,Monthly,Mar-26,Jan-24,00WW_1_350_SP01,SP Only (Android 12),,"February 01, 2024"
Nokia G60 5G,2024-01-01,Monthly,Dec-25,Jan-24,00WW_2_420,MR update and SP (Android 13) ,,"February 01, 2024"
Nokia XR20,2024-01-01,Monthly,Nov-25,Jan-24,00WW_3_410_SP01,SP Only (Android 13),,"January 29, 2024"
Nokia X20,2024-01-01,Monthly,Jul-24,Jan-24,00WW_3_510_SP02,SP Only (Android 13),,"January 25, 2024"
Nokia X10,2024-01-01,Monthly,Sep-24,Jan-24,00WW_3_400_SP02,SP Only (Android 13),,"January 25, 2024"
Nokia G50,2024-01-01,Monthly,Dec-24,Jan-24,00WW_3_330_SP02,SP Only (Android 13),,"January 25, 2024"
Nokia C31,2023-12-01,Quarterly,Dec-24,Dec-23,00WW_1_340,MR Update and SP (Android 12),,"January 25, 2024"
Nokia T20,2024-01-01,Monthly,Nov-24,Jan-24,00WW_3_310_SP02,SP Only (Android 13),,"January 22, 2024"
Nokia G42 5G,2023-12-01,Monthly,Aug-26,Dec-23,00WW_2_160,MR Upgrade and SP (Android 14) ,,"January 22, 2024"
Nokia XR21,2024-01-01,Monthly,Mar-27,Jan-24,00WW_2_360,MR Update and SP (Android 13),Estimated,"January 19, 2024"
Nokia G22,2023-12-01,Monthly,Apr-26,Dec-23,00WW_2_360,MR Upgrade and SP (Android 13) ,,"January 17, 2024"
Nokia C21 Plus,2023-12-01,Quarterly,Jun-24,Dec-23,00WW_1_270_SP04,SP Only (Android 11 GO),,"January 12, 2024"
Nokia XR21,2023-12-01,Monthly,Mar-27,Dec-23,00WW_2_300_SP01,SP Only (Android 13),Estimated,"January 08, 2024"
Nokia G11 Plus,2023-12-01,Monthly,Oct-25,Dec-23,00WW_2_560_SP02,SP Only (Android 13),,"January 05, 2024"
Nokia X20,2023-12-01,Monthly,Jul-24,Dec-23,00WW_3_510_SP01,SP Only (Android 13),,"January 05, 2024"
Nokia X10,2023-12-01,Monthly,Sep-24,Dec-23,00WW_3_400_SP01,SP Only (Android 13),,"January 05, 2024"
Nokia G50,2023-12-01,Monthly,Dec-24,Dec-23,00WW_3_330_SP01,SP Only (Android 13),,"January 05, 2024"
Nokia XR20,2023-12-01,Monthly,Nov-25,Dec-23,00WW_3_410,MR Update and SP (Android 13),,"January 05, 2024"
Nokia X30 5G,2023-12-01,Monthly,Jan-26,Dec-23,00WW_2_310_SP01,SP Only (Android 13),,"January 05, 2024"
Nokia G11,2023-12-01,Monthly,May-25,Dec-23,00WW_3_530_SP02,SP Only (Android 13),,"January 05, 2024"
Nokia G21,2023-12-01,Monthly,Mar-25,Dec-23,00WW_3_530_SP02,SP Only (Android 13),,"January 05, 2024"
Nokia T21,2023-12-01,Monthly,Mar-26,Dec-23,00WW_1_350,MR Update and SP (Android 12),,"January 05, 2024"
Nokia G42 5G,2023-12-01,Monthly,Aug-26,Dec-23,00WW_1_430_SP03,SP Only (Android 13),,"January 05, 2024"
Nokia G22,2023-12-01,Monthly,Apr-26,Dec-23,00WW_1_410_SP02,SP Only (Android 12),,"January 03, 2024"
Nokia G10,2023-12-01,Monthly,Jul-24,Dec-23,00WW_3_390_SP04,SP Only (Android 13),,"January 03, 2024"
Nokia G20,2023-12-01,Monthly,Jul-24,Dec-23,00WW_3_310_SP07,SP Only (Android 13),,"January 03, 2024"
Nokia T10,2023-12-01,Monthly,Dec-25,Dec-23,00WW_2_460_SP01,SP Only (Android 13),,"December 28, 2023"
Nokia 3.4,2023-12-01,Final guaranteed Security Patch Update,Nov-23,Dec-23,00WW_3_500_SP06,SP Only (Android 12),,"December 27, 2023"
Nokia 5.4,2023-12-01,Final guaranteed Security Patch Update,Jan-24,Dec-23,00WW_3_460_SP06,SP Only (Android 12),,"December 27, 2023"
Nokia C30 (India),2023-12-01,Final guaranteed Security Patch Update,Dec-23,Dec-23,00WW_1_970_SP02,SP Only (Android 11 GO),,"December 27, 2023"
Nokia 1.4,2023-12-01,Monthly,Apr-24,Dec-23,00WW_2_210_SP10,SP Only (Android 11 GO),,"December 26, 2023"
Nokia C30,2023-12-01,Final guaranteed Security Patch Update,Dec-23,Dec-23,00WW_1_910_SP03,SP Only (Android 11 GO),,"December 25, 2023"
Nokia C12,2023-12-01,Quarterly,Apr-25,Dec-23,00WW_1_370_SP02,SP Only (Android 12 GO),,"December 22, 2023"
Nokia XR21,2023-11-01,Monthly,Mar-27,Nov-23,00WW_2_300,MR Update and SP (Android 13),Estimated,"December 20, 2023"
Nokia T20,2023-12-01,Monthly,Nov-24,Dec-23,00WW_3_310_SP01,SP Only (Android 13),,"December 18, 2023"
Nokia X30 5G,2023-11-01,Monthly,Jan-26,Nov-23,00WW_2_310,MR Update and SP (Android 12),,"December 18, 2023"
Nokia C21,2023-12-01,Quarterly,Jun-24,Dec-23,00WW_1_300_SP01,SP Only (Android 11 GO),,"December 18, 2023"
Nokia G60 5G,2023-11-01,Monthly,Dec-25,Nov-23,00WW_2_390_SP02,SP Only (Android 13),,"December 15, 2023"
Nokia C32,2023-11-01,Quarterly,May-25,Nov-23,00WW_1_450_SP01,SP Only (Android 13),,"December 14, 2023"
Nokia T20,2023-11-01,Monthly,Nov-24,Nov-23,00WW_3_310,MR Update and SP (Android 13) ,,"December 14, 2023"
Nokia C22,2023-11-01,Quarterly,Jun-25,Nov-23,00WW_1_420,MR Update and SP (Android 13 GO),,"December 13, 2023"
Nokia C32,2023-11-01,Quarterly,May-25,Nov-23,00WW_1_550,MR update and SP (Android 13),,"December 13, 2023"
Nokia C22,2023-11-01,Quarterly,Jun-25,Nov-23,00WW_1_330_SP01,SP Only (Android 13 GO),,"December 12, 2023"
Nokia G50,2023-11-01,Monthly,Dec-24,Nov-23,00WW_3_330,MR Update and SP (Android 13),,"December 11, 2023"
Nokia C32,2023-11-01,Quarterly,May-25,Nov-23,00WW_1_370_SP01,SP Only (Android 13),,"December 11, 2023"
Nokia X20,2023-11-01,Monthly,Jul-24,Nov-23,00WW_3_510,MR Update and SP (Android 13),,"December 11, 2023"
Nokia X10,2023-11-01,Monthly,Sep-24,Nov-23,00WW_3_400,MR Update and SP (Android 13),,"December 11, 2023"
Nokia C02,2023-11-01,Quarterly,May-25,Nov-23,00WW_1_350,MR Update and SP (Android 12 GO),,"December 11, 2023"
Nokia T10,2023-11-01,Monthly,Dec-25,Nov-23,00WW_2_460,MR Update and SP (Android 13),,"December 11, 2023"
Nokia G22,2023-11-01,Monthly,Apr-26,Nov-23,00WW_1_410_SP01,SP Only (Android 12),,"December 08, 2023"
Nokia XR20,2023-11-01,Monthly,Nov-25,Nov-23,00WW_3_350_SP05,SP Only (Android 13),,"December 08, 2023"
Nokia G11,2023-11-01,Monthly,May-25,Nov-23,00WW_3_530_SP01,SP Only (Android 13),,"December 04, 2023"
Nokia G21,2023-11-01,Monthly,Mar-25,Nov-23,00WW_3_530_SP01,SP Only (Android 13),,"December 04, 2023"
Nokia G11 Plus,2023-11-01,Monthly,Oct-25,Nov-23,00WW_2_560_SP01,SP Only (Android 13),,"December 04, 2023"
Nokia XR21,2023-11-01,Monthly,Mar-27,Nov-23,00WW_2_210_SP04,SP Only (Android 13),Estimated,"December 04, 2023"
Nokia 8.3 5G,2023-11-01,Final guaranteed Security Patch Update,Nov-23,Nov-23,00WW_3_49F_SP14,SP Only (Android 12),,"November 29, 2023"
Nokia G10,2023-11-01,Monthly,Jul-24,Nov-23,00WW_3_390_SP03,SP Only (Android 13),,"November 27, 2023"
Nokia G20,2023-11-01,Monthly,Jul-24,Nov-23,00WW_3_310_SP06,SP Only (Android 13),,"November 27, 2023"
Nokia C2 2nd Edition,2023-11-01,Quarterly,Jul-24,Nov-23,00WW_1_340_SP03,SP Only (Android 11 GO),,"November 24, 2023"
Nokia 1.4,2023-11-01,Monthly,Apr-24,Nov-23,00WW_2_210_SP09,SP Only (Android 11 GO),,"November 22, 2023"
Nokia G42 5G,2023-11-01,Monthly,Aug-26,Nov-23,00WW_1_430_SP02,SP Only (Android 13),,"November 22, 2023"
Nokia T20,2023-10-01,Monthly,Nov-24,Oct-23,00WW_3_290,MR Update and SP (Android 13) ,,"November 20, 2023"
Nokia G22,2023-10-01,Monthly,Apr-26,Oct-23,00WW_1_410,MR update and SP (Android 12) ,,"November 13, 2023"
Nokia G11 Plus,2023-10-01,Monthly,Oct-25,Oct-23,00WW_2_560,MR update and SP (Android 13) ,,"November 06, 2023"
Nokia G11,2023-10-01,Monthly,May-25,Oct-23,00WW_3_530,MR Update and SP (Android 13),,"November 06, 2023"
Nokia T10,2023-10-01,Monthly,Dec-25,Oct-23,00WW_2_410,MR Update and SP (Android 13),,"November 03, 2023"
Nokia 8.3 5G,2023-10-01,Monthly,Nov-23,Oct-23,00WW_3_49F_SP13,SP Only (Android 12),,"November 03, 2023"
Nokia G20,2023-10-01,Monthly,Jul-24,Oct-23,00WW_3_310_SP05,SP Only (Android 13),,"November 03, 2023"
Nokia G10,2023-10-01,Monthly,Jul-24,Oct-23,00WW_3_390_SP02,SP Only (Android 13),,"November 03, 2023"
Nokia G21,2023-10-01,Monthly,Mar-25,Oct-23,00WW_3_530,MR Update and SP (Android 13),,"November 01, 2023"
Nokia G42 5G,2023-10-01,Monthly,Aug-26,Oct-23,00WW_1_430_SP01,SP Only (Android 13),,"November 01, 2023"
Nokia 2.4,2023-10-01,Final guaranteed Security Patch Update,Oct-23,Oct-23,00WW_3_470_SP07,SP Only (Android 12),,"October 31, 2023"
Nokia 1.4,2023-10-01,Monthly,Apr-24,Oct-23,00WW_2_210_SP08,SP Only (Android 11 GO),,"October 31, 2023"
Nokia T21,2023-10-01,Monthly,Mar-26,Oct-23,00WW_1_320_SP04,SP Only (Android 12),,"October 26, 2023"
Nokia G60 5G,2023-10-01,Monthly,Dec-25,Oct-23,00WW_2_390_SP01,SP Only (Android 13),,"October 26, 2023"
Nokia T20,2023-10-01,Monthly,Nov-24,Oct-23,00WW_3_270_SP01,SP Only (Android 13),,"October 24, 2023"
Nokia X30 5G,2023-10-01,Monthly,Jan-26,Oct-23,00WW_2_300_SP04,SP Only (Android 13),,"October 23, 2023"
Nokia C32,2023-09-01,Quarterly,May-25,Sep-23,00WW_1_450,MR update and SP (Android 13),,"October 23, 2023"
Nokia XR21,2023-10-01,Monthly,Mar-27,Oct-23,00WW_2_210_SP03,SP Only (Android 13),Estimated,"October 23, 2023"
Nokia C30 (India),2023-10-01,Quarterly,Dec-23,Oct-23,00WW_1_970_SP01,SP Only (Android 11 GO),,"October 20, 2023"
Nokia XR20,2023-10-01,Monthly,Nov-25,Oct-23,00WW_3_350_SP04,SP Only (Android 13),,"October 19, 2023"
Nokia G50,2023-10-01,Monthly,Dec-24,Oct-23,00WW_3_320_SP04,SP Only (Android 13),,"October 19, 2023"
Nokia X20,2023-10-01,Monthly,Jul-24,Oct-23,00WW_3_500_SP04,SP Only (Android 13),,"October 19, 2023"
Nokia X10,2023-10-01,Monthly,Sep-24,Oct-23,00WW_3_390_SP04,SP Only (Android 13),,"October 19, 2023"
Nokia C21,2023-09-01,Quarterly,Jun-24,Sep-23,00WW_1_300,MR Update and SP (Android 11 GO),,"October 16, 2023"
Nokia T20,2023-09-01,Monthly,Nov-24,Sep-23,00WW_2_380_SP04,SP Only (Android 12),,"October 13, 2023"
Nokia G22,2023-09-01,Monthly,Apr-26,Sep-23,00WW_1_240_SP03,SP Only (Android 12),,"October 13, 2023"
Nokia 2.4,2023-09-01,Monthly,Oct-23,Sep-23,00WW_3_470_SP06,SP Only (Android 12),,"October 10, 2023"
Nokia C32,2023-09-01,Quarterly,May-25,Sep-23,00WW_1_370,MR update and SP (Android 13),,"October 09, 2023"
Nokia C22,2023-09-01,Quarterly,Jun-25,Sep-23,00WW_1_330 ,MR Update and SP (Android 13 GO),,"October 06, 2023"
Nokia G21,2023-09-01,Monthly,Mar-25,Sep-23,00WW_3_430_SP05,SP Only (Android 13),,"October 06, 2023"
Nokia G11,2023-09-01,Monthly,May-25,Sep-23,00WW_3_430_SP05,SP Only (Android 13),,"October 06, 2023"
Nokia 8.3 5G,2023-09-01,Monthly,Nov-23,Sep-23,00WW_3_49F_SP11,SP Only (Android 12),,"October 06, 2023"
Nokia G20,2023-09-01,Monthly,Jul-24,Sep-23,00WW_3_310_SP04,SP Only (Android 13),,"October 06, 2023"
Nokia G10,2023-09-01,Monthly,Jul-24,Sep-23,00WW_3_390_SP01,SP Only (Android 13),,"October 06, 2023"
Nokia C12,2023-09-01,Quarterly,Apr-25,Sep-23,00WW_1_370_SP01,SP Only (Android 12 GO),,"October 05, 2023"
Nokia XR20,2023-09-01,Monthly,Nov-25,Sep-23,00WW_3_350_SP03,SP Only (Android 13),,"October 05, 2023"
Nokia T20,2023-09-01,Monthly,Nov-24,Sep-23,00WW_3_270,MR Upgrade and SP (Android 13) ,,"October 05, 2023"
Nokia G11 Plus,2023-09-01,Monthly,Oct-25,Sep-23,00WW_2_510_SP04,SP Only (Android 13),,"October 04, 2023"
Nokia T10,2023-09-01,Monthly,Dec-25,Sep-23,00WW_2_310_SP04,SP Only (Android 13),,"September 28, 2023"
Nokia G42 5G,2023-09-01,Monthly,Aug-26,Sep-23,00WW_1_430,MR update and SP (Android 13) ,,"September 28, 2023"
Nokia T21,2023-09-01,Monthly,Mar-26,Sep-23,00WW_1_320_SP03,SP Only (Android 12),,"September 26, 2023"
Nokia 1.4,2023-09-01,Monthly,Apr-24,Sep-23,00WW_2_210_SP07,SP Only (Android 11 GO),,"September 26, 2023"
Nokia 3.4,2023-09-01,Monthly,Nov-23,Sep-23,00WW_3_500_SP05,SP Only (Android 12),,"September 26, 2023"
Nokia 5.4,2023-09-01,Monthly,Jan-24,Sep-23,00WW_3_460_SP05,SP Only (Android 12),,"September 26, 2023"
Nokia G60 5G,2023-09-01,Monthly,Dec-25,Sep-23,00WW_2_390,MR update and SP (Android 13) ,,"September 25, 2023"
Nokia C20 Plus,2023-09-01,Final guaranteed Security Patch Update,Sep-23,Sep-23,00WW_1_140_SP07,SP Only (Android 11 GO),,"September 19, 2023"
Nokia XR21,2023-09-01,Monthly,Mar-27,Sep-23,00WW_2_210_SP02,SP Only (Android 13),Estimated,"September 19, 2023"
Nokia C31,2023-09-01,Quarterly,Dec-24,Sep-23,00WW_1_260_SP01,SP Only (Android 12),,"September 18, 2023"
Nokia C21 Plus,2023-09-01,Quarterly,Jun-24,Sep-23,00WW_1_270_SP02,SP Only (Android 11 GO),,"September 18, 2023"
Nokia C1 2nd Edition,2023-09-01,Final guaranteed Security Patch Update,Sep-23,Sep-23,00WW_1_220_SP05,SP Only (Android 11 GO),,"September 18, 2023"
Nokia G50,2023-09-01,Monthly,Dec-24,Sep-23,00WW_3_320_SP03,SP Only (Android 13),,"September 14, 2023"
Nokia C30,2023-09-01,Bi-Monthly,Dec-23,Sep-23,00WW_1_910_SP01,SP Only (Android 11 GO),,"September 14, 2023"
Nokia X20,2023-09-01,Monthly,Jul-24,Sep-23,00WW_3_500_SP03,SP Only (Android 13),,"September 14, 2023"
Nokia X10,2023-09-01,Monthly,Sep-24,Sep-23,00WW_3_390_SP03,SP Only (Android 13),,"September 14, 2023"
Nokia X30 5G,2023-09-01,Monthly,Jan-26,Sep-23,00WW_2_300_SP03,SP Only (Android 13),,"September 12, 2023"
Nokia C32,2023-08-01,Quarterly,May-25,Aug-23,00WW_1_330 ,MR update and SP (Android 13),,"September 11, 2023"
Nokia 2.4,2023-08-01,Monthly,Oct-23,Aug-23,00WW_3_470_SP05,SP Only (Android 12),,"September 11, 2023"
Nokia G22,2023-08-01,Monthly,Apr-26,Aug-23,00WW_1_240_SP02,SP Only (Android 12),,"September 08, 2023"
Nokia G11 Plus,2023-08-01,Monthly,Oct-25,Aug-23,00WW_2_510_SP03,SP Only (Android 13),,"September 08, 2023"
Nokia G21,2023-08-01,Monthly,Mar-25,Aug-23,00WW_3_430_SP04,SP Only (Android 13),,"September 08, 2023"
Nokia G11,2023-08-01,Monthly,May-25,Aug-23,00WW_3_430_SP04,SP Only (Android 13),,"September 08, 2023"
Nokia 8.3 5G,2023-08-01,Monthly,Nov-23,Aug-23,00WW_3_49F_SP10,SP Only (Android 12),,"September 07, 2023"
Nokia G11,2023-07-01,Monthly,May-25,Jul-23,00WW_2_640_SP03,SP Only (Android 12),,"September 04, 2023"
Nokia C02,2023-08-01,Quarterly,May-25,Aug-23,00WW_1_250,MR Update and SP (Android 12 GO),,"September 04, 2023"
Nokia G10,2023-08-01,Monthly,Jul-24,Aug-23,00WW_3_390,MR Update and SP (Android 13) ,,"September 04, 2023"
Nokia G42 5G,2023-08-01,Monthly,Aug-26,Aug-23,00WW_1_190_SP01,SP Only (Android 13),,"September 01, 2023"
Nokia T21,2023-08-01,Monthly,Mar-26,Aug-23,00WW_1_320_SP02,SP Only (Android 12),,"August 31, 2023"
Nokia G20,2023-08-01,Monthly,Jul-24,Aug-23,00WW_3_310_SP03,SP Only (Android 13),,"August 29, 2023"
Nokia 1.4,2023-08-01,Monthly,Apr-24,Aug-23,00WW_2_210_SP06,SP Only (Android 11 GO),,"August 29, 2023"
Nokia T10,2023-08-01,Monthly,Dec-25,Aug-23,00WW_2_310_SP03,SP Only (Android 13),,"August 29, 2023"
Nokia C31,2023-06-01,Quarterly,Dec-24,Jun-23,00WW_1_260,MR Update and SP (Android 12),,"August 25, 2023"
Nokia T20,2023-08-01,Monthly,Nov-24,Aug-23,00WW_2_380_SP03,SP Only (Android 12),,"August 25, 2023"
Nokia G42 5G,2023-07-01,Monthly,Aug-26,Jul-23,00WW_1_360,Ramp Up Production (Android 13),,"August 25, 2023"
Nokia C10,2023-08-01,Final guaranteed Security Patch Update,Aug-23,Aug-23,00WW_1_890_SP02,SP Only (Android 11 GO),,"August 24, 2023"
Nokia C30 (India),2023-07-01,Quarterly,Dec-23,Jul-23,00WW_1_970,MR Update and SP (Android 11 GO),,"August 23, 2023"
Nokia X30 5G,2023-08-01,Monthly,Jan-26,Aug-23,00WW_2_300_SP02,SP Only (Android 13),,"August 22, 2023"
Nokia XR20,2023-08-01,Monthly,Nov-25,Aug-23,00WW_3_350_SP02,SP Only (Android 13),,"August 22, 2023"
Nokia X20,2023-08-01,Monthly,Jul-24,Aug-23,00WW_3_500_SP02,SP Only (Android 13),,"August 22, 2023"
Nokia X10,2023-08-01,Monthly,Sep-24,Aug-23,00WW_3_390_SP02,SP Only (Android 13),,"August 22, 2023"
Nokia G50,2023-08-01,Monthly,Dec-24,Aug-23,00WW_3_320_SP02,SP Only (Android 13),,"August 22, 2023"
Nokia XR21,2023-08-01,Monthly,Mar-27,Aug-23,00WW_2_210_SP01,SP Only (Android 13),Estimated,"August 22, 2023"
Nokia C01 Plus,2023-08-01,Final guaranteed Security Patch Update,Aug-23,Aug-23,00WW_1_400_SP01,SP Only (Android 11 GO),,"August 21, 2023"
Nokia T21,2023-07-01,Monthly,Mar-26,Jul-23,00WW_1_320_SP01,SP Only (Android 12),,"August 17, 2023"
Nokia G60 5G,2023-08-01,Monthly,Dec-25,Aug-23,00WW_2_350_SP02,SP Only (Android 13),,"August 15, 2023"
Nokia G10,2023-07-01,Monthly,Jul-24,Jul-23,00WW_2_400_SP13,SP Only (Android 12),,"August 14, 2023"
Nokia C12,2023-07-01,Quarterly,Apr-25,Jul-23,00WW_1_370,MR Update and SP (Android 12 GO),,"August 14, 2023"
Nokia C20 Plus,2023-08-01,Quarterly,Sep-23,Aug-23,00WW_1_140_SP06,SP Only (Android 11 GO),,"August 14, 2023"
Nokia C2 2nd Edition,2023-08-01,Quarterly,Jul-24,Aug-23,00WW_1_340_SP02,SP Only (Android 11 GO),,"August 14, 2023"
Nokia C30,2023-07-01,Bi-Monthly,Dec-23,Jul-23,00WW_1_910,MR Update and SP (Android 11 GO),,"August 09, 2023"
Nokia G11 Plus,2023-07-01,Monthly,Oct-25,Jul-23,00WW_2_510_SP02,SP Only (Android 13),,"August 04, 2023"
Nokia 8.3 5G,2023-07-01,Monthly,Nov-23,Jul-23,00WW_3_49F_SP08,SP Only (Android 12),,"August 04, 2023"
Nokia G11,2023-07-01,Monthly,May-25,Jul-23,00WW_3_430_SP03,SP Only (Android 13),,"August 04, 2023"
Nokia G21,2023-07-01,Monthly,Mar-25,Jul-23,00WW_3_430_SP03,SP Only (Android 13),,"August 04, 2023"
Nokia G10,2023-07-01,Monthly,Jul-24,Jul-23,00WW_3_300_SP04,SP Only (Android 13),,"August 04, 2023"
Nokia G22,2023-07-01,Monthly,Apr-26,Jul-23,00WW_1_240_SP01,SP Only (Android 12),,"August 01, 2023"
Nokia 2.4,2023-07-01,Monthly,Oct-23,Jul-23,00WW_3_470_SP04,SP Only (Android 12),,"August 01, 2023"
Nokia G20,2023-07-01,Monthly,Jul-24,Jul-23,00WW_3_310_SP02,SP Only (Android 13),,"August 01, 2023"
Nokia 1.4,2023-07-01,Monthly,Apr-24,Jul-23,00WW_2_210_SP05,SP Only (Android 11 GO),,"August 01, 2023"
Nokia C02,2023-06-01,Quarterly,May-25,Jun-23,00WW_1_200,MR Update and SP (Android 12 GO),,"July 31, 2023"
Nokia 3.4,2023-07-01,Monthly,Nov-23,Jul-23,00WW_3_500_SP04,SP Only (Android 12),,"July 26, 2023"
Nokia 5.4,2023-07-01,Monthly,Jan-24,Jul-23,00WW_3_460_SP04,SP Only (Android 12),,"July 26, 2023"
Nokia T21,2023-06-01,Monthly,Mar-26,Jun-23,00WW_1_320,MR Update and SP (Android 12),,"July 25, 2023"
Nokia XR21,2023-07-01,Monthly,Mar-27,Jul-23,00WW_2_210,MR Upgrade and SP (Android 13),Estimated,"July 25, 2023"
Nokia C1 2nd Edition,2023-07-01,Quarterly,Sep-23,Jul-23,00WW_1_220_SP04,SP Only (Android 11 GO),,"July 24, 2023"
Nokia T10,2023-07-01,Monthly,Dec-25,Jul-23,00WW_2_310_SP02,SP Only (Android 13),,"July 24, 2023"
Nokia C22,2023-06-01,Quarterly,Jun-25,Jun-23,00WW_1_270,MR Update and SP (Android 13 GO),,"July 21, 2023"
Nokia C32,2023-06-01,Quarterly,May-25,Jun-23,00WW_1_260,MR update and SP (Android 13),,"July 21, 2023"
Nokia X10,2023-07-01,Monthly,Sep-24,Jul-23,00WW_3_390_SP01,SP Only (Android 13),,"July 18, 2023"
Nokia X20,2023-07-01,Monthly,Jul-24,Jul-23,00WW_3_500_SP01,SP Only (Android 13),,"July 18, 2023"
Nokia XR20,2023-07-01,Monthly,Nov-25,Jul-23,00WW_3_350_SP01,SP Only (Android 13),,"July 18, 2023"
Nokia G50,2023-07-01,Monthly,Dec-24,Jul-23,00WW_3_320_SP01,SP Only (Android 13),,"July 18, 2023"
Nokia G42 5G,2023-06-01,Monthly,Aug-26,Jun-23,00WW_1_190,MR update and SP (Android 13) ,,"July 17, 2023"
Nokia C21,2023-07-01,Quarterly,Jun-24,Jul-23,00WW_1_280_SP01,SP Only (Android 11 GO),,"July 14, 2023"
Nokia G11,2023-05-01,Monthly,May-25,May-23,00WW_2_640_SP02,SP Only (Android 12),,"July 14, 2023"
Nokia C10,2023-07-01,Quarterly,Aug-23,Jul-23,00WW_1_890_SP01,SP Only (Android 11 GO),,"July 12, 2023"
Nokia C12,2023-07-01,Quarterly,Apr-25,Jul-23,00WW_1_290_SP01,SP Only (Android 12 GO),,"July 12, 2023"
Nokia T20,2023-07-01,Monthly,Nov-24,Jul-23,00WW_2_380_SP02,SP Only (Android 12),,"July 10, 2023"
Nokia G11 Plus,2023-06-01,Monthly,Oct-25,Jun-23,00WW_2_510_SP01,SP Only (Android 13),,"July 07, 2023"
Nokia G21,2023-06-01,Monthly,Mar-25,Jun-23,00WW_3_430_SP02,SP Only (Android 13),,"July 07, 2023"
Nokia G11,2023-06-01,Monthly,May-25,Jun-23,00WW_3_430_SP02,SP Only (Android 13),,"July 07, 2023"
Nokia G60 5G,2023-07-01,Monthly,Dec-25,Jul-23,00WW_2_350_SP01,SP Only (Android 13),,"July 06, 2023"
Nokia X30 5G,2023-07-01,Monthly,Jan-26,Jul-23,00WW_2_300_SP01,SP Only (Android 13),,"July 06, 2023"
Nokia G50,2023-06-01,Monthly,Dec-24,Jun-23,00WW_3_320,MR Upgrade and SP (Android 13),,"July 04, 2023"
Nokia C22,2023-06-01,Quarterly,Jun-25,Jun-23,00WW_1_250,MR Update and SP (Android 13 GO),,"July 03, 2023"
Nokia XR20,2023-06-01,Monthly,Nov-25,Jun-23,00WW_3_350,MR Update and SP (Android 13),,"July 03, 2023"
Nokia 5.3,2023-06-01,Final guaranteed Security Patch Update,Jun-23,Jun-23,00WW_3_490_SP03,SP Only (Android 12),,"July 03, 2023"
Nokia G10,2023-06-01,Monthly,Jul-24,Jun-23,00WW_2_400_SP12,SP Only (Android 12),,"June 29, 2023"
Nokia G10,2023-06-01,Monthly,Jul-24,Jun-23,00WW_3_300_SP03,SP Only (Android 13),,"June 29, 2023"
Nokia C20,2023-06-01,Final guaranteed Security Patch Update,Jun-23,Jun-23,00WW_1_870_SP01,SP Only (Android 11 GO),,"June 29, 2023"
Nokia G20,2023-06-01,Monthly,Jul-24,Jun-23,00WW_3_310_SP01,SP Only (Android 13),,"June 28, 2023"
Nokia 2.4,2023-06-01,Monthly,Oct-23,Jun-23,00WW_3_470_SP03,SP Only (Android 12),,"June 28, 2023"
Nokia C30,2023-06-01,Bi-Monthly,Dec-23,Jun-23,00WW_1_900_SP01,SP Only (Android 11 GO),,"June 28, 2023"
Nokia 1.4,2023-06-01,Monthly,Apr-24,Jun-23,00WW_2_210_SP04,SP Only (Android 11 GO),,"June 28, 2023"
Nokia 8.3 5G,2023-06-01,Monthly,Nov-23,Jun-23,00WW_3_49F_SP07,SP Only (Android 12),,"June 28, 2023"
Nokia G11 Plus,2023-05-01,Monthly,Oct-25,May-23,00WW_2_510,MR update and SP (Android 13) ,,"June 28, 2023"
Nokia XR21,2023-06-01,Monthly,Mar-27,Jun-23,00WW_1_090_SP01,SP Only (Android 12),Estimated,"June 28, 2023"
Nokia G22,2023-06-01,Monthly,Apr-26,Jun-23,00WW_1_240,MR update and SP (Android 12) ,,"June 26, 2023"
Nokia T21,2023-05-01,Monthly,Mar-26,May-23,00WW_1_310_SP01,SP Only (Android 12),,"June 26, 2023"
Nokia C21 Plus,2023-06-01,Quarterly,Jun-24,Jun-23,00WW_1_270_SP01,SP Only (Android 11 GO),,"June 26, 2023"
Nokia X10,2023-06-01,Monthly,Sep-24,Jun-23,00WW_3_390,MR Update and SP (Android 13),,"June 22, 2023"
Nokia X20,2023-06-01,Monthly,Jul-24,Jun-23,00WW_3_500,MR Upgrade and SP (Android 13),,"June 22, 2023"
Nokia C32,2023-06-01,Quarterly,May-25,Jun-23,00WW_1_230,MR update and SP (Android 13),,"June 22, 2023"
Nokia T20,2023-06-01,Monthly,Nov-24,Jun-23,00WW_2_380_SP01,SP Only (Android 12),,"June 22, 2023"
Nokia X30 5G,2023-05-01,Monthly,Jan-26,May-23,00WW_2_300,MR Update and SP (Android 12),,"June 21, 2023"
Nokia C01 Plus,2023-05-01,Quarterly,Aug-23,May-23,00WW_1_400,MR Update and SP (Android 11 GO),,"June 20, 2023"
Nokia T10,2023-06-01,Monthly,Dec-25,Jun-23,00WW_2_310_SP01,SP Only (Android 13),,"June 20, 2023"
Nokia G60 5G,2023-05-01,Monthly,Dec-25,May-23,00WW_2_350 ,MR update and SP (Android 13) ,,"June 20, 2023"
Nokia 3.4,2023-06-01,Monthly,Nov-23,Jun-23,00WW_3_500_SP03,SP Only (Android 12),,"June 19, 2023"
Nokia 5.4,2023-06-01,Monthly,Jan-24,Jun-23,00WW_3_460_SP03,SP Only (Android 12),,"June 19, 2023"
Nokia C32,2023-06-01,Quarterly,May-25,Jun-23,00WW_1_190,MR update and SP (Android 13),,"June 12, 2023"
Nokia C02,2023-05-01,Quarterly,May-25,May-23,00WW_1_150,MR Update and SP (Android 12 GO),,"June 08, 2023"
Nokia 1.3,2023-06-01,Final guaranteed Security Patch Update,Jun-23,Jun-23,00WW_2_370_SP08,SP Only (Android 11 GO),Monthly to Quarterly SPs after Jun-22,"June 07, 2023"
Nokia C30 (India),2023-04-01,Quarterly,Dec-23,Apr-23,00WW_1_920,MR Update and SP (Android 11 GO),,"June 06, 2023"
Nokia G21,2023-05-01,Monthly,Mar-25,May-23,00WW_3_430_SP01,SP Only (Android 13),,"June 06, 2023"
Nokia G11,2023-05-01,Monthly,May-25,May-23,00WW_3_430_SP01,SP Only (Android 13),,"June 06, 2023"
Nokia 5.3,2023-05-01,Monthly,Jun-23,May-23,00WW_3_490_SP02,SP Only (Android 12),,"June 05, 2023"
Nokia C20,2023-04-01,Quarterly,Jun-23,Apr-23,00WW_1_870,MR Update and SP (Android 11 GO),,"June 05, 2023"
Nokia G11 Plus,2023-05-01,Monthly,Oct-25,May-23,00WW_2_420_SP01,SP Only (Android 13),,"June 05, 2023"
Nokia C2 2nd Edition,2023-05-01,Quarterly,Jul-24,May-23,00WW_1_340_SP01,SP Only (Android 11 GO),,"June 05, 2023"
Nokia 8.3 5G,2023-05-01,Monthly,Nov-23,May-23,00WW_3_49F_SP06,SP Only (Android 12),,"June 03, 2023"
Nokia G42 5G,2023-05-01,Monthly,Aug-26,May-23,00WW_1_120,Ramp Up Production (Android 13),,"June 02, 2023"
Nokia 1.4,2023-05-01,Monthly,Apr-24,May-23,00WW_2_210_SP03,SP Only (Android 11 GO),,"May 31, 2023"
Nokia G20,2023-05-01,Monthly,Jul-24,May-23,00WW_3_310,MR update and SP (Android 13) ,,"May 31, 2023"
Nokia G60 5G,2023-05-01,Monthly,Dec-25,May-23,00WW_2_290_SP01,SP Only (Android 13),,"May 30, 2023"
Nokia XR20,2023-05-01,Monthly,Nov-25,May-23,00WW_3_340_SP01,SP Only (Android 13),,"May 30, 2023"
Nokia C12,2023-04-01,Quarterly,Apr-25,Apr-23,00WW_1_290,MR Update and SP (Android 12 GO),,"May 30, 2023"
Nokia G50,2023-05-01,Monthly,Dec-24,May-23,00WW_3_310_SP01 ,SP Only (Android 13),,"May 30, 2023"
Nokia X30 5G,2023-05-01,Monthly,Jan-26,May-23,00WW_2_220_SP02,SP Only (Android 13),,"May 30, 2023"
Nokia T20,2023-05-01,Monthly,Nov-24,May-23,00WW_2_380,MR Update and SP (Android 12),,"May 29, 2023"
Nokia C31,2023-05-01,Quarterly,Dec-24,May-23,00WW_1_230,MR Update and SP (Android 12),,"May 26, 2023"
Nokia X10,2023-05-01,Monthly,Sep-24,May-23,00WW_3_380_SP01,SP Only (Android 13),,"May 26, 2023"
Nokia X20,2023-05-01,Monthly,Jul-24,May-23,00WW_3_490_SP01,SP Only (Android 13),,"May 26, 2023"
Nokia T10,2023-05-01,Monthly,Dec-25,May-23,00WW_2_310,MR Upgrade and SP (Android 13),,"May 23, 2023"
Nokia G10,2023-05-01,Monthly,Jul-24,May-23,00WW_2_400_SP11,SP Only (Android 12),,"May 23, 2023"
Nokia G10,2023-05-01,Monthly,Jul-24,May-23,00WW_3_300_SP02,SP Only (Android 13),,"May 23, 2023"
Nokia 2.4,2023-05-01,Monthly,Oct-23,May-23,00WW_3_470_SP02,SP Only (Android 12),,"May 23, 2023"
Nokia C10,2023-04-01,Quarterly,Aug-23,Apr-23,00WW_1_890,MR Update and SP (Android 11 GO),,"May 22, 2023"
Nokia T21,2023-04-01,Monthly,Mar-26,Apr-23,00WW_1_310,MR Update and SP (Android 12),,"May 22, 2023"
Nokia G11 Plus,2023-04-01,Monthly,Oct-25,Apr-23,00WW_1_430_SP01,SP Only (Android 12),,"May 19, 2023"
Nokia G60 5G,2023-04-01,Monthly,Dec-25,Apr-23,00WW_1_280_SP03,SP Only (Android 12),,"May 18, 2023"
Nokia C30,2023-04-01,Bi-Monthly,Dec-23,Apr-23,00WW_1_900,MR Update and SP (Android 11 GO),,"May 16, 2023"
Nokia 3.4,2023-05-01,Monthly,Nov-23,May-23,00WW_3_500_SP02,SP Only (Android 12),,"May 16, 2023"
Nokia 5.4,2023-05-01,Monthly,Jan-24,May-23,00WW_3_460_SP02,SP Only (Android 12),,"May 16, 2023"
Nokia XR21,2023-03-01,Monthly,Mar-27,Mar-23,00WW_1_200,Ramp Up Production (Android 12 ),Estimated,"May 16, 2023"
Nokia C21,2023-04-01,Quarterly,Jun-24,Apr-23,00WW_1_280,MR Update and SP (Android 11 GO),,"May 15, 2023"
Nokia C1 Plus,2023-02-01,Final guaranteed Security Patch Update,Jan-23,Feb-23,00WW_1_100,MR Update and SP (Android 10 GO),,"May 15, 2023"
Nokia C3,2023-02-01,Final guaranteed Security Patch Update,Nov-22,Feb-23,00WW_1_260,MR Update and SP (Android 10),,"May 15, 2023"
Nokia G22,2023-05-01,Monthly,Apr-26,May-23,00WW_1_160_SP01,SP Only (Android 12),,"May 15, 2023"
Nokia C32,2023-04-01,Quarterly,May-25,Apr-23,00WW_1_150,MR update and SP (Android 13),,"May 15, 2023"
Nokia G50,2023-04-01,Monthly,Dec-24,Apr-23,00WW_3_310 ,MR Upgrade and SP (Android 13),,"May 12, 2023"
Nokia C20 Plus,2023-05-01,Quarterly,Sep-23,May-23,00WW_1_140_SP05,SP Only (Android 11 GO),,"May 11, 2023"
Nokia C22,2023-04-01,Quarterly,Jun-25,Apr-23,00WW_1_180,MR Update and SP (Android 13 GO),,"May 09, 2023"
Nokia 8.3 5G,2023-04-01,Monthly,Nov-23,Apr-23,00WW_3_490_SP04,SP Only (Android 12),,"May 08, 2023"
Nokia C21 Plus,2023-03-01,Quarterly,Jun-24,Mar-23,00WW_1_270,MR Update and SP (Android 11 GO),,"May 08, 2023"
Nokia XR20,2023-04-01,Monthly,Nov-25,Apr-23,00WW_3_340,MR Update and SP (Android 13),,"May 05, 2023"
Nokia 1.4,2023-04-01,Monthly,Apr-24,Apr-23,00WW_2_210_SP02,SP Only (Android 11 GO),,"May 04, 2023"
Nokia X30 5G,2023-04-01,Monthly,Jan-26,Apr-23,00WW_2_220_SP01,SP Only (Android 13),,"May 04, 2023"
Nokia T10,2023-04-01,Monthly,Dec-25,Apr-23,00WW_1_320_SP03,SP Only (Android 12),,"May 04, 2023"
Nokia G60 5G,2023-04-01,Monthly,Dec-25,Apr-23,00WW_2_290,MR update and SP (Android 13) ,,"May 04, 2023"
Nokia G22,2023-04-01,Monthly,Apr-26,Apr-23,00WW_1_160,MR update and SP (Android 12) ,,"May 04, 2023"
Nokia G20,2023-04-01,Monthly,Jul-24,Apr-23,00WW_2_360_SP10,SP Only (Android 12),,"May 03, 2023"
Nokia G20,2023-04-01,Monthly,Jul-24,Apr-23,00WW_3_290_SP01,SP Only (Android 13),,"May 03, 2023"
Nokia G10,2023-04-01,Monthly,Jul-24,Apr-23,00WW_2_400_SP10,SP Only (Android 12),,"May 03, 2023"
Nokia G10,2023-04-01,Monthly,Jul-24,Apr-23,00WW_3_300_SP01,SP Only (Android 13),,"May 03, 2023"
Nokia C1 2nd Edition,2023-04-01,Quarterly,Sep-23,Apr-23,00WW_1_220_SP03,SP Only (Android 11 GO),,"May 03, 2023"
Nokia C2 2nd Edition,2023-02-01,Quarterly,Jul-24,Feb-23,00WW_1_340,MR Update and SP (Android 11 GO),,"May 02, 2023"
Nokia G21,2023-04-01,Monthly,Mar-25,Apr-23,00WW_3_430,MR Upgrade and SP (Android 13),,"April 28, 2023"
Nokia G11,2023-04-01,Monthly,May-25,Apr-23,00WW_3_430,MR Upgrade and SP (Android 13),,"April 27, 2023"
Nokia 2.4,2023-04-01,Monthly,Oct-23,Apr-23,00WW_3_470_SP01,SP Only (Android 12),,"April 27, 2023"
Nokia C12,2023-04-01,Quarterly,Apr-25,Apr-23,00WW_1_220_SP01,SP Only (Android 12 GO),,"April 26, 2023"
Nokia 3.4,2023-04-01,Monthly,Nov-23,Apr-23,00WW_3_500_SP01,SP Only (Android 12),,"April 26, 2023"
Nokia 5.4,2023-04-01,Monthly,Jan-24,Apr-23,00WW_3_460_SP01,SP Only (Android 12),,"April 26, 2023"
Nokia X20,2023-04-01,Monthly,Jul-24,Apr-23,00WW_3_490,MR Upgrade and SP (Android 13),,"April 25, 2023"
Nokia X10,2023-04-01,Monthly,Sep-24,Apr-23,00WW_3_380,MR Upgrade and SP (Android 13),,"April 25, 2023"
Nokia C02,2023-03-01,Quarterly,May-25,Mar-23,00WW_1_100,MR Update and SP (Android 12 GO),,"April 24, 2023"
Nokia G11 Plus,2023-04-01,Monthly,Oct-25,Apr-23,00WW_2_420,MR update and SP (Android 13) ,,"April 24, 2023"
Nokia X30 5G,2023-03-01,Monthly,Jan-26,Mar-23,00WW_2_220 ,MR Update and SP (Android 12),,"April 19, 2023"
Nokia G60 5G,2023-03-01,Monthly,Dec-25,Mar-23,00WW_2_260,MR upgrade and SP (Android 13) ,,"April 19, 2023"
Nokia 3.4,2023-03-01,Monthly,Nov-23,Mar-23,00WW_3_500,MR Update and SP (Android 12),,"April 18, 2023"
Nokia 5.4,2023-03-01,Monthly,Jan-24,Mar-23,00WW_3_460,MR Update and SP (Android 12),,"April 18, 2023"
Nokia 5.3,2023-04-01,Monthly,Jun-23,Apr-23,00WW_3_490_SP01,SP Only (Android 12),,"April 13, 2023"
Nokia C20,2023-04-01,Quarterly,Jun-23,Apr-23,00WW_1_840_SP05,SP Only (Android 11 GO),,"April 13, 2023"
Nokia C20,2023-04-01,Quarterly,Jun-23,Apr-23,00WW_1_800_SP04,SP Only (Android 11 GO),,"April 13, 2023"
Nokia C20,2023-04-01,Quarterly,Jun-23,Apr-23,00WW_1_610_SP06,SP Only (Android 11 GO),,"April 13, 2023"
Nokia C22,2023-03-01,Quarterly,Jun-25,Mar-23,00WW_1_120,Ramp Up Production (Android 13 GO),,"April 12, 2023"
Nokia G22,2023-03-01,Monthly,Apr-26,Mar-23,00WW_1_120,MR update and SP (Android 12) ,,"April 12, 2023"
Nokia G10,2023-03-01,Monthly,Jul-24,Mar-23,00WW_3_300,MR Upgrade and SP (Android 13) ,,"April 11, 2023"
Nokia T20,2023-04-01,Monthly,Nov-24,Apr-23,00WW_2_360_SP01,SP Only (Android 12),,"April 10, 2023"
Nokia G20,2023-03-01,Monthly,Jul-24,Mar-23,00WW_3_290,MR update and SP (Android 13) ,,"April 10, 2023"
Nokia XR21,2023-03-01,Monthly,Mar-27,Mar-23,00WW_1_090,Ramp Up Production (Android 12 ),Estimated,"April 10, 2023"
Nokia G21,2023-03-01,Monthly,Mar-25,Mar-23,00WW_2_640,MR Update and SP (Android 12),,"April 06, 2023"
Nokia G11,2023-03-01,Monthly,May-25,Mar-23,00WW_2_640,MR Update and SP (Android 12),,"April 06, 2023"
Nokia T21,2023-03-01,Monthly,Mar-26,Mar-23,00WW_1_190_SP01,SP Only (Android 12),,"April 06, 2023"
Nokia C32,2023-03-01,Quarterly,May-25,Mar-23,00WW_1_070,Ramp Up Production (Android 13),,"April 05, 2023"
Nokia 2.4,2023-03-01,Monthly,Oct-23,Mar-23,00WW_3_470,MR Update and SP (Android 12),,"April 04, 2023"
Nokia X30 5G,2023-03-01,Monthly,Jan-26,Mar-23,00WW_1_310_SP02,SP Only (Android 12),,"April 04, 2023"
Nokia G50,2023-03-01,Monthly,Dec-24,Mar-23,00WW_3_200_SP03,SP Only (Android 13),,"April 03, 2023"
Nokia XR20,2023-03-01,Monthly,Nov-25,Mar-23,00WW_3_280_SP03,SP Only (Android 13),,"April 03, 2023"
Nokia X10,2023-03-01,Monthly,Sep-24,Mar-23,00WW_3_370_SP01,SP Only (Android 13),,"April 03, 2023"
Nokia X20,2023-03-01,Monthly,Jul-24,Mar-23,00WW_3_470_SP01,SP Only (Android 13),,"April 03, 2023"
Nokia G11 Plus,2023-03-01,Monthly,Oct-25,Mar-23,00WW_1_430,SP Only (Android 12),,"April 03, 2023"
Nokia 5.3,2023-02-01,Monthly,Jun-23,Feb-23,00WW_3_490,MR Upgrade and SP (Android 12),,"March 31, 2023"
Nokia 1.4,2023-03-01,Monthly,Apr-24,Mar-23,00WW_2_210_SP01,SP Only (Android 11 GO),,"March 30, 2023"
Nokia C12,2023-01-01,Quarterly,Apr-25,Jan-23,00WW_1_220,MR Update and SP (Android 12 GO),,"March 29, 2023"
Nokia C22,2023-01-01,Quarterly,Jun-25,Jan-23,00WW_1_090,Ramp Up Production (Android 13 GO),,"March 29, 2023"
Nokia T10,2023-03-01,Monthly,Dec-25,Mar-23,00WW_1_320_SP01,SP Only (Android 12),,"March 27, 2023"
Nokia C02,2023-02-01,Quarterly,May-25,Feb-23,00WW_1_090,MR Update and SP (Android 12 GO),,"March 27, 2023"
Nokia C12,2023-01-01,Quarterly,Apr-25,Jan-23,00WW_1_160,MR Update and SP (Android 12 GO),,"March 27, 2023"
Nokia C12,2023-01-01,Quarterly,Apr-25,Jan-23,00WW_1_200,Ramp Up Production (Android 12 GO),,"March 25, 2023"
Nokia G20,2023-03-01,Monthly,Jul-24,Mar-23,00WW_2_360_SP09,SP Only (Android 12),,"March 23, 2023"
Nokia G10,2023-03-01,Monthly,Jul-24,Mar-23,00WW_2_400_SP09,SP Only (Android 12),,"March 23, 2023"
Nokia G60 5G,2023-03-01,Monthly,Dec-25,Mar-23,00WW_1_280_SP02,SP Only (Android 12),,"March 21, 2023"
Nokia T20,2023-03-01,Monthly,Nov-24,Mar-23,00WW_2_360,MR Update and SP (Android 12),,"March 21, 2023"
Nokia X10,2023-02-01,Monthly,Sep-24,Feb-23,00WW_3_370 ,MR Upgrade and SP (Android 13),,"March 20, 2023"
Nokia X20,2023-02-01,Monthly,Jul-24,Feb-23,00WW_3_470,MR Upgrade and SP (Android 13),,"March 20, 2023"
Nokia 2.4,2023-02-01,Monthly,Oct-23,Feb-23,00WW_3_410_SP04,SP Only (Android 12),,"March 16, 2023"
Nokia C02,2023-02-01,Quarterly,May-25,Feb-23,00WW_1_080,MR Update and SP (Android 12 GO),,"March 13, 2023"
Nokia 1.3,2023-03-01,Quarterly,Jun-23,Mar-23,00WW_2_370_SP08,SP Only (Android 11 GO),Monthly to Quarterly SPs after Jun-22,"March 08, 2023"
Nokia T20,2023-02-01,Monthly,Nov-24,Feb-23,00WW_2_340,MR Update and SP (Android 12),,"March 07, 2023"
Nokia G10,2023-02-01,Monthly,Jul-24,Feb-23,00WW_2_400_SP08,SP Only (Android 12),,"March 07, 2023"
Nokia G11 Plus,2023-02-01,Monthly,Oct-25,Feb-23,00WW_1_250_SP05,SP Only (Android 12),,"March 07, 2023"
Nokia T10,2023-02-01,Monthly,Dec-25,Feb-23,00WW_1_320 ,MR Update and SP (Android 12),,"March 06, 2023"
Nokia G21,2023-02-01,Monthly,Mar-25,Feb-23,00WW_2_600,MR Update and SP (Android 12),,"March 03, 2023"
Nokia G11,2023-02-01,Monthly,May-25,Feb-23,00WW_2_600,MR Update and SP (Android 12),,"March 03, 2023"
Nokia G22,2023-01-01,Monthly,Apr-26,Jan-23,00WW_1_080,Ramp Up Production (Android 12),,"March 03, 2023"
Nokia G20,2023-02-01,Monthly,Jul-24,Feb-23,00WW_2_360_SP08,SP Only (Android 12),,"March 03, 2023"
Nokia C30 (India),2023-02-01,Quarterly,Dec-23,Feb-23,00WW_1_860_SP02,SP Only (Android 11 GO),,"March 01, 2023"
Nokia 8.3 5G,2023-02-01,Monthly,Nov-23,Feb-23,00WW_3_490_SP02,SP Only (Android 12),,"February 28, 2023"
Nokia C31,2023-02-01,Quarterly,Dec-24,Feb-23,00WW_1_180,MR Update and SP (Android 12),,"February 27, 2023"
Nokia C01 Plus,2023-02-01,Quarterly,Aug-23,Feb-23,00WW_1_370_SP01,SP Only (Android 11 GO),,"February 24, 2023"
Nokia 5.4,2023-02-01,Monthly,Jan-24,Feb-23,00WW_3_380_SP02,SP Only (Android 12),,"February 24, 2023"
Nokia 3.4,2023-02-01,Monthly,Nov-23,Feb-23,00WW_3_400_SP02,SP Only (Android 12),,"February 24, 2023"
Nokia 5.3,2023-02-01,Monthly,Jun-23,Feb-23,00WW_2_290_SP04,SP Only (Android 11),,"February 24, 2023"
Nokia 1.4,2023-01-01,Monthly,Apr-24,Jan-23,00WW_2_210,MR Update and SP (Android 11 GO),,"February 23, 2023"
Nokia XR20,2023-02-01,Monthly,Nov-25,Feb-23,00WW_2_450_SP02,SP Only (Android 12),,"February 23, 2023"
Nokia T10,2023-02-01,Monthly,Dec-25,Feb-23,00WW_1_210_SP04,SP Only (Android 12),,"February 23, 2023"
Nokia G50,2023-02-01,Monthly,Dec-24,Feb-23,00WW_2_420_SP03,SP Only (Android 12),,"February 23, 2023"
Nokia G21,2023-01-01,Monthly,Mar-25,Jan-23,00WW_2_420_SP04,SP Only (Android 12),,"February 22, 2023"
Nokia G21,2023-01-01,Monthly,Mar-25,Jan-23,00WW_1_570_SP05,SP Only (Android 11),,"February 22, 2023"
Nokia G21,2023-01-01,Monthly,Mar-25,Jan-23,00WW_2_450_SP03,SP Only (Android 12),,"February 22, 2023"
Nokia G11,2023-01-01,Monthly,May-25,Jan-23,00WW_2_450_SP03,SP Only (Android 12),,"February 22, 2023"
Nokia G11,2023-01-01,Monthly,May-25,Jan-23,00WW_1_380_SP04,SP Only (Android 11),,"February 22, 2023"
Nokia X10,2023-02-01,Monthly,Sep-24,Feb-23,00WW_3_270_SP03,SP Only (Android 13),,"February 20, 2023"
Nokia C21,2023-02-01,Quarterly,Jun-24,Feb-23,00WW_1_200_SP02,SP Only (Android 11 GO),,"February 20, 2023"
Nokia X20,2023-02-01,Monthly,Jul-24,Feb-23,00WW_3_360_SP03,SP Only (Android 13),,"February 20, 2023"
Nokia XR20,2023-02-01,Monthly,Nov-25,Feb-23,00WW_3_280_SP02,SP Only (Android 13),,"February 20, 2023"
Nokia C20 Plus,2023-02-01,Quarterly,Sep-23,Feb-23,00WW_1_140_SP04,SP Only (Android 11 GO),,"February 20, 2023"
Nokia G50,2023-02-01,Monthly,Dec-24,Feb-23,00WW_3_200_SP02,SP Only (Android 13),,"February 20, 2023"
Nokia C10,2023-02-01,Quarterly,Aug-23,Feb-23,00WW_1_860_SP03,SP Only (Android 11 GO),,"February 17, 2023"
Nokia G22,2023-01-01,Monthly,Apr-26,Jan-23,00WW_1_070,Ramp Up Production (Android 12),,"February 17, 2023"
Nokia C30,2023-02-01,Bi-Monthly,Dec-23,Feb-23,00WW_1_890_SP01,SP Only (Android 11 GO),,"February 16, 2023"
Nokia X30 5G,2023-02-01,Monthly,Jan-26,Feb-23,00WW_1_310_SP01,SP Only (Android 12),,"February 16, 2023"
Nokia C20,2023-01-01,Quarterly,Jun-23,Jan-23,00WW_1_840_SP04,SP Only (Android 11 GO),,"February 15, 2023"
Nokia C20,2023-01-01,Quarterly,Jun-23,Jan-23,00WW_1_800_SP03,SP Only (Android 11 GO),,"February 15, 2023"
Nokia C1 2nd Edition,2023-01-01,Quarterly,Sep-23,Jan-23,00WW_1_220_SP02,SP Only (Android 11 GO),,"February 14, 2023"
Nokia 2.4,2023-01-01,Monthly,Oct-23,Jan-23,00WW_3_410_SP03,SP Only (Android 12),,"February 14, 2023"
Nokia G60 5G,2023-02-01,Monthly,Dec-25,Feb-23,00WW_1_280_SP01,SP Only (Android 12),,"February 13, 2023"
Nokia G20,2023-01-01,Monthly,Jul-24,Jan-23,00WW_2_360_SP07,SP Only (Android 12),,"February 13, 2023"
Nokia G10,2023-01-01,Monthly,Jul-24,Jan-23,00WW_2_400_SP07,SP Only (Android 12),,"February 13, 2023"
Nokia G11 Plus,2023-01-01,Monthly,Oct-25,Jan-23,00WW_1_250_SP05,SP Only (Android 12),,"February 13, 2023"
Nokia 5.4,2023-01-01,Monthly,Jan-24,Jan-23,00WW_3_380_SP01,SP Only (Android 12),,"February 13, 2023"
Nokia 3.4,2023-01-01,Monthly,Nov-23,Jan-23,00WW_3_400_SP01,SP Only (Android 12),,"February 13, 2023"
Nokia C20,2023-01-01,Quarterly,Jun-23,Jan-23,00WW_1_610_SP05,SP Only (Android 11 GO),,"February 10, 2023"
Nokia C02,2022-12-01,Quarterly,May-25,Dec-22,00WW_1_020,Ramp Up Production (Android 12 GO),,"February 08, 2023"
Nokia C12,2022-12-01,Quarterly,Apr-25,Dec-22,00WW_1_100,MR Update and SP (Android 12 GO),,"February 03, 2023"
Nokia G60 5G,2023-01-01,Monthly,Dec-25,Jan-23,00WW_1_280,MR Update and SP (Android 12),,"February 01, 2023"
Nokia X30 5G,2023-01-01,Monthly,Jan-26,Jan-23,00WW_1_310 ,MR Update and SP (Android 12),,"February 01, 2023"
Nokia T20,2023-01-01,Monthly,Nov-24,Jan-23,00WW_2_310_SP01,SP Only (Android 12),,"January 31, 2023"
Nokia 3.4,2022-12-01,Monthly,Nov-23,Dec-22,00WW_3_400,MR Update and SP (Android 12),,"January 20, 2023"
Nokia 5.4,2022-12-01,Monthly,Jan-24,Dec-22,00WW_3_380,MR Update and SP (Android 12),,"January 20, 2023"
Nokia C1 Plus,2023-01-01,Final guaranteed Security Patch Update,Jan-23,Jan-23,00WW_1_080_SP01,SP Only (Android 10 GO),,"January 19, 2023"
Nokia C21 Plus,2022-12-01,Quarterly,Jun-24,Dec-22,00WW_1_250,MR Update and SP (Android 11 GO),,"January 18, 2023"
Nokia C2 2nd Edition,2022-12-01,Quarterly,Jul-24,Dec-22,00WW_1_210_SP02,SP Only (Android 11 GO),,"January 17, 2023"
Nokia X10,2023-01-01,Monthly,Sep-24,Jan-23,00WW_3_270_SP02,SP Only (Android 13),,"January 17, 2023"
Nokia XR20,2022-12-01,Monthly,Nov-25,Dec-22,00WW_3_280,MR Update and SP (Android 13),,"January 16, 2023"
Nokia C01 Plus,2022-11-01,Quarterly,Aug-23,Nov-22,00WW_1_370,MR Update and SP (Android 11 GO),,"January 16, 2023"
Nokia X20,2023-01-01,Monthly,Jul-24,Jan-23,00WW_3_360_SP02,SP Only (Android 13),,"January 16, 2023"
Nokia G21,2022-12-01,Monthly,Mar-25,Dec-22,00WW_2_420_SP03,SP Only (Android 12),,"January 13, 2023"
Nokia G21,2022-12-01,Monthly,Mar-25,Dec-22,00WW_1_570_SP04,SP Only (Android 11),,"January 13, 2023"
Nokia T21,2022-12-01,Monthly,Mar-26,Dec-22,00WW_1_190,MR Update and SP (Android 12),,"January 10, 2023"
Nokia 8.3 5G,2022-12-01,Monthly,Nov-23,Dec-22,00WW_3_490_SP01,SP Only (Android 12),,"January 09, 2023"
Nokia G21,2022-12-01,Monthly,Mar-25,Dec-22,00WW_2_450_SP02,SP Only (Android 12),,"January 05, 2023"
Nokia G11,2022-12-01,Monthly,May-25,Dec-22,00WW_2_450_SP02,SP Only (Android 12),,"January 04, 2023"
Nokia G11,2022-12-01,Monthly,May-25,Dec-22,00WW_1_380_SP03,SP Only (Android 11),,"January 04, 2023"
Nokia T20,2022-12-01,Monthly,Nov-24,Dec-22,00WW_2_310,MR Update and SP (Android 12),,"December 28, 2022"
Nokia X30 5G,2022-12-01,Monthly,Jan-26,Dec-22,00WW_1_210_SP03,SP Only (Android 12),,"December 27, 2022"
Nokia G20,2022-12-01,Monthly,Jul-24,Dec-22,00WW_2_360_SP05,SP Only (Android 12),,"December 27, 2022"
Nokia G11 Plus,2022-12-01,Monthly,Oct-25,Dec-22,00WW_1_250_SP04,SP Only (Android 12),,"December 26, 2022"
Nokia G60 5G,2022-12-01,Monthly,Dec-25,Dec-22,00WW_1_190_SP02,SP Only (Android 12),,"December 26, 2022"
Nokia G10,2022-12-01,Monthly,Jul-24,Dec-22,00WW_2_400_SP05,SP Only (Android 12),,"December 26, 2022"
Nokia 2.4,2022-12-01,Monthly,Oct-23,Dec-22,00WW_3_410_SP01,SP Only (Android 12),,"December 26, 2022"
Nokia C10,2022-11-01,Quarterly,Aug-23,Nov-22,00WW_1_860_SP02,SP Only (Android 11 GO),,"December 23, 2022"
Nokia 1.4,2022-11-01,Monthly,Apr-24,Nov-22,00WW_2_200,MR Update and SP (Android 11 GO),,"December 23, 2022"
Nokia C12,2022-11-01,Quarterly,Apr-25,Nov-22,00WW_1_070,Ramp Up Production (Android 12 GO),,"December 22, 2022"
Nokia T20,2022-12-01,Monthly,Nov-24,Dec-22,00WW_1_310,MR Update and SP (Android 11),,"December 22, 2022"
Nokia C30,2022-11-01,Bi-Monthly,Dec-23,Nov-22,00WW_1_890,MR Update and SP (Android 11 GO),,"December 22, 2022"
Nokia X10,2022-12-01,Monthly,Sep-24,Dec-22,00WW_3_270_SP01,SP Only (Android 13),,"December 21, 2022"
Nokia X20,2022-12-01,Monthly,Jul-24,Dec-22,00WW_3_360_SP01,SP Only (Android 13),,"December 20, 2022"
Nokia T10,2022-12-01,Monthly,Dec-25,Dec-22,00WW_1_210_SP03,SP Only (Android 12),,"December 20, 2022"
Nokia 1.3,2022-12-01,Quarterly,Jun-23,Dec-22,00WW_2_370_SP07,SP Only (Android 11 GO),Monthly to Quarterly SPs after Jun-22,"December 19, 2022"
Nokia XR20,2022-11-01,Monthly,Nov-25,Nov-22,00WW_3_220,MR Upgrade and SP (Android 13),,"December 19, 2022"
Nokia G50,2022-11-01,Monthly,Dec-24,Nov-22,00WW_3_200,MR Upgrade and SP (Android 13),,"December 19, 2022"
Nokia 5.3,2022-11-01,Monthly,Jun-23,Nov-22,00WW_2_290_SP03,SP Only (Android 11),,"December 15, 2022"
Nokia 2.3,2022-12-01,Final guaranteed Security Patch Update,Dec-22,Dec-22,00WW_3_310_SP09,SP Only (Android 11),,"December 15, 2022"
Nokia 8.3 5G,2022-11-01,Monthly,Nov-23,Nov-22,00WW_3_490,MR Update and SP (Android 12),,"December 12, 2022"
Nokia T20,2022-11-01,Monthly,Nov-24,Nov-22,00WW_1_280_SP02,SP Only (Android 11),,"December 08, 2022"
Nokia T20,2022-11-01,Monthly,Nov-24,Nov-22,00WW_2_260_SP01,SP Only (Android 12),,"December 08, 2022"
Nokia G11,2022-11-01,Monthly,May-25,Nov-22,00WW_1_380_SP02,SP Only (Android 11),,"December 07, 2022"
Nokia G11,2022-11-01,Monthly,May-25,Nov-22,00WW_2_450_SP01,SP Only (Android 12),,"December 07, 2022"
Nokia G21,2022-11-01,Monthly,Mar-25,Nov-22,00WW_1_570_SP03,SP Only (Android 11),,"December 07, 2022"
Nokia G21,2022-11-01,Monthly,Mar-25,Nov-22,00WW_2_420_SP02,SP Only (Android 12),,"December 07, 2022"
Nokia G21,2022-11-01,Monthly,Mar-25,Nov-22,00WW_2_450_SP01,SP Only (Android 12),,"December 07, 2022"
Nokia X10,2022-11-01,Monthly,Sep-24,Nov-22,00WW_3_270,MR Upgrade and SP (Android 13),,"December 06, 2022"
Nokia X20,2022-11-01,Monthly,Jul-24,Nov-22,00WW_3_360,MR Upgrade and SP (Android 13),,"December 06, 2022"
Nokia C21 Plus,2022-11-01,Quarterly,Jun-24,Nov-22,00WW_1_200_SP01,SP Only (Android 11 GO),,"December 06, 2022"
Nokia C30 (India),2022-11-01,Quarterly,Dec-23,Nov-22,00WW_1_860_SP01,SP Only (Android 11 GO),,"December 05, 2022"
Nokia C31,2022-10-01,Quarterly,Dec-24,Oct-22,00WW_1_140,MR Update and SP (Android 12),,"December 05, 2022"
Nokia 2.4,2022-11-01,Monthly,Oct-23,Nov-22,00WW_3_410,MR Update and SP (Android 12),,"December 05, 2022"
Nokia T21,2022-11-01,Monthly,Mar-26,Nov-22,00WW_1_170,MR Update and SP (Android 12),,"December 02, 2022"
Nokia C20,2022-11-01,Quarterly,Jun-23,Nov-22,00WW_1_840_SP02,SP Only (Android 11 GO),,"November 29, 2022"
Nokia C21,2022-11-01,Quarterly,Jun-24,Nov-22,00WW_1_200_SP01,SP Only (Android 11 GO),,"November 29, 2022"
Nokia T10,2022-11-01,Monthly,Dec-25,Nov-22,00WW_1_210_SP02,SP Only (Android 12),,"November 28, 2022"
Nokia T21,2022-11-01,Monthly,Mar-26,Nov-22,00WW_1_150,MR Update and SP (Android 12),,"November 26, 2022"
Nokia G10,2022-11-01,Monthly,Jul-24,Nov-22,00WW_2_400_SP04,SP Only (Android 12),,"November 25, 2022"
Nokia G20,2022-11-01,Monthly,Jul-24,Nov-22,00WW_2_360_SP04,SP Only (Android 12),,"November 25, 2022"
Nokia C30,2022-10-01,Bi-Monthly,Dec-23,Oct-22,00WW_1_870,MR Update and SP (Android 11 GO),,"November 25, 2022"
Nokia G50,2022-11-01,Monthly,Dec-24,Nov-22,00WW_2_420_SP01,SP Only (Android 12),,"November 22, 2022"
Nokia XR20,2022-11-01,Monthly,Nov-25,Nov-22,00WW_2_450_SP01,SP Only (Android 12),,"November 22, 2022"
Nokia 2.3,2022-11-01,Monthly,Dec-22,Nov-22,00WW_3_310_SP08,SP Only (Android 11),,"November 22, 2022"
Nokia G11 Plus,2022-11-01,Monthly,Oct-25,Nov-22,00WW_1_250_SP03,SP Only (Android 12),,"November 22, 2022"
Nokia C20 Plus,2022-11-01,Quarterly,Sep-23,Nov-22,00WW_1_140_SP03,SP Only (Android 11 GO),,"November 17, 2022"
Nokia X30 5G,2022-11-01,Monthly,Jan-26,Nov-22,00WW_1_210_SP02,SP Only (Android 12),,"November 14, 2022"
Nokia G60 5G,2022-11-01,Monthly,Dec-25,Nov-22,00WW_1_190_SP01,SP Only (Android 12),,"November 14, 2022"
Nokia 5.3,2022-11-01,Monthly,Jun-23,Nov-22,00WW_3_400_SP01,SP Only (Android 12),,"November 14, 2022"
Nokia G11,2022-10-01,Monthly,May-25,Oct-22,00WW_2_450,MR Upgrade and SP (Android 12),,"November 13, 2022"
Nokia G21,2022-10-01,Monthly,Mar-25,Oct-22,00WW_2_450,MR Update and SP (Android 12),,"November 11, 2022"
Nokia T20,2022-10-01,Monthly,Nov-24,Oct-22,00WW_2_260,MR Update and SP (Android 12),,"November 08, 2022"
Nokia G60 5G,2022-10-01,Monthly,Dec-25,Oct-22,00WW_1_190,MR Update and SP (Android 12),,"November 07, 2022"
Nokia T21,2022-10-01,Monthly,Mar-26,Oct-22,00WW_1_080,Ramp Up Production (Android 12),,"November 04, 2022"
Nokia C31,2022-10-01,Quarterly,Dec-24,Oct-22,00WW_1_110,Ramp Up Production (Android 12),,"October 31, 2022"
Nokia C20,2022-10-01,Quarterly,Jun-23,Oct-22,00WW_1_840_SP01,SP Only (Android 11 GO),,"October 31, 2022"
Nokia G11,2022-10-01,Monthly,May-25,Oct-22,00WW_1_380_SP01,SP Only (Android 11),,"October 31, 2022"
Nokia T10,2022-10-01,Monthly,Dec-25,Oct-22,00WW_1_210_SP01,SP Only (Android 12),,"October 31, 2022"
Nokia 2.4,2022-10-01,Monthly,Oct-23,Oct-22,00WW_3_390,MR Update and SP (Android 12),,"October 31, 2022"
Nokia G21,2022-10-01,Monthly,Mar-25,Oct-22,00WW_2_420_SP01,SP Only (Android 12),,"October 31, 2022"
Nokia G21,2022-10-01,Monthly,Mar-25,Oct-22,00WW_1_570_SP02,SP Only (Android 11),,"October 31, 2022"
Nokia X20,2022-10-01,Monthly,Jul-24,Oct-22,00WW_2_610_SP01,SP Only (Android 12),,"October 31, 2022"
Nokia 5.3,2022-10-01,Monthly,Jun-23,Oct-22,00WW_3_400,MR Upgrade and SP (Android 12),,"October 31, 2022"
Nokia G11 Plus,2022-10-01,Monthly,Oct-25,Oct-22,00WW_1_250_SP02,SP Only (Android 12),,"October 27, 2022"
Nokia 6.2,2022-10-01,Final guaranteed Security Patch Update,Oct-22,Oct-22,00WW_3_710_SP04,SP Only (Android 11),,"October 27, 2022"
Nokia 7.2,2022-10-01,Final guaranteed Security Patch Update,Sep-22,Oct-22,00WW_3_690_SP07,SP Only (Android 11),,"October 27, 2022"
Nokia G50,2022-10-01,Monthly,Dec-24,Oct-22,00WW_2_420,MR Update and SP (Android 12),,"October 27, 2022"
Nokia C1 Plus,2022-10-01,Quarterly,Jan-23,Oct-22,00WW_1_080,MR Update and SP (Android 10 GO),,"October 26, 2022"
Nokia 5.4,2022-10-01,Monthly,Jan-24,Oct-22,00WW_3_310_SP02,SP Only (Android 12),,"October 26, 2022"
Nokia 3.4,2022-10-01,Monthly,Nov-23,Oct-22,00WW_3_330_SP02,SP Only (Android 12),,"October 26, 2022"
Nokia 2.3,2022-10-01,Monthly,Dec-22,Oct-22,00WW_3_310_SP07,SP Only (Android 11),,"October 25, 2022"
Nokia T20,2022-10-01,Monthly,Nov-24,Oct-22,00WW_2_250,MR Upgrade and SP (Android 12),,"October 25, 2022"
Nokia 8.3 5G,2022-10-01,Monthly,Nov-23,Oct-22,00WW_3_380_SP06,SP Only (Android 12),,"October 25, 2022"
Nokia C1 2nd Edition,2022-10-01,Quarterly,Sep-23,Oct-22,00WW_1_220_SP01,SP Only (Android 11 GO),,"October 24, 2022"
Nokia XR20,2022-10-01,Monthly,Nov-25,Oct-22,00WW_2_450,MR Update and SP (Android 12),,"October 24, 2022"
Nokia X10,2022-10-01,Monthly,Sep-24,Oct-22,00WW_2_420_SP01,SP Only (Android 12),,"October 24, 2022"
Nokia C21 Plus,2022-08-01,Quarterly,Jun-24,Aug-22,00WW_1_210,MR Update and SP (Android 11 GO),,"October 21, 2022"
Nokia C01 Plus,2022-10-01,Quarterly,Aug-23,Oct-22,00WW_1_230_SP03,SP Only (Android 11 GO),,"October 21, 2022"
Nokia C3,2022-10-01,Quarterly,Nov-22,Oct-22,00WW_1_230_SP03,SP Only (Android 10),,"October 20, 2022"
Nokia G10,2022-10-01,Monthly,Jul-24,Oct-22,00WW_2_400_SP03,SP Only (Android 12),,"October 20, 2022"
Nokia G20,2022-10-01,Monthly,Jul-24,Oct-22,00WW_2_360_SP03,SP Only (Android 12),,"October 20, 2022"
Nokia C21 Plus,2022-09-01,Quarterly,Jun-24,Sep-22,00WW_1_140_SP01,SP Only (Android 11 GO),,"October 18, 2022"
Nokia X30 5G,2022-10-01,Monthly,Jan-26,Oct-22,00WW_1_210_SP01,SP Only (Android 12),,"October 17, 2022"
Nokia G60 5G,2022-10-01,Monthly,Dec-25,Oct-22,00WW_1_100_SP02,SP Only (Android 12),,"October 17, 2022"
Nokia G60 5G,2022-09-01,Monthly,Dec-25,Sep-22,00WW_1_130,Ramp Up Production (Android 12),,"October 17, 2022"
Nokia T20,2022-09-01,Monthly,Nov-24,Sep-22,00WW_1_280_SP01,SP Only (Android 11),,"October 12, 2022"
Nokia G21,2022-09-01,Monthly,Mar-25,Sep-22,00WW_2_420,MR Upgrade and SP (Android 12),,"October 12, 2022"
Nokia C2 2nd Edition,2022-09-01,Quarterly,Jul-24,Sep-22,00WW_1_210_SP01,SP Only (Android 11 GO),,"October 07, 2022"
Nokia 1.3,2022-09-01,Quarterly,Jun-23,Sep-22,00WW_2_37F_SP06,SP Only (Android 11 GO),Monthly to Quarterly SPs after Jun-22,"October 05, 2022"
Nokia G10,2022-09-01,Monthly,Jul-24,Sep-22,00WW_2_400_SP02,SP Only (Android 12),,"October 04, 2022"
Nokia X10,2022-09-01,Monthly,Sep-24,Sep-22,00WW_2_420,MR Update and SP (Android 12),,"October 03, 2022"
Nokia X20,2022-09-01,Monthly,Jul-24,Sep-22,00WW_2_610,MR Update and SP (Android 12),,"October 03, 2022"
Nokia G11 Plus,2022-09-01,Monthly,Oct-25,Sep-22,00WW_1_290_SP01,SP Only (Android 12),,"October 03, 2022"
Nokia G11 Plus,2022-09-01,Monthly,Oct-25,Sep-22,00WW_1_250_SP01,SP Only (Android 12),,"October 03, 2022"
Nokia G50,2022-09-01,Monthly,Dec-24,Sep-22,00WW_2_380_SP02,SP Only (Android 12),,"October 03, 2022"
Nokia T10,2022-09-01,Monthly,Dec-25,Sep-22,00WW_1_210,MR Update and SP (Android 12),,"September 30, 2022"
Nokia G21,2022-09-01,Monthly,Mar-25,Sep-22,00WW_1_570_SP01,SP Only (Android 11),,"September 30, 2022"
Nokia G11,2022-09-01,Monthly,May-25,Sep-22,00WW_1_380 ,MR Update and SP (Android 11),,"September 30, 2022"
Nokia 2.4,2022-09-01,Monthly,Oct-23,Sep-22,00WW_3_210_SP04,SP Only (Android 12),,"September 29, 2022"
Nokia 1.4,2022-09-01,Monthly,Apr-24,Sep-22,00WW_2_160_SP07,SP Only (Android 11 GO),,"September 29, 2022"
Nokia 8.3 5G,2022-09-01,Monthly,Nov-23,Sep-22,00WW_3_380_SP05,SP Only (Android 12),,"September 29, 2022"
Nokia XR20,2022-09-01,Monthly,Nov-25,Sep-22,00WW_2_420_SP02,SP Only (Android 12),,"September 29, 2022"
Nokia 2.4,2022-09-01,Monthly,Oct-23,Sep-22,00WW_3_260_SP03,SP Only (Android 12),,"September 28, 2022"
Nokia 2.3,2022-09-01,Monthly,Dec-22,Sep-22,00WW_3_310_SP06,SP Only (Android 11),,"September 27, 2022"
Nokia 3.4,2022-09-01,Monthly,Nov-23,Sep-22,00WW_3_330_SP01,SP Only (Android 12),,"September 27, 2022"
Nokia 5.4,2022-09-01,Monthly,Jan-24,Sep-22,00WW_3_310_SP01,SP Only (Android 12),,"September 26, 2022"
Nokia G20,2022-09-01,Monthly,Jul-24,Sep-22,00WW_2_360_SP02,SP Only (Android 12),,"September 26, 2022"
Nokia G60 5G,2022-09-01,Monthly,Dec-25,Sep-22,00WW_1_100_SP01,SP Only (Android 12),,"September 26, 2022"
Nokia X30 5G,2022-09-01,Monthly,Jan-26,Sep-22,00WW_1_210,MR Update and SP (Android 12),,"September 22, 2022"
Nokia C31,2022-08-01,Quarterly,Dec-24,Aug-22,00WW_1_040,Ramp Up Production (Android 12),,"September 21, 2022"
Nokia C20,2022-09-01,Quarterly,Jun-23,Sep-22,00WW_1_610_SP03,SP Only (Android 11 GO),,"September 20, 2022"
Nokia 5.4,2022-07-01,Monthly,Jan-24,Jul-22,00WW_3_310,MR Update and SP (Android 12),,"September 20, 2022"
Nokia G11 Plus,2022-07-01,Monthly,Oct-25,Jul-22,00WW_1_290,Ramp Up Production (Android 12),,"September 19, 2022"
Nokia 5.3,2022-09-01,Monthly,Jun-23,Sep-22,00WW_2_290_SP02,SP Only (Android 11),,"September 19, 2022"
Nokia C10,2022-09-01,Quarterly,Aug-23,Sep-22,00WW_1_860_SP01,SP Only (Android 11 GO),,"September 19, 2022"
Nokia 2.3,2022-08-01,Monthly,Dec-22,Aug-22,00WW_3_310_SP05,SP Only (Android 11),,"September 19, 2022"
Nokia C30 (India),2022-08-01,Quarterly,Dec-23,Aug-22,00WW_1_860,MR Update and SP (Android 11 GO),,"September 15, 2022"
Nokia 8.3 5G,2022-08-01,Monthly,Nov-23,Aug-22,00WW_3_380_SP04,SP Only (Android 12),,"September 13, 2022"
Nokia C21,2022-08-01,Quarterly,Jun-24,Aug-22,00WW_1_200,MR Update and SP (Android 11 GO),,"September 12, 2022"
Nokia 3.4,2022-07-01,Monthly,Nov-23,Jul-22,00WW_3_330,MR Update and SP (Android 12),,"September 12, 2022"
Nokia 2.4,2022-08-01,Monthly,Oct-23,Aug-22,00WW_2_280_SP05,SP Only (Android 11),,"September 12, 2022"
Nokia T10,2022-07-01,Monthly,Dec-25,Jul-22,00WW_1_140,MR Update and SP (Android 12),,"September 09, 2022"
Nokia C21 Plus,2022-08-01,Quarterly,Jun-24,Aug-22,00WW_1_200,MR Update and SP (Android 11 GO),,"September 07, 2022"
Nokia G11 Plus,2022-08-01,Monthly,Oct-25,Aug-22,00WW_1_250,MR Update and SP (Android 12),,"September 06, 2022"
Nokia G10,2022-08-01,Monthly,Jul-24,Aug-22,00WW_2_400_SP01,SP Only (Android 12),,"September 06, 2022"
Nokia 2.4,2022-08-01,Monthly,Oct-23,Aug-22,00WW_3_260_SP02,SP Only (Android 12),,"September 06, 2022"
Nokia 2.4,2022-08-01,Monthly,Oct-23,Aug-22,00WW_3_210_SP03,SP Only (Android 12),,"September 06, 2022"
Nokia G20,2022-08-01,Monthly,Jul-24,Aug-22,00WW_2_360_SP01,SP Only (Android 12),,"September 05, 2022"
Nokia G60 5G,2022-08-01,Monthly,Dec-25,Aug-22,00WW_1_100,MR Update and SP (Android 12),,"September 05, 2022"
Nokia XR20,2022-08-01,Monthly,Nov-25,Aug-22,00WW_2_420_SP01,SP Only (Android 12),,"August 30, 2022"
Nokia X10,2022-08-01,Monthly,Sep-24,Aug-22,00WW_2_410_SP01,SP Only (Android 12),,"August 30, 2022"
Nokia X20,2022-08-01,Monthly,Jul-24,Aug-22,00WW_2_580_SP01,SP Only (Android 12),,"August 30, 2022"
Nokia G50,2022-08-01,Monthly,Dec-24,Aug-22,00WW_2_380_SP01,SP Only (Android 12),,"August 30, 2022"
Nokia C21,2022-07-01,Quarterly,Jun-24,Jul-22,00WW_1_190,Ramp Up Production (Android 11 GO),,"August 29, 2022"
Nokia 7.2,2022-08-01,Monthly,Sep-22,Aug-22,00WW_3_690_SP05,SP Only (Android 11),,"August 29, 2022"
Nokia 6.2,2022-08-01,Monthly,Oct-22,Aug-22,00WW_3_710_SP03,SP Only (Android 11),,"August 29, 2022"
Nokia G21,2022-07-01,Monthly,Mar-25,Jul-22,00WW_1_570,MR Update and SP (Android 11),,"August 29, 2022"
Nokia 5.4,2022-06-01,Monthly,Jan-24,Jun-22,00WW_2_190_SP05,SP Only (Android 11),,"August 27, 2022"
Nokia X30 5G,2022-07-01,Monthly,Jan-26,Jul-22,00WW_1_120,Ramp Up Production (Android 12),,"August 26, 2022"
Nokia 1.4,2022-08-01,Monthly,Apr-24,Aug-22,00WW_2_160_SP06,SP Only (Android 11 GO),,"August 25, 2022"
Nokia 3.4,2022-06-01,Monthly,Nov-23,Jun-22,00WW_2_410_SP07,SP Only (Android 11),,"August 25, 2022"
Nokia G11 Plus,2022-07-01,Monthly,Oct-25,Jul-22,00WW_1_200,Ramp Up Production (Android 12),,"August 23, 2022"
Nokia G21,2022-07-01,Monthly,Mar-25,Jul-22,00WW_1_550,Ramp Up Production (Android 11),,"August 22, 2022"
Nokia 5.3,2022-07-01,Monthly,Jun-23,Jul-22,00WW_2_290_SP01,SP Only (Android 11),,"August 22, 2022"
Nokia C1 2nd Edition,2022-07-01,Quarterly,Sep-23,Jul-22,00WW_1_220 ,MR Update and SP (Android 11 GO),,"August 22, 2022"
Nokia G10,2022-07-01,Monthly,Jul-24,Jul-22,00WW_2_400,MR Update and SP (Android 12),,"August 22, 2022"
Nokia C30,2022-08-01,Bi-Monthly,Dec-23,Aug-22,00WW_1_830,MR Update and SP (Android 11 GO),,"August 22, 2022"
Nokia T10,2022-07-01,Monthly,Dec-25,Jul-22,00WW_1_100,Ramp Up Production (Android 12),,"August 17, 2022"
Nokia 8.3 5G,2022-07-01,Monthly,Nov-23,Jul-22,00WW_3_380_SP03,SP Only (Android 12),,"August 17, 2022"
Nokia 2.4,2022-07-01,Monthly,Oct-23,Jul-22,00WW_2_280_SP04,SP Only (Android 11),,"August 16, 2022"
Nokia C20,2022-08-01,Quarterly,Jun-23,Aug-22,00WW_1_800_SP01,SP Only (Android 11 GO),,"August 15, 2022"
Nokia C10,2022-08-01,Quarterly,Aug-23,Aug-22,00WW_1_820_SP01,SP Only (Android 11 GO),,"August 15, 2022"
Nokia T20,2022-08-01,Monthly,Nov-24,Aug-22,00WW_1_280,MR Update and SP (Android 11),,"August 15, 2022"
Nokia 5.3,2022-05-01,Monthly,Jun-23,May-22,00WW_2_290,MR Update and SP (Android 11),,"August 15, 2022"
Nokia C20 Plus,2022-08-01,Quarterly,Sep-23,Aug-22,00WW_1_140_SP02,SP Only (Android 11 GO),,"August 12, 2022"
Nokia G50,2022-07-01,Monthly,Dec-24,Jul-22,00WW_2_380,MR Update and SP (Android 12),,"August 11, 2022"
Nokia XR20,2022-07-01,Monthly,Nov-25,Jul-22,00WW_2_420,MR Update and SP (Android 12),,"August 11, 2022"
Nokia 2.4,2022-07-01,Monthly,Oct-23,Jul-22,00WW_3_260_SP01,SP Only (Android 12),,"August 10, 2022"
Nokia X10,2022-07-01,Monthly,Sep-24,Jul-22,00WW_2_410,MR Update and SP (Android 12),,"August 09, 2022"
Nokia X20,2022-07-01,Monthly,Jul-24,Jul-22,00WW_2_580,MR Update and SP (Android 12),,"August 09, 2022"
Nokia 2.4,2022-07-01,Monthly,Oct-23,Jul-22,00WW_3_210_SP02,SP Only (Android 12),,"August 09, 2022"
Nokia 3.4,2022-06-01,Monthly,Nov-23,Jun-22,00WW_3_280,MR Upgrade and SP (Android 12),,"August 08, 2022"
Nokia G21,2022-07-01,Monthly,Mar-25,Jul-22,00WW_1_520,MR Update and SP (Android 11),,"August 08, 2022"
Nokia G11,2022-07-01,Monthly,May-25,Jul-22,00WW_1_330 ,MR Update and SP (Android 11),,"August 08, 2022"
Nokia G60 5G,2022-07-01,Monthly,Dec-25,Jul-22,00WW_1_040,Ramp Up Production (Android 12),,"August 05, 2022"
Nokia G60 5G,2022-07-01,Monthly,Dec-25,Jul-22,00WW_1_030,Ramp Up Production (Android 12),,"August 05, 2022"
Nokia 5.4,2022-06-01,Monthly,Jan-24,Jun-22,00WW_3_250,MR Upgrade and SP (Android 12),,"August 02, 2022"
Nokia 1.4,2022-07-01,Monthly,Apr-24,Jul-22,00WW_2_160_SP05,SP Only (Android 11 GO),,"August 02, 2022"
Nokia C20,2022-06-01,Quarterly,Jun-23,Jun-22,00WW_1_840 ,MR Update and SP (Android 11 GO),,"August 01, 2022"
Nokia C10,2022-06-01,Quarterly,Aug-23,Jun-22,00WW_1_860 ,MR Update and SP (Android 11 GO),,"August 01, 2022"
Nokia C3,2022-07-01,Quarterly,Nov-22,Jul-22,00WW_1_230_SP02,SP Only (Android 10),,"August 01, 2022"
Nokia 2.3,2022-07-01,Monthly,Dec-22,Jul-22,00WW_3_310_SP04,SP Only (Android 11),,"July 26, 2022"
Nokia 7.2,2022-07-01,Monthly,Sep-22,Jul-22,00WW_3_690_SP04,SP Only (Android 11),,"July 26, 2022"
Nokia 6.2,2022-07-01,Monthly,Oct-22,Jul-22,00WW_3_710_SP02,SP Only (Android 11),,"July 26, 2022"
Nokia G50,2022-06-01,Monthly,Dec-24,Jun-22,00WW_2_370,MR Update and SP (Android 12),,"July 25, 2022"
Nokia XR20,2022-06-01,Monthly,Nov-25,Jun-22,00WW_2_410,MR Update and SP (Android 12),,"July 25, 2022"
Nokia X10,2022-06-01,Monthly,Sep-24,Jun-22,00WW_2_400,MR Update and SP (Android 12),,"July 25, 2022"
Nokia G20,2022-07-01,Monthly,Jul-24,Jul-22,00WW_2_360,MR Update and SP (Android 12),,"July 25, 2022"
Nokia T10,2022-06-01,Monthly,Dec-25,Jun-22,00WW_1_060,Ramp Up Production (Android 12),,"July 22, 2022"
Nokia C1 Plus,2022-07-01,Quarterly,Jan-23,Jul-22,00WW_1_070_SP03,SP Only (Android 11 GO),,"July 18, 2022"
Nokia C01 Plus,2022-07-01,Quarterly,Aug-23,Jul-22,00WW_1_230_SP02,SP Only (Android 11 GO),,"July 18, 2022"
Nokia G20,2022-06-01,Monthly,Jul-24,Jun-22,00WW_1_180_SP04,SP Only (Android 11),,"July 18, 2022"
Nokia 2.4,2022-06-01,Monthly,Oct-23,Jun-22,00WW_2_280_SP03,SP Only (Android 11),,"July 15, 2022"
Nokia G10,2022-06-01,Monthly,Jul-24,Jun-22,00WW_1_260_SP06,SP Only (Android 11),,"July 15, 2022"
Nokia 8.3 5G,2022-05-01,Monthly,Nov-23,May-22,00WW_2_270_SP07,SP Only (Android 11),,"July 14, 2022"
Nokia X20,2022-06-01,Monthly,Jul-24,Jun-22,00WW_2_560,MR Update and SP (Android 12),,"July 14, 2022"
Nokia C2 2nd Edition,2022-06-01,Quarterly,Jul-24,Jun-22,00WW_1_210,MR Update and SP (Android 11 GO),,"July 13, 2022"
Nokia G21,2022-06-01,Monthly,Mar-25,Jun-22,00WW_1_410,MR Update and SP (Android 11),,"July 12, 2022"
Nokia G11,2022-06-01,Monthly,May-25,Jun-22,00WW_1_210,MR Update and SP (Android 11),,"July 12, 2022"
Nokia G11 Plus,2022-06-01,Monthly,Oct-25,Jun-22,00WW_1_130,MR Update and SP (Android 12),,"July 12, 2022"
Nokia G10,2022-06-01,Monthly,Jul-24,Jun-22,00WW_2_330,MR Update and SP (Android 12),,"July 04, 2022"
Nokia 8.3 5G,2022-06-01,Monthly,Nov-23,Jun-22,00WW_3_380_SP02,SP Only (Android 12),,"July 04, 2022"
Nokia G21,2022-06-01,Monthly,Mar-25,Jun-22,00WW_1_210_SP01,SP Only (Android 11),,"July 01, 2022"
Nokia G21,2022-06-01,Monthly,Mar-25,Jun-22,00WW_1_160_SP02,SP Only (Android 11),,"July 01, 2022"
Nokia G11,2022-06-01,Monthly,May-25,Jun-22,00WW_1_120_SP01,SP Only (Android 11),,"July 01, 2022"
Nokia G11,2022-06-01,Monthly,May-25,Jun-22,00WW_1_080_SP02,SP Only (Android 11),,"July 01, 2022"
Nokia 2.3,2022-05-01,Monthly,Dec-22,May-22,00WW_3_310_SP03,SP Only (Android 11),,"June 30, 2022"
Nokia C2 2nd Edition,2022-04-01,Quarterly,Jul-24,Apr-22,00WW_1_170,MR Update and SP (Android 11 GO),,"June 29, 2022"
Nokia 6.2,2022-06-01,Monthly,Oct-22,Jun-22,00WW_3_710_SP01,SP Only (Android 11),,"June 28, 2022"
Nokia 7.2,2022-06-01,Monthly,Sep-22,Jun-22,00WW_3_690_SP03,SP Only (Android 11),,"June 28, 2022"
Nokia C10,2022-05-01,Quarterly,Aug-23,May-22,00WW_1_820,MR Update and SP (Android 11 GO),,"June 24, 2022"
Nokia 2.4,2022-05-01,Monthly,Oct-23,May-22,00WW_3_260,MR Update and SP (Android 12),,"June 23, 2022"
Nokia C20,2022-05-01,Quarterly,Jun-23,May-22,00WW_1_800,MR Update and SP (Android 11 GO),,"June 21, 2022"
Nokia C21,2022-05-01,Quarterly,Jun-24,May-22,00WW_1_110,MR Update and SP (Android 11 GO),,"June 21, 2022"
Nokia C3,2022-06-01,Quarterly,Nov-22,Jun-22,00WW_1_230_SP01,SP Only (Android 10),,"June 20, 2022"
Nokia C20 Plus,2022-06-01,Quarterly,Sep-23,Jun-22,00WW_1_140_SP01,SP Only (Android 11 GO),,"June 20, 2022"
Nokia 5.3,2022-05-01,Monthly,Jun-23,May-22,00WW_2_210_SP08,SP Only (Android 11),,"June 20, 2022"
Nokia 3.4,2022-05-01,Monthly,Nov-23,May-22,00WW_2_500_SP05,SP Only (Android 11),,"June 20, 2022"
Nokia G20,2022-06-01,Monthly,Jul-24,Jun-22,00WW_2_230_SP01,SP Only (Android 12),,"June 20, 2022"
Nokia 5.4,2022-05-01,Monthly,Jan-24,May-22,00WW_2_320_SP02,SP Only (Android 11),,"June 17, 2022"
Nokia 5.4,2022-05-01,Monthly,Jan-24,May-22,00WW_2_190_SP04,SP Only (Android 11),,"June 17, 2022"
Nokia 3.4,2022-05-01,Monthly,Nov-23,May-22,00WW_2_410_SP06,SP Only (Android 11),,"June 17, 2022"
Nokia G11 Plus,2022-05-01,Monthly,Oct-25,May-22,00WW_1_050,Ramp Up Production (Android 12),,"June 16, 2022"
Nokia C21 Plus,2022-05-01,Quarterly,Jun-24,May-22,00WW_1_120,MR Update and SP (Android 11 GO),,"June 14, 2022"
Nokia 2.2,2022-06-01,Final guaranteed Security Patch Update,Jun-22,Jun-22,00WW_3_380_SP08,SP Only (Android 11),,"June 14, 2022"
Nokia 2.2,2022-06-01,Final guaranteed Security Patch Update,Jun-22,Jun-22,00WW_3_270_SP08,SP Only (Android 11),,"June 14, 2022"
Nokia C10,2022-05-01,Quarterly,Aug-23,May-22,00WW_1_810,MR Update and SP (Android 11 GO),,"June 13, 2022"
Nokia 1.3,2022-05-01,Monthly,Jun-23,May-22,00WW_2_370_SP05,SP Only (Android 11 GO),Monthly to Quarterly SPs after Jun-22,"June 13, 2022"
Nokia C21 Plus,2022-06-01,Quarterly,Jun-24,Jun-22,00WW_1_140,Ramp Up Production (Android 11 GO),,"June 10, 2022"
Nokia 8.3 5G,2022-05-01,Monthly,Nov-23,May-22,00WW_3_380_SP01,SP Only (Android 12),,"June 09, 2022"
Nokia G10,2022-06-01,Monthly,Jul-24,Jun-22,00WW_2_210_SP01,SP Only (Android 12),,"June 08, 2022"
Nokia 2.4,2022-06-01,Monthly,Oct-23,Jun-22,00WW_3_210_SP01,SP Only (Android 12),,"June 07, 2022"
Nokia C30,2022-05-01,Bi-Monthly,Dec-23,May-22,00WW_1_700,MR Update and SP (Android 11 GO),,"June 07, 2022"
Nokia G21,2022-05-01,Monthly,Mar-25,May-22,00WW_1_340,MR Update and SP (Android 11),,"June 02, 2022"
Nokia G11,2022-05-01,Monthly,May-25,May-22,00WW_1_150,MR Update and SP (Android 11),,"June 02, 2022"
Nokia T20,2022-05-01,Monthly,Nov-24,May-22,00WW_1_250,MR Update and SP (Android 11),,"May 31, 2022"
Nokia G10,2022-05-01,Monthly,Jul-24,May-22,00WW_2_260,MR Update and SP (Android 12),,"May 30, 2022"
Nokia 1.4,2022-05-01,Monthly,Apr-24,May-22,00WW_2_160_SP04,SP Only (Android 11 GO),,"May 30, 2022"
Nokia C10,2022-05-01,Quarterly,Aug-23,May-22,00WW_1_460_SP02,SP Only (Android 11 GO),,"May 27, 2022"
Nokia 7.2,2022-05-01,Monthly,Sep-22,May-22,00WW_3_690_SP02,SP Only (Android 11),,"May 26, 2022"
Nokia 8.3 5G,2022-04-01,Monthly,Nov-23,Apr-22,00WW_2_270_SP06,SP Only (Android 11),,"May 25, 2022"
Nokia 6.2,2022-04-01,Monthly,Oct-22,Apr-22,00WW_3_710 ,MR Update and SP (Android 11),,"May 24, 2022"
Nokia G50,2022-04-01,Monthly,Dec-24,Apr-22,00WW_2_310,MR Update and SP (Android 12),,"May 24, 2022"
Nokia XR20,2022-04-01,Monthly,Nov-25,Apr-22,00WW_2_360,MR Update and SP (Android 12),,"May 24, 2022"
Nokia 2.2,2022-05-01,Monthly,Jun-22,May-22,00WW_3_380_SP07,SP Only (Android 11),,"May 24, 2022"
Nokia C20,2022-05-01,Quarterly,Jun-23,May-22,00WW_1_610_SP02,SP Only (Android 11 GO),,"May 23, 2022"
Nokia C1 2nd Edition,2022-05-01,Quarterly,Sep-23,May-22,00WW_1_130_SP02,SP Only (Android 11 GO),,"May 23, 2022"
Nokia C1,2022-02-01,Final guaranteed Security Patch Update,Dec-21,Feb-22,00WW_1_150_SP01,SP Only (Pie 9 GO),,"May 23, 2022"
Nokia G20,2022-05-01,Monthly,Jul-24,May-22,00WW_2_230,MR Upgrade and SP (Android 12),,"May 17, 2022"
Nokia 5.3,2022-03-01,Monthly,Jun-23,Mar-22,00WW_1_290_SP13,SP Only (Android 10),,"May 16, 2022"
Nokia C3,2022-03-01,Quarterly,Nov-22,Mar-22,00WW_1_230,MR Update and SP (Android 10),,"May 16, 2022"
Nokia 2.4,2022-04-01,Monthly,Oct-23,Apr-22,00WW_3_210,MR Upgrade and SP (Android 12),,"May 11, 2022"
Nokia G10,2022-04-01,Monthly,Jul-24,Apr-22,00WW_2_210,MR Upgrade and SP (Android 12),,"May 10, 2022"
Nokia G50,2022-04-01,Monthly,Dec-24,Apr-22,00WW_2_220_SP03,SP Only (Android 12),,"May 09, 2022"
Nokia G50,2022-04-01,Monthly,Dec-24,Apr-22,00WW_2_260_SP01,SP Only (Android 12),,"May 04, 2022"
Nokia XR20,2022-04-01,Monthly,Nov-25,Apr-22,00WW_2_300_SP01,SP Only (Android 12),,"May 04, 2022"
Nokia 1.3,2022-04-01,Monthly,Jun-23,Apr-22,00WW_2_370_SP03,SP Only (Android 11 GO),Monthly to Quarterly SPs after Jun-22,"May 03, 2022"
Nokia X10,2022-04-01,Monthly,Sep-24,Apr-22,00WW_2_310_SP01,SP Only (Android 12),,"May 02, 2022"
Nokia X10,2022-04-01,Monthly,Sep-24,Apr-22,00WW_2_230_SP04,SP Only (Android 12),,"May 02, 2022"
Nokia X20,2022-04-01,Monthly,Jul-24,Apr-22,00WW_2_460_SP01,SP Only (Android 12),,"May 02, 2022"
Nokia X20,2022-04-01,Monthly,Jul-24,Apr-22,00WW_2_350_SP05,SP Only (Android 12),,"May 02, 2022"
Nokia C30 (India),2022-03-01,Quarterly,Dec-23,Mar-22,00WW_1_520_SP01,SP Only (Android 11 GO),,"May 02, 2022"
Nokia C20 Plus,2022-03-01,Quarterly,Sep-23,Mar-22,00WW_1_140,MR Update and SP (Android 11 GO),,"April 27, 2022"
Nokia 5.3,2022-03-01,Monthly,Jun-23,Mar-22,00WW_2_210_SP07,SP Only (Android 11),,"April 27, 2022"
Nokia C21 Plus,2022-04-01,Quarterly,Jun-24,Apr-22,00WW_1_070,MR Update and SP (Android 11 GO),,"April 26, 2022"
Nokia C20,2022-03-01,Quarterly,Jun-23,Mar-22,00WW_1_350_SP02,SP Only (Android 11 GO),,"April 26, 2022"
Nokia 7.2,2022-04-01,Monthly,Sep-22,Apr-22,00WW_3_690_SP01,SP Only (Android 11),,"April 26, 2022"
Nokia 8.3 5G,2022-04-01,Monthly,Nov-23,Apr-22,00WW_3_380,MR Upgrade and SP (Android 12),,"April 26, 2022"
Nokia C21,2022-03-01,Quarterly,Jun-24,Mar-22,00WW_1_070,MR Update and SP (Android 11 GO),,"April 25, 2022"
Nokia C2,2022-02-01,Final guaranteed Security Patch Update,Feb-22,Feb-22,00WW_1_140_SP02,SP Only (Pie 9 GO),,"April 25, 2022"
Nokia C01 Plus,2022-04-01,Quarterly,Aug-23,Apr-22,00WW_1_230_SP01,SP Only (Android 11 GO),,"April 25, 2022"
Nokia 2.2,2022-04-01,Monthly,Jun-22,Apr-22,00WW_3_380_SP06,SP Only (Android 11),,"April 25, 2022"
Nokia 6.2,2022-04-01,Monthly,Oct-22,Apr-22,00WW_3_490_SP01,SP Only (Android 11),,"April 20, 2022"
Nokia G11,2022-04-01,Monthly,May-25,Apr-22,00WW_1_120,MR Update and SP (Android 11),,"April 19, 2022"
Nokia G21,2022-04-01,Monthly,Mar-25,Apr-22,00WW_1_210,MR Update and SP (Android 11),,"April 19, 2022"
Nokia C30,2022-03-01,Bi-Monthly,Dec-23,Mar-22,00WW_1_660_SP01,SP Only (Android 11 GO),,"April 14, 2022"
Nokia 1.4,2022-04-01,Monthly,Apr-24,Apr-22,00WW_2_160_SP03,SP Only (Android 11 GO),,"April 11, 2022"
Nokia 3.2,2022-04-01,Final guaranteed Security Patch Update,Apr-22,Apr-22,00WW_3_230_SP02,SP Only (Android 11),,"April 11, 2022"
Nokia 4.2,2022-04-01,Final guaranteed Security Patch Update,Apr-22,Apr-22,00WW_3_240_SP02,SP Only (Android 11),,"April 11, 2022"
Nokia G21,2022-03-01,Monthly,Mar-25,Mar-22,00WW_1_160_SP01,SP Only (Android 11),,"April 08, 2022"
Nokia 7.2,2022-02-01,Monthly,Sep-22,Feb-22,00WW_3_690,MR Update and SP (Android 11),,"April 07, 2022"
Nokia C1 Plus,2022-04-01,Quarterly,Jan-23,Apr-22,00WW_1_070_SP02,SP Only (Android 10 GO),,"April 07, 2022"
Nokia C20,2022-02-01,Quarterly,Jun-23,Feb-22,00WW_1_710,MR Update and SP (Android 11 GO),,"April 06, 2022"
Nokia G11,2022-03-01,Monthly,May-25,Mar-22,00WW_1_080_SP01,SP Only (Android 11),,"April 06, 2022"
Nokia G11,2022-03-01,Monthly,May-25,Mar-22,00WW_1_060_SP01,SP Only (Android 11),,"April 06, 2022"
Nokia X20,2022-03-01,Monthly,Jul-24,Mar-22,00WW_2_420_SP02,SP Only (Android 12),,"April 04, 2022"
Nokia X20,2022-03-01,Monthly,Jul-24,Mar-22,00WW_2_350_SP04,SP Only (Android 12),,"April 04, 2022"
Nokia X10,2022-03-01,Monthly,Sep-24,Mar-22,00WW_2_250_SP03,SP Only (Android 12),,"April 04, 2022"
Nokia X10,2022-03-01,Monthly,Sep-24,Mar-22,00WW_2_230_SP03,SP Only (Android 12),,"April 04, 2022"
Nokia T20,2022-03-01,Monthly,Nov-24,Mar-22,00WW_1_200,MR Update and SP (Android 11),,"April 04, 2022"
Nokia 1.3,2022-03-01,Monthly,Jun-23,Mar-22,00WW_2_370_SP02,SP Only (Android 11 GO),Monthly to Quarterly SPs after Jun-22,"April 04, 2022"
Nokia C21 Plus,2022-02-01,Quarterly,Jun-24,Feb-22,00WW_1_020,Ramp Up Production (Android 11 GO),,"April 01, 2022"
Nokia C2 2nd Edition,2022-03-01,Quarterly,Jul-24,Mar-22,00WW_1_070,Ramp Up Production (Android 11 GO),,"March 31, 2022"
Nokia G10,2022-03-01,Monthly,Jul-24,Mar-22,00WW_1_260_SP05,SP Only (Android 11),,"March 29, 2022"
Nokia 5.4,2022-03-01,Monthly,Jan-24,Mar-22,00WW_2_190_SP03,SP Only (Android 11),,"March 28, 2022"
Nokia 2.3,2022-03-01,Monthly,Dec-22,Mar-22,00WW_3_310_SP02,SP Only (Android 11),,"March 28, 2022"
Nokia 2.2,2022-03-01,Monthly,Jun-22,Mar-22,00WW_3_380_SP05,SP Only (Android 11),,"March 28, 2022"
Nokia 2.2,2022-03-01,Quarterly,Jun-22,Mar-22,00WW_3_270_SP07,SP Only (Android 11),Monthly to Quarterly SPs after Sep-21,"March 28, 2022"
Nokia G20,2022-03-01,Monthly,Jul-24,Mar-22,00WW_1_180_SP03,SP Only (Android 11),,"March 28, 2022"
Nokia 3.4,2022-03-01,Monthly,Nov-23,Mar-22,00WW_2_500_SP04,SP Only (Android 11),,"March 28, 2022"
Nokia 3.4,2022-03-01,Monthly,Nov-23,Mar-22,00WW_2_410_SP05,SP Only (Android 11),,"March 28, 2022"
Nokia XR20,2022-03-01,Monthly,Nov-25,Mar-22,00WW_2_300,MR Upgrade and SP (Android 12),,"March 28, 2022"
Nokia 5.3,2022-01-01,Monthly,Jun-23,Jan-22,00WW_2_210_SP06,SP Only (Android 11),,"March 23, 2022"
Nokia G50,2022-02-01,Monthly,Dec-24,Feb-22,00WW_2_260,MR Update and SP (Android 12),,"March 22, 2022"
Nokia 9 Pureview,2022-03-01,Final guaranteed Security Patch Update,Mar-22,Mar-22,00WW_5_26A_SP17,SP Only (Android 10),,"March 22, 2022"
Nokia 9 Pureview,2022-03-01,Final guaranteed Security Patch Update,Mar-22,Mar-22,00RU_5_25A_SP22,SP Only (Android 10),,"March 22, 2022"
Nokia 9 Pureview,2022-03-01,Final guaranteed Security Patch Update,Mar-22,Mar-22,00WW_5_25A_SP22,SP Only (Android 10),,"March 22, 2022"
Nokia 5.4,2022-03-01,Monthly,Jan-24,Mar-22,00WW_2_320_SP01,SP Only (Android 11),,"March 18, 2022"
Nokia 2.4,2022-03-01,Monthly,Oct-23,Mar-22,00WW_2_280_SP02,SP Only (Android 11),,"March 16, 2022"
Nokia G20,2022-02-01,Monthly,Jul-24,Feb-22,00WW_1_180_SP02,SP Only (Android 11),,"March 14, 2022"
Nokia 1 Plus,2022-02-01,Final guaranteed Security Patch Update,Feb-22,Feb-22,00WW_3_130_SP02,SP Only (Android 11 GO),Monthly to Quarterly SPs after Feb-21,"March 14, 2022"
Nokia C2,2022-01-01,Quarterly,Feb-22,Jan-22,00WW_1_140_SP01,SP Only (Pie 9 GO),,"March 09, 2022"
Nokia X10,2022-02-01,Monthly,Sep-24,Feb-22,00WW_2_310,MR Update and SP (Android 12),,"March 08, 2022"
Nokia G11,2022-02-01,Monthly,May-25,Feb-22,00WW_1_080,MR Update and SP (Android 11),,"March 08, 2022"
Nokia G10,2022-02-01,Monthly,Jul-24,Feb-22,00WW_1_260_SP04,SP Only (Android 11),,"March 08, 2022"
Nokia X20,2022-02-01,Monthly,Jul-24,Feb-22,00WW_2_460,MR Update and SP (Android 12),,"March 07, 2022"
Nokia 2.2,2022-02-01,Monthly,Jun-22,Feb-22,00WW_3_380_SP04,SP Only (Android 11),,"March 07, 2022"
Nokia 1.3,2022-02-01,Monthly,Jun-23,Feb-22,00WW_2_370_SP01,SP Only (Android 11 GO),Monthly to Quarterly SPs after Jun-22,"March 07, 2022"
Nokia T20,2022-02-01,Monthly,Nov-24,Feb-22,00WW_1_180,MR Update and SP (Android 11),,"March 07, 2022"
Nokia 3.4,2022-02-01,Monthly,Nov-23,Feb-22,00WW_2_410_SP04,SP Only (Android 11),,"March 07, 2022"
Nokia 3.4,2022-02-01,Monthly,Nov-23,Feb-22,00WW_2_500_SP03,SP Only (Android 11),,"March 07, 2022"
Nokia C21,2022-02-01,Quarterly,Jun-24,Feb-22,00WW_1_020,Ramp Up Production (Android 11 GO),,"March 04, 2022"
Nokia G20,2022-02-01,Monthly,Jul-24,Feb-22,00WW_1_190,MR Update and SP (Android 11),,"March 04, 2022"
Nokia G21,2022-02-01,Monthly,Mar-25,Feb-22,00WW_1_160,MR Update and SP (Android 11),,"March 02, 2022"
Nokia C30,2022-01-01,Bi-Monthly,Dec-23,Jan-22,00WW_1_660,MR Update and SP (Android 11 GO),,"March 02, 2022"
Nokia 9 Pureview,2022-02-01,Monthly,Mar-22,Feb-22,00WW_5_26A_SP16,SP Only (Android 10),,"March 02, 2022"
Nokia 9 Pureview,2022-02-01,Monthly,Mar-22,Feb-22,00RU_5_25A_SP21,SP Only (Android 10),,"March 02, 2022"
Nokia 9 Pureview,2022-02-01,Monthly,Mar-22,Feb-22,00WW_5_25A_SP21,SP Only (Android 10),,"March 02, 2022"
Nokia 4.2,2022-02-01,Monthly,Apr-22,Feb-22,00WW_3_240_SP01,SP Only (Android 11),,"March 01, 2022"
Nokia 3.2,2022-02-01,Monthly,Apr-22,Feb-22,00WW_3_230_SP01,SP Only (Android 11),,"March 01, 2022"
Nokia G50,2022-02-01,Monthly,Dec-24,Feb-22,00WW_2_220_SP02,SP Only (Android 12),,"February 28, 2022"
Nokia X20,2022-02-01,Monthly,Jul-24,Feb-22,00WW_2_350_SP03,SP Only (Android 12),,"February 28, 2022"
Nokia C20,2022-02-01,Quarterly,Jun-23,Feb-22,00WW_1_610_SP01,SP Only (Android 11 GO),,"February 28, 2022"
Nokia X10,2022-02-01,Monthly,Sep-24,Feb-22,00WW_2_250_SP02,SP Only (Android 12),,"February 28, 2022"
Nokia X10,2022-02-01,Monthly,Sep-24,Feb-22,00WW_2_230_SP02,SP Only (Android 12),,"February 28, 2022"
Nokia 5.4,2022-02-01,Monthly,Jan-24,Feb-22,00WW_2_190_SP02,SP Only (Android 11),,"February 25, 2022"
Nokia 2.4,2022-02-01,Monthly,Oct-23,Feb-22,00WW_2_280_SP01,SP Only (Android 11),,"February 25, 2022"
Nokia 2.3,2022-02-01,Monthly,Dec-22,Feb-22,00WW_3_310_SP01,SP Only (Android 11),,"February 24, 2022"
Nokia 1.3,2021-12-01,Monthly,Jun-23,Dec-21,00WW_2_370,MR Update and SP (Android 11 GO),Monthly to Quarterly SPs after Jun-22,"February 24, 2022"
Nokia 5.4,2022-02-01,Monthly,Jan-24,Feb-22,00WW_2_320,MR Update and SP (Android 11),,"February 23, 2022"
Nokia C1 2nd Edition,2022-02-01,Quarterly,Sep-23,Feb-22,00WW_1_130_SP01,SP Only (Android 11 GO),,"February 23, 2022"
Nokia C3,2022-02-01,Quarterly,Nov-22,Feb-22,00WW_1_220_SP01,SP Only (Android 10),,"February 23, 2022"
Nokia 8.3 5G,2022-02-01,Monthly,Nov-23,Feb-22,00WW_2_360,MR Update and SP (Android 11),,"February 21, 2022"
Nokia 8.1,2021-12-01,Final guaranteed Security Patch Update,Dec-21,Dec-21,00WW_6_210_SP06,SP Only (Android 11),,"February 21, 2022"
Nokia 8.1,2021-12-01,Final guaranteed Security Patch Update,Dec-21,Dec-21,00WW_7_210_SP06,SP Only (Android 11),,"February 21, 2022"
Nokia C10,2022-02-01,Quarterly,Aug-23,Feb-22,00WW_1_460_SP01,SP Only (Android 11 GO),,"February 21, 2022"
Nokia G10,2022-02-01,Monthly,Jul-24,Feb-22,00WW_1_310,MR Update and SP (Android 11),,"February 21, 2022"
Nokia G50,2022-01-01,Monthly,Dec-24,Jan-22,00WW_2_220_SP01,SP Only (Android 12),,"February 17, 2022"
Nokia 1.4,2022-02-01,Monthly,Apr-24,Feb-22,00WW_2_160_SP02,SP Only (Android 11 GO),,"February 16, 2022"
Nokia C01 Plus,2022-01-01,Quarterly,Aug-23,Jan-22,00WW_1_230,MR Update and SP (Android 11 GO),,"February 15, 2022"
Nokia G21,2022-01-01,Monthly,Mar-25,Jan-22,00WW_1_110,MR Update and SP (Android 11),,"February 12, 2022"
Nokia G11,2022-01-01,Monthly,May-25,Jan-22,00WW_1_060,Ramp Up Production (Android 11),,"February 10, 2022"
Nokia 9 Pureview,2022-01-01,Monthly,Mar-22,Jan-22,00WW_5_26A_SP15,SP Only (Android 10),,"February 10, 2022"
Nokia 8.3 5G,2022-02-01,Monthly,Nov-23,Feb-22,00WW_2_270_SP05,SP Only (Android 11),,"February 08, 2022"
Nokia X20,2022-01-01,Monthly,Jul-24,Jan-22,00WW_2_420_SP01,SP Only (Android 12),,"February 07, 2022"
Nokia X20,2022-01-01,Monthly,Jul-24,Jan-22,00WW_2_350_SP02,SP Only (Android 12),,"February 07, 2022"
Nokia G50,2021-12-01,Monthly,Dec-24,Dec-21,00WW_1_250_SP01,SP Only (Android 11),,"February 07, 2022"
Nokia 7.2,2021-12-01,Monthly,Sep-22,Dec-21,00WW_3_490,MR Update and SP (Android 11),,"February 01, 2022"
Nokia 6.2,2021-12-01,Monthly,Oct-22,Dec-21,00WW_3_490,MR Update and SP (Android 11),,"February 01, 2022"
Nokia G21,2022-01-01,Monthly,Mar-25,Jan-22,00WW_1_090,MR Update and SP (Android 11),,"February 01, 2022"
Nokia G50,2021-12-01,Monthly,Dec-24,Dec-21,00WW_2_220,MR Update and SP (Android 12),,"January 31, 2022"
Nokia C20,2021-12-01,Quarterly,Jun-23,Dec-21,00WW_1_610,MR Update and SP (Android 11 GO),,"January 31, 2022"
Nokia X10,2022-01-01,Monthly,Sep-24,Jan-22,00WW_2_250_SP01,SP Only (Android 12),,"January 28, 2022"
Nokia X10,2022-01-01,Monthly,Sep-24,Jan-22,00WW_2_230_SP01,SP Only (Android 12),,"January 28, 2022"
Nokia 9 Pureview,2022-01-01,Monthly,Mar-22,Jan-22,00RU_5_25A_SP20,SP Only (Android 10),,"January 28, 2022"
Nokia 9 Pureview,2022-01-01,Monthly,Mar-22,Jan-22,00WW_5_25A_SP20,SP Only (Android 10),,"January 28, 2022"
Nokia 2.2,2022-01-01,Monthly,Jun-22,Jan-22,00WW_3_380_SP03,SP Only (Android 11),,"January 28, 2022"
Nokia 7.2,2021-12-01,Monthly,Sep-22,Dec-21,00WW_2_410_SP08,SP Only (Android 10),,"January 28, 2022"
Nokia 7.2,2021-12-01,Monthly,Sep-22,Dec-21,00WW_2_400_SP08,SP Only (Android 10),,"January 28, 2022"
Nokia 6.2,2021-12-01,Monthly,Oct-22,Dec-21,00WW_2_400_SP08,SP Only (Android 10),,"January 28, 2022"
Nokia X20,2021-12-01,Monthly,Jul-24,Dec-21,00WW_2_350_SP01,SP Only (Android 12),,"January 27, 2022"
Nokia X20,2021-12-01,Monthly,Jul-24,Dec-21,00WW_1_380_SP03,SP Only (Android 11),,"January 27, 2022"
Nokia 3.4,2021-12-01,Monthly,Nov-23,Dec-21,00WW_2_500_SP02,SP Only (Android 11),,"January 26, 2022"
Nokia 2.3,2021-11-01,Monthly,Dec-22,Nov-21,00WW_3_310,MR Update and SP (Android 11),,"January 25, 2022"
Nokia C30 (India),2021-12-01,Quarterly,Dec-23,Dec-21,00WW_1_520,MR Update and SP (Android 11 GO),,"January 19, 2022"
Nokia 4.2,2021-12-01,Monthly,Apr-22,Dec-21,00WW_3_240,MR Update and SP (Android 11),,"January 19, 2022"
Nokia 3.2,2021-12-01,Monthly,Apr-22,Dec-21,00WW_3_230,MR Update and SP (Android 11),,"January 19, 2022"
Nokia G21,2021-11-01,Monthly,Mar-25,Nov-21,00WW_1_030,Ramp Up Production (Android 11),,"January 14, 2022"
Nokia C1 Plus,2022-01-01,Quarterly,Jan-23,Jan-22,00WW_1_070_SP01,SP Only (Android 10 GO),,"January 11, 2022"
Nokia X10,2021-12-01,Monthly,Sep-24,Dec-21,00WW_2_250,MR Update and SP (Android 12),,"January 11, 2022"
Nokia T20,2022-01-01,Monthly,Nov-24,Jan-22,00WW_1_150_SP01,SP Only (Android 11),,"January 10, 2022"
Nokia G10,2021-12-01,Monthly,Jul-24,Dec-21,00WW_1_260_SP03,SP Only (Android 11),,"January 10, 2022"
Nokia G20,2021-12-01,Monthly,Jul-24,Dec-21,00WW_1_180_SP01,SP Only (Android 11),,"January 10, 2022"
Nokia 2.2,2021-12-01,Quarterly,Jun-22,Dec-21,00WW_3_270_SP06,SP Only (Android 11),Monthly to Quarterly SPs after Sep-21,"January 10, 2022"
Nokia 2.2,2021-12-01,Monthly,Jun-22,Dec-21,00WW_3_380_SP02,SP Only (Android 11),,"January 10, 2022"
Nokia X20,2021-12-01,Monthly,Jul-24,Dec-21,00WW_2_420,MR Update and SP (Android 12),,"January 10, 2022"
Nokia C20 Plus,2021-12-01,Quarterly,Sep-23,Dec-21,00WW_1_060_SP01,SP Only (Android 11 GO),,"January 10, 2022"
Nokia 1 Plus,2021-12-01,Quarterly,Feb-22,Dec-21,00WW_3_130_SP01,SP Only (Android 11 GO),Monthly to Quarterly SPs after Feb-21,"January 05, 2022"
Nokia C30,2021-12-01,Bi-Monthly,Dec-23,Dec-21,00WW_1_410_SP01,SP Only (Android 11 GO),,"December 31, 2021"
Nokia G50,2021-11-01,Monthly,Dec-24,Nov-21,00WW_2_160,MR Upgrade and SP (Android 12),,"December 30, 2021"
Nokia 5.4,2021-12-01,Monthly,Jan-24,Dec-21,00WW_2_190_SP01,SP Only (Android 11),,"December 30, 2021"
Nokia 5.3,2021-12-01,Monthly,Jun-23,Dec-21,00WW_1_290_SP12,SP Only (Android 10),,"December 28, 2021"
Nokia 5.3,2021-12-01,Monthly,Jun-23,Dec-21,00WW_2_210_SP05,SP Only (Android 11),,"December 28, 2021"
Nokia 3.4,2021-12-01,Monthly,Nov-23,Dec-21,00WW_2_410_SP03,SP Only (Android 11),,"December 27, 2021"
Nokia 1.4,2021-12-01,Monthly,Apr-24,Dec-21,00WW_2_160_SP01,SP Only (Android 11 GO),,"December 24, 2021"
Nokia C1 2nd Edition,2021-11-01,Quarterly,Sep-23,Nov-21,00WW_1_130,MR Update and SP (Android 11 GO),,"December 24, 2021"
Nokia 6.2,2021-12-01,Monthly,Oct-22,Dec-21,00WW_3_440_SP01,SP Only (Android 11),,"December 23, 2021"
Nokia 7.2,2021-12-01,Monthly,Sep-22,Dec-21,00WW_3_440_SP01,SP Only (Android 11),,"December 23, 2021"
Nokia X10,2021-11-01,Monthly,Sep-24,Nov-21,00WW_2_230,MR Upgrade and SP (Android 12),,"December 23, 2021"
Nokia C01 Plus,2021-11-01,Quarterly,Aug-23,Nov-21,00WW_1_210_SP01,SP Only (Android 11 GO),,"December 22, 2021"
Nokia 2.4,2021-11-01,Monthly,Oct-23,Nov-21,00WW_2_280,MR Update and SP (Android 11),,"December 21, 2021"
Nokia 9 Pureview,2021-12-01,Monthly,Mar-22,Dec-21,00RU_5_25A_SP19,SP Only (Android 10),,"December 20, 2021"
Nokia 9 Pureview,2021-12-01,Monthly,Mar-22,Dec-21,00WW_5_25A_SP19,SP Only (Android 10),,"December 20, 2021"
Nokia 9 Pureview,2021-12-01,Monthly,Mar-22,Dec-21,00WW_5_26A_SP14,SP Only (Android 10),,"December 20, 2021"
Nokia 8.3 5G,2021-11-01,Monthly,Nov-23,Nov-21,00WW_2_270_SP04,SP Only (Android 11),,"December 20, 2021"
Nokia C3,2021-11-01,Quarterly,Nov-22,Nov-21,00WW_1_220,MR Update and SP (Android 10),,"December 16, 2021"
Nokia C2,2021-12-01,Quarterly,Feb-22,Dec-21,00WW_1_140,MR Update and SP (Pie 9 GO),,"December 16, 2021"
Nokia G50,2021-11-01,Monthly,Dec-24,Nov-21,00WW_1_250,MR Update and SP (Android 11),,"December 14, 2021"
Nokia X20,2021-11-01,Monthly,Jul-24,Nov-21,00WW_2_350,MR Upgrade and SP (Android 12),,"December 14, 2021"
Nokia XR20,2021-12-01,Monthly,Nov-25,Dec-21,00WW_1_240_SP02,SP Only (Android 11),,"December 13, 2021"
Nokia G10,2021-11-01,Monthly,Jul-24,Nov-21,00WW_1_290,MR Update and SP (Android 11),,"December 10, 2021"
Nokia C10,2021-11-01,Quarterly,Aug-23,Nov-21,00WW_1_460,MR Update and SP (Android 11 GO),,"December 08, 2021"
Nokia T20,2021-11-01,Monthly,Nov-24,Nov-21,00WW_1_150,MR Update and SP (Android 11),,"December 07, 2021"
Nokia 1 Plus,2021-09-01,Quarterly,Feb-22,Sep-21,00WW_3_130,MR Update and SP (Android 11 GO),Monthly to Quarterly SPs after Feb-21,"December 07, 2021"
Nokia X10,2021-11-01,Monthly,Sep-24,Nov-21,00WW_1_200_SP02,SP Only (Android 11),,"December 06, 2021"
Nokia X20,2021-11-01,Monthly,Jul-24,Nov-21,00WW_1_380_SP02,SP Only (Android 11),,"December 06, 2021"
Nokia 5.3,2021-11-01,Monthly,Jun-23,Nov-21,00WW_1_290_SP11,SP Only (Android 10),,"December 01, 2021"
Nokia C20,2021-11-01,Quarterly,Jun-23,Nov-21,00WW_1_350_SP01,SP Only (Android 11 GO),,"December 01, 2021"
Nokia C20,2021-11-01,Quarterly,Jun-23,Nov-21,00WW_1_270_SP01,SP Only (Android 11 GO),,"December 01, 2021"
Nokia G20,2021-11-01,Monthly,Jul-24,Nov-21,00WW_1_180,MR Update and SP (Android 11),,"November 30, 2021"
Nokia 2.4,2021-11-01,Monthly,Oct-23,Nov-21,00WW_2_270,MR Update and SP (Android 11),,"November 29, 2021"
Nokia 7.1,2021-11-01,Final guaranteed Security Patch Update,Nov-21,Nov-21,00WW_4 _16B_SP13,SP Only (Android 10),,"November 29, 2021"
Nokia 7.1,2021-11-01,Final guaranteed Security Patch Update,Nov-21,Nov-21,00WW_4 _15C_SP18,SP Only (Android 10),,"November 29, 2021"
Nokia 7.2,2021-10-01,Monthly,Sep-22,Oct-21,00WW_2_410_SP07,SP Only (Android 10),,"November 29, 2021"
Nokia 7.2,2021-10-01,Monthly,Sep-22,Oct-21,00WW_2_400_SP07,SP Only (Android 10),,"November 29, 2021"
Nokia 6.2,2021-10-01,Monthly,Oct-22,Oct-21,00WW_2_400_SP07,SP Only (Android 10),,"November 29, 2021"
Nokia 9 Pureview,2021-11-01,Monthly,Mar-22,Nov-21,00WW_5_26A_SP13,SP Only (Android 10),,"November 25, 2021"
Nokia G10,2021-11-01,Monthly,Jul-24,Nov-21,00WW_1_260_SP02,SP Only (Android 11),,"November 24, 2021"
Nokia 5.3,2021-11-01,Monthly,Jun-23,Nov-21,00WW_2_210_SP04,SP Only (Android 11),,"November 24, 2021"
Nokia G50,2021-11-01,Monthly,Dec-24,Nov-21,00WW_1_100_SP03,SP Only (Android 11),,"November 24, 2021"
Nokia 9 Pureview,2021-11-01,Monthly,Mar-22,Nov-21,00RU_5_25A_SP18,SP Only (Android 10),,"November 23, 2021"
Nokia 9 Pureview,2021-11-01,Monthly,Mar-22,Nov-21,00WW_5_25A_SP18,SP Only (Android 10),,"November 23, 2021"
Nokia XR20,2021-11-01,Monthly,Nov-25,Nov-21,00WW_1_240_SP01,SP Only (Android 11),,"November 22, 2021"
Nokia C30 (India),2021-10-01,Quarterly,Dec-23,Oct-21,00WW_1_350_SP01,SP Only (Android 11 GO),,"November 18, 2021"
Nokia C1,2021-10-01,Quarterly,Dec-21,Oct-21,00WW_1_150,MR Update and SP (Pie 9 GO),,"November 17, 2021"
Nokia 3.4,2021-10-01,Monthly,Nov-23,Oct-21,00WW_2_500_SP01,SP Only (Android 11),,"November 17, 2021"
Nokia 5.4,2021-10-01,Monthly,Jan-24,Oct-21,00WW_2_190,MR Update and SP (Android 11),,"November 16, 2021"
Nokia C1 Plus,2021-10-01,Quarterly,Jan-23,Oct-21,00WW_1_070,MR Update and SP (Android 10 GO),,"November 15, 2021"
Nokia 4.2,2021-10-01,Monthly,Apr-22,Oct-21,00WW_3_150_SP05,SP Only (Android 11),,"November 11, 2021"
Nokia 3.2,2021-10-01,Monthly,Apr-22,Oct-21,00WW_3_140_SP05,SP Only (Android 11),,"November 11, 2021"
Nokia T20,2021-10-01,Monthly,Nov-24,Oct-21,00WW_1_130,MR Update and SP (Android 11),,"November 11, 2021"
Nokia 2.2,2021-11-01,Monthly,Jun-22,Nov-21,00WW_3_380_SP01,SP Only (Android 11),,"November 10, 2021"
Nokia 6.2,2021-10-01,Monthly,Oct-22,Oct-21,00WW_3_440,MR Upgrade and SP (Android 11),,"November 10, 2021"
Nokia 1.4,2021-11-01,Monthly,Apr-24,Nov-21,00WW_2_160,MR Update and SP (Android 11 GO),,"November 09, 2021"
Nokia C30,2021-10-01,Bi-Monthly,Dec-23,Oct-21,00WW_1_410,MR Update and SP (Android 11 GO),,"November 09, 2021"
Nokia 1.3,2021-10-01,Monthly,Jun-23,Nov-21,00WW_2_280_SP03,SP Only (Android 11 GO),Monthly to Quarterly SPs after Jun-22,"November 09, 2021"
Nokia 7.2,2021-10-01,Monthly,Sep-22,Oct-21,00WW_3_440,MR Upgrade and SP (Android 11),,"November 09, 2021"
Nokia 2.4,2021-10-01,Monthly,Oct-23,Oct-21,00WW_2_230_SP03 ,SP Only (Android 11),,"November 08, 2021"
Nokia G10,2021-10-01,Monthly,Jul-24,Oct-21,00WW_1_260_SP01,SP Only (Android 11),,"November 08, 2021"
Nokia G20,2021-10-01,Monthly,Jul-24,Oct-21,00WW_1_100_SP04,SP Only (Android 11),,"November 05, 2021"
Nokia 5.3,2021-10-01,Monthly,Jun-23,Oct-21,00WW_1_290_SP10,SP Only (Android 10),,"November 05, 2021"
Nokia 5.3,2021-10-01,Monthly,Jun-23,Oct-21,00WW_2_210_SP03,SP Only (Android 11),,"November 05, 2021"
Nokia 2.3,2021-10-01,Monthly,Dec-22,Oct-21,00WW_2_340_SP10,SP Only (Android 10),,"November 05, 2021"
Nokia 2.3,2021-10-01,Monthly,Dec-22,Oct-21,00WW_3_220_SP06,SP Only (Android 11),,"November 05, 2021"
Nokia 2.4,2021-10-01,Monthly,Oct-23,Oct-21,00WW_2_180_SP06 ,SP Only (Android 11),,"November 01, 2021"
Nokia 5.1 Plus,2021-10-01,Final guaranteed Security Patch Update,Oct-21,Oct-21,00WW_3_260_SP12,SP Only (Android 10),,"November 01, 2021"
Nokia G50,2021-10-01,Monthly,Dec-24,Oct-21,00WW_1_100_SP02,SP Only (Android 11),,"November 01, 2021"
Nokia 8.3 5G,2021-10-01,Monthly,Nov-23,Oct-21,00WW_2_270_SP03,SP Only (Android 11),,"October 28, 2021"
Nokia 3.4,2021-10-01,Monthly,Nov-23,Oct-21,00WW_2_410_SP02,SP Only (Android 11),,"October 27, 2021"
Nokia XR20,2021-10-01,Monthly,Nov-25,Oct-21,00WW_1_240,MR Update and SP (Android 11),,"October 26, 2021"
Nokia 9 Pureview,2021-10-01,Monthly,Mar-22,Oct-21,00WW_5_26A_SP12,SP Only (Android 10),,"October 25, 2021"
Nokia 7.1,2021-10-01,Monthly,Nov-21,Oct-21,00WW_4 _15C_SP17,SP Only (Android 10),,"October 25, 2021"
Nokia 7.1,2021-10-01,Monthly,Nov-21,Oct-21,00WW_4 _16B_SP12,SP Only (Android 10),,"October 25, 2021"
Nokia X10,2021-10-01,Monthly,Sep-24,Oct-21,00WW_1_200_SP01,SP Only (Android 11),,"October 25, 2021"
Nokia X20,2021-10-01,Monthly,Jul-24,Oct-21,00WW_1_380_SP01,SP Only (Android 11),,"October 25, 2021"
Nokia 3.1 Plus,2021-10-01,Final guaranteed Security Patch Update,Oct-21,Oct-21,00WW_3_15P_SP11,SP Only (Android 10),,"October 21, 2021"
Nokia 9 Pureview,2021-10-01,Monthly,Mar-22,Oct-21,00WW_5_25A_SP17,SP Only (Android 10),,"October 21, 2021"
Nokia 9 Pureview,2021-10-01,Monthly,Mar-22,Oct-21,00RU_5_25A_SP17,SP Only (Android 10),,"October 21, 2021"
Nokia C1 Plus,2021-10-01,Quarterly,Jan-23,Oct-21,00WW_1_040_SP03,SP Only (Android 10 GO),,"October 21, 2021"
Nokia 2.2,2021-09-01,Monthly,Jun-22,Sep-21,00WW_3_380,MR Update and SP (Android 11),,"October 19, 2021"
Nokia 8.1,2021-10-01,Monthly,Dec-21,Oct-21,00WW_7_210_SP05,SP Only (Android 11),,"October 19, 2021"
Nokia 8.1,2021-10-01,Monthly,Dec-21,Oct-21,00WW_6_210_SP05,SP Only (Android 11),,"October 19, 2021"
Nokia C2,2021-10-01,Quarterly,Feb-22,Oct-21,00WW_1_130_SP01,SP Only (Pie 9 GO),,"October 13, 2021"
Nokia X10,2021-09-01,Monthly,Sep-24,Sep-21,00WW_1_200,MR Update and SP (Android 11),,"October 13, 2021"
Nokia C10,2021-09-01,Quarterly,Aug-23,Sep-21,00WW_1_370,MR Update and SP (Android 11 GO),,"October 12, 2021"
Nokia C01 Plus,2021-09-01,Quarterly,Aug-23,Sep-21,00WW_1_210,MR Update and SP (Android 11 GO),,"October 12, 2021"
Nokia C1 2nd Edition,2021-09-01,Quarterly,Sep-23,Sep-21,00WW_1_090,MR Update and SP (Android 11 GO),,"October 12, 2021"
Nokia C30,2021-09-01,Bi-Monthly,Dec-23,Sep-21,00WW_1_310_SP01,SP Only (Android 11 GO),,"October 11, 2021"
Nokia 3.4,2021-09-01,Monthly,Nov-23,Sep-21,00WW_2_500,MR Update and SP (Android 11),,"October 08, 2021"
Nokia 1.3,2021-09-01,Monthly,Jun-23,Sep-21,00WW_1_180_SP09,SP Only (Android 10 GO),Monthly to Quarterly SPs after Jun-22,"October 06, 2021"
Nokia 1.3,2021-09-01,Monthly,Jun-23,Sep-21,00WW_2_280_SP02,SP Only (Android 11 GO),Monthly to Quarterly SPs after Jun-22,"October 06, 2021"
Nokia T20,2021-08-01,Monthly,Nov-24,Aug-21,00WW_1_090,MR Update and SP (Android 11),,"October 04, 2021"
Nokia G20,2021-09-01,Monthly,Jul-24,Sep-21,00WW_1_160,MR Update and SP (Android 11),,"October 04, 2021"
Nokia C3,2021-09-01,Quarterly,Nov-22,Sep-21,00WW_1_210,MR Update and SP (Android 10),,"October 04, 2021"
Nokia 2.2,2021-09-01,Quarterly,Jun-22,Sep-21,00WW_3_270_SP05,SP Only (Android 11),Monthly to Quarterly SPs after Sep-21,"October 04, 2021"
Nokia G10,2021-09-01,Monthly,Jul-24,Sep-21,00WW_1_260,MR Update and SP (Android 11),,"October 04, 2021"
Nokia 5.1 Plus,2021-09-01,Monthly,Oct-21,Sep-21,00WW_3_260_SP11,SP Only (Android 10),,"October 04, 2021"
Nokia 3.2,2021-09-01,Monthly,Apr-22,Sep-21,00WW_3_140_SP04,SP Only (Android 11),,"October 04, 2021"
Nokia X20,2021-09-01,Monthly,Jul-24,Sep-21,00WW_1_380,MR Update and SP (Android 11),,"October 01, 2021"
Nokia 4.2,2021-09-01,Monthly,Apr-22,Sep-21,00WW_3_150_SP04,SP Only (Android 11),,"September 30, 2021"
Nokia 2.4,2021-09-01,Monthly,Oct-23,Sep-21,00WW_2_230_SP02 ,SP Only (Android 11),,"September 30, 2021"
Nokia 2.4,2021-09-01,Monthly,Oct-23,Sep-21,00WW_2_180_SP05 ,SP Only (Android 11),,"September 30, 2021"
Nokia G50,2021-09-01,Monthly,Dec-24,Sep-21,00WW_1_100_SP01,SP Only (Android 11),,"September 28, 2021"
Nokia C30,2021-09-01,Bi-Monthly,Dec-23,Sep-21,00WW_1_290_SP01,SP Only (Android 11 GO),,"September 27, 2021"
Nokia X20,2021-09-01,Monthly,Jul-24,Sep-21,00WW_1_360,MR Update and SP (Android 11),,"September 27, 2021"
Nokia 7.1,2021-09-01,Monthly,Nov-21,Sep-21,00WW_4 _15C_SP16,SP Only (Android 10),,"September 27, 2021"
Nokia 7.1,2021-09-01,Monthly,Nov-21,Sep-21,00WW_4 _16B_SP11,SP Only (Android 10),,"September 27, 2021"
Nokia 9 Pureview,2021-09-01,Monthly,Mar-22,Sep-21,00WW_5_26A_SP11,SP Only (Android 10),,"September 27, 2021"
Nokia T20,2021-08-01,Monthly,Nov-24,Aug-21,00WW_1_020,Ramp Up Production (Android 11),,"September 24, 2021"
Nokia 3.1 Plus,2021-09-01,Monthly,Oct-21,Sep-21,00WW_3_15P_SP10,SP Only (Android 10),,"September 23, 2021"
Nokia 5.4,2021-09-01,Monthly,Jan-24,Sep-21,00WW_1_300_SP01,SP Only (Android 10),,"September 22, 2021"
Nokia 8.1,2021-09-01,Monthly,Dec-21,Sep-21,00WW_7_210_SP04,SP Only (Android 11),,"September 22, 2021"
Nokia 8.1,2021-09-01,Monthly,Dec-21,Sep-21,00WW_6_210_SP04,SP Only (Android 11),,"September 22, 2021"
Nokia 7.2,2021-09-01,Monthly,Sep-22,Sep-21,00WW_2_400_SP06,SP Only (Android 10),,"September 22, 2021"
Nokia 7.2,2021-09-01,Monthly,Sep-22,Sep-21,00WW_2_410_SP06,SP Only (Android 10),,"September 22, 2021"
Nokia 6.2,2021-09-01,Monthly,Oct-22,Sep-21,00WW_2_400_SP06,SP Only (Android 10),,"September 22, 2021"
Nokia 5.3,2021-09-01,Monthly,Jun-23,Sep-21,00WW_2_210_SP02,SP Only (Android 11),,"September 22, 2021"
Nokia 5.3,2021-09-01,Monthly,Jun-23,Sep-21,00WW_1_290_SP09,SP Only (Android 10),,"September 22, 2021"
Nokia 9 Pureview,2021-09-01,Monthly,Mar-22,Sep-21,00RU_5_25A_SP16,SP Only (Android 10),,"September 22, 2021"
Nokia 9 Pureview,2021-09-01,Monthly,Mar-22,Sep-21,00WW_5_25A_SP16,SP Only (Android 10),,"September 22, 2021"
Nokia C20,2021-08-01,Quarterly,Jun-23,Aug-21,00WW_1_350,MR Update and SP (Android 11 GO),,"September 21, 2021"
Nokia 5.4,2021-09-01,Monthly,Jan-24,Sep-21,00WW_2_120_SP01,SP Only (Android 11),,"September 20, 2021"
Nokia G10,2021-09-01,Monthly,Jul-24,Sep-21,00WW_1_160_SP02,SP Only (Android 11),,"September 20, 2021"
Nokia G20,2021-09-01,Monthly,Jul-24,Sep-21,00WW_1_100_SP03,SP Only (Android 11),,"September 16, 2021"
Nokia 3.4,2021-09-01,Monthly,Nov-23,Sep-21,00WW_1_430_SP05,SP Only (Android 10),,"September 15, 2021"
Nokia 3.4,2021-09-01,Monthly,Nov-23,Sep-21,00WW_2_410_SP01,SP Only (Android 11),,"September 15, 2021"
Nokia G50,2021-08-01,Monthly,Dec-24,Aug-21,00WW_1_100,MR Update and SP (Android 11),,"September 14, 2021"
Nokia XR20,2021-09-01,Monthly,Nov-25,Sep-21,00WW_1_110_SP02,SP Only (Android 11),,"September 14, 2021"
Nokia 1.4,2021-09-01,Monthly,Apr-24,Sep-21,00WW_2_140,MR Update and SP (Android 11 GO),,"September 13, 2021"
Nokia 3.4,2021-08-01,Monthly,Nov-23,Aug-21,00WW_1_430_SP04,SP Only (Android 10),,"September 10, 2021"
Nokia 5.1,2021-08-01,Final guaranteed Security Patch Update,Aug-21,Aug-21,00WW_4_200,MR Update and SP (Android 10),,"September 08, 2021"
Nokia 3.1,2021-08-01,Final guaranteed Security Patch Update,Jul-21,Aug-21,00WW_4_200,MR Update and SP (Android 10),,"September 08, 2021"
Nokia 1 Plus,2021-08-01,Quarterly,Feb-22,Aug-21,00WW_2_140_SP07,SP Only (Android 10 GO),Monthly to Quarterly SPs after Feb-21,"September 07, 2021"
Nokia 5.1 Plus,2021-08-01,Monthly,Oct-21,Aug-21,00WW_3_260_SP10,SP Only (Android 10),,"September 06, 2021"
Nokia 2.4,2021-08-01,Monthly,Oct-23,Aug-21,00WW_2_230_SP01 ,SP Only (Android 11),,"September 06, 2021"
Nokia G10,2021-08-01,Monthly,Jul-24,Aug-21,00WW_1_160_SP01,SP Only (Android 11),,"September 02, 2021"
Nokia 4.2,2021-08-01,Monthly,Apr-22,Aug-21,00WW_3_150_SP03,SP Only (Android 11),,"September 02, 2021"
Nokia 3.2,2021-08-01,Monthly,Apr-22,Aug-21,00WW_3_140_SP03 ,SP Only (Android 11),,"September 02, 2021"
Nokia 1.3,2021-08-01,Monthly,Jun-23,Aug-21,00WW_2_280_SP01,SP Only (Android 11 GO),Monthly to Quarterly SPs after Jun-22,"September 02, 2021"
Nokia 5.4,2021-08-01,Monthly,Jan-24,Aug-21,00WW_2_120,MR Upgrade and SP (Android 11),,"September 01, 2021"
Nokia C20 Plus,2021-08-01,Quarterly,Sep-23,Aug-21,00WW_1_060,MR Update and SP (Android 11 GO),,"August 30, 2021"
Nokia X20,2021-08-01,Monthly,Jul-24,Aug-21,00WW_1_270_SP03,SP Only (Android 11),,"August 30, 2021"
Nokia G20,2021-08-01,Monthly,Jul-24,Aug-21,00WW_1_100_SP02,SP Only (Android 11),,"August 30, 2021"
Nokia 2.4,2021-08-01,Monthly,Oct-23,Aug-21,00WW_2_180_SP04 ,SP Only (Android 11),,"August 30, 2021"
Nokia 2.3,2021-08-01,Monthly,Dec-22,Aug-21,00WW_2_340_SP09,SP Only (Android 10),,"August 30, 2021"
Nokia 2.3,2021-08-01,Monthly,Dec-22,Aug-21,00WW_3_220_SP05,SP Only (Android 11),,"August 30, 2021"
Nokia 9 Pureview,2021-08-01,Monthly,Mar-22,Aug-21,00WW_5_26A_SP10,SP Only (Android 10),,"August 30, 2021"
Nokia 8.3 5G,2021-08-01,Monthly,Nov-23,Aug-21,00WW_2_270_SP02,SP Only (Android 11),,"August 30, 2021"
Nokia 6.2,2021-08-01,Monthly,Oct-22,Aug-21,00WW_2_400_SP05,SP Only (Android 10),,"August 25, 2021"
Nokia 9 Pureview,2021-08-01,Monthly,Mar-22,Aug-21,00WW_5_25A_SP15,SP Only (Android 10),,"August 25, 2021"
Nokia 9 Pureview,2021-08-01,Monthly,Mar-22,Aug-21,00RU_5_25A_SP15,SP Only (Android 10),,"August 25, 2021"
Nokia 5.3,2021-08-01,Monthly,Jun-23,Aug-21,00WW_1_290_SP08,SP Only (Android 10),,"August 25, 2021"
Nokia G10,2021-08-01,Monthly,Jul-24,Aug-21,00WW_1_210,MR Update and SP (Android 11),,"August 25, 2021"
Nokia 8.1,2021-08-01,Monthly,Dec-21,Aug-21,00WW_6_210_SP03,SP Only (Android 11),,"August 25, 2021"
Nokia 8.1,2021-08-01,Monthly,Dec-21,Aug-21,00WW_7_210_SP03,SP Only (Android 11),,"August 25, 2021"
Nokia 3.1 Plus,2021-08-01,Monthly,Oct-21,Aug-21,00WW_3_15P_SP09,SP Only (Android 10),,"August 24, 2021"
Nokia 7.2,2021-08-01,Monthly,Sep-22,Aug-21,00WW_2_400_SP05,SP Only (Android 10),,"August 24, 2021"
Nokia 7.1,2021-08-01,Monthly,Nov-21,Aug-21,00WW_4 _15C_SP15,SP Only (Android 10),,"August 24, 2021"
Nokia 7.1,2021-08-01,Monthly,Nov-21,Aug-21,00WW_4 _16B_SP10,SP Only (Android 10),,"August 24, 2021"
Nokia 6.1 Plus,2021-08-01,Final guaranteed Security Patch Update,Aug-21,Aug-21,00WW_4 _15C_SP15,SP Only (Android 10),,"August 24, 2021"
Nokia 1.4,2021-07-01,Monthly,Apr-24,Jul-21,00WW_2_130,MR Upgrade and SP (Android 11 GO),,"August 23, 2021"
Nokia 1 Plus,2021-08-01,Quarterly,Feb-22,Aug-21,00WW_3_110_SP02,SP Only (Android 11 GO),Monthly to Quarterly SPs after Feb-21,"August 23, 2021"
Nokia 3.4,2021-08-01,Monthly,Nov-23,Aug-21,00WW_2_410,MR Upgrade and SP (Android 11),,"August 20, 2021"
Nokia XR20,2021-08-01,Monthly,Nov-25,Aug-21,00WW_1_110_SP01,SP Only (Android 11),,"August 19, 2021"
Nokia 7.2,2021-08-01,Monthly,Sep-22,Aug-21,00WW_2_410_SP05,SP Only (Android 10),,"August 19, 2021"
Nokia X10,2021-08-01,Monthly,Sep-24,Aug-21,00WW_1_160_SP01,SP Only (Android 11),,"August 18, 2021"
Nokia 5.3,2021-08-01,Monthly,Jun-23,Aug-21,00WW_2_210_SP01,SP Only (Android 11),,"August 17, 2021"
Nokia C30,2021-07-01,Bi-Monthly,Dec-23,Jul-21,00WW_1_310,MR Update and SP (Android 11 GO),,"August 16, 2021"
Nokia G50,2021-07-01,Monthly,Dec-24,Jul-21,00WW_1_010,Ramp Up Production (Android 11),,"August 13, 2021"
Nokia C10,2021-07-01,Quarterly,Aug-23,Jul-21,00WW_1_300,MR Update and SP (Android 11 GO),,"August 11, 2021"
Nokia 2.2,2021-08-01,Monthly,Jun-22,Aug-21,00WW_3_270_SP04,SP Only (Android 11),,"August 10, 2021"
Nokia C30,2021-07-01,Bi-Monthly,Dec-23,Jul-21,00WW_1_290,MR Update and SP (Android 11 GO),,"August 10, 2021"
Nokia C1,2021-08-01,Quarterly,Dec-21,Aug-21,00WW_1_140,MR Update and SP (Pie 9 GO),,"August 10, 2021"
Nokia C01 Plus,2021-07-01,Quarterly,Aug-23,Jul-21,00WW_1_160,MR Update and SP (Android 11 GO),,"August 09, 2021"
Nokia 2.1,2021-08-01,Final guaranteed Security Patch Update,Aug-21,Aug-21,00WW_4_11F_SP03,SP Only (Android 10 GO),,"August 09, 2021"
Nokia 5.1 Plus,2021-07-01,Monthly,Oct-21,Jul-21,00WW_3_260_SP09,SP Only (Android 10),,"August 05, 2021"
Nokia 5.1,2021-07-01,Monthly,Aug-21,Jul-21,00WW_4_160_SP08,SP Only (Android 10),,"August 05, 2021"
Nokia 3.1,2021-07-01,Final guaranteed Security Patch Update,Jul-21,Jul-21,00WW_4_160_SP08,SP Only (Android 10),,"August 05, 2021"
Nokia C1 Plus,2021-07-01,Quarterly,Jan-23,Jul-21,00WW_1_060,MR Update and SP (Android 10 GO),,"August 05, 2021"
Nokia 5.3,2021-06-01,Monthly,Jun-23,Jun-21,00WW_2_210,MR Upgrade and SP (Android 11),,"August 04, 2021"
Nokia X10,2021-07-01,Monthly,Sep-24,Jul-21,00WW_1_160,MR Update and SP (Android 11),,"August 03, 2021"
Nokia XR20,2021-07-01,Monthly,Nov-25,Jun-21,00WW_1_110 ,MR Update and SP (Android 11),,"August 03, 2021"
Nokia 8.1,2021-07-01,Monthly,Dec-21,Jul-21,00WW_7_210_SP02,SP Only (Android 11),,"August 02, 2021"
Nokia 8.1,2021-07-01,Monthly,Dec-21,Jul-21,00WW_6_210_SP02,SP Only (Android 11),,"August 02, 2021"
Nokia 9 Pureview,2021-07-01,Monthly,Mar-22,Jul-21,00RU_5_25A_SP14,SP Only (Android 10),,"August 02, 2021"
Nokia 9 Pureview,2021-07-01,Monthly,Mar-22,Jul-21,00WW_5_25A_SP14,SP Only (Android 10),,"August 02, 2021"
Nokia 9 Pureview,2021-07-01,Monthly,Mar-22,Jul-21,00WW_5_26A_SP09,SP Only (Android 10),,"August 02, 2021"
Nokia C01 Plus,2021-07-01,Quarterly,Aug-23,Jul-21,00WW_1_130,MR Update and SP (Android 11 GO),,"August 02, 2021"
Nokia 1 Plus,2021-05-01,Quarterly,Feb-22,May-21,00WW_2_140_SP06,SP Only (Android 10 GO),Monthly to Quarterly SPs after Feb-21,"August 02, 2021"
Nokia 2.4,2021-07-01,Monthly,Oct-23,Jul-21,00WW_2_180_SP03 ,SP Only (Android 11),,"August 02, 2021"
Nokia X20,2021-07-01,Monthly,Jul-24,Jul-21,00WW_1_270_SP02,SP Only (Android 11),,"July 30, 2021"
Nokia C1 2nd Edition,2021-07-01,Quarterly,Sep-23,Jul-21,00WW_1_050,MR Update and SP (Android 11 GO),,"July 30, 2021"
Nokia C2,2021-07-01,Quarterly,Feb-22,Jul-21,00WW_1_130,MR Update and SP (Pie 9 GO),,"July 30, 2021"
Nokia G20,2021-07-01,Monthly,Jul-24,Jul-21,00WW_1_100_SP01,SP Only (Android 11),,"July 28, 2021"
Nokia 7.1,2021-07-01,Monthly,Nov-21,Jul-21,00WW_4 _15C_SP14,SP Only (Android 10),,"July 28, 2021"
Nokia 7.1,2021-07-01,Monthly,Nov-21,Jul-21,00WW_4 _16B_SP09,SP Only (Android 10),,"July 28, 2021"
Nokia 6.1 Plus,2021-07-01,Monthly,Aug-21,Jul-21,00WW_4 _15C_SP14,SP Only (Android 10),,"July 28, 2021"
Nokia 3.4,2021-07-01,Monthly,Nov-23,Jul-21,00WW_1_430_SP03,SP Only (Android 10),,"July 28, 2021"
Nokia C20,2021-07-01,Quarterly,Jun-23,Jul-21,00WW_1_270,MR Update and SP (Android 11 GO),,"July 27, 2021"
Nokia 7.2,2021-07-01,Monthly,Sep-22,Jul-21,00WW_2_400_SP04,SP Only (Android 10),,"July 26, 2021"
Nokia 8.1,2021-06-01,Monthly,Dec-21,Jun-21,00WW_7_210_SP01,SP Only (Android 11),,"July 26, 2021"
Nokia 8.1,2021-06-01,Monthly,Dec-21,Jun-21,00WW_6_210_SP01,SP Only (Android 11),,"July 26, 2021"
Nokia 6.2,2021-07-01,Monthly,Oct-22,Jul-21,00WW_2_400_SP04,SP Only (Android 10),,"July 26, 2021"
Nokia 3.1 Plus,2021-07-01,Monthly,Oct-21,Jul-21,00WW_3_15P_SP08,SP Only (Android 10),,"July 26, 2021"
Nokia 1.3,2021-06-01,Monthly,Jun-23,Jun-21,00WW_2_280,MR Upgrade and SP (Android 11 GO),Monthly to Quarterly SPs after Jun-22,"July 22, 2021"
Nokia 1 Plus,2021-05-01,Quarterly,Feb-22,May-21,00WW_3_110_SP01,SP Only (Android 11 GO),Monthly to Quarterly SPs after Feb-21,"July 22, 2021"
Nokia 1.4,2021-07-01,Monthly,Apr-24,Jul-21,00WW_1_120_SP01,SP Only (Android 10 GO),,"July 21, 2021"
Nokia 7.2,2021-07-01,Monthly,Sep-22,Jul-21,00WW_2_410_SP04,SP Only (Android 10),,"July 20, 2021"
Nokia G10,2021-07-01,Monthly,Jul-24,Jul-21,00WW_1_160,MR Update and SP (Android 11),,"July 20, 2021"
Nokia 2.3,2021-07-01,Monthly,Dec-22,Jul-21,00WW_2_340_SP08,SP Only (Android 10),,"July 20, 2021"
Nokia 2.3,2021-07-01,Monthly,Dec-22,Jul-21,00WW_3_220_SP04,SP Only (Android 11),,"July 20, 2021"
Nokia C30,2021-06-01,Bi-Monthly,Dec-23,Jun-21,00WW_1_260,MR Update and SP (Android 11 GO),,"July 13, 2021"
Nokia 8 Sirocco,2021-05-01,Final guaranteed Security Patch Update,May-21,May-21,00WW_5_14M,MR Update and SP (Android 10),,"July 13, 2021"
Nokia C20 Plus,2021-07-01,Quarterly,Sep-23,Jul-21,00WW_1_030,Ramp Up Production (Android 11 GO),,"July 12, 2021"
Nokia 8.3 5G,2021-07-01,Monthly,Nov-23,Jul-21,00WW_2_270_SP01,SP Only (Android 11),,"July 12, 2021"
Nokia C1 Plus,2021-07-01,Quarterly,Jan-23,Jul-21,00WW_1_050_SP01,SP Only (Android 10 GO),,"July 12, 2021"
Nokia C1 Plus,2021-07-01,Quarterly,Jan-23,Jul-21,00WW_1_040_SP02,SP Only (Android 10 GO),,"July 12, 2021"
Nokia 2.2,2021-07-01,Monthly,Jun-22,Jul-21,00WW_3_270_SP03,SP Only (Android 11),,"July 12, 2021"
Nokia X10,2021-06-01,Monthly,Sep-24,Jun-21,00WW_1_070_SP01,SP Only (Android 11),,"July 08, 2021"
Nokia 6.2,2021-04-01,Monthly,Oct-22,Apr-21,00WW_2_400_SP03,SP Only (Android 10),,"July 07, 2021"
Nokia 7.2,2021-04-01,Monthly,Sep-22,Apr-21,00WW_2_400_SP03,SP Only (Android 10),,"July 07, 2021"
Nokia 2.4,2021-06-01,Monthly,Oct-23,Jun-21,00WW_2_230,MR Update and SP (Android 11),,"July 06, 2021"
Nokia 6.1 Plus,2021-06-01,Monthly,Aug-21,Jun-21,00WW_4 _15C_SP13,SP Only (Android 10),,"July 05, 2021"
Nokia 7.1,2021-06-01,Monthly,Nov-21,Jun-21,00WW_4 _16B_SP08,SP Only (Android 10),,"July 05, 2021"
Nokia 7.1,2021-06-01,Monthly,Nov-21,Jun-21,00WW_4 _15C_SP13,SP Only (Android 10),,"July 05, 2021"
Nokia 4.2,2021-06-01,Monthly,Apr-22,Jun-21,00WW_3_150_SP02 ,SP Only (Android 11),,"July 05, 2021"
Nokia 3.2,2021-06-01,Monthly,Apr-22,Jun-21,00WW_3_140_SP02 ,SP Only (Android 11),,"July 05, 2021"
Nokia 7.2,2021-04-01,Monthly,Sep-22,Apr-21,00WW_2_410_SP03,SP Only (Android 10),,"July 02, 2021"
Nokia XR20,2021-06-01,Monthly,Nov-25,Jun-21,00WW_1_090 ,Ramp Up Production (Android 11),,"July 01, 2021"
Nokia 2.4,2021-06-01,Monthly,Oct-23,Jun-21,00WW_1_130_SP05,SP Only (Android 10),,"July 01, 2021"
Nokia X20,2021-06-01,Monthly,Jul-24,Jun-21,00WW_1_27A_SP01,SP Only (Android 11),,"June 30, 2021"
Nokia 5.1,2021-06-01,Monthly,Aug-21,Jun-21,00WW_4_160_SP07,SP Only (Android 10),,"June 29, 2021"
Nokia 3.1,2021-06-01,Monthly,Jul-21,Jun-21,00WW_4_160_SP07,SP Only (Android 10),,"June 29, 2021"
Nokia 3.4,2021-06-01,Monthly,Nov-23,Jun-21,00WW_1_430_SP02,SP Only (Android 10),,"June 28, 2021"
Nokia 5.1 Plus,2021-06-01,Monthly,Oct-21,Jun-21,00WW_3_260_SP08,SP Only (Android 10),,"June 28, 2021"
Nokia 2.4,2021-06-01,Monthly,Oct-23,Jun-21,00WW_2_180_SP02 ,SP Only (Android 11),,"June 28, 2021"
Nokia 2.2,2021-06-01,Monthly,Jun-22,Jun-21,00WW_3_270_SP02,SP Only (Android 11),,"June 28, 2021"
Nokia G10,2021-06-01,Monthly,Jul-24,Jun-21,00WW_1_070_SP01,SP Only (Android 11),,"June 28, 2021"
Nokia 5.4,2021-06-01,Monthly,Jan-24,Jun-21,00WW_1_300,MR Update and SP (Android 10),,"June 28, 2021"
Nokia C1 2nd Edition,2021-05-01,Quarterly,Sep-23,May-21,00WW_1_020,Ramp Up Production (Android 11 GO),,"June 24, 2021"
Nokia 3.1 Plus,2021-06-01,Monthly,Oct-21,Jun-21,00WW_3_15P_SP07,SP Only (Android 10),,"June 24, 2021"
Nokia 9 Pureview,2021-06-01,Monthly,Mar-22,Jun-21,00RU_5_25A_SP13,SP Only (Android 10),,"June 24, 2021"
Nokia 9 Pureview,2021-06-01,Monthly,Mar-22,Jun-21,00WW_5_25A_SP13,SP Only (Android 10),,"June 24, 2021"
Nokia 9 Pureview,2021-06-01,Monthly,Mar-22,Jun-21,00WW_5_26A_SP08,SP Only (Android 10),,"June 24, 2021"
Nokia G20,2021-06-01,Monthly,Jul-24,Jun-21,00WW_1_100,MR Update and SP (Android 11),,"June 22, 2021"
Nokia 2.3,2021-06-01,Monthly,Dec-22,Jun-21,00WW_2_340_SP07,SP Only (Android 10),,"June 22, 2021"
Nokia 2.3,2021-06-01,Monthly,Dec-22,Jun-21,00WW_3_220_SP03,SP Only (Android 11),,"June 22, 2021"
Nokia 8 Sirocco,2021-05-01,Final guaranteed Security Patch Update,May-21,May-21,00WW_5_140_SP10,SP Only (Android 10),,"June 21, 2021"
Nokia G10,2021-06-01,Monthly,Jul-24,Jun-21,00WW_1_120,MR Update and SP (Android 11),,"June 21, 2021"
Nokia C3,2021-06-01,Quarterly,Nov-22,Jun-21,00WW_1_190,MR Update and SP (Android 10),,"June 21, 2021"
Nokia C20,2021-05-01,Quarterly,Jun-23,May-21,00WW_1_230,MR Update and SP (Android 11 GO),,"June 21, 2021"
Nokia 3.4,2021-06-01,Monthly,Nov-23,Jun-21,00WW_1_350_SP03,SP Only (Android 10),,"June 21, 2021"
Nokia 2.1,2021-06-01,Quarterly,Aug-21,Jun-21,00WW_4_11F_SP02,SP Only (Android 10 GO),,"June 18, 2021"
Nokia 5.3,2021-05-01,Monthly,Jun-23,May-21,00WW_1_290_SP07,SP Only (Android 10),,"June 17, 2021"
Nokia X20,2021-05-01,Monthly,Jul-24,May-21,00WW_1_270,MR Update and SP (Android 11),,"June 16, 2021"
Nokia 5.4,2021-05-01,Monthly,Jan-24,May-21,00WW_1_200 ,MR Update and SP (Android 10),,"June 16, 2021"
Nokia C10,2021-05-01,Quarterly,Aug-23,May-21,00WW_1_230,MR Update and SP (Android 11 GO),,"June 15, 2021"
Nokia 1.4,2021-05-01,Monthly,Apr-24,May-21,00WW_1_120,MR Update and SP (Android 10 GO),,"June 15, 2021"
Nokia C01 Plus,2021-05-01,Quarterly,Aug-23,May-21,00WW_1_050,MR Update and SP (Android 11 GO),,"June 15, 2021"
Nokia 1.3,2021-06-01,Monthly,Jun-23,Jun-21,00WW_1_200_SP05,SP Only (Android 10 GO),Monthly to Quarterly SPs after Jun-22,"June 15, 2021"
Nokia 1.3,2021-06-01,Monthly,Jun-23,Jun-21,00WW_1_180_SP07,SP Only (Android 10 GO),Monthly to Quarterly SPs after Jun-22,"June 15, 2021"
Nokia C30,2021-05-01,Bi-Monthly,Dec-23,May-21,00WW_1_210,Ramp Up Production (Android 11 GO),,"June 10, 2021"
Nokia 8.3 5G,2021-06-01,Monthly,Nov-23,Jun-21,00WW_2_270,MR Update and SP (Android 11),,"June 09, 2021"
Nokia 8.1,2021-05-01,Monthly,Dec-21,May-21,00WW_6_210,MR Update and SP (Android 11),,"June 09, 2021"
Nokia 8.1,2021-05-01,Monthly,Dec-21,May-21,00WW_7_210,MR Update and SP (Android 11),,"June 09, 2021"
Nokia 3.4,2021-05-01,Monthly,Nov-23,May-21,00WW_1_430_SP01,SP Only (Android 10),,"June 08, 2021"
Nokia 2.4,2021-05-01,Monthly,Oct-23,May-21,00WW_1_130_SP04,SP Only (Android 10),,"June 04, 2021"
Nokia 2.4,2021-05-01,Monthly,Oct-23,May-21,00WW_2_180_SP01,SP Only (Android 11),,"June 04, 2021"
Nokia X10,2021-05-01,Monthly,Sep-24,May-21,00WW_1_070,MR Update and SP (Android 11),,"June 03, 2021"
Nokia 1 Plus,2021-04-01,Quarterly,Feb-22,Apr-21,00WW_3_110,MR Upgrade and SP (Android 11 GO),Monthly to Quarterly SPs after Feb-21,"June 03, 2021"
Nokia 3.1 Plus,2021-05-01,Monthly,Oct-21,May-21,00WW_3_15P_SP06,SP Only (Android 10),,"May 31, 2021"
Nokia 7.1,2021-05-01,Monthly,Nov-21,May-21,00WW_4 _15C_SP12,SP Only (Android 10),,"May 31, 2021"
Nokia 7.1,2021-05-01,Monthly,Nov-21,May-21,00WW_4 _16B_SP07,SP Only (Android 10),,"May 31, 2021"
Nokia 6.1 Plus,2021-05-01,Monthly,Aug-21,May-21,00WW_4 _15C_SP12,SP Only (Android 10),,"May 31, 2021"
Nokia 5.1 Plus,2021-05-01,Monthly,Oct-21,May-21,00WW_3_260_SP07,SP Only (Android 10),,"May 31, 2021"
Nokia 2.3,2021-05-01,Monthly,Dec-22,May-21,00WW_2_340_SP06,SP Only (Android 10),,"May 31, 2021"
Nokia 5.4,2021-04-01,Monthly,Jan-24,Apr-21,00WW_1_180_SP01,SP Only (Android 10),,"May 27, 2021"
Nokia 9 Pureview,2021-05-01,Monthly,Mar-22,May-21,00WW_5_26A_SP07,SP Only (Android 10),,"May 26, 2021"
Nokia 9 Pureview,2021-05-01,Monthly,Mar-22,May-21,00WW_5_25A_SP12,SP Only (Android 10),,"May 26, 2021"
Nokia 9 Pureview,2021-05-01,Monthly,Mar-22,May-21,00RU_5_25A_SP12,SP Only (Android 10),,"May 26, 2021"
Nokia C20,2021-05-01,Quarterly,Jun-23,May-21,00WW_1_180,MR Update and SP (Android 11 GO),,"May 25, 2021"
Nokia G20,2021-04-01,Monthly,Jul-24,Apr-21,00WW_1_060,MR Update and SP (Android 11),,"May 25, 2021"
Nokia 3.4,2021-04-01,Monthly,Nov-23,Apr-21,00WW_1_430,MR Update and SP (Android 10),,"May 24, 2021"
Nokia 2.2,2021-04-01,Monthly,Jun-22,Apr-21,00WW_2_420_SP05,SP Only (Android 10),,"May 24, 2021"
Nokia 2.3,2021-05-01,Monthly,Dec-22,May-21,00WW_3_220_SP02,SP Only (Android 11),,"May 24, 2021"
Nokia 2.2,2021-05-01,Monthly,Jun-22,May-21, 00WW_3_270_SP01,SP Only (Android 11),,"May 20, 2021"
Nokia C3,2021-05-01,Quarterly,Nov-22,May-21,00WW_1_180,MR Update and SP (Android 10),,"May 18, 2021"
Nokia G10,2021-04-01,Monthly,Jul-24,Apr-21,00WW_1_070,MR Update and SP (Android 11),,"May 18, 2021"
Nokia 5.4,2021-03-01,Monthly,Jan-24,Mar-21,00WW_1_190,MR Update and SP (Android 10),,"May 17, 2021"
Nokia 1.3,2021-05-01,Monthly,Jun-23,May-21,00WW_1_180_SP06,SP Only (Android 10 GO),Monthly to Quarterly SPs after Jun-22,"May 17, 2021"
Nokia 1.3,2021-05-01,Monthly,Jun-23,May-21,00WW_1_200_SP04,SP Only (Android 10 GO),Monthly to Quarterly SPs after Jun-22,"May 17, 2021"
Nokia 1.4,2021-05-01,Monthly,Apr-24,May-21,00WW_1_110,MR Update and SP (Android 10 GO),,"May 12, 2021"
Nokia 5.3,2021-04-01,Monthly,Jun-23,Apr-21,00WW_1_290_SP06,SP Only (Android 10),,"May 11, 2021"
Nokia 3.4,2021-04-01,Monthly,Nov-23,Apr-21,00WW_1_350_SP02,SP Only (Android 10),,"May 10, 2021"
Nokia 8.3 5G,2021-05-01,Monthly,Nov-23,May-21,00WW_2_210_SP02,SP Only (Android 11),,"May 10, 2021"
Nokia 8.3 5G,2021-05-01,Monthly,Nov-23,May-21,00WW_2_200_SP03,SP Only (Android 11),,"May 10, 2021"
Nokia X10,2021-04-01,Monthly,Sep-24,Apr-21,00WW_1_010,Ramp Up Production (Android 11),,"May 07, 2021"
Nokia 3.2,2021-04-01,Monthly,Apr-22,Apr-21,00WW_3_140_SP01 ,SP Only (Android 11),,"May 07, 2021"
Nokia 4.2,2021-04-01,Monthly,Apr-22,Apr-21,00WW_3_150_SP01 ,SP Only (Android 11),,"May 07, 2021"
Nokia 4.2,2021-03-01,Monthly,Apr-22,Mar-21,00WW_2_330_SP08,SP Only (Android 10),,"May 07, 2021"
Nokia C1,2021-05-01,Quarterly,Dec-21,May-21,00WW_1_130_SP01,SP Only (Pie 9 GO),,"May 06, 2021"
Nokia 5.1,2021-04-01,Monthly,Aug-21,Apr-21,00WW_4_160_SP06,SP Only (Android 10),,"May 05, 2021"
Nokia 3.1,2021-04-01,Monthly,Jul-21,Apr-21,00WW_4_160_SP06,SP Only (Android 10),,"May 05, 2021"
Nokia C20,2021-04-01,Quarterly,Jun-23,Apr-21,00WW_1_150,MR Update and SP (Android 11 GO),,"May 05, 2021"
Nokia 2.3,2021-04-01,Monthly,Dec-22,Apr-21,00WW_2_340_SP05,SP Only (Android 10),,"May 04, 2021"
Nokia X20,2021-04-01,Monthly,Jul-24,Apr-21,00WW_1_200,MR Update and SP (Android 11),,"May 04, 2021"
Nokia 2.3,2021-04-01,Monthly,Dec-22,Apr-21,00WW_3_220_SP01,SP Only (Android 11),,"April 28, 2021"
Nokia 5.1 Plus,2021-04-01,Monthly,Oct-21,Apr-21,00WW_3_260_SP06,SP Only (Android 10),,"April 27, 2021"
Nokia 8 Sirocco,2021-04-01,Monthly,May-21,Apr-21,00WW_5_140_SP09,SP Only (Android 11),,"April 26, 2021"
Nokia 1,2021-04-01,Final guaranteed Security Patch Update,Apr-21,Apr-21,00WW_3_110_SP03,SP Only (Android 10 GO),,"April 26, 2021"
Nokia 2.4,2021-04-01,Monthly,Oct-23,Apr-21,00WW_2_180,MR Upgrade and SP (Android 11),,"April 26, 2021"
Nokia 2.3,2021-03-01,Monthly,Dec-22,Mar-21,00WW_2_340_SP04,SP Only (Android 10),,"April 23, 2021"
Nokia C1 Plus,2021-04-01,Quarterly,Jan-23,Apr-21,00WW_1_040_SP01,SP Only (Android 10 GO),,"April 23, 2021"
Nokia 7.1,2021-04-01,Monthly,Nov-21,Apr-21,00WW_4 _16B_SP06,SP Only (Android 10),,"April 22, 2021"
Nokia 7.1,2021-04-01,Monthly,Nov-21,Apr-21,00WW_4 _15C_SP11,SP Only (Android 10),,"April 22, 2021"
Nokia 7 Plus,2021-04-01,Final guaranteed Security Patch Update,Apr-21,Apr-21,00WW_4 _16B_SP06,SP Only (Android 10),,"April 22, 2021"
Nokia 7 Plus,2021-04-01,Final guaranteed Security Patch Update,Apr-21,Apr-21,00WW_4 _15D_SP11,SP Only (Android 10),,"April 22, 2021"
Nokia 6.1 Plus,2021-04-01,Monthly,Aug-21,Apr-21,00WW_4 _15C_SP11,SP Only (Android 10),,"April 22, 2021"
Nokia 6.1,2021-04-01,Final guaranteed Security Patch Update,Apr-21,Apr-21,00WW_4 _16B_SP06,SP Only (Android 10),,"April 22, 2021"
Nokia 6.1,2021-04-01,Final guaranteed Security Patch Update,Apr-21,Apr-21,00WW_4 _15C_SP11,SP Only (Android 10),,"April 22, 2021"
Nokia 9 Pureview,2021-04-01,Monthly,Mar-22,Apr-21,00WW_5_26A_SP06,SP Only (Android 10),,"April 20, 2021"
Nokia 9 Pureview,2021-04-01,Monthly,Mar-22,Apr-21,00RU_5_25A_SP11,SP Only (Android 10),,"April 20, 2021"
Nokia 9 Pureview,2021-04-01,Monthly,Mar-22,Apr-21,00WW_5_25A_SP11,SP Only (Android 10),,"April 20, 2021"
Nokia 6.2,2021-03-01,Monthly,Oct-22,Mar-21,00WW_2_400_SP02,SP Only (Android 10),,"April 20, 2021"
Nokia 3.1 Plus,2021-04-01,Monthly,Oct-21,Apr-21,00WW_3_15P_SP05,SP Only (Android 10),,"April 19, 2021"
Nokia G20,2021-03-01,Monthly,Jul-24,Mar-21,00WW_1_010,Ramp Up Production (Android 11),,"April 16, 2021"
Nokia 7.2,2021-03-01,Monthly,Sep-22,Mar-21,00WW_2_410_SP02,SP Only (Android 10),,"April 14, 2021"
Nokia 2.2,2021-03-01,Monthly,Jun-22,Mar-21,00WW_3_270,MR Upgrade and SP (Android 11),,"April 12, 2021"
Nokia 8.3 5G,2021-04-01,Monthly,Nov-23,Apr-21,00WW_2_210_SP01,SP Only (Android 11),,"April 12, 2021"
Nokia 8.3 5G,2021-04-01,Monthly,Nov-23,Apr-21,00WW_2_200_SP02,SP Only (Android 11),,"April 12, 2021"
Nokia G10,2021-03-01,Monthly,Jul-24,Mar-21,00WW_1_010,Ramp Up Production (Android 11),,"April 08, 2021"
Nokia 7.2,2021-03-01,Monthly,Sep-22,Mar-21,00WW_2_400_SP02,SP Only (Android 10),,"April 08, 2021"
Nokia 3.4,2021-03-01,Monthly,Nov-23,Mar-21,00WW_1_350_SP01,SP Only (Android 10),,"April 08, 2021"
Nokia X20,2021-03-01,Monthly,Jul-24,Mar-21,00WW_1_100,Ramp Up Production (Android 11),,"April 08, 2021"
Nokia 4.2,2021-03-01,Monthly,Apr-22,Mar-21,00WW_3_150,MR Upgrade and SP (Android 11),,"April 08, 2021"
Nokia C2,2021-04-01,Quarterly,Feb-22,Apr-21,00WW_1_120_SP01,SP Only (Pie 9 GO),,"April 08, 2021"
Nokia 8.1,2021-03-01,Monthly,Dec-21,Mar-21,00WW_7_190,MR Upgrade and SP (Android 11),,"April 07, 2021"
Nokia 8.1,2021-03-01,Monthly,Dec-21,Mar-21,00WW_6_190,MR Upgrade and SP (Android 11),,"April 07, 2021"
Nokia 2.3,2021-03-01,Monthly,Dec-22,Mar-21,00WW_3_220,MR Upgrade and SP (Android 11),,"April 07, 2021"
Nokia 3.2,2021-03-01,Monthly,Apr-22,Mar-21,00WW_2_310_SP09,SP Only (Android 10),,"April 07, 2021"
Nokia 8 Sirocco,2021-03-01,Monthly,May-21,Mar-21,00WW_5_140_SP08,SP Only (Android 10),,"April 06, 2021"
Nokia 5.4,2021-03-01,Monthly,Jan-24,Mar-21,00WW_1_180,MR Update and SP (Android 10),,"April 06, 2021"
Nokia 3.4,2021-03-01,Monthly,Nov-23,Mar-21,00WW_1_340_SP02,SP Only (Android 10),,"April 05, 2021"
Nokia C1 Plus,2021-03-01,Quarterly,Jan-23,Mar-21,00WW_1_050,MR Update and SP (Android 10),,"April 01, 2021"
Nokia 9 Pureview,2021-03-01,Monthly,Mar-22,Mar-21,00RU_5_25A_SP10,SP Only (Android 10),,"March 30, 2021"
Nokia 9 Pureview,2021-03-01,Monthly,Mar-22,Mar-21,00WW_5_25A_SP10,SP Only (Android 10),,"March 30, 2021"
Nokia 9 Pureview,2021-03-01,Monthly,Mar-22,Mar-21,00WW_5_26A_SP05,SP Only (Android 10),,"March 30, 2021"
Nokia 7 Plus,2021-03-01,Monthly,Apr-21,Mar-21,00WW_4 _15D_SP10,SP Only (Android 10),,"March 29, 2021"
Nokia 7 Plus,2021-03-01,Monthly,Apr-21,Mar-21,00WW_4 _16B_SP05,SP Only (Android 10),,"March 29, 2021"
Nokia 6.1 Plus,2021-03-01,Monthly,Aug-21,Mar-21,00WW_4 _15C_SP10,SP Only (Android 10),,"March 29, 2021"
Nokia 6.1,2021-03-01,Monthly,Apr-21,Mar-21,00WW_4 _15C_SP10,SP Only (Android 10),,"March 29, 2021"
Nokia 6.1,2021-03-01,Monthly,Apr-21,Mar-21,00WW_4 _16B_SP05,SP Only (Android 10),,"March 29, 2021"
Nokia 5.4,2021-03-01,Monthly,Jan-24,Mar-21,00WW_1_160_SP01,SP Only (Android 10),,"March 29, 2021"
Nokia 3.4,2021-03-01,Monthly,Nov-23,Mar-21,00WW_1_330_SP02,SP Only (Android 10),,"March 29, 2021"
Nokia 1.3,2021-03-01,Monthly,Jun-23,Mar-21,00WW_1_180_SP05,SP Only (Android 10 GO),Monthly to Quarterly SPs after Jun-22,"March 29, 2021"
Nokia 1.3,2021-03-01,Monthly,Jun-23,Mar-21,00WW_1_200_SP03,SP Only (Android 10 GO),Monthly to Quarterly SPs after Jun-22,"March 29, 2021"
Nokia 7.1,2021-03-01,Monthly,Nov-21,Mar-21,00WW_4 _15C_SP10,SP Only (Android 10),,"March 29, 2021"
Nokia 7.1,2021-03-01,Monthly,Nov-21,Mar-21,00WW_4 _16B_SP05,SP Only (Android 10),,"March 29, 2021"
Nokia 8.1,2021-03-01,Monthly,Dec-21,Mar-21,00WW_4_31A_SP05,SP Only (Android 10),,"March 29, 2021"
Nokia 8.3 5G,2021-03-01,Monthly,Nov-23,Mar-21,00WW_2_200_SP01,SP Only (Android 11),,"March 29, 2021"
Nokia 2.2,2021-03-01,Monthly,Jun-22,Mar-21,00WW_2_400_SP07,SP Only (Android 10),,"March 26, 2021"
Nokia 5.1 Plus,2021-03-01,Monthly,Oct-21,Mar-21,00WW_3_260_SP05,SP Only (Android 10),,"March 25, 2021"
Nokia 2.4,2021-03-01,Monthly,Oct-23,Mar-21,00WW_1_130_SP03,SP Only (Android 10),,"March 25, 2021"
Nokia 5.4,2021-03-01,Monthly,Jan-24,Mar-21,00WW_1_150_SP02,SP Only (Android 10),,"March 24, 2021"
Nokia 2.2,2021-03-01,Monthly,Jun-22,Mar-21,00WW_2_420_SP04,SP Only (Android 10),,"March 23, 2021"
Nokia 3.2,2021-03-01,Monthly,Apr-22,Mar-21,00WW_3_140,MR Upgrade and SP (Android 11),,"March 23, 2021"
Nokia 1.4,2021-03-01,Monthly,Apr-24,Mar-21,00WW_1_080,MR Update and SP (Android 10 GO),,"March 23, 2021"
Nokia C3,2021-02-01,Quarterly,Nov-22,Feb-21,00WW_1_170,MR Update and SP (Android 10),,"March 22, 2021"
Nokia 3.1 Plus,2021-03-01,Monthly,Oct-21,Mar-21,00WW_3_15P_SP04,SP Only (Android 10),,"March 22, 2021"
Nokia 8.1,2021-03-01,Monthly,Dec-21,Mar-21,00WW_4_30B_SP12,SP Only (Android 10),,"March 22, 2021"
Nokia 5.1,2021-03-01,Monthly,Aug-21,Mar-21,00WW_4_160_SP05,SP Only (Android 10),,"March 17, 2021"
Nokia 3.1,2021-03-01,Monthly,Jul-21,Mar-21,00WW_4_160_SP05,SP Only (Android 10),,"March 17, 2021"
Nokia 3.4,2021-02-01,Monthly,Nov-23,Feb-21,00WW_1_350,MR Update and SP (Android 10),,"March 09, 2021"
Nokia 3.4,2021-02-01,Monthly,Nov-23,Feb-21,00WW_1_260_SP01,SP Only (Android 10),,"March 09, 2021"
Nokia 8.3 5G,2021-03-01,Monthly,Nov-23,Mar-21,00WW_2_210 ,MR Update and SP (Android 11),,"March 08, 2021"
Nokia 2.4,2021-02-01,Monthly,Oct-23,Feb-21,00WW_1_130_SP02,SP Only (Android 10),,"March 08, 2021"
Nokia 5.3,2021-02-01,Monthly,Jun-23,Feb-21,00WW_1_290_SP05,SP Only (Android 10),,"March 04, 2021"
Nokia 2.3,2021-02-01,Monthly,Dec-22,Feb-21,00WW_2_340_SP03,SP Only (Android 10),,"March 04, 2021"
Nokia 1 Plus,2021-02-01,Monthly,Feb-22,Feb-21,00WW_2_140_SP05,SP Only (Android 10 GO),Monthly to Quarterly SPs after Feb-21,"March 04, 2021"
Nokia 5.1 Plus,2021-02-01,Monthly,Oct-21,Feb-21,00WW_3_260_SP04,SP Only (Android 10),,"March 03, 2021"
Nokia 1.4,2021-02-01,Monthly,Apr-24,Feb-21,00WW_1_060,MR Update and SP (Android 10 GO),,"March 02, 2021"
Nokia 9 Pureview,2021-02-01,Monthly,Mar-22,Feb-21,00RU_5_25A_SP09,SP Only (Android 10),,"March 01, 2021"
Nokia 9 Pureview,2021-02-01,Monthly,Mar-22,Feb-21,00WW_5_25A_SP09,SP Only (Android 10),,"March 01, 2021"
Nokia 9 Pureview,2021-02-01,Monthly,Mar-22,Feb-21,00WW_5_26A_SP04,SP Only (Android 10),,"March 01, 2021"
Nokia 7.1,2021-02-01,Monthly,Nov-21,Feb-21,00WW_4 _16B_SP04,SP Only (Android 10),,"March 01, 2021"
Nokia 7 Plus,2021-02-01,Monthly,Apr-21,Feb-21,00WW_4 _16B_SP04,SP Only (Android 10),,"March 01, 2021"
Nokia 6.2,2021-02-01,Monthly,Oct-22,Feb-21,00WW_2_400_SP01,SP Only (Android 10),,"March 01, 2021"
Nokia 6.1,2021-02-01,Monthly,Apr-21,Feb-21,00WW_4 _16B_SP04,SP Only (Android 10),,"March 01, 2021"
Nokia 5.4,2021-02-01,Monthly,Jan-24,Feb-21,00WW_1_160,MR Update and SP (Android 10),,"March 01, 2021"
Nokia 2.1,2021-02-01,Quarterly,Aug-21,Feb-21,00WW_4_11F_SP01,SP Only (Android 10 GO),,"February 26, 2021"
Nokia 8.1,2021-02-01,Monthly,Dec-21,Feb-21,00WW_4_31A_SP04,SP Only (Android 10),,"February 25, 2021"
Nokia 8 Sirocco,2021-02-01,Monthly,May-21,Feb-21,00WW_5_140_SP07,SP Only (Android 10),,"February 24, 2021"
Nokia C1,2021-02-01,Quarterly,Dec-21,Feb-21,00WW_1_130,MR Update and SP (Pie 9 GO),,"February 24, 2021"
Nokia 4.2,2021-02-01,Monthly,Apr-22,Feb-21,00WW_2_330_SP07,SP Only (Android 10),,"February 24, 2021"
Nokia 3.2,2021-02-01,Monthly,Apr-22,Feb-21,00WW_2_310_SP08,SP Only (Android 10),,"February 24, 2021"
Nokia 2.4,2021-02-01,Monthly,Oct-23,Feb-21,00WW_1_150,MR Update and SP (Android 10),,"February 23, 2021"
Nokia 3.4,2021-02-01,Monthly,Nov-23,Feb-21,00WW_1_340_SP01,SP Only (Android 10),,"February 23, 2021"
Nokia 7.1,2021-02-01,Monthly,Nov-21,Feb-21,00WW_4 _15C_SP09,SP Only (Android 10),,"February 22, 2021"
Nokia 7 Plus,2021-02-01,Monthly,Apr-21,Feb-21,00WW_4 _15D_SP09,SP Only (Android 10),,"February 22, 2021"
Nokia 6.1 Plus,2021-02-01,Monthly,Aug-21,Feb-21,00WW_4 _15C_SP09,SP Only (Android 10),,"February 22, 2021"
Nokia 6.1,2021-02-01,Monthly,Apr-21,Feb-21,00WW_4 _15C_SP09,SP Only (Android 10),,"February 22, 2021"
Nokia 7.2,2021-02-01,Monthly,Sep-22,Feb-21,00WW_2_410_SP01,SP Only (Android 10),,"February 18, 2021"
Nokia 7.2,2021-02-01,Monthly,Sep-22,Feb-21,00WW_2_400_SP01,SP Only (Android 10),,"February 18, 2021"
Nokia 3.1 Plus,2021-02-01,Monthly,Oct-21,Feb-21,00WW_3_15P_SP03,SP Only (Android 10),,"February 17, 2021"
Nokia 3.4,2021-02-01,Monthly,Nov-23,Feb-21,00WW_1_330_SP01,SP Only (Android 10),,"February 16, 2021"
Nokia 5.4,2021-02-01,Monthly,Jan-24,Feb-21,00WW_1_150_SP01,SP Only (Android 10),,"February 15, 2021"
Nokia 2.2,2021-02-01,Monthly,Jun-22,Feb-21,00WW_2_400_SP06,SP Only (Android 10),,"February 15, 2021"
Nokia 2.2,2021-02-01,Monthly,Jun-22,Feb-21,00WW_2_420_SP03,SP Only (Android 10),,"February 15, 2021"
Nokia 1.3,2021-02-01,Monthly,Jun-23,Feb-21,00WW_1_180_SP04,SP Only (Android 10 GO),Monthly to Quarterly SPs after Jun-22,"February 15, 2021"
Nokia 1.3,2021-02-01,Monthly,Jun-23,Feb-21,00WW_1_200_SP02,SP Only (Android 10 GO),Monthly to Quarterly SPs after Jun-22,"February 15, 2021"
Nokia 8.3 5G,2021-01-01,Monthly,Nov-23,Jan-21,00WW_2_200,MR Update and SP (Android 11),,"February 11, 2021"
Nokia C1 Plus,2021-01-01,Quarterly,Jan-23,Jan-21,00WW_1_140,MR Update and SP (Android 10 GO),,"February 09, 2021"
Nokia 8.1,2021-02-01,Monthly,Dec-21,Feb-21,00WW_5_30B_SP11,SP Only (Android 10),,"February 08, 2021"
Nokia 8.1,2021-02-01,Monthly,Dec-21,Feb-21,00WW_4_30B_SP11,SP Only (Android 10),,"February 08, 2021"
Nokia 5.3,2021-01-01,Monthly,Jun-23,Jan-21,00WW_1_290_SP04,SP Only (Android 10),,"February 04, 2021"
Nokia 3.4,2020-12-01,Monthly,Nov-23,Dec-20,00WW_1_340,MR Update and SP (Android 10),,"February 03, 2021"
Nokia 5.1,2021-01-01,Monthly,Aug-21,Jan-21,00WW_3_25B_SP17,SP Only (Pie 9),,"February 02, 2021"
Nokia 3.1,2021-01-01,Monthly,Jul-21,Jan-21,00WW_3_25B_SP17,SP Only (Pie 9),,"February 02, 2021"
Nokia 8.3 5G,2021-01-01,Monthly,Nov-23,Jan-21,00WW_2_180,MR Upgrade and SP (Android 11),,"February 02, 2021"
Nokia 5.1 Plus,2021-01-01,Monthly,Oct-21,Jan-21,00WW_3_260_SP03,SP Only (Android 10),,"February 01, 2021"
Nokia 1 Plus,2021-01-01,Monthly,Feb-22,Jan-21,00WW_2_140_SP04,SP Only (Android 10 GO),Monthly to Quarterly SPs after Feb-21,"February 01, 2021"
Nokia 2.4,2021-01-01,Monthly,Oct-23,Jan-21,00WW_1_130_SP01 ,SP Only (Android 10),,"February 01, 2021"
Nokia 6.2,2021-01-01,Monthly,Oct-22,Jan-21,00WW_2_400,MR Update and SP (Android 10),,"February 01, 2021"
Nokia 2.2,2021-01-01,Monthly,Jun-22,Jan-21,00WW_2_400_SP05,SP Only (Android 10),,"February 01, 2021"
Nokia 2.2,2021-01-01,Monthly,Jun-22,Jan-21,00WW_2_420_SP02,SP Only (Android 10),,"February 01, 2021"
Nokia 3.1 Plus,2021-01-01,Monthly,Oct-21,Jan-21,00WW_3_15P_SP02,SP Only (Android 10),,"February 01, 2021"
Nokia 1,2021-01-01,Quarterly,Apr-21,Jan-21,00WW_3_110_SP02,SP Only (Android 10 GO),,"February 01, 2021"
Nokia 2.3,2021-01-01,Monthly,Dec-22,Jan-21,00WW_2_340_SP02,SP Only (Android 10),,"February 01, 2021"
Nokia 5.4,2021-01-01,Monthly,Jan-24,Jan-21,00WW_1_150,MR Update and SP (Android 10),,"January 29, 2021"
Nokia 7.1,2021-01-01,Monthly,Nov-21,Jan-21,00WW_4 _15C_SP08,SP Only (Android 10),,"January 28, 2021"
Nokia 7.1,2021-01-01,Monthly,Nov-21,Jan-21,00WW_4 _16B_SP03,SP Only (Android 10),,"January 28, 2021"
Nokia 7 Plus,2021-01-01,Monthly,Apr-21,Jan-21,00WW_4 _16B_SP03,SP Only (Android 10),,"January 28, 2021"
Nokia 6.1,2021-01-01,Monthly,Apr-21,Jan-21,00WW_4 _16B_SP03,SP Only (Android 10),,"January 28, 2021"
Nokia 3.4,2020-12-01,Monthly,Nov-23,Dec-20,00WW_1_330,MR Update and SP (Android 10),,"January 27, 2021"
Nokia 7.2,2021-01-01,Monthly,Sep-22,Jan-21,00WW_2_410 ,MR Update and SP (Android 10),,"January 26, 2021"
Nokia 7.2,2021-01-01,Monthly,Sep-22,Jan-21,00WW_2_400 ,MR Update and SP (Android 10),,"January 26, 2021"
Nokia 4.2,2021-01-01,Monthly,Apr-22,Jan-21,00WW_2_330_SP06,SP Only (Android 10),,"January 26, 2021"
Nokia 3.2,2021-01-01,Monthly,Apr-22,Jan-21,00WW_2_310_SP07,SP Only (Android 10),,"January 26, 2021"
Nokia 3.1,2021-01-01,Monthly,Jul-21,Jan-21,00WW_4_160_SP04,SP Only (Android 10),,"January 25, 2021"
Nokia 9 Pureview,2021-01-01,Monthly,Mar-22,Jan-21,00WW_5_26A_SP03,SP Only (Android 10),,"January 25, 2021"
Nokia 5.1,2021-01-01,Monthly,Aug-21,Jan-21,00WW_4_160_SP04,SP Only (Android 10),,"January 25, 2021"
Nokia 8.1,2021-01-01,Monthly,Dec-21,Jan-21,00WW_4_31A_SP03,SP Only (Android 10),,"January 22, 2021"
Nokia 7 Plus,2021-01-01,Monthly,Apr-21,Jan-21,00WW_4 _15D_SP08,SP Only (Android 10),,"January 21, 2021"
Nokia 6.1 Plus,2021-01-01,Monthly,Aug-21,Jan-21,00WW_4 _15C_SP08,SP Only (Android 10),,"January 21, 2021"
Nokia 6.1,2021-01-01,Monthly,Apr-21,Jan-21,00WW_4 _15C_SP08,SP Only (Android 10),,"January 21, 2021"
Nokia 1.3,2021-01-01,Monthly,Jun-23,Jan-21,00WW_1_200_SP01 ,SP Only (Android 10 GO),Monthly to Quarterly SPs after Jun-22,"January 20, 2021"
Nokia 1.3,2021-01-01,Monthly,Jun-23,Jan-21,00WW_1_180_SP03,SP Only (Android 10 GO),Monthly to Quarterly SPs after Jun-22,"January 20, 2021"
Nokia 2.1,2020-12-01,Quarterly,Aug-21,Dec-20,00WW_4_11F,MR Update and SP (Android 10 GO),,"January 20, 2021"
Nokia 8 Sirocco,2021-01-01,Monthly,May-21,Jan-21,00WW_5_140_SP06,SP Only (Android 10),,"January 19, 2021"
Nokia 5.4,2020-12-01,Monthly,Jan-24,Dec-20,00WW_1_130_SP01,SP Only (Android 10),,"January 18, 2021"
Nokia 9 Pureview,2021-01-01,Monthly,Mar-22,Jan-21,00RU_5_25A_SP08,SP Only (Android 10),,"January 18, 2021"
Nokia 9 Pureview,2021-01-01,Monthly,Mar-22,Jan-21,00WW_5_25A_SP08,SP Only (Android 10),,"January 18, 2021"
Nokia 7.2,2021-01-01,Monthly,Sep-22,Jan-21,00WW_2_390_SP02 ,SP Only (Android 10),,"January 18, 2021"
Nokia 6.2,2021-01-01,Monthly,Oct-22,Jan-21,00WW_2_390_SP02 ,SP Only (Android 10),,"January 18, 2021"
Nokia 3.1 Plus,2020-12-01,Monthly,Oct-21,Dec-20,00WW_3_15P_SP01,SP Only (Android 10),,"January 18, 2021"
Nokia C2,2021-01-01,Quarterly,Feb-22,Jan-21,00WW_1_120,MR Update and SP (Pie 9 GO),,"January 18, 2021"
Nokia 8.1,2021-01-01,Monthly,Dec-21,Jan-21,00WW_5_30B_SP10,SP Only (Android 10),,"January 14, 2021"
Nokia 8.1,2021-01-01,Monthly,Dec-21,Jan-21,00WW_4_30B_SP10,SP Only (Android 10),,"January 14, 2021"
Nokia 1.3,2020-12-01,Monthly,Jun-23,Dec-20,00WW_1_180_SP02,SP Only (Android 10 GO),Monthly to Quarterly SPs after Jun-22,"January 14, 2021"
Nokia 8.3 5G,2021-01-01,Monthly,Nov-23,Jan-21,00WW_1_150,MR Update and SP (Android 10),,"January 11, 2021"
Nokia 5.3,2020-12-01,Monthly,Jun-23,Dec-20,00WW_1_290_SP03,SP Only (Android 10),,"January 11, 2021"
Nokia 3.1,2020-12-01,Monthly,Jul-21,Dec-20,00WW_4_160_SP03,SP Only (Android 10),,"January 11, 2021"
Nokia 5.1,2020-12-01,Monthly,Aug-21,Dec-20,00WW_4_160_SP03,SP Only (Android 10),,"January 11, 2021"
Nokia 2.3,2020-12-01,Monthly,Dec-22,Dec-20,00WW_2_340_SP01,SP Only (Android 10),,"January 11, 2021"
Nokia 2.2,2020-12-01,Monthly,Jun-22,Dec-20,00WW_2_420_SP01,SP Only (Android 10),,"January 11, 2021"
Nokia 2.2,2020-12-01,Monthly,Jun-22,Dec-20,00WW_2_400_SP04,SP Only (Android 10),,"January 11, 2021"
Nokia 5.1 Plus,2020-12-01,Monthly,Oct-21,Dec-20,00WW_3_260_SP02,SP Only (Android 10),,"January 11, 2021"
Nokia 1 Plus,2020-12-01,Monthly,Feb-22,Dec-20,00WW_2_140_SP03,SP Only (Android 10 GO),Monthly to Quarterly SPs after Feb-21,"January 11, 2021"
Nokia 7.1,2020-12-01,Monthly,Nov-21,Dec-20,00WW_4 _16B_SP02,SP Only (Android 10),,"December 24, 2020"
Nokia 7 Plus,2020-12-01,Monthly,Apr-21,Dec-20,00WW_4 _16B_SP02,SP Only (Android 10),,"December 24, 2020"
Nokia 6.1,2020-12-01,Monthly,Apr-21,Dec-20,00WW_4 _16B_SP02,SP Only (Android 10),,"December 24, 2020"
Nokia C3,2020-12-01,Quarterly,Nov-22,Dec-20,00WW_1_160,MR Update and SP (Android 10),,"December 23, 2020"
Nokia 3.1 Plus,2020-11-01,Monthly,Oct-21,Nov-20,00WW_3_15P,MR Update and SP (Android 10),,"December 23, 2020"
Nokia 6.1,2020-12-01,Monthly,Apr-21,Dec-20,00WW_4 _15C_SP07,SP Only (Android 10),,"December 22, 2020"
Nokia 7 Plus,2020-12-01,Monthly,Apr-21,Dec-20,00WW_4 _15D_SP07,SP Only (Android 10),,"December 22, 2020"
Nokia 6.1 Plus,2020-12-01,Monthly,Aug-21,Dec-20,00WW_4 _15C_SP07,SP Only (Android 10),,"December 22, 2020"
Nokia 7.1,2020-12-01,Monthly,Nov-21,Dec-20,00WW_4 _15C_SP07,SP Only (Android 10),,"December 22, 2020"
Nokia 4.2,2020-12-01,Monthly,Apr-22,Dec-20,00WW_2_330_SP05,SP Only (Android 10),,"December 22, 2020"
Nokia 3.1,2020-12-01,Monthly,Jul-21,Dec-20,00WW_3_25B_SP16,SP Only (Pie 9),,"December 22, 2020"
Nokia 5.1,2020-12-01,Monthly,Aug-21,Dec-20,00WW_3_25B_SP16,SP Only (Pie 9),,"December 22, 2020"
Nokia 3.2,2020-12-01,Monthly,Apr-22,Dec-20,00WW_2_310_SP06,SP Only (Android 10),,"December 22, 2020"
Nokia 3.4,2020-11-01,Monthly,Nov-23,Nov-20,00WW_1_260,MR Update and SP (Android 10),,"December 22, 2020"
Nokia 8.3 5G,2020-12-01,Monthly,Nov-23,Dec-20,00WW_1_140_SP01,SP Only (Android 10),,"December 21, 2020"
Nokia 6.2,2020-12-01,Monthly,Oct-22,Dec-20,00WW_2_390_SP01,SP Only (Android 10),,"December 21, 2020"
Nokia 9 Pureview,2020-12-01,Monthly,Mar-22,Dec-20,00WW_5_26A_SP02,SP Only (Android 10),,"December 21, 2020"
Nokia 9 Pureview,2020-12-01,Monthly,Mar-22,Dec-20,00RU_5_25A_SP07,SP Only (Android 10),,"December 21, 2020"
Nokia 9 Pureview,2020-12-01,Monthly,Mar-22,Dec-20,00WW_5_25A_SP07,SP Only (Android 10),,"December 21, 2020"
Nokia 8.1,2020-12-01,Monthly,Dec-21,Dec-20,00WW_4_31A_SP02,SP Only (Android 10),,"December 21, 2020"
Nokia C1 Plus,2020-11-01,Quarterly,Jan-23,Nov-20,00WW_1_130,MR Update and SP (Android 10 GO),,"December 17, 2020"
Nokia 8 Sirocco,2020-12-01,Monthly,May-21,Dec-20,00WW_5_140_SP05,SP Only (Android 10),,"December 15, 2020"
Nokia 8.1,2020-12-01,Monthly,Dec-21,Dec-20,00WW_5_30B_SP09,SP Only (Android 10),,"December 14, 2020"
Nokia 8.1,2020-12-01,Monthly,Dec-21,Dec-20,00WW_4_30B_SP09,SP Only (Android 10),,"December 14, 2020"
Nokia 7.2,2020-12-01,Monthly,Sep-22,Dec-20,00WW_2_390_SP01,SP Only (Android 10),,"December 14, 2020"
Nokia 2.3,2020-11-01,Monthly,Dec-22,Nov-20,00WW_2_340,MR Update and SP (Android 10),,"December 14, 2020"
Nokia 8.3 5G,2020-12-01,Monthly,Nov-23,Dec-20,00WW_1_110_SP03,SP Only (Android 10),,"December 14, 2020"
Nokia 2.4,2020-12-01,Monthly,Oct-23,Dec-20,00WW_1_130,MR Update and SP (Android 10),,"December 14, 2020"
Nokia 2.2,2020-11-01,Monthly,Jun-22,Nov-20,00WW_2_420,MR Update and SP (Android 10),,"December 14, 2020"
Nokia 4.2,2020-11-01,Monthly,Apr-22,Nov-20,00WW_2_330_SP04,SP Only (Android 10),,"December 08, 2020"
Nokia 3.2,2020-11-01,Monthly,Apr-22,Nov-20,00WW_2_310_SP05,SP Only (Android 10),,"December 08, 2020"
Nokia 5.1 Plus,2020-11-01,Monthly,Oct-21,Nov-20,00WW_3_260_SP01,SP Only (Android 10),,"December 07, 2020"
Nokia 1 Plus,2020-11-01,Monthly,Feb-22,Nov-20,00WW_2_140_SP02,SP Only (Android 10 GO),Monthly to Quarterly SPs after Feb-21,"December 07, 2020"
Nokia C3,2020-11-01,Quarterly,Nov-22,Nov-20,00WW_1_140,MR Update and SP (Android 10),,"December 02, 2020"
Nokia 8.3 5G,2020-11-01,Monthly,Nov-23,Nov-20,00WW_1_110_SP02,SP Only (Android 10),,"November 30, 2020"
Nokia 9 Pureview,2020-11-01,Monthly,Mar-22,Nov-20,00WW_5_26A_SP01,SP Only (Android 10),,"November 30, 2020"
Nokia 5.1,2020-11-01,Monthly,Aug-21,Nov-20,00WW_3_25B_SP15,SP Only (Pie 9),,"November 30, 2020"
Nokia 3.1,2020-11-01,Monthly,Jul-21,Nov-20,00WW_3_25B_SP15,SP Only (Pie 9),,"November 30, 2020"
Nokia 8.3 5G,2020-11-01,Monthly,Nov-23,Nov-20,00WW_1_140,MR Update and SP (Android 10),,"November 26, 2020"
Nokia 8 Sirocco,2020-11-01,Monthly,May-21,Nov-20,00WW_5_140_SP04,SP Only (Android 10),,"November 26, 2020"
Nokia 5.1 Plus,2020-10-01,Monthly,Oct-21,Oct-20,00WW_3_260,MR Update and SP (Android 10),,"November 26, 2020"
Nokia 6.2,2020-11-01,Monthly,Oct-22,Nov-20,00WW_2_390,MR Update and SP (Android 10),,"November 25, 2020"
Nokia 2.3,2020-11-01,Monthly,Dec-22,Nov-20,00WW_2_330_SP01 ,SP Only (Android 10),,"November 24, 2020"
Nokia 2.3,2020-11-01,Monthly,Dec-22,Nov-20,00WW_2_300_SP03,SP Only (Android 10),,"November 24, 2020"
Nokia 9 Pureview,2020-11-01,Monthly,Mar-22,Nov-20,00RU_5_25A_SP06,SP Only (Android 10),,"November 24, 2020"
Nokia 9 Pureview,2020-11-01,Monthly,Mar-22,Nov-20,00WW_5_25A_SP06,SP Only (Android 10),,"November 24, 2020"
Nokia 7.1,2020-11-01,Monthly,Nov-21,Nov-20,00WW_4 _16B_SP01,SP Only (Android 10),,"November 24, 2020"
Nokia 7.1,2020-11-01,Monthly,Nov-21,Nov-20,00WW_4 _15C_SP06,SP Only (Android 10),,"November 24, 2020"
Nokia 7 Plus,2020-11-01,Monthly,Apr-21,Nov-20,00WW_4 _16B_SP01,SP Only (Android 10),,"November 24, 2020"
Nokia 7 Plus,2020-11-01,Monthly,Apr-21,Nov-20,00WW_4 _15D_SP06,SP Only (Android 10),,"November 24, 2020"
Nokia 6.1 Plus,2020-11-01,Monthly,Aug-21,Nov-20,00WW_4 _15C_SP06,SP Only (Android 10),,"November 24, 2020"
Nokia 6.1,2020-11-01,Monthly,Apr-21,Nov-20,00WW_4 _16B_SP01,SP Only (Android 10),,"November 24, 2020"
Nokia 6.1,2020-11-01,Monthly,Apr-21,Nov-20,00WW_4 _15C_SP06,SP Only (Android 10),,"November 24, 2020"
Nokia 2.1,2020-11-01,Quarterly,Aug-21,Nov-20,00WW_4_11C_SP01,SP Only (Android 10 GO),,"November 24, 2020"
Nokia 8.1,2020-11-01,Monthly,Dec-21,Nov-20,00WW_4_31A_SP01,SP Only (Android 10),,"November 23, 2020"
Nokia 5.1,2020-11-01,Monthly,Aug-21,Nov-20,00WW_4_160_SP02,SP Only (Android 10),,"November 23, 2020"
Nokia 3.1,2020-11-01,Monthly,Jul-21,Nov-20,00WW_4_160_SP02,SP Only (Android 10),,"November 23, 2020"
Nokia 2.2,2020-11-01,Monthly,Jun-22,Nov-20,00WW_2_400_SP03,SP Only (Android 10),,"November 23, 2020"
Nokia C3,2020-09-01,Quarterly,Nov-22,Sep-20,00WW_1_100,MR Update and SP (Android 10),,"November 23, 2020"
Nokia 6.2,2020-11-01,Monthly,Oct-22,Nov-20,00WW_2_360_SP05,SP Only (Android 10),,"November 20, 2020"
Nokia 6.2,2020-11-01,Monthly,Oct-22,Nov-20,00WW_2_290_SP07,SP Only (Android 10),,"November 20, 2020"
Nokia 3.4,2020-10-01,Monthly,Nov-23,Oct-20,00WW_1_200,MR Update and SP (Android 10),,"November 19, 2020"
Nokia 3.1 Plus,2020-10-01,Monthly,Oct-21,Oct-20,00WW_3_15K_SP01,SP Only (Android 10),,"November 17, 2020"
Nokia 2.1,2020-11-01,Quarterly,Aug-21,Nov-20,00WW_1_13F_SP13,SP Only (Pie 9 GO),,"November 17, 2020"
Nokia C1,2020-11-01,Quarterly,Dec-21,Nov-20,00WW_1_120,MR Update and SP (Pie 9 GO),,"November 17, 2020"
Nokia 7.2,2020-11-01,Monthly,Sep-22,Nov-20,00WW_2_390,MR Update and SP (Android 10),,"November 17, 2020"
Nokia 8.1,2020-11-01,Monthly,Dec-21,Nov-20,00WW_5_30B_SP08,SP Only (Android 10),,"November 16, 2020"
Nokia 8.1,2020-11-01,Monthly,Dec-21,Nov-20,00WW_4_30B_SP08,SP Only (Android 10),,"November 16, 2020"
Nokia 1 Plus,2020-10-01,Monthly,Feb-22,Oct-20,00WW_2_140_SP01,SP Only (Android 10 GO),Monthly to Quarterly SPs after Feb-21,"November 16, 2020"
Nokia 1.3,2020-10-01,Monthly,Jun-23,Oct-20,00WW_1_180_SP01,SP Only (Android 10 GO),Monthly to Quarterly SPs after Jun-22,"November 12, 2020"
Nokia 2.3,2020-10-01,Monthly,Dec-22,Oct-20,00WW_2_300_SP02,SP Only (Android 10),,"November 11, 2020"
Nokia 5.3,2020-11-01,Monthly,Jun-23,Nov-20,00WW_1_290_SP02,SP Only (Android 10),,"November 09, 2020"
Nokia 2.2,2020-10-01,Monthly,Jun-22,Oct-20,00WW_2_400_SP02,SP Only (Android 10),,"November 09, 2020"
Nokia 1,2020-10-01,Quarterly,Apr-21,Oct-20,00WW_3_110_SP01,SP Only (Android 10 GO),,"November 09, 2020"
Nokia 2.3,2020-10-01,Monthly,Dec-22,Oct-20,00WW_2_330,MR Update and SP (Android 10),,"November 05, 2020"
Nokia 7 Plus,2020-10-01,Monthly,Apr-21,Oct-20,00WW_4 _15D_SP05,SP Only (Android 10),,"November 05, 2020"
Nokia 7.1,2020-10-01,Monthly,Nov-21,Oct-20,00WW_4 _15C_SP05,SP Only (Android 10),,"November 05, 2020"
Nokia 6.1 Plus,2020-10-01,Monthly,Aug-21,Oct-20,00WW_4 _15C_SP05,SP Only (Android 10),,"November 05, 2020"
Nokia 6.1,2020-10-01,Monthly,Apr-21,Oct-20,00WW_4 _15C_SP05,SP Only (Android 10),,"November 05, 2020"
Nokia 9 Pureview,2020-10-01,Monthly,Mar-22,Oct-20,00WW_5_26A,MR Update and SP (Android 10),,"November 04, 2020"
Nokia 5.1 Plus,2020-10-01,Monthly,Oct-21,Oct-20,00WW_3_20A_SP02,SP Only (Android 10),,"November 02, 2020"
Nokia 5.1 Plus,2020-10-01,Monthly,Oct-21,Oct-20,00WW_3_11A_SP05,SP Only (Android 10),,"November 02, 2020"
Nokia 4.2,2020-10-01,Monthly,Apr-22,Oct-20,00WW_2_330_SP03,SP Only (Android 10),,"November 02, 2020"
Nokia 3.2,2020-10-01,Monthly,Apr-22,Oct-20,00WW_2_310_SP04,SP Only (Android 10),,"November 02, 2020"
Nokia 8.3 5G,2020-10-01,Monthly,Nov-23,Oct-20,00WW_1_110_SP01,SP Only (Android 10),,"November 02, 2020"
Nokia 5,2020-10-01,Final guaranteed Security Patch Update,Oct-20,Oct-20,00WW_6_20A_SP01,SP Only (Pie 9),,"October 29, 2020"
Nokia 5,2020-10-01,Final guaranteed Security Patch Update,Oct-20,Oct-20,00WW_6_19B_SP04,SP Only (Pie 9),,"October 29, 2020"
Nokia 8,2020-10-01,Final guaranteed Security Patch Update,Oct-20,Oct-20,00WW_5_15G_SP04,SP Only (Pie 9),,"October 28, 2020"
Nokia 8,2020-10-01,Final guaranteed Security Patch Update,Oct-20,Oct-20,00WW_5_16A,MR Update and SP (Pie 9),,"October 28, 2020"
Nokia 8 Sirocco,2020-10-01,Monthly,May-21,Oct-20,00WW_5_140_SP03,SP Only (Android 10),,"October 28, 2020"
Nokia 5.1,2020-10-01,Monthly,Aug-21,Oct-20,00WW_3_25B_SP14,SP Only (Pie 9),,"October 28, 2020"
Nokia 3.1,2020-10-01,Monthly,Jul-21,Oct-20,00WW_3_25B_SP14,SP Only (Pie 9),,"October 28, 2020"
Nokia 5.1,2020-10-01,Monthly,Aug-21,Oct-20,00WW_4_160_SP01,SP Only (Android 10),,"October 27, 2020"
Nokia 6,2020-10-01,Final guaranteed Security Patch Update,Oct-20,Oct-20,00WW_6_19B_SP04,SP Only (Pie 9),,"October 27, 2020"
Nokia 3.1,2020-10-01,Monthly,Jul-21,Oct-20,00WW_4_160_SP01,SP Only (Android 10),,"October 27, 2020"
Nokia 2.2,2020-09-01,Monthly,Jun-22,Sep-20,00WW_2_400,MR Update and SP (Android 10),,"October 27, 2020"
Nokia 8.1,2020-10-01,Monthly,Dec-21,Oct-20,00WW_5_30B_SP07,SP Only (Android 10),,"October 26, 2020"
Nokia 8.1,2020-10-01,Monthly,Dec-21,Oct-20,00WW_4_30B_SP07,SP Only (Android 10),,"October 26, 2020"
Nokia 5.3,2020-10-01,Monthly,Jun-23,Oct-20,00WW_1_290_SP01,SP Only (Android 10),,"October 26, 2020"
Nokia 2.4,2020-10-01,Monthly,Oct-23,Oct-20,00WW_1_080_SP01,SP Only (Android 10),,"October 26, 2020"
Nokia 1 Plus,2020-09-01,Monthly,Feb-22,Sep-20,00WW_2_140,MR Update and SP (Android 10),Monthly to Quarterly SPs after Feb-21,"October 23, 2020"
Nokia 9 Pureview,2020-10-01,Monthly,Mar-22,Oct-20,00RU_5_25A_SP05,SP Only (Android 10),,"October 21, 2020"
Nokia 9 Pureview,2020-10-01,Monthly,Mar-22,Oct-20,00WW_5_25A_SP05,SP Only (Android 10),,"October 21, 2020"
Nokia 6.2,2020-10-01,Monthly,Oct-22,Oct-20,00WW_2_290_SP06,SP Only (Android 10),,"October 21, 2020"
Nokia 6.2,2020-10-01,Monthly,Oct-22,Oct-20,00WW_2_360_SP04,SP Only (Android 10),,"October 21, 2020"
Nokia 7.2,2020-10-01,Monthly,Sep-22,Oct-20,00WW_2_340_SP04,SP Only (Android 10),,"October 14, 2020"
Nokia 7.2,2020-10-01,Monthly,Sep-22,Oct-20,00WW_2_270_SP06,SP Only (Android 10),,"October 14, 2020"
Nokia C2,2020-10-01,Quarterly,Feb-22,Oct-20,00WW_1_100,MR Update and SP (Pie 9 GO),,"October 12, 2020"
Nokia 6.2,2020-10-01,Monthly,Oct-22,Oct-20,00WW_1_170_SP08,SP Only (Pie 9),,"October 12, 2020"
Nokia 1,2020-09-01,Quarterly,Apr-21,Sep-20,00WW_3_110,MR Update and SP (Android 10 GO),,"October 12, 2020"
Nokia 5.1,2020-09-01,Monthly,Aug-21,Sep-20,00WW_4_160,MR Upgrade and SP (Android 10),,"October 08, 2020"
Nokia 3.1,2020-09-01,Monthly,Jul-21,Sep-20,00WW_4_160,MR Upgrade and SP (Android 10),,"October 07, 2020"
Nokia 3,2020-09-01,Final guaranteed Security Patch Update,Sep-20,Sep-20,00WW_5_230,MR Update and SP (Pie 9),,"October 07, 2020"
Nokia 8.3 5G,2020-09-01,Monthly,Nov-23,Sep-20,00WW_1_110,MR Update and SP (Android 10),,"October 07, 2020"
Nokia 2.4,2020-09-01,Monthly,Oct-23,Sep-20,00WW_1_080,MR Update and SP (Android 10),,"October 07, 2020"
Nokia 2.4,2020-09-01,Monthly,Oct-23,Sep-20,00WW_1_020_SP01,SP Only (Android 10),,"October 05, 2020"
Nokia 2.3,2020-09-01,Monthly,Dec-22,Sep-20,00WW_2_300_SP01,SP Only (Android 10),,"October 05, 2020"
Nokia 3.1 Plus,2020-08-01,Monthly,Oct-21,Aug-20,00WW_3_15K,MR Update and SP (Android 10),,"September 30, 2020"
Nokia 5.3,2020-09-01,Monthly,Jun-23,Sep-20,00WW_1_290,MR Update and SP (Android 10),,"September 29, 2020"
Nokia 2.3,2020-09-01,Monthly,Dec-22,Sep-20,00WW_1_400_SP06,SP Only (Pie 9),,"September 29, 2020"
Nokia 3,2020-09-01,Quarterly,Sep-20,Sep-20,00WW_5_220_SP04,SP Only (Pie 9),,"September 28, 2020"
Nokia 3,2020-09-01,Quarterly,Sep-20,Sep-20,00WW_5_180_SP04,SP Only (Pie 9),,"September 28, 2020"
Nokia 8 Sirocco,2020-09-01,Monthly,May-21,Sep-20,00WW_5_140_SP02,SP Only (Android 10),,"September 28, 2020"
Nokia 6.1,2020-09-01,Monthly,Apr-21,Sep-20,00WW_4 _15C_SP04,SP Only (Android 10),,"September 28, 2020"
Nokia 7 Plus,2020-09-01,Monthly,Apr-21,Sep-20,00WW_4 _15D_SP04,SP Only (Android 10),,"September 28, 2020"
Nokia 6.1 Plus,2020-09-01,Monthly,Aug-21,Sep-20,00WW_4 _15C_SP04,SP Only (Android 10),,"September 28, 2020"
Nokia 7.1,2020-09-01,Monthly,Nov-21,Sep-20,00WW_4 _15C_SP04,SP Only (Android 10),,"September 28, 2020"
Nokia 8.3 5G,2020-09-01,Monthly,Nov-23,Sep-20,00WW_1_070,MR Update and SP (Android 10),,"September 23, 2020"
Nokia 5.3,2020-09-01,Monthly,Jun-23,Sep-20,00WW_1_280,MR Update and SP (Android 10),,"September 23, 2020"
Nokia 1.3,2020-09-01,Monthly,Jun-23,Sep-20,00WW_1_180,MR Update and SP (Android 10 GO),Monthly to Quarterly SPs after Jun-22,"September 23, 2020"
Nokia 7.1,2020-09-01,Monthly,Nov-21,Sep-20,00WW_4_16B,MR Update and SP (Android 10),,"September 22, 2020"
Nokia 7 Plus,2020-09-01,Monthly,Apr-21,Sep-20,00WW_4_16B,MR Update and SP (Android 10),,"September 22, 2020"
Nokia 6.1,2020-09-01,Monthly,Apr-21,Sep-20,00WW_4_16B,MR Update and SP (Android 10),,"September 22, 2020"
Nokia 5.1,2020-09-01,Monthly,Aug-21,Sep-20,00WW_3_25B_SP13,SP Only (Pie 9),,"September 22, 2020"
Nokia 5.1,2020-09-01,Monthly,Aug-21,Sep-20,00WW_3_40A_SP01,SP Only (Pie 9),,"September 22, 2020"
Nokia 3.1,2020-09-01,Monthly,Jul-21,Sep-20,00WW_3_25B_SP13,SP Only (Pie 9),,"September 22, 2020"
Nokia 3.1,2020-09-01,Monthly,Jul-21,Sep-20,00WW_3_31A_SP01,SP Only (Pie 9),,"September 22, 2020"
Nokia 8.1,2020-09-01,Monthly,Dec-21,Sep-20,00WW_5_30B_SP06,SP Only (Android 10),,"September 21, 2020"
Nokia 8.1,2020-09-01,Monthly,Dec-21,Sep-20,00WW_4_30B_SP06,SP Only (Android 10),,"September 21, 2020"
Nokia 6.2,2020-09-01,Monthly,Oct-22,Sep-20,00WW_1_170_SP07,SP Only (Pie 9),,"September 21, 2020"
Nokia 6.2,2020-09-01,Monthly,Oct-22,Sep-20,00WW_2_290_SP05,SP Only (Android 10),,"September 21, 2020"
Nokia 6.2,2020-09-01,Monthly,Oct-22,Sep-20,00WW_2_360_SP03,SP Only (Android 10),,"September 21, 2020"
Nokia 2.2,2020-09-01,Monthly,Jun-22,Sep-20,00WW_1_630_SP12,SP Only (Pie 9),,"September 21, 2020"
Nokia C3,2020-08-01,Quarterly,Nov-22,Aug-20,00WW_1_090,MR Update and SP (Android 10),,"September 15, 2020"
Nokia 9 Pureview,2020-09-01,Monthly,Mar-22,Sep-20,00RU_5_25A_SP04,SP Only (Android 10),,"September 15, 2020"
Nokia 9 Pureview,2020-09-01,Monthly,Mar-22,Sep-20,00WW_5_25A_SP04,SP Only (Android 10),,"September 15, 2020"
Nokia 8.3 5G,2020-09-01,Monthly,Nov-23,Sep-20,00WW_1_060,MR Update and SP (Android 10),,"September 15, 2020"
Nokia 7.2,2020-09-01,Monthly,Sep-22,Sep-20,00WW_2_340_SP03,SP Only (Android 10),,"September 15, 2020"
Nokia 7.2,2020-09-01,Monthly,Sep-22,Sep-20,00WW_2_270_SP05,SP Only (Android 10),,"September 15, 2020"
Nokia C1,2020-08-01,Quarterly,Dec-21,Aug-20,00WW_1_110,MR Update and SP (Pie 9 GO),,"September 10, 2020"
Nokia 8.1,2020-09-01,Monthly,Dec-21,Sep-20,00WW_4_31A,MR Update and SP (Android 10),,"September 09, 2020"
Nokia 4.2,2020-09-01,Monthly,Apr-22,Sep-20,00WW_2_330_SP02,SP Only (Android 10),,"September 09, 2020"
Nokia 3.2,2020-09-01,Monthly,Apr-22,Sep-20,00WW_2_310_SP03,SP Only (Android 10),,"September 09, 2020"
Nokia C2,2020-08-01,Quarterly,Feb-22,Aug-20,00WW_1_090,MR Update and SP (Pie 9 GO),,"September 07, 2020"
Nokia 6.2,2020-08-01,Monthly,Oct-22,Aug-20,00WW_1_170_SP06,SP Only (Pie 9),,"September 07, 2020"
Nokia 1 Plus,2020-08-01,Monthly,Feb-22,Aug-20,00WW_0_980_SP09,SP Only (Pie 9 GO),Monthly to Quarterly SPs after Feb-21,"September 07, 2020"
Nokia 2.1,2020-08-01,Monthly,Aug-21,Aug-20,00WW_4_11C,MR Upgrade and SP (Android 10 GO),Monthly to Quarterly SPs after Aug-20,"September 02, 2020"
Nokia 3.1 Plus,2020-07-01,Monthly,Oct-21,Jul-20,00WW_2_25K_SP10,SP Only (Pie 9),,"August 31, 2020"
Nokia 5.1,2020-08-01,Monthly,Aug-21,Aug-20,00WW_3_25B_SP12,SP Only (Pie 9),,"August 31, 2020"
Nokia 5.1 Plus,2020-08-01,Monthly,Oct-21,Aug-20,00WW_3_20A_SP01,SP Only (Android 10),,"August 31, 2020"
Nokia 5.1 Plus,2020-08-01,Monthly,Oct-21,Aug-20,00WW_3_11A_SP04,SP Only (Android 10),,"August 31, 2020"
Nokia 3.1,2020-08-01,Monthly,Jul-21,Aug-20,00WW_3_25B_SP12,SP Only (Pie 9),,"August 31, 2020"
Nokia 2.2,2020-08-01,Monthly,Jun-22,Aug-20,00WW_2_370_SP02,SP Only (Android 10),,"August 27, 2020"
Nokia 2.2,2020-08-01,Monthly,Jun-22,Aug-20,00WW_2_340_SP04,SP Only (Android 10),,"August 27, 2020"
Nokia 2.2,2020-08-01,Monthly,Jun-22,Aug-20,00WW_2_300_SP06,SP Only (Android 10),,"August 27, 2020"
Nokia 2.2,2020-08-01,Monthly,Jun-22,Aug-20,00WW_1_630_SP11,SP Only (Pie 9),,"August 27, 2020"
Nokia C1,2020-08-01,Quarterly,Dec-21,Aug-20,00WW_1_100,MR Update and SP (Pie 9 GO),,"August 26, 2020"
Nokia 5.1,2020-07-01,Monthly,Aug-21,Jul-20,00WW_3_40A,MR Update and SP (Pie 9),,"August 26, 2020"
Nokia 1.3,2020-08-01,Monthly,Jun-23,Aug-20,00WW_1_160_SP02,SP Only (Android 10 GO),Monthly to Quarterly SPs after Jun-22,"August 26, 2020"
Nokia 7.1,2020-08-01,Monthly,Nov-21,Aug-20,00WW_4 _15C_SP03,SP Only (Android 10),,"August 25, 2020"
Nokia 7 Plus,2020-08-01,Monthly,Apr-21,Aug-20,00WW_4 _15D_SP03,SP Only (Android 10),,"August 25, 2020"
Nokia 6.1 Plus,2020-08-01,Monthly,Aug-21,Aug-20,00WW_4 _15C_SP03,SP Only (Android 10),,"August 25, 2020"
Nokia 6.1,2020-08-01,Monthly,Apr-21,Aug-20,00WW_4 _15C_SP03,SP Only (Android 10),,"August 25, 2020"
Nokia 8 Sirocco,2020-08-01,Monthly,May-21,Aug-20,00WW_5_140_SP01,SP Only (Android 10),,"August 24, 2020"
Nokia 5.3,2020-08-01,Monthly,Jun-23,Aug-20,00WW_1_240_SP01,SP Only (Android 10),,"August 24, 2020"
Nokia 4.2,2020-08-01,Monthly,Apr-22,Aug-20,00WW2_330_SP01,SP Only (Android 10),,"August 24, 2020"
Nokia 6.2,2020-08-01,Monthly,Oct-22,Aug-20,00WW_2_360_SP02,SP Only (Android 10),,"August 19, 2020"
Nokia 6.2,2020-08-01,Monthly,Oct-22,Aug-20,00WW_2_290_SP04,SP Only (Android 10),,"August 19, 2020"
Nokia 5.3,2020-07-01,Monthly,Jun-23,Jul-20,00WW_1_120_SP02,SP Only (Android 10),,"August 18, 2020"
Nokia 9 Pureview,2020-08-01,Monthly,Mar-22,Aug-20,00RU_5_25A_SP03,SP Only (Android 10),,"August 18, 2020"
Nokia 9 Pureview,2020-08-01,Monthly,Mar-22,Aug-20,00WW_5_25A_SP03,SP Only (Android 10),,"August 18, 2020"
Nokia 8.1,2020-08-01,Monthly,Dec-21,Aug-20,00WW_5_30B_SP05,SP Only (Android 10),,"August 18, 2020"
Nokia 8.1,2020-08-01,Monthly,Dec-21,Aug-20,00WW_4_30B_SP05,SP Only (Android 10),,"August 18, 2020"
Nokia 2.3,2020-08-01,Monthly,Dec-22,Aug-20,00WW_2_300,MR Update and SP (Android 10),,"August 18, 2020"
Nokia 3.1,2020-07-01,Monthly,Jul-21,Jul-20,00WW_3_31A,MR Update and SP (Pie 9),,"August 18, 2020"
Nokia 2.1,2020-08-01,Monthly,Aug-21,Aug-20,00WW_1_13F_SP12,SP Only (Pie 9 GO),Monthly to Quarterly SPs after Aug-20,"August 17, 2020"
Nokia 3.2,2020-08-01,Monthly,Apr-22,Aug-20,00WW_2_310_SP02,SP Only (Android 10),,"August 17, 2020"
Nokia 5,2020-07-01,Quarterly,Oct-20,Jul-20,00WW_6_20A,MR Update and SP (Pie 9),,"August 17, 2020"
Nokia 5.1 Plus,2020-07-01,Monthly,Oct-21,Jul-20,00WW_3_20A,MR Update and SP (Android 10),,"August 17, 2020"
Nokia 4.2,2020-07-01,Monthly,Apr-22,Jul-20,00WW_2_330,MR Update and SP (Android 10),,"August 12, 2020"
Nokia 7.2,2020-08-01,Monthly,Sep-22,Aug-20,00WW_2_340_SP02,SP Only (Android 10),,"August 12, 2020"
Nokia 7.2,2020-08-01,Monthly,Sep-22,Aug-20,00WW_2_270_SP04,SP Only (Android 10),,"August 12, 2020"
Nokia 1 Plus,2020-07-01,Monthly,Feb-22,Jul-20,00WW_0_980_SP08,SP Only (Pie 9 GO),Monthly to Quarterly SPs after Feb-21,"July 30, 2020"
Nokia 6.2,2020-07-01,Monthly,Oct-22,Jul-20,00WW_1_170_SP05,SP Only (Android 10),,"July 29, 2020"
Nokia 1 Plus,2020-07-01,Monthly,Feb-22,Jul-20,00WW_2_10A_SP03,SP Only (Android 10 GO),Monthly to Quarterly SPs after Feb-21,"July 29, 2020"
Nokia 8 Sirocco,2020-07-01,Monthly,May-21,Jul-20,00WW_5_140,MR Update and SP (Android 10),,"July 28, 2020"
Nokia 7 Plus,2020-07-01,Monthly,Apr-21,Jul-20,00WW_4 _15D_SP02,SP Only (Android 10),,"July 28, 2020"
Nokia 7.1,2020-07-01,Monthly,Nov-21,Jul-20,00WW_4 _15C_SP02,SP Only (Android 10),,"July 28, 2020"
Nokia 6.1 Plus,2020-07-01,Monthly,Aug-21,Jul-20,00WW_4 _15C_SP02,SP Only (Android 10),,"July 28, 2020"
Nokia 6.1,2020-07-01,Monthly,Apr-21,Jul-20,00WW_4 _15C_SP02,SP Only (Android 10),,"July 28, 2020"
Nokia 3,2020-07-01,Quarterly,Sep-20,Jul-20,00WW_5_220_SP03,SP Only (Pie 9),,"July 28, 2020"
Nokia 3,2020-07-01,Quarterly,Sep-20,Jul-20,00WW_5_180_SP03,SP Only (Pie 9),,"July 28, 2020"
Nokia 3.2,2020-07-01,Monthly,Apr-22,Jul-20,00WW_2_310_SP01,SP Only (Android 10),,"July 28, 2020"
Nokia 2.3,2020-07-01,Monthly,Dec-22,Jul-20,00WW_2_230_SP03,SP Only (Android 10),,"July 28, 2020"
Nokia 5.1 Plus,2020-07-01,Monthly,Oct-21,Jul-20,00WW_3_11A_SP03,SP Only (Android 10),,"July 27, 2020"
Nokia 6,2020-07-01,Quarterly,Oct-20,Jul-20,00WW_6_19B_SP03,SP Only (Pie 9),,"July 27, 2020"
Nokia 5,2020-07-01,Quarterly,Oct-20,Jul-20,00WW_6_19B_SP03,SP Only (Pie 9),,"July 27, 2020"
Nokia 2.3,2020-07-01,Monthly,Dec-22,Jul-20,00WW_2_260_SP01,SP Only (Android 10),,"July 27, 2020"
Nokia 3.1,2020-07-01,Monthly,Jul-21,Jul-20,00WW_3_25B_SP11,SP Only (Pie 9),,"July 22, 2020"
Nokia 6.1,2020-07-01,Monthly,Aug-21,Jul-20,00WW_3_25B_SP11,SP Only (Pie 9),,"July 22, 2020"
Nokia 5.3,2020-07-01,Monthly,Jun-23,Jul-20,00WW_1_240,MR Update and SP (Android 10),,"July 22, 2020"
Nokia 3.2,2020-06-01,Monthly,Apr-22,Jun-20,00WW_2_310,MR Update and SP (Android 10),,"July 22, 2020"
Nokia 6.2,2020-07-01,Monthly,Oct-22,Jul-20,00WW_2_360_SP01,SP Only (Android 10),,"July 21, 2020"
Nokia 6.2,2020-07-01,Monthly,Oct-22,Jul-20,00WW_2_290_SP03,SP Only (Android 10),,"July 21, 2020"
Nokia 2.3,2020-07-01,Monthly,Dec-22,Jul-20,00WW_1_400_SP04,SP Only (Pie 9),,"July 21, 2020"
Nokia 2.3,2020-07-01,Monthly,Dec-22,Jul-20,00WW_1_240_SP06,SP Only (Pie 9),,"July 21, 2020"
Nokia 2.1,2020-07-01,Monthly,Aug-21,Jul-20,00WW_1_13F_SP11,SP Only (Pie 9 GO),Monthly to Quarterly SPs after Aug-20,"July 21, 2020"
Nokia 1.3,2020-07-01,Monthly,Jun-23,Jul-20,00WW_1_160_SP01,SP Only (Android 10 GO),Monthly to Quarterly SPs after Jun-22,"July 21, 2020"
Nokia 8.1,2020-07-01,Monthly,Dec-21,Jul-20,00WW_5_30B_SP04,SP Only (Android 10),,"July 20, 2020"
Nokia 8.1,2020-07-01,Monthly,Dec-21,Jul-20,00WW_4_30B_SP04,SP Only (Android 10),,"July 20, 2020"
Nokia 9 Pureview,2020-07-01,Monthly,Mar-22,Jul-20,00WW_5_25A_SP02,SP Only (Android 10),,"July 20, 2020"
Nokia 8,2020-07-01,Quarterly,Oct-20,Jul-20,00WW_5_15G_SP03,SP Only (Pie 9),,"July 20, 2020"
Nokia 2.2,2020-07-01,Monthly,Jun-22,Jul-20,00WW_2_370_SP01,SP Only (Android 10),,"July 20, 2020"
Nokia 2.2,2020-07-01,Monthly,Jun-22,Jul-20,00WW_2_340_SP03,SP Only (Android 10),,"July 20, 2020"
Nokia 2.2,2020-07-01,Monthly,Jun-22,Jul-20,00WW_2_300_SP05,SP Only (Android 10),,"July 20, 2020"
Nokia 2.2,2020-07-01,Monthly,Jun-22,Jul-20,00WW_1_630_SP10,SP Only (Pie 9),,"July 20, 2020"
Nokia 7.2,2020-07-01,Monthly,Sep-22,Jul-20,00WW_2_340_SP01,SP Only (Android 10),,"July 14, 2020"
Nokia 7.2,2020-07-01,Monthly,Sep-22,Jul-20,00WW_2_270_SP03,SP Only (Android 10),,"July 14, 2020"
Nokia 2.2,2020-06-01,Monthly,Jun-22,Jun-20,00WW_2_370,MR Update and SP (Android 10),,"July 14, 2020"
Nokia 1,2020-06-01,Quarterly,Apr-21,Jun-20,00WW_3_090,MR Upgrade and SP (Android 10 GO),,"July 07, 2020"
Nokia 5.1 Plus,2020-06-01,Monthly,Oct-21,Jun-20,00WW_3_11A_SP02,SP Only (Android 10),,"July 06, 2020"
Nokia 1.3,2020-06-01,Monthly,Jun-23,Jun-20,00WW_1_160,MR Update (Android 10 GO),Monthly to Quarterly SPs after Jun-22,"July 03, 2020"
Nokia 2.1,2020-06-01,Monthly,Aug-21,Jun-20,00WW_1_13F_SP10,SP Only (Pie 9 GO),Monthly to Quarterly SPs after Aug-20,"July 01, 2020"
Nokia 1 Plus,2020-06-01,Monthly,Feb-22,Jun-20,00WW_2_10A_SP02,SP Only (Android 10 GO),Monthly to Quarterly SPs after Feb-21,"June 30, 2020"
Nokia 8 Sirocco,2020-06-01,Monthly,May-21,Jun-20,00WW_5_120_SP02,SP Only (Android 10),,"June 30, 2020"
Nokia 8 Sirocco,2020-06-01,Monthly,May-21,Jun-20,00WW_4_14F_SP09,SP Only (Pie 9),,"June 30, 2020"
Nokia 6.1,2020-06-01,Monthly,Apr-21,Jun-20,00WW_4 _15C_SP01,SP Only (Android 10),,"June 30, 2020"
Nokia 7 Plus,2020-06-01,Monthly,Apr-21,Jun-20,00WW_4 _15D_SP01,SP Only (Android 10),,"June 30, 2020"
Nokia 6.1 Plus,2020-06-01,Monthly,Aug-21,Jun-20,00WW_4 _15C_SP01,SP Only (Android 10),,"June 30, 2020"
Nokia 7.1,2020-06-01,Monthly,Nov-21,Jun-20,00WW_4 _15C_SP01,SP Only (Android 10),,"June 30, 2020"
Nokia 5.1,2020-06-01,Monthly,Aug-21,Jun-20,00WW_3_25B_SP10,SP Only (Pie 9),,"June 29, 2020"
Nokia 3.1 Plus,2020-06-01,Monthly,Oct-21,Jun-20,00WW_2_25P_SP06,SP Only (Pie 9),,"June 29, 2020"
Nokia 3.1 Plus,2020-06-01,Monthly,Oct-21,Jun-20,00WW_2_25K_SP09,SP Only (Pie 9),,"June 29, 2020"
Nokia 3.1,2020-06-01,Monthly,Jul-21,Jun-20,00WW_3_30A_SP04,SP Only (Pie 9),,"June 29, 2020"
Nokia 3.1,2020-06-01,Monthly,Jul-21,Jun-20,00WW_3_25B_SP10,SP Only (Pie 9),,"June 29, 2020"
Nokia 8 Sirocco,2020-05-01,Monthly,May-21,May-20,00WW_4_14F_SP08,SP Only (Pie 9),,"June 29, 2020"
Nokia 2.3,2020-06-01,Monthly,Dec-22,Jun-20,00WW_2_260 ,MR Update and SP (Android 10),,"June 24, 2020"
Nokia 9 Pureview,2020-06-01,Monthly,Mar-22,Jun-20,00WW_5_25A_SP01,SP Only (Android 10),,"June 23, 2020"
Nokia 2.3,2020-06-01,Monthly,Dec-22,Jun-20,00WW_2_230_SP02,SP Only (Android 10),,"June 23, 2020"
Nokia 6.2,2020-06-01,Monthly,Oct-22,Jun-20,00WW_2_360,MR Update and SP (Android 10),,"June 23, 2020"
Nokia 2.2,2020-06-01,Monthly,Jun-22,Jun-20,00WW_1_540_SP09,SP Only (Pie 9),,"June 22, 2020"
Nokia 1.3,2020-06-01,Monthly,Jun-23,Jun-20,00WW_1_130_SP02,SP Only (Android 10 GO),Monthly to Quarterly SPs after Jun-22,"June 22, 2020"
Nokia 1.3,2020-06-01,Monthly,Jun-23,Jun-20,00WW_1_070_SP02,SP Only (Android 10 GO),Monthly to Quarterly SPs after Jun-22,"June 22, 2020"
Nokia 1 Plus,2020-05-01,Monthly,Feb-22,May-20,00WW_0_980_SP06,SP Only (Pie 9 GO),Monthly to Quarterly SPs after Feb-21,"June 17, 2020"
Nokia 2.2,2020-06-01,Monthly,Jun-22,Jun-20,00WW_2_340_SP02,SP Only (Android 10),,"June 16, 2020"
Nokia 2.2,2020-06-01,Monthly,Jun-22,Jun-20,00WW_2_300_SP04,SP Only (Android 10),,"June 16, 2020"
Nokia 2.2,2020-06-01,Monthly,Jun-22,Jun-20,00WW_1_630_SP09,SP Only (Pie 9),,"June 16, 2020"
Nokia 8.1,2020-06-01,Monthly,Dec-21,Jun-20,00WW_5_30B_SP03,SP Only (Android 10),,"June 16, 2020"
Nokia 8.1,2020-06-01,Monthly,Dec-21,Jun-20,00WW_4_30B_SP03,SP Only (Android 10),,"June 16, 2020"
Nokia 7.2,2020-06-01,Monthly,Sep-22,Jun-20,00WW_2_340,MR Update and SP (Android 10),,"June 16, 2020"
Nokia 4.2,2020-06-01,Monthly,Apr-22,Jun-20,00WW_2_290_SP03,SP Only (Android 10),,"June 16, 2020"
Nokia 4.2,2020-06-01,Monthly,Apr-22,Jun-20,00EEA_1_41E_SP06,SP Only (Pie 9),,"June 16, 2020"
Nokia 4.2,2020-06-01,Monthly,Apr-22,Jun-20,00WW_1_41B_SP07,SP Only (Pie 9),,"June 16, 2020"
Nokia 3.2,2020-06-01,Monthly,Apr-22,Jun-20,00WW_2_270_SP03,SP Only (Android 10),,"June 16, 2020"
Nokia 2.3,2020-06-01,Monthly,Dec-22,Jun-20,00WW_1_400_SP03 ,SP Only (Pie 9),,"June 16, 2020"
Nokia 2.3,2020-06-01,Monthly,Dec-22,Jun-20,00WW_1_240_SP05,SP Only (Pie 9),,"June 16, 2020"
Nokia 5.3,2020-06-01,Monthly,Jun-23,Jun-20,00WW_1_120_SP01,SP Only (Android 10),,"June 15, 2020"
Nokia 5.3,2020-06-01,Monthly,Jun-23,Jun-20,00WW_1_030_SP02,SP Only (Android 10),,"June 15, 2020"
Nokia 5.3,2020-06-01,Monthly,Jun-23,Jun-20,00WW_1_020_SP02,SP Only (Android 10),,"June 15, 2020"
Nokia 6.1,2020-05-01,Monthly,Apr-21,May-20,00WW_4_15C,MR Update and SP (Android 10),,"June 10, 2020"
Nokia 6.1 Plus,2020-05-01,Monthly,Aug-21,May-20,00WW_4_15C,MR Update and SP (Android 10),,"June 10, 2020"
Nokia 7.1,2020-05-01,Monthly,Nov-21,May-20,00WW_4_15C,MR Update and SP (Android 10),,"June 10, 2020"
Nokia 6.2,2020-06-01,Monthly,Oct-22,Jun-20,00WW_2_290_SP02,SP Only (Android 10),,"June 09, 2020"
Nokia 6.2,2020-06-01,Monthly,Oct-22,Jun-20,00WW_1_170_SP04,SP Only (Pie 9),,"June 09, 2020"
Nokia 7.2,2020-06-01,Monthly,Sep-22,Jun-20,00WW_2_270_SP02,SP Only (Android 10),,"June 09, 2020"
Nokia 5.1 Plus,2020-05-01,Monthly,Oct-21,May-20,00WW_3_11A_SP01,SP Only (Android 10),,"June 08, 2020"
Nokia 3.2,2020-06-01,Monthly,Apr-22,Jun-20,00WW_2_300,MR Update and SP (Android 10),,"June 05, 2020"
Nokia 4.2,2020-06-01,Monthly,Apr-22,Jun-20,00WW_2_320,MR Update and SP (Android 10),,"June 04, 2020"
Nokia 2.3,2020-05-01,Monthly,Dec-22,May-20,00WW_1_400_SP02 ,SP Only (Pie 9),,"June 02, 2020"
Nokia 2.3,2020-04-01,Monthly,Dec-22,Apr-20,00WW_1_400_SP01,SP Only (Pie 9),,"June 02, 2020"
Nokia 9 Pureview,2020-05-01,Monthly,Mar-22,May-20,00WW_5_25A,MR Update and SP (Android 10),,"June 01, 2020"
Nokia 1,2020-05-01,Quarterly,Apr-21,May-20,00WW_2_200_SP05,SP Only (Pie 9 GO),,"June 01, 2020"
Nokia 3.1 Plus,2020-05-01,Monthly,Oct-21,May-20,00WW_3_15H_SP01,SP Only (Android 10),,"June 01, 2020"
Nokia 3.1 Plus,2020-05-01,Monthly,Oct-21,May-20,00WW_2_25K_SP08,SP Only (Pie 9),,"June 01, 2020"
Nokia 1 Plus,2020-05-01,Monthly,Feb-22,May-20,00WW_2_10A_SP01,SP Only (Android 10 GO),Monthly to Quarterly SPs after Feb-21,"June 01, 2020"
Nokia 5.1,2020-05-01,Monthly,Aug-21,May-20,00WW_3_25B_SP09,SP Only (Pie 9),,"May 28, 2020"
Nokia 3.1,2020-05-01,Monthly,Jul-21,May-20,00WW_3_30A_SP03,SP Only (Pie 9),,"May 28, 2020"
Nokia 3.1,2020-05-01,Monthly,Jul-21,May-20,00WW_3_25B_SP09,SP Only (Pie 9),,"May 28, 2020"
Nokia 6.2,2020-05-01,Monthly,Oct-22,May-20,00WW_1_170_SP03,SP Only (Pie 9),,"May 27, 2020"
Nokia 2.3,2020-05-01,Monthly,Dec-22,May-20,00WW_2_230_SP01,SP Only (Android 10),,"May 26, 2020"
Nokia 2.1,2020-05-01,Monthly,Aug-21,May-20,00WW_1_13F_SP09,SP Only (Pie 9 GO),Monthly to Quarterly SPs after Aug-20,"May 25, 2020"
Nokia 8 Sirocco,2020-05-01,Monthly,May-21,May-20,00WW_5_120_SP01,SP Only (Android 10),,"May 25, 2020"
Nokia 2.2,2020-05-01,Monthly,Jun-22,May-20,00WW_2_340_SP01,SP Only (Android 10),,"May 25, 2020"
Nokia 2.2,2020-05-01,Monthly,Jun-22,May-20,00WW_2_300_SP03,SP Only (Android 10),,"May 25, 2020"
Nokia 2.2,2020-05-01,Monthly,Jun-22,May-20,00WW_1_630_SP08,SP Only (Pie 9),,"May 25, 2020"
Nokia 5.3,2020-05-01,Monthly,Jun-23,May-20,00WW_1_030_SP01,SP Only (Android 10),,"May 25, 2020"
Nokia 5.3,2020-05-01,Monthly,Jun-23,May-20,00WW_1_020_SP01,SP Only (Android 10),,"May 25, 2020"
Nokia 6.2,2020-05-01,Monthly,Oct-22,May-20,00WW_2_290_SP01,SP Only (Android 10),,"May 25, 2020"
Nokia 7.2,2020-05-01,Monthly,Sep-22,May-20,00WW_2_270_SP01,SP Only (Android 10),,"May 25, 2020"
Nokia 7 Plus,2020-05-01,Monthly,Apr-21,May-20,00WW_4_15D,MR Update and SP (Android 10),,"May 22, 2020"
Nokia 1.3,2020-05-01,Monthly,Jun-23,May-20,00WW_1_070_SP01,SP Only (Android 10 GO),Monthly to Quarterly SPs after Jun-22,"May 21, 2020"
Nokia C2,2020-05-01,Quarterly,Feb-22,May-20,00WW_1_070,MR Update and SP (Pie 9 GO),,"May 21, 2020"
Nokia 2.3,2020-05-01,Monthly,Dec-22,May-20,00WW_1_240_SP04,SP Only (Pie 9),,"May 20, 2020"
Nokia 8.1,2020-05-01,Monthly,Dec-21,May-20,00WW_5_30B_SP02,SP Only (Android 10),,"May 19, 2020"
Nokia 8.1,2020-05-01,Monthly,Dec-21,May-20,00WW_4_30B_SP02,SP Only (Android 10),,"May 19, 2020"
Nokia 5.1 Plus,2020-04-01,Monthly,Oct-21,Apr-20,00WW_3_11A,MR Upgrade and SP (Android 10),,"May 19, 2020"
Nokia 3.2,2020-04-01,Monthly,Apr-22,Apr-20,00WW_1_41C_SP04,SP Only (Pie 9),,"May 18, 2020"
Nokia 4.2,2020-05-01,Monthly,Apr-22,May-20,00WW_1_41B_SP06,SP Only (Pie 9),,"May 18, 2020"
Nokia 4.2,2020-05-01,Monthly,Apr-22,May-20,00EEA_1_41E_SP05,SP Only (Pie 9),,"May 18, 2020"
Nokia 4.2,2020-05-01,Monthly,Apr-22,May-20,00WW_2_290_SP02,SP Only (Android 10),,"May 18, 2020"
Nokia 2.3,2020-04-01,Monthly,Dec-22,Apr-20,00WW_1_240_SP03,SP Only (Pie 9),,"May 13, 2020"
Nokia 3.2,2020-05-01,Monthly,Apr-22,May-20,00WW_2_270_SP02,SP Only (Android 10),,"May 13, 2020"
Nokia 1.3,2020-05-01,Monthly,Jun-23,May-20,00WW_1_130_SP01,SP Only (Android 10 GO),Monthly to Quarterly SPs after Jun-22,"May 13, 2020"
Nokia 5.3,2020-05-01,Monthly,Jun-23,May-20,00WW_1_120,MR Update and SP (Android 10),,"May 13, 2020"
Nokia 3.1 Plus,2020-04-01,Monthly,Oct-21,Apr-20,00WW_3_15H,MR Upgrade and SP (Android 10),,"May 13, 2020"
Nokia 4.2,2020-04-01,Monthly,Apr-22,Apr-20,00EEA_1_41E_SP04,SP Only (Pie 9),,"May 12, 2020"
Nokia C1,2020-05-01,Quarterly,Dec-21,May-20,00WW_1_090,MR Update and SP (Pie 9 GO),,"May 04, 2020"
Nokia 6.1,2020-04-01,Monthly,Apr-21,Apr-20,00WW_4_10C_SP04,SP Only (Android 10),,"May 04, 2020"
Nokia 7 Plus,2020-04-01,Monthly,Apr-21,Apr-20,00WW_4_10C_SP04,SP Only (Android 10),,"May 04, 2020"
Nokia 6.1 Plus,2020-04-01,Monthly,Aug-21,Apr-20,00WW_4_10C_SP04,SP Only (Android 10),,"May 04, 2020"
Nokia 7.1,2020-04-01,Monthly,Nov-21,Apr-20,00WW_4_08B_SP05,SP Only (Android 10),,"May 04, 2020"
Nokia 7.1,2020-04-01,Monthly,Nov-21,Apr-20,00WW_3_54H_SP09,SP Only (Pie 9),,"May 04, 2020"
Nokia 4.2,2020-04-01,Monthly,Apr-22,Apr-20,00WW_1_41B_SP05,SP Only (Pie 9),,"April 30, 2020"
Nokia 8,2020-04-01,Quarterly,Oct-20,Apr-20,00WW_5_15G_SP02,SP Only (Pie 9),,"April 29, 2020"
Nokia 6,2020-04-01,Quarterly,Oct-20,Apr-20,00WW_6_19B_SP02,SP Only (Pie 9),,"April 29, 2020"
Nokia 7.2,2020-04-01,Monthly,Sep-22,Apr-20,00WW_1_400_SP02 ,SP Only (Pie 9),,"April 29, 2020"
Nokia 7.2,2020-04-01,Monthly,Sep-22,Apr-20,00WW_1_390_SP03,SP Only (Pie 9),,"April 29, 2020"
Nokia 7.2,2020-04-01,Monthly,Sep-22,Apr-20,00WW_1_270_SP05,SP Only (Pie 9),,"April 29, 2020"
Nokia 1 Plus,2020-04-01,Monthly,Feb-22,Apr-20,00WW_2_10A,MR Upgrade and SP (Android 10 GO),Monthly to Quarterly SPs after Feb-21,"April 29, 2020"
Nokia 3.1 Plus,2020-04-01,Monthly,Oct-21,Apr-20,00WW_2_25P_SP04,SP Only (Pie 9),,"April 28, 2020"
Nokia 3.1 Plus,2020-04-01,Monthly,Oct-21,Apr-20,00WW_2_25K_SP07,SP Only (Pie 9),,"April 28, 2020"
Nokia 5,2020-04-01,Quarterly,Oct-20,Apr-20,00WW_6_19B_SP02,SP Only (Pie 9),,"April 28, 2020"
Nokia 6.2,2020-04-01,Monthly,Oct-22,Apr-20,00WW_2_290,MR Upgrade and SP (Android 10),,"April 28, 2020"
Nokia 2.2,2020-04-01,Monthly,Jun-22,Apr-20,00WW_2_340,MR Update and SP (Android 10),,"April 28, 2020"
Nokia 1,2020-04-01,Monthly,Apr-21,Apr-20,00WW_2_200_SP04,SP Only (Pie 9 GO),Monthly to Quarterly SPs after Apr-20,"April 28, 2020"
Nokia 3.2,2020-04-01,Monthly,Apr-22,Apr-20,00WW_2_270_SP01,SP Only (Android 10),,"April 27, 2020"
Nokia 5.1 Plus,2020-04-01,Monthly,Oct-21,Apr-20,00WW_2_20A_SP08,SP Only (Pie 9),,"April 27, 2020"
Nokia 4.2,2020-04-01,Monthly,Apr-22,Apr-20,00WW_2_290_SP01,SP Only (Android 10),,"April 27, 2020"
Nokia 3,2020-04-01,Quarterly,Sep-20,Apr-20,00WW_5_220_SP02,SP Only (Pie 9),,"April 27, 2020"
Nokia 3,2020-04-01,Quarterly,Sep-20,Apr-20,00WW_5_180_SP02,SP Only (Pie 9),,"April 27, 2020"
Nokia 3.1,2020-04-01,Monthly,Jul-21,Apr-20,00WW_3_30A_SP02,SP Only (Pie 9),,"April 27, 2020"
Nokia 3.1,2020-04-01,Monthly,Jul-21,Apr-20,00WW_3_25B_SP08,SP Only (Pie 9),,"April 27, 2020"
Nokia 5.1,2020-04-01,Monthly,Aug-21,Apr-20,00WW_3_25B_SP08,SP Only (Pie 9),,"April 27, 2020"
Nokia 9 Pureview,2020-04-01,Monthly,Mar-22,Apr-20,00WW_5_13D_SP05,SP Only (Android 10),,"April 27, 2020"
Nokia 1.3,2020-04-01,Monthly,Jun-23,Apr-20,00WW_1_130,MR Update and SP (Android 10 GO),Monthly to Quarterly SPs after Jun-22,"April 22, 2020"
Nokia 2.3,2020-03-01,Monthly,Dec-22,Mar-20,00WW_2_230,MR Upgrade and SP (Android 10),,"April 22, 2020"
Nokia 2.1,2020-04-01,Monthly,Aug-21,Apr-20,00WW_1_13F_SP08,SP Only (Pie 9 GO),Monthly to Quarterly SPs after Aug-20,"April 22, 2020"
Nokia 7.2,2020-04-01,Monthly,Sep-22,Apr-20,00WW_2_270,MR Update and SP (Android 10),,"April 21, 2020"
Nokia 8.1,2020-04-01,Monthly,Dec-21,Apr-20,00WW_4_30B_SP01 / 00WW_5_30B_SP01,SP Only (Android 10),,"April 20, 2020"
Nokia 2.2,2020-04-01,Monthly,Jun-22,Apr-20,00WW_2_300_SP02,SP Only (Android 10),,"April 16, 2020"
Nokia 2.2,2020-04-01,Monthly,Jun-22,Apr-20,00WW_1_630_SP07,SP Only (Pie 9),,"April 16, 2020"
Nokia 8 Sirocco,2020-04-01,Monthly,May-21,Apr-20,00WW_5_120,MR Upgrade and SP (Android 10),,"April 15, 2020"
Nokia 4.2,2020-03-01,Monthly,Apr-22,Mar-20,00WW_2_290,MR Upgrade and SP (Android 10),,"April 09, 2020"
Nokia 3.2,2020-03-01,Monthly,Apr-22,Mar-20,00WW_2_270,MR Upgrade and SP (Android 10),,"April 07, 2020"
Nokia 6.2,2020-04-01,Monthly,Oct-22,Apr-20,00WW_1_170_SP02,SP Only (Pie 9),,"April 07, 2020"
Nokia 6.2,2020-04-01,Monthly,Oct-22,Apr-20,00WW_1_160_SP03,SP Only (Pie 9),,"April 07, 2020"
Nokia 6.2,2020-04-01,Monthly,Oct-22,Apr-20,00WW_1_110_SP05,SP Only (Pie 9),,"April 07, 2020"
Nokia 7.2,2020-03-01,Monthly,Sep-22,Mar-20,00WW_2_250,MR Upgrade and SP (Android 10),,"March 31, 2020"
Nokia 8 Sirocco,2020-03-01,Monthly,May-21,Mar-20,00WW_4_14F_SP07,SP Only (Pie 9),,"March 31, 2020"
Nokia 2.2,2020-03-01,Monthly,Jun-22,Mar-20,00WW_2_300_SP01 ,SP Only (Android 10),,"March 31, 2020"
Nokia 2.2,2020-03-01,Monthly,Jun-22,Mar-20,00WW_1_630_SP06,SP Only (Pie 9),,"March 31, 2020"
Nokia 2.2,2020-03-01,Monthly,Jun-22,Mar-20,00WW_1_540_SP07,SP Only (Pie 9),,"March 31, 2020"
Nokia 8.1,2020-03-01,Monthly,Dec-21,Mar-20,00WW_4_30B / 00WW_5_30B,MR Update and SP (Android 10),,"March 30, 2020"
Nokia 9 Pureview,2020-03-01,Monthly,Mar-22,Mar-20,00WW_5_13D_SP04,SP Only (Android 10),,"March 30, 2020"
Nokia 1 Plus,2020-03-01,Monthly,Feb-22,Mar-20,00WW_0_980_SP05,SP Only (Pie 9 GO),Monthly to Quarterly SPs after Feb-21,"March 30, 2020"
Nokia 1 Plus,2020-03-01,Monthly,Feb-22,Mar-20,00WW_0_960_SP03,SP Only (Pie 9 GO),Monthly to Quarterly SPs after Feb-21,"March 30, 2020"
Nokia 3.1 Plus,2020-02-01,Monthly,Oct-21,Feb-20,00WW_2_25P_SP03,SP Only (Pie 9),,"March 30, 2020"
Nokia 3.1 Plus,2020-02-01,Monthly,Oct-21,Feb-20,00WW_2_25K_SP06,SP Only (Pie 9),,"March 30, 2020"
Nokia 1,2020-03-01,Monthly,Apr-21,Mar-20,00WW_2_200_SP03,SP Only (Pie 9 GO),Monthly to Quarterly SPs after Apr-20,"March 30, 2020"
Nokia 3.1,2020-03-01,Monthly,Jul-21,Mar-20,00WW_3_30A_SP01,SP Only (Pie 9),,"March 30, 2020"
Nokia 7.1,2020-03-01,Monthly,Nov-21,Mar-20,00WW_3_54H_SP08,SP Only (Pie 9),,"March 30, 2020"
Nokia 2.1,2020-03-01,Monthly,Aug-21,Mar-20,00WW_1_13F_SP07,SP Only (Pie 9 GO),Monthly to Quarterly SPs after Aug-20,"March 24, 2020"
Nokia 7.1,2020-03-01,Monthly,Nov-21,Mar-20,00WW_4_08B_SP04,SP Only (Android 10),,"March 24, 2020"
Nokia 6.1,2020-03-01,Monthly,Apr-21,Mar-20,00WW_4_10C_SP03,SP Only (Android 10),,"March 24, 2020"
Nokia 7 Plus,2020-03-01,Monthly,Apr-21,Mar-20,00WW_4_10C_SP03,SP Only (Android 10),,"March 24, 2020"
Nokia 6.1 Plus,2020-03-01,Monthly,Aug-21,Mar-20,00WW_4_10C_SP03,SP Only (Android 10),,"March 24, 2020"
Nokia 5.1 Plus,2020-03-01,Monthly,Oct-21,Mar-20,00WW_2_20A_SP07,SP Only (Pie 9),,"March 23, 2020"
Nokia 3.1,2020-03-01,Monthly,Jul-21,Mar-20,00WW_3_25B_SP07,SP Only (Pie 9),,"March 23, 2020"
Nokia 5.1,2020-03-01,Monthly,Aug-21,Mar-20,00WW_3_25B_SP07,SP Only (Pie 9),,"March 23, 2020"
Nokia 2.2,2020-02-01,Monthly,Jun-22,Feb-20,00WW_2_300,MR Upgrade and SP (Android 10),,"March 17, 2020"
Nokia 2.3,2020-02-01,Monthly,Dec-22,Feb-20,00WW_1_400,MR Update and SP (Pie 9),,"March 11, 2020"
Nokia 7.2,2020-02-01,Monthly,Sep-22,Feb-20,00WW_1_270_SP04,SP Only (Pie 9),,"March 11, 2020"
Nokia 6.2,2020-02-01,Monthly,Oct-22,Feb-20,00WW_1_160_SP02,SP Only (Pie 9),,"March 10, 2020"
Nokia 6.2,2020-02-01,Monthly,Oct-22,Feb-20,00WW_1_110_SP04,SP Only (Pie 9),,"March 10, 2020"
Nokia 4.2,2020-02-01,Monthly,Apr-22,Feb-20,00EEA_1_41E_SP03,SP Only (Pie 9),,"March 10, 2020"
Nokia 8 Sirocco,2020-02-01,Monthly,May-21,Feb-20,00WW_4_14F_SP06,SP Only (Pie 9),,"March 09, 2020"
Nokia C1,2020-02-01,Quarterly,Dec-21,Feb-20,00WW_1_080,MR Update and SP (Pie 9 GO),,"March 05, 2020"
Nokia 3.2,2020-02-01,Monthly,Apr-22,Feb-20,00WW_1_41C_SP03,SP Only (Pie 9),,"March 04, 2020"
Nokia 4.2,2020-02-01,Monthly,Apr-22,Feb-20,00WW_1_41B_SP04,SP Only (Pie 9),,"March 04, 2020"
Nokia 6.2,2020-02-01,Monthly,Oct-22,Feb-20,00WW_1_170_SP01,SP Only (Pie 9),,"March 04, 2020"
Nokia 7.2,2020-02-01,Monthly,Sep-22,Feb-20,00WW_1_400_SP01,SP Only (Pie 9),,"March 04, 2020"
Nokia 1 Plus,2020-02-01,Monthly,Feb-22,Feb-20,00WW_0_980_SP04,SP Only (Pie 9 GO),Monthly to Quarterly SPs after Feb-21,"March 04, 2020"
Nokia 2.3,2020-02-01,Monthly,Dec-22,Feb-20,00WW_1_240_SP02,SP Only (Pie 9),,"March 04, 2020"
Nokia 3.1,2020-02-01,Monthly,Jul-21,Feb-20,00WW_3_30A,MR Update and SP (Pie 9),,"March 03, 2020"
Nokia 2.2,2020-02-01,Monthly,Jun-22,Feb-20,00WW_1_680_SP04,SP Only (Pie 9),,"March 03, 2020"
Nokia 2.2,2020-02-01,Monthly,Jun-22,Feb-20,00WW_1_630_SP05,SP Only (Pie 9),,"March 03, 2020"
Nokia 2.2,2020-02-01,Monthly,Jun-22,Feb-20,00WW_1_540_SP06,SP Only (Pie 9),,"March 03, 2020"
Nokia 5.1,2020-02-01,Monthly,Aug-21,Feb-20,00WW_3_25B_SP06,SP Only (Pie 9),,"March 03, 2020"
Nokia 3.1,2020-02-01,Monthly,Jul-21,Feb-20,00WW_3_25B_SP06,SP Only (Pie 9),,"March 03, 2020"
Nokia 1,2020-02-01,Monthly,Apr-21,Feb-20,00WW_2_200_SP02,SP Only (Pie 9 GO),Monthly to Quarterly SPs after Apr-20,"March 02, 2020"
Nokia 8.1,2020-02-01,Monthly,Dec-21,Feb-20,00WW_4_15B_SP05 / 00WW_5_15B_SP05,SP Only (Android 10),,"March 02, 2020"
Nokia 7 Plus,2020-02-01,Monthly,Apr-21,Feb-20,00WW_4_10C_SP02,SP Only (Android 10),,"March 02, 2020"
Nokia 6.1 Plus,2020-02-01,Monthly,Aug-21,Feb-20,00WW_4_10C_SP02,SP Only (Android 10),,"March 02, 2020"
Nokia 6.1,2020-02-01,Monthly,Apr-21,Feb-20,00WW_4_10C_SP02,SP Only (Android 10),,"March 02, 2020"
Nokia 5.1 Plus,2020-02-01,Monthly,Oct-21,Feb-20,00WW_2_20A_SP06,SP Only (Pie 9),,"March 02, 2020"
Nokia 3,2020-02-01,Quarterly,Sep-20,Feb-20,00WW_5_220_SP01,SP Only (Pie 9),,"March 02, 2020"
Nokia 3,2020-02-01,Quarterly,Sep-20,Feb-20,00WW_5_180_SP01,SP Only (Pie 9),,"March 02, 2020"
Nokia 7.1,2020-02-01,Monthly,Nov-21,Feb-20,00WW_4_08B_SP03,SP Only (Android 10),,"March 02, 2020"
Nokia 7.1,2020-02-01,Monthly,Nov-21,Feb-20,00WW_3_54H_SP07,SP Only (Pie 9),,"March 02, 2020"
Nokia 2.1,2020-02-01,Monthly,Aug-21,Feb-20,00WW_1_13F_SP06,SP Only (Pie 9 GO),Monthly to Quarterly SPs after Aug-20,"February 26, 2020"
Nokia 9 Pureview,2020-02-01,Monthly,Mar-22,Feb-20,00WW_5_13D_SP03,SP Only (Android 10),,"February 24, 2020"
Nokia 9 Pureview,2020-02-01,Monthly,Mar-22,Feb-20,00WW_4_27D_SP04,SP Only (Pie 9),,"February 24, 2020"
Nokia 3.1 Plus,2020-01-01,Monthly,Oct-21,Jan-20,00WW_2_25P_SP02,SP Only (Pie 9),,"February 21, 2020"
Nokia 3.1 Plus,2020-01-01,Monthly,Oct-21,Jan-20,00WW_2_25K_SP05,SP Only (Pie 9),,"February 21, 2020"
Nokia 1,2020-01-01,Monthly,Apr-21,Jan-20,00WW_2_200_SP01,SP Only (Pie 9 GO),Monthly to Quarterly SPs after Apr-20,"February 12, 2020"
Nokia 7.1,2020-01-01,Monthly,Nov-21,Jan-20,00WW_3_54H_SP06,SP Only (Pie 9),,"February 11, 2020"
Nokia 2.3,2020-01-01,Monthly,Dec-22,Jan-20,00WW_1_32A,MR Update and SP (Pie 9),,"February 10, 2020"
Nokia 7.2,2020-01-01,Monthly,Sep-22,Jan-20,00WW_1_270_SP03,SP Only (Pie 9),,"February 05, 2020"
Nokia 1,2019-12-01,Monthly,Apr-21,Dec-19,00WW_2_200,MR Update and SP (Pie 9 GO),Monthly to Quarterly SPs after Apr-20,"February 05, 2020"
Nokia 3,2020-01-01,Quarterly,Sep-20,Jan-20,00WW_5_220,MR Update and SP (Pie 9),,"February 05, 2020"
Nokia 8,2020-01-01,Quarterly,Oct-20,Jan-20,00WW_5_15G_SP01,SP Only (Pie 9),,"January 31, 2020"
Nokia 8 Sirocco,2020-01-01,Monthly,May-21,Jan-20,00WW_4_14F_SP05,SP Only (Pie 9),,"January 30, 2020"
Nokia 7 Plus,2020-01-01,Monthly,Apr-21,Jan-20,00WW_4_10C_SP01,SP Only (Android 10),,"January 29, 2020"
Nokia 6.1 Plus,2020-01-01,Monthly,Aug-21,Jan-20,00WW_4_10C_SP01,SP Only (Android 10),,"January 29, 2020"
Nokia 6.1,2020-01-01,Monthly,Apr-21,Jan-20,00WW_4_10C_SP01,SP Only (Android 10),,"January 29, 2020"
Nokia 1 Plus,2020-01-01,Monthly,Feb-22,Jan-20,00WW_0_980_SP03,SP Only (Pie 9 GO),Monthly to Quarterly SPs after Feb-21,"January 29, 2020"
Nokia 9 Pureview,2020-01-01,Monthly,Mar-22,Jan-20,00WW_5_13D_SP02,SP Only (Android 10),,"January 28, 2020"
Nokia 7.1,2020-01-01,Monthly,Nov-21,Jan-20,00WW_4_08B_SP02,SP Only (Android 10),,"January 28, 2020"
Nokia 3.1,2020-01-01,Monthly,Jul-21,Jan-20,00WW_3_25B_SP05,SP Only (Pie 9),,"January 28, 2020"
Nokia 5.1,2020-01-01,Monthly,Aug-21,Jan-20,00WW_3_25B_SP05,SP Only (Pie 9),,"January 28, 2020"
Nokia 7.1,2019-12-01,Monthly,Nov-21,Dec-19,00WW_3_54H_SP05,SP Only (Pie 9),,"January 27, 2020"
Nokia 7.2,2020-01-01,Monthly,Sep-22,Jan-20,00WW_1_400,MR Update and SP (Pie 9),,"January 21, 2020"
Nokia 2.1,2020-01-01,Monthly,Aug-21,Jan-20,00WW_1_13F_SP05,SP Only (Pie 9 GO),Monthly to Quarterly SPs after Aug-20,"January 21, 2020"
Nokia 5.1 Plus,2020-01-01,Monthly,Oct-21,Jan-20,00WW_2_20A_SP05,SP Only (Pie 9),,"January 21, 2020"
Nokia 5,2020-01-01,Quarterly,Oct-20,Jan-20,00WW_6_19B_SP01,SP Only (Pie 9),,"January 21, 2020"
Nokia 6,2020-01-01,Quarterly,Oct-20,Jan-20,00WW_6_19B_SP01,SP Only (Pie 9),,"January 21, 2020"
Nokia 6.2,2020-01-01,Monthly,Oct-22,Jan-20,00WW_1_170,MR Update and SP (Pie 9),,"January 21, 2020"
Nokia 8.1,2020-01-01,Monthly,Dec-21,Jan-20,00WW_4_15B_SP04 / 00WW_5_15B_SP04,SP Only (Android 10),,"January 21, 2020"
Nokia 2.2,2020-01-01,Monthly,Jun-22,Jan-20,00WW_1_540_SP05 ,SP Only (Pie 9),,"January 21, 2020"
Nokia 2.2,2020-01-01,Monthly,Jun-22,Jan-20,00WW_1_680_SP03 ,SP Only (Pie 9),,"January 21, 2020"
Nokia 2.2,2020-01-01,Monthly,Jun-22,Jan-20,00WW_1_630_SP04,SP Only (Pie 9),,"January 21, 2020"
Nokia 3.2,2020-01-01,Monthly,Apr-22,Jan-20,00WW_1_41C_SP02 ,SP Only (Pie 9),,"January 14, 2020"
Nokia 7.2,2020-01-01,Monthly,Sep-22,Jan-20,00WW_1_390_SP01,SP Only (Pie 9),,"January 14, 2020"
Nokia 6.2,2020-01-01,Monthly,Oct-22,Jan-20,00WW_1_160_SP01,SP Only (Pie 9),,"January 14, 2020"
Nokia 6.2,2020-01-01,Monthly,Oct-22,Jan-20,00WW_1_110_SP03,SP Only (Pie 9),,"January 14, 2020"
Nokia 4.2,2020-01-01,Monthly,Apr-22,Jan-20,00EEA_1_41E_SP02,SP Only (Pie 9),,"January 14, 2020"
Nokia 4.2,2020-01-01,Monthly,Apr-22,Jan-20,00WW_1_41B_SP03,SP Only (Pie 9),,"January 14, 2020"
Nokia 2.3,2020-01-01,Monthly,Dec-22,Jan-20,00WW_1_240_SP01,SP Only (Pie 9),,"January 14, 2020"
Nokia 1 Plus,2019-12-01,Monthly,Feb-22,Dec-19,00WW_0_980_SP02,SP Only (Pie 9 GO),Monthly to Quarterly SPs after Feb-21,"January 13, 2020"
Nokia C1,2019-12-01,Quarterly,Dec-21,Dec-19,00WW_1_070,MR Update (Pie 9 GO),,"January 13, 2020"
Nokia 6.1,2019-12-01,Monthly,Apr-21,Dec-19,00WW_4_10C,MR Upgrade and SP (Android 10),,"January 08, 2020"
Nokia 7.2,2019-12-01,Monthly,Sep-22,Dec-19,00WW_1_270_SP02,SP Only (Pie 9),,"January 08, 2020"
Nokia 7 Plus,2019-12-01,Monthly,Apr-21,Dec-19,00WW_4_10C,MR Upgrade and SP (Android 10),,"January 07, 2020"
Nokia 6.1 Plus,2019-12-01,Monthly,Aug-21,Dec-19,00WW_4_10C,MR Upgrade and SP (Android 10),,"January 06, 2020"
Nokia 2.2,2019-12-01,Monthly,Jun-22,Dec-19,00WW_1_540_SP04,SP Only (Pie 9),,"December 31, 2019"
Nokia 7.1,2019-12-01,Monthly,Nov-21,Dec-19,00WW_4_08B_SP01 ,SP Only (Android 10),,"December 31, 2019"
Nokia 2.3,2019-12-01,Monthly,Dec-22,Dec-19,00WW_1_240,MR Update and SP (Pie 9),,"December 31, 2019"
Nokia 8.1,2019-12-01,Monthly,Dec-21,Dec-19,00WW_4_15B_SP03 / 00WW_5_15B_SP03,SP Only (Android 10),,"December 30, 2019"
Nokia 9 Pureview,2019-12-01,Monthly,Mar-22,Dec-19,00WW_5_13D_SP01,SP Only (Android 10),,"December 30, 2019"
Nokia 3.1,2019-12-01,Monthly,Jul-21,Dec-19,00WW_3_25B_SP04,SP Only (Pie 9),,"December 30, 2019"
Nokia 5.1,2019-12-01,Monthly,Aug-21,Dec-19,00WW_3_25B_SP04,SP Only (Pie 9),,"December 30, 2019"
Nokia 2.2,2019-12-01,Monthly,Jun-22,Dec-19,00WW_1_680_SP02,SP Only (Pie 9),,"December 24, 2019"
Nokia 6.2,2019-12-01,Monthly,Oct-22,Dec-19,00WW_1_160,MR Update and SP (Pie 9),,"December 24, 2019"
Nokia 7.2,2019-12-01,Monthly,Sep-22,Dec-19,00WW_1_390,MR Update and SP (Pie 9),,"December 23, 2019"
Nokia 3.1 Plus,2019-12-01,Monthly,Oct-21,Dec-19,00WW_2_25P_SP01,SP Only (Pie 9),,"December 23, 2019"
Nokia 3.1 Plus,2019-12-01,Monthly,Oct-21,Dec-19,00WW_2_25K_SP04,SP Only (Pie 9),,"December 23, 2019"
Nokia 5.1 Plus,2019-12-01,Monthly,Oct-21,Dec-19,00WW_2_20A_SP04,SP Only (Pie 9),,"December 19, 2019"
Nokia 8 Sirocco,2019-12-01,Monthly,May-21,Dec-19,00WW_4_14F_SP04,SP Only (Pie 9),,"December 19, 2019"
Nokia 6.2,2019-12-01,Monthly,Oct-22,Dec-19,00WW_1_110_SP02,SP Only (Pie 9),,"December 17, 2019"
Nokia 2.1,2019-12-01,Monthly,Aug-21,Dec-19,00WW_1_13F_SP04,SP Only (Pie 9 GO),Monthly to Quarterly SPs after Aug-20,"December 17, 2019"
Nokia 2.3,2019-12-01,Monthly,Dec-22,Dec-19,00WW_1_11A_SP01,SP Only (Pie 9),,"December 17, 2019"
Nokia 3.2,2019-12-01,Monthly,Apr-22,Dec-19,00WW_1_41C_SP01 ,SP Only (Pie 9),,"December 17, 2019"
Nokia 4.2,2019-12-01,Monthly,Apr-22,Dec-19,00WW_1_41E_SP01,SP Only (Pie 9),,"December 17, 2019"
Nokia 4.2,2019-12-01,Monthly,Apr-22,Dec-19,00WW_1_41B_SP02,SP Only (Pie 9),,"December 17, 2019"
Nokia 2.2,2019-12-01,Monthly,Jun-22,Dec-19,00WW_1_630_SP03,SP Only (Pie 9),,"December 17, 2019"
Nokia 7.2,2019-12-01,Monthly,Sep-22,Dec-19,00WW_1_200_SP02,SP Only (Pie 9),,"December 16, 2019"
Nokia 8.1,2019-11-01,Monthly,Dec-21,Nov-19,00WW_V4_15B_SP02 / 00WW_V5_15B_SP02,SP Only (Android 10),,"December 13, 2019"
Nokia 7.2,2019-11-01,Monthly,Sep-22,Nov-19,00WW_1_270_SP01,SP Only (Pie 9),,"December 10, 2019"
Nokia 7.1,2019-11-01,Monthly,Nov-21,Nov-19,00WW_4_08B,MR Upgrade (Android 10),,"December 10, 2019"
Nokia 6.2,2019-12-01,Monthly,Oct-22,Dec-19,00WW_1_060_SP02 ,SP Only (Pie 9),,"December 10, 2019"
Nokia 9 Pureview,2019-11-01,Monthly,Mar-22,Nov-19,00WW_5_13D,MR Upgrade (Android 10),,"December 05, 2019"
Nokia 3.2,2019-11-01,Monthly,Apr-22,Nov-19,00WW_1_41C,MR Update and SP (Pie 9),,"December 03, 2019"
Nokia 2.2,2019-11-01,Monthly,Jun-22,Nov-19,00WW_1_680_SP01,SP Only (Pie 9),,"December 03, 2019"
Nokia 4.2,2019-11-01,Monthly,Apr-22,Nov-19,00WW_1_41E,MR Update and SP (Pie 9),,"December 02, 2019"
Nokia 2,2019-11-01,Final guaranteed Security Patch Update,Nov-19,Nov-19,00WW_0_680_SP12,SP Only (Nougat),,"November 29, 2019"
Nokia 5.1 Plus,2019-11-01,Monthly,Oct-21,Nov-19,00WW_2_20A_SP03,SP Only (Pie 9),,"November 26, 2019"
Nokia 4.2,2019-11-01,Monthly,Apr-22,Nov-19,00WW_1_41B_SP01,SP Only (Pie 9),,"November 26, 2019"
Nokia 3.1 Plus,2019-11-01,Monthly,Oct-21,Nov-19,00WW_2_25P,MR Update and SP (Pie 9),,"November 22, 2019"
Nokia 1,2019-11-01,Monthly,Apr-21,Nov-19,00WW_2_180_SP01,SP Only (Pie 9 GO),Monthly to Quarterly SPs after Apr-20,"November 22, 2019"
Nokia 1,2019-11-01,Monthly,Apr-21,Nov-19,00WW_2_130_SP04,SP Only (Pie 9 GO),Monthly to Quarterly SPs after Apr-20,"November 22, 2019"
Nokia 7.2,2019-11-01,Monthly,Sep-22,Nov-19,00WW_1_200_SP01,SP Only (Pie 9),,"November 22, 2019"
Nokia 6.2,2019-11-01,Monthly,Oct-22,Nov-19,00WW_1_110_SP01,SP Only (Pie 9),,"November 21, 2019"
Nokia 6.2,2019-11-01,Monthly,Oct-22,Nov-19,00WW_1_060_SP01,SP Only (Pie 9),,"November 21, 2019"
Nokia 5.1,2019-11-01,Monthly,Aug-21,Nov-19,00WW_3_25B_SP03,SP Only (Pie 9),,"November 21, 2019"
Nokia 3.1,2019-11-01,Monthly,Jul-21,Nov-19,00WW_3_25B_SP03,SP Only (Pie 9),,"November 21, 2019"
Nokia 2.2,2019-11-01,Monthly,Jun-22,Nov-19,00WW_1_630_SP02,SP Only (Pie 9),,"November 19, 2019"
Nokia 1 Plus,2019-11-01,Monthly,Feb-22,Nov-19,00WW_0_980_SP01,SP Only (Pie 9 GO),Monthly to Quarterly SPs after Feb-21,"November 19, 2019"
Nokia 8 Sirocco,2019-11-01,Monthly,May-21,Nov-19,00WW_4_14F_SP03,SP Only (Pie 9),,"November 18, 2019"
Nokia 6.1 Plus,2019-11-01,Monthly,Aug-21,Nov-19,00WW_3_54H_SP04,SP Only (Pie 9),,"November 18, 2019"
Nokia 7 Plus,2019-11-01,Monthly,Apr-21,Nov-19,00WW_3_54H_SP04,SP Only (Pie 9),,"November 18, 2019"
Nokia 7.1,2019-11-01,Monthly,Nov-21,Nov-19,00WW_3_54H_SP04,SP Only (Pie 9),,"November 18, 2019"
Nokia 6.1,2019-11-01,Monthly,Apr-21,Nov-19,00WW_3_54I_SP03,SP Only (Pie 9),,"November 18, 2019"
Nokia 6.1,2019-11-01,Monthly,Apr-21,Nov-19,00WW_3_54H_SP04,SP Only (Pie 9),,"November 18, 2019"
Nokia 2.1,2019-11-01,Monthly,Aug-21,Nov-19,00WW_1_13F_SP03,SP Only (Pie 9 GO),Monthly to Quarterly SPs after Aug-20,"November 18, 2019"
Nokia 3.1 Plus,2019-11-01,Monthly,Oct-21,Nov-19,00WW_2_25K_SP03,SP Only (Pie 9),,"November 12, 2019"
Nokia 9 Pureview,2019-11-01,Monthly,Mar-22,Nov-19,00WW_4_27D_SP03,SP Only (Pie 9),,"November 12, 2019"
Nokia 2.2,2019-10-01,Monthly,Jun-22,Oct-19,00WW_1_540_SP03,SP Only (Pie 9),,"November 07, 2019"
Nokia 8.1,2019-10-01,Monthly,Dec-21,Oct-19,00WW_V4_15B_SP01 / 00WW_V5_15B_SP01,SP Only (Android 10),,"November 06, 2019"
Nokia 6.2,2019-10-01,Monthly,Oct-22,Oct-19,00WW_1_110,MR Update and SP (Pie 9),,"November 05, 2019"
Nokia 2.2,2019-10-01,Monthly,Jun-22,Oct-19,00WW_1_680,MR Update and SP (Pie 9),,"November 05, 2019"
Nokia 3,2019-10-01,Quarterly,Sep-20,Oct-19,00WW_5_180,MR Update and SP (Pie 9),,"November 05, 2019"
Nokia 1 Plus,2019-10-01,Monthly,Feb-22,Oct-19,00WW_0_980,MR Update and SP (Pie 9 GO),Monthly to Quarterly SPs after Feb-21,"October 29, 2019"
Nokia 2.2,2019-10-01,Monthly,Jun-22,Oct-19,00WW_1_630_SP01,SP Only (Pie 9),,"October 29, 2019"
Nokia 3.2,2019-10-01,Monthly,Apr-22,Oct-19,00WW_1_41B,MR Update and SP (Pie 9),,"October 29, 2019"
Nokia 7.2,2019-10-01,Monthly,Sep-22,Oct-19,00WW_1_270,MR Update and SP (Pie 9),,"October 28, 2019"
Nokia 8.1,2019-10-01,Monthly,Dec-21,Oct-19,00WW_2_59J_SP03,SP Only (Pie 9),,"October 28, 2019"
Nokia 8,2019-10-01,Monthly,Oct-20,Oct-19,00WW_5_15G,MR Update and SP (Pie 9),Monthly to Quarterly SPs after Oct-19,"October 24, 2019"
Nokia 4.2,2019-10-01,Monthly,Apr-22,Oct-19,00WW_1_41B,MR Update and SP (Pie 9),,"October 23, 2019"
Nokia 5,2019-10-01,Monthly,Oct-20,Oct-19,00WW_6_19B,MR Update and SP (Pie 9),Monthly to Quarterly SPs after Oct-19,"October 22, 2019"
Nokia 6,2019-10-01,Monthly,Oct-20,Oct-19,00WW_6_19B,MR Update and SP (Pie 9),Monthly to Quarterly SPs after Oct-19,"October 22, 2019"
Nokia 1,2019-10-01,Monthly,Apr-21,Oct-19,00WW_2_180,MR Update and SP (Pie 9 GO),Monthly to Quarterly SPs after Apr-20,"October 22, 2019"
Nokia 2,2019-10-01,Monthly,Nov-19,Oct-19,00WW_0_680_SP11,SP Only (Nougat),,"October 22, 2019"
Nokia 3.1,2019-10-01,Monthly,Jul-21,Oct-19,00WW_3_25B_SP02,SP Only (Pie 9),,"October 15, 2019"
Nokia 5.1 Plus,2019-10-01,Monthly,Oct-21,Oct-19,00WW_2_20A_SP02,SP Only (Pie 9),,"October 15, 2019"
Nokia 5.1,2019-10-01,Monthly,Aug-21,Oct-19,00WW_3_25B_SP02,SP Only (Pie 9),,"October 15, 2019"
Nokia 3.1 Plus,2019-10-01,Monthly,Oct-21,Oct-19,00WW_2_25K_SP02,SP Only (Pie 9),,"October 15, 2019"
Nokia 9 Pureview,2019-10-01,Monthly,Mar-22,Oct-19,00WW_4_27D_SP02,SP Only (Pie 9),,"October 09, 2019"
Nokia 7 Plus,2019-10-01,Monthly,Apr-21,Oct-19,00WW_3_54H_SP03,SP Only (Pie 9),,"October 09, 2019"
Nokia 6.1 Plus,2019-10-01,Monthly,Aug-21,Oct-19,00WW_3_54H_SP03,SP Only (Pie 9),,"October 09, 2019"
Nokia 6.1,2019-10-01,Monthly,Apr-21,Oct-19,00WW_3_54I_SP02,SP Only (Pie 9),,"October 09, 2019"
Nokia 6.1,2019-10-01,Monthly,Apr-21,Oct-19,00WW_3_54H_SP03,SP Only (Pie 9),,"October 09, 2019"
Nokia 7.1,2019-10-01,Monthly,Nov-21,Oct-19,00WW_3_54H_SP03,SP Only (Pie 9),,"October 09, 2019"
Nokia 2.1,2019-10-01,Monthly,Aug-21,Oct-19,00WW_1_13F_SP02,SP Only (Pie 9 GO),Monthly to Quarterly SPs after Aug-20,"October 09, 2019"
Nokia 8 Sirocco,2019-10-01,Monthly,May-21,Oct-19,00WW_4_14F_SP02,SP Only (Pie 9),,"October 09, 2019"
Nokia 8.1,2019-09-01,Monthly,Dec-21,Sep-19,00WW_V4_15B / 00WW_V5_15B,MR Upgrade (Android 10),,"October 09, 2019"
Nokia 2.2,2019-09-01,Monthly,Jun-22,Sep-19,00WW_1_540_SP02,SP Only (Pie 9),,"October 09, 2019"
Nokia 1,2019-09-01,Monthly,Apr-21,Sep-19,00WW_2_130_SP03,SP Only (Pie 9 GO),Monthly to Quarterly SPs after Apr-20,"October 02, 2019"
Nokia 3,2019-09-01,Monthly,Sep-20,Sep-19,00WW_5_120_SP04,SP Only (Pie 9),Monthly to Quarterly SPs after Sep-19,"October 01, 2019"
Nokia 8,2019-09-01,Monthly,Oct-20,Sep-19,00WW_5_15D_SP02,SP Only (Pie 9),Monthly to Quarterly SPs after Oct-19,"September 30, 2019"
Nokia 5,2019-09-01,Monthly,Oct-20,Sep-19,00WW_6_18A_SP03,SP Only (Pie 9),Monthly to Quarterly SPs after Oct-19,"September 30, 2019"
Nokia 2,2019-09-01,Monthly,Nov-19,Sep-19,00WW_0_680_SP10,SP Only (Nougat),,"September 30, 2019"
Nokia 6,2019-09-01,Final guaranteed Security Patch Update,Sep-19,Sep-19,00A0_6_17D_SP05 / 00S0_6_17D_SP05,SP Only - Amazon US/India (Pie 9),,"September 30, 2019"
Nokia 6,2019-09-01,Monthly,Oct-20,Sep-19,00WW_6_17D_SP05,SP Only (Pie 9),Monthly to Quarterly SPs after Oct-19,"September 30, 2019"
Nokia 1 Plus,2019-09-01,Monthly,Feb-22,Sep-19,00WW_0_960_SP02,SP Only (Pie 9 GO),Monthly to Quarterly SPs after Feb-21,"September 30, 2019"
Nokia 1 Plus,2019-09-01,Monthly,Feb-22,Sep-19,00WW_0_750_SP03,SP Only (Pie 9 GO),Monthly to Quarterly SPs after Feb-21,"September 30, 2019"
Nokia 3.1,2019-09-01,Monthly,Jul-21,Sep-19,00WW_3_25B_SP01,SP Only (Pie 9),,"September 25, 2019"
Nokia 5.1,2019-09-01,Monthly,Aug-21,Sep-19,00WW_3_25B_SP01,SP Only (Pie 9),,"September 25, 2019"
Nokia 7.2,2019-09-01,Monthly,Sep-22,Sep-19,00WW_1_200,MR Update and SP (Pie 9),,"September 24, 2019"
Nokia 6.1,2019-09-01,Monthly,Apr-21,Sep-19,00WW_3_54I_SP01,SP Only (Pie 9),,"September 24, 2019"
Nokia 6.1,2019-09-01,Monthly,Apr-21,Sep-19,00WW_3_54H_SP02,SP Only (Pie 9),,"September 24, 2019"
Nokia 7 Plus,2019-09-01,Monthly,Apr-21,Sep-19,00WW_3_54H_SP02,SP Only (Pie 9),,"September 24, 2019"
Nokia 7.1,2019-09-01,Monthly,Nov-21,Sep-19,00WW_3_54H_SP02,SP Only (Pie 9),,"September 24, 2019"
Nokia 6.1 Plus,2019-09-01,Monthly,Aug-21,Sep-19,00WW_3_54H_SP02,SP Only (Pie 9),,"September 24, 2019"
Nokia 5.1 Plus,2019-09-01,Monthly,Oct-21,Sep-19,00WW_2_20A_SP01,SP Only (Pie 9),,"September 24, 2019"
Nokia 7.2,2019-08-01,Monthly,Sep-22,Aug-19,00WW_1_160,MR Update and SP (Pie 9),,"September 19, 2019"
Nokia 3.1 Plus,2019-09-01,Monthly,Oct-21,Sep-19,00WW_2_25K_SP01,SP Only (Pie 9),,"September 18, 2019"
Nokia 2.1,2019-09-01,Monthly,Aug-21,Sep-19,00WW_1_13F_SP01,SP Only (Pie 9 GO),Monthly to Quarterly SPs after Aug-20,"September 18, 2019"
Nokia 8 Sirocco,2019-09-01,Monthly,May-21,Sep-19,00WW_4_14F_SP01,SP Only (Pie 9),,"September 16, 2019"
Nokia 9 Pureview,2019-09-01,Monthly,Mar-22,Sep-19,00WW_4_27D_SP01,SP Only (Pie 9),,"September 16, 2019"
Nokia 7.2,2019-08-01,Monthly,Sep-22,Aug-19,00WW_1_130,MR Update and SP (Pie 9),,"September 13, 2019"
Nokia 2.2,2019-09-01,Monthly,Jun-22,Sep-19,00WW_1_630,MR Update and SP (Pie 9),,"September 13, 2019"
Nokia 8.1,2019-09-01,Monthly,Dec-21,Sep-19,00WW_3_02I_SP02,SP Only (Pie 9),,"September 11, 2019"
Nokia 8.1,2019-09-01,Monthly,Dec-21,Sep-19,00WW_2_59J_SP02,SP Only (Pie 9),,"September 11, 2019"
Nokia 3.2,2019-09-01,Monthly,Apr-22,Sep-19,00WW_1_39D_SP02,SP Only (Pie 9),,"September 10, 2019"
Nokia 3.2,2019-09-01,Monthly,Apr-22,Sep-19,00WW_1_03J_SP02,SP Only (Pie 9),,"September 10, 2019"
Nokia 4.2,2019-09-01,Monthly,Apr-22,Sep-19,00WW_1_36B_SP02,SP Only (Pie 9),,"September 10, 2019"
Nokia 4.2,2019-09-01,Monthly,Apr-22,Sep-19,00WW_1_17I_SP04,SP Only (Pie 9),,"September 10, 2019"
Nokia 2.2,2019-08-01,Monthly,Jun-22,Aug-19,00WW_1_540_SP01 ,SP Only (Pie 9),,"August 29, 2019"
Nokia 3.1 Plus,2019-08-01,Monthly,Oct-21,Aug-19,00WW_2_25K,MR Update and SP (Pie 9),,"August 28, 2019"
Nokia 5.1 Plus,2019-08-01,Monthly,Oct-21,Aug-19,00WW_2_20A,MR Update and SP (Pie 9),,"August 27, 2019"
Nokia 4.2,2019-08-01,Monthly,Apr-22,Aug-19,00WW_1_17I_SP03,SP Only (Pie 9),,"August 27, 2019"
Nokia 3.2,2019-08-01,Monthly,Apr-22,Aug-19,00WW_1_03J_SP01,SP Only (Pie 9),,"August 27, 2019"
Nokia 2.2,2019-08-01,Monthly,Jun-22,Aug-19,00WW_1_390_SP02 ,SP Only (Pie 9),,"August 27, 2019"
Nokia 2.2,2019-08-01,Monthly,Jun-22,Aug-19,00WW_1_280_SP03 ,SP Only (Pie 9),,"August 27, 2019"
Nokia 1 Plus,2019-08-01,Monthly,Feb-22,Aug-19,00WW_0_960_SP01,SP Only (Pie 9 GO),Monthly to Quarterly SPs after Feb-21,"August 26, 2019"
Nokia 1 Plus,2019-08-01,Monthly,Feb-22,Aug-19,00WW_0_750_SP02,SP Only (Pie 9 GO),Monthly to Quarterly SPs after Feb-21,"August 26, 2019"
Nokia 4.2,2019-08-01,Monthly,Apr-22,Aug-19,00WW_1_36B_SP01,SP Only (Pie 9),,"August 21, 2019"
Nokia 6,2019-08-01,Monthly,Sep-19,Aug-19,00A0_6_17D_SP04 / 00S0_6_17D_SP04,SP Only - Amazon US/India (Pie 9),,"August 21, 2019"
Nokia 6,2019-08-01,Monthly,Oct-20,Aug-19,00WW_6_17D_SP04,SP Only (Pie 9),Monthly to Quarterly SPs after Oct-19,"August 21, 2019"
Nokia 3.2,2019-08-01,Monthly,Apr-22,Aug-19,00WW_1_39D_SP01,SP Only (Pie 9),,"August 21, 2019"
Nokia 5,2019-08-01,Monthly,Oct-20,Aug-19,00WW_6_18A_SP02,SP Only (Pie 9),Monthly to Quarterly SPs after Oct-19,"August 21, 2019"
Nokia 8 Sirocco,2019-08-01,Monthly,May-21,Aug-19,00WW_4_14F,MR Update and SP (Pie 9),,"August 20, 2019"
Nokia 2.1,2019-08-01,Monthly,Aug-21,Aug-19,00WW_1_13F,MR Update and SP (Pie 9 GO),Monthly to Quarterly SPs after Aug-20,"August 20, 2019"
Nokia 3.1,2019-08-01,Monthly,Jul-21,Aug-19,00WW_3_25B,MR Update and SP (Pie 9),,"August 20, 2019"
Nokia 5.1,2019-08-01,Monthly,Aug-21,Aug-19,00WW_3_25B,MR Update and SP (Pie 9),,"August 20, 2019"
Nokia 8,2019-08-01,Monthly,Oct-20,Aug-19,00WW_5_15D_SP01,SP Only (Pie 9),Monthly to Quarterly SPs after Oct-19,"August 20, 2019"
Nokia 2,2019-08-01,Monthly,Nov-19,Aug-19,00WW_0_680_SP09,SP Only (Nougat),,"August 19, 2019"
Nokia 8.1,2019-08-01,Monthly,Dec-21,Aug-19,00WW_3_02I_SP01,SP Only (Pie 9),,"August 14, 2019"
Nokia 8.1,2019-08-01,Monthly,Dec-21,Aug-19,00WW_2_59J_SP01,SP Only (Pie 9),,"August 14, 2019"
Nokia 9 Pureview,2019-08-01,Monthly,Mar-22,Aug-19,00WW_4_27D,MR Update and SP (Pie 9),,"August 14, 2019"
Nokia 7 Plus,2019-08-01,Monthly,Apr-21,Aug-19,00WW_3_54H_SP01,SP Only (Pie 9),,"August 14, 2019"
Nokia 6.1 Plus,2019-08-01,Monthly,Aug-21,Aug-19,00WW_3_54H_SP01,SP Only (Pie 9),,"August 14, 2019"
Nokia 7.1,2019-08-01,Monthly,Nov-21,Aug-19,00WW_3_54H_SP01,SP Only (Pie 9),,"August 14, 2019"
Nokia 6.1,2019-08-01,Monthly,Apr-21,Aug-19,00WW_3_54H_SP01,SP Only (Pie 9),,"August 14, 2019"
Nokia 2.2,2019-07-01,Monthly,Jun-22,Jul-19,00WW_1_540,MR Update and SP (Pie 9),,"August 13, 2019"
Nokia 6.1,2019-08-01,Monthly,Apr-21,Aug-19,00WW_3_54I,MR Update and SP (Pie 9),,"August 07, 2019"
Nokia 3.2,2019-07-01,Monthly,Apr-22,Jul-19,00WW_1_39D,MR Update and SP (Pie 9),,"August 06, 2019"
Nokia 5.1,2019-07-01,Monthly,Aug-21,Jul-19,00WW_3_24A_SP02,SP Only (Pie 9),,"July 31, 2019"
Nokia 1 Plus,2019-07-01,Monthly,Feb-22,Jul-19,00WW_0_960,MR Update and SP (Pie 9 GO),Monthly to Quarterly SPs after Feb-21,"July 30, 2019"
Nokia 2.2,2019-07-01,Monthly,Jun-22,Jul-19,00WW_1_390_SP01,SP Only (Pie 9),,"July 30, 2019"
Nokia 2.2,2019-07-01,Monthly,Jun-22,Jul-19,00WW_1_280_SP02,SP Only (Pie 9),,"July 30, 2019"
Nokia 3.1,2019-07-01,Monthly,Jul-21,Jul-19,00WW_3_180_SP04,SP Only (Pie 9),,"July 30, 2019"
Nokia 5.1,2019-07-01,Monthly,Aug-21,Jul-19,00WW_3_190_SP04,SP Only (Pie 9),,"July 30, 2019"
Nokia 4.2,2019-07-01,Monthly,Apr-22,Jul-19,00WW_1_36B,MR Update and SP (Pie 9),,"July 30, 2019"
Nokia 3,2019-07-01,Monthly,Sep-20,Jul-19,00WW_4_43E_SP04,SP Only (Pie 9),Monthly to Quarterly SPs after Sep-19,"July 30, 2019"
Nokia 7 Plus,2019-07-01,Monthly,Apr-21,Jul-19,00WW_3_54H,MR Update and SP (Pie 9),,"July 25, 2019"
Nokia 6.1,2019-07-01,Monthly,Apr-21,Jul-19,00WW_3_54H,MR Update and SP (Pie 9),,"July 25, 2019"
Nokia 6.1 Plus,2019-07-01,Monthly,Aug-21,Jul-19,00WW_3_54H,MR Update and SP (Pie 9),,"July 25, 2019"
Nokia 7.1,2019-07-01,Monthly,Nov-21,Jul-19,00WW_3_54H,MR Update and SP (Pie 9),,"July 25, 2019"
Nokia 8,2019-07-01,Monthly,Oct-20,Jul-19,00WW_5_15D,MR Update and SP (Pie 9),Monthly to Quarterly SPs after Oct-19,"July 24, 2019"
Nokia 8.1,2019-07-01,Monthly,Dec-21,Jul-19,00WW_3_02I,MR Update and SP (Pie 9),,"July 24, 2019"
Nokia 8.1,2019-07-01,Monthly,Dec-21,Jul-19,00WW_2_59J,MR Update and SP (Pie 9),,"July 24, 2019"
Nokia 2.1,2019-07-01,Monthly,Aug-21,Jul-19,00WW_1_13B_SP03,SP Only (Pie 9 GO),Monthly to Quarterly SPs after Aug-20,"July 23, 2019"
Nokia 5.1 Plus,2019-07-01,Monthly,Oct-21,Jul-19,00WW_2_16A_SP03,SP Only (Pie 9),,"July 22, 2019"
Nokia 1,2019-07-01,Monthly,Apr-21,Jul-19,00WW_2_130_SP01,SP Only (Pie 9 GO),Monthly to Quarterly SPs after Apr-20,"July 17, 2019"
Nokia 3.1 Plus ,2019-07-01,Monthly,Oct-21,Jul-19,00WW_2_25H_SP01,SP Only (Pie 9),,"July 17, 2019"
Nokia 6.1,2019-07-01,Monthly,Apr-21,Jul-19,00WW_3_54G,MR Update and SP (Pie 9),,"July 16, 2019"
Nokia 3,2019-07-01,Monthly,Sep-20,Jul-19,00WW_5_120_SP02,SP Only (Pie 9),Monthly to Quarterly SPs after Sep-19,"July 16, 2019"
Nokia 8 Sirocco,2019-07-01,Monthly,May-21,Jul-19,00WW_4_14B_SP03,SP Only (Pie 9),,"July 16, 2019"
Nokia 6,2019-07-01,Monthly,Sep-19,Jul-19,00A0_6_17D_SP03 / 00S0_6_17D_SP03,SP Only - Amazon US/India (Pie 9),,"July 11, 2019"
Nokia 6,2019-07-01,Monthly,Oct-20,Jul-19,00WW_6_17D_SP03,SP Only (Pie 9),Monthly to Quarterly SPs after Oct-19,"July 11, 2019"
Nokia 5,2019-07-01,Monthly,Oct-20,Jul-19,00WW_6_18A_SP01,SP Only (Pie 9),Monthly to Quarterly SPs after Oct-19,"July 11, 2019"
Nokia 2,2019-07-01,Monthly,Nov-19,Jul-19,00WW_0_680_SP08,SP Only (Nougat),,"July 10, 2019"
Nokia 4.2,2019-07-01,Monthly,Apr-22,Jul-19,00WW_1_22G_SP01 ,SP Only (Pie 9),,"July 08, 2019"
Nokia 4.2,2019-07-01,Monthly,Apr-22,Jul-19,00WW_1_17M_SP02 ,SP Only (Pie 9),,"July 08, 2019"
Nokia 9 Pureview,2019-07-01,Monthly,Mar-22,Jul-19,00WW_4_27C,MR Update and SP (Pie 9),,"July 08, 2019"
Nokia 5.1,2019-06-01,Monthly,Aug-21,Jun-19,00WW_042C_SP02,SP Only (Oreo 8.0),,"July 04, 2019"
Nokia 4.2,2019-06-01,Monthly,Apr-22,Jun-19,00WW_1_22E_SP01,SP Only (Pie 9),,"July 02, 2019"
Nokia 4.2,2019-06-01,Monthly,Apr-22,Jun-19,00WW_1_17J_SP02 ,SP Only (Pie 9),,"July 02, 2019"
Nokia 4.2,2019-06-01,Monthly,Apr-22,Jun-19,00WW_1_171_SP02 ,SP Only (Pie 9),,"July 02, 2019"
Nokia 3.2,2019-06-01,Monthly,Apr-22,Jun-19,00WW_1_08D_SP01,SP Only (Pie 9),,"July 02, 2019"
Nokia 3.2,2019-06-01,Monthly,Apr-22,Jun-19,00WW_1_03D_SP02,SP Only (Pie 9),,"July 02, 2019"
Nokia 5.1,2019-06-01,Monthly,Aug-21,Jun-19,00WW_3_24A_SP01,SP Only (Pie 9),,"July 01, 2019"
Nokia 2.2,2019-06-01,Monthly,Jun-22,Jun-19,00WW_1_280_SP01,SP Only (Pie 9),,"June 28, 2019"
Nokia 8.1,2019-06-01,Monthly,Dec-21,Jun-19,00WW_3_02D_SP02,SP Only (Pie 9),,"June 28, 2019"
Nokia 8.1,2019-06-01,Monthly,Dec-21,Jun-19,00WW_2_59E_SP02,SP Only (Pie 9),,"June 28, 2019"
Nokia 2,2019-06-01,Monthly,Nov-19,Jun-19,00WW_0_680_SP07,SP Only (Nougat),,"June 27, 2019"
Nokia 3.1,2019-06-01,Monthly,Jul-21,Jun-19,00WW_3_180_SP03,SP Only (Pie 9),,"June 26, 2019"
Nokia 5.1,2019-06-01,Monthly,Aug-21,Jun-19,00WW_3_190_SP03,SP Only (Pie 9),,"June 26, 2019"
Nokia 3,2019-06-01,Monthly,Sep-20,Jun-19,00WW_5_120_SP01,SP Only (Pie 9),Monthly to Quarterly SPs after Sep-19,"June 26, 2019"
Nokia 2.1,2019-06-01,Monthly,Aug-21,Jun-19,00WW_1_13B_SP02,SP Only (Pie 9 GO),Monthly to Quarterly SPs after Aug-20,"June 26, 2019"
Nokia 1,2019-06-01,Monthly,Apr-21,Jun-19,00WW_2_130,MR Upgrade and SP (Pie 9 GO),Monthly to Quarterly SPs after Apr-20,"June 25, 2019"
Nokia 5.1 Plus,2019-06-01,Monthly,Oct-21,Jun-19,00WW_2_16A_SP02,SP Only (Pie 9),,"June 25, 2019"
Nokia 7.1,2019-06-01,Monthly,Nov-21,Jun-19,00WW_3_54E,MR Update and SP (Pie 9),,"June 24, 2019"
Nokia 7 Plus,2019-06-01,Monthly,Apr-21,Jun-19,00WW_3_54E,MR Update and SP (Pie 9),,"June 24, 2019"
Nokia 6.1 ,2019-06-01,Monthly,Apr-21,Jun-19,00WW_3_54E,MR Update and SP (Pie 9),,"June 24, 2019"
Nokia 6.1 Plus ,2019-06-01,Monthly,Aug-21,Jun-19,00WW_3_54E,MR Update and SP (Pie 9),,"June 24, 2019"
Nokia 3.1 Plus ,2019-06-01,Monthly,Oct-21,Jun-19,00WW_2_25H,MR Update and SP (Pie 9),,"June 21, 2019"
Nokia 9 Pureview,2019-06-01,Monthly,Mar-22,Jun-19,00WW_4_22C_SP01,SP Only (Pie 9),,"June 20, 2019"
Nokia 6,2019-06-01,Monthly,Sep-19,Jun-19,00A0_6_17D_SP02 / 00S0_6_17D_SP02,SP Only - Amazon US/India (Pie 9),,"June 19, 2019"
Nokia 6,2019-06-01,Monthly,Oct-20,Jun-19,00WW_6_17D_SP02,SP Only (Pie 9),Monthly to Quarterly SPs after Oct-19,"June 19, 2019"
Nokia 8 Sirocco,2019-06-01,Monthly,May-21,Jun-19,00WW_4_14B_SP02,SP Only (Pie 9),,"June 18, 2019"
Nokia 8,2019-06-01,Monthly,Oct-20,Jun-19,00WW_5_150_SP02,SP Only (Pie 9),Monthly to Quarterly SPs after Oct-19,"June 18, 2019"
Nokia 2.2,2019-06-01,Monthly,Jun-22,Jun-19,00WW_1_390,MR Update and SP (Pie 9),,"June 18, 2019"
Nokia 4.2,2019-05-01,Monthly,Apr-22,May-19,00WW_1_22G,MR Update and SP (Pie 9),,"June 17, 2019"
Nokia 1 Plus,2019-06-01,Monthly,Feb-22,Jun-19,00WW_0_830_SP01,SP Only (Pie 9 GO),Monthly to Quarterly SPs after Feb-21,"June 12, 2019"
Nokia 5.1,2019-05-01,Monthly,Aug-21,May-19,00WW_042C_SP01,SP Only (Oreo 8.0),,"June 11, 2019"
Nokia 1 Plus,2019-06-01,Monthly,Feb-22,Jun-19,00WW_0_750_SP01,SP Only (Pie 9 GO),Monthly to Quarterly SPs after Feb-21,"June 11, 2019"
Nokia 5,2019-06-01,Monthly,Oct-20,Jun-19,00WW_6_18A,MR Update and SP (Pie 9),Monthly to Quarterly SPs after Oct-19,"June 11, 2019"
Nokia 3.1 Plus ,2019-05-01,Monthly,Oct-21,May-19,00WW_2_25G,MR Update and SP (Pie 9),,"June 11, 2019"
Nokia 2.2,2019-05-01,Monthly,Jun-22,May-19,00WW_1_280 ,MR Update and SP (Pie 9),,"June 06, 2019"
Nokia 5.1,2019-05-01,Monthly,Aug-21,May-19,00WW_3_24A,MR Update and SP (Pie 9),,"June 06, 2019"
Nokia 4.2,2019-05-01,Monthly,Apr-22,May-19,00WW_1_17M_SP01,SP Only (Pie 9),,"June 06, 2019"
Nokia X71,2019-05-01,Final guaranteed Security Patch Update,May-19,May-19,00WW_1_18J,MR Update and SP (Pie 9),,"June 03, 2019"
Nokia 3,2019-05-01,Monthly,Sep-20,May-19,00WW_5_120,MR Upgrade and SP (Pie 9),Monthly to Quarterly SPs after Sep-19,"June 03, 2019"
Nokia 1 Plus,2019-05-01,Monthly,Feb-22,May-19,00WW_0_830,MR Update and SP (Pie 9 GO),Monthly to Quarterly SPs after Feb-21,"May 29, 2019"
Nokia 3.2,2019-05-01,Monthly,Apr-22,May-19,00WW_1_08D,MR Update and SP (Pie 9),,"May 29, 2019"
Nokia 5.1 Plus,2019-05-01,Monthly,Oct-21,May-19,00WW_2_16A_SP01,SP Only (Pie 9),,"May 29, 2019"
Nokia 3.1,2019-05-01,Monthly,Jul-21,May-19,00WW_3_180_SP02,SP Only (Pie 9),,"May 29, 2019"
Nokia 6.1 Plus,2019-05-01,Monthly,Aug-21,May-19,00WW_3_51F_SP02,SP Only (Pie 9),,"May 29, 2019"
Nokia 7.1,2019-05-01,Monthly,Nov-21,May-19,00WW_3_51F_SP02,SP Only (Pie 9),,"May 29, 2019"
Nokia 7 Plus,2019-05-01,Monthly,Apr-21,May-19,00WW_3_51F_SP02,SP Only (Pie 9),,"May 28, 2019"
Nokia 6.1,2019-05-01,Monthly,Apr-21,May-19,00WW_3_51F_SP02,SP Only (Pie 9),,"May 28, 2019"
Nokia 1,2019-05-01,Monthly,Apr-21,May-19,00WW_1_550_SP02 / 00WW_1_550_RU_SP02,SP Only (Oreo 8.1 GO),Monthly to Quarterly SPs after Apr-20,"May 28, 2019"
Nokia 5.1,2019-05-01,Monthly,Aug-21,May-19,00WW_3_190_SP02,SP Only (Pie 9),,"May 28, 2019"
Nokia 2,2019-05-01,Monthly,Nov-19,May-19,00WW_0_680_SP06,SP Only (Nougat),,"May 27, 2019"
Nokia 2.1,2019-05-01,Monthly,Aug-21,May-19,00WW_1_13B_SP01,SP Only (Pie 9 GO),Monthly to Quarterly SPs after Aug-20,"May 24, 2019"
Nokia 4.2,2019-05-01,Monthly,Apr-22,May-19,00WW_1_22E,MR Update and SP (Pie 9),,"May 22, 2019"
Nokia 4.2,2019-05-01,Monthly,Apr-22,May-19,00WW_1_17J_SP01,SP Only (Pie 9),,"May 21, 2019"
Nokia 4.2,2019-05-01,Monthly,Apr-22,May-19,00WW_1_17I_SP01,SP Only (Pie 9),,"May 20, 2019"
Nokia 3.2,2019-05-01,Monthly,Apr-22,May-19,00WW_1_03D_SP01,SP Only (Pie 9),,"May 20, 2019"
Nokia 8,2019-05-01,Monthly,Oct-20,May-19,00WW_5_150_SP01,SP Only (Pie 9),Monthly to Quarterly SPs after Oct-19,"May 20, 2019"
Nokia 6,2019-05-01,Monthly,Sep-19,May-19,00A0_6_17D_SP01 / 00S0_6_17D_SP01,SP Only - Amazon US/India (Pie 9),,"May 20, 2019"
Nokia 6,2019-05-01,Monthly,Oct-20,May-19,00WW_6_17D_SP01,SP Only (Pie 9),Monthly to Quarterly SPs after Oct-19,"May 20, 2019"
Nokia 5,2019-05-01,Monthly,Oct-20,May-19,00WW_6_17D_SP01,SP Only (Pie 9),Monthly to Quarterly SPs after Oct-19,"May 15, 2019"
Nokia 8.1,2019-05-01,Monthly,Dec-21,May-19,00WW_3_02D_SP01,SP Only (Pie 9),,"May 15, 2019"
Nokia 8 Sirocco,2019-05-01,Monthly,May-21,May-19,00WW_4_14B_SP01,SP Only (Pie 9),,"May 14, 2019"
Nokia 8.1,2019-05-01,Monthly,Dec-21,May-19,00WW_2_59E_SP01,SP Only (Pie 9),,"May 13, 2019"
Nokia 3.2,2019-04-01,Monthly,Apr-22,Apr-19,00WW_1_03D,MR Update and SP (Pie 9),,"May 09, 2019"
Nokia 8.1,2019-04-01,Monthly,Dec-21,Apr-19,00WW_3_02D,MR Update and SP (Pie 9),,"May 08, 2019"
Nokia 5,2019-04-01,Monthly,Oct-20,Apr-19,00WW_6_17D,MR Update and SP (Pie 9),Monthly to Quarterly SPs after Oct-19,"May 07, 2019"
Nokia 6,2019-04-01,Monthly,Oct-20,Apr-19,00A0_6_17D / 00S0_6_17D,MR Update and SP (Pie 9),Monthly to Quarterly SPs after Oct-19,"May 07, 2019"
Nokia 6,2019-04-01,Monthly,Oct-20,Apr-19,00WW_6_17D,MR Update and SP (Pie 9),Monthly to Quarterly SPs after Oct-19,"May 07, 2019"
Nokia 5.1 Plus,2019-04-01,Monthly,Oct-21,Apr-19,00WW_2_16A,MR Update and SP (Pie 9),,"May 03, 2019"
Nokia 3.1,2019-04-01,Monthly,Jul-21,Apr-19,00WW_3_180_SP01,SP Only (Pie 9),,"May 01, 2019"
Nokia 8.1,2019-04-01,Monthly,Dec-21,Apr-19,00WW_2_59E,MR Update and SP (Pie 9),,"May 01, 2019"
Nokia 3.1 Plus ,2019-04-01,Monthly,Oct-21,Apr-19,00WW_2_230_SP02,SP Only (Pie 9),,"April 30, 2019"
Nokia 6.1 Plus,2019-04-01,Monthly,Aug-21,Apr-19,00WW_3_51F_SP01,SP Only (Pie 9),,"April 30, 2019"
Nokia 6.1,2019-04-01,Monthly,Apr-21,Apr-19,00WW_3_51F_SP01,SP Only (Pie 9),,"April 30, 2019"
Nokia 7 Plus,2019-04-01,Monthly,Apr-21,Apr-19,00WW_3_51F_SP01,SP Only (Pie 9),,"April 30, 2019"
Nokia 7.1,2019-04-01,Monthly,Nov-21,Apr-19,00WW_3_51F_SP01,SP Only (Pie 9),,"April 30, 2019"
Nokia 8,2019-04-01,Monthly,Oct-20,Apr-19,00WW_5_150,MR Update and SP (Pie 9),Monthly to Quarterly SPs after Oct-19,"April 30, 2019"
Nokia 9 Pureview,2019-04-01,Monthly,Mar-22,Apr-19,00WW_4_22D,MR Update and SP (Pie 9),,"April 30, 2019"
Nokia 8 Sirocco,2019-04-01,Monthly,May-21,Apr-19,00WW_4_14B,MR Update and SP (Pie 9),,"April 29, 2019"
Nokia 5.1,2019-04-01,Monthly,Aug-21,Apr-19,00WW_3_190_SP01 ,SP Only (Pie 9),,"April 29, 2019"
Nokia 2.1,2019-04-01,Monthly,Aug-21,Apr-19,00WW_1_13B,MR Update and SP (Pie 9 GO),Monthly to Quarterly SPs after Aug-20,"April 26, 2019"
Nokia 1 Plus,2019-04-01,Monthly,Feb-22,Apr-19,00WW_0_630_SP01,SP Only (Pie 9 GO),Monthly to Quarterly SPs after Feb-21,"April 25, 2019"
Nokia 2,2019-04-01,Monthly,Nov-19,Apr-19,00WW_0_680_SP05,SP Only (Nougat),,"April 25, 2019"
Nokia 3,2019-04-01,Monthly,Sep-20,Apr-19,00WW_4_43E_SP02,SP Only (Oreo 8.1),Monthly to Quarterly SPs after Sep-19,"April 24, 2019"
Nokia 4.2,2019-04-01,Monthly,Apr-22,Apr-19,00WW_1_17I,MR Update and SP (Pie 9),,"April 23, 2019"
Nokia 9 Pureview,2019-04-01,Monthly,Mar-22,Apr-19,00WW_4_22C,MR Update and SP (Pie 9),,"April 18, 2019"
Nokia 6,2019-03-01,Monthly,Sep-19,Mar-19,00S0_6_12H_SP01 / 00A0_6_12H_SP01,SP Only - Amazon US/India (Pie 9),,"April 18, 2019"
Nokia 6,2019-03-01,Monthly,Oct-20,Mar-19,00WW_6_12H_SP01,SP Only (Pie 9),Monthly to Quarterly SPs after Oct-19,"April 18, 2019"
Nokia 5,2019-03-01,Monthly,Oct-20,Mar-19,00WW_6_12E_SP02,SP Only (Pie 9),Monthly to Quarterly SPs after Oct-19,"April 18, 2019"
Nokia 8,2019-03-01,Monthly,Oct-20,Mar-19,00WW_5_140_SP01,SP Only (Pie 9),Monthly to Quarterly SPs after Oct-19,"April 17, 2019"
Nokia 8,2019-03-01,Monthly,Oct-20,Mar-19,00WW_5_110_SP02,SP Only (Pie 9),Monthly to Quarterly SPs after Oct-19,"April 17, 2019"
Nokia 3.1 Plus ,2019-04-01,Monthly,Oct-21,Apr-19,00WW_1_31K_SP04,SP Only (Oreo 8.1),,"April 16, 2019"
Nokia 1 Plus,2019-04-01,Monthly,Feb-22,Apr-19,00WW_0_750,MR Update and SP (Pie 9 GO),Monthly to Quarterly SPs after Feb-21,"April 11, 2019"
Nokia X71,2019-03-01,Monthly,May-19,Mar-19,00WW_1_18F,MR Update and SP (Pie 9),,"April 10, 2019"
Nokia 1,2019-04-01,Monthly,Apr-21,Apr-19,00WW_1_550_SP01 / 00WW_1_550_RU_SP01,SP Only (Oreo 8.1 GO),Monthly to Quarterly SPs after Apr-20,"April 09, 2019"
Nokia 3.1 Plus ,2019-03-01,Monthly,Oct-21,Mar-19,00WW_2_230_SP01,SP Only (Pie 9),,"April 08, 2019"
Nokia 5.1,2019-03-01,Monthly,Aug-21,Mar-19,00WW_0_42C,MR Update and SP (Oreo 8.0),,"April 05, 2019"
Nokia 3.1,2019-03-01,Monthly,Jul-21,Mar-19,00WW_2_760,MR Update and SP (Oreo 8.1),,"April 03, 2019"
Nokia 2.1,2019-03-01,Monthly,Aug-21,Mar-19,00WW_0_35B_SP06,SP Only (Oreo 8.1 GO),Monthly to Quarterly SPs after Aug-20,"April 03, 2019"
Nokia 3,2019-03-01,Monthly,Sep-20,Mar-19,00WW_4_43E_SP01,SP Only (Oreo 8.1),Monthly to Quarterly SPs after Sep-19,"April 03, 2019"
Nokia 2.1,2019-03-01,Monthly,Aug-21,Mar-19,00WW_1_08C_SP01,SP Only (Pie 9 GO),Monthly to Quarterly SPs after Aug-20,"April 01, 2019"
Nokia 1,2019-03-01,Monthly,Apr-21,Mar-19,00WW_1_550_RU,MR Update and SP (Oreo 8.1 GO),Monthly to Quarterly SPs after Apr-20,"March 29, 2019"
Nokia 6.1,2019-03-01,Monthly,Apr-21,Mar-19,00WW_3_51F,MR Update and SP (Pie 9),,"March 28, 2019"
Nokia 7 Plus,2019-03-01,Monthly,Apr-21,Mar-19,00WW_3_51F,MR Update and SP (Pie 9),,"March 28, 2019"
Nokia 1,2019-03-01,Monthly,Apr-21,Mar-19,00WW_1_550,MR Update and SP (Oreo 8.1 GO),Monthly to Quarterly SPs after Apr-20,"March 27, 2019"
Nokia 6.1 Plus,2019-03-01,Monthly,Aug-21,Mar-19,00WW_3_51F,MR Update and SP (Pie 9),,"March 26, 2019"
Nokia 7.1,2019-03-01,Monthly,Nov-21,Mar-19,00WW_3_51F,MR Update and SP (Pie 9),,"March 26, 2019"
Nokia 7.1,2019-02-01,Monthly,Nov-21,Feb-19,00WW_2_59B_SP01,SP Only (Oreo 8.1),,"March 25, 2019"
Nokia 1 Plus,2019-03-01,Monthly,Feb-22,Mar-19,00WW_0_630,MR Update and SP (Pie 9 GO),Monthly to Quarterly SPs after Feb-21,"March 20, 2019"
Nokia 8.1,2019-03-01,Monthly,Dec-21,Mar-19,00WW_3_020_SP01,SP Only (Pie 9),,"March 19, 2019"
Nokia 5.1,2019-03-01,Monthly,Aug-21,Mar-19,00WW_3_190,MR Upgrade and SP (Pie 9),,"March 19, 2019"
Nokia 5.1 Plus,2019-03-01,Monthly,Oct-21,Mar-19,00WW_2_14A_SP01 ,SP Only (Pie 9),,"March 18, 2019"
Nokia 8.1,2019-03-01,Monthly,Dec-21,Mar-19,00WW_2_590_SP01,SP Only (Pie 9),,"March 18, 2019"
Nokia 2.1,2019-02-01,Monthly,Aug-21,Feb-19,00WW_0_520_SP01,SP Only (Oreo 8.1 GO),Monthly to Quarterly SPs after Aug-20,"March 15, 2019"
Nokia 3.1,2019-03-01,Monthly,Jul-21,Mar-19,00WW_3_180,MR Upgrade and SP (Pie 9),,"March 14, 2019"
Nokia 3,2019-02-01,Monthly,Sep-20,Feb-19,00WW_4_43E,MR Update and SP (Oreo 8.1),Monthly to Quarterly SPs after Sep-19,"March 14, 2019"
Nokia 3.1 Plus ,2019-02-01,Monthly,Oct-21,Feb-19,00WW_1_31K_SP03,SP Only (Oreo 8.1),,"March 12, 2019"
Nokia 7 Plus,2019-02-01,Monthly,Apr-21,Feb-19,00WW_3_22C_SP05,SP Only (Pie 9),,"March 11, 2019"
Nokia 8.1,2019-02-01,Monthly,Dec-21,Feb-19,00WW_2_59A,MR Update and SP (Pie 9),,"March 08, 2019"
Nokia 8.1,2019-02-01,Monthly,Dec-21,Feb-19,00WW_3_020,MR Update and SP (Pie 9),,"March 05, 2019"
Nokia 9 Pureview,2019-02-01,Monthly,Mar-22,Feb-19,00WW_4_19A,MR Update and SP (Pie 9),,"March 04, 2019"
Nokia 2.1,2019-02-01,Monthly,Aug-21,Feb-19,00WW_0_35B_SP05,SP Only (Oreo 8.1 GO),Monthly to Quarterly SPs after Aug-20,"February 27, 2019"
Nokia 5.1,2019-02-01,Monthly,Aug-21,Feb-19,00WW_0_38E_SP06,SP Only (Oreo 8.0),,"February 27, 2019"
Nokia 5.1,2019-02-01,Monthly,Aug-21,Feb-19,00WW_0_38A_SP06,SP Only (Oreo 8.0),,"February 27, 2019"
Nokia 5.1,2019-02-01,Monthly,Aug-21,Feb-19,00WW_0_33H_SP06,SP Only (Oreo 8.0),,"February 27, 2019"
Nokia 3.1,2019-02-01,Monthly,Jul-21,Feb-19,00WW_2_680_SP02,SP Only (Oreo 8.1),,"February 27, 2019"
Nokia 7 Plus,2019-02-01,Monthly,Apr-21,Feb-19,00WW_3_39B_SP03,SP Only (Pie 9),,"February 27, 2019"
Nokia 8.1,2019-02-01,Monthly,Dec-21,Feb-19,00WW_2_590,MR Update and SP (Pie 9),,"February 26, 2019"
Nokia 3.1 Plus ,2019-02-01,Monthly,Oct-21,Feb-19,00WW_2_230,MR Upgrade and SP (Pie 9),,"February 26, 2019"
Nokia 8.1,2019-02-01,Monthly,Dec-21,Feb-19,00WW_2_590,SP Only (Pie 9),,"February 26, 2019"
Nokia 5.1 Plus,2019-02-01,Monthly,Oct-21,Feb-19,00WW_1_14A_SP02 ,SP Only (Oreo 8.1),,"February 25, 2019"
Nokia 7.1,2019-02-01,Monthly,Nov-21,Feb-19,00WW_3_45_SP02,SP Only (Pie 9),,"February 25, 2019"
Nokia 6.1 Plus,2019-02-01,Monthly,Aug-21,Feb-19,00WW_3_45B_SP02,SP Only (Pie 9),,"February 25, 2019"
Nokia 6.1,2019-02-01,Monthly,Apr-21,Feb-19,00WW_3_260_SP04,SP Only (Pie 9),,"February 25, 2019"
Nokia 2.1,2019-01-01,Monthly,Aug-21,Jan-19,00WW_0_520,MR Update and SP (Oreo 8.1 GO),Monthly to Quarterly SPs after Aug-20,"February 21, 2019"
Nokia 2.1,2019-02-01,Monthly,Aug-21,Feb-19,00WW_1_08C,MR Upgrade and SP (Pie 9 GO),Monthly to Quarterly SPs after Aug-20,"February 21, 2019"
Nokia 5,2019-02-01,Monthly,Oct-20,Feb-19,00WW_6_12E_SP01,SP Only (Pie 9),Monthly to Quarterly SPs after Oct-19,"February 21, 2019"
Nokia 8 Sirocco,2019-02-01,Monthly,May-21,Feb-19,00WW_4_120_SP02,SP Only (Pie 9),,"February 21, 2019"
Nokia 8,2019-02-01,Monthly,Oct-20,Feb-19,00WW_5_140,MR Update and SP (Pie 9),Monthly to Quarterly SPs after Oct-19,"February 20, 2019"
Nokia 6,2019-02-01,Monthly,Sep-19,Feb-19,00S0_6_12H / 00A0_6_12H,MR Upgrade and SP - Amazon US/India Pie 9),,"February 20, 2019"
Nokia 6,2019-02-01,Monthly,Oct-20,Feb-19,00WW_6_12H ,MR Upgrade and SP (Pie 9),Monthly to Quarterly SPs after Oct-19,"February 20, 2019"
Nokia 1,2019-02-01,Monthly,Apr-21,Feb-19,00WW_1_40A_SP03 / 00WW_1_40A_RU_SP03,SP Only (Oreo 8.1 GO),Monthly to Quarterly SPs after Apr-20,"February 19, 2019"
Nokia 5.1 Plus,2019-02-01,Monthly,Oct-21,Feb-19,00WW_2_14A,MR Update and SP (Pie 9),,"February 14, 2019"
Nokia 2,2019-02-01,Monthly,Nov-19,Feb-19,00WW_0_680_SP04,SP Only (Nougat),,"February 13, 2019"
Nokia 8,2019-01-01,Monthly,Oct-20,Jan-19,00WW_4_88B_SP08,SP Only (Oreo 8.1),Monthly to Quarterly SPs after Oct-19,"February 01, 2019"
Nokia 6.1 Plus,2019-01-01,Monthly,Aug-21,Jan-19,00WW_3_45B_SP01,SP Only (Pie 9),,"January 29, 2019"
Nokia 8.1,2019-01-01,Monthly,Dec-21,Jan-19,00WW_2_47A_SP01,SP Only (Pie 9),,"January 29, 2019"
Nokia 5.1 Plus,2019-01-01,Monthly,Oct-21,Jan-19,00WW_2_09B_SP01,SP Only (Pie 9),,"January 29, 2019"
Nokia 8,2019-01-01,Monthly,Oct-20,Jan-19,00WW_5_110_SP01,SP Only (Pie 9),Monthly to Quarterly SPs after Oct-19,"January 29, 2019"
Nokia 3,2019-01-01,Monthly,Sep-20,Jan-19,00WW_4_42D_SP01,SP Only (Oreo 8.1),Monthly to Quarterly SPs after Sep-19,"January 24, 2019"
Nokia 3,2019-01-01,Monthly,Sep-20,Jan-19,00WW_3_380_SP06,SP Only (Oreo 8.0),Monthly to Quarterly SPs after Sep-19,"January 24, 2019"
Nokia 5,2019-01-01,Monthly,Oct-20,Jan-19,00WW_6_12E,MR Upgrade and SP (Pie 9),Monthly to Quarterly SPs after Oct-19,"January 24, 2019"
Nokia 6.1,2019-01-01,Monthly,Apr-21,Jan-19,00WW_3_260_SP03,SP Only (Pie 9),,"January 22, 2019"
Nokia 7 Plus,2019-01-01,Monthly,Apr-21,Jan-19,00WW_3_39B_SP02,SP Only (Pie 9),,"January 22, 2019"
Nokia 7 Plus,2019-01-01,Monthly,Apr-21,Jan-19,00WW_3_22C_SP04,SP Only (Pie 9),,"January 22, 2019"
Nokia 2.1,2019-01-01,Monthly,Aug-21,Jan-19,00WW_0_390_SP03,SP Only (Oreo 8.1 GO),Monthly to Quarterly SPs after Aug-20,"January 19, 2019"
Nokia 2.1,2019-01-01,Monthly,Aug-21,Jan-19,00WW_0_35B_SP04,SP Only (Oreo 8.1 GO),Monthly to Quarterly SPs after Aug-20,"January 19, 2019"
Nokia 1,2019-01-01,Monthly,Apr-21,Jan-19,00WW_1_40A_SP02 / 00WW_1_40A_RU_SP02,SP Only (Oreo 8.1 GO),Monthly to Quarterly SPs after Apr-20,"January 18, 2019"
Nokia 5.1,2019-01-01,Monthly,Aug-21,Jan-19,00WW_0_38E_SP05,SP Only (Oreo 8.0),,"January 18, 2019"
Nokia 5.1,2019-01-01,Monthly,Aug-21,Jan-19,00WW_0_38A_SP05,SP Only (Oreo 8.0),,"January 18, 2019"
Nokia 2,2019-01-01,Monthly,Nov-19,Jan-19,00WW_0_680_SP03,SP Only (Nougat),,"January 17, 2019"
Nokia 8 Sirocco,2019-01-01,Monthly,May-21,Jan-19,00WW_4_120_SP01,SP Only (Pie 9),,"January 17, 2019"
Nokia 3.1,2019-01-01,Monthly,Jul-21,Jan-19,00WW_2_680_SP01,SP Only (Oreo 8.1),,"January 16, 2019"
Nokia 5.1,2019-01-01,Monthly,Aug-21,Jan-19,00WW_0_33H_SP05,SP Only (Oreo 8.0),,"January 16, 2019"
Nokia 3.1 Plus ,2019-01-01,Monthly,Oct-21,Jan-19,00WW_1_31K_SP02,SP Only (Oreo 8.1),,"January 15, 2019"
Nokia 6,2019-01-01,Monthly,Sep-19,Jan-19,00S0_5_600_SP09  /  00A0_5_600_SP09,SP Only - Amazon US/India (Oreo 8.1),,"January 15, 2019"
Nokia 6,2019-01-01,Monthly,Oct-20,Jan-19,00WW_5_600_SP09,SP Only (Oreo 8.1),Monthly to Quarterly SPs after Oct-19,"January 15, 2019"
Nokia 6,2019-01-01,Monthly,Oct-20,Jan-19,00WW_5_580_SP10,SP Only (Oreo 8.1),Monthly to Quarterly SPs after Oct-19,"January 15, 2019"
Nokia 7.1,2019-01-01,Monthly,Nov-21,Jan-19,00WW_3_45_SP01 ,SP Only (Pie 9),,"January 15, 2019"
Nokia 8 Sirocco,2018-12-01,Monthly,May-21,Dec-18,00WW_4_120,MR Upgrade and SP (Pie 9),,"January 09, 2019"
Nokia 3,2018-12-01,Monthly,Sep-20,Dec-18,00WW_3_380_SP05,SP Only (Oreo 8.0),Monthly to Quarterly SPs after Sep-19,"January 04, 2019"
Nokia 5.1 Plus,2018-12-01,Monthly,Oct-21,Dec-18,00WW_2_09B,MR Upgrade and SP (Pie 9),,"December 27, 2018"
Nokia 6.1 Plus,2018-12-01,Monthly,Aug-21,Dec-18,00WW_3_45B,MR Update and SP (Pie 9),,"December 26, 2018"
Nokia 3.1 Plus ,2018-12-01,Monthly,Oct-21,Dec-18,00WW_1_31K_SP01,SP Only (Oreo 8.1),,"December 25, 2018"
Nokia 7.1,2018-12-01,Monthly,Nov-21,Dec-18,00WW_3_39A_SP01,SP Only (Pie 9),,"December 24, 2018"
Nokia 1,2018-12-01,Monthly,Apr-21,Dec-18,00WW_1_40A_SP01 / 00WW_1_40A_RU_SP01,SP Only (Oreo 8.1 GO),Monthly to Quarterly SPs after Apr-20,"December 20, 2018"
Nokia 2.1,2018-12-01,Monthly,Aug-21,Dec-18,00WW_0_390_SP02,SP Only (Oreo 8.1 GO),Monthly to Quarterly SPs after Aug-20,"December 20, 2018"
Nokia 2.1,2018-12-01,Monthly,Aug-21,Dec-18,00WW_0_35B_SP03,SP Only (Oreo 8.1 GO),Monthly to Quarterly SPs after Aug-20,"December 20, 2018"
Nokia 5.1,2018-12-01,Monthly,Aug-21,Dec-18,00WW_0_38E_SP04,SP Only (Oreo 8.0),,"December 20, 2018"
Nokia 5.1,2018-12-01,Monthly,Aug-21,Dec-18,00WW_0_38A_SP04,SP Only (Oreo 8.0),,"December 20, 2018"
Nokia 8,2018-12-01,Monthly,Oct-20,Dec-18,00WW_4_88B_SP07,SP Only (Oreo 8.1),Monthly to Quarterly SPs after Oct-19,"December 20, 2018"
Nokia 8,2018-12-01,Monthly,Oct-20,Dec-18,00WW_4_84A_SP10,SP Only (Oreo 8.1),Monthly to Quarterly SPs after Oct-19,"December 20, 2018"
Nokia 3.1,2018-12-01,Monthly,Jul-21,Dec-18,00WW_2_680,MR Update and SP (Oreo 8.1),,"December 19, 2018"
Nokia 5.1,2018-12-01,Monthly,Aug-21,Dec-18,00WW_0_33H_SP04,SP Only (Oreo 8.0),,"December 19, 2018"
Nokia 8,2018-12-01,Monthly,Oct-20,Dec-18,00WW_5_110,MR Upgrade and SP (Pie 9),Monthly to Quarterly SPs after Oct-19,"December 19, 2018"
Nokia 6.1,2018-12-01,Monthly,Apr-21,Dec-18,00WW_2_22E_SP05,SP Only (Oreo 8.1),,"December 18, 2018"
Nokia 6.1,2018-12-01,Monthly,Apr-21,Dec-18,00WW_3_260_SP02,SP Only (Pie 9),,"December 18, 2018"
Nokia 5.1 Plus,2018-12-01,Monthly,Oct-21,Dec-18,00WW_1_14_SP01,SP Only (Oreo 8.1),,"December 18, 2018"
Nokia 5.1 Plus,2018-12-01,Monthly,Oct-21,Dec-18,00WW_1_130_SP02,SP Only (Oreo 8.1),,"December 18, 2018"
Nokia 3,2018-12-01,Monthly,Sep-20,Dec-18,00WW_4_42D,MR Upgrade and SP (Oreo 8.1),Monthly to Quarterly SPs after Sep-19,"December 18, 2018"
Nokia 2,2018-12-01,Monthly,Nov-19,Dec-18,00WW_0_680_SP02,SP Only (Nougat),,"December 18, 2018"
Nokia 8.1,2018-12-01,Monthly,Dec-21,Dec-18,00WW_2_47A,MR Update and SP (Pie 9),,"December 13, 2018"
Nokia 3.1 Plus ,2017-11-01,Monthly,Oct-21,Nov-18,00WW_1_31K,MR Update and SP (Oreo 8.1),,"December 12, 2018"
Nokia 6,2018-12-01,Monthly,Sep-19,Dec-18,00S0_5_600_SP08  /  00A0_5_600_SP08,SP Only - Amazon US/India (Oreo 8.1),,"December 12, 2018"
Nokia 6,2018-12-01,Monthly,Oct-20,Dec-18,00WW_5_600_SP08,SP Only (Oreo 8.1),Monthly to Quarterly SPs after Oct-19,"December 12, 2018"
Nokia 6,2018-12-01,Monthly,Oct-20,Dec-18,00WW_5_580_SP09,SP Only (Oreo 8.1),Monthly to Quarterly SPs after Oct-19,"December 12, 2018"
Nokia 5,2018-12-01,Monthly,Oct-20,Dec-18,00WW_5_63A_SP05,SP Only (Oreo 8.1),Monthly to Quarterly SPs after Oct-19,"December 12, 2018"
Nokia 5,2018-12-01,Monthly,Oct-20,Dec-18,00WW_5_600_SP08,SP Only (Oreo 8.1),Monthly to Quarterly SPs after Oct-19,"December 12, 2018"
Nokia 5,2018-12-01,Monthly,Oct-20,Dec-18,00WW_5_580_SP09,SP Only (Oreo 8.1),Monthly to Quarterly SPs after Oct-19,"December 12, 2018"
Nokia 7.1,2018-12-01,Monthly,Nov-21,Dec-18,00WW_3_45A,MR Update and SP (Pie 9),,"December 11, 2018"
Nokia 8 Sirocco,2018-12-01,Monthly,May-21,Dec-18,00WW_3_10D_SP08,SP Only (Oreo 8.1),,"December 11, 2018"
Nokia 7 Plus,2018-12-01,Monthly,Apr-21,Dec-18,00WW_3_39B_SP01,SP Only (Pie 9),,"December 10, 2018"
Nokia 7 Plus,2018-12-01,Monthly,Apr-21,Dec-18,00WW_3_22C_SP03,SP Only (Pie 9),,"December 10, 2018"
Nokia 1,2018-11-01,Monthly,Apr-21,Nov-18,00WW_1_40A / 00WW_1_40A_RU,MR Update and SP (Oreo 8.1 GO),Monthly to Quarterly SPs after Apr-20,"December 06, 2018"
Nokia 7 Plus,2018-11-01,Monthly,Apr-21,Nov-18,00WW_3_22C_SP02,SP Only (Pie 9),,"December 04, 2018"
Nokia 2.1,2018-11-01,Monthly,Aug-21,Nov-18,00WW_0_390_SP01,SP Only (Oreo 8.1 GO),Monthly to Quarterly SPs after Aug-20,"November 30, 2018"
Nokia 2.1,2018-11-01,Monthly,Aug-21,Nov-18,00WW_0_35B_SP02,SP Only (Oreo 8.1 GO),Monthly to Quarterly SPs after Aug-20,"November 30, 2018"
Nokia 5.1 Plus,2018-11-01,Monthly,Oct-21,Nov-18,00WW_1_14A,MR Update and SP (Oreo 8.1),,"November 29, 2018"
Nokia 2,2018-11-01,Monthly,Nov-19,Nov-18,00WW_0_680_SP01,SP Only (Nougat),,"November 29, 2018"
Nokia 3.1 Plus ,2018-11-01,Monthly,Oct-21,Nov-18,00WW_1_26F_SP02,SP Only (Oreo 8.1),,"November 28, 2018"
Nokia 6.1 Plus,2018-11-01,Monthly,Aug-21,Nov-18,00WW_3_30B_SP01,SP Only (Pie 9),,"November 28, 2018"
Nokia 6.1,2018-11-01,Monthly,Apr-21,Nov-18,00WW_3_260_SP01,SP Only (Pie 9),,"November 27, 2018"
Nokia 5.1 Plus,2018-11-01,Monthly,Oct-21,Nov-18,00WW_1_130_SP01,SP Only (Oreo 8.1),,"November 27, 2018"
Nokia 7 Plus,2018-11-01,Monthly,Apr-21,Nov-18,00WW_3_39B,MR Upgrade and SP (Pie 9),,"November 27, 2018"
Nokia 7.1,2018-11-01,Monthly,Nov-21,Nov-18,00WW_3_39A,MR Upgrade and SP (Pie 9),,"November 27, 2018"
Nokia 5.1,2018-11-01,Monthly,Aug-21,Nov-18,00WW_0_38E_SP03,SP Only (Oreo 8.0),,"November 27, 2018"
Nokia 2.1,2018-10-01,Monthly,Aug-21,Oct-18,00WW_0_390,MR Update and SP (Oreo 8.1 GO),Monthly to Quarterly SPs after Aug-20,"November 26, 2018"
Nokia 2.1,2018-10-01,Monthly,Aug-21,Oct-18,00WW_0_35B_SP01,SP Only (Oreo 8.1 GO),Monthly to Quarterly SPs after Aug-20,"November 23, 2018"
Nokia 5.1,2018-11-01,Monthly,Aug-21,Nov-18,00WW_0_38A_SP03,SP Only (Oreo 8.0),,"November 22, 2018"
Nokia 3,2018-11-01,Monthly,Sep-20,Nov-18,00WW_3_380_SP04,SP Only (Oreo 8.0),Monthly to Quarterly SPs after Sep-19,"November 21, 2018"
Nokia 3,2018-11-01,Monthly,Sep-20,Nov-18,00WW_3_310_SP07,SP Only (Oreo 8.0),Monthly to Quarterly SPs after Sep-19,"November 21, 2018"
Nokia 3,2018-11-01,Monthly,Sep-20,Nov-18,00WW_2_15H_SP10,SP Only (Nougat),Monthly to Quarterly SPs after Sep-19,"November 21, 2018"
Nokia 6.1,2018-11-01,Monthly,Apr-21,Nov-18,00WW_2_22E_SP04,SP Only (Oreo 8.1),,"November 20, 2018"
Nokia 6.1 Plus,2018-11-01,Monthly,Aug-21,Nov-18,00WW_3_38A,MR Upgrade and SP (Pie 9),,"November 20, 2018"
Nokia 5.1,2018-11-01,Monthly,Aug-21,Nov-18,00WW_0_33H_SP03,SP Only (Oreo 8.0),,"November 19, 2018"
Nokia 1,2018-10-01,Monthly,Apr-21,Oct-18,00WW_1_33A_SP01,SP Only (Oreo 8.1 GO),Monthly to Quarterly SPs after Apr-20,"November 16, 2018"
Nokia 7.1,2018-11-01,Monthly,Nov-21,Nov-18,00WW_2_59B,MR Update and SP (Oreo 8.1),,"November 14, 2018"
Nokia 8 Sirocco,2018-11-01,Monthly,May-21,Nov-18,00WW_3_10D_SP07,SP Only (Oreo 8.1),,"November 14, 2018"
Nokia 6,2018-11-01,Monthly,Sep-19,Nov-18,00S0_5_600_SP07  /  00A0_5_600_SP07,SP Only - Amazon US/India (Oreo 8.1),,"November 13, 2018"
Nokia 6,2018-11-01,Monthly,Oct-20,Nov-18,00WW_5_600_SP07,SP Only (Oreo 8.1),Monthly to Quarterly SPs after Oct-19,"November 13, 2018"
Nokia 6,2018-11-01,Monthly,Oct-20,Nov-18,00WW_5_580_SP08,SP Only (Oreo 8.1),Monthly to Quarterly SPs after Oct-19,"November 13, 2018"
Nokia 5,2018-11-01,Monthly,Oct-20,Nov-18,00WW_5_63A_SP04,SP Only (Oreo 8.1),Monthly to Quarterly SPs after Oct-19,"November 13, 2018"
Nokia 5,2018-11-01,Monthly,Oct-20,Nov-18,00WW_5_600_SP07,SP Only (Oreo 8.1),Monthly to Quarterly SPs after Oct-19,"November 13, 2018"
Nokia 5,2018-11-01,Monthly,Oct-20,Nov-18,00WW_5_580_SP08,SP Only (Oreo 8.1),Monthly to Quarterly SPs after Oct-19,"November 13, 2018"
Nokia 8,2018-11-01,Monthly,Oct-20,Nov-18,00WW_4_88B_SP06,SP Only (Oreo 8.1),Monthly to Quarterly SPs after Oct-19,"November 13, 2018"
Nokia 8,2018-11-01,Monthly,Oct-20,Nov-18,00WW_4_84A_SP09,SP Only (Oreo 8.1),Monthly to Quarterly SPs after Oct-19,"November 13, 2018"
Nokia 3.1 Plus ,2018-10-01,Monthly,Oct-21,Oct-18,00WW_1_26F_SP01,SP Only (Oreo 8.1),,"November 06, 2018"
Nokia 5.1 Plus,2018-10-01,Monthly,Oct-21,Oct-18,00WW_1_130,MR Update and SP (Oreo 8.1),,"November 06, 2018"
Nokia 1,2018-10-01,Monthly,Apr-21,Oct-18,00WW_0_46C_SP03,SP Only (Oreo 8.1 GO),Monthly to Quarterly SPs after Apr-20,"November 06, 2018"
Nokia 2,2018-10-01,Monthly,Nov-19,Oct-18,00WW_0_64A_SP09,SP Only (Nougat),,"November 06, 2018"
Nokia 2.1,2018-09-01,Monthly,Aug-21,Sep-18,00WW_0_35B,MR Update and SP (Oreo 8.1 GO),Monthly to Quarterly SPs after Aug-20,"November 01, 2018"
Nokia 6.1 Plus,2018-10-01,Monthly,Aug-21,Oct-18,00WW_3_30B,MR Upgrade and SP (Pie 9),,"October 31, 2018"
Nokia 7.1,2018-10-01,Monthly,Nov-21,Oct-18,00WW_2_56A_SP01,SP Only (Oreo 8.1),,"October 31, 2018"
Nokia 6.1,2018-10-01,Monthly,Apr-21,Oct-18,00WW_3_260,MR Upgrade and SP (Pie 9),,"October 30, 2018"
Nokia 7 Plus,2018-10-01,Monthly,Apr-21,Oct-18,00WW_3_22C_SP01,SP Only (Pie 9),,"October 30, 2018"
Nokia 7 Plus,2018-10-01,Monthly,Apr-21,Oct-18,00WW_2_22M_SP02 ,SP Only (Oreo 8.1),,"October 30, 2018"
Nokia 7.1,2018-10-01,Monthly,Nov-21,Oct-18,00WW_2_57D,MR Update and SP (Oreo 8.1),,"October 30, 2018"
Nokia 3,2018-10-01,Monthly,Sep-20,Oct-18,00WW_3_380_SP03,SP Only (Oreo 8.0),Monthly to Quarterly SPs after Sep-19,"October 23, 2018"
Nokia 3,2018-10-01,Monthly,Sep-20,Oct-18,00WW_3_310_SP06,SP Only (Oreo 8.0),Monthly to Quarterly SPs after Sep-19,"October 23, 2018"
Nokia 3,2018-10-01,Monthly,Sep-20,Oct-18,00WW_2_15H_SP09,SP Only (Nougat),Monthly to Quarterly SPs after Sep-19,"October 23, 2018"
Nokia 5.1,2018-10-01,Monthly,Aug-21,Oct-18,00WW_0_38E_SP02,SP Only (Oreo 8.0),,"October 23, 2018"
Nokia 5.1,2018-08-01,Monthly,Aug-21,Aug-18,00WW_0_38E_SP01,SP Only (Oreo 8.0),,"October 19, 2018"
Nokia 2,2018-10-01,Monthly,Nov-19,Oct-18,00WW_0_680,MR Update and SP (Nougat),,"October 18, 2018"
Nokia 3.1,2018-09-01,Monthly,Jul-21,Sep-18,00WW_2_590,MR Update and SP (Oreo 8.1),,"October 17, 2018"
Nokia 5.1,2018-10-01,Monthly,Aug-21,Oct-18,00WW_0_38A_SP02,SP Only (Oreo 8.0),,"October 17, 2018"
Nokia 5.1,2018-10-01,Monthly,Aug-21,Oct-18,00WW_0_33H_SP02,SP Only (Oreo 8.0),,"October 17, 2018"
Nokia 8 Sirocco,2018-10-01,Monthly,May-21,Oct-18,00WW_3_10D_SP06,SP Only (Oreo 8.1),,"October 17, 2018"
Nokia 5.1 Plus,2018-10-01,Monthly,Oct-21,Oct-18,00WW_1_100_SP01,SP Only (Oreo 8.1),,"October 16, 2018"
Nokia 5.1 Plus,2018-10-01,Monthly,Oct-21,Oct-18,00WW_1_080_SP01,SP Only (Oreo 8.1),,"October 16, 2018"
Nokia 7.1,2018-09-01,Monthly,Nov-21,Sep-18,00WW_2_56A,MR Update and SP (Oreo 8.1),,"October 12, 2018"
Nokia 1,2018-09-01,Monthly,Apr-21,Sep-18,00WW_1_33A / 00WW_1_33A_RU,MR Update and SP (Oreo 8.1 GO),Monthly to Quarterly SPs after Apr-20,"October 11, 2018"
Nokia 3.1,2018-10-01,Monthly,Jul-21,Oct-18,00WW_0_46E_SP02,SP Only (Oreo 8.1),,"October 11, 2018"
Nokia 6,2018-10-01,Monthly,Sep-19,Oct-18,00S0_5_600_SP06  /  00A0_5_600_SP06,SP Only - Amazon US/India (Oreo 8.1),,"October 09, 2018"
Nokia 6,2018-10-01,Monthly,Oct-20,Oct-18,00WW_5_600_SP06,SP Only (Oreo 8.1),Monthly to Quarterly SPs after Oct-19,"October 09, 2018"
Nokia 6,2018-10-01,Monthly,Oct-20,Oct-18,00WW_5_580_SP07,SP Only (Oreo 8.1),Monthly to Quarterly SPs after Oct-19,"October 09, 2018"
Nokia 5,2018-10-01,Monthly,Oct-20,Oct-18,00WW_5_63A_SP03,SP Only (Oreo 8.1),Monthly to Quarterly SPs after Oct-19,"October 09, 2018"
Nokia 5,2018-10-01,Monthly,Oct-20,Oct-18,00WW_5_600_SP06,SP Only (Oreo 8.1),Monthly to Quarterly SPs after Oct-19,"October 09, 2018"
Nokia 5,2018-10-01,Monthly,Oct-20,Oct-18,00WW_5_580_SP07,SP Only (Oreo 8.1),Monthly to Quarterly SPs after Oct-19,"October 09, 2018"
Nokia 8,2018-10-01,Monthly,Oct-20,Oct-18,00WW_4_88B_SP05,SP Only (Oreo 8.1),Monthly to Quarterly SPs after Oct-19,"October 09, 2018"
Nokia 8,2018-10-01,Monthly,Oct-20,Oct-18,00WW_4_84A_SP08,SP Only (Oreo 8.1),Monthly to Quarterly SPs after Oct-19,"October 09, 2018"
Nokia 5.1 Plus,2018-09-01,Monthly,Oct-21,Sep-18,00WW_1_100,MR Update and SP (Oreo 8.1),,"October 03, 2018"
Nokia 3,2018-09-01,Monthly,Sep-20,Sep-18,00WW_3_380_SP02,SP Only (Oreo 8.0),Monthly to Quarterly SPs after Sep-19,"October 02, 2018"
Nokia 3,2018-09-01,Monthly,Sep-20,Sep-18,00WW_3_310_SP05,SP Only (Oreo 8.0),Monthly to Quarterly SPs after Sep-19,"October 02, 2018"
Nokia 3,2018-09-01,Monthly,Sep-20,Sep-18,00WW_2_15H_SP08,SP Only (Nougat),Monthly to Quarterly SPs after Sep-19,"October 02, 2018"
Nokia 2,2018-09-01,Monthly,Nov-19,Sep-18,00WW_0_64I_SP04,SP Only (Nougat),,"October 02, 2018"
Nokia 2,2018-09-01,Monthly,Nov-19,Sep-18,00WW_0_64D_SP06,SP Only (Nougat),,"October 02, 2018"
Nokia 2,2018-09-01,Monthly,Nov-19,Sep-18,00WW_0_64A_SP08,SP Only (Nougat),,"October 02, 2018"
Nokia 6.1 Plus,2018-09-01,Monthly,Aug-21,Sep-18,00WW_2_50A_SP01,SP Only (Oreo 8.1),,"October 02, 2018"
Nokia 7 Plus,2018-09-01,Monthly,Apr-21,Sep-18,00WW_2_22M_SP01 ,SP Only (Oreo 8.1),,"October 01, 2018"
Nokia 7 Plus,2018-09-01,Monthly,Apr-21,Sep-18,00WW_3_22C,MR Upgrade and SP (Pie 9),,"September 28, 2018"
Nokia 6.1,2018-09-01,Monthly,Apr-21,Sep-18,00WW_2_22E_SP03,SP Only (Oreo 8.1),,"September 25, 2018"
Nokia 6.1,2018-09-01,Monthly,Apr-21,Sep-18,00WW_2_22A_SP04,SP Only (Oreo 8.1),,"September 25, 2018"
Nokia 6.1,2018-09-01,Monthly,Apr-21,Sep-18,00WW_2_13B_SP05,SP Only (Oreo 8.1),,"September 25, 2018"
Nokia 8,2018-09-01,Monthly,Oct-20,Sep-18,00WW_4_88B_SP04,SP Only (Oreo 8.1),Monthly to Quarterly SPs after Oct-19,"September 19, 2018"
Nokia 8,2018-09-01,Monthly,Oct-20,Sep-18,00WW_4_84A_SP07,SP Only (Oreo 8.1),Monthly to Quarterly SPs after Oct-19,"September 19, 2018"
Nokia 5.1 Plus,2018-09-01,Monthly,Oct-21,Sep-18,00WW_1_080,MR Update and SP (Oreo 8.1),,"September 17, 2018"
Nokia 3.1,2018-09-01,Monthly,Jul-21,Sep-18,00WW_2_56B,MR Upgrade and SP (Oreo 8.1),,"September 13, 2018"
Nokia 6,2018-09-01,Monthly,Sep-19,Sep-18,00S0_5_600_SP05  /  00A0_5_600_SP05,SP Only - Amazon US/India (Oreo 8.1),,"September 12, 2018"
Nokia 6,2018-09-01,Monthly,Oct-20,Sep-18,00WW_5_600_SP05,SP Only (Oreo 8.1),Monthly to Quarterly SPs after Oct-19,"September 12, 2018"
Nokia 6,2018-09-01,Monthly,Oct-20,Sep-18,00WW_5_580_SP06,SP Only (Oreo 8.1),Monthly to Quarterly SPs after Oct-19,"September 12, 2018"
Nokia 5,2018-09-01,Monthly,Oct-20,Sep-18,00WW_5_63A_SP02,SP Only (Oreo 8.1),Monthly to Quarterly SPs after Oct-19,"September 12, 2018"
Nokia 5,2018-09-01,Monthly,Oct-20,Sep-18,00WW_5_600_SP05,SP Only (Oreo 8.1),Monthly to Quarterly SPs after Oct-19,"September 12, 2018"
Nokia 5,2018-09-01,Monthly,Oct-20,Sep-18,00WW_5_580_SP06,SP Only (Oreo 8.1),Monthly to Quarterly SPs after Oct-19,"September 12, 2018"
Nokia 8 Sirocco,2018-09-01,Monthly,May-21,Sep-18,00WW_3_10D_SP05,SP Only (Oreo 8.1),,"September 12, 2018"
Nokia 7 Plus,2018-08-01,Monthly,Apr-21,Aug-18,00WW_2_22M,MR Update and SP (Oreo 8.1),,"September 07, 2018"
Nokia 3,2018-08-01,Monthly,Sep-20,Aug-18,00WW_2_15H_SP07,SP Only (Nougat),Monthly to Quarterly SPs after Sep-19,"September 04, 2018"
Nokia 3,2018-08-01,Monthly,Sep-20,Aug-18,00WW_3_310_SP04,SP Only (Oreo 8.0),Monthly to Quarterly SPs after Sep-19,"September 03, 2018"
Nokia 2.1,2018-08-01,Monthly,Aug-21,Aug-18,00WW_0_29G,MR Update and SP (Oreo 8.1 GO),Monthly to Quarterly SPs after Aug-20,"August 31, 2018"
Nokia 2.1,2018-08-01,Monthly,Aug-21,Aug-18,00WW_0_29B,MR Update and SP (Oreo 8.1 GO),Monthly to Quarterly SPs after Aug-20,"August 31, 2018"
Nokia 6.1 Plus,2018-08-01,Monthly,Aug-21,Aug-18,00WW_2_50A,MR Update and SP (Oreo 8.1),,"August 31, 2018"
Nokia 3.1,2018-08-01,Monthly,Jul-21,Aug-18,00WW_0_46E_SP01,SP Only (Oreo 8.0),,"August 28, 2018"
Nokia 3,2018-08-01,Monthly,Sep-20,Aug-18,00WW_3_380_SP01,SP Only (Oreo 8.0),Monthly to Quarterly SPs after Sep-19,"August 28, 2018"
Nokia 2,2018-08-01,Monthly,Nov-19,Aug-18,00WW_0_64I_SP03,SP Only (Nougat),,"August 28, 2018"
Nokia 2,2018-08-01,Monthly,Nov-19,Aug-18,00WW_0_64D_SP05,SP Only (Nougat),,"August 28, 2018"
Nokia 2,2018-08-01,Monthly,Nov-19,Aug-18,00WW_0_64A_SP07,SP Only (Nougat),,"August 28, 2018"
Nokia 1,2018-08-01,Monthly,Apr-21,Aug-18,00WW_0_46C_SP02 / 00WW_0_46_SP02_RU,SP Only (Oreo 8.1 GO),Monthly to Quarterly SPs after Apr-20,"August 27, 2018"
Nokia 3.1,2018-08-01,Monthly,Jul-21,Aug-18,00WW_0_42E_SP01,SP Only (Oreo 8.0),,"August 20, 2018"
Nokia 2.1,2018-08-01,Monthly,Aug-21,Aug-18,00WW_0_26E,MR Update and SP (Oreo 8.1 GO),Monthly to Quarterly SPs after Aug-20,"August 20, 2018"
Nokia 5.1,2018-08-01,Monthly,Aug-21,Aug-18,00WW_0_33H_SP01,SP Only (Oreo 8.0),,"August 17, 2018"
Nokia 1,2018-08-01,Monthly,Apr-21,Aug-18,00WW_0_39G_SP03,SP Only (Oreo 8.1 GO),Monthly to Quarterly SPs after Apr-20,"August 16, 2018"
Nokia 6.1,2018-08-01,Monthly,Apr-21,Aug-18,00WW_2_22E_SP02,SP Only (Oreo 8.1),,"August 15, 2018"
Nokia 6.1,2018-08-01,Monthly,Apr-21,Aug-18,00WW_2_22A_SP03,SP Only (Oreo 8.1),,"August 15, 2018"
Nokia 6.1,2018-08-01,Monthly,Apr-21,Aug-18,00WW_2_13B_SP04,SP Only (Oreo 8.1),,"August 15, 2018"
Nokia 8,2018-08-01,Monthly,Oct-20,Aug-18,00WW_4_88B_SP03,SP Only (Oreo 8.1),Monthly to Quarterly SPs after Oct-19,"August 15, 2018"
Nokia 8,2018-08-01,Monthly,Oct-20,Aug-18,00WW_4_84A_SP06,SP Only (Oreo 8.1),Monthly to Quarterly SPs after Oct-19,"August 15, 2018"
Nokia 7 Plus,2018-08-01,Monthly,Apr-21,Aug-18,00WW_2_22A_SP03,SP Only (Oreo 8.1),,"August 14, 2018"
Nokia 7 Plus,2018-08-01,Monthly,Apr-21,Aug-18,00WW_2_13B_SP04,SP Only (Oreo 8.1),,"August 14, 2018"
Nokia 8 Sirocco,2018-08-01,Monthly,May-21,Aug-18,00WW_3_10D_SP04,SP Only (Oreo 8.1),,"August 14, 2018"
Nokia 6,2018-08-01,Monthly,Sep-19,Aug-18,00S0_5_600_SP04  /  00A0_5_600_SP04,SP Only - Amazon US/India (Oreo 8.1),,"August 13, 2018"
Nokia 6,2018-08-01,Monthly,Oct-20,Aug-18,00WW_5_600_SP04,SP Only (Oreo 8.1),Monthly to Quarterly SPs after Oct-19,"August 13, 2018"
Nokia 5,2018-08-01,Monthly,Oct-20,Aug-18,00WW_5_600_SP04,SP Only (Oreo 8.1),Monthly to Quarterly SPs after Oct-19,"August 13, 2018"
Nokia 6,2018-08-01,Monthly,Oct-20,Aug-18,00WW_5_580_SP05,SP Only (Oreo 8.1),Monthly to Quarterly SPs after Oct-19,"August 08, 2018"
Nokia 5,2018-08-01,Monthly,Oct-20,Aug-18,00WW_5_63A_SP01,SP Only (Oreo 8.1),Monthly to Quarterly SPs after Oct-19,"August 08, 2018"
Nokia 5,2018-08-01,Monthly,Oct-20,Aug-18,00WW_5_580_SP05,SP Only (Oreo 8.1),Monthly to Quarterly SPs after Oct-19,"August 08, 2018"
Nokia 3,2018-07-01,Monthly,Sep-20,Jul-18,00WW_3_310_SP03,SP Only (Oreo 8.0),Monthly to Quarterly SPs after Sep-19,"August 07, 2018"
Nokia 5.1,2018-07-01,Monthly,Aug-21,Jul-18,00WW_0_38A,MR Update and SP (Oreo 8.0),,"August 07, 2018"
Nokia 6.1,2018-07-01,Monthly,Apr-21,Jul-18,00WW_2_22E_SP01,SP Only (Oreo 8.1),,"July 24, 2018"
Nokia 6.1,2018-07-01,Monthly,Apr-21,Jul-18,00WW_2_22A_SP02,SP Only (Oreo 8.1),,"July 24, 2018"
Nokia 6.1,2018-07-01,Monthly,Apr-21,Jul-18,00WW_2_13B_SP03,SP Only (Oreo 8.1),,"July 24, 2018"
Nokia 2,2018-07-01,Monthly,Nov-19,Jul-18,00WW_0_64I_SP02,SP Only (Nougat),,"July 24, 2018"
Nokia 2,2018-07-01,Monthly,Nov-19,Jul-18,00WW_0_64D_SP04,SP Only (Nougat),,"July 24, 2018"
Nokia 2,2018-07-01,Monthly,Nov-19,Jul-18,00WW_0_64A_SP06,SP Only (Nougat),,"July 24, 2018"
Nokia 3,2018-07-01,Monthly,Sep-20,Jul-18,00WW_3_380,MR Update and SP (Oreo 8.0),Monthly to Quarterly SPs after Sep-19,"July 23, 2018"
Nokia 1,2018-07-01,Monthly,Apr-21,Jul-18,00WW_0_46C_SP01 / 00WW_0_46_SP01_RU,SP Only (Oreo 8.1 GO),Monthly to Quarterly SPs after Apr-20,"July 18, 2018"
Nokia 1,2018-07-01,Monthly,Apr-21,Jul-18,00WW_0_39G_SP02,SP Only (Oreo 8.1 GO),Monthly to Quarterly SPs after Apr-20,"July 18, 2018"
Nokia 8 Sirocco,2018-07-01,Monthly,May-21,Jul-18,00WW_3_10D_SP03,SP Only (Oreo 8.1),,"July 17, 2018"
Nokia 3.1,2018-07-01,Monthly,Jul-21,Jul-18,00WW_0_46E,MR Update and SP (Oreo 8.0),,"July 13, 2018"
Nokia 7 Plus,2018-07-01,Monthly,Apr-21,Jul-18,00WW_2_22A_SP02,SP Only (Oreo 8.1),,"July 12, 2018"
Nokia 7 Plus,2018-07-01,Monthly,Apr-21,Jul-18,00WW_2_13B_SP03,SP Only (Oreo 8.1),,"July 12, 2018"
Nokia 8,2018-07-01,Monthly,Oct-20,Jul-18,00WW_4_88B_SP02,SP Only (Oreo 8.1),Monthly to Quarterly SPs after Oct-19,"July 12, 2018"
Nokia 8,2018-07-01,Monthly,Oct-20,Jul-18,00WW_4_84A_SP05,SP Only (Oreo 8.1),Monthly to Quarterly SPs after Oct-19,"July 12, 2018"
Nokia 5,2018-07-01,Monthly,Oct-20,Jul-18,00WW_5_63A ,MR Update and SP (Oreo 8.1),Monthly to Quarterly SPs after Oct-19,"July 11, 2018"
Nokia 6,2018-07-01,Monthly,Sep-19,Jul-18,00S0_5_600_SP03  /  00A0_5_600_SP03,SP Only - Amazon US/India (Oreo 8.1),,"July 04, 2018"
Nokia 6,2018-07-01,Monthly,Oct-20,Jul-18,00WW_5_600_SP03,SP Only (Oreo 8.1),Monthly to Quarterly SPs after Oct-19,"July 04, 2018"
Nokia 6,2018-07-01,Monthly,Oct-20,Jul-18,00WW_5_580_SP04,SP Only (Oreo 8.1),Monthly to Quarterly SPs after Oct-19,"July 04, 2018"
Nokia 5,2018-07-01,Monthly,Oct-20,Jul-18,00WW_5_600_SP03,SP Only (Oreo 8.1),Monthly to Quarterly SPs after Oct-19,"July 04, 2018"
Nokia 5,2018-07-01,Monthly,Oct-20,Jul-18,00WW_5_580_SP04,SP Only (Oreo 8.1),Monthly to Quarterly SPs after Oct-19,"July 04, 2018"
Nokia 3,2018-06-01,Monthly,Sep-20,Jun-18,00WW_V2.15H_SP06,SP Only (Nougat),Monthly to Quarterly SPs after Sep-19,"July 03, 2018"
Nokia 6.1,2018-06-01,Monthly,Apr-21,Jun-18,00WW_2_22A_SP01,SP Only (Oreo 8.1),,"June 26, 2018"
Nokia 6.1,2018-06-01,Monthly,Apr-21,Jun-18,00WW_2_13B_SP02,SP Only (Oreo 8.1),,"June 26, 2018"
Nokia 1,2018-06-01,Monthly,Apr-21,Jun-18,00WW_0_39G_SP01,SP Only (Oreo 8.1 GO),Monthly to Quarterly SPs after Apr-20,"June 26, 2018"
Nokia 6.1,2018-06-01,Monthly,Apr-21,Jun-18,00WW_2_22E,MR Update and SP (Oreo 8.1),,"June 25, 2018"
Nokia 3,2018-06-01,Monthly,Sep-20,Jun-18,00WW_3_310_SP02,SP Only (Oreo 8.0),Monthly to Quarterly SPs after Sep-19,"June 25, 2018"
Nokia 1,2018-06-01,Monthly,Apr-21,Jun-18,00WW_0_46C / 00WW_0_46C_RU,MR Update and SP (Oreo 8.1 GO),Monthly to Quarterly SPs after Apr-20,"June 22, 2018"
Nokia 2,2018-06-01,Monthly,Nov-19,Jun-18,00WW_0_64I_SP01,SP Only (Nougat),,"June 19, 2018"
Nokia 2,2018-06-01,Monthly,Nov-19,Jun-18,00WW_0_64D_SP03,SP Only (Nougat),,"June 19, 2018"
Nokia 2,2018-06-01,Monthly,Nov-19,Jun-18,00WW_0_64A_SP05,SP Only (Nougat),,"June 19, 2018"
Nokia 8,2018-06-01,Monthly,Oct-20,Jun-18,00WW_4_88B_SP01,SP Only (Oreo 8.1),Monthly to Quarterly SPs after Oct-19,"June 19, 2018"
Nokia 7 Plus,2018-06-01,Monthly,Apr-21,Jun-18,00WW_2_22A_SP01,SP Only (Oreo 8.1),,"June 13, 2018"
Nokia 7 Plus,2018-06-01,Monthly,Apr-21,Jun-18,00WW_2_13B_SP02,SP Only (Oreo 8.1),,"June 13, 2018"
Nokia 8,2018-06-01,Monthly,Oct-20,Jun-18,00WW_4_84A_SP04,SP Only (Oreo 8.1),Monthly to Quarterly SPs after Oct-19,"June 12, 2018"
Nokia 8 Sirocco,2018-06-01,Monthly,May-21,Jun-18,00WW_3_10D_SP02,SP Only (Oreo 8.1),,"June 11, 2018"
Nokia 6,2018-06-01,Monthly,Sep-19,Jun-18,00S0_5_600_SP02  /  00A0_5_600_SP02,SP Only - Amazon US/India (Oreo 8.1),,"June 06, 2018"
Nokia 6,2018-06-01,Monthly,Oct-20,Jun-18,00WW_5_600_SP02 ,SP Only (Oreo 8.1),Monthly to Quarterly SPs after Oct-19,"June 06, 2018"
Nokia 6,2018-06-01,Monthly,Oct-20,Jun-18,00WW_5_580_SP03,SP Only (Oreo 8.1),Monthly to Quarterly SPs after Oct-19,"June 06, 2018"
Nokia 5,2018-06-01,Monthly,Oct-20,Jun-18,00WW_5_600_SP02,SP Only (Oreo 8.1),Monthly to Quarterly SPs after Oct-19,"June 06, 2018"
Nokia 5,2018-06-01,Monthly,Oct-20,Jun-18,00WW_5_580_SP03,SP Only (Oreo 8.1),Monthly to Quarterly SPs after Oct-19,"June 06, 2018"
Nokia 6.1,2018-05-01,Monthly,Apr-21,May-18,00WW_2_22C,MR Update and SP (Oreo 8.1),,"June 04, 2018"
Nokia 8,2018-05-01,Monthly,Oct-20,May-18,00WW_4_88B,MR Update and SP (Oreo 8.1),Monthly to Quarterly SPs after Oct-19,"May 31, 2018"
Nokia 3,2018-05-01,Monthly,Sep-20,May-18,00WW_V2.15H_SP05,SP Only (Nougat),Monthly to Quarterly SPs after Sep-19,"May 23, 2018"
Nokia 7 Plus,2018-05-01,Monthly,Apr-21,May-18,00WW_2_13B_SP01,SP Only (Oreo 8.1),,"May 19, 2018"
Nokia 2,2018-05-01,Monthly,Nov-19,May-18,00WW_0_64I,MR Update and SP (Nougat),,"May 18, 2018"
Nokia 2,2018-05-01,Monthly,Nov-19,May-18,00WW_0_64D_SP02,SP Only (Nougat),,"May 18, 2018"
Nokia 2,2018-05-01,Monthly,Nov-19,May-18,00WW_0_64A_SP04,SP Only (Nougat),,"May 18, 2018"
Nokia 8 Sirocco,2018-05-01,Monthly,May-21,May-18,00WW_3_10D_SP01,SP Only (Oreo 8.1),,"May 18, 2018"
Nokia 6.1,2018-05-01,Monthly,Apr-21,May-18,00WW_2_22A,MR Update and SP (Oreo 8.1),,"May 16, 2018"
Nokia 7 Plus,2018-05-01,Monthly,Apr-21,May-18,00WW_2_22A,MR Update and SP (Oreo 8.1),,"May 16, 2018"
Nokia 8,2018-05-01,Monthly,Oct-20,May-18,00WW_4_84A_SP03,SP Only (Oreo 8.1),Monthly to Quarterly SPs after Oct-19,"May 16, 2018"
Nokia 8,2018-05-01,Monthly,Oct-20,May-18,00WW_4_390_SP05,SP Only (Oreo 8.0),Monthly to Quarterly SPs after Oct-19,"May 16, 2018"
Nokia 8,2018-05-01,Monthly,Oct-20,May-18,00WW_3_08B_SP08,SP Only (Nougat),Monthly to Quarterly SPs after Oct-19,"May 16, 2018"
Nokia 1,2018-05-01,Monthly,Apr-21,May-18,00WW_0_39G,MR Update and SP (Oreo 8.1 GO),Monthly to Quarterly SPs after Apr-20,"May 13, 2018"
Nokia 6,2018-05-01,Monthly,Oct-20,May-18,00WW_5_600_SP01 ,SP Only (Oreo 8.1),Monthly to Quarterly SPs after Oct-19,"May 09, 2018"
Nokia 6,2018-05-01,Monthly,Sep-19,May-18,00S0_5_600_SP01  /  00A0_5_600_SP01,SP Only - Amazon US/India (Oreo 8.1),,"May 09, 2018"
Nokia 6,2018-05-01,Monthly,Oct-20,May-18,00WW_5_580_SP02,SP Only (Oreo 8.1),Monthly to Quarterly SPs after Oct-19,"May 09, 2018"
Nokia 3,2018-05-01,Monthly,Sep-20,May-18,00WW_3_310_SP01,SP Only (Oreo 8.0),Monthly to Quarterly SPs after Sep-19,"May 09, 2018"
Nokia 5,2018-05-01,Monthly,Oct-20,May-18,00WW_5_600_SP01 ,SP Only (Oreo 8.1),Monthly to Quarterly SPs after Oct-19,"May 09, 2018"
Nokia 5,2018-05-01,Monthly,Oct-20,May-18,00WW_5_580_SP02,SP Only (Oreo 8.1),Monthly to Quarterly SPs after Oct-19,"May 09, 2018"
Nokia 3,2018-04-01,Monthly,Sep-20,Apr-18,00WW_V2.15H_SP04,SP Only (Nougat),Monthly to Quarterly SPs after Sep-19,"May 03, 2018"
Nokia 8 Sirocco,2018-04-01,Monthly,May-21,Apr-18,00WW_3_10D,MR Update and SP (Oreo 8.1),,"April 27, 2018"
Nokia 6,2018-04-01,Monthly,Oct-20,Apr-18,00S0_5_580_SP01 / 00A0_5_580_SP01,SP Only (Oreo 8.1),Monthly to Quarterly SPs after Oct-19,"April 23, 2018"
Nokia 6,2018-04-01,Monthly,Oct-20,Apr-18,00WW_5_580_SP01 ,SP Only (Oreo 8.1),Monthly to Quarterly SPs after Oct-19,"April 23, 2018"
Nokia 5,2018-04-01,Monthly,Oct-20,Apr-18,00WW_5_580_SP01 ,SP Only (Oreo 8.1),Monthly to Quarterly SPs after Oct-19,"April 23, 2018"
Nokia 6,2018-04-01,Monthly,Sep-19,Apr-18,00A0_5_600 / 00S0_5_600,MR Update (Amazon US/India) and SP (Oreo 8.1),,"April 17, 2018"
Nokia 6,2018-04-01,Monthly,Oct-20,Apr-18,00WW_5_600,MR Update and SP (Oreo 8.1),Monthly to Quarterly SPs after Oct-19,"April 17, 2018"
Nokia 5,2018-04-01,Monthly,Oct-20,Apr-18,00WW_5_600 ,MR Update and SP (Oreo 8.1),Monthly to Quarterly SPs after Oct-19,"April 17, 2018"
Nokia 2,2018-04-01,Monthly,Nov-19,Apr-18,00WW_0_64D_SP01,SP Only (Nougat),,"April 16, 2018"
Nokia 2,2018-04-01,Monthly,Nov-19,Apr-18,00WW_0_64A_SP03, SP Only (Nougat),,"April 16, 2018"
Nokia 6.1,2018-04-01,Monthly,Apr-21,Apr-18,00WW_2_13B,MR Update and SP (Oreo 8.1),,"April 11, 2018"
Nokia 7 Plus,2018-04-01,Monthly,Apr-21,Apr-18,00WW_2_13B,MR Update and SP (Oreo 8.1),,"April 11, 2018"
Nokia 1,2018-04-01,Monthly,Apr-21,Apr-18,00WW_0_36A,MR Update and SP (Oreo 8.1 GO),Monthly to Quarterly SPs after Apr-20,"April 11, 2018"
Nokia 3,2018-04-01,Monthly,Sep-20,Apr-18,00WW_3_310,MR Upgrade and SP (Oreo 8.0),Monthly to Quarterly SPs after Sep-19,"April 11, 2018"
Nokia 8,2018-04-01,Monthly,Oct-20,Apr-18,00WW_4_84A_SP02,SP Only (Oreo 8.1),Monthly to Quarterly SPs after Oct-19,"April 11, 2018"
Nokia 8,2018-04-01,Monthly,Oct-20,Apr-18,00WW_4_390_SP04,SP Only (Oreo 8.0),Monthly to Quarterly SPs after Oct-19,"April 11, 2018"
Nokia 8,2018-04-01,Monthly,Oct-20,Apr-18,00WW_3_08B_SP07,SP Only (Nougat),Monthly to Quarterly SPs after Oct-19,"April 11, 2018"
Nokia 8 Sirocco,2018-04-01,Monthly,May-21,Apr-18,00WW_3_10B,MR Update and SP (Oreo 8.1),,"April 10, 2018"
Nokia 6,2018-03-01,Monthly,Sep-19,Mar-18,00S0_5_580 / 00A0_5_580,MR Upgrade (Amazon US/India) and SP (Oreo 8.1),,"March 28, 2018"
Nokia 6,2018-03-01,Monthly,Oct-20,Mar-18,00WW_5_580 ,MR Upgrade and SP (Oreo 8.1),Monthly to Quarterly SPs after Oct-19,"March 28, 2018"
Nokia 5,2018-03-01,Monthly,Oct-20,Mar-18,00WW_5_580 ,MR Upgrade and SP (Oreo 8.1),Monthly to Quarterly SPs after Oct-19,"March 28, 2018"
Nokia 3,2018-03-01,Monthly,Sep-20,Mar-18,00WW_2.15H_SP03,SP Only (Nougat),Monthly to Quarterly SPs after Sep-19,"March 23, 2018"
Nokia 1,2018-01-01,Monthly,Apr-21,Jan-18,00WW_0_28M,MR Update and SP (Oreo 8.1 GO),Monthly to Quarterly SPs after Apr-20,"March 20, 2018"
Nokia 8,2018-03-01,Monthly,Oct-20,Mar-18,00WW_3_08B_SP06,SP Only (Nougat),Monthly to Quarterly SPs after Oct-19,"March 14, 2018"
Nokia 8,2018-03-01,Monthly,Oct-20,Mar-18,00WW_4_390_SP03,SP Only (Oreo 8.0),Monthly to Quarterly SPs after Oct-19,"March 14, 2018"
Nokia 8,2018-03-01,Monthly,Oct-20,Mar-18,00WW_4_84A_SP01,SP Only (Oreo 8.1),Monthly to Quarterly SPs after Oct-19,"March 14, 2018"
Nokia 6,2018-03-01,Monthly,Sep-19,Mar-18,00S0_5_22A_SP01 / 00A0_5_22A_SP01,SP Only - Amazon US/India (Oreo 8.0),,"March 12, 2018"
Nokia 2,2018-03-01,Monthly,Nov-19,Mar-18,00WW_0_64A_SP02,SP Only (Nougat),,"March 12, 2018"
Nokia 5,2018-03-01,Monthly,Oct-20,Mar-18,00WW_3_72A_SP04,SP Only (Nougat),Monthly to Quarterly SPs after Oct-19,"March 12, 2018"
Nokia 2,2018-03-01,Monthly,Nov-19,Mar-18,00WW_0_64D,MR Update and SP (Nougat),,"March 09, 2018"
Nokia 6,2018-03-01,Monthly,Oct-20,Mar-18,00WW_5_22A_SP01,SP Only (Oreo 8.0),Monthly to Quarterly SPs after Oct-19,"March 07, 2018"
Nokia 6,2018-03-01,Monthly,Oct-20,Mar-18,00WW_3_700_SP05,SP Only (Nougat),Monthly to Quarterly SPs after Oct-19,"March 07, 2018"
Nokia 5,2018-03-01,Monthly,Oct-20,Mar-18,00WW_5_22A_SP01,SP Only (Oreo 8.0),Monthly to Quarterly SPs after Oct-19,"March 07, 2018"
Nokia 5,2018-03-01,Monthly,Oct-20,Mar-18,00WW_3_700_SP05,SP Only (Nougat),Monthly to Quarterly SPs after Oct-19,"March 07, 2018"
Nokia 5,2018-02-01,Monthly,Oct-20,Feb-18,00WW_3_72A_SP03 ,SP Only (Nougat),Monthly to Quarterly SPs after Oct-19,"March 06, 2018"
Nokia 6,2018-02-01,Monthly,Sep-19,Feb-18,00WW_5_22A / 00A0_5_22A/00S0_5_22A,MR Update (Amazon US/India) and SP (Oreo 8.0),,"February 13, 2018"
Nokia 5,2018-02-01,Monthly,Oct-20,Feb-18,00WW_5_22A,MR Update and SP (Oreo 8.0),Monthly to Quarterly SPs after Oct-19,"February 13, 2018"
Nokia 8,2018-02-01,Monthly,Oct-20,Feb-18,00WW_4_84A,MR Upgrade and SP (Oreo 8.1),Monthly to Quarterly SPs after Oct-19,"February 13, 2018"
Nokia 2,2018-02-01,Monthly,Nov-19,Feb-18,00WW_0_64A_SP01,SP Only (Nougat),,"February 09, 2018"
Nokia 6,2018-02-01,Monthly,Oct-20,Feb-18,00WW_3_700_SP04,SP Only (Nougat),Monthly to Quarterly SPs after Oct-19,"February 07, 2018"
Nokia 3,2018-02-01,Monthly,Sep-20,Feb-18,00WW_2_15H_SP02,SP Only (Nougat),Monthly to Quarterly SPs after Sep-19,"February 07, 2018"
Nokia 5,2018-02-01,Monthly,Oct-20,Feb-18,00WW_3_700_SP04,SP Only (Nougat),Monthly to Quarterly SPs after Oct-19,"February 07, 2018"
Nokia 8,2018-02-01,Monthly,Oct-20,Feb-18,00WW_4_390_SP02,SP Only (Oreo 8.0),Monthly to Quarterly SPs after Oct-19,"February 07, 2018"
Nokia 8,2018-02-01,Monthly,Oct-20,Feb-18,00WW_3_08B_SP05,SP Only (Nougat),Monthly to Quarterly SPs after Oct-19,"February 07, 2018"
Nokia 2,2018-01-01,Monthly,Nov-19,Jan-18,00WW_0_64A,MR Update and SP (Nougat),,"February 01, 2018"
Nokia 6,2018-01-01,Monthly,Oct-20,Jan-18,00WW_5_220,MR Upgrade and SP (Oreo 8.0),Monthly to Quarterly SPs after Oct-19,"January 30, 2018"
Nokia 5,2018-01-01,Monthly,Oct-20,Jan-18,00WW_5_220,MR Upgrade and SP (Oreo 8.0),Monthly to Quarterly SPs after Oct-19,"January 30, 2018"
Nokia 6,2018-01-01,Monthly,Sep-19,Jan-18,00A0_3_72F / 00S0_3_72F,MR Update (Amazon US/India) and SP (Nougat),,"January 24, 2018"
Nokia 6,2018-01-01,Monthly,Oct-20,Jan-18,00WW_3_73A_SP02 ,SP Only (Nougat),Monthly to Quarterly SPs after Oct-19,"January 15, 2018"
Nokia 6,2018-01-01,Monthly,Oct-20,Jan-18,00WW_3_72A_SP02 ,SP Only (Nougat),Monthly to Quarterly SPs after Oct-19,"January 15, 2018"
Nokia 6,2018-01-01,Monthly,Oct-20,Jan-18,00WW_3_700_SP03 ,SP Only (Nougat),Monthly to Quarterly SPs after Oct-19,"January 15, 2018"
Nokia 3,2018-01-01,Monthly,Sep-20,Jan-18,00WW_2_15H_SP01,SP Only (Nougat),Monthly to Quarterly SPs after Sep-19,"January 15, 2018"
Nokia 5,2018-01-01,Monthly,Oct-20,Jan-18,00WW_3_74A_SP01 ,SP Only (Nougat),Monthly to Quarterly SPs after Oct-19,"January 15, 2018"
Nokia 5,2018-01-01,Monthly,Oct-20,Jan-18,00WW_3_73A_SP02 ,SP Only (Nougat),Monthly to Quarterly SPs after Oct-19,"January 15, 2018"
Nokia 5,2018-01-01,Monthly,Oct-20,Jan-18,00WW_3_72A_SP02 ,SP Only (Nougat),Monthly to Quarterly SPs after Oct-19,"January 15, 2018"
Nokia 5,2018-01-01,Monthly,Oct-20,Jan-18,00WW_3_700_SP03 ,SP Only (Nougat),Monthly to Quarterly SPs after Oct-19,"January 15, 2018"
Nokia 8,2018-01-01,Monthly,Oct-20,Jan-18,00WW_4_390_SP01,SP Only (Oreo 8.0),Monthly to Quarterly SPs after Oct-19,"January 15, 2018"
Nokia 8,2018-01-01,Monthly,Oct-20,Jan-18,00WW_3_08B_SP04,SP Only (Nougat),Monthly to Quarterly SPs after Oct-19,"January 15, 2018"
Nokia 8,2017-12-01,Monthly,Oct-20,Dec-17,V4.390,MR Update and SP (Oreo 8.0),Monthly to Quarterly SPs after Oct-19,"December 29, 2017"
Nokia 2,2017-12-01,Monthly,Nov-19,Dec-17,V0.55D_SP01,SP Only (Nougat),,"December 26, 2017"
Nokia 5,2017-12-01,Monthly,Oct-20,Dec-17,V3.74A,SP Only (Nougat),Monthly to Quarterly SPs after Oct-19,"December 19, 2017"
Nokia 6,2017-12-01,Monthly,Oct-20,Dec-17,V3.73A_SP01,SP Only (Nougat),Monthly to Quarterly SPs after Oct-19,"December 18, 2017"
Nokia 6,2017-12-01,Monthly,Oct-20,Dec-17,V3.72A_SP01,SP Only (Nougat),Monthly to Quarterly SPs after Oct-19,"December 18, 2017"
Nokia 6,2017-12-01,Monthly,Oct-20,Dec-17,V3.700_SP02,SP Only (Nougat),Monthly to Quarterly SPs after Oct-19,"December 18, 2017"
Nokia 5,2017-12-01,Monthly,Oct-20,Dec-17,V3.73A_SP01,SP Only (Nougat),Monthly to Quarterly SPs after Oct-19,"December 18, 2017"
Nokia 5,2017-12-01,Monthly,Oct-20,Dec-17,V3.72A_SP01,SP Only (Nougat),Monthly to Quarterly SPs after Oct-19,"December 18, 2017"
Nokia 5,2017-12-01,Monthly,Oct-20,Dec-17,V3.700_SP02,SP Only (Nougat),Monthly to Quarterly SPs after Oct-19,"December 18, 2017"
Nokia 8,2017-12-01,Monthly,Oct-20,Dec-17,V4.35M,SP Only (Oreo 8.0),Monthly to Quarterly SPs after Oct-19,"December 18, 2017"
Nokia 8,2017-12-01,Monthly,Oct-20,Dec-17,V3.09F,SP Only (Nougat),Monthly to Quarterly SPs after Oct-19,"December 18, 2017"
Nokia 8,2017-12-01,Monthly,Oct-20,Dec-17,V3.08H,SP Only (Nougat),Monthly to Quarterly SPs after Oct-19,"December 18, 2017"
Nokia 3,2017-12-01,Monthly,Sep-20,Dec-17,V2.15H,MR Update and SP (Nougat),Monthly to Quarterly SPs after Sep-19,"December 06, 2017"
Nokia 6,2017-11-01,Monthly,Oct-20,Nov-17,V3.73A,MR Update and SP (Nougat),Monthly to Quarterly SPs after Oct-19,"November 28, 2017"
Nokia 5,2017-11-01,Monthly,Oct-20,Nov-17,V3.73A,MR Update and SP (Nougat),Monthly to Quarterly SPs after Oct-19,"November 27, 2017"
Nokia 6,2017-11-01,Monthly,Oct-20,Nov-17,V3.72A,MR Update and SP (Nougat),Monthly to Quarterly SPs after Oct-19,"November 24, 2017"
Nokia 2,2017-11-01,Monthly,Nov-19,Nov-17,V0.55B,MR Update and SP (Nougat),,"November 24, 2017"
Nokia 5,2017-11-01,Monthly,Oct-20,Nov-17,V3.72A,MR Update and SP (Nougat),Monthly to Quarterly SPs after Oct-19,"November 24, 2017"
Nokia 8,2017-11-01,Monthly,Oct-20,Nov-17,V4.35J,MR Upgrade and SP (Oreo 8.0),Monthly to Quarterly SPs after Oct-19,"November 24, 2017"
Nokia 8,2017-11-01,Monthly,Oct-20,Nov-17,V3.08D,SP Only (Nougat),Monthly to Quarterly SPs after Oct-19,"November 22, 2017"
Nokia 8,2017-11-01,Monthly,Oct-20,Nov-17,V3.08F,SP Only (Nougat),Monthly to Quarterly SPs after Oct-19,"November 22, 2017"
Nokia 6,2017-11-01,Monthly,Oct-20,Nov-17,V3.700,SP Only (Nougat),Monthly to Quarterly SPs after Oct-19,"November 13, 2017"
Nokia 5,2017-11-01,Monthly,Oct-20,Nov-17,V3.70A,SP Only (Nougat),Monthly to Quarterly SPs after Oct-19,"November 13, 2017"
Nokia 3,2017-11-01,Monthly,Sep-20,Nov-17,V2.15F,SP Only (Nougat),Monthly to Quarterly SPs after Sep-19,"November 10, 2017"
Nokia 8,2017-10-01,Monthly,Oct-20,Oct-17,v3.08C,SP Only (Nougat),Monthly to Quarterly SPs after Oct-19,"October 20, 2017"
Nokia 6,2017-10-01,Monthly,Oct-20,Oct-17,V3.700,MR Update and SP (Nougat),Monthly to Quarterly SPs after Oct-19,"October 16, 2017"
Nokia 3,2017-10-01,Monthly,Sep-20,Oct-17,V2.15E,MR Update and SP (Nougat),Monthly to Quarterly SPs after Sep-19,"October 16, 2017"
Nokia 5,2017-10-01,Monthly,Oct-20,Oct-17,V3.700,MR Update and SP (Nougat),Monthly to Quarterly SPs after Oct-19,"October 16, 2017"
Nokia 8,2017-10-01,Monthly,Oct-20,Oct-17,V3.09A,MR Update and SP (Nougat),Monthly to Quarterly SPs after Oct-19,"October 12, 2017"
Nokia 6,2017-09-01,Monthly,Oct-20,Sep-17,V3.361,MR Update and SP (Nougat),Monthly to Quarterly SPs after Oct-19,"September 29, 2017"
Nokia 5,2017-09-01,Monthly,Oct-20,Sep-17,V3.361,MR Update and SP (Nougat),Monthly to Quarterly SPs after Oct-19,"September 29, 2017"
Nokia 8,2017-09-01,Monthly,Oct-20,Sep-17,v3.08B,MR Update and SP (Nougat),Monthly to Quarterly SPs after Oct-19,"September 29, 2017"
Nokia 3,2017-09-01,Monthly,Sep-20,Sep-17,V2.15C,SP Only (Nougat),Monthly to Quarterly SPs after Sep-19,"September 25, 2017"
Nokia 6,2017-08-01,Monthly,Oct-20,Aug-17,V3.32D,SP Only (Nougat),Monthly to Quarterly SPs after Oct-19,"September 19, 2017"
Nokia 8,2017-09-01,Monthly,Oct-20,Sep-17,V3.081,MR Update and SP (Nougat),Monthly to Quarterly SPs after Oct-19,"September 14, 2017"
Nokia 6,2017-09-01,Monthly,Oct-20,Sep-17,V3.32E,SP Only (Nougat),Monthly to Quarterly SPs after Oct-19,"September 11, 2017"
Nokia 6,2017-09-01,Monthly,Oct-20,Sep-17,V3.24D,SP Only (Nougat),Monthly to Quarterly SPs after Oct-19,"September 08, 2017"
Nokia 3,2017-08-01,Monthly,Sep-20,Aug-17,V2.15A,MR Update and SP (Nougat),Monthly to Quarterly SPs after Sep-19,"September 08, 2017"
Nokia 5,2017-09-01,Monthly,Oct-20,Sep-17,V3.22D,SP Only (Nougat),Monthly to Quarterly SPs after Oct-19,"September 08, 2017"
Nokia 6,2017-06-01,Monthly,Oct-20,Jun-17,V3.321,MR Update and SP (Nougat),Monthly to Quarterly SPs after Oct-19,"September 04, 2017"
Nokia 5,2017-09-01,Monthly,Oct-20,Sep-17,V3.32E,SP Only (Nougat),Monthly to Quarterly SPs after Oct-19,"September 04, 2017"
Nokia 8,2017-08-01,Monthly,Oct-20,Aug-17,V3.03A,MR Update and SP (Nougat),Monthly to Quarterly SPs after Oct-19,"August 21, 2017"
Nokia 3,2017-08-01,Monthly,Sep-20,Aug-17,V1.47K,MR Update and SP (Nougat),Monthly to Quarterly SPs after Sep-19,"August 18, 2017"
Nokia 6,2017-08-01,Monthly,Oct-20,Aug-17,V3.32B,SP Only (Nougat),Monthly to Quarterly SPs after Oct-19,"August 07, 2017"
Nokia 6,2017-08-01,Monthly,Oct-20,Aug-17,V3.24C,SP Only (Nougat),Monthly to Quarterly SPs after Oct-19,"August 07, 2017"
Nokia 5,2017-08-01,Monthly,Oct-20,Aug-17,V3.32B,SP Only (Nougat),Monthly to Quarterly SPs after Oct-19,"August 07, 2017"
Nokia 5,2017-08-01,Monthly,Oct-20,Aug-17,V3.22C,SP Only (Nougat),Monthly to Quarterly SPs after Oct-19,"August 07, 2017"
Nokia 6,2017-07-01,Monthly,Oct-20,Jul-17,V3.32C,SP Only (Nougat),Monthly to Quarterly SPs after Oct-19,"August 02, 2017"
Nokia 5,2017-07-01,Monthly,Oct-20,Jul-17,V3.32A,SP Only (Nougat),Monthly to Quarterly SPs after Oct-19,"July 27, 2017"
Nokia 6,2017-07-01,Monthly,Oct-20,Jul-17,V3.32A,SP Only (Nougat),Monthly to Quarterly SPs after Oct-19,"July 26, 2017"
Nokia 3,2017-07-01,Monthly,Sep-20,Jul-17,V1.47G,MR Update and SP (Nougat),Monthly to Quarterly SPs after Sep-19,"July 26, 2017"
Nokia 6,2017-07-01,Monthly,Oct-20,Jul-17,V3.24B,SP Only (Nougat),Monthly to Quarterly SPs after Oct-19,"July 25, 2017"
Nokia 3,2017-07-01,Monthly,Sep-20,Jul-17,V1.39N,SP Only (Nougat),Monthly to Quarterly SPs after Sep-19,"July 22, 2017"
Nokia 5,2017-07-01,Monthly,Oct-20,Jul-17,V3.22B,SP Only (Nougat),Monthly to Quarterly SPs after Oct-19,"July 21, 2017"
