bulletin_month,cve,tier,section,type,severity,component,references,updated_aosp_versions
2015-08,CVE-2015-1538,?,Integer overflows during MP4 atom processing,,Critical,,,
2015-08,CVE-2015-1539,?,An integer underflow in ESDS processing,,Critical,,,
2015-08,CVE-2015-3824,?,Integer overflow in libstagefright when parsing the MPEG4 tx3g atom,,Critical,,,
2015-08,CVE-2015-3827,?,Integer underflow in libstagefright when processing MPEG4 covr atoms,,Critical,,,
2015-08,CVE-2015-3828,?,Integer underflow in libstagefright if size is below 6 while processing 3GPP metadata,,Critical,,,
2015-08,CVE-2015-3829,?,Integer overflow in libstagefright processing MPEG4 covr atoms when chunk_data_size is SIZE_MAX,,Critical,,,
2015-08,CVE-2015-3836,?,Buffer overflow in Sonivox Parse_wave,,Critical,,,
2015-08,CVE-2015-3832,?,Buffer overflows in libstagefright MPEG4Extractor.cpp,,Critical,,,
2015-08,CVE-2015-3831,?,Buffer overflow in mediaserver BpMediaHTTPConnection,,High,,,
2015-08,CVE-2015-0973,?,Vulnerability in libpng: Overflow in png_Read_IDAT_data,,High,,,
2015-08,CVE-2015-1863,?,Remotely exploitable memcpy() overflow in p2p_add_device() in wpa_supplicant,,High,,,
2015-08,CVE-2015-3837,?,Memory Corruption in OpenSSLX509Certificate Deserialization,,High,,,
2015-08,CVE-2015-3834,?,Buffer overflow in mediaserver BnHDCP,,High,,,
2015-08,CVE-2015-3835,?,Buffer overflow in libstagefright OMXNodeInstance::emptyBuffer,,High,,,
2015-08,CVE-2015-3842,?,Heap overflow in mediaserver AudioPolicyManager::getInputForAttr(),,High,,,
2015-08,CVE-2015-3843,?,Applications can intercept or emulate SIM commands to Telephony,,High,,,
2015-08,CVE-2015-1536,?,Vulnerability in Bitmap unmarshalling,,Moderate,,,
2015-08,CVE-2015-1541,?,AppWidgetServiceImpl can create IntentSender with system privileges,,Moderate,,,
2015-08,CVE-2015-3833,?,Mitigation bypass of restrictions on getRecentTasks(),,Moderate,,,
2015-08,CVE-2015-3844,?,Mitigation bypass of restrictions on getRecentTasks(),,Moderate,,,
2015-08,CVE-2015-3826,?,Unbounded buffer read in libstagefright while parsing 3GPP metadata,,Low,,,
2015-09,CVE-2015-3864,?,Remote Code Execution Vulnerability in Mediaserver,,Critical,,,
2015-09,CVE-2015-3636,?,Elevation Privilege Vulnerability in Kernel,,Critical,,,
2015-09,CVE-2015-3845,?,Elevation of Privilege Vulnerability in Binder,,High,,,
2015-09,CVE-2015-1528,?,Elevation of Privilege Vulnerability in Binder,,High,,,
2015-09,CVE-2015-3863,?,Elevation of Privilege Vulnerability in Keystore,,High,,,
2015-09,CVE-2015-3849,?,Elevation of Privilege Vulnerability in Region,,High,,,
2015-09,CVE-2015-3858,?,Elevation of Privilege vulnerability in SMS enables notification bypass,,High,,,
2015-09,CVE-2015-3860,?,Elevation of Privilege Vulnerability in Lockscreen,,Moderate,,,
2015-09,CVE-2015-3861,?,Denial of Service Vulnerability in Mediaserver,,Low,,,
2015-10,CVE-2015-3873,?,Remote Code Execution Vulnerabilities in libstagefright,,Critical,,,
2015-10,CVE-2015-3823,?,Remote Code Execution Vulnerabilities in libstagefright,,Critical,,,
2015-10,CVE-2015-6600,?,Remote Code Execution Vulnerabilities in libstagefright,,Critical,,,
2015-10,CVE-2015-6601,?,Remote Code Execution Vulnerabilities in libstagefright,,Critical,,,
2015-10,CVE-2015-3869,?,Remote Code Execution Vulnerabilities in libstagefright,,Critical,,,
2015-10,CVE-2015-3870,?,Remote Code Execution Vulnerabilities in libstagefright,,Critical,,,
2015-10,CVE-2015-3871,?,Remote Code Execution Vulnerabilities in libstagefright,,Critical,,,
2015-10,CVE-2015-3868,?,Remote Code Execution Vulnerabilities in libstagefright,,Critical,,,
2015-10,CVE-2015-6604,?,Remote Code Execution Vulnerabilities in libstagefright,,Critical,,,
2015-10,CVE-2015-3867,?,Remote Code Execution Vulnerabilities in libstagefright,,Critical,,,
2015-10,CVE-2015-6603,?,Remote Code Execution Vulnerabilities in libstagefright,,Critical,,,
2015-10,CVE-2015-3876,?,Remote Code Execution Vulnerabilities in libstagefright,,Critical,,,
2015-10,CVE-2015-6598,?,Remote Code Execution Vulnerabilities in libstagefright,,Critical,,,
2015-10,CVE-2015-3872,?,Remote Code Execution Vulnerabilities in libstagefright,,Critical,,,
2015-10,CVE-2015-6599,?,Remote Code Execution Vulnerabilities in libstagefright,,Critical,,,
2015-10,CVE-2015-3874,?,Remote Code Execution Vulnerabilities in Sonivox,,Critical,,,
2015-10,CVE-2015-3875,?,Remote Code Execution Vulnerabilities in libutils,,Critical,,,
2015-10,CVE-2015-6602,?,Remote Code Execution Vulnerabilities in libutils,,Critical,,,
2015-10,CVE-2015-3877,?,Remote Code Execution Vulnerability in Skia,,Critical,,,
2015-10,CVE-2014-9028,?,Remote Code Execution Vulnerabilities in libFLAC,,Critical,,,
2015-10,CVE-2015-3863,?,Elevation of Privilege Vulnerability in KeyStore,,High,,,
2015-10,CVE-2015-3879,?,Elevation of Privilege Vulnerability in Media Player Framework,,High,,,
2015-10,CVE-2015-3865,?,Elevation of Privilege Vulnerability in Android Runtime,,High,,,
2015-10,CVE-2015-6596,?,Elevation of Privilege Vulnerabilities in Mediaserver,,High,,,
2015-10,CVE-2015-6606,?,Elevation of Privilege Vulnerability in Secure Element Evaluation Kit,,High,,,
2015-10,CVE-2015-3878,?,Elevation of Privilege Vulnerability in Media Projection,,Moderate,,,
2015-10,CVE-2015-3847,?,Elevation of Privilege Vulnerability in Bluetooth,,Moderate,,,
2015-10,CVE-2015-6607,?,Elevation of Privilege Vulnerabilities in SQLite,,Moderate,,,
2015-10,CVE-2015-6605,?,Denial of Service Vulnerabilities in Mediaserver,,Low,,,
2015-10,CVE-2015-3862,?,Denial of Service Vulnerabilities in Mediaserver,,Low,,,
2015-11,CVE-2015-6608,?,Remote Code Execution Vulnerabilities in Mediaserver,,Critical,,,
2015-11,CVE-2015-6609,?,Remote Code Execution Vulnerability in libutils,,Critical,,,
2015-11,CVE-2015-6611,?,Information Disclosure Vulnerabilities in Mediaserver,,High,,,
2015-11,CVE-2015-6610,?,Elevation of Privilege Vulnerability in libstagefright,,High,,,
2015-11,CVE-2015-6612,?,Elevation of Privilege Vulnerability in libmedia,,High,,,
2015-11,CVE-2015-6613,?,Elevation of Privilege Vulnerability in Bluetooth,,High,,,
2015-11,CVE-2015-6614,?,Elevation Of Privilege Vulnerability in Telephony,,Moderate,,,
2015-12,CVE-2015-6616,?,Remote Code Execution Vulnerabilities in Mediaserver,,Critical,,,
2015-12,CVE-2015-6617,?,Remote Code Execution Vulnerability in Skia,,Critical,,,
2015-12,CVE-2015-6619,?,Elevation of Privilege in Kernel,,Critical,,,
2015-12,CVE-2015-6633,?,Remote Code Execution Vulnerabilities in Display Driver,,Critical,,,
2015-12,CVE-2015-6634,?,Remote Code Execution Vulnerabilities in Display Driver,,Critical,,,
2015-12,CVE-2015-6618,?,Remote Code Execution Vulnerability in Bluetooth,,High,,,
2015-12,CVE-2015-6620,?,Elevation of Privilege Vulnerabilities in libstagefright,,High,,,
2015-12,CVE-2015-6621,?,Elevation of Privilege Vulnerability in SystemUI,,High,,,
2015-12,CVE-2015-6622,?,Information Disclosure Vulnerability in Native Frameworks Library,,High,,,
2015-12,CVE-2015-6623,?,Elevation of Privilege Vulnerability in Wi-Fi,,High,,,
2015-12,CVE-2015-6624,?,Elevation of Privilege Vulnerability in System Server,,High,,,
2015-12,CVE-2015-6632,?,Information Disclosure Vulnerabilities in libstagefright,,High,,,
2015-12,CVE-2015-6626,?,Information Disclosure Vulnerabilities in libstagefright,,High,,,
2015-12,CVE-2015-6631,?,Information Disclosure Vulnerabilities in libstagefright,,High,,,
2015-12,CVE-2015-6627,?,Information Disclosure Vulnerability in Audio,,High,,,
2015-12,CVE-2015-6628,?,Information Disclosure Vulnerability in Media Framework,,High,,,
2015-12,CVE-2015-6629,?,Information Disclosure Vulnerability in Wi-Fi,,High,,,
2015-12,CVE-2015-6625,?,Elevation of Privilege Vulnerability in System Server,,Moderate,,,
2015-12,CVE-2015-6630,?,Information Disclosure Vulnerability in SystemUI,,Moderate,,,
2016-01,CVE-2015-6636,?,Remote Code Execution Vulnerability in Mediaserver,,Critical,,,
2016-01,CVE-2015-6637,?,Elevation of Privilege Vulnerability in misc-sd driver,,Critical,,,
2016-01,CVE-2015-6638,?,Imagination,,Critical,,,
2016-01,CVE-2015-6639,?,Elevation of Privilege Vulnerabilities in Trustzone,,Critical,,,
2016-01,CVE-2015-6647,?,Elevation of Privilege Vulnerabilities in Trustzone,,Critical,,,
2016-01,CVE-2015-6640,?,Elevation of Privilege Vulnerability in Kernel,,Critical,,,
2016-01,CVE-2015-6641,?,Elevation of Privilege Vulnerability in Bluetooth,,High,,,
2016-01,CVE-2015-6642,?,Information Disclosure Vulnerability in Kernel,,High,,,
2016-01,CVE-2015-6643,?,Elevation of Privilege Vulnerability in Setup Wizard,,Moderate,,,
2016-01,CVE-2015-5310,?,Elevation of Privilege Vulnerability in Wi-Fi,,Moderate,,,
2016-01,CVE-2015-6644,?,Information Disclosure Vulnerability in Bouncy Castle,,Moderate,,,
2016-01,CVE-2015-6645,?,Denial of Service Vulnerability in SyncManager,,Moderate,,,
2016-01,CVE-2015-6646,?,Attack Surface Reduction for Nexus Kernels,,Moderate,,,
2016-02,CVE-2016-0801,?,Broadcom,,Critical,,,
2016-02,CVE-2016-0802,?,Broadcom,,Critical,,,
2016-02,CVE-2016-0803,?,Remote Code Execution Vulnerability in Mediaserver,,Critical,,,
2016-02,CVE-2016-0804,?,Remote Code Execution Vulnerability in Mediaserver,,Critical,,,
2016-02,CVE-2016-0805,?,Qualcomm,,Critical,,,
2016-02,CVE-2016-0806,?,Qualcomm,,Critical,,,
2016-02,CVE-2016-0807,?,Elevation of Privilege Vulnerability in the Debuggerd,,Critical,,,
2016-02,CVE-2016-0808,?,Denial of Service Vulnerability in Minikin,,High,,,
2016-02,CVE-2016-0809,?,Elevation of Privilege Vulnerability in Wi-Fi,,High,,,
2016-02,CVE-2016-0810,?,Elevation of Privilege Vulnerability in Mediaserver,,High,,,
2016-02,CVE-2016-0811,?,Information Disclosure Vulnerability in libmediaplayerservice,,High,,,
2016-02,CVE-2016-0812,?,Elevation of Privilege Vulnerability in Setup Wizard,,Moderate,,,
2016-02,CVE-2016-0813,?,Elevation of Privilege Vulnerability in Setup Wizard,,Moderate,,,
2016-03,CVE-2016-0815,?,Remote Code Execution Vulnerability in Mediaserver,,Critical,,,
2016-03,CVE-2016-0816,?,Remote Code Execution Vulnerability in Mediaserver,,Critical,,,
2016-03,CVE-2016-1621,?,Remote Code Execution Vulnerabilities in libvpx,,Critical,,,
2016-03,CVE-2016-0818,?,Elevation of Privilege in Conscrypt,,Critical,,,
2016-03,CVE-2016-0819,?,Qualcomm,,Critical,,,
2016-03,CVE-2016-0820,?,MediaTek,,Critical,,,
2016-03,CVE-2016-0728,?,Elevation of Privilege Vulnerability in Kernel Keyring Component,,Critical,,,
2016-03,CVE-2016-0821,?,Mitigation Bypass Vulnerability in the Kernel,,High,,,
2016-03,CVE-2016-0822,?,MediaTek,,High,,,
2016-03,CVE-2016-0823,?,Information Disclosure Vulnerability in Kernel,,High,,,
2016-03,CVE-2016-0824,?,Information Disclosure Vulnerability in libstagefright,,High,,,
2016-03,CVE-2016-0825,?,Information Disclosure Vulnerability in Widevine,,High,,,
2016-03,CVE-2016-0826,?,Elevation of Privilege Vulnerability in Mediaserver,,High,,,
2016-03,CVE-2016-0827,?,Elevation of Privilege Vulnerability in Mediaserver,,High,,,
2016-03,CVE-2016-0828,?,Information Disclosure Vulnerability in Mediaserver,,High,,,
2016-03,CVE-2016-0829,?,Information Disclosure Vulnerability in Mediaserver,,High,,,
2016-03,CVE-2016-0830,?,Remote Denial of Service Vulnerability in Bluetooth,,High,,,
2016-03,CVE-2016-0831,?,Information Disclosure Vulnerability in Telephony,,Moderate,,,
2016-03,CVE-2016-0832,?,Elevation of Privilege Vulnerability in Setup Wizard,,Moderate,,,
2016-05,CVE-2016-2428,?,Remote Code Execution Vulnerability in Mediaserver,,Critical,,,"4.4.4, 5.0.2, 5.1.1, 6.0, 6.0.1"
2016-05,CVE-2016-2429,?,Remote Code Execution Vulnerability in Mediaserver,,Critical,,,"4.4.4, 5.0.2, 5.1.1, 6.0, 6.0.1"
2016-05,CVE-2016-2430,?,Elevation of Privilege Vulnerability in Debuggerd,,Critical,,,"4.4.4, 5.0.2, 5.1.1, 6.0, 6.0.1"
2016-05,CVE-2016-2431,?,Qualcomm,,Critical,,,
2016-05,CVE-2016-2432,?,Qualcomm,,Critical,,,
2016-05,CVE-2015-0569,?,Qualcomm,,Critical,,,
2016-05,CVE-2015-0570,?,Qualcomm,,Critical,,,
2016-05,CVE-2016-2434,?,NVIDIA,,Critical,,,
2016-05,CVE-2016-2435,?,NVIDIA,,Critical,,,
2016-05,CVE-2016-2436,?,NVIDIA,,Critical,,,
2016-05,CVE-2016-2437,?,NVIDIA,,Critical,,,
2016-05,CVE-2015-1805,?,Elevation of Privilege Vulnerability in Kernel,,Critical,,,
2016-05,CVE-2016-2438,?,Remote Code Execution Vulnerability in Kernel,,High,,,
2016-05,CVE-2016-2060,?,Qualcomm,,High,,,
2016-05,CVE-2016-2439,?,Remote Code Execution Vulnerability in Bluetooth,,High,,,"4.4.4, 5.0.2, 5.1.1, 6.0, 6.0.1"
2016-05,CVE-2016-2440,?,Elevation of Privilege Vulnerability in Binder,,High,,,"4.4.4, 5.0.2, 5.1.1, 6.0, 6.0.1"
2016-05,CVE-2016-2441,?,Qualcomm,,High,,,
2016-05,CVE-2016-2442,?,Qualcomm,,High,,,
2016-05,CVE-2016-2443,?,Qualcomm,,High,,,
2016-05,CVE-2015-0571,?,Qualcomm,,High,,,
2016-05,CVE-2016-2444,?,NVIDIA,,High,,,
2016-05,CVE-2016-2445,?,NVIDIA,,High,,,
2016-05,CVE-2016-2446,?,NVIDIA,,High,,,
2016-05,CVE-2016-4477,?,Elevation of Privilege Vulnerability in Wi-Fi,,High,,,"4.4.4, 5.0.2, 5.1.1, 6.0, 6.0.1"
2016-05,CVE-2016-2448,?,Elevation of Privilege Vulnerability in Mediaserver,,High,,,"4.4.4, 5.0.2, 5.1.1, 6.0, 6.0.1"
2016-05,CVE-2016-2449,?,Elevation of Privilege Vulnerability in Mediaserver,,High,,,"4.4.4, 5.0.2, 5.1.1, 6.0, 6.0.1"
2016-05,CVE-2016-2450,?,Elevation of Privilege Vulnerability in Mediaserver,,High,,,"4.4.4, 5.0.2, 5.1.1, 6.0, 6.0.1"
2016-05,CVE-2016-2451,?,Elevation of Privilege Vulnerability in Mediaserver,,High,,,"4.4.4, 5.0.2, 5.1.1, 6.0, 6.0.1"
2016-05,CVE-2016-2452,?,Elevation of Privilege Vulnerability in Mediaserver,,High,,,"4.4.4, 5.0.2, 5.1.1, 6.0, 6.0.1"
2016-05,CVE-2016-2453,?,MediaTek,,High,,,
2016-05,CVE-2016-2454,?,Qualcomm,,High,,,
2016-05,CVE-2016-2461,?,Elevation of Privilege Vulnerability in Conscrypt,,Moderate,,,"6.0, 6.0.1"
2016-05,CVE-2016-2462,?,Elevation of Privilege Vulnerability in Conscrypt,,Moderate,,,"6.0, 6.0.1"
2016-05,CVE-2016-0705,?,Elevation of Privilege Vulnerability in OpenSSL &amp; BoringSSL,,Moderate,,,"4.4.4, 5.0.2, 5.1.1, 6.0, 6.0.1"
2016-05,CVE-2016-2456,?,MediaTek,,Moderate,,,
2016-05,CVE-2016-2457,?,Elevation of Privilege Vulnerability in Wi-Fi,,Moderate,,,"5.0.2, 5.1.1, 6.0, 6.0.1"
2016-05,CVE-2016-2458,?,Information Disclosure Vulnerability in AOSP Mail,,Moderate,,,"5.0.2, 5.1.1, 6.0, 6.0.1"
2016-05,CVE-2016-2459,?,Information Disclosure Vulnerability in Mediaserver,,Moderate,,,"4.4.4, 5.0.2, 5.1.1, 6.0, 6.0.1"
2016-05,CVE-2016-2460,?,Information Disclosure Vulnerability in Mediaserver,,Moderate,,,"4.4.4, 5.0.2, 5.1.1, 6.0, 6.0.1"
2016-05,CVE-2016-0774,?,Denial of Service Vulnerability in Kernel,,Low,,,
2016-06,CVE-2016-2463,?,Remote Code Execution Vulnerability in Mediaserver,,Critical,,,"4.4.4, 5.0.2, 5.1.1, 6.0, 6.0.1"
2016-06,CVE-2016-2464,?,Remote Code Execution Vulnerabilities in libwebm,,Critical,,,"4.4.4, 5.0.2, 5.1.1, 6.0, 6.0.1"
2016-06,CVE-2016-2465,?,Qualcomm,,Critical,,,
2016-06,CVE-2016-2466,?,Qualcomm,,Critical,,,
2016-06,CVE-2016-2467,?,Qualcomm,,Critical,,,
2016-06,CVE-2016-2468,?,Qualcomm,,Critical,,,
2016-06,CVE-2016-2062,?,Qualcomm,,Critical,,,
2016-06,CVE-2016-2474,?,Qualcomm,,Critical,,,
2016-06,CVE-2016-2475,?,Broadcom,,High,,,
2016-06,CVE-2016-2066,?,Qualcomm,,High,,,
2016-06,CVE-2016-2469,?,Qualcomm,,High,,,
2016-06,CVE-2016-2476,?,Elevation of Privilege Vulnerability in Mediaserver,,High,,,"4.4.4, 5.0.2, 5.1.1, 6.0, 6.0.1"
2016-06,CVE-2016-2477,?,Elevation of Privilege Vulnerability in Mediaserver,,High,,,"4.4.4, 5.0.2, 5.1.1, 6.0, 6.0.1"
2016-06,CVE-2016-2478,?,Elevation of Privilege Vulnerability in Mediaserver,,High,,,"4.4.4, 5.0.2, 5.1.1, 6.0, 6.0.1"
2016-06,CVE-2016-2479,?,Elevation of Privilege Vulnerability in Mediaserver,,High,,,"4.4.4, 5.0.2, 5.1.1, 6.0, 6.0.1"
2016-06,CVE-2016-2480,?,Elevation of Privilege Vulnerability in Mediaserver,,High,,,"4.4.4, 5.0.2, 5.1.1, 6.0, 6.0.1"
2016-06,CVE-2016-2481,?,Elevation of Privilege Vulnerability in Mediaserver,,High,,,"4.4.4, 5.0.2, 5.1.1, 6.0, 6.0.1"
2016-06,CVE-2016-2482,?,Elevation of Privilege Vulnerability in Mediaserver,,High,,,"4.4.4, 5.0.2, 5.1.1, 6.0, 6.0.1"
2016-06,CVE-2016-2483,?,Elevation of Privilege Vulnerability in Mediaserver,,High,,,"4.4.4, 5.0.2, 5.1.1, 6.0, 6.0.1"
2016-06,CVE-2016-2484,?,Elevation of Privilege Vulnerability in Mediaserver,,High,,,"4.4.4, 5.0.2, 5.1.1, 6.0, 6.0.1"
2016-06,CVE-2016-2485,?,Elevation of Privilege Vulnerability in Mediaserver,,High,,,"4.4.4, 5.0.2, 5.1.1, 6.0, 6.0.1"
2016-06,CVE-2016-2486,?,Elevation of Privilege Vulnerability in Mediaserver,,High,,,"4.4.4, 5.0.2, 5.1.1, 6.0, 6.0.1"
2016-06,CVE-2016-2487,?,Elevation of Privilege Vulnerability in Mediaserver,,High,,,"4.4.4, 5.0.2, 5.1.1, 6.0, 6.0.1"
2016-06,CVE-2016-2061,?,Qualcomm,,High,,,
2016-06,CVE-2016-2488,?,Qualcomm,,High,,,
2016-06,CVE-2016-2489,?,Qualcomm,,High,,,
2016-06,CVE-2016-2490,?,NVIDIA,,High,,,
2016-06,CVE-2016-2491,?,NVIDIA,,High,,,
2016-06,CVE-2016-2470,?,Qualcomm,,High,,,
2016-06,CVE-2016-2471,?,Qualcomm,,High,,,
2016-06,CVE-2016-2472,?,Qualcomm,,High,,,
2016-06,CVE-2016-2473,?,Qualcomm,,High,,,
2016-06,CVE-2016-2492,?,MediaTek,,High,,,
2016-06,CVE-2016-2494,?,Elevation of Privilege Vulnerability in SD Card Emulation Layer,,High,,,"4.4.4, 5.0.2, 5.1.1, 6.0, 6.0.1"
2016-06,CVE-2016-2493,?,Broadcom,,High,,,
2016-06,CVE-2016-2495,?,Remote Denial of Service Vulnerability in Mediaserver,,High,,,"4.4.4, 5.0.2, 5.1.1, 6.0, 6.0.1"
2016-06,CVE-2016-2496,?,Elevation of Privilege Vulnerability in Framework UI,,Moderate,,,"6.0, 6.1"
2016-06,CVE-2016-2498,?,Qualcomm,,Moderate,,,
2016-06,CVE-2016-2499,?,Information Disclosure Vulnerability in Mediaserver,,Moderate,,,"4.4.4, 5.0.2, 5.1.1, 6.0, 6.0.1"
2016-06,CVE-2016-2500,?,Information Disclosure Vulnerability in Activity Manager,,Moderate,,,"5.0.2, 5.1.1, 6.0, 6.0.1"
2016-07,CVE-2016-2506,01,Remote code execution vulnerability in Mediaserver,,Critical,,A-28175045,"4.4.4, 5.0.2, 5.1.1, 6.0, 6.0.1"
2016-07,CVE-2016-2505,01,Remote code execution vulnerability in Mediaserver,,Critical,,A-28333006,"6.0, 6.0.1"
2016-07,CVE-2016-2507,01,Remote code execution vulnerability in Mediaserver,,Critical,,A-28532266,"4.4.4, 5.0.2, 5.1.1, 6.0, 6.0.1"
2016-07,CVE-2016-2508,01,Remote code execution vulnerability in Mediaserver,,Critical,,A-28799341 [ 2 ],"4.4.4, 5.0.2, 5.1.1, 6.0, 6.0.1"
2016-07,CVE-2016-3741,01,Remote code execution vulnerability in Mediaserver,,Critical,,A-28165661 [ 2 ],"6.0, 6.0.1"
2016-07,CVE-2016-3742,01,Remote code execution vulnerability in Mediaserver,,Critical,,A-28165659,"6.0, 6.0.1"
2016-07,CVE-2016-3743,01,Remote code execution vulnerability in Mediaserver,,Critical,,A-27907656,"6.0, 6.0.1"
2016-07,CVE-2016-2108,01,Remote code execution vulnerability in OpenSSL &amp; BoringSSL,,Critical,,A-28175332,"4.4.4, 5.0.2, 5.1.1, 6.0, 6.0.1"
2016-07,CVE-2016-3744,01,Remote code execution vulnerability in Bluetooth,,High,,A-27930580,"4.4.4, 5.0.2, 5.1.1, 6.0, 6.0.1"
2016-07,CVE-2016-3751,01,Elevation of privilege vulnerability in libpng,,High,,A-23265085,"4.4.4, 5.0.2, 5.1.1, 6.0, 6.0.1"
2016-07,CVE-2016-3745,01,Elevation of privilege vulnerability in Mediaserver,,High,,A-28173666,"4.4.4, 5.0.2, 5.1.1, 6.0, 6.0.1"
2016-07,CVE-2016-3746,01,Elevation of privilege vulnerability in Mediaserver,,High,,A-27890802,"4.4.4, 5.0.2, 5.1.1, 6.0, 6.0.1"
2016-07,CVE-2016-3747,01,Elevation of privilege vulnerability in Mediaserver,,High,,A-27903498,"4.4.4, 5.0.2, 5.1.1, 6.0, 6.0.1"
2016-07,CVE-2016-3748,01,Elevation of privilege vulnerability in sockets,,High,,A-28171804,"6.0, 6.0.1"
2016-07,CVE-2016-3749,01,Elevation of privilege vulnerability in LockSettingsService,,High,,A-28163930,"6.0, 6.0.1"
2016-07,CVE-2016-3750,01,Elevation of privilege vulnerability in Framework APIs,,High,,A-28395952,"4.4.4, 5.0.2, 5.1.1, 6.0, 6.0.1"
2016-07,CVE-2016-3752,01,Elevation of privilege vulnerability in ChooserTarget service,,High,,A-28384423,"6.0, 6.0.1"
2016-07,CVE-2016-3753,01,Information disclosure vulnerability in Mediaserver,,High,,A-27210135,4.4.4
2016-07,CVE-2016-2107,01,Information disclosure vulnerability in OpenSSL,,High,,A-28550804,"4.4.4, 5.0.2, 5.1.1"
2016-07,CVE-2016-3754,01,Denial of service vulnerability in Mediaserver,,High,,A-28615448 [ 2 ],"4.4.4, 5.0.2, 5.1.1, 6.0, 6.0.1"
2016-07,CVE-2016-3755,01,Denial of service vulnerability in Mediaserver,,High,,A-28470138,"6.0, 6.0.1"
2016-07,CVE-2016-3756,01,Denial of service vulnerability in Mediaserver,,High,,A-28556125,"4.4.4, 5.0.2, 5.1.1, 6.0, 6.0.1"
2016-07,CVE-2016-3818,01,Denial of service vulnerability in libc,,High,,A-28740702 [ 2 ],4.4.4
2016-07,CVE-2016-3757,01,Elevation of privilege vulnerability in lsof,,Moderate,,A-28175237,"4.4.4, 5.0.2, 5.1.1, 6.0, 6.0.1"
2016-07,CVE-2016-3758,01,Elevation of privilege vulnerability in DexClassLoader,,Moderate,,A-27840771,"4.4.4, 5.0.2, 5.1.1, 6.0, 6.0.1"
2016-07,CVE-2016-3759,01,Elevation of privilege vulnerability in Framework APIs,,Moderate,,A-28406080,"5.0.2, 5.1.1, 6.0, 6.0.1"
2016-07,CVE-2016-3760,01,Elevation of privilege vulnerability in Bluetooth,,Moderate,,A-27410683 [ 2 ] [ 3 ],"5.0.2, 5.1.1, 6.0, 6.0.1"
2016-07,CVE-2016-3761,01,Elevation of privilege vulnerability in NFC,,Moderate,,A-28300969,"4.4.4, 5.0.2, 5.1.1, 6.0, 6.0.1"
2016-07,CVE-2016-3762,01,Elevation of privilege vulnerability in sockets,,Moderate,,A-28612709,"5.0.2, 5.1.1, 6.0, 6.0.1"
2016-07,CVE-2016-3763,01,Information disclosure vulnerability in Proxy Auto-Config,,Moderate,,A-27593919,"4.4.4, 5.0.2, 5.1.1, 6.0, 6.0.1"
2016-07,CVE-2016-3764,01,Information disclosure vulnerability in Mediaserver,,Moderate,,A-28377502,"4.4.4, 5.0.2, 5.1.1, 6.0, 6.0.1"
2016-07,CVE-2016-3765,01,Information disclosure vulnerability in Mediaserver,,Moderate,,A-28168413,"6.0, 6.0.1"
2016-07,CVE-2016-3766,01,Denial of service vulnerability in Mediaserver,,Moderate,,A-28471206 [ 2 ],"4.4.4, 5.0.2, 5.1.1, 6.0, 6.0.1"
2016-07,CVE-2016-2503,05,Qualcomm,,Critical,,A-28084795* QC-CR1006067,
2016-07,CVE-2016-2067,05,Qualcomm,,Critical,,A-28305757 QC-CR988993,
2016-07,CVE-2016-3767,05,MediaTek,,Critical,,A-28169363* M-ALPS02689526,
2016-07,CVE-2016-3768,05,Qualcomm,,Critical,,A-28172137* QC-CR1010644,
2016-07,CVE-2016-3769,05,NVIDIA,,Critical,,A-28376656* N-CVE20163769,
2016-07,CVE-2016-3770,05,MediaTek,,Critical,,A-28346752* M-ALPS02703102,
2016-07,CVE-2016-3771,05,MediaTek,,Critical,,A-29007611* M-ALPS02703102,
2016-07,CVE-2016-3772,05,MediaTek,,Critical,,A-29008188* M-ALPS02703102,
2016-07,CVE-2016-3773,05,MediaTek,,Critical,,A-29008363* M-ALPS02703102,
2016-07,CVE-2016-3774,05,MediaTek,,Critical,,A-29008609* M-ALPS02703102,
2016-07,CVE-2016-3775,05,Elevation of privilege vulnerability in kernel file system,,Critical,,A-28588279*,
2016-07,CVE-2015-8816,05,Elevation of privilege vulnerability in USB driver,,Critical,,A-28712303*,
2016-07,CVE-2014-9795,05,Qualcomm,,,,A-28820720 QC-CR681957 [ 2 ],
2016-07,CVE-2014-9794,05,Qualcomm,,,,A-28821172 QC-CR646385,
2016-07,CVE-2015-8892,05,Qualcomm,,,,A-28822807 QC-CR902998,
2016-07,CVE-2014-9781,05,Qualcomm,,,,A-28410333 QC-CR556471,
2016-07,CVE-2014-9786,05,Qualcomm,,,,A-28557260 QC-CR545979,
2016-07,CVE-2014-9788,05,Qualcomm,,,,A-28573112 QC-CR548872,
2016-07,CVE-2014-9779,05,Qualcomm,,,,A-28598347 QC-CR548679,
2016-07,CVE-2014-9780,05,Qualcomm,,,,A-28602014 QC-CR542222,
2016-07,CVE-2014-9789,05,Qualcomm,,,,A-28749392 QC-CR556425,
2016-07,CVE-2014-9793,05,Qualcomm,,,,A-28821253 QC-CR580567,
2016-07,CVE-2014-9782,05,Qualcomm,,,,A-28431531 QC-CR511349,
2016-07,CVE-2014-9783,05,Qualcomm,,,,A-28441831 QC-CR511382 [ 2 ],
2016-07,CVE-2014-9785,05,Qualcomm,,,,A-28469042 QC-CR545747,
2016-07,CVE-2014-9787,05,Qualcomm,,,,A-28571496 QC-CR545764,
2016-07,CVE-2014-9784,05,Qualcomm,,,,A-28442449 QC-CR585147,
2016-07,CVE-2014-9777,05,Qualcomm,,,,A-28598501 QC-CR563654,
2016-07,CVE-2014-9778,05,Qualcomm,,,,A-28598515 QC-CR563694,
2016-07,CVE-2014-9790,05,Qualcomm,,,,A-28769136 QC-CR545716 [ 2 ],
2016-07,CVE-2014-9792,05,Qualcomm,,,,A-28769399 QC-CR550606,
2016-07,CVE-2014-9797,05,Qualcomm,,,,A-28821090 QC-CR674071,
2016-07,CVE-2014-9791,05,Qualcomm,,,,A-28803396 QC-CR659364,
2016-07,CVE-2014-9796,05,Qualcomm,,,,A-28820722 QC-CR684756,
2016-07,CVE-2014-9800,05,Qualcomm,,,,A-28822150 QC-CR692478,
2016-07,CVE-2014-9799,05,Qualcomm,,,,A-28821731 QC-CR691916,
2016-07,CVE-2014-9801,05,Qualcomm,,,,A-28822060 QC-CR705078,
2016-07,CVE-2014-9802,05,Qualcomm,,,,A-28821965 QC-CR705108,
2016-07,CVE-2015-8891,05,Qualcomm,,,,A-28842418 QC-CR813930,
2016-07,CVE-2015-8888,05,Qualcomm,,,,A-28822465 QC-CR813933,
2016-07,CVE-2015-8889,05,Qualcomm,,,,A-28822677 QC-CR804067,
2016-07,CVE-2015-8890,05,Qualcomm,,,,A-28822878 QC-CR823461,
2016-07,CVE-2016-2502,05,Qualcomm,,High,,A-27657963 QC-CR997044,
2016-07,CVE-2016-3792,05,Qualcomm,,High,,A-27725204 QC-CR561022,
2016-07,CVE-2016-2501,05,Qualcomm,,High,,A-27890772* QC-CR1001092,
2016-07,CVE-2016-3793,05,NVIDIA,,High,,A-28026625* N-CVE20163793,
2016-07,CVE-2016-3795,05,MediaTek,,High,,A-28085222* M-ALPS02677244,
2016-07,CVE-2016-3796,05,MediaTek,,High,,A-29008443* M-ALPS02677244,
2016-07,CVE-2016-3797,05,Qualcomm,,High,,A-28085680* QC-CR1001450,
2016-07,CVE-2016-3798,05,MediaTek,,High,,A-28174490* M-ALPS02703105,
2016-07,CVE-2016-3799,05,MediaTek,,High,,A-28175025* M-ALPS02693738,
2016-07,CVE-2016-3800,05,MediaTek,,High,,A-28175027* M-ALPS02693739,
2016-07,CVE-2016-3801,05,MediaTek,,High,,A-28174914* M-ALPS02688853,
2016-07,CVE-2016-3802,05,Elevation of privilege vulnerability in kernel file system,,High,,A-28271368*,
2016-07,CVE-2016-3803,05,Elevation of privilege vulnerability in kernel file system,,High,,A-28588434*,
2016-07,CVE-2016-3804,05,MediaTek,,High,,A-28332766* M-ALPS02694410,
2016-07,CVE-2016-3805,05,MediaTek,,High,,A-28333002* M-ALPS02694412,
2016-07,CVE-2016-3806,05,MediaTek,,High,,A-28402341* M-ALPS02715341,
2016-07,CVE-2016-3807,05,Elevation of privilege vulnerability in serial peripheral interface driver,,High,,A-28402196*,
2016-07,CVE-2016-3808,05,Elevation of privilege vulnerability in serial peripheral interface driver,,High,,A-28430009*,
2016-07,CVE-2016-2068,05,Qualcomm,,High,,A-28470967 QC-CR1006609,
2016-07,CVE-2014-9803,05,Elevation of privilege vulnerability in kernel,,High,,A-28557020 Upstream kernel,
2016-07,CVE-2016-3809,05,Information disclosure vulnerability in networking component,,High,,A-27532522*,
2016-07,CVE-2016-3810,05,MediaTek,,High,,A-28175522* M-ALPS02694389,
2016-07,CVE-2016-3811,05,Elevation of privilege vulnerability in kernel video driver,,Moderate,,A-28447556*,
2016-07,CVE-2016-3812,05,MediaTek,,Moderate,,A-28174833* M-ALPS02688832,
2016-07,CVE-2016-3813,05,Qualcomm,,Moderate,,A-28172322* QC-CR1010222,
2016-07,CVE-2016-3814,05,NVIDIA,,Moderate,,A-28193342* N-CVE20163814,
2016-07,CVE-2016-3815,05,NVIDIA,,Moderate,,A-28522274* N-CVE20163815,
2016-07,CVE-2016-3816,05,MediaTek,,Moderate,,A-28402240*,
2016-07,CVE-2016-0723,05,Information disclosure vulnerability in kernel teletype driver,,Moderate,,A-28409131 Upstream kernel,
2016-07,CVE-2014-9798,05,Qualcomm,,Moderate,,A-28821448 QC-CR681965,
2016-07,CVE-2015-8893,05,Qualcomm,,Moderate,,A-28822690 QC-CR822275,
2016-08,CVE-2016-3819,01,Remote code execution vulnerability in Mediaserver,,Critical,,A-28533562,"4.4.4, 5.0.2, 5.1.1, 6.0, 6.0.1"
2016-08,CVE-2016-3820,01,Remote code execution vulnerability in Mediaserver,,Critical,,A-28673410,"6.0, 6.0.1"
2016-08,CVE-2016-3821,01,Remote code execution vulnerability in Mediaserver,,Critical,,A-28166152,"4.4.4, 5.0.2, 5.1.1, 6.0, 6.0.1"
2016-08,CVE-2016-3822,01,Remote code execution vulnerability in libjhead,,High,,A-28868315,"4.4.4, 5.0.2, 5.1.1, 6.0, 6.0.1"
2016-08,CVE-2016-3823,01,Elevation of privilege vulnerability in Mediaserver,,High,,A-28815329,"4.4.4, 5.0.2, 5.1.1, 6.0, 6.0.1"
2016-08,CVE-2016-3824,01,Elevation of privilege vulnerability in Mediaserver,,High,,A-28816827,"4.4.4, 5.0.2, 5.1.1, 6.0, 6.0.1"
2016-08,CVE-2016-3825,01,Elevation of privilege vulnerability in Mediaserver,,High,,A-28816964,"5.0.2, 5.1.1, 6.0, 6.0.1"
2016-08,CVE-2016-3826,01,Elevation of privilege vulnerability in Mediaserver,,High,,A-29251553,"4.4.4, 5.0.2, 5.1.1, 6.0, 6.0.1"
2016-08,CVE-2016-3827,01,Denial of service vulnerability in Mediaserver,,High,,A-28816956,6.0.1
2016-08,CVE-2016-3828,01,Denial of service vulnerability in Mediaserver,,High,,A-28835995,"6.0, 6.0.1"
2016-08,CVE-2016-3829,01,Denial of service vulnerability in Mediaserver,,High,,A-29023649,"6.0, 6.0.1"
2016-08,CVE-2016-3830,01,Denial of service vulnerability in Mediaserver,,High,,A-29153599,"4.4.4, 5.0.2, 5.1.1, 6.0, 6.0.1"
2016-08,CVE-2016-3831,01,Denial of service vulnerability in system clock,,High,,A-29083635,"4.4.4, 5.0.2, 5.1.1, 6.0, 6.0.1"
2016-08,CVE-2016-3832,01,Elevation of privilege vulnerability in framework APIs,,Moderate,,A-28795098,"4.4.4, 5.0.2, 5.1.1, 6.0, 6.0.1"
2016-08,CVE-2016-3833,01,Elevation of privilege vulnerability in Shell,,Moderate,,A-29189712 [ 2 ],"5.0.2, 5.1.1, 6.0, 6.0.1"
2016-08,CVE-2016-2842,01,Information disclosure vulnerability in OpenSSL,,None*,,A-29060514,"4.4.4, 5.0.2, 5.1.1"
2016-08,CVE-2016-3834,01,Information disclosure vulnerability in camera APIs,,Moderate,,A-28466701,"4.4.4, 5.0.2, 5.1.1, 6.0, 6.0.1"
2016-08,CVE-2016-3835,01,Information disclosure vulnerability in Mediaserver,,Moderate,,A-28920116,"4.4.4, 5.0.2, 5.1.1, 6.0, 6.0.1"
2016-08,CVE-2016-3836,01,Information disclosure vulnerability in SurfaceFlinger,,Moderate,,A-28592402,"5.0.2, 5.1.1, 6.0, 6.0.1"
2016-08,CVE-2016-3837,01,Information disclosure vulnerability in Wi-Fi,,Moderate,,A-28164077,"5.0.2, 5.1.1, 6.0, 6.0.1"
2016-08,CVE-2016-3838,01,Denial of service vulnerability in system UI,,Moderate,,A-28761672,"6.0, 6.0.1"
2016-08,CVE-2016-3839,01,Denial of service vulnerability in Bluetooth,,Moderate,,A-28885210,"4.4.4, 5.0.2, 5.1.1, 6.0, 6.0.1"
2016-08,CVE-2014-9902,05,Qualcomm,,Critical,,A-28668638 QC-CR#553937 QC-CR#553941,
2016-08,CVE-2016-3840,05,Remote code execution vulnerability in Conscrypt,,Critical,,A-28751153,"4.4.4, 5.0.2, 5.1.1, 6.0, 6.0.1"
2016-08,CVE-2014-9863,05,Qualcomm,,Critical,,A-28768146 QC-CR#549470,
2016-08,CVE-2014-9864,05,Qualcomm,,High,,A-28747998 QC-CR#561841,
2016-08,CVE-2014-9865,05,Qualcomm,,High,,A-28748271 QC-CR#550013,
2016-08,CVE-2014-9866,05,Qualcomm,,High,,A-28747684 QC-CR#511358,
2016-08,CVE-2014-9867,05,Qualcomm,,High,,A-28749629 QC-CR#514702,
2016-08,CVE-2014-9868,05,Qualcomm,,High,,A-28749721 QC-CR#511976,
2016-08,CVE-2014-9869,05,Qualcomm,,High,,A-28749728 QC-CR#514711 [ 2 ],
2016-08,CVE-2014-9870,05,Qualcomm,,High,,A-28749743 QC-CR#561044,
2016-08,CVE-2014-9871,05,Qualcomm,,High,,A-28749803 QC-CR#514717,
2016-08,CVE-2014-9872,05,Qualcomm,,High,,A-28750155 QC-CR#590721,
2016-08,CVE-2014-9873,05,Qualcomm,,High,,A-28750726 QC-CR#556860,
2016-08,CVE-2014-9874,05,Qualcomm,,High,,A-28751152 QC-CR#563086,
2016-08,CVE-2014-9875,05,Qualcomm,,High,,A-28767589 QC-CR#483310,
2016-08,CVE-2014-9876,05,Qualcomm,,High,,A-28767796 QC-CR#483408,
2016-08,CVE-2014-9877,05,Qualcomm,,High,,A-28768281 QC-CR#547231,
2016-08,CVE-2014-9878,05,Qualcomm,,High,,A-28769208 QC-CR#547479,
2016-08,CVE-2014-9879,05,Qualcomm,,High,,A-28769221 QC-CR#524490,
2016-08,CVE-2014-9880,05,Qualcomm,,High,,A-28769352 QC-CR#556356,
2016-08,CVE-2014-9881,05,Qualcomm,,High,,A-28769368 QC-CR#539008,
2016-08,CVE-2014-9882,05,Qualcomm,,High,,A-28769546 QC-CR#552329 [ 2 ],
2016-08,CVE-2014-9883,05,Qualcomm,,High,,A-28769912 QC-CR#565160,
2016-08,CVE-2014-9884,05,Qualcomm,,High,,A-28769920 QC-CR#580740,
2016-08,CVE-2014-9885,05,Qualcomm,,High,,A-28769959 QC-CR#562261,
2016-08,CVE-2014-9886,05,Qualcomm,,High,,A-28815575 QC-CR#555030,
2016-08,CVE-2014-9887,05,Qualcomm,,High,,A-28804057 QC-CR#636633,
2016-08,CVE-2014-9888,05,Qualcomm,,High,,A-28803642 QC-CR#642735,
2016-08,CVE-2014-9889,05,Qualcomm,,High,,A-28803645 QC-CR#674712,
2016-08,CVE-2015-8937,05,Qualcomm,,High,,A-28803962 QC-CR#770548,
2016-08,CVE-2015-8938,05,Qualcomm,,High,,A-28804030 QC-CR#766022,
2016-08,CVE-2015-8939,05,Qualcomm,,High,,A-28398884 QC-CR#779021,
2016-08,CVE-2015-8940,05,Qualcomm,,High,,A-28813987 QC-CR#792367,
2016-08,CVE-2015-8941,05,Qualcomm,,High,,A-28814502 QC-CR#792473,
2016-08,CVE-2015-8942,05,Qualcomm,,High,,A-28814652 QC-CR#803246,
2016-08,CVE-2015-8943,05,Qualcomm,,High,,A-28815158 QC-CR#794217 QC-CR#836226,
2016-08,CVE-2014-9891,05,Qualcomm,,Moderate,,A-28749283 QC-CR#550061,
2016-08,CVE-2014-9890,05,Qualcomm,,Moderate,,A-28770207 QC-CR#529177,
2016-08,CVE-2015-2686,05,Elevation of privilege vulnerability in kernel networking component,,Critical,,A-28759139 Upstream kernel,
2016-08,CVE-2016-3841,05,Elevation of privilege vulnerability in kernel networking component,,Critical,,A-28746669 Upstream kernel,
2016-08,CVE-2016-2504,05,Qualcomm,,Critical,,A-28026365 QC-CR#1002974,
2016-08,CVE-2016-3842,05,Qualcomm,,Critical,,A-28377352 QC-CR#1002974,
2016-08,CVE-2016-3843,05,Qualcomm,,Critical,,A-28086229* QC-CR#1011071,
2016-08,CVE-2016-3857,05,Elevation of privilege vulnerability in kernel,,Critical,,A-28522518*,
2016-08,CVE-2015-1593,05,Elevation of privilege vulnerability in kernel memory system,,High,,A-29577822 Upstream kernel,
2016-08,CVE-2016-3672,05,Elevation of privilege vulnerability in kernel memory system,,High,,A-28763575 Upstream kernel,
2016-08,CVE-2016-2544,05,Elevation of privilege vulnerability in kernel sound component,,High,,A-28695438 Upstream kernel,
2016-08,CVE-2016-2546,05,Elevation of privilege vulnerability in kernel sound component,,High,,A-28694392 Upstream kernel,
2016-08,CVE-2014-9904,05,Elevation of privilege vulnerability in kernel sound component,,High,,A-28592007 Upstream kernel,
2016-08,CVE-2012-6701,05,Elevation of privilege vulnerability in kernel file system,,High,,A-28939037 Upstream kernel,
2016-08,CVE-2016-3844,05,Elevation of privilege vulnerability in Mediaserver,,High,,A-28299517* N-CVE-2016-3844,
2016-08,CVE-2016-3845,05,Elevation of privilege vulnerability in kernel video driver,,High,,A-28399876*,
2016-08,CVE-2016-3846,05,Elevation of privilege vulnerability in Serial Peripheral Interface driver,,High,,A-28817378*,
2016-08,CVE-2016-3847,05,NVIDIA,,High,,A-28871433* N-CVE-2016-3847,
2016-08,CVE-2016-3848,05,NVIDIA,,High,,A-28919417* N-CVE-2016-3848,
2016-08,CVE-2016-3849,05,Elevation of privilege vulnerability in ION driver,,High,,A-28939740,
2016-08,CVE-2016-3850,05,Qualcomm,,High,,A-27917291 QC-CR#945164,
2016-08,CVE-2016-3843,05,Elevation of privilege vulnerability in kernel performance subsystem,,High,,A-29119870*,"6.0, 6.1"
2016-08,CVE-2016-3851,05,Elevation of privilege vulnerability in LG Electronics bootloader,,High,,A-29189941*,
2016-08,CVE-2014-9892,05,Qualcomm,,High,,A-28770164 QC-CR#568717,
2016-08,CVE-2015-8944,05,Qualcomm,,High,,A-28814213 QC-CR#786116,
2016-08,CVE-2014-9893,05,Qualcomm,,Moderate,,A-28747914 QC-CR#542223,
2016-08,CVE-2014-9894,05,Qualcomm,,Moderate,,A-28749708 QC-CR#545736,
2016-08,CVE-2014-9895,05,Qualcomm,,Moderate,,A-28750150 QC-CR#570757,
2016-08,CVE-2014-9896,05,Qualcomm,,Moderate,,A-28767593 QC-CR#551795,
2016-08,CVE-2014-9897,05,Qualcomm,,Moderate,,A-28769856 QC-CR#563752,
2016-08,CVE-2014-9898,05,Qualcomm,,Moderate,,A-28814690 QC-CR#554575,
2016-08,CVE-2014-9899,05,Qualcomm,,Moderate,,A-28803909 QC-CR#547910,
2016-08,CVE-2014-9900,05,Qualcomm,,Moderate,,A-28803952 QC-CR#570754,
2016-08,CVE-2014-9903,05,Information disclosure vulnerability in kernel scheduler,,High,,A-28731691 Upstream kernel,
2016-08,CVE-2016-3852,05,MediaTek,,High,,A-29141147* M-ALPS02751738,
2016-08,CVE-2016-4482,05,Information disclosure vulnerability in USB driver,,High,,A-28619695 Upstream kernel,
2016-08,CVE-2014-9901,05,Qualcomm,,High,,A-28670333 QC-CR#548711,
2016-08,CVE-2016-3853,05,Elevation of privilege vulnerability in Google Play services,,Moderate,,A-26803208*,None
2016-08,CVE-2016-2497,05,Elevation of privilege vulnerability in Framework APIs,,Moderate,,A-27450489,"4.4.4, 5.0.2, 5.1.1, 6.0, 6.0.1"
2016-08,CVE-2016-4486,05,Information disclosure vulnerability in kernel networking component,,Moderate,,A-28620102 Upstream kernel,
2016-08,CVE-2016-4569,05,Information disclosure vulnerability in kernel sound component,,Moderate,,A-28980557 Upstream kernel,
2016-08,CVE-2016-4578,05,Information disclosure vulnerability in kernel sound component,,Moderate,,A-28980217 Upstream kernel [ 2 ],
2016-08,CVE-2016-3854,05,Qualcomm,,High,,QC-CR#897326,
2016-08,CVE-2016-3855,05,Qualcomm,,High,,QC-CR#990824,
2016-08,CVE-2016-2060,05,Qualcomm,,Moderate,,QC-CR#959631,
2016-09,CVE-2016-3861,01,Remote code execution vulnerability in LibUtils,,Critical,,A-29250543 [ 2 ] [ 3 ] [ 4 ],"4.4.4, 5.0.2, 5.1.1, 6.0, 6.0.1, 7.0"
2016-09,CVE-2016-3862,01,Remote code execution vulnerability in Mediaserver,,Critical,,A-29270469,"4.4.4, 5.0.2, 5.1.1, 6.0, 6.0.1"
2016-09,CVE-2016-3863,01,Remote code execution vulnerability in MediaMuxer,,High,,A-29161888,"4.4.4, 5.0.2, 5.1.1, 6.0, 6.0.1, 7.0"
2016-09,CVE-2016-3870,01,Elevation of privilege vulnerability in Mediaserver,,All Nexus,,A-29421804 High,"Jun 15, 2016"
2016-09,CVE-2016-3871,01,Elevation of privilege vulnerability in Mediaserver,,High,,A-29422022 [ 2 ] [ 3 ],"4.4.4, 5.0.2, 5.1.1, 6.0, 6.0.1, 7.0"
2016-09,CVE-2016-3872,01,Elevation of privilege vulnerability in Mediaserver,,High,,A-29421675 [ 2 ],"4.4.4, 5.0.2, 5.1.1, 6.0, 6.0.1, 7.0"
2016-09,CVE-2016-3875,01,Elevation of privilege vulnerability in device boot,,High,,A-26251884,"6.0, 6.0.1"
2016-09,CVE-2016-3876,01,Elevation of privilege vulnerability in Settings,,High,,A-29900345,"6.0, 6.0.1, 7.0"
2016-09,CVE-2016-3899,01,Denial of service vulnerability in Mediaserver,,High,,A-29421811,"4.4.4, 5.0.2, 5.1.1, 6.0, 6.0.1, 7.0"
2016-09,CVE-2016-3878,01,Denial of service vulnerability in Mediaserver,,High,,A-29493002,"6.0, 6.0.1"
2016-09,CVE-2016-3879,01,Denial of service vulnerability in Mediaserver,,High,,A-29770686,"4.4.4, 5.0.2, 5.1.1, 6.0, 6.0.1"
2016-09,CVE-2016-3880,01,Denial of service vulnerability in Mediaserver,,High,,A-25747670,"4.4.4, 5.0.2, 5.1.1, 6.0, 6.0.1, 7.0"
2016-09,CVE-2016-3881,01,Denial of service vulnerability in Mediaserver,,High,,A-30013856,"4.4.4, 5.0.2, 5.1.1, 6.0, 6.0.1, 7.0"
2016-09,CVE-2016-3883,01,Elevation of privilege vulnerability in Telephony,,Moderate,,A-28557603,"4.4.4, 5.0.2, 5.1.1, 6.0, 6.0.1, 7.0"
2016-09,CVE-2016-3884,01,Elevation of privilege vulnerability in Notification Manager Service,,Moderate,,A-29421441,"6.0, 6.0.1, 7.0"
2016-09,CVE-2016-3885,01,Elevation of privilege vulnerability in Debuggerd,,Moderate,,A-29555636,"5.0.2, 5.1.1, 6.0, 6.0.1, 7.0"
2016-09,CVE-2016-3886,01,Elevation of privilege vulnerability in System UI Tuner,,Moderate,,A-30107438,7.0
2016-09,CVE-2016-3887,01,Elevation of privilege vulnerability in Settings,,Moderate,,A-29899712,7.0
2016-09,CVE-2016-3888,01,Elevation of privilege vulnerability in SMS,,Moderate,,A-29420123,"4.4.4, 5.0.2, 5.1.1, 6.0, 6.0.1, 7.0"
2016-09,CVE-2016-3889,01,Elevation of privilege vulnerability in Settings,,Moderate,,A-29194585 [ 2 ],"6.0, 6.0.1, 7.0"
2016-09,CVE-2016-3890,01,Elevation of privilege vulnerability in Java Debug Wire Protocol,,Moderate,,A-28347842 [ 2 ],"4.4.4, 5.0.2, 5.1.1, 6.0, 6.0.1"
2016-09,CVE-2016-3895,01,Information disclosure vulnerability in Mediaserver,,Moderate,,A-29983260,"6.0, 6.0.1, 7.0"
2016-09,CVE-2016-3896,01,Information disclosure vulnerability in AOSP Mail,,Moderate,,A-29767043,"4.4.4, 5.0.2, 5.1.1, 6.0, 6.0.1"
2016-09,CVE-2016-3897,01,Information disclosure vulnerability in Wi-Fi,,Moderate,,A-25624963 [ 2 ],"4.4.4, 5.0.2, 5.1.1, 6.0, 6.0.1"
2016-09,CVE-2016-3898,01,Denial of service vulnerability in Telephony,,Moderate,,A-29832693,"5.0.2, 5.1.1, 6.0, 6.0.1, 7.0"
2016-09,CVE-2014-9529,05,Elevation of privilege vulnerability in kernel security subsystem,,Critical,,A-29510361 Upstream kernel,
2016-09,CVE-2016-4470,05,Elevation of privilege vulnerability in kernel security subsystem,,Critical,,A-29823941 Upstream kernel,
2016-09,CVE-2013-7446,05,Elevation of privilege vulnerability in kernel networking subsystem,,Critical,,A-29119002 Upstream kernel,
2016-09,CVE-2016-3134,05,Elevation of privilege vulnerability in kernel netfilter subsystem,,Critical,,A-28940694 Upstream kernel,
2016-09,CVE-2016-3951,05,Elevation of privilege vulnerability in kernel USB driver,,Critical,,A-28744625 Upstream kernel [ 2 ],
2016-09,CVE-2014-4655,05,Elevation of privilege vulnerability in kernel sound subsystem,,High,,A-29916012 Upstream kernel,
2016-09,CVE-2016-2053,05,Elevation of privilege vulnerability in kernel ASN.1 decoder,,High,,A-28751627 Upstream kernel,
2016-09,CVE-2016-3864,05,Qualcomm,,High,,A-28823714* QC-CR#913117,
2016-09,CVE-2016-3858,05,Qualcomm,,High,,A-28675151 QC-CR#1022641,
2016-09,CVE-2016-4805,05,Elevation of privilege vulnerability in kernel networking driver,,High,,A-28979703 Upstream kernel,
2016-09,CVE-2016-3865,05,Elevation of privilege vulnerability in Synaptics touchscreen driver,,High,,A-28799389*,
2016-09,CVE-2016-3859,05,Qualcomm,,High,,A-28815326* QC-CR#1034641,
2016-09,CVE-2016-3866,05,Qualcomm,,High,,A-28868303* QC-CR#1032820,
2016-09,CVE-2016-3867,05,Qualcomm,,High,,A-28919863* QC-CR#1037897,
2016-09,CVE-2016-3868,05,Qualcomm,,High,,A-28967028* QC-CR#1032875,
2016-09,CVE-2016-3869,05,Broadcom,,High,,A-29009982* B-RB#96070,
2016-09,CVE-2016-1583,05,Elevation of privilege vulnerability in kernel eCryptfs filesystem,,High,,A-29444228 Upstream kernel,
2016-09,CVE-2016-3873,05,NVIDIA,,High,,A-29518457* N-CVE-2016-3873,
2016-09,CVE-2016-3874,05,Qualcomm,,High,,A-29944562 QC-CR#997797 [ 2 ],
2016-09,CVE-2015-1465,05,Denial of service vulnerability in kernel networking subsystem,,High,,A-29506807 Upstream kernel,
2016-09,CVE-2015-5364,05,Denial of service vulnerability in kernel networking subsystem,,High,,A-29507402 Upstream kernel,
2016-09,CVE-2015-8839,05,Denial of service vulnerability in kernel ext4 file system,,High,,A-28760453*,
2016-09,CVE-2016-3892,05,Qualcomm,,Moderate,,A-28760543* QC-CR#1024197,
2016-09,CVE-2016-3893,05,Qualcomm,,Moderate,,A-29512527 QC-CR#856400,
2016-09,CVE-2016-3894,05,Qualcomm,,Moderate,,A-29618014* QC-CR#1042033,
2016-09,CVE-2016-4998,05,Information disclosure vulnerability in kernel networking subsystem,,Moderate,,A-29637687 Upstream kernel [ 2 ],
2016-09,CVE-2015-2922,05,Denial of service vulnerability in kernel networking subsystem,,Moderate,,A-29409847 Upstream kernel,
2016-09,CVE-2016-2469,05,Qualcomm,,High,,QC-CR#997025,
2016-09,CVE-2016-2469,05,Qualcomm,,Moderate,,QC-CR#997015,
2016-09,CVE-2016-5340,06,Elevation of privilege vulnerability in kernel shared memory subsystem,,Critical,,A-30652312 QC-CR#1008948,
2016-09,CVE-2016-2059,06,Qualcomm,,High,,A-27045580 QC-CR#974577,
2016-10,CVE-2016-3900,01,Elevation of privilege vulnerability in ServiceManager,,High,,A-29431260 [ 2 ],"5.0.2, 5.1.1, 6.0, 6.0.1, 7.0"
2016-10,CVE-2016-3908,01,Elevation of privilege vulnerability in Lock Settings Service,,High,,A-30003944,"6.0, 6.0.1, 7.0"
2016-10,CVE-2016-3909,01,Elevation of privilege vulnerability in Mediaserver,,High,,A-30033990 [ 2 ],"4.4.4, 5.0.2, 5.1.1, 6.0, 6.0.1, 7.0"
2016-10,CVE-2016-3910,01,Elevation of privilege vulnerability in Mediaserver,,High,,A-30148546,"5.0.2, 5.1.1, 6.0, 6.0.1, 7.0"
2016-10,CVE-2016-3913,01,Elevation of privilege vulnerability in Mediaserver,,High,,A-30204103,"4.4.4, 5.0.2, 5.1.1, 6.0, 6.0.1, 7.0"
2016-10,CVE-2016-3911,01,Elevation of privilege vulnerability in Zygote process,,High,,A-30143607,"4.4.4, 5.0.2, 5.1.1, 6.0, 6.0.1, 7.0"
2016-10,CVE-2016-3912,01,Elevation of privilege vulnerability in framework APIs,,High,,A-30202481,"4.4.4, 5.0.2, 5.1.1, 6.0, 6.0.1, 7.0"
2016-10,CVE-2016-3914,01,Elevation of privilege vulnerability in Telephony,,High,,A-30481342,"4.4.4, 5.0.2, 5.1.1, 6.0, 6.0.1, 7.0"
2016-10,CVE-2016-3915,01,Elevation of privilege vulnerability in Camera service,,High,,A-30591838,"4.4.4, 5.0.2, 5.1.1, 6.0, 6.0.1, 7.0"
2016-10,CVE-2016-3916,01,Elevation of privilege vulnerability in Camera service,,High,,A-30741779,"4.4.4, 5.0.2, 5.1.1, 6.0, 6.0.1, 7.0"
2016-10,CVE-2016-3917,01,Elevation of privilege vulnerability in fingerprint login,,High,,A-30744668,"6.0.1, 7.0"
2016-10,CVE-2016-3918,01,Information disclosure vulnerability in AOSP Mail,,High,,A-30745403,"4.4.4, 5.0.2, 5.1.1, 6.0, 6.0.1, 7.0"
2016-10,CVE-2016-3882,01,Denial of service vulnerability in Wi-Fi,,High,,A-29464811,"6.0, 6.0.1, 7.0"
2016-10,CVE-2016-5348,01,Denial of service vulnerability in GPS,,High,,A-29555864,"4.4.4, 5.0.2, 5.1.1, 6.0, 6.0.1, 7.0"
2016-10,CVE-2016-3920,01,Denial of service vulnerability in Mediaserver,,High,,A-30744884,"5.0.2, 5.1.1, 6.0, 6.0.1, 7.0"
2016-10,CVE-2016-3921,01,Elevation of privilege vulnerability in Framework Listener,,Moderate,,A-29831647,"4.4.4, 5.0.2, 5.1.1, 6.0, 6.0.1, 7.0"
2016-10,CVE-2016-3922,01,Elevation of privilege vulnerability in Telephony,,Moderate,,A-30202619,"6.0, 6.0.1, 7.0"
2016-10,CVE-2016-3923,01,Elevation of privilege vulnerability in Accessibility services,,Moderate,,A-30647115,7.0
2016-10,CVE-2016-3924,01,Information disclosure vulnerability in Mediaserver,,Moderate,,A-30204301,"4.4.4, 5.0.2, 5.1.1, 6.0, 6.0.1, 7.0"
2016-10,CVE-2016-3925,01,Denial of service vulnerability in Wi-Fi,,Moderate,,A-30230534,"6.0, 6.0.1, 7.0"
2016-10,CVE-2016-0758,05,Remote code execution vulnerability in kernel ASN.1 decoder,,Critical,,A-29814470 Upstream kernel,
2016-10,CVE-2016-7117,05,Remote code execution vulnerability in kernel networking subsystem,,Critical,,A-30515201 Upstream kernel,
2016-10,CVE-2016-3928,05,MediaTek,,Critical,,A-30019362* M-ALPS02829384,
2016-10,CVE-2016-5340,05,Elevation of privilege vulnerability in kernel shared memory driver,,Critical,,A-30652312 QC-CR#1008948,
2016-10,CVE-2016-3926,05,Qualcomm,,Critical,,A-28823953*,
2016-10,CVE-2016-3927,05,Qualcomm,,Critical,,A-28823244*,
2016-10,CVE-2016-3929,05,Qualcomm,,High,,A-28823675*,
2016-10,CVE-2016-2059,05,Qualcomm,,High,,A-27045580 QC-CR#974577,
2016-10,CVE-2016-3930,05,NVIDIA,,High,,A-28760138* N-CVE-2016-3930,
2016-10,CVE-2016-3931,05,Qualcomm,,High,,A-29157595 QC-CR#1036418,
2016-10,CVE-2016-3932,05,Elevation of privilege vulnerability in Mediaserver,,High,,A-29161895 M-ALPS02770870,
2016-10,CVE-2016-3933,05,Elevation of privilege vulnerability in Mediaserver,,High,,A-29421408* N-CVE-2016-3933,
2016-10,CVE-2016-3903,05,Qualcomm,,High,,A-29513227 QC-CR#1040857,
2016-10,CVE-2016-3934,05,Qualcomm,,High,,A-30102557 QC-CR#789704,
2016-10,CVE-2015-8951,05,Qualcomm,,High,,A-30142668 QC-CR#948902 QC-CR#948902,
2016-10,CVE-2016-3901,05,Qualcomm,,High,,A-29999161 QC-CR#1046434,
2016-10,CVE-2016-3935,05,Qualcomm,,High,,A-29999665 QC-CR#1046507,
2016-10,CVE-2016-3936,05,MediaTek,,High,,A-30019037* M-ALPS02829568,
2016-10,CVE-2016-3937,05,MediaTek,,High,,A-30030994* M-ALPS02834874,
2016-10,CVE-2016-3938,05,Qualcomm,,High,,A-30019716 QC-CR#1049232,
2016-10,CVE-2016-3939,05,Qualcomm,,High,,A-30874196 QC-CR#1001224,
2016-10,CVE-2016-3940,05,Elevation of privilege vulnerability in Synaptics touchscreen driver,,High,,A-30141991*,
2016-10,CVE-2016-6672,05,Elevation of privilege vulnerability in Synaptics touchscreen driver,,High,,A-30537088*,
2016-10,CVE-2016-6673,05,NVIDIA,,High,,A-30204201* N-CVE-2016-6673,
2016-10,CVE-2016-6674,05,Elevation of privilege vulnerability in system_server,,High,,A-30445380*,
2016-10,CVE-2016-3905,05,Qualcomm,,High,,A-28061823 QC-CR#1001449,
2016-10,CVE-2016-6675,05,Qualcomm,,High,,A-30873776 QC-CR#1000861,
2016-10,CVE-2016-6676,05,Qualcomm,,High,,A-30874066 QC-CR#1000853,
2016-10,CVE-2016-5342,05,Qualcomm,,High,,A-30878283 QC-CR#1032174,
2016-10,CVE-2015-8955,05,Elevation of privilege vulnerability in kernel performance subsystem,,High,,A-29508816 Upstream kernel,
2016-10,CVE-2015-8950,05,Information disclosure vulnerability in kernel ION subsystem,,High,,A-29795245 QC-CR#1041735,
2016-10,CVE-2016-6677,05,NVIDIA,,High,,A-30259955* N-CVE-2016-6677,
2016-10,CVE-2015-0572,05,Qualcomm,,Moderate,,A-29156684 QC-CR#848489,
2016-10,CVE-2016-3860,05,Qualcomm,,Moderate,,A-29323142 QC-CR#1038127,
2016-10,CVE-2016-6678,05,Information disclosure vulnerability in Motorola USBNet driver,,Moderate,,A-29914434*,
2016-10,CVE-2016-6679,05,Qualcomm,,Moderate,,A-29915601 QC-CR#1000913 [ 2 ],
2016-10,CVE-2016-3902,05,Qualcomm,,Moderate,,A-29953313* QC-CR#1044072,
2016-10,CVE-2016-6680,05,Qualcomm,,Moderate,,A-29982678* QC-CR#1048052,
2016-10,CVE-2016-6681,05,Qualcomm,,Moderate,,A-30152182 QC-CR#1049521,
2016-10,CVE-2016-6682,05,Qualcomm,,Moderate,,A-30152501 QC-CR#1049615,
2016-10,CVE-2016-6683,05,Information disclosure vulnerability in kernel components,,Moderate,,A-30143283*,
2016-10,CVE-2016-6684,05,Information disclosure vulnerability in kernel components,,Moderate,,A-30148243*,
2016-10,CVE-2015-8956,05,Information disclosure vulnerability in kernel components,,Moderate,,A-30149612*,
2016-10,CVE-2016-6685,05,Information disclosure vulnerability in kernel components,,Moderate,,A-30402628*,
2016-10,CVE-2016-6686,05,NVIDIA,,Moderate,,A-30163101* N-CVE-2016-6686,
2016-10,CVE-2016-6687,05,NVIDIA,,Moderate,,A-30162222* N-CVE-2016-6687,
2016-10,CVE-2016-6688,05,NVIDIA,,Moderate,,A-30593080* N-CVE-2016-6688,
2016-10,CVE-2016-6689,05,Information disclosure vulnerability in kernel,,Moderate,,A-30768347*,
2016-10,CVE-2016-5696,05,Denial of service vulnerability in kernel networking subsystem,,Moderate,,A-30809774 Upstream kernel,
2016-10,CVE-2016-6690,05,Denial of service vulnerability in kernel sound driver,,Low,,A-28838221*,
2016-10,CVE-2016-6691,05,Qualcomm,,High,,QC-CR#978452,
2016-10,CVE-2016-6692,05,Qualcomm,,High,,QC-CR#1004933,
2016-10,CVE-2016-6693,05,Qualcomm,,High,,QC-CR#1027585,
2016-10,CVE-2016-6694,05,Qualcomm,,High,,QC-CR#1033525,
2016-10,CVE-2016-6695,05,Qualcomm,,High,,QC-CR#1033540,
2016-10,CVE-2016-6696,05,Qualcomm,,High,,QC-CR#1041130,
2016-10,CVE-2016-5344,05,Qualcomm,,Moderate,,QC-CR#993650,
2016-10,CVE-2016-5343,05,Qualcomm,,Moderate,,QC-CR#1010081,
2016-11,CVE-2016-6699,01,Remote code execution vulnerability in Mediaserver,,Critical,,A-31373622,7.0
2016-11,CVE-2016-6700,01,Elevation of privilege vulnerability in libzipfile,,Critical,,A-30916186,"4.4.4, 5.0.2, 5.1.1"
2016-11,CVE-2016-6701,01,Remote code execution vulnerability in Skia,,High,,A-30190637,7.0
2016-11,CVE-2016-6702,01,Remote code execution vulnerability in libjpeg,,High,,A-30259087,"4.4.4, 5.0.2, 5.1.1"
2016-11,CVE-2016-6703,01,Remote code execution vulnerability in Android runtime,,High,,A-30765246,"4.4.4, 5.0.2, 5.1.1, 6.0, 6.0.1"
2016-11,CVE-2016-6704,01,Elevation of privilege vulnerability in Mediaserver,,High,,A-30229821 [ 2 ] [ 3 ],"4.4.4, 5.0.2, 5.1.1, 6.0, 6.0.1, 7.0"
2016-11,CVE-2016-6705,01,Elevation of privilege vulnerability in Mediaserver,,High,,A-30907212 [ 2 ],"5.0.2, 5.1.1, 6.0, 6.0.1, 7.0"
2016-11,CVE-2016-6706,01,Elevation of privilege vulnerability in Mediaserver,,High,,A-31385713,7.0
2016-11,CVE-2016-6707,01,Elevation of privilege vulnerability in System Server,,High,,A-31350622,"6.0, 6.0.1, 7.0"
2016-11,CVE-2016-6708,01,Elevation of privilege vulnerability in System UI,,High,,A-30693465,7.0
2016-11,CVE-2016-6709,01,Information disclosure vulnerability in Conscrypt,,High,,A-31081987,"6.0, 6.0.1, 7.0"
2016-11,CVE-2016-6710,01,Information disclosure vulnerability in download manager,,High,,A-30537115 [ 2 ],"5.0.2, 5.1.1, 6.0, 6.0.1, 7.0"
2016-11,CVE-2014-9908,01,Denial of service vulnerability in Bluetooth,,High,,A-28672558,"4.4.4, 5.0.2, 5.1.1"
2016-11,CVE-2015-0410,01,Denial of service vulnerability in OpenJDK,,High,,A-30703445,7.0
2016-11,CVE-2016-6711,01,Denial of service vulnerability in Mediaserver,,High,,A-30593765,"4.4.4, 5.0.2, 5.1.1, 6.0, 6.0.1"
2016-11,CVE-2016-6712,01,Denial of service vulnerability in Mediaserver,,High,,A-30593752,"4.4.4, 5.0.2, 5.1.1, 6.0, 6.0.1"
2016-11,CVE-2016-6713,01,Denial of service vulnerability in Mediaserver,,High,,A-30822755,"6.0, 6.0.1, 7.0"
2016-11,CVE-2016-6714,01,Denial of service vulnerability in Mediaserver,,High,,A-31092462,"6.0, 6.0.1, 7.0"
2016-11,CVE-2016-6715,01,Elevation of privilege vulnerability in Framework APIs,,Moderate,,A-29833954,"4.4.4, 5.0.2, 5.1.1, 6.0, 6.0.1, 7.0"
2016-11,CVE-2016-6716,01,Elevation of privilege vulnerability in AOSP Launcher,,Moderate,,A-30778130,7.0
2016-11,CVE-2016-6717,01,Elevation of privilege vulnerability in Mediaserver,,Moderate,,A-31350239,"4.4.4, 5.0.2, 5.1.1, 6.0, 6.0.1, 7.0"
2016-11,CVE-2016-6718,01,Elevation of privilege vulnerability in Account Manager Service,,Moderate,,A-30455516,7.0
2016-11,CVE-2016-6719,01,Elevation of privilege vulnerability in Bluetooth,,Moderate,,A-29043989 [ 2 ],"4.4.4, 5.0.2, 5.1.1, 6.0, 6.0.1, 7.0"
2016-11,CVE-2016-6720,01,Information disclosure vulnerability in Mediaserver,,Moderate,,A-29422020 [ 2 ] [ 3 ] [ 4 ],"4.4.4, 5.0.2, 5.1.1, 6.0, 6.0.1, 7.0"
2016-11,CVE-2016-6721,01,Information disclosure vulnerability in Mediaserver,,Moderate,,A-30875060,"6.0, 6.0.1, 7.0"
2016-11,CVE-2016-6722,01,Information disclosure vulnerability in Mediaserver,,Moderate,,A-31091777,"4.4.4, 5.0.2, 5.1.1, 6.0, 6.0.1, 7.0"
2016-11,CVE-2016-6723,01,Denial of service vulnerability in Proxy Auto Config,,Moderate,,A-30100884 [ 2 ],"4.4.4, 5.0.2, 5.1.1, 6.0, 6.0.1, 7.0"
2016-11,CVE-2016-6724,01,Denial of service vulnerability in Input Manager Service,,Moderate,,A-30568284,"4.4.4, 5.0.2, 5.1.1, 6.0, 6.0.1, 7.0"
2016-11,CVE-2016-6725,05,Qualcomm,,Critical,,A-30515053 QC-CR#1050970,
2016-11,CVE-2015-8961,05,Elevation of privilege vulnerability in kernel file system,,Critical,,A-30952474 Upstream kernel,
2016-11,CVE-2016-7911,05,Elevation of privilege vulnerability in kernel file system,,Critical,,A-30946378 Upstream kernel,
2016-11,CVE-2016-7910,05,Elevation of privilege vulnerability in kernel file system,,Critical,,A-30942273 Upstream kernel,
2016-11,CVE-2015-8962,05,Elevation of privilege vulnerability in kernel SCSI driver,,Critical,,A-30951599 Upstream kernel,
2016-11,CVE-2016-7913,05,Elevation of privilege vulnerability in kernel media driver,,Critical,,A-30946097 Upstream kernel,
2016-11,CVE-2016-7912,05,Elevation of privilege vulnerability in kernel USB driver,,Critical,,A-30950866 Upstream kernel,
2016-11,CVE-2016-6728,05,Elevation of privilege vulnerability in kernel ION subsystem,,Critical,,A-30400942*,
2016-11,CVE-2016-6729,05,Qualcomm,,Critical,,A-30977990* QC-CR#977684,
2016-11,CVE-2016-6730,05,NVIDIA,,Critical,,A-30904789* N-CVE-2016-6730,
2016-11,CVE-2016-6731,05,NVIDIA,,Critical,,A-30906023* N-CVE-2016-6731,
2016-11,CVE-2016-6732,05,NVIDIA,,Critical,,A-30906599* N-CVE-2016-6732,
2016-11,CVE-2016-6733,05,NVIDIA,,Critical,,A-30906694* N-CVE-2016-6733,
2016-11,CVE-2016-6734,05,NVIDIA,,Critical,,A-30907120* N-CVE-2016-6734,
2016-11,CVE-2016-6735,05,NVIDIA,,Critical,,A-30907701* N-CVE-2016-6735,
2016-11,CVE-2016-6736,05,NVIDIA,,Critical,,A-30953284* N-CVE-2016-6736,
2016-11,CVE-2016-6828,05,Elevation of privilege vulnerability in kernel networking subsystem,,Critical,,A-31183296 Upstream kernel,
2016-11,CVE-2016-2184,05,Elevation of privilege vulnerability in kernel sound subsystem,,Critical,,A-30952477 Upstream kernel,
2016-11,CVE-2016-6737,05,Elevation of privilege vulnerability in kernel ION subsystem,,Critical,,A-30928456*,
2016-11,CVE-2016-6727,05,Qualcomm,,,,A-31092400**,
2016-11,CVE-2016-6726,05,Qualcomm,,,,A-30775830**,
2016-11,CVE-2016-0718,05,Remote code execution vulnerability in Expat,,High,,A-28698301,"4.4.4, 5.0.2, 5.1.1, 6.0, 6.0.1"
2016-11,CVE-2012-6702,05,Remote code execution vulnerability in Expat,,Moderate,,A-29149404,"4.4.4, 5.0.2, 5.1.1, 6.0, 6.0.1"
2016-11,CVE-2016-5300,05,Remote code execution vulnerability in Expat,,Moderate,,A-29149404,"4.4.4, 5.0.2, 5.1.1, 6.0, 6.0.1"
2016-11,CVE-2015-1283,05,Remote code execution vulnerability in Expat,,Low,,A-27818751,"4.4.4, 5.0.2, 5.1.1, 6.0, 6.0.1"
2016-11,CVE-2016-6754,05,Remote code execution vulnerability in Webview,,High,,A-31217937,"5.0.2, 5.1.1, 6.0, 6.0.1"
2016-11,CVE-2014-9675,05,Remote code execution vulnerability in Freetype,,High,,A-24296662 [ 2 ],"4.4.4, 5.0.2, 5.1.1, 6.0, 6.0.1"
2016-11,CVE-2015-8963,05,Elevation of privilege vulnerability in kernel performance subsystem,,High,,A-30952077 Upstream kernel,
2016-11,CVE-2016-6136,05,Elevation of privilege vulnerability in kernel system-call auditing subsystem,,High,,A-30956807 Upstream kernel,
2016-11,CVE-2016-6738,05,Qualcomm,,High,,A-30034511 QC-CR#1050538,
2016-11,CVE-2016-6739,05,Qualcomm,,High,,A-30074605* QC-CR#1049826,
2016-11,CVE-2016-6740,05,Qualcomm,,High,,A-30143904 QC-CR#1056307,
2016-11,CVE-2016-6741,05,Qualcomm,,High,,A-30559423 QC-CR#1060554,
2016-11,CVE-2016-3904,05,Qualcomm,,High,,A-30311977 QC-CR#1050455,
2016-11,CVE-2016-6742,05,Elevation of privilege vulnerability in Synaptics touchscreen driver,,High,,A-30799828*,
2016-11,CVE-2016-6744,05,Elevation of privilege vulnerability in Synaptics touchscreen driver,,High,,A-30970485*,
2016-11,CVE-2016-6745,05,Elevation of privilege vulnerability in Synaptics touchscreen driver,,High,,A-31252388*,
2016-11,CVE-2016-6743,05,Elevation of privilege vulnerability in Synaptics touchscreen driver,,High,,A-30937462*,
2016-11,CVE-2015-8964,05,Information disclosure vulnerability in kernel components,,High,,A-30951112 Upstream kernel,
2016-11,CVE-2016-7915,05,Information disclosure vulnerability in kernel components,,High,,A-30951261 Upstream kernel,
2016-11,CVE-2016-7914,05,Information disclosure vulnerability in kernel components,,High,,A-30513364 Upstream kernel,
2016-11,CVE-2016-7916,05,Information disclosure vulnerability in kernel components,,High,,A-30951939 Upstream kernel,
2016-11,CVE-2016-6746,05,NVIDIA,,High,,A-30955105* N-CVE-2016-6746,
2016-11,CVE-2016-6747,05,Denial of service vulnerability in Mediaserver,,High,,A-31244612* N-CVE-2016-6747,
2016-11,CVE-2016-7917,05,Information disclosure vulnerability in kernel components,,Moderate,,A-30947055 Upstream kernel,
2016-11,CVE-2016-6753,05,Information disclosure vulnerability in kernel components,,Moderate,,A-30149174*,
2016-11,CVE-2016-6748,05,Qualcomm,,Moderate,,A-30076504 QC-CR#987018,
2016-11,CVE-2016-6749,05,Qualcomm,,Moderate,,A-30228438 QC-CR#1052818,
2016-11,CVE-2016-6750,05,Qualcomm,,Moderate,,A-30312054 QC-CR#1052825,
2016-11,CVE-2016-3906,05,Qualcomm,,Moderate,,A-30445973 QC-CR#1054344,
2016-11,CVE-2016-3907,05,Qualcomm,,Moderate,,A-30593266 QC-CR#1054352,
2016-11,CVE-2016-6698,05,Qualcomm,,Moderate,,A-30741851 QC-CR#1058826,
2016-11,CVE-2016-6751,05,Qualcomm,,Moderate,,A-30902162* QC-CR#1062271,
2016-11,CVE-2016-6752,05,Qualcomm,,Moderate,,A-31498159 QC-CR#987051,
2016-11,CVE-2016-5195,06,Elevation of privilege vulnerability in kernel memory subsystem,,Critical,,A-32141528 Upstream kernel [ 2 ],
2016-12,CVE-2016-5419,01,Remote code execution vulnerability in CURL/LIBCURL,,High,,A-31271247,7.0
2016-12,CVE-2016-5420,01,Remote code execution vulnerability in CURL/LIBCURL,,High,,A-31271247,7.0
2016-12,CVE-2016-5421,01,Remote code execution vulnerability in CURL/LIBCURL,,High,,A-31271247,7.0
2016-12,CVE-2016-6762,01,Elevation of privilege vulnerability in libziparchive,,High,,A-31251826 [ 2 ],"5.0.2, 5.1.1, 6.0, 6.0.1, 7.0"
2016-12,CVE-2016-6763,01,Denial of service vulnerability in Telephony,,High,,A-31530456,"4.4.4, 5.0.2, 5.1.1, 6.0, 6.0.1, 7.0"
2016-12,CVE-2016-6766,01,Denial of service vulnerability in Mediaserver,,High,,A-31318219,"4.4.4, 5.0.2, 5.1.1, 6.0, 6.0.1, 7.0"
2016-12,CVE-2016-6765,01,Denial of service vulnerability in Mediaserver,,High,,A-31449945,"4.4.4, 5.0.2, 5.1.1, 7.0"
2016-12,CVE-2016-6764,01,Denial of service vulnerability in Mediaserver,,High,,A-31681434,"4.4.4, 5.0.2, 5.1.1, 6.0, 6.0.1, 7.0"
2016-12,CVE-2016-6767,01,Denial of service vulnerability in Mediaserver,,High,,A-31833604,4.4.4
2016-12,CVE-2016-6768,01,Remote Code Execution vulnerability in Framesequence library,,High,,A-31631842,"5.0.2, 5.1.1, 6.0, 6.0.1, 7.0"
2016-12,CVE-2016-6769,01,Elevation of privilege vulnerability in Smart Lock,,Moderate,,A-29055171,"5.0.2, 5.1.1, 6.0, 6.0.1"
2016-12,CVE-2016-6770,01,Elevation of privilege vulnerability in Framework APIs,,Moderate,,A-30202228,"4.4.4, 5.0.2, 5.1.1, 6.0, 6.0.1, 7.0"
2016-12,CVE-2016-6771,01,Elevation of privilege vulnerability in Telephony,,Moderate,,A-31566390,"6.0, 6.0.1, 7.0"
2016-12,CVE-2016-6772,01,Elevation of privilege vulnerability in Wi-Fi,,Moderate,,A-31856351 [ 2 ],"5.0.2, 5.1.1, 6.0, 6.0.1, 7.0"
2016-12,CVE-2016-6773,01,Information disclosure vulnerability in Mediaserver,,Moderate,,A-30481714 [ 2 ],"6.0, 6.0.1, 7.0"
2016-12,CVE-2016-6774,01,Information disclosure vulnerability in Package Manager,,Moderate,,A-31251489,7.0
2016-12,CVE-2016-4794,05,Elevation of privilege vulnerability in kernel memory subsystem,,Critical,,A-31596597 Upstream kernel [ 2 ],
2016-12,CVE-2016-5195,05,Elevation of privilege vulnerability in kernel memory subsystem,,Critical,,A-32141528 Upstream kernel [ 2 ],
2016-12,CVE-2016-6775,05,NVIDIA,,Critical,,A-31222873* N-CVE-2016-6775,
2016-12,CVE-2016-6776,05,NVIDIA,,Critical,,A-31680980* N-CVE-2016-6776,
2016-12,CVE-2016-6777,05,NVIDIA,,Critical,,A-31910462* N-CVE-2016-6777,
2016-12,CVE-2015-8966,05,Elevation of privilege vulnerability in kernel,,Critical,,A-31435731 Upstream kernel,
2016-12,CVE-2016-6915,05,NVIDIA,,Critical,,A-31471161* N-CVE-2016-6915,
2016-12,CVE-2016-6916,05,NVIDIA,,Critical,,A-32072350* N-CVE-2016-6916,
2016-12,CVE-2016-6917,05,NVIDIA,,Critical,,A-32072253* N-CVE-2016-6917,
2016-12,CVE-2016-9120,05,Elevation of privilege vulnerability in kernel ION driver,,Critical,,A-31568617 Upstream kernel,
2016-12,CVE-2016-8411,05,Qualcomm,,,,A-31805216**,
2016-12,CVE-2014-4014,05,Elevation of privilege vulnerability in kernel file system,,High,,A-31252187 Upstream kernel,
2016-12,CVE-2015-8967,05,Elevation of privilege vulnerability in kernel,,High,,A-31703084 Upstream kernel,
2016-12,CVE-2016-6778,05,Elevation of privilege vulnerability in HTC sound codec driver,,High,,A-31384646*,
2016-12,CVE-2016-6779,05,Elevation of privilege vulnerability in HTC sound codec driver,,High,,A-31386004*,
2016-12,CVE-2016-6780,05,Elevation of privilege vulnerability in HTC sound codec driver,,High,,A-31251496*,
2016-12,CVE-2016-6492,05,MediaTek,,High,,A-28175122 MT-ALPS02696413,
2016-12,CVE-2016-6781,05,MediaTek,,High,,A-31095175 MT-ALPS02943455,
2016-12,CVE-2016-6782,05,MediaTek,,High,,A-31224389 MT-ALPS02943506,
2016-12,CVE-2016-6783,05,MediaTek,,High,,A-31350044 MT-ALPS02943437,
2016-12,CVE-2016-6784,05,MediaTek,,High,,A-31350755 MT-ALPS02961424,
2016-12,CVE-2016-6785,05,MediaTek,,High,,A-31748056 MT-ALPS02961400,
2016-12,CVE-2016-6761,05,Qualcomm,,High,,A-29421682* QC-CR#1055792,
2016-12,CVE-2016-6760,05,Qualcomm,,High,,A-29617572* QC-CR#1055783,
2016-12,CVE-2016-6759,05,Qualcomm,,High,,A-29982686* QC-CR#1055766,
2016-12,CVE-2016-6758,05,Qualcomm,,High,,A-30148882* QC-CR#1071731,
2016-12,CVE-2016-6755,05,Qualcomm,,High,,A-30740545 QC-CR#1065916,
2016-12,CVE-2016-6786,05,Elevation of privilege vulnerability in kernel performance subsystem,,High,,A-30955111 Upstream kernel,
2016-12,CVE-2016-6787,05,Elevation of privilege vulnerability in kernel performance subsystem,,High,,A-31095224 Upstream kernel,
2016-12,CVE-2016-6788,05,MediaTek,,High,,A-31224428 MT-ALPS02943467,
2016-12,CVE-2016-6789,05,NVIDIA,,High,,A-31251973* N-CVE-2016-6789,
2016-12,CVE-2016-6790,05,NVIDIA,,High,,A-31251628* N-CVE-2016-6790,
2016-12,CVE-2016-6791,05,Qualcomm,,High,,A-31252384 QC-CR#1071809,
2016-12,CVE-2016-8391,05,Qualcomm,,High,,A-31253255 QC-CR#1072166,
2016-12,CVE-2016-8392,05,Qualcomm,,High,,A-31385862 QC-CR#1073136,
2016-12,CVE-2015-7872,05,Elevation of privilege vulnerability in kernel security subsystem,,High,,A-31253168 Upstream kernel,
2016-12,CVE-2016-8393,05,Elevation of privilege vulnerability in Synaptics touchscreen driver,,High,,A-31911920*,
2016-12,CVE-2016-8394,05,Elevation of privilege vulnerability in Synaptics touchscreen driver,,High,,A-31913197*,
2016-12,CVE-2014-9909,05,Broadcom,,High,,A-31676542 B-RB#26684,
2016-12,CVE-2014-9910,05,Broadcom,,High,,A-31746399 B-RB#26710,
2016-12,CVE-2016-8396,05,MediaTek,,High,,A-31249105,
2016-12,CVE-2016-8397,05,NVIDIA,,High,,A-31385953* N-CVE-2016-8397,
2016-12,CVE-2016-5341,05,Denial of service vulnerability in GPS,,High,,A-31470303*,
2016-12,CVE-2016-8395,05,NVIDIA,,High,,A-31403040* N-CVE-2016-8395,
2016-12,CVE-2016-8399,05,Elevation of privilege vulnerability in kernel networking subsystem,,Moderate,,A-31349935*,
2016-12,CVE-2016-6756,05,Qualcomm,,Moderate,,A-29464815 QC-CR#1042068 [ 2 ],
2016-12,CVE-2016-6757,05,Qualcomm,,Moderate,,A-30148242 QC-CR#1052821,
2016-12,CVE-2016-8400,05,NVIDIA,,Moderate,,A-31251599* N-CVE-2016-8400,
2016-12,CVE-2016-8401,05,Information disclosure vulnerability in kernel components,,Moderate,,A-31494725*,
2016-12,CVE-2016-8402,05,Information disclosure vulnerability in kernel components,,Moderate,,A-31495231*,
2016-12,CVE-2016-8403,05,Information disclosure vulnerability in kernel components,,Moderate,,A-31495348*,
2016-12,CVE-2016-8404,05,Information disclosure vulnerability in kernel components,,Moderate,,A-31496950*,
2016-12,CVE-2016-8405,05,Information disclosure vulnerability in kernel components,,Moderate,,A-31651010*,
2016-12,CVE-2016-8406,05,Information disclosure vulnerability in kernel components,,Moderate,,A-31796940*,
2016-12,CVE-2016-8407,05,Information disclosure vulnerability in kernel components,,Moderate,,A-31802656*,
2016-12,CVE-2016-8408,05,NVIDIA,,Moderate,,A-31496571* N-CVE-2016-8408,
2016-12,CVE-2016-8409,05,NVIDIA,,Moderate,,A-31495687* N-CVE-2016-8409,
2016-12,CVE-2016-8410,05,Qualcomm,,Moderate,,A-31498403 QC-CR#987010,
2017-01,CVE-2016-5180,01,Remote code execution vulnerability in c-ares,,High,,A-32205736,7.0
2017-01,CVE-2017-0382,01,Remote code execution vulnerability in Framesequence,,High,,A-32338390,"5.0.2, 5.1.1, 6.0, 6.0.1, 7.0, 7.1.1"
2017-01,CVE-2017-0383,01,Elevation of privilege vulnerability in Framework APIs,,High,,A-31677614,"7.0, 7.1.1"
2017-01,CVE-2017-0384,01,Elevation of privilege vulnerability in Audioserver,,High,,A-32095626,"4.4.4, 5.0.2, 5.1.1, 6.0, 6.0.1, 7.0, 7.1.1"
2017-01,CVE-2017-0385,01,Elevation of privilege vulnerability in Audioserver,,High,,A-32585400,"4.4.4, 5.0.2, 5.1.1, 6.0, 6.0.1, 7.0, 7.1.1"
2017-01,CVE-2017-0386,01,Elevation of privilege vulnerability in libnl,,High,,A-32255299,"5.0.2, 5.1.1, 6.0, 6.0.1, 7.0, 7.1.1"
2017-01,CVE-2017-0387,01,Elevation of privilege vulnerability in Mediaserver,,High,,A-32660278,"5.0.2, 5.1.1, 6.0, 6.0.1, 7.0, 7.1.1"
2017-01,CVE-2017-0388,01,Information disclosure vulnerability in External Storage Provider,,High,,A-32523490,"6.0, 6.0.1, 7.0, 7.1.1"
2017-01,CVE-2017-0389,01,Denial of service vulnerability in core networking,,High,,A-31850211 [ 2 ] [ 3 ],"6.0, 6.0.1, 7.0, 7.1.1"
2017-01,CVE-2017-0390,01,Denial of service vulnerability in Mediaserver,,High,,A-31647370,"4.4.4, 5.0.2, 5.1.1, 6.0, 6.0.1, 7.0, 7.1.1"
2017-01,CVE-2017-0391,01,Denial of service vulnerability in Mediaserver,,High,,A-32322258,"6.0, 6.0.1, 7.0, 7.1.1"
2017-01,CVE-2017-0392,01,Denial of service vulnerability in Mediaserver,,High,,A-32577290,"4.4.4, 5.0.2, 5.1.1, 6.0, 6.0.1, 7.0, 7.1.1"
2017-01,CVE-2017-0393,01,Denial of service vulnerability in Mediaserver,,High,,A-30436808,"4.4.4, 5.0.2, 5.1.1, 6.0, 6.0.1, 7.0, 7.1.1"
2017-01,CVE-2017-0394,01,Denial of service vulnerability in Telephony,,High,,A-31752213,"5.0.2, 5.1.1, 6.0, 6.0.1, 7.0, 7.1.1"
2017-01,CVE-2017-0395,01,Elevation of privilege vulnerability in Contacts,,Moderate,,A-32219099,"4.4.4, 5.0.2, 5.1.1, 6.0, 6.0.1, 7.0, 7.1.1"
2017-01,CVE-2017-0381,01,Information disclosure vulnerability in Mediaserver,,Moderate,,A-31607432,"5.0.2, 5.1.1, 6.0, 6.0.1, 7.0, 7.1.1"
2017-01,CVE-2017-0396,01,Information disclosure vulnerability in Mediaserver,,Moderate,,A-31781965,"4.4.4, 5.0.2, 5.1.1, 6.0, 6.0.1, 7.0, 7.1.1"
2017-01,CVE-2017-0397,01,Information disclosure vulnerability in Mediaserver,,Moderate,,A-32377688,"4.4.4, 5.0.2, 5.1.1, 6.0, 6.0.1, 7.0, 7.1.1"
2017-01,CVE-2017-0398,01,Information disclosure vulnerability in Audioserver,,Moderate,,A-32438594,"4.4.4, 5.0.2, 5.1.1, 6.0, 6.0.1, 7.0, 7.1.1"
2017-01,CVE-2017-0398,01,Information disclosure vulnerability in Audioserver,,Moderate,,A-32635664,"4.4.4, 5.0.2, 5.1.1, 6.0, 6.0.1, 7.0, 7.1.1"
2017-01,CVE-2017-0398,01,Information disclosure vulnerability in Audioserver,,Moderate,,A-32624850,"4.4.4, 5.0.2, 5.1.1, 6.0, 6.0.1, 7.0, 7.1.1"
2017-01,CVE-2017-0399,01,Information disclosure vulnerability in Audioserver,,Moderate,,A-32247948 [ 2 ],"4.4.4, 5.0.2, 5.1.1, 6.0, 6.0.1, 7.0, 7.1.1"
2017-01,CVE-2017-0400,01,Information disclosure vulnerability in Audioserver,,Moderate,,A-32584034 [ 2 ],"4.4.4, 5.0.2, 5.1.1, 6.0, 6.0.1, 7.0, 7.1.1"
2017-01,CVE-2017-0401,01,Information disclosure vulnerability in Audioserver,,Moderate,,A-32448258,"4.4.4, 5.0.2, 5.1.1, 6.0, 6.0.1, 7.0, 7.1.1"
2017-01,CVE-2017-0402,01,Information disclosure vulnerability in Audioserver,,Moderate,,A-32436341 [ 2 ],"4.4.4, 5.0.2, 5.1.1, 6.0, 6.0.1, 7.0, 7.1.1"
2017-01,CVE-2015-3288,05,Elevation of privilege vulnerability in kernel memory subsystem,,Critical,,A-32460277 Upstream kernel,
2017-01,CVE-2016-8422,05,Qualcomm,,Critical,,A-31471220 QC-CR#979426,
2017-01,CVE-2016-8423,05,Qualcomm,,Critical,,A-31399736 QC-CR#1000546,
2017-01,CVE-2015-5706,05,Elevation of privilege vulnerability in kernel file system,,Critical,,A-32289301 Upstream kernel,
2017-01,CVE-2016-8424,05,NVIDIA,,Critical,,A-31606947* N-CVE-2016-8424,
2017-01,CVE-2016-8425,05,NVIDIA,,Critical,,A-31797770* N-CVE-2016-8425,
2017-01,CVE-2016-8426,05,NVIDIA,,Critical,,A-31799206* N-CVE-2016-8426,
2017-01,CVE-2016-8482,05,NVIDIA,,Critical,,A-31799863* N-CVE-2016-8482,
2017-01,CVE-2016-8427,05,NVIDIA,,Critical,,A-31799885* N-CVE-2016-8427,
2017-01,CVE-2016-8428,05,NVIDIA,,Critical,,A-31993456* N-CVE-2016-8428,
2017-01,CVE-2016-8429,05,NVIDIA,,Critical,,A-32160775* N-CVE-2016-8429,
2017-01,CVE-2016-8430,05,NVIDIA,,Critical,,A-32225180* N-CVE-2016-8430,
2017-01,CVE-2016-8431,05,NVIDIA,,Critical,,A-32402179* N-CVE-2016-8431,
2017-01,CVE-2016-8432,05,NVIDIA,,Critical,,A-32447738* N-CVE-2016-8432,
2017-01,CVE-2016-8433,05,MediaTek,,Critical,,A-31750190* MT-ALPS02974192,
2017-01,CVE-2016-8434,05,Qualcomm,,Critical,,A-32125137 QC-CR#1081855,
2017-01,CVE-2016-8435,05,NVIDIA,,Critical,,A-32700935* N-CVE-2016-8435,
2017-01,CVE-2016-8436,05,Qualcomm,,Critical,,A-32450261 QC-CR#1007860,
2017-01,CVE-2016-8438,05,Qualcomm,,,,A-31624565**,
2017-01,CVE-2016-8442,05,Qualcomm,,,,A-31625910**,
2017-01,CVE-2016-8443,05,Qualcomm,,,,A-32576499**,
2017-01,CVE-2016-8437,05,Qualcomm,,,,A-31623057**,
2017-01,CVE-2016-8439,05,Qualcomm,,,,A-31625204**,
2017-01,CVE-2016-8440,05,Qualcomm,,,,A-31625306**,
2017-01,CVE-2016-8441,05,Qualcomm,,,,A-31625904**,
2017-01,CVE-2016-8398,05,Qualcomm,,,,A-31548486**,
2017-01,CVE-2016-8459,05,Qualcomm,,,,A-32577972**,
2017-01,CVE-2016-5080,05,Qualcomm,,,,A-31115235**,
2017-01,CVE-2016-8412,05,Qualcomm,,High,,A-31225246 QC-CR#1071891,
2017-01,CVE-2016-8444,05,Qualcomm,,High,,A-31243641* QC-CR#1074310,
2017-01,CVE-2016-8445,05,MediaTek,,High,,A-31747590* MT-ALPS02968983,
2017-01,CVE-2016-8446,05,MediaTek,,High,,A-31747749* MT-ALPS02968909,
2017-01,CVE-2016-8447,05,MediaTek,,High,,A-31749463* MT-ALPS02968886,
2017-01,CVE-2016-8448,05,MediaTek,,High,,A-31791148* MT-ALPS02982181,
2017-01,CVE-2016-8415,05,Qualcomm,,High,,A-31750554 QC-CR#1079596,
2017-01,CVE-2016-8449,05,NVIDIA,,High,,A-31798848* N-CVE-2016-8449,
2017-01,CVE-2016-8450,05,Qualcomm,,High,,A-32450563 QC-CR#880388,
2017-01,CVE-2016-8451,05,Elevation of privilege vulnerability in Synaptics touchscreen driver,,High,,A-32178033*,
2017-01,CVE-2016-7042,05,Elevation of privilege vulnerability in kernel security subsystem,,High,,A-32178986 Upstream kernel,
2017-01,CVE-2017-0403,05,Elevation of privilege vulnerability in kernel performance subsystem,,High,,A-32402548*,
2017-01,CVE-2017-0404,05,Elevation of privilege vulnerability in kernel sound subsystem,,High,,A-32510733*,
2017-01,CVE-2016-8452,05,Qualcomm,,High,,A-32506396 QC-CR#1050323,
2017-01,CVE-2016-5345,05,Qualcomm,,High,,A-32639452 QC-CR#1079713,
2017-01,CVE-2016-9754,05,Elevation of privilege vulnerability in kernel profiling subsystem,,High,,A-32659848 Upstream kernel,
2017-01,CVE-2016-8453,05,Broadcom,,High,,A-24739315* B-RB#73392,
2017-01,CVE-2016-8454,05,Broadcom,,High,,A-32174590* B-RB#107142,
2017-01,CVE-2016-8455,05,Broadcom,,High,,A-32219121* B-RB#106311,
2017-01,CVE-2016-8456,05,Broadcom,,High,,A-32219255* B-RB#105580,
2017-01,CVE-2016-8457,05,Broadcom,,High,,A-32219453* B-RB#106116,
2017-01,CVE-2016-8458,05,Elevation of privilege vulnerability in Synaptics touchscreen driver,,High,,A-31968442*,
2017-01,CVE-2016-8460,05,NVIDIA,,High,,A-31668540* N-CVE-2016-8460,
2017-01,CVE-2016-8461,05,Information disclosure vulnerability in bootloader,,High,,A-32369621*,
2017-01,CVE-2016-8462,05,Information disclosure vulnerability in bootloader,,High,,A-32510383*,
2017-01,CVE-2016-8463,05,Qualcomm,,High,,A-30786860 QC-CR#586855,
2017-01,CVE-2016-8467,05,Denial of service vulnerability in bootloader,,High,,A-30308784*,
2017-01,CVE-2016-8464,05,Broadcom,,Moderate,,A-29000183* B-RB#106314,
2017-01,CVE-2016-8466,05,Broadcom,,Moderate,,A-31822524* B-RB#105268,
2017-01,CVE-2016-8465,05,Broadcom,,Moderate,,A-32474971* B-RB#106053,
2017-01,CVE-2016-8468,05,Elevation of privilege vulnerability in Binder,,Moderate,,A-32394425*,
2017-01,CVE-2016-8469,05,NVIDIA,,Moderate,,A-31351206* N-CVE-2016-8469,
2017-01,CVE-2016-8470,05,MediaTek,,Moderate,,A-31528889* MT-ALPS02961395,
2017-01,CVE-2016-8471,05,MediaTek,,Moderate,,A-31528890* MT-ALPS02961380,
2017-01,CVE-2016-8472,05,MediaTek,,Moderate,,A-31531758* MT-ALPS02961384,
2017-01,CVE-2016-8473,05,Information disclosure vulnerability in STMicroelectronics driver,,Moderate,,A-31795790*,
2017-01,CVE-2016-8474,05,Information disclosure vulnerability in STMicroelectronics driver,,Moderate,,A-31799972*,
2017-01,CVE-2017-0399,05,Qualcomm,,Moderate,,A-32588756 [ 2 ],"5.0.2, 5.1.1, 6.0, 6.0.1, 7.0, 7.1.1"
2017-01,CVE-2017-0400,05,Qualcomm,,Moderate,,A-32438598 [ 2 ],"5.0.2, 5.1.1, 6.0, 6.0.1, 7.0, 7.1.1"
2017-01,CVE-2017-0401,05,Qualcomm,,Moderate,,A-32588016,"5.0.2, 5.1.1, 6.0, 6.0.1, 7.0, 7.1.1"
2017-01,CVE-2017-0402,05,Qualcomm,,Moderate,,A-32588352 [ 2 ],"5.0.2, 5.1.1, 6.0, 6.0.1, 7.0, 7.1.1"
2017-01,CVE-2016-8475,05,Information disclosure vulnerability in HTC input driver,,Moderate,,A-32591129*,
2017-01,CVE-2014-9420,05,Denial of service vulnerability in kernel file system,,Moderate,,A-32477499 Upstream kernel,
2017-02,CVE-2017-0405,01,Remote code execution vulnerability in Surfaceflinger,,Critical,,A-31960359,"7.0, 7.1.1"
2017-02,CVE-2017-0406,01,Remote code execution vulnerability in Mediaserver,,Critical,,A-32915871 [ 2 ],"6.0, 6.0.1, 7.0, 7.1.1"
2017-02,CVE-2017-0407,01,Remote code execution vulnerability in Mediaserver,,Critical,,A-32873375,"6.0, 6.0.1, 7.0, 7.1.1"
2017-02,CVE-2017-0408,01,Remote code execution vulnerability in libgdx,,High,,A-32769670,7.1.1
2017-02,CVE-2017-0409,01,Remote code execution vulnerability in libstagefright,,High,,A-31999646,"6.0, 6.0.1, 7.0, 7.1.1"
2017-02,CVE-2016-5552,01,Elevation of privilege vulnerability in Java.Net,,High,,A-31858037,"7.0, 7.1.1"
2017-02,CVE-2017-0410,01,Elevation of privilege vulnerability in Framework APIs,,High,,A-31929765,"5.0.2, 5.1.1, 6.0, 6.0.1, 7.0, 7.1.1"
2017-02,CVE-2017-0411,01,Elevation of privilege vulnerability in Framework APIs,,High,,A-33042690 [ 2 ],"7.0, 7.1.1"
2017-02,CVE-2017-0412,01,Elevation of privilege vulnerability in Framework APIs,,High,,A-33039926 [ 2 ],"7.0, 7.1.1"
2017-02,CVE-2017-0415,01,Elevation of privilege vulnerability in Mediaserver,,High,,A-32706020,"6.0, 6.0.1, 7.0, 7.1.1"
2017-02,CVE-2017-0416,01,Elevation of privilege vulnerability in Audioserver,,High,,A-32886609 [ 2 ],"4.4.4, 5.0.2, 5.1.1, 6.0, 6.0.1, 7.0, 7.1.1"
2017-02,CVE-2017-0417,01,Elevation of privilege vulnerability in Audioserver,,High,,A-32705438,"4.4.4, 5.0.2, 5.1.1, 6.0, 6.0.1, 7.0, 7.1.1"
2017-02,CVE-2017-0418,01,Elevation of privilege vulnerability in Audioserver,,High,,A-32703959 [ 2 ],"4.4.4, 5.0.2, 5.1.1, 6.0, 6.0.1, 7.0, 7.1.1"
2017-02,CVE-2017-0419,01,Elevation of privilege vulnerability in Audioserver,,High,,A-32220769,"4.4.4, 5.0.2, 5.1.1, 6.0, 6.0.1, 7.0, 7.1.1"
2017-02,CVE-2017-0420,01,Information disclosure vulnerability in AOSP Mail,,High,,A-32615212,"4.4.4, 5.0.2, 5.1.1, 6.0, 6.0.1, 7.0, 7.1.1"
2017-02,CVE-2017-0413,01,Information disclosure vulnerability in AOSP Messaging,,High,,A-32161610,"6.0, 6.0.1, 7.0, 7.1.1"
2017-02,CVE-2017-0414,01,Information disclosure vulnerability in AOSP Messaging,,High,,A-32807795,"6.0, 6.0.1, 7.0, 7.1.1"
2017-02,CVE-2017-0421,01,Information disclosure vulnerability in Framework APIs,,High,,A-32555637,"5.0.2, 5.1.1, 6.0, 6.0.1, 7.0, 7.1.1"
2017-02,CVE-2017-0422,01,Denial of service vulnerability in Bionic DNS,,High,,A-32322088,"4.4.4, 5.0.2, 5.1.1, 6.0, 6.0.1, 7.0, 7.1.1"
2017-02,CVE-2017-0423,01,Elevation of privilege vulnerability in Bluetooth,,Moderate,,A-32612586,"5.0.2, 5.1.1, 6.0, 6.0.1, 7.0, 7.1.1"
2017-02,CVE-2017-0424,01,Information disclosure vulnerability in AOSP Messaging,,Moderate,,A-32322450,"6.0, 6.0.1, 7.0, 7.1.1"
2017-02,CVE-2017-0425,01,Information disclosure vulnerability in Audioserver,,Moderate,,A-32720785,"4.4.4, 5.0.2, 5.1.1, 6.0, 6.0.1, 7.0, 7.1.1"
2017-02,CVE-2017-0426,01,Information disclosure vulnerability in Filesystem,,Moderate,,A-32799236 [ 2 ],"7.0, 7.1.1"
2017-02,CVE-2016-8418,05,Qualcomm,,Critical,,A-32652894 QC-CR#1077457,
2017-02,CVE-2017-0427,05,Elevation of privilege vulnerability in kernel file system,,Critical,,A-31495866*,
2017-02,CVE-2017-0428,05,NVIDIA,,Critical,,A-32401526* N-CVE-2017-0428,
2017-02,CVE-2017-0429,05,NVIDIA,,Critical,,A-32636619* N-CVE-2017-0429,
2017-02,CVE-2014-9914,05,Elevation of privilege vulnerability in kernel networking subsystem,,Critical,,A-32882659 Upstream kernel,
2017-02,CVE-2017-0430,05,Broadcom,,Critical,,A-32838767* B-RB#107459,
2017-02,CVE-2017-0431,05,Qualcomm,,,,A-32573899**,
2017-02,CVE-2017-0432,05,MediaTek,,High,,A-28332719* M-ALPS02708925,
2017-02,CVE-2017-0433,05,Elevation of privilege vulnerability in Synaptics touchscreen driver,,High,,A-31913571*,
2017-02,CVE-2017-0434,05,Elevation of privilege vulnerability in Synaptics touchscreen driver,,High,,A-33001936*,
2017-02,CVE-2016-8480,05,Qualcomm,,High,,A-31804432 QC-CR#1086186 [ 2 ],
2017-02,CVE-2016-8481,05,Qualcomm,,High,,A-31906415* QC-CR#1078000,
2017-02,CVE-2017-0435,05,Qualcomm,,High,,A-31906657* QC-CR#1078000,
2017-02,CVE-2017-0436,05,Qualcomm,,High,,A-32624661* QC-CR#1078000,
2017-02,CVE-2017-0437,05,Qualcomm,,High,,A-32402310 QC-CR#1092497,
2017-02,CVE-2017-0438,05,Qualcomm,,High,,A-32402604 QC-CR#1092497,
2017-02,CVE-2017-0439,05,Qualcomm,,High,,A-32450647 QC-CR#1092059,
2017-02,CVE-2016-8419,05,Qualcomm,,High,,A-32454494 QC-CR#1087209,
2017-02,CVE-2016-8420,05,Qualcomm,,High,,A-32451171 QC-CR#1087807,
2017-02,CVE-2016-8421,05,Qualcomm,,High,,A-32451104 QC-CR#1087797,
2017-02,CVE-2017-0440,05,Qualcomm,,High,,A-33252788 QC-CR#1095770,
2017-02,CVE-2017-0441,05,Qualcomm,,High,,A-32872662 QC-CR#1095009,
2017-02,CVE-2017-0442,05,Qualcomm,,High,,A-32871330 QC-CR#1092497,
2017-02,CVE-2017-0443,05,Qualcomm,,High,,A-32877494 QC-CR#1092497,
2017-02,CVE-2016-8476,05,Qualcomm,,High,,A-32879283 QC-CR#1091940,
2017-02,CVE-2017-0444,05,Elevation of privilege vulnerability in Realtek sound driver,,High,,A-32705232*,
2017-02,CVE-2017-0445,05,Elevation of privilege vulnerability in HTC touchscreen driver,,High,,A-32769717*,
2017-02,CVE-2017-0446,05,Elevation of privilege vulnerability in HTC touchscreen driver,,High,,A-32917445*,
2017-02,CVE-2017-0447,05,Elevation of privilege vulnerability in HTC touchscreen driver,,High,,A-32919560*,
2017-02,CVE-2017-0448,05,NVIDIA,,High,,A-32721029* N-CVE-2017-0448,
2017-02,CVE-2017-0449,05,Broadcom,,Moderate,,A-31707909* B-RB#32094,
2017-02,CVE-2017-0450,05,Elevation of privilege vulnerability in Audioserver,,Moderate,,A-32917432*,
2017-02,CVE-2016-10044,05,Elevation of privilege vulnerability in kernel file system,,Moderate,,A-31711619*,
2017-02,CVE-2016-8414,05,Qualcomm,,Moderate,,A-31704078 QC-CR#1076407,
2017-02,CVE-2017-0451,05,Qualcomm,,Moderate,,A-31796345 QC-CR#1073129 [ 2 ],
2017-03,CVE-2016-2182,01,Remote code execution vulnerability in OpenSSL &amp; BoringSSL,,Critical,,A-32096880,"4.4.4, 5.0.2, 5.1.1, 6.0, 6.0.1, 7.0, 7.1.1"
2017-03,CVE-2017-0466,01,Remote code execution vulnerability in Mediaserver,,Critical,,A-33139050 [ 2 ],"6.0, 6.0.1, 7.0, 7.1.1"
2017-03,CVE-2017-0467,01,Remote code execution vulnerability in Mediaserver,,Critical,,A-33250932 [ 2 ],"6.0, 6.0.1, 7.0, 7.1.1"
2017-03,CVE-2017-0468,01,Remote code execution vulnerability in Mediaserver,,Critical,,A-33351708 [ 2 ],"6.0, 6.0.1, 7.0, 7.1.1"
2017-03,CVE-2017-0469,01,Remote code execution vulnerability in Mediaserver,,Critical,,A-33450635,"6.0, 6.0.1, 7.0, 7.1.1"
2017-03,CVE-2017-0470,01,Remote code execution vulnerability in Mediaserver,,Critical,,A-33818500,"6.0, 6.0.1, 7.0, 7.1.1"
2017-03,CVE-2017-0471,01,Remote code execution vulnerability in Mediaserver,,Critical,,A-33816782,"6.0, 6.0.1, 7.0, 7.1.1"
2017-03,CVE-2017-0472,01,Remote code execution vulnerability in Mediaserver,,Critical,,A-33862021,"6.0, 6.0.1, 7.0, 7.1.1"
2017-03,CVE-2017-0473,01,Remote code execution vulnerability in Mediaserver,,Critical,,A-33982658,"6.0, 6.0.1, 7.0, 7.1.1"
2017-03,CVE-2017-0474,01,Remote code execution vulnerability in Mediaserver,,Critical,,A-32589224,"7.0, 7.1.1"
2017-03,CVE-2017-0475,01,Elevation of privilege vulnerability in recovery verifier,,Critical,,A-31914369,"4.4.4, 5.0.2, 5.1.1, 6.0, 6.0.1, 7.0, 7.1.1"
2017-03,CVE-2017-0476,01,Remote code execution vulnerability in AOSP Messaging,,High,,A-33388925,"6.0, 6.0.1, 7.0, 7.1.1"
2017-03,CVE-2017-0477,01,Remote code execution vulnerability in libgdx,,High,,A-33621647,7.1.1
2017-03,CVE-2017-0478,01,Remote code execution vulnerability in Framesequence library,,High,,A-33718716,"5.0.2, 5.1.1, 6.0, 6.0.1, 7.0, 7.1.1"
2017-03,CVE-2017-0481,01,Elevation of privilege vulnerability in NFC,,High,,A-33434992,"4.4.4, 5.0.2, 5.1.1, 6.0, 6.0.1, 7.0, 7.1.1"
2017-03,CVE-2017-0479,01,Elevation of privilege vulnerability in Audioserver,,High,,A-32707507 [ 2 ],"4.4.4, 5.0.2, 5.1.1, 6.0, 6.0.1, 7.0, 7.1.1"
2017-03,CVE-2017-0480,01,Elevation of privilege vulnerability in Audioserver,,High,,A-32705429 [ 2 ],"4.4.4, 5.0.2, 5.1.1, 6.0, 6.0.1, 7.0, 7.1.1"
2017-03,CVE-2017-0482,01,Denial of service vulnerability in Mediaserver,,High,,A-33090864 [ 2 ] [ 3 ] [ 4 ] [ 5 ] [ 6 ],"6.0, 6.0.1, 7.0, 7.1.1"
2017-03,CVE-2017-0483,01,Denial of service vulnerability in Mediaserver,,High,,A-33137046 [ 2 ],"5.0.2, 5.1.1, 6.0, 6.0.1, 7.0, 7.1.1"
2017-03,CVE-2017-0484,01,Denial of service vulnerability in Mediaserver,,High,,A-33298089 [ 2 ],"6.0, 6.0.1, 7.0, 7.1.1"
2017-03,CVE-2017-0485,01,Denial of service vulnerability in Mediaserver,,High,,A-33387820,"6.0, 6.0.1, 7.0, 7.1.1"
2017-03,CVE-2017-0486,01,Denial of service vulnerability in Mediaserver,,High,,A-33621215,"6.0, 6.0.1, 7.0, 7.1.1"
2017-03,CVE-2017-0487,01,Denial of service vulnerability in Mediaserver,,High,,A-33751193,"6.0, 6.0.1, 7.0, 7.1.1"
2017-03,CVE-2017-0488,01,Denial of service vulnerability in Mediaserver,,High,,A-34097213,"6.0, 6.0.1, 7.0, 7.1.1"
2017-03,CVE-2017-0489,01,Elevation of privilege vulnerability in Location Manager,,Moderate,,A-33091107,"4.4.4, 5.0.2, 5.1.1, 6.0, 6.0.1, 7.0, 7.1.1"
2017-03,CVE-2017-0490,01,Elevation of privilege vulnerability in Wi-Fi,,Moderate,,A-33178389 [ 2 ] [ 3 ],"6.0, 6.0.1, 7.0, 7.1.1"
2017-03,CVE-2017-0491,01,Elevation of privilege vulnerability in Package Manager,,Moderate,,A-32553261,"4.4.4, 5.0.2, 5.1.1, 6.0, 6.0.1, 7.0, 7.1.1"
2017-03,CVE-2017-0492,01,Elevation of privilege vulnerability in System UI,,Moderate,,A-30150688,7.1.1
2017-03,CVE-2017-0494,01,Information disclosure vulnerability in AOSP Messaging,,Moderate,,A-32764144,"6.0, 6.0.1, 7.0, 7.1.1"
2017-03,CVE-2017-0495,01,Information disclosure vulnerability in Mediaserver,,Moderate,,A-33552073,"6.0, 6.0.1, 7.0, 7.1.1"
2017-03,CVE-2017-0496,01,Denial of service vulnerability in Setup Wizard,,Moderate,,A-31554152*,"5.0.2, 5.1.1, 6.0, 6.0.1"
2017-03,CVE-2017-0497,01,Denial of service vulnerability in Mediaserver,,Moderate,,A-33300701,"7.0, 7.1.1"
2017-03,CVE-2017-0498,01,Denial of service vulnerability in Setup Wizard,,Moderate,,A-30352311 [ 2 ],"5.1.1, 6.0, 6.0.1, 7.0, 7.1.1"
2017-03,CVE-2017-0499,01,Denial of service vulnerability in Audioserver,,Low,,A-32095713,"5.1.1, 6.0, 6.0.1, 7.0, 7.1.1"
2017-03,CVE-2017-0500,05,MediaTek,,Critical,,A-28429685* M-ALPS02710006,
2017-03,CVE-2017-0501,05,MediaTek,,Critical,,A-28430015* M-ALPS02708983,
2017-03,CVE-2017-0502,05,MediaTek,,Critical,,A-28430164* M-ALPS02710027,
2017-03,CVE-2017-0503,05,MediaTek,,Critical,,A-28449045* M-ALPS02710075,
2017-03,CVE-2017-0504,05,MediaTek,,Critical,,A-30074628* M-ALPS02829371,
2017-03,CVE-2017-0505,05,MediaTek,,Critical,,A-31822282* M-ALPS02992041,
2017-03,CVE-2017-0506,05,MediaTek,,Critical,,A-32276718* M-ALPS03006904,
2017-03,CVE-2017-0337,05,NVIDIA,,Critical,,A-31992762* N-CVE-2017-0337,
2017-03,CVE-2017-0338,05,NVIDIA,,Critical,,A-33057977* N-CVE-2017-0338,
2017-03,CVE-2017-0333,05,NVIDIA,,Critical,,A-33899363* N-CVE-2017-0333,
2017-03,CVE-2017-0306,05,NVIDIA,,Critical,,A-34132950* N-CVE-2017-0306,
2017-03,CVE-2017-0335,05,NVIDIA,,Critical,,A-33043375* N-CVE-2017-0335,
2017-03,CVE-2017-0507,05,Elevation of privilege vulnerability in kernel ION subsystem,,Critical,,A-31992382*,
2017-03,CVE-2017-0508,05,Elevation of privilege vulnerability in kernel ION subsystem,,Critical,,A-33940449*,
2017-03,CVE-2017-0509,05,Broadcom,,Critical,,A-32124445* B-RB#110688,
2017-03,CVE-2017-0510,05,Elevation of privilege vulnerability in kernel FIQ debugger,,Critical,,A-32402555*,
2017-03,CVE-2016-8479,05,Qualcomm,,Critical,,A-31824853* QC-CR#1093687,
2017-03,CVE-2016-9806,05,Elevation of privilege vulnerability in kernel networking subsystem,,Critical,,A-33393474 Upstream kernel,
2017-03,CVE-2016-10200,05,Elevation of privilege vulnerability in kernel networking subsystem,,Critical,,A-33753815 Upstream kernel,
2017-03,CVE-2016-8484,05,Qualcomm,,Critical,,A-28823575**,
2017-03,CVE-2016-8485,05,Qualcomm,,Critical,,A-28823681**,
2017-03,CVE-2016-8486,05,Qualcomm,,Critical,,A-28823691**,
2017-03,CVE-2016-8487,05,Qualcomm,,Critical,,A-28823724**,
2017-03,CVE-2016-8488,05,Qualcomm,,Critical,,A-31625756**,
2017-03,CVE-2016-8655,05,Elevation of privilege vulnerability in kernel networking subsystem,,High,,A-33358926 Upstream kernel,
2017-03,CVE-2016-9793,05,Elevation of privilege vulnerability in kernel networking subsystem,,High,,A-33363517 Upstream kernel,
2017-03,CVE-2017-0516,05,Qualcomm,,High,,A-32341680* QC-CR#1096301,
2017-03,CVE-2017-0517,05,MediaTek,,High,,A-32372051* M-ALPS02973195,
2017-03,CVE-2017-0457,05,Qualcomm,,High,,A-31695439* QC-CR#1086123 QC-CR#1100695,
2017-03,CVE-2017-0518,05,Qualcomm,,High,,A-32370896* QC-CR#1086530,
2017-03,CVE-2017-0519,05,Qualcomm,,High,,A-32372915* QC-CR#1086530,
2017-03,CVE-2017-0520,05,Qualcomm,,High,,A-31750232 QC-CR#1082636,
2017-03,CVE-2017-0458,05,Qualcomm,,High,,A-32588962 QC-CR#1089433,
2017-03,CVE-2017-0521,05,Qualcomm,,High,,A-32919951 QC-CR#1097709,
2017-03,CVE-2017-0522,05,MediaTek,,High,,A-32916158* M-ALPS03032516,
2017-03,CVE-2017-0464,05,Qualcomm,,High,,A-32940193 QC-CR#1102593,
2017-03,CVE-2017-0453,05,Qualcomm,,High,,A-33979145 QC-CR#1105085,
2017-03,CVE-2017-0523,05,Qualcomm,,High,,A-32835279 QC-CR#1096945,
2017-03,CVE-2017-0524,05,Elevation of privilege vulnerability in Synaptics touchscreen driver,,High,,A-33002026,
2017-03,CVE-2017-0456,05,Qualcomm,,High,,A-33106520* QC-CR#1099598,
2017-03,CVE-2017-0525,05,Qualcomm,,High,,A-33139056* QC-CR#1097714,
2017-03,CVE-2017-0526,05,Elevation of privilege vulnerability in HTC Sensor Hub Driver,,High,,A-33897738*,
2017-03,CVE-2017-0527,05,Elevation of privilege vulnerability in HTC Sensor Hub Driver,,High,,A-33899318*,
2017-03,CVE-2017-0307,05,NVIDIA,,High,,A-33177895* N-CVE-2017-0307,
2017-03,CVE-2017-0463,05,Qualcomm,,High,,A-33277611 QC-CR#1101792,
2017-03,CVE-2017-0460,05,Qualcomm,,High,,A-31252965* QC-CR#1098801,
2017-03,CVE-2017-0528,05,Elevation of privilege vulnerability in kernel security subsystem,,High,,A-33351919*,
2017-03,CVE-2016-5856,05,Qualcomm,,High,,A-32610665 QC-CR#1094078,
2017-03,CVE-2016-5857,05,Qualcomm,,High,,A-34386529 QC-CR#1094140,
2017-03,CVE-2014-8709,05,Information disclosure vulnerability in kernel networking subsystem,,High,,A-34077221 Upstream kernel,
2017-03,CVE-2017-0529,05,MediaTek,,High,,A-28449427* M-ALPS02710042,
2017-03,CVE-2017-0455,05,Qualcomm,,High,,A-32370952 QC-CR#1082755,
2017-03,CVE-2016-8483,05,Qualcomm,,High,,A-33745862 QC-CR#1035099,
2017-03,CVE-2017-0334,05,NVIDIA,,High,,A-33245849* N-CVE-2017-0334,
2017-03,CVE-2017-0336,05,NVIDIA,,High,,A-33042679* N-CVE-2017-0336,
2017-03,CVE-2016-8650,05,Denial of service vulnerability in kernel cryptographic subsystem,,High,,A-33401771 Upstream kernel,
2017-03,CVE-2016-8417,05,Qualcomm,,Moderate,,A-32342399 QC-CR#1088824,
2017-03,CVE-2017-0461,05,Qualcomm,,Moderate,,A-32073794 QC-CR#1100132,
2017-03,CVE-2017-0459,05,Qualcomm,,Moderate,,A-32644895 QC-CR#1091939,
2017-03,CVE-2017-0531,05,Qualcomm,,Moderate,,A-32877245 QC-CR#1087469,
2017-03,CVE-2017-0532,05,MediaTek,,Moderate,,A-32370398* M-ALPS03069985,
2017-03,CVE-2017-0533,05,Qualcomm,,Moderate,,A-32509422 QC-CR#1088206,
2017-03,CVE-2017-0534,05,Qualcomm,,Moderate,,A-32508732 QC-CR#1088206,
2017-03,CVE-2016-8416,05,Qualcomm,,Moderate,,A-32510746 QC-CR#1088206,
2017-03,CVE-2016-8478,05,Qualcomm,,Moderate,,A-32511270 QC-CR#1088206,
2017-03,CVE-2016-8413,05,Qualcomm,,Moderate,,A-32709702 QC-CR#518731,
2017-03,CVE-2016-8477,05,Qualcomm,,Moderate,,A-32720522 QC-CR#1090007 [ 2 ],
2017-03,CVE-2017-0535,05,Information disclosure vulnerability in HTC sound codec driver,,Moderate,,A-33547247*,
2017-03,CVE-2017-0536,05,Information disclosure vulnerability in Synaptics touchscreen driver,,Moderate,,A-33555878*,
2017-03,CVE-2017-0537,05,Information disclosure vulnerability in kernel USB gadget driver,,Moderate,,A-31614969*,
2017-03,CVE-2017-0452,05,Qualcomm,,Low,,A-32873615* QC-CR#1093693,
2017-04,CVE-2017-0538,01,Remote code execution vulnerability in Mediaserver,,Critical,,A-33641588,"6.0, 6.0.1, 7.0, 7.1.1"
2017-04,CVE-2017-0539,01,Remote code execution vulnerability in Mediaserver,,Critical,,A-33864300,"5.0.2, 5.1.1, 6.0, 6.0.1, 7.0, 7.1.1"
2017-04,CVE-2017-0541,01,Remote code execution vulnerability in Mediaserver,,Critical,,A-34031018,"4.4.4, 5.0.2, 5.1.1, 6.0, 6.0.1, 7.0, 7.1.1"
2017-04,CVE-2017-0542,01,Remote code execution vulnerability in Mediaserver,,Critical,,A-33934721,"6.0, 6.0.1, 7.0, 7.1.1"
2017-04,CVE-2017-0543,01,Remote code execution vulnerability in Mediaserver,,Critical,,A-34097866,"6.0, 6.0.1, 7.0, 7.1.1"
2017-04,CVE-2017-0544,01,Elevation of privilege vulnerability in CameraBase,,High,,A-31992879,"4.4.4, 5.0.2, 5.1.1, 6.0, 6.0.1, 7.0, 7.1.1"
2017-04,CVE-2017-0545,01,Elevation of privilege vulnerability in Audioserver,,High,,A-32591350,"5.0.2, 5.1.1, 6.0, 6.0.1, 7.0, 7.1.1"
2017-04,CVE-2017-0546,01,Elevation of privilege vulnerability in SurfaceFlinger,,High,,A-32628763,"4.4.4, 5.0.2, 5.1.1, 6.0, 6.0.1, 7.0, 7.1.1"
2017-04,CVE-2017-0547,01,Information disclosure vulnerability in Mediaserver,,High,,A-33861560,"4.4.4, 5.0.2, 5.1.1, 6.0, 6.0.1, 7.0, 7.1.1"
2017-04,CVE-2017-0548,01,Denial of service vulnerability in libskia,,High,,A-33251605,"7.0, 7.1.1"
2017-04,CVE-2017-0549,01,Denial of service vulnerability in Mediaserver,,High,,A-33818508,"6.0, 6.0.1, 7.0, 7.1.1"
2017-04,CVE-2017-0550,01,Denial of service vulnerability in Mediaserver,,High,,A-33933140,"6.0, 6.0.1, 7.0, 7.1.1"
2017-04,CVE-2017-0551,01,Denial of service vulnerability in Mediaserver,,High,,A-34097231 [ 2 ],"6.0, 6.0.1, 7.0, 7.1.1"
2017-04,CVE-2017-0552,01,Denial of service vulnerability in Mediaserver,,High,,A-34097915,"6.0, 6.0.1, 7.0, 7.1.1"
2017-04,CVE-2017-0553,01,Elevation of privilege vulnerability in libnl,,Moderate,,A-32342065,"5.0.2, 5.1.1, 6.0, 6.0.1, 7.0, 7.1.1"
2017-04,CVE-2017-0554,01,Elevation of privilege vulnerability in Telephony,,Moderate,,A-33815946 [ 2 ],"4.4.4, 5.0.2, 5.1.1, 6.0, 6.0.1, 7.0, 7.1.1"
2017-04,CVE-2017-0555,01,Information disclosure vulnerability in Mediaserver,,Moderate,,A-33551775,"6.0, 6.0.1, 7.0, 7.1.1"
2017-04,CVE-2017-0556,01,Information disclosure vulnerability in Mediaserver,,Moderate,,A-34093952,"6.0, 6.0.1, 7.0, 7.1.1"
2017-04,CVE-2017-0557,01,Information disclosure vulnerability in Mediaserver,,Moderate,,A-34093073,"6.0, 6.0.1, 7.0, 7.1.1"
2017-04,CVE-2017-0558,01,Information disclosure vulnerability in Mediaserver,,Moderate,,A-34056274,"4.4.4, 5.0.2, 5.1.1, 6.0, 6.0.1, 7.0, 7.1.1"
2017-04,CVE-2017-0559,01,Information disclosure vulnerability in libskia,,Moderate,,A-33897722,"4.4.4, 5.0.2, 5.1.1, 6.0, 6.0.1, 7.0, 7.1.1"
2017-04,CVE-2017-0560,01,Information disclosure vulnerability in Factory Reset,,Moderate,,A-30681079,"4.4.4, 5.0.2, 5.1.1, 6.0, 6.0.1, 7.0, 7.1.1"
2017-04,CVE-2017-0561,05,Broadcom,,Critical,,A-34199105* B-RB#110814,
2017-04,CVE-2016-10230,05,Qualcomm,,Critical,,A-34389927 QC-CR#1091408,
2017-04,CVE-2016-10229,05,Remote code execution vulnerability in kernel networking subsystem,,Critical,,A-32813456 Upstream kernel,
2017-04,CVE-2017-0562,05,MediaTek,,Critical*,,A-30202425* M-ALPS02898189,
2017-04,CVE-2017-0563,05,Elevation of privilege vulnerability in HTC touchscreen driver,,Critical,,A-32089409*,
2017-04,CVE-2017-0564,05,Elevation of privilege vulnerability in kernel ION subsystem,,Critical,,A-34276203*,
2017-04,CVE-2016-10237,05,Qualcomm,,Critical,,A-31628601** QC-CR#1046751,
2017-04,CVE-2016-10238,05,Qualcomm,,Critical,,A-35358527** QC-CR#1042558,
2017-04,CVE-2016-10239,05,Qualcomm,,High,,A-31624618** QC-CR#1032929,
2017-04,CVE-2016-5129,05,Remote code execution vulnerability in v8,,High,,A-29178923,"6.0, 6.0.1, 7.0"
2017-04,CVE-2016-10244,05,Remote code execution vulnerability in Freetype,,High,,A-31470908,"4.4.4, 5.0.2, 5.1.1, 6.0, 6.0.1, 7.0"
2017-04,CVE-2014-4656,05,Elevation of privilege vulnerability in kernel sound subsystem,,High,,A-34464977 Upstream kernel,
2017-04,CVE-2017-0339,05,NVIDIA,,High,,A-27930566* N-CVE-2017-0339,
2017-04,CVE-2017-0332,05,NVIDIA,,High,,A-33812508* N-CVE-2017-0332,
2017-04,CVE-2017-0327,05,NVIDIA,,High,,A-33893669* N-CVE-2017-0327,
2017-04,CVE-2017-0565,05,MediaTek,,High,,A-28175904* M-ALPS02696516,
2017-04,CVE-2017-0566,05,MediaTek,,High,,A-28470975* M-ALPS02696367,
2017-04,CVE-2017-0567,05,Broadcom,,High,,A-32125310* B-RB#112575,
2017-04,CVE-2017-0568,05,Broadcom,,High,,A-34197514* B-RB#112600,
2017-04,CVE-2017-0569,05,Broadcom,,High,,A-34198729* B-RB#110666,
2017-04,CVE-2017-0570,05,Broadcom,,High,,A-34199963* B-RB#110688,
2017-04,CVE-2017-0571,05,Broadcom,,High,,A-34203305* B-RB#111541,
2017-04,CVE-2017-0572,05,Broadcom,,High,,A-34198931* B-RB#112597,
2017-04,CVE-2017-0573,05,Broadcom,,High,,A-34469904* B-RB#91539,
2017-04,CVE-2017-0574,05,Broadcom,,High,,A-34624457* B-RB#113189,
2017-04,CVE-2017-0575,05,Qualcomm,,High,,A-32658595* QC-CR#1103099,
2017-04,CVE-2017-0325,05,NVIDIA,,High,,A-33040280* N-CVE-2017-0325,
2017-04,CVE-2017-0454,05,Qualcomm,,High,,A-33353700 QC-CR#1104067,
2017-04,CVE-2017-0576,05,Qualcomm,,High,,A-33544431 QC-CR#1103089,
2017-04,CVE-2017-0577,05,Elevation of privilege vulnerability in HTC touchscreen driver,,High,,A-33842951*,
2017-04,CVE-2017-0578,05,Elevation of privilege vulnerability in DTS sound driver,,High,,A-33964406*,
2017-04,CVE-2016-10231,05,Qualcomm,,High,,A-33966912 QC-CR#1096799,
2017-04,CVE-2017-0579,05,Qualcomm,,High,,A-34125463* QC-CR#1115406,
2017-04,CVE-2016-10232,05,Qualcomm,,High,,A-34386696 QC-CR#1024872 [2],
2017-04,CVE-2016-10233,05,Qualcomm,,High,,A-34389926 QC-CR#897452,
2017-04,CVE-2017-0329,05,NVIDIA,,High,,A-34115304* N-CVE-2017-0329,
2017-04,CVE-2017-0580,05,Elevation of privilege vulnerability in Synaptics touchscreen driver,,High,,A-34325986*,
2017-04,CVE-2017-0581,05,Elevation of privilege vulnerability in Synaptics touchscreen driver,,High,,A-34614485*,
2017-04,CVE-2017-0462,05,Qualcomm,,High,,A-33353601 QC-CR#1102288,
2017-04,CVE-2017-6423,05,Qualcomm,,High,,A-32831370 QC-CR#1103158,
2017-04,CVE-2014-9922,05,Elevation of privilege vulnerability in kernel file system,,High,,A-32761463 Upstream kernel,
2017-04,CVE-2014-0206,05,Information disclosure vulnerability in kernel memory subsystem,,High,,A-34465735 Upstream kernel,
2017-04,CVE-2014-3145,05,Information disclosure vulnerability in kernel networking subsystem,,High,,A-34469585 Upstream kernel [2],
2017-04,CVE-2016-5349,05,Qualcomm,,High,,A-29083830 QC-CR#1021945 [2] [3] [4],
2017-04,CVE-2016-10234,05,Qualcomm,,High,,A-34390017 QC-CR#1069060 [2],
2017-04,CVE-2014-2706,05,Denial of service vulnerability in kernel networking subsystem,,High,,A-34160553 Upstream kernel,
2017-04,CVE-2016-10235,05,Qualcomm,,High,,A-34390620 QC-CR#1046409,
2017-04,CVE-2016-7097,05,Elevation of privilege vulnerability in kernel file system,,Moderate,,A-32458736 Upstream kernel,
2017-04,CVE-2017-6424,05,Qualcomm,,Moderate,,A-32086742 QC-CR#1102648,
2017-04,CVE-2016-8465,05,Broadcom,,Moderate,,A-32474971* B-RB#106053,
2017-04,CVE-2017-0582,05,Elevation of privilege vulnerability in HTC OEM fastboot command,,Moderate,,A-33178836*,
2017-04,CVE-2017-0583,05,Qualcomm,,Moderate,,A-32068683 QC-CR#1103788,
2017-04,CVE-2014-1739,05,Information disclosure vulnerability in kernel media driver,,Moderate,,A-34460642 Upstream kernel,
2017-04,CVE-2017-0584,05,Qualcomm,,Moderate,,A-32074353* QC-CR#1104731,
2017-04,CVE-2017-0585,05,Broadcom,,Moderate,,A-32475556* B-RB#112953,
2017-04,CVE-2016-5346,05,Qualcomm,,Moderate,,A-32551280 QC-CR#1097878,
2017-04,CVE-2017-6425,05,Qualcomm,,Moderate,,A-32577085 QC-CR#1103689,
2017-04,CVE-2016-10236,05,Qualcomm,,Moderate,,A-33280689 QC-CR#1102418,
2017-04,CVE-2017-0586,05,Qualcomm,,Moderate,,A-33649808 QC-CR#1097569,
2017-04,CVE-2017-6426,05,Qualcomm,,Moderate,,A-33644474 QC-CR#1106842,
2017-04,CVE-2017-0328,05,NVIDIA,,Moderate,,A-33898322* N-CVE-2017-0328,
2017-04,CVE-2017-0330,05,NVIDIA,,Moderate,,A-33899858* N-CVE-2017-0330,
2017-04,CVE-2014-9931,05,Qualcomm,,Critical,,A-35445101**,
2017-04,CVE-2014-9932,05,Qualcomm,,Critical,,A-35434683**,
2017-04,CVE-2014-9933,05,Qualcomm,,Critical,,A-35442512**,
2017-04,CVE-2014-9934,05,Qualcomm,,Critical,,A-35439275**,
2017-04,CVE-2014-9935,05,Qualcomm,,Critical,,A-35444951**,
2017-04,CVE-2014-9936,05,Qualcomm,,Critical,,A-35442420**,
2017-04,CVE-2014-9937,05,Qualcomm,,Critical,,A-35445102**,
2017-04,CVE-2015-8995,05,Qualcomm,,Critical,,A-35445002**,
2017-04,CVE-2015-8996,05,Qualcomm,,Critical,,A-35444658**,
2017-04,CVE-2015-8997,05,Qualcomm,,Critical,,A-35432947**,
2017-04,CVE-2015-8998,05,Qualcomm,,Critical,,A-35441175**,
2017-04,CVE-2015-8999,05,Qualcomm,,Critical,,A-35445401**,
2017-04,CVE-2015-9000,05,Qualcomm,,Critical,,A-35441076**,
2017-04,CVE-2015-9001,05,Qualcomm,,Critical,,A-35445400**,
2017-04,CVE-2015-9002,05,Qualcomm,,Critical,,A-35442421**,
2017-04,CVE-2015-9003,05,Qualcomm,,Critical,,A-35440626**,
2017-04,CVE-2016-10242,05,Qualcomm,,Critical,,A-35434643**,
2017-05,CVE-2017-0587,01,Remote code execution vulnerability in Mediaserver,,Critical,,A-35219737,"6.0, 6.0.1, 7.0, 7.1.1, 7.1.2"
2017-05,CVE-2017-0588,01,Remote code execution vulnerability in Mediaserver,,Critical,,A-34618607,"4.4.4, 5.0.2, 5.1.1, 6.0, 6.0.1, 7.0, 7.1.1, 7.1.2"
2017-05,CVE-2017-0589,01,Remote code execution vulnerability in Mediaserver,,Critical,,A-34897036,"5.0.2, 5.1.1, 6.0, 6.0.1, 7.0, 7.1.1, 7.1.2"
2017-05,CVE-2017-0590,01,Remote code execution vulnerability in Mediaserver,,Critical,,A-35039946,"5.0.2, 5.1.1, 6.0, 6.0.1, 7.0, 7.1.1, 7.1.2"
2017-05,CVE-2017-0591,01,Remote code execution vulnerability in Mediaserver,,Critical,,A-34097672,"6.0, 6.0.1, 7.0, 7.1.1, 7.1.2"
2017-05,CVE-2017-0592,01,Remote code execution vulnerability in Mediaserver,,Critical,,A-34970788,"4.4.4, 5.0.2, 5.1.1, 6.0, 6.0.1, 7.0, 7.1.1, 7.1.2"
2017-05,CVE-2017-0593,01,Elevation of privilege vulnerability in Framework APIs,,High,,A-34114230,"6.0, 6.0.1, 7.0, 7.1.1, 7.1.2"
2017-05,CVE-2017-0594,01,Elevation of privilege vulnerability in Mediaserver,,High,,A-34617444,"4.4.4, 5.0.2, 5.1.1, 6.0, 6.0.1, 7.0, 7.1.1, 7.1.2"
2017-05,CVE-2017-0595,01,Elevation of privilege vulnerability in Mediaserver,,High,,A-34705519,"4.4.4, 5.0.2, 5.1.1, 6.0, 6.0.1, 7.0, 7.1.1"
2017-05,CVE-2017-0596,01,Elevation of privilege vulnerability in Mediaserver,,High,,A-34749392,"4.4.4, 5.0.2, 5.1.1, 6.0, 6.0.1, 7.0, 7.1.1"
2017-05,CVE-2017-0597,01,Elevation of privilege vulnerability in Audioserver,,High,,A-34749571,"4.4.4, 5.0.2, 5.1.1, 6.0, 6.0.1, 7.0, 7.1.1, 7.1.2"
2017-05,CVE-2017-0598,01,Information disclosure vulnerability in Framework APIs,,High,,A-34128677 [ 2 ],"4.4.4, 5.0.2, 5.1.1, 6.0, 6.0.1, 7.0, 7.1.1, 7.1.2"
2017-05,CVE-2017-0599,01,Denial of service vulnerability in Mediaserver,,High,,A-34672748,"6.0, 6.0.1, 7.0, 7.1.1, 7.1.2"
2017-05,CVE-2017-0600,01,Denial of service vulnerability in Mediaserver,,High,,A-35269635,"4.4.4, 5.0.2, 5.1.1, 6.0, 6.0.1, 7.0, 7.1.1, 7.1.2"
2017-05,CVE-2017-0601,01,Elevation of privilege vulnerability in Bluetooth,,Moderate,,A-35258579,"7.0, 7.1.1, 7.1.2"
2017-05,CVE-2017-0493,01,Information disclosure vulnerability in File-Based Encryption,,Moderate,,A-32793550 [ 2 ] [ 3 ],"7.0, 7.1.1"
2017-05,CVE-2017-0602,01,Information disclosure vulnerability in Bluetooth,,Moderate,,A-34946955,"4.4.4, 5.0.2, 5.1.1, 6.0, 6.0.1, 7.0, 7.1.1, 7.1.2"
2017-05,CVE-2016-7056,01,Information disclosure vulnerability in OpenSSL &amp; BoringSSL,,Moderate,,A-33752052,"4.4.4, 5.0.2, 5.1.1, 6.0, 6.0.1, 7.0, 7.1.1, 7.1.2"
2017-05,CVE-2017-0603,01,Denial of service vulnerability in Mediaserver,,Moderate,,A-35763994,"4.4.4, 5.0.2, 5.1.1, 6.0, 6.0.1, 7.0, 7.1.1, 7.1.2"
2017-05,CVE-2017-0635,01,Denial of service vulnerability in Mediaserver,,Low,,A-35467107,"7.0, 7.1.1, 7.1.2"
2017-05,CVE-2015-7555,05,Remote code execution vulnerability in GIFLIB,,Critical,,A-34697653,"4.4.4, 5.0.2, 5.1.1, 6.0, 6.0.1, 7.0, 7.1.1, 7.1.2"
2017-05,CVE-2016-10274,05,MediaTek,,Critical,,A-30202412* M-ALPS02897901,
2017-05,CVE-2016-10275,05,Qualcomm,,Critical,,A-34514954 QC-CR#1009111,
2017-05,CVE-2016-10276,05,Qualcomm,,Critical,,A-32952839 QC-CR#1094105,
2017-05,CVE-2016-9794,05,Elevation of privilege vulnerability in kernel sound subsystem,,Critical,,A-34068036 Upstream kernel,
2017-05,CVE-2016-10277,05,Elevation of privilege vulnerability in Motorola bootloader,,Critical,,A-33840490*,
2017-05,CVE-2017-0331,05,NVIDIA,,Critical,,A-34113000* N-CVE-2017-0331,
2017-05,CVE-2017-0604,05,Qualcomm,,Critical,,A-35392981 QC-CR#826589,
2017-05,CVE-2016-10240,05,Qualcomm,,,,A-32578446** QC-CR#955710,
2017-05,CVE-2016-10241,05,Qualcomm,,,,A-35436149** QC-CR#1068577,
2017-05,CVE-2016-10278,05,Qualcomm,,,,A-31624008** QC-CR#1043004,
2017-05,CVE-2016-10279,05,Qualcomm,,,,A-31624421** QC-CR#1031821,
2017-05,CVE-2016-5131,05,Remote code execution vulnerability in libxml2,,High,,A-32956747*,"4.4.4, 5.0.2, 5.1.1, 6.0, 6.0.1, 7.0"
2017-05,CVE-2016-10280,05,MediaTek,,High,,A-28175767* M-ALPS02696445,
2017-05,CVE-2016-10281,05,MediaTek,,High,,A-28175647* M-ALPS02696475,
2017-05,CVE-2016-10282,05,MediaTek,,High,,A-33939045* M-ALPS03149189,
2017-05,CVE-2016-10283,05,Qualcomm,,High,,A-32094986 QC-CR#2002052,
2017-05,CVE-2016-10284,05,Qualcomm,,High,,A-32402303* QC-CR#2000664,
2017-05,CVE-2016-10285,05,Qualcomm,,High,,A-33752702 QC-CR#1104899,
2017-05,CVE-2016-10286,05,Qualcomm,,High,,A-35400904 QC-CR#1090237,
2017-05,CVE-2015-9004,05,Elevation of privilege vulnerability in kernel performance subsystem,,High,,A-34515362 Upstream kernel,
2017-05,CVE-2016-10287,05,Qualcomm,,High,,A-33784446 QC-CR#1112751,
2017-05,CVE-2017-0606,05,Qualcomm,,High,,A-34088848 QC-CR#1116015,
2017-05,CVE-2016-5860,05,Qualcomm,,High,,A-34623424 QC-CR#1100682,
2017-05,CVE-2016-5867,05,Qualcomm,,High,,A-35400602 QC-CR#1095947,
2017-05,CVE-2017-0607,05,Qualcomm,,High,,A-35400551 QC-CR#1085928,
2017-05,CVE-2017-0608,05,Qualcomm,,High,,A-35400458 QC-CR#1098363,
2017-05,CVE-2017-0609,05,Qualcomm,,High,,A-35399801 QC-CR#1090482,
2017-05,CVE-2016-5859,05,Qualcomm,,High,,A-35399758 QC-CR#1096672,
2017-05,CVE-2017-0610,05,Qualcomm,,High,,A-35399404 QC-CR#1094852,
2017-05,CVE-2017-0611,05,Qualcomm,,High,,A-35393841 QC-CR#1084210,
2017-05,CVE-2016-5853,05,Qualcomm,,High,,A-35392629 QC-CR#1102987,
2017-05,CVE-2016-10288,05,Qualcomm,,High,,A-33863909 QC-CR#1109763,
2017-05,CVE-2016-10289,05,Qualcomm,,High,,A-33899710 QC-CR#1116295,
2017-05,CVE-2016-10290,05,Qualcomm,,High,,A-33898330 QC-CR#1109782,
2017-05,CVE-2016-10291,05,Qualcomm,,High,,A-34030871 QC-CR#986837,
2017-05,CVE-2017-0465,05,Qualcomm,,High,,A-34112914 QC-CR#1110747,
2017-05,CVE-2017-0612,05,Qualcomm,,High,,A-34389303 QC-CR#1061845,
2017-05,CVE-2017-0613,05,Qualcomm,,High,,A-35400457 QC-CR#1086140,
2017-05,CVE-2017-0614,05,Qualcomm,,High,,A-35399405 QC-CR#1080290,
2017-05,CVE-2017-0615,05,MediaTek,,High,,A-34259126* M-ALPS03150278,
2017-05,CVE-2017-0616,05,MediaTek,,High,,A-34470286* M-ALPS03149160,
2017-05,CVE-2017-0617,05,MediaTek,,High,,A-34471002* M-ALPS03149173,
2017-05,CVE-2017-0618,05,MediaTek,,High,,A-35100728* M-ALPS03161536,
2017-05,CVE-2017-0619,05,Qualcomm,,High,,A-35401152 QC-CR#826566,
2017-05,CVE-2017-0620,05,Qualcomm,,High,,A-35401052 QC-CR#1081711,
2017-05,CVE-2016-5862,05,Qualcomm,,High,,A-35399803 QC-CR#1099607,
2017-05,CVE-2014-9940,05,Elevation of privilege vulnerability in kernel voltage regulator driver,,High,,A-35399757 Upstream kernel,
2017-05,CVE-2017-0621,05,Qualcomm,,High,,A-35399703 QC-CR#831322,
2017-05,CVE-2016-5868,05,Qualcomm,,High,,A-35392791 QC-CR#1104431,
2017-05,CVE-2017-7184,05,Elevation of privilege vulnerability in kernel networking subsystem,,High,,A-36565222 Upstream kernel [2],
2017-05,CVE-2017-0622,05,Elevation of privilege vulnerability in Goodix touchscreen driver,,High,,A-32749036 QC-CR#1098602,
2017-05,CVE-2017-0623,05,Elevation of privilege vulnerability in HTC bootloader,,High,,A-32512358*,
2017-05,CVE-2017-0624,05,Qualcomm,,High,,A-34327795* QC-CR#2005832,
2017-05,CVE-2017-0625,05,MediaTek,,High,,A-35142799* M-ALPS03161531,
2017-05,CVE-2017-0626,05,Qualcomm,,High,,A-35393124 QC-CR#1088050,
2017-05,CVE-2016-10292,05,Qualcomm,,High,,A-34514463* QC-CR#1065466,
2017-05,CVE-2017-0627,05,Information disclosure vulnerability in kernel UVC driver,,Moderate,,A-33300353*,
2017-05,CVE-2016-10293,05,Qualcomm,,Moderate,,A-33352393 QC-CR#1101943,
2017-05,CVE-2016-10294,05,Qualcomm,,Moderate,,A-33621829 QC-CR#1105481,
2017-05,CVE-2016-10295,05,Qualcomm,,Moderate,,A-33781694 QC-CR#1109326,
2017-05,CVE-2016-10296,05,Qualcomm,,Moderate,,A-33845464 QC-CR#1109782,
2017-05,CVE-2017-0628,05,Qualcomm,,Moderate,,A-34230377 QC-CR#1086833,
2017-05,CVE-2017-0629,05,Qualcomm,,Moderate,,A-35214296 QC-CR#1086833,
2017-05,CVE-2017-0630,05,Information disclosure vulnerability in kernel trace subsystem,,Moderate,,A-34277115*,
2017-05,CVE-2016-5858,05,Qualcomm,,Moderate,,A-35400153 QC-CR#1096799 [2],
2017-05,CVE-2017-0631,05,Qualcomm,,Moderate,,A-35399756 QC-CR#1093232,
2017-05,CVE-2016-5347,05,Qualcomm,,Moderate,,A-35394329 QC-CR#1100878,
2017-05,CVE-2016-5854,05,Qualcomm,,Moderate,,A-35392792 QC-CR#1092683,
2017-05,CVE-2016-5855,05,Qualcomm,,Moderate,,A-35393081 QC-CR#1094143,
2017-05,CVE-2017-0632,05,Qualcomm,,Moderate,,A-35392586 QC-CR#832915,
2017-05,CVE-2017-0633,05,Broadcom,,Moderate,,A-36000515* B-RB#117131,
2017-05,CVE-2017-0634,05,Information disclosure vulnerability in Synaptics touchscreen driver,,Moderate,,A-32511682*,
2017-05,CVE-2014-9923,05,Qualcomm,,,,A-35434045**,
2017-05,CVE-2014-9924,05,Qualcomm,,,,A-35434631**,
2017-05,CVE-2014-9925,05,Qualcomm,,,,A-35444657**,
2017-05,CVE-2014-9926,05,Qualcomm,,,,A-35433784**,
2017-05,CVE-2014-9927,05,Qualcomm,,,,A-35433785**,
2017-05,CVE-2014-9928,05,Qualcomm,,,,A-35438623**,
2017-05,CVE-2014-9929,05,Qualcomm,,,,A-35443954** QC-CR#644783,
2017-05,CVE-2014-9930,05,Qualcomm,,,,A-35432946**,
2017-05,CVE-2015-9005,05,Qualcomm,,,,A-36393500**,
2017-05,CVE-2015-9006,05,Qualcomm,,,,A-36393450**,
2017-05,CVE-2015-9007,05,Qualcomm,,,,A-36393700**,
2017-05,CVE-2016-10297,05,Qualcomm,,,,A-36393451**,
2017-05,CVE-2014-9941,05,Qualcomm,,,,A-36385125**,
2017-05,CVE-2014-9942,05,Qualcomm,,,,A-36385319**,
2017-05,CVE-2014-9943,05,Qualcomm,,,,A-36385219**,
2017-05,CVE-2014-9944,05,Qualcomm,,,,A-36384534**,
2017-05,CVE-2014-9945,05,Qualcomm,,,,A-36386912**,
2017-05,CVE-2014-9946,05,Qualcomm,,,,A-36385281**,
2017-05,CVE-2014-9947,05,Qualcomm,,,,A-36392400**,
2017-05,CVE-2014-9948,05,Qualcomm,,,,A-36385126**,
2017-05,CVE-2014-9949,05,Qualcomm,,,,A-36390608**,
2017-05,CVE-2014-9950,05,Qualcomm,,,,A-36385321**,
2017-05,CVE-2014-9951,05,Qualcomm,,,,A-36389161**,
2017-05,CVE-2014-9952,05,Qualcomm,,,,A-36387019**,
2017-06,CVE-2017-0645,01,Bluetooth,EoP,Moderate,,A-35385327,"6.0.1, 7.0, 7.1.1, 7.1.2"
2017-06,CVE-2017-0646,01,Bluetooth,ID,Moderate,,A-33899337,"4.4.4, 5.0.2, 5.1.1, 6.0, 6.0.1, 7.0, 7.1.1, 7.1.2"
2017-06,CVE-2015-8871,01,Libraries,RCE,High,,A-35443562 *,"5.0.2, 5.1.1, 6.0, 6.0.1"
2017-06,CVE-2016-8332,01,Libraries,RCE,High,,A-37761553 *,"5.0.2, 5.1.1, 6.0, 6.0.1"
2017-06,CVE-2016-5131,01,Libraries,RCE,High,,A-36554209,"4.4.4, 5.0.2, 5.1.1, 6.0, 6.0.1, 7.0, 7.1.1, 7.1.2"
2017-06,CVE-2016-4658,01,Libraries,RCE,High,,A-36554207,"4.4.4, 5.0.2, 5.1.1, 6.0, 6.0.1, 7.0, 7.1.1, 7.1.2"
2017-06,CVE-2017-0663,01,Libraries,RCE,High,,A-37104170,"4.4.4, 5.0.2, 5.1.1, 6.0, 6.0.1, 7.0, 7.1.1, 7.1.2"
2017-06,CVE-2017-7376,01,Libraries,RCE,High,,A-36555370,"4.4.4, 5.0.2, 5.1.1, 6.0, 6.0.1, 7.0, 7.1.1, 7.1.2"
2017-06,CVE-2017-5056,01,Libraries,RCE,Moderate,,A-36809819,"4.4.4, 5.0.2, 5.1.1, 6.0, 6.0.1, 7.0, 7.1.1, 7.1.2"
2017-06,CVE-2017-7375,01,Libraries,RCE,Moderate,,A-36556310,"4.4.4, 5.0.2, 5.1.1, 6.0, 6.0.1, 7.0, 7.1.1, 7.1.2"
2017-06,CVE-2017-0647,01,Libraries,ID,Moderate,,A-36392138,"5.0.2, 5.1.1, 6.0, 6.0.1, 7.0, 7.1.1, 7.1.2"
2017-06,CVE-2016-1839,01,Libraries,DoS,Moderate,,A-36553781,"4.4.4, 5.0.2, 5.1.1, 6.0, 6.0.1, 7.0, 7.1.1, 7.1.2"
2017-06,CVE-2017-0637,01,Media Framework,RCE,Critical,,A-34064500,"5.0.2, 5.1.1, 6.0, 6.0.1, 7.0, 7.1.1, 7.1.2"
2017-06,CVE-2017-0391,01,Media Framework,DoS,High,,A-32322258,"5.0.2, 5.1.1, 6.0, 6.0.1, 7.0, 7.1.1, 7.1.2"
2017-06,CVE-2017-0640,01,Media Framework,DoS,High,,A-33129467 *,"6.0, 6.0.1, 7.0, 7.1.1"
2017-06,CVE-2017-0641,01,Media Framework,DoS,High,,A-34360591,"4.4.4, 5.0.2, 5.1.1, 6.0, 6.0.1, 7.0, 7.1.1, 7.1.2"
2017-06,CVE-2017-0642,01,Media Framework,DoS,High,,A-34819017,"5.0.2, 5.1.1, 6.0, 6.0.1, 7.0, 7.1.1, 7.1.2"
2017-06,CVE-2017-0643,01,Media Framework,DoS,High,,A-35645051 *,"5.0.2, 5.1.1, 6.0, 6.0.1, 7.0, 7.1.1"
2017-06,CVE-2017-0644,01,Media Framework,DoS,High,,A-35472997 *,"4.4.4, 5.0.2, 5.1.1, 6.0, 6.0.1"
2017-06,CVE-2017-0638,01,System UI,RCE,High,,A-36368305,"7.1.1, 7.1.2"
2017-06,CVE-2017-0648,05,Kernel,EoP,High,FIQ debugger,A-36101220 *,
2017-06,CVE-2017-0651,05,Kernel,ID,Low,ION subsystem,A-35644815 *,
2017-06,CVE-2015-7995,05,Libraries,ID,Moderate,,A-36810065 *,4.4.4
2017-06,CVE-2017-0636,05,MediaTek,EoP,High,Command queue driver,A-35310230 * M-ALPS03162263,
2017-06,CVE-2017-0649,05,MediaTek,EoP,Moderate,Sound driver,A-34468195 * M-ALPS03162283,
2017-06,CVE-2017-6247,05,NVIDIA,EoP,High,Sound driver,A-34386301 * N-CVE-2017-6247,
2017-06,CVE-2017-6248,05,NVIDIA,EoP,Moderate,Sound driver,A-34372667 * N-CVE-2017-6248,
2017-06,CVE-2017-6249,05,NVIDIA,EoP,Moderate,Sound driver,A-34373711 * N-CVE-2017-6249,
2017-06,CVE-2017-7371,05,Qualcomm,RCE,Critical,Bluetooth driver,A-36250786 QC-CR#1101054,
2017-06,CVE-2017-7365,05,Qualcomm,EoP,High,Bootloader,A-32449913 QC-CR#1017009,
2017-06,CVE-2017-7366,05,Qualcomm,EoP,High,GPU driver,A-36252171 QC-CR#1036161 [ 2 ],
2017-06,CVE-2017-7367,05,Qualcomm,DoS,High,Bootloader,A-34514708 QC-CR#1008421,
2017-06,CVE-2016-5861,05,Qualcomm,EoP,Moderate,Video driver,A-36251375 QC-CR#1103510,
2017-06,CVE-2016-5864,05,Qualcomm,EoP,Moderate,Sound driver,A-36251231 QC-CR#1105441,
2017-06,CVE-2017-6421,05,Qualcomm,EoP,Moderate,MStar touchscreen driver,A-36251986 QC-CR#1110563,
2017-06,CVE-2017-7364,05,Qualcomm,EoP,Moderate,Video driver,A-36252179 QC-CR#1113926,
2017-06,CVE-2017-7368,05,Qualcomm,EoP,Moderate,Sound driver,A-33452365 QC-CR#1103085,
2017-06,CVE-2017-7369,05,Qualcomm,EoP,Moderate,Sound driver,A-33751424 QC-CR#2009216 [ 2 ],
2017-06,CVE-2017-7370,05,Qualcomm,EoP,Moderate,Video driver,A-34328139 QC-CR#2006159,
2017-06,CVE-2017-7372,05,Qualcomm,EoP,Moderate,Video driver,A-36251497 QC-CR#1110068,
2017-06,CVE-2017-7373,05,Qualcomm,EoP,Moderate,Video driver,A-36251984 QC-CR#1090244,
2017-06,CVE-2017-8233,05,Qualcomm,EoP,Moderate,Camera driver,A-34621613 QC-CR#2004036,
2017-06,CVE-2017-8234,05,Qualcomm,EoP,Moderate,Camera driver,A-36252121 QC-CR#832920,
2017-06,CVE-2017-8235,05,Qualcomm,EoP,Moderate,Camera driver,A-36252376 QC-CR#1083323,
2017-06,CVE-2017-8236,05,Qualcomm,EoP,Moderate,IPA driver,A-35047217 QC-CR#2009606,
2017-06,CVE-2017-8237,05,Qualcomm,EoP,Moderate,Networking driver,A-36252377 QC-CR#1110522,
2017-06,CVE-2017-8242,05,Qualcomm,EoP,Moderate,Secure Execution Environment Communicator driver,A-34327981 QC-CR#2009231,
2017-06,CVE-2017-8239,05,Qualcomm,ID,Moderate,Camera driver,A-36251230 QC-CR#1091603,
2017-06,CVE-2017-8240,05,Qualcomm,ID,Moderate,Pin controller driver,A-36251985 QC-CR#856379,
2017-06,CVE-2017-8241,05,Qualcomm,ID,Low,Wi-Fi driver,A-34203184 QC-CR#1069175,
2017-06,CVE-2017-0650,05,Synaptics components,EoP,Low,Touchscreen driver,A-35472278 *,
2017-06,CVE-2014-9960,05,Qualcomm closed-source,N/A,Critical,Closed-source component,A-37280308 *,
2017-06,CVE-2014-9961,05,Qualcomm closed-source,N/A,Critical,Closed-source component,A-37279724 *,
2017-06,CVE-2014-9953,05,Qualcomm closed-source,N/A,Critical,Closed-source component,A-36714770 *,
2017-06,CVE-2014-9967,05,Qualcomm closed-source,N/A,Critical,Closed-source component,A-37281466 *,
2017-06,CVE-2015-9026,05,Qualcomm closed-source,N/A,Critical,Closed-source component,A-37277231 *,
2017-06,CVE-2015-9027,05,Qualcomm closed-source,N/A,Critical,Closed-source component,A-37279124 *,
2017-06,CVE-2015-9008,05,Qualcomm closed-source,N/A,Critical,Closed-source component,A-36384689 *,
2017-06,CVE-2015-9009,05,Qualcomm closed-source,N/A,Critical,Closed-source component,A-36393600 *,
2017-06,CVE-2015-9010,05,Qualcomm closed-source,N/A,Critical,Closed-source component,A-36393101 *,
2017-06,CVE-2015-9011,05,Qualcomm closed-source,N/A,Critical,Closed-source component,A-36714882 *,
2017-06,CVE-2015-9024,05,Qualcomm closed-source,N/A,Critical,Closed-source component,A-37265657 *,
2017-06,CVE-2015-9012,05,Qualcomm closed-source,N/A,Critical,Closed-source component,A-36384691 *,
2017-06,CVE-2015-9013,05,Qualcomm closed-source,N/A,Critical,Closed-source component,A-36393251 *,
2017-06,CVE-2015-9014,05,Qualcomm closed-source,N/A,Critical,Closed-source component,A-36393750 *,
2017-06,CVE-2015-9015,05,Qualcomm closed-source,N/A,Critical,Closed-source component,A-36714120 *,
2017-06,CVE-2015-9029,05,Qualcomm closed-source,N/A,Critical,Closed-source component,A-37276981 *,
2017-06,CVE-2016-10338,05,Qualcomm closed-source,N/A,Critical,Closed-source component,A-37277738 *,
2017-06,CVE-2016-10336,05,Qualcomm closed-source,N/A,Critical,Closed-source component,A-37278436 *,
2017-06,CVE-2016-10333,05,Qualcomm closed-source,N/A,Critical,Closed-source component,A-37280574 *,
2017-06,CVE-2016-10341,05,Qualcomm closed-source,N/A,Critical,Closed-source component,A-37281667 *,
2017-06,CVE-2016-10335,05,Qualcomm closed-source,N/A,Critical,Closed-source component,A-37282802 *,
2017-06,CVE-2016-10340,05,Qualcomm closed-source,N/A,Critical,Closed-source component,A-37280614 *,
2017-06,CVE-2016-10334,05,Qualcomm closed-source,N/A,Critical,Closed-source component,A-37280664 *,
2017-06,CVE-2016-10339,05,Qualcomm closed-source,N/A,Critical,Closed-source component,A-37280575 *,
2017-06,CVE-2016-10298,05,Qualcomm closed-source,N/A,Critical,Closed-source component,A-36393252 *,
2017-06,CVE-2016-10299,05,Qualcomm closed-source,N/A,Critical,Closed-source component,A-32577244 *,
2017-06,CVE-2014-9954,05,Qualcomm closed-source,N/A,High,Closed-source component,A-36388559 *,
2017-06,CVE-2014-9955,05,Qualcomm closed-source,N/A,High,Closed-source component,A-36384686 *,
2017-06,CVE-2014-9956,05,Qualcomm closed-source,N/A,High,Closed-source component,A-36389611 *,
2017-06,CVE-2014-9957,05,Qualcomm closed-source,N/A,High,Closed-source component,A-36387564 *,
2017-06,CVE-2014-9958,05,Qualcomm closed-source,N/A,High,Closed-source component,A-36384774 *,
2017-06,CVE-2014-9962,05,Qualcomm closed-source,N/A,High,Closed-source component,A-37275888 *,
2017-06,CVE-2014-9963,05,Qualcomm closed-source,N/A,High,Closed-source component,A-37276741 *,
2017-06,CVE-2014-9959,05,Qualcomm closed-source,N/A,High,Closed-source component,A-36383694 *,
2017-06,CVE-2014-9964,05,Qualcomm closed-source,N/A,High,Closed-source component,A-37280321 *,
2017-06,CVE-2014-9965,05,Qualcomm closed-source,N/A,High,Closed-source component,A-37278233 *,
2017-06,CVE-2014-9966,05,Qualcomm closed-source,N/A,High,Closed-source component,A-37282854 *,
2017-06,CVE-2015-9023,05,Qualcomm closed-source,N/A,High,Closed-source component,A-37276138 *,
2017-06,CVE-2015-9020,05,Qualcomm closed-source,N/A,High,Closed-source component,A-37276742 *,
2017-06,CVE-2015-9021,05,Qualcomm closed-source,N/A,High,Closed-source component,A-37276743 *,
2017-06,CVE-2015-9025,05,Qualcomm closed-source,N/A,High,Closed-source component,A-37276744 *,
2017-06,CVE-2015-9022,05,Qualcomm closed-source,N/A,High,Closed-source component,A-37280226 *,
2017-06,CVE-2015-9028,05,Qualcomm closed-source,N/A,High,Closed-source component,A-37277982 *,
2017-06,CVE-2015-9031,05,Qualcomm closed-source,N/A,High,Closed-source component,A-37275889 *,
2017-06,CVE-2015-9032,05,Qualcomm closed-source,N/A,High,Closed-source component,A-37279125 *,
2017-06,CVE-2015-9033,05,Qualcomm closed-source,N/A,High,Closed-source component,A-37276139 *,
2017-06,CVE-2015-9030,05,Qualcomm closed-source,N/A,High,Closed-source component,A-37282907 *,
2017-06,CVE-2016-10332,05,Qualcomm closed-source,N/A,High,Closed-source component,A-37282801 *,
2017-06,CVE-2016-10337,05,Qualcomm closed-source,N/A,High,Closed-source component,A-37280665 *,
2017-06,CVE-2016-10342,05,Qualcomm closed-source,N/A,High,Closed-source component,A-37281763 *,
2017-06,CVE-2017-0639,05,Google device updates,ID,High,,A-35310991,"4.4.4, 5.0.2, 5.1.1, 6.0, 6.0.1, 7.0, 7.1.1, 7.1.2"
2017-07,CVE-2017-3544,01,Runtime,RCE,Moderate,,A-35784677,"4.4.4, 5.0.2, 5.1.1, 6.0, 6.0.1, 7.0, 7.1.1, 7.1.2"
2017-07,CVE-2017-0664,01,Framework,EoP,High,,A-36491278,"5.0.2, 5.1.1, 6.0, 6.0.1, 7.0, 7.1.1, 7.1.2"
2017-07,CVE-2017-0665,01,Framework,EoP,High,,A-36991414,"4.4.4, 5.0.2, 5.1.1, 6.0, 6.0.1, 7.0, 7.1.1, 7.1.2"
2017-07,CVE-2017-0666,01,Framework,EoP,High,,A-37285689,"4.4.4, 5.0.2, 5.1.1, 6.0, 6.0.1, 7.0, 7.1.1, 7.1.2"
2017-07,CVE-2017-0667,01,Framework,EoP,High,,A-37478824,"5.0.2, 5.1.1, 6.0, 6.0.1, 7.0, 7.1.1, 7.1.2"
2017-07,CVE-2017-0668,01,Framework,ID,Moderate,,A-22011579,"4.4.4, 5.0.2, 5.1.1, 6.0, 6.0.1, 7.0, 7.1.1, 7.1.2"
2017-07,CVE-2017-0669,01,Framework,ID,High,,A-34114752,"6.0, 6.0.1, 7.0, 7.1.1, 7.1.2"
2017-07,CVE-2017-0670,01,Framework,DoS,High,,A-36104177,"5.0.2, 5.1.1, 6.0, 6.0.1, 7.0, 7.1.1, 7.1.2"
2017-07,CVE-2017-0671,01,Libraries,RCE,High,,A-34514762 *,4.4.4
2017-07,CVE-2016-2109,01,Libraries,DoS,High,,A-35443725,"4.4.4, 5.0.2, 5.1.1, 6.0, 6.0.1, 7.0, 7.1.1, 7.1.2"
2017-07,CVE-2017-0672,01,Libraries,DoS,High,,A-34778578,"7.0, 7.1.1, 7.1.2"
2017-07,CVE-2017-0540,01,Media Framework,RCE,Critical,,A-33966031,"5.0.2, 5.1.1, 6.0, 6.0.1, 7.0, 7.1.1, 7.1.2"
2017-07,CVE-2017-0673,01,Media Framework,RCE,Critical,,A-33974623,"6.0, 6.0.1, 7.0, 7.1.1, 7.1.2"
2017-07,CVE-2017-0674,01,Media Framework,RCE,Critical,,A-34231163,"6.0, 6.0.1, 7.0, 7.1.1, 7.1.2"
2017-07,CVE-2017-0675,01,Media Framework,RCE,Critical,,A-34779227 [ 2 ],"6.0.1, 7.0, 7.1.1, 7.1.2"
2017-07,CVE-2017-0676,01,Media Framework,RCE,Critical,,A-34896431,"5.0.2, 5.1.1, 6.0, 6.0.1, 7.0, 7.1.1, 7.1.2"
2017-07,CVE-2017-0677,01,Media Framework,RCE,Critical,,A-36035074,"6.0, 6.0.1, 7.0, 7.1.1, 7.1.2"
2017-07,CVE-2017-0678,01,Media Framework,RCE,Critical,,A-36576151,"7.0, 7.1.1, 7.1.2"
2017-07,CVE-2017-0679,01,Media Framework,RCE,Critical,,A-36996978,"6.0, 6.0.1, 7.0, 7.1.1, 7.1.2"
2017-07,CVE-2017-0680,01,Media Framework,RCE,Critical,,A-37008096,"6.0, 6.0.1, 7.0, 7.1.1, 7.1.2"
2017-07,CVE-2017-0681,01,Media Framework,RCE,Critical,,A-37208566,"4.4.4, 5.0.2, 5.1.1, 6.0, 6.0.1, 7.0, 7.1.1, 7.1.2"
2017-07,CVE-2017-0682,01,Media Framework,RCE,High,,A-36588422 *,"7.0, 7.1.1, 7.1.2"
2017-07,CVE-2017-0683,01,Media Framework,RCE,High,,A-36591008 *,"7.0, 7.1.1, 7.1.2"
2017-07,CVE-2017-0684,01,Media Framework,EoP,High,,A-35421151,"6.0, 6.0.1, 7.0, 7.1.1, 7.1.2"
2017-07,CVE-2017-0685,01,Media Framework,DoS,High,,A-34203195,"6.0, 6.0.1, 7.0, 7.1.1, 7.1.2"
2017-07,CVE-2017-0686,01,Media Framework,DoS,High,,A-34231231,"6.0, 6.0.1, 7.0, 7.1.1, 7.1.2"
2017-07,CVE-2017-0688,01,Media Framework,DoS,High,,A-35584425,"6.0, 6.0.1, 7.0, 7.1.1, 7.1.2"
2017-07,CVE-2017-0689,01,Media Framework,DoS,High,,A-36215950,"5.0.2, 5.1.1, 6.0, 6.0.1, 7.0, 7.1.1, 7.1.2"
2017-07,CVE-2017-0690,01,Media Framework,DoS,High,,A-36592202,"4.4.4, 5.0.2, 5.1.1, 6.0, 6.0.1, 7.0, 7.1.1, 7.1.2"
2017-07,CVE-2017-0691,01,Media Framework,DoS,High,,A-36724453,"7.0, 7.1.1, 7.1.2"
2017-07,CVE-2017-0692,01,Media Framework,DoS,High,,A-36725407,"4.4.4, 5.0.2, 5.1.1, 6.0, 6.0.1, 7.0, 7.1.1, 7.1.2"
2017-07,CVE-2017-0693,01,Media Framework,DoS,High,,A-36993291,"6.0, 6.0.1, 7.0, 7.1.1, 7.1.2"
2017-07,CVE-2017-0694,01,Media Framework,DoS,High,,A-37093318,"4.4.4, 5.0.2, 5.1.1, 6.0, 6.0.1, 7.0, 7.1.1, 7.1.2"
2017-07,CVE-2017-0695,01,Media Framework,DoS,High,,A-37094889,"5.0.2, 5.1.1, 6.0, 6.0.1, 7.0, 7.1.1, 7.1.2"
2017-07,CVE-2017-0696,01,Media Framework,DoS,High,,A-37207120,"6.0, 6.0.1, 7.0, 7.1.1, 7.1.2"
2017-07,CVE-2017-0697,01,Media Framework,DoS,High,,A-37239013,"4.4.4, 5.0.2, 5.1.1, 6.0, 6.0.1, 7.0, 7.1.1, 7.1.2"
2017-07,CVE-2017-0698,01,Media Framework,ID,Moderate,,A-35467458,"6.0, 6.0.1, 7.0, 7.1.1, 7.1.2"
2017-07,CVE-2017-0699,01,Media Framework,ID,Moderate,,A-36490809,"6.0, 6.0.1, 7.0, 7.1.1, 7.1.2"
2017-07,CVE-2017-0700,01,System UI,RCE,High,,A-35639138,"7.1.1, 7.1.2"
2017-07,CVE-2017-0701,01,System UI,RCE,High,,A-36385715 [ 2 ],"7.1.1, 7.1.2"
2017-07,CVE-2017-0702,01,System UI,RCE,High,,A-36621442,"7.1.1, 7.1.2"
2017-07,CVE-2017-0703,01,System UI,EoP,High,,A-33123882,"4.4.4, 5.0.2, 5.1.1, 6.0, 6.0.1, 7.0, 7.1.1, 7.1.2"
2017-07,CVE-2017-0704,01,System UI,EoP,Moderate,,A-33059280,"7.1.1, 7.1.2"
2017-07,CVE-2017-9417,05,Broadcom,RCE,Critical,Wi-Fi driver,A-38041027 * B-RB#123023,
2017-07,CVE-2017-0705,05,Broadcom,EoP,Moderate,Wi-Fi driver,A-34973477 * B-RB#119898,
2017-07,CVE-2017-0706,05,Broadcom,EoP,Moderate,Wi-Fi driver,A-35195787 * B-RB#120532,
2017-07,CVE-2017-0707,05,HTC components,EoP,Moderate,LED driver,A-36088467 *,
2017-07,CVE-2017-0708,05,HTC components,ID,Moderate,Sound driver,A-35384879 *,
2017-07,CVE-2017-0709,05,HTC components,ID,Low,Sensor hub driver,A-35468048 *,
2017-07,CVE-2017-6074,05,Kernel,EoP,High,Networking subsystem,A-35784697 Upstream kernel,
2017-07,CVE-2017-5970,05,Kernel,DoS,High,Networking subsystem,A-35805460 Upstream kernel,
2017-07,CVE-2015-5707,05,Kernel,EoP,Moderate,SCSI driver,A-35841297 Upstream kernel [ 2 ],
2017-07,CVE-2017-7308,05,Kernel,EoP,Moderate,Networking driver,A-36725304 Upstream kernel [ 2 ] [ 3 ],
2017-07,CVE-2014-9731,05,Kernel,ID,Moderate,File system,A-35841292 Upstream kernel,
2017-07,CVE-2017-0711,05,MediaTek,EoP,High,Networking driver,A-36099953 * M-ALPS03206781,
2017-07,CVE-2017-0340,05,NVIDIA,EoP,High,Libnvparser,A-33968204 * N-CVE-2017-0340,
2017-07,CVE-2017-0326,05,NVIDIA,ID,Moderate,Video driver,A-33718700 * N-CVE-2017-0326,
2017-07,CVE-2017-8255,05,Qualcomm,EoP,High,Bootloader,A-36251983 QC-CR#985205,
2017-07,CVE-2016-10389,05,Qualcomm,EoP,High,Bootloader,A-34500449 QC-CR#1009145,
2017-07,CVE-2017-8253,05,Qualcomm,EoP,High,Camera driver,A-35400552 QC-CR#1086764,
2017-07,CVE-2017-8262,05,Qualcomm,EoP,High,GPU driver,A-32938443 QC-CR#2029113,
2017-07,CVE-2017-8263,05,Qualcomm,EoP,High,Anonymous shared memory subsystem,A-34126808 * QC-CR#1107034,
2017-07,CVE-2017-8267,05,Qualcomm,EoP,High,Anonymous shared memory subsystem,A-34173755 * QC-CR#2001129,
2017-07,CVE-2017-8273,05,Qualcomm,EoP,High,Bootloader,A-35400056 QC-CR#1094372 [ 2 ],
2017-07,CVE-2016-5863,05,Qualcomm,EoP,Moderate,USB HID driver,A-36251182 QC-CR#1102936,
2017-07,CVE-2017-8243,05,Qualcomm,EoP,Moderate,SoC driver,A-34112490 * QC-CR#2001803,
2017-07,CVE-2017-8246,05,Qualcomm,EoP,Moderate,Sound driver,A-37275839 QC-CR#2008031,
2017-07,CVE-2017-8256,05,Qualcomm,EoP,Moderate,Wi-Fi driver,A-37286701 QC-CR#1104565,
2017-07,CVE-2017-8257,05,Qualcomm,EoP,Moderate,Video driver,A-37282763 QC-CR#2003129,
2017-07,CVE-2017-8259,05,Qualcomm,EoP,Moderate,SoC driver,A-34359487 QC-CR#2009016,
2017-07,CVE-2017-8260,05,Qualcomm,EoP,Moderate,Camera driver,A-34624155 QC-CR#2008469,
2017-07,CVE-2017-8261,05,Qualcomm,EoP,Moderate,Camera driver,A-35139833 * QC-CR#2013631,
2017-07,CVE-2017-8264,05,Qualcomm,EoP,Moderate,Camera driver,A-33299365 * QC-CR#1107702,
2017-07,CVE-2017-8265,05,Qualcomm,EoP,Moderate,Video driver,A-32341313 QC-CR#1109755,
2017-07,CVE-2017-8266,05,Qualcomm,EoP,Moderate,Video driver,A-33863407 QC-CR#1110924,
2017-07,CVE-2017-8268,05,Qualcomm,EoP,Moderate,Camera driver,A-34620535 * QC-CR#2002207,
2017-07,CVE-2017-8270,05,Qualcomm,EoP,Moderate,Wi-Fi driver,A-35468665 * QC-CR#2021363,
2017-07,CVE-2017-8271,05,Qualcomm,EoP,Moderate,Video driver,A-35950388 * QC-CR#2028681,
2017-07,CVE-2017-8272,05,Qualcomm,EoP,Moderate,Video driver,A-35950805 * QC-CR#2028702,
2017-07,CVE-2017-8254,05,Qualcomm,ID,Moderate,Sound driver,A-36252027 QC-CR#832914,
2017-07,CVE-2017-8258,05,Qualcomm,ID,Moderate,Camera driver,A-37279737 QC-CR#2005647,
2017-07,CVE-2017-8269,05,Qualcomm,ID,Moderate,IPA Driver,A-33967002 * QC-CR#2013145,
2017-07,CVE-2014-9411,05,Qualcomm closed-source,N/A,High,Closed-source component,A-37473054 *,
2017-07,CVE-2014-9968,05,Qualcomm closed-source,N/A,High,Closed-source component,A-37304413 *,
2017-07,CVE-2014-9973,05,Qualcomm closed-source,N/A,High,Closed-source component,A-37470982 *,
2017-07,CVE-2014-9974,05,Qualcomm closed-source,N/A,High,Closed-source component,A-37471979 *,
2017-07,CVE-2014-9975,05,Qualcomm closed-source,N/A,High,Closed-source component,A-37471230 *,
2017-07,CVE-2014-9977,05,Qualcomm closed-source,N/A,High,Closed-source component,A-37471087 *,
2017-07,CVE-2014-9978,05,Qualcomm closed-source,N/A,High,Closed-source component,A-37468982 *,
2017-07,CVE-2014-9979,05,Qualcomm closed-source,N/A,High,Closed-source component,A-37471088 *,
2017-07,CVE-2014-9980,05,Qualcomm closed-source,N/A,High,Closed-source component,A-37471029 *,
2017-07,CVE-2015-0575,05,Qualcomm closed-source,N/A,High,Closed-source component,A-37296999 *,
2017-07,CVE-2015-8592,05,Qualcomm closed-source,N/A,High,Closed-source component,A-37470090 *,
2017-07,CVE-2015-8595,05,Qualcomm closed-source,N/A,High,Closed-source component,A-37472411 *,
2017-07,CVE-2015-8596,05,Qualcomm closed-source,N/A,High,Closed-source component,A-37472806 *,
2017-07,CVE-2015-9034,05,Qualcomm closed-source,N/A,High,Closed-source component,A-37305706 *,
2017-07,CVE-2015-9035,05,Qualcomm closed-source,N/A,High,Closed-source component,A-37303626 *,
2017-07,CVE-2015-9036,05,Qualcomm closed-source,N/A,High,Closed-source component,A-37303519 *,
2017-07,CVE-2015-9037,05,Qualcomm closed-source,N/A,High,Closed-source component,A-37304366 *,
2017-07,CVE-2015-9038,05,Qualcomm closed-source,N/A,High,Closed-source component,A-37303027 *,
2017-07,CVE-2015-9039,05,Qualcomm closed-source,N/A,High,Closed-source component,A-37302628 *,
2017-07,CVE-2015-9040,05,Qualcomm closed-source,N/A,High,Closed-source component,A-37303625 *,
2017-07,CVE-2015-9041,05,Qualcomm closed-source,N/A,High,Closed-source component,A-37303518 *,
2017-07,CVE-2015-9042,05,Qualcomm closed-source,N/A,High,Closed-source component,A-37301248 *,
2017-07,CVE-2015-9043,05,Qualcomm closed-source,N/A,High,Closed-source component,A-37305954 *,
2017-07,CVE-2015-9044,05,Qualcomm closed-source,N/A,High,Closed-source component,A-37303520 *,
2017-07,CVE-2015-9045,05,Qualcomm closed-source,N/A,High,Closed-source component,A-37302136 *,
2017-07,CVE-2015-9046,05,Qualcomm closed-source,N/A,High,Closed-source component,A-37301486 *,
2017-07,CVE-2015-9047,05,Qualcomm closed-source,N/A,High,Closed-source component,A-37304367 *,
2017-07,CVE-2015-9048,05,Qualcomm closed-source,N/A,High,Closed-source component,A-37305707 *,
2017-07,CVE-2015-9049,05,Qualcomm closed-source,N/A,High,Closed-source component,A-37301488 *,
2017-07,CVE-2015-9050,05,Qualcomm closed-source,N/A,High,Closed-source component,A-37302137 *,
2017-07,CVE-2015-9051,05,Qualcomm closed-source,N/A,High,Closed-source component,A-37300737 *,
2017-07,CVE-2015-9052,05,Qualcomm closed-source,N/A,High,Closed-source component,A-37304217 *,
2017-07,CVE-2015-9053,05,Qualcomm closed-source,N/A,High,Closed-source component,A-37301249 *,
2017-07,CVE-2015-9054,05,Qualcomm closed-source,N/A,High,Closed-source component,A-37303177 *,
2017-07,CVE-2015-9055,05,Qualcomm closed-source,N/A,High,Closed-source component,A-37472412 *,
2017-07,CVE-2015-9060,05,Qualcomm closed-source,N/A,High,Closed-source component,A-37472807 *,
2017-07,CVE-2015-9061,05,Qualcomm closed-source,N/A,High,Closed-source component,A-37470436 *,
2017-07,CVE-2015-9062,05,Qualcomm closed-source,N/A,High,Closed-source component,A-37472808 *,
2017-07,CVE-2015-9067,05,Qualcomm closed-source,N/A,High,Closed-source component,A-37474000 *,
2017-07,CVE-2015-9068,05,Qualcomm closed-source,N/A,High,Closed-source component,A-37470144 *,
2017-07,CVE-2015-9069,05,Qualcomm closed-source,N/A,High,Closed-source component,A-37470777 *,
2017-07,CVE-2015-9070,05,Qualcomm closed-source,N/A,High,Closed-source component,A-37474001 *,
2017-07,CVE-2015-9071,05,Qualcomm closed-source,N/A,High,Closed-source component,A-37471819 *,
2017-07,CVE-2015-9072,05,Qualcomm closed-source,N/A,High,Closed-source component,A-37474002 *,
2017-07,CVE-2015-9073,05,Qualcomm closed-source,N/A,High,Closed-source component,A-37473407 *,
2017-07,CVE-2016-10343,05,Qualcomm closed-source,N/A,High,Closed-source component,A-32580186 *,
2017-07,CVE-2016-10344,05,Qualcomm closed-source,N/A,High,Closed-source component,A-32583954 *,
2017-07,CVE-2016-10346,05,Qualcomm closed-source,N/A,High,Closed-source component,A-37473408 *,
2017-07,CVE-2016-10347,05,Qualcomm closed-source,N/A,High,Closed-source component,A-37471089 *,
2017-07,CVE-2016-10382,05,Qualcomm closed-source,N/A,High,Closed-source component,A-28823584 *,
2017-07,CVE-2016-10383,05,Qualcomm closed-source,N/A,High,Closed-source component,A-28822389 *,
2017-07,CVE-2016-10388,05,Qualcomm closed-source,N/A,High,Closed-source component,A-32580294 *,
2017-07,CVE-2016-10391,05,Qualcomm closed-source,N/A,High,Closed-source component,A-32583804 *,
2017-07,CVE-2016-5871,05,Qualcomm closed-source,N/A,High,Closed-source component,A-37473055 *,
2017-07,CVE-2016-5872,05,Qualcomm closed-source,N/A,High,Closed-source component,A-37472809 *,
2017-07,CVE-2017-0710,05,Google device updates,EoP,Moderate,TCB,A-34951864 *,
2017-08,CVE-2017-0712,01,Framework,EoP,Moderate,,A-37207928,"5.0.2, 5.1.1, 6.0, 6.0.1, 7.0, 7.1.1, 7.1.2"
2017-08,CVE-2017-0713,01,Libraries,RCE,High,,A-32096780 [ 2 ],"4.4.4, 5.0.2, 5.1.1, 6.0, 6.0.1, 7.0, 7.1.1, 7.1.2"
2017-08,CVE-2017-0714,01,Media Framework,RCE,Critical,,A-36492637,"4.4.4, 5.0.2, 5.1.1, 6.0, 6.0.1, 7.0, 7.1.1, 7.1.2"
2017-08,CVE-2017-0715,01,Media Framework,RCE,Critical,,A-36998372,"6.0, 6.0.1, 7.0, 7.1.1, 7.1.2"
2017-08,CVE-2017-0716,01,Media Framework,RCE,Critical,,A-37203196,"6.0, 6.0.1, 7.0, 7.1.1, 7.1.2"
2017-08,CVE-2017-0718,01,Media Framework,RCE,Critical,,A-37273547,"6.0, 6.0.1, 7.0, 7.1.1, 7.1.2"
2017-08,CVE-2017-0719,01,Media Framework,RCE,Critical,,A-37273673,"6.0, 6.0.1, 7.0, 7.1.1, 7.1.2"
2017-08,CVE-2017-0720,01,Media Framework,RCE,Critical,,A-37430213,"5.0.2, 5.1.1, 6.0, 6.0.1, 7.0, 7.1.1, 7.1.2"
2017-08,CVE-2017-0721,01,Media Framework,RCE,Critical,,A-37561455,"6.0, 6.0.1, 7.0, 7.1.1, 7.1.2"
2017-08,CVE-2017-0722,01,Media Framework,RCE,Critical,,A-37660827,"4.4.4, 5.0.2, 5.1.1, 6.0, 6.0.1, 7.0, 7.1.1, 7.1.2"
2017-08,CVE-2017-0723,01,Media Framework,RCE,Critical,,A-37968755,"6.0, 6.0.1, 7.0, 7.1.1, 7.1.2"
2017-08,CVE-2017-0745,01,Media Framework,RCE,Critical,,A-37079296,"4.4.4, 5.0.2, 5.1.1, 6.0, 6.0.1, 7.0, 7.1.1, 7.1.2"
2017-08,CVE-2017-0724,01,Media Framework,DoS,High,,A-36819262,"6.0, 6.0.1, 7.0, 7.1.1, 7.1.2"
2017-08,CVE-2017-0725,01,Media Framework,DoS,High,,A-37627194,"7.0, 7.1.1, 7.1.2"
2017-08,CVE-2017-0726,01,Media Framework,DoS,High,,A-36389123,"4.4.4, 5.0.2, 5.1.1, 6.0, 6.0.1, 7.0, 7.1.1, 7.1.2"
2017-08,CVE-2017-0727,01,Media Framework,EoP,High,,A-33004354,"7.0, 7.1.1, 7.1.2"
2017-08,CVE-2017-0728,01,Media Framework,DoS,High,,A-37469795,"5.0.2, 5.1.1, 6.0, 6.0.1, 7.0, 7.1.1, 7.1.2"
2017-08,CVE-2017-0729,01,Media Framework,EoP,High,,A-37710346,"5.0.2, 5.1.1, 6.0, 6.0.1, 7.0, 7.1.1, 7.1.2"
2017-08,CVE-2017-0730,01,Media Framework,DoS,High,,A-36279112,"6.0, 6.0.1, 7.0, 7.1.1, 7.1.2"
2017-08,CVE-2017-0731,01,Media Framework,EoP,High,,A-36075363,"4.4.4, 5.0.2, 5.1.1, 6.0, 6.0.1, 7.0, 7.1.1, 7.1.2"
2017-08,CVE-2017-0732,01,Media Framework,EoP,High,,A-37504237,"6.0, 6.0.1, 7.0, 7.1.1, 7.1.2"
2017-08,CVE-2017-0733,01,Media Framework,DoS,High,,A-38391487,"5.0.2, 5.1.1, 6.0, 6.0.1, 7.0, 7.1.1, 7.1.2"
2017-08,CVE-2017-0734,01,Media Framework,DoS,High,,A-38014992,"6.0, 6.0.1, 7.0, 7.1.1, 7.1.2"
2017-08,CVE-2017-0735,01,Media Framework,DoS,High,,A-38239864 [ 2 ],"6.0, 6.0.1, 7.0, 7.1.1, 7.1.2"
2017-08,CVE-2017-0736,01,Media Framework,DoS,High,,A-38487564,"6.0, 6.0.1, 7.0, 7.1.1, 7.1.2"
2017-08,CVE-2017-0687,01,Media Framework,DoS,High,,A-35583675,"6.0, 6.0.1, 7.0, 7.1.1, 7.1.2"
2017-08,CVE-2017-0737,01,Media Framework,EoP,High,,A-37563942,"4.4.4, 5.0.2, 5.1.1, 6.0, 6.0.1, 7.0, 7.1.1, 7.1.2"
2017-08,CVE-2017-0805,01,Media Framework,EoP,High,,A-37237701,"4.4.4, 5.0.2, 5.1.1, 6.0, 6.0.1, 7.0, 7.1.1, 7.1.2"
2017-08,CVE-2017-0738,01,Media Framework,ID,Moderate,,A-37563371 [ 2 ],"4.4.4, 5.0.2, 5.1.1, 6.0, 6.0.1, 7.0, 7.1.1, 7.1.2"
2017-08,CVE-2017-0739,01,Media Framework,ID,Moderate,,A-37712181,"5.0.2, 5.1.1, 6.0, 6.0.1, 7.0, 7.1.1, 7.1.2"
2017-08,CVE-2017-0740,05,Broadcom,RCE,Moderate,Networking driver,A-37168488 * B-RB#116402,
2017-08,CVE-2017-10661,05,Kernel,EoP,High,File system,A-36266767 Upstream kernel,
2017-08,CVE-2017-0750,05,Kernel,EoP,Moderate,File system,A-36817013 *,
2017-08,CVE-2017-10662,05,Kernel,EoP,Moderate,File system,A-36815012 Upstream kernel,
2017-08,CVE-2017-10663,05,Kernel,EoP,Moderate,File System,A-36588520 Upstream kernel,
2017-08,CVE-2017-0749,05,Kernel,EoP,Moderate,Linux kernel,A-36007735 *,
2017-08,CVE-2017-0741,05,MediaTek,EoP,High,GPU driver,A-32458601 * M-ALPS03007523,
2017-08,CVE-2017-0742,05,MediaTek,EoP,Moderate,Video driver,A-36074857 * M-ALPS03275524,
2017-08,CVE-2017-0746,05,Qualcomm,EoP,Moderate,IPA driver,A-35467471 * QC-CR#2029392,
2017-08,CVE-2017-0747,05,Qualcomm,EoP,Moderate,Proprietary Component,A-32524214 * QC-CR#2044821,
2017-08,CVE-2017-9678,05,Qualcomm,EoP,Moderate,Video driver,A-35258962 * QC-CR#2028228,
2017-08,CVE-2017-9691,05,Qualcomm,EoP,Moderate,MobiCore driver (Trustonic),A-33842910 * QC-CR#1116560,
2017-08,CVE-2017-9684,05,Qualcomm,EoP,Moderate,USB driver,A-35136547 * QC-CR#2037524,
2017-08,CVE-2017-9682,05,Qualcomm,ID,Moderate,GPU driver,A-36491445 * QC-CR#2030434,
2017-08,CVE-2017-0744,05,Google device updates,EoP,Low,Sound driver,A-34112726 * N-CVE-2017-0744,
2017-08,CVE-2017-9679,05,Google device updates,ID,Low,SoC driver,A-35644510 * QC-CR#2029409,
2017-08,CVE-2017-9680,05,Google device updates,ID,Low,SoC driver,A-35764241 * QC-CR#2030137,
2017-08,CVE-2017-0748,05,Google device updates,ID,Low,Audio driver,A-35764875 * QC-CR#2029798,
2017-08,CVE-2017-9681,05,Google device updates,ID,Low,Radio driver,A-36386593 * QC-CR#2030426,
2017-08,CVE-2017-9693,05,Google device updates,ID,Low,Networking driver,A-36817798 * QC-CR#2044820,
2017-08,CVE-2017-9694,05,Google device updates,ID,Low,Networking driver,A-36818198 * QC-CR#2045470,
2017-08,CVE-2017-0751,05,Google device updates,EoP,Low,QCE driver,A-36591162 * QC-CR#2045061,
2017-08,CVE-2017-9692,05,Google device updates,DoS,Low,Graphics driver,A-36731152 * QC-CR#2021707,
2017-09,CVE-2017-0752,01,Framework,EoP,High,,A-62196835 [ 2 ],"4.4.4, 5.0.2, 5.1.1, 6.0, 6.0.1, 7.0, 7.1.1, 7.1.2"
2017-09,CVE-2017-0753,01,Libraries,RCE,High,,A-62218744,"7.1.1, 7.1.2, 8.0"
2017-09,CVE-2017-6983,01,Libraries,RCE,High,,A-63852675,"4.4.4, 5.0.2, 5.1.1, 6.0, 6.0.1, 7.0, 7.1.1, 7.1.2, 8.0"
2017-09,CVE-2017-0755,01,Libraries,EoP,High,,A-32178311,"5.0.2, 5.1.1, 6.0, 6.0.1, 7.0, 7.1.1, 7.1.2, 8.0"
2017-09,CVE-2017-0756,01,Media Framework,RCE,Critical,,A-34621073,"4.4.4, 5.0.2, 5.1.1, 6.0, 6.0.1, 7.0, 7.1.1, 7.1.2"
2017-09,CVE-2017-0757,01,Media Framework,RCE,Critical,,A-36006815,"6.0, 6.0.1, 7.0, 7.1.1, 7.1.2"
2017-09,CVE-2017-0758,01,Media Framework,RCE,Critical,,A-36492741,"5.0.2, 5.1.1, 6.0, 6.0.1, 7.0, 7.1.1, 7.1.2"
2017-09,CVE-2017-0759,01,Media Framework,RCE,Critical,,A-36715268,"6.0, 6.0.1, 7.0, 7.1.1, 7.1.2"
2017-09,CVE-2017-0760,01,Media Framework,RCE,Critical,,A-37237396,"6.0, 6.0.1, 7.0, 7.1.1, 7.1.2"
2017-09,CVE-2017-0761,01,Media Framework,RCE,Critical,,A-38448381,"6.0, 6.0.1, 7.0, 7.1.1, 7.1.2, 8.0"
2017-09,CVE-2017-0762,01,Media Framework,RCE,Critical,,A-62214264,"5.0.2, 5.1.1, 6.0, 6.0.1, 7.0, 7.1.1, 7.1.2"
2017-09,CVE-2017-0763,01,Media Framework,RCE,Critical,,A-62534693,"5.0.2, 5.1.1, 6.0, 6.0.1, 7.0, 7.1.1, 7.1.2, 8.0"
2017-09,CVE-2017-0764,01,Media Framework,RCE,Critical,,A-62872015,"4.4.4, 5.0.2, 5.1.1, 6.0, 6.0.1, 7.0, 7.1.1, 7.1.2, 8.0"
2017-09,CVE-2017-0765,01,Media Framework,RCE,Critical,,A-62872863,"6.0, 6.0.1, 7.0, 7.1.1, 7.1.2, 8.0"
2017-09,CVE-2017-0766,01,Media Framework,RCE,High,,A-37776688,"4.4.4, 5.0.2, 5.1.1, 6.0, 6.0.1, 7.0, 7.1.1, 7.1.2"
2017-09,CVE-2017-0767,01,Media Framework,EoP,High,,A-37536407 [ 2 ],"4.4.4, 5.0.2, 5.1.1, 6.0, 6.0.1, 7.0, 7.1.1, 7.1.2"
2017-09,CVE-2017-0768,01,Media Framework,EoP,High,,A-62019992,"4.4.4, 5.0.2, 5.1.1, 6.0, 6.0.1, 7.0, 7.1.1, 7.1.2, 8.0"
2017-09,CVE-2017-0769,01,Media Framework,EoP,High,,A-37662122,"7.0, 7.1.1, 7.1.2, 8.0"
2017-09,CVE-2017-0770,01,Media Framework,EoP,High,,A-38234812,"4.4.4, 5.0.2, 5.1.1, 6.0, 6.0.1, 7.0, 7.1.1, 7.1.2, 8.0"
2017-09,CVE-2017-0771,01,Media Framework,DoS,High,,A-37624243,"7.0, 7.1.1, 7.1.2"
2017-09,CVE-2017-0772,01,Media Framework,DoS,High,,A-38115076,"6.0, 6.0.1, 7.0, 7.1.1, 7.1.2, 8.0"
2017-09,CVE-2017-0773,01,Media Framework,DoS,High,,A-37615911,"5.0.2, 5.1.1, 6.0, 6.0.1, 7.0, 7.1.1, 7.1.2, 8.0"
2017-09,CVE-2017-0774,01,Media Framework,DoS,High,,A-62673844 [ 2 ],"4.4.4, 5.0.2, 5.1.1, 6.0, 6.0.1, 7.0, 7.1.1, 7.1.2"
2017-09,CVE-2017-0775,01,Media Framework,DoS,High,,A-62673179,"4.4.4, 5.0.2, 5.1.1, 6.0, 6.0.1, 7.0, 7.1.1, 7.1.2, 8.0"
2017-09,CVE-2017-0776,01,Media Framework,ID,Moderate,,A-38496660,"7.0, 7.1.1, 7.1.2, 8.0"
2017-09,CVE-2017-0777,01,Media Framework,ID,Moderate,,A-38342499,"7.0, 7.1.1, 7.1.2"
2017-09,CVE-2017-0778,01,Media Framework,ID,Moderate,,A-62133227,"7.0, 7.1.1, 7.1.2"
2017-09,CVE-2017-0779,01,Media Framework,ID,Moderate,,A-38340117 [ 2 ],"4.4.4, 5.0.2, 5.1.1, 6.0, 6.0.1, 7.0, 7.1.1, 7.1.2"
2017-09,CVE-2017-0780,01,Runtime,DoS,High,,A-37742976,"6.0, 6.0.1, 7.0, 7.1.1, 7.1.2, 8.0"
2017-09,CVE-2017-0781,01,System,RCE,Critical,,A-63146105 [ 2 ],"4.4.4, 5.0.2, 5.1.1, 6.0, 6.0.1, 7.0, 7.1.1, 7.1.2, 8.0"
2017-09,CVE-2017-0782,01,System,RCE,Critical,,A-63146237 [ 2 ] [ 3 ],"4.4.4, 5.0.2, 5.1.1, 6.0, 6.0.1, 7.0, 7.1.1, 7.1.2, 8.0"
2017-09,CVE-2017-0783,01,System,ID,High,,A-63145701,"4.4.4, 5.0.2, 5.1.1, 6.0, 6.0.1, 7.0, 7.1.1, 7.1.2, 8.0"
2017-09,CVE-2017-0784,01,System,EoP,Moderate,,A-37287958,"5.0.2, 5.1.1, 6.0, 6.0.1, 7.0, 7.1.1, 7.1.2"
2017-09,CVE-2017-0785,01,System,ID,Moderate,,A-63146698,"4.4.4, 5.0.2, 5.1.1, 6.0, 6.0.1, 7.0, 7.1.1, 7.1.2, 8.0"
2017-09,CVE-2017-11120,05,Broadcom,RCE,Critical,Wi-Fi driver,A-62575409 * B-V2017061204,
2017-09,CVE-2017-11121,05,Broadcom,RCE,Critical,Wi-Fi driver,A-62576413 * B-V2017061205,
2017-09,CVE-2017-7065,05,Broadcom,RCE,Critical,Wi-Fi driver,A-62575138 * B-V2017061202,
2017-09,CVE-2017-0786,05,Broadcom,EoP,High,Wi-Fi driver,A-37351060 * B-V2017060101,
2017-09,CVE-2017-0787,05,Broadcom,EoP,Moderate,Wi-Fi driver,A-37722970 * B-V2017053104,
2017-09,CVE-2017-0788,05,Broadcom,EoP,Moderate,Wi-Fi driver,A-37722328 * B-V2017053103,
2017-09,CVE-2017-0789,05,Broadcom,EoP,Moderate,Wi-Fi driver,A-37685267 * B-V2017053102,
2017-09,CVE-2017-0790,05,Broadcom,EoP,Moderate,Wi-Fi driver,A-37357704 * B-V2017053101,
2017-09,CVE-2017-0791,05,Broadcom,EoP,Moderate,Wi-Fi driver,A-37306719 * B-V2017052302,
2017-09,CVE-2017-0792,05,Broadcom,ID,Moderate,Wi-Fi driver,A-37305578 * B-V2017052301,
2017-09,CVE-2017-0793,05,Imgtk components,ID,High,Memory subsystem,A-35764946 *,
2017-09,CVE-2017-8890,05,Kernel,RCE,Critical,Networking subsystem,A-38413975 Upstream kernel,
2017-09,CVE-2017-9076,05,Kernel,EoP,High,Networking subsystem,A-62299478 Upstream kernel,
2017-09,CVE-2017-9150,05,Kernel,ID,High,Linux kernel,A-62199770 Upstream kernel,
2017-09,CVE-2017-7487,05,Kernel,EoP,High,IPX protocol driver,A-62070688 Upstream kernel,
2017-09,CVE-2017-6214,05,Kernel,DoS,High,Networking subsystem,A-37901268 Upstream kernel,
2017-09,CVE-2017-6346,05,Kernel,EoP,High,Linux kernel,A-37897645 Upstream kernel,
2017-09,CVE-2017-5897,05,Kernel,ID,High,Networking subsystem,A-37871211 Upstream kernel,
2017-09,CVE-2017-7495,05,Kernel,ID,High,File system,A-62198330 Upstream kernel,
2017-09,CVE-2017-7616,05,Kernel,ID,Moderate,Linux kernel,A-37751399 Upstream kernel,
2017-09,CVE-2017-12146,05,Kernel,EoP,Moderate,Linux kernel,A-35676417 Upstream kernel,
2017-09,CVE-2017-0794,05,Kernel,EoP,Moderate,SCSI driver,A-35644812 *,
2017-09,CVE-2017-0795,05,MediaTek,EoP,High,Accessory detector driver,A-36198473 * M-ALPS03361480,
2017-09,CVE-2017-0796,05,MediaTek,EoP,High,AUXADC driver,A-62458865 * M-ALPS03353884 M-ALPS03353886 M-ALPS03353887,
2017-09,CVE-2017-0797,05,MediaTek,EoP,High,Accessory detector driver,A-62459766 * M-ALPS03353854,
2017-09,CVE-2017-0798,05,MediaTek,EoP,High,Kernel,A-36100671 * M-ALPS03365532,
2017-09,CVE-2017-0799,05,MediaTek,EoP,High,Lastbus,A-36731602 * M-ALPS03342072,
2017-09,CVE-2017-0800,05,MediaTek,EoP,High,TEEI,A-37683975 * M-ALPS03302988,
2017-09,CVE-2017-0801,05,MediaTek,EoP,High,LibMtkOmxVdec,A-38447970 * M-ALPS03337980,
2017-09,CVE-2017-0802,05,MediaTek,EoP,Moderate,Kernel,A-36232120 * M-ALPS03384818,
2017-09,CVE-2017-0803,05,MediaTek,EoP,Moderate,Accessory detector driver,A-36136137 * M-ALPS03361477,
2017-09,CVE-2017-0804,05,MediaTek,EoP,Moderate,MMC driver,A-36274676 * M-ALPS03361487,
2017-09,CVE-2017-11041,05,Qualcomm,RCE,Critical,LibOmxVenc,A-36130225 * QC-CR#2053101,
2017-09,CVE-2017-10996,05,Qualcomm,ID,High,Linux kernel,A-38198574 QC-CR#901529,
2017-09,CVE-2017-9725,05,Qualcomm,EoP,High,Memory subsystem,A-38195738 QC-CR#896659,
2017-09,CVE-2017-9724,05,Qualcomm,EoP,High,Linux kernel,A-38196929 QC-CR#863303,
2017-09,CVE-2017-8278,05,Qualcomm,EoP,High,Audio driver,A-62379474 QC-CR#2013236,
2017-09,CVE-2017-10999,05,Qualcomm,EoP,Moderate,IPA driver,A-36490777 * QC-CR#2010713,
2017-09,CVE-2017-11001,05,Qualcomm,ID,Moderate,Wi-Fi driver,A-36815555 * QC-CR#2051433,
2017-09,CVE-2017-11002,05,Qualcomm,ID,Moderate,Wi-Fi driver,A-37712167 * QC-CR#2058452 QC-CR#2054690 QC-CR#2058455,
2017-09,CVE-2017-8250,05,Qualcomm,EoP,Moderate,GPU driver,A-62379051 QC-CR#2003924,
2017-09,CVE-2017-9677,05,Qualcomm,EoP,Moderate,Audio driver,A-62379475 QC-CR#2022953,
2017-09,CVE-2017-10998,05,Qualcomm,EoP,Moderate,Audio driver,A-38195131 QC-CR#108461,
2017-09,CVE-2017-9676,05,Qualcomm,ID,Moderate,File system,A-62378596 QC-CR#2016517,
2017-09,CVE-2017-8280,05,Qualcomm,EoP,Moderate,WLAN driver,A-62377236 QC-CR#2015858,
2017-09,CVE-2017-8251,05,Qualcomm,EoP,Moderate,Camera driver,A-62379525 QC-CR#2006015,
2017-09,CVE-2017-10997,05,Qualcomm,EoP,Moderate,PCI driver,A-33039685 * QC-CR#1103077,
2017-09,CVE-2017-11000,05,Qualcomm,EoP,Moderate,Camera driver,A-36136563 * QC-CR#2031677,
2017-09,CVE-2017-8247,05,Qualcomm,EoP,Moderate,Camera driver,A-62378684 QC-CR#2023513,
2017-09,CVE-2017-9720,05,Qualcomm,EoP,Moderate,Camera driver,A-36264696 * QC-CR#2041066,
2017-09,CVE-2017-8277,05,Qualcomm,EoP,Moderate,Video driver,A-62378788 QC-CR#2009047,
2017-09,CVE-2017-8281,05,Qualcomm,ID,Moderate,Automotive multimedia,A-62378232 QC-CR#2015892,
2017-09,CVE-2017-11040,05,Qualcomm,ID,Moderate,Video driver,A-37567102 * QC-CR#2038166,
2017-10,CVE-2017-0806,01,Framework,EoP,High,,A-62998805,"6.0, 6.0.1, 7.0, 7.1.1, 7.1.2, 8.0"
2017-10,CVE-2017-0809,01,Media Framework,RCE,Critical,,A-62673128,"4.4.4, 5.0.2, 5.1.1, 6.0, 6.0.1, 7.0, 7.1.1, 7.1.2, 8.0"
2017-10,CVE-2017-0810,01,Media Framework,RCE,Critical,,A-38207066,"6.0, 6.0.1, 7.0, 7.1.1, 7.1.2, 8.0"
2017-10,CVE-2017-0811,01,Media Framework,RCE,Critical,,A-37930177,"5.0.2, 5.1.1, 6.0, 6.0.1, 7.0, 7.1.1, 7.1.2, 8.0"
2017-10,CVE-2017-0812,01,Media Framework,EoP,High,,A-62873231,"7.0, 7.1.1, 7.1.2, 8.0"
2017-10,CVE-2017-0815,01,Media Framework,ID,Moderate,,A-63526567,"4.4.4, 5.0.2, 5.1.1, 6.0, 6.0.1, 7.0, 7.1.1, 7.1.2, 8.0"
2017-10,CVE-2017-0816,01,Media Framework,ID,Moderate,,A-63662938,"4.4.4, 5.0.2, 5.1.1, 6.0, 6.0.1, 7.0, 7.1.1, 7.1.2, 8.0"
2017-10,CVE-2017-14496,01,System,RCE,High,,A-64575136 [ 2 ],"4.4.4, 5.0.2, 5.1.1, 6.0, 6.0.1, 7.0, 7.1.1, 7.1.2, 8.0"
2017-10,CVE-2017-7374,05,Kernel,EoP,High,Filesystem,A-37866910 Upstream kernel,
2017-10,CVE-2017-9075,05,Kernel,EoP,High,Network subsystem,A-62298712 Upstream kernel,
2017-10,CVE-2017-0827,05,MediaTek,EoP,High,SoC driver,A-62539960 * M-ALPS03353876 M-ALPS03353861 M-ALPS03353869 M-ALPS03353867 M-ALPS03353872,
2017-10,CVE-2017-11053,05,Qualcomm,RCE,Critical,SoC driver,A-36895857 * QC-CR#2061544,
2017-10,CVE-2017-9714,05,Qualcomm,EoP,Critical,Network subsystem,A-63868020 QC-CR#2046578,
2017-10,CVE-2017-9683,05,Qualcomm,EoP,High,Linux boot,A-62379105 QC-CR#2036397,
2017-11,CVE-2017-0830,01,Framework,EoP,High,,A-62623498,"6.0, 6.0.1, 7.0, 7.1.1, 7.1.2, 8.0"
2017-11,CVE-2017-0831,01,Framework,EoP,High,,A-37442941 [ 2 ],8.0
2017-11,CVE-2017-0832,01,Media Framework,RCE,Critical,,A-62887820,"6.0, 6.0.1, 7.0, 7.1.1, 7.1.2, 8.0"
2017-11,CVE-2017-0833,01,Media Framework,RCE,Critical,,A-62896384,"6.0, 6.0.1, 7.0, 7.1.1, 7.1.2, 8.0"
2017-11,CVE-2017-0834,01,Media Framework,RCE,Critical,,A-63125953,"6.0, 6.0.1, 7.0, 7.1.1, 7.1.2, 8.0"
2017-11,CVE-2017-0835,01,Media Framework,RCE,Critical,,A-63316832,"6.0, 6.0.1, 7.0, 7.1.1, 7.1.2, 8.0"
2017-11,CVE-2017-0836,01,Media Framework,RCE,Critical,,A-64893226,"5.0.2, 5.1.1, 6.0, 6.0.1, 7.0, 7.1.1, 7.1.2, 8.0"
2017-11,CVE-2017-0839,01,Media Framework,ID,High,,A-64478003,"5.0.2, 5.1.1, 6.0, 6.0.1, 7.0, 7.1.1, 7.1.2, 8.0"
2017-11,CVE-2017-0840,01,Media Framework,ID,High,,A-62948670,"5.0.2, 5.1.1, 6.0, 6.0.1, 7.0, 7.1.1, 7.1.2, 8.0"
2017-11,CVE-2017-0841,01,System,RCE,Critical,,A-37723026,"5.0.2, 5.1.1, 6.0, 6.0.1, 7.0, 7.1.1, 7.1.2, 8.0"
2017-11,CVE-2017-0842,01,System,EoP,High,,A-37502513,"6.0, 6.0.1, 7.0, 7.1.1, 7.1.2, 8.0"
2017-11,CVE-2017-9077,05,Kernel,EoP,High,Networking subsystem,A-62265013 Upstream kernel,
2017-11,CVE-2017-7541,05,Kernel,EoP,High,WLAN,A-64258073 Upstream kernel,
2017-11,CVE-2017-0843,05,MediaTek,EoP,High,CCCI,A-62670819 * M-ALPS03361488,
2017-11,CVE-2017-6264,05,NVIDIA,EoP,High,GPU driver,A-34705430 * N-CVE-2017-6264,
2017-11,CVE-2017-11013,05,Qualcomm,RCE,Critical,WLAN,A-64453535 QC-CR#2058261 [ 2 ],
2017-11,CVE-2017-11015,05,Qualcomm,RCE,Critical,WLAN,A-64438728 QC-CR#2060959 [ 2 ],
2017-11,CVE-2017-11014,05,Qualcomm,RCE,Critical,WLAN,A-64438727 QC-CR#2060959,
2017-11,CVE-2017-11092,05,Qualcomm,EoP,High,GPU driver,A-62949902 * QC-CR#2077454,
2017-11,CVE-2017-9690,05,Qualcomm,EoP,High,QBT1000 driver,A-36575870 * QC-CR#2045285,
2017-11,CVE-2017-11017,05,Qualcomm,EoP,High,Linux boot,A-64453575 QC-CR#2055629,
2017-11,CVE-2017-11028,05,Qualcomm,ID,High,Camera,A-64453533 QC-CR#2008683 [ 2 ],
2017-11,CVE-2017-13077,06,System,EoP,High,,A-67737262,"5.0.2, 5.1.1, 6.0, 6.0.1, 7.0, 7.1.1, 7.1.2, 8.0"
2017-11,CVE-2017-13078,06,System,EoP,High,,A-67737262,"5.0.2, 5.1.1, 6.0, 6.0.1, 7.0, 7.1.1, 7.1.2, 8.0"
2017-11,CVE-2017-13079,06,System,EoP,High,,A-67737262,"5.0.2, 5.1.1, 6.0, 6.0.1, 7.0, 7.1.1, 7.1.2, 8.0"
2017-11,CVE-2017-13080,06,System,EoP,High,,A-67737262,"5.0.2, 5.1.1, 6.0, 6.0.1, 7.0, 7.1.1, 7.1.2, 8.0"
2017-11,CVE-2017-13081,06,System,EoP,High,,A-67737262,"5.0.2, 5.1.1, 6.0, 6.0.1, 7.0, 7.1.1, 7.1.2, 8.0"
2017-11,CVE-2017-13082,06,System,EoP,High,,A-67737262,"7.0, 7.1.1, 7.1.2, 8.0"
2017-11,CVE-2017-13086,06,System,EoP,High,,A-67737262,"5.0.2, 5.1.1, 6.0, 6.0.1, 7.0, 7.1.1, 7.1.2, 8.0"
2017-11,CVE-2017-13087,06,System,EoP,High,,A-67737262,"5.0.2, 5.1.1, 6.0, 6.0.1, 7.0, 7.1.1, 7.1.2, 8.0"
2017-11,CVE-2017-13088,06,System,EoP,High,,A-67737262,"5.0.2, 5.1.1, 6.0, 6.0.1, 7.0, 7.1.1, 7.1.2, 8.0"
2017-12,CVE-2017-0807,01,Framework,EoP,High,,A-35056974 *,"5.1.1, 6.0, 6.0.1, 7.0, 7.1.1, 7.1.2"
2017-12,CVE-2017-0870,01,Framework,EoP,High,,A-62134807,"5.1.1, 6.0, 6.0.1, 7.0, 7.1.1, 7.1.2, 8.0"
2017-12,CVE-2017-0871,01,Framework,EoP,High,,A-65281159,8.0
2017-12,CVE-2017-0872,01,Media Framework,RCE,Critical,,A-65290323,"7.0, 7.1.1, 7.1.2, 8.0"
2017-12,CVE-2017-0876,01,Media Framework,RCE,Critical,,A-64964675 *,6.0
2017-12,CVE-2017-0877,01,Media Framework,RCE,Critical,,A-66372937 *,6.0
2017-12,CVE-2017-0878,01,Media Framework,RCE,Critical,,A-65186291,8.0
2017-12,CVE-2017-13151,01,Media Framework,RCE,Critical,,A-63874456,"6.0, 6.0.1, 7.0, 7.1.1, 7.1.2, 8.0"
2017-12,CVE-2017-13153,01,Media Framework,EoP,High,,A-65280854,8.0
2017-12,CVE-2017-0837,01,Media Framework,EoP,High,,A-64340921 [ 2 ],"5.1.1, 6.0, 6.0.1, 7.0, 7.1.1, 7.1.2, 8.0"
2017-12,CVE-2017-0873,01,Media Framework,DoS,High,,A-63316255,"6.0, 6.0.1, 7.0, 7.1.1, 7.1.2, 8.0"
2017-12,CVE-2017-0874,01,Media Framework,DoS,High,,A-63315932,"6.0, 6.0.1, 7.0, 7.1.1, 7.1.2, 8.0"
2017-12,CVE-2017-0880,01,Media Framework,DoS,High,,A-65646012 [ 2 ],"7.0, 7.1.1, 7.1.2"
2017-12,CVE-2017-13148,01,Media Framework,DoS,High,,A-65717533,"6.0, 6.0.1, 7.0, 7.1.1, 7.1.2, 8.0"
2017-12,CVE-2017-13160,01,System,RCE,Critical,,A-37160362,"7.0, 7.1.1, 7.1.2, 8.0"
2017-12,CVE-2017-13156,01,System,EoP,High,,A-64211847,"5.1.1, 6.0, 6.0.1, 7.0, 7.1.1, 7.1.2, 8.0"
2017-12,CVE-2017-13157,01,System,ID,High,,A-32990341,"5.1.1, 6.0, 6.0.1, 7.0, 7.1.1, 7.1.2, 8.0"
2017-12,CVE-2017-13158,01,System,ID,High,,A-32879915,"5.1.1, 6.0, 6.0.1, 7.0, 7.1.1, 7.1.2, 8.0"
2017-12,CVE-2017-13159,01,System,ID,High,,A-32879772,"5.1.1, 6.0, 6.0.1, 7.0, 7.1.1, 7.1.2, 8.0"
2017-12,CVE-2017-13162,05,Kernel,EoP,High,Binder,A-64216036 *,
2017-12,CVE-2017-0564,05,Kernel,EoP,High,ION,A-34276203 *,
2017-12,CVE-2017-7533,05,Kernel,EoP,High,File handling,A-63689921 Upstream kernel,
2017-12,CVE-2017-13174,05,Kernel,EoP,High,EDL,A-63100473 *,
2017-12,CVE-2017-13170,05,MediaTek,EoP,High,Display driver,A-36102397 * M-ALPS03359280,
2017-12,CVE-2017-13171,05,MediaTek,EoP,High,Performance service,A-64316572 * M-ALPS03479086,
2017-12,CVE-2017-13173,05,MediaTek,EoP,High,System server,A-28067350 * M-ALPS02672361,
2017-12,CVE-2017-6262,05,NVIDIA,EoP,High,NVIDIA driver,A-38045794 * N-CVE-2017-6262,
2017-12,CVE-2017-6263,05,NVIDIA,EoP,High,NVIDIA driver,A-38046353 * N-CVE-2017-6263,
2017-12,CVE-2017-6276,05,NVIDIA,EoP,High,Mediaserver,A-63802421 * N-CVE-2017-6276,
2017-12,CVE-2017-11043,05,Qualcomm,RCE,Critical,WLAN,A-64728953 QC-CR#2067820,
2017-12,CVE-2016-3706,05,Qualcomm,RCE,Critical,UDP RPC,A-34499281 QC-CR#1058691 [ 2 ],
2017-12,CVE-2016-4429,05,Qualcomm,RCE,Critical,UDP RPC,A-68946906 QC-CR#1058691 [ 2 ],
2017-12,CVE-2017-11007,05,Qualcomm,EoP,High,Fastboot,A-66913719 QC-CR#2068824,
2017-12,CVE-2017-14904,05,Qualcomm,EoP,High,Gralloc,A-63662821 * QC-CR#2109325,
2017-12,CVE-2017-9716,05,Qualcomm,EoP,High,Qbt1000 driver,A-63868627 QC-CR#2006695,
2017-12,CVE-2017-14897,05,Qualcomm,EoP,High,RPMB driver,A-65468973 QC-CR#2054091,
2017-12,CVE-2017-14902,05,Qualcomm,EoP,High,MProc,A-65468970 QC-CR#2061287,
2017-12,CVE-2017-14895,05,Qualcomm,EoP,High,WLAN,A-65468977 QC-CR#2009308,
2017-12,CVE-2017-6211,05,Qualcomm closed-source,N/A,Critical,Closed-source component,A-36217326 *,
2017-12,CVE-2017-14908,05,Qualcomm closed-source,N/A,High,Closed-source component,A-62212840 *,
2017-12,CVE-2017-14909,05,Qualcomm closed-source,N/A,High,Closed-source component,A-62212839 *,
2017-12,CVE-2017-14914,05,Qualcomm closed-source,N/A,High,Closed-source component,A-62212297 *,
2017-12,CVE-2017-14916,05,Qualcomm closed-source,N/A,High,Closed-source component,A-62212841 *,
2017-12,CVE-2017-14917,05,Qualcomm closed-source,N/A,High,Closed-source component,A-62212740 *,
2017-12,CVE-2017-14918,05,Qualcomm closed-source,N/A,High,Closed-source component,A-65946406 *,
2017-12,CVE-2017-11005,05,Qualcomm closed-source,N/A,High,Closed-source component,A-66913715 *,
2017-12,CVE-2017-11006,05,Qualcomm closed-source,N/A,High,Closed-source component,A-66913717 *,
2018-01,CVE-2017-13176,01,Android runtime,EoP,High,,A-68341964,"5.1.1, 6.0, 6.0.1, 7.0, 7.1.1, 7.1.2, 8.0, 8.1"
2018-01,CVE-2017-13177,01,Media Framework,RCE,Critical,,A-68320413,"5.1.1, 6.0, 6.0.1, 7.0, 7.1.1, 7.1.2, 8.0, 8.1"
2018-01,CVE-2017-13178,01,Media Framework,RCE,Critical,,A-66969281,"6.0.1, 7.0, 7.1.1, 7.1.2, 8.0, 8.1"
2018-01,CVE-2017-13179,01,Media Framework,RCE,Critical,,A-66969193,"6.0.1, 7.0, 7.1.1, 7.1.2, 8.0, 8.1"
2018-01,CVE-2017-13180,01,Media Framework,EoP,High,,A-66969349,"6.0, 6.0.1, 7.0, 7.1.1, 7.1.2, 8.0, 8.1"
2018-01,CVE-2017-13181,01,Media Framework,EoP,High,,A-67864232,"7.0, 7.1.1, 7.1.2, 8.0, 8.1"
2018-01,CVE-2017-13182,01,Media Framework,EoP,High,,A-67737022,"8.0, 8.1"
2018-01,CVE-2017-13184,01,Media Framework,EoP,High,,A-65483324,"8.0, 8.1"
2018-01,CVE-2017-0855,01,Media Framework,DoS,High,,A-64452857,"5.1.1, 6.0, 6.0.1, 7.0, 7.1.1, 7.1.2, 8.0"
2018-01,CVE-2017-13191,01,Media Framework,DoS,High,,A-64380403,"5.1.1, 6.0, 6.0.1, 7.0, 7.1.1, 7.1.2, 8.0, 8.1"
2018-01,CVE-2017-13192,01,Media Framework,DoS,High,,A-64380202,"5.1.1, 6.0, 6.0.1, 7.0, 7.1.1, 7.1.2, 8.0, 8.1"
2018-01,CVE-2017-13193,01,Media Framework,DoS,High,,A-65718319,"5.1.1, 6.0, 6.0.1, 7.0, 7.1.1, 7.1.2, 8.0, 8.1"
2018-01,CVE-2017-13195,01,Media Framework,DoS,High,,A-65398821,"5.1.1, 6.0, 6.0.1, 7.0, 7.1.1, 7.1.2, 8.0, 8.1"
2018-01,CVE-2017-13196,01,Media Framework,DoS,High,,A-63522067,"5.1.1, 6.0, 6.0.1, 7.0, 7.1.1, 7.1.2, 8.0, 8.1"
2018-01,CVE-2017-13197,01,Media Framework,DoS,High,,A-64784973,"6.0, 6.0.1, 7.0, 7.1.1, 7.1.2, 8.0, 8.1"
2018-01,CVE-2017-13199,01,Media Framework,DoS,High,,A-33846679,"8.0, 8.1"
2018-01,CVE-2017-13208,01,System,RCE,Critical,,A-67474440,"5.1.1, 6.0, 6.0.1, 7.0, 7.1.1, 7.1.2, 8.0, 8.1"
2018-01,CVE-2017-13209,01,System,EoP,High,,A-68217907 [ 2 ] [ 3 ],"8.0, 8.1"
2018-01,CVE-2017-13210,01,System,EoP,High,,A-67782345,"5.1.1, 6.0, 6.0.1, 7.0, 7.1.1, 7.1.2, 8.0, 8.1"
2018-01,CVE-2017-13211,01,System,DoS,High,,A-65174158,8.0
2018-01,CVE-2017-13214,05,HTC components,DoS,High,Hardware HEVC decoder,A-38495900 *,
2018-01,CVE-2017-14497,05,Kernel,EoP,High,TCP packet processing,A-66694921 Upstream kernel,
2018-01,CVE-2017-13215,05,Kernel,EoP,High,Skcipher,A-64386293 Upstream kernel,
2018-01,CVE-2017-13216,05,Kernel,EoP,High,Ashmem,A-66954097 *,
2018-01,CVE-2017-13218,05,Kernel,ID,High,High-precision timers,A-68266545 *,
2018-01,CVE-2017-13217,05,LG components,EoP,High,Bootloader,A-68269077 *,
2018-01,CVE-2017-13183,05,Media Framework,EoP,High,,A-38118127,8.1
2018-01,CVE-2017-0869,05,NVIDIA,EoP,High,Nvidia driver,A-37776156 * N-CVE-2017-0869,
2018-01,CVE-2017-15849,05,Qualcomm,EoP,High,Display,A-66937641 QC-CR#2046572,
2018-01,CVE-2017-11069,05,Qualcomm,EoP,High,Bootloader,A-65468974 QC-CR#2060780,
2018-01,CVE-2017-14911,05,Qualcomm closed-source,N/A,Critical,Closed-source component,A-62212946 *,
2018-01,CVE-2017-14906,05,Qualcomm closed-source,N/A,High,Closed-source component,A-32584150 *,
2018-01,CVE-2017-14912,05,Qualcomm closed-source,N/A,High,Closed-source component,A-62212739 *,
2018-01,CVE-2017-14913,05,Qualcomm closed-source,N/A,High,Closed-source component,A-62212298 *,
2018-01,CVE-2017-14915,05,Qualcomm closed-source,N/A,High,Closed-source component,A-62212632 *,
2018-01,CVE-2013-4397,05,Qualcomm closed-source,N/A,High,Closed-source component,A-65944893 *,
2018-01,CVE-2017-11010,05,Qualcomm closed-source,N/A,High,Closed-source component,A-66913721 *,
2018-02,CVE-2017-13228,01,Media Framework,RCE,Critical,,A-69478425,"6.0, 6.0.1, 7.0, 7.1.1, 7.1.2, 8.0, 8.1"
2018-02,CVE-2017-13231,01,Media Framework,EoP,High,,A-67962232,"8.0, 8.1"
2018-02,CVE-2017-13232,01,Media Framework,ID,High,,A-68953950,"5.1.1, 6.0, 6.0.1, 7.0, 7.1.1, 7.1.2, 8.0, 8.1"
2018-02,CVE-2017-13230,01,Media Framework,DoS,High,,A-65483665,"7.0, 7.1.1, 7.1.2, 8.0, 8.1"
2018-02,CVE-2017-13233,01,Media Framework,DoS,High,,A-62851602,"5.1.1, 6.0, 6.0.1, 7.0, 7.1.1, 7.1.2, 8.0, 8.1"
2018-02,CVE-2017-13234,01,Media Framework,DoS,High,,A-68159767,"5.1.1, 6.0, 6.0.1, 7.0, 7.1.1, 7.1.2, 8.0, 8.1"
2018-02,CVE-2017-13236,01,System,EoP,Moderate,,A-68217699 [ 2 ],"8.0, 8.1"
2018-02,CVE-2017-13238,05,HTC components,ID,High,Bootloader,A-64610940 *,
2018-02,CVE-2017-13247,05,HTC components,EoP,Moderate,Bootloader,A-71486645 *,
2018-02,CVE-2017-15265,05,Kernel,EoP,High,ALSA,A-67900971 Upstream kernel,
2018-02,CVE-2015-9016,05,Kernel,EoP,High,Multi-queue block IO,A-63083046 Upstream kernel,
2018-02,CVE-2017-13273,05,Kernel,EoP,High,Kernel,A-65853158 *,
2018-02,CVE-2017-6279,05,NVIDIA,EoP,High,Media framework,A-65023166 * N-CVE-2017-6279,
2018-02,CVE-2017-6258,05,NVIDIA,EoP,High,Media framework,A-38027496 * N-CVE-2017-6258,
2018-02,CVE-2017-15860,05,Qualcomm,RCE,Critical,WLan,A-68992416 QC-CR#2082544 [ 2 ],
2018-02,CVE-2017-11041,05,Qualcomm,EoP,High,Media framework,A-35269676 * QC-CR#2053101,
2018-02,CVE-2017-17767,05,Qualcomm,EoP,High,Media framework,A-64750179 * QC-CR#2115779,
2018-02,CVE-2017-17765,05,Qualcomm,EoP,High,WLan,A-68992445 QC-CR#2115112,
2018-02,CVE-2017-15862,05,Qualcomm,EoP,High,WLan,A-68992439 QC-CR#2114426,
2018-02,CVE-2017-14884,05,Qualcomm,EoP,High,WLan,A-68992429 QC-CR#2113052,
2018-02,CVE-2017-15829,05,Qualcomm,EoP,High,Graphics_Linux,A-68992397 QC-CR#2097917,
2018-02,CVE-2017-15820,05,Qualcomm,EoP,High,Graphics_Linux,A-68992396 QC-CR#2093377,
2018-02,CVE-2017-17764,05,Qualcomm,EoP,High,WLan,A-68992443 QC-CR#2114789,
2018-02,CVE-2017-15861,05,Qualcomm,EoP,High,WLan,A-68992434 QC-CR#2114187,
2018-02,CVE-2017-14910,05,Qualcomm closed-source,N/A,High,Closed-source component,A-62212114 *,
2018-03,CVE-2017-13248,01,Media Framework,RCE,Critical,,A-70349612,"6.0, 6.0.1, 7.0, 7.1.1, 7.1.2, 8.0, 8.1"
2018-03,CVE-2017-13249,01,Media Framework,RCE,Critical,,A-70399408,"6.0, 6.0.1, 7.0, 7.1.1, 7.1.2, 8.0, 8.1"
2018-03,CVE-2017-13250,01,Media Framework,RCE,Critical,,A-71375536,"6.0, 6.0.1, 7.0, 7.1.1, 7.1.2, 8.0, 8.1"
2018-03,CVE-2017-13251,01,Media Framework,EoP,Critical,,A-69269702,"6.0, 6.0.1, 7.0, 7.1.1, 7.1.2, 8.0, 8.1"
2018-03,CVE-2017-13252,01,Media Framework,EoP,High,,A-70526702,"8.0, 8.1"
2018-03,CVE-2017-13253,01,Media Framework,EoP,High,,A-71389378,"8.0, 8.1"
2018-03,CVE-2017-13255,01,System,RCE,Critical,,A-68776054,"5.1.1, 6.0, 6.0.1, 7.0, 7.1.1, 7.1.2, 8.0, 8.1"
2018-03,CVE-2017-13256,01,System,RCE,Critical,,A-68817966,"5.1.1, 6.0, 6.0.1, 7.0, 7.1.1, 7.1.2, 8.0, 8.1"
2018-03,CVE-2017-13272,01,System,RCE,Critical,,A-67110137 [ 2 ],"7.0, 7.1.1, 7.1.2, 8.0, 8.1"
2018-03,CVE-2017-13266,01,System,RCE,Critical,,A-69478941,"5.1.1, 6.0, 6.0.1, 7.0, 7.1.1, 7.1.2, 8.0, 8.1"
2018-03,CVE-2017-13257,01,System,ID,High,,A-67110692,"5.1.1, 6.0, 6.0.1, 7.0, 7.1.1, 7.1.2, 8.0, 8.1"
2018-03,CVE-2017-13258,01,System,ID,High,,A-67863755,"5.1.1, 6.0, 6.0.1, 7.0, 7.1.1, 7.1.2, 8.0, 8.1"
2018-03,CVE-2017-13259,01,System,ID,High,,A-68161546 [ 2 ],"5.1.1, 6.0, 6.0.1, 7.0, 7.1.1, 7.1.2, 8.0, 8.1"
2018-03,CVE-2017-13260,01,System,ID,High,,A-69177251,"5.1.1, 6.0, 6.0.1, 7.0, 7.1.1, 7.1.2, 8.0, 8.1"
2018-03,CVE-2017-13261,01,System,ID,High,,A-69177292,"5.1.1, 6.0, 6.0.1, 7.0, 7.1.1, 7.1.2, 8.0, 8.1"
2018-03,CVE-2017-13262,01,System,ID,High,,A-69271284,"5.1.1, 6.0, 6.0.1, 7.0, 7.1.1, 7.1.2, 8.0, 8.1"
2018-03,CVE-2017-16530,05,Kernel,EoP,High,UAS driver,A-69051940 Upstream kernel,
2018-03,CVE-2017-16525,05,Kernel,EoP,High,USB driver,A-69050921 Upstream kernel,
2018-03,CVE-2017-16535,05,Kernel,ID,High,USB driver,A-69052675 Upstream kernel,
2018-03,CVE-2017-16533,05,Kernel,ID,High,USB driver,A-69052348 Upstream kernel,
2018-03,CVE-2017-16531,05,Kernel,ID,High,USB driver,A-69052055 Upstream kernel,
2018-03,CVE-2017-16529,05,Kernel,ID,High,USB sound driver,A-69051731 Upstream kernel,
2018-03,CVE-2017-6281,05,NVIDIA,EoP,High,Libnvomx,A-66969318 * N-CVE-2017-6281,
2018-03,CVE-2017-6286,05,NVIDIA,EoP,High,Libnvomx,A-64893247 * N-CVE-2017-6286,
2018-03,CVE-2017-18067,05,Qualcomm,RCE,Critical,Wireless network driver,A-68992411 QC-CR#2081734 [ 2 ],
2018-03,CVE-2017-15815,05,Qualcomm,RCE,Critical,WLAN,A-68992395 QC-CR#2093392,
2018-03,CVE-2017-18068,05,Qualcomm,EoP,High,WLAN,A-70799990 QC-CR#2072064,
2018-03,CVE-2017-18056,05,Qualcomm,EoP,High,WLAN,A-70237692 QC-CR#2119404,
2018-03,CVE-2017-18063,05,Qualcomm,EoP,High,WLAN,A-68992442 QC-CR#2114776,
2018-03,CVE-2017-18064,05,Qualcomm,EoP,High,WLAN,A-68992438 QC-CR#2114323,
2018-03,CVE-2017-15821,05,Qualcomm,EoP,High,WLAN,A-68992432 QC-CR#2113072,
2018-03,CVE-2017-14885,05,Qualcomm,EoP,High,WLAN,A-70237686 QC-CR#2113758,
2018-03,CVE-2017-18069,05,Qualcomm,ID,High,WLAN,A-67582682 * QC-CR#2054772 QC-CR#2058471,
2018-03,CVE-2017-14882,05,Qualcomm,ID,High,WLAN,A-68992424 QC-CR#2101439,
2018-03,CVE-2017-14878,05,Qualcomm,DoS,High,Wireless network driver,A-70237706 QC-CR#2064580 [ 2 ] [ 3 ],
2018-03,CVE-2017-17773,05,Qualcomm closed-source,N/A,Critical,Closed-source component,A-70221445 QC-CR#2125554 *,
2018-03,CVE-2016-10393,05,Qualcomm closed-source,N/A,High,Closed-source component,A-68326806 QC-CR#1055934 *,
2018-04,CVE-2017-13274,01,Android runtime,EoP,High,,A-71360761,"6.0, 6.0.1, 7.0, 7.1.1, 7.1.2, 8.0, 8.1"
2018-04,CVE-2017-13275,01,Framework,ID,High,,A-70808908,"8.0, 8.1"
2018-04,CVE-2017-13276,01,Media Framework,RCE,Critical,,A-70637599,"6.0, 6.0.1, 7.0, 7.1.1, 7.1.2, 8.0, 8.1"
2018-04,CVE-2017-13277,01,Media Framework,RCE,Critical,,A-72165027,"6.0, 6.0.1, 7.0, 7.1.1, 7.1.2, 8.0, 8.1"
2018-04,CVE-2017-13278,01,Media Framework,EoP,High,,A-70546581,"6.0, 6.0.1, 7.0, 7.1.1, 7.1.2, 8.0, 8.1"
2018-04,CVE-2017-13279,01,Media Framework,DoS,High,,A-68399439,"6.0, 6.0.1, 7.0, 7.1.1, 7.1.2, 8.0, 8.1"
2018-04,CVE-2017-13280,01,Media Framework,DoS,High,,A-71361451,"6.0, 6.0.1, 7.0, 7.1.1, 7.1.2, 8.0, 8.1"
2018-04,CVE-2017-13281,01,System,RCE,Critical,,A-71603262,"8.0, 8.1"
2018-04,CVE-2017-13282,01,System,RCE,Critical,,A-71603315,"7.0, 7.1.1, 7.1.2, 8.0, 8.1"
2018-04,CVE-2017-13283,01,System,RCE,Critical,,A-71603410,"7.0, 7.1.1, 7.1.2, 8.0, 8.1"
2018-04,CVE-2017-13267,01,System,RCE,Critical,,A-69479009,"6.0, 6.0.1, 7.0, 7.1.1, 7.1.2, 8.0, 8.1"
2018-04,CVE-2017-13284,01,System,EoP,Critical,,A-70808273,"6.0, 6.0.1, 7.0, 7.1.1, 7.1.2, 8.0, 8.1"
2018-04,CVE-2017-13285,01,System,RCE,High,,A-69177126,"6.0, 6.0.1, 7.0, 7.1.1, 7.1.2, 8.0, 8.1"
2018-04,CVE-2017-13286,01,System,EoP,High,,A-69683251,"8.0, 8.1"
2018-04,CVE-2017-13287,01,System,EoP,High,,A-71714464,"6.0.1, 7.0, 7.1.1, 7.1.2, 8.0, 8.1"
2018-04,CVE-2017-13288,01,System,EoP,High,,A-69634768,"8.0, 8.1"
2018-04,CVE-2017-13289,01,System,EoP,High,,A-70398564,"6.0, 6.0.1, 7.0, 7.1.1, 7.1.2, 8.0, 8.1"
2018-04,CVE-2017-13290,01,System,ID,High,,A-69384124,"6.0, 6.0.1, 7.0, 7.1.1, 7.1.2, 8.0, 8.1"
2018-04,CVE-2017-13291,01,System,DoS,High,,A-71603553,"7.0, 7.1.1, 7.1.2, 8.0, 8.1"
2018-04,CVE-2017-13292,05,Broadcom,RCE,Critical,bcmdhd driver,A-70722061 * B-V2018010201,
2018-04,CVE-2017-13293,05,Kernel,EoP,High,NFC driver,A-62679701 *,
2018-04,CVE-2017-16534,05,Kernel,ID,High,USB,A-69052594 Upstream kernel,
2018-04,CVE-2017-15822,05,Qualcomm,RCE,Critical,WiFi,A-71501534 QC-CR#2123807,
2018-04,CVE-2017-17770,05,Qualcomm,EoP,High,Binder,A-70237684 QC-CR#2103199 [ 2 ],
2018-04,CVE-2018-3566,05,Qualcomm,EoP,High,WLAN,A-72957177 QC-CR#2143847,
2018-04,CVE-2018-3563,05,Qualcomm,EoP,High,Audio Driver,A-72956842 QC-CR#2143207 [ 2 ] [ 3 ],
2018-04,CVE-2017-13077,05,Qualcomm,ID,High,WLAN,A-72957017 QC-CR#2129237,
2018-04,CVE-2017-18071,05,Qualcomm closed-source,N/A,Critical,Closed-source component,A-68326813 *,
2018-04,CVE-2017-8274,05,Qualcomm closed-source,N/A,Critical,Closed-source component,A-68141335 *,
2018-04,CVE-2017-18146,05,Qualcomm closed-source,N/A,Critical,Closed-source component,A-70221449 *,
2018-04,CVE-2017-18128,05,Qualcomm closed-source,N/A,Critical,Closed-source component,A-70221448 *,
2018-04,CVE-2018-3592,05,Qualcomm closed-source,N/A,Critical,Closed-source component,A-71501105 *,
2018-04,CVE-2018-3591,05,Qualcomm closed-source,N/A,Critical,Closed-source component,A-71501103 *,
2018-04,CVE-2017-18074,05,Qualcomm closed-source,N/A,High,Closed-source component,A-68326816 *,
2018-04,CVE-2017-18073,05,Qualcomm closed-source,N/A,High,Closed-source component,A-68326820 *,
2018-04,CVE-2017-18125,05,Qualcomm closed-source,N/A,High,Closed-source component,A-68326821 *,
2018-04,CVE-2017-8275,05,Qualcomm closed-source,N/A,High,Closed-source component,A-68141336 *,
2018-04,CVE-2017-11011,05,Qualcomm closed-source,N/A,High,Closed-source component,A-68326823 *,
2018-04,CVE-2017-18137,05,Qualcomm closed-source,N/A,High,Closed-source component,A-67712318 *,
2018-04,CVE-2017-18134,05,Qualcomm closed-source,N/A,High,Closed-source component,A-67712320 *,
2018-04,CVE-2017-18136,05,Qualcomm closed-source,N/A,High,Closed-source component,A-68989810 *,
2018-04,CVE-2017-18140,05,Qualcomm closed-source,N/A,High,Closed-source component,A-68989811 *,
2018-04,CVE-2017-18135,05,Qualcomm closed-source,N/A,High,Closed-source component,A-68989813 *,
2018-04,CVE-2017-18142,05,Qualcomm closed-source,N/A,High,Closed-source component,A-68989814 *,
2018-04,CVE-2017-18138,05,Qualcomm closed-source,N/A,High,Closed-source component,A-68989815 *,
2018-04,CVE-2017-18139,05,Qualcomm closed-source,N/A,High,Closed-source component,A-68989819 *,
2018-04,CVE-2017-18129,05,Qualcomm closed-source,N/A,High,Closed-source component,A-68989822 *,
2018-04,CVE-2017-18132,05,Qualcomm closed-source,N/A,High,Closed-source component,A-68989825 *,
2018-04,CVE-2017-18133,05,Qualcomm closed-source,N/A,High,Closed-source component,A-68989826 *,
2018-04,CVE-2017-18072,05,Qualcomm closed-source,N/A,High,Closed-source component,A-68989828 *,
2018-04,CVE-2017-18126,05,Qualcomm closed-source,N/A,High,Closed-source component,A-68989829 *,
2018-04,CVE-2017-18144,05,Qualcomm closed-source,N/A,High,Closed-source component,A-70221450 *,
2018-04,CVE-2017-18145,05,Qualcomm closed-source,N/A,High,Closed-source component,A-70221453 *,
2018-04,CVE-2017-18147,05,Qualcomm closed-source,N/A,High,Closed-source component,A-70221456 *,
2018-04,CVE-2017-18130,05,Qualcomm closed-source,N/A,High,Closed-source component,A-70221460 *,
2018-04,CVE-2017-18143,05,Qualcomm closed-source,N/A,High,Closed-source component,A-70221461 *,
2018-04,CVE-2017-18127,05,Qualcomm closed-source,N/A,High,Closed-source component,A-70221462 *,
2018-04,CVE-2018-3590,05,Qualcomm closed-source,N/A,High,Closed-source component,A-71501106 *,
2018-04,CVE-2018-3593,05,Qualcomm closed-source,N/A,High,Closed-source component,A-71501107 *,
2018-04,CVE-2018-3589,05,Qualcomm closed-source,N/A,High,Closed-source component,A-71501108 *,
2018-04,CVE-2018-3594,05,Qualcomm closed-source,N/A,High,Closed-source component,A-71501112 *,
2018-04,CVE-2014-9996,05,Qualcomm closed-source,N/A,Critical,Closed-source component,A-37535090 *,
2018-04,CVE-2014-9971,05,Qualcomm closed-source,N/A,High,Closed-source component,A-37546253 *,
2018-04,CVE-2014-9972,05,Qualcomm closed-source,N/A,High,Closed-source component,A-37546853 *,
2018-04,CVE-2014-10063,05,Qualcomm closed-source,N/A,High,Closed-source component,A-37534948 *,
2018-04,CVE-2014-10057,05,Qualcomm closed-source,N/A,High,Closed-source component,A-62261099 *,
2018-04,CVE-2014-10059,05,Qualcomm closed-source,N/A,High,Closed-source component,A-62260706 *,
2018-04,CVE-2014-10053,05,Qualcomm closed-source,N/A,High,Closed-source component,A-37544066 *,
2018-04,CVE-2014-10054,05,Qualcomm closed-source,N/A,High,Closed-source component,A-62261100 *,
2018-04,CVE-2014-10052,05,Qualcomm closed-source,N/A,High,Closed-source component,A-62258372 *,
2018-04,CVE-2014-10050,05,Qualcomm closed-source,N/A,High,Closed-source component,A-37546901 *,
2018-04,CVE-2014-10055,05,Qualcomm closed-source,N/A,High,Closed-source component,A-37545605 *,
2018-04,CVE-2014-10051,05,Qualcomm closed-source,N/A,High,Closed-source component,A-37546302 *,
2018-04,CVE-2014-10048,05,Qualcomm closed-source,N/A,High,Closed-source component,A-62258088 *,
2018-04,CVE-2014-10062,05,Qualcomm closed-source,N/A,High,Closed-source component,A-62258373 *,
2018-04,CVE-2014-10058,05,Qualcomm closed-source,N/A,High,Closed-source component,A-62260741 *,
2018-04,CVE-2014-10047,05,Qualcomm closed-source,N/A,High,Closed-source component,A-37538492 *,
2018-04,CVE-2014-10045,05,Qualcomm closed-source,N/A,High,Closed-source component,A-62258536 *,
2018-04,CVE-2014-10056,05,Qualcomm closed-source,N/A,High,Closed-source component,A-62261338 *,
2018-04,CVE-2014-9976,05,Qualcomm closed-source,N/A,High,Closed-source component,A-37534895 *,
2018-04,CVE-2014-10043,05,Qualcomm closed-source,N/A,High,Closed-source component,A-62259947 *,
2018-04,CVE-2014-10044,05,Qualcomm closed-source,N/A,High,Closed-source component,A-62260777 *,
2018-04,CVE-2014-10046,05,Qualcomm closed-source,N/A,High,Closed-source component,A-62261408 *,
2018-04,CVE-2014-9981,05,Qualcomm closed-source,N/A,High,Closed-source component,A-37534949 *,
2018-04,CVE-2014-9993,05,Qualcomm closed-source,N/A,High,Closed-source component,A-37540928 *,
2018-04,CVE-2014-9986,05,Qualcomm closed-source,N/A,High,Closed-source component,A-37534645 *,
2018-04,CVE-2014-9994,05,Qualcomm closed-source,N/A,High,Closed-source component,A-37538493 *,
2018-04,CVE-2014-9995,05,Qualcomm closed-source,N/A,High,Closed-source component,A-37546303 *,
2018-04,CVE-2014-9997,05,Qualcomm closed-source,N/A,High,Closed-source component,A-37546854 *,
2018-04,CVE-2014-9988,05,Qualcomm closed-source,N/A,High,Closed-source component,A-62258089 *,
2018-04,CVE-2014-9990,05,Qualcomm closed-source,N/A,High,Closed-source component,A-62261216 *,
2018-04,CVE-2014-9987,05,Qualcomm closed-source,N/A,High,Closed-source component,A-62261293 *,
2018-04,CVE-2014-9989,05,Qualcomm closed-source,N/A,High,Closed-source component,A-62261380 *,
2018-04,CVE-2014-9991,05,Qualcomm closed-source,N/A,High,Closed-source component,A-62261409 *,
2018-04,CVE-2014-10039,05,Qualcomm closed-source,N/A,High,Closed-source component,A-62261608 *,
2018-04,CVE-2014-9985,05,Qualcomm closed-source,N/A,High,Closed-source component,A-62261609 *,
2018-04,CVE-2015-9204,05,Qualcomm closed-source,N/A,High,Closed-source component,A-37540929 *,
2018-04,CVE-2015-0574,05,Qualcomm closed-source,N/A,High,Closed-source component,A-37546304 *,
2018-04,CVE-2015-9205,05,Qualcomm closed-source,N/A,High,Closed-source component,A-37534696 *,
2018-04,CVE-2015-9221,05,Qualcomm closed-source,N/A,High,Closed-source component,A-37534796 *,
2018-04,CVE-2015-9212,05,Qualcomm closed-source,N/A,High,Closed-source component,A-37535795 *,
2018-04,CVE-2015-9210,05,Qualcomm closed-source,N/A,High,Closed-source component,A-62258538 *,
2018-04,CVE-2015-9211,05,Qualcomm closed-source,N/A,High,Closed-source component,A-62261217 *,
2018-04,CVE-2015-9207,05,Qualcomm closed-source,N/A,High,Closed-source component,A-62261410 *,
2018-04,CVE-2015-9202,05,Qualcomm closed-source,N/A,High,Closed-source component,A-37540473 *,
2018-04,CVE-2015-9213,05,Qualcomm closed-source,N/A,High,Closed-source component,A-37547700 *,
2018-04,CVE-2015-9209,05,Qualcomm closed-source,N/A,High,Closed-source component,A-38193247 *,
2018-04,CVE-2015-9203,05,Qualcomm closed-source,N/A,High,Closed-source component,A-62261218 *,
2018-04,CVE-2015-9206,05,Qualcomm closed-source,N/A,High,Closed-source component,A-62261294 *,
2018-04,CVE-2015-9215,05,Qualcomm closed-source,N/A,High,Closed-source component,A-62251854 *,
2018-04,CVE-2015-9216,05,Qualcomm closed-source,N/A,High,Closed-source component,A-62260780 *,
2018-04,CVE-2015-9169,05,Qualcomm closed-source,N/A,High,Closed-source component,A-37535098 *,
2018-04,CVE-2015-9173,05,Qualcomm closed-source,N/A,High,Closed-source component,A-37536244 *,
2018-04,CVE-2015-9179,05,Qualcomm closed-source,N/A,High,Closed-source component,A-37542567 *,
2018-04,CVE-2015-9177,05,Qualcomm closed-source,N/A,High,Closed-source component,A-37544075 *,
2018-04,CVE-2015-9187,05,Qualcomm closed-source,N/A,High,Closed-source component,A-37544109 *,
2018-04,CVE-2015-9162,05,Qualcomm closed-source,N/A,High,Closed-source component,A-37544110 *,
2018-04,CVE-2015-9172,05,Qualcomm closed-source,N/A,High,Closed-source component,A-37545607 *,
2018-04,CVE-2015-9181,05,Qualcomm closed-source,N/A,High,Closed-source component,A-37546754 *,
2018-04,CVE-2015-9219,05,Qualcomm closed-source,N/A,High,Closed-source component,A-37546859 *,
2018-04,CVE-2015-9183,05,Qualcomm closed-source,N/A,High,Closed-source component,A-37546860 *,
2018-04,CVE-2015-9182,05,Qualcomm closed-source,N/A,High,Closed-source component,A-37546904 *,
2018-04,CVE-2015-9185,05,Qualcomm closed-source,N/A,High,Closed-source component,A-37546952 *,
2018-04,CVE-2015-9184,05,Qualcomm closed-source,N/A,High,Closed-source component,A-37546953 *,
2018-04,CVE-2015-9170,05,Qualcomm closed-source,N/A,High,Closed-source component,A-37546954 *,
2018-04,CVE-2015-9175,05,Qualcomm closed-source,N/A,High,Closed-source component,A-37547404 *,
2018-04,CVE-2015-9171,05,Qualcomm closed-source,N/A,High,Closed-source component,A-37547405 *,
2018-04,CVE-2015-9192,05,Qualcomm closed-source,N/A,High,Closed-source component,A-37547750 *,
2018-04,CVE-2015-9208,05,Qualcomm closed-source,N/A,High,Closed-source component,A-62258540 *,
2018-04,CVE-2015-9224,05,Qualcomm closed-source,N/A,High,Closed-source component,A-62259949 *,
2018-04,CVE-2015-9201,05,Qualcomm closed-source,N/A,High,Closed-source component,A-62260711 *,
2018-04,CVE-2015-9200,05,Qualcomm closed-source,N/A,High,Closed-source component,A-62260779 *,
2018-04,CVE-2015-9198,05,Qualcomm closed-source,N/A,High,Closed-source component,A-62261219 *,
2018-04,CVE-2015-9196,05,Qualcomm closed-source,N/A,High,Closed-source component,A-62261339 *,
2018-04,CVE-2015-9199,05,Qualcomm closed-source,N/A,High,Closed-source component,A-62261411 *,
2018-04,CVE-2015-9174,05,Qualcomm closed-source,N/A,High,Closed-source component,A-62258090 *,
2018-04,CVE-2015-9178,05,Qualcomm closed-source,N/A,High,Closed-source component,A-62258541 *,
2018-04,CVE-2015-9180,05,Qualcomm closed-source,N/A,High,Closed-source component,A-62260712 *,
2018-04,CVE-2015-9176,05,Qualcomm closed-source,N/A,High,Closed-source component,A-62260713 *,
2018-04,CVE-2015-9189,05,Qualcomm closed-source,N/A,High,Closed-source component,A-62260820 *,
2018-04,CVE-2015-9188,05,Qualcomm closed-source,N/A,High,Closed-source component,A-62260821 *,
2018-04,CVE-2015-0576,05,Qualcomm closed-source,N/A,High,Closed-source component,A-37543715 *,
2018-04,CVE-2015-9156,05,Qualcomm closed-source,N/A,High,Closed-source component,A-62260743 *,
2018-04,CVE-2015-9195,05,Qualcomm closed-source,N/A,High,Closed-source component,A-62251855 *,
2018-04,CVE-2015-9197,05,Qualcomm closed-source,N/A,High,Closed-source component,A-62260742 *,
2018-04,CVE-2015-9218,05,Qualcomm closed-source,N/A,High,Closed-source component,A-62260781 *,
2018-04,CVE-2015-9217,05,Qualcomm closed-source,N/A,High,Closed-source component,A-62261295 *,
2018-04,CVE-2015-9166,05,Qualcomm closed-source,N/A,High,Closed-source component,A-62251856 *,
2018-04,CVE-2015-9164,05,Qualcomm closed-source,N/A,High,Closed-source component,A-62258542 *,
2018-04,CVE-2015-9190,05,Qualcomm closed-source,N/A,High,Closed-source component,A-62259744 *,
2018-04,CVE-2015-9159,05,Qualcomm closed-source,N/A,High,Closed-source component,A-62259745 *,
2018-04,CVE-2015-9167,05,Qualcomm closed-source,N/A,High,Closed-source component,A-62259950 *,
2018-04,CVE-2015-9191,05,Qualcomm closed-source,N/A,High,Closed-source component,A-62260394 *,
2018-04,CVE-2015-9161,05,Qualcomm closed-source,N/A,High,Closed-source component,A-62260462 *,
2018-04,CVE-2015-9163,05,Qualcomm closed-source,N/A,High,Closed-source component,A-62260822 *,
2018-04,CVE-2015-9158,05,Qualcomm closed-source,N/A,High,Closed-source component,A-62261381 *,
2018-04,CVE-2015-9152,05,Qualcomm closed-source,N/A,High,Closed-source component,A-37546305 *,
2018-04,CVE-2015-9144,05,Qualcomm closed-source,N/A,High,Closed-source component,A-37540474 *,
2018-04,CVE-2015-9165,05,Qualcomm closed-source,N/A,High,Closed-source component,A-37539224 *,
2018-04,CVE-2015-9223,05,Qualcomm closed-source,N/A,High,Closed-source component,A-37543718 *,
2018-04,CVE-2015-9222,05,Qualcomm closed-source,N/A,High,Closed-source component,A-62258374 *,
2018-04,CVE-2015-9193,05,Qualcomm closed-source,N/A,High,Closed-source component,A-62259951 *,
2018-04,CVE-2015-9194,05,Qualcomm closed-source,N/A,High,Closed-source component,A-62261296 *,
2018-04,CVE-2015-9153,05,Qualcomm closed-source,N/A,High,Closed-source component,A-62260395 *,
2018-04,CVE-2015-9151,05,Qualcomm closed-source,N/A,High,Closed-source component,A-62260396 *,
2018-04,CVE-2015-9148,05,Qualcomm closed-source,N/A,High,Closed-source component,A-62260463 *,
2018-04,CVE-2015-9149,05,Qualcomm closed-source,N/A,High,Closed-source component,A-62260744 *,
2018-04,CVE-2015-9146,05,Qualcomm closed-source,N/A,High,Closed-source component,A-62260745 *,
2018-04,CVE-2015-9186,05,Qualcomm closed-source,N/A,High,Closed-source component,A-62261340 *,
2018-04,CVE-2015-9150,05,Qualcomm closed-source,N/A,High,Closed-source component,A-62261341 *,
2018-04,CVE-2015-9147,05,Qualcomm closed-source,N/A,High,Closed-source component,A-62261488 *,
2018-04,CVE-2015-8593,05,Qualcomm closed-source,N/A,High,Closed-source component,A-37535091 *,
2018-04,CVE-2015-9160,05,Qualcomm closed-source,N/A,High,Closed-source component,A-37546254 *,
2018-04,CVE-2015-8594,05,Qualcomm closed-source,N/A,High,Closed-source component,A-37546855 *,
2018-04,CVE-2015-9145,05,Qualcomm closed-source,N/A,High,Closed-source component,A-37535099 *,
2018-04,CVE-2015-9143,05,Qualcomm closed-source,N/A,High,Closed-source component,A-62260900 *,
2018-04,CVE-2015-9157,05,Qualcomm closed-source,N/A,High,Closed-source component,A-62260934 *,
2018-04,CVE-2015-9141,05,Qualcomm closed-source,N/A,High,Closed-source component,A-62261297 *,
2018-04,CVE-2015-9140,05,Qualcomm closed-source,N/A,High,Closed-source component,A-62259746 *,
2018-04,CVE-2015-9135,05,Qualcomm closed-source,N/A,High,Closed-source component,A-37546950 *,
2018-04,CVE-2015-9138,05,Qualcomm closed-source,N/A,High,Closed-source component,A-62259952 *,
2018-04,CVE-2015-9136,05,Qualcomm closed-source,N/A,High,Closed-source component,A-62260823 *,
2018-04,CVE-2015-9137,05,Qualcomm closed-source,N/A,High,Closed-source component,A-62260975 *,
2018-04,CVE-2015-9131,05,Qualcomm closed-source,N/A,High,Closed-source component,A-37542272 *,
2018-04,CVE-2015-9139,05,Qualcomm closed-source,N/A,High,Closed-source component,A-62251857 *,
2018-04,CVE-2015-9130,05,Qualcomm closed-source,N/A,High,Closed-source component,A-62252820 *,
2018-04,CVE-2015-9129,05,Qualcomm closed-source,N/A,High,Closed-source component,A-62260397 *,
2018-04,CVE-2015-9133,05,Qualcomm closed-source,N/A,High,Closed-source component,A-62260464 *,
2018-04,CVE-2015-9127,05,Qualcomm closed-source,N/A,High,Closed-source component,A-62260824 *,
2018-04,CVE-2015-9132,05,Qualcomm closed-source,N/A,High,Closed-source component,A-62260976 *,
2018-04,CVE-2015-9134,05,Qualcomm closed-source,N/A,High,Closed-source component,A-62261382 *,
2018-04,CVE-2015-9128,05,Qualcomm closed-source,N/A,High,Closed-source component,A-62261610 *,
2018-04,CVE-2015-9065,05,Qualcomm closed-source,N/A,High,Closed-source component,A-37538494 *,
2018-04,CVE-2015-9064,05,Qualcomm closed-source,N/A,High,Closed-source component,A-37546801 *,
2018-04,CVE-2015-9063,05,Qualcomm closed-source,N/A,High,Closed-source component,A-37546802 *,
2018-04,CVE-2015-9126,05,Qualcomm closed-source,N/A,High,Closed-source component,A-62258375 *,
2018-04,CVE-2015-9124,05,Qualcomm closed-source,N/A,High,Closed-source component,A-62252821 *,
2018-04,CVE-2015-9142,05,Qualcomm closed-source,N/A,High,Closed-source component,A-62260901 *,
2018-04,CVE-2015-9066,05,Qualcomm closed-source,N/A,High,Closed-source component,A-37540467 *,
2018-04,CVE-2014-9998,05,Qualcomm closed-source,N/A,High,Closed-source component,A-62260398 *,
2018-04,CVE-2015-9220,05,Qualcomm closed-source,N/A,High,Closed-source component,A-62261299 *,
2018-04,CVE-2015-9122,05,Qualcomm closed-source,N/A,High,Closed-source component,A-62261611 *,
2018-04,CVE-2015-9123,05,Qualcomm closed-source,N/A,High,Closed-source component,A-62259953 *,
2018-04,CVE-2015-9118,05,Qualcomm closed-source,N/A,High,Closed-source component,A-62261220 *,
2018-04,CVE-2015-9120,05,Qualcomm closed-source,N/A,High,Closed-source component,A-62261298 *,
2018-04,CVE-2015-9119,05,Qualcomm closed-source,N/A,High,Closed-source component,A-62261489 *,
2018-04,CVE-2015-9116,05,Qualcomm closed-source,N/A,High,Closed-source component,A-37540934 *,
2018-04,CVE-2015-9115,05,Qualcomm closed-source,N/A,High,Closed-source component,A-37544076 *,
2018-04,CVE-2015-9113,05,Qualcomm closed-source,N/A,High,Closed-source component,A-37544077 *,
2018-04,CVE-2015-9112,05,Qualcomm closed-source,N/A,High,Closed-source component,A-62258091 *,
2018-04,CVE-2015-9114,05,Qualcomm closed-source,N/A,High,Closed-source component,A-62259954 *,
2018-04,CVE-2015-9111,05,Qualcomm closed-source,N/A,High,Closed-source component,A-62260465 *,
2018-04,CVE-2015-9108,05,Qualcomm closed-source,N/A,High,Closed-source component,A-62260714 *,
2018-04,CVE-2015-9109,05,Qualcomm closed-source,N/A,High,Closed-source component,A-62260977 *,
2018-04,CVE-2015-9110,05,Qualcomm closed-source,N/A,High,Closed-source component,A-62261383 *,
2018-04,CVE-2016-10492,05,Qualcomm closed-source,N/A,High,Closed-source component,A-62261300 *,
2018-04,CVE-2016-10482,05,Qualcomm closed-source,N/A,High,Closed-source component,A-62260978 *,
2018-04,CVE-2016-10483,05,Qualcomm closed-source,N/A,High,Closed-source component,A-62258092 *,
2018-04,CVE-2016-10489,05,Qualcomm closed-source,N/A,High,Closed-source component,A-62258093 *,
2018-04,CVE-2016-10487,05,Qualcomm closed-source,N/A,High,Closed-source component,A-62259955 *,
2018-04,CVE-2016-10477,05,Qualcomm closed-source,N/A,High,Closed-source component,A-62260399 *,
2018-04,CVE-2016-10485,05,Qualcomm closed-source,N/A,High,Closed-source component,A-62260902 *,
2018-04,CVE-2016-10478,05,Qualcomm closed-source,N/A,High,Closed-source component,A-62260979 *,
2018-04,CVE-2016-10476,05,Qualcomm closed-source,N/A,High,Closed-source component,A-62260980 *,
2018-04,CVE-2016-10475,05,Qualcomm closed-source,N/A,High,Closed-source component,A-62260981 *,
2018-04,CVE-2016-10474,05,Qualcomm closed-source,N/A,High,Closed-source component,A-62260982 *,
2018-04,CVE-2016-10494,05,Qualcomm closed-source,N/A,High,Closed-source component,A-62261102 *,
2018-04,CVE-2016-10484,05,Qualcomm closed-source,N/A,High,Closed-source component,A-62261342 *,
2018-04,CVE-2016-10491,05,Qualcomm closed-source,N/A,High,Closed-source component,A-62261490 *,
2018-04,CVE-2016-10486,05,Qualcomm closed-source,N/A,High,Closed-source component,A-62267788 *,
2018-04,CVE-2016-10472,05,Qualcomm closed-source,N/A,High,Closed-source component,A-62259956 *,
2018-04,CVE-2016-10490,05,Qualcomm closed-source,N/A,High,Closed-source component,A-62260468 *,
2018-04,CVE-2016-10480,05,Qualcomm closed-source,N/A,High,Closed-source component,A-62261301 *,
2018-04,CVE-2016-10467,05,Qualcomm closed-source,N/A,High,Closed-source component,A-37526814 *,
2018-04,CVE-2016-10495,05,Qualcomm closed-source,N/A,High,Closed-source component,A-62261103 *,
2018-04,CVE-2016-10481,05,Qualcomm closed-source,N/A,High,Closed-source component,A-62260401 *,
2018-04,CVE-2016-10479,05,Qualcomm closed-source,N/A,High,Closed-source component,A-62261412 *,
2018-04,CVE-2016-10384,05,Qualcomm closed-source,N/A,High,Closed-source component,A-37536238 *,
2018-04,CVE-2016-10385,05,Qualcomm closed-source,N/A,High,Closed-source component,A-37544067 *,
2018-04,CVE-2016-10452,05,Qualcomm closed-source,N/A,High,Closed-source component,A-37523164 *,
2018-04,CVE-2016-10423,05,Qualcomm closed-source,N/A,High,Closed-source component,A-37534896 *,
2018-04,CVE-2016-10424,05,Qualcomm closed-source,N/A,High,Closed-source component,A-37540034 *,
2018-04,CVE-2016-10449,05,Qualcomm closed-source,N/A,High,Closed-source component,A-37546861 *,
2018-04,CVE-2016-10454,05,Qualcomm closed-source,N/A,High,Closed-source component,A-37544078 *,
2018-04,CVE-2016-10450,05,Qualcomm closed-source,N/A,High,Closed-source component,A-62260825 *,
2018-04,CVE-2016-10451,05,Qualcomm closed-source,N/A,High,Closed-source component,A-62267789 *,
2018-04,CVE-2016-10386,05,Qualcomm closed-source,N/A,High,Closed-source component,A-37534646 *,
2018-04,CVE-2016-10469,05,Qualcomm closed-source,N/A,High,Closed-source component,A-37542273 *,
2018-04,CVE-2016-10440,05,Qualcomm closed-source,N/A,High,Closed-source component,A-37535092 *,
2018-04,CVE-2016-10499,05,Qualcomm closed-source,N/A,High,Closed-source component,A-62259957 *,
2018-04,CVE-2016-10446,05,Qualcomm closed-source,N/A,High,Closed-source component,A-37547406 *,
2018-04,CVE-2016-10473,05,Qualcomm closed-source,N/A,High,Closed-source component,A-62260746 *,
2018-04,CVE-2016-10466,05,Qualcomm closed-source,N/A,High,Closed-source component,A-62260783 *,
2018-04,CVE-2016-10457,05,Qualcomm closed-source,N/A,High,Closed-source component,A-62260826 *,
2018-04,CVE-2016-10442,05,Qualcomm closed-source,N/A,High,Closed-source component,A-62267790 *,
2018-04,CVE-2016-10433,05,Qualcomm closed-source,N/A,High,Closed-source component,A-37540468 *,
2018-04,CVE-2016-10430,05,Qualcomm closed-source,N/A,High,Closed-source component,A-37540930 *,
2018-04,CVE-2016-10445,05,Qualcomm closed-source,N/A,High,Closed-source component,A-37545608 *,
2018-04,CVE-2016-10426,05,Qualcomm closed-source,N/A,High,Closed-source component,A-62252822 *,
2018-04,CVE-2016-10435,05,Qualcomm closed-source,N/A,High,Closed-source component,A-62260402 *,
2018-04,CVE-2016-10425,05,Qualcomm closed-source,N/A,High,Closed-source component,A-62260983 *,
2018-04,CVE-2016-10438,05,Qualcomm closed-source,N/A,High,Closed-source component,A-62261302 *,
2018-04,CVE-2016-10436,05,Qualcomm closed-source,N/A,High,Closed-source component,A-62261494 *,
2018-04,CVE-2016-10439,05,Qualcomm closed-source,N/A,High,Closed-source component,A-62263656 *,
2018-04,CVE-2016-10431,05,Qualcomm closed-source,N/A,High,Closed-source component,A-37540931 *,
2018-04,CVE-2016-10434,05,Qualcomm closed-source,N/A,High,Closed-source component,A-37540932 *,
2018-04,CVE-2016-10432,05,Qualcomm closed-source,N/A,High,Closed-source component,A-37546902 *,
2018-04,CVE-2016-10462,05,Qualcomm closed-source,N/A,High,Closed-source component,A-37539225 *,
2018-04,CVE-2016-10443,05,Qualcomm closed-source,N/A,High,Closed-source component,A-37540475 *,
2018-04,CVE-2016-10427,05,Qualcomm closed-source,N/A,High,Closed-source component,A-62261495 *,
2018-04,CVE-2016-10387,05,Qualcomm closed-source,N/A,High,Closed-source component,A-32583751 *,
2018-04,CVE-2016-10390,05,Qualcomm closed-source,N/A,High,Closed-source component,A-37536239 *,
2018-04,CVE-2016-10498,05,Qualcomm closed-source,N/A,High,Closed-source component,A-32582870 *,
2018-04,CVE-2016-10419,05,Qualcomm closed-source,N/A,High,Closed-source component,A-32577129 *,
2018-04,CVE-2016-10420,05,Qualcomm closed-source,N/A,High,Closed-source component,A-32579916 *,
2018-04,CVE-2016-10429,05,Qualcomm closed-source,N/A,High,Closed-source component,A-32579411 *,
2018-04,CVE-2016-10493,05,Qualcomm closed-source,N/A,High,Closed-source component,A-32574787 *,
2018-04,CVE-2016-10447,05,Qualcomm closed-source,N/A,High,Closed-source component,A-37542968 *,
2018-04,CVE-2016-10444,05,Qualcomm closed-source,N/A,High,Closed-source component,A-37544163 *,
2018-04,CVE-2016-5348,05,Qualcomm closed-source,N/A,High,Closed-source component,A-37546905 *,
2018-04,CVE-2016-10421,05,Qualcomm closed-source,N/A,High,Closed-source component,A-32579095 *,
2018-04,CVE-2016-10455,05,Qualcomm closed-source,N/A,High,Closed-source component,A-32580964 *,
2018-04,CVE-2016-10441,05,Qualcomm closed-source,N/A,High,Closed-source component,A-32582927 *,
2018-04,CVE-2016-10418,05,Qualcomm closed-source,N/A,High,Closed-source component,A-37547407 *,
2018-04,CVE-2016-10417,05,Qualcomm closed-source,N/A,High,Closed-source component,A-32576287 *,
2018-04,CVE-2016-10464,05,Qualcomm closed-source,N/A,High,Closed-source component,A-32580243 *,
2018-04,CVE-2016-10458,05,Qualcomm closed-source,N/A,High,Closed-source component,A-32583424 *,
2018-04,CVE-2016-10471,05,Qualcomm closed-source,N/A,High,Closed-source component,A-37539226 *,
2018-04,CVE-2016-10416,05,Qualcomm closed-source,N/A,High,Closed-source component,A-62259747 *,
2018-04,CVE-2016-10411,05,Qualcomm closed-source,N/A,High,Closed-source component,A-62260404 *,
2018-04,CVE-2016-10496,05,Qualcomm closed-source,N/A,High,Closed-source component,A-62260469 *,
2018-04,CVE-2016-10410,05,Qualcomm closed-source,N/A,High,Closed-source component,A-62260936 *,
2018-04,CVE-2016-10414,05,Qualcomm closed-source,N/A,High,Closed-source component,A-62260937 *,
2018-04,CVE-2016-10461,05,Qualcomm closed-source,N/A,High,Closed-source component,A-62263657 *,
2018-04,CVE-2016-10460,05,Qualcomm closed-source,N/A,High,Closed-source component,A-62271227 *,
2018-04,CVE-2016-10392,05,Qualcomm closed-source,N/A,High,Closed-source component,A-37544068 *,
2018-04,CVE-2016-10409,05,Qualcomm closed-source,N/A,High,Closed-source component,A-37544164 *,
2018-04,CVE-2016-10459,05,Qualcomm closed-source,N/A,High,Closed-source component,A-62260716 *,
2018-04,CVE-2016-10407,05,Qualcomm closed-source,N/A,High,Closed-source component,A-62261222 *,
2018-04,CVE-2016-10406,05,Qualcomm closed-source,N/A,High,Closed-source component,A-62267791 *,
2018-04,CVE-2016-10497,05,Qualcomm closed-source,N/A,High,Closed-source component,A-62271228 *,
2018-04,CVE-2016-10501,05,Qualcomm closed-source,N/A,High,Closed-source component,A-62261303 *,
2018-04,CVE-2016-10381,05,Qualcomm closed-source,N/A,Moderate,Closed-source component,A-37539788 *,
2018-04,CVE-2016-10380,05,Qualcomm closed-source,N/A,Moderate,Closed-source component,A-37541976 *,
2018-04,CVE-2016-10412,05,Qualcomm closed-source,N/A,Moderate,Closed-source component,A-37536245 *,
2018-04,CVE-2016-10415,05,Qualcomm closed-source,N/A,Moderate,Closed-source component,A-62260403 *,
2018-04,CVE-2016-10422,05,Qualcomm closed-source,N/A,Moderate,Closed-source component,A-37542966 *,
2018-04,CVE-2016-10456,05,Qualcomm closed-source,N/A,Moderate,Closed-source component,A-62261413 *,
2018-04,CVE-2016-10428,05,Qualcomm closed-source,N/A,Moderate,Closed-source component,A-37534697 *,
2018-04,CVE-2016-10448,05,Qualcomm closed-source,N/A,Moderate,Closed-source component,A-62261414 *,
2018-04,CVE-2016-10437,05,Qualcomm closed-source,N/A,Moderate,Closed-source component,A-62260715 *,
2018-05,CVE-2017-13309,01,Android runtime,ID,High,,A-73251618,8.1
2018-05,CVE-2017-13310,01,Framework,EoP,High,,A-71992105,"6.0, 6.0.1, 7.0, 7.1.1, 7.1.2, 8.0, 8.1"
2018-05,CVE-2017-13311,01,Framework,EoP,High,,A-73252178,"7.0, 7.1.1, 7.1.2, 8.0, 8.1"
2018-05,CVE-2017-13312,01,Media Framework,EoP,High,,A-73085795 *,8.0
2018-05,CVE-2017-13313,01,Media Framework,DoS,High,,A-74114680,"6.0, 6.0.1, 7.0, 7.1.1, 7.1.2, 8.0, 8.1"
2018-05,CVE-2017-13314,01,System,EoP,High,,A-63000005,"7.0, 7.1.1, 7.1.2, 8.0, 8.1"
2018-05,CVE-2017-13315,01,System,EoP,High,,A-70721937,"6.0, 6.0.1, 7.0, 7.1.1, 7.1.2, 8.0, 8.1"
2018-05,CVE-2017-16643,05,Kernel,ID,High,USB driver,A-69916367 Upstream kernel,
2018-05,CVE-2017-6289,05,NVIDIA,EoP,Critical,TEE,A-72830049 *,
2018-05,CVE-2017-5715,05,NVIDIA,ID,High,TLK,A-71686116 *,
2018-05,CVE-2017-6293,05,NVIDIA,EoP,High,NVIDIA Tegra X1 TZ,A-69377364 *,
2018-05,CVE-2018-3565,05,Qualcomm,EoP,Critical,WLAN,A-72957234 QC-CR#2138555,
2018-05,CVE-2018-3580,05,Qualcomm,RCE,Critical,WLAN,A-72957507 QC-CR#2149187,
2018-05,CVE-2018-5841,05,Qualcomm,EoP,High,DCC,A-72957293 QC-CR#2073502,
2018-05,CVE-2018-5850,05,Qualcomm,EoP,High,WLAN,A-72957135 QC-CR#2141458,
2018-05,CVE-2018-5846,05,Qualcomm,EoP,High,Radio internet packet accelerator,A-71501683 QC-CR#2120063,
2018-05,CVE-2018-5845,05,Qualcomm,EoP,High,GPU,A-71501680 QC-CR#2119081,
2018-05,CVE-2018-5840,05,Qualcomm,EoP,High,GPU,A-71501678 QC-CR#2052024,
2018-05,CVE-2017-18154,05,Qualcomm,EoP,High,Libgralloc,A-62872238 * QC-CR#2109325,
2018-05,CVE-2018-3578,05,Qualcomm,EoP,High,WLAN,A-72956999 QC-CR#2145573,
2018-05,CVE-2017-13077,05,Qualcomm,EoP,High,WLAN,A-77481464 *,
2018-05,CVE-2018-3562,05,Qualcomm,DoS,High,WLAN,A-72957526 QC-CR#2147955 [ 2 ],
2018-06,CVE-2018-9338,01,Framework,EoP,High,,A-71361168,"6.0, 6.0.1, 7.0, 7.1.1, 7.1.2, 8.0, 8.1"
2018-06,CVE-2018-9339,01,Framework,EoP,High,,A-71508348,"8.0, 8.1"
2018-06,CVE-2017-13227,01,Framework,ID,High,,A-69981710,"8.0, 8.1"
2018-06,CVE-2018-9340,01,Framework,ID,High,,A-71360999,"6.0, 6.0.1, 7.0, 7.1.1, 7.1.2, 8.0, 8.1"
2018-06,CVE-2018-9341,01,Media Framework,RCE,Critical,,A-74016277,"6.0, 6.0.1, 7.0, 7.1.1, 7.1.2, 8.0, 8.1"
2018-06,CVE-2018-5146,01,Media Framework,RCE,Critical,,A-77284393 *,"6.0, 6.0.1, 7.0, 7.1.1, 7.1.2, 8.0, 8.1"
2018-06,CVE-2017-13230,01,Media Framework,RCE,Critical,,A-65483665,6.0
2018-06,CVE-2018-9344,01,Media Framework,EoP,High,,A-73172817,8.1
2018-06,CVE-2018-9345,01,Media Framework,ID,High,,A-77238250,"6.0, 6.0.1, 7.0, 7.1.1, 7.1.2, 8.0, 8.1"
2018-06,CVE-2018-9346,01,Media Framework,ID,High,,A-77238762,"6.0, 6.0.1, 7.0, 7.1.1, 7.1.2, 8.0, 8.1"
2018-06,CVE-2018-9347,01,Media Framework,DoS,High,,A-68664359,"6.0, 6.0.1, 7.0, 7.1.1, 7.1.2, 8.0, 8.1"
2018-06,CVE-2018-9348,01,Media Framework,DoS,High,,A-68953854,"6.0, 6.0.1, 7.0, 7.1.1, 7.1.2, 8.0, 8.1"
2018-06,CVE-2018-9355,01,System,RCE,Critical,,A-74016921,"6.0, 6.0.1, 7.0, 7.1.1, 7.1.2, 8.0, 8.1"
2018-06,CVE-2018-9356,01,System,RCE,Critical,,A-74950468,"6.0, 6.0.1, 7.0, 7.1.1, 7.1.2, 8.0, 8.1"
2018-06,CVE-2018-9357,01,System,RCE,Critical,,A-74947856,"6.0, 6.0.1, 7.0, 7.1.1, 7.1.2, 8.0, 8.1"
2018-06,CVE-2018-9358,01,System,ID,High,,A-73172115,"6.0, 6.0.1, 7.0, 7.1.1, 7.1.2, 8.0, 8.1"
2018-06,CVE-2018-9359,01,System,ID,High,,A-74196706,"6.0, 6.0.1, 7.0, 7.1.1, 7.1.2, 8.0, 8.1"
2018-06,CVE-2018-9360,01,System,ID,High,,A-74201143,"6.0, 6.0.1, 7.0, 7.1.1, 7.1.2, 8.0, 8.1"
2018-06,CVE-2018-9361,01,System,ID,High,,A-74202041,"6.0, 6.0.1, 7.0, 7.1.1, 7.1.2, 8.0, 8.1"
2018-06,CVE-2018-9362,01,System,DoS,High,,A-72298611,"6.0, 6.0.1, 7.0, 7.1.1, 7.1.2, 8.0, 8.1"
2018-06,CVE-2018-5383,05,Broadcom,ID,High,Bluetooth,A-73665456 * B-CS4906525,
2018-06,CVE-2018-9363,05,Kernel,EoP,High,Bluetooth,A-65853588 *,
2018-06,CVE-2017-17806,05,Kernel,EoP,High,crypto,A-71752561 Upstream kernel,
2018-06,CVE-2017-17807,05,Kernel,EoP,High,Keyring,A-71751178 Upstream kernel,
2018-06,CVE-2017-17558,05,Kernel,EoP,High,USB,A-71751622 Upstream kernel,
2018-06,CVE-2018-9364,05,LG components,EoP,Critical,Bootloader,A-69163111 *,
2018-06,CVE-2018-9409,05,Media Framework,EoP,High,,A-63144992 * QC-CR#2114346,8.1
2018-06,CVE-2018-9373,05,MediaTek,EoP,Critical,Mediatek WLAN TDLS,A-71867247 * M-ALPS03740330,
2018-06,CVE-2018-9366,05,MediaTek,EoP,High,IMSA,A-72314499 * M-ALPS03762526,
2018-06,CVE-2018-9367,05,MediaTek,EoP,High,Cameratool CCAP,A-72314219 * M-ALPS03762692,
2018-06,CVE-2018-9368,05,MediaTek,EoP,High,mtksocaudio,A-70727446 * M-ALPS03730693,
2018-06,CVE-2018-9369,05,MediaTek,EoP,High,bootloader,A-70514573 * M-ALPS03666161,
2018-06,CVE-2018-9370,05,MediaTek,EoP,High,bootloader,A-70515281 * M-ALPS03693488,
2018-06,CVE-2018-9371,05,MediaTek,EoP,High,Bootloader,A-70515752 * M-ALPS03683903,
2018-06,CVE-2018-9372,05,MediaTek,EoP,High,bootloader,A-70730215 * M-ALPS03676237,
2018-06,CVE-2017-6290,05,NVIDIA,EoP,High,TLK TrustZone,A-69559414 * N-200373895,
2018-06,CVE-2017-6294,05,NVIDIA,EoP,High,NVIDIA Tegra X1 TZ,A-69316825 * N-200369095,
2018-06,CVE-2017-6292,05,NVIDIA,EoP,High,TLZ TrustZone,A-69480285 * N-200373888,
2018-06,CVE-2017-18158,05,Qualcomm,EoP,Critical,Bootloader,A-68992400 QC-CR#2104056,
2018-06,CVE-2018-3569,05,Qualcomm,EoP,Critical,WLAN Host,A-74237215 QC-CR#2161920,
2018-06,CVE-2017-18155,05,Qualcomm,RCE,Critical,Hardware codec,A-66734153 * QC-CR#1050893,
2018-06,CVE-2018-5854,05,Qualcomm,EoP,Critical,Bootloader,A-71800779 QC-CR#2183877,
2018-06,CVE-2017-13077,05,Qualcomm,EoP,High,WLAN,A-63165064 *,
2018-06,CVE-2018-5896,05,Qualcomm,ID,High,Diag driver,A-70399602 * QC-CR#2163793,
2018-06,CVE-2018-5829,05,Qualcomm,ID,High,WLAN,A-74237546 QC-CR#2151241,
2018-06,CVE-2018-5383,05,Qualcomm,ID,High,Bluetooth,A-73665204 * QC-CR#2187697,
2018-06,CVE-2017-18159,05,Qualcomm,EoP,High,Bootloader,A-68992405 QC-CR#2105697 [ 2 ] [ 3 ] [ 4 ] [ 5 ] [ 6 ] [ 7 ] [ 8 ] [ 9 ],
2018-06,CVE-2017-18158,05,Qualcomm,EoP,High,Bootloader,A-67782849 * QC-CR#2104056,
2018-06,CVE-2018-5835,05,Qualcomm,EoP,High,WLAN Host,A-74237148 QC-CR#2153553,
2018-06,CVE-2018-5834,05,Qualcomm,EoP,High,WLAN,A-74237804 QC-CR#2153326,
2018-06,CVE-2018-5831,05,Qualcomm,EoP,High,GPU driver,A-74237606 QC-CR#2161310,
2018-06,CVE-2018-5830,05,Qualcomm,EoP,High,WLAN Host,A-74237532 QC-CR#2157917 [ 2 ],
2018-06,CVE-2017-18157,05,Qualcomm closed-source,N/A,High,Closed-source component,A-73539080 *,
2018-06,CVE-2017-18156,05,Qualcomm closed-source,N/A,High,Closed-source component,A-73539065 *,
2018-06,CVE-2018-5892,05,Qualcomm closed-source,N/A,High,Closed-source component,A-72951191 *,
2018-06,CVE-2018-5891,05,Qualcomm closed-source,N/A,High,Closed-source component,A-72950815 *,
2018-06,CVE-2018-5885,05,Qualcomm closed-source,N/A,High,Closed-source component,A-72950554 *,
2018-06,CVE-2018-5894,05,Qualcomm closed-source,N/A,High,Closed-source component,A-74236854 *,
2018-06,CVE-2018-5884,05,Qualcomm closed-source,N/A,High,Closed-source component,A-74235510 *,
2018-06,CVE-2018-5383,05,System,ID,High,,A-72377774,"6.0, 6.0.1, 7.0, 7.1.1, 7.1.2, 8.0, 8.1"
2018-07,CVE-2018-9433,01,Framework,RCE,Critical,,A-38196219 *,"6.0, 6.0.1, 7.0, 7.1.1, 7.1.2"
2018-07,CVE-2018-9410,01,Framework,ID,High,,A-77822336,"8.0, 8.1"
2018-07,CVE-2018-9411,01,Media Framework,RCE,Critical,,A-79376389,"8.0, 8.1"
2018-07,CVE-2018-9424,01,Media Framework,EoP,High,,A-76221123,"8.0, 8.1"
2018-07,CVE-2018-9428,01,Media Framework,EoP,High,,A-74122779,8.1
2018-07,CVE-2018-9412,01,Media Framework,DoS,High,,A-78029004,"6.0, 6.0.1, 7.0, 7.1.1, 7.1.2, 8.0, 8.1"
2018-07,CVE-2018-9421,01,Media Framework,ID,High,,A-77237570,"6.0, 6.0.1, 7.0, 7.1.1, 7.1.2, 8.0, 8.1"
2018-07,CVE-2018-9365,01,System,RCE,Critical,,A-74121126,"6.0, 6.0.1, 7.0, 7.1.1, 7.1.2, 8.0, 8.1"
2018-07,CVE-2018-9432,01,System,EoP,High,,A-73173182,"6.0, 6.0.1, 7.0, 7.1.1, 7.1.2, 8.0, 8.1"
2018-07,CVE-2018-9420,01,System,ID,High,,A-77238656,"6.0, 6.0.1, 7.0, 7.1.1, 7.1.2, 8.0, 8.1"
2018-07,CVE-2018-9419,01,System,ID,High,,A-74121659,"7.0, 7.1.1, 7.1.2, 8.0, 8.1"
2018-07,CVE-2018-5703,05,Kernel,EoP,High,IPV6 stack,A-73543437 Upstream kernel,
2018-07,CVE-2018-9422,05,Kernel,EoP,High,futex,A-74250718 Upstream kernel,
2018-07,CVE-2018-9417,05,Kernel,EoP,High,USB driver,A-74447444* Upstream kernel *,
2018-07,CVE-2018-6927,05,Kernel,EoP,High,futex,A-76106267 Upstream kernel,
2018-07,CVE-2018-5872,05,Qualcomm,RCE,Critical,WLAN,A-77528138 QC-CR#2183014,
2018-07,CVE-2017-13077,05,Qualcomm,ID,High,WLAN,A-78285557 QC-CR#2133114,
2018-07,CVE-2017-13078,05,Qualcomm,ID,High,WLAN,A-78285557 QC-CR#2133114,
2018-07,CVE-2018-5873,05,Qualcomm,EoP,High,nsfs,A-77528487 QC-CR#2166382,
2018-07,CVE-2018-5838,05,Qualcomm,EoP,High,OpenGL ES driver,A-63146462 * QC-CR#2151011,
2018-07,CVE-2018-3586,05,Qualcomm,RCE,High,ADSPRPC heap manager,A-63165135 * QC-CR#2139538 QC-CR#2073777,
2018-07,CVE-2017-18171,05,Qualcomm closed-source,N/A,Critical,Closed-source component,A-78240792 *,
2018-07,CVE-2017-18277,05,Qualcomm closed-source,N/A,High,Closed-source component,A-78240715 *,
2018-07,CVE-2017-18172,05,Qualcomm closed-source,N/A,High,Closed-source component,A-78240449 *,
2018-07,CVE-2017-18170,05,Qualcomm closed-source,N/A,High,Closed-source component,A-78240612 *,
2018-07,CVE-2017-15841,05,Qualcomm closed-source,N/A,High,Closed-source component,A-78240794 *,
2018-07,CVE-2017-18173,05,Qualcomm closed-source,N/A,High,Closed-source component,A-78240199 *,
2018-07,CVE-2017-18278,05,Qualcomm closed-source,N/A,High,Closed-source component,A-78240071 *,
2018-07,CVE-2016-2108,05,Qualcomm closed-source,N/A,Critical,Closed-source component,A-78240736 *,
2018-07,CVE-2017-18275,05,Qualcomm closed-source,N/A,High,Closed-source component,A-78242049 *,
2018-07,CVE-2017-18279,05,Qualcomm closed-source,N/A,High,Closed-source component,A-78241971 *,
2018-07,CVE-2017-18274,05,Qualcomm closed-source,N/A,High,Closed-source component,A-78241834 *,
2018-07,CVE-2017-18276,05,Qualcomm closed-source,N/A,High,Closed-source component,A-78241375 *,
2018-07,CVE-2017-18131,05,Qualcomm closed-source,N/A,High,Closed-source component,A-68989823 *,
2018-07,CVE-2018-11259,05,Qualcomm closed-source,N/A,Critical,Closed-source component,A-72951265 *,
2018-07,CVE-2018-11257,05,Qualcomm closed-source,N/A,Critical,Closed-source component,A-74235874 *,
2018-07,CVE-2018-5837,05,Qualcomm closed-source,N/A,High,Closed-source component,A-74236406 *,
2018-07,CVE-2018-5876,05,Qualcomm closed-source,N/A,Critical,Closed-source component,A-77485022 *,
2018-07,CVE-2018-5875,05,Qualcomm closed-source,N/A,Critical,Closed-source component,A-77485183 *,
2018-07,CVE-2018-5874,05,Qualcomm closed-source,N/A,Critical,Closed-source component,A-77485139 *,
2018-07,CVE-2018-5882,05,Qualcomm closed-source,N/A,High,Closed-source component,A-77483830 *,
2018-07,CVE-2018-5878,05,Qualcomm closed-source,N/A,High,Closed-source component,A-77484449 *,
2018-08,CVE-2018-9445,01,Framework,EoP,High,,A-80436257 [ 2 ],"6.0, 6.0.1, 7.0, 7.1.1, 7.1.2, 8.0, 8.1"
2018-08,CVE-2018-9438,01,Framework,DoS,High,,A-78644887 [ 2 ] [ 3 ] [ 4 ],8.1
2018-08,CVE-2018-9458,01,Framework,EoP,High,,A-71786287,"8.0, 8.1"
2018-08,CVE-2018-9451,01,Framework,ID,High,,A-79488511 [ 2 ],"6.0, 6.0.1, 7.0, 7.1.1, 7.1.2, 8.0, 8.1"
2018-08,CVE-2018-9427,01,Media Framework,RCE,Critical,,A-77486542 [ 2 ],"8.0, 8.1"
2018-08,CVE-2018-9444,01,Media Framework,DoS,High,,A-63521984 *,"6.0, 6.0.1, 7.0, 7.1.1, 7.1.2"
2018-08,CVE-2018-9437,01,Media Framework,DoS,High,,A-78656554,"6.0, 6.0.1"
2018-08,CVE-2018-9446,01,System,RCE,Critical,,A-80145946,"6.0, 6.0.1, 7.0, 7.1.1, 7.1.2, 8.0, 8.1"
2018-08,CVE-2018-9450,01,System,RCE,Critical,,A-79541338,"6.0, 6.0.1, 7.0, 7.1.1, 7.1.2, 8.0, 8.1"
2018-08,CVE-2018-9459,01,System,EoP,High,,A-66230183,"6.0, 6.0.1, 7.0, 7.1.1, 7.1.2, 8.0, 8.1"
2018-08,CVE-2018-9455,01,System,DoS,High,,A-78136677,"6.0, 6.0.1, 7.0, 7.1.1, 7.1.2, 8.0, 8.1"
2018-08,CVE-2018-9436,01,System,ID,High,,A-79164722,"6.0, 6.0.1, 7.0, 7.1.1, 7.1.2, 8.0, 8.1"
2018-08,CVE-2018-9454,01,System,ID,High,,A-78286118,"6.0, 6.0.1, 7.0, 7.1.1, 7.1.2, 8.0, 8.1"
2018-08,CVE-2018-9448,01,System,ID,High,,A-79944113 [ 2 ],"8.0, 8.1"
2018-08,CVE-2018-9453,01,System,ID,High,,A-78288378,"6.0, 6.0.1, 7.0, 7.1.1, 7.1.2, 8.0, 8.1"
2018-08,CVE-2017-18249,05,Kernel,EoP,High,F2FS,A-78283212 Upstream kernel,
2018-08,CVE-2018-9465,05,Kernel,EoP,High,binder,A-69164715 Upstream kernel,
2018-08,CVE-2018-5383,05,Qualcomm,ID,High,Bluetooth,A-79421580 * QC-CR#2209635,
2018-08,CVE-2017-13077,05,Qualcomm,ID,High,WLAN,A-78284758 QC-CR#2133033,
2018-08,CVE-2017-18281,05,Qualcomm,ID,High,Video,A-78242172 QC-CR#856388,
2018-08,CVE-2018-11260,05,Qualcomm,EoP,High,WLAN,A-72997254 QC-CR#2204872,
2018-08,CVE-2017-18296,05,Qualcomm closed-source,N/A,Critical,Closed-source component,A-78240731 *,
2018-08,CVE-2017-18305,05,Qualcomm closed-source,N/A,Critical,Closed-source component,A-78239838 *,
2018-08,CVE-2017-18310,05,Qualcomm closed-source,N/A,Critical,Closed-source component,A-62211308 *,
2018-08,CVE-2017-18295,05,Qualcomm closed-source,N/A,High,Closed-source component,A-78240386 *,
2018-08,CVE-2017-18283,05,Qualcomm closed-source,N/A,High,Closed-source component,A-78240411 *,
2018-08,CVE-2017-18294,05,Qualcomm closed-source,N/A,High,Closed-source component,A-78240247 *,
2018-08,CVE-2017-18293,05,Qualcomm closed-source,N/A,High,Closed-source component,A-78240316 *,
2018-08,CVE-2017-18292,05,Qualcomm closed-source,N/A,High,Closed-source component,A-78241027 *,
2018-08,CVE-2017-18298,05,Qualcomm closed-source,N/A,High,Closed-source component,A-78239976 *,
2018-08,CVE-2017-18299,05,Qualcomm closed-source,N/A,High,Closed-source component,A-78240418 *,
2018-08,CVE-2017-18304,05,Qualcomm closed-source,N/A,High,Closed-source component,A-78239975 *,
2018-08,CVE-2017-18303,05,Qualcomm closed-source,N/A,High,Closed-source component,A-78240396 *,
2018-08,CVE-2017-18301,05,Qualcomm closed-source,N/A,High,Closed-source component,A-78238455 *,
2018-08,CVE-2017-18302,05,Qualcomm closed-source,N/A,High,Closed-source component,A-78239233 *,
2018-08,CVE-2017-18300,05,Qualcomm closed-source,N/A,High,Closed-source component,A-78239508 *,
2018-08,CVE-2017-18297,05,Qualcomm closed-source,N/A,High,Closed-source component,A-78240275 *,
2018-08,CVE-2017-18280,05,Qualcomm closed-source,N/A,High,Closed-source component,A-78285512 *,
2018-08,CVE-2017-18282,05,Qualcomm closed-source,N/A,High,Closed-source component,A-78241591 *,
2018-08,CVE-2017-18309,05,Qualcomm closed-source,N/A,High,Closed-source component,A-73539064 *,
2018-08,CVE-2017-18308,05,Qualcomm closed-source,N/A,High,Closed-source component,A-73539310 *,
2018-08,CVE-2018-11305,05,Qualcomm closed-source,N/A,High,Closed-source component,A-72951032 *,
2018-08,CVE-2018-11258,05,Qualcomm closed-source,N/A,High,Closed-source component,A-72951054 *,
2018-09,CVE-2018-9466,01,Android Runtime,RCE,High,,A-62151041,"7.0, 7.1.1, 7.1.2, 8.0, 8.1"
2018-09,CVE-2018-9467,01,Android Runtime,EoP,High,,A-110955991,"7.0, 7.1.1, 7.1.2, 8.0, 8.1, 9"
2018-09,CVE-2018-9469,01,Framework,EoP,High,,A-109824443,"7.1.1, 7.1.2, 8.0, 8.1, 9"
2018-09,CVE-2018-9470,01,Framework,EoP,High,,A-78290481,"7.0, 7.1.1, 7.1.2, 8.0, 8.1, 9"
2018-09,CVE-2018-9471,01,Framework,EoP,High,,A-77599679,"7.0, 7.1.1, 7.1.2, 8.0, 8.1, 9"
2018-09,CVE-2018-9472,01,Library,RCE,High,,A-79662501,"7.0, 7.1.1, 7.1.2, 8.0, 8.1"
2018-09,CVE-2018-9474,01,Media Framework,EoP,High,,A-77600398,"7.0, 7.1.1, 7.1.2, 8.0, 8.1, 9"
2018-09,CVE-2018-9440,01,Media Framework,DoS,Moderate,,A-77823362 [ 2 ],"7.0, 7.1.1, 7.1.2, 8.0, 8.1, 9"
2018-09,CVE-2018-9475,01,System,EoP,Critical,,A-79266386,"7.0, 7.1.1, 7.1.2, 8.0, 8.1, 9"
2018-09,CVE-2018-9478,01,System,EoP,Critical,,A-79217522,"7.0, 7.1.1, 7.1.2, 8.0, 8.1, 9"
2018-09,CVE-2018-9479,01,System,EoP,Critical,,A-79217770,"7.0, 7.1.1, 7.1.2, 8.0, 8.1, 9"
2018-09,CVE-2018-9456,01,System,DoS,High,,A-78136869,"7.0, 7.1.1, 7.1.2, 8.0, 8.1"
2018-09,CVE-2018-9477,01,System,EoP,High,,A-92497653,"8.0, 8.1"
2018-09,CVE-2018-9480,01,System,ID,High,,A-109757168,"8.0, 8.1, 9"
2018-09,CVE-2018-9481,01,System,ID,High,,A-109757435,"8.0, 8.1, 9"
2018-09,CVE-2018-9482,01,System,ID,High,,A-109757986,"8.0, 8.1, 9"
2018-09,CVE-2018-9483,01,System,ID,High,,A-110216173,"7.0, 7.1.1, 7.1.2, 8.0, 8.1, 9"
2018-09,CVE-2018-9484,01,System,ID,High,,A-79488381,"7.0, 7.1.1, 7.1.2, 8.0, 8.1, 9"
2018-09,CVE-2018-9485,01,System,ID,High,,A-80261585,"7.0, 7.1.1, 7.1.2, 8.0, 8.1, 9"
2018-09,CVE-2018-9486,01,System,ID,High,,A-80493272,"7.0, 7.1.1, 7.1.2, 8.0, 8.1, 9"
2018-09,CVE-2018-9487,01,System,DoS,High,,A-69873852,"8.0, 8.1, 9"
2018-09,CVE-2018-9488,01,System,EoP,Moderate,,A-110107376,"8.0, 8.1, 9"
2018-09,CVE-2018-9468,05,Framework,ID,High,,A-111084083,"7.0, 7.1.1, 7.1.2, 8.0, 8.1, 9"
2018-09,CVE-2017-5754,05,Kernel,ID,High,Kernel Memory,A-69856074 * Upstream kernel,
2018-09,CVE-2018-11816,05,Qualcomm,N/A,High,Video,A-63527106 QC-CR#2119840 *,
2018-09,CVE-2018-11261,05,Qualcomm,N/A,High,Video,A-64340487 QC-CR#2119840 *,
2018-09,CVE-2018-11836,05,Qualcomm,N/A,High,WLAN HOST,A-111128620 QC-CR#2214158,
2018-09,CVE-2018-11842,05,Qualcomm,N/A,High,WLAN HOST,A-111124974 QC-CR#2216741,
2018-09,CVE-2018-11898,05,Qualcomm,N/A,High,WLAN HOST,A-111128799 QC-CR#2233036,
2018-09,CVE-2017-15825,05,Qualcomm,N/A,Moderate,Boot,A-68992460 QC-CR#2096455,
2018-09,CVE-2018-11270,05,Qualcomm,N/A,Moderate,WiredConnectivity,A-109741697 QC-CR#2205728,
2018-09,CVE-2016-10394,05,Qualcomm closed-source,N/A,Critical,Closed-source component,A-68326803 *,
2018-09,CVE-2017-18314,05,Qualcomm closed-source,N/A,Critical,Closed-source component,A-62213176 *,
2018-09,CVE-2017-18311,05,Qualcomm closed-source,N/A,Critical,Closed-source component,A-73539234 *,
2018-09,CVE-2018-11950,05,Qualcomm closed-source,N/A,Critical,Closed-source component,A-72950814 *,
2018-09,CVE-2018-5866,05,Qualcomm closed-source,N/A,Critical,Closed-source component,A-77484228 *,
2018-09,CVE-2018-11824,05,Qualcomm closed-source,N/A,Critical,Closed-source component,A-111090697 *,
2018-09,CVE-2016-10408,05,Qualcomm closed-source,N/A,High,Closed-source component,A-68326811 *,
2018-09,CVE-2017-18313,05,Qualcomm closed-source,N/A,High,Closed-source component,A-78240387 *,
2018-09,CVE-2017-18312,05,Qualcomm closed-source,N/A,High,Closed-source component,A-78239234 *,
2018-09,CVE-2017-18124,05,Qualcomm closed-source,N/A,High,Closed-source component,A-68326819 *,
2018-09,CVE-2018-3588,05,Qualcomm closed-source,N/A,High,Closed-source component,A-71501117 *,
2018-09,CVE-2018-11951,05,Qualcomm closed-source,N/A,High,Closed-source component,A-72950958 *,
2018-09,CVE-2018-11952,05,Qualcomm closed-source,N/A,High,Closed-source component,A-74236425 *,
2018-09,CVE-2018-5871,05,Qualcomm closed-source,N/A,High,Closed-source component,A-77484229 *,
2018-09,CVE-2018-5914,05,Qualcomm closed-source,N/A,High,Closed-source component,A-79419793 *,
2018-09,CVE-2018-11288,05,Qualcomm closed-source,N/A,High,Closed-source component,A-109677940 *,
2018-09,CVE-2018-11285,05,Qualcomm closed-source,N/A,High,Closed-source component,A-109677982 *,
2018-09,CVE-2018-11290,05,Qualcomm closed-source,N/A,High,Closed-source component,A-109677964 *,
2018-09,CVE-2018-11292,05,Qualcomm closed-source,N/A,High,Closed-source component,A-109678202 *,
2018-09,CVE-2018-11287,05,Qualcomm closed-source,N/A,High,Closed-source component,A-109678380 *,
2018-09,CVE-2018-11846,05,Qualcomm closed-source,N/A,High,Closed-source component,A-111091377 *,
2018-09,CVE-2018-11855,05,Qualcomm closed-source,N/A,High,Closed-source component,A-111090533 *,
2018-09,CVE-2018-11857,05,Qualcomm closed-source,N/A,High,Closed-source component,A-111093202 *,
2018-09,CVE-2018-11858,05,Qualcomm closed-source,N/A,High,Closed-source component,A-111090698 *,
2018-09,CVE-2018-11866,05,Qualcomm closed-source,N/A,High,Closed-source component,A-111093021 *,
2018-09,CVE-2018-11865,05,Qualcomm closed-source,N/A,High,Closed-source component,A-111093167 *,
2018-10,CVE-2018-9490,01,Framework,EoP,Critical,,A-111274046 [ 2 ],"7.0, 7.1.1, 7.1.2, 8.0, 8.1, 9"
2018-10,CVE-2018-9491,01,Framework,RCE,High,,A-111603051,"7.0, 7.1.1, 7.1.2, 8.0, 8.1, 9"
2018-10,CVE-2018-9492,01,Framework,EoP,High,,A-111934948,"8.0, 8.1, 9"
2018-10,CVE-2018-9493,01,Framework,ID,High,,A-111085900 [ 2 ] [ 3 ],"7.0, 7.1.1, 7.1.2, 8.0, 8.1, 9"
2018-10,CVE-2018-9452,01,Framework,DoS,Moderate,,A-78464361 [ 2 ],"7.0, 7.1.1, 7.1.2, 8.0, 8.1, 9"
2018-10,CVE-2018-9473,01,Media Framework,RCE,Critical,,A-65484460,8.0
2018-10,CVE-2018-9496,01,Media Framework,RCE,Critical,,A-110769924,9
2018-10,CVE-2018-9497,01,Media Framework,RCE,Critical,,A-74078669,"7.0, 7.1.1, 7.1.2, 8.0, 8.1, 9"
2018-10,CVE-2018-9498,01,Media Framework,RCE,Critical,,A-78354855,"7.0, 7.1.1, 7.1.2, 8.0, 8.1"
2018-10,CVE-2018-9499,01,Media Framework,ID,High,,A-79218474,"7.0, 7.1.1, 7.1.2, 8.0, 8.1, 9"
2018-10,CVE-2017-13283,01,System,RCE,Critical,,A-78526423,"7.0, 7.1.1, 7.1.2, 8.0, 8.1, 9"
2018-10,CVE-2018-9476,01,System,EoP,Critical,,A-109699112,"8.0, 8.1"
2018-10,CVE-2018-9504,01,System,RCE,Critical,,A-110216176,"7.0, 7.1.1, 7.1.2, 8.0, 8.1, 9"
2018-10,CVE-2018-9501,01,System,EoP,High,,A-110034419,"7.0, 7.1.1, 7.1.2, 8.0, 8.1, 9"
2018-10,CVE-2018-9502,01,System,ID,High,,A-111936792 [ 2 ] [ 3 ],"7.0, 7.1.1, 7.1.2, 8.0, 8.1, 9"
2018-10,CVE-2018-9503,01,System,ID,High,,A-80432928 [ 2 ] [ 3 ],"7.0, 7.1.1, 7.1.2, 8.0, 8.1, 9"
2018-10,CVE-2018-9505,01,System,ID,High,,A-110791536,"7.0, 7.1.1, 7.1.2, 8.0, 8.1, 9"
2018-10,CVE-2018-9506,01,System,ID,High,,A-111803925,"7.0, 7.1.1, 7.1.2, 8.0, 8.1, 9"
2018-10,CVE-2018-9507,01,System,ID,High,,A-111893951,"7.0, 7.1.1, 7.1.2, 8.0, 8.1, 9"
2018-10,CVE-2018-9508,01,System,ID,High,,A-111936834,"7.0, 7.1.1, 7.1.2, 8.0, 8.1"
2018-10,CVE-2018-9509,01,System,ID,High,,A-111937027,"7.0, 7.1.1, 7.1.2, 8.0, 8.1, 9"
2018-10,CVE-2018-9510,01,System,ID,High,,A-111937065,"7.0, 7.1.1, 7.1.2, 8.0, 8.1, 9"
2018-10,CVE-2018-9511,01,System,DoS,High,,A-111650288,9
2018-10,CVE-2018-9513,05,Kernel,EoP,High,Fork,A-111081202 *,
2018-10,CVE-2018-9514,05,Kernel,EoP,High,sdcardfs,A-111642636 *,
2018-10,CVE-2018-9515,05,Kernel,EoP,High,sdcardfs,A-111641492 *,
2018-11,CVE-2018-9522,01,Framework,EoP,High,,A-112550251,9
2018-11,CVE-2018-9524,01,Framework,EoP,High,,A-34170870,"7.0, 7.1.1, 7.1.2, 8.0, 8.1"
2018-11,CVE-2018-9525,01,Framework,EoP,High,,A-111330641,9
2018-11,CVE-2018-9527,01,Media Framework,RCE,Critical,,A-112159345,"7.0, 7.1.1, 7.1.2, 8.0, 8.1, 9"
2018-11,CVE-2018-9531,01,Media Framework,RCE,Critical,,A-112661641,9
2018-11,CVE-2018-9536,01,Media Framework,EoP,Critical,,A-112662184,9
2018-11,CVE-2018-9537,01,Media Framework,EoP,Critical,,A-112891564,9
2018-11,CVE-2018-9521,01,Media Framework,RCE,High,,A-111874331,9
2018-11,CVE-2018-9539,01,Media Framework,EoP,High,,A-113027383,"8.0, 8.1, 9"
2018-11,CVE-2018-9540,01,System,ID,High,,A-111450417,"7.0, 7.1.1, 7.1.2, 8.0, 8.1, 9"
2018-11,CVE-2018-9542,01,System,ID,High,,A-111896861,"7.0, 7.1.1, 7.1.2, 8.0, 8.1, 9"
2018-11,CVE-2018-9543,01,System,ID,High,,A-112868088,9
2018-11,CVE-2018-9544,01,System,ID,High,,A-113037220,9
2018-11,CVE-2018-9545,01,System,ID,High,,A-113111784,9
2018-11,CVE-2018-9541,01,System,ID,Moderate,,A-111450531,9
2018-11,CVE-2018-9523,05,Framework,EoP,High,,A-112859604,"7.0, 7.1.1, 7.1.2, 8.0, 8.1, 9"
2018-11,CVE-2017-15818,05,Qualcomm,N/A,High,EcoSystem,A-68992408 QC-CR#2078580,
2018-11,CVE-2018-11995,05,Qualcomm,N/A,High,Bootloader,A-71501677 QC-CR#2129639,
2018-11,CVE-2018-11905,05,Qualcomm,N/A,High,DSP_Services,A-112277889 QC-CR#2090797,
2018-11,CVE-2017-18317,05,Qualcomm closed-source,N/A,Critical,Closed-source component,A-78244877 *,
2018-11,CVE-2018-5912,05,Qualcomm closed-source,N/A,Critical,Closed-source component,A-79420111 *,
2018-11,CVE-2018-11264,05,Qualcomm closed-source,N/A,Critical,Closed-source component,A-109677962 *,
2018-11,CVE-2016-10502,05,Qualcomm closed-source,N/A,High,Closed-source component,A-68326808 *,
2018-11,CVE-2017-18316,05,Qualcomm closed-source,N/A,High,Closed-source component,A-78240714 *,
2018-11,CVE-2017-18318,05,Qualcomm closed-source,N/A,High,Closed-source component,A-78240675 *,
2018-11,CVE-2017-18315,05,Qualcomm closed-source,N/A,High,Closed-source component,A-78241957 *,
2018-11,CVE-2018-11994,05,Qualcomm closed-source,N/A,High,Closed-source component,A-72950294 *,
2018-11,CVE-2018-11996,05,Qualcomm closed-source,N/A,High,Closed-source component,A-74235967 *,
2018-11,CVE-2018-5870,05,Qualcomm closed-source,N/A,High,Closed-source component,A-77484722 *,
2018-11,CVE-2018-5877,05,Qualcomm closed-source,N/A,High,Closed-source component,A-77484786 *,
2018-11,CVE-2018-5916,05,Qualcomm closed-source,N/A,High,Closed-source component,A-79420492 *,
2018-11,CVE-2018-5917,05,Qualcomm closed-source,N/A,High,Closed-source component,A-79420096 *,
2018-11,CVE-2018-11269,05,Qualcomm closed-source,N/A,High,Closed-source component,A-109678529 *,
2018-12,CVE-2018-9547,01,Framework,EoP,High,,A-114223584,"8.1, 9"
2018-12,CVE-2018-9548,01,Framework,ID,High,,A-112555574,"7.0, 7.1.1, 7.1.2, 8.0, 8.1, 9"
2018-12,CVE-2018-9549,01,Media Framework,RCE,Critical,,A-112160868,"7.0, 7.1.1, 7.1.2, 8.0, 8.1, 9"
2018-12,CVE-2018-9550,01,Media Framework,RCE,Critical,,A-112660981,9
2018-12,CVE-2018-9551,01,Media Framework,RCE,Critical,,A-112891548,9
2018-12,CVE-2018-9552,01,Media Framework,ID,Critical,,A-113260892,"7.0, 7.1.1, 7.1.2, 8.0, 8.1, 9"
2018-12,CVE-2018-9553,01,Media Framework,RCE,High,,A-116615297,"7.0, 7.1.1, 7.1.2, 8.0, 8.1, 9"
2018-12,CVE-2018-9538,01,Media Framework,EoP,High,,A-112181526,"8.1, 9"
2018-12,CVE-2018-9554,01,Media Framework,ID,High,,A-114770654,"7.0, 7.1.1, 7.1.2, 8.0, 8.1"
2018-12,CVE-2018-9555,01,System,RCE,Critical,,A-112321180,"7.0, 7.1.1, 7.1.2, 8.0, 8.1, 9"
2018-12,CVE-2018-9556,01,System,RCE,Critical,,A-113118184,9
2018-12,CVE-2018-9557,01,System,EoP,High,,A-35385357 *,"7.0, 7.1.1, 7.1.2"
2018-12,CVE-2018-9558,01,System,EoP,High,,A-112161557,"7.0, 7.1.1, 7.1.2, 8.0, 8.1, 9"
2018-12,CVE-2018-9559,01,System,EoP,High,,A-112731440,"7.0, 7.1.1, 7.1.2, 8.0, 8.1, 9"
2018-12,CVE-2018-9560,01,System,EoP,High,,A-79946737,9
2018-12,CVE-2018-9562,01,System,ID,High,,A-113164621,9
2018-12,CVE-2018-9566,01,System,ID,High,,A-74249842,"7.0, 7.1.1, 7.1.2, 8.0, 8.1, 9"
2018-12,CVE-2018-9565,05,System,ID,High,OMA-DM,A-16680558 *,
2018-12,CVE-2018-9567,05,HTC components,EoP,High,Bootloader,A-65543936 *,
2018-12,CVE-2018-10840,05,Kernel,EoP,High,ext4 filesystem,A-116406508 Upstream kernel,
2018-12,CVE-2018-9568,05,Kernel,EoP,High,network,A-113509306 Upstream kernel,
2018-12,CVE-2018-11960,05,Qualcomm,N/A,High,HWEngines,A-114042002 QC-CR#2264832,
2018-12,CVE-2018-11961,05,Qualcomm,N/A,High,GPS_AP_LINUX,A-114040881 QC-CR#2261813,
2018-12,CVE-2018-11963,05,Qualcomm,N/A,High,Automotive Multimedia,A-114041685 QC-CR#2220770,
2018-12,CVE-2017-8248,05,Qualcomm closed-source,N/A,Critical,Closed-source component,A-78135902 *,
2018-12,CVE-2017-11004,05,Qualcomm closed-source,N/A,Critical,Closed-source component,A-66913713 *,
2018-12,CVE-2017-18141,05,Qualcomm closed-source,N/A,Critical,Closed-source component,A-67712316 *,
2018-12,CVE-2018-5913,05,Qualcomm closed-source,N/A,Critical,Closed-source component,A-79419833 *,
2018-12,CVE-2018-11279,05,Qualcomm closed-source,N/A,Critical,Closed-source component,A-109678200 *,
2018-12,CVE-2017-18319,05,Qualcomm closed-source,N/A,High,Closed-source component,A-78284753 *,
2018-12,CVE-2017-18321,05,Qualcomm closed-source,N/A,High,Closed-source component,A-78283451 *,
2018-12,CVE-2017-18322,05,Qualcomm closed-source,N/A,High,Closed-source component,A-78285196 *,
2018-12,CVE-2017-18323,05,Qualcomm closed-source,N/A,High,Closed-source component,A-78284194 *,
2018-12,CVE-2017-18324,05,Qualcomm closed-source,N/A,High,Closed-source component,A-78284517 *,
2018-12,CVE-2017-18327,05,Qualcomm closed-source,N/A,High,Closed-source component,A-78240177 *,
2018-12,CVE-2017-18331,05,Qualcomm closed-source,N/A,High,Closed-source component,A-78239686 *,
2018-12,CVE-2017-18332,05,Qualcomm closed-source,N/A,High,Closed-source component,A-78284545 *,
2018-12,CVE-2017-18160,05,Qualcomm closed-source,N/A,High,Closed-source component,A-109660689 *,
2018-12,CVE-2017-18326,05,Qualcomm closed-source,N/A,High,Closed-source component,A-78240324 *,
2018-12,CVE-2017-8276,05,Qualcomm closed-source,N/A,High,Closed-source component,A-68141338 *,
2018-12,CVE-2017-18328,05,Qualcomm closed-source,N/A,High,Closed-source component,A-78286046 *,
2018-12,CVE-2017-18329,05,Qualcomm closed-source,N/A,High,Closed-source component,A-73539037 *,
2018-12,CVE-2017-18330,05,Qualcomm closed-source,N/A,High,Closed-source component,A-73539235 *,
2018-12,CVE-2018-3595,05,Qualcomm closed-source,N/A,High,Closed-source component,A-71501115 *,
2018-12,CVE-2017-18320,05,Qualcomm closed-source,N/A,High,Closed-source component,A-33757308 *,
2018-12,CVE-2018-11999,05,Qualcomm closed-source,N/A,High,Closed-source component,A-74236942 *,
2018-12,CVE-2018-5867,05,Qualcomm closed-source,N/A,High,Closed-source component,A-77485184 *,
2018-12,CVE-2018-5868,05,Qualcomm closed-source,N/A,High,Closed-source component,A-77484529 *,
2018-12,CVE-2018-5869,05,Qualcomm closed-source,N/A,High,Closed-source component,A-33385206 *,
2018-12,CVE-2017-5754,05,Qualcomm closed-source,N/A,High,Closed-source component,A-79419639 *,
2018-12,CVE-2018-5915,05,Qualcomm closed-source,N/A,High,Closed-source component,A-79420511 *,
2018-12,CVE-2018-11267,05,Qualcomm closed-source,N/A,High,Closed-source component,A-109678338 *,
2018-12,CVE-2018-11922,05,Qualcomm closed-source,N/A,High,Closed-source component,A-112279564 *,
2019-01,CVE-2018-9582,01,Framework,EoP,High,,A-112031362,"8.0, 8.1, 9"
2019-01,CVE-2018-9583,01,System,RCE,Critical,,A-112860487,"7.0, 7.1.1, 7.1.2, 8.0, 8.1, 9"
2019-01,CVE-2018-9584,01,System,EoP,High,,A-114047681,"7.0, 7.1.1, 7.1.2, 8.0, 8.1, 9"
2019-01,CVE-2018-9585,01,System,EoP,High,,A-117554809,"7.0, 7.1.1, 7.1.2, 8.0, 8.1, 9"
2019-01,CVE-2018-9586,01,System,EoP,High,,A-116754444,"7.0, 7.1.1, 7.1.2, 8.0, 8.1, 9"
2019-01,CVE-2018-9587,01,System,EoP,High,,A-113597344,"7.0, 7.1.1, 7.1.2, 8.0, 8.1, 9"
2019-01,CVE-2018-9588,01,System,ID,High,,A-111450156,"7.0, 7.1.1, 7.1.2, 8.0, 8.1, 9"
2019-01,CVE-2018-9589,01,System,ID,High,,A-111893132,"7.0, 7.1.1, 7.1.2, 8.0, 8.1, 9"
2019-01,CVE-2018-9590,01,System,ID,High,,A-115900043,"7.0, 7.1.1, 7.1.2, 8.0, 8.1, 9"
2019-01,CVE-2018-9591,01,System,ID,High,,A-116108738,"7.0, 7.1.1, 7.1.2, 8.0, 8.1, 9"
2019-01,CVE-2018-9592,01,System,ID,High,,A-116319076,"7.0, 7.1.1, 7.1.2, 8.0, 8.1, 9"
2019-01,CVE-2018-9593,01,System,ID,High,,A-116722267,"7.0, 7.1.1, 7.1.2, 8.0, 8.1, 9"
2019-01,CVE-2018-9594,01,System,ID,High,,A-116791157,"7.0, 7.1.1, 7.1.2, 8.0, 8.1, 9"
2019-01,CVE-2018-10876,05,Kernel,EoP,High,ext4 filesystem,A-116406122 Upstream kernel,
2019-01,CVE-2018-10880,05,Kernel,EoP,High,ext4 filesystem,A-116406509 Upstream kernel,
2019-01,CVE-2018-10882,05,Kernel,EoP,High,ext4 filesystem,A-116406626 Upstream kernel,
2019-01,CVE-2018-13405,05,Kernel,EoP,High,Filesystem,A-113452403 Upstream kernel,
2019-01,CVE-2018-18281,05,Kernel,EoP,High,TLB,A-118836219 Upstream kernel,
2019-01,CVE-2018-17182,05,Kernel,EoP,High,Memory Manager,A-117280327 Upstream kernel,
2019-01,CVE-2018-10877,05,Kernel,ID,High,ext4 filesystem,A-116406625 Upstream kernel,
2019-01,CVE-2018-6241,05,NVIDIA,EoP,High,Dragon BSP,A-62540032 *,
2019-01,CVE-2018-11962,05,Qualcomm,N/A,High,Audio,A-117118292 QC-CR#2267916,
2019-01,CVE-2018-12014,05,Qualcomm,N/A,High,Data HLOS - LNX,A-117118062 QC-CR#2278688,
2019-01,CVE-2018-13889,05,Qualcomm,N/A,High,GPS,A-117118677 QC-CR#2288358,
2019-01,CVE-2018-11847,05,Qualcomm closed-source,N/A,Critical,Closed-source component,A-111092812 *,
2019-01,CVE-2018-11888,05,Qualcomm closed-source,N/A,High,Closed-source component,A-111093241 *,
2019-01,CVE-2018-13888,05,Qualcomm closed-source,N/A,High,Closed-source component,A-117119136 *,
2019-02,CVE-2019-1986,01,Framework,RCE,Critical,,A-117838472 [ 2 ],9
2019-02,CVE-2019-1987,01,Framework,RCE,Critical,,A-118143775 [ 2 ],"7.0, 7.1.1, 7.1.2, 8.0, 8.1, 9"
2019-02,CVE-2019-1988,01,Framework,RCE,Critical,,A-118372692,"8.0, 8.1, 9"
2019-02,CVE-2017-17760,01,Library,RCE,High,,A-78029030 *,"7.0, 7.1.1, 7.1.2, 8.0, 8.1, 9"
2019-02,CVE-2018-5268,01,Library,RCE,High,,A-78029634 *,"7.0, 7.1.1, 7.1.2, 8.0, 8.1, 9"
2019-02,CVE-2018-5269,01,Library,RCE,High,,A-78029727 *,"7.0, 7.1.1, 7.1.2, 8.0, 8.1, 9"
2019-02,CVE-2017-18009,01,Library,ID,Moderate,,A-78026242 *,"7.0, 7.1.1, 7.1.2, 8.0, 8.1, 9"
2019-02,CVE-2019-1991,01,System,RCE,Critical,,A-110166268,"7.0, 7.1.1, 7.1.2, 8.0, 8.1, 9"
2019-02,CVE-2019-1992,01,System,RCE,Critical,,A-116222069,"7.0, 7.1.1, 7.1.2, 8.0, 8.1, 9"
2019-02,CVE-2019-1993,01,System,EoP,High,,A-119819889,"8.0, 8.1, 9"
2019-02,CVE-2019-1994,01,System,EoP,High,,A-117770924,"8.0, 8.1, 9"
2019-02,CVE-2019-1995,01,System,ID,High,,A-32589229 [ 2 ],"7.0, 7.1.1, 7.1.2, 8.0, 8.1, 9"
2019-02,CVE-2019-1996,01,System,ID,High,,A-111451066,"8.0, 8.1, 9"
2019-02,CVE-2019-1997,01,System,ID,High,,A-117508900,"7.0, 7.1.1, 7.1.2, 8.0, 8.1, 9"
2019-02,CVE-2019-1998,01,System,DoS,High,,A-116055338 [ 2 ],9
2019-02,CVE-2018-10879,05,Kernel,EoP,High,ext4 filesystem,A-116406063 Upstream kernel,
2019-02,CVE-2019-1999,05,Kernel,EoP,High,Binder driver,A-120025196 *,
2019-02,CVE-2019-2000,05,Kernel,EoP,High,Binder driver,A-120025789 *,
2019-02,CVE-2019-2001,05,Kernel,ID,High,iomem,A-117422211 *,
2019-02,CVE-2018-6271,05,NVIDIA,RCE,Critical,libnvomx,A-80198474 *,
2019-02,CVE-2018-6267,05,NVIDIA,EoP,High,libnvomx,A-70857947 *,
2019-02,CVE-2018-6268,05,NVIDIA,EoP,High,libnvomx,A-80433161 *,
2019-02,CVE-2016-6684,05,NVIDIA,ID,High,kernel log,A-117423758 *,
2019-02,CVE-2018-11262,05,Qualcomm,N/A,Critical,bootloader,A-76424945 QC-CR#2221192,
2019-02,CVE-2018-11280,05,Qualcomm,N/A,High,Modem,A-109741776 QC-CR#2185061,
2019-02,CVE-2018-11275,05,Qualcomm,N/A,High,Bootloader,A-74409078 QC-CR#2221256 [ 2 ],
2019-02,CVE-2018-13900,05,Qualcomm,N/A,High,Modem,A-119052051 QC-CR#2287499,
2019-02,CVE-2018-13905,05,Qualcomm,N/A,High,Graphics,A-119052050 QC-CR#2225202,
2019-02,CVE-2018-11289,05,Qualcomm closed-source,N/A,Critical,Closed-source component,A-109678453 *,
2019-02,CVE-2018-11820,05,Qualcomm closed-source,N/A,Critical,Closed-source component,A-111089815 *,
2019-02,CVE-2018-11938,05,Qualcomm closed-source,N/A,Critical,Closed-source component,A-112279482 *,
2019-02,CVE-2018-11945,05,Qualcomm closed-source,N/A,Critical,Closed-source component,A-112278875 *,
2019-02,CVE-2018-11268,05,Qualcomm closed-source,N/A,High,Closed-source component,A-109678259 *,
2019-02,CVE-2018-11845,05,Qualcomm closed-source,N/A,High,Closed-source component,A-111088838 *,
2019-02,CVE-2018-11864,05,Qualcomm closed-source,N/A,High,Closed-source component,A-111092944 *,
2019-02,CVE-2018-11921,05,Qualcomm closed-source,N/A,High,Closed-source component,A-112278972 *,
2019-02,CVE-2018-11931,05,Qualcomm closed-source,N/A,High,Closed-source component,A-112279521 *,
2019-02,CVE-2018-11932,05,Qualcomm closed-source,N/A,High,Closed-source component,A-112279426 *,
2019-02,CVE-2018-11935,05,Qualcomm closed-source,N/A,High,Closed-source component,A-112279483 *,
2019-02,CVE-2018-11948,05,Qualcomm closed-source,N/A,High,Closed-source component,A-112279144 *,
2019-02,CVE-2018-5839,05,Qualcomm closed-source,N/A,High,Closed-source component,A-112279544 *,
2019-02,CVE-2018-13904,05,Qualcomm closed-source,N/A,High,Closed-source component,A-119050566 *,
2019-03,CVE-2018-20346,01,Framework,EoP,High,,A-121156452,"7.0, 7.1.1, 7.1.2, 8.0, 8.1, 9"
2019-03,CVE-2019-1985,01,Framework,EoP,High,,A-118694079*,"7.0, 7.1.1, 7.1.2, 8.0"
2019-03,CVE-2019-2003,01,Framework,EoP,High,,A-116321860,"7.0, 7.1.1, 7.1.2, 8.0, 8.1, 9"
2019-03,CVE-2019-2004,01,Framework,ID,High,,A-115739809,"7.0, 7.1.1, 7.1.2, 8.0, 8.1, 9"
2019-03,CVE-2019-2005,01,Framework,EoP,Moderate,,A-68777217,"8.0, 8.1, 9"
2019-03,CVE-2019-1989,01,Media Framework,RCE,Critical,,A-118399205,"7.0, 7.1.1, 7.1.2, 8.0, 8.1, 9"
2019-03,CVE-2019-1990,01,Media Framework,RCE,Critical,,A-118453553,"7.0, 7.1.1, 7.1.2, 8.0, 8.1, 9"
2019-03,CVE-2019-2006,01,Media Framework,EoP,High,,A-116665972,9
2019-03,CVE-2019-2007,01,Media Framework,EoP,High,,A-120789744 [ 2 ],"8.1, 9"
2019-03,CVE-2019-2008,01,Media Framework,EoP,High,,A-122309228,"8.0, 8.1, 9"
2019-03,CVE-2019-2009,01,System,RCE,Critical,,A-120665616,"7.0, 7.1.1, 7.1.2, 8.0, 8.1, 9"
2019-03,CVE-2019-2010,01,System,EoP,High,,A-118152591,"7.0, 7.1.1, 7.1.2, 8.0, 8.1, 9"
2019-03,CVE-2019-2011,01,System,EoP,High,,A-120084106 [ 2 ],"8.0, 8.1, 9"
2019-03,CVE-2019-2012,01,System,EoP,High,,A-120497437,"7.0, 7.1.1, 7.1.2, 8.0, 8.1, 9"
2019-03,CVE-2019-2013,01,System,EoP,High,,A-120497583,"7.0, 7.1.1, 7.1.2, 8.0, 8.1, 9"
2019-03,CVE-2019-2014,01,System,EoP,High,,A-120499324,"7.0, 7.1.1, 7.1.2, 8.0, 8.1, 9"
2019-03,CVE-2019-2015,01,System,EoP,High,,A-120503926,"7.0, 7.1.1, 7.1.2, 8.0, 8.1, 9"
2019-03,CVE-2019-2016,01,System,EoP,High,,A-120664978,"7.0, 7.1.1, 7.1.2, 8.0, 8.1, 9"
2019-03,CVE-2019-2017,01,System,EoP,High,,A-121035711,"7.0, 7.1.1, 7.1.2, 8.0, 8.1, 9"
2019-03,CVE-2019-2018,01,System,EoP,High,,A-110172241 [ 2 ],"8.1, 9"
2019-03,CVE-2018-9561,01,System,ID,High,,A-111660010 [ 2 ],"7.0, 7.1.1, 7.1.2, 8.0, 8.1, 9"
2019-03,CVE-2018-9563,01,System,ID,High,,A-114237888 [ 2 ],"7.0, 7.1.1, 7.1.2, 8.0, 8.1, 9"
2019-03,CVE-2018-9564,01,System,ID,High,,A-114238578 [ 2 ],"7.0, 7.1.1, 7.1.2, 8.0, 8.1, 9"
2019-03,CVE-2019-2019,01,System,ID,High,,A-115635871,"7.0, 7.1.1, 7.1.2, 8.0, 8.1, 9"
2019-03,CVE-2019-2020,01,System,ID,High,,A-116788646,"7.0, 7.1.1, 7.1.2, 8.0, 8.1, 9"
2019-03,CVE-2019-2021,01,System,ID,High,,A-120428041,"7.0, 7.1.1, 7.1.2, 8.0, 8.1, 9"
2019-03,CVE-2019-2022,01,System,ID,High,,A-120506143,"7.0, 7.1.1, 7.1.2, 8.0, 8.1, 9"
2019-03,CVE-2019-2023,05,System,EoP,High,,A-121035042 [ 2 ] [ 3 ] [ 4 ] [ 5 ] [ 6 ] [ 7 ],"8.0, 8.1, 9"
2019-03,CVE-2018-10883,05,Kernel,EoP,High,ext4 filesystem,A-117311198 Upstream kernel [ 2 ],
2019-03,CVE-2019-2024,05,Kernel,EoP,High,em28xx driver,A-111761954 Upstream kernel,
2019-03,CVE-2019-2025,05,Kernel,EoP,High,Binder driver,A-116855682 Upstream kernel,
2019-03,CVE-2017-8252,05,Qualcomm,N/A,Critical,EcoSystem,A-112277630 QC-CR#2106159,
2019-03,CVE-2017-8252,05,Qualcomm,N/A,Critical,EcoSystem,A-114041175 QC-CR#2128529,
2019-03,CVE-2018-11817,05,Qualcomm,N/A,Critical,DSP_Services,A-114041192 QC-CR#2241830,
2019-03,CVE-2018-11817,05,Qualcomm,N/A,Critical,DSP_Services,A-114041747 QC-CR#2166542,
2019-03,CVE-2018-13899,05,Qualcomm,N/A,High,Video,A-119053086 QC-CR#2295915 [ 2 ],
2019-03,CVE-2018-13917,05,Qualcomm,N/A,High,WIN NSS Host,A-120487091 QC-CR#2251019,
2019-03,CVE-2017-8252,05,Qualcomm closed-source,N/A,Critical,Closed-source Component,A-79419898 *,
2019-03,CVE-2017-8252,05,Qualcomm closed-source,N/A,Critical,Closed-source Component,A-79420414 *,
2019-03,CVE-2017-8252,05,Qualcomm closed-source,N/A,Critical,Closed-source Component,A-112279542 *,
2019-03,CVE-2018-11958,05,Qualcomm closed-source,N/A,Critical,Closed-source Component,A-114042786 *,
2019-03,CVE-2018-11966,05,Qualcomm closed-source,N/A,High,Closed-source Component,A-114042484 *,
2019-03,CVE-2018-11970,05,Qualcomm closed-source,N/A,High,Closed-source Component,A-114042111 *,
2019-03,CVE-2018-11971,05,Qualcomm closed-source,N/A,High,Closed-source Component,A-114042829 *,
2019-03,CVE-2018-13918,05,Qualcomm closed-source,N/A,High,Closed-source Component,A-120486115 *,
2019-04,CVE-2019-2026,01,Framework,EoP,High,,A-120866126 *,8.0
2019-04,CVE-2019-2027,01,Media Framework,RCE,Critical,,A-119120561,"7.0, 7.1.1, 7.1.2, 8.0, 8.1, 9"
2019-04,CVE-2019-2028,01,Media Framework,RCE,Critical,,A-120644655,"7.0, 7.1.1, 7.1.2, 8.0, 8.1, 9"
2019-04,CVE-2019-2030,01,System,EoP,High,,A-119496789,9
2019-04,CVE-2019-2031,01,System,EoP,High,,A-120502559,"7.0, 7.1.1, 7.1.2, 8.0, 8.1, 9"
2019-04,CVE-2019-2033,01,System,EoP,High,,A-121327565 [ 2 ],9
2019-04,CVE-2019-2034,01,System,EoP,High,,A-122035770,"7.0, 7.1.1, 7.1.2, 8.0, 8.1, 9"
2019-04,CVE-2019-2035,01,System,EoP,High,,A-122320256,"7.0, 7.1.1, 7.1.2, 8.0, 8.1, 9"
2019-04,CVE-2019-2038,01,System,ID,High,,A-121259048,"7.0, 7.1.1, 7.1.2, 8.0, 8.1, 9"
2019-04,CVE-2019-2039,01,System,ID,High,,A-121260197,"7.0, 7.1.1, 7.1.2, 8.0, 8.1, 9"
2019-04,CVE-2019-2040,01,System,ID,High,,A-122316913,9
2019-04,CVE-2019-2029,05,System,RCE,Critical,,A-120612744,"7.0, 7.1.1, 7.1.2, 8.0, 8.1, 9"
2019-04,CVE-2019-2032,05,System,EoP,High,,A-121145627,"8.0, 8.1, 9"
2019-04,CVE-2019-2041,05,System,EoP,High,,A-122034690 [ 2 ] [ 3 ],"8.1, 9"
2019-04,CVE-2019-2037,05,System,ID,High,,A-119870451,"7.0, 7.1.1, 7.1.2, 8.0, 8.1, 9"
2019-04,CVE-2018-11940,05,Qualcomm,N/A,Critical,WLAN HOST,A-79377832 QC-CR#2254946,
2019-04,CVE-2017-17772,05,Qualcomm,N/A,High,WLAN HOST,A-72957385 QC-CR#2153003 [ 2 ],
2019-04,CVE-2018-11294,05,Qualcomm,N/A,High,WLAN HOST,A-109741680 QC-CR#2197481,
2019-04,CVE-2018-5855,05,Qualcomm,N/A,High,WLAN HOST,A-77527719 QC-CR#2193421,
2019-04,CVE-2018-11299,05,Qualcomm,N/A,High,WLAN HOST,A-109741946 QC-CR#2186953,
2019-04,CVE-2018-11826,05,Qualcomm,N/A,High,WLAN HOST,A-111127853 QC-CR#2205957,
2019-04,CVE-2018-11827,05,Qualcomm,N/A,High,WLAN HOST,A-111128575 QC-CR#2206569,
2019-04,CVE-2018-11840,05,Qualcomm,N/A,High,WLAN HOST,A-111126050 QC-CR#2215443,
2019-04,CVE-2018-11851,05,Qualcomm,N/A,High,WLAN HOST,A-111125792 QC-CR#2221902,
2019-04,CVE-2018-11860,05,Qualcomm,N/A,High,WLAN HOST,A-111128301 QC-CR#2225113,
2019-04,CVE-2018-11868,05,Qualcomm,N/A,High,WLAN HOST,A-111128420 QC-CR#2227248,
2019-04,CVE-2018-11869,05,Qualcomm,N/A,High,WLAN HOST,A-111128838 QC-CR#2227263,
2019-04,CVE-2018-11878,05,Qualcomm,N/A,High,WLAN HOST,A-111128797 QC-CR#2228608,
2019-04,CVE-2018-11889,05,Qualcomm,N/A,High,WLAN HOST,A-111128421 QC-CR#2230998,
2019-04,CVE-2018-11891,05,Qualcomm,N/A,High,WLAN HOST,A-111128578 QC-CR#2231767,
2019-04,CVE-2018-11894,05,Qualcomm,N/A,High,WLAN HOST,A-111127989 QC-CR#2232358,
2019-04,CVE-2018-11895,05,Qualcomm,N/A,High,WLAN HOST,A-111128877 QC-CR#2232542,
2019-04,CVE-2018-11897,05,Qualcomm,N/A,High,WLAN HOST,A-111128841 QC-CR#2233033,
2019-04,CVE-2018-11902,05,Qualcomm,N/A,High,WLAN HOST,A-111126532 QC-CR#2225604,
2019-04,CVE-2018-11904,05,Qualcomm,N/A,High,WLAN HOST,A-111125111 QC-CR#2215446,
2019-04,CVE-2018-11905,05,Qualcomm,N/A,High,WLAN HOST,A-112277221 QC-CR#2146878,
2019-04,CVE-2018-11923,05,Qualcomm,N/A,High,WLAN HOST,A-112276863 QC-CR#2224443,
2019-04,CVE-2018-11924,05,Qualcomm,N/A,High,WLAN HOST,A-112278150 QC-CR#2224451,
2019-04,CVE-2018-11925,05,Qualcomm,N/A,High,WLAN HOST,A-112277910 QC-CR#2226375 [ 2 ],
2019-04,CVE-2018-11927,05,Qualcomm,N/A,High,WLAN HOST,A-112277186 QC-CR#2227076,
2019-04,CVE-2018-11930,05,Qualcomm,N/A,High,WLAN HOST,A-112278861 QC-CR#2231770,
2019-04,CVE-2018-11937,05,Qualcomm,N/A,High,WLAN HOST,A-112277891 QC-CR#2245944,
2019-04,CVE-2018-11949,05,Qualcomm,N/A,High,WLAN HOST,A-112278405 QC-CR#2249815,
2019-04,CVE-2018-11953,05,Qualcomm,N/A,High,WLAN HOST,A-112277852 QC-CR#2235576,
2019-04,CVE-2018-13920,05,Qualcomm,N/A,High,Kernel,A-120487136 * QC-CR#2293841,
2019-04,CVE-2018-11271,05,Qualcomm closed-source,N/A,Critical,Closed-source component,A-120487384 *,
2019-04,CVE-2018-11976,05,Qualcomm closed-source,N/A,Critical,Closed-source component,A-117119000 *,
2019-04,CVE-2018-12004,05,Qualcomm closed-source,N/A,Critical,Closed-source component,A-117118976 *,
2019-04,CVE-2018-13886,05,Qualcomm closed-source,N/A,Critical,Closed-source component,A-117118295 *,
2019-04,CVE-2018-13887,05,Qualcomm closed-source,N/A,Critical,Closed-source component,A-117119172 *,
2019-04,CVE-2019-2250,05,Qualcomm closed-source,N/A,Critical,Closed-source component,A-122473270 *,
2019-04,CVE-2018-11291,05,Qualcomm closed-source,N/A,High,Closed-source component,A-109678120 *,
2019-04,CVE-2018-11821,05,Qualcomm closed-source,N/A,High,Closed-source component,A-111093019 *,
2019-04,CVE-2018-11822,05,Qualcomm closed-source,N/A,High,Closed-source component,A-111092813 *,
2019-04,CVE-2018-11828,05,Qualcomm closed-source,N/A,High,Closed-source component,A-111089816 *,
2019-04,CVE-2018-11849,05,Qualcomm closed-source,N/A,High,Closed-source component,A-111092945 *,
2019-04,CVE-2018-11850,05,Qualcomm closed-source,N/A,High,Closed-source component,A-111092919 *,
2019-04,CVE-2018-11853,05,Qualcomm closed-source,N/A,High,Closed-source component,A-111091938 *,
2019-04,CVE-2018-11854,05,Qualcomm closed-source,N/A,High,Closed-source component,A-111093762 *,
2019-04,CVE-2018-11856,05,Qualcomm closed-source,N/A,High,Closed-source component,A-111093242 *,
2019-04,CVE-2018-11859,05,Qualcomm closed-source,N/A,High,Closed-source component,A-111090373 *,
2019-04,CVE-2018-11861,05,Qualcomm closed-source,N/A,High,Closed-source component,A-111092814 *,
2019-04,CVE-2018-11862,05,Qualcomm closed-source,N/A,High,Closed-source component,A-111093763 *,
2019-04,CVE-2018-11867,05,Qualcomm closed-source,N/A,High,Closed-source component,A-111093243 *,
2019-04,CVE-2018-11870,05,Qualcomm closed-source,N/A,High,Closed-source component,A-111089817 *,
2019-04,CVE-2018-11871,05,Qualcomm closed-source,N/A,High,Closed-source component,A-111092400 *,
2019-04,CVE-2018-11872,05,Qualcomm closed-source,N/A,High,Closed-source component,A-111090534 *,
2019-04,CVE-2018-11873,05,Qualcomm closed-source,N/A,High,Closed-source component,A-111091378 *,
2019-04,CVE-2018-11874,05,Qualcomm closed-source,N/A,High,Closed-source component,A-111092946 *,
2019-04,CVE-2018-11875,05,Qualcomm closed-source,N/A,High,Closed-source component,A-111093022 *,
2019-04,CVE-2018-11876,05,Qualcomm closed-source,N/A,High,Closed-source component,A-111093244 *,
2019-04,CVE-2018-11877,05,Qualcomm closed-source,N/A,High,Closed-source component,A-111092888 *,
2019-04,CVE-2018-11879,05,Qualcomm closed-source,N/A,High,Closed-source component,A-111093280 *,
2019-04,CVE-2018-11880,05,Qualcomm closed-source,N/A,High,Closed-source component,A-111092401 *,
2019-04,CVE-2018-11882,05,Qualcomm closed-source,N/A,High,Closed-source component,A-111093259 *,
2019-04,CVE-2018-11884,05,Qualcomm closed-source,N/A,High,Closed-source component,A-111090535 *,
2019-04,CVE-2018-11928,05,Qualcomm closed-source,N/A,High,Closed-source component,A-112279580 *,
2019-04,CVE-2018-11936,05,Qualcomm closed-source,N/A,High,Closed-source component,A-112279127 *,
2019-04,CVE-2018-11967,05,Qualcomm closed-source,N/A,High,Closed-source component,A-119049704 *,
2019-04,CVE-2018-11967,05,Qualcomm closed-source,N/A,High,Closed-source component,A-119052960 *,
2019-04,CVE-2018-11968,05,Qualcomm closed-source,N/A,High,Closed-source component,A-114042276 *,
2019-04,CVE-2018-12005,05,Qualcomm closed-source,N/A,High,Closed-source component,A-117118499 *,
2019-04,CVE-2018-12012,05,Qualcomm closed-source,N/A,High,Closed-source component,A-117119174 *,
2019-04,CVE-2018-12013,05,Qualcomm closed-source,N/A,High,Closed-source component,A-117119152 *,
2019-04,CVE-2018-13885,05,Qualcomm closed-source,N/A,High,Closed-source component,A-117118789 *,
2019-04,CVE-2018-13895,05,Qualcomm closed-source,N/A,High,Closed-source component,A-122472377 *,
2019-04,CVE-2018-13925,05,Qualcomm closed-source,N/A,High,Closed-source component,A-120483842 *,
2019-04,CVE-2019-2244,05,Qualcomm closed-source,N/A,High,Closed-source component,A-122472139 *,
2019-04,CVE-2019-2245,05,Qualcomm closed-source,N/A,High,Closed-source component,A-122473145 *,
2019-05,CVE-2019-2043,01,Framework,EoP,Moderate,,A-120484087,"7.0, 7.1.1, 7.1.2, 8.0, 8.1, 9"
2019-05,CVE-2019-2044,01,Media Framework,RCE,Critical,,A-123701862,"7.0, 7.1.1, 7.1.2, 8.0, 8.1, 9"
2019-05,CVE-2019-2045,01,System,RCE,Critical,,A-117554758,"7.0, 7.1.1, 7.1.2, 8.1, 9"
2019-05,CVE-2019-2046,01,System,RCE,Critical,,A-117556220,"7.0, 7.1.1, 7.1.2, 8.0, 8.1, 9"
2019-05,CVE-2019-2047,01,System,RCE,Critical,,A-117607414,"7.0, 7.1.1, 7.1.2, 8.0, 8.1, 9"
2019-05,CVE-2019-2049,01,System,EoP,High,,A-120445479,9
2019-05,CVE-2019-2050,01,System,EoP,High,,A-121327323,"8.0, 8.1, 9"
2019-05,CVE-2019-2051,01,System,ID,High,,A-117555811,"7.0, 7.1.1, 7.1.2, 8.0, 8.1, 9"
2019-05,CVE-2019-2052,01,System,ID,High,,A-117556606,"7.0, 7.1.1, 7.1.2, 8.1, 9"
2019-05,CVE-2019-2053,01,System,ID,High,,A-122074159,"7.0, 7.1.1, 7.1.2, 8.0, 8.1, 9"
2019-05,CVE-2019-2054,05,Kernel,EoP,Moderate,seccomp,A-119769499 *,
2019-05,CVE-2018-6243,05,NVIDIA,EoP,High,Pixel C TrustZone,A-72315075 *,
2019-05,CVE-2018-19860,05,Broadcom,RCE,High,Bluetooth firmware,A-122249979 *,
2019-05,CVE-2018-11955,05,Qualcomm,N/A,High,WLAN driver,A-78528839 QC-CR#2249768,
2019-05,CVE-2018-13919,05,Qualcomm,N/A,High,Data HLOS - LNX,A-120486022 QC-CR#2289598,
2019-05,CVE-2018-11819,05,Qualcomm,N/A,Moderate,WLAN driver,A-112277301 QC-CR#2176354,
2019-05,CVE-2018-5912,05,Qualcomm closed-source,N/A,Critical,Closed-source component,A-114074547 *,
2019-05,CVE-2018-13898,05,Qualcomm closed-source,N/A,Critical,Closed-source component,A-119050181 *,
2019-05,CVE-2019-2255,05,Qualcomm closed-source,N/A,Critical,Closed-source component,A-122474428 *,
2019-05,CVE-2019-2256,05,Qualcomm closed-source,N/A,Critical,Closed-source component,A-114067283 *,
2019-05,CVE-2018-13901,05,Qualcomm closed-source,N/A,High,Closed-source component,A-119049466 *,
2019-05,CVE-2018-13902,05,Qualcomm closed-source,N/A,High,Closed-source component,A-119050073 *,
2019-05,CVE-2018-13906,05,Qualcomm closed-source,N/A,High,Closed-source component,A-119049388 *,
2019-05,CVE-2018-13907,05,Qualcomm closed-source,N/A,High,Closed-source component,A-119050001 *,
2019-05,CVE-2018-13908,05,Qualcomm closed-source,N/A,High,Closed-source component,A-119049623 *,
2019-05,CVE-2018-13909,05,Qualcomm closed-source,N/A,High,Closed-source component,A-119051002 *,
2019-05,CVE-2018-13910,05,Qualcomm closed-source,N/A,High,Closed-source component,A-119050182 *,
2019-05,CVE-2018-13911,05,Qualcomm closed-source,N/A,High,Closed-source component,A-119052037 *,
2019-05,CVE-2018-5913,05,Qualcomm closed-source,N/A,High,Closed-source component,A-122472140 *,
2019-05,CVE-2019-2257,05,Qualcomm closed-source,N/A,High,Closed-source component,A-112303441 *,
2019-05,CVE-2019-2259,05,Qualcomm closed-source,N/A,High,Closed-source component,A-123997497 *,
2019-06,CVE-2019-2090,01,Framework,EoP,High,,A-128599183,"7.0, 7.1.1, 7.1.2, 8.0, 8.1, 9"
2019-06,CVE-2019-2091,01,Framework,EoP,High,,A-128599660,"7.0, 7.1.1, 7.1.2, 8.0, 8.1"
2019-06,CVE-2019-2092,01,Framework,EoP,High,,A-128599668,"7.0, 7.1.1, 7.1.2, 8.0, 8.1, 9"
2019-06,CVE-2019-2093,01,Media Framework,RCE,Critical,,A-119292397,9
2019-06,CVE-2019-2094,01,Media Framework,RCE,Critical,,A-129068792,"7.0, 7.1.1, 7.1.2, 8.0, 8.1, 9"
2019-06,CVE-2019-2095,01,Media Framework,RCE,Critical,,A-124232283,9
2019-06,CVE-2019-2096,01,Media Framework,EoP,High,,A-123237974 [ 2 ],"7.0, 7.1.1, 7.1.2, 8.0, 8.1, 9"
2019-06,CVE-2019-2097,01,System,RCE,Critical,,A-117606285,"7.0, 7.1.1, 7.1.2, 8.0, 8.1, 9"
2019-06,CVE-2019-2102,01,System,EoP,High,,A-128843052,"7.0, 7.1.1, 7.1.2, 8.0, 8.1, 9"
2019-06,CVE-2019-2098,01,System,EoP,High,,A-128599467,"7.0, 7.1.1, 7.1.2, 8.0, 8.1, 9"
2019-06,CVE-2019-2099,01,System,EoP,High,,A-123583388,"7.0, 7.1.1, 7.1.2, 8.0, 8.1, 9"
2019-06,CVE-2018-9526,05,Framework,ID,High,,A-112159033 [ 2 ] [ 3 ] [ 4 ],"7.0, 7.1.1, 7.1.2, 8.0, 8.1, 9"
2019-06,CVE-2019-2101,05,Kernel,ID,High,UVC driver,A-111760968 *,
2019-06,CVE-2019-2269,05,Qualcomm,N/A,Critical,WLAN HOST,A-123700924 QC-CR#2264429,
2019-06,CVE-2019-2287,05,Qualcomm,N/A,Critical,Video,A-114399807 QC-CR#2368791 [ 2 ],
2019-06,CVE-2019-2260,05,Qualcomm,N/A,High,Kernel,A-123999895 QC-CR#2294824,
2019-06,CVE-2019-2292,05,Qualcomm,N/A,High,WLAN HOST,A-127513046 QC-CR#2327688 QC-CR#2333042,
2019-06,CVE-2018-13924,05,Qualcomm closed-source,N/A,Critical,Closed-source component,A-120486477 *,
2019-06,CVE-2018-13927,05,Qualcomm closed-source,N/A,Critical,Closed-source component,A-120485121 *,
2019-06,CVE-2018-13896,05,Qualcomm closed-source,N/A,High,Closed-source component,A-120487163 *,
2019-06,CVE-2019-2243,05,Qualcomm closed-source,N/A,High,Closed-source component,A-122473494 *,
2019-06,CVE-2019-2261,05,Qualcomm closed-source,N/A,High,Closed-source component,A-123998003 *,
2019-07,CVE-2019-2104,01,Framework,ID,High,,A-131356202 [ 2 ] [ 3 ] [ 4 ] [ 5 ] [ 6 ] [ 7 ],"8.0, 8.1, 9"
2019-07,CVE-2019-2105,01,Library,RCE,High,,A-116114182,"7.0, 7.1.1, 7.1.2, 8.0, 8.1, 9"
2019-07,CVE-2019-2106,01,Media Framework,RCE,Critical,,A-130023983,"7.0, 7.1.1, 7.1.2, 8.0, 8.1, 9"
2019-07,CVE-2019-2107,01,Media Framework,RCE,Critical,,A-130024844,"7.0, 7.1.1, 7.1.2, 8.0, 8.1, 9"
2019-07,CVE-2019-2109,01,Media Framework,RCE,Critical,,A-130651570 *,"7.0, 7.1.1, 7.1.2, 8.0, 8.1"
2019-07,CVE-2019-2111,01,System,RCE,Critical,,A-122856181 [ 2 ],9
2019-07,CVE-2019-2112,01,System,EoP,High,,A-117997080,"8.0, 8.1, 9"
2019-07,CVE-2019-2113,01,System,EoP,High,,A-122597079 *,9
2019-07,CVE-2019-2116,01,System,ID,High,,A-117105007,"7.0, 7.1.1, 7.1.2, 8.0, 8.1, 9"
2019-07,CVE-2019-2117,01,System,ID,High,,A-124107808,"7.0, 7.1.1, 7.1.2, 8.0, 8.1, 9"
2019-07,CVE-2019-2118,01,System,ID,High,,A-130161842,"8.0, 8.1, 9"
2019-07,CVE-2019-2119,01,System,ID,High,,A-131622568,"8.0, 8.1, 9"
2019-07,CVE-2019-2308,05,Qualcomm,N/A,Critical,DSP_Services,A-129852114 QC-CR#2338800,
2019-07,CVE-2019-2330,05,Qualcomm,N/A,Critical,Kernel,A-129850940 QC-CR#2379952,
2019-07,CVE-2019-2276,05,Qualcomm,N/A,High,WLAN HOST,A-130890737 QC-CR#2335974,
2019-07,CVE-2019-2305,05,Qualcomm,N/A,High,WLAN Driver,A-78530292 QC-CR#2253984,
2019-07,CVE-2019-2278,05,Qualcomm,N/A,High,HLOS,A-130567114 QC-CR#2345293,
2019-07,CVE-2019-2307,05,Qualcomm,N/A,High,WLAN HOST,A-129850941 QC-CR#2337425,
2019-07,CVE-2019-2326,05,Qualcomm,N/A,High,Audio,A-129850483 QC-CR#2372306 [ 2 ],
2019-07,CVE-2019-2328,05,Qualcomm,N/A,High,Audio,A-129851238 QC-CR#2375115 [ 2 ],
2019-07,CVE-2019-2254,05,Qualcomm closed-source,N/A,Critical,Closed-source component,A-122473972 *,
2019-07,CVE-2019-2322,05,Qualcomm closed-source,N/A,Critical,Closed-source component,A-129766496 *,
2019-07,CVE-2019-2327,05,Qualcomm closed-source,N/A,Critical,Closed-source component,A-129766125 *,
2019-07,CVE-2019-2235,05,Qualcomm closed-source,N/A,High,Closed-source component,A-122473271 *,
2019-07,CVE-2019-2236,05,Qualcomm closed-source,N/A,High,Closed-source component,A-122474808 *,
2019-07,CVE-2019-2237,05,Qualcomm closed-source,N/A,High,Closed-source component,A-122472479 *,
2019-07,CVE-2019-2238,05,Qualcomm closed-source,N/A,High,Closed-source component,A-122473168 *,
2019-07,CVE-2019-2239,05,Qualcomm closed-source,N/A,High,Closed-source component,A-122473304 *,
2019-07,CVE-2019-2240,05,Qualcomm closed-source,N/A,High,Closed-source component,A-122473496 *,
2019-07,CVE-2019-2241,05,Qualcomm closed-source,N/A,High,Closed-source component,A-122473989 *,
2019-07,CVE-2019-2253,05,Qualcomm closed-source,N/A,High,Closed-source component,A-129766432 *,
2019-07,CVE-2019-2334,05,Qualcomm closed-source,N/A,High,Closed-source component,A-129766099 *,
2019-07,CVE-2019-2346,05,Qualcomm closed-source,N/A,High,Closed-source component,A-129766299 *,
2019-08,CVE-2019-2120,01,Android runtime,EoP,High,,A-130821293,"7.0, 7.1.1, 7.1.2, 8.0, 8.1, 9"
2019-08,CVE-2019-2121,01,Framework,EoP,High,,A-131105245,9
2019-08,CVE-2019-2122,01,Framework,EoP,High,,A-127605586 [ 2 ] [ 3 ],"7.0, 7.1.1, 7.1.2, 8.0, 8.1, 9"
2019-08,CVE-2019-2125,01,Framework,EoP,Moderate,,A-132275252,"7.0, 7.1.1, 7.1.2, 8.0, 8.1, 9"
2019-08,CVE-2019-2126,01,Media Framework,RCE,High,,A-127702368 [ 2 ],"7.0, 7.1.1, 7.1.2, 8.0, 8.1, 9"
2019-08,CVE-2019-2128,01,Media Framework,EoP,High,,A-132647222,"7.0, 7.1.1, 7.1.2, 8.0, 8.1, 9"
2019-08,CVE-2019-2129,01,Media Framework,ID,High,,A-124781927,"7.0, 7.1.1, 7.1.2, 8.0, 8.1, 9"
2019-08,CVE-2019-2130,01,System,RCE,Critical,,A-132073833,"7.0, 7.1.1, 7.1.2, 8.0, 8.1, 9"
2019-08,CVE-2019-2131,01,System,EoP,High,,A-119115683,"7.0, 7.1.1, 7.1.2, 8.0, 8.1, 9"
2019-08,CVE-2019-2132,01,System,EoP,High,,A-130568701,"7.0, 7.1.1, 7.1.2, 8.0, 8.1, 9"
2019-08,CVE-2019-2133,01,System,EoP,High,,A-132082342,"7.0, 7.1.1, 7.1.2, 8.0, 8.1, 9"
2019-08,CVE-2019-2134,01,System,EoP,High,,A-132083376,"7.0, 7.1.1, 7.1.2, 8.0, 8.1, 9"
2019-08,CVE-2019-2135,01,System,ID,High,,A-125900276,"7.0, 7.1.1, 7.1.2, 8.0, 8.1, 9"
2019-08,CVE-2019-2136,01,System,ID,High,,A-132650049 [ 2 ] [ 3 ] [ 4 ],"7.0, 7.1.1, 7.1.2, 8.0, 8.1, 9"
2019-08,CVE-2019-2137,01,System,DoS,High,,A-132438333 [ 2 ],9
2019-08,CVE-2019-2127,05,Media Framework,EoP,High,,A-124899895,"7.0, 7.1.1, 7.1.2, 8.0, 8.1, 9"
2019-08,CVE-2019-9506,05,System,ID,High,,A-124301137 [ 2 ],"7.0, 7.1.1, 7.1.2, 8.0, 8.1, 9"
2019-08,CVE-2019-11516,05,Broadcom,RCE,Critical,Bluetooth,A-132966035 *,
2019-08,CVE-2019-10492,05,Qualcomm,N/A,Critical,HLOS,A-132170519 QC-CR#2389432,
2019-08,CVE-2019-10509,05,Qualcomm,N/A,High,BTHOST,A-132171185 QC-CR#2359039,
2019-08,CVE-2019-10510,05,Qualcomm,N/A,High,BTHOST,A-132173563 QC-CR#2305025,
2019-08,CVE-2019-10499,05,Qualcomm,N/A,High,MProc,A-134440231 QC-CR#2398099,
2019-08,CVE-2019-10538,05,Qualcomm,N/A,High,WLAN,A-132193791 QC-CR#2448763,
2019-08,CVE-2019-10539,05,Qualcomm closed-source,N/A,Critical,Closed-source component,A-135126805 *,
2019-08,CVE-2019-10540,05,Qualcomm closed-source,N/A,Critical,Closed-source component,A-135126805 *,
2019-08,CVE-2019-10489,05,Qualcomm closed-source,N/A,High,Closed-source component,A-132108754 *,
2019-08,CVE-2019-2294,05,Qualcomm closed-source,N/A,High,Closed-source component,A-132108952 *,
2019-08,CVE-2019-2279,05,Qualcomm,N/A,Critical,QC Venus Firmware,A-114073969 QC-CR#2345481 [ 2 ],
2019-08,CVE-2019-2252,05,Qualcomm closed-source,N/A,Critical,Closed-source component,A-114235025 *,
2019-09,CVE-2019-2123,01,Framework,EoP,High,,A-34175893 [ 2 ] [ 3 ] [ 4 ],"7.1.1, 7.1.2, 8.0, 8.1, 9"
2019-09,CVE-2019-2174,01,Framework,EoP,High,,A-132927376,"7.1.1, 7.1.2, 8.0, 8.1, 9"
2019-09,CVE-2019-2175,01,Framework,EoP,High,,A-135551349,9
2019-09,CVE-2019-9254,01,Framework,EoP,High,,A-130164289,10
2019-09,CVE-2019-2103,01,Framework,ID,High,,A-120610669 [ 2 ],9
2019-09,CVE-2019-2176,01,Media Framework,RCE,Critical,,A-134420911,"8.0, 8.1, 9"
2019-09,CVE-2019-2108,01,Media Framework,RCE,Critical,,A-130025324,10
2019-09,CVE-2019-2177,01,System,RCE,High,,A-132456322,"7.1.1, 7.1.2, 8.0, 8.1, 9"
2019-09,CVE-2019-2115,01,System,EoP,High,,A-129768470 [ 2 ],"7.1.1, 7.1.2, 8.0, 8.1, 9"
2019-09,CVE-2019-2178,01,System,EoP,High,,A-124462242,"7.1.1, 7.1.2, 8.0, 8.1, 9"
2019-09,CVE-2019-2179,01,System,ID,High,,A-126200054,"7.1.1, 7.1.2, 8.0, 8.1, 9"
2019-09,CVE-2019-2180,01,System,ID,High,,A-110899492,"8.0, 8.1, 9"
2019-09,CVE-2019-2124,01,System,ID,High,,A-127320867 [ 2 ] [ 3 ],"7.1.1, 7.1.2, 8.0, 8.1, 9"
2019-09,CVE-2018-20669,05,Kernel,EoP,High,i915 driver,A-135368228 *,
2019-09,CVE-2019-2181,05,Kernel,EoP,High,Binder driver,A-130571081 Upstream kernel,
2019-09,CVE-2018-6240,05,NVIDIA,EoP,High,BootROM,A-72315181 *,
2019-09,CVE-2018-6240,05,NVIDIA,EoP,High,BootROM,A-110169243 *,
2019-09,CVE-2017-5715,05,NVIDIA,ID,High,ARM Trusted Firmware,A-73294344 *,
2019-09,CVE-2017-17768,05,Qualcomm,N/A,High,LK bootloader,A-67748905 QC-CR#2127172,
2019-09,CVE-2019-2283,05,Qualcomm,N/A,High,Kernel,A-127513124 QC-CR#2355425,
2019-09,CVE-2019-2316,05,Qualcomm,N/A,High,HLOS,A-129848922 QC-CR#2358397,
2019-09,CVE-2019-10491,05,Qualcomm,N/A,High,Audio,A-132171785 QC-CR#2380709 [ 2 ],
2019-09,CVE-2019-10505,05,Qualcomm,N/A,High,WLAN HOST,A-123533258 QC-CR#2231755,
2019-09,CVE-2019-10505,05,Qualcomm,N/A,High,WLAN HOST,A-132171579 QC-CR#2246426,
2019-09,CVE-2019-2323,05,Qualcomm,N/A,High,HLOS,A-132173424 QC-CR#2370589,
2019-09,CVE-2019-2324,05,Qualcomm,N/A,High,Audio,A-132173296 QC-CR#2372292,
2019-09,CVE-2019-2325,05,Qualcomm,N/A,High,Audio,A-132171784 QC-CR#2372302 [ 2 ],
2019-09,CVE-2019-2331,05,Qualcomm,N/A,High,Audio,A-132172905 QC-CR#2380697 [ 2 ],
2019-09,CVE-2019-2332,05,Qualcomm,N/A,High,Audio,A-132171963 QC-CR#2380699 [ 2 ],
2019-09,CVE-2019-10512,05,Qualcomm,N/A,High,Audio,A-134439528 QC-CR#2380702 [ 2 ],
2019-09,CVE-2019-10515,05,Qualcomm,N/A,High,Kernel,A-134440011 QC-CR#2366038 [ 2 ],
2019-09,CVE-2019-10524,05,Qualcomm,N/A,High,Camera driver,A-134440735 QC-CR#2422233 [ 2 ] [ 3 ],
2019-09,CVE-2019-10529,05,Qualcomm,N/A,High,Graphics driver,A-134439992 QC-CR#2442261,
2019-09,CVE-2019-10531,05,Qualcomm,N/A,High,Kernel,A-134441415 QC-CR#2402890 [ 2 ],
2019-09,CVE-2018-11891,05,Qualcomm,N/A,High,WLAN HOST,A-134440013 QC-CR#2288859,
2019-09,CVE-2019-2258,05,Qualcomm closed-source,N/A,Critical,Closed-source component,A-123998354 *,
2019-09,CVE-2019-10533,05,Qualcomm closed-source,N/A,Critical,Closed-source component,A-134437210 *,
2019-09,CVE-2019-2275,05,Qualcomm closed-source,N/A,High,Closed-source component,A-127347579 *,
2019-09,CVE-2019-2246,05,Qualcomm closed-source,N/A,High,Closed-source component,A-127347339 *,
2019-09,CVE-2019-10488,05,Qualcomm closed-source,N/A,High,Closed-source component,A-132108617 *,
2019-09,CVE-2019-10495,05,Qualcomm closed-source,N/A,High,Closed-source component,A-132108855 *,
2019-09,CVE-2019-10496,05,Qualcomm closed-source,N/A,High,Closed-source component,A-132108737 *,
2019-09,CVE-2019-2249,05,Qualcomm closed-source,N/A,High,Closed-source component,A-132108854 *,
2019-09,CVE-2019-2285,05,Qualcomm closed-source,N/A,High,Closed-source component,A-132109149 *,
2019-09,CVE-2019-10504,05,Qualcomm closed-source,N/A,High,Closed-source component,A-134437132 *,
2019-09,CVE-2019-10504,05,Qualcomm closed-source,N/A,High,Closed-source component,A-134437173 *,
2019-09,CVE-2019-10522,05,Qualcomm closed-source,N/A,High,Closed-source component,A-134437134 *,
2019-09,CVE-2019-10534,05,Qualcomm closed-source,N/A,High,Closed-source component,A-134437379 *,
2019-09,CVE-2019-10541,05,Qualcomm closed-source,N/A,High,Closed-source component,A-134437115 *,
2019-10,CVE-2019-2173,01,Framework,EoP,High,,A-123013720,"7.1.1, 7.1.2, 8.0, 8.1, 9"
2019-10,CVE-2019-2184,01,Media Framework,RCE,Critical,,A-134578122,"7.1.1, 7.1.2, 8.0, 8.1, 9"
2019-10,CVE-2019-2185,01,Media Framework,RCE,Moderate,,A-136173699,10
2019-10,CVE-2019-2186,01,Media Framework,RCE,Moderate,,A-136175447,10
2019-10,CVE-2019-2110,01,Media Framework,ID,High,,A-69703445 [ 2 ],9
2019-10,CVE-2019-2114,01,System,EoP,High,,A-123700348 [ 2 ],"8.0, 8.1, 9"
2019-10,CVE-2019-2187,01,System,ID,High,,A-124940143,"7.1.1, 7.1.2, 8.0, 8.1, 9, 10"
2019-10,CVE-2018-19824,05,Kernel,EoP,High,USB audio,A-120783587 Upstream kernel,
2019-10,CVE-2019-2268,05,Qualcomm,N/A,High,WLAN host,A-127512519 QC-CR#2263727 QC-CR#2429210,
2019-10,CVE-2019-10535,05,Qualcomm,N/A,High,WLAN host,A-136501752 QC-CR#2308644,
2019-10,CVE-2018-11902,05,Qualcomm,N/A,High,WLAN host,A-136498768 QC-CR#2278457,
2019-10,CVE-2018-13916,05,Qualcomm closed-source,N/A,Critical,Closed-source component,A-122473303 *,
2019-10,CVE-2019-2251,05,Qualcomm closed-source,N/A,Critical,Closed-source component,A-122474427 *,
2019-10,CVE-2019-2271,05,Qualcomm closed-source,N/A,Critical,Closed-source component,A-129766175 *,
2019-10,CVE-2019-2289,05,Qualcomm closed-source,N/A,Critical,Closed-source component,A-129765090 *,
2019-10,CVE-2019-2315,05,Qualcomm closed-source,N/A,Critical,Closed-source component,A-129766098 *,
2019-10,CVE-2019-2329,05,Qualcomm closed-source,N/A,Critical,Closed-source component,A-129766136 *,
2019-10,CVE-2019-2336,05,Qualcomm closed-source,N/A,Critical,Closed-source component,A-129766497 *,
2019-10,CVE-2019-2339,05,Qualcomm closed-source,N/A,Critical,Closed-source component,A-129765860 *,
2019-10,CVE-2019-2271,05,Qualcomm closed-source,N/A,High,Closed-source component,A-129765571 *,
2019-10,CVE-2019-2303,05,Qualcomm closed-source,N/A,High,Closed-source component,A-129765728 *,
2019-10,CVE-2019-2318,05,Qualcomm closed-source,N/A,High,Closed-source component,A-129766832 *,
2019-10,CVE-2019-2335,05,Qualcomm closed-source,N/A,High,Closed-source component,A-129766932 *,
2019-10,CVE-2019-10490,05,Qualcomm closed-source,N/A,High,Closed-source component,A-132108421 *,
2019-10,CVE-2019-2295,05,Qualcomm closed-source,N/A,High,Closed-source component,A-132108893 *,
2019-10,CVE-2019-2215,06,Kernel,EoP,High,Binder,A-141720095,
2019-11,CVE-2019-2192,01,Framework,EoP,High,,A-138441555,"9, 10"
2019-11,CVE-2019-2193,01,Framework,EoP,High,,A-132261064 [ 2 ],"8.0, 8.1, 9, 10"
2019-11,CVE-2019-2195,01,Framework,EoP,High,,A-139186193,"8.0, 8.1, 9, 10"
2019-11,CVE-2019-2199,01,Framework,EoP,High,,A-138650665,10
2019-11,CVE-2019-2211,01,Framework,ID,High,,A-135269669 [ 2 ],"8.0, 8.1, 9, 10"
2019-11,CVE-2019-2197,01,Framework,ID,High,,A-138529441,"8.0, 8.1, 9, 10"
2019-11,CVE-2019-2201,01,Library,RCE,High,,A-120551338,"8.0, 8.1, 9, 10"
2019-11,CVE-2019-2202,01,Media Framework,EoP,High,,A-137283376,"9, 10"
2019-11,CVE-2019-2203,01,Media Framework,EoP,High,,A-137370777,"8.0, 8.1, 9, 10"
2019-11,CVE-2019-2204,01,System,RCE,Critical,,A-138442295,9
2019-11,CVE-2019-2205,01,System,RCE,Critical,,A-139806216,"8.0, 8.1, 9, 10"
2019-11,CVE-2019-2206,01,System,RCE,Critical,,A-139188579,"8.0, 8.1, 9, 10"
2019-11,CVE-2019-2233,01,System,EoP,High,,A-140486529,10
2019-11,CVE-2019-2207,01,System,EoP,High,,A-124524315,"8.0, 8.1, 9, 10"
2019-11,CVE-2019-2212,01,System,ID,High,,A-139690488 [ 2 ] [ 3 ],"8.0, 8.1, 9, 10"
2019-11,CVE-2019-2208,01,System,ID,High,,A-138441919,9
2019-11,CVE-2019-2209,01,System,ID,High,,A-139287605,"8.0, 8.1, 9, 10"
2019-11,CVE-2019-2196,05,Framework,ID,High,,A-135269143 [ 2 ] [ 3 ] [ 4 ],"8.0, 8.1, 9, 10"
2019-11,CVE-2019-2198,05,Framework,ID,High,,A-135270103 [ 2 ] [ 3 ] [ 4 ],"8.0, 8.1, 9, 10"
2019-11,CVE-2019-2036,05,System,EoP,High,,A-79703832,"8.0, 8.1, 9, 10"
2019-11,CVE-2019-2213,05,Kernel,EoP,High,binder driver,A-133758011 Upstream kernel,
2019-11,CVE-2019-2214,05,Kernel,EoP,High,binder driver,A-136210786 Upstream kernel,
2019-11,CVE-2019-11833,05,Kernel,ID,Moderate,ext4 filesystem,A-133041647 Upstream kernel,
2019-11,CVE-2019-2310,05,Qualcomm,N/A,High,Wi-Fi,A-78906648 QC-CR#2253243,
2019-11,CVE-2019-10545,05,Qualcomm,N/A,High,Graphics driver,A-138940225 QC-CR#2353418,
2019-11,CVE-2019-10571,05,Qualcomm,N/A,High,Graphics driver,A-138940226 QC-CR#2363085,
2019-11,CVE-2019-10493,05,Qualcomm closed-source,N/A,Critical,Closed-source component,A-132108736 *,
2019-11,CVE-2019-10511,05,Qualcomm closed-source,N/A,Critical,Closed-source component,A-132097484 *,
2019-11,CVE-2019-2288,05,Qualcomm closed-source,N/A,Critical,Closed-source component,A-132108853 *,
2019-11,CVE-2019-2320,05,Qualcomm closed-source,N/A,Critical,Closed-source component,A-132108539 *,
2019-11,CVE-2019-2321,05,Qualcomm closed-source,N/A,Critical,Closed-source component,A-132108927 *,
2019-11,CVE-2019-10484,05,Qualcomm closed-source,N/A,High,Closed-source component,A-132108752 *,
2019-11,CVE-2019-10485,05,Qualcomm closed-source,N/A,High,Closed-source component,A-132108463 *,
2019-11,CVE-2019-2319,05,Qualcomm closed-source,N/A,High,Closed-source component,A-132107963 *,
2019-11,CVE-2019-2337,05,Qualcomm closed-source,N/A,High,Closed-source component,A-132108895 *,
2019-11,CVE-2019-2338,05,Qualcomm closed-source,N/A,High,Closed-source component,A-132108464 *,
2019-11,CVE-2019-10559,05,Qualcomm closed-source,N/A,High,Closed-source component,A-137030660 *,
2019-12,CVE-2019-2232,01,Framework,DoS,Critical,,A-140632678,"8.0, 8.1, 9, 10"
2019-12,CVE-2019-9464,01,Framework,EoP,High,,A-141028068 [ 2 ] [ 3 ] [ 4 ],10
2019-12,CVE-2019-2217,01,Framework,EoP,High,,A-141003796,10
2019-12,CVE-2019-2218,01,Framework,EoP,High,,A-141169173,"8.0, 8.1, 9, 10"
2019-12,CVE-2019-2220,01,Framework,ID,High,,A-138636979 [ 2 ],"9, 10"
2019-12,CVE-2019-2221,01,Framework,EoP,Moderate,,A-138583650 [ 2 ],10
2019-12,CVE-2019-2222,01,Media Framework,RCE,Moderate,,A-140322595,10
2019-12,CVE-2019-2223,01,Media Framework,RCE,Moderate,,A-140692129,10
2019-12,CVE-2019-15140,01,System,RCE,High,,A-140328986,"8.0, 8.1, 9, 10"
2019-12,CVE-2019-2225,01,System,EoP,High,,A-110433804 [ 2 ],"8.0, 8.1, 9, 10"
2019-12,CVE-2019-2226,01,System,ID,High,,A-140152619,"8.0, 8.1, 9, 10"
2019-12,CVE-2019-2227,01,System,ID,High,,A-140768453,"9, 10"
2019-12,CVE-2019-2228,01,System,ID,High,,A-111210196 [ 2 ],"8.0, 8.1, 9, 10"
2019-12,CVE-2019-2229,01,System,ID,High,,A-139803872 [ 2 ],"8.0, 8.1, 9, 10"
2019-12,CVE-2019-2230,01,System,ID,High,,A-141170038,10
2019-12,CVE-2019-2231,05,System,ID,High,,A-141955555,"9, 10"
2019-12,CVE-2018-20961,05,Kernel,EoP,High,USB MIDI class function driver,A-139522588 Upstream kernel,
2019-12,CVE-2019-15220,05,Kernel,EoP,High,Prism54 WiFi USB Driver,A-140329469 Upstream kernel,
2019-12,CVE-2019-15239,05,Kernel,EoP,High,TCP Stack,A-140328996 Upstream kernel,
2019-12,CVE-2019-10557,05,Qualcomm,N/A,High,WLAN host,A-78657016 QC-CR#2255369 QC-CR#2259707,
2019-12,CVE-2018-11980,05,Qualcomm,N/A,High,WLAN host,A-140423440 QC-CR#2270117,
2019-12,CVE-2019-10480,05,Qualcomm,N/A,High,WLAN host,A-140423811 QC-CR#2309399,
2019-12,CVE-2019-10481,05,Qualcomm,N/A,High,WLAN host,A-140423794 QC-CR#2304610 QC-CR#2318632,
2019-12,CVE-2019-10536,05,Qualcomm,N/A,High,WLAN host,A-140423334 QC-CR#2433802,
2019-12,CVE-2019-10537,05,Qualcomm,N/A,High,WLAN host,A-140423693 QC-CR#2436502,
2019-12,CVE-2019-10595,05,Qualcomm,N/A,High,WLAN host,A-140423810 QC-CR#2148184,
2019-12,CVE-2019-10598,05,Qualcomm,N/A,High,WLAN host,A-140423155 QC-CR#2324139,
2019-12,CVE-2019-10601,05,Qualcomm,N/A,High,WLAN host,A-140423156 QC-CR#2428798,
2019-12,CVE-2019-10605,05,Qualcomm,N/A,High,WLAN host,A-140424124 QC-CR#2187441,
2019-12,CVE-2019-10607,05,Qualcomm,N/A,High,Security,A-140423690 QC-CR#2211711,
2019-12,CVE-2019-2304,05,Qualcomm,N/A,High,WLAN host,A-123238115 QC-CR#2331868 QC-CR#2335530 QC-CR#2348299 QC-CR#2203904 *,
2019-12,CVE-2019-2242,05,Qualcomm closed-source,N/A,Critical,Closed-source component,A-123998200 *,
2019-12,CVE-2019-10500,05,Qualcomm closed-source,N/A,Critical,Closed-source component,A-134437248 *,
2019-12,CVE-2019-10525,05,Qualcomm closed-source,N/A,Critical,Closed-source component,A-134437319 *,
2019-12,CVE-2019-10482,05,Qualcomm closed-source,N/A,High,Closed-source component,A-132108950 *,
2019-12,CVE-2019-10487,05,Qualcomm closed-source,N/A,High,Closed-source component,A-134437030 *,
2019-12,CVE-2019-10516,05,Qualcomm closed-source,N/A,High,Closed-source component,A-134437075 *,
2019-12,CVE-2019-2274,05,Qualcomm closed-source,N/A,High,Closed-source component,A-134437362 *,
2019-12,CVE-2019-10513,05,Qualcomm closed-source,N/A,High,Closed-source component,A-134437225 *,
2019-12,CVE-2019-10517,05,Qualcomm closed-source,N/A,High,Closed-source component,A-140424724 *,
2019-12,CVE-2019-10600,05,Qualcomm closed-source,N/A,High,Closed-source component,A-140424089 *,
2020-01,CVE-2020-0001,01,Framework,EoP,Moderate,,A-140055304,10
2020-01,CVE-2020-0003,01,Framework,EoP,High,,A-140195904,8.0
2020-01,CVE-2020-0004,01,Framework,DoS,High,,A-120847476,"8.0, 8.1, 9, 10"
2020-01,CVE-2020-0002,01,Media Framework,RCE,Moderate,,A-142602711,10
2020-01,CVE-2020-0006,01,System,ID,High,,A-139738828,"8.0, 8.1, 9, 10"
2020-01,CVE-2020-0007,01,System,ID,High,,A-141890807 [ 2 ],"8.0, 8.1, 9, 10"
2020-01,CVE-2020-0008,01,System,ID,High,,A-142558228,"8.0, 8.1, 9, 10"
2020-01,CVE-2019-17666,05,Kernel,RCE,Critical,Realtek rtlwifi driver,A-142967706 Upstream kernel,
2020-01,CVE-2018-20856,05,Kernel,EoP,High,Kernel,A-138921316 Upstream kernel,
2020-01,CVE-2019-15214,05,Kernel,EoP,High,Sound subsystem,A-140920734 Upstream kernel,
2020-01,CVE-2020-0009,05,Kernel,EoP,High,ashmem,A-142938932 *,
2020-01,CVE-2018-11843,05,Qualcomm,N/A,High,WLAN host,A-111126051 QC-CR#2216751,
2020-01,CVE-2019-10558,05,Qualcomm,N/A,High,Kernel,A-142268223 QC-CR#2355428,
2020-01,CVE-2019-10581,05,Qualcomm,N/A,High,Audio,A-142267478 QC-CR#2451619,
2020-01,CVE-2019-10585,05,Qualcomm,N/A,High,Kernel,A-142267685 QC-CR#2457975,
2020-01,CVE-2019-10602,05,Qualcomm,N/A,High,Display,A-142270161 QC-CR#2165926 [ 2 ],
2020-01,CVE-2019-10606,05,Qualcomm,N/A,High,Kernel,A-142269492 QC-CR#2192810 [ 2 ],
2020-01,CVE-2019-14010,05,Qualcomm,N/A,High,Audio,A-142269847 QC-CR#2465851 [ 2 ],
2020-01,CVE-2019-14023,05,Qualcomm,N/A,High,Kernel,A-142270139 QC-CR#2493328,
2020-01,CVE-2019-14024,05,Qualcomm,N/A,High,NFC,A-142269993 QC-CR#2494103,
2020-01,CVE-2019-14034,05,Qualcomm,N/A,High,Camera,A-142270258 QC-CR#2491649 [ 2 ] [ 3 ],
2020-01,CVE-2019-14036,05,Qualcomm,N/A,High,WLAN host,A-142269832 QC-CR#2200862,
2020-01,CVE-2019-2267,05,Qualcomm closed-source,N/A,High,Closed-source component,A-132108182 *,
2020-01,CVE-2019-10548,05,Qualcomm closed-source,N/A,High,Closed-source component,A-137030896 *,
2020-01,CVE-2019-10532,05,Qualcomm closed-source,N/A,High,Closed-source component,A-142271634 *,
2020-01,CVE-2019-10578,05,Qualcomm closed-source,N/A,High,Closed-source component,A-142268949 *,
2020-01,CVE-2019-10579,05,Qualcomm closed-source,N/A,High,Closed-source component,A-142271692 *,
2020-01,CVE-2019-10582,05,Qualcomm closed-source,N/A,High,Closed-source component,A-130574302 *,
2020-01,CVE-2019-10583,05,Qualcomm closed-source,N/A,High,Closed-source component,A-131180394 *,
2020-01,CVE-2019-10611,05,Qualcomm closed-source,N/A,High,Closed-source component,A-142271615 *,
2020-01,CVE-2019-14002,05,Qualcomm closed-source,N/A,High,Closed-source component,A-142271274 *,
2020-01,CVE-2019-14003,05,Qualcomm closed-source,N/A,High,Closed-source component,A-142271498 *,
2020-01,CVE-2019-14004,05,Qualcomm closed-source,N/A,High,Closed-source component,A-142271848 *,
2020-01,CVE-2019-14005,05,Qualcomm closed-source,N/A,High,Closed-source component,A-142271965 *,
2020-01,CVE-2019-14006,05,Qualcomm closed-source,N/A,High,Closed-source component,A-142271827 *,
2020-01,CVE-2019-14008,05,Qualcomm closed-source,N/A,High,Closed-source component,A-142271609 *,
2020-01,CVE-2019-14013,05,Qualcomm closed-source,N/A,High,Closed-source component,A-142271944 *,
2020-01,CVE-2019-14014,05,Qualcomm closed-source,N/A,High,Closed-source component,A-142270349 *,
2020-01,CVE-2019-14016,05,Qualcomm closed-source,N/A,High,Closed-source component,A-142270646 *,
2020-01,CVE-2019-14017,05,Qualcomm closed-source,N/A,High,Closed-source component,A-142271515 *,
2020-02,CVE-2020-0014,01,Framework,EoP,High,,A-128674520,"8.0, 8.1, 9, 10"
2020-02,CVE-2020-0015,01,Framework,EoP,High,,A-139017101,"8.0, 8.1, 9, 10"
2020-02,CVE-2019-2200,01,Framework,EoP,High,,A-67319274,10
2020-02,CVE-2020-0017,01,Framework,ID,High,,A-123232892 [ 2 ],"8.0, 8.1, 9, 10"
2020-02,CVE-2020-0018,01,Framework,ID,High,,A-139945049,"8.0, 8.1, 9, 10"
2020-02,CVE-2020-0020,01,Framework,ID,High,,A-143118731,10
2020-02,CVE-2020-0021,01,Framework,DoS,High,,A-141413692 [ 2 ] [ 3 ],10
2020-02,CVE-2020-0022,01,System,DoS,Moderate,,A-143894715,10
2020-02,CVE-2020-0023,01,System,ID,Critical,,A-145130871,10
2020-02,CVE-2020-0005,01,System,EOP,High,,A-141552859,"8.0, 8.1, 9, 10"
2020-02,CVE-2020-0026,01,System,EoP,High,,A-140419401,"8.0, 8.1, 9, 10"
2020-02,CVE-2020-0027,01,System,EoP,High,,A-144040966,"8.0, 8.1, 9, 10"
2020-02,CVE-2020-0028,01,System,ID,High,,A-122652057 [ 2 ],9
2020-02,CVE-2020-0030,05,Kernel,EoP,High,Binder driver,A-145286050 Upstream kernel,
2020-02,CVE-2019-11599,05,Kernel,EoP,High,Memory Map Subsystem,A-131964235 Upstream kernel [ 2 ],
2020-02,CVE-2019-14044,05,Qualcomm,N/A,High,Camera,A-143903491 QC-CR#2175394,
2020-02,CVE-2019-14046,05,Qualcomm,N/A,High,Camera,A-143902999 QC-CR#2207235,
2020-02,CVE-2019-14049,05,Qualcomm,N/A,High,Kernel,A-143903513 QC-CR#2305531 [ 2 ] [ 3 ],
2020-02,CVE-2019-14055,05,Qualcomm,N/A,High,Kernel,A-143902876 QC-CR#2352487,
2020-02,CVE-2019-14063,05,Qualcomm,N/A,High,Audio,A-143901127 QC-CR#2491577,
2020-02,CVE-2019-10567,05,Qualcomm,N/A,High,Graphics,A-140246780 QC-CR#2520860 [ 2 ] [ 3 ],
2020-02,CVE-2019-10590,05,Qualcomm closed-source,N/A,High,Closed-source component,A-143903858 *,
2020-02,CVE-2019-14051,05,Qualcomm closed-source,N/A,High,Closed-source component,A-143902841 *,
2020-02,CVE-2019-14057,05,Qualcomm closed-source,N/A,High,Closed-source component,A-143903018 *,
2020-02,CVE-2019-14060,05,Qualcomm closed-source,N/A,High,Closed-source component,A-143903752 *,
2020-03,CVE-2020-0031,01,Framework,ID,High,,A-141703197 [ 2 ],10
2020-03,CVE-2020-0032,01,Media Framework,RCE,Critical,,A-145364230,"8.0, 8.1, 9, 10"
2020-03,CVE-2020-0033,01,Media Framework,EoP,High,,A-144351324,"8.0, 8.1, 9, 10"
2020-03,CVE-2020-0034,01,Media Framework,ID,High,,A-62458770,"8.0, 8.1"
2020-03,CVE-2020-0036,01,System,EoP,High,,A-144679405,"8.0, 8.1, 9, 10"
2020-03,CVE-2020-0035,01,System,ID,High,,A-140622024,"8.0, 8.1, 9"
2020-03,CVE-2020-0029,01,System,ID,High,,A-140065828,10
2020-03,CVE-2020-0037,01,System,ID,High,,A-143106535,"8.0, 8.1, 9, 10"
2020-03,CVE-2020-0038,01,System,ID,High,,A-143109193,"8.0, 8.1, 9, 10"
2020-03,CVE-2020-0039,01,System,ID,High,,A-143155861,"8.0, 8.1, 9, 10"
2020-03,CVE-2019-19527,05,Kernel,EoP,High,USB,A-146257915 Upstream kernel [ 2 ],
2020-03,CVE-2019-19537,05,Kernel,EoP,High,USB,A-146258055 Upstream kernel,
2020-03,CVE-2019-15239,05,Kernel,EoP,High,Networking,A-143009752 Upstream kernel,
2020-03,CVE-2020-0041,05,Kernel,EoP,High,Binder,A-145988638 Upstream kernel,
2020-03,CVE-2020-0010,05,FPC components,EoP,High,FPC Fingerprint TEE,A-137014293 *,
2020-03,CVE-2020-0011,05,FPC components,EoP,High,FPC Fingerprint TEE,A-137648045 *,
2020-03,CVE-2020-0012,05,FPC components,EoP,High,FPC Fingerprint TEE,A-137648844 *,
2020-03,CVE-2020-0042,05,FPC components,ID,Moderate,FPC Fingerprint TEE,A-137649599 *,
2020-03,CVE-2020-0043,05,FPC components,ID,Moderate,FPC Fingerprint TEE,A-137650218 *,
2020-03,CVE-2020-0044,05,FPC components,ID,Moderate,FPC Fingerprint TEE,A-137650219 *,
2020-03,CVE-2020-0069,05,MediaTek,EoP,High,System,A-147882143 * M-ALPS04356754,
2020-03,CVE-2019-14079,05,Qualcomm,N/A,High,USB,A-138848422 QC-CR#2521001,
2020-03,CVE-2018-11838,05,Qualcomm,N/A,High,WLAN,A-145545090 QC-CR#221457 [ 2 ],
2020-03,CVE-2019-10526,05,Qualcomm,N/A,High,WLAN,A-145544085 QC-CR#2232526 QC-CR#2541970,
2020-03,CVE-2019-10569,05,Qualcomm,N/A,High,Audio,A-145545820 QC-CR#2315791,
2020-03,CVE-2019-14029,05,Qualcomm,N/A,High,Graphics,A-145546793 QC-CR#2528795,
2020-03,CVE-2019-14032,05,Qualcomm,N/A,High,Audio,A-145546652 QC-CR#2537311,
2020-03,CVE-2019-14068,05,Qualcomm,N/A,High,Audio,A-145546435 QC-CR#2507653 [ 2 ],
2020-03,CVE-2019-14072,05,Qualcomm,N/A,High,Graphics,A-145545251 QC-CR#2509391,
2020-03,CVE-2019-2317,05,Qualcomm closed-source,N/A,Critical,Closed-source component,A-134436812 *,
2020-03,CVE-2019-10586,05,Qualcomm closed-source,N/A,Critical,Closed-source component,A-140423909 *,
2020-03,CVE-2019-10587,05,Qualcomm closed-source,N/A,Critical,Closed-source component,A-140423816 *,
2020-03,CVE-2019-10593,05,Qualcomm closed-source,N/A,Critical,Closed-source component,A-140424165 *,
2020-03,CVE-2019-10594,05,Qualcomm closed-source,N/A,Critical,Closed-source component,A-140424564 *,
2020-03,CVE-2019-10612,05,Qualcomm closed-source,N/A,Critical,Closed-source component,A-140423161 *,
2020-03,CVE-2019-14031,05,Qualcomm closed-source,N/A,Critical,Closed-source component,A-142271912 *,
2020-03,CVE-2019-14045,05,Qualcomm closed-source,N/A,Critical,Closed-source component,A-140973418 *,
2020-03,CVE-2019-14071,05,Qualcomm closed-source,N/A,Critical,Closed-source component,A-145545489 *,
2020-03,CVE-2019-14083,05,Qualcomm closed-source,N/A,Critical,Closed-source component,A-140973259 *,
2020-03,CVE-2019-14086,05,Qualcomm closed-source,N/A,Critical,Closed-source component,A-140973417 *,
2020-03,CVE-2019-14030,05,Qualcomm closed-source,N/A,Critical,Closed-source component,A-145546515 *,
2020-03,CVE-2019-14097,05,Qualcomm closed-source,N/A,Critical,Closed-source component,A-145546003 *,
2020-03,CVE-2019-14098,05,Qualcomm closed-source,N/A,Critical,Closed-source component,A-145546314 *,
2020-03,CVE-2019-10546,05,Qualcomm closed-source,N/A,Critical,Closed-source component,A-145545250 *,
2020-03,CVE-2019-14095,05,Qualcomm closed-source,N/A,Critical,Closed-source component,A-142843397 *,
2020-03,CVE-2018-11970,05,Qualcomm closed-source,N/A,High,Closed-source component,A-114042111 *,
2020-03,CVE-2019-10603,05,Qualcomm closed-source,N/A,High,Closed-source component,A-140424074 *,
2020-03,CVE-2019-10616,05,Qualcomm closed-source,N/A,High,Closed-source component,A-140423338 *,
2020-03,CVE-2019-10549,05,Qualcomm closed-source,N/A,High,Closed-source component,A-140423162 *,
2020-03,CVE-2019-10550,05,Qualcomm closed-source,N/A,High,Closed-source component,A-140423702 *,
2020-03,CVE-2019-10552,05,Qualcomm closed-source,N/A,High,Closed-source component,A-140423817 *,
2020-03,CVE-2019-10553,05,Qualcomm closed-source,N/A,High,Closed-source component,A-140423081 *,
2020-03,CVE-2019-10554,05,Qualcomm closed-source,N/A,High,Closed-source component,A-140424012 *,
2020-03,CVE-2019-10577,05,Qualcomm closed-source,N/A,High,Closed-source component,A-140424166 *,
2020-03,CVE-2019-14026,05,Qualcomm closed-source,N/A,High,Closed-source component,A-142271986 *,
2020-03,CVE-2019-14027,05,Qualcomm closed-source,N/A,High,Closed-source component,A-142271756 *,
2020-03,CVE-2019-14028,05,Qualcomm closed-source,N/A,High,Closed-source component,A-142271831 *,
2020-03,CVE-2019-2300,05,Qualcomm closed-source,N/A,High,Closed-source component,A-142271659 *,
2020-03,CVE-2019-2311,05,Qualcomm closed-source,N/A,High,Closed-source component,A-142271967 *,
2020-03,CVE-2019-14050,05,Qualcomm closed-source,N/A,High,Closed-source component,A-143902706 *,
2020-03,CVE-2019-14081,05,Qualcomm closed-source,N/A,High,Closed-source component,A-143902882 *,
2020-03,CVE-2019-14082,05,Qualcomm closed-source,N/A,High,Closed-source component,A-140974589 *,
2020-03,CVE-2019-14085,05,Qualcomm closed-source,N/A,High,Closed-source component,A-143902807 *,
2020-03,CVE-2019-14048,05,Qualcomm closed-source,N/A,High,Closed-source component,A-145545282 *,
2020-03,CVE-2019-14061,05,Qualcomm closed-source,N/A,High,Closed-source component,A-145545758 *,
2020-03,CVE-2019-10604,05,Qualcomm closed-source,N/A,High,Closed-source component,A-145545725 *,
2020-03,CVE-2019-10591,05,Qualcomm closed-source,N/A,High,Closed-source component,A-145545283 *,
2020-03,CVE-2019-14000,05,Qualcomm closed-source,N/A,High,Closed-source component,A-145546434 *,
2020-03,CVE-2019-14015,05,Qualcomm closed-source,N/A,High,Closed-source component,A-145545650 *,
2020-04,CVE-2020-0080,01,Framework,EoP,High,,A-144092031,10
2020-04,CVE-2020-0081,01,Framework,EoP,High,,A-144028297 [ 2 ],"8.0, 8.1, 9, 10"
2020-04,CVE-2020-0082,01,Framework,EoP,High,,A-140417434,10
2020-04,CVE-2019-5018,01,Framework,EoP,High,,A-140180629 [ 2 ],"8.0, 8.1, 9, 10"
2020-04,CVE-2019-8457,01,Framework,ID,High,,A-140182003 [ 2 ],"8.0, 8.1, 9, 10"
2020-04,CVE-2019-9936,01,Framework,ID,Moderate,,A-140181188 [ 2 ],"8.0, 8.1, 9, 10"
2020-04,CVE-2020-0078,01,Media Framework,EoP,High,,A-144766455,"9, 10"
2020-04,CVE-2020-0079,01,Media Framework,EoP,High,,A-144506242,"9, 10"
2020-04,CVE-2020-0070,01,System,RCE,Critical,,A-148159613,"8.0, 8.1, 9, 10"
2020-04,CVE-2020-0071,01,System,RCE,Critical,,A-147310721,"8.0, 8.1, 9, 10"
2020-04,CVE-2020-0072,01,System,RCE,Critical,,A-147310271 [ 2 ],"8.0, 8.1, 9, 10"
2020-04,CVE-2020-0073,01,System,RCE,Critical,,A-147309942,"8.0, 8.1, 9, 10"
2020-04,CVE-2019-2056,05,Framework,ID,High,,A-140879284 *,10
2020-04,CVE-2019-19524,05,Kernel,EoP,High,USB input driver,A-146258053 Upstream kernel,
2020-04,CVE-2019-19532,05,Kernel,EoP,High,USB HID drivers,A-146258320 Upstream kernel,
2020-04,CVE-2019-19807,05,Kernel,EoP,High,Audio Subsystem,A-146482218 Upstream kernel,
2020-04,CVE-2020-0076,05,FPC components,EoP,High,FPC Iris TZ App,A-146056878 *,
2020-04,CVE-2020-0075,05,FPC components,ID,Moderate,FPC Iris TZ App,A-146057864 *,
2020-04,CVE-2020-0077,05,FPC components,ID,Moderate,FPC Iris TZ App,A-146055840 *,
2020-04,CVE-2019-14131,05,Qualcomm,N/A,Critical,WLAN,A-147103218 QC-CR#2564485,
2020-04,CVE-2019-14070,05,Qualcomm,N/A,High,Audio,A-147101660 QC-CR#2508568 [ 2 ],
2020-04,CVE-2019-14104,05,Qualcomm,N/A,High,Camera,A-147103377 QC-CR#2245986,
2020-04,CVE-2019-14122,05,Qualcomm,N/A,High,Kernel,A-147102901 QC-CR#2538911,
2020-04,CVE-2019-14132,05,Qualcomm,N/A,High,Video,A-147104052 QC-CR#2455671,
2020-04,CVE-2020-3651,05,Qualcomm,N/A,High,WLAN,A-148816872 QC-CR#2291442,
2020-04,CVE-2019-10575,05,Qualcomm closed-source,N/A,Critical,Closed-source component,A-142272251 *,
2020-04,CVE-2019-10588,05,Qualcomm closed-source,N/A,Critical,Closed-source component,A-142271575 *,
2020-04,CVE-2019-10609,05,Qualcomm closed-source,N/A,Critical,Closed-source component,A-142269795 *,
2020-04,CVE-2019-14110,05,Qualcomm closed-source,N/A,Critical,Closed-source component,A-147104254 *,
2020-04,CVE-2019-14111,05,Qualcomm closed-source,N/A,Critical,Closed-source component,A-147103017 *,
2020-04,CVE-2019-14112,05,Qualcomm closed-source,N/A,Critical,Closed-source component,A-147102781 *,
2020-04,CVE-2019-14113,05,Qualcomm closed-source,N/A,Critical,Closed-source component,A-147103217 *,
2020-04,CVE-2019-14114,05,Qualcomm closed-source,N/A,Critical,Closed-source component,A-147102843 *,
2020-04,CVE-2019-10483,05,Qualcomm closed-source,N/A,High,Closed-source component,A-142270890 *,
2020-04,CVE-2019-10551,05,Qualcomm closed-source,N/A,High,Closed-source component,A-142270356 *,
2020-04,CVE-2019-10589,05,Qualcomm closed-source,N/A,High,Closed-source component,A-142271556 *,
2020-04,CVE-2019-10608,05,Qualcomm closed-source,N/A,High,Closed-source component,A-142270891 *,
2020-04,CVE-2019-10610,05,Qualcomm closed-source,N/A,High,Closed-source component,A-142271388 *,
2020-04,CVE-2019-14001,05,Qualcomm closed-source,N/A,High,Closed-source component,A-142272252 *,
2020-04,CVE-2019-14007,05,Qualcomm closed-source,N/A,High,Closed-source component,A-142269788 *,
2020-04,CVE-2019-14009,05,Qualcomm closed-source,N/A,High,Closed-source component,A-142271546 *,
2020-04,CVE-2019-14011,05,Qualcomm closed-source,N/A,High,Closed-source component,A-142268825 *,
2020-04,CVE-2019-14012,05,Qualcomm closed-source,N/A,High,Closed-source component,A-142270102 *,
2020-04,CVE-2019-14018,05,Qualcomm closed-source,N/A,High,Closed-source component,A-142271911 *,
2020-04,CVE-2019-14019,05,Qualcomm closed-source,N/A,High,Closed-source component,A-142272129 *,
2020-04,CVE-2019-14020,05,Qualcomm closed-source,N/A,High,Closed-source component,A-142271277 *,
2020-04,CVE-2019-14021,05,Qualcomm closed-source,N/A,High,Closed-source component,A-142271809 *,
2020-04,CVE-2019-14022,05,Qualcomm closed-source,N/A,High,Closed-source component,A-142271458 *,
2020-04,CVE-2019-14033,05,Qualcomm closed-source,N/A,High,Closed-source component,A-142271279 *,
2020-04,CVE-2019-14075,05,Qualcomm closed-source,N/A,High,Closed-source component,A-145546514 *,
2020-04,CVE-2019-14105,05,Qualcomm closed-source,N/A,High,Closed-source component,A-147104252 *,
2020-04,CVE-2019-14127,05,Qualcomm closed-source,N/A,High,Closed-source component,A-147103871 *,
2020-04,CVE-2019-14134,05,Qualcomm closed-source,N/A,High,Closed-source component,A-147102923 *,
2020-04,CVE-2019-14135,05,Qualcomm closed-source,N/A,High,Closed-source component,A-147104050 *,
2020-04,CVE-2020-3651,05,Qualcomm closed-source,N/A,High,Closed-source component,A-148816543 *,
2020-05,CVE-2020-0096,01,Framework,EoP,Critical,,A-145669109 [ 2 ],"8.0, 8.1, 9"
2020-05,CVE-2020-0097,01,Framework,EoP,High,,A-145981139 [ 2 ] [ 3 ],"9, 10"
2020-05,CVE-2020-0098,01,Framework,EoP,High,,A-144285917,"8.0, 8.1, 9, 10"
2020-05,CVE-2020-0094,01,Media Framework,EoP,High,,A-148223871,"9, 10"
2020-05,CVE-2020-0093,01,Media Framework,ID,High,,A-148705132,"8.0, 8.1, 9, 10"
2020-05,CVE-2020-0100,01,Media Framework,ID,High,,A-150156584,"8.0, 8.1"
2020-05,CVE-2020-0101,01,Media Framework,ID,High,,A-144767096,"8.0, 8.1, 9, 10"
2020-05,CVE-2020-0103,01,System,RCE,Critical,,A-148107188,"9, 10"
2020-05,CVE-2020-0102,01,System,EoP,High,,A-143231677,"8.0, 8.1, 9, 10"
2020-05,CVE-2020-0109,01,System,EoP,High,,A-148059175,"9, 10"
2020-05,CVE-2020-0105,01,System,EoP,High,,A-144285084,"9, 10"
2020-05,CVE-2020-0024,01,System,EoP,High,,A-137015265 [ 2 ],"8.0, 8.1, 9, 10"
2020-05,CVE-2020-0092,01,System,ID,High,,A-145135488,10
2020-05,CVE-2020-0106,01,System,ID,High,,A-148414207,10
2020-05,CVE-2020-0104,01,System,ID,Moderate,,A-144430870,"9, 10"
2020-05,CVE-2020-0110,05,Kernel,EoP,High,Kernel Scheduler,A-148159562 Upstream kernel,
2020-05,CVE-2019-19536,05,Kernel,ID,High,PCAN-USB driver,A-146642883 Upstream kernel,
2020-05,CVE-2019-14053,05,Qualcomm,N/A,High,Kernel,A-143902261 QC-CR#2317498,
2020-05,CVE-2019-14087,05,Qualcomm,N/A,High,Display,A-145546454 QC-CR#2165928,
2020-05,CVE-2020-3610,05,Qualcomm,N/A,High,Display,A-148816869 QC-CR#2460844 [ 2 ],
2020-05,CVE-2020-3615,05,Qualcomm,N/A,High,WLAN,A-148817147 QC-CR#2256679 [ 2 ] QC-CR#2258844,
2020-05,CVE-2020-3623,05,Qualcomm,N/A,High,Security,A-148815534 * QC-CR#2472080,
2020-05,CVE-2020-3625,05,Qualcomm,N/A,High,Security,A-148816727 * QC-CR#2493825,
2020-05,CVE-2020-3630,05,Qualcomm,N/A,High,Video,A-148816037 QC-CR#2534752 [ 2 ],
2020-05,CVE-2020-3680,05,Qualcomm,N/A,High,Kernel,A-144350801 QC-CR#2597382,
2020-05,CVE-2020-3641,05,Qualcomm closed-source,N/A,Critical,Closed-source component,A-148816624 *,
2020-05,CVE-2019-14054,05,Qualcomm closed-source,N/A,High,Closed-source component,A-143902264 *,
2020-05,CVE-2019-14066,05,Qualcomm closed-source,N/A,High,Closed-source component,A-143903296 *,
2020-05,CVE-2019-14067,05,Qualcomm closed-source,N/A,High,Closed-source component,A-143902707 *,
2020-05,CVE-2019-14077,05,Qualcomm closed-source,N/A,High,Closed-source component,A-143903001 *,
2020-05,CVE-2019-14078,05,Qualcomm closed-source,N/A,High,Closed-source component,A-143902885 *,
2020-05,CVE-2020-3616,05,Qualcomm closed-source,N/A,High,Closed-source component,A-148816292 *,
2020-05,CVE-2020-3618,05,Qualcomm closed-source,N/A,High,Closed-source component,A-148817245 *,
2020-05,CVE-2020-3633,05,Qualcomm closed-source,N/A,High,Closed-source component,A-148816216 *,
2020-05,CVE-2020-3645,05,Qualcomm closed-source,N/A,High,Closed-source component,A-148816217 *,
2020-06,CVE-2020-0114,01,Framework,EoP,High,,A-147606347,10
2020-06,CVE-2020-0115,01,Framework,EoP,High,,A-150038428,"8.0, 8.1, 9, 10"
2020-06,CVE-2020-0121,01,Framework,ID,High,,A-148180766 [ 2 ],10
2020-06,CVE-2020-0118,01,Media Framework,EoP,High,,A-150904694,10
2020-06,CVE-2020-0113,01,Media Framework,ID,High,,A-150944913,"9, 10"
2020-06,CVE-2020-0117,01,System,RCE,Critical,,A-151155194,"8.0, 8.1, 9, 10"
2020-06,CVE-2020-8597,01,System,RCE,Critical,,A-151153886,"8.0, 8.1, 9, 10"
2020-06,CVE-2020-0116,01,System,ID,High,,A-151330809,10
2020-06,CVE-2020-0119,01,System,ID,High,,A-150500247 [ 2 ],10
2020-06,CVE-2019-9460,05,System,EoP,High,,A-62535446,10
2020-06,CVE-2020-8647,05,Kernel,EoP,High,Kernel TTY support,A-149079134 Upstream kernel,
2020-06,CVE-2020-8648,05,Kernel,EoP,High,Kernel TTY support,A-149079230 Upstream kernel [ 2 ] [ 3 ],
2020-06,CVE-2020-8428,05,Kernel,ID,High,Kernel,A-148713787 Upstream kernel [ 2 ],
2020-06,CVE-2017-9704,05,Qualcomm,N/A,High,Camera,A-35099636 QC-CR#2013052 [ 2 ] QC-CR#2070526 QC-CR#2076578 [ 2 ],
2020-06,CVE-2019-14047,05,Qualcomm,N/A,High,Kernel,A-145545249 QC-CR#2279971 [ 2 ],
2020-06,CVE-2020-3665,05,Qualcomm,N/A,High,WLAN,A-150697775 QC-CR#2174506,
2020-06,CVE-2019-9460,05,Qualcomm,N/A,Moderate,Display,A-66876469 QC-CR#2207338 *,
2020-06,CVE-2019-14073,05,Qualcomm closed-source,N/A,Critical,Closed-source component,A-145546513 *,
2020-06,CVE-2019-14080,05,Qualcomm closed-source,N/A,Critical,Closed-source component,A-145545821 *,
2020-06,CVE-2019-10597,05,Qualcomm closed-source,N/A,High,Closed-source component,A-145545755 *,
2020-06,CVE-2019-14062,05,Qualcomm closed-source,N/A,High,Closed-source component,A-145545091 *,
2020-06,CVE-2019-14076,05,Qualcomm closed-source,N/A,High,Closed-source component,A-145545285 *,
2020-06,CVE-2020-3614,05,Qualcomm closed-source,N/A,High,Closed-source component,A-140973436 *,
2020-06,CVE-2020-3626,05,Qualcomm closed-source,N/A,High,Closed-source component,A-150697952 *,
2020-06,CVE-2020-3628,05,Qualcomm closed-source,N/A,High,Closed-source component,A-150695508 *,
2020-06,CVE-2020-3635,05,Qualcomm closed-source,N/A,High,Closed-source component,A-148817146 *,
2020-06,CVE-2020-3642,05,Qualcomm closed-source,N/A,High,Closed-source component,A-150697435 *,
2020-06,CVE-2020-3658,05,Qualcomm closed-source,N/A,High,Closed-source component,A-150697838 *,
2020-06,CVE-2020-3660,05,Qualcomm closed-source,N/A,High,Closed-source component,A-150695050 *,
2020-06,CVE-2020-3661,05,Qualcomm closed-source,N/A,High,Closed-source component,A-150695169 *,
2020-06,CVE-2020-3662,05,Qualcomm closed-source,N/A,High,Closed-source component,A-150696661 *,
2020-06,CVE-2020-3663,05,Qualcomm closed-source,N/A,High,Closed-source component,A-150697436 *,
2020-06,CVE-2020-3676,05,Qualcomm closed-source,N/A,High,Closed-source component,A-152310294 *,
2020-07,CVE-2020-0122,01,Framework,EoP,High,,A-147247775,"8.0, 8.1, 9, 10"
2020-07,CVE-2020-0227,01,Framework,EoP,High,,A-129476618 [ 2 ] [ 3 ] [ 4 ] [ 5 ] [ 6 ],"8.0, 8.1, 9, 10"
2020-07,CVE-2020-9589,01,Media Framework,RCE,Critical,,A-156261521,"8.0, 8.1, 9, 10"
2020-07,CVE-2020-0226,01,Media Framework,EoP,High,,A-150226994,10
2020-07,CVE-2020-0224,01,System,RCE,Critical,,A-147664838 [ 2 ],"8.0, 8.1, 9, 10"
2020-07,CVE-2020-0225,01,System,RCE,Critical,,A-142546668,10
2020-07,CVE-2020-0107,01,System,ID,High,,A-146570216 [ 2 ],10
2020-07,CVE-2019-9501,05,Broadcom,RCE,Critical,Broadcom Firmware,A-130373736 *,
2020-07,CVE-2019-9502,05,Broadcom,RCE,Critical,Broadcom Firmware,A-130374366 *,
2020-07,CVE-2018-20669,05,Kernel,EoP,High,i915 driver,A-135368228 Upstream kernel,
2020-07,CVE-2019-18282,05,Kernel,EoP,High,Linux Networking Stack,A-148588557 Upstream kernel,
2020-07,CVE-2019-20636,05,Kernel,EoP,High,Input driver,A-153715664 Upstream kernel,
2020-07,CVE-2020-0230,05,MediaTek,EoP,High,vcu,A-156337262 ALPS05018169 *,
2020-07,CVE-2020-0231,05,MediaTek,EoP,High,External Memory Interface,A-156333727 ALPS05028343 *,
2020-07,CVE-2020-0228,05,MediaTek,ID,High,Recorder related service,A-156333723 ALPS04163861 *,
2020-07,CVE-2020-3698,05,Qualcomm,N/A,Critical,WLAN,A-153345312 QC-CR#2569764 [ 2 ] [ 3 ],
2020-07,CVE-2020-3699,05,Qualcomm,N/A,Critical,WLAN,A-153344687 QC-CR#2583124 QC-CR#2616229,
2020-07,CVE-2019-10580,05,Qualcomm,N/A,High,Kernel,A-147103019 QC-CR#2507671,
2020-07,CVE-2020-3700,05,Qualcomm,N/A,High,WLAN,A-153345156 QC-CR#2389239,
2020-07,CVE-2019-14123,05,Qualcomm closed-source,N/A,High,Closed-source component,A-147104256 *,
2020-07,CVE-2019-14124,05,Qualcomm closed-source,N/A,High,Closed-source component,A-147104233 *,
2020-07,CVE-2019-14130,05,Qualcomm closed-source,N/A,High,Closed-source component,A-147103639 *,
2020-07,CVE-2020-3688,05,Qualcomm closed-source,N/A,High,Closed-source component,A-153345450 *,
2020-07,CVE-2020-3701,05,Qualcomm closed-source,N/A,High,Closed-source component,A-153345219 *,
2020-08,CVE-2020-0240,01,Framework,RCE,High,,A-150706594,10
2020-08,CVE-2020-0238,01,Framework,EoP,High,,A-150946634,"8.0, 8.1, 9, 10"
2020-08,CVE-2020-0257,01,Framework,EoP,High,,A-156741968,10
2020-08,CVE-2020-0239,01,Framework,ID,High,,A-151095863,"9, 10"
2020-08,CVE-2020-0249,01,Framework,ID,High,,A-154719656,"8.0, 8.1, 9, 10"
2020-08,CVE-2020-0258,01,Framework,ID,High,,A-157598956,10
2020-08,CVE-2020-0247,01,Framework,DoS,High,,A-156087409,"8.0, 8.1, 10"
2020-08,CVE-2020-0241,01,Media Framework,EoP,High,,A-151456667,"8.0, 8.1, 9, 10"
2020-08,CVE-2020-0242,01,Media Framework,EoP,High,,A-151643722,"8.0, 8.1, 9, 10"
2020-08,CVE-2020-0243,01,Media Framework,EoP,High,,A-151644303,"8.0, 8.1, 9, 10"
2020-08,CVE-2020-0108,01,System,EoP,High,,A-140108616 [ 2 ] [ 3 ] [ 4 ],"8.1, 9, 10"
2020-08,CVE-2020-0256,01,System,EoP,High,,A-152874864,"8.0, 8.1, 9, 10"
2020-08,CVE-2020-0248,01,System,ID,High,,A-154627439,10
2020-08,CVE-2020-0250,01,System,ID,High,,A-154934934,10
2020-08,CVE-2020-0259,05,AMLogic components,EoP,High,dm-verity,A-157941353 *,
2020-08,CVE-2020-10751,05,Kernel,EoP,High,SELinux,A-155485360 Upstream kernel,
2020-08,CVE-2020-12464,05,Kernel,EoP,High,Linux USB Subsystem,A-156071259 Upstream kernel,
2020-08,CVE-2019-16746,05,Kernel,ID,High,Linux Wireless Subsystem,A-145728612 Upstream kernel,
2020-08,CVE-2020-0252,05,MediaTek,EoP,High,Multimedia Processing Driver,A-152236803 ALPS05098839 *,
2020-08,CVE-2020-0253,05,MediaTek,EoP,High,Multimedia Processing Driver,A-152647365 ALPS05098839 *,
2020-08,CVE-2020-0260,05,MediaTek,EoP,High,Multimedia Processing Driver,A-152225183 ALPS05098839 *,
2020-08,CVE-2020-0251,05,MediaTek,ID,High,Multimedia Processing Driver,A-152647626 ALPS05098839 *,
2020-08,CVE-2020-0254,05,MediaTek,ID,High,Multimedia Processing Driver,A-152647751 ALPS05098839 *,
2020-08,CVE-2020-11116,05,Qualcomm,N/A,Critical,WLAN,A-155654321 QC-CR#2575144 QC-CR#2616225 QC-CR#2616227,
2020-08,CVE-2020-11115,05,Qualcomm,N/A,High,WLAN,A-155653491 QC-CR#2573329 QC-CR#2617004 QC-CR#2617005,
2020-08,CVE-2020-11118,05,Qualcomm,N/A,High,WLAN,A-155654263 QC-CR#2626729 QC-CR#2635664 QC-CR#2635666,
2020-08,CVE-2020-11120,05,Qualcomm,N/A,High,WLAN,A-155652795 QC-CR#2556613,
2020-08,CVE-2019-10562,05,Qualcomm closed-source,N/A,Critical,Closed-source component,A-147102924 *,
2020-08,CVE-2019-10615,05,Qualcomm closed-source,N/A,Critical,Closed-source component,A-147102844 *,
2020-08,CVE-2019-13998,05,Qualcomm closed-source,N/A,Critical,Closed-source component,A-147102225 *,
2020-08,CVE-2020-3619,05,Qualcomm closed-source,N/A,Critical,Closed-source component,A-148815858 *,
2020-08,CVE-2020-3667,05,Qualcomm closed-source,N/A,Critical,Closed-source component,A-150696660 *,
2020-08,CVE-2018-5886,05,Qualcomm closed-source,N/A,High,Closed-source component,A-63165064 *,
2020-08,CVE-2018-13903,05,Qualcomm closed-source,N/A,High,Closed-source component,A-145546313 *,
2020-08,CVE-2019-13999,05,Qualcomm closed-source,N/A,High,Closed-source component,A-147104231 *,
2020-08,CVE-2019-14025,05,Qualcomm closed-source,N/A,High,Closed-source component,A-145546440 *,
2020-08,CVE-2019-14052,05,Qualcomm closed-source,N/A,High,Closed-source component,A-147103610 *,
2020-08,CVE-2019-14056,05,Qualcomm closed-source,N/A,High,Closed-source component,A-147101659 *,
2020-08,CVE-2019-14065,05,Qualcomm closed-source,N/A,High,Closed-source component,A-147102925 *,
2020-08,CVE-2019-14089,05,Qualcomm closed-source,N/A,High,Closed-source component,A-147104726 *,
2020-08,CVE-2019-14115,05,Qualcomm closed-source,N/A,High,Closed-source component,A-147104255 *,
2020-08,CVE-2019-14119,05,Qualcomm closed-source,N/A,High,Closed-source component,A-147103020 *,
2020-08,CVE-2020-3611,05,Qualcomm closed-source,N/A,High,Closed-source component,A-148816870 *,
2020-08,CVE-2020-3624,05,Qualcomm closed-source,N/A,High,Closed-source component,A-148816990 *,
2020-08,CVE-2020-3636,05,Qualcomm closed-source,N/A,High,Closed-source component,A-148816708 *,
2020-08,CVE-2020-3640,05,Qualcomm closed-source,N/A,High,Closed-source component,A-148816993 *,
2020-08,CVE-2020-3643,05,Qualcomm closed-source,N/A,High,Closed-source component,A-148816294 *,
2020-08,CVE-2020-3644,05,Qualcomm closed-source,N/A,High,Closed-source component,A-148817069 *,
2020-08,CVE-2020-3666,05,Qualcomm closed-source,N/A,High,Closed-source component,A-150697811 *,
2020-08,CVE-2020-3668,05,Qualcomm closed-source,N/A,High,Closed-source component,A-150697381 *,
2020-08,CVE-2020-3669,05,Qualcomm closed-source,N/A,High,Closed-source component,A-150848722 *,
2020-08,CVE-2020-3675,05,Qualcomm closed-source,N/A,High,Closed-source component,A-150696996 *,
2020-08,CVE-2020-11122,05,Qualcomm closed-source,N/A,High,Closed-source component,A-155653312 *,
2020-08,CVE-2020-11128,05,Qualcomm closed-source,N/A,High,Closed-source component,A-155654284 *,
2020-09,CVE-2020-0074,01,Framework,EoP,High,,A-146204120 [ 2 ],"8.0, 8.1, 9, 10"
2020-09,CVE-2020-0388,01,Framework,EoP,High,,A-156123285,10
2020-09,CVE-2020-0391,01,Framework,EoP,High,,A-158570769,"9, 10"
2020-09,CVE-2020-0401,01,Framework,EoP,High,,A-150857253,"8.0, 8.1, 9, 10"
2020-09,CVE-2020-0382,01,Framework,ID,High,,A-152944488 [ 2 ],10
2020-09,CVE-2020-0389,01,Framework,ID,High,,A-156959408,10
2020-09,CVE-2020-0390,01,Framework,ID,High,,A-157598026,10
2020-09,CVE-2020-0395,01,Framework,ID,High,,A-154124307 [ 2 ],"8.0, 8.1, 9, 10"
2020-09,CVE-2020-0397,01,Framework,ID,High,,A-155092443 [ 2 ],"8.0, 8.1, 9, 10"
2020-09,CVE-2020-0399,01,Framework,ID,High,,A-153993591 [ 2 ] [ 3 ],"8.0, 8.1, 9, 10"
2020-09,CVE-2020-0245,01,Media Framework,ID,High,,A-152496149,10
2020-09,CVE-2020-0392,01,Media Framework,EoP,High,,A-150226608,"9, 10"
2020-09,CVE-2020-0381,01,Media Framework,ID,High,,A-150159669,"8.0, 8.1, 9, 10"
2020-09,CVE-2020-0383,01,Media Framework,ID,High,,A-150160279,"8.0, 8.1, 9, 10"
2020-09,CVE-2020-0384,01,Media Framework,ID,High,,A-150159906,"8.0, 8.1, 9, 10"
2020-09,CVE-2020-0385,01,Media Framework,ID,High,,A-150160041,"8.0, 8.1, 9, 10"
2020-09,CVE-2020-0393,01,Media Framework,ID,High,,A-154123412,"9, 10"
2020-09,CVE-2020-0380,01,System,RCE,Critical,,A-146398979,"8.0, 8.1, 9, 10"
2020-09,CVE-2020-0396,01,System,ID,Critical,,A-155094269 [ 2 ] [ 3 ] [ 4 ] [ 5 ] [ 6 ] [ 7 ] [ 8 ] [ 9 ],"8.0, 8.1, 9, 10"
2020-09,CVE-2020-0386,01,System,EoP,High,,A-155650356,"8.0, 8.1, 9, 10"
2020-09,CVE-2020-0394,01,System,EoP,High,,A-155648639,"8.0, 8.1, 9, 10"
2020-09,CVE-2020-0379,01,System,ID,High,,A-150156492,"8.0, 8.1, 9, 10"
2020-09,CVE-2019-19769,05,Kernel,EoP,High,Storage subsystem,A-150693748 Upstream kernel [ 2 ],
2020-09,CVE-2020-0404,05,Kernel,EoP,High,USB driver,A-111893654 Upstream kernel,
2020-09,CVE-2020-0407,05,Kernel,ID,High,F2FS,A-153450752 *,
2020-09,CVE-2020-0123,05,MediaTek,,High,Sound driver of Android TV,A-149871374 DTV02098055 *,
2020-09,CVE-2020-0229,05,MediaTek,,High,mdla,A-156333725 ALPS05023182 *,
2020-09,CVE-2020-0278,05,MediaTek,,High,ATF,A-160812574 ALPS05132252 *,
2020-09,CVE-2020-0342,05,MediaTek,,High,ATF,A-160812576 ALPS05132765 *,
2020-09,CVE-2019-10527,05,Qualcomm,,High,Kernel,A-147102899 QC-CR#2421611 QC-CR#2421602 [ 2 ] QC-CR#2419153 *,
2020-09,CVE-2019-14117,05,Qualcomm,,High,Kernel,A-147104886 QC-CR#2525999,
2020-09,CVE-2020-3613,05,Qualcomm,,High,Kernel,A-148816706 QC-CR#2239987,
2020-09,CVE-2020-3656,05,Qualcomm,,High,Kernel,A-157905780 QC-CR#2580967,
2020-09,CVE-2020-11124,05,Qualcomm,,High,Kernel,A-157906588 QC-CR#2611487,
2020-09,CVE-2019-10628,05,Qualcomm closed-source,,Critical,Closed-source component,A-147102780 *,
2020-09,CVE-2019-10629,05,Qualcomm closed-source,,Critical,Closed-source component,A-147101658 *,
2020-09,CVE-2019-13994,05,Qualcomm closed-source,,Critical,Closed-source component,A-147104051 *,
2020-09,CVE-2020-3621,05,Qualcomm closed-source,,Critical,Closed-source component,A-148816726 *,
2020-09,CVE-2020-3634,05,Qualcomm closed-source,,Critical,Closed-source component,A-150695049 *,
2020-09,CVE-2019-10596,05,Qualcomm closed-source,,High,Closed-source component,A-147104369 *,
2020-09,CVE-2019-13992,05,Qualcomm closed-source,,High,Closed-source component,A-147102898 *,
2020-09,CVE-2019-13995,05,Qualcomm closed-source,,High,Closed-source component,A-147104253 *,
2020-09,CVE-2019-14074,05,Qualcomm closed-source,,High,Closed-source component,A-145546792 *,
2020-09,CVE-2020-3617,05,Qualcomm closed-source,,High,Closed-source component,A-150697774 *,
2020-09,CVE-2020-3620,05,Qualcomm closed-source,,High,Closed-source component,A-148817068 *,
2020-09,CVE-2020-3622,05,Qualcomm closed-source,,High,Closed-source component,A-148817285 *,
2020-09,CVE-2020-3629,05,Qualcomm closed-source,,High,Closed-source component,A-148816991 *,
2020-09,CVE-2020-3671,05,Qualcomm closed-source,,High,Closed-source component,A-148529608 *,
2020-09,CVE-2020-11129,05,Qualcomm closed-source,,High,Closed-source component,A-157905420 *,
2020-09,CVE-2020-11133,05,Qualcomm closed-source,,High,Closed-source component,A-157905987 *,
2020-09,CVE-2020-11135,05,Qualcomm closed-source,,High,Closed-source component,A-157906313 *,
2020-10,CVE-2020-0408,01,Android runtime,EoP,High,,A-156999009,"8.0, 8.1, 9, 10, 11"
2020-10,CVE-2020-0420,01,Framework,EoP,High,,A-162383705,11
2020-10,CVE-2020-0421,01,Framework,EoP,High,,A-161894517,"8.0, 8.1, 9, 10, 11"
2020-10,CVE-2020-0246,01,Framework,ID,High,,A-159062405,"10, 11"
2020-10,CVE-2020-0412,01,Framework,ID,High,,A-160390416,"8.0, 8.1, 9, 10, 11"
2020-10,CVE-2020-0419,01,Framework,ID,High,,A-142125338,"8.1, 9, 10, 11"
2020-10,CVE-2020-0213,01,Media Framework,ID,High,,A-143464314,"10, 11"
2020-10,CVE-2020-0411,01,Media Framework,ID,High,,A-142641801,"10, 11"
2020-10,CVE-2020-0414,01,Media Framework,ID,High,,A-157708122,"10, 11"
2020-10,CVE-2019-2194,01,Media Framework,EoP,Moderate,,A-137284057,9
2020-10,CVE-2020-0215,01,System,EoP,High,,A-140417248 [ 2 ],"8.0, 8.1, 9, 10, 11"
2020-10,CVE-2020-0416,01,System,EoP,High,,A-155288585 [ 2 ],"8.0, 8.1, 9, 10, 11"
2020-10,CVE-2020-0377,01,System,ID,High,,A-158833854,"8.0, 8.1, 9, 10, 11"
2020-10,CVE-2020-0378,01,System,ID,High,,A-157748906,"9, 10, 11"
2020-10,CVE-2020-0398,01,System,ID,High,,A-154323381,"10, 11"
2020-10,CVE-2020-0400,01,System,ID,High,,A-153356561,"10, 11"
2020-10,CVE-2020-0410,01,System,ID,High,,A-156021269,"8.0, 8.1, 9, 10, 11"
2020-10,CVE-2020-0413,01,System,ID,High,,A-158778659,"8.0, 8.1, 9, 10, 11"
2020-10,CVE-2020-0415,01,System,ID,High,,A-156020795,"8.0, 8.1, 9, 10, 11"
2020-10,CVE-2020-0422,01,System,ID,High,,A-161718556,"8.0, 8.1, 9, 10, 11"
2020-10,CVE-2020-0423,05,Kernel,EoP,High,Binder,A-161151868 *,
2020-10,CVE-2020-0283,05,MediaTek,,High,KeyInstall,A-163008257 M-ALPS05229282 *,
2020-10,CVE-2020-0339,05,MediaTek,,High,Widevine,A-162980705 M-ALPS05194445 *,
2020-10,CVE-2020-0367,05,MediaTek,,High,Widevine,A-162980455 M-ALPS05194445 *,
2020-10,CVE-2020-0371,05,MediaTek,,High,KeyInstall,A-163008256 M-ALPS05229226 *,
2020-10,CVE-2020-0376,05,MediaTek,,High,ISP,A-163003156 M-ALPS05194415 *,
2020-10,CVE-2020-11125,05,Qualcomm,,High,Kernel,A-160605820 QC-CR#2617422 QC-CR#2673763,
2020-10,CVE-2020-11162,05,Qualcomm,,High,Kernel,A-160605604 QC-CR#2677376,
2020-10,CVE-2020-11173,05,Qualcomm,,High,Kernel,A-160605709 QC-CR#2646001,
2020-10,CVE-2020-11174,05,Qualcomm,,High,Kernel,A-160605900 QC-CR#2636449,
2020-10,CVE-2020-3654,05,Qualcomm closed-source,,Critical,Closed-source component,A-153346045 *,
2020-10,CVE-2020-3657,05,Qualcomm closed-source,,Critical,Closed-source component,A-153344684 *,
2020-10,CVE-2020-3673,05,Qualcomm closed-source,,Critical,Closed-source component,A-153345154 *,
2020-10,CVE-2020-3692,05,Qualcomm closed-source,,Critical,Closed-source component,A-153345116 *,
2020-10,CVE-2020-11154,05,Qualcomm closed-source,,Critical,Closed-source component,A-160605708 *,
2020-10,CVE-2020-11155,05,Qualcomm closed-source,,Critical,Closed-source component,A-160605404 *,
2020-10,CVE-2020-3638,05,Qualcomm closed-source,,High,Closed-source component,A-153346253 *,
2020-10,CVE-2020-3670,05,Qualcomm closed-source,,High,Closed-source component,A-153345118 *,
2020-10,CVE-2020-3678,05,Qualcomm closed-source,,High,Closed-source component,A-153345398 *,
2020-10,CVE-2020-3684,05,Qualcomm closed-source,,High,Closed-source component,A-153346047 *,
2020-10,CVE-2020-3690,05,Qualcomm closed-source,,High,Closed-source component,A-153344723 *,
2020-10,CVE-2020-3703,05,Qualcomm closed-source,,High,Closed-source component,A-160605749 *,
2020-10,CVE-2020-3704,05,Qualcomm closed-source,,High,Closed-source component,A-160605508 *,
2020-10,CVE-2020-11141,05,Qualcomm closed-source,,High,Closed-source component,A-160606016 *,
2020-10,CVE-2020-11156,05,Qualcomm closed-source,,High,Closed-source component,A-160605294 *,
2020-10,CVE-2020-11157,05,Qualcomm closed-source,,High,Closed-source component,A-160605864 *,
2020-10,CVE-2020-11164,05,Qualcomm closed-source,,High,Closed-source component,A-160605595 *,
2020-10,CVE-2020-11169,05,Qualcomm closed-source,,High,Closed-source component,A-160605405 *,
2020-11,CVE-2020-0409,01,Android runtime,EoP,High,,A-156997193,"8.0, 8.1, 9, 10"
2020-11,CVE-2020-0441,01,Framework,DoS,Critical,,A-158304295,"8.0, 8.1, 9, 10, 11"
2020-11,CVE-2020-0442,01,Framework,DoS,Critical,,A-147358092,"8.0, 8.1, 9, 10, 11"
2020-11,CVE-2020-0418,01,Framework,EoP,High,,A-153879813,10
2020-11,CVE-2020-0439,01,Framework,EoP,High,,A-140256621 [ 2 ],"8.0, 8.1, 9, 10, 11"
2020-11,CVE-2020-0454,01,Framework,ID,High,,A-161370134 [ 2 ],9
2020-11,CVE-2020-0443,01,Framework,DoS,High,,A-152410253,"8.0, 8.1, 9, 10, 11"
2020-11,CVE-2020-0451,01,Media Framework,ID,High,,A-158762825,"10, 11"
2020-11,CVE-2020-0452,01,Media Framework,RCE,High,,A-159625731,"8.0, 8.1, 9, 10, 11"
2020-11,CVE-2020-0438,01,Media Framework,EoP,High,,A-161812320,11
2020-11,CVE-2020-0449,01,System,RCE,Critical,,A-162497143,"8.0, 8.1, 9, 10, 11"
2020-11,CVE-2020-12856,01,System,EoP,High,,A-157038281 [ 2 ] [ 3 ] [ 4 ],"8.0, 8.1, 9, 10, 11"
2020-11,CVE-2020-0424,01,System,ID,High,,A-161362564,"9, 10, 11"
2020-11,CVE-2020-0448,01,System,ID,High,,A-153995334,"8.0, 8.1, 9, 10, 11"
2020-11,CVE-2020-0450,01,System,ID,High,,A-157650336,"8.0, 8.1, 9, 10, 11"
2020-11,CVE-2020-0453,01,System,ID,High,,A-159060474,"8.0, 8.1, 9"
2020-11,CVE-2020-0437,01,System,DoS,High,,A-162741784,"8.0, 8.1, 9, 10, 11"
2020-11,CVE-2020-0445,05,MediaTek,,High,video encoder,A-168264527 M-ALPS05253566 *,
2020-11,CVE-2020-0446,05,MediaTek,,High,video decoder,A-168264528 M-ALPS05257259 * M-ALPS05316810 *,
2020-11,CVE-2020-0447,05,MediaTek,,High,ptp3,A-168251617 M-ALPS05287879 *,
2020-11,CVE-2020-3639,05,Qualcomm closed-source,,Critical,Closed-source component,A-155653490 *,
2020-11,CVE-2020-3632,05,Qualcomm closed-source,,High,Closed-source component,A-155652696 *,
2020-11,CVE-2020-11123,05,Qualcomm closed-source,,High,Closed-source component,A-155652382 *,
2020-11,CVE-2020-11127,05,Qualcomm closed-source,,High,Closed-source component,A-155653795 *,
2020-11,CVE-2020-11168,05,Qualcomm closed-source,,High,Closed-source component,A-162756122 *,
2020-11,CVE-2020-11175,05,Qualcomm closed-source,,High,Closed-source component,A-162756020 *,
2020-11,CVE-2020-11184,05,Qualcomm closed-source,,High,Closed-source component,A-162756352 *,
2020-11,CVE-2020-11193,05,Qualcomm closed-source,,High,Closed-source component,A-162756585 *,
2020-11,CVE-2020-11196,05,Qualcomm closed-source,,High,Closed-source component,A-162756960 *,
2020-11,CVE-2020-11205,05,Qualcomm closed-source,,High,Closed-source component,A-162757240 *,
2020-12,CVE-2020-0099,01,Framework,EoP,High,,A-141745510,"8.0, 8.1, 9, 10"
2020-12,CVE-2020-0294,01,Framework,EoP,High,,A-154915372,"8.0, 8.1, 9, 10"
2020-12,CVE-2020-0440,01,Framework,EoP,High,,A-162627132 [ 2 ],11
2020-12,CVE-2020-0459,01,Framework,ID,High,,A-159373687 [ 2 ] [ 3 ] [ 4 ] [ 5 ],"8.0, 8.1, 9, 10"
2020-12,CVE-2020-0464,01,Framework,ID,High,,A-150371903 [ 2 ],10
2020-12,CVE-2020-0467,01,Framework,ID,High,,A-168500792,"8.1, 9, 10, 11"
2020-12,CVE-2020-0468,01,Framework,ID,High,,A-158484422,"10, 11"
2020-12,CVE-2020-0469,01,Framework,DoS,High,,A-168692734,11
2020-12,CVE-2020-0458,01,Media Framework,RCE,Critical,,A-160265164 [ 2 ],"8.0, 8.1, 9, 10"
2020-12,CVE-2020-0470,01,Media Framework,ID,High,,A-166268541,"10, 11"
2020-12,CVE-2020-0460,01,System,ID,High,,A-163413737,11
2020-12,CVE-2020-0463,01,System,ID,High,,A-169342531,"8.0, 8.1, 9, 10, 11"
2020-12,CVE-2020-15802,01,System,ID,High,,A-158854097,"8.0, 8.1, 9, 10, 11"
2020-12,CVE-2020-0444,05,Kernel,EoP,High,Kernel Audit System,A-150693166 Upstream kernel,
2020-12,CVE-2020-0465,05,Kernel,EoP,High,Kernel,A-162844689 Upstream kernel [ 2 ],
2020-12,CVE-2020-0466,05,Kernel,EoP,High,I/O Subsystem,A-147802478 Upstream kernel [ 2 ],
2020-12,CVE-2020-0016,05,Broadcom,,High,Broadcom middleware,A-171413483 *,
2020-12,CVE-2020-0019,05,Broadcom,,High,Broadcom middleware,A-171413798 *,
2020-12,CVE-2020-0455,05,MediaTek,,High,vcu,A-170372514 M-ALPS05324771 *,
2020-12,CVE-2020-0456,05,MediaTek,,High,vcu,A-170378843 M-ALPS05304125 *,
2020-12,CVE-2020-0457,05,MediaTek,,High,vcu,A-170367562 M-ALPS05304170 *,
2020-12,CVE-2020-11225,05,Qualcomm,,Critical,WLAN,A-168050601 QC-CR#2724407,
2020-12,CVE-2020-11146,05,Qualcomm,,High,Kernel,A-157906412 QC-CR#2648596,
2020-12,CVE-2020-11167,05,Qualcomm,,High,Bluetooth,A-168049959 QC-CR#2434229 [ 2 ],
2020-12,CVE-2020-11185,05,Qualcomm,,High,WLAN,A-168050580 QC-CR#2658462,
2020-12,CVE-2020-11217,05,Qualcomm,,High,Audio,A-168051734 QC-CR#2710036,
2020-12,CVE-2020-3685,05,Qualcomm closed-source,,Critical,Closed-source component,A-157905813 *,
2020-12,CVE-2020-3686,05,Qualcomm closed-source,,Critical,Closed-source component,A-157906329 *,
2020-12,CVE-2020-3691,05,Qualcomm closed-source,,Critical,Closed-source component,A-157906171 *,
2020-12,CVE-2020-11136,05,Qualcomm closed-source,,Critical,Closed-source component,A-157905860 *,
2020-12,CVE-2020-11137,05,Qualcomm closed-source,,Critical,Closed-source component,A-157905869 *,
2020-12,CVE-2020-11138,05,Qualcomm closed-source,,Critical,Closed-source component,A-157905657 *,
2020-12,CVE-2020-11140,05,Qualcomm closed-source,,Critical,Closed-source component,A-157906530 *,
2020-12,CVE-2020-11143,05,Qualcomm closed-source,,Critical,Closed-source component,A-157905814 *,
2020-12,CVE-2020-11119,05,Qualcomm closed-source,,High,Closed-source component,A-168051735 *,
2020-12,CVE-2020-11139,05,Qualcomm closed-source,,High,Closed-source component,A-157905659 *,
2020-12,CVE-2020-11144,05,Qualcomm closed-source,,High,Closed-source component,A-157906670 *,
2020-12,CVE-2020-11145,05,Qualcomm closed-source,,High,Closed-source component,A-157905870 *,
2020-12,CVE-2020-11179,05,Qualcomm closed-source,,High,Closed-source component,A-163548240 *,
2020-12,CVE-2020-11197,05,Qualcomm closed-source,,High,Closed-source component,A-168050278 *,
2020-12,CVE-2020-11200,05,Qualcomm closed-source,,High,Closed-source component,A-168049958 *,
2020-12,CVE-2020-11212,05,Qualcomm closed-source,,High,Closed-source component,A-168050603 *,
2020-12,CVE-2020-11213,05,Qualcomm closed-source,,High,Closed-source component,A-168050861 *,
2020-12,CVE-2020-11214,05,Qualcomm closed-source,,High,Closed-source component,A-168049138 *,
2020-12,CVE-2020-11215,05,Qualcomm closed-source,,High,Closed-source component,A-168049960 *,
2020-12,CVE-2020-11216,05,Qualcomm closed-source,,High,Closed-source component,A-168050579 *,
2021-01,CVE-2021-0313,01,Framework,DoS,Critical,,A-170968514,"8.0, 8.1, 9, 10, 11"
2021-01,CVE-2021-0303,01,Framework,EoP,High,,A-170407229,11
2021-01,CVE-2021-0306,01,Framework,EoP,High,,A-154505240 [ 2 ],"8.0, 8.1, 9, 10, 11"
2021-01,CVE-2021-0307,01,Framework,EoP,High,,A-155648771 [ 2 ],"10, 11"
2021-01,CVE-2021-0310,01,Framework,EoP,High,,A-170212632,11
2021-01,CVE-2021-0315,01,Framework,EoP,High,,A-169763814,"8.0, 8.1, 9, 10, 11"
2021-01,CVE-2021-0317,01,Framework,EoP,High,,A-168319670,"8.0, 8.1, 9, 10, 11"
2021-01,CVE-2021-0318,01,Framework,EoP,High,,A-168211968,"8.1, 9, 10, 11"
2021-01,CVE-2021-0319,01,Framework,EoP,High,,A-167244818,"8.0, 8.1, 9, 10, 11"
2021-01,CVE-2021-0304,01,Framework,ID,High,,A-162738636,"8.0, 8.1, 9, 10"
2021-01,CVE-2021-0309,01,Framework,ID,High,,A-158480899,"8.0, 8.1, 9, 10, 11"
2021-01,CVE-2021-0321,01,Framework,ID,High,,A-166667403,11
2021-01,CVE-2021-0322,01,Framework,ID,High,,A-159145361 [ 2 ],"9, 10, 11"
2021-01,CVE-2019-9376,01,Framework,DoS,High,,A-129287265,"8.0, 8.1, 9"
2021-01,CVE-2020-15999,01,Framework,RCE,Moderate,,A-171232105,"8.0, 8.1, 9, 10, 11"
2021-01,CVE-2016-6328,01,Media Framework,RCE,High,,A-162602132,"8.0, 8.1, 9, 10, 11"
2021-01,CVE-2021-0311,01,Media Framework,ID,High,,A-170240631,"8.0, 8.1, 9, 10, 11"
2021-01,CVE-2021-0312,01,Media Framework,ID,High,,A-170583712,"8.0, 8.1, 9, 10, 11"
2021-01,CVE-2021-0316,01,System,RCE,Critical,,A-168802990,"8.0, 8.1, 9, 10, 11"
2021-01,CVE-2020-0471,01,System,EoP,High,,A-169327567,"8.0, 8.1, 9, 10, 11"
2021-01,CVE-2021-0308,01,System,EoP,High,,A-158063095,"8.0, 8.1, 9, 10, 11"
2021-01,CVE-2021-0320,01,System,ID,High,,A-169933423,"10, 11"
2021-01,CVE-2020-10732,05,Kernel,ID,High,ELF core dumps,A-170658976 Upstream kernel,
2021-01,CVE-2020-10766,05,Kernel,ID,High,Speculative execution,A-169505740 Upstream kernel,
2021-01,CVE-2020-10767,05,Kernel,ID,High,Linux kernel,A-156766097 Upstream kernel,
2021-01,CVE-2021-0301,05,MediaTek,,High,ged,A-172514667 M-ALPS05342361 *,
2021-01,CVE-2020-11233,05,Qualcomm,,High,Kernel,A-170138863 QC-CR#2257789,
2021-01,CVE-2020-11239,05,Qualcomm,,High,Display,A-168722551 QC-CR#2744826,
2021-01,CVE-2020-11240,05,Qualcomm,,High,Camera,A-170138526 QC-CR#2702760 [ 2 ] [ 3 ],
2021-01,CVE-2020-11250,05,Qualcomm,,High,Audio,A-170139097 QC-CR#2734543,
2021-01,CVE-2020-11261,05,Qualcomm,,High,Display,A-161373974 QC-CR#2742124,
2021-01,CVE-2020-11262,05,Qualcomm,,High,Display,A-170138789 QC-CR#2742711,
2021-01,CVE-2020-11134,05,Qualcomm closed-source,,Critical,Closed-source component,A-170138862 *,
2021-01,CVE-2020-11182,05,Qualcomm closed-source,,Critical,Closed-source component,A-168722721 *,
2021-01,CVE-2020-11126,05,Qualcomm closed-source,,High,Closed-source component,A-170139227 *,
2021-01,CVE-2020-11159,05,Qualcomm closed-source,,High,Closed-source component,A-170138666 *,
2021-01,CVE-2020-11181,05,Qualcomm closed-source,,High,Closed-source component,A-168051034 *,
2021-01,CVE-2020-11235,05,Qualcomm closed-source,,High,Closed-source component,A-170138866 *,
2021-01,CVE-2020-11238,05,Qualcomm closed-source,,High,Closed-source component,A-170139099 *,
2021-01,CVE-2020-11241,05,Qualcomm closed-source,,High,Closed-source component,A-170139229 *,
2021-01,CVE-2020-11260,05,Qualcomm closed-source,,High,Closed-source component,A-168918332 *,
2021-02,CVE-2021-0341,01,Android runtime,ID,High,,A-171980069 [ 2 ],"8.1, 9, 10, 11"
2021-02,CVE-2021-0302,01,Framework,EoP,High,,A-155287782,"8.1, 9, 10"
2021-02,CVE-2021-0305,01,Framework,EoP,High,,A-154015447 [ 2 ] [ 3 ],"8.1, 9, 10"
2021-02,CVE-2021-0314,01,Framework,EoP,High,,A-171221302,"8.1, 9, 10, 11"
2021-02,CVE-2021-0327,01,Framework,EoP,High,,A-172935267,"8.1, 9, 10, 11"
2021-02,CVE-2021-0330,01,Framework,EoP,High,,A-170732441,"9, 10, 11"
2021-02,CVE-2021-0334,01,Framework,EoP,High,,A-163358811,"8.1, 9, 10, 11"
2021-02,CVE-2021-0337,01,Framework,EoP,High,,A-157474195,"8.1, 9, 10, 11"
2021-02,CVE-2021-0339,01,Framework,EoP,High,,A-145728687 [ 2 ] [ 3 ] [ 4 ] [ 5 ],"8.1, 9, 10"
2021-02,CVE-2021-0340,01,Framework,EoP,High,,A-134155286,10
2021-02,CVE-2021-0338,01,Framework,DoS,High,,A-156260178,"10, 11"
2021-02,CVE-2021-0325,01,Media Framework,RCE,High,,A-174238784,"10, 11"
2021-02,CVE-2021-0332,01,Media Framework,EoP,High,,A-169256435,"10, 11"
2021-02,CVE-2021-0335,01,Media Framework,ID,High,,A-160346309,11
2021-02,CVE-2021-0326,01,System,RCE,Critical,,A-172937525,"8.1, 9, 10, 11"
2021-02,CVE-2021-0328,01,System,EoP,High,,A-172670415,"8.1, 9, 10, 11"
2021-02,CVE-2021-0329,01,System,EoP,High,,A-171400004,"8.1, 9, 10, 11"
2021-02,CVE-2021-0331,01,System,EoP,High,,A-170731783,"8.1, 9, 10, 11"
2021-02,CVE-2021-0333,01,System,EoP,High,,A-168504491,"8.1, 9, 10, 11"
2021-02,CVE-2021-0336,01,System,EoP,High,,A-158219161,"8.1, 9, 10, 11"
2021-02,CVE-2017-18509,05,Kernel,EoP,High,IPv6 multicast,A-172999675 Upstream kernel,
2021-02,CVE-2020-11272,05,Qualcomm,,Critical,WLAN,A-172348733 QC-CR#2598841 QC-CR#2771345,
2021-02,CVE-2020-11271,05,Qualcomm,,High,Audio,A-172348954 QC-CR#2555096,
2021-02,CVE-2020-11277,05,Qualcomm,,High,Camera,A-172349048 QC-CR#2731406 *,
2021-02,CVE-2020-11282,05,Qualcomm,,High,Display,A-161374239 QC-CR#2748408,
2021-02,CVE-2020-11286,05,Qualcomm,,High,Kernel,A-172348990 QC-CR#2755788,
2021-02,CVE-2020-11297,05,Qualcomm,,High,WLAN,A-172349044 QC-CR#2588832,
2021-02,CVE-2020-11163,05,Qualcomm closed-source,,Critical,Closed-source component,A-162751928 *,
2021-02,CVE-2020-11170,05,Qualcomm closed-source,,Critical,Closed-source component,A-162753079 *,
2021-02,CVE-2020-11177,05,Qualcomm closed-source,,High,Closed-source component,A-162755362 *,
2021-02,CVE-2020-11180,05,Qualcomm closed-source,,High,Closed-source component,A-168050602 *,
2021-02,CVE-2020-11187,05,Qualcomm closed-source,,High,Closed-source component,A-162755638 *,
2021-02,CVE-2020-11253,05,Qualcomm closed-source,,High,Closed-source component,A-168722706 *,
2021-02,CVE-2020-11269,05,Qualcomm closed-source,,High,Closed-source component,A-172348983 *,
2021-02,CVE-2020-11270,05,Qualcomm closed-source,,High,Closed-source component,A-172349024 *,
2021-02,CVE-2020-11275,05,Qualcomm closed-source,,High,Closed-source component,A-172348985 *,
2021-02,CVE-2020-11276,05,Qualcomm closed-source,,High,Closed-source component,A-172349003 *,
2021-02,CVE-2020-11278,05,Qualcomm closed-source,,High,Closed-source component,A-172349045 *,
2021-02,CVE-2020-11280,05,Qualcomm closed-source,,High,Closed-source component,A-172348987 *,
2021-02,CVE-2020-11281,05,Qualcomm closed-source,,High,Closed-source component,A-161714839 *,
2021-02,CVE-2020-11283,05,Qualcomm closed-source,,High,Closed-source component,A-168918306 *,
2021-02,CVE-2020-11287,05,Qualcomm closed-source,,High,Closed-source component,A-172348989 *,
2021-02,CVE-2020-11296,05,Qualcomm closed-source,,High,Closed-source component,A-172348729 *,
2021-03,CVE-2021-0395,01,Android runtime,EoP,High,,A-170315126,11
2021-03,CVE-2021-0391,01,Framework,EoP,High,,A-172841550,"8.1, 9, 10, 11"
2021-03,CVE-2021-0398,01,Framework,EoP,High,,A-173516292,11
2021-03,CVE-2021-0397,01,System,RCE,Critical,,A-174052148,"8.1, 9, 10, 11"
2021-03,CVE-2017-14491,01,System,RCE,High,,A-158221622,"8.1, 9, 10, 11"
2021-03,CVE-2021-0393,01,System,RCE,High,,A-168041375,"8.1, 9, 10, 11"
2021-03,CVE-2021-0396,01,System,RCE,High,,A-160610106,"8.1, 9, 10, 11"
2021-03,CVE-2021-0390,01,System,EoP,High,,A-174749461,"8.1, 9, 10, 11"
2021-03,CVE-2021-0392,01,System,EoP,High,,A-175124730,"9, 10, 11"
2021-03,CVE-2021-0394,01,System,ID,High,,A-172655291 [ 2 ] [ 3 ] [ 4 ] [ 5 ] [ 6 ] [ 7 ] [ 8 ] [ 9 ] [ 10 ] [ 11 ] [ 12 ],"8.1, 9, 10, 11"
2021-03,CVE-2021-0399,05,Kernel,EoP,High,xt_qtaguid,A-176919394 Upstream kernel [ 2 ] [ 3 ] [ 4 ] [ 5 ] [ 6 ] [ 7 ] [ 8 ],
2021-03,CVE-2020-11223,05,Qualcomm,,High,Camera,A-172349026 QC-CR#2721399 *,
2021-03,CVE-2020-11290,05,Qualcomm,,High,Display,A-168917883 QC-CR#2761634,
2021-03,CVE-2020-11308,05,Qualcomm,,High,Bootloader,A-175038288 QC-CR#2783331,
2021-03,CVE-2020-11309,05,Qualcomm,,High,Display,A-175038160 QC-CR#2783659,
2021-03,CVE-2020-11192,05,Qualcomm closed-source,,Critical,Closed-source component,A-168050025 *,
2021-03,CVE-2020-11204,05,Qualcomm closed-source,,Critical,Closed-source component,A-162750025 *,
2021-03,CVE-2020-11218,05,Qualcomm closed-source,,Critical,Closed-source component,A-168049956 *,
2021-03,CVE-2020-11227,05,Qualcomm closed-source,,Critical,Closed-source component,A-168050276 *,
2021-03,CVE-2020-11228,05,Qualcomm closed-source,,Critical,Closed-source component,A-168050345 *,
2021-03,CVE-2020-11165,05,Qualcomm closed-source,,High,Closed-source component,A-160605782 *,
2021-03,CVE-2020-11166,05,Qualcomm closed-source,,High,Closed-source component,A-168051733 *,
2021-03,CVE-2020-11171,05,Qualcomm closed-source,,High,Closed-source component,A-168050346 *,
2021-03,CVE-2020-11178,05,Qualcomm closed-source,,High,Closed-source component,A-160605529 *,
2021-03,CVE-2020-11186,05,Qualcomm closed-source,,High,Closed-source component,A-168049957 *,
2021-03,CVE-2020-11188,05,Qualcomm closed-source,,High,Closed-source component,A-168050859 *,
2021-03,CVE-2020-11189,05,Qualcomm closed-source,,High,Closed-source component,A-168051051 *,
2021-03,CVE-2020-11190,05,Qualcomm closed-source,,High,Closed-source component,A-168051033 *,
2021-03,CVE-2020-11194,05,Qualcomm closed-source,,High,Closed-source component,A-162756908 *,
2021-03,CVE-2020-11195,05,Qualcomm closed-source,,High,Closed-source component,A-162756604 *,
2021-03,CVE-2020-11198,05,Qualcomm closed-source,,High,Closed-source component,A-162756735 *,
2021-03,CVE-2020-11199,05,Qualcomm closed-source,,High,Closed-source component,A-168050860 *,
2021-03,CVE-2020-11220,05,Qualcomm closed-source,,High,Closed-source component,A-168050239 *,
2021-03,CVE-2020-11221,05,Qualcomm closed-source,,High,Closed-source component,A-168051035 *,
2021-03,CVE-2020-11222,05,Qualcomm closed-source,,High,Closed-source component,A-168050578 *,
2021-03,CVE-2020-11226,05,Qualcomm closed-source,,High,Closed-source component,A-168050240 *,
2021-03,CVE-2020-11299,05,Qualcomm closed-source,,High,Closed-source component,A-175038625 *,
2021-04,CVE-2021-0400,01,Framework,EoP,High,,A-177561690,"9, 10, 11"
2021-04,CVE-2021-0426,01,Framework,EoP,High,,A-174485572,11
2021-04,CVE-2021-0427,01,Framework,EoP,High,,A-174488848,11
2021-04,CVE-2021-0432,01,Framework,EoP,High,,A-173552790,11
2021-04,CVE-2021-0438,01,Framework,EoP,High,,A-152064592,"8.1, 9, 10"
2021-04,CVE-2021-0439,01,Framework,EoP,High,,A-174243830,11
2021-04,CVE-2021-0442,01,Framework,EoP,High,,A-174768985,11
2021-04,CVE-2021-0443,01,Framework,ID,High,,A-170474245,"8.1, 9, 10, 11"
2021-04,CVE-2021-0444,01,Framework,ID,High,,A-178825358,"8.1, 9, 10, 11"
2021-04,CVE-2021-0437,01,Media Framework,EoP,High,,A-176168330,"8.1, 9, 10, 11"
2021-04,CVE-2021-0436,01,Media Framework,ID,High,,A-176496160 [ 2 ],"8.1, 9, 10, 11"
2021-04,CVE-2021-0471,01,Media Framework,ID,High,,A-176444786 [ 2 ],"8.1, 9, 10, 11"
2021-04,CVE-2021-0430,01,System,RCE,Critical,,A-178725766,"10, 11"
2021-04,CVE-2021-0429,01,System,EoP,High,,A-175074139 [ 2 ],"8.1, 9, 10, 11"
2021-04,CVE-2021-0433,01,System,EoP,High,,A-171221090 [ 2 ],"8.1, 9, 10, 11"
2021-04,CVE-2021-0446,01,System,EoP,High,,A-172252122,11
2021-04,CVE-2021-0431,01,System,ID,High,,A-174149901,"8.1, 9, 10, 11"
2021-04,CVE-2021-0435,01,System,ID,High,,A-174150451,"8.1, 9, 10, 11"
2021-04,CVE-2021-0445,05,System,EoP,High,,A-172322502,"9, 11"
2021-04,CVE-2020-15436,05,Kernel,EoP,High,Kernel Block Device Subsystem,A-174737742 Upstream kernel,
2021-04,CVE-2020-25705,05,Kernel,ID,High,ICMP,A-174737972 Upstream kernel,
2021-04,CVE-2021-0468,05,MediaTek,,High,LK,A-180427272 M-ALPS05518125 *,
2021-04,CVE-2020-11234,05,Qualcomm,,High,Kernel,A-170139095 QC-CR#2439497 [ 2 ],
2021-04,CVE-2020-11210,05,Qualcomm closed-source,,Critical,Closed-source component,A-170138788 *,
2021-04,CVE-2020-11191,05,Qualcomm closed-source,,High,Closed-source component,A-170138864 *,
2021-04,CVE-2020-11236,05,Qualcomm closed-source,,High,Closed-source component,A-170138748 *,
2021-04,CVE-2020-11237,05,Qualcomm closed-source,,High,Closed-source component,A-170138790 *,
2021-04,CVE-2020-11242,05,Qualcomm closed-source,,High,Closed-source component,A-170138747 *,
2021-04,CVE-2020-11243,05,Qualcomm closed-source,,High,Closed-source component,A-170139096 *,
2021-04,CVE-2020-11245,05,Qualcomm closed-source,,High,Closed-source component,A-170138750 *,
2021-04,CVE-2020-11246,05,Qualcomm closed-source,,High,Closed-source component,A-159482433 *,
2021-04,CVE-2020-11247,05,Qualcomm closed-source,,High,Closed-source component,A-170138749 *,
2021-04,CVE-2020-11251,05,Qualcomm closed-source,,High,Closed-source component,A-170137904 *,
2021-04,CVE-2020-11252,05,Qualcomm closed-source,,High,Closed-source component,A-170138791 *,
2021-04,CVE-2020-11255,05,Qualcomm closed-source,,High,Closed-source component,A-170138865 *,
2021-05,CVE-2021-0472,01,Framework,EoP,High,,A-176801033,"9, 10, 11"
2021-05,CVE-2021-0485,01,Framework,EoP,High,,A-174302616,11
2021-05,CVE-2021-0487,01,Framework,EoP,High,,A-174046397,11
2021-05,CVE-2021-0482,01,Media Framework,EoP,High,,A-173791720,11
2021-05,CVE-2021-0484,01,Media Framework,ID,High,,A-173720767,"8.1, 9, 10, 11"
2021-05,CVE-2021-0473,01,System,RCE,Critical,,A-179687208,"8.1, 9, 10, 11"
2021-05,CVE-2021-0474,01,System,RCE,Critical,,A-177611958,"8.1, 9, 10, 11"
2021-05,CVE-2021-0475,01,System,RCE,Critical,,A-175686168,"10, 11"
2021-05,CVE-2021-0476,01,System,EoP,High,,A-169252501,"9, 10, 11"
2021-05,CVE-2021-0477,01,System,EoP,High,,A-178189250,"8.1, 9, 10, 11"
2021-05,CVE-2021-0481,01,System,EoP,High,,A-172939189,"8.1, 9, 10, 11"
2021-05,CVE-2021-0466,01,System,ID,High,,A-154114734,10
2021-05,CVE-2021-0480,01,System,ID,High,,A-174493336,"8.1, 9, 10, 11"
2021-05,CVE-2019-2219,05,Framework,ID,High,,A-119041698,11
2021-05,CVE-2020-29661,05,Kernel,EoP,High,TTY,A-175451802 Upstream kernel,
2021-05,CVE-2021-0467,05,AMLogic,,Critical,bootROM,A-174490700 *,
2021-05,CVE-2021-28663,05,ARM components,,High,Mali,A-174259860 *,
2021-05,CVE-2021-28664,05,ARM components,,High,Mali,A-174588870 *,
2021-05,CVE-2021-0489,05,MediaTek,,High,memory management driver,A-183464866 M-ALPS05403499 *,
2021-05,CVE-2021-0490,05,MediaTek,,High,memory management driver,A-183464868 M-ALPS05403499 *,
2021-05,CVE-2021-0491,05,MediaTek,,High,memory management driver,A-183461315 M-ALPS05403499 *,
2021-05,CVE-2021-0492,05,MediaTek,,High,memory management driver,A-183459078 M-ALPS05403499 *,
2021-05,CVE-2021-0493,05,MediaTek,,High,memory management driver,A-183461317 M-ALPS05403499 *,
2021-05,CVE-2021-0494,05,MediaTek,,High,memory management driver,A-183461318 M-ALPS05403499 *,
2021-05,CVE-2021-0495,05,MediaTek,,High,memory management driver,A-183459083 M-ALPS05403499 *,
2021-05,CVE-2021-0496,05,MediaTek,,High,memory management driver,A-183467912 M-ALPS05403499 *,
2021-05,CVE-2021-0497,05,MediaTek,,High,memory management driver,A-183461320 M-ALPS05403499 *,
2021-05,CVE-2021-0498,05,MediaTek,,High,memory management driver,A-183461321 M-ALPS05403499 *,
2021-05,CVE-2021-0324,05,Unisoc,,High,Framework,A-175402462 *,
2021-05,CVE-2021-1891,05,Qualcomm,,High,Audio,A-179039763 QC-CR#2766242 [ 2 ],
2021-05,CVE-2021-1905,05,Qualcomm,,High,Display,A-178809945 QC-CR#2826864,
2021-05,CVE-2021-1927,05,Qualcomm,,High,Kernel,A-179040600 QC-CR#2827356,
2021-05,CVE-2021-1906,05,Qualcomm,,Moderate,Display,A-178810049 QC-CR#2835082,
2021-05,CVE-2020-11273,05,Qualcomm closed-source,,High,Closed-source component,A-172348952 *,
2021-05,CVE-2020-11274,05,Qualcomm closed-source,,High,Closed-source component,A-172348993 *,
2021-05,CVE-2020-11279,05,Qualcomm closed-source,,High,Closed-source component,A-172348857 *,
2021-05,CVE-2020-11284,05,Qualcomm closed-source,,High,Closed-source component,A-172348929 *,
2021-05,CVE-2020-11285,05,Qualcomm closed-source,,High,Closed-source component,A-172349029 *,
2021-05,CVE-2020-11288,05,Qualcomm closed-source,,High,Closed-source component,A-172348722 *,
2021-05,CVE-2020-11289,05,Qualcomm closed-source,,High,Closed-source component,A-172348852 *,
2021-05,CVE-2021-1910,05,Qualcomm closed-source,,High,Closed-source component,A-179039901 *,
2021-05,CVE-2021-1915,05,Qualcomm closed-source,,High,Closed-source component,A-172944461 *,
2021-06,CVE-2021-0511,01,Android runtime,EoP,High,,A-178055795 [ 2 ] [ 3 ],"9, 10, 11"
2021-06,CVE-2021-0521,01,Framework,ID,High,,A-174661955,"8.1, 9, 10, 11"
2021-06,CVE-2021-0508,01,Media Framework,EoP,High,,A-176444154,"8.1, 9, 10, 11"
2021-06,CVE-2021-0509,01,Media Framework,EoP,High,,A-176444161 [ 2 ],"8.1, 9, 10, 11"
2021-06,CVE-2021-0510,01,Media Framework,EoP,High,,A-176444622,"8.1, 9, 10, 11"
2021-06,CVE-2021-0520,01,Media Framework,EoP,High,,A-176237595,"10, 11"
2021-06,CVE-2021-0507,01,System,RCE,Critical,,A-181860042,"8.1, 9, 10, 11"
2021-06,CVE-2021-0516,01,System,EoP,Critical,,A-181660448,"8.1, 9, 10, 11"
2021-06,CVE-2021-0505,01,System,EoP,High,,A-179975048,11
2021-06,CVE-2021-0506,01,System,EoP,High,,A-181962311,"8.1, 9, 10, 11"
2021-06,CVE-2021-0523,01,System,EoP,High,,A-174047492,"10, 11"
2021-06,CVE-2021-0504,01,System,ID,High,,A-179162665,11
2021-06,CVE-2021-0517,01,System,ID,High,,A-179053823,11
2021-06,CVE-2021-0522,01,System,ID,High,,A-174182139,"9, 10, 11"
2021-06,CVE-2021-0513,05,Framework,EoP,High,,A-156090809,"8.1, 9, 10, 11"
2021-06,CVE-2020-26555,05,System,EoP,High,,A-174626251,"8.1, 9, 10, 11"
2021-06,CVE-2020-26558,05,System,EoP,High,,A-174886838,"8.1, 9, 10, 11"
2021-06,CVE-2021-0478,05,System,EoP,High,,A-169255797,"8.1, 9, 10, 11"
2021-06,CVE-2020-14305,05,Kernel,EoP,High,Voice Over IP H.323,A-174904512 Upstream kernel,
2021-06,CVE-2021-0512,05,Kernel,EoP,High,HID,A-173843328 Upstream kernel,
2021-06,CVE-2021-0525,05,MediaTek,,High,memory management driver,A-185193929 M-ALPS05403499 *,
2021-06,CVE-2021-0526,05,MediaTek,,High,memory management driver,A-185195264 M-ALPS05403499 *,
2021-06,CVE-2021-0527,05,MediaTek,,High,memory management driver,A-185193931 M-ALPS05403499 *,
2021-06,CVE-2021-0528,05,MediaTek,,High,memory management driver,A-185195266 M-ALPS05403499 *,
2021-06,CVE-2021-0529,05,MediaTek,,High,memory management driver,A-185195268 M-ALPS05403499 *,
2021-06,CVE-2021-0530,05,MediaTek,,High,memory management driver,A-185196175 M-ALPS05403499 *,
2021-06,CVE-2021-0531,05,MediaTek,,High,memory management driver,A-185195272 M-ALPS05403499 *,
2021-06,CVE-2021-0532,05,MediaTek,,High,memory management driver,A-185196177 M-ALPS05403499 *,
2021-06,CVE-2021-0533,05,MediaTek,,High,memory management driver,A-185193932 M-ALPS05403499 *,
2021-06,CVE-2020-11267,05,Qualcomm,,High,Security,A-168918351 QC-CR#2723768 [ 2 ] [ 3 ],
2021-06,CVE-2020-11176,05,Qualcomm closed-source,,Critical,Closed-source component,A-175038159 *,
2021-06,CVE-2020-11291,05,Qualcomm closed-source,,Critical,Closed-source component,A-175038624 *,
2021-06,CVE-2020-26558,05,Qualcomm closed-source,,Critical,Closed-source component,A-179039983 *,
2021-06,CVE-2020-11292,05,Qualcomm closed-source,,High,Closed-source component,A-171309888 *,
2021-06,CVE-2020-11298,05,Qualcomm closed-source,,High,Closed-source component,A-175038385 *,
2021-06,CVE-2020-11304,05,Qualcomm closed-source,,High,Closed-source component,A-167567084 *,
2021-06,CVE-2020-11306,05,Qualcomm closed-source,,High,Closed-source component,A-175038981 *,
2021-06,CVE-2020-26555,05,Qualcomm closed-source,,High,Closed-source component,A-181682537 *,
2021-06,CVE-2021-1900,05,Qualcomm closed-source,,High,Closed-source component,A-181682536 *,
2021-06,CVE-2021-1925,05,Qualcomm closed-source,,High,Closed-source component,A-179040020 *,
2021-06,CVE-2021-1937,05,Qualcomm closed-source,,High,Closed-source component,A-181682513 *,
2021-07,CVE-2021-0441,01,Framework,EoP,High,,A-174495520 [ 2 ],11
2021-07,CVE-2021-0486,01,Framework,EoP,High,,A-171430330 [ 2 ],"10, 11"
2021-07,CVE-2021-0587,01,Media Framework,EoP,High,,A-185259758,"8.1, 9, 10, 11"
2021-07,CVE-2021-0601,01,Media Framework,ID,High,,A-180643802,"8.1, 9, 10, 11"
2021-07,CVE-2020-0417,01,System,EoP,High,,A-154319182,"8.1, 9, 10"
2021-07,CVE-2021-0585,01,System,EoP,High,,A-184963385,"8.1, 9, 10, 11"
2021-07,CVE-2021-0586,01,System,EoP,High,,A-182584940,"8.1, 9, 10, 11"
2021-07,CVE-2021-0589,01,System,EoP,High,,A-180939982,"8.1, 9, 10, 11"
2021-07,CVE-2021-0594,01,System,EoP,High,,A-176445224,"8.1, 9, 10, 11"
2021-07,CVE-2021-0600,01,System,EoP,High,,A-179042963,"8.1, 9, 10, 11"
2021-07,CVE-2021-0602,01,System,EoP,High,,A-177573895,"10, 11"
2021-07,CVE-2021-0588,01,System,ID,High,,A-177238342,"8.1, 9"
2021-07,CVE-2021-0590,01,System,ID,High,,A-175213041 [ 2 ],"8.1, 9, 10, 11"
2021-07,CVE-2021-0596,01,System,ID,High,,A-181346550,"8.1, 9, 10, 11"
2021-07,CVE-2021-0597,01,System,ID,High,,A-176496502,"8.1, 9, 10, 11"
2021-07,CVE-2021-0599,01,System,ID,High,,A-175614289,"8.1, 9, 10, 11"
2021-07,CVE-2021-0604,01,System,ID,High,,A-179910660,"8.1, 9, 10, 11"
2021-07,CVE-2020-0368,05,Framework,ID,High,,A-143230980 [ 2 ],11
2021-07,CVE-2021-0514,05,System,RCE,High,,A-162604069 [ 2 ] [ 3 ],"8.1, 9, 10, 11"
2021-07,CVE-2021-0515,05,System,RCE,High,,A-167389063 [ 2 ] [ 3 ],"8.1, 9, 10, 11"
2021-07,CVE-2021-0603,05,System,EoP,High,,A-182809425,11
2021-07,CVE-2021-0577,05,MediaTek,,High,flv extractor,A-187161771 M-ALPS05544148 *,
2021-07,CVE-2021-0592,05,Widevine DRM,,Critical,Widevine,A-188061006 *,
2021-07,CVE-2021-1965,05,Qualcomm,,Critical,WLAN,A-184561775 QC-CR#2867353,
2021-07,CVE-2021-1907,05,Qualcomm,,High,WLAN,A-184561563 QC-CR#2766363,
2021-07,CVE-2021-1931,05,Qualcomm,,High,Bootloader,A-179057550 QC-CR#2820093,
2021-07,CVE-2021-1940,05,Qualcomm,,High,Kernel,A-184561360 QC-CR#2830334,
2021-07,CVE-2021-1943,05,Qualcomm,,High,WLAN,A-184561361 QC-CR#2836205,
2021-07,CVE-2021-1945,05,Qualcomm,,High,WLAN,A-184561583 QC-CR#2838849,
2021-07,CVE-2021-1954,05,Qualcomm,,High,WLAN,A-184561797 QC-CR#2842475,
2021-07,CVE-2021-1955,05,Qualcomm,,High,WLAN,A-184561582 QC-CR#2810235 QC-CR#2857049 QC-CR#2857052,
2021-07,CVE-2021-1964,05,Qualcomm,,High,WLAN,A-184561362 QC-CR#2856212,
2021-07,CVE-2021-1970,05,Qualcomm,,High,WLAN,A-184561587 QC-CR#2857084,
2021-07,CVE-2020-11307,05,Qualcomm closed-source,,Critical,Closed-source component,A-175038120 *,
2021-07,CVE-2021-1938,05,Qualcomm closed-source,,High,Closed-source component,A-184561642 *,
2021-07,CVE-2021-1953,05,Qualcomm closed-source,,High,Closed-source component,A-184561249 *,
2021-08,CVE-2021-0640,01,Framework,EoP,High,,A-187957589,"9, 10, 11"
2021-08,CVE-2021-0645,01,Framework,EoP,High,,A-157320644,11
2021-08,CVE-2021-0646,01,Framework,EoP,High,,A-153352319,"8.1, 9, 10, 11"
2021-08,CVE-2021-0519,01,Media Framework,ID,High,,A-176533109,"10, 11"
2021-08,CVE-2021-0591,01,System,EoP,High,,A-179386960 [ 2 ],"8.1, 9, 10, 11"
2021-08,CVE-2021-0593,01,System,EoP,High,,A-179386068 [ 2 ],"8.1, 9, 10, 11"
2021-08,CVE-2021-0584,01,System,ID,High,,A-179289794,"8.1, 9, 10, 11"
2021-08,CVE-2021-0641,01,System,ID,High,,A-185235454,"8.1, 9, 10, 11"
2021-08,CVE-2021-0642,01,System,ID,High,,A-185126149,"8.1, 9, 10, 11"
2021-08,CVE-2020-14381,05,Kernel,EoP,High,Futex,A-175193031 Upstream kernel,
2021-08,CVE-2021-3347,05,Kernel,EoP,High,Futex,A-171705902 Upstream kernel,
2021-08,CVE-2021-28375,05,Kernel,EoP,High,FastRPC,A-183188047 Upstream kernel,
2021-08,CVE-2021-0573,05,MediaTek,,High,asf extractor,A-187231635 M-ALPS05489195 *,
2021-08,CVE-2021-0574,05,MediaTek,,High,asf extractor,A-187234876 M-ALPS05561346 *,
2021-08,CVE-2021-0576,05,MediaTek,,High,flv extractor,A-187236084 M-ALPS05517392 *,
2021-08,CVE-2021-0578,05,MediaTek,,High,wifi driver,A-187161772 M-ALPS05551422 *,
2021-08,CVE-2021-0579,05,MediaTek,,High,wifi driver,A-187231636 M-ALPS05551426 *,
2021-08,CVE-2021-0580,05,MediaTek,,High,wifi driver,A-187231637 M-ALPS05560223 *,
2021-08,CVE-2021-0581,05,MediaTek,,High,wifi driver,A-187231638 M-ALPS05560246 *,
2021-08,CVE-2021-0582,05,MediaTek,,High,wifi driver,A-187149601 M-ALPS05560246 *,
2021-08,CVE-2021-0639,05,Widevine DRM,,High,Widevine,A-190724551 *,
2021-08,CVE-2021-1972,05,Qualcomm,,Critical,WLAN,A-187073198 QC-CR#2823861,
2021-08,CVE-2021-1976,05,Qualcomm,,Critical,WLAN,A-187074482 QC-CR#2857392,
2021-08,CVE-2021-1904,05,Qualcomm,,High,Kernel,A-175037520 QC-CR#2778197 QC-CR#2835930,
2021-08,CVE-2021-1939,05,Qualcomm,,High,Display,A-187073199 QC-CR#2826994,
2021-08,CVE-2021-1947,05,Qualcomm,,High,Display,A-187074483 QC-CR#2840102 [ 2 ] [ 3 ] [ 4 ],
2021-08,CVE-2021-1978,05,Qualcomm,,High,WLAN,A-187074565 QC-CR#2859124,
2021-08,CVE-2021-1916,05,Qualcomm closed-source,,Critical,Closed-source component,A-179040380 *,
2021-08,CVE-2021-1919,05,Qualcomm closed-source,,Critical,Closed-source component,A-179040019 *,
2021-08,CVE-2021-1920,05,Qualcomm closed-source,,Critical,Closed-source component,A-179040550 *,
2021-08,CVE-2021-1914,05,Qualcomm closed-source,,High,Closed-source component,A-179040552 *,
2021-08,CVE-2021-30260,05,Qualcomm closed-source,,High,Closed-source component,A-187073203 *,
2021-08,CVE-2021-30261,05,Qualcomm closed-source,,High,Closed-source component,A-187073202 *,
2021-09,CVE-2021-0687,01,Framework,DoS,Critical,,A-188913943,"8.1, 9, 10, 11"
2021-09,CVE-2021-0595,01,Framework,EoP,High,,A-177457096 [ 2],"8.1, 9, 10, 11"
2021-09,CVE-2021-0683,01,Framework,EoP,High,,A-185398942,"8.1, 9, 10, 11"
2021-09,CVE-2021-0684,01,Framework,EoP,High,,A-179839665,"8.1, 9, 10, 11"
2021-09,CVE-2021-0685,01,Framework,EoP,High,,A-191055353 [ 2],11
2021-09,CVE-2021-0688,01,Framework,EoP,High,,A-161149543,"8.1, 9, 10, 11"
2021-09,CVE-2021-0686,01,Framework,ID,High,,A-177927831,"10, 11"
2021-09,CVE-2021-0689,01,Media Framework,ID,High,,A-190188264,"8.1, 9, 10, 11"
2021-09,CVE-2021-0690,01,Media Framework,ID,High,,A-182152757,"8.1, 9, 10, 11"
2021-09,CVE-2021-0598,01,System,EoP,High,,A-180422108 [ 2],"8.1, 9, 10, 11"
2021-09,CVE-2021-0692,01,System,EoP,High,,A-179289753,"9, 10, 11"
2021-09,CVE-2021-0428,01,System,ID,High,,A-173421434 [ 2] [ 3] [ 4] [ 5] [ 6] [ 7] [ 8] [ 9],10
2021-09,CVE-2021-0644,01,System,ID,High,,A-181053462 [ 2],"10, 11"
2021-09,CVE-2021-0682,01,System,ID,High,,A-159624555,"8.1, 9, 10, 11"
2021-09,CVE-2021-0693,01,System,ID,High,,A-184046948,11
2021-09,CVE-2021-0691,01,System,EoP,Moderate,,A-188554048,11
2021-09,CVE-2021-0695,05,Kernel,ID,High,Kernel,A-184018316 Upstream kernel,
2021-09,CVE-2021-0680,05,MediaTek,,High,System properties,A-192535676 M-ALPS05564803 *,
2021-09,CVE-2021-0681,05,MediaTek,,High,System properties,A-192535337 M-ALPS05559939 *,
2021-09,CVE-2021-0635,05,Unisoc,,High,Video,A-189402477 U-1595212 *,
2021-09,CVE-2021-0636,05,Unisoc,,High,Video,A-189392423 U-1600513 *,
2021-09,CVE-2021-1941,05,Qualcomm,,High,WLAN,A-184561795 QC-CR#2832873,
2021-09,CVE-2021-1948,05,Qualcomm,,High,WLAN,A-184561643 QC-CR#2842234,
2021-09,CVE-2021-1974,05,Qualcomm,,High,WLAN,A-190403734 QC-CR#2728644 [ 2 ],
2021-09,CVE-2021-30290,05,Qualcomm,,High,Display,A-190403706 QC-CR#2897378,
2021-09,CVE-2021-30294,05,Qualcomm,,High,Display,A-190404324 QC-CR#2900322,
2021-09,CVE-2021-1886,05,Qualcomm closed-source,,Critical,Closed-source component,A-176751522 *,
2021-09,CVE-2021-1888,05,Qualcomm closed-source,,Critical,Closed-source component,A-176752047 *,
2021-09,CVE-2021-1889,05,Qualcomm closed-source,,Critical,Closed-source component,A-176751523 *,
2021-09,CVE-2021-1890,05,Qualcomm closed-source,,Critical,Closed-source component,A-176752048 *,
2021-09,CVE-2021-1933,05,Qualcomm closed-source,,Critical,Closed-source component,A-181682124 *,
2021-09,CVE-2021-1946,05,Qualcomm closed-source,,Critical,Closed-source component,A-181682277 *,
2021-09,CVE-2021-1909,05,Qualcomm closed-source,,High,Closed-source component,A-181682278 *,
2021-09,CVE-2021-1923,05,Qualcomm closed-source,,High,Closed-source component,A-179039984 *,
2021-09,CVE-2021-1934,05,Qualcomm closed-source,,High,Closed-source component,A-181682745 *,
2021-09,CVE-2021-1935,05,Qualcomm closed-source,,High,Closed-source component,A-181682438 *,
2021-09,CVE-2021-1952,05,Qualcomm closed-source,,High,Closed-source component,A-181682512 *,
2021-09,CVE-2021-1971,05,Qualcomm closed-source,,High,Closed-source component,A-190404961 *,
2021-09,CVE-2021-30295,05,Qualcomm closed-source,,High,Closed-source component,A-182501529 *,
2021-10,CVE-2021-0703,01,Android runtime,EoP,High,,A-184569329,11
2021-10,CVE-2021-0652,01,Framework,EoP,High,,A-185178568,"8.1, 9, 10, 11"
2021-10,CVE-2021-0705,01,Framework,EoP,High,,A-185388103,"10, 11"
2021-10,CVE-2021-0708,01,Framework,EoP,High,,A-183262161,"8.1, 9, 10, 11"
2021-10,CVE-2020-15358,01,Framework,ID,High,,A-192605364,11
2021-10,CVE-2021-0702,01,Framework,ID,High,,A-193932765,11
2021-10,CVE-2021-0651,01,Framework,DoS,High,,A-67013844,"9, 10, 11"
2021-10,CVE-2021-0483,01,Media Framework,EoP,High,,A-153358911 [ 2 ],"10, 11"
2021-10,CVE-2021-0870,05,System,RCE,Critical,,A-192472262,"8.1, 9, 10, 11"
2021-10,CVE-2020-29660,05,Kernel,EoP,High,TTY,A-175451844 Upstream kernel,
2021-10,CVE-2020-10768,05,Kernel,ID,High,i86 Spectre v2 protections,A-169505929 Upstream kernel,
2021-10,CVE-2021-29647,05,Kernel,ID,High,Qualcomm IPC Router support,A-184622099 Upstream kernel,
2021-10,CVE-2021-27666,05,Telecommunication,ID,High,Modem,A-180401789 *,
2021-10,CVE-2020-11264,05,Qualcomm,,Critical,WLAN,A-175608649 QC-CR#2860206 [ 2 ],
2021-10,CVE-2020-11301,05,Qualcomm,,Critical,WLAN,A-179929247 QC-CR#2860198 * QC-CR#2867022 [ 2 ] [ 3 ],
2021-10,CVE-2020-24587,05,Qualcomm,,High,WLAN,A-175626671 QC-CR#2860131 QC-CR#2868012 * QC-CR#2875946 [ 2 ] QC-CR#2875950 QC-CR#2874366,
2021-10,CVE-2020-24588,05,Qualcomm,,High,WLAN,A-175626624 QC-CR#2866467 * QC-CR#2867578 * QC-CR#2867994 QC-CR#2868616 * QC-CR#2877094 * QC-CR#2879013 * QC-CR#2883162 * QC-CR#2886422 * QC-CR#2888466 * QC-CR#2890623 * QC-CR#2896070 * QC-CR#2896369 * QC-CR#2861800 [ 2 ] [ 3 ] [ 4 ] [ 5 ] QC-CR#2943860 *,
2021-10,CVE-2020-26139,05,Qualcomm,,High,WLAN,A-177911151 QC-CR#2860248 QC-CR#2868054 QC-CR#2888227 QC-CR#2888467 QC-CR#2942096 QC-CR#2943789 [ 2 ] [ 3 ] [ 4 ] [ 5 ] QC-CR#2867013 *,
2021-10,CVE-2020-26141,05,Qualcomm,,High,WLAN,A-177911676 QC-CR#2869483,
2021-10,CVE-2020-26145,05,Qualcomm,,High,WLAN,A-177910901 QC-CR#2860245 QC-CR#2868035 * QC-CR#2893212,
2021-10,CVE-2020-26146,05,Qualcomm,,High,WLAN,A-175626808 QC-CR#2860242 QC-CR#2874369,
2021-10,CVE-2021-1977,05,Qualcomm,,High,WLAN,A-193070701 QC-CR#2859024 [ 2 ],
2021-10,CVE-2021-1980,05,Qualcomm,,High,WLAN,A-190404330 QC-CR#2873394,
2021-10,CVE-2021-30305,05,Qualcomm,,High,Display,A-193070437 QC-CR#2913910,
2021-10,CVE-2021-30306,05,Qualcomm,,High,Audio,A-193071117 QC-CR#2915692,
2021-10,CVE-2021-30312,05,Qualcomm,,High,WLAN,A-193070595 QC-CR#2948107 [ 2 ],
2021-10,CVE-2020-11303,05,Qualcomm closed-source,,High,Closed-source component,A-193070323 *,
2021-10,CVE-2020-26140,05,Qualcomm closed-source,,High,Closed-source component,A-177911345 *,
2021-10,CVE-2020-26147,05,Qualcomm closed-source,,High,Closed-source component,A-177910719 *,
2021-10,CVE-2021-1913,05,Qualcomm closed-source,,High,Closed-source component,A-184561641 *,
2021-10,CVE-2021-1917,05,Qualcomm closed-source,,High,Closed-source component,A-184561580 *,
2021-10,CVE-2021-1932,05,Qualcomm closed-source,,High,Closed-source component,A-184561562 *,
2021-10,CVE-2021-1936,05,Qualcomm closed-source,,High,Closed-source component,A-184561359 *,
2021-10,CVE-2021-1949,05,Qualcomm closed-source,,High,Closed-source component,A-184561794 *,
2021-10,CVE-2021-1959,05,Qualcomm closed-source,,High,Closed-source component,A-184561776 *,
2021-10,CVE-2021-1983,05,Qualcomm closed-source,,High,Closed-source component,A-190402581 *,
2021-10,CVE-2021-1984,05,Qualcomm closed-source,,High,Closed-source component,A-190403732 *,
2021-10,CVE-2021-1985,05,Qualcomm closed-source,,High,Closed-source component,A-190404406 *,
2021-10,CVE-2021-30256,05,Qualcomm closed-source,,High,Closed-source component,A-190404960 *,
2021-10,CVE-2021-30257,05,Qualcomm closed-source,,High,Closed-source component,A-190403214 *,
2021-10,CVE-2021-30258,05,Qualcomm closed-source,,High,Closed-source component,A-190404449 *,
2021-10,CVE-2021-30288,05,Qualcomm closed-source,,High,Closed-source component,A-193069567 *,
2021-10,CVE-2021-30291,05,Qualcomm closed-source,,High,Closed-source component,A-190404407 *,
2021-10,CVE-2021-30292,05,Qualcomm closed-source,,High,Closed-source component,A-190404329 *,
2021-10,CVE-2021-30297,05,Qualcomm closed-source,,High,Closed-source component,A-190403733 *,
2021-10,CVE-2021-30302,05,Qualcomm closed-source,,High,Closed-source component,A-193070343 *,
2021-10,CVE-2021-30310,05,Qualcomm closed-source,,High,Closed-source component,A-193070558 *,
2021-11,CVE-2021-0799,01,Framework,EoP,High,,A-197647956,12
2021-11,CVE-2021-0921,01,Framework,EoP,High,,A-195962697,11
2021-11,CVE-2021-0923,01,Framework,EoP,High,,A-195338390,12
2021-11,CVE-2021-0926,01,Framework,EoP,High,,A-191053931,"9, 10, 11, 12"
2021-11,CVE-2021-0933,01,Framework,EoP,High,,A-172251622,"9, 10, 11, 12"
2021-11,CVE-2020-13871,01,Framework,ID,High,,A-192606047,11
2021-11,CVE-2021-0653,01,Framework,ID,High,,A-177931370,"9, 10, 11"
2021-11,CVE-2021-0922,01,Framework,EoP,Moderate,,A-195630721,11
2021-11,CVE-2021-0928,01,Media Framework,EoP,High,,A-188675581,"9, 10, 11"
2021-11,CVE-2021-0650,01,Media Framework,ID,High,,A-190286685,"9, 10, 11"
2021-11,CVE-2021-0918,01,System,RCE,Critical,,A-197536150,12
2021-11,CVE-2021-0930,01,System,RCE,Critical,,A-181660091,"9, 10, 11, 12"
2021-11,CVE-2021-0434,01,System,EoP,High,,A-167403112 [ 2 ] [ 3 ] [ 4 ] [ 5 ] [ 6 ],"9, 10, 11"
2021-11,CVE-2021-0649,01,System,EoP,High,,A-191382886 [ 2 ],11
2021-11,CVE-2021-0932,01,System,EoP,High,,A-173025705,10
2021-11,CVE-2021-0925,01,System,ID,High,,A-191444150,12
2021-11,CVE-2021-0931,01,System,ID,High,,A-180747689,"9, 10, 11, 12"
2021-11,CVE-2021-0919,01,System,DoS,Moderate,,A-197336441,"9, 10, 11"
2021-11,CVE-2021-0920,05,Kernel,EoP,High,Kernel,A-196926917 Upstream kernel,
2021-11,CVE-2021-0924,05,Kernel,EoP,High,USB,A-194461020 Upstream kernel,
2021-11,CVE-2021-0929,05,Kernel,EoP,High,ION,A-187527909 Upstream kernel [ 2 ] [ 3 ],
2021-11,CVE-2021-0889,05,Android TV,RCE,Critical,Android TV Remote Service,A-180745296,
2021-11,CVE-2021-0927,05,Android TV,EoP,High,TvInputManager,A-189824175,
2021-11,CVE-2021-0672,05,MediaTek,,High,Browser app,A-199678035 M-ALPS05969704 *,
2021-11,CVE-2021-1924,05,Qualcomm closed-source,,Critical,Closed-source component,A-187074639 *,
2021-11,CVE-2021-1975,05,Qualcomm closed-source,,Critical,Closed-source component,A-187074053 *,
2021-11,CVE-2021-1921,05,Qualcomm closed-source,,High,Closed-source component,A-187074562 *,
2021-11,CVE-2021-1973,05,Qualcomm closed-source,,High,Closed-source component,A-187074563 *,
2021-11,CVE-2021-1979,05,Qualcomm closed-source,,High,Closed-source component,A-187073200 *,
2021-11,CVE-2021-1981,05,Qualcomm closed-source,,High,Closed-source component,A-187074764 *,
2021-11,CVE-2021-1982,05,Qualcomm closed-source,,High,Closed-source component,A-187074484 *,
2021-11,CVE-2021-30254,05,Qualcomm closed-source,,High,Closed-source component,A-187074014 *,
2021-11,CVE-2021-30255,05,Qualcomm closed-source,,High,Closed-source component,A-187074054 *,
2021-11,CVE-2021-30284,05,Qualcomm closed-source,,High,Closed-source component,A-187074013 *,
2021-11,CVE-2021-1048,06,Kernel,EoP,High,Kernel,A-204573007 Upstream kernel,
2021-12,CVE-2021-0955,01,Framework,EoP,High,,A-192085766,11
2021-12,CVE-2021-0970,01,Framework,EoP,High,,A-196970023,"9, 10, 11, 12"
2021-12,CVE-2021-0704,01,Framework,ID,High,,A-179338675,"9, 10, 11"
2021-12,CVE-2021-0967,01,Media Framework,ID,High,,A-199065614,"10, 11, 12"
2021-12,CVE-2021-0964,01,Media Framework,ID,High,,A-193363621,"9, 10, 11, 12"
2021-12,CVE-2021-0968,01,System,RCE,Critical,,A-197868577,"9, 10, 11, 12"
2021-12,CVE-2021-0956,01,System,EoP,Critical,,A-189942532,"11, 12"
2021-12,CVE-2021-0953,01,System,EoP,High,,A-184046278,"9, 10, 11, 12"
2021-12,CVE-2021-0954,01,System,EoP,High,,A-143559931,"10, 11"
2021-12,CVE-2021-0963,01,System,EoP,High,,A-199754277 [ 2 ],"9, 10, 11, 12"
2021-12,CVE-2021-0965,01,System,EoP,High,,A-194300867,"9, 10, 11, 12"
2021-12,CVE-2021-0952,01,System,ID,High,,A-195748381,"9, 10, 11, 12"
2021-12,CVE-2021-0966,01,System,ID,High,,A-198346478,"11, 12"
2021-12,CVE-2021-0958,01,System,DoS,Moderate,,A-200041882,"11, 12"
2021-12,CVE-2021-0969,01,System,DoS,Moderate,,A-199922685,"10, 11"
2021-12,CVE-2021-0971,05,Media Framework,ID,High,,A-188893559,"9, 10, 11, 12"
2021-12,CVE-2021-33909,05,Kernel,EoP,High,Filesystem,A-195082750 Upstream kernel,
2021-12,CVE-2021-38204,05,Kernel,EoP,High,USB,A-196448784 Upstream kernel,
2021-12,CVE-2021-0961,05,Kernel,ID,Moderate,netfilter,A-196046570 Upstream kernel [ 2 ] [ 3 ],
2021-12,CVE-2021-0675,05,MediaTek,,High,alac decoder,A-201895896 M-ALPS06064258 *,
2021-12,CVE-2021-0904,05,MediaTek,,High,SRAMROM,A-201779035 M-ALPS06076938 *,
2021-12,CVE-2021-30262,05,Qualcomm,,High,Modem,A-190402578 QC-CR#2774954,
2021-12,CVE-2021-30335,05,Qualcomm,,High,Kernel,A-199191310 QC-CR#2964455,
2021-12,CVE-2021-30337,05,Qualcomm,,High,Kernel,A-199190644 QC-CR#2971293,
2021-12,CVE-2021-30275,05,Qualcomm closed-source,,Critical,Closed-source component,A-190403081 *,
2021-12,CVE-2021-30276,05,Qualcomm closed-source,,Critical,Closed-source component,A-190404445 *,
2021-12,CVE-2021-30351,05,Qualcomm closed-source,,Critical,Closed-source component,A-201430561 *,
2021-12,CVE-2020-11263,05,Qualcomm closed-source,,High,Closed-source component,A-190404447 *,
2021-12,CVE-2021-1894,05,Qualcomm closed-source,,High,Closed-source component,A-190404405 *,
2021-12,CVE-2021-1918,05,Qualcomm closed-source,,High,Closed-source component,A-190403729 *,
2021-12,CVE-2021-30267,05,Qualcomm closed-source,,High,Closed-source component,A-190403212 *,
2021-12,CVE-2021-30268,05,Qualcomm closed-source,,High,Closed-source component,A-190404446 *,
2021-12,CVE-2021-30269,05,Qualcomm closed-source,,High,Closed-source component,A-190403511 *,
2021-12,CVE-2021-30270,05,Qualcomm closed-source,,High,Closed-source component,A-190402575 *,
2021-12,CVE-2021-30271,05,Qualcomm closed-source,,High,Closed-source component,A-190404402 *,
2021-12,CVE-2021-30272,05,Qualcomm closed-source,,High,Closed-source component,A-190404323 *,
2021-12,CVE-2021-30273,05,Qualcomm closed-source,,High,Closed-source component,A-190404403 *,
2021-12,CVE-2021-30274,05,Qualcomm closed-source,,High,Closed-source component,A-190403731 *,
2021-12,CVE-2021-30278,05,Qualcomm closed-source,,High,Closed-source component,A-190403213 *,
2021-12,CVE-2021-30279,05,Qualcomm closed-source,,High,Closed-source component,A-190402580 *,
2021-12,CVE-2021-30282,05,Qualcomm closed-source,,High,Closed-source component,A-190404328 *,
2021-12,CVE-2021-30283,05,Qualcomm closed-source,,High,Closed-source component,A-190403513 *,
2021-12,CVE-2021-30289,05,Qualcomm closed-source,,High,Closed-source component,A-190404404 *,
2021-12,CVE-2021-30293,05,Qualcomm closed-source,,High,Closed-source component,A-190404327 *,
2021-12,CVE-2021-30303,05,Qualcomm closed-source,,High,Closed-source component,A-199192449 *,
2021-12,CVE-2021-30336,05,Qualcomm closed-source,,High,Closed-source component,A-199191065 *,
2022-01,CVE-2021-39630,01,Framework,EoP,High,,A-202768292,12
2022-01,CVE-2021-39632,01,Framework,EoP,High,,A-202159709,"11, 12"
2022-01,CVE-2020-0338,01,Framework,ID,High,,A-123700107,"9, 10"
2022-01,CVE-2021-39623,01,Media Framework,EoP,High,,A-194105348,"9, 10, 11, 12"
2022-01,CVE-2021-39618,01,System,EoP,High,,A-196855999 *,"9, 10, 11, 12"
2022-01,CVE-2021-39620,01,System,EoP,High,,A-203847542,"11, 12"
2022-01,CVE-2021-39621,01,System,EoP,High,,A-185126319,"9, 10, 11, 12"
2022-01,CVE-2021-39622,01,System,EoP,High,,A-192663648 *,"10, 11, 12"
2022-01,CVE-2021-39625,01,System,EoP,High,,A-194695347 *,"9, 10, 11, 12"
2022-01,CVE-2021-39626,01,System,EoP,High,,A-194695497,"9, 10, 11, 12"
2022-01,CVE-2021-39627,01,System,EoP,High,,A-185126549,"9, 10, 11, 12"
2022-01,CVE-2021-39629,01,System,EoP,High,,A-197353344,"9, 10, 11, 12"
2022-01,CVE-2021-0643,01,System,ID,High,,A-183612370,"10, 11, 12"
2022-01,CVE-2021-39628,01,System,ID,High,,A-189575031,"10, 11"
2022-01,CVE-2021-39659,01,System,DoS,High,,A-208267659,"10, 11, 12"
2022-01,CVE-2021-0959,05,Android runtime,EoP,High,,A-200284993,12
2022-01,CVE-2021-39634,05,Kernel,EoP,High,Kernel,A-204450605 Upstream kernel,
2022-01,CVE-2021-39633,05,Kernel,ID,High,Kernel,A-150694665 Upstream kernel,
2022-01,CVE-2021-31345,05,MediaTek,,High,Modem (Nucleus NET TCP/IP),A-207693368 M- MOLY00756840 *,
2022-01,CVE-2021-31346,05,MediaTek,,High,Modem (Nucleus NET TCP/IP),A-207646334 M-MOLY00756840 *,
2022-01,CVE-2021-31890,05,MediaTek,,High,Modem (Nucleus NET TCP/IP),A-207646336 M-MOLY00756840 *,
2022-01,CVE-2021-40148,05,MediaTek,,High,Modem EMM,A-204728248 M-MOLY00716585 *,
2022-01,CVE-2021-31889,05,MediaTek,,High,Modem (Nucleus NET TCP/IP),A-207646335 M-MOLY00756840 *,
2022-01,CVE-2021-1049,05,Unisoc,,High,slogmodem,A-204256722 U-1733219 *,
2022-01,CVE-2021-30319,05,Qualcomm,,High,WLAN,A-202025735 QC-CR#2960714,
2022-01,CVE-2021-30353,05,Qualcomm,,High,Audio,A-202025599 QC-CR#2993069 [ 2 ],
2022-01,CVE-2021-30285,05,Qualcomm closed-source,,Critical,Closed-source component,A-193070555 *,
2022-01,CVE-2021-30287,05,Qualcomm closed-source,,High,Closed-source component,A-193070556 *,
2022-01,CVE-2021-30300,05,Qualcomm closed-source,,High,Closed-source component,A-193071116 *,
2022-01,CVE-2021-30301,05,Qualcomm closed-source,,High,Closed-source component,A-193070342 *,
2022-01,CVE-2021-30307,05,Qualcomm closed-source,,High,Closed-source component,A-193070700 *,
2022-01,CVE-2021-30308,05,Qualcomm closed-source,,High,Closed-source component,A-193070594 *,
2022-01,CVE-2021-30311,05,Qualcomm closed-source,,High,Closed-source component,A-193070557 *,
2022-02,CVE-2021-39619,01,Framework,EoP,High,,A-197399948,"11, 12"
2022-02,CVE-2021-39663,01,Framework,EoP,High,,A-200682135 *,10
2022-02,CVE-2021-39676,01,Framework,EoP,High,,A-197228210 *,11
2022-02,CVE-2021-39664,01,Framework,ID,High,,A-203938029,12
2022-02,CVE-2020-13112,01,Media Framework,EoP,High,,A-194342672 *,"10, 11"
2022-02,CVE-2020-13113,01,Media Framework,EoP,High,,A-196085005 *,"10, 11"
2022-02,CVE-2021-39665,01,Media Framework,ID,High,,A-204077881,12
2022-02,CVE-2021-39666,01,Media Framework,ID,High,,A-204445255 [ 2 ],"11, 12"
2022-02,CVE-2021-39675,01,System,EoP,Critical,,A-205729183,12
2022-02,CVE-2021-39668,01,System,EoP,High,,A-193445603,"11, 12"
2022-02,CVE-2021-39669,01,System,EoP,High,,A-196969991,"11, 12"
2022-02,CVE-2021-39671,01,System,EoP,High,,A-206718630 [ 2 ],12
2022-02,CVE-2021-39674,01,System,EoP,High,,A-201083442,"10, 11, 12"
2022-02,CVE-2021-0706,01,System,DoS,High,,A-193444889 *,"10, 11"
2022-02,CVE-2021-39631,05,System,ID,High,,A-193890833 [ 2 ],"10, 11, 12"
2022-02,CVE-2021-39672,05,Amlogic components,,High,Fastboot,A-202018701 *,
2022-02,CVE-2022-20024,05,MediaTek,,High,System service,A-209705228 M-ALPS06219064 *,
2022-02,CVE-2022-20025,05,MediaTek,,High,Bluetooth,A-209700749 M-ALPS06126832 *,
2022-02,CVE-2022-20026,05,MediaTek,,High,Bluetooth,A-209705229 M-ALPS06126827 *,
2022-02,CVE-2022-20027,05,MediaTek,,High,Bluetooth,A-209702508 M-ALPS06126826 *,
2022-02,CVE-2022-20028,05,MediaTek,,High,Bluetooth,A-209702509 M-ALPS06198663 *,
2022-02,CVE-2021-39616,05,Unisoc,,High,sprd-vowifi,A-204686438 U-1704529 *,
2022-02,CVE-2021-39635,05,Unisoc,,High,ims_ex,A-206492634 U-1731024 *,
2022-02,CVE-2021-39658,05,Unisoc,,High,IsmsEx,A-207479207 U-1732729 *,
2022-02,CVE-2021-35068,05,Qualcomm,,High,Bluetooth,A-202025798 QC-CR#2982971,
2022-02,CVE-2021-35069,05,Qualcomm,,High,WLAN,A-203032261 QC-CR#3001191,
2022-02,CVE-2021-35074,05,Qualcomm,,High,Kernel,A-204905255 QC-CR#2998013,
2022-02,CVE-2021-35075,05,Qualcomm,,High,Kernel,A-204905325 QC-CR#2998149,
2022-02,CVE-2021-35077,05,Qualcomm,,High,Kernel,A-204904989 QC-CR#3007135,
2022-02,CVE-2021-30317,05,Qualcomm closed-source,,Critical,Closed-source component,A-195750667 *,
2022-02,CVE-2021-30309,05,Qualcomm closed-source,,High,Closed-source component,A-195750718 *,
2022-02,CVE-2021-30318,05,Qualcomm closed-source,,High,Closed-source component,A-202025316 *,
2022-02,CVE-2021-30322,05,Qualcomm closed-source,,High,Closed-source component,A-195751178 *,
2022-02,CVE-2021-30323,05,Qualcomm closed-source,,High,Closed-source component,A-195750446 *,
2022-02,CVE-2021-30326,05,Qualcomm closed-source,,High,Closed-source component,A-195751080 *,
2022-03,CVE-2021-39689,01,Android runtime,EoP,Moderate,,A-206090748,12
2022-03,CVE-2021-39692,01,Framework,EoP,High,,A-209611539,"10, 11, 12"
2022-03,CVE-2021-39693,01,Framework,EoP,High,,A-208662370,12
2022-03,CVE-2021-39695,01,Framework,EoP,High,,A-209607944,11
2022-03,CVE-2021-39697,01,Framework,EoP,High,,A-200813547 [ 2 ],"11, 12"
2022-03,CVE-2021-39690,01,Framework,DoS,High,,A-204316511,12
2022-03,CVE-2021-39667,01,Media Framework,ID,High,,A-205702093,"10, 11, 12"
2022-03,CVE-2021-39708,01,System,EoP,Critical,,A-206128341,12
2022-03,CVE-2021-0957,01,System,EoP,High,,A-193149550,"10, 11, 12"
2022-03,CVE-2021-39701,01,System,EoP,High,,A-212286849,"11, 12"
2022-03,CVE-2021-39702,01,System,EoP,High,,A-205150380,12
2022-03,CVE-2021-39703,01,System,EoP,High,,A-207057578,12
2022-03,CVE-2021-39704,01,System,EoP,High,,A-209965481,"10, 11, 12"
2022-03,CVE-2021-39706,01,System,EoP,High,,A-200164168 [ 2 ],"10, 11, 12"
2022-03,CVE-2021-39707,01,System,EoP,High,,A-200688991,"10, 11, 12"
2022-03,CVE-2021-39709,01,System,EoP,High,,A-208817618,12
2022-03,CVE-2021-39694,05,Framework,EoP,High,,A-202312327,12
2022-03,CVE-2020-29368,05,Kernel,EoP,High,Kernel Memory Management,A-174738029 Upstream kernel,
2022-03,CVE-2021-39685,05,Kernel,EoP,High,Linux,A-210292376 Upstream kernel [ 2 ] [ 3 ],
2022-03,CVE-2021-39686,05,Kernel,EoP,High,Binder,A-200688826 Upstream kernel [ 2 ] [ 3 ] [ 4 ],
2022-03,CVE-2021-39698,05,Kernel,EoP,High,Kernel,A-185125206 Upstream kernel [ 2 ] [ 3 ] [ 4 ] [ 5 ],
2022-03,CVE-2021-3655,05,Kernel,ID,High,SCTP,A-197154735 Upstream kernel [ 2 ] [ 3 ] [ 4 ],
2022-03,CVE-2022-20047,05,MediaTek,,High,video decoder,A-213120685 M-ALPS05917489 *,
2022-03,CVE-2022-20048,05,MediaTek,,High,video decoder,A-213116796 M-ALPS05917502 *,
2022-03,CVE-2022-20053,05,MediaTek,,High,ims service,A-213120689 M-ALPS06219097 *,
2022-03,CVE-2021-35088,05,Qualcomm,,High,WLAN,A-204905738 QC-CR#3007473,
2022-03,CVE-2021-35103,05,Qualcomm,,High,WLAN,A-209481110 QC-CR#3033509,
2022-03,CVE-2021-35105,05,Qualcomm,,High,Display,A-209469958 QC-CR#3034743 [ 2 ],
2022-03,CVE-2021-35106,05,Qualcomm,,High,WLAN,A-209481028 QC-CR#3035196 [ 2 ],
2022-03,CVE-2021-35117,05,Qualcomm,,High,WLAN,A-209481202 QC-CR#3028360,
2022-03,CVE-2021-1942,05,Qualcomm closed-source,,Critical,Closed-source component,A-199191104 *,
2022-03,CVE-2021-35110,05,Qualcomm closed-source,,Critical,Closed-source component,A-209469768 *,
2022-03,CVE-2021-1950,05,Qualcomm closed-source,,High,Closed-source component,A-199191539 *,
2022-03,CVE-2021-30328,05,Qualcomm closed-source,,High,Closed-source component,A-199191341 *,
2022-03,CVE-2021-30329,05,Qualcomm closed-source,,High,Closed-source component,A-199191831 *,
2022-03,CVE-2021-30332,05,Qualcomm closed-source,,High,Closed-source component,A-199190643 *,
2022-03,CVE-2021-30333,05,Qualcomm closed-source,,High,Closed-source component,A-199191889 *,
2022-04,CVE-2021-0694,01,Framework,EoP,High,,A-183147114,11
2022-04,CVE-2021-39794,01,Framework,EoP,High,,A-205836329,"11, 12, 12L"
2022-04,CVE-2021-39796,01,Framework,EoP,High,,A-205595291,"10, 11, 12, 12L"
2022-04,CVE-2021-39797,01,Framework,EoP,High,,A-209607104,"12, 12L"
2022-04,CVE-2021-39798,01,Framework,EoP,High,,A-213169612,"12, 12L"
2022-04,CVE-2021-39799,01,Framework,EoP,High,,A-200288596,"12, 12L"
2022-04,CVE-2021-39803,01,Media Framework,ID,High,,A-193790350,"10, 11, 12, 12L"
2022-04,CVE-2021-39804,01,Media Framework,DoS,High,,A-215002587,"11, 12, 12L"
2022-04,CVE-2021-39808,01,System,EoP,High,,A-209966086,"10, 11, 12"
2022-04,CVE-2021-39805,01,System,ID,High,,A-212694559,"12, 12L"
2022-04,CVE-2021-39809,01,System,ID,High,,A-205837191,"10, 11, 12, 12L"
2022-04,CVE-2021-39807,05,System,EoP,High,,A-209446496,"10, 11, 12, 12L"
2022-04,CVE-2021-0707,05,Kernel,EoP,High,dma-buf,A-155756045 Upstream kernel,
2022-04,CVE-2021-39801,05,Kernel,EoP,High,ION,A-209791720 Upstream kernel [ 2 ] [ 3 ],
2022-04,CVE-2021-39802,05,Kernel,EoP,High,Memory Management,A-213339151 Upstream kernel [ 2 ] [ 3 ] [ 4 ],
2022-04,CVE-2021-39800,05,Kernel,ID,High,ION,A-208277166 Upstream kernel [ 2 ] [ 3 ],
2022-04,CVE-2022-20081,05,MediaTek,,High,A-GPS,A-218242055 M-ALPS06461919 *,
2022-04,CVE-2021-25477,05,MediaTek,,High,Modem LTE RRC,A-220262213 M-MOLY00684727 *,
2022-04,CVE-2021-35081,05,Qualcomm,,Critical,WLAN,A-213239834 QC-CR#3028274,
2022-04,CVE-2021-35112,05,Qualcomm,,Critical,Display,A-201574693 QC-CR#3049280,
2022-04,CVE-2021-35123,05,Qualcomm,,Critical,Bluetooth,A-213239948 QC-CR#3032290,
2022-04,CVE-2021-30334,05,Qualcomm,,High,Display,A-213239835 QC-CR#2963049 [ 2 ] QC-CR#3052789,
2022-04,CVE-2021-35091,05,Qualcomm,,High,Display,A-204905109 QC-CR#3008877,
2022-04,CVE-2021-35095,05,Qualcomm,,High,Kernel,A-204905206 QC-CR#2996895,
2022-04,CVE-2021-35130,05,Qualcomm,,High,Display,A-213240026 QC-CR#3057133,
2022-04,CVE-2021-30339,05,Qualcomm closed-source,,Critical,Closed-source component,A-202025975 *,
2022-04,CVE-2021-30341,05,Qualcomm closed-source,,Critical,Closed-source component,A-202024969 *,
2022-04,CVE-2021-30342,05,Qualcomm closed-source,,Critical,Closed-source component,A-202025860 *,
2022-04,CVE-2021-30343,05,Qualcomm closed-source,,Critical,Closed-source component,A-202025978 *,
2022-04,CVE-2021-30347,05,Qualcomm closed-source,,Critical,Closed-source component,A-202025598 *,
2022-04,CVE-2021-35104,05,Qualcomm closed-source,,Critical,Closed-source component,A-213240044 *,
2022-04,CVE-2021-30281,05,Qualcomm closed-source,,High,Closed-source component,A-202025858 *,
2022-04,CVE-2021-30338,05,Qualcomm closed-source,,High,Closed-source component,A-202025859 *,
2022-04,CVE-2021-30340,05,Qualcomm closed-source,,High,Closed-source component,A-202025736 *,
2022-04,CVE-2021-30344,05,Qualcomm closed-source,,High,Closed-source component,A-192612963 *,
2022-04,CVE-2021-30345,05,Qualcomm closed-source,,High,Closed-source component,A-202025737 *,
2022-04,CVE-2021-30346,05,Qualcomm closed-source,,High,Closed-source component,A-202025862 *,
2022-04,CVE-2021-30349,05,Qualcomm closed-source,,High,Closed-source component,A-202025797 *,
2022-04,CVE-2021-30350,05,Qualcomm closed-source,,High,Closed-source component,A-202025979 *,
2022-04,CVE-2021-35070,05,Qualcomm closed-source,,High,Closed-source component,A-202025864 *,
2022-04,CVE-2021-35100,05,Qualcomm closed-source,,High,Closed-source component,A-213240046 *,
2022-05,CVE-2021-39662,01,Framework,EoP,High,,A-197302116,"11, 12"
2022-05,CVE-2022-20004,01,Framework,EoP,High,,A-179699767,"10, 11, 12, 12L"
2022-05,CVE-2022-20005,01,Framework,EoP,High,,A-219044664,"10, 11, 12, 12L"
2022-05,CVE-2022-20007,01,Framework,EoP,High,,A-211481342,"10, 11, 12, 12L"
2022-05,CVE-2021-39700,01,Framework,ID,Moderate,,A-201645790,"10, 11, 12"
2022-05,CVE-2022-20113,01,System,EoP,High,,A-205996517,"12, 12L"
2022-05,CVE-2022-20114,01,System,EoP,High,,A-211114016,"10, 11, 12, 12L"
2022-05,CVE-2022-20116,01,System,EoP,High,,A-212467440,"12, 12L"
2022-05,CVE-2022-20010,01,System,ID,High,,A-213519176,"12, 12L"
2022-05,CVE-2022-20011,01,System,ID,High,,A-214999128,"10, 11, 12, 12L"
2022-05,CVE-2022-20115,01,System,ID,High,,A-210118427,"12, 12L"
2022-05,CVE-2021-39670,01,System,DoS,High,,A-204087139,"12, 12L"
2022-05,CVE-2022-20112,01,System,DoS,High,,A-206987762,"10, 11, 12, 12L"
2022-05,CVE-2022-0847,05,Kernel,EoP,High,pipes,A-220741611 Upstream kernel [ 2 ] [ 3 ],
2022-05,CVE-2022-20009,05,Kernel,EoP,High,Linux,A-213172319 Upstream kernel [ 2 ],
2022-05,CVE-2022-20008,05,Kernel,ID,High,SD MMC,A-216481035 Upstream kernel [ 2 ] [ 3 ],
2022-05,CVE-2021-22600,05,Kernel,EoP,Moderate,Kernel,A-213464034 Upstream kernel,
2022-05,CVE-2022-20084,05,MediaTek,,High,telephony,A-223071148 M-ALPS06498874 *,
2022-05,CVE-2022-20109,05,MediaTek,,High,ion,A-223072269 M-ALPS06399915 *,
2022-05,CVE-2022-20110,05,MediaTek,,High,ion,A-223071150 M-ALPS06399915 *,
2022-05,CVE-2022-22057,05,Qualcomm,,High,Display,A-218337595 QC-CR#3077687,
2022-05,CVE-2022-22064,05,Qualcomm,,High,WLAN,A-218338071 QC-CR#3042282 QC-CR#3048959 QC-CR#3056532 QC-CR#3049158 [ 2 ],
2022-05,CVE-2022-22065,05,Qualcomm,,High,WLAN,A-218337597 QC-CR#3042293 QC-CR#3064612,
2022-05,CVE-2022-22068,05,Qualcomm,,High,Kernel,A-218337596 QC-CR#3084983 [ 2 ],
2022-05,CVE-2022-22072,05,Qualcomm,,High,WLAN,A-218339149 QC-CR#3073345 [ 2 ],
2022-05,CVE-2021-35090,05,Qualcomm closed-source,,Critical,Closed-source component,A-204905205 *,
2022-05,CVE-2021-35072,05,Qualcomm closed-source,,High,Closed-source component,A-204905110 *,
2022-05,CVE-2021-35073,05,Qualcomm closed-source,,High,Closed-source component,A-204905209 *,
2022-05,CVE-2021-35076,05,Qualcomm closed-source,,High,Closed-source component,A-204905151 *,
2022-05,CVE-2021-35078,05,Qualcomm closed-source,,High,Closed-source component,A-204905326 *,
2022-05,CVE-2021-35080,05,Qualcomm closed-source,,High,Closed-source component,A-204905287 *,
2022-05,CVE-2021-35086,05,Qualcomm closed-source,,High,Closed-source component,A-204905289 *,
2022-05,CVE-2021-35087,05,Qualcomm closed-source,,High,Closed-source component,A-204905111 *,
2022-05,CVE-2021-35094,05,Qualcomm closed-source,,High,Closed-source component,A-204905838 *,
2022-05,CVE-2021-35096,05,Qualcomm closed-source,,High,Closed-source component,A-204905290 *,
2022-05,CVE-2021-35116,05,Qualcomm closed-source,,High,Closed-source component,A-209469826 *,
2016-04,CVE-2014-6060,2,Remote Code Execution Vulnerability in DHCPCD,Memory corruption leading to RCE,Critical,DHCPCD,"ANDROID-15268738, ANDROID-16677003",4.4.4
2016-04,CVE-2016-1503,2,Remote Code Execution Vulnerability in DHCPCD,Memory corruption leading to RCE,Critical,DHCPCD,ANDROID-26461634,"4.4.4, 5.0.2, 5.1.1, 6.0, 6.0.1"
2016-04,CVE-2016-0834,2,Remote Code Execution Vulnerability in Media Codec,Memory corruption in media codec,Critical,Media Codec,ANDROID-26220548,"6.0, 6.0.1"
2016-04,CVE-2016-0835,2,Remote Code Execution Vulnerability in Mediaserver,Memory corruption in libmpeg2,Critical,Mediaserver/libmpeg2,ANDROID-26070014,"6.0, 6.0.1"
2016-04,CVE-2016-0836,2,Remote Code Execution Vulnerability in Mediaserver,Memory corruption in libmpeg2,Critical,Mediaserver/libmpeg2,ANDROID-25812590,"6.0, 6.0.1"
2016-04,CVE-2016-0837,2,Remote Code Execution Vulnerability in Mediaserver,Memory corruption in mediaserver,Critical,Mediaserver,ANDROID-27208621,"4.4.4, 5.0.2, 5.1.1, 6.0, 6.0.1"
2016-04,CVE-2016-0838,2,Remote Code Execution Vulnerability in Mediaserver,Memory corruption in sonivox,Critical,Mediaserver/sonivox,ANDROID-26366256,"4.4.4, 5.0.2, 5.1.1, 6.0, 6.0.1"
2016-04,CVE-2016-0839,2,Remote Code Execution Vulnerability in Mediaserver,Memory corruption in audio,Critical,Mediaserver/Audio,ANDROID-25753245,"6.0, 6.0.1"
2016-04,CVE-2016-0840,2,Remote Code Execution Vulnerability in Mediaserver,Memory corruption in libavc,Critical,Mediaserver/libavc,ANDROID-26399350,"6.0, 6.0.1"
2016-04,CVE-2016-0841,2,Remote Code Execution Vulnerability in Mediaserver,Memory corruption in mediaserver,Critical,Mediaserver,ANDROID-26040840,"4.4.4, 5.0.2, 5.1.1, 6.0, 6.0.1"
2016-04,CVE-2016-0842,2,Remote Code Execution Vulnerability in libstagefright,Memory corruption in libavc,Critical,libstagefright/libavc,ANDROID-25818142,"6.0, 6.0.1"
2016-04,CVE-2015-1805,2,Elevation of Privilege Vulnerability in Kernel,Local privilege escalation,Critical,Kernel,ANDROID-27275324,"4.4.4, 5.0.2, 5.1.1, 6.0, 6.0.1"
2016-04,CVE-2016-0843,2,Elevation of Privilege Vulnerability in Qualcomm Performance Module,Local code execution in kernel,Critical,Qualcomm Performance Module,ANDROID-25801197,"4.4.4, 5.0.2, 5.1.1, 6.0, 6.0.1"
2016-04,CVE-2016-0844,2,Elevation of Privilege Vulnerability in Qualcomm RF component,Local code execution in kernel,Critical,Qualcomm RF Driver,ANDROID-26324307,"6.0, 6.0.1"
2016-04,CVE-2014-9322,2,Elevation of Privilege Vulnerability in Kernel,Local privilege escalation,Critical,Kernel,ANDROID-26927260,"6.0, 6.0.1"
2016-04,CVE-2016-0846,2,Elevation of Privilege Vulnerability in IMemory Native Interface,Local code execution as elevated app,High,IMemory Native Interface,ANDROID-26877992,"4.4.4, 5.0.2, 5.1.1, 6.0, 6.0.1"
2016-04,CVE-2016-0847,2,Elevation of Privilege Vulnerability in Telecom Component,Caller ID spoofing,High,Telecom Component,ANDROID-26864502,"5.0.2, 5.1.1, 6.0, 6.0.1"
2016-04,CVE-2016-0848,2,Elevation of Privilege Vulnerability in Download Manager,Unauthorized file access,High,Download Manager,ANDROID-26211054,"4.4.4, 5.0.2, 5.1.1, 6.0, 6.0.1"
2016-04,CVE-2016-0849,2,Elevation of Privilege Vulnerability in Recovery Procedure,Local code execution as elevated app,High,Recovery Procedure,ANDROID-26960931,"5.0.2, 5.1.1, 6.0, 6.0.1"
2016-04,CVE-2016-0850,2,Elevation of Privilege Vulnerability in Bluetooth,Unauthorized Bluetooth pairing,High,Bluetooth,ANDROID-26551752,"4.4.4, 5.0.2, 5.1.1, 6.0, 6.0.1"
2016-04,CVE-2016-2409,2,Elevation of Privilege Vulnerability in Texas Instruments Haptic Driver,Local kernel code execution,High,TI Haptic Kernel Driver,ANDROID-25981545,"6.0, 6.0.1"
2016-04,CVE-2016-2410,2,Elevation of Privilege Vulnerability in Qualcomm Video Kernel Driver,Local kernel code execution,High,Qualcomm Video Kernel Driver,ANDROID-26291677,"6.0, 6.0.1"
2016-04,CVE-2016-2411,2,Elevation of Privilege Vulnerability in Qualcomm Power Management component,Local kernel code execution,High,Qualcomm Power Management,ANDROID-26866053,"6.0, 6.0.1"
2016-04,CVE-2016-2412,2,Elevation of Privilege Vulnerability in System_server,Local code execution as elevated app,High,System_server/Skia,ANDROID-26593930,"4.4.4, 5.0.2, 5.1.1, 6.0, 6.0.1"
2016-04,CVE-2016-2413,2,Elevation of Privilege Vulnerability in Mediaserver,Local code execution as elevated app,High,Mediaserver,ANDROID-26403627,"5.0.2, 5.1.1, 6.0, 6.0.1"
2016-04,CVE-2016-2414,2,Denial of Service Vulnerability in Minikin,DoS via font loading,High,Minikin Library,ANDROID-26413177,"5.0.2, 5.1.1, 6.0, 6.0.1"
2016-04,CVE-2016-2415,2,Information Disclosure Vulnerability in Exchange ActiveSync,Private information access,High,Exchange ActiveSync,ANDROID-26488455,"5.0.2, 5.1.1, 6.0, 6.0.1"
2016-04,CVE-2016-2416,2,Information Disclosure Vulnerability in Mediaserver,Security bypass/info disclosure,High,Mediaserver/Native Framework,ANDROID-27046057,"4.4.4, 5.0.2, 5.1.1, 6.0, 6.0.1"
2016-04,CVE-2016-2417,2,Information Disclosure Vulnerability in Mediaserver,Security bypass/info disclosure,High,Mediaserver,ANDROID-26914474,"4.4.4, 5.0.2, 5.1.1, 6.0, 6.0.1"
2016-04,CVE-2016-2418,2,Information Disclosure Vulnerability in Mediaserver,Security bypass/info disclosure,High,Mediaserver,ANDROID-26324358,"6.0, 6.0.1"
2016-04,CVE-2016-2419,2,Information Disclosure Vulnerability in Mediaserver,Security bypass/info disclosure,High,Mediaserver,ANDROID-26323455,"6.0, 6.0.1"
2016-04,CVE-2016-2420,2,Elevation of Privilege Vulnerability in Debuggerd Component,Local code execution,Moderate,Debuggerd,ANDROID-26403620,"4.4.4, 5.0.2, 5.1.1, 6.0, 6.0.1"
2016-04,CVE-2016-2421,2,Elevation of Privilege Vulnerability in Setup Wizard,Factory Reset Protection bypass,Moderate,Setup Wizard,ANDROID-26154410,"5.1.1, 6.0, 6.0.1"
2016-04,CVE-2016-2422,2,Elevation of Privilege Vulnerability in Wi-Fi,Local code execution as elevated app,Moderate,Wi-Fi/CertInstaller,ANDROID-26324357,"4.4.4, 5.0.2, 5.1.1, 6.0, 6.0.1"
2016-04,CVE-2016-2423,2,Elevation of Privilege Vulnerability in Telephony,Factory Reset Protection bypass,Moderate,Telephony,ANDROID-26303187,"4.4.4, 5.0.2, 5.1.1, 6.0, 6.0.1"
2016-04,CVE-2016-2424,2,Denial of Service Vulnerability in SyncStorageEngine,Reboot loop,Moderate,SyncStorageEngine,ANDROID-26513719,"4.4.4, 5.0.2, 5.1.1, 6.0, 6.0.1"
2016-04,CVE-2016-2425,2,Information Disclosure Vulnerability in AOSP Mail,Private information access,Moderate,AOSP Mail/UnifiedEmail,ANDROID-26989185,"4.4.4, 5.1.1, 6.0, 6.0.1"
2016-04,CVE-2016-2426,2,Information Disclosure Vulnerability in Framework,Sensitive information access,Moderate,Framework,ANDROID-26094635,"4.4.4, 5.0.2, 5.1.1, 6.0, 6.0.1"
