model,csc,build,spl,fetched_at
SM-A015F,AFG,A015FXXS2ATF3,2020-06-01,2026-09-11T14:32:32Z
SM-A015F,EGY,A015FXXS2ATF3,2020-06-01,2026-09-11T14:32:23Z
SM-A015F,MID,A015FXXS2ATF3,2020-06-01,2026-09-11T14:32:19Z
SM-A015F,TUR,A015FXXS2ATF3,2020-06-01,2026-09-11T14:32:26Z
SM-A015F,XSG,A015FXXS2ATF3,2020-06-01,2026-09-11T14:32:29Z
SM-A015F,AFG,A015FXXS3ATL1,2020-11-01,2026-09-11T14:32:32Z
SM-A015F,EGY,A015FXXS3ATL1,2020-11-01,2026-09-11T14:32:23Z
SM-A015F,MID,A015FXXS3ATL1,2020-11-01,2026-09-11T14:32:19Z
SM-A015F,TUR,A015FXXS3ATL1,2020-11-01,2026-09-11T14:32:26Z
SM-A015F,XSG,A015FXXS3ATL1,2020-11-01,2026-09-11T14:32:29Z
SM-A015F,AFG,A015FXXS5BUL1,2022-01-01,2026-09-11T14:32:32Z
SM-A015F,EGY,A015FXXS5BUL1,2022-01-01,2026-09-11T14:32:23Z
SM-A015F,MID,A015FXXS5BUL1,2022-01-01,2026-09-11T14:32:19Z
SM-A015F,TUR,A015FXXS5BUL1,2022-01-01,2026-09-11T14:32:26Z
SM-A015F,XSG,A015FXXS5BUL1,2022-01-01,2026-09-11T14:32:29Z
SM-A015F,AFG,A015FXXS5BVC1,2022-03-01,2026-09-11T14:32:32Z
SM-A015F,EGY,A015FXXS5BVC1,2022-03-01,2026-09-11T14:32:23Z
SM-A015F,MID,A015FXXS5BVC1,2022-03-01,2026-09-11T14:32:19Z
SM-A015F,TUR,A015FXXS5BVC1,2022-03-01,2026-09-11T14:32:26Z
SM-A015F,XSG,A015FXXS5BVC1,2022-03-01,2026-09-11T14:32:29Z
SM-A015F,AFG,A015FXXS5CWB2,2023-02-01,2026-09-11T14:32:32Z
SM-A015F,TUR,A015FXXS5CWB2,2023-02-01,2026-09-11T14:32:26Z
SM-A015F,AFG,A015FXXS6CWG1,2023-08-01,2026-09-11T14:32:32Z
SM-A015F,TUR,A015FXXS6CWG1,2023-08-01,2026-09-11T14:32:26Z
SM-A015F,AFG,A015FXXU2ATB5,2020-03-01,2026-09-11T14:32:32Z
SM-A015F,EGY,A015FXXU2ATB5,2020-03-01,2026-09-11T14:32:23Z
SM-A015F,MID,A015FXXU2ATB5,2020-03-01,2026-09-11T14:32:19Z
SM-A015F,TUR,A015FXXU2ATB5,2020-03-01,2026-09-11T14:32:26Z
SM-A015F,XSG,A015FXXU2ATB5,2020-03-01,2026-09-11T14:32:29Z
SM-A015F,AFG,A015FXXU2ATC5,2020-03-01,2026-09-11T14:32:32Z
SM-A015F,EGY,A015FXXU2ATC5,2020-03-01,2026-09-11T14:32:23Z
SM-A015F,MID,A015FXXU2ATC5,2020-03-01,2026-09-11T14:32:19Z
SM-A015F,TUR,A015FXXU2ATC5,2020-03-01,2026-09-11T14:32:26Z
SM-A015F,XSG,A015FXXU2ATC5,2020-03-01,2026-09-11T14:32:29Z
SM-A015F,AFG,A015FXXU3ATG5,2020-08-01,2026-09-11T14:32:32Z
SM-A015F,EGY,A015FXXU3ATG5,2020-08-01,2026-09-11T14:32:23Z
SM-A015F,MID,A015FXXU3ATG5,2020-08-01,2026-09-11T14:32:19Z
SM-A015F,TUR,A015FXXU3ATG5,2020-08-01,2026-09-11T14:32:26Z
SM-A015F,XSG,A015FXXU3ATG5,2020-08-01,2026-09-11T14:32:29Z
SM-A015F,AFG,A015FXXU3ATI2,2020-09-01,2026-09-11T14:32:32Z
SM-A015F,EGY,A015FXXU3ATI2,2020-09-01,2026-09-11T14:32:23Z
SM-A015F,MID,A015FXXU3ATI2,2020-09-01,2026-09-11T14:32:19Z
SM-A015F,TUR,A015FXXU3ATI2,2020-09-01,2026-09-11T14:32:26Z
SM-A015F,XSG,A015FXXU3ATI2,2020-09-01,2026-09-11T14:32:29Z
SM-A015F,AFG,A015FXXU4AUB2,2021-02-01,2026-09-11T14:32:32Z
SM-A015F,EGY,A015FXXU4AUB2,2021-02-01,2026-09-11T14:32:23Z
SM-A015F,MID,A015FXXU4AUB2,2021-02-01,2026-09-11T14:32:19Z
SM-A015F,XSG,A015FXXU4AUB2,2021-02-01,2026-09-11T14:32:29Z
SM-A015F,AFG,A015FXXU4BUD8,2021-04-01,2026-09-11T14:32:32Z
SM-A015F,EGY,A015FXXU4BUD8,2021-04-01,2026-09-11T14:32:23Z
SM-A015F,MID,A015FXXU4BUD8,2021-04-01,2026-09-11T14:32:19Z
SM-A015F,TUR,A015FXXU4BUD8,2021-04-01,2026-09-11T14:32:26Z
SM-A015F,XSG,A015FXXU4BUD8,2021-04-01,2026-09-11T14:32:29Z
SM-A015F,AFG,A015FXXU4BUH1,2021-07-01,2026-09-11T14:32:32Z
SM-A015F,EGY,A015FXXU4BUH1,2021-07-01,2026-09-11T14:32:23Z
SM-A015F,MID,A015FXXU4BUH1,2021-07-01,2026-09-11T14:32:19Z
SM-A015F,TUR,A015FXXU4BUH1,2021-07-01,2026-09-11T14:32:26Z
SM-A015F,XSG,A015FXXU4BUH1,2021-07-01,2026-09-11T14:32:29Z
SM-A015F,AFG,A015FXXU5BUJ1,2021-10-01,2026-09-11T14:32:32Z
SM-A015F,EGY,A015FXXU5BUJ1,2021-10-01,2026-09-11T14:32:23Z
SM-A015F,MID,A015FXXU5BUJ1,2021-10-01,2026-09-11T14:32:19Z
SM-A015F,TUR,A015FXXU5BUJ1,2021-10-01,2026-09-11T14:32:26Z
SM-A015F,XSG,A015FXXU5BUJ1,2021-10-01,2026-09-11T14:32:29Z
SM-A015F,AFG,A015FXXU5BVG2,2022-03-01,2026-09-11T14:32:32Z
SM-A015F,TUR,A015FXXU5BVG2,2022-03-01,2026-09-11T14:32:26Z
SM-A015F,AFG,A015FXXU5CVK5,2022-09-01,2026-09-11T14:32:32Z
SM-A015F,TUR,A015FXXU5CVK5,2022-09-01,2026-09-11T14:32:26Z
SM-A025F,AFG,A025FXXS2BUF1,2021-07-01,2026-09-11T14:33:11Z
SM-A025F,EGY,A025FXXS2BUF1,2021-07-01,2026-09-11T14:33:02Z
SM-A025F,ILO,A025FXXS2BUF1,2021-07-01,2026-09-11T14:32:55Z
SM-A025F,MID,A025FXXS2BUF1,2021-07-01,2026-09-11T14:32:59Z
SM-A025F,TUR,A025FXXS2BUF1,2021-07-01,2026-09-11T14:33:05Z
SM-A025F,XSG,A025FXXS2BUF1,2021-07-01,2026-09-11T14:33:08Z
SM-A025F,AFG,A025FXXS4BVC2,2022-03-01,2026-09-11T14:33:11Z
SM-A025F,EGY,A025FXXS4BVC2,2022-03-01,2026-09-11T14:33:02Z
SM-A025F,ILO,A025FXXS4BVC2,2022-03-01,2026-09-11T14:32:55Z
SM-A025F,TUR,A025FXXS4BVC2,2022-03-01,2026-09-11T14:33:05Z
SM-A025F,XSG,A025FXXS4BVC2,2022-03-01,2026-09-11T14:33:08Z
SM-A025F,MID,A025FXXS4BVE1,2022-04-01,2026-09-11T14:32:59Z
SM-A025F,AFG,A025FXXS5CVK1,2022-11-01,2026-09-11T14:33:11Z
SM-A025F,ILO,A025FXXS5CVK1,2022-11-01,2026-09-11T14:32:55Z
SM-A025F,TUR,A025FXXS5CVK1,2022-11-01,2026-09-11T14:33:05Z
SM-A025F,XSG,A025FXXS5CVK1,2022-11-01,2026-09-11T14:33:08Z
SM-A025F,AFG,A025FXXS7CWJ3,2023-10-01,2026-09-11T14:33:11Z
SM-A025F,ILO,A025FXXS7CWJ3,2023-10-01,2026-09-11T14:32:55Z
SM-A025F,TUR,A025FXXS7CWJ3,2023-10-01,2026-09-11T14:33:05Z
SM-A025F,XSG,A025FXXS7CWJ3,2023-10-01,2026-09-11T14:33:08Z
SM-A025F,AFG,A025FXXS7CXC1,2024-03-01,2026-09-11T14:33:11Z
SM-A025F,ILO,A025FXXS7CXC1,2024-03-01,2026-09-11T14:32:55Z
SM-A025F,TUR,A025FXXS7CXC1,2024-03-01,2026-09-11T14:33:05Z
SM-A025F,XSG,A025FXXS7CXC1,2024-03-01,2026-09-11T14:33:08Z
SM-A025F,AFG,A025FXXS8CXH1,2024-08-01,2026-09-11T14:33:11Z
SM-A025F,ILO,A025FXXS8CXH1,2024-08-01,2026-09-11T14:32:55Z
SM-A025F,TUR,A025FXXS8CXH1,2024-08-01,2026-09-11T14:33:05Z
SM-A025F,XSG,A025FXXS8CXH1,2024-08-01,2026-09-11T14:33:08Z
SM-A025F,AFG,A025FXXS8CYC3,2024-08-01,2026-09-11T14:33:11Z
SM-A025F,XSG,A025FXXS8CYC3,2024-08-01,2026-09-11T14:33:08Z
SM-A025F,AFG,A025FXXU1ATL1,2020-11-01,2026-09-11T14:33:11Z
SM-A025F,EGY,A025FXXU1ATL1,2020-11-01,2026-09-11T14:33:02Z
SM-A025F,ILO,A025FXXU1ATL1,2020-11-01,2026-09-11T14:32:55Z
SM-A025F,MID,A025FXXU1ATL1,2020-11-01,2026-09-11T14:32:59Z
SM-A025F,TUR,A025FXXU1ATL1,2020-11-01,2026-09-11T14:33:05Z
SM-A025F,XSG,A025FXXU1ATL1,2020-11-01,2026-09-11T14:33:08Z
SM-A025F,AFG,A025FXXU2AUC1,2021-02-01,2026-09-11T14:33:11Z
SM-A025F,EGY,A025FXXU2AUC1,2021-02-01,2026-09-11T14:33:02Z
SM-A025F,ILO,A025FXXU2AUC1,2021-02-01,2026-09-11T14:32:55Z
SM-A025F,MID,A025FXXU2AUC1,2021-02-01,2026-09-11T14:32:59Z
SM-A025F,TUR,A025FXXU2AUC1,2021-02-01,2026-09-11T14:33:05Z
SM-A025F,XSG,A025FXXU2AUC1,2021-02-01,2026-09-11T14:33:08Z
SM-A025F,XSG,A025FXXU2BUDC,2021-04-01,2026-09-11T14:33:08Z
SM-A025F,AFG,A025FXXU2BUE2,2021-04-01,2026-09-11T14:33:11Z
SM-A025F,EGY,A025FXXU2BUE2,2021-04-01,2026-09-11T14:33:02Z
SM-A025F,ILO,A025FXXU2BUE2,2021-04-01,2026-09-11T14:32:55Z
SM-A025F,MID,A025FXXU2BUE2,2021-04-01,2026-09-11T14:32:59Z
SM-A025F,TUR,A025FXXU2BUE2,2021-04-01,2026-09-11T14:33:05Z
SM-A025F,XSG,A025FXXU2BUE2,2021-04-01,2026-09-11T14:33:08Z
SM-A025F,AFG,A025FXXU3BUH1,2021-08-01,2026-09-11T14:33:11Z
SM-A025F,EGY,A025FXXU3BUH1,2021-08-01,2026-09-11T14:33:02Z
SM-A025F,ILO,A025FXXU3BUH1,2021-08-01,2026-09-11T14:32:55Z
SM-A025F,MID,A025FXXU3BUH1,2021-08-01,2026-09-11T14:32:59Z
SM-A025F,TUR,A025FXXU3BUH1,2021-08-01,2026-09-11T14:33:05Z
SM-A025F,XSG,A025FXXU3BUH1,2021-08-01,2026-09-11T14:33:08Z
SM-A025F,AFG,A025FXXU3BUJ7,2021-11-01,2026-09-11T14:33:11Z
SM-A025F,EGY,A025FXXU3BUJ7,2021-11-01,2026-09-11T14:33:02Z
SM-A025F,ILO,A025FXXU3BUJ7,2021-11-01,2026-09-11T14:32:55Z
SM-A025F,TUR,A025FXXU3BUJ7,2021-11-01,2026-09-11T14:33:05Z
SM-A025F,XSG,A025FXXU3BUJ7,2021-11-01,2026-09-11T14:33:08Z
SM-A025F,AFG,A025FXXU4CVF4,2022-06-01,2026-09-11T14:33:11Z
SM-A025F,ILO,A025FXXU4CVF4,2022-06-01,2026-09-11T14:32:55Z
SM-A025F,TUR,A025FXXU4CVF4,2022-06-01,2026-09-11T14:33:05Z
SM-A025F,XSG,A025FXXU4CVF4,2022-06-01,2026-09-11T14:33:08Z
SM-A025F,AFG,A025FXXU4CVJ1,2022-06-01,2026-09-11T14:33:11Z
SM-A025F,ILO,A025FXXU4CVJ1,2022-06-01,2026-09-11T14:32:55Z
SM-A025F,TUR,A025FXXU4CVJ1,2022-06-01,2026-09-11T14:33:05Z
SM-A025F,XSG,A025FXXU4CVJ1,2022-06-01,2026-09-11T14:33:08Z
SM-A025F,AFG,A025FXXU6CWE2,2023-04-01,2026-09-11T14:33:11Z
SM-A025F,ILO,A025FXXU6CWE2,2023-04-01,2026-09-11T14:32:55Z
SM-A025F,TUR,A025FXXU6CWE2,2023-04-01,2026-09-11T14:33:05Z
SM-A025F,XSG,A025FXXU6CWE2,2023-04-01,2026-09-11T14:33:08Z
SM-A032F,AFG,A032FXXS2AVJ2,2022-10-01,2026-09-11T14:33:50Z
SM-A032F,EGY,A032FXXS2AVJ2,2022-10-01,2026-09-11T14:33:40Z
SM-A032F,INS,A032FXXS2AVJ2,2022-10-01,2026-09-11T14:33:53Z
SM-A032F,MID,A032FXXS2AVJ2,2022-10-01,2026-09-11T14:33:37Z
SM-A032F,XSG,A032FXXS2AVJ2,2022-10-01,2026-09-11T14:33:47Z
SM-A032F,AFG,A032FXXS4BWH5,2023-08-01,2026-09-11T14:33:50Z
SM-A032F,EGY,A032FXXS4BWH5,2023-08-01,2026-09-11T14:33:40Z
SM-A032F,MID,A032FXXS4BWH5,2023-08-01,2026-09-11T14:33:37Z
SM-A032F,XSG,A032FXXS4BWH5,2023-08-01,2026-09-11T14:33:47Z
SM-A032F,INS,A032FXXS4BWH8,2023-08-01,2026-09-11T14:33:53Z
SM-A032F,INS,A032FXXS5CXA1,2023-12-01,2026-09-11T14:33:53Z
SM-A032F,AFG,A032FXXS5CXA2,2023-12-01,2026-09-11T14:33:50Z
SM-A032F,EGY,A032FXXS5CXA2,2023-12-01,2026-09-11T14:33:40Z
SM-A032F,MID,A032FXXS5CXA2,2023-12-01,2026-09-11T14:33:37Z
SM-A032F,XSG,A032FXXS5CXA2,2023-12-01,2026-09-11T14:33:47Z
SM-A032F,INS,A032FXXS6CXE1,2024-06-01,2026-09-11T14:33:53Z
SM-A032F,AFG,A032FXXS6CXE2,2024-06-01,2026-09-11T14:33:50Z
SM-A032F,EGY,A032FXXS6CXE2,2024-06-01,2026-09-11T14:33:40Z
SM-A032F,MID,A032FXXS6CXE2,2024-06-01,2026-09-11T14:33:37Z
SM-A032F,XSG,A032FXXS6CXE2,2024-06-01,2026-09-11T14:33:47Z
SM-A032F,INS,A032FXXS7CYA3,2024-12-01,2026-09-11T14:33:53Z
SM-A032F,AFG,A032FXXS7CYA4,2024-12-01,2026-09-11T14:33:50Z
SM-A032F,EGY,A032FXXS7CYA4,2024-12-01,2026-09-11T14:33:40Z
SM-A032F,MID,A032FXXS7CYA4,2024-12-01,2026-09-11T14:33:37Z
SM-A032F,XSG,A032FXXS7CYA4,2024-12-01,2026-09-11T14:33:47Z
SM-A032F,INS,A032FXXS8CYF3,2025-06-01,2026-09-11T14:33:53Z
SM-A032F,AFG,A032FXXS8CYF4,2025-06-01,2026-09-11T14:33:50Z
SM-A032F,EGY,A032FXXS8CYF4,2025-06-01,2026-09-11T14:33:40Z
SM-A032F,MID,A032FXXS8CYF4,2025-06-01,2026-09-11T14:33:37Z
SM-A032F,XSG,A032FXXS8CYF4,2025-06-01,2026-09-11T14:33:47Z
SM-A032F,INS,A032FXXS9CZA1,2025-12-01,2026-09-11T14:33:53Z
SM-A032F,AFG,A032FXXS9CZA2,2025-12-01,2026-09-11T14:33:50Z
SM-A032F,EGY,A032FXXS9CZA2,2025-12-01,2026-09-11T14:33:40Z
SM-A032F,MID,A032FXXS9CZA2,2025-12-01,2026-09-11T14:33:37Z
SM-A032F,XSG,A032FXXS9CZA2,2025-12-01,2026-09-11T14:33:47Z
SM-A032F,AFG,A032FXXU1AUL5,2021-12-01,2026-09-11T14:33:50Z
SM-A032F,EGY,A032FXXU1AUL5,2021-12-01,2026-09-11T14:33:40Z
SM-A032F,INS,A032FXXU1AUL5,2021-12-01,2026-09-11T14:33:53Z
SM-A032F,MID,A032FXXU1AUL5,2021-12-01,2026-09-11T14:33:37Z
SM-A032F,XSG,A032FXXU1AUL5,2021-12-01,2026-09-11T14:33:47Z
SM-A032F,AFG,A032FXXU1AVA1,2022-01-01,2026-09-11T14:33:50Z
SM-A032F,EGY,A032FXXU1AVA1,2022-01-01,2026-09-11T14:33:40Z
SM-A032F,INS,A032FXXU1AVA1,2022-01-01,2026-09-11T14:33:53Z
SM-A032F,MID,A032FXXU1AVA1,2022-01-01,2026-09-11T14:33:37Z
SM-A032F,XSG,A032FXXU1AVA1,2022-01-01,2026-09-11T14:33:47Z
SM-A032F,AFG,A032FXXU1AVB3,2022-02-01,2026-09-11T14:33:50Z
SM-A032F,EGY,A032FXXU1AVB3,2022-02-01,2026-09-11T14:33:40Z
SM-A032F,INS,A032FXXU1AVB3,2022-02-01,2026-09-11T14:33:53Z
SM-A032F,MID,A032FXXU1AVB3,2022-02-01,2026-09-11T14:33:37Z
SM-A032F,XSG,A032FXXU1AVB3,2022-02-01,2026-09-11T14:33:47Z
SM-A032F,AFG,A032FXXU1AVC2,2022-03-01,2026-09-11T14:33:50Z
SM-A032F,EGY,A032FXXU1AVC2,2022-03-01,2026-09-11T14:33:40Z
SM-A032F,INS,A032FXXU1AVC2,2022-03-01,2026-09-11T14:33:53Z
SM-A032F,MID,A032FXXU1AVC2,2022-03-01,2026-09-11T14:33:37Z
SM-A032F,XSG,A032FXXU1AVC2,2022-03-01,2026-09-11T14:33:47Z
SM-A032F,AFG,A032FXXU1AVE2,2022-05-01,2026-09-11T14:33:50Z
SM-A032F,EGY,A032FXXU1AVE2,2022-05-01,2026-09-11T14:33:40Z
SM-A032F,INS,A032FXXU1AVE2,2022-05-01,2026-09-11T14:33:53Z
SM-A032F,MID,A032FXXU1AVE2,2022-05-01,2026-09-11T14:33:37Z
SM-A032F,XSG,A032FXXU1AVE2,2022-05-01,2026-09-11T14:33:47Z
SM-A032F,AFG,A032FXXU2AVH2,2022-07-01,2026-09-11T14:33:50Z
SM-A032F,EGY,A032FXXU2AVH2,2022-07-01,2026-09-11T14:33:40Z
SM-A032F,INS,A032FXXU2AVH2,2022-07-01,2026-09-11T14:33:53Z
SM-A032F,MID,A032FXXU2AVH2,2022-07-01,2026-09-11T14:33:37Z
SM-A032F,XSG,A032FXXU2AVH2,2022-07-01,2026-09-11T14:33:47Z
SM-A032F,AFG,A032FXXU2AVH4,2022-07-01,2026-09-11T14:33:50Z
SM-A032F,EGY,A032FXXU2AVH4,2022-07-01,2026-09-11T14:33:40Z
SM-A032F,INS,A032FXXU2AVH4,2022-07-01,2026-09-11T14:33:53Z
SM-A032F,MID,A032FXXU2AVH4,2022-07-01,2026-09-11T14:33:37Z
SM-A032F,XSG,A032FXXU2AVH4,2022-07-01,2026-09-11T14:33:47Z
SM-A032F,AFG,A032FXXU2BWC3,2023-03-01,2026-09-11T14:33:50Z
SM-A032F,EGY,A032FXXU2BWC3,2023-03-01,2026-09-11T14:33:40Z
SM-A032F,MID,A032FXXU2BWC3,2023-03-01,2026-09-11T14:33:37Z
SM-A032F,XSG,A032FXXU2BWC3,2023-03-01,2026-09-11T14:33:47Z
SM-A032F,INS,A032FXXU2BWC4,2023-03-01,2026-09-11T14:33:53Z
SM-A032F,INS,A032FXXU3BWF1,2023-05-01,2026-09-11T14:33:53Z
SM-A032F,AFG,A032FXXU3BWF2,2023-05-01,2026-09-11T14:33:50Z
SM-A032F,EGY,A032FXXU3BWF2,2023-05-01,2026-09-11T14:33:40Z
SM-A032F,MID,A032FXXU3BWF2,2023-05-01,2026-09-11T14:33:37Z
SM-A032F,XSG,A032FXXU3BWF2,2023-05-01,2026-09-11T14:33:47Z
SM-A032F,INS,A032FXXU4CWI8,2023-09-01,2026-09-11T14:33:53Z
SM-A032F,AFG,A032FXXU4CWI9,2023-09-01,2026-09-11T14:33:50Z
SM-A032F,EGY,A032FXXU4CWI9,2023-09-01,2026-09-11T14:33:40Z
SM-A032F,MID,A032FXXU4CWI9,2023-09-01,2026-09-11T14:33:37Z
SM-A032F,XSG,A032FXXU4CWI9,2023-09-01,2026-09-11T14:33:47Z
SM-A035F,TUR,A035FXXS1AVB2,2022-02-01,2026-09-11T14:34:21Z
SM-A035F,INS,A035FXXS3CWB4,2023-01-01,2026-09-11T14:34:30Z
SM-A035F,AFG,A035FXXS3CWC2,2023-01-01,2026-09-11T14:34:27Z
SM-A035F,EGY,A035FXXS3CWC2,2023-01-01,2026-09-11T14:34:18Z
SM-A035F,ILO,A035FXXS3CWC2,2023-01-01,2026-09-11T14:34:12Z
SM-A035F,MID,A035FXXS3CWC2,2023-01-01,2026-09-11T14:34:15Z
SM-A035F,TUR,A035FXXS3CWC2,2023-01-01,2026-09-11T14:34:21Z
SM-A035F,XSG,A035FXXS3CWC2,2023-01-01,2026-09-11T14:34:24Z
SM-A035F,AFG,A035FXXS3CWD1,2023-03-01,2026-09-11T14:34:27Z
SM-A035F,EGY,A035FXXS3CWD1,2023-03-01,2026-09-11T14:34:18Z
SM-A035F,ILO,A035FXXS3CWD1,2023-03-01,2026-09-11T14:34:12Z
SM-A035F,MID,A035FXXS3CWD1,2023-03-01,2026-09-11T14:34:15Z
SM-A035F,TUR,A035FXXS3CWD1,2023-03-01,2026-09-11T14:34:21Z
SM-A035F,XSG,A035FXXS3CWD1,2023-03-01,2026-09-11T14:34:24Z
SM-A035F,AFG,A035FXXS5CWK1,2023-12-01,2026-09-11T14:34:27Z
SM-A035F,EGY,A035FXXS5CWK1,2023-12-01,2026-09-11T14:34:18Z
SM-A035F,ILO,A035FXXS5CWK1,2023-12-01,2026-09-11T14:34:12Z
SM-A035F,INS,A035FXXS5CWK1,2023-12-01,2026-09-11T14:34:30Z
SM-A035F,MID,A035FXXS5CWK1,2023-12-01,2026-09-11T14:34:15Z
SM-A035F,TUR,A035FXXS5CWK1,2023-12-01,2026-09-11T14:34:21Z
SM-A035F,XSG,A035FXXS5CWK1,2023-12-01,2026-09-11T14:34:24Z
SM-A035F,AFG,A035FXXS6CXA3,2024-01-01,2026-09-11T14:34:27Z
SM-A035F,EGY,A035FXXS6CXA3,2024-01-01,2026-09-11T14:34:18Z
SM-A035F,ILO,A035FXXS6CXA3,2024-01-01,2026-09-11T14:34:12Z
SM-A035F,INS,A035FXXS6CXA3,2024-01-01,2026-09-11T14:34:30Z
SM-A035F,MID,A035FXXS6CXA3,2024-01-01,2026-09-11T14:34:15Z
SM-A035F,TUR,A035FXXS6CXA3,2024-01-01,2026-09-11T14:34:21Z
SM-A035F,XSG,A035FXXS6CXA3,2024-01-01,2026-09-11T14:34:24Z
SM-A035F,AFG,A035FXXS7CXF3,2024-07-01,2026-09-11T14:34:27Z
SM-A035F,EGY,A035FXXS7CXF3,2024-07-01,2026-09-11T14:34:18Z
SM-A035F,ILO,A035FXXS7CXF3,2024-07-01,2026-09-11T14:34:12Z
SM-A035F,INS,A035FXXS7CXF3,2024-07-01,2026-09-11T14:34:30Z
SM-A035F,MID,A035FXXS7CXF3,2024-07-01,2026-09-11T14:34:15Z
SM-A035F,TUR,A035FXXS7CXF3,2024-07-01,2026-09-11T14:34:21Z
SM-A035F,XSG,A035FXXS7CXF3,2024-07-01,2026-09-11T14:34:24Z
SM-A035F,AFG,A035FXXS8CYA1,2025-01-01,2026-09-11T14:34:27Z
SM-A035F,EGY,A035FXXS8CYA1,2025-01-01,2026-09-11T14:34:18Z
SM-A035F,ILO,A035FXXS8CYA1,2025-01-01,2026-09-11T14:34:12Z
SM-A035F,INS,A035FXXS8CYA1,2025-01-01,2026-09-11T14:34:30Z
SM-A035F,MID,A035FXXS8CYA1,2025-01-01,2026-09-11T14:34:15Z
SM-A035F,TUR,A035FXXS8CYA1,2025-01-01,2026-09-11T14:34:21Z
SM-A035F,XSG,A035FXXS8CYA1,2025-01-01,2026-09-11T14:34:24Z
SM-A035F,AFG,A035FXXS8CYA3,2025-02-01,2026-09-11T14:34:27Z
SM-A035F,EGY,A035FXXS8CYA3,2025-02-01,2026-09-11T14:34:18Z
SM-A035F,ILO,A035FXXS8CYA3,2025-02-01,2026-09-11T14:34:12Z
SM-A035F,INS,A035FXXS8CYA3,2025-02-01,2026-09-11T14:34:30Z
SM-A035F,MID,A035FXXS8CYA3,2025-02-01,2026-09-11T14:34:15Z
SM-A035F,TUR,A035FXXS8CYA3,2025-02-01,2026-09-11T14:34:21Z
SM-A035F,XSG,A035FXXS8CYA3,2025-02-01,2026-09-11T14:34:24Z
SM-A035F,AFG,A035FXXS9CYG1,2025-08-01,2026-09-11T14:34:27Z
SM-A035F,EGY,A035FXXS9CYG1,2025-08-01,2026-09-11T14:34:18Z
SM-A035F,ILO,A035FXXS9CYG1,2025-08-01,2026-09-11T14:34:12Z
SM-A035F,INS,A035FXXS9CYG1,2025-08-01,2026-09-11T14:34:30Z
SM-A035F,MID,A035FXXS9CYG1,2025-08-01,2026-09-11T14:34:15Z
SM-A035F,TUR,A035FXXS9CYG1,2025-08-01,2026-09-11T14:34:21Z
SM-A035F,XSG,A035FXXS9CYG1,2025-08-01,2026-09-11T14:34:24Z
SM-A035F,INS,A035FXXU1AUL4,2021-12-01,2026-09-11T14:34:30Z
SM-A035F,XSG,A035FXXU1AUL4,2021-12-01,2026-09-11T14:34:24Z
SM-A035F,AFG,A035FXXU1AUL6,2021-12-01,2026-09-11T14:34:27Z
SM-A035F,EGY,A035FXXU1AUL6,2021-12-01,2026-09-11T14:34:18Z
SM-A035F,ILO,A035FXXU1AUL6,2021-12-01,2026-09-11T14:34:12Z
SM-A035F,INS,A035FXXU1AUL6,2021-12-01,2026-09-11T14:34:30Z
SM-A035F,MID,A035FXXU1AUL6,2021-12-01,2026-09-11T14:34:15Z
SM-A035F,TUR,A035FXXU1AUL6,2021-12-01,2026-09-11T14:34:21Z
SM-A035F,XSG,A035FXXU1AUL6,2021-12-01,2026-09-11T14:34:24Z
SM-A035F,INS,A035FXXU1AVA2,2021-12-01,2026-09-11T14:34:30Z
SM-A035F,AFG,A035FXXU1AVB1,2022-02-01,2026-09-11T14:34:27Z
SM-A035F,EGY,A035FXXU1AVB1,2022-02-01,2026-09-11T14:34:18Z
SM-A035F,ILO,A035FXXU1AVB1,2022-02-01,2026-09-11T14:34:12Z
SM-A035F,INS,A035FXXU1AVB1,2022-02-01,2026-09-11T14:34:30Z
SM-A035F,MID,A035FXXU1AVB1,2022-02-01,2026-09-11T14:34:15Z
SM-A035F,XSG,A035FXXU1AVB1,2022-02-01,2026-09-11T14:34:24Z
SM-A035F,AFG,A035FXXU1AVD3,2022-03-01,2026-09-11T14:34:27Z
SM-A035F,EGY,A035FXXU1AVD3,2022-03-01,2026-09-11T14:34:18Z
SM-A035F,ILO,A035FXXU1AVD3,2022-03-01,2026-09-11T14:34:12Z
SM-A035F,INS,A035FXXU1AVD3,2022-03-01,2026-09-11T14:34:30Z
SM-A035F,MID,A035FXXU1AVD3,2022-03-01,2026-09-11T14:34:15Z
SM-A035F,TUR,A035FXXU1AVD3,2022-03-01,2026-09-11T14:34:21Z
SM-A035F,XSG,A035FXXU1AVD3,2022-03-01,2026-09-11T14:34:24Z
SM-A035F,AFG,A035FXXU1AVF5,2022-06-01,2026-09-11T14:34:27Z
SM-A035F,EGY,A035FXXU1AVF5,2022-06-01,2026-09-11T14:34:18Z
SM-A035F,ILO,A035FXXU1AVF5,2022-06-01,2026-09-11T14:34:12Z
SM-A035F,INS,A035FXXU1AVF5,2022-06-01,2026-09-11T14:34:30Z
SM-A035F,MID,A035FXXU1AVF5,2022-06-01,2026-09-11T14:34:15Z
SM-A035F,TUR,A035FXXU1AVF5,2022-06-01,2026-09-11T14:34:21Z
SM-A035F,XSG,A035FXXU1AVF5,2022-06-01,2026-09-11T14:34:24Z
SM-A035F,AFG,A035FXXU1AVG8,2022-06-01,2026-09-11T14:34:27Z
SM-A035F,EGY,A035FXXU1AVG8,2022-06-01,2026-09-11T14:34:18Z
SM-A035F,ILO,A035FXXU1AVG8,2022-06-01,2026-09-11T14:34:12Z
SM-A035F,INS,A035FXXU1AVG8,2022-06-01,2026-09-11T14:34:30Z
SM-A035F,MID,A035FXXU1AVG8,2022-06-01,2026-09-11T14:34:15Z
SM-A035F,TUR,A035FXXU1AVG8,2022-06-01,2026-09-11T14:34:21Z
SM-A035F,XSG,A035FXXU1AVG8,2022-06-01,2026-09-11T14:34:24Z
SM-A035F,ILO,A035FXXU1BVH4,2022-07-01,2026-09-11T14:34:12Z
SM-A035F,XSG,A035FXXU1BVH4,2022-07-01,2026-09-11T14:34:24Z
SM-A035F,AFG,A035FXXU1BVH9,2022-07-01,2026-09-11T14:34:27Z
SM-A035F,EGY,A035FXXU1BVH9,2022-07-01,2026-09-11T14:34:18Z
SM-A035F,ILO,A035FXXU1BVH9,2022-07-01,2026-09-11T14:34:12Z
SM-A035F,INS,A035FXXU1BVH9,2022-07-01,2026-09-11T14:34:30Z
SM-A035F,MID,A035FXXU1BVH9,2022-07-01,2026-09-11T14:34:15Z
SM-A035F,XSG,A035FXXU1BVH9,2022-07-01,2026-09-11T14:34:24Z
SM-A035F,AFG,A035FXXU2BVI8,2022-09-01,2026-09-11T14:34:27Z
SM-A035F,EGY,A035FXXU2BVI8,2022-09-01,2026-09-11T14:34:18Z
SM-A035F,ILO,A035FXXU2BVI8,2022-09-01,2026-09-11T14:34:12Z
SM-A035F,INS,A035FXXU2BVI8,2022-09-01,2026-09-11T14:34:30Z
SM-A035F,MID,A035FXXU2BVI8,2022-09-01,2026-09-11T14:34:15Z
SM-A035F,TUR,A035FXXU2BVI8,2022-09-01,2026-09-11T14:34:21Z
SM-A035F,XSG,A035FXXU2BVI8,2022-09-01,2026-09-11T14:34:24Z
SM-A035F,INS,A035FXXU2CVL4,2022-11-01,2026-09-11T14:34:30Z
SM-A035F,MID,A035FXXU2CVL4,2022-11-01,2026-09-11T14:34:15Z
SM-A035F,XSG,A035FXXU2CVL4,2022-11-01,2026-09-11T14:34:24Z
SM-A035F,AFG,A035FXXU2CWA5,2022-11-01,2026-09-11T14:34:27Z
SM-A035F,EGY,A035FXXU2CWA5,2022-11-01,2026-09-11T14:34:18Z
SM-A035F,ILO,A035FXXU2CWA5,2022-11-01,2026-09-11T14:34:12Z
SM-A035F,INS,A035FXXU2CWA5,2022-11-01,2026-09-11T14:34:30Z
SM-A035F,MID,A035FXXU2CWA5,2022-11-01,2026-09-11T14:34:15Z
SM-A035F,XSG,A035FXXU2CWA5,2022-11-01,2026-09-11T14:34:24Z
SM-A035F,AFG,A035FXXU2CWA8,2022-11-01,2026-09-11T14:34:27Z
SM-A035F,EGY,A035FXXU2CWA8,2022-11-01,2026-09-11T14:34:18Z
SM-A035F,ILO,A035FXXU2CWA8,2022-11-01,2026-09-11T14:34:12Z
SM-A035F,INS,A035FXXU2CWA8,2022-11-01,2026-09-11T14:34:30Z
SM-A035F,MID,A035FXXU2CWA8,2022-11-01,2026-09-11T14:34:15Z
SM-A035F,TUR,A035FXXU2CWA8,2022-11-01,2026-09-11T14:34:21Z
SM-A035F,XSG,A035FXXU2CWA8,2022-11-01,2026-09-11T14:34:24Z
SM-A035F,AFG,A035FXXU3CWD2,2023-03-01,2026-09-11T14:34:27Z
SM-A035F,EGY,A035FXXU3CWD2,2023-03-01,2026-09-11T14:34:18Z
SM-A035F,ILO,A035FXXU3CWD2,2023-03-01,2026-09-11T14:34:12Z
SM-A035F,INS,A035FXXU3CWD2,2023-03-01,2026-09-11T14:34:30Z
SM-A035F,MID,A035FXXU3CWD2,2023-03-01,2026-09-11T14:34:15Z
SM-A035F,TUR,A035FXXU3CWD2,2023-03-01,2026-09-11T14:34:21Z
SM-A035F,XSG,A035FXXU3CWD2,2023-03-01,2026-09-11T14:34:24Z
SM-A035F,AFG,A035FXXU4CWF3,2023-06-01,2026-09-11T14:34:27Z
SM-A035F,EGY,A035FXXU4CWF3,2023-06-01,2026-09-11T14:34:18Z
SM-A035F,ILO,A035FXXU4CWF3,2023-06-01,2026-09-11T14:34:12Z
SM-A035F,INS,A035FXXU4CWF3,2023-06-01,2026-09-11T14:34:30Z
SM-A035F,MID,A035FXXU4CWF3,2023-06-01,2026-09-11T14:34:15Z
SM-A035F,TUR,A035FXXU4CWF3,2023-06-01,2026-09-11T14:34:21Z
SM-A035F,XSG,A035FXXU4CWF3,2023-06-01,2026-09-11T14:34:24Z
SM-A035F,AFG,A035FXXU4CWI1,2023-08-01,2026-09-11T14:34:27Z
SM-A035F,EGY,A035FXXU4CWI1,2023-08-01,2026-09-11T14:34:18Z
SM-A035F,ILO,A035FXXU4CWI1,2023-08-01,2026-09-11T14:34:12Z
SM-A035F,INS,A035FXXU4CWI1,2023-08-01,2026-09-11T14:34:30Z
SM-A035F,MID,A035FXXU4CWI1,2023-08-01,2026-09-11T14:34:15Z
SM-A035F,TUR,A035FXXU4CWI1,2023-08-01,2026-09-11T14:34:21Z
SM-A035F,XSG,A035FXXU4CWI1,2023-08-01,2026-09-11T14:34:24Z
SM-A037F,AFG,A037FXXS2BVI2,2022-10-01,2026-09-11T14:35:05Z
SM-A037F,EGY,A037FXXS2BVI2,2022-10-01,2026-09-11T14:34:56Z
SM-A037F,ILO,A037FXXS2BVI2,2022-10-01,2026-09-11T14:34:50Z
SM-A037F,INS,A037FXXS2BVI2,2022-10-01,2026-09-11T14:35:08Z
SM-A037F,MID,A037FXXS2BVI2,2022-10-01,2026-09-11T14:34:53Z
SM-A037F,TUR,A037FXXS2BVI2,2022-10-01,2026-09-11T14:34:58Z
SM-A037F,XSG,A037FXXS2BVI2,2022-10-01,2026-09-11T14:35:01Z
SM-A037F,AFG,A037FXXS2CWA3,2023-01-01,2026-09-11T14:35:05Z
SM-A037F,EGY,A037FXXS2CWA3,2023-01-01,2026-09-11T14:34:56Z
SM-A037F,ILO,A037FXXS2CWA3,2023-01-01,2026-09-11T14:34:50Z
SM-A037F,INS,A037FXXS2CWA3,2023-01-01,2026-09-11T14:35:08Z
SM-A037F,MID,A037FXXS2CWA3,2023-01-01,2026-09-11T14:34:53Z
SM-A037F,TUR,A037FXXS2CWA3,2023-01-01,2026-09-11T14:34:58Z
SM-A037F,XSG,A037FXXS2CWA3,2023-01-01,2026-09-11T14:35:01Z
SM-A037F,AFG,A037FXXS3CWC7,2023-04-01,2026-09-11T14:35:05Z
SM-A037F,EGY,A037FXXS3CWC7,2023-04-01,2026-09-11T14:34:56Z
SM-A037F,ILO,A037FXXS3CWC7,2023-04-01,2026-09-11T14:34:50Z
SM-A037F,INS,A037FXXS3CWC7,2023-04-01,2026-09-11T14:35:08Z
SM-A037F,MID,A037FXXS3CWC7,2023-04-01,2026-09-11T14:34:53Z
SM-A037F,TUR,A037FXXS3CWC7,2023-04-01,2026-09-11T14:34:58Z
SM-A037F,XSG,A037FXXS3CWC7,2023-04-01,2026-09-11T14:35:01Z
SM-A037F,AFG,A037FXXS5CWK1,2023-11-01,2026-09-11T14:35:05Z
SM-A037F,EGY,A037FXXS5CWK1,2023-11-01,2026-09-11T14:34:56Z
SM-A037F,ILO,A037FXXS5CWK1,2023-11-01,2026-09-11T14:34:50Z
SM-A037F,INS,A037FXXS5CWK1,2023-11-01,2026-09-11T14:35:08Z
SM-A037F,MID,A037FXXS5CWK1,2023-11-01,2026-09-11T14:34:53Z
SM-A037F,TUR,A037FXXS5CWK1,2023-11-01,2026-09-11T14:34:58Z
SM-A037F,XSG,A037FXXS5CWK3,2023-11-01,2026-09-11T14:35:01Z
SM-A037F,INS,A037FXXS5CWL2,2023-12-01,2026-09-11T14:35:08Z
SM-A037F,AFG,A037FXXS6CXE2,2024-05-01,2026-09-11T14:35:05Z
SM-A037F,EGY,A037FXXS6CXE2,2024-05-01,2026-09-11T14:34:56Z
SM-A037F,ILO,A037FXXS6CXE2,2024-05-01,2026-09-11T14:34:50Z
SM-A037F,MID,A037FXXS6CXE2,2024-05-01,2026-09-11T14:34:53Z
SM-A037F,TUR,A037FXXS6CXE2,2024-05-01,2026-09-11T14:34:58Z
SM-A037F,XSG,A037FXXS6CXE3,2024-05-01,2026-09-11T14:35:01Z
SM-A037F,INS,A037FXXS6CXE4,2024-05-01,2026-09-11T14:35:08Z
SM-A037F,AFG,A037FXXS7CXK1,2024-11-01,2026-09-11T14:35:05Z
SM-A037F,EGY,A037FXXS7CXK1,2024-11-01,2026-09-11T14:34:56Z
SM-A037F,ILO,A037FXXS7CXK1,2024-11-01,2026-09-11T14:34:50Z
SM-A037F,MID,A037FXXS7CXK1,2024-11-01,2026-09-11T14:34:53Z
SM-A037F,TUR,A037FXXS7CXK1,2024-11-01,2026-09-11T14:34:58Z
SM-A037F,XSG,A037FXXS7CXK2,2024-11-01,2026-09-11T14:35:01Z
SM-A037F,INS,A037FXXS7CXK3,2024-11-01,2026-09-11T14:35:08Z
SM-A037F,AFG,A037FXXS8CYE1,2025-05-01,2026-09-11T14:35:05Z
SM-A037F,EGY,A037FXXS8CYE1,2025-05-01,2026-09-11T14:34:56Z
SM-A037F,ILO,A037FXXS8CYE1,2025-05-01,2026-09-11T14:34:50Z
SM-A037F,MID,A037FXXS8CYE1,2025-05-01,2026-09-11T14:34:53Z
SM-A037F,TUR,A037FXXS8CYE1,2025-05-01,2026-09-11T14:34:58Z
SM-A037F,XSG,A037FXXS8CYE2,2025-05-01,2026-09-11T14:35:01Z
SM-A037F,INS,A037FXXS8CYE3,2025-05-01,2026-09-11T14:35:08Z
SM-A037F,AFG,A037FXXU1AUH2,2021-08-01,2026-09-11T14:35:05Z
SM-A037F,EGY,A037FXXU1AUH2,2021-08-01,2026-09-11T14:34:56Z
SM-A037F,ILO,A037FXXU1AUH2,2021-08-01,2026-09-11T14:34:50Z
SM-A037F,INS,A037FXXU1AUH2,2021-08-01,2026-09-11T14:35:08Z
SM-A037F,MID,A037FXXU1AUH2,2021-08-01,2026-09-11T14:34:53Z
SM-A037F,TUR,A037FXXU1AUH2,2021-08-01,2026-09-11T14:34:58Z
SM-A037F,XSG,A037FXXU1AUH2,2021-08-01,2026-09-11T14:35:01Z
SM-A037F,AFG,A037FXXU1AUH3,2021-08-01,2026-09-11T14:35:05Z
SM-A037F,EGY,A037FXXU1AUH3,2021-08-01,2026-09-11T14:34:56Z
SM-A037F,ILO,A037FXXU1AUH3,2021-08-01,2026-09-11T14:34:50Z
SM-A037F,INS,A037FXXU1AUH3,2021-08-01,2026-09-11T14:35:08Z
SM-A037F,MID,A037FXXU1AUH3,2021-08-01,2026-09-11T14:34:53Z
SM-A037F,TUR,A037FXXU1AUH3,2021-08-01,2026-09-11T14:34:58Z
SM-A037F,XSG,A037FXXU1AUH3,2021-08-01,2026-09-11T14:35:01Z
SM-A037F,INS,A037FXXU1AUI6,2021-08-01,2026-09-11T14:35:08Z
SM-A037F,AFG,A037FXXU1AUI7,2021-09-01,2026-09-11T14:35:05Z
SM-A037F,EGY,A037FXXU1AUI7,2021-09-01,2026-09-11T14:34:56Z
SM-A037F,ILO,A037FXXU1AUI7,2021-09-01,2026-09-11T14:34:50Z
SM-A037F,INS,A037FXXU1AUI7,2021-09-01,2026-09-11T14:35:08Z
SM-A037F,MID,A037FXXU1AUI7,2021-09-01,2026-09-11T14:34:53Z
SM-A037F,TUR,A037FXXU1AUI7,2021-09-01,2026-09-11T14:34:58Z
SM-A037F,XSG,A037FXXU1AUI7,2021-09-01,2026-09-11T14:35:01Z
SM-A037F,INS,A037FXXU1AUJ2,2021-09-01,2026-09-11T14:35:08Z
SM-A037F,AFG,A037FXXU1AVA1,2022-01-01,2026-09-11T14:35:05Z
SM-A037F,EGY,A037FXXU1AVA1,2022-01-01,2026-09-11T14:34:56Z
SM-A037F,ILO,A037FXXU1AVA1,2022-01-01,2026-09-11T14:34:50Z
SM-A037F,INS,A037FXXU1AVA1,2022-01-01,2026-09-11T14:35:08Z
SM-A037F,MID,A037FXXU1AVA1,2022-01-01,2026-09-11T14:34:53Z
SM-A037F,TUR,A037FXXU1AVA1,2022-01-01,2026-09-11T14:34:58Z
SM-A037F,XSG,A037FXXU1AVA1,2022-01-01,2026-09-11T14:35:01Z
SM-A037F,INS,A037FXXU1AVB1,2022-02-01,2026-09-11T14:35:08Z
SM-A037F,TUR,A037FXXU1AVB1,2022-02-01,2026-09-11T14:34:58Z
SM-A037F,XSG,A037FXXU1AVB1,2022-02-01,2026-09-11T14:35:01Z
SM-A037F,AFG,A037FXXU1AVC1,2022-04-01,2026-09-11T14:35:05Z
SM-A037F,EGY,A037FXXU1AVC1,2022-04-01,2026-09-11T14:34:56Z
SM-A037F,ILO,A037FXXU1AVC1,2022-04-01,2026-09-11T14:34:50Z
SM-A037F,INS,A037FXXU1AVC1,2022-04-01,2026-09-11T14:35:08Z
SM-A037F,MID,A037FXXU1AVC1,2022-04-01,2026-09-11T14:34:53Z
SM-A037F,TUR,A037FXXU1AVC1,2022-04-01,2026-09-11T14:34:58Z
SM-A037F,XSG,A037FXXU1AVC1,2022-04-01,2026-09-11T14:35:01Z
SM-A037F,AFG,A037FXXU1BVFB,2022-06-01,2026-09-11T14:35:05Z
SM-A037F,EGY,A037FXXU1BVFB,2022-06-01,2026-09-11T14:34:56Z
SM-A037F,ILO,A037FXXU1BVFB,2022-06-01,2026-09-11T14:34:50Z
SM-A037F,INS,A037FXXU1BVFB,2022-06-01,2026-09-11T14:35:08Z
SM-A037F,MID,A037FXXU1BVFB,2022-06-01,2026-09-11T14:34:53Z
SM-A037F,TUR,A037FXXU1BVFB,2022-06-01,2026-09-11T14:34:58Z
SM-A037F,XSG,A037FXXU1BVFB,2022-06-01,2026-09-11T14:35:01Z
SM-A037F,AFG,A037FXXU2BVH5,2022-07-01,2026-09-11T14:35:05Z
SM-A037F,EGY,A037FXXU2BVH5,2022-07-01,2026-09-11T14:34:56Z
SM-A037F,ILO,A037FXXU2BVH5,2022-07-01,2026-09-11T14:34:50Z
SM-A037F,INS,A037FXXU2BVH5,2022-07-01,2026-09-11T14:35:08Z
SM-A037F,MID,A037FXXU2BVH5,2022-07-01,2026-09-11T14:34:53Z
SM-A037F,TUR,A037FXXU2BVH5,2022-07-01,2026-09-11T14:34:58Z
SM-A037F,XSG,A037FXXU2BVH5,2022-07-01,2026-09-11T14:35:01Z
SM-A037F,AFG,A037FXXU2CVK7,2022-11-01,2026-09-11T14:35:05Z
SM-A037F,EGY,A037FXXU2CVK7,2022-11-01,2026-09-11T14:34:56Z
SM-A037F,ILO,A037FXXU2CVK7,2022-11-01,2026-09-11T14:34:50Z
SM-A037F,INS,A037FXXU2CVK7,2022-11-01,2026-09-11T14:35:08Z
SM-A037F,MID,A037FXXU2CVK7,2022-11-01,2026-09-11T14:34:53Z
SM-A037F,TUR,A037FXXU2CVK7,2022-11-01,2026-09-11T14:34:58Z
SM-A037F,XSG,A037FXXU2CVK7,2022-11-01,2026-09-11T14:35:01Z
SM-A037F,AFG,A037FXXU2CWC3,2023-03-01,2026-09-11T14:35:05Z
SM-A037F,EGY,A037FXXU2CWC3,2023-03-01,2026-09-11T14:34:56Z
SM-A037F,ILO,A037FXXU2CWC3,2023-03-01,2026-09-11T14:34:50Z
SM-A037F,INS,A037FXXU2CWC3,2023-03-01,2026-09-11T14:35:08Z
SM-A037F,MID,A037FXXU2CWC3,2023-03-01,2026-09-11T14:34:53Z
SM-A037F,TUR,A037FXXU2CWC3,2023-03-01,2026-09-11T14:34:58Z
SM-A037F,XSG,A037FXXU2CWC3,2023-03-01,2026-09-11T14:35:01Z
SM-A037F,AFG,A037FXXU4CWG6,2023-06-01,2026-09-11T14:35:05Z
SM-A037F,EGY,A037FXXU4CWG6,2023-06-01,2026-09-11T14:34:56Z
SM-A037F,ILO,A037FXXU4CWG6,2023-06-01,2026-09-11T14:34:50Z
SM-A037F,INS,A037FXXU4CWG6,2023-06-01,2026-09-11T14:35:08Z
SM-A037F,MID,A037FXXU4CWG6,2023-06-01,2026-09-11T14:34:53Z
SM-A037F,TUR,A037FXXU4CWG6,2023-06-01,2026-09-11T14:34:58Z
SM-A037F,XSG,A037FXXU4CWG6,2023-06-01,2026-09-11T14:35:01Z
SM-A037F,AFG,A037FXXU4CWI1,2023-09-01,2026-09-11T14:35:05Z
SM-A037F,EGY,A037FXXU4CWI1,2023-09-01,2026-09-11T14:34:56Z
SM-A037F,ILO,A037FXXU4CWI1,2023-09-01,2026-09-11T14:34:50Z
SM-A037F,INS,A037FXXU4CWI1,2023-09-01,2026-09-11T14:35:08Z
SM-A037F,MID,A037FXXU4CWI1,2023-09-01,2026-09-11T14:34:53Z
SM-A037F,TUR,A037FXXU4CWI1,2023-09-01,2026-09-11T14:34:58Z
SM-A037F,XSG,A037FXXU4CWJ3,2023-09-01,2026-09-11T14:35:01Z
SM-A042F,AFG,A042FXXS1AWA1,2022-12-01,2026-09-11T14:35:43Z
SM-A042F,EGY,A042FXXS1AWA1,2022-12-01,2026-09-11T14:35:34Z
SM-A042F,ILO,A042FXXS1AWA1,2022-12-01,2026-09-11T14:35:28Z
SM-A042F,INS,A042FXXS1AWA1,2022-12-01,2026-09-11T14:35:46Z
SM-A042F,MID,A042FXXS1AWA1,2022-12-01,2026-09-11T14:35:31Z
SM-A042F,TUR,A042FXXS1AWA1,2022-12-01,2026-09-11T14:35:37Z
SM-A042F,XSG,A042FXXS1AWA1,2022-12-01,2026-09-11T14:35:40Z
SM-A042F,AFG,A042FXXS2CWC3,2023-04-01,2026-09-11T14:35:43Z
SM-A042F,EGY,A042FXXS2CWC3,2023-04-01,2026-09-11T14:35:34Z
SM-A042F,ILO,A042FXXS2CWC3,2023-04-01,2026-09-11T14:35:28Z
SM-A042F,INS,A042FXXS2CWC3,2023-04-01,2026-09-11T14:35:46Z
SM-A042F,MID,A042FXXS2CWC3,2023-04-01,2026-09-11T14:35:31Z
SM-A042F,TUR,A042FXXS2CWC3,2023-04-01,2026-09-11T14:35:37Z
SM-A042F,XSG,A042FXXS2CWC3,2023-04-01,2026-09-11T14:35:40Z
SM-A042F,AFG,A042FXXS3CWG6,2023-06-01,2026-09-11T14:35:43Z
SM-A042F,EGY,A042FXXS3CWG6,2023-06-01,2026-09-11T14:35:34Z
SM-A042F,ILO,A042FXXS3CWG6,2023-06-01,2026-09-11T14:35:28Z
SM-A042F,INS,A042FXXS3CWG6,2023-06-01,2026-09-11T14:35:46Z
SM-A042F,MID,A042FXXS3CWG6,2023-06-01,2026-09-11T14:35:31Z
SM-A042F,TUR,A042FXXS3CWG6,2023-06-01,2026-09-11T14:35:37Z
SM-A042F,XSG,A042FXXS3CWG6,2023-06-01,2026-09-11T14:35:40Z
SM-A042F,AFG,A042FXXS5CWJ2,2023-10-01,2026-09-11T14:35:43Z
SM-A042F,EGY,A042FXXS5CWJ2,2023-10-01,2026-09-11T14:35:34Z
SM-A042F,ILO,A042FXXS5CWJ2,2023-10-01,2026-09-11T14:35:28Z
SM-A042F,INS,A042FXXS5CWJ2,2023-10-01,2026-09-11T14:35:46Z
SM-A042F,MID,A042FXXS5CWJ2,2023-10-01,2026-09-11T14:35:31Z
SM-A042F,TUR,A042FXXS5CWJ2,2023-10-01,2026-09-11T14:35:37Z
SM-A042F,XSG,A042FXXS5CWJ2,2023-10-01,2026-09-11T14:35:40Z
SM-A042F,AFG,A042FXXS6CWL1,2023-12-01,2026-09-11T14:35:43Z
SM-A042F,EGY,A042FXXS6CWL1,2023-12-01,2026-09-11T14:35:34Z
SM-A042F,ILO,A042FXXS6CWL1,2023-12-01,2026-09-11T14:35:28Z
SM-A042F,INS,A042FXXS6CWL1,2023-12-01,2026-09-11T14:35:46Z
SM-A042F,MID,A042FXXS6CWL1,2023-12-01,2026-09-11T14:35:31Z
SM-A042F,TUR,A042FXXS6CWL1,2023-12-01,2026-09-11T14:35:37Z
SM-A042F,XSG,A042FXXS6CWL1,2023-12-01,2026-09-11T14:35:40Z
SM-A042F,INS,A042FXXS6DXC2,2024-03-01,2026-09-11T14:35:46Z
SM-A042F,AFG,A042FXXS6DXC4,2024-03-01,2026-09-11T14:35:43Z
SM-A042F,EGY,A042FXXS6DXC4,2024-03-01,2026-09-11T14:35:34Z
SM-A042F,ILO,A042FXXS6DXC4,2024-03-01,2026-09-11T14:35:28Z
SM-A042F,MID,A042FXXS6DXC4,2024-03-01,2026-09-11T14:35:31Z
SM-A042F,TUR,A042FXXS6DXC4,2024-03-01,2026-09-11T14:35:37Z
SM-A042F,XSG,A042FXXS6DXC4,2024-03-01,2026-09-11T14:35:40Z
SM-A042F,AFG,A042FXXS7DXE1,2024-05-01,2026-09-11T14:35:43Z
SM-A042F,EGY,A042FXXS7DXE1,2024-05-01,2026-09-11T14:35:34Z
SM-A042F,ILO,A042FXXS7DXE1,2024-05-01,2026-09-11T14:35:28Z
SM-A042F,MID,A042FXXS7DXE1,2024-05-01,2026-09-11T14:35:31Z
SM-A042F,TUR,A042FXXS7DXE1,2024-05-01,2026-09-11T14:35:37Z
SM-A042F,XSG,A042FXXS7DXE1,2024-05-01,2026-09-11T14:35:40Z
SM-A042F,INS,A042FXXS8EXF2,2024-07-01,2026-09-11T14:35:46Z
SM-A042F,AFG,A042FXXS8EXF3,2024-07-01,2026-09-11T14:35:43Z
SM-A042F,EGY,A042FXXS8EXF3,2024-07-01,2026-09-11T14:35:34Z
SM-A042F,ILO,A042FXXS8EXF3,2024-07-01,2026-09-11T14:35:28Z
SM-A042F,MID,A042FXXS8EXF3,2024-07-01,2026-09-11T14:35:31Z
SM-A042F,TUR,A042FXXS8EXF3,2024-07-01,2026-09-11T14:35:37Z
SM-A042F,XSG,A042FXXS8EXF3,2024-07-01,2026-09-11T14:35:40Z
SM-A042F,AFG,A042FXXS9EXI2,2024-09-01,2026-09-11T14:35:43Z
SM-A042F,EGY,A042FXXS9EXI2,2024-09-01,2026-09-11T14:35:34Z
SM-A042F,ILO,A042FXXS9EXI2,2024-09-01,2026-09-11T14:35:28Z
SM-A042F,MID,A042FXXS9EXI2,2024-09-01,2026-09-11T14:35:31Z
SM-A042F,TUR,A042FXXS9EXI2,2024-09-01,2026-09-11T14:35:37Z
SM-A042F,XSG,A042FXXS9EXI2,2024-09-01,2026-09-11T14:35:40Z
SM-A042F,INS,A042FXXSAEXJ3,2024-10-01,2026-09-11T14:35:46Z
SM-A042F,AFG,A042FXXSAEXJ4,2024-10-01,2026-09-11T14:35:43Z
SM-A042F,EGY,A042FXXSAEXJ4,2024-10-01,2026-09-11T14:35:34Z
SM-A042F,ILO,A042FXXSAEXJ4,2024-10-01,2026-09-11T14:35:28Z
SM-A042F,MID,A042FXXSAEXJ4,2024-10-01,2026-09-11T14:35:31Z
SM-A042F,TUR,A042FXXSAEXJ4,2024-10-01,2026-09-11T14:35:37Z
SM-A042F,XSG,A042FXXSAEXJ4,2024-10-01,2026-09-11T14:35:40Z
SM-A042F,INS,A042FXXSAEYA3,2025-01-01,2026-09-11T14:35:46Z
SM-A042F,AFG,A042FXXSAEYA4,2025-01-01,2026-09-11T14:35:43Z
SM-A042F,EGY,A042FXXSAEYA4,2025-01-01,2026-09-11T14:35:34Z
SM-A042F,ILO,A042FXXSAEYA4,2025-01-01,2026-09-11T14:35:28Z
SM-A042F,MID,A042FXXSAEYA4,2025-01-01,2026-09-11T14:35:31Z
SM-A042F,TUR,A042FXXSAEYA4,2025-01-01,2026-09-11T14:35:37Z
SM-A042F,XSG,A042FXXSAEYA4,2025-01-01,2026-09-11T14:35:40Z
SM-A042F,INS,A042FXXSBEYD1,2025-04-01,2026-09-11T14:35:46Z
SM-A042F,AFG,A042FXXSBEYD2,2025-04-01,2026-09-11T14:35:43Z
SM-A042F,EGY,A042FXXSBEYD2,2025-04-01,2026-09-11T14:35:34Z
SM-A042F,ILO,A042FXXSBEYD2,2025-04-01,2026-09-11T14:35:28Z
SM-A042F,MID,A042FXXSBEYD2,2025-04-01,2026-09-11T14:35:31Z
SM-A042F,TUR,A042FXXSBEYD2,2025-04-01,2026-09-11T14:35:37Z
SM-A042F,XSG,A042FXXSBEYD2,2025-04-01,2026-09-11T14:35:40Z
SM-A042F,INS,A042FXXSCEYG2,2025-07-01,2026-09-11T14:35:46Z
SM-A042F,AFG,A042FXXSCEYG3,2025-07-01,2026-09-11T14:35:43Z
SM-A042F,EGY,A042FXXSCEYG3,2025-07-01,2026-09-11T14:35:34Z
SM-A042F,ILO,A042FXXSCEYG3,2025-07-01,2026-09-11T14:35:28Z
SM-A042F,MID,A042FXXSCEYG3,2025-07-01,2026-09-11T14:35:31Z
SM-A042F,TUR,A042FXXSCEYG3,2025-07-01,2026-09-11T14:35:37Z
SM-A042F,XSG,A042FXXSCEYG3,2025-07-01,2026-09-11T14:35:40Z
SM-A042F,INS,A042FXXSDEYJ1,2025-10-01,2026-09-11T14:35:46Z
SM-A042F,AFG,A042FXXSDEYJ2,2025-10-01,2026-09-11T14:35:43Z
SM-A042F,EGY,A042FXXSDEYJ2,2025-10-01,2026-09-11T14:35:34Z
SM-A042F,ILO,A042FXXSDEYJ2,2025-10-01,2026-09-11T14:35:28Z
SM-A042F,MID,A042FXXSDEYJ2,2025-10-01,2026-09-11T14:35:31Z
SM-A042F,TUR,A042FXXSDEYJ2,2025-10-01,2026-09-11T14:35:37Z
SM-A042F,XSG,A042FXXSDEYJ2,2025-10-01,2026-09-11T14:35:40Z
SM-A042F,INS,A042FXXSEEZA3,2026-01-01,2026-09-11T14:35:46Z
SM-A042F,AFG,A042FXXSEEZA4,2026-01-01,2026-09-11T14:35:43Z
SM-A042F,EGY,A042FXXSEEZA4,2026-01-01,2026-09-11T14:35:34Z
SM-A042F,ILO,A042FXXSEEZA4,2026-01-01,2026-09-11T14:35:28Z
SM-A042F,MID,A042FXXSEEZA4,2026-01-01,2026-09-11T14:35:31Z
SM-A042F,TUR,A042FXXSEEZA4,2026-01-01,2026-09-11T14:35:37Z
SM-A042F,XSG,A042FXXSEEZA4,2026-01-01,2026-09-11T14:35:40Z
SM-A042F,INS,A042FXXSFEZB8,2026-02-05,2026-09-11T14:35:46Z
SM-A042F,AFG,A042FXXSFEZB9,2026-02-05,2026-09-11T14:35:43Z
SM-A042F,EGY,A042FXXSFEZB9,2026-02-05,2026-09-11T14:35:34Z
SM-A042F,ILO,A042FXXSFEZB9,2026-02-05,2026-09-11T14:35:28Z
SM-A042F,MID,A042FXXSFEZB9,2026-02-05,2026-09-11T14:35:31Z
SM-A042F,TUR,A042FXXSFEZB9,2026-02-05,2026-09-11T14:35:37Z
SM-A042F,XSG,A042FXXSFEZB9,2026-02-05,2026-09-11T14:35:40Z
SM-A042F,INS,A042FXXSGEZE1,2026-05-05,2026-09-11T14:35:46Z
SM-A042F,INS,A042FXXSGEZF1,2026-05-05,2026-09-11T14:35:46Z
SM-A042F,AFG,A042FXXSGEZF2,2026-05-05,2026-09-11T14:35:43Z
SM-A042F,EGY,A042FXXSGEZF2,2026-05-05,2026-09-11T14:35:34Z
SM-A042F,ILO,A042FXXSGEZF2,2026-05-05,2026-09-11T14:35:28Z
SM-A042F,MID,A042FXXSGEZF2,2026-05-05,2026-09-11T14:35:31Z
SM-A042F,TUR,A042FXXSGEZF2,2026-05-05,2026-09-11T14:35:37Z
SM-A042F,XSG,A042FXXSGEZF2,2026-05-05,2026-09-11T14:35:40Z
SM-A042F,INS,A042FXXSHEZH1,2026-08-05,2026-09-11T14:35:46Z
SM-A042F,AFG,A042FXXSHEZH2,2026-08-05,2026-09-11T14:35:43Z
SM-A042F,EGY,A042FXXSHEZH2,2026-08-05,2026-09-11T14:35:34Z
SM-A042F,ILO,A042FXXSHEZH2,2026-08-05,2026-09-11T14:35:28Z
SM-A042F,MID,A042FXXSHEZH2,2026-08-05,2026-09-11T14:35:31Z
SM-A042F,TUR,A042FXXSHEZH2,2026-08-05,2026-09-11T14:35:37Z
SM-A042F,XSG,A042FXXSHEZH2,2026-08-05,2026-09-11T14:35:40Z
SM-A042F,AFG,A042FXXU1AVJ4,2022-10-01,2026-09-11T14:35:43Z
SM-A042F,EGY,A042FXXU1AVJ4,2022-10-01,2026-09-11T14:35:34Z
SM-A042F,ILO,A042FXXU1AVJ4,2022-10-01,2026-09-11T14:35:28Z
SM-A042F,INS,A042FXXU1AVJ4,2022-10-01,2026-09-11T14:35:46Z
SM-A042F,MID,A042FXXU1AVJ4,2022-10-01,2026-09-11T14:35:31Z
SM-A042F,AFG,A042FXXU1AVL5,2022-12-01,2026-09-11T14:35:43Z
SM-A042F,EGY,A042FXXU1AVL5,2022-12-01,2026-09-11T14:35:34Z
SM-A042F,ILO,A042FXXU1AVL5,2022-12-01,2026-09-11T14:35:28Z
SM-A042F,INS,A042FXXU1AVL5,2022-12-01,2026-09-11T14:35:46Z
SM-A042F,MID,A042FXXU1AVL5,2022-12-01,2026-09-11T14:35:31Z
SM-A042F,TUR,A042FXXU1AVL5,2022-12-01,2026-09-11T14:35:37Z
SM-A042F,XSG,A042FXXU1AVL5,2022-12-01,2026-09-11T14:35:40Z
SM-A042F,AFG,A042FXXU1BWA9,2023-01-01,2026-09-11T14:35:43Z
SM-A042F,EGY,A042FXXU1BWA9,2023-01-01,2026-09-11T14:35:34Z
SM-A042F,ILO,A042FXXU1BWA9,2023-01-01,2026-09-11T14:35:28Z
SM-A042F,INS,A042FXXU1BWA9,2023-01-01,2026-09-11T14:35:46Z
SM-A042F,MID,A042FXXU1BWA9,2023-01-01,2026-09-11T14:35:31Z
SM-A042F,TUR,A042FXXU1BWA9,2023-01-01,2026-09-11T14:35:37Z
SM-A042F,XSG,A042FXXU1BWA9,2023-01-01,2026-09-11T14:35:40Z
SM-A042F,AFG,A042FXXU1CWC1,2023-03-01,2026-09-11T14:35:43Z
SM-A042F,EGY,A042FXXU1CWC1,2023-03-01,2026-09-11T14:35:34Z
SM-A042F,ILO,A042FXXU1CWC1,2023-03-01,2026-09-11T14:35:28Z
SM-A042F,INS,A042FXXU1CWC1,2023-03-01,2026-09-11T14:35:46Z
SM-A042F,MID,A042FXXU1CWC1,2023-03-01,2026-09-11T14:35:31Z
SM-A042F,TUR,A042FXXU1CWC1,2023-03-01,2026-09-11T14:35:37Z
SM-A042F,XSG,A042FXXU1CWC1,2023-03-01,2026-09-11T14:35:40Z
SM-A042F,AFG,A042FXXU3CWH2,2023-08-01,2026-09-11T14:35:43Z
SM-A042F,EGY,A042FXXU3CWH2,2023-08-01,2026-09-11T14:35:34Z
SM-A042F,ILO,A042FXXU3CWH2,2023-08-01,2026-09-11T14:35:28Z
SM-A042F,INS,A042FXXU3CWH2,2023-08-01,2026-09-11T14:35:46Z
SM-A042F,MID,A042FXXU3CWH2,2023-08-01,2026-09-11T14:35:31Z
SM-A042F,TUR,A042FXXU3CWH2,2023-08-01,2026-09-11T14:35:37Z
SM-A042F,XSG,A042FXXU3CWH2,2023-08-01,2026-09-11T14:35:40Z
SM-A042F,AFG,A042FXXU4CWI3,2023-08-01,2026-09-11T14:35:43Z
SM-A042F,EGY,A042FXXU4CWI3,2023-08-01,2026-09-11T14:35:34Z
SM-A042F,ILO,A042FXXU4CWI3,2023-08-01,2026-09-11T14:35:28Z
SM-A042F,INS,A042FXXU4CWI3,2023-08-01,2026-09-11T14:35:46Z
SM-A042F,MID,A042FXXU4CWI3,2023-08-01,2026-09-11T14:35:31Z
SM-A042F,TUR,A042FXXU4CWI3,2023-08-01,2026-09-11T14:35:37Z
SM-A042F,XSG,A042FXXU4CWI3,2023-08-01,2026-09-11T14:35:40Z
SM-A042F,INS,A042FXXU6DXA2,2023-12-01,2026-09-11T14:35:46Z
SM-A042F,AFG,A042FXXU6DXB4,2023-12-01,2026-09-11T14:35:43Z
SM-A042F,EGY,A042FXXU6DXB4,2023-12-01,2026-09-11T14:35:34Z
SM-A042F,ILO,A042FXXU6DXB4,2023-12-01,2026-09-11T14:35:28Z
SM-A042F,MID,A042FXXU6DXB4,2023-12-01,2026-09-11T14:35:31Z
SM-A042F,TUR,A042FXXU6DXB4,2023-12-01,2026-09-11T14:35:37Z
SM-A042F,XSG,A042FXXU6DXB4,2023-12-01,2026-09-11T14:35:40Z
SM-A042F,INS,A042FXXU7EXE3,2024-05-01,2026-09-11T14:35:46Z
SM-A042F,AFG,A042FXXU7EXF1,2024-05-01,2026-09-11T14:35:43Z
SM-A042F,EGY,A042FXXU7EXF1,2024-05-01,2026-09-11T14:35:34Z
SM-A042F,ILO,A042FXXU7EXF1,2024-05-01,2026-09-11T14:35:28Z
SM-A042F,MID,A042FXXU7EXF1,2024-05-01,2026-09-11T14:35:31Z
SM-A042F,TUR,A042FXXU7EXF1,2024-05-01,2026-09-11T14:35:37Z
SM-A042F,XSG,A042FXXU7EXF1,2024-05-01,2026-09-11T14:35:40Z
SM-A045F,AFG,A045FXXS1AVI1,2022-10-01,2026-09-11T14:36:22Z
SM-A045F,EGY,A045FXXS1AVI1,2022-10-01,2026-09-11T14:36:13Z
SM-A045F,ILO,A045FXXS1AVI1,2022-10-01,2026-09-11T14:36:07Z
SM-A045F,INS,A045FXXS1AVI1,2022-10-01,2026-09-11T14:36:26Z
SM-A045F,MID,A045FXXS1AVI1,2022-10-01,2026-09-11T14:36:10Z
SM-A045F,TUR,A045FXXS1AVI1,2022-10-01,2026-09-11T14:36:16Z
SM-A045F,XSG,A045FXXS1AVI1,2022-10-01,2026-09-11T14:36:19Z
SM-A045F,AFG,A045FXXS1AWA1,2022-11-01,2026-09-11T14:36:22Z
SM-A045F,EGY,A045FXXS1AWA1,2022-11-01,2026-09-11T14:36:13Z
SM-A045F,INS,A045FXXS1AWA1,2022-11-01,2026-09-11T14:36:26Z
SM-A045F,MID,A045FXXS1AWA1,2022-11-01,2026-09-11T14:36:10Z
SM-A045F,ILO,A045FXXS1AWA2,2022-11-01,2026-09-11T14:36:07Z
SM-A045F,TUR,A045FXXS1AWA2,2022-11-01,2026-09-11T14:36:16Z
SM-A045F,XSG,A045FXXS1AWA2,2022-11-01,2026-09-11T14:36:19Z
SM-A045F,AFG,A045FXXS4CWK2,2023-10-01,2026-09-11T14:36:22Z
SM-A045F,EGY,A045FXXS4CWK2,2023-10-01,2026-09-11T14:36:13Z
SM-A045F,ILO,A045FXXS4CWK2,2023-10-01,2026-09-11T14:36:07Z
SM-A045F,INS,A045FXXS4CWK2,2023-10-01,2026-09-11T14:36:26Z
SM-A045F,MID,A045FXXS4CWK2,2023-10-01,2026-09-11T14:36:10Z
SM-A045F,TUR,A045FXXS4CWK2,2023-10-01,2026-09-11T14:36:16Z
SM-A045F,XSG,A045FXXS4CWK2,2023-10-01,2026-09-11T14:36:19Z
SM-A045F,AFG,A045FXXS5DXC1,2024-03-01,2026-09-11T14:36:22Z
SM-A045F,EGY,A045FXXS5DXC1,2024-03-01,2026-09-11T14:36:13Z
SM-A045F,ILO,A045FXXS5DXC1,2024-03-01,2026-09-11T14:36:07Z
SM-A045F,MID,A045FXXS5DXC1,2024-03-01,2026-09-11T14:36:10Z
SM-A045F,TUR,A045FXXS5DXC1,2024-03-01,2026-09-11T14:36:16Z
SM-A045F,XSG,A045FXXS5DXC1,2024-03-01,2026-09-11T14:36:19Z
SM-A045F,INS,A045FXXS5DXC2,2024-03-01,2026-09-11T14:36:26Z
SM-A045F,AFG,A045FXXS6DXF1,2024-05-01,2026-09-11T14:36:22Z
SM-A045F,EGY,A045FXXS6DXF1,2024-05-01,2026-09-11T14:36:13Z
SM-A045F,ILO,A045FXXS6DXF1,2024-05-01,2026-09-11T14:36:07Z
SM-A045F,MID,A045FXXS6DXF1,2024-05-01,2026-09-11T14:36:10Z
SM-A045F,TUR,A045FXXS6DXF1,2024-05-01,2026-09-11T14:36:16Z
SM-A045F,XSG,A045FXXS6DXF1,2024-05-01,2026-09-11T14:36:19Z
SM-A045F,INS,A045FXXS6DXF3,2024-05-01,2026-09-11T14:36:26Z
SM-A045F,AFG,A045FXXS8EXJ1,2024-10-01,2026-09-11T14:36:22Z
SM-A045F,EGY,A045FXXS8EXJ1,2024-10-01,2026-09-11T14:36:13Z
SM-A045F,ILO,A045FXXS8EXJ1,2024-10-01,2026-09-11T14:36:07Z
SM-A045F,INS,A045FXXS8EXJ1,2024-10-01,2026-09-11T14:36:26Z
SM-A045F,MID,A045FXXS8EXJ1,2024-10-01,2026-09-11T14:36:10Z
SM-A045F,TUR,A045FXXS8EXJ1,2024-10-01,2026-09-11T14:36:16Z
SM-A045F,XSG,A045FXXS8EXJ1,2024-10-01,2026-09-11T14:36:19Z
SM-A045F,AFG,A045FXXS9EYA1,2025-01-01,2026-09-11T14:36:22Z
SM-A045F,EGY,A045FXXS9EYA1,2025-01-01,2026-09-11T14:36:13Z
SM-A045F,ILO,A045FXXS9EYA1,2025-01-01,2026-09-11T14:36:07Z
SM-A045F,INS,A045FXXS9EYA1,2025-01-01,2026-09-11T14:36:26Z
SM-A045F,MID,A045FXXS9EYA1,2025-01-01,2026-09-11T14:36:10Z
SM-A045F,TUR,A045FXXS9EYA1,2025-01-01,2026-09-11T14:36:16Z
SM-A045F,XSG,A045FXXS9EYA1,2025-01-01,2026-09-11T14:36:19Z
SM-A045F,AFG,A045FXXSAEYC4,2025-04-01,2026-09-11T14:36:22Z
SM-A045F,EGY,A045FXXSAEYC4,2025-04-01,2026-09-11T14:36:13Z
SM-A045F,ILO,A045FXXSAEYC4,2025-04-01,2026-09-11T14:36:07Z
SM-A045F,INS,A045FXXSAEYC4,2025-04-01,2026-09-11T14:36:26Z
SM-A045F,MID,A045FXXSAEYC4,2025-04-01,2026-09-11T14:36:10Z
SM-A045F,TUR,A045FXXSAEYC4,2025-04-01,2026-09-11T14:36:16Z
SM-A045F,XSG,A045FXXSAEYC4,2025-04-01,2026-09-11T14:36:19Z
SM-A045F,AFG,A045FXXSBEYF5,2025-07-01,2026-09-11T14:36:22Z
SM-A045F,EGY,A045FXXSBEYF5,2025-07-01,2026-09-11T14:36:13Z
SM-A045F,ILO,A045FXXSBEYF5,2025-07-01,2026-09-11T14:36:07Z
SM-A045F,INS,A045FXXSBEYF5,2025-07-01,2026-09-11T14:36:26Z
SM-A045F,MID,A045FXXSBEYF5,2025-07-01,2026-09-11T14:36:10Z
SM-A045F,TUR,A045FXXSBEYF5,2025-07-01,2026-09-11T14:36:16Z
SM-A045F,XSG,A045FXXSBEYF5,2025-07-01,2026-09-11T14:36:19Z
SM-A045F,AFG,A045FXXSCEYJ2,2025-10-01,2026-09-11T14:36:22Z
SM-A045F,EGY,A045FXXSCEYJ2,2025-10-01,2026-09-11T14:36:13Z
SM-A045F,ILO,A045FXXSCEYJ2,2025-10-01,2026-09-11T14:36:07Z
SM-A045F,INS,A045FXXSCEYJ2,2025-10-01,2026-09-11T14:36:26Z
SM-A045F,MID,A045FXXSCEYJ2,2025-10-01,2026-09-11T14:36:10Z
SM-A045F,TUR,A045FXXSCEYJ2,2025-10-01,2026-09-11T14:36:16Z
SM-A045F,XSG,A045FXXSCEYJ2,2025-10-01,2026-09-11T14:36:19Z
SM-A045F,AFG,A045FXXSDEZA1,2026-01-01,2026-09-11T14:36:22Z
SM-A045F,EGY,A045FXXSDEZA1,2026-01-01,2026-09-11T14:36:13Z
SM-A045F,ILO,A045FXXSDEZA1,2026-01-01,2026-09-11T14:36:07Z
SM-A045F,INS,A045FXXSDEZA1,2026-01-01,2026-09-11T14:36:26Z
SM-A045F,MID,A045FXXSDEZA1,2026-01-01,2026-09-11T14:36:10Z
SM-A045F,TUR,A045FXXSDEZA1,2026-01-01,2026-09-11T14:36:16Z
SM-A045F,XSG,A045FXXSDEZA1,2026-01-01,2026-09-11T14:36:19Z
SM-A045F,AFG,A045FXXSEEZB1,2026-02-05,2026-09-11T14:36:22Z
SM-A045F,EGY,A045FXXSEEZB1,2026-02-05,2026-09-11T14:36:13Z
SM-A045F,ILO,A045FXXSEEZB1,2026-02-05,2026-09-11T14:36:07Z
SM-A045F,INS,A045FXXSEEZB1,2026-02-05,2026-09-11T14:36:26Z
SM-A045F,MID,A045FXXSEEZB1,2026-02-05,2026-09-11T14:36:10Z
SM-A045F,TUR,A045FXXSEEZB1,2026-02-05,2026-09-11T14:36:16Z
SM-A045F,XSG,A045FXXSEEZB1,2026-02-05,2026-09-11T14:36:19Z
SM-A045F,AFG,A045FXXSFEZE2,2026-05-05,2026-09-11T14:36:22Z
SM-A045F,EGY,A045FXXSFEZE2,2026-05-05,2026-09-11T14:36:13Z
SM-A045F,ILO,A045FXXSFEZE2,2026-05-05,2026-09-11T14:36:07Z
SM-A045F,INS,A045FXXSFEZE2,2026-05-05,2026-09-11T14:36:26Z
SM-A045F,MID,A045FXXSFEZE2,2026-05-05,2026-09-11T14:36:10Z
SM-A045F,TUR,A045FXXSFEZE2,2026-05-05,2026-09-11T14:36:16Z
SM-A045F,XSG,A045FXXSFEZE2,2026-05-05,2026-09-11T14:36:19Z
SM-A045F,AFG,A045FXXSGEZH2,2026-08-05,2026-09-11T14:36:22Z
SM-A045F,EGY,A045FXXSGEZH2,2026-08-05,2026-09-11T14:36:13Z
SM-A045F,ILO,A045FXXSGEZH2,2026-08-05,2026-09-11T14:36:07Z
SM-A045F,INS,A045FXXSGEZH2,2026-08-05,2026-09-11T14:36:26Z
SM-A045F,MID,A045FXXSGEZH2,2026-08-05,2026-09-11T14:36:10Z
SM-A045F,TUR,A045FXXSGEZH2,2026-08-05,2026-09-11T14:36:16Z
SM-A045F,XSG,A045FXXSGEZH2,2026-08-05,2026-09-11T14:36:19Z
SM-A045F,ILO,A045FXXU1AVL2,2022-10-01,2026-09-11T14:36:07Z
SM-A045F,TUR,A045FXXU1AVL2,2022-10-01,2026-09-11T14:36:16Z
SM-A045F,XSG,A045FXXU1AVL2,2022-10-01,2026-09-11T14:36:19Z
SM-A045F,AFG,A045FXXU1BWB1,2022-12-01,2026-09-11T14:36:22Z
SM-A045F,EGY,A045FXXU1BWB1,2022-12-01,2026-09-11T14:36:13Z
SM-A045F,ILO,A045FXXU1BWB1,2022-12-01,2026-09-11T14:36:07Z
SM-A045F,INS,A045FXXU1BWB1,2022-12-01,2026-09-11T14:36:26Z
SM-A045F,MID,A045FXXU1BWB1,2022-12-01,2026-09-11T14:36:10Z
SM-A045F,TUR,A045FXXU1BWB1,2022-12-01,2026-09-11T14:36:16Z
SM-A045F,XSG,A045FXXU1BWB1,2022-12-01,2026-09-11T14:36:19Z
SM-A045F,INS,A045FXXU1BWC6,2023-02-01,2026-09-11T14:36:26Z
SM-A045F,AFG,A045FXXU1BWD1,2023-02-01,2026-09-11T14:36:22Z
SM-A045F,EGY,A045FXXU1BWD1,2023-02-01,2026-09-11T14:36:13Z
SM-A045F,ILO,A045FXXU1BWD1,2023-02-01,2026-09-11T14:36:07Z
SM-A045F,MID,A045FXXU1BWD1,2023-02-01,2026-09-11T14:36:10Z
SM-A045F,XSG,A045FXXU1BWD1,2023-02-01,2026-09-11T14:36:19Z
SM-A045F,INS,A045FXXU1BWD2,2023-02-01,2026-09-11T14:36:26Z
SM-A045F,AFG,A045FXXU2CWE4,2023-04-01,2026-09-11T14:36:22Z
SM-A045F,EGY,A045FXXU2CWE4,2023-04-01,2026-09-11T14:36:13Z
SM-A045F,ILO,A045FXXU2CWE4,2023-04-01,2026-09-11T14:36:07Z
SM-A045F,INS,A045FXXU2CWE4,2023-04-01,2026-09-11T14:36:26Z
SM-A045F,MID,A045FXXU2CWE4,2023-04-01,2026-09-11T14:36:10Z
SM-A045F,TUR,A045FXXU2CWE4,2023-04-01,2026-09-11T14:36:16Z
SM-A045F,XSG,A045FXXU2CWE4,2023-04-01,2026-09-11T14:36:19Z
SM-A045F,AFG,A045FXXU3CWG2,2023-06-01,2026-09-11T14:36:22Z
SM-A045F,EGY,A045FXXU3CWG2,2023-06-01,2026-09-11T14:36:13Z
SM-A045F,ILO,A045FXXU3CWG2,2023-06-01,2026-09-11T14:36:07Z
SM-A045F,INS,A045FXXU3CWG2,2023-06-01,2026-09-11T14:36:26Z
SM-A045F,MID,A045FXXU3CWG2,2023-06-01,2026-09-11T14:36:10Z
SM-A045F,TUR,A045FXXU3CWG2,2023-06-01,2026-09-11T14:36:16Z
SM-A045F,XSG,A045FXXU3CWG2,2023-06-01,2026-09-11T14:36:19Z
SM-A045F,AFG,A045FXXU3CWI2,2023-08-01,2026-09-11T14:36:22Z
SM-A045F,EGY,A045FXXU3CWI2,2023-08-01,2026-09-11T14:36:13Z
SM-A045F,ILO,A045FXXU3CWI2,2023-08-01,2026-09-11T14:36:07Z
SM-A045F,INS,A045FXXU3CWI2,2023-08-01,2026-09-11T14:36:26Z
SM-A045F,MID,A045FXXU3CWI2,2023-08-01,2026-09-11T14:36:10Z
SM-A045F,TUR,A045FXXU3CWI2,2023-08-01,2026-09-11T14:36:16Z
SM-A045F,XSG,A045FXXU3CWI2,2023-08-01,2026-09-11T14:36:19Z
SM-A045F,AFG,A045FXXU4DXA6,2023-12-01,2026-09-11T14:36:22Z
SM-A045F,EGY,A045FXXU4DXA6,2023-12-01,2026-09-11T14:36:13Z
SM-A045F,ILO,A045FXXU4DXA6,2023-12-01,2026-09-11T14:36:07Z
SM-A045F,MID,A045FXXU4DXA6,2023-12-01,2026-09-11T14:36:10Z
SM-A045F,TUR,A045FXXU4DXA6,2023-12-01,2026-09-11T14:36:16Z
SM-A045F,XSG,A045FXXU4DXA6,2023-12-01,2026-09-11T14:36:19Z
SM-A045F,INS,A045FXXU4DXB2,2023-12-01,2026-09-11T14:36:26Z
SM-A045F,AFG,A045FXXU7EXH2,2024-07-01,2026-09-11T14:36:22Z
SM-A045F,EGY,A045FXXU7EXH2,2024-07-01,2026-09-11T14:36:13Z
SM-A045F,ILO,A045FXXU7EXH2,2024-07-01,2026-09-11T14:36:07Z
SM-A045F,INS,A045FXXU7EXH2,2024-07-01,2026-09-11T14:36:26Z
SM-A045F,MID,A045FXXU7EXH2,2024-07-01,2026-09-11T14:36:10Z
SM-A045F,TUR,A045FXXU7EXH2,2024-07-01,2026-09-11T14:36:16Z
SM-A045F,XSG,A045FXXU7EXH2,2024-07-01,2026-09-11T14:36:19Z
SM-A047F,AFG,A047FXXS1BWB1,2023-02-01,2026-09-11T14:37:03Z
SM-A047F,EGY,A047FXXS1BWB1,2023-02-01,2026-09-11T14:36:54Z
SM-A047F,EUX,A047FXXS1BWB1,2023-02-01,2026-09-11T14:37:09Z
SM-A047F,MID,A047FXXS1BWB1,2023-02-01,2026-09-11T14:36:51Z
SM-A047F,TUR,A047FXXS1BWB1,2023-02-01,2026-09-11T14:36:57Z
SM-A047F,XSA,A047FXXS1BWB1,2023-02-01,2026-09-11T14:37:19Z
SM-A047F,XSG,A047FXXS1BWB1,2023-02-01,2026-09-11T14:37:00Z
SM-A047F,INS,A047FXXS2BWB2,2023-02-01,2026-09-11T14:37:06Z
SM-A047F,AFG,A047FXXS5CWJ1,2023-10-01,2026-09-11T14:37:03Z
SM-A047F,EGY,A047FXXS5CWJ1,2023-10-01,2026-09-11T14:36:54Z
SM-A047F,EUX,A047FXXS5CWJ1,2023-10-01,2026-09-11T14:37:09Z
SM-A047F,MID,A047FXXS5CWJ1,2023-10-01,2026-09-11T14:36:51Z
SM-A047F,TUR,A047FXXS5CWJ1,2023-10-01,2026-09-11T14:36:57Z
SM-A047F,XSA,A047FXXS5CWJ1,2023-10-01,2026-09-11T14:37:19Z
SM-A047F,XSG,A047FXXS5CWJ1,2023-10-01,2026-09-11T14:37:00Z
SM-A047F,INS,A047FXXS5CWJ2,2023-10-01,2026-09-11T14:37:06Z
SM-A047F,AFG,A047FXXS6CWL5,2023-12-01,2026-09-11T14:37:03Z
SM-A047F,EGY,A047FXXS6CWL5,2023-12-01,2026-09-11T14:36:54Z
SM-A047F,EUX,A047FXXS6CWL5,2023-12-01,2026-09-11T14:37:09Z
SM-A047F,MID,A047FXXS6CWL5,2023-12-01,2026-09-11T14:36:51Z
SM-A047F,TUR,A047FXXS6CWL5,2023-12-01,2026-09-11T14:36:57Z
SM-A047F,XSA,A047FXXS6CWL5,2023-12-01,2026-09-11T14:37:19Z
SM-A047F,XSG,A047FXXS6CWL5,2023-12-01,2026-09-11T14:37:00Z
SM-A047F,INS,A047FXXS6CWL7,2023-12-01,2026-09-11T14:37:06Z
SM-A047F,AFG,A047FXXS6DXC2,2024-03-01,2026-09-11T14:37:03Z
SM-A047F,EGY,A047FXXS6DXC2,2024-03-01,2026-09-11T14:36:54Z
SM-A047F,EUX,A047FXXS6DXC2,2024-03-01,2026-09-11T14:37:09Z
SM-A047F,INS,A047FXXS6DXC2,2024-03-01,2026-09-11T14:37:06Z
SM-A047F,MID,A047FXXS6DXC2,2024-03-01,2026-09-11T14:36:51Z
SM-A047F,TUR,A047FXXS6DXC2,2024-03-01,2026-09-11T14:36:57Z
SM-A047F,XSA,A047FXXS6DXC2,2024-03-01,2026-09-11T14:37:19Z
SM-A047F,XSG,A047FXXS6DXC2,2024-03-01,2026-09-11T14:37:00Z
SM-A047F,AFG,A047FXXS7DXE5,2024-05-01,2026-09-11T14:37:03Z
SM-A047F,EGY,A047FXXS7DXE5,2024-05-01,2026-09-11T14:36:54Z
SM-A047F,EUX,A047FXXS7DXE5,2024-05-01,2026-09-11T14:37:09Z
SM-A047F,INS,A047FXXS7DXE5,2024-05-01,2026-09-11T14:37:06Z
SM-A047F,MID,A047FXXS7DXE5,2024-05-01,2026-09-11T14:36:51Z
SM-A047F,TUR,A047FXXS7DXE5,2024-05-01,2026-09-11T14:36:57Z
SM-A047F,XSA,A047FXXS7DXE5,2024-05-01,2026-09-11T14:37:19Z
SM-A047F,XSG,A047FXXS7DXE5,2024-05-01,2026-09-11T14:37:00Z
SM-A047F,AFG,A047FXXS8DXG3,2024-07-01,2026-09-11T14:37:03Z
SM-A047F,EGY,A047FXXS8DXG3,2024-07-01,2026-09-11T14:36:54Z
SM-A047F,EUX,A047FXXS8DXG3,2024-07-01,2026-09-11T14:37:09Z
SM-A047F,INS,A047FXXS8DXG3,2024-07-01,2026-09-11T14:37:06Z
SM-A047F,MID,A047FXXS8DXG3,2024-07-01,2026-09-11T14:36:51Z
SM-A047F,TUR,A047FXXS8DXG3,2024-07-01,2026-09-11T14:36:57Z
SM-A047F,XSA,A047FXXS8DXG3,2024-07-01,2026-09-11T14:37:19Z
SM-A047F,XSG,A047FXXS8DXG3,2024-07-01,2026-09-11T14:37:00Z
SM-A047F,AFG,A047FXXS9EXJ1,2024-10-01,2026-09-11T14:37:03Z
SM-A047F,EGY,A047FXXS9EXJ1,2024-10-01,2026-09-11T14:36:54Z
SM-A047F,EUX,A047FXXS9EXJ1,2024-10-01,2026-09-11T14:37:09Z
SM-A047F,INS,A047FXXS9EXJ1,2024-10-01,2026-09-11T14:37:06Z
SM-A047F,MID,A047FXXS9EXJ1,2024-10-01,2026-09-11T14:36:51Z
SM-A047F,TUR,A047FXXS9EXJ1,2024-10-01,2026-09-11T14:36:57Z
SM-A047F,XSA,A047FXXS9EXJ1,2024-10-01,2026-09-11T14:37:19Z
SM-A047F,XSG,A047FXXS9EXJ1,2024-10-01,2026-09-11T14:37:00Z
SM-A047F,AFG,A047FXXSAEXJ2,2024-11-01,2026-09-11T14:37:03Z
SM-A047F,EGY,A047FXXSAEXJ2,2024-11-01,2026-09-11T14:36:54Z
SM-A047F,EUX,A047FXXSAEXJ2,2024-11-01,2026-09-11T14:37:09Z
SM-A047F,INS,A047FXXSAEXJ2,2024-11-01,2026-09-11T14:37:06Z
SM-A047F,MID,A047FXXSAEXJ2,2024-11-01,2026-09-11T14:36:51Z
SM-A047F,TUR,A047FXXSAEXJ2,2024-11-01,2026-09-11T14:36:57Z
SM-A047F,XSA,A047FXXSAEXJ2,2024-11-01,2026-09-11T14:37:19Z
SM-A047F,XSG,A047FXXSAEXJ2,2024-11-01,2026-09-11T14:37:00Z
SM-A047F,AFG,A047FXXSAEYC1,2025-03-01,2026-09-11T14:37:03Z
SM-A047F,EGY,A047FXXSAEYC1,2025-03-01,2026-09-11T14:36:54Z
SM-A047F,EUX,A047FXXSAEYC1,2025-03-01,2026-09-11T14:37:09Z
SM-A047F,INS,A047FXXSAEYC1,2025-03-01,2026-09-11T14:37:06Z
SM-A047F,MID,A047FXXSAEYC1,2025-03-01,2026-09-11T14:36:51Z
SM-A047F,TUR,A047FXXSAEYC1,2025-03-01,2026-09-11T14:36:57Z
SM-A047F,XSA,A047FXXSAEYC1,2025-03-01,2026-09-11T14:37:19Z
SM-A047F,XSG,A047FXXSAEYC1,2025-03-01,2026-09-11T14:37:00Z
SM-A047F,AFG,A047FXXSBEYF1,2025-06-01,2026-09-11T14:37:03Z
SM-A047F,EGY,A047FXXSBEYF1,2025-06-01,2026-09-11T14:36:54Z
SM-A047F,EUX,A047FXXSBEYF1,2025-06-01,2026-09-11T14:37:09Z
SM-A047F,INS,A047FXXSBEYF1,2025-06-01,2026-09-11T14:37:06Z
SM-A047F,MID,A047FXXSBEYF1,2025-06-01,2026-09-11T14:36:51Z
SM-A047F,TUR,A047FXXSBEYF1,2025-06-01,2026-09-11T14:36:57Z
SM-A047F,XSA,A047FXXSBEYF1,2025-06-01,2026-09-11T14:37:19Z
SM-A047F,XSG,A047FXXSBEYF1,2025-06-01,2026-09-11T14:37:00Z
SM-A047F,AFG,A047FXXSCEYI1,2025-09-01,2026-09-11T14:37:03Z
SM-A047F,EGY,A047FXXSCEYI1,2025-09-01,2026-09-11T14:36:54Z
SM-A047F,EUX,A047FXXSCEYI1,2025-09-01,2026-09-11T14:37:09Z
SM-A047F,INS,A047FXXSCEYI1,2025-09-01,2026-09-11T14:37:06Z
SM-A047F,MID,A047FXXSCEYI1,2025-09-01,2026-09-11T14:36:51Z
SM-A047F,TUR,A047FXXSCEYI1,2025-09-01,2026-09-11T14:36:57Z
SM-A047F,XSA,A047FXXSCEYI1,2025-09-01,2026-09-11T14:37:19Z
SM-A047F,XSG,A047FXXSCEYI1,2025-09-01,2026-09-11T14:37:00Z
SM-A047F,AFG,A047FXXSDEYL1,2025-12-01,2026-09-11T14:37:03Z
SM-A047F,EGY,A047FXXSDEYL1,2025-12-01,2026-09-11T14:36:54Z
SM-A047F,EUX,A047FXXSDEYL1,2025-12-01,2026-09-11T14:37:09Z
SM-A047F,INS,A047FXXSDEYL1,2025-12-01,2026-09-11T14:37:06Z
SM-A047F,MID,A047FXXSDEYL1,2025-12-01,2026-09-11T14:36:51Z
SM-A047F,TUR,A047FXXSDEYL1,2025-12-01,2026-09-11T14:36:57Z
SM-A047F,XSA,A047FXXSDEYL1,2025-12-01,2026-09-11T14:37:19Z
SM-A047F,XSG,A047FXXSDEYL1,2025-12-01,2026-09-11T14:37:00Z
SM-A047F,AFG,A047FXXSEEZB2,2026-02-05,2026-09-11T14:37:03Z
SM-A047F,EGY,A047FXXSEEZB2,2026-02-05,2026-09-11T14:36:54Z
SM-A047F,EUX,A047FXXSEEZB2,2026-02-05,2026-09-11T14:37:09Z
SM-A047F,INS,A047FXXSEEZB2,2026-02-05,2026-09-11T14:37:06Z
SM-A047F,MID,A047FXXSEEZB2,2026-02-05,2026-09-11T14:36:51Z
SM-A047F,TUR,A047FXXSEEZB2,2026-02-05,2026-09-11T14:36:57Z
SM-A047F,XSA,A047FXXSEEZB2,2026-02-05,2026-09-11T14:37:19Z
SM-A047F,XSG,A047FXXSEEZB2,2026-02-05,2026-09-11T14:37:00Z
SM-A047F,AFG,A047FXXSFEZE2,2026-05-05,2026-09-11T14:37:03Z
SM-A047F,EGY,A047FXXSFEZE2,2026-05-05,2026-09-11T14:36:54Z
SM-A047F,EUX,A047FXXSFEZE2,2026-05-05,2026-09-11T14:37:09Z
SM-A047F,INS,A047FXXSFEZE2,2026-05-05,2026-09-11T14:37:06Z
SM-A047F,MID,A047FXXSFEZE2,2026-05-05,2026-09-11T14:36:51Z
SM-A047F,TUR,A047FXXSFEZE2,2026-05-05,2026-09-11T14:36:57Z
SM-A047F,XSA,A047FXXSFEZE2,2026-05-05,2026-09-11T14:37:19Z
SM-A047F,XSG,A047FXXSFEZE2,2026-05-05,2026-09-11T14:37:00Z
SM-A047F,AFG,A047FXXSGEZH2,2026-08-05,2026-09-11T14:37:03Z
SM-A047F,EGY,A047FXXSGEZH2,2026-08-05,2026-09-11T14:36:54Z
SM-A047F,EUX,A047FXXSGEZH2,2026-08-05,2026-09-11T14:37:09Z
SM-A047F,MID,A047FXXSGEZH2,2026-08-05,2026-09-11T14:36:51Z
SM-A047F,TUR,A047FXXSGEZH2,2026-08-05,2026-09-11T14:36:57Z
SM-A047F,XSA,A047FXXSGEZH2,2026-08-05,2026-09-11T14:37:19Z
SM-A047F,XSG,A047FXXSGEZH2,2026-08-05,2026-09-11T14:37:00Z
SM-A047F,AFG,A047FXXU1AVJ5,2022-10-01,2026-09-11T14:37:03Z
SM-A047F,EGY,A047FXXU1AVJ5,2022-10-01,2026-09-11T14:36:54Z
SM-A047F,EUX,A047FXXU1AVJ5,2022-10-01,2026-09-11T14:37:09Z
SM-A047F,INS,A047FXXU1AVJ5,2022-10-01,2026-09-11T14:37:06Z
SM-A047F,MID,A047FXXU1AVJ5,2022-10-01,2026-09-11T14:36:51Z
SM-A047F,TUR,A047FXXU1AVJ5,2022-10-01,2026-09-11T14:36:57Z
SM-A047F,XSG,A047FXXU1AVJ5,2022-10-01,2026-09-11T14:37:00Z
SM-A047F,AFG,A047FXXU1BVK5,2022-11-01,2026-09-11T14:37:03Z
SM-A047F,EGY,A047FXXU1BVK5,2022-11-01,2026-09-11T14:36:54Z
SM-A047F,EUX,A047FXXU1BVK5,2022-11-01,2026-09-11T14:37:09Z
SM-A047F,MID,A047FXXU1BVK5,2022-11-01,2026-09-11T14:36:51Z
SM-A047F,TUR,A047FXXU1BVK5,2022-11-01,2026-09-11T14:36:57Z
SM-A047F,XSG,A047FXXU1BVK5,2022-11-01,2026-09-11T14:37:00Z
SM-A047F,INS,A047FXXU1BVL2,2022-11-01,2026-09-11T14:37:06Z
SM-A047F,AFG,A047FXXU2CWBH,2023-03-01,2026-09-11T14:37:03Z
SM-A047F,EGY,A047FXXU2CWBH,2023-03-01,2026-09-11T14:36:54Z
SM-A047F,EUX,A047FXXU2CWBH,2023-03-01,2026-09-11T14:37:09Z
SM-A047F,INS,A047FXXU2CWBH,2023-03-01,2026-09-11T14:37:06Z
SM-A047F,MID,A047FXXU2CWBH,2023-03-01,2026-09-11T14:36:51Z
SM-A047F,TUR,A047FXXU2CWBH,2023-03-01,2026-09-11T14:36:57Z
SM-A047F,XSA,A047FXXU2CWBH,2023-03-01,2026-09-11T14:37:19Z
SM-A047F,XSG,A047FXXU2CWBH,2023-03-01,2026-09-11T14:37:00Z
SM-A047F,AFG,A047FXXU3CWC3,2023-04-01,2026-09-11T14:37:03Z
SM-A047F,EGY,A047FXXU3CWC3,2023-04-01,2026-09-11T14:36:54Z
SM-A047F,EUX,A047FXXU3CWC3,2023-04-01,2026-09-11T14:37:09Z
SM-A047F,INS,A047FXXU3CWC3,2023-04-01,2026-09-11T14:37:06Z
SM-A047F,MID,A047FXXU3CWC3,2023-04-01,2026-09-11T14:36:51Z
SM-A047F,TUR,A047FXXU3CWC3,2023-04-01,2026-09-11T14:36:57Z
SM-A047F,XSG,A047FXXU3CWC3,2023-04-01,2026-09-11T14:37:00Z
SM-A047F,XSA,A047FXXU3CWD1,2023-04-01,2026-09-11T14:37:19Z
SM-A047F,AFG,A047FXXU4CWE4,2023-06-01,2026-09-11T14:37:03Z
SM-A047F,EGY,A047FXXU4CWE4,2023-06-01,2026-09-11T14:36:54Z
SM-A047F,EUX,A047FXXU4CWE4,2023-06-01,2026-09-11T14:37:09Z
SM-A047F,MID,A047FXXU4CWE4,2023-06-01,2026-09-11T14:36:51Z
SM-A047F,TUR,A047FXXU4CWE4,2023-06-01,2026-09-11T14:36:57Z
SM-A047F,XSA,A047FXXU4CWE4,2023-06-01,2026-09-11T14:37:19Z
SM-A047F,XSG,A047FXXU4CWE4,2023-06-01,2026-09-11T14:37:00Z
SM-A047F,INS,A047FXXU4CWF1,2023-06-01,2026-09-11T14:37:06Z
SM-A047F,AFG,A047FXXU4CWH2,2023-08-01,2026-09-11T14:37:03Z
SM-A047F,EGY,A047FXXU4CWH2,2023-08-01,2026-09-11T14:36:54Z
SM-A047F,EUX,A047FXXU4CWH2,2023-08-01,2026-09-11T14:37:09Z
SM-A047F,MID,A047FXXU4CWH2,2023-08-01,2026-09-11T14:36:51Z
SM-A047F,TUR,A047FXXU4CWH2,2023-08-01,2026-09-11T14:36:57Z
SM-A047F,XSA,A047FXXU4CWH2,2023-08-01,2026-09-11T14:37:19Z
SM-A047F,XSG,A047FXXU4CWH2,2023-08-01,2026-09-11T14:37:00Z
SM-A047F,INS,A047FXXU4CWI2,2023-08-01,2026-09-11T14:37:06Z
SM-A047F,AFG,A047FXXU6DXA2,2024-01-01,2026-09-11T14:37:03Z
SM-A047F,EGY,A047FXXU6DXA2,2024-01-01,2026-09-11T14:36:54Z
SM-A047F,EUX,A047FXXU6DXA2,2024-01-01,2026-09-11T14:37:09Z
SM-A047F,INS,A047FXXU6DXA2,2024-01-01,2026-09-11T14:37:06Z
SM-A047F,MID,A047FXXU6DXA2,2024-01-01,2026-09-11T14:36:51Z
SM-A047F,TUR,A047FXXU6DXA2,2024-01-01,2026-09-11T14:36:57Z
SM-A047F,XSA,A047FXXU6DXA2,2024-01-01,2026-09-11T14:37:19Z
SM-A047F,XSG,A047FXXU6DXA2,2024-01-01,2026-09-11T14:37:00Z
SM-A047F,AFG,A047FXXU8EXG6,2024-08-01,2026-09-11T14:37:03Z
SM-A047F,EGY,A047FXXU8EXG6,2024-08-01,2026-09-11T14:36:54Z
SM-A047F,EUX,A047FXXU8EXG6,2024-08-01,2026-09-11T14:37:09Z
SM-A047F,INS,A047FXXU8EXG6,2024-08-01,2026-09-11T14:37:06Z
SM-A047F,MID,A047FXXU8EXG6,2024-08-01,2026-09-11T14:36:51Z
SM-A047F,TUR,A047FXXU8EXG6,2024-08-01,2026-09-11T14:36:57Z
SM-A047F,XSA,A047FXXU8EXG6,2024-08-01,2026-09-11T14:37:19Z
SM-A047F,XSG,A047FXXU8EXG6,2024-08-01,2026-09-11T14:37:00Z
SM-A047F,AFG,A047FXXUAEXL1,2024-12-01,2026-09-11T14:37:03Z
SM-A047F,EGY,A047FXXUAEXL1,2024-12-01,2026-09-11T14:36:54Z
SM-A047F,EUX,A047FXXUAEXL1,2024-12-01,2026-09-11T14:37:09Z
SM-A047F,INS,A047FXXUAEXL1,2024-12-01,2026-09-11T14:37:06Z
SM-A047F,MID,A047FXXUAEXL1,2024-12-01,2026-09-11T14:36:51Z
SM-A047F,TUR,A047FXXUAEXL1,2024-12-01,2026-09-11T14:36:57Z
SM-A047F,XSA,A047FXXUAEXL1,2024-12-01,2026-09-11T14:37:19Z
SM-A047F,XSG,A047FXXUAEXL1,2024-12-01,2026-09-11T14:37:00Z
SM-A055F,AFG,A055FXXS3BXB3,2024-02-01,2026-09-11T14:37:39Z
SM-A055F,EGY,A055FXXS3BXB3,2024-02-01,2026-09-11T14:37:30Z
SM-A055F,ILO,A055FXXS3BXB3,2024-02-01,2026-09-11T14:37:25Z
SM-A055F,INS,A055FXXS3BXB3,2024-02-01,2026-09-11T14:37:42Z
SM-A055F,MID,A055FXXS3BXB3,2024-02-01,2026-09-11T14:37:27Z
SM-A055F,TUR,A055FXXS3BXB3,2024-02-01,2026-09-11T14:37:33Z
SM-A055F,XSG,A055FXXS3BXB3,2024-02-01,2026-09-11T14:37:36Z
SM-A055F,AFG,A055FXXS4BXE3,2024-05-01,2026-09-11T14:37:39Z
SM-A055F,EGY,A055FXXS4BXE3,2024-05-01,2026-09-11T14:37:30Z
SM-A055F,ILO,A055FXXS4BXE3,2024-05-01,2026-09-11T14:37:25Z
SM-A055F,INS,A055FXXS4BXE3,2024-05-01,2026-09-11T14:37:42Z
SM-A055F,MID,A055FXXS4BXE3,2024-05-01,2026-09-11T14:37:27Z
SM-A055F,TUR,A055FXXS4BXE3,2024-05-01,2026-09-11T14:37:33Z
SM-A055F,XSG,A055FXXS4BXE3,2024-05-01,2026-09-11T14:37:36Z
SM-A055F,AFG,A055FXXS5CXF4,2024-07-01,2026-09-11T14:37:39Z
SM-A055F,EGY,A055FXXS5CXF4,2024-07-01,2026-09-11T14:37:30Z
SM-A055F,ILO,A055FXXS5CXF4,2024-07-01,2026-09-11T14:37:25Z
SM-A055F,MID,A055FXXS5CXF4,2024-07-01,2026-09-11T14:37:27Z
SM-A055F,TUR,A055FXXS5CXF4,2024-07-01,2026-09-11T14:37:33Z
SM-A055F,XSG,A055FXXS5CXF4,2024-07-01,2026-09-11T14:37:36Z
SM-A055F,INS,A055FXXS5CXG1,2024-07-01,2026-09-11T14:37:42Z
SM-A055F,AFG,A055FXXS6CXI1,2024-09-01,2026-09-11T14:37:39Z
SM-A055F,EGY,A055FXXS6CXI1,2024-09-01,2026-09-11T14:37:30Z
SM-A055F,ILO,A055FXXS6CXI1,2024-09-01,2026-09-11T14:37:25Z
SM-A055F,MID,A055FXXS6CXI1,2024-09-01,2026-09-11T14:37:27Z
SM-A055F,TUR,A055FXXS6CXI1,2024-09-01,2026-09-11T14:37:33Z
SM-A055F,XSG,A055FXXS6CXI1,2024-09-01,2026-09-11T14:37:36Z
SM-A055F,INS,A055FXXS6CXI2,2024-09-01,2026-09-11T14:37:42Z
SM-A055F,AFG,A055FXXS7CXJ1,2024-10-01,2026-09-11T14:37:39Z
SM-A055F,EGY,A055FXXS7CXJ1,2024-10-01,2026-09-11T14:37:30Z
SM-A055F,ILO,A055FXXS7CXJ1,2024-10-01,2026-09-11T14:37:25Z
SM-A055F,MID,A055FXXS7CXJ1,2024-10-01,2026-09-11T14:37:27Z
SM-A055F,TUR,A055FXXS7CXJ1,2024-10-01,2026-09-11T14:37:33Z
SM-A055F,XSG,A055FXXS7CXJ1,2024-10-01,2026-09-11T14:37:36Z
SM-A055F,INS,A055FXXS7CXJ2,2024-10-01,2026-09-11T14:37:42Z
SM-A055F,AFG,A055FXXS8CXL2,2025-01-01,2026-09-11T14:37:39Z
SM-A055F,EGY,A055FXXS8CXL2,2025-01-01,2026-09-11T14:37:30Z
SM-A055F,ILO,A055FXXS8CXL2,2025-01-01,2026-09-11T14:37:25Z
SM-A055F,MID,A055FXXS8CXL2,2025-01-01,2026-09-11T14:37:27Z
SM-A055F,TUR,A055FXXS8CXL2,2025-01-01,2026-09-11T14:37:33Z
SM-A055F,XSG,A055FXXS8CXL2,2025-01-01,2026-09-11T14:37:36Z
SM-A055F,INS,A055FXXS8CXL3,2025-01-01,2026-09-11T14:37:42Z
SM-A055F,AFG,A055FXXS8CYC3,2025-03-01,2026-09-11T14:37:39Z
SM-A055F,EGY,A055FXXS8CYC3,2025-03-01,2026-09-11T14:37:30Z
SM-A055F,ILO,A055FXXS8CYC3,2025-03-01,2026-09-11T14:37:25Z
SM-A055F,MID,A055FXXS8CYC3,2025-03-01,2026-09-11T14:37:27Z
SM-A055F,TUR,A055FXXS8CYC3,2025-03-01,2026-09-11T14:37:33Z
SM-A055F,XSG,A055FXXS8CYC3,2025-03-01,2026-09-11T14:37:36Z
SM-A055F,INS,A055FXXS8CYC4,2025-03-01,2026-09-11T14:37:42Z
SM-A055F,AFG,A055FXXS9CYE3,2025-04-01,2026-09-11T14:37:39Z
SM-A055F,EGY,A055FXXS9CYE3,2025-04-01,2026-09-11T14:37:30Z
SM-A055F,ILO,A055FXXS9CYE3,2025-04-01,2026-09-11T14:37:25Z
SM-A055F,MID,A055FXXS9CYE3,2025-04-01,2026-09-11T14:37:27Z
SM-A055F,TUR,A055FXXS9CYE3,2025-04-01,2026-09-11T14:37:33Z
SM-A055F,XSG,A055FXXS9CYE3,2025-04-01,2026-09-11T14:37:36Z
SM-A055F,INS,A055FXXS9CYE4,2025-04-01,2026-09-11T14:37:42Z
SM-A055F,AFG,A055FXXS9CYG2,2025-05-01,2026-09-11T14:37:39Z
SM-A055F,EGY,A055FXXS9CYG2,2025-05-01,2026-09-11T14:37:30Z
SM-A055F,ILO,A055FXXS9CYG2,2025-05-01,2026-09-11T14:37:25Z
SM-A055F,MID,A055FXXS9CYG2,2025-05-01,2026-09-11T14:37:27Z
SM-A055F,TUR,A055FXXS9CYG2,2025-05-01,2026-09-11T14:37:33Z
SM-A055F,XSG,A055FXXS9CYG2,2025-05-01,2026-09-11T14:37:36Z
SM-A055F,AFG,A055FXXS9DYG7,2025-05-01,2026-09-11T14:37:39Z
SM-A055F,EGY,A055FXXS9DYG7,2025-05-01,2026-09-11T14:37:30Z
SM-A055F,ILO,A055FXXS9DYG7,2025-05-01,2026-09-11T14:37:25Z
SM-A055F,INS,A055FXXS9DYG7,2025-05-01,2026-09-11T14:37:42Z
SM-A055F,MID,A055FXXS9DYG7,2025-05-01,2026-09-11T14:37:27Z
SM-A055F,TUR,A055FXXS9DYG7,2025-05-01,2026-09-11T14:37:33Z
SM-A055F,XSG,A055FXXS9DYG7,2025-05-01,2026-09-11T14:37:36Z
SM-A055F,AFG,A055FXXSADYG8,2025-07-01,2026-09-11T14:37:39Z
SM-A055F,EGY,A055FXXSADYG8,2025-07-01,2026-09-11T14:37:30Z
SM-A055F,ILO,A055FXXSADYG8,2025-07-01,2026-09-11T14:37:25Z
SM-A055F,INS,A055FXXSADYG8,2025-07-01,2026-09-11T14:37:42Z
SM-A055F,MID,A055FXXSADYG8,2025-07-01,2026-09-11T14:37:27Z
SM-A055F,TUR,A055FXXSADYG8,2025-07-01,2026-09-11T14:37:33Z
SM-A055F,XSG,A055FXXSADYG8,2025-07-01,2026-09-11T14:37:36Z
SM-A055F,AFG,A055FXXSBDYJ2,2025-10-01,2026-09-11T14:37:39Z
SM-A055F,EGY,A055FXXSBDYJ2,2025-10-01,2026-09-11T14:37:30Z
SM-A055F,ILO,A055FXXSBDYJ2,2025-10-01,2026-09-11T14:37:25Z
SM-A055F,INS,A055FXXSBDYJ2,2025-10-01,2026-09-11T14:37:42Z
SM-A055F,MID,A055FXXSBDYJ2,2025-10-01,2026-09-11T14:37:27Z
SM-A055F,TUR,A055FXXSBDYJ2,2025-10-01,2026-09-11T14:37:33Z
SM-A055F,XSG,A055FXXSBDYJ2,2025-10-01,2026-09-11T14:37:36Z
SM-A055F,AFG,A055FXXSCDYL2,2025-12-01,2026-09-11T14:37:39Z
SM-A055F,EGY,A055FXXSCDYL2,2025-12-01,2026-09-11T14:37:30Z
SM-A055F,ILO,A055FXXSCDYL2,2025-12-01,2026-09-11T14:37:25Z
SM-A055F,MID,A055FXXSCDYL2,2025-12-01,2026-09-11T14:37:27Z
SM-A055F,TUR,A055FXXSCDYL2,2025-12-01,2026-09-11T14:37:33Z
SM-A055F,XSG,A055FXXSCDYL2,2025-12-01,2026-09-11T14:37:36Z
SM-A055F,AFG,A055FXXSDDZA1,2026-01-01,2026-09-11T14:37:39Z
SM-A055F,EGY,A055FXXSDDZA1,2026-01-01,2026-09-11T14:37:30Z
SM-A055F,ILO,A055FXXSDDZA1,2026-01-01,2026-09-11T14:37:25Z
SM-A055F,INS,A055FXXSDDZA1,2026-01-01,2026-09-11T14:37:42Z
SM-A055F,MID,A055FXXSDDZA1,2026-01-01,2026-09-11T14:37:27Z
SM-A055F,TUR,A055FXXSDDZA1,2026-01-01,2026-09-11T14:37:33Z
SM-A055F,XSG,A055FXXSDDZA1,2026-01-01,2026-09-11T14:37:36Z
SM-A055F,AFG,A055FXXSFDZD1,2026-03-05,2026-09-11T14:37:39Z
SM-A055F,EGY,A055FXXSFDZD1,2026-03-05,2026-09-11T14:37:30Z
SM-A055F,ILO,A055FXXSFDZD1,2026-03-05,2026-09-11T14:37:25Z
SM-A055F,INS,A055FXXSFDZD1,2026-03-05,2026-09-11T14:37:42Z
SM-A055F,MID,A055FXXSFDZD1,2026-03-05,2026-09-11T14:37:27Z
SM-A055F,TUR,A055FXXSFDZD1,2026-03-05,2026-09-11T14:37:33Z
SM-A055F,XSG,A055FXXSFDZD1,2026-03-05,2026-09-11T14:37:36Z
SM-A055F,INS,A055FXXSGDZE1,2026-05-05,2026-09-11T14:37:42Z
SM-A055F,AFG,A055FXXSGDZE2,2026-05-05,2026-09-11T14:37:39Z
SM-A055F,EGY,A055FXXSGDZE2,2026-05-05,2026-09-11T14:37:30Z
SM-A055F,ILO,A055FXXSGDZE2,2026-05-05,2026-09-11T14:37:25Z
SM-A055F,MID,A055FXXSGDZE2,2026-05-05,2026-09-11T14:37:27Z
SM-A055F,TUR,A055FXXSGDZE2,2026-05-05,2026-09-11T14:37:33Z
SM-A055F,XSG,A055FXXSGDZE2,2026-05-05,2026-09-11T14:37:36Z
SM-A055F,AFG,A055FXXSHDZF1,2026-06-05,2026-09-11T14:37:39Z
SM-A055F,EGY,A055FXXSHDZF1,2026-06-05,2026-09-11T14:37:30Z
SM-A055F,ILO,A055FXXSHDZF1,2026-06-05,2026-09-11T14:37:25Z
SM-A055F,INS,A055FXXSHDZF1,2026-06-05,2026-09-11T14:37:42Z
SM-A055F,MID,A055FXXSHDZF1,2026-06-05,2026-09-11T14:37:27Z
SM-A055F,TUR,A055FXXSHDZF1,2026-06-05,2026-09-11T14:37:33Z
SM-A055F,XSG,A055FXXSHDZF1,2026-06-05,2026-09-11T14:37:36Z
SM-A055F,INS,A055FXXU1AWH4,2023-08-01,2026-09-11T14:37:42Z
SM-A055F,AFG,A055FXXU2AWK1,2023-10-01,2026-09-11T14:37:39Z
SM-A055F,EGY,A055FXXU2AWK1,2023-10-01,2026-09-11T14:37:30Z
SM-A055F,ILO,A055FXXU2AWK1,2023-10-01,2026-09-11T14:37:25Z
SM-A055F,INS,A055FXXU2AWK1,2023-10-01,2026-09-11T14:37:42Z
SM-A055F,MID,A055FXXU2AWK1,2023-10-01,2026-09-11T14:37:27Z
SM-A055F,TUR,A055FXXU2AWK1,2023-10-01,2026-09-11T14:37:33Z
SM-A055F,XSG,A055FXXU2AWK1,2023-10-01,2026-09-11T14:37:36Z
SM-A055F,AFG,A055FXXU2BWL6,2023-12-01,2026-09-11T14:37:39Z
SM-A055F,EGY,A055FXXU2BWL6,2023-12-01,2026-09-11T14:37:30Z
SM-A055F,ILO,A055FXXU2BWL6,2023-12-01,2026-09-11T14:37:25Z
SM-A055F,INS,A055FXXU2BWL6,2023-12-01,2026-09-11T14:37:42Z
SM-A055F,MID,A055FXXU2BWL6,2023-12-01,2026-09-11T14:37:27Z
SM-A055F,TUR,A055FXXU2BWL6,2023-12-01,2026-09-11T14:37:33Z
SM-A055F,XSG,A055FXXU2BWL6,2023-12-01,2026-09-11T14:37:36Z
SM-A055F,AFG,A055FXXU4CXF1,2024-05-01,2026-09-11T14:37:39Z
SM-A055F,EGY,A055FXXU4CXF1,2024-05-01,2026-09-11T14:37:30Z
SM-A055F,ILO,A055FXXU4CXF1,2024-05-01,2026-09-11T14:37:25Z
SM-A055F,MID,A055FXXU4CXF1,2024-05-01,2026-09-11T14:37:27Z
SM-A055F,TUR,A055FXXU4CXF1,2024-05-01,2026-09-11T14:37:33Z
SM-A055F,XSG,A055FXXU4CXF1,2024-05-01,2026-09-11T14:37:36Z
SM-A055F,INS,A055FXXU4CXF2,2024-05-01,2026-09-11T14:37:42Z
SM-A055F,AFG,A055FXXU5CXH1,2024-07-01,2026-09-11T14:37:39Z
SM-A055F,EGY,A055FXXU5CXH1,2024-07-01,2026-09-11T14:37:30Z
SM-A055F,ILO,A055FXXU5CXH1,2024-07-01,2026-09-11T14:37:25Z
SM-A055F,MID,A055FXXU5CXH1,2024-07-01,2026-09-11T14:37:27Z
SM-A055F,TUR,A055FXXU5CXH1,2024-07-01,2026-09-11T14:37:33Z
SM-A055F,XSG,A055FXXU5CXH1,2024-07-01,2026-09-11T14:37:36Z
SM-A055F,INS,A055FXXU5CXH2,2024-07-01,2026-09-11T14:37:42Z
SM-A055F,AFG,A055FXXUEDZB2,2026-02-05,2026-09-11T14:37:39Z
SM-A055F,EGY,A055FXXUEDZB2,2026-02-05,2026-09-11T14:37:30Z
SM-A055F,ILO,A055FXXUEDZB2,2026-02-05,2026-09-11T14:37:25Z
SM-A055F,INS,A055FXXUEDZB2,2026-02-05,2026-09-11T14:37:42Z
SM-A055F,MID,A055FXXUEDZB2,2026-02-05,2026-09-11T14:37:27Z
SM-A055F,TUR,A055FXXUEDZB2,2026-02-05,2026-09-11T14:37:33Z
SM-A055F,XSG,A055FXXUEDZB2,2026-02-05,2026-09-11T14:37:36Z
SM-A057F,AFG,A057FXXS2AWL5,2023-11-01,2026-09-11T14:38:17Z
SM-A057F,EGY,A057FXXS2AWL5,2023-11-01,2026-09-11T14:38:08Z
SM-A057F,ILO,A057FXXS2AWL5,2023-11-01,2026-09-11T14:38:02Z
SM-A057F,INS,A057FXXS2AWL5,2023-11-01,2026-09-11T14:38:20Z
SM-A057F,MID,A057FXXS2AWL5,2023-11-01,2026-09-11T14:38:05Z
SM-A057F,TUR,A057FXXS2AWL5,2023-11-01,2026-09-11T14:38:11Z
SM-A057F,XSA,A057FXXS2AWL5,2023-11-01,2026-09-11T14:38:32Z
SM-A057F,XSG,A057FXXS2AWL5,2023-11-01,2026-09-11T14:38:14Z
SM-A057F,AFG,A057FXXS2BXC3,2024-03-01,2026-09-11T14:38:17Z
SM-A057F,EGY,A057FXXS2BXC3,2024-03-01,2026-09-11T14:38:08Z
SM-A057F,ILO,A057FXXS2BXC3,2024-03-01,2026-09-11T14:38:02Z
SM-A057F,INS,A057FXXS2BXC3,2024-03-01,2026-09-11T14:38:20Z
SM-A057F,MID,A057FXXS2BXC3,2024-03-01,2026-09-11T14:38:05Z
SM-A057F,TUR,A057FXXS2BXC3,2024-03-01,2026-09-11T14:38:11Z
SM-A057F,XSA,A057FXXS2BXC3,2024-03-01,2026-09-11T14:38:32Z
SM-A057F,XSG,A057FXXS2BXC3,2024-03-01,2026-09-11T14:38:14Z
SM-A057F,AFG,A057FXXS4CXF1,2024-06-01,2026-09-11T14:38:17Z
SM-A057F,EGY,A057FXXS4CXF1,2024-06-01,2026-09-11T14:38:08Z
SM-A057F,INS,A057FXXS4CXF1,2024-06-01,2026-09-11T14:38:20Z
SM-A057F,MID,A057FXXS4CXF1,2024-06-01,2026-09-11T14:38:05Z
SM-A057F,TUR,A057FXXS4CXF1,2024-06-01,2026-09-11T14:38:11Z
SM-A057F,XSG,A057FXXS4CXF1,2024-06-01,2026-09-11T14:38:14Z
SM-A057F,AFG,A057FXXS5CXH9,2024-08-01,2026-09-11T14:38:17Z
SM-A057F,EGY,A057FXXS5CXH9,2024-08-01,2026-09-11T14:38:08Z
SM-A057F,ILO,A057FXXS5CXH9,2024-08-01,2026-09-11T14:38:02Z
SM-A057F,INS,A057FXXS5CXH9,2024-08-01,2026-09-11T14:38:20Z
SM-A057F,MID,A057FXXS5CXH9,2024-08-01,2026-09-11T14:38:05Z
SM-A057F,TUR,A057FXXS5CXH9,2024-08-01,2026-09-11T14:38:11Z
SM-A057F,XSA,A057FXXS5CXH9,2024-08-01,2026-09-11T14:38:32Z
SM-A057F,XSG,A057FXXS5CXH9,2024-08-01,2026-09-11T14:38:14Z
SM-A057F,AFG,A057FXXS6CXI1,2024-09-01,2026-09-11T14:38:17Z
SM-A057F,EGY,A057FXXS6CXI1,2024-09-01,2026-09-11T14:38:08Z
SM-A057F,ILO,A057FXXS6CXI1,2024-09-01,2026-09-11T14:38:02Z
SM-A057F,MID,A057FXXS6CXI1,2024-09-01,2026-09-11T14:38:05Z
SM-A057F,TUR,A057FXXS6CXI1,2024-09-01,2026-09-11T14:38:11Z
SM-A057F,XSG,A057FXXS6CXI1,2024-09-01,2026-09-11T14:38:14Z
SM-A057F,AFG,A057FXXS7CXJ2,2024-09-01,2026-09-11T14:38:17Z
SM-A057F,EGY,A057FXXS7CXJ2,2024-09-01,2026-09-11T14:38:08Z
SM-A057F,ILO,A057FXXS7CXJ2,2024-09-01,2026-09-11T14:38:02Z
SM-A057F,INS,A057FXXS7CXJ2,2024-09-01,2026-09-11T14:38:20Z
SM-A057F,MID,A057FXXS7CXJ2,2024-09-01,2026-09-11T14:38:05Z
SM-A057F,TUR,A057FXXS7CXJ2,2024-09-01,2026-09-11T14:38:11Z
SM-A057F,XSA,A057FXXS7CXJ2,2024-09-01,2026-09-11T14:38:32Z
SM-A057F,XSG,A057FXXS7CXJ2,2024-09-01,2026-09-11T14:38:14Z
SM-A057F,XSA,A057FXXS7CYA1,2025-01-01,2026-09-11T14:38:32Z
SM-A057F,AFG,A057FXXS8CYB1,2025-01-01,2026-09-11T14:38:17Z
SM-A057F,EGY,A057FXXS8CYB1,2025-01-01,2026-09-11T14:38:08Z
SM-A057F,ILO,A057FXXS8CYB1,2025-01-01,2026-09-11T14:38:02Z
SM-A057F,MID,A057FXXS8CYB1,2025-01-01,2026-09-11T14:38:05Z
SM-A057F,TUR,A057FXXS8CYB1,2025-01-01,2026-09-11T14:38:11Z
SM-A057F,XSG,A057FXXS8CYB1,2025-01-01,2026-09-11T14:38:14Z
SM-A057F,INS,A057FXXS8CYB2,2025-02-01,2026-09-11T14:38:20Z
SM-A057F,XSA,A057FXXS8CYB2,2025-02-01,2026-09-11T14:38:32Z
SM-A057F,AFG,A057FXXS8CYB3,2025-02-01,2026-09-11T14:38:17Z
SM-A057F,EGY,A057FXXS8CYB3,2025-02-01,2026-09-11T14:38:08Z
SM-A057F,ILO,A057FXXS8CYB3,2025-02-01,2026-09-11T14:38:02Z
SM-A057F,MID,A057FXXS8CYB3,2025-02-01,2026-09-11T14:38:05Z
SM-A057F,TUR,A057FXXS8CYB3,2025-02-01,2026-09-11T14:38:11Z
SM-A057F,XSG,A057FXXS8CYB3,2025-02-01,2026-09-11T14:38:14Z
SM-A057F,INS,A057FXXS9CYD2,2025-04-01,2026-09-11T14:38:20Z
SM-A057F,XSA,A057FXXS9CYD2,2025-04-01,2026-09-11T14:38:32Z
SM-A057F,AFG,A057FXXS9CYD5,2025-04-01,2026-09-11T14:38:17Z
SM-A057F,EGY,A057FXXS9CYD5,2025-04-01,2026-09-11T14:38:08Z
SM-A057F,ILO,A057FXXS9CYD5,2025-04-01,2026-09-11T14:38:02Z
SM-A057F,MID,A057FXXS9CYD5,2025-04-01,2026-09-11T14:38:05Z
SM-A057F,TUR,A057FXXS9CYD5,2025-04-01,2026-09-11T14:38:11Z
SM-A057F,XSG,A057FXXS9CYD5,2025-04-01,2026-09-11T14:38:14Z
SM-A057F,AFG,A057FXXSADYH1,2025-08-01,2026-09-11T14:38:17Z
SM-A057F,EGY,A057FXXSADYH1,2025-08-01,2026-09-11T14:38:08Z
SM-A057F,ILO,A057FXXSADYH1,2025-08-01,2026-09-11T14:38:02Z
SM-A057F,INS,A057FXXSADYH1,2025-08-01,2026-09-11T14:38:20Z
SM-A057F,MID,A057FXXSADYH1,2025-08-01,2026-09-11T14:38:05Z
SM-A057F,TUR,A057FXXSADYH1,2025-08-01,2026-09-11T14:38:11Z
SM-A057F,XSA,A057FXXSADYH1,2025-08-01,2026-09-11T14:38:32Z
SM-A057F,XSG,A057FXXSADYH1,2025-08-01,2026-09-11T14:38:14Z
SM-A057F,AFG,A057FXXSBDYJ1,2025-11-01,2026-09-11T14:38:17Z
SM-A057F,EGY,A057FXXSBDYJ1,2025-11-01,2026-09-11T14:38:08Z
SM-A057F,ILO,A057FXXSBDYJ1,2025-11-01,2026-09-11T14:38:02Z
SM-A057F,INS,A057FXXSBDYJ1,2025-11-01,2026-09-11T14:38:20Z
SM-A057F,MID,A057FXXSBDYJ1,2025-11-01,2026-09-11T14:38:05Z
SM-A057F,TUR,A057FXXSBDYJ1,2025-11-01,2026-09-11T14:38:11Z
SM-A057F,XSA,A057FXXSBDYJ1,2025-11-01,2026-09-11T14:38:32Z
SM-A057F,XSG,A057FXXSBDYJ1,2025-11-01,2026-09-11T14:38:14Z
SM-A057F,AFG,A057FXXSDDZB3,2026-02-05,2026-09-11T14:38:17Z
SM-A057F,EGY,A057FXXSDDZB3,2026-02-05,2026-09-11T14:38:08Z
SM-A057F,ILO,A057FXXSDDZB3,2026-02-05,2026-09-11T14:38:02Z
SM-A057F,INS,A057FXXSDDZB3,2026-02-05,2026-09-11T14:38:20Z
SM-A057F,MID,A057FXXSDDZB3,2026-02-05,2026-09-11T14:38:05Z
SM-A057F,TUR,A057FXXSDDZB3,2026-02-05,2026-09-11T14:38:11Z
SM-A057F,XSA,A057FXXSDDZB3,2026-02-05,2026-09-11T14:38:32Z
SM-A057F,XSG,A057FXXSDDZB3,2026-02-05,2026-09-11T14:38:14Z
SM-A057F,AFG,A057FXXSEDZE2,2026-05-05,2026-09-11T14:38:17Z
SM-A057F,EGY,A057FXXSEDZE2,2026-05-05,2026-09-11T14:38:08Z
SM-A057F,ILO,A057FXXSEDZE2,2026-05-05,2026-09-11T14:38:02Z
SM-A057F,INS,A057FXXSEDZE2,2026-05-05,2026-09-11T14:38:20Z
SM-A057F,MID,A057FXXSEDZE2,2026-05-05,2026-09-11T14:38:05Z
SM-A057F,TUR,A057FXXSEDZE2,2026-05-05,2026-09-11T14:38:11Z
SM-A057F,XSA,A057FXXSEDZE2,2026-05-05,2026-09-11T14:38:32Z
SM-A057F,XSG,A057FXXSEDZE2,2026-05-05,2026-09-11T14:38:14Z
SM-A057F,AFG,A057FXXU1AWK5,2023-11-01,2026-09-11T14:38:17Z
SM-A057F,EGY,A057FXXU1AWK5,2023-11-01,2026-09-11T14:38:08Z
SM-A057F,ILO,A057FXXU1AWK5,2023-11-01,2026-09-11T14:38:02Z
SM-A057F,INS,A057FXXU1AWK5,2023-11-01,2026-09-11T14:38:20Z
SM-A057F,MID,A057FXXU1AWK5,2023-11-01,2026-09-11T14:38:05Z
SM-A057F,TUR,A057FXXU1AWK5,2023-11-01,2026-09-11T14:38:11Z
SM-A057F,XSA,A057FXXU1AWK5,2023-11-01,2026-09-11T14:38:32Z
SM-A057F,XSG,A057FXXU1AWK5,2023-11-01,2026-09-11T14:38:14Z
SM-A057F,AFG,A057FXXU2BXA8,2024-01-01,2026-09-11T14:38:17Z
SM-A057F,EGY,A057FXXU2BXA8,2024-01-01,2026-09-11T14:38:08Z
SM-A057F,ILO,A057FXXU2BXA8,2024-01-01,2026-09-11T14:38:02Z
SM-A057F,INS,A057FXXU2BXA8,2024-01-01,2026-09-11T14:38:20Z
SM-A057F,MID,A057FXXU2BXA8,2024-01-01,2026-09-11T14:38:05Z
SM-A057F,TUR,A057FXXU2BXA8,2024-01-01,2026-09-11T14:38:11Z
SM-A057F,XSA,A057FXXU2BXA8,2024-01-01,2026-09-11T14:38:32Z
SM-A057F,XSG,A057FXXU2BXA8,2024-01-01,2026-09-11T14:38:14Z
SM-A057F,AFG,A057FXXU3CXE6,2024-05-01,2026-09-11T14:38:17Z
SM-A057F,EGY,A057FXXU3CXE6,2024-05-01,2026-09-11T14:38:08Z
SM-A057F,ILO,A057FXXU3CXE6,2024-05-01,2026-09-11T14:38:02Z
SM-A057F,INS,A057FXXU3CXE6,2024-05-01,2026-09-11T14:38:20Z
SM-A057F,MID,A057FXXU3CXE6,2024-05-01,2026-09-11T14:38:05Z
SM-A057F,TUR,A057FXXU3CXE6,2024-05-01,2026-09-11T14:38:11Z
SM-A057F,XSA,A057FXXU3CXE6,2024-05-01,2026-09-11T14:38:32Z
SM-A057F,XSG,A057FXXU3CXE6,2024-05-01,2026-09-11T14:38:14Z
SM-A057F,AFG,A057FXXU4CXF3,2024-06-01,2026-09-11T14:38:17Z
SM-A057F,EGY,A057FXXU4CXF3,2024-06-01,2026-09-11T14:38:08Z
SM-A057F,ILO,A057FXXU4CXF3,2024-06-01,2026-09-11T14:38:02Z
SM-A057F,INS,A057FXXU4CXF3,2024-06-01,2026-09-11T14:38:20Z
SM-A057F,MID,A057FXXU4CXF3,2024-06-01,2026-09-11T14:38:05Z
SM-A057F,TUR,A057FXXU4CXF3,2024-06-01,2026-09-11T14:38:11Z
SM-A057F,XSA,A057FXXU4CXF3,2024-06-01,2026-09-11T14:38:32Z
SM-A057F,XSG,A057FXXU4CXF3,2024-06-01,2026-09-11T14:38:14Z
SM-A057F,AFG,A057FXXU4CXG2,2024-06-01,2026-09-11T14:38:17Z
SM-A057F,EGY,A057FXXU4CXG2,2024-06-01,2026-09-11T14:38:08Z
SM-A057F,ILO,A057FXXU4CXG2,2024-06-01,2026-09-11T14:38:02Z
SM-A057F,INS,A057FXXU4CXG2,2024-06-01,2026-09-11T14:38:20Z
SM-A057F,MID,A057FXXU4CXG2,2024-06-01,2026-09-11T14:38:05Z
SM-A057F,TUR,A057FXXU4CXG2,2024-06-01,2026-09-11T14:38:11Z
SM-A057F,XSA,A057FXXU4CXG2,2024-06-01,2026-09-11T14:38:32Z
SM-A057F,XSG,A057FXXU4CXG2,2024-06-01,2026-09-11T14:38:14Z
SM-A057F,INS,A057FXXU7CXK6,2024-11-01,2026-09-11T14:38:20Z
SM-A057F,XSA,A057FXXU7CXK6,2024-11-01,2026-09-11T14:38:32Z
SM-A057F,AFG,A057FXXU7CXK7,2024-11-01,2026-09-11T14:38:17Z
SM-A057F,EGY,A057FXXU7CXK7,2024-11-01,2026-09-11T14:38:08Z
SM-A057F,ILO,A057FXXU7CXK7,2024-11-01,2026-09-11T14:38:02Z
SM-A057F,MID,A057FXXU7CXK7,2024-11-01,2026-09-11T14:38:05Z
SM-A057F,TUR,A057FXXU7CXK7,2024-11-01,2026-09-11T14:38:11Z
SM-A057F,XSG,A057FXXU7CXK7,2024-11-01,2026-09-11T14:38:14Z
SM-A057F,AFG,A057FXXU7CYA5,2024-11-01,2026-09-11T14:38:17Z
SM-A057F,EGY,A057FXXU7CYA5,2024-11-01,2026-09-11T14:38:08Z
SM-A057F,ILO,A057FXXU7CYA5,2024-11-01,2026-09-11T14:38:02Z
SM-A057F,MID,A057FXXU7CYA5,2024-11-01,2026-09-11T14:38:05Z
SM-A057F,TUR,A057FXXU7CYA5,2024-11-01,2026-09-11T14:38:11Z
SM-A057F,XSG,A057FXXU7CYA5,2024-11-01,2026-09-11T14:38:14Z
SM-A057F,INS,A057FXXU7CYA6,2025-01-01,2026-09-11T14:38:20Z
SM-A057F,XSA,A057FXXU7CYA6,2025-01-01,2026-09-11T14:38:32Z
SM-A057F,INS,A057FXXU8CYC5,2025-02-01,2026-09-11T14:38:20Z
SM-A057F,XSA,A057FXXU8CYC5,2025-02-01,2026-09-11T14:38:32Z
SM-A057F,AFG,A057FXXU8CYC6,2025-02-01,2026-09-11T14:38:17Z
SM-A057F,EGY,A057FXXU8CYC6,2025-02-01,2026-09-11T14:38:08Z
SM-A057F,ILO,A057FXXU8CYC6,2025-02-01,2026-09-11T14:38:02Z
SM-A057F,MID,A057FXXU8CYC6,2025-02-01,2026-09-11T14:38:05Z
SM-A057F,TUR,A057FXXU8CYC6,2025-02-01,2026-09-11T14:38:11Z
SM-A057F,XSG,A057FXXU8CYC6,2025-02-01,2026-09-11T14:38:14Z
SM-A057F,AFG,A057FXXU9DYE5,2025-05-01,2026-09-11T14:38:17Z
SM-A057F,EGY,A057FXXU9DYE5,2025-05-01,2026-09-11T14:38:08Z
SM-A057F,ILO,A057FXXU9DYE5,2025-05-01,2026-09-11T14:38:02Z
SM-A057F,INS,A057FXXU9DYE5,2025-05-01,2026-09-11T14:38:20Z
SM-A057F,MID,A057FXXU9DYE5,2025-05-01,2026-09-11T14:38:05Z
SM-A057F,TUR,A057FXXU9DYE5,2025-05-01,2026-09-11T14:38:11Z
SM-A057F,XSA,A057FXXU9DYE5,2025-05-01,2026-09-11T14:38:32Z
SM-A057F,XSG,A057FXXU9DYE5,2025-05-01,2026-09-11T14:38:14Z
SM-A057F,AFG,A057FXXUCDZB1,2026-01-01,2026-09-11T14:38:17Z
SM-A057F,EGY,A057FXXUCDZB1,2026-01-01,2026-09-11T14:38:08Z
SM-A057F,ILO,A057FXXUCDZB1,2026-01-01,2026-09-11T14:38:02Z
SM-A057F,INS,A057FXXUCDZB1,2026-01-01,2026-09-11T14:38:20Z
SM-A057F,MID,A057FXXUCDZB1,2026-01-01,2026-09-11T14:38:05Z
SM-A057F,TUR,A057FXXUCDZB1,2026-01-01,2026-09-11T14:38:11Z
SM-A057F,XSA,A057FXXUCDZB1,2026-01-01,2026-09-11T14:38:32Z
SM-A057F,XSG,A057FXXUCDZB1,2026-01-01,2026-09-11T14:38:14Z
SM-A057F,AFG,A057FXXUFDZH2,2026-08-05,2026-09-11T14:38:17Z
SM-A057F,EGY,A057FXXUFDZH2,2026-08-05,2026-09-11T14:38:08Z
SM-A057F,ILO,A057FXXUFDZH2,2026-08-05,2026-09-11T14:38:02Z
SM-A057F,INS,A057FXXUFDZH2,2026-08-05,2026-09-11T14:38:20Z
SM-A057F,MID,A057FXXUFDZH2,2026-08-05,2026-09-11T14:38:05Z
SM-A057F,TUR,A057FXXUFDZH2,2026-08-05,2026-09-11T14:38:11Z
SM-A057F,XSA,A057FXXUFDZH2,2026-08-05,2026-09-11T14:38:32Z
SM-A057F,XSG,A057FXXUFDZH2,2026-08-05,2026-09-11T14:38:14Z
SM-A065F,AFG,A065FXXS2AXJ2,2024-10-01,2026-09-11T14:38:52Z
SM-A065F,EGY,A065FXXS2AXJ2,2024-10-01,2026-09-11T14:38:44Z
SM-A065F,ILO,A065FXXS2AXJ2,2024-10-01,2026-09-11T14:38:38Z
SM-A065F,INS,A065FXXS2AXJ2,2024-10-01,2026-09-11T14:38:55Z
SM-A065F,MID,A065FXXS2AXJ2,2024-10-01,2026-09-11T14:38:41Z
SM-A065F,SEE,A065FXXS2AXJ2,2024-10-01,2026-09-11T14:39:04Z
SM-A065F,TUR,A065FXXS2AXJ2,2024-10-01,2026-09-11T14:38:47Z
SM-A065F,XSG,A065FXXS2AXJ2,2024-10-01,2026-09-11T14:38:49Z
SM-A065F,AFG,A065FXXS3AYB1,2025-02-01,2026-09-11T14:38:52Z
SM-A065F,EGY,A065FXXS3AYB1,2025-02-01,2026-09-11T14:38:44Z
SM-A065F,ILO,A065FXXS3AYB1,2025-02-01,2026-09-11T14:38:38Z
SM-A065F,INS,A065FXXS3AYB1,2025-02-01,2026-09-11T14:38:55Z
SM-A065F,MID,A065FXXS3AYB1,2025-02-01,2026-09-11T14:38:41Z
SM-A065F,SEE,A065FXXS3AYB1,2025-02-01,2026-09-11T14:39:04Z
SM-A065F,TUR,A065FXXS3AYB1,2025-02-01,2026-09-11T14:38:47Z
SM-A065F,XSG,A065FXXS3AYB1,2025-02-01,2026-09-11T14:38:49Z
SM-A065F,AFG,A065FXXS4AYE2,2025-04-01,2026-09-11T14:38:52Z
SM-A065F,EGY,A065FXXS4AYE2,2025-04-01,2026-09-11T14:38:44Z
SM-A065F,ILO,A065FXXS4AYE2,2025-04-01,2026-09-11T14:38:38Z
SM-A065F,INS,A065FXXS4AYE2,2025-04-01,2026-09-11T14:38:55Z
SM-A065F,MID,A065FXXS4AYE2,2025-04-01,2026-09-11T14:38:41Z
SM-A065F,SEE,A065FXXS4AYE2,2025-04-01,2026-09-11T14:39:04Z
SM-A065F,TUR,A065FXXS4AYE2,2025-04-01,2026-09-11T14:38:47Z
SM-A065F,XSG,A065FXXS4AYE2,2025-04-01,2026-09-11T14:38:49Z
SM-A065F,AFG,A065FXXS4BYG5,2025-05-01,2026-09-11T14:38:52Z
SM-A065F,EGY,A065FXXS4BYG5,2025-05-01,2026-09-11T14:38:44Z
SM-A065F,ILO,A065FXXS4BYG5,2025-05-01,2026-09-11T14:38:38Z
SM-A065F,INS,A065FXXS4BYG5,2025-05-01,2026-09-11T14:38:55Z
SM-A065F,MID,A065FXXS4BYG5,2025-05-01,2026-09-11T14:38:41Z
SM-A065F,SEE,A065FXXS4BYG5,2025-05-01,2026-09-11T14:39:04Z
SM-A065F,TUR,A065FXXS4BYG5,2025-05-01,2026-09-11T14:38:47Z
SM-A065F,XSG,A065FXXS4BYG5,2025-05-01,2026-09-11T14:38:49Z
SM-A065F,AFG,A065FXXS5BYG6,2025-07-01,2026-09-11T14:38:52Z
SM-A065F,EGY,A065FXXS5BYG6,2025-07-01,2026-09-11T14:38:44Z
SM-A065F,ILO,A065FXXS5BYG6,2025-07-01,2026-09-11T14:38:38Z
SM-A065F,INS,A065FXXS5BYG6,2025-07-01,2026-09-11T14:38:55Z
SM-A065F,MID,A065FXXS5BYG6,2025-07-01,2026-09-11T14:38:41Z
SM-A065F,SEE,A065FXXS5BYG6,2025-07-01,2026-09-11T14:39:04Z
SM-A065F,TUR,A065FXXS5BYG6,2025-07-01,2026-09-11T14:38:47Z
SM-A065F,XSG,A065FXXS5BYG6,2025-07-01,2026-09-11T14:38:49Z
SM-A065F,AFG,A065FXXS6BYI1,2025-09-01,2026-09-11T14:38:52Z
SM-A065F,EGY,A065FXXS6BYI1,2025-09-01,2026-09-11T14:38:44Z
SM-A065F,ILO,A065FXXS6BYI1,2025-09-01,2026-09-11T14:38:38Z
SM-A065F,INS,A065FXXS6BYI1,2025-09-01,2026-09-11T14:38:55Z
SM-A065F,MID,A065FXXS6BYI1,2025-09-01,2026-09-11T14:38:41Z
SM-A065F,SEE,A065FXXS6BYI1,2025-09-01,2026-09-11T14:39:04Z
SM-A065F,TUR,A065FXXS6BYI1,2025-09-01,2026-09-11T14:38:47Z
SM-A065F,XSG,A065FXXS6BYI1,2025-09-01,2026-09-11T14:38:49Z
SM-A065F,AFG,A065FXXS7BYJ1,2025-09-01,2026-09-11T14:38:52Z
SM-A065F,EGY,A065FXXS7BYJ1,2025-09-01,2026-09-11T14:38:44Z
SM-A065F,ILO,A065FXXS7BYJ1,2025-09-01,2026-09-11T14:38:38Z
SM-A065F,INS,A065FXXS7BYJ1,2025-09-01,2026-09-11T14:38:55Z
SM-A065F,MID,A065FXXS7BYJ1,2025-09-01,2026-09-11T14:38:41Z
SM-A065F,SEE,A065FXXS7BYJ1,2025-09-01,2026-09-11T14:39:04Z
SM-A065F,TUR,A065FXXS7BYJ1,2025-09-01,2026-09-11T14:38:47Z
SM-A065F,XSG,A065FXXS7BYJ1,2025-09-01,2026-09-11T14:38:49Z
SM-A065F,AFG,A065FXXS8CYK2,2025-12-01,2026-09-11T14:38:52Z
SM-A065F,EGY,A065FXXS8CYK2,2025-12-01,2026-09-11T14:38:44Z
SM-A065F,ILO,A065FXXS8CYK2,2025-12-01,2026-09-11T14:38:38Z
SM-A065F,INS,A065FXXS8CYK2,2025-12-01,2026-09-11T14:38:55Z
SM-A065F,MID,A065FXXS8CYK2,2025-12-01,2026-09-11T14:38:41Z
SM-A065F,SEE,A065FXXS8CYK2,2025-12-01,2026-09-11T14:39:04Z
SM-A065F,TUR,A065FXXS8CYK2,2025-12-01,2026-09-11T14:38:47Z
SM-A065F,XSG,A065FXXS8CYK2,2025-12-01,2026-09-11T14:38:49Z
SM-A065F,AFG,A065FXXS9CZA1,2026-01-01,2026-09-11T14:38:52Z
SM-A065F,EGY,A065FXXS9CZA1,2026-01-01,2026-09-11T14:38:44Z
SM-A065F,ILO,A065FXXS9CZA1,2026-01-01,2026-09-11T14:38:38Z
SM-A065F,INS,A065FXXS9CZA1,2026-01-01,2026-09-11T14:38:55Z
SM-A065F,MID,A065FXXS9CZA1,2026-01-01,2026-09-11T14:38:41Z
SM-A065F,SEE,A065FXXS9CZA1,2026-01-01,2026-09-11T14:39:04Z
SM-A065F,TUR,A065FXXS9CZA1,2026-01-01,2026-09-11T14:38:47Z
SM-A065F,XSG,A065FXXS9CZA1,2026-01-01,2026-09-11T14:38:49Z
SM-A065F,AFG,A065FXXSACZB8,2026-02-05,2026-09-11T14:38:52Z
SM-A065F,EGY,A065FXXSACZB8,2026-02-05,2026-09-11T14:38:44Z
SM-A065F,ILO,A065FXXSACZB8,2026-02-05,2026-09-11T14:38:38Z
SM-A065F,INS,A065FXXSACZB8,2026-02-05,2026-09-11T14:38:55Z
SM-A065F,MID,A065FXXSACZB8,2026-02-05,2026-09-11T14:38:41Z
SM-A065F,SEE,A065FXXSACZB8,2026-02-05,2026-09-11T14:39:04Z
SM-A065F,TUR,A065FXXSACZB8,2026-02-05,2026-09-11T14:38:47Z
SM-A065F,XSG,A065FXXSACZB8,2026-02-05,2026-09-11T14:38:49Z
SM-A065F,AFG,A065FXXSBCZC9,2026-03-05,2026-09-11T14:38:52Z
SM-A065F,EGY,A065FXXSBCZC9,2026-03-05,2026-09-11T14:38:44Z
SM-A065F,ILO,A065FXXSBCZC9,2026-03-05,2026-09-11T14:38:38Z
SM-A065F,INS,A065FXXSBCZC9,2026-03-05,2026-09-11T14:38:55Z
SM-A065F,MID,A065FXXSBCZC9,2026-03-05,2026-09-11T14:38:41Z
SM-A065F,SEE,A065FXXSBCZC9,2026-03-05,2026-09-11T14:39:04Z
SM-A065F,TUR,A065FXXSBCZC9,2026-03-05,2026-09-11T14:38:47Z
SM-A065F,XSG,A065FXXSBCZC9,2026-03-05,2026-09-11T14:38:49Z
SM-A065F,AFG,A065FXXSCCZF1,2026-05-05,2026-09-11T14:38:52Z
SM-A065F,EGY,A065FXXSCCZF1,2026-05-05,2026-09-11T14:38:44Z
SM-A065F,ILO,A065FXXSCCZF1,2026-05-05,2026-09-11T14:38:38Z
SM-A065F,INS,A065FXXSCCZF1,2026-05-05,2026-09-11T14:38:55Z
SM-A065F,MID,A065FXXSCCZF1,2026-05-05,2026-09-11T14:38:41Z
SM-A065F,SEE,A065FXXSCCZF1,2026-05-05,2026-09-11T14:39:04Z
SM-A065F,TUR,A065FXXSCCZF1,2026-05-05,2026-09-11T14:38:47Z
SM-A065F,XSG,A065FXXSCCZF1,2026-05-05,2026-09-11T14:38:49Z
SM-A065F,AFG,A065FXXSDCZG2,2026-07-05,2026-09-11T14:38:52Z
SM-A065F,EGY,A065FXXSDCZG2,2026-07-05,2026-09-11T14:38:44Z
SM-A065F,ILO,A065FXXSDCZG2,2026-07-05,2026-09-11T14:38:38Z
SM-A065F,INS,A065FXXSDCZG2,2026-07-05,2026-09-11T14:38:55Z
SM-A065F,MID,A065FXXSDCZG2,2026-07-05,2026-09-11T14:38:41Z
SM-A065F,SEE,A065FXXSDCZG2,2026-07-05,2026-09-11T14:39:04Z
SM-A065F,TUR,A065FXXSDCZG2,2026-07-05,2026-09-11T14:38:47Z
SM-A065F,XSG,A065FXXSDCZG2,2026-07-05,2026-09-11T14:38:49Z
SM-A065F,AFG,A065FXXU2AXJ5,2024-10-01,2026-09-11T14:38:52Z
SM-A065F,EGY,A065FXXU2AXJ5,2024-10-01,2026-09-11T14:38:44Z
SM-A065F,MID,A065FXXU2AXJ5,2024-10-01,2026-09-11T14:38:41Z
SM-A065F,XSG,A065FXXU2AXJ5,2024-10-01,2026-09-11T14:38:49Z
SM-A065F,AFG,A065FXXU3AYA2,2024-11-01,2026-09-11T14:38:52Z
SM-A065F,EGY,A065FXXU3AYA2,2024-11-01,2026-09-11T14:38:44Z
SM-A065F,ILO,A065FXXU3AYA2,2024-11-01,2026-09-11T14:38:38Z
SM-A065F,INS,A065FXXU3AYA2,2024-11-01,2026-09-11T14:38:55Z
SM-A065F,MID,A065FXXU3AYA2,2024-11-01,2026-09-11T14:38:41Z
SM-A065F,SEE,A065FXXU3AYA2,2024-11-01,2026-09-11T14:39:04Z
SM-A065F,TUR,A065FXXU3AYA2,2024-11-01,2026-09-11T14:38:47Z
SM-A065F,XSG,A065FXXU3AYA2,2024-11-01,2026-09-11T14:38:49Z
SM-A065F,AFG,A065FXXU7CYJ8,2025-09-01,2026-09-11T14:38:52Z
SM-A065F,EGY,A065FXXU7CYJ8,2025-09-01,2026-09-11T14:38:44Z
SM-A065F,ILO,A065FXXU7CYJ8,2025-09-01,2026-09-11T14:38:38Z
SM-A065F,INS,A065FXXU7CYJ8,2025-09-01,2026-09-11T14:38:55Z
SM-A065F,MID,A065FXXU7CYJ8,2025-09-01,2026-09-11T14:38:41Z
SM-A065F,SEE,A065FXXU7CYJ8,2025-09-01,2026-09-11T14:39:04Z
SM-A065F,TUR,A065FXXU7CYJ8,2025-09-01,2026-09-11T14:38:47Z
SM-A065F,XSG,A065FXXU7CYJ8,2025-09-01,2026-09-11T14:38:49Z
SM-A065F,AFG,A065FXXUBCZD2,2026-03-05,2026-09-11T14:38:52Z
SM-A065F,EGY,A065FXXUBCZD2,2026-03-05,2026-09-11T14:38:44Z
SM-A065F,ILO,A065FXXUBCZD2,2026-03-05,2026-09-11T14:38:38Z
SM-A065F,INS,A065FXXUBCZD2,2026-03-05,2026-09-11T14:38:55Z
SM-A065F,MID,A065FXXUBCZD2,2026-03-05,2026-09-11T14:38:41Z
SM-A065F,SEE,A065FXXUBCZD2,2026-03-05,2026-09-11T14:39:04Z
SM-A065F,TUR,A065FXXUBCZD2,2026-03-05,2026-09-11T14:38:47Z
SM-A065F,XSG,A065FXXUBCZD2,2026-03-05,2026-09-11T14:38:49Z
SM-A066B,INS,A066BXXS2AYD2,2025-04-01,2026-09-11T14:39:35Z
SM-A066B,INS,A066BXXS3AYG1,2025-06-01,2026-09-11T14:39:35Z
SM-A066B,INS,A066BXXS3AYI2,2025-09-01,2026-09-11T14:39:35Z
SM-A066B,INS,A066BXXS3BYJ7,2025-11-01,2026-09-11T14:39:35Z
SM-A066B,INS,A066BXXS4BZA1,2026-01-01,2026-09-11T14:39:35Z
SM-A066B,INS,A066BXXS5BZB6,2026-02-05,2026-09-11T14:39:35Z
SM-A066B,INS,A066BXXS6BZE1,2026-05-05,2026-09-11T14:39:35Z
SM-A066B,INS,A066BXXS7CZF2,2026-06-05,2026-09-11T14:39:35Z
SM-A066B,INS,A066BXXU1AYB3,2025-01-01,2026-09-11T14:39:35Z
SM-A066B,INS,A066BXXU1AYC3,2025-01-01,2026-09-11T14:39:35Z
SM-A066B,INS,A066BXXU3BYI8,2025-09-01,2026-09-11T14:39:35Z
SM-A066B,INS,A066BXXU6CZE6,2026-05-05,2026-09-11T14:39:35Z
SM-A105F,AFG,A105FDDS3ATC1,2020-03-01,2026-09-11T14:40:10Z
SM-A105F,EGY,A105FDDS3ATC1,2020-03-01,2026-09-11T14:40:01Z
SM-A105F,ILO,A105FDDS3ATC1,2020-03-01,2026-09-11T14:39:55Z
SM-A105F,MID,A105FDDS3ATC1,2020-03-01,2026-09-11T14:39:58Z
SM-A105F,TUR,A105FDDS3ATC1,2020-03-01,2026-09-11T14:40:03Z
SM-A105F,XSG,A105FDDS3ATC1,2020-03-01,2026-09-11T14:40:06Z
SM-A105F,AFG,A105FDDS4BTI1,2020-09-01,2026-09-11T14:40:10Z
SM-A105F,EGY,A105FDDS4BTI1,2020-09-01,2026-09-11T14:40:01Z
SM-A105F,INS,A105FDDS4BTI1,2020-09-01,2026-09-11T14:40:13Z
SM-A105F,MID,A105FDDS4BTI1,2020-09-01,2026-09-11T14:39:58Z
SM-A105F,TUR,A105FDDS4BTI1,2020-09-01,2026-09-11T14:40:03Z
SM-A105F,XSG,A105FDDS4BTI1,2020-09-01,2026-09-11T14:40:06Z
SM-A105F,AFG,A105FDDS6BUB1,2021-02-01,2026-09-11T14:40:10Z
SM-A105F,EGY,A105FDDS6BUB1,2021-02-01,2026-09-11T14:40:01Z
SM-A105F,INS,A105FDDS6BUB1,2021-02-01,2026-09-11T14:40:13Z
SM-A105F,MID,A105FDDS6BUB1,2021-02-01,2026-09-11T14:39:58Z
SM-A105F,TUR,A105FDDS6BUB1,2021-02-01,2026-09-11T14:40:03Z
SM-A105F,XSG,A105FDDS6BUB1,2021-02-01,2026-09-11T14:40:06Z
SM-A105F,AFG,A105FDDS7CVA2,2022-01-01,2026-09-11T14:40:10Z
SM-A105F,EGY,A105FDDS7CVA2,2022-01-01,2026-09-11T14:40:01Z
SM-A105F,ILO,A105FDDS7CVA2,2022-01-01,2026-09-11T14:39:55Z
SM-A105F,INS,A105FDDS7CVA2,2022-01-01,2026-09-11T14:40:13Z
SM-A105F,MID,A105FDDS7CVA2,2022-01-01,2026-09-11T14:39:58Z
SM-A105F,TUR,A105FDDS7CVA2,2022-01-01,2026-09-11T14:40:03Z
SM-A105F,XSG,A105FDDS7CVA2,2022-01-01,2026-09-11T14:40:06Z
SM-A105F,INS,A105FDDS8CVG1,2022-07-01,2026-09-11T14:40:13Z
SM-A105F,EGY,A105FDDS9CWB3,2023-02-01,2026-09-11T14:40:01Z
SM-A105F,INS,A105FDDS9CWB3,2023-02-01,2026-09-11T14:40:13Z
SM-A105F,MID,A105FDDS9CWB3,2023-02-01,2026-09-11T14:39:58Z
SM-A105F,TUR,A105FDDS9CWB3,2023-02-01,2026-09-11T14:40:03Z
SM-A105F,EGY,A105FDDS9CWD1,2023-02-01,2026-09-11T14:40:01Z
SM-A105F,MID,A105FDDS9CWD1,2023-02-01,2026-09-11T14:39:58Z
SM-A105F,TUR,A105FDDS9CWD1,2023-02-01,2026-09-11T14:40:03Z
SM-A105F,AFG,A105FDDS9CWD2,2023-02-01,2026-09-11T14:40:10Z
SM-A105F,ILO,A105FDDS9CWD2,2023-02-01,2026-09-11T14:39:55Z
SM-A105F,XSG,A105FDDS9CWD2,2023-02-01,2026-09-11T14:40:06Z
SM-A105F,INS,A105FDDU1ASC8,2019-02-01,2026-09-11T14:40:13Z
SM-A105F,INS,A105FDDU1ASCE,2019-02-01,2026-09-11T14:40:13Z
SM-A105F,AFG,A105FDDU1ASD2,2019-02-01,2026-09-11T14:40:10Z
SM-A105F,EGY,A105FDDU1ASD2,2019-02-01,2026-09-11T14:40:01Z
SM-A105F,ILO,A105FDDU1ASD2,2019-02-01,2026-09-11T14:39:55Z
SM-A105F,MID,A105FDDU1ASD2,2019-02-01,2026-09-11T14:39:58Z
SM-A105F,TUR,A105FDDU1ASD2,2019-02-01,2026-09-11T14:40:03Z
SM-A105F,XSG,A105FDDU1ASD2,2019-02-01,2026-09-11T14:40:06Z
SM-A105F,AFG,A105FDDU1ASD4,2019-02-01,2026-09-11T14:40:10Z
SM-A105F,ILO,A105FDDU1ASD4,2019-02-01,2026-09-11T14:39:55Z
SM-A105F,MID,A105FDDU1ASD4,2019-02-01,2026-09-11T14:39:58Z
SM-A105F,TUR,A105FDDU1ASD4,2019-02-01,2026-09-11T14:40:03Z
SM-A105F,INS,A105FDDU1ASD5,2019-02-01,2026-09-11T14:40:13Z
SM-A105F,INS,A105FDDU1ASE2,2019-04-01,2026-09-11T14:40:13Z
SM-A105F,XSG,A105FDDU1ASE2,2019-04-01,2026-09-11T14:40:06Z
SM-A105F,AFG,A105FDDU2ASF2,2019-06-01,2026-09-11T14:40:10Z
SM-A105F,EGY,A105FDDU2ASF2,2019-06-01,2026-09-11T14:40:01Z
SM-A105F,ILO,A105FDDU2ASF2,2019-06-01,2026-09-11T14:39:55Z
SM-A105F,INS,A105FDDU2ASF2,2019-06-01,2026-09-11T14:40:13Z
SM-A105F,MID,A105FDDU2ASF2,2019-06-01,2026-09-11T14:39:58Z
SM-A105F,TUR,A105FDDU2ASF2,2019-06-01,2026-09-11T14:40:03Z
SM-A105F,XSG,A105FDDU2ASF2,2019-06-01,2026-09-11T14:40:06Z
SM-A105F,INS,A105FDDU2ASF6,2019-06-01,2026-09-11T14:40:13Z
SM-A105F,AFG,A105FDDU3ASG2,2019-06-01,2026-09-11T14:40:10Z
SM-A105F,EGY,A105FDDU3ASG2,2019-06-01,2026-09-11T14:40:01Z
SM-A105F,ILO,A105FDDU3ASG2,2019-06-01,2026-09-11T14:39:55Z
SM-A105F,INS,A105FDDU3ASG2,2019-06-01,2026-09-11T14:40:13Z
SM-A105F,MID,A105FDDU3ASG2,2019-06-01,2026-09-11T14:39:58Z
SM-A105F,TUR,A105FDDU3ASG2,2019-06-01,2026-09-11T14:40:03Z
SM-A105F,XSG,A105FDDU3ASG2,2019-06-01,2026-09-11T14:40:06Z
SM-A105F,INS,A105FDDU3ASG7,2019-06-01,2026-09-11T14:40:13Z
SM-A105F,INS,A105FDDU3ASH1,2019-06-01,2026-09-11T14:40:13Z
SM-A105F,EGY,A105FDDU3ASI6,2019-09-01,2026-09-11T14:40:01Z
SM-A105F,INS,A105FDDU3ASI6,2019-09-01,2026-09-11T14:40:13Z
SM-A105F,MID,A105FDDU3ASI6,2019-09-01,2026-09-11T14:39:58Z
SM-A105F,XSG,A105FDDU3ASI6,2019-09-01,2026-09-11T14:40:06Z
SM-A105F,AFG,A105FDDU3ASJ1,2019-09-01,2026-09-11T14:40:10Z
SM-A105F,EGY,A105FDDU3ASJ1,2019-09-01,2026-09-11T14:40:01Z
SM-A105F,ILO,A105FDDU3ASJ1,2019-09-01,2026-09-11T14:39:55Z
SM-A105F,MID,A105FDDU3ASJ1,2019-09-01,2026-09-11T14:39:58Z
SM-A105F,TUR,A105FDDU3ASJ1,2019-09-01,2026-09-11T14:40:03Z
SM-A105F,XSG,A105FDDU3ASJ1,2019-09-01,2026-09-11T14:40:06Z
SM-A105F,INS,A105FDDU3ASJ5,2019-09-01,2026-09-11T14:40:13Z
SM-A105F,INS,A105FDDU3ASK1,2019-11-01,2026-09-11T14:40:13Z
SM-A105F,AFG,A105FDDU3ASL2,2019-12-01,2026-09-11T14:40:10Z
SM-A105F,EGY,A105FDDU3ASL2,2019-12-01,2026-09-11T14:40:01Z
SM-A105F,ILO,A105FDDU3ASL2,2019-12-01,2026-09-11T14:39:55Z
SM-A105F,INS,A105FDDU3ASL2,2019-12-01,2026-09-11T14:40:13Z
SM-A105F,MID,A105FDDU3ASL2,2019-12-01,2026-09-11T14:39:58Z
SM-A105F,TUR,A105FDDU3ASL2,2019-12-01,2026-09-11T14:40:03Z
SM-A105F,XSG,A105FDDU3ASL2,2019-12-01,2026-09-11T14:40:06Z
SM-A105F,AFG,A105FDDU3BTCA,2020-03-01,2026-09-11T14:40:10Z
SM-A105F,EGY,A105FDDU3BTCA,2020-03-01,2026-09-11T14:40:01Z
SM-A105F,ILO,A105FDDU3BTCA,2020-03-01,2026-09-11T14:39:55Z
SM-A105F,INS,A105FDDU3BTCA,2020-03-01,2026-09-11T14:40:13Z
SM-A105F,MID,A105FDDU3BTCA,2020-03-01,2026-09-11T14:39:58Z
SM-A105F,XSG,A105FDDU3BTCA,2020-03-01,2026-09-11T14:40:06Z
SM-A105F,AFG,A105FDDU3BTF1,2020-06-01,2026-09-11T14:40:10Z
SM-A105F,EGY,A105FDDU3BTF1,2020-06-01,2026-09-11T14:40:01Z
SM-A105F,ILO,A105FDDU3BTF1,2020-06-01,2026-09-11T14:39:55Z
SM-A105F,INS,A105FDDU3BTF1,2020-06-01,2026-09-11T14:40:13Z
SM-A105F,MID,A105FDDU3BTF1,2020-06-01,2026-09-11T14:39:58Z
SM-A105F,TUR,A105FDDU3BTF1,2020-06-01,2026-09-11T14:40:03Z
SM-A105F,XSG,A105FDDU3BTF1,2020-06-01,2026-09-11T14:40:06Z
SM-A105F,AFG,A105FDDU4BTH5,2020-08-01,2026-09-11T14:40:10Z
SM-A105F,EGY,A105FDDU4BTH5,2020-08-01,2026-09-11T14:40:01Z
SM-A105F,ILO,A105FDDU4BTH5,2020-08-01,2026-09-11T14:39:55Z
SM-A105F,INS,A105FDDU4BTH5,2020-08-01,2026-09-11T14:40:13Z
SM-A105F,MID,A105FDDU4BTH5,2020-08-01,2026-09-11T14:39:58Z
SM-A105F,TUR,A105FDDU4BTH5,2020-08-01,2026-09-11T14:40:03Z
SM-A105F,XSG,A105FDDU4BTH5,2020-08-01,2026-09-11T14:40:06Z
SM-A105F,AFG,A105FDDU5BTK1,2020-11-01,2026-09-11T14:40:10Z
SM-A105F,EGY,A105FDDU5BTK1,2020-11-01,2026-09-11T14:40:01Z
SM-A105F,ILO,A105FDDU5BTK1,2020-11-01,2026-09-11T14:39:55Z
SM-A105F,INS,A105FDDU5BTK1,2020-11-01,2026-09-11T14:40:13Z
SM-A105F,MID,A105FDDU5BTK1,2020-11-01,2026-09-11T14:39:58Z
SM-A105F,TUR,A105FDDU5BTK1,2020-11-01,2026-09-11T14:40:03Z
SM-A105F,XSG,A105FDDU5BTK1,2020-11-01,2026-09-11T14:40:06Z
SM-A105F,AFG,A105FDDU6BUD2,2021-04-01,2026-09-11T14:40:10Z
SM-A105F,EGY,A105FDDU6BUD2,2021-04-01,2026-09-11T14:40:01Z
SM-A105F,ILO,A105FDDU6BUD2,2021-04-01,2026-09-11T14:39:55Z
SM-A105F,INS,A105FDDU6BUD2,2021-04-01,2026-09-11T14:40:13Z
SM-A105F,MID,A105FDDU6BUD2,2021-04-01,2026-09-11T14:39:58Z
SM-A105F,TUR,A105FDDU6BUD2,2021-04-01,2026-09-11T14:40:03Z
SM-A105F,XSG,A105FDDU6BUD2,2021-04-01,2026-09-11T14:40:06Z
SM-A105F,AFG,A105FDDU6CUH2,2021-06-01,2026-09-11T14:40:10Z
SM-A105F,EGY,A105FDDU6CUH2,2021-06-01,2026-09-11T14:40:01Z
SM-A105F,ILO,A105FDDU6CUH2,2021-06-01,2026-09-11T14:39:55Z
SM-A105F,INS,A105FDDU6CUH2,2021-06-01,2026-09-11T14:40:13Z
SM-A105F,MID,A105FDDU6CUH2,2021-06-01,2026-09-11T14:39:58Z
SM-A105F,TUR,A105FDDU6CUH2,2021-06-01,2026-09-11T14:40:03Z
SM-A105F,XSG,A105FDDU6CUH2,2021-06-01,2026-09-11T14:40:06Z
SM-A105F,EGY,A105FDDU8CVH4,2022-07-01,2026-09-11T14:40:01Z
SM-A105F,INS,A105FDDU8CVH4,2022-07-01,2026-09-11T14:40:13Z
SM-A105F,MID,A105FDDU8CVH4,2022-07-01,2026-09-11T14:39:58Z
SM-A105F,TUR,A105FDDU8CVH4,2022-07-01,2026-09-11T14:40:03Z
SM-A115F,AFG,A115FXXS1ATJ2,2020-10-01,2026-09-11T14:40:48Z
SM-A115F,EGY,A115FXXS1ATJ2,2020-10-01,2026-09-11T14:40:39Z
SM-A115F,MID,A115FXXS1ATJ2,2020-10-01,2026-09-11T14:40:36Z
SM-A115F,AFG,A115FXXS2BVA1,2022-01-01,2026-09-11T14:40:48Z
SM-A115F,EGY,A115FXXS2BVA1,2022-01-01,2026-09-11T14:40:39Z
SM-A115F,ILO,A115FXXS2BVA1,2022-01-01,2026-09-11T14:40:33Z
SM-A115F,TUR,A115FXXS2BVA1,2022-01-01,2026-09-11T14:40:42Z
SM-A115F,XSA,A115FXXS2BVA1,2022-01-01,2026-09-11T14:41:04Z
SM-A115F,XSG,A115FXXS2BVA1,2022-01-01,2026-09-11T14:40:45Z
SM-A115F,MID,A115FXXS2BVA2,2022-01-01,2026-09-11T14:40:36Z
SM-A115F,AFG,A115FXXS2BVD2,2022-04-01,2026-09-11T14:40:48Z
SM-A115F,EGY,A115FXXS2BVD2,2022-04-01,2026-09-11T14:40:39Z
SM-A115F,ILO,A115FXXS2BVD2,2022-04-01,2026-09-11T14:40:33Z
SM-A115F,TUR,A115FXXS2BVD2,2022-04-01,2026-09-11T14:40:42Z
SM-A115F,XSA,A115FXXS2BVD2,2022-04-01,2026-09-11T14:41:04Z
SM-A115F,XSG,A115FXXS2BVD2,2022-04-01,2026-09-11T14:40:45Z
SM-A115F,MID,A115FXXS2BVD3,2022-04-01,2026-09-11T14:40:36Z
SM-A115F,AFG,A115FXXS3BVH1,2022-08-01,2026-09-11T14:40:48Z
SM-A115F,EGY,A115FXXS3BVH1,2022-08-01,2026-09-11T14:40:39Z
SM-A115F,ILO,A115FXXS3BVH1,2022-08-01,2026-09-11T14:40:33Z
SM-A115F,TUR,A115FXXS3BVH1,2022-08-01,2026-09-11T14:40:42Z
SM-A115F,XSA,A115FXXS3BVH1,2022-08-01,2026-09-11T14:41:04Z
SM-A115F,XSG,A115FXXS3BVH1,2022-08-01,2026-09-11T14:40:45Z
SM-A115F,MID,A115FXXS3BVH2,2022-08-01,2026-09-11T14:40:36Z
SM-A115F,AFG,A115FXXS4CWA2,2023-01-01,2026-09-11T14:40:48Z
SM-A115F,EGY,A115FXXS4CWA2,2023-01-01,2026-09-11T14:40:39Z
SM-A115F,ILO,A115FXXS4CWA2,2023-01-01,2026-09-11T14:40:33Z
SM-A115F,MID,A115FXXS4CWA2,2023-01-01,2026-09-11T14:40:36Z
SM-A115F,TUR,A115FXXS4CWA2,2023-01-01,2026-09-11T14:40:42Z
SM-A115F,XSA,A115FXXS4CWA2,2023-01-01,2026-09-11T14:41:04Z
SM-A115F,XSG,A115FXXS4CWA2,2023-01-01,2026-09-11T14:40:45Z
SM-A115F,AFG,A115FXXS6CWK2,2023-11-01,2026-09-11T14:40:48Z
SM-A115F,EGY,A115FXXS6CWK2,2023-11-01,2026-09-11T14:40:39Z
SM-A115F,ILO,A115FXXS6CWK2,2023-11-01,2026-09-11T14:40:33Z
SM-A115F,MID,A115FXXS6CWK2,2023-11-01,2026-09-11T14:40:36Z
SM-A115F,TUR,A115FXXS6CWK2,2023-11-01,2026-09-11T14:40:42Z
SM-A115F,XSA,A115FXXS6CWK2,2023-11-01,2026-09-11T14:41:04Z
SM-A115F,XSG,A115FXXS6CWK2,2023-11-01,2026-09-11T14:40:45Z
SM-A115F,EGY,A115FXXU1ATC5,2020-03-01,2026-09-11T14:40:39Z
SM-A115F,MID,A115FXXU1ATC5,2020-03-01,2026-09-11T14:40:36Z
SM-A115F,AFG,A115FXXU1ATE3,2020-05-01,2026-09-11T14:40:48Z
SM-A115F,ILO,A115FXXU1ATE3,2020-05-01,2026-09-11T14:40:33Z
SM-A115F,TUR,A115FXXU1ATE3,2020-05-01,2026-09-11T14:40:42Z
SM-A115F,XSA,A115FXXU1ATE3,2020-05-01,2026-09-11T14:41:04Z
SM-A115F,XSG,A115FXXU1ATE3,2020-05-01,2026-09-11T14:40:45Z
SM-A115F,AFG,A115FXXU1ATF2,2020-05-01,2026-09-11T14:40:48Z
SM-A115F,EGY,A115FXXU1ATF2,2020-05-01,2026-09-11T14:40:39Z
SM-A115F,MID,A115FXXU1ATF2,2020-05-01,2026-09-11T14:40:36Z
SM-A115F,TUR,A115FXXU1ATF2,2020-05-01,2026-09-11T14:40:42Z
SM-A115F,XSG,A115FXXU1ATF2,2020-05-01,2026-09-11T14:40:45Z
SM-A115F,AFG,A115FXXU1ATG1,2020-07-01,2026-09-11T14:40:48Z
SM-A115F,EGY,A115FXXU1ATG1,2020-07-01,2026-09-11T14:40:39Z
SM-A115F,ILO,A115FXXU1ATG1,2020-07-01,2026-09-11T14:40:33Z
SM-A115F,MID,A115FXXU1ATG1,2020-07-01,2026-09-11T14:40:36Z
SM-A115F,TUR,A115FXXU1ATG1,2020-07-01,2026-09-11T14:40:42Z
SM-A115F,XSA,A115FXXU1ATG1,2020-07-01,2026-09-11T14:41:04Z
SM-A115F,XSG,A115FXXU1ATG1,2020-07-01,2026-09-11T14:40:45Z
SM-A115F,XSA,A115FXXU1ATG3,2020-07-01,2026-09-11T14:41:04Z
SM-A115F,EGY,A115FXXU1ATJ3,2020-10-01,2026-09-11T14:40:39Z
SM-A115F,ILO,A115FXXU1ATJ3,2020-10-01,2026-09-11T14:40:33Z
SM-A115F,MID,A115FXXU1ATJ3,2020-10-01,2026-09-11T14:40:36Z
SM-A115F,TUR,A115FXXU1ATJ3,2020-10-01,2026-09-11T14:40:42Z
SM-A115F,XSA,A115FXXU1ATJ3,2020-10-01,2026-09-11T14:41:04Z
SM-A115F,XSG,A115FXXU1ATK2,2020-10-01,2026-09-11T14:40:45Z
SM-A115F,AFG,A115FXXU1ATL1,2020-12-01,2026-09-11T14:40:48Z
SM-A115F,EGY,A115FXXU1ATL1,2020-12-01,2026-09-11T14:40:39Z
SM-A115F,ILO,A115FXXU1ATL1,2020-12-01,2026-09-11T14:40:33Z
SM-A115F,MID,A115FXXU1ATL1,2020-12-01,2026-09-11T14:40:36Z
SM-A115F,TUR,A115FXXU1ATL1,2020-12-01,2026-09-11T14:40:42Z
SM-A115F,XSA,A115FXXU1ATL1,2020-12-01,2026-09-11T14:41:04Z
SM-A115F,XSG,A115FXXU1ATL1,2020-12-01,2026-09-11T14:40:45Z
SM-A115F,AFG,A115FXXU2AUA3,2021-02-01,2026-09-11T14:40:48Z
SM-A115F,EGY,A115FXXU2AUA3,2021-02-01,2026-09-11T14:40:39Z
SM-A115F,ILO,A115FXXU2AUA3,2021-02-01,2026-09-11T14:40:33Z
SM-A115F,MID,A115FXXU2AUA3,2021-02-01,2026-09-11T14:40:36Z
SM-A115F,TUR,A115FXXU2AUA3,2021-02-01,2026-09-11T14:40:42Z
SM-A115F,XSA,A115FXXU2AUA3,2021-02-01,2026-09-11T14:41:04Z
SM-A115F,XSG,A115FXXU2AUA3,2021-02-01,2026-09-11T14:40:45Z
SM-A115F,AFG,A115FXXU2BUE1,2021-04-01,2026-09-11T14:40:48Z
SM-A115F,EGY,A115FXXU2BUE1,2021-04-01,2026-09-11T14:40:39Z
SM-A115F,ILO,A115FXXU2BUE1,2021-04-01,2026-09-11T14:40:33Z
SM-A115F,MID,A115FXXU2BUE1,2021-04-01,2026-09-11T14:40:36Z
SM-A115F,TUR,A115FXXU2BUE1,2021-04-01,2026-09-11T14:40:42Z
SM-A115F,XSG,A115FXXU2BUE1,2021-04-01,2026-09-11T14:40:45Z
SM-A115F,XSA,A115FXXU2BUE5,2021-04-01,2026-09-11T14:41:04Z
SM-A115F,AFG,A115FXXU2BUF2,2021-07-01,2026-09-11T14:40:48Z
SM-A115F,EGY,A115FXXU2BUF2,2021-07-01,2026-09-11T14:40:39Z
SM-A115F,ILO,A115FXXU2BUF2,2021-07-01,2026-09-11T14:40:33Z
SM-A115F,MID,A115FXXU2BUF2,2021-07-01,2026-09-11T14:40:36Z
SM-A115F,TUR,A115FXXU2BUF2,2021-07-01,2026-09-11T14:40:42Z
SM-A115F,XSA,A115FXXU2BUF2,2021-07-01,2026-09-11T14:41:04Z
SM-A115F,XSG,A115FXXU2BUF2,2021-07-01,2026-09-11T14:40:45Z
SM-A115F,AFG,A115FXXU2BUH4,2021-07-01,2026-09-11T14:40:48Z
SM-A115F,EGY,A115FXXU2BUH4,2021-07-01,2026-09-11T14:40:39Z
SM-A115F,ILO,A115FXXU2BUH4,2021-07-01,2026-09-11T14:40:33Z
SM-A115F,MID,A115FXXU2BUH4,2021-07-01,2026-09-11T14:40:36Z
SM-A115F,TUR,A115FXXU2BUH4,2021-07-01,2026-09-11T14:40:42Z
SM-A115F,XSA,A115FXXU2BUH4,2021-07-01,2026-09-11T14:41:04Z
SM-A115F,XSG,A115FXXU2BUH4,2021-07-01,2026-09-11T14:40:45Z
SM-A115F,AFG,A115FXXU2BUK2,2021-10-01,2026-09-11T14:40:48Z
SM-A115F,EGY,A115FXXU2BUK2,2021-10-01,2026-09-11T14:40:39Z
SM-A115F,ILO,A115FXXU2BUK2,2021-10-01,2026-09-11T14:40:33Z
SM-A115F,TUR,A115FXXU2BUK2,2021-10-01,2026-09-11T14:40:42Z
SM-A115F,XSA,A115FXXU2BUK2,2021-10-01,2026-09-11T14:41:04Z
SM-A115F,XSG,A115FXXU2BUK2,2021-10-01,2026-09-11T14:40:45Z
SM-A115F,MID,A115FXXU2BUK4,2021-10-01,2026-09-11T14:40:36Z
SM-A115F,AFG,A115FXXU3BVH7,2022-08-01,2026-09-11T14:40:48Z
SM-A115F,EGY,A115FXXU3BVH7,2022-08-01,2026-09-11T14:40:39Z
SM-A115F,ILO,A115FXXU3BVH7,2022-08-01,2026-09-11T14:40:33Z
SM-A115F,MID,A115FXXU3BVH7,2022-08-01,2026-09-11T14:40:36Z
SM-A115F,TUR,A115FXXU3BVH7,2022-08-01,2026-09-11T14:40:42Z
SM-A115F,XSA,A115FXXU3BVH7,2022-08-01,2026-09-11T14:41:04Z
SM-A115F,XSG,A115FXXU3BVH7,2022-08-01,2026-09-11T14:40:45Z
SM-A115F,AFG,A115FXXU3CVI3,2022-08-01,2026-09-11T14:40:48Z
SM-A115F,EGY,A115FXXU3CVI3,2022-08-01,2026-09-11T14:40:39Z
SM-A115F,ILO,A115FXXU3CVI3,2022-08-01,2026-09-11T14:40:33Z
SM-A115F,MID,A115FXXU3CVI3,2022-08-01,2026-09-11T14:40:36Z
SM-A115F,TUR,A115FXXU3CVI3,2022-08-01,2026-09-11T14:40:42Z
SM-A115F,XSA,A115FXXU3CVI3,2022-08-01,2026-09-11T14:41:04Z
SM-A115F,XSG,A115FXXU3CVI3,2022-08-01,2026-09-11T14:40:45Z
SM-A115F,AFG,A115FXXU4CWC1,2023-01-01,2026-09-11T14:40:48Z
SM-A115F,EGY,A115FXXU4CWC1,2023-01-01,2026-09-11T14:40:39Z
SM-A115F,ILO,A115FXXU4CWC1,2023-01-01,2026-09-11T14:40:33Z
SM-A115F,TUR,A115FXXU4CWC1,2023-01-01,2026-09-11T14:40:42Z
SM-A115F,XSA,A115FXXU4CWC1,2023-01-01,2026-09-11T14:41:04Z
SM-A115F,MID,A115FXXU4CWD1,2023-01-01,2026-09-11T14:40:36Z
SM-A115F,TUR,A115FXXU4CWD1,2023-01-01,2026-09-11T14:40:42Z
SM-A115F,XSG,A115FXXU4CWD1,2023-01-01,2026-09-11T14:40:45Z
SM-A115F,AFG,A115FXXU5CWF1,2023-05-01,2026-09-11T14:40:48Z
SM-A115F,EGY,A115FXXU5CWF1,2023-05-01,2026-09-11T14:40:39Z
SM-A115F,ILO,A115FXXU5CWF1,2023-05-01,2026-09-11T14:40:33Z
SM-A115F,MID,A115FXXU5CWF1,2023-05-01,2026-09-11T14:40:36Z
SM-A115F,TUR,A115FXXU5CWF1,2023-05-01,2026-09-11T14:40:42Z
SM-A115F,XSA,A115FXXU5CWF1,2023-05-01,2026-09-11T14:41:04Z
SM-A115F,XSG,A115FXXU5CWF1,2023-05-01,2026-09-11T14:40:45Z
SM-A125F,BTU,A125FXXS2BVA3,2022-01-01,2026-09-11T14:41:43Z
SM-A125F,EGY,A125FXXS2BVA3,2022-01-01,2026-09-11T14:41:16Z
SM-A125F,ILO,A125FXXS2BVA3,2022-01-01,2026-09-11T14:41:11Z
SM-A125F,INS,A125FXXS2BVA3,2022-01-01,2026-09-11T14:41:27Z
SM-A125F,MID,A125FXXS2BVA3,2022-01-01,2026-09-11T14:41:13Z
SM-A125F,SEE,A125FXXS2BVA3,2022-01-01,2026-09-11T14:41:37Z
SM-A125F,TUR,A125FXXS2BVA3,2022-01-01,2026-09-11T14:41:19Z
SM-A125F,XSA,A125FXXS2BVA3,2022-01-01,2026-09-11T14:41:40Z
SM-A125F,XSG,A125FXXS2BVA3,2022-01-01,2026-09-11T14:41:22Z
SM-A125F,EGY,A125FXXS2BVC1,2022-03-01,2026-09-11T14:41:16Z
SM-A125F,ILO,A125FXXS2BVC1,2022-03-01,2026-09-11T14:41:11Z
SM-A125F,INS,A125FXXS2BVC1,2022-03-01,2026-09-11T14:41:27Z
SM-A125F,MID,A125FXXS2BVC1,2022-03-01,2026-09-11T14:41:13Z
SM-A125F,TUR,A125FXXS2BVC1,2022-03-01,2026-09-11T14:41:19Z
SM-A125F,XSA,A125FXXS2BVC1,2022-03-01,2026-09-11T14:41:40Z
SM-A125F,XSG,A125FXXS2BVC1,2022-03-01,2026-09-11T14:41:22Z
SM-A125F,BTU,A125FXXS2BVC3,2022-03-01,2026-09-11T14:41:43Z
SM-A125F,SEE,A125FXXS2BVC3,2022-03-01,2026-09-11T14:41:37Z
SM-A125F,BTU,A125FXXS2BVE1,2022-05-01,2026-09-11T14:41:43Z
SM-A125F,SEE,A125FXXS2BVE1,2022-05-01,2026-09-11T14:41:37Z
SM-A125F,EGY,A125FXXS2BVE3,2022-06-01,2026-09-11T14:41:16Z
SM-A125F,ILO,A125FXXS2BVE3,2022-06-01,2026-09-11T14:41:11Z
SM-A125F,MID,A125FXXS2BVE3,2022-06-01,2026-09-11T14:41:13Z
SM-A125F,TUR,A125FXXS2BVE3,2022-06-01,2026-09-11T14:41:19Z
SM-A125F,XSG,A125FXXS2BVE3,2022-06-01,2026-09-11T14:41:22Z
SM-A125F,BTU,A125FXXS2CVH2,2022-09-01,2026-09-11T14:41:43Z
SM-A125F,EGY,A125FXXS2CVH2,2022-09-01,2026-09-11T14:41:16Z
SM-A125F,ILO,A125FXXS2CVH2,2022-09-01,2026-09-11T14:41:11Z
SM-A125F,INS,A125FXXS2CVH2,2022-09-01,2026-09-11T14:41:27Z
SM-A125F,MID,A125FXXS2CVH2,2022-09-01,2026-09-11T14:41:13Z
SM-A125F,SEE,A125FXXS2CVH2,2022-09-01,2026-09-11T14:41:37Z
SM-A125F,TUR,A125FXXS2CVH2,2022-09-01,2026-09-11T14:41:19Z
SM-A125F,XSA,A125FXXS2CVH2,2022-09-01,2026-09-11T14:41:40Z
SM-A125F,XSG,A125FXXS2CVH2,2022-09-01,2026-09-11T14:41:22Z
SM-A125F,BTU,A125FXXS2CVK2,2022-11-01,2026-09-11T14:41:43Z
SM-A125F,EGY,A125FXXS2CVK2,2022-11-01,2026-09-11T14:41:16Z
SM-A125F,ILO,A125FXXS2CVK2,2022-11-01,2026-09-11T14:41:11Z
SM-A125F,MID,A125FXXS2CVK2,2022-11-01,2026-09-11T14:41:13Z
SM-A125F,SEE,A125FXXS2CVK2,2022-11-01,2026-09-11T14:41:37Z
SM-A125F,TUR,A125FXXS2CVK2,2022-11-01,2026-09-11T14:41:19Z
SM-A125F,XSA,A125FXXS2CVK2,2022-11-01,2026-09-11T14:41:40Z
SM-A125F,XSG,A125FXXS2CVK2,2022-11-01,2026-09-11T14:41:22Z
SM-A125F,INS,A125FXXS3CWF1,2023-06-01,2026-09-11T14:41:27Z
SM-A125F,XSA,A125FXXS3CWF1,2023-06-01,2026-09-11T14:41:40Z
SM-A125F,BTU,A125FXXS3CWF3,2023-06-01,2026-09-11T14:41:43Z
SM-A125F,EGY,A125FXXS3CWF3,2023-06-01,2026-09-11T14:41:16Z
SM-A125F,ILO,A125FXXS3CWF3,2023-06-01,2026-09-11T14:41:11Z
SM-A125F,MID,A125FXXS3CWF3,2023-06-01,2026-09-11T14:41:13Z
SM-A125F,SEE,A125FXXS3CWF3,2023-06-01,2026-09-11T14:41:37Z
SM-A125F,TUR,A125FXXS3CWF3,2023-06-01,2026-09-11T14:41:19Z
SM-A125F,XSG,A125FXXS3CWF3,2023-06-01,2026-09-11T14:41:22Z
SM-A125F,INS,A125FXXS4CWK1,2023-12-01,2026-09-11T14:41:27Z
SM-A125F,XSA,A125FXXS4CWK1,2023-12-01,2026-09-11T14:41:40Z
SM-A125F,BTU,A125FXXS4CWK3,2023-12-01,2026-09-11T14:41:43Z
SM-A125F,EGY,A125FXXS4CWK3,2023-12-01,2026-09-11T14:41:16Z
SM-A125F,ILO,A125FXXS4CWK3,2023-12-01,2026-09-11T14:41:11Z
SM-A125F,MID,A125FXXS4CWK3,2023-12-01,2026-09-11T14:41:13Z
SM-A125F,SEE,A125FXXS4CWK3,2023-12-01,2026-09-11T14:41:37Z
SM-A125F,TUR,A125FXXS4CWK3,2023-12-01,2026-09-11T14:41:19Z
SM-A125F,XSG,A125FXXS4CWK3,2023-12-01,2026-09-11T14:41:22Z
SM-A125F,INS,A125FXXS5CXE1,2024-05-01,2026-09-11T14:41:27Z
SM-A125F,XSA,A125FXXS5CXE1,2024-05-01,2026-09-11T14:41:40Z
SM-A125F,BTU,A125FXXS5CXE3,2024-05-01,2026-09-11T14:41:43Z
SM-A125F,EGY,A125FXXS5CXE3,2024-05-01,2026-09-11T14:41:16Z
SM-A125F,ILO,A125FXXS5CXE3,2024-05-01,2026-09-11T14:41:11Z
SM-A125F,MID,A125FXXS5CXE3,2024-05-01,2026-09-11T14:41:13Z
SM-A125F,SEE,A125FXXS5CXE3,2024-05-01,2026-09-11T14:41:37Z
SM-A125F,TUR,A125FXXS5CXE3,2024-05-01,2026-09-11T14:41:19Z
SM-A125F,XSG,A125FXXS5CXE3,2024-05-01,2026-09-11T14:41:22Z
SM-A125F,INS,A125FXXS6CXJ1,2024-10-01,2026-09-11T14:41:27Z
SM-A125F,XSA,A125FXXS6CXJ1,2024-10-01,2026-09-11T14:41:40Z
SM-A125F,BTU,A125FXXS6CXJ5,2024-10-01,2026-09-11T14:41:43Z
SM-A125F,EGY,A125FXXS6CXJ5,2024-10-01,2026-09-11T14:41:16Z
SM-A125F,ILO,A125FXXS6CXJ5,2024-10-01,2026-09-11T14:41:11Z
SM-A125F,MID,A125FXXS6CXJ5,2024-10-01,2026-09-11T14:41:13Z
SM-A125F,SEE,A125FXXS6CXJ5,2024-10-01,2026-09-11T14:41:37Z
SM-A125F,TUR,A125FXXS6CXJ5,2024-10-01,2026-09-11T14:41:19Z
SM-A125F,XSG,A125FXXS6CXJ5,2024-10-01,2026-09-11T14:41:22Z
SM-A125F,AFG,A125FXXU1ATL4,2020-11-01,2026-09-11T14:41:25Z
SM-A125F,BTU,A125FXXU1ATL4,2020-11-01,2026-09-11T14:41:43Z
SM-A125F,EGY,A125FXXU1ATL4,2020-11-01,2026-09-11T14:41:16Z
SM-A125F,ILO,A125FXXU1ATL4,2020-11-01,2026-09-11T14:41:11Z
SM-A125F,MID,A125FXXU1ATL4,2020-11-01,2026-09-11T14:41:13Z
SM-A125F,SEE,A125FXXU1ATL4,2020-11-01,2026-09-11T14:41:37Z
SM-A125F,XSG,A125FXXU1ATL4,2020-11-01,2026-09-11T14:41:22Z
SM-A125F,TUR,A125FXXU1ATL8,2020-11-01,2026-09-11T14:41:19Z
SM-A125F,AFG,A125FXXU1AUAG,2021-01-01,2026-09-11T14:41:25Z
SM-A125F,BTU,A125FXXU1AUAG,2021-01-01,2026-09-11T14:41:43Z
SM-A125F,EGY,A125FXXU1AUAG,2021-01-01,2026-09-11T14:41:16Z
SM-A125F,ILO,A125FXXU1AUAG,2021-01-01,2026-09-11T14:41:11Z
SM-A125F,MID,A125FXXU1AUAG,2021-01-01,2026-09-11T14:41:13Z
SM-A125F,SEE,A125FXXU1AUAG,2021-01-01,2026-09-11T14:41:37Z
SM-A125F,TUR,A125FXXU1AUAG,2021-01-01,2026-09-11T14:41:19Z
SM-A125F,XSG,A125FXXU1AUAG,2021-01-01,2026-09-11T14:41:22Z
SM-A125F,XSA,A125FXXU1AUB1,2021-01-01,2026-09-11T14:41:40Z
SM-A125F,AFG,A125FXXU1AUB4,2021-02-01,2026-09-11T14:41:25Z
SM-A125F,BTU,A125FXXU1AUB4,2021-02-01,2026-09-11T14:41:43Z
SM-A125F,EGY,A125FXXU1AUB4,2021-02-01,2026-09-11T14:41:16Z
SM-A125F,ILO,A125FXXU1AUB4,2021-02-01,2026-09-11T14:41:11Z
SM-A125F,INS,A125FXXU1AUB4,2021-02-01,2026-09-11T14:41:27Z
SM-A125F,MID,A125FXXU1AUB4,2021-02-01,2026-09-11T14:41:13Z
SM-A125F,SEE,A125FXXU1AUB4,2021-02-01,2026-09-11T14:41:37Z
SM-A125F,TUR,A125FXXU1AUB4,2021-02-01,2026-09-11T14:41:19Z
SM-A125F,XSA,A125FXXU1AUB4,2021-02-01,2026-09-11T14:41:40Z
SM-A125F,XSG,A125FXXU1AUB4,2021-02-01,2026-09-11T14:41:22Z
SM-A125F,AFG,A125FXXU1AUC3,2021-02-01,2026-09-11T14:41:25Z
SM-A125F,BTU,A125FXXU1AUC3,2021-02-01,2026-09-11T14:41:43Z
SM-A125F,EGY,A125FXXU1AUC3,2021-02-01,2026-09-11T14:41:16Z
SM-A125F,ILO,A125FXXU1AUC3,2021-02-01,2026-09-11T14:41:11Z
SM-A125F,INS,A125FXXU1AUC3,2021-02-01,2026-09-11T14:41:27Z
SM-A125F,MID,A125FXXU1AUC3,2021-02-01,2026-09-11T14:41:13Z
SM-A125F,SEE,A125FXXU1AUC3,2021-02-01,2026-09-11T14:41:37Z
SM-A125F,TUR,A125FXXU1AUC3,2021-02-01,2026-09-11T14:41:19Z
SM-A125F,XSA,A125FXXU1AUC3,2021-02-01,2026-09-11T14:41:40Z
SM-A125F,XSG,A125FXXU1AUC3,2021-02-01,2026-09-11T14:41:22Z
SM-A125F,BTU,A125FXXU1BUE3,2021-05-01,2026-09-11T14:41:43Z
SM-A125F,EGY,A125FXXU1BUE3,2021-05-01,2026-09-11T14:41:16Z
SM-A125F,ILO,A125FXXU1BUE3,2021-05-01,2026-09-11T14:41:11Z
SM-A125F,MID,A125FXXU1BUE3,2021-05-01,2026-09-11T14:41:13Z
SM-A125F,SEE,A125FXXU1BUE3,2021-05-01,2026-09-11T14:41:37Z
SM-A125F,TUR,A125FXXU1BUE3,2021-05-01,2026-09-11T14:41:19Z
SM-A125F,XSA,A125FXXU1BUE3,2021-05-01,2026-09-11T14:41:40Z
SM-A125F,XSG,A125FXXU1BUE3,2021-05-01,2026-09-11T14:41:22Z
SM-A125F,INS,A125FXXU1BUE4,2021-05-01,2026-09-11T14:41:27Z
SM-A125F,XSG,A125FXXU1BUE5,2021-05-01,2026-09-11T14:41:22Z
SM-A125F,BTU,A125FXXU1BUF9,2021-05-01,2026-09-11T14:41:43Z
SM-A125F,EGY,A125FXXU1BUF9,2021-05-01,2026-09-11T14:41:16Z
SM-A125F,ILO,A125FXXU1BUF9,2021-05-01,2026-09-11T14:41:11Z
SM-A125F,MID,A125FXXU1BUF9,2021-05-01,2026-09-11T14:41:13Z
SM-A125F,SEE,A125FXXU1BUF9,2021-05-01,2026-09-11T14:41:37Z
SM-A125F,TUR,A125FXXU1BUF9,2021-05-01,2026-09-11T14:41:19Z
SM-A125F,XSA,A125FXXU1BUF9,2021-05-01,2026-09-11T14:41:40Z
SM-A125F,XSG,A125FXXU1BUF9,2021-05-01,2026-09-11T14:41:22Z
SM-A125F,INS,A125FXXU1BUFA,2021-05-01,2026-09-11T14:41:27Z
SM-A125F,BTU,A125FXXU1BUG6,2021-07-01,2026-09-11T14:41:43Z
SM-A125F,EGY,A125FXXU1BUG6,2021-07-01,2026-09-11T14:41:16Z
SM-A125F,ILO,A125FXXU1BUG6,2021-07-01,2026-09-11T14:41:11Z
SM-A125F,INS,A125FXXU1BUG6,2021-07-01,2026-09-11T14:41:27Z
SM-A125F,MID,A125FXXU1BUG6,2021-07-01,2026-09-11T14:41:13Z
SM-A125F,SEE,A125FXXU1BUG6,2021-07-01,2026-09-11T14:41:37Z
SM-A125F,TUR,A125FXXU1BUG6,2021-07-01,2026-09-11T14:41:19Z
SM-A125F,XSA,A125FXXU1BUG6,2021-07-01,2026-09-11T14:41:40Z
SM-A125F,XSG,A125FXXU1BUG6,2021-07-01,2026-09-11T14:41:22Z
SM-A125F,BTU,A125FXXU1BUI3,2021-09-01,2026-09-11T14:41:43Z
SM-A125F,EGY,A125FXXU1BUI3,2021-09-01,2026-09-11T14:41:16Z
SM-A125F,ILO,A125FXXU1BUI3,2021-09-01,2026-09-11T14:41:11Z
SM-A125F,INS,A125FXXU1BUI3,2021-09-01,2026-09-11T14:41:27Z
SM-A125F,MID,A125FXXU1BUI3,2021-09-01,2026-09-11T14:41:13Z
SM-A125F,SEE,A125FXXU1BUI3,2021-09-01,2026-09-11T14:41:37Z
SM-A125F,TUR,A125FXXU1BUI3,2021-09-01,2026-09-11T14:41:19Z
SM-A125F,XSG,A125FXXU1BUI3,2021-09-01,2026-09-11T14:41:22Z
SM-A125F,BTU,A125FXXU1BUJ4,2021-10-01,2026-09-11T14:41:43Z
SM-A125F,EGY,A125FXXU1BUJ4,2021-10-01,2026-09-11T14:41:16Z
SM-A125F,ILO,A125FXXU1BUJ4,2021-10-01,2026-09-11T14:41:11Z
SM-A125F,INS,A125FXXU1BUJ4,2021-10-01,2026-09-11T14:41:27Z
SM-A125F,MID,A125FXXU1BUJ4,2021-10-01,2026-09-11T14:41:13Z
SM-A125F,SEE,A125FXXU1BUJ4,2021-10-01,2026-09-11T14:41:37Z
SM-A125F,TUR,A125FXXU1BUJ4,2021-10-01,2026-09-11T14:41:19Z
SM-A125F,XSA,A125FXXU1BUJ4,2021-10-01,2026-09-11T14:41:40Z
SM-A125F,XSG,A125FXXU1BUJ4,2021-10-01,2026-09-11T14:41:22Z
SM-A125F,BTU,A125FXXU1BUK1,2021-11-01,2026-09-11T14:41:43Z
SM-A125F,EGY,A125FXXU1BUK1,2021-11-01,2026-09-11T14:41:16Z
SM-A125F,ILO,A125FXXU1BUK1,2021-11-01,2026-09-11T14:41:11Z
SM-A125F,INS,A125FXXU1BUK1,2021-11-01,2026-09-11T14:41:27Z
SM-A125F,MID,A125FXXU1BUK1,2021-11-01,2026-09-11T14:41:13Z
SM-A125F,SEE,A125FXXU1BUK1,2021-11-01,2026-09-11T14:41:37Z
SM-A125F,TUR,A125FXXU1BUK1,2021-11-01,2026-09-11T14:41:19Z
SM-A125F,XSA,A125FXXU1BUK1,2021-11-01,2026-09-11T14:41:40Z
SM-A125F,XSG,A125FXXU1BUK1,2021-11-01,2026-09-11T14:41:22Z
SM-A125F,BTU,A125FXXU2BVB2,2022-01-01,2026-09-11T14:41:43Z
SM-A125F,SEE,A125FXXU2BVB2,2022-01-01,2026-09-11T14:41:37Z
SM-A125F,EGY,A125FXXU2BVB3,2022-02-01,2026-09-11T14:41:16Z
SM-A125F,ILO,A125FXXU2BVB3,2022-02-01,2026-09-11T14:41:11Z
SM-A125F,INS,A125FXXU2BVB3,2022-02-01,2026-09-11T14:41:27Z
SM-A125F,MID,A125FXXU2BVB3,2022-02-01,2026-09-11T14:41:13Z
SM-A125F,TUR,A125FXXU2BVB3,2022-02-01,2026-09-11T14:41:19Z
SM-A125F,XSA,A125FXXU2BVB3,2022-02-01,2026-09-11T14:41:40Z
SM-A125F,XSG,A125FXXU2BVB3,2022-02-01,2026-09-11T14:41:22Z
SM-A125F,BTU,A125FXXU2BVB4,2022-02-01,2026-09-11T14:41:43Z
SM-A125F,SEE,A125FXXU2BVB4,2022-02-01,2026-09-11T14:41:37Z
SM-A125F,XSA,A125FXXU2BVE4,2022-06-01,2026-09-11T14:41:40Z
SM-A125F,BTU,A125FXXU2BVG6,2022-06-01,2026-09-11T14:41:43Z
SM-A125F,EGY,A125FXXU2BVG6,2022-06-01,2026-09-11T14:41:16Z
SM-A125F,ILO,A125FXXU2BVG6,2022-06-01,2026-09-11T14:41:11Z
SM-A125F,MID,A125FXXU2BVG6,2022-06-01,2026-09-11T14:41:13Z
SM-A125F,SEE,A125FXXU2BVG6,2022-06-01,2026-09-11T14:41:37Z
SM-A125F,TUR,A125FXXU2BVG6,2022-06-01,2026-09-11T14:41:19Z
SM-A125F,XSG,A125FXXU2BVG6,2022-06-01,2026-09-11T14:41:22Z
SM-A125F,BTU,A125FXXU2CVH1,2022-07-01,2026-09-11T14:41:43Z
SM-A125F,EGY,A125FXXU2CVH1,2022-07-01,2026-09-11T14:41:16Z
SM-A125F,ILO,A125FXXU2CVH1,2022-07-01,2026-09-11T14:41:11Z
SM-A125F,INS,A125FXXU2CVH1,2022-07-01,2026-09-11T14:41:27Z
SM-A125F,MID,A125FXXU2CVH1,2022-07-01,2026-09-11T14:41:13Z
SM-A125F,SEE,A125FXXU2CVH1,2022-07-01,2026-09-11T14:41:37Z
SM-A125F,TUR,A125FXXU2CVH1,2022-07-01,2026-09-11T14:41:19Z
SM-A125F,XSA,A125FXXU2CVH1,2022-07-01,2026-09-11T14:41:40Z
SM-A125F,XSG,A125FXXU2CVH1,2022-07-01,2026-09-11T14:41:22Z
SM-A125F,BTU,A125FXXU2CVL1,2022-12-01,2026-09-11T14:41:43Z
SM-A125F,SEE,A125FXXU2CVL1,2022-12-01,2026-09-11T14:41:37Z
SM-A125F,INS,A125FXXU2CWB1,2023-01-01,2026-09-11T14:41:27Z
SM-A125F,XSA,A125FXXU2CWB1,2023-01-01,2026-09-11T14:41:40Z
SM-A125F,BTU,A125FXXU2CWB3,2023-01-01,2026-09-11T14:41:43Z
SM-A125F,SEE,A125FXXU2CWB3,2023-01-01,2026-09-11T14:41:37Z
SM-A125F,EGY,A125FXXU2CWB5,2023-01-01,2026-09-11T14:41:16Z
SM-A125F,ILO,A125FXXU2CWB5,2023-01-01,2026-09-11T14:41:11Z
SM-A125F,MID,A125FXXU2CWB5,2023-01-01,2026-09-11T14:41:13Z
SM-A125F,TUR,A125FXXU2CWB5,2023-01-01,2026-09-11T14:41:19Z
SM-A125F,XSG,A125FXXU2CWB5,2023-01-01,2026-09-11T14:41:22Z
SM-A125F,BTU,A125FXXU2CWC3,2023-03-01,2026-09-11T14:41:43Z
SM-A125F,EGY,A125FXXU2CWC3,2023-03-01,2026-09-11T14:41:16Z
SM-A125F,ILO,A125FXXU2CWC3,2023-03-01,2026-09-11T14:41:11Z
SM-A125F,MID,A125FXXU2CWC3,2023-03-01,2026-09-11T14:41:13Z
SM-A125F,SEE,A125FXXU2CWC3,2023-03-01,2026-09-11T14:41:37Z
SM-A125F,TUR,A125FXXU2CWC3,2023-03-01,2026-09-11T14:41:19Z
SM-A125F,XSG,A125FXXU2CWC3,2023-03-01,2026-09-11T14:41:22Z
SM-A135F,AFG,A135FXXS3BWA1,2023-01-01,2026-09-11T14:42:00Z
SM-A135F,EGY,A135FXXS3BWA1,2023-01-01,2026-09-11T14:41:52Z
SM-A135F,EUX,A135FXXS3BWA1,2023-01-01,2026-09-11T14:42:06Z
SM-A135F,ILO,A135FXXS3BWA1,2023-01-01,2026-09-11T14:41:46Z
SM-A135F,MID,A135FXXS3BWA1,2023-01-01,2026-09-11T14:41:49Z
SM-A135F,TUR,A135FXXS3BWA1,2023-01-01,2026-09-11T14:41:55Z
SM-A135F,XSG,A135FXXS3BWA1,2023-01-01,2026-09-11T14:41:58Z
SM-A135F,INS,A135FXXS3BWA2,2023-01-01,2026-09-11T14:42:03Z
SM-A135F,XSA,A135FXXS3BWA2,2023-01-01,2026-09-11T14:42:17Z
SM-A135F,EUX,A135FXXS4CWBA,2023-04-01,2026-09-11T14:42:06Z
SM-A135F,INS,A135FXXS4CWBA,2023-04-01,2026-09-11T14:42:03Z
SM-A135F,XSA,A135FXXS4CWBA,2023-04-01,2026-09-11T14:42:17Z
SM-A135F,AFG,A135FXXS5CWG1,2023-07-01,2026-09-11T14:42:00Z
SM-A135F,EGY,A135FXXS5CWG1,2023-07-01,2026-09-11T14:41:52Z
SM-A135F,EUX,A135FXXS5CWG1,2023-07-01,2026-09-11T14:42:06Z
SM-A135F,ILO,A135FXXS5CWG1,2023-07-01,2026-09-11T14:41:46Z
SM-A135F,MID,A135FXXS5CWG1,2023-07-01,2026-09-11T14:41:49Z
SM-A135F,TUR,A135FXXS5CWG1,2023-07-01,2026-09-11T14:41:55Z
SM-A135F,XSA,A135FXXS5CWG1,2023-07-01,2026-09-11T14:42:17Z
SM-A135F,XSG,A135FXXS5CWG1,2023-07-01,2026-09-11T14:41:58Z
SM-A135F,INS,A135FXXS5CWG2,2023-07-01,2026-09-11T14:42:03Z
SM-A135F,AFG,A135FXXS5CWI1,2023-10-01,2026-09-11T14:42:00Z
SM-A135F,EGY,A135FXXS5CWI1,2023-10-01,2026-09-11T14:41:52Z
SM-A135F,ILO,A135FXXS5CWI1,2023-10-01,2026-09-11T14:41:46Z
SM-A135F,MID,A135FXXS5CWI1,2023-10-01,2026-09-11T14:41:49Z
SM-A135F,TUR,A135FXXS5CWI1,2023-10-01,2026-09-11T14:41:55Z
SM-A135F,XSA,A135FXXS5CWI1,2023-10-01,2026-09-11T14:42:17Z
SM-A135F,XSG,A135FXXS5CWI1,2023-10-01,2026-09-11T14:41:58Z
SM-A135F,EUX,A135FXXS5CWI2,2023-10-01,2026-09-11T14:42:06Z
SM-A135F,INS,A135FXXS5CWI3,2023-10-01,2026-09-11T14:42:03Z
SM-A135F,AFG,A135FXXS5CWJ1,2023-10-01,2026-09-11T14:42:00Z
SM-A135F,EGY,A135FXXS5CWJ1,2023-10-01,2026-09-11T14:41:52Z
SM-A135F,ILO,A135FXXS5CWJ1,2023-10-01,2026-09-11T14:41:46Z
SM-A135F,MID,A135FXXS5CWJ1,2023-10-01,2026-09-11T14:41:49Z
SM-A135F,TUR,A135FXXS5CWJ1,2023-10-01,2026-09-11T14:41:55Z
SM-A135F,XSG,A135FXXS5CWJ1,2023-10-01,2026-09-11T14:41:58Z
SM-A135F,EUX,A135FXXS5CWJ2,2023-10-01,2026-09-11T14:42:06Z
SM-A135F,INS,A135FXXS5CWJ3,2023-10-01,2026-09-11T14:42:03Z
SM-A135F,EUX,A135FXXS5CXA1,2023-11-01,2026-09-11T14:42:06Z
SM-A135F,INS,A135FXXS6DXA7,2023-12-01,2026-09-11T14:42:03Z
SM-A135F,AFG,A135FXXS6DXB1,2024-02-01,2026-09-11T14:42:00Z
SM-A135F,EGY,A135FXXS6DXB1,2024-02-01,2026-09-11T14:41:52Z
SM-A135F,ILO,A135FXXS6DXB1,2024-02-01,2026-09-11T14:41:46Z
SM-A135F,MID,A135FXXS6DXB1,2024-02-01,2026-09-11T14:41:49Z
SM-A135F,TUR,A135FXXS6DXB1,2024-02-01,2026-09-11T14:41:55Z
SM-A135F,XSA,A135FXXS6DXB1,2024-02-01,2026-09-11T14:42:17Z
SM-A135F,XSG,A135FXXS6DXB1,2024-02-01,2026-09-11T14:41:58Z
SM-A135F,EUX,A135FXXS6DXB2,2024-02-01,2026-09-11T14:42:06Z
SM-A135F,INS,A135FXXS6DXB3,2024-02-01,2026-09-11T14:42:03Z
SM-A135F,AFG,A135FXXS6DXD2,2024-04-01,2026-09-11T14:42:00Z
SM-A135F,EGY,A135FXXS6DXD2,2024-04-01,2026-09-11T14:41:52Z
SM-A135F,ILO,A135FXXS6DXD2,2024-04-01,2026-09-11T14:41:46Z
SM-A135F,MID,A135FXXS6DXD2,2024-04-01,2026-09-11T14:41:49Z
SM-A135F,TUR,A135FXXS6DXD2,2024-04-01,2026-09-11T14:41:55Z
SM-A135F,XSA,A135FXXS6DXD2,2024-04-01,2026-09-11T14:42:17Z
SM-A135F,XSG,A135FXXS6DXD2,2024-04-01,2026-09-11T14:41:58Z
SM-A135F,EUX,A135FXXS6DXD3,2024-04-01,2026-09-11T14:42:06Z
SM-A135F,INS,A135FXXS6DXD6,2024-04-01,2026-09-11T14:42:03Z
SM-A135F,AFG,A135FXXS7DXE2,2024-05-01,2026-09-11T14:42:00Z
SM-A135F,EGY,A135FXXS7DXE2,2024-05-01,2026-09-11T14:41:52Z
SM-A135F,ILO,A135FXXS7DXE2,2024-05-01,2026-09-11T14:41:46Z
SM-A135F,MID,A135FXXS7DXE2,2024-05-01,2026-09-11T14:41:49Z
SM-A135F,TUR,A135FXXS7DXE2,2024-05-01,2026-09-11T14:41:55Z
SM-A135F,XSA,A135FXXS7DXE2,2024-05-01,2026-09-11T14:42:17Z
SM-A135F,XSG,A135FXXS7DXE2,2024-05-01,2026-09-11T14:41:58Z
SM-A135F,EUX,A135FXXS7DXE3,2024-05-01,2026-09-11T14:42:06Z
SM-A135F,INS,A135FXXS7DXE4,2024-05-01,2026-09-11T14:42:03Z
SM-A135F,AFG,A135FXXS9EXI2,2024-10-01,2026-09-11T14:42:00Z
SM-A135F,EGY,A135FXXS9EXI2,2024-10-01,2026-09-11T14:41:52Z
SM-A135F,EUX,A135FXXS9EXI2,2024-10-01,2026-09-11T14:42:06Z
SM-A135F,ILO,A135FXXS9EXI2,2024-10-01,2026-09-11T14:41:46Z
SM-A135F,INS,A135FXXS9EXI2,2024-10-01,2026-09-11T14:42:03Z
SM-A135F,MID,A135FXXS9EXI2,2024-10-01,2026-09-11T14:41:49Z
SM-A135F,TUR,A135FXXS9EXI2,2024-10-01,2026-09-11T14:41:55Z
SM-A135F,XSA,A135FXXS9EXI2,2024-10-01,2026-09-11T14:42:17Z
SM-A135F,XSG,A135FXXS9EXI2,2024-10-01,2026-09-11T14:41:58Z
SM-A135F,AFG,A135FXXSAEXJ1,2024-11-01,2026-09-11T14:42:00Z
SM-A135F,EGY,A135FXXSAEXJ1,2024-11-01,2026-09-11T14:41:52Z
SM-A135F,EUX,A135FXXSAEXJ1,2024-11-01,2026-09-11T14:42:06Z
SM-A135F,ILO,A135FXXSAEXJ1,2024-11-01,2026-09-11T14:41:46Z
SM-A135F,INS,A135FXXSAEXJ1,2024-11-01,2026-09-11T14:42:03Z
SM-A135F,MID,A135FXXSAEXJ1,2024-11-01,2026-09-11T14:41:49Z
SM-A135F,TUR,A135FXXSAEXJ1,2024-11-01,2026-09-11T14:41:55Z
SM-A135F,XSA,A135FXXSAEXJ1,2024-11-01,2026-09-11T14:42:17Z
SM-A135F,XSG,A135FXXSAEXJ1,2024-11-01,2026-09-11T14:41:58Z
SM-A135F,AFG,A135FXXSAEYA1,2025-02-01,2026-09-11T14:42:00Z
SM-A135F,EGY,A135FXXSAEYA1,2025-02-01,2026-09-11T14:41:52Z
SM-A135F,EUX,A135FXXSAEYA1,2025-02-01,2026-09-11T14:42:06Z
SM-A135F,ILO,A135FXXSAEYA1,2025-02-01,2026-09-11T14:41:46Z
SM-A135F,INS,A135FXXSAEYA1,2025-02-01,2026-09-11T14:42:03Z
SM-A135F,MID,A135FXXSAEYA1,2025-02-01,2026-09-11T14:41:49Z
SM-A135F,TUR,A135FXXSAEYA1,2025-02-01,2026-09-11T14:41:55Z
SM-A135F,XSA,A135FXXSAEYA1,2025-02-01,2026-09-11T14:42:17Z
SM-A135F,XSG,A135FXXSAEYA1,2025-02-01,2026-09-11T14:41:58Z
SM-A135F,AFG,A135FXXSBEYE1,2025-05-01,2026-09-11T14:42:00Z
SM-A135F,EGY,A135FXXSBEYE1,2025-05-01,2026-09-11T14:41:52Z
SM-A135F,EUX,A135FXXSBEYE1,2025-05-01,2026-09-11T14:42:06Z
SM-A135F,ILO,A135FXXSBEYE1,2025-05-01,2026-09-11T14:41:46Z
SM-A135F,INS,A135FXXSBEYE1,2025-05-01,2026-09-11T14:42:03Z
SM-A135F,MID,A135FXXSBEYE1,2025-05-01,2026-09-11T14:41:49Z
SM-A135F,TUR,A135FXXSBEYE1,2025-05-01,2026-09-11T14:41:55Z
SM-A135F,XSA,A135FXXSBEYE1,2025-05-01,2026-09-11T14:42:17Z
SM-A135F,XSG,A135FXXSBEYE1,2025-05-01,2026-09-11T14:41:58Z
SM-A135F,AFG,A135FXXSCEYG1,2025-08-01,2026-09-11T14:42:00Z
SM-A135F,EGY,A135FXXSCEYG1,2025-08-01,2026-09-11T14:41:52Z
SM-A135F,EUX,A135FXXSCEYG1,2025-08-01,2026-09-11T14:42:06Z
SM-A135F,ILO,A135FXXSCEYG1,2025-08-01,2026-09-11T14:41:46Z
SM-A135F,INS,A135FXXSCEYG1,2025-08-01,2026-09-11T14:42:03Z
SM-A135F,MID,A135FXXSCEYG1,2025-08-01,2026-09-11T14:41:49Z
SM-A135F,TUR,A135FXXSCEYG1,2025-08-01,2026-09-11T14:41:55Z
SM-A135F,XSA,A135FXXSCEYG1,2025-08-01,2026-09-11T14:42:17Z
SM-A135F,XSG,A135FXXSCEYG1,2025-08-01,2026-09-11T14:41:58Z
SM-A135F,AFG,A135FXXSDEYJ1,2025-11-01,2026-09-11T14:42:00Z
SM-A135F,EGY,A135FXXSDEYJ1,2025-11-01,2026-09-11T14:41:52Z
SM-A135F,EUX,A135FXXSDEYJ1,2025-11-01,2026-09-11T14:42:06Z
SM-A135F,ILO,A135FXXSDEYJ1,2025-11-01,2026-09-11T14:41:46Z
SM-A135F,INS,A135FXXSDEYJ1,2025-11-01,2026-09-11T14:42:03Z
SM-A135F,MID,A135FXXSDEYJ1,2025-11-01,2026-09-11T14:41:49Z
SM-A135F,TUR,A135FXXSDEYJ1,2025-11-01,2026-09-11T14:41:55Z
SM-A135F,XSA,A135FXXSDEYJ1,2025-11-01,2026-09-11T14:42:17Z
SM-A135F,XSG,A135FXXSDEYJ1,2025-11-01,2026-09-11T14:41:58Z
SM-A135F,AFG,A135FXXSEEZB2,2026-02-05,2026-09-11T14:42:00Z
SM-A135F,EGY,A135FXXSEEZB2,2026-02-05,2026-09-11T14:41:52Z
SM-A135F,EUX,A135FXXSEEZB2,2026-02-05,2026-09-11T14:42:06Z
SM-A135F,ILO,A135FXXSEEZB2,2026-02-05,2026-09-11T14:41:46Z
SM-A135F,INS,A135FXXSEEZB2,2026-02-05,2026-09-11T14:42:03Z
SM-A135F,MID,A135FXXSEEZB2,2026-02-05,2026-09-11T14:41:49Z
SM-A135F,TUR,A135FXXSEEZB2,2026-02-05,2026-09-11T14:41:55Z
SM-A135F,XSA,A135FXXSEEZB2,2026-02-05,2026-09-11T14:42:17Z
SM-A135F,XSG,A135FXXSEEZB2,2026-02-05,2026-09-11T14:41:58Z
SM-A135F,XSA,A135FXXSEEZE3,2026-02-05,2026-09-11T14:42:17Z
SM-A135F,AFG,A135FXXU1AVC6,2022-03-01,2026-09-11T14:42:00Z
SM-A135F,EGY,A135FXXU1AVC6,2022-03-01,2026-09-11T14:41:52Z
SM-A135F,EUX,A135FXXU1AVC6,2022-03-01,2026-09-11T14:42:06Z
SM-A135F,ILO,A135FXXU1AVC6,2022-03-01,2026-09-11T14:41:46Z
SM-A135F,INS,A135FXXU1AVC6,2022-03-01,2026-09-11T14:42:03Z
SM-A135F,MID,A135FXXU1AVC6,2022-03-01,2026-09-11T14:41:49Z
SM-A135F,XSG,A135FXXU1AVC6,2022-03-01,2026-09-11T14:41:58Z
SM-A135F,AFG,A135FXXU1AVD1,2022-03-01,2026-09-11T14:42:00Z
SM-A135F,EGY,A135FXXU1AVD1,2022-03-01,2026-09-11T14:41:52Z
SM-A135F,EUX,A135FXXU1AVD1,2022-03-01,2026-09-11T14:42:06Z
SM-A135F,ILO,A135FXXU1AVD1,2022-03-01,2026-09-11T14:41:46Z
SM-A135F,INS,A135FXXU1AVD1,2022-03-01,2026-09-11T14:42:03Z
SM-A135F,MID,A135FXXU1AVD1,2022-03-01,2026-09-11T14:41:49Z
SM-A135F,TUR,A135FXXU1AVD1,2022-03-01,2026-09-11T14:41:55Z
SM-A135F,XSA,A135FXXU1AVD1,2022-03-01,2026-09-11T14:42:17Z
SM-A135F,XSG,A135FXXU1AVD1,2022-03-01,2026-09-11T14:41:58Z
SM-A135F,AFG,A135FXXU1AVD4,2022-04-01,2026-09-11T14:42:00Z
SM-A135F,EGY,A135FXXU1AVD4,2022-04-01,2026-09-11T14:41:52Z
SM-A135F,EUX,A135FXXU1AVD4,2022-04-01,2026-09-11T14:42:06Z
SM-A135F,ILO,A135FXXU1AVD4,2022-04-01,2026-09-11T14:41:46Z
SM-A135F,INS,A135FXXU1AVD4,2022-04-01,2026-09-11T14:42:03Z
SM-A135F,MID,A135FXXU1AVD4,2022-04-01,2026-09-11T14:41:49Z
SM-A135F,TUR,A135FXXU1AVD4,2022-04-01,2026-09-11T14:41:55Z
SM-A135F,XSA,A135FXXU1AVD4,2022-04-01,2026-09-11T14:42:17Z
SM-A135F,XSG,A135FXXU1AVD4,2022-04-01,2026-09-11T14:41:58Z
SM-A135F,AFG,A135FXXU1AVF1,2022-06-01,2026-09-11T14:42:00Z
SM-A135F,EGY,A135FXXU1AVF1,2022-06-01,2026-09-11T14:41:52Z
SM-A135F,EUX,A135FXXU1AVF1,2022-06-01,2026-09-11T14:42:06Z
SM-A135F,ILO,A135FXXU1AVF1,2022-06-01,2026-09-11T14:41:46Z
SM-A135F,INS,A135FXXU1AVF1,2022-06-01,2026-09-11T14:42:03Z
SM-A135F,MID,A135FXXU1AVF1,2022-06-01,2026-09-11T14:41:49Z
SM-A135F,TUR,A135FXXU1AVF1,2022-06-01,2026-09-11T14:41:55Z
SM-A135F,XSA,A135FXXU1AVF1,2022-06-01,2026-09-11T14:42:17Z
SM-A135F,XSG,A135FXXU1AVF1,2022-06-01,2026-09-11T14:41:58Z
SM-A135F,AFG,A135FXXU2AVH4,2022-07-01,2026-09-11T14:42:00Z
SM-A135F,EGY,A135FXXU2AVH4,2022-07-01,2026-09-11T14:41:52Z
SM-A135F,EUX,A135FXXU2AVH4,2022-07-01,2026-09-11T14:42:06Z
SM-A135F,ILO,A135FXXU2AVH4,2022-07-01,2026-09-11T14:41:46Z
SM-A135F,INS,A135FXXU2AVH4,2022-07-01,2026-09-11T14:42:03Z
SM-A135F,MID,A135FXXU2AVH4,2022-07-01,2026-09-11T14:41:49Z
SM-A135F,TUR,A135FXXU2AVH4,2022-07-01,2026-09-11T14:41:55Z
SM-A135F,XSA,A135FXXU2AVH4,2022-07-01,2026-09-11T14:42:17Z
SM-A135F,XSG,A135FXXU2AVH4,2022-07-01,2026-09-11T14:41:58Z
SM-A135F,AFG,A135FXXU2AVJ3,2022-10-01,2026-09-11T14:42:00Z
SM-A135F,EGY,A135FXXU2AVJ3,2022-10-01,2026-09-11T14:41:52Z
SM-A135F,EUX,A135FXXU2AVJ3,2022-10-01,2026-09-11T14:42:06Z
SM-A135F,ILO,A135FXXU2AVJ3,2022-10-01,2026-09-11T14:41:46Z
SM-A135F,INS,A135FXXU2AVJ3,2022-10-01,2026-09-11T14:42:03Z
SM-A135F,MID,A135FXXU2AVJ3,2022-10-01,2026-09-11T14:41:49Z
SM-A135F,TUR,A135FXXU2AVJ3,2022-10-01,2026-09-11T14:41:55Z
SM-A135F,XSA,A135FXXU2AVJ3,2022-10-01,2026-09-11T14:42:17Z
SM-A135F,XSG,A135FXXU2AVJ3,2022-10-01,2026-09-11T14:41:58Z
SM-A135F,AFG,A135FXXU2BVL2,2022-11-01,2026-09-11T14:42:00Z
SM-A135F,EGY,A135FXXU2BVL2,2022-11-01,2026-09-11T14:41:52Z
SM-A135F,EUX,A135FXXU2BVL2,2022-11-01,2026-09-11T14:42:06Z
SM-A135F,ILO,A135FXXU2BVL2,2022-11-01,2026-09-11T14:41:46Z
SM-A135F,MID,A135FXXU2BVL2,2022-11-01,2026-09-11T14:41:49Z
SM-A135F,TUR,A135FXXU2BVL2,2022-11-01,2026-09-11T14:41:55Z
SM-A135F,XSG,A135FXXU2BVL2,2022-11-01,2026-09-11T14:41:58Z
SM-A135F,INS,A135FXXU2BVL3,2022-11-01,2026-09-11T14:42:03Z
SM-A135F,XSA,A135FXXU2BVL3,2022-11-01,2026-09-11T14:42:17Z
SM-A135F,AFG,A135FXXU3CWB9,2023-02-01,2026-09-11T14:42:00Z
SM-A135F,EGY,A135FXXU3CWB9,2023-02-01,2026-09-11T14:41:52Z
SM-A135F,EUX,A135FXXU3CWB9,2023-02-01,2026-09-11T14:42:06Z
SM-A135F,ILO,A135FXXU3CWB9,2023-02-01,2026-09-11T14:41:46Z
SM-A135F,INS,A135FXXU3CWB9,2023-02-01,2026-09-11T14:42:03Z
SM-A135F,MID,A135FXXU3CWB9,2023-02-01,2026-09-11T14:41:49Z
SM-A135F,TUR,A135FXXU3CWB9,2023-02-01,2026-09-11T14:41:55Z
SM-A135F,XSA,A135FXXU3CWB9,2023-02-01,2026-09-11T14:42:17Z
SM-A135F,XSG,A135FXXU3CWB9,2023-02-01,2026-09-11T14:41:58Z
SM-A135F,AFG,A135FXXU4CWE5,2023-05-01,2026-09-11T14:42:00Z
SM-A135F,EGY,A135FXXU4CWE5,2023-05-01,2026-09-11T14:41:52Z
SM-A135F,EUX,A135FXXU4CWE5,2023-05-01,2026-09-11T14:42:06Z
SM-A135F,ILO,A135FXXU4CWE5,2023-05-01,2026-09-11T14:41:46Z
SM-A135F,MID,A135FXXU4CWE5,2023-05-01,2026-09-11T14:41:49Z
SM-A135F,TUR,A135FXXU4CWE5,2023-05-01,2026-09-11T14:41:55Z
SM-A135F,XSA,A135FXXU4CWE5,2023-05-01,2026-09-11T14:42:17Z
SM-A135F,XSG,A135FXXU4CWE5,2023-05-01,2026-09-11T14:41:58Z
SM-A135F,INS,A135FXXU4CWF1,2023-05-01,2026-09-11T14:42:03Z
SM-A135F,EUX,A135FXXU5CWH1,2023-07-01,2026-09-11T14:42:06Z
SM-A135F,AFG,A135FXXU5DXA2,2023-11-01,2026-09-11T14:42:00Z
SM-A135F,EGY,A135FXXU5DXA2,2023-11-01,2026-09-11T14:41:52Z
SM-A135F,ILO,A135FXXU5DXA2,2023-11-01,2026-09-11T14:41:46Z
SM-A135F,MID,A135FXXU5DXA2,2023-11-01,2026-09-11T14:41:49Z
SM-A135F,TUR,A135FXXU5DXA2,2023-11-01,2026-09-11T14:41:55Z
SM-A135F,XSA,A135FXXU5DXA2,2023-11-01,2026-09-11T14:42:17Z
SM-A135F,XSG,A135FXXU5DXA2,2023-11-01,2026-09-11T14:41:58Z
SM-A135F,EUX,A135FXXU5DXA3,2023-11-01,2026-09-11T14:42:06Z
SM-A135F,INS,A135FXXU5DXA4,2023-11-01,2026-09-11T14:42:03Z
SM-A135F,AFG,A135FXXU7EXF1,2024-06-01,2026-09-11T14:42:00Z
SM-A135F,EGY,A135FXXU7EXF1,2024-06-01,2026-09-11T14:41:52Z
SM-A135F,EUX,A135FXXU7EXF1,2024-06-01,2026-09-11T14:42:06Z
SM-A135F,ILO,A135FXXU7EXF1,2024-06-01,2026-09-11T14:41:46Z
SM-A135F,MID,A135FXXU7EXF1,2024-06-01,2026-09-11T14:41:49Z
SM-A135F,TUR,A135FXXU7EXF1,2024-06-01,2026-09-11T14:41:55Z
SM-A135F,XSA,A135FXXU7EXF1,2024-06-01,2026-09-11T14:42:17Z
SM-A135F,XSG,A135FXXU7EXF1,2024-06-01,2026-09-11T14:41:58Z
SM-A135F,INS,A135FXXU7EXF2,2024-06-01,2026-09-11T14:42:03Z
SM-A135F,AFG,A135FXXU8EXH1,2024-07-01,2026-09-11T14:42:00Z
SM-A135F,EGY,A135FXXU8EXH1,2024-07-01,2026-09-11T14:41:52Z
SM-A135F,EUX,A135FXXU8EXH1,2024-07-01,2026-09-11T14:42:06Z
SM-A135F,ILO,A135FXXU8EXH1,2024-07-01,2026-09-11T14:41:46Z
SM-A135F,INS,A135FXXU8EXH1,2024-07-01,2026-09-11T14:42:03Z
SM-A135F,MID,A135FXXU8EXH1,2024-07-01,2026-09-11T14:41:49Z
SM-A135F,TUR,A135FXXU8EXH1,2024-07-01,2026-09-11T14:41:55Z
SM-A135F,XSA,A135FXXU8EXH1,2024-07-01,2026-09-11T14:42:17Z
SM-A135F,XSG,A135FXXU8EXH1,2024-07-01,2026-09-11T14:41:58Z
SM-A135F,AFG,A135FXXUAEXL2,2024-11-01,2026-09-11T14:42:00Z
SM-A135F,EGY,A135FXXUAEXL2,2024-11-01,2026-09-11T14:41:52Z
SM-A135F,EUX,A135FXXUAEXL2,2024-11-01,2026-09-11T14:42:06Z
SM-A135F,ILO,A135FXXUAEXL2,2024-11-01,2026-09-11T14:41:46Z
SM-A135F,INS,A135FXXUAEXL2,2024-11-01,2026-09-11T14:42:03Z
SM-A135F,MID,A135FXXUAEXL2,2024-11-01,2026-09-11T14:41:49Z
SM-A135F,TUR,A135FXXUAEXL2,2024-11-01,2026-09-11T14:41:55Z
SM-A135F,XSA,A135FXXUAEXL2,2024-11-01,2026-09-11T14:42:17Z
SM-A135F,XSG,A135FXXUAEXL2,2024-11-01,2026-09-11T14:41:58Z
SM-A137F,EUX,A137FXXS1AVJ1,2022-10-01,2026-09-11T14:42:45Z
SM-A137F,AFG,A137FXXS1BWA2,2023-01-01,2026-09-11T14:42:38Z
SM-A137F,EGY,A137FXXS1BWA2,2023-01-01,2026-09-11T14:42:29Z
SM-A137F,EUX,A137FXXS1BWA2,2023-01-01,2026-09-11T14:42:45Z
SM-A137F,ILO,A137FXXS1BWA2,2023-01-01,2026-09-11T14:42:23Z
SM-A137F,MID,A137FXXS1BWA2,2023-01-01,2026-09-11T14:42:26Z
SM-A137F,TUR,A137FXXS1BWA2,2023-01-01,2026-09-11T14:42:32Z
SM-A137F,XSG,A137FXXS1BWA2,2023-01-01,2026-09-11T14:42:35Z
SM-A137F,AFG,A137FXXS2CWD2,2023-04-01,2026-09-11T14:42:38Z
SM-A137F,EGY,A137FXXS2CWD2,2023-04-01,2026-09-11T14:42:29Z
SM-A137F,EUX,A137FXXS2CWD2,2023-04-01,2026-09-11T14:42:45Z
SM-A137F,ILO,A137FXXS2CWD2,2023-04-01,2026-09-11T14:42:23Z
SM-A137F,MID,A137FXXS2CWD2,2023-04-01,2026-09-11T14:42:26Z
SM-A137F,TUR,A137FXXS2CWD2,2023-04-01,2026-09-11T14:42:32Z
SM-A137F,XSG,A137FXXS2CWD2,2023-04-01,2026-09-11T14:42:35Z
SM-A137F,EUX,A137FXXS3CWI1,2023-09-01,2026-09-11T14:42:45Z
SM-A137F,AFG,A137FXXS3CWI3,2023-09-01,2026-09-11T14:42:38Z
SM-A137F,EGY,A137FXXS3CWI3,2023-09-01,2026-09-11T14:42:29Z
SM-A137F,ILO,A137FXXS3CWI3,2023-09-01,2026-09-11T14:42:23Z
SM-A137F,MID,A137FXXS3CWI3,2023-09-01,2026-09-11T14:42:26Z
SM-A137F,TUR,A137FXXS3CWI3,2023-09-01,2026-09-11T14:42:32Z
SM-A137F,XSG,A137FXXS3CWI3,2023-09-01,2026-09-11T14:42:35Z
SM-A137F,EUX,A137FXXS3CWL1,2023-11-01,2026-09-11T14:42:45Z
SM-A137F,AFG,A137FXXS3CWL2,2023-11-01,2026-09-11T14:42:38Z
SM-A137F,EGY,A137FXXS3CWL2,2023-11-01,2026-09-11T14:42:29Z
SM-A137F,ILO,A137FXXS3CWL2,2023-11-01,2026-09-11T14:42:23Z
SM-A137F,MID,A137FXXS3CWL2,2023-11-01,2026-09-11T14:42:26Z
SM-A137F,TUR,A137FXXS3CWL2,2023-11-01,2026-09-11T14:42:32Z
SM-A137F,XSG,A137FXXS3CWL2,2023-11-01,2026-09-11T14:42:35Z
SM-A137F,AFG,A137FXXS4DXC1,2024-03-01,2026-09-11T14:42:38Z
SM-A137F,EGY,A137FXXS4DXC1,2024-03-01,2026-09-11T14:42:29Z
SM-A137F,EUX,A137FXXS4DXC1,2024-03-01,2026-09-11T14:42:45Z
SM-A137F,ILO,A137FXXS4DXC1,2024-03-01,2026-09-11T14:42:23Z
SM-A137F,MID,A137FXXS4DXC1,2024-03-01,2026-09-11T14:42:26Z
SM-A137F,TUR,A137FXXS4DXC1,2024-03-01,2026-09-11T14:42:32Z
SM-A137F,XSG,A137FXXS4DXC1,2024-03-01,2026-09-11T14:42:35Z
SM-A137F,AFG,A137FXXS5DXE2,2024-05-01,2026-09-11T14:42:38Z
SM-A137F,EGY,A137FXXS5DXE2,2024-05-01,2026-09-11T14:42:29Z
SM-A137F,EUX,A137FXXS5DXE2,2024-05-01,2026-09-11T14:42:45Z
SM-A137F,ILO,A137FXXS5DXE2,2024-05-01,2026-09-11T14:42:23Z
SM-A137F,MID,A137FXXS5DXE2,2024-05-01,2026-09-11T14:42:26Z
SM-A137F,TUR,A137FXXS5DXE2,2024-05-01,2026-09-11T14:42:32Z
SM-A137F,XSG,A137FXXS5DXE2,2024-05-01,2026-09-11T14:42:35Z
SM-A137F,AFG,A137FXXS6EXG2,2024-07-01,2026-09-11T14:42:38Z
SM-A137F,EGY,A137FXXS6EXG2,2024-07-01,2026-09-11T14:42:29Z
SM-A137F,EUX,A137FXXS6EXG2,2024-07-01,2026-09-11T14:42:45Z
SM-A137F,ILO,A137FXXS6EXG2,2024-07-01,2026-09-11T14:42:23Z
SM-A137F,MID,A137FXXS6EXG2,2024-07-01,2026-09-11T14:42:26Z
SM-A137F,TUR,A137FXXS6EXG2,2024-07-01,2026-09-11T14:42:32Z
SM-A137F,XSG,A137FXXS6EXG2,2024-07-01,2026-09-11T14:42:35Z
SM-A137F,AFG,A137FXXS7EXI3,2024-10-01,2026-09-11T14:42:38Z
SM-A137F,EGY,A137FXXS7EXI3,2024-10-01,2026-09-11T14:42:29Z
SM-A137F,EUX,A137FXXS7EXI3,2024-10-01,2026-09-11T14:42:45Z
SM-A137F,ILO,A137FXXS7EXI3,2024-10-01,2026-09-11T14:42:23Z
SM-A137F,MID,A137FXXS7EXI3,2024-10-01,2026-09-11T14:42:26Z
SM-A137F,TUR,A137FXXS7EXI3,2024-10-01,2026-09-11T14:42:32Z
SM-A137F,XSG,A137FXXS7EXI3,2024-10-01,2026-09-11T14:42:35Z
SM-A137F,AFG,A137FXXS8EXJ1,2024-11-01,2026-09-11T14:42:38Z
SM-A137F,EGY,A137FXXS8EXJ1,2024-11-01,2026-09-11T14:42:29Z
SM-A137F,EUX,A137FXXS8EXJ1,2024-11-01,2026-09-11T14:42:45Z
SM-A137F,ILO,A137FXXS8EXJ1,2024-11-01,2026-09-11T14:42:23Z
SM-A137F,MID,A137FXXS8EXJ1,2024-11-01,2026-09-11T14:42:26Z
SM-A137F,TUR,A137FXXS8EXJ1,2024-11-01,2026-09-11T14:42:32Z
SM-A137F,XSG,A137FXXS8EXJ1,2024-11-01,2026-09-11T14:42:35Z
SM-A137F,AFG,A137FXXS8EYA2,2025-01-01,2026-09-11T14:42:38Z
SM-A137F,EGY,A137FXXS8EYA2,2025-01-01,2026-09-11T14:42:29Z
SM-A137F,EUX,A137FXXS8EYA2,2025-01-01,2026-09-11T14:42:45Z
SM-A137F,ILO,A137FXXS8EYA2,2025-01-01,2026-09-11T14:42:23Z
SM-A137F,MID,A137FXXS8EYA2,2025-01-01,2026-09-11T14:42:26Z
SM-A137F,TUR,A137FXXS8EYA2,2025-01-01,2026-09-11T14:42:32Z
SM-A137F,XSG,A137FXXS8EYA2,2025-01-01,2026-09-11T14:42:35Z
SM-A137F,AFG,A137FXXS8EYC2,2025-03-01,2026-09-11T14:42:38Z
SM-A137F,EGY,A137FXXS8EYC2,2025-03-01,2026-09-11T14:42:29Z
SM-A137F,EUX,A137FXXS8EYC2,2025-03-01,2026-09-11T14:42:45Z
SM-A137F,ILO,A137FXXS8EYC2,2025-03-01,2026-09-11T14:42:23Z
SM-A137F,MID,A137FXXS8EYC2,2025-03-01,2026-09-11T14:42:26Z
SM-A137F,TUR,A137FXXS8EYC2,2025-03-01,2026-09-11T14:42:32Z
SM-A137F,XSG,A137FXXS8EYC2,2025-03-01,2026-09-11T14:42:35Z
SM-A137F,AFG,A137FXXS9EYE2,2025-06-01,2026-09-11T14:42:38Z
SM-A137F,EGY,A137FXXS9EYE2,2025-06-01,2026-09-11T14:42:29Z
SM-A137F,EUX,A137FXXS9EYE2,2025-06-01,2026-09-11T14:42:45Z
SM-A137F,ILO,A137FXXS9EYE2,2025-06-01,2026-09-11T14:42:23Z
SM-A137F,MID,A137FXXS9EYE2,2025-06-01,2026-09-11T14:42:26Z
SM-A137F,TUR,A137FXXS9EYE2,2025-06-01,2026-09-11T14:42:32Z
SM-A137F,XSG,A137FXXS9EYE2,2025-06-01,2026-09-11T14:42:35Z
SM-A137F,AFG,A137FXXSAEYI1,2025-09-01,2026-09-11T14:42:38Z
SM-A137F,EGY,A137FXXSAEYI1,2025-09-01,2026-09-11T14:42:29Z
SM-A137F,EUX,A137FXXSAEYI1,2025-09-01,2026-09-11T14:42:45Z
SM-A137F,ILO,A137FXXSAEYI1,2025-09-01,2026-09-11T14:42:23Z
SM-A137F,MID,A137FXXSAEYI1,2025-09-01,2026-09-11T14:42:26Z
SM-A137F,TUR,A137FXXSAEYI1,2025-09-01,2026-09-11T14:42:32Z
SM-A137F,XSG,A137FXXSAEYI1,2025-09-01,2026-09-11T14:42:35Z
SM-A137F,AFG,A137FXXSBEYL1,2025-12-01,2026-09-11T14:42:38Z
SM-A137F,EGY,A137FXXSBEYL1,2025-12-01,2026-09-11T14:42:29Z
SM-A137F,EUX,A137FXXSBEYL1,2025-12-01,2026-09-11T14:42:45Z
SM-A137F,ILO,A137FXXSBEYL1,2025-12-01,2026-09-11T14:42:23Z
SM-A137F,MID,A137FXXSBEYL1,2025-12-01,2026-09-11T14:42:26Z
SM-A137F,TUR,A137FXXSBEYL1,2025-12-01,2026-09-11T14:42:32Z
SM-A137F,XSG,A137FXXSBEYL1,2025-12-01,2026-09-11T14:42:35Z
SM-A137F,AFG,A137FXXSCEZB1,2026-02-05,2026-09-11T14:42:38Z
SM-A137F,EGY,A137FXXSCEZB1,2026-02-05,2026-09-11T14:42:29Z
SM-A137F,EUX,A137FXXSCEZB1,2026-02-05,2026-09-11T14:42:45Z
SM-A137F,ILO,A137FXXSCEZB1,2026-02-05,2026-09-11T14:42:23Z
SM-A137F,MID,A137FXXSCEZB1,2026-02-05,2026-09-11T14:42:26Z
SM-A137F,TUR,A137FXXSCEZB1,2026-02-05,2026-09-11T14:42:32Z
SM-A137F,XSG,A137FXXSCEZB1,2026-02-05,2026-09-11T14:42:35Z
SM-A137F,AFG,A137FXXU1AVF1,2022-06-01,2026-09-11T14:42:38Z
SM-A137F,EGY,A137FXXU1AVF1,2022-06-01,2026-09-11T14:42:29Z
SM-A137F,ILO,A137FXXU1AVF1,2022-06-01,2026-09-11T14:42:23Z
SM-A137F,MID,A137FXXU1AVF1,2022-06-01,2026-09-11T14:42:26Z
SM-A137F,TUR,A137FXXU1AVF1,2022-06-01,2026-09-11T14:42:32Z
SM-A137F,XSG,A137FXXU1AVF1,2022-06-01,2026-09-11T14:42:35Z
SM-A137F,AFG,A137FXXU1AVH1,2022-08-01,2026-09-11T14:42:38Z
SM-A137F,EGY,A137FXXU1AVH1,2022-08-01,2026-09-11T14:42:29Z
SM-A137F,EUX,A137FXXU1AVH1,2022-08-01,2026-09-11T14:42:45Z
SM-A137F,ILO,A137FXXU1AVH1,2022-08-01,2026-09-11T14:42:23Z
SM-A137F,MID,A137FXXU1AVH1,2022-08-01,2026-09-11T14:42:26Z
SM-A137F,TUR,A137FXXU1AVH1,2022-08-01,2026-09-11T14:42:32Z
SM-A137F,XSG,A137FXXU1AVH1,2022-08-01,2026-09-11T14:42:35Z
SM-A137F,AFG,A137FXXU1BVL1,2022-11-01,2026-09-11T14:42:38Z
SM-A137F,EGY,A137FXXU1BVL1,2022-11-01,2026-09-11T14:42:29Z
SM-A137F,EUX,A137FXXU1BVL1,2022-11-01,2026-09-11T14:42:45Z
SM-A137F,ILO,A137FXXU1BVL1,2022-11-01,2026-09-11T14:42:23Z
SM-A137F,MID,A137FXXU1BVL1,2022-11-01,2026-09-11T14:42:26Z
SM-A137F,TUR,A137FXXU1BVL1,2022-11-01,2026-09-11T14:42:32Z
SM-A137F,XSG,A137FXXU1BVL1,2022-11-01,2026-09-11T14:42:35Z
SM-A137F,AFG,A137FXXU1CWB4,2023-02-01,2026-09-11T14:42:38Z
SM-A137F,EGY,A137FXXU1CWB4,2023-02-01,2026-09-11T14:42:29Z
SM-A137F,EUX,A137FXXU1CWB4,2023-02-01,2026-09-11T14:42:45Z
SM-A137F,ILO,A137FXXU1CWB4,2023-02-01,2026-09-11T14:42:23Z
SM-A137F,MID,A137FXXU1CWB4,2023-02-01,2026-09-11T14:42:26Z
SM-A137F,TUR,A137FXXU1CWB4,2023-02-01,2026-09-11T14:42:32Z
SM-A137F,XSG,A137FXXU1CWB4,2023-02-01,2026-09-11T14:42:35Z
SM-A137F,AFG,A137FXXU3CWE1,2023-06-01,2026-09-11T14:42:38Z
SM-A137F,EGY,A137FXXU3CWE1,2023-06-01,2026-09-11T14:42:29Z
SM-A137F,EUX,A137FXXU3CWE1,2023-06-01,2026-09-11T14:42:45Z
SM-A137F,ILO,A137FXXU3CWE1,2023-06-01,2026-09-11T14:42:23Z
SM-A137F,MID,A137FXXU3CWE1,2023-06-01,2026-09-11T14:42:26Z
SM-A137F,TUR,A137FXXU3CWE1,2023-06-01,2026-09-11T14:42:32Z
SM-A137F,XSG,A137FXXU3CWE1,2023-06-01,2026-09-11T14:42:35Z
SM-A137F,EUX,A137FXXU3CWH1,2023-07-01,2026-09-11T14:42:45Z
SM-A137F,AFG,A137FXXU3DXA1,2024-01-01,2026-09-11T14:42:38Z
SM-A137F,EGY,A137FXXU3DXA1,2024-01-01,2026-09-11T14:42:29Z
SM-A137F,EUX,A137FXXU3DXA1,2024-01-01,2026-09-11T14:42:45Z
SM-A137F,ILO,A137FXXU3DXA1,2024-01-01,2026-09-11T14:42:23Z
SM-A137F,MID,A137FXXU3DXA1,2024-01-01,2026-09-11T14:42:26Z
SM-A137F,TUR,A137FXXU3DXA1,2024-01-01,2026-09-11T14:42:32Z
SM-A137F,XSG,A137FXXU3DXA1,2024-01-01,2026-09-11T14:42:35Z
SM-A137F,AFG,A137FXXU5EXE3,2024-05-01,2026-09-11T14:42:38Z
SM-A137F,EGY,A137FXXU5EXE3,2024-05-01,2026-09-11T14:42:29Z
SM-A137F,EUX,A137FXXU5EXE3,2024-05-01,2026-09-11T14:42:45Z
SM-A137F,ILO,A137FXXU5EXE3,2024-05-01,2026-09-11T14:42:23Z
SM-A137F,MID,A137FXXU5EXE3,2024-05-01,2026-09-11T14:42:26Z
SM-A137F,TUR,A137FXXU5EXE3,2024-05-01,2026-09-11T14:42:32Z
SM-A137F,XSG,A137FXXU5EXE3,2024-05-01,2026-09-11T14:42:35Z
SM-A137F,AFG,A137FXXU6EXG3,2024-07-01,2026-09-11T14:42:38Z
SM-A137F,EGY,A137FXXU6EXG3,2024-07-01,2026-09-11T14:42:29Z
SM-A137F,EUX,A137FXXU6EXG3,2024-07-01,2026-09-11T14:42:45Z
SM-A137F,ILO,A137FXXU6EXG3,2024-07-01,2026-09-11T14:42:23Z
SM-A137F,MID,A137FXXU6EXG3,2024-07-01,2026-09-11T14:42:26Z
SM-A137F,TUR,A137FXXU6EXG3,2024-07-01,2026-09-11T14:42:32Z
SM-A137F,XSG,A137FXXU6EXG3,2024-07-01,2026-09-11T14:42:35Z
SM-A137F,AFG,A137FXXU8EXK1,2024-11-01,2026-09-11T14:42:38Z
SM-A137F,EGY,A137FXXU8EXK1,2024-11-01,2026-09-11T14:42:29Z
SM-A137F,EUX,A137FXXU8EXK1,2024-11-01,2026-09-11T14:42:45Z
SM-A137F,ILO,A137FXXU8EXK1,2024-11-01,2026-09-11T14:42:23Z
SM-A137F,MID,A137FXXU8EXK1,2024-11-01,2026-09-11T14:42:26Z
SM-A137F,TUR,A137FXXU8EXK1,2024-11-01,2026-09-11T14:42:32Z
SM-A137F,XSG,A137FXXU8EXK1,2024-11-01,2026-09-11T14:42:35Z
SM-A155F,EUX,A155FXXS1AXA3,2024-01-01,2026-09-11T14:43:20Z
SM-A155F,AFG,A155FXXS1AXA4,2024-02-01,2026-09-11T14:43:15Z
SM-A155F,EGY,A155FXXS1AXA4,2024-02-01,2026-09-11T14:43:06Z
SM-A155F,ILO,A155FXXS1AXA4,2024-02-01,2026-09-11T14:43:01Z
SM-A155F,MID,A155FXXS1AXA4,2024-02-01,2026-09-11T14:43:03Z
SM-A155F,TUR,A155FXXS1AXA4,2024-02-01,2026-09-11T14:43:09Z
SM-A155F,XSG,A155FXXS1AXA4,2024-02-01,2026-09-11T14:43:11Z
SM-A155F,EUX,A155FXXS1AXC2,2024-03-01,2026-09-11T14:43:20Z
SM-A155F,AFG,A155FXXS2AXE1,2024-05-01,2026-09-11T14:43:15Z
SM-A155F,EGY,A155FXXS2AXE1,2024-05-01,2026-09-11T14:43:06Z
SM-A155F,ILO,A155FXXS2AXE1,2024-05-01,2026-09-11T14:43:01Z
SM-A155F,MID,A155FXXS2AXE1,2024-05-01,2026-09-11T14:43:03Z
SM-A155F,TUR,A155FXXS2AXE1,2024-05-01,2026-09-11T14:43:09Z
SM-A155F,XSG,A155FXXS2AXE1,2024-05-01,2026-09-11T14:43:11Z
SM-A155F,AFG,A155FXXS3BXF1,2024-07-01,2026-09-11T14:43:15Z
SM-A155F,EGY,A155FXXS3BXF1,2024-07-01,2026-09-11T14:43:06Z
SM-A155F,ILO,A155FXXS3BXF1,2024-07-01,2026-09-11T14:43:01Z
SM-A155F,MID,A155FXXS3BXF1,2024-07-01,2026-09-11T14:43:03Z
SM-A155F,TUR,A155FXXS3BXF1,2024-07-01,2026-09-11T14:43:09Z
SM-A155F,XSG,A155FXXS3BXF1,2024-07-01,2026-09-11T14:43:11Z
SM-A155F,EUX,A155FXXS3BXG3,2024-07-01,2026-09-11T14:43:20Z
SM-A155F,AFG,A155FXXS4BXI3,2024-09-01,2026-09-11T14:43:15Z
SM-A155F,EGY,A155FXXS4BXI3,2024-09-01,2026-09-11T14:43:06Z
SM-A155F,EUX,A155FXXS4BXI3,2024-09-01,2026-09-11T14:43:20Z
SM-A155F,MID,A155FXXS4BXI3,2024-09-01,2026-09-11T14:43:03Z
SM-A155F,TUR,A155FXXS4BXI3,2024-09-01,2026-09-11T14:43:09Z
SM-A155F,XSG,A155FXXS4BXI3,2024-09-01,2026-09-11T14:43:11Z
SM-A155F,ILO,A155FXXS4BXI4,2024-09-01,2026-09-11T14:43:01Z
SM-A155F,AFG,A155FXXS5BXJ3,2024-10-01,2026-09-11T14:43:15Z
SM-A155F,EGY,A155FXXS5BXJ3,2024-10-01,2026-09-11T14:43:06Z
SM-A155F,EUX,A155FXXS5BXJ3,2024-10-01,2026-09-11T14:43:20Z
SM-A155F,MID,A155FXXS5BXJ3,2024-10-01,2026-09-11T14:43:03Z
SM-A155F,TUR,A155FXXS5BXJ3,2024-10-01,2026-09-11T14:43:09Z
SM-A155F,XSG,A155FXXS5BXJ3,2024-10-01,2026-09-11T14:43:11Z
SM-A155F,ILO,A155FXXS5BXJ4,2024-10-01,2026-09-11T14:43:01Z
SM-A155F,EUX,A155FXXS5BYA1,2025-01-01,2026-09-11T14:43:20Z
SM-A155F,AFG,A155FXXS5BYC1,2025-02-01,2026-09-11T14:43:15Z
SM-A155F,EGY,A155FXXS5BYC1,2025-02-01,2026-09-11T14:43:06Z
SM-A155F,ILO,A155FXXS5BYC1,2025-02-01,2026-09-11T14:43:01Z
SM-A155F,MID,A155FXXS5BYC1,2025-02-01,2026-09-11T14:43:03Z
SM-A155F,TUR,A155FXXS5BYC1,2025-02-01,2026-09-11T14:43:09Z
SM-A155F,XSG,A155FXXS5BYC1,2025-02-01,2026-09-11T14:43:11Z
SM-A155F,EUX,A155FXXS5BYC2,2025-03-01,2026-09-11T14:43:20Z
SM-A155F,AFG,A155FXXS6BYE1,2025-03-01,2026-09-11T14:43:15Z
SM-A155F,EGY,A155FXXS6BYE1,2025-03-01,2026-09-11T14:43:06Z
SM-A155F,ILO,A155FXXS6BYE1,2025-03-01,2026-09-11T14:43:01Z
SM-A155F,MID,A155FXXS6BYE1,2025-03-01,2026-09-11T14:43:03Z
SM-A155F,TUR,A155FXXS6BYE1,2025-03-01,2026-09-11T14:43:09Z
SM-A155F,XSG,A155FXXS6BYE1,2025-03-01,2026-09-11T14:43:11Z
SM-A155F,EUX,A155FXXS6BYE2,2025-03-01,2026-09-11T14:43:20Z
SM-A155F,EUX,A155FXXS7CYG1,2025-07-01,2026-09-11T14:43:20Z
SM-A155F,AFG,A155FXXS7CYG4,2025-08-01,2026-09-11T14:43:15Z
SM-A155F,EGY,A155FXXS7CYG4,2025-08-01,2026-09-11T14:43:06Z
SM-A155F,ILO,A155FXXS7CYG4,2025-08-01,2026-09-11T14:43:01Z
SM-A155F,MID,A155FXXS7CYG4,2025-08-01,2026-09-11T14:43:03Z
SM-A155F,TUR,A155FXXS7CYG4,2025-08-01,2026-09-11T14:43:09Z
SM-A155F,XSG,A155FXXS7CYG4,2025-08-01,2026-09-11T14:43:11Z
SM-A155F,EUX,A155FXXS7CYI1,2025-09-01,2026-09-11T14:43:20Z
SM-A155F,AFG,A155FXXS8DYL1,2025-12-01,2026-09-11T14:43:15Z
SM-A155F,EGY,A155FXXS8DYL1,2025-12-01,2026-09-11T14:43:06Z
SM-A155F,EUX,A155FXXS8DYL1,2025-12-01,2026-09-11T14:43:20Z
SM-A155F,ILO,A155FXXS8DYL1,2025-12-01,2026-09-11T14:43:01Z
SM-A155F,MID,A155FXXS8DYL1,2025-12-01,2026-09-11T14:43:03Z
SM-A155F,TUR,A155FXXS8DYL1,2025-12-01,2026-09-11T14:43:09Z
SM-A155F,XSG,A155FXXS8DYL1,2025-12-01,2026-09-11T14:43:11Z
SM-A155F,AFG,A155FXXS9DZA2,2026-01-01,2026-09-11T14:43:15Z
SM-A155F,EGY,A155FXXS9DZA2,2026-01-01,2026-09-11T14:43:06Z
SM-A155F,EUX,A155FXXS9DZA2,2026-01-01,2026-09-11T14:43:20Z
SM-A155F,ILO,A155FXXS9DZA2,2026-01-01,2026-09-11T14:43:01Z
SM-A155F,MID,A155FXXS9DZA2,2026-01-01,2026-09-11T14:43:03Z
SM-A155F,TUR,A155FXXS9DZA2,2026-01-01,2026-09-11T14:43:09Z
SM-A155F,XSG,A155FXXS9DZA2,2026-01-01,2026-09-11T14:43:11Z
SM-A155F,AFG,A155FXXSADZB5,2026-02-05,2026-09-11T14:43:15Z
SM-A155F,EGY,A155FXXSADZB5,2026-02-05,2026-09-11T14:43:06Z
SM-A155F,EUX,A155FXXSADZB5,2026-02-05,2026-09-11T14:43:20Z
SM-A155F,ILO,A155FXXSADZB5,2026-02-05,2026-09-11T14:43:01Z
SM-A155F,MID,A155FXXSADZB5,2026-02-05,2026-09-11T14:43:03Z
SM-A155F,TUR,A155FXXSADZB5,2026-02-05,2026-09-11T14:43:09Z
SM-A155F,XSG,A155FXXSADZB5,2026-02-05,2026-09-11T14:43:11Z
SM-A155F,AFG,A155FXXSBEZG1,2026-07-05,2026-09-11T14:43:15Z
SM-A155F,EGY,A155FXXSBEZG1,2026-07-05,2026-09-11T14:43:06Z
SM-A155F,EUX,A155FXXSBEZG1,2026-07-05,2026-09-11T14:43:20Z
SM-A155F,ILO,A155FXXSBEZG1,2026-07-05,2026-09-11T14:43:01Z
SM-A155F,MID,A155FXXSBEZG1,2026-07-05,2026-09-11T14:43:03Z
SM-A155F,TUR,A155FXXSBEZG1,2026-07-05,2026-09-11T14:43:09Z
SM-A155F,XSG,A155FXXSBEZG1,2026-07-05,2026-09-11T14:43:11Z
SM-A155F,EUX,A155FXXU1AXC4,2024-03-01,2026-09-11T14:43:20Z
SM-A155F,AFG,A155FXXU2BXE2,2024-05-01,2026-09-11T14:43:15Z
SM-A155F,EGY,A155FXXU2BXE2,2024-05-01,2026-09-11T14:43:06Z
SM-A155F,ILO,A155FXXU2BXE2,2024-05-01,2026-09-11T14:43:01Z
SM-A155F,MID,A155FXXU2BXE2,2024-05-01,2026-09-11T14:43:03Z
SM-A155F,TUR,A155FXXU2BXE2,2024-05-01,2026-09-11T14:43:09Z
SM-A155F,XSG,A155FXXU2BXE2,2024-05-01,2026-09-11T14:43:11Z
SM-A155F,EUX,A155FXXU2BXE4,2024-05-01,2026-09-11T14:43:20Z
SM-A155F,AFG,A155FXXU3BXG4,2024-07-01,2026-09-11T14:43:15Z
SM-A155F,EGY,A155FXXU3BXG4,2024-07-01,2026-09-11T14:43:06Z
SM-A155F,EUX,A155FXXU3BXG4,2024-07-01,2026-09-11T14:43:20Z
SM-A155F,MID,A155FXXU3BXG4,2024-07-01,2026-09-11T14:43:03Z
SM-A155F,TUR,A155FXXU3BXG4,2024-07-01,2026-09-11T14:43:09Z
SM-A155F,XSG,A155FXXU3BXG4,2024-07-01,2026-09-11T14:43:11Z
SM-A155F,ILO,A155FXXU3BXI1,2024-07-01,2026-09-11T14:43:01Z
SM-A155F,AFG,A155FXXU5BXK5,2024-11-01,2026-09-11T14:43:15Z
SM-A155F,EGY,A155FXXU5BXK5,2024-11-01,2026-09-11T14:43:06Z
SM-A155F,EUX,A155FXXU5BXK5,2024-11-01,2026-09-11T14:43:20Z
SM-A155F,ILO,A155FXXU5BXK5,2024-11-01,2026-09-11T14:43:01Z
SM-A155F,MID,A155FXXU5BXK5,2024-11-01,2026-09-11T14:43:03Z
SM-A155F,TUR,A155FXXU5BXK5,2024-11-01,2026-09-11T14:43:09Z
SM-A155F,XSG,A155FXXU5BXK5,2024-11-01,2026-09-11T14:43:11Z
SM-A155F,AFG,A155FXXU6CYE3,2025-05-01,2026-09-11T14:43:15Z
SM-A155F,EGY,A155FXXU6CYE3,2025-05-01,2026-09-11T14:43:06Z
SM-A155F,ILO,A155FXXU6CYE3,2025-05-01,2026-09-11T14:43:01Z
SM-A155F,MID,A155FXXU6CYE3,2025-05-01,2026-09-11T14:43:03Z
SM-A155F,TUR,A155FXXU6CYE3,2025-05-01,2026-09-11T14:43:09Z
SM-A155F,XSG,A155FXXU6CYE3,2025-05-01,2026-09-11T14:43:11Z
SM-A155F,EUX,A155FXXU6CYE6,2025-05-01,2026-09-11T14:43:20Z
SM-A155F,AFG,A155FXXU6CYE8,2025-05-01,2026-09-11T14:43:15Z
SM-A155F,EGY,A155FXXU6CYE8,2025-05-01,2026-09-11T14:43:06Z
SM-A155F,ILO,A155FXXU6CYE8,2025-05-01,2026-09-11T14:43:01Z
SM-A155F,MID,A155FXXU6CYE8,2025-05-01,2026-09-11T14:43:03Z
SM-A155F,TUR,A155FXXU6CYE8,2025-05-01,2026-09-11T14:43:09Z
SM-A155F,XSG,A155FXXU6CYE8,2025-05-01,2026-09-11T14:43:11Z
SM-A155F,AFG,A155FXXU7DYK1,2025-10-01,2026-09-11T14:43:15Z
SM-A155F,EGY,A155FXXU7DYK1,2025-10-01,2026-09-11T14:43:06Z
SM-A155F,EUX,A155FXXU7DYK1,2025-10-01,2026-09-11T14:43:20Z
SM-A155F,ILO,A155FXXU7DYK1,2025-10-01,2026-09-11T14:43:01Z
SM-A155F,MID,A155FXXU7DYK1,2025-10-01,2026-09-11T14:43:03Z
SM-A155F,TUR,A155FXXU7DYK1,2025-10-01,2026-09-11T14:43:09Z
SM-A155F,XSG,A155FXXU7DYK1,2025-10-01,2026-09-11T14:43:11Z
SM-A155F,AFG,A155FXXUAEZF1,2026-05-05,2026-09-11T14:43:15Z
SM-A155F,EGY,A155FXXUAEZF1,2026-05-05,2026-09-11T14:43:06Z
SM-A155F,EUX,A155FXXUAEZF1,2026-05-05,2026-09-11T14:43:20Z
SM-A155F,ILO,A155FXXUAEZF1,2026-05-05,2026-09-11T14:43:01Z
SM-A155F,MID,A155FXXUAEZF1,2026-05-05,2026-09-11T14:43:03Z
SM-A155F,TUR,A155FXXUAEZF1,2026-05-05,2026-09-11T14:43:09Z
SM-A155F,XSG,A155FXXUAEZF1,2026-05-05,2026-09-11T14:43:11Z
SM-A156B,EUX,A156BXXS1AXA2,2024-01-01,2026-09-11T14:44:00Z
SM-A156B,EUX,A156BXXS1AXC1,2024-03-01,2026-09-11T14:44:00Z
SM-A156B,EUX,A156BXXS3BXG6,2024-07-01,2026-09-11T14:44:00Z
SM-A156B,EUX,A156BXXS3BXI1,2024-09-01,2026-09-11T14:44:00Z
SM-A156B,EUX,A156BXXS4BXJ3,2024-10-01,2026-09-11T14:44:00Z
SM-A156B,EUX,A156BXXS5BYA1,2025-01-01,2026-09-11T14:44:00Z
SM-A156B,EUX,A156BXXS5BYB1,2025-03-01,2026-09-11T14:44:00Z
SM-A156B,EUX,A156BXXS5BYE8,2025-05-01,2026-09-11T14:44:00Z
SM-A156B,EUX,A156BXXS6CYG1,2025-07-01,2026-09-11T14:44:00Z
SM-A156B,EUX,A156BXXS7CYI3,2025-09-01,2026-09-11T14:44:00Z
SM-A156B,EUX,A156BXXS7DYJ1,2025-10-01,2026-09-11T14:44:00Z
SM-A156B,EUX,A156BXXS8DYL3,2025-12-01,2026-09-11T14:44:00Z
SM-A156B,EUX,A156BXXS9DZA1,2026-01-01,2026-09-11T14:44:00Z
SM-A156B,EUX,A156BXXSADZB3,2026-02-05,2026-09-11T14:44:00Z
SM-A156B,EUX,A156BXXSAEZF6,2026-06-05,2026-09-11T14:44:00Z
SM-A156B,EUX,A156BXXSBEZG1,2026-07-05,2026-09-11T14:44:00Z
SM-A156B,EUX,A156BXXU1AXC4,2024-03-01,2026-09-11T14:44:00Z
SM-A156B,EUX,A156BXXU2BXE8,2024-05-01,2026-09-11T14:44:00Z
SM-A156B,EUX,A156BXXU3BXG7,2024-07-01,2026-09-11T14:44:00Z
SM-A156B,EUX,A156BXXU4BXK3,2024-10-01,2026-09-11T14:44:00Z
SM-A156B,EUX,A156BXXU5CYE9,2025-05-01,2026-09-11T14:44:00Z
SM-A156B,EUX,A156BXXU7DYIA,2025-09-01,2026-09-11T14:44:00Z
SM-A156B,EUX,A156BXXUAEZE9,2026-05-05,2026-09-11T14:44:00Z
SM-A166B,EUX,A166BXXS2AXI7,2024-10-01,2026-09-11T14:44:41Z
SM-A166B,EUX,A166BXXS3AYA2,2025-01-01,2026-09-11T14:44:41Z
SM-A166B,EUX,A166BXXS3AYC1,2025-03-01,2026-09-11T14:44:41Z
SM-A166B,TUR,A166BXXS3AYD1,2025-03-01,2026-09-11T14:44:28Z
SM-A166B,EUX,A166BXXS3AYE1,2025-05-01,2026-09-11T14:44:41Z
SM-A166B,EUX,A166BXXS4BYG1,2025-07-01,2026-09-11T14:44:41Z
SM-A166B,TUR,A166BXXS4BYG1,2025-07-01,2026-09-11T14:44:28Z
SM-A166B,EUX,A166BXXS4CYJ1,2025-10-01,2026-09-11T14:44:41Z
SM-A166B,TUR,A166BXXS4CYJ1,2025-10-01,2026-09-11T14:44:28Z
SM-A166B,EUX,A166BXXS5CYL1,2025-12-01,2026-09-11T14:44:41Z
SM-A166B,TUR,A166BXXS5CYL1,2025-12-01,2026-09-11T14:44:28Z
SM-A166B,EUX,A166BXXS6CZA8,2026-01-01,2026-09-11T14:44:41Z
SM-A166B,TUR,A166BXXS6CZA8,2026-01-01,2026-09-11T14:44:28Z
SM-A166B,EUX,A166BXXS7CZB6,2026-02-05,2026-09-11T14:44:41Z
SM-A166B,TUR,A166BXXS7CZB6,2026-02-05,2026-09-11T14:44:28Z
SM-A166B,EUX,A166BXXS8CZDG,2026-04-05,2026-09-11T14:44:41Z
SM-A166B,TUR,A166BXXS8CZDG,2026-04-05,2026-09-11T14:44:28Z
SM-A166B,EUX,A166BXXS9DZG1,2026-07-05,2026-09-11T14:44:41Z
SM-A166B,TUR,A166BXXS9DZG1,2026-07-05,2026-09-11T14:44:28Z
SM-A166B,EUX,A166BXXSADZH1,2026-08-05,2026-09-11T14:44:41Z
SM-A166B,TUR,A166BXXSADZH1,2026-08-05,2026-09-11T14:44:28Z
SM-A166B,EUX,A166BXXU3AXK3,2024-11-01,2026-09-11T14:44:41Z
SM-A166B,EUX,A166BXXU3BYEC,2025-05-01,2026-09-11T14:44:41Z
SM-A166B,TUR,A166BXXU3BYEC,2025-05-01,2026-09-11T14:44:28Z
SM-A166B,EUX,A166BXXU3BYF1,2025-05-01,2026-09-11T14:44:41Z
SM-A166B,TUR,A166BXXU3BYF1,2025-05-01,2026-09-11T14:44:28Z
SM-A166B,EUX,A166BXXU4CYI8,2025-09-01,2026-09-11T14:44:41Z
SM-A166B,TUR,A166BXXU4CYI8,2025-09-01,2026-09-11T14:44:28Z
SM-A166B,EUX,A166BXXU8DZE9,2026-05-05,2026-09-11T14:44:41Z
SM-A166B,TUR,A166BXXU8DZE9,2026-05-05,2026-09-11T14:44:28Z
SM-A176B,EGY,A176BXXS2AYI3,2025-09-01,2026-09-11T14:45:06Z
SM-A176B,EUX,A176BXXS2AYI3,2025-09-01,2026-09-11T14:45:21Z
SM-A176B,MID,A176BXXS2AYI3,2025-09-01,2026-09-11T14:45:03Z
SM-A176B,TUR,A176BXXS2AYI3,2025-09-01,2026-09-11T14:45:09Z
SM-A176B,XSA,A176BXXS2AYI3,2025-09-01,2026-09-11T14:45:31Z
SM-A176B,XSG,A176BXXS2AYI3,2025-09-01,2026-09-11T14:45:12Z
SM-A176B,INS,A176BXXS2AYI4,2025-09-01,2026-09-11T14:45:18Z
SM-A176B,EGY,A176BXXS3BYJ1,2025-11-01,2026-09-11T14:45:06Z
SM-A176B,EUX,A176BXXS3BYJ1,2025-11-01,2026-09-11T14:45:21Z
SM-A176B,MID,A176BXXS3BYJ1,2025-11-01,2026-09-11T14:45:03Z
SM-A176B,TUR,A176BXXS3BYJ1,2025-11-01,2026-09-11T14:45:09Z
SM-A176B,XSA,A176BXXS3BYJ1,2025-11-01,2026-09-11T14:45:31Z
SM-A176B,XSG,A176BXXS3BYJ1,2025-11-01,2026-09-11T14:45:12Z
SM-A176B,INS,A176BXXS3BYJ2,2025-11-01,2026-09-11T14:45:18Z
SM-A176B,EGY,A176BXXS4BZA5,2026-01-01,2026-09-11T14:45:06Z
SM-A176B,EUX,A176BXXS4BZA5,2026-01-01,2026-09-11T14:45:21Z
SM-A176B,MID,A176BXXS4BZA5,2026-01-01,2026-09-11T14:45:03Z
SM-A176B,TUR,A176BXXS4BZA5,2026-01-01,2026-09-11T14:45:09Z
SM-A176B,XSA,A176BXXS4BZA5,2026-01-01,2026-09-11T14:45:31Z
SM-A176B,XSG,A176BXXS4BZA5,2026-01-01,2026-09-11T14:45:12Z
SM-A176B,INS,A176BXXS4BZA6,2026-01-01,2026-09-11T14:45:18Z
SM-A176B,EGY,A176BXXS5BZBE,2026-02-05,2026-09-11T14:45:06Z
SM-A176B,EUX,A176BXXS5BZBE,2026-02-05,2026-09-11T14:45:21Z
SM-A176B,MID,A176BXXS5BZBE,2026-02-05,2026-09-11T14:45:03Z
SM-A176B,TUR,A176BXXS5BZBE,2026-02-05,2026-09-11T14:45:09Z
SM-A176B,XSA,A176BXXS5BZBE,2026-02-05,2026-09-11T14:45:31Z
SM-A176B,XSG,A176BXXS5BZBE,2026-02-05,2026-09-11T14:45:12Z
SM-A176B,INS,A176BXXS5BZBF,2026-02-05,2026-09-11T14:45:18Z
SM-A176B,EUX,A176BXXS5BZE5,2026-04-05,2026-09-11T14:45:21Z
SM-A176B,TUR,A176BXXS5BZE5,2026-04-05,2026-09-11T14:45:09Z
SM-A176B,AFG,A176BXXS6CZG7,2026-07-05,2026-09-11T14:45:16Z
SM-A176B,EGY,A176BXXS6CZG7,2026-07-05,2026-09-11T14:45:06Z
SM-A176B,EUX,A176BXXS6CZG7,2026-07-05,2026-09-11T14:45:21Z
SM-A176B,MID,A176BXXS6CZG7,2026-07-05,2026-09-11T14:45:03Z
SM-A176B,TUR,A176BXXS6CZG7,2026-07-05,2026-09-11T14:45:09Z
SM-A176B,XSA,A176BXXS6CZG7,2026-07-05,2026-09-11T14:45:31Z
SM-A176B,XSG,A176BXXS6CZG7,2026-07-05,2026-09-11T14:45:12Z
SM-A176B,INS,A176BXXS6CZG9,2026-07-05,2026-09-11T14:45:18Z
SM-A176B,AFG,A176BXXS7CZH2,2026-08-05,2026-09-11T14:45:16Z
SM-A176B,EGY,A176BXXS7CZH2,2026-08-05,2026-09-11T14:45:06Z
SM-A176B,EUX,A176BXXS7CZH2,2026-08-05,2026-09-11T14:45:21Z
SM-A176B,MID,A176BXXS7CZH2,2026-08-05,2026-09-11T14:45:03Z
SM-A176B,TUR,A176BXXS7CZH2,2026-08-05,2026-09-11T14:45:09Z
SM-A176B,XSG,A176BXXS7CZH2,2026-08-05,2026-09-11T14:45:12Z
SM-A176B,INS,A176BXXS7CZH3,2026-08-05,2026-09-11T14:45:18Z
SM-A176B,EGY,A176BXXU2BYID,2025-09-01,2026-09-11T14:45:06Z
SM-A176B,EUX,A176BXXU2BYID,2025-09-01,2026-09-11T14:45:21Z
SM-A176B,INS,A176BXXU2BYID,2025-09-01,2026-09-11T14:45:18Z
SM-A176B,MID,A176BXXU2BYID,2025-09-01,2026-09-11T14:45:03Z
SM-A176B,TUR,A176BXXU2BYID,2025-09-01,2026-09-11T14:45:09Z
SM-A176B,XSA,A176BXXU2BYID,2025-09-01,2026-09-11T14:45:31Z
SM-A176B,XSG,A176BXXU2BYID,2025-09-01,2026-09-11T14:45:12Z
SM-A176B,EGY,A176BXXU3BYK3,2025-11-01,2026-09-11T14:45:06Z
SM-A176B,EUX,A176BXXU3BYK3,2025-11-01,2026-09-11T14:45:21Z
SM-A176B,INS,A176BXXU3BYK3,2025-11-01,2026-09-11T14:45:18Z
SM-A176B,MID,A176BXXU3BYK3,2025-11-01,2026-09-11T14:45:03Z
SM-A176B,TUR,A176BXXU3BYK3,2025-11-01,2026-09-11T14:45:09Z
SM-A176B,XSA,A176BXXU3BYK3,2025-11-01,2026-09-11T14:45:31Z
SM-A176B,XSG,A176BXXU3BYK3,2025-11-01,2026-09-11T14:45:12Z
SM-A176B,EGY,A176BXXU5BZC7,2026-02-05,2026-09-11T14:45:06Z
SM-A176B,MID,A176BXXU5BZC7,2026-02-05,2026-09-11T14:45:03Z
SM-A176B,XSG,A176BXXU5BZC7,2026-02-05,2026-09-11T14:45:12Z
SM-A176B,AFG,A176BXXU5CZE9,2026-05-05,2026-09-11T14:45:16Z
SM-A176B,EGY,A176BXXU5CZE9,2026-05-05,2026-09-11T14:45:06Z
SM-A176B,EUX,A176BXXU5CZE9,2026-05-05,2026-09-11T14:45:21Z
SM-A176B,INS,A176BXXU5CZE9,2026-05-05,2026-09-11T14:45:18Z
SM-A176B,MID,A176BXXU5CZE9,2026-05-05,2026-09-11T14:45:03Z
SM-A176B,TUR,A176BXXU5CZE9,2026-05-05,2026-09-11T14:45:09Z
SM-A176B,XSA,A176BXXU5CZE9,2026-05-05,2026-09-11T14:45:31Z
SM-A176B,XSG,A176BXXU5CZE9,2026-05-05,2026-09-11T14:45:12Z
SM-A205F,AFG,A205FXXS6ATA1,2020-01-01,2026-09-11T14:45:51Z
SM-A205F,EGY,A205FXXS6ATA1,2020-01-01,2026-09-11T14:45:42Z
SM-A205F,MID,A205FXXS6ATA1,2020-01-01,2026-09-11T14:45:40Z
SM-A205F,TUR,A205FXXS6ATA1,2020-01-01,2026-09-11T14:45:45Z
SM-A205F,XSG,A205FXXS6ATA1,2020-01-01,2026-09-11T14:45:48Z
SM-A205F,INS,A205FXXS6ATA2,2020-01-01,2026-09-11T14:45:54Z
SM-A205F,INS,A205FXXS7ATD1,2020-04-01,2026-09-11T14:45:54Z
SM-A205F,AFG,A205FXXS7ATD2,2020-04-01,2026-09-11T14:45:51Z
SM-A205F,EGY,A205FXXS7ATD2,2020-04-01,2026-09-11T14:45:42Z
SM-A205F,ILO,A205FXXS7ATD2,2020-04-01,2026-09-11T14:45:37Z
SM-A205F,MID,A205FXXS7ATD2,2020-04-01,2026-09-11T14:45:40Z
SM-A205F,TUR,A205FXXS7ATD2,2020-04-01,2026-09-11T14:45:45Z
SM-A205F,XSG,A205FXXS7ATD2,2020-04-01,2026-09-11T14:45:48Z
SM-A205F,AFG,A205FXXS8BTG1,2020-07-01,2026-09-11T14:45:51Z
SM-A205F,EGY,A205FXXS8BTG1,2020-07-01,2026-09-11T14:45:42Z
SM-A205F,MID,A205FXXS8BTG1,2020-07-01,2026-09-11T14:45:40Z
SM-A205F,TUR,A205FXXS8BTG1,2020-07-01,2026-09-11T14:45:45Z
SM-A205F,XSG,A205FXXS8BTG1,2020-07-01,2026-09-11T14:45:48Z
SM-A205F,AFG,A205FXXS9BTI2,2020-09-01,2026-09-11T14:45:51Z
SM-A205F,EGY,A205FXXS9BTI2,2020-09-01,2026-09-11T14:45:42Z
SM-A205F,MID,A205FXXS9BTI2,2020-09-01,2026-09-11T14:45:40Z
SM-A205F,TUR,A205FXXS9BTI2,2020-09-01,2026-09-11T14:45:45Z
SM-A205F,XSG,A205FXXS9BTI2,2020-09-01,2026-09-11T14:45:48Z
SM-A205F,INS,A205FXXS9BTI3,2020-09-01,2026-09-11T14:45:54Z
SM-A205F,AFG,A205FXXS9BTL1,2020-12-01,2026-09-11T14:45:51Z
SM-A205F,EGY,A205FXXS9BTL1,2020-12-01,2026-09-11T14:45:42Z
SM-A205F,INS,A205FXXS9BTL1,2020-12-01,2026-09-11T14:45:54Z
SM-A205F,MID,A205FXXS9BTL1,2020-12-01,2026-09-11T14:45:40Z
SM-A205F,TUR,A205FXXS9BTL1,2020-12-01,2026-09-11T14:45:45Z
SM-A205F,XSG,A205FXXS9BTL1,2020-12-01,2026-09-11T14:45:48Z
SM-A205F,AFG,A205FXXSABUB1,2021-03-01,2026-09-11T14:45:51Z
SM-A205F,EGY,A205FXXSABUB1,2021-03-01,2026-09-11T14:45:42Z
SM-A205F,MID,A205FXXSABUB1,2021-03-01,2026-09-11T14:45:40Z
SM-A205F,TUR,A205FXXSABUB1,2021-03-01,2026-09-11T14:45:45Z
SM-A205F,XSG,A205FXXSABUB1,2021-03-01,2026-09-11T14:45:48Z
SM-A205F,INS,A205FXXSABUC1,2021-03-01,2026-09-11T14:45:54Z
SM-A205F,INS,A205FXXSABUD3,2021-04-01,2026-09-11T14:45:54Z
SM-A205F,INS,A205FXXSACUJ2,2021-09-01,2026-09-11T14:45:54Z
SM-A205F,AFG,A205FXXSACVC1,2022-03-01,2026-09-11T14:45:51Z
SM-A205F,EGY,A205FXXSACVC1,2022-03-01,2026-09-11T14:45:42Z
SM-A205F,ILO,A205FXXSACVC1,2022-03-01,2026-09-11T14:45:37Z
SM-A205F,INS,A205FXXSACVC1,2022-03-01,2026-09-11T14:45:54Z
SM-A205F,MID,A205FXXSACVC1,2022-03-01,2026-09-11T14:45:40Z
SM-A205F,TUR,A205FXXSACVC1,2022-03-01,2026-09-11T14:45:45Z
SM-A205F,XSG,A205FXXSACVC1,2022-03-01,2026-09-11T14:45:48Z
SM-A205F,AFG,A205FXXSBCVI2,2022-09-01,2026-09-11T14:45:51Z
SM-A205F,EGY,A205FXXSBCVI2,2022-09-01,2026-09-11T14:45:42Z
SM-A205F,ILO,A205FXXSBCVI2,2022-09-01,2026-09-11T14:45:37Z
SM-A205F,INS,A205FXXSBCVI2,2022-09-01,2026-09-11T14:45:54Z
SM-A205F,MID,A205FXXSBCVI2,2022-09-01,2026-09-11T14:45:40Z
SM-A205F,TUR,A205FXXSBCVI2,2022-09-01,2026-09-11T14:45:45Z
SM-A205F,XSG,A205FXXSBCVI2,2022-09-01,2026-09-11T14:45:48Z
SM-A205F,INS,A205FXXSBCWC1,2023-03-01,2026-09-11T14:45:54Z
SM-A205F,AFG,A205FXXSBCWC4,2023-03-01,2026-09-11T14:45:51Z
SM-A205F,EGY,A205FXXSBCWC4,2023-03-01,2026-09-11T14:45:42Z
SM-A205F,ILO,A205FXXSBCWC4,2023-03-01,2026-09-11T14:45:37Z
SM-A205F,MID,A205FXXSBCWC4,2023-03-01,2026-09-11T14:45:40Z
SM-A205F,TUR,A205FXXSBCWC4,2023-03-01,2026-09-11T14:45:45Z
SM-A205F,XSG,A205FXXSBCWC4,2023-03-01,2026-09-11T14:45:48Z
SM-A205F,INS,A205FXXU1ASD1,2019-03-01,2026-09-11T14:45:54Z
SM-A205F,MID,A205FXXU1ASE4,2019-04-01,2026-09-11T14:45:40Z
SM-A205F,XSG,A205FXXU1ASE4,2019-04-01,2026-09-11T14:45:48Z
SM-A205F,INS,A205FXXU1ASE5,2019-04-01,2026-09-11T14:45:54Z
SM-A205F,AFG,A205FXXU2ASE8,2019-06-01,2026-09-11T14:45:51Z
SM-A205F,EGY,A205FXXU2ASE8,2019-06-01,2026-09-11T14:45:42Z
SM-A205F,ILO,A205FXXU2ASE8,2019-06-01,2026-09-11T14:45:37Z
SM-A205F,TUR,A205FXXU2ASE8,2019-06-01,2026-09-11T14:45:45Z
SM-A205F,XSG,A205FXXU2ASE8,2019-06-01,2026-09-11T14:45:48Z
SM-A205F,AFG,A205FXXU2ASFA,2019-06-01,2026-09-11T14:45:51Z
SM-A205F,EGY,A205FXXU2ASFA,2019-06-01,2026-09-11T14:45:42Z
SM-A205F,ILO,A205FXXU2ASFA,2019-06-01,2026-09-11T14:45:37Z
SM-A205F,INS,A205FXXU2ASFA,2019-06-01,2026-09-11T14:45:54Z
SM-A205F,MID,A205FXXU2ASFA,2019-06-01,2026-09-11T14:45:40Z
SM-A205F,TUR,A205FXXU2ASFA,2019-06-01,2026-09-11T14:45:45Z
SM-A205F,XSG,A205FXXU2ASFA,2019-06-01,2026-09-11T14:45:48Z
SM-A205F,INS,A205FXXU2ASH1,2019-08-01,2026-09-11T14:45:54Z
SM-A205F,INS,A205FXXU2ASI1,2019-08-01,2026-09-11T14:45:54Z
SM-A205F,AFG,A205FXXU2ASJ1,2019-10-01,2026-09-11T14:45:51Z
SM-A205F,EGY,A205FXXU2ASJ1,2019-10-01,2026-09-11T14:45:42Z
SM-A205F,ILO,A205FXXU2ASJ1,2019-10-01,2026-09-11T14:45:37Z
SM-A205F,INS,A205FXXU2ASJ1,2019-10-01,2026-09-11T14:45:54Z
SM-A205F,MID,A205FXXU2ASJ1,2019-10-01,2026-09-11T14:45:40Z
SM-A205F,TUR,A205FXXU2ASJ1,2019-10-01,2026-09-11T14:45:45Z
SM-A205F,XSG,A205FXXU2ASJ1,2019-10-01,2026-09-11T14:45:48Z
SM-A205F,INS,A205FXXU3ASJ2,2019-10-01,2026-09-11T14:45:54Z
SM-A205F,AFG,A205FXXU7BTD3,2020-04-01,2026-09-11T14:45:51Z
SM-A205F,EGY,A205FXXU7BTD3,2020-04-01,2026-09-11T14:45:42Z
SM-A205F,ILO,A205FXXU7BTD3,2020-04-01,2026-09-11T14:45:37Z
SM-A205F,INS,A205FXXU7BTD3,2020-04-01,2026-09-11T14:45:54Z
SM-A205F,MID,A205FXXU7BTD3,2020-04-01,2026-09-11T14:45:40Z
SM-A205F,TUR,A205FXXU7BTD3,2020-04-01,2026-09-11T14:45:45Z
SM-A205F,XSG,A205FXXU7BTD3,2020-04-01,2026-09-11T14:45:48Z
SM-A205F,AFG,A205FXXU8BTG3,2020-07-01,2026-09-11T14:45:51Z
SM-A205F,EGY,A205FXXU8BTG3,2020-07-01,2026-09-11T14:45:42Z
SM-A205F,ILO,A205FXXU8BTG3,2020-07-01,2026-09-11T14:45:37Z
SM-A205F,INS,A205FXXU8BTG3,2020-07-01,2026-09-11T14:45:54Z
SM-A205F,MID,A205FXXU8BTG3,2020-07-01,2026-09-11T14:45:40Z
SM-A205F,TUR,A205FXXU8BTG3,2020-07-01,2026-09-11T14:45:45Z
SM-A205F,XSG,A205FXXU8BTG3,2020-07-01,2026-09-11T14:45:48Z
SM-A205F,INS,A205FXXU8BTH2,2020-07-01,2026-09-11T14:45:54Z
SM-A205F,AFG,A205FXXU9BTJ5,2020-10-01,2026-09-11T14:45:51Z
SM-A205F,EGY,A205FXXU9BTJ5,2020-10-01,2026-09-11T14:45:42Z
SM-A205F,ILO,A205FXXU9BTJ5,2020-10-01,2026-09-11T14:45:37Z
SM-A205F,INS,A205FXXU9BTJ5,2020-10-01,2026-09-11T14:45:54Z
SM-A205F,MID,A205FXXU9BTJ5,2020-10-01,2026-09-11T14:45:40Z
SM-A205F,TUR,A205FXXU9BTJ5,2020-10-01,2026-09-11T14:45:45Z
SM-A205F,XSG,A205FXXU9BTJ5,2020-10-01,2026-09-11T14:45:48Z
SM-A205F,AFG,A205FXXUACUF3,2021-06-01,2026-09-11T14:45:51Z
SM-A205F,EGY,A205FXXUACUF3,2021-06-01,2026-09-11T14:45:42Z
SM-A205F,ILO,A205FXXUACUF3,2021-06-01,2026-09-11T14:45:37Z
SM-A205F,INS,A205FXXUACUF3,2021-06-01,2026-09-11T14:45:54Z
SM-A205F,MID,A205FXXUACUF3,2021-06-01,2026-09-11T14:45:40Z
SM-A205F,TUR,A205FXXUACUF3,2021-06-01,2026-09-11T14:45:45Z
SM-A205F,XSG,A205FXXUACUF3,2021-06-01,2026-09-11T14:45:48Z
SM-A217F,BTU,A217FXXS7CUI2,2021-09-01,2026-09-11T14:47:28Z
SM-A217F,SEE,A217FXXS7CUI2,2021-09-01,2026-09-11T14:47:22Z
SM-A217F,INS,A217FXXS7CUI3,2021-09-01,2026-09-11T14:47:11Z
SM-A217F,XSA,A217FXXS7CUI3,2021-09-01,2026-09-11T14:47:25Z
SM-A217F,AFG,A217FXXS7CUI4,2021-09-01,2026-09-11T14:47:09Z
SM-A217F,EGY,A217FXXS7CUI4,2021-09-01,2026-09-11T14:47:00Z
SM-A217F,ILO,A217FXXS7CUI4,2021-09-01,2026-09-11T14:46:54Z
SM-A217F,MID,A217FXXS7CUI4,2021-09-01,2026-09-11T14:46:57Z
SM-A217F,TUR,A217FXXS7CUI4,2021-09-01,2026-09-11T14:47:03Z
SM-A217F,XSG,A217FXXS7CUI4,2021-09-01,2026-09-11T14:47:06Z
SM-A217F,BTU,A217FXXS7CUL2,2021-12-01,2026-09-11T14:47:28Z
SM-A217F,INS,A217FXXS7CUL2,2021-12-01,2026-09-11T14:47:11Z
SM-A217F,SEE,A217FXXS7CUL2,2021-12-01,2026-09-11T14:47:22Z
SM-A217F,XSA,A217FXXS7CUL2,2021-12-01,2026-09-11T14:47:25Z
SM-A217F,AFG,A217FXXS7CUL3,2021-12-01,2026-09-11T14:47:09Z
SM-A217F,EGY,A217FXXS7CUL3,2021-12-01,2026-09-11T14:47:00Z
SM-A217F,ILO,A217FXXS7CUL3,2021-12-01,2026-09-11T14:46:54Z
SM-A217F,MID,A217FXXS7CUL3,2021-12-01,2026-09-11T14:46:57Z
SM-A217F,TUR,A217FXXS7CUL3,2021-12-01,2026-09-11T14:47:03Z
SM-A217F,XSG,A217FXXS7CUL3,2021-12-01,2026-09-11T14:47:06Z
SM-A217F,BTU,A217FXXS7CVB3,2022-02-01,2026-09-11T14:47:28Z
SM-A217F,SEE,A217FXXS7CVB3,2022-02-01,2026-09-11T14:47:22Z
SM-A217F,AFG,A217FXXS8CVD1,2022-04-01,2026-09-11T14:47:09Z
SM-A217F,EGY,A217FXXS8CVD1,2022-04-01,2026-09-11T14:47:00Z
SM-A217F,ILO,A217FXXS8CVD1,2022-04-01,2026-09-11T14:46:54Z
SM-A217F,INS,A217FXXS8CVD1,2022-04-01,2026-09-11T14:47:11Z
SM-A217F,MID,A217FXXS8CVD1,2022-04-01,2026-09-11T14:46:57Z
SM-A217F,TUR,A217FXXS8CVD1,2022-04-01,2026-09-11T14:47:03Z
SM-A217F,XSA,A217FXXS8CVD1,2022-04-01,2026-09-11T14:47:25Z
SM-A217F,XSG,A217FXXS8CVD1,2022-04-01,2026-09-11T14:47:06Z
SM-A217F,BTU,A217FXXS8CVD2,2022-04-01,2026-09-11T14:47:28Z
SM-A217F,SEE,A217FXXS8CVD2,2022-04-01,2026-09-11T14:47:22Z
SM-A217F,AFG,A217FXXS8DWC2,2023-03-01,2026-09-11T14:47:09Z
SM-A217F,BTU,A217FXXS8DWC2,2023-03-01,2026-09-11T14:47:28Z
SM-A217F,EGY,A217FXXS8DWC2,2023-03-01,2026-09-11T14:47:00Z
SM-A217F,ILO,A217FXXS8DWC2,2023-03-01,2026-09-11T14:46:54Z
SM-A217F,INS,A217FXXS8DWC2,2023-03-01,2026-09-11T14:47:11Z
SM-A217F,MID,A217FXXS8DWC2,2023-03-01,2026-09-11T14:46:57Z
SM-A217F,SEE,A217FXXS8DWC2,2023-03-01,2026-09-11T14:47:22Z
SM-A217F,TUR,A217FXXS8DWC2,2023-03-01,2026-09-11T14:47:03Z
SM-A217F,XSA,A217FXXS8DWC2,2023-03-01,2026-09-11T14:47:25Z
SM-A217F,XSG,A217FXXS8DWC2,2023-03-01,2026-09-11T14:47:06Z
SM-A217F,INS,A217FXXS9DWF1,2023-06-01,2026-09-11T14:47:11Z
SM-A217F,AFG,A217FXXSADWI1,2023-09-01,2026-09-11T14:47:09Z
SM-A217F,BTU,A217FXXSADWI1,2023-09-01,2026-09-11T14:47:28Z
SM-A217F,EGY,A217FXXSADWI1,2023-09-01,2026-09-11T14:47:00Z
SM-A217F,ILO,A217FXXSADWI1,2023-09-01,2026-09-11T14:46:54Z
SM-A217F,INS,A217FXXSADWI1,2023-09-01,2026-09-11T14:47:11Z
SM-A217F,MID,A217FXXSADWI1,2023-09-01,2026-09-11T14:46:57Z
SM-A217F,SEE,A217FXXSADWI1,2023-09-01,2026-09-11T14:47:22Z
SM-A217F,TUR,A217FXXSADWI1,2023-09-01,2026-09-11T14:47:03Z
SM-A217F,XSA,A217FXXSADWI1,2023-09-01,2026-09-11T14:47:25Z
SM-A217F,XSG,A217FXXSADWI1,2023-09-01,2026-09-11T14:47:06Z
SM-A217F,AFG,A217FXXSBDXC2,2024-03-01,2026-09-11T14:47:09Z
SM-A217F,BTU,A217FXXSBDXC2,2024-03-01,2026-09-11T14:47:28Z
SM-A217F,EGY,A217FXXSBDXC2,2024-03-01,2026-09-11T14:47:00Z
SM-A217F,ILO,A217FXXSBDXC2,2024-03-01,2026-09-11T14:46:54Z
SM-A217F,INS,A217FXXSBDXC2,2024-03-01,2026-09-11T14:47:11Z
SM-A217F,MID,A217FXXSBDXC2,2024-03-01,2026-09-11T14:46:57Z
SM-A217F,SEE,A217FXXSBDXC2,2024-03-01,2026-09-11T14:47:22Z
SM-A217F,TUR,A217FXXSBDXC2,2024-03-01,2026-09-11T14:47:03Z
SM-A217F,XSA,A217FXXSBDXC2,2024-03-01,2026-09-11T14:47:25Z
SM-A217F,XSG,A217FXXSBDXC2,2024-03-01,2026-09-11T14:47:06Z
SM-A217F,AFG,A217FXXSCDXE2,2024-05-01,2026-09-11T14:47:09Z
SM-A217F,BTU,A217FXXSCDXE2,2024-05-01,2026-09-11T14:47:28Z
SM-A217F,EGY,A217FXXSCDXE2,2024-05-01,2026-09-11T14:47:00Z
SM-A217F,ILO,A217FXXSCDXE2,2024-05-01,2026-09-11T14:46:54Z
SM-A217F,INS,A217FXXSCDXE2,2024-05-01,2026-09-11T14:47:11Z
SM-A217F,MID,A217FXXSCDXE2,2024-05-01,2026-09-11T14:46:57Z
SM-A217F,SEE,A217FXXSCDXE2,2024-05-01,2026-09-11T14:47:22Z
SM-A217F,TUR,A217FXXSCDXE2,2024-05-01,2026-09-11T14:47:03Z
SM-A217F,XSA,A217FXXSCDXE2,2024-05-01,2026-09-11T14:47:25Z
SM-A217F,XSG,A217FXXSCDXE2,2024-05-01,2026-09-11T14:47:06Z
SM-A217F,AFG,A217FXXU1ATEA,2020-05-01,2026-09-11T14:47:09Z
SM-A217F,EGY,A217FXXU1ATEA,2020-05-01,2026-09-11T14:47:00Z
SM-A217F,ILO,A217FXXU1ATEA,2020-05-01,2026-09-11T14:46:54Z
SM-A217F,MID,A217FXXU1ATEA,2020-05-01,2026-09-11T14:46:57Z
SM-A217F,TUR,A217FXXU1ATEA,2020-05-01,2026-09-11T14:47:03Z
SM-A217F,XSG,A217FXXU1ATEA,2020-05-01,2026-09-11T14:47:06Z
SM-A217F,AFG,A217FXXU1ATF1,2020-05-01,2026-09-11T14:47:09Z
SM-A217F,EGY,A217FXXU1ATF1,2020-05-01,2026-09-11T14:47:00Z
SM-A217F,ILO,A217FXXU1ATF1,2020-05-01,2026-09-11T14:46:54Z
SM-A217F,INS,A217FXXU1ATF1,2020-05-01,2026-09-11T14:47:11Z
SM-A217F,MID,A217FXXU1ATF1,2020-05-01,2026-09-11T14:46:57Z
SM-A217F,TUR,A217FXXU1ATF1,2020-05-01,2026-09-11T14:47:03Z
SM-A217F,XSG,A217FXXU1ATF1,2020-05-01,2026-09-11T14:47:06Z
SM-A217F,XSA,A217FXXU1ATF3,2020-05-01,2026-09-11T14:47:25Z
SM-A217F,BTU,A217FXXU1ATF5,2020-05-01,2026-09-11T14:47:28Z
SM-A217F,SEE,A217FXXU1ATF5,2020-05-01,2026-09-11T14:47:22Z
SM-A217F,AFG,A217FXXU2ATG5,2020-07-01,2026-09-11T14:47:09Z
SM-A217F,BTU,A217FXXU2ATG5,2020-07-01,2026-09-11T14:47:28Z
SM-A217F,EGY,A217FXXU2ATG5,2020-07-01,2026-09-11T14:47:00Z
SM-A217F,ILO,A217FXXU2ATG5,2020-07-01,2026-09-11T14:46:54Z
SM-A217F,INS,A217FXXU2ATG5,2020-07-01,2026-09-11T14:47:11Z
SM-A217F,MID,A217FXXU2ATG5,2020-07-01,2026-09-11T14:46:57Z
SM-A217F,SEE,A217FXXU2ATG5,2020-07-01,2026-09-11T14:47:22Z
SM-A217F,TUR,A217FXXU2ATG5,2020-07-01,2026-09-11T14:47:03Z
SM-A217F,XSA,A217FXXU2ATG5,2020-07-01,2026-09-11T14:47:25Z
SM-A217F,XSG,A217FXXU2ATG5,2020-07-01,2026-09-11T14:47:06Z
SM-A217F,AFG,A217FXXU3ATH4,2020-09-01,2026-09-11T14:47:09Z
SM-A217F,BTU,A217FXXU3ATH4,2020-09-01,2026-09-11T14:47:28Z
SM-A217F,EGY,A217FXXU3ATH4,2020-09-01,2026-09-11T14:47:00Z
SM-A217F,ILO,A217FXXU3ATH4,2020-09-01,2026-09-11T14:46:54Z
SM-A217F,INS,A217FXXU3ATH4,2020-09-01,2026-09-11T14:47:11Z
SM-A217F,MID,A217FXXU3ATH4,2020-09-01,2026-09-11T14:46:57Z
SM-A217F,SEE,A217FXXU3ATH4,2020-09-01,2026-09-11T14:47:22Z
SM-A217F,TUR,A217FXXU3ATH4,2020-09-01,2026-09-11T14:47:03Z
SM-A217F,XSA,A217FXXU3ATH4,2020-09-01,2026-09-11T14:47:25Z
SM-A217F,XSG,A217FXXU3ATH4,2020-09-01,2026-09-11T14:47:06Z
SM-A217F,XSG,A217FXXU3ATI2,2020-09-01,2026-09-11T14:47:06Z
SM-A217F,AFG,A217FXXU3ATI7,2020-09-01,2026-09-11T14:47:09Z
SM-A217F,EGY,A217FXXU3ATI7,2020-09-01,2026-09-11T14:47:00Z
SM-A217F,ILO,A217FXXU3ATI7,2020-09-01,2026-09-11T14:46:54Z
SM-A217F,INS,A217FXXU3ATI7,2020-09-01,2026-09-11T14:47:11Z
SM-A217F,MID,A217FXXU3ATI7,2020-09-01,2026-09-11T14:46:57Z
SM-A217F,TUR,A217FXXU3ATI7,2020-09-01,2026-09-11T14:47:03Z
SM-A217F,XSG,A217FXXU3ATI7,2020-09-01,2026-09-11T14:47:06Z
SM-A217F,BTU,A217FXXU3ATJ3,2020-09-01,2026-09-11T14:47:28Z
SM-A217F,SEE,A217FXXU3ATJ3,2020-09-01,2026-09-11T14:47:22Z
SM-A217F,XSA,A217FXXU3ATJ3,2020-09-01,2026-09-11T14:47:25Z
SM-A217F,EGY,A217FXXU4BTL1,2020-11-01,2026-09-11T14:47:00Z
SM-A217F,ILO,A217FXXU4BTL1,2020-11-01,2026-09-11T14:46:54Z
SM-A217F,INS,A217FXXU4BTL1,2020-11-01,2026-09-11T14:47:11Z
SM-A217F,MID,A217FXXU4BTL1,2020-11-01,2026-09-11T14:46:57Z
SM-A217F,TUR,A217FXXU4BTL1,2020-11-01,2026-09-11T14:47:03Z
SM-A217F,XSA,A217FXXU4BTL1,2020-11-01,2026-09-11T14:47:25Z
SM-A217F,XSG,A217FXXU4BTL1,2020-11-01,2026-09-11T14:47:06Z
SM-A217F,INS,A217FXXU5BUA1,2021-01-01,2026-09-11T14:47:11Z
SM-A217F,XSG,A217FXXU5BUA1,2021-01-01,2026-09-11T14:47:06Z
SM-A217F,AFG,A217FXXU5BUA2,2021-01-01,2026-09-11T14:47:09Z
SM-A217F,EGY,A217FXXU5BUA2,2021-01-01,2026-09-11T14:47:00Z
SM-A217F,ILO,A217FXXU5BUA2,2021-01-01,2026-09-11T14:46:54Z
SM-A217F,INS,A217FXXU5BUA2,2021-01-01,2026-09-11T14:47:11Z
SM-A217F,MID,A217FXXU5BUA2,2021-01-01,2026-09-11T14:46:57Z
SM-A217F,TUR,A217FXXU5BUA2,2021-01-01,2026-09-11T14:47:03Z
SM-A217F,XSA,A217FXXU5BUA2,2021-01-01,2026-09-11T14:47:25Z
SM-A217F,XSG,A217FXXU5BUA2,2021-01-01,2026-09-11T14:47:06Z
SM-A217F,BTU,A217FXXU5BUA4,2021-01-01,2026-09-11T14:47:28Z
SM-A217F,SEE,A217FXXU5BUA4,2021-01-01,2026-09-11T14:47:22Z
SM-A217F,AFG,A217FXXU5BUA5,2021-01-01,2026-09-11T14:47:09Z
SM-A217F,EGY,A217FXXU5BUA5,2021-01-01,2026-09-11T14:47:00Z
SM-A217F,ILO,A217FXXU5BUA5,2021-01-01,2026-09-11T14:46:54Z
SM-A217F,INS,A217FXXU5BUA5,2021-01-01,2026-09-11T14:47:11Z
SM-A217F,MID,A217FXXU5BUA5,2021-01-01,2026-09-11T14:46:57Z
SM-A217F,TUR,A217FXXU5BUA5,2021-01-01,2026-09-11T14:47:03Z
SM-A217F,XSA,A217FXXU5BUA5,2021-01-01,2026-09-11T14:47:25Z
SM-A217F,XSG,A217FXXU5BUA5,2021-01-01,2026-09-11T14:47:06Z
SM-A217F,INS,A217FXXU5BUB2,2021-01-01,2026-09-11T14:47:11Z
SM-A217F,AFG,A217FXXU5BUB4,2021-01-01,2026-09-11T14:47:09Z
SM-A217F,BTU,A217FXXU5BUB4,2021-01-01,2026-09-11T14:47:28Z
SM-A217F,EGY,A217FXXU5BUB4,2021-01-01,2026-09-11T14:47:00Z
SM-A217F,ILO,A217FXXU5BUB4,2021-01-01,2026-09-11T14:46:54Z
SM-A217F,INS,A217FXXU5BUB4,2021-01-01,2026-09-11T14:47:11Z
SM-A217F,MID,A217FXXU5BUB4,2021-01-01,2026-09-11T14:46:57Z
SM-A217F,SEE,A217FXXU5BUB4,2021-01-01,2026-09-11T14:47:22Z
SM-A217F,XSA,A217FXXU5BUB4,2021-01-01,2026-09-11T14:47:25Z
SM-A217F,XSG,A217FXXU5BUB4,2021-01-01,2026-09-11T14:47:06Z
SM-A217F,TUR,A217FXXU5BUC1,2021-01-01,2026-09-11T14:47:03Z
SM-A217F,BTU,A217FXXU5CUD1,2021-03-01,2026-09-11T14:47:28Z
SM-A217F,SEE,A217FXXU5CUD1,2021-03-01,2026-09-11T14:47:22Z
SM-A217F,AFG,A217FXXU5CUD4,2021-03-01,2026-09-11T14:47:09Z
SM-A217F,EGY,A217FXXU5CUD4,2021-03-01,2026-09-11T14:47:00Z
SM-A217F,ILO,A217FXXU5CUD4,2021-03-01,2026-09-11T14:46:54Z
SM-A217F,INS,A217FXXU5CUD4,2021-03-01,2026-09-11T14:47:11Z
SM-A217F,MID,A217FXXU5CUD4,2021-03-01,2026-09-11T14:46:57Z
SM-A217F,TUR,A217FXXU5CUD4,2021-03-01,2026-09-11T14:47:03Z
SM-A217F,XSA,A217FXXU5CUD4,2021-03-01,2026-09-11T14:47:25Z
SM-A217F,XSG,A217FXXU5CUD4,2021-03-01,2026-09-11T14:47:06Z
SM-A217F,BTU,A217FXXU5CUD6,2021-04-01,2026-09-11T14:47:28Z
SM-A217F,SEE,A217FXXU5CUD6,2021-04-01,2026-09-11T14:47:22Z
SM-A217F,AFG,A217FXXU6CUF5,2021-06-01,2026-09-11T14:47:09Z
SM-A217F,BTU,A217FXXU6CUF5,2021-06-01,2026-09-11T14:47:28Z
SM-A217F,EGY,A217FXXU6CUF5,2021-06-01,2026-09-11T14:47:00Z
SM-A217F,ILO,A217FXXU6CUF5,2021-06-01,2026-09-11T14:46:54Z
SM-A217F,INS,A217FXXU6CUF5,2021-06-01,2026-09-11T14:47:11Z
SM-A217F,MID,A217FXXU6CUF5,2021-06-01,2026-09-11T14:46:57Z
SM-A217F,SEE,A217FXXU6CUF5,2021-06-01,2026-09-11T14:47:22Z
SM-A217F,TUR,A217FXXU6CUF5,2021-06-01,2026-09-11T14:47:03Z
SM-A217F,XSA,A217FXXU6CUF5,2021-06-01,2026-09-11T14:47:25Z
SM-A217F,XSG,A217FXXU6CUF5,2021-06-01,2026-09-11T14:47:06Z
SM-A217F,INS,A217FXXU6CUG3,2021-06-01,2026-09-11T14:47:11Z
SM-A217F,XSA,A217FXXU6CUG3,2021-06-01,2026-09-11T14:47:25Z
SM-A217F,AFG,A217FXXU6CUH1,2021-06-01,2026-09-11T14:47:09Z
SM-A217F,EGY,A217FXXU6CUH1,2021-06-01,2026-09-11T14:47:00Z
SM-A217F,ILO,A217FXXU6CUH1,2021-06-01,2026-09-11T14:46:54Z
SM-A217F,MID,A217FXXU6CUH1,2021-06-01,2026-09-11T14:46:57Z
SM-A217F,TUR,A217FXXU6CUH1,2021-06-01,2026-09-11T14:47:03Z
SM-A217F,XSG,A217FXXU6CUH1,2021-06-01,2026-09-11T14:47:06Z
SM-A217F,BTU,A217FXXU7CUI7,2021-09-01,2026-09-11T14:47:28Z
SM-A217F,INS,A217FXXU7CUI7,2021-09-01,2026-09-11T14:47:11Z
SM-A217F,SEE,A217FXXU7CUI7,2021-09-01,2026-09-11T14:47:22Z
SM-A217F,XSA,A217FXXU7CUI7,2021-09-01,2026-09-11T14:47:25Z
SM-A217F,AFG,A217FXXU7CUK1,2021-09-01,2026-09-11T14:47:09Z
SM-A217F,EGY,A217FXXU7CUK1,2021-09-01,2026-09-11T14:47:00Z
SM-A217F,ILO,A217FXXU7CUK1,2021-09-01,2026-09-11T14:46:54Z
SM-A217F,MID,A217FXXU7CUK1,2021-09-01,2026-09-11T14:46:57Z
SM-A217F,TUR,A217FXXU7CUK1,2021-09-01,2026-09-11T14:47:03Z
SM-A217F,XSG,A217FXXU7CUK1,2021-09-01,2026-09-11T14:47:06Z
SM-A217F,AFG,A217FXXU8CVC2,2022-03-01,2026-09-11T14:47:09Z
SM-A217F,EGY,A217FXXU8CVC2,2022-03-01,2026-09-11T14:47:00Z
SM-A217F,ILO,A217FXXU8CVC2,2022-03-01,2026-09-11T14:46:54Z
SM-A217F,INS,A217FXXU8CVC2,2022-03-01,2026-09-11T14:47:11Z
SM-A217F,MID,A217FXXU8CVC2,2022-03-01,2026-09-11T14:46:57Z
SM-A217F,TUR,A217FXXU8CVC2,2022-03-01,2026-09-11T14:47:03Z
SM-A217F,XSA,A217FXXU8CVC2,2022-03-01,2026-09-11T14:47:25Z
SM-A217F,XSG,A217FXXU8CVC2,2022-03-01,2026-09-11T14:47:06Z
SM-A217F,BTU,A217FXXU8CVC3,2022-03-01,2026-09-11T14:47:28Z
SM-A217F,SEE,A217FXXU8CVC3,2022-03-01,2026-09-11T14:47:22Z
SM-A217F,AFG,A217FXXU8DVF6,2022-06-01,2026-09-11T14:47:09Z
SM-A217F,BTU,A217FXXU8DVF6,2022-06-01,2026-09-11T14:47:28Z
SM-A217F,EGY,A217FXXU8DVF6,2022-06-01,2026-09-11T14:47:00Z
SM-A217F,ILO,A217FXXU8DVF6,2022-06-01,2026-09-11T14:46:54Z
SM-A217F,INS,A217FXXU8DVF6,2022-06-01,2026-09-11T14:47:11Z
SM-A217F,MID,A217FXXU8DVF6,2022-06-01,2026-09-11T14:46:57Z
SM-A217F,SEE,A217FXXU8DVF6,2022-06-01,2026-09-11T14:47:22Z
SM-A217F,TUR,A217FXXU8DVF6,2022-06-01,2026-09-11T14:47:03Z
SM-A217F,XSA,A217FXXU8DVF6,2022-06-01,2026-09-11T14:47:25Z
SM-A217F,XSG,A217FXXU8DVF6,2022-06-01,2026-09-11T14:47:06Z
SM-A217F,AFG,A217FXXU8DVG4,2022-06-01,2026-09-11T14:47:09Z
SM-A217F,BTU,A217FXXU8DVG4,2022-06-01,2026-09-11T14:47:28Z
SM-A217F,EGY,A217FXXU8DVG4,2022-06-01,2026-09-11T14:47:00Z
SM-A217F,ILO,A217FXXU8DVG4,2022-06-01,2026-09-11T14:46:54Z
SM-A217F,INS,A217FXXU8DVG4,2022-06-01,2026-09-11T14:47:11Z
SM-A217F,MID,A217FXXU8DVG4,2022-06-01,2026-09-11T14:46:57Z
SM-A217F,SEE,A217FXXU8DVG4,2022-06-01,2026-09-11T14:47:22Z
SM-A217F,TUR,A217FXXU8DVG4,2022-06-01,2026-09-11T14:47:03Z
SM-A217F,XSA,A217FXXU8DVG4,2022-06-01,2026-09-11T14:47:25Z
SM-A217F,XSG,A217FXXU8DVG4,2022-06-01,2026-09-11T14:47:06Z
SM-A217F,AFG,A217FXXU8DVK1,2022-10-01,2026-09-11T14:47:09Z
SM-A217F,BTU,A217FXXU8DVK1,2022-10-01,2026-09-11T14:47:28Z
SM-A217F,EGY,A217FXXU8DVK1,2022-10-01,2026-09-11T14:47:00Z
SM-A217F,ILO,A217FXXU8DVK1,2022-10-01,2026-09-11T14:46:54Z
SM-A217F,INS,A217FXXU8DVK1,2022-10-01,2026-09-11T14:47:11Z
SM-A217F,MID,A217FXXU8DVK1,2022-10-01,2026-09-11T14:46:57Z
SM-A217F,SEE,A217FXXU8DVK1,2022-10-01,2026-09-11T14:47:22Z
SM-A217F,TUR,A217FXXU8DVK1,2022-10-01,2026-09-11T14:47:03Z
SM-A217F,XSA,A217FXXU8DVK1,2022-10-01,2026-09-11T14:47:25Z
SM-A217F,XSG,A217FXXU8DVK1,2022-10-01,2026-09-11T14:47:06Z
SM-A225F,TUR,A225FXXS3AVA6,2022-02-01,2026-09-11T14:47:40Z
SM-A225F,SEE,A225FXXS3AVB2,2022-02-01,2026-09-11T14:47:58Z
SM-A225F,SEE,A225FXXS3AVD1,2022-04-01,2026-09-11T14:47:58Z
SM-A225F,SEE,A225FXXS3BVF6,2022-06-01,2026-09-11T14:47:58Z
SM-A225F,INS,A225FXXS4CWB1,2022-12-01,2026-09-11T14:47:49Z
SM-A225F,AFG,A225FXXS5DWD1,2023-04-01,2026-09-11T14:47:46Z
SM-A225F,EGY,A225FXXS5DWD1,2023-04-01,2026-09-11T14:47:37Z
SM-A225F,ILO,A225FXXS5DWD1,2023-04-01,2026-09-11T14:47:31Z
SM-A225F,INS,A225FXXS5DWD1,2023-04-01,2026-09-11T14:47:49Z
SM-A225F,MID,A225FXXS5DWD1,2023-04-01,2026-09-11T14:47:34Z
SM-A225F,SEE,A225FXXS5DWD1,2023-04-01,2026-09-11T14:47:58Z
SM-A225F,TUR,A225FXXS5DWD1,2023-04-01,2026-09-11T14:47:40Z
SM-A225F,XSA,A225FXXS5DWD1,2023-04-01,2026-09-11T14:48:01Z
SM-A225F,XSG,A225FXXS5DWD1,2023-04-01,2026-09-11T14:47:43Z
SM-A225F,INS,A225FXXS8DWL1,2023-12-01,2026-09-11T14:47:49Z
SM-A225F,AFG,A225FXXS8DXA1,2024-02-01,2026-09-11T14:47:46Z
SM-A225F,EGY,A225FXXS8DXA1,2024-02-01,2026-09-11T14:47:37Z
SM-A225F,ILO,A225FXXS8DXA1,2024-02-01,2026-09-11T14:47:31Z
SM-A225F,MID,A225FXXS8DXA1,2024-02-01,2026-09-11T14:47:34Z
SM-A225F,SEE,A225FXXS8DXA1,2024-02-01,2026-09-11T14:47:58Z
SM-A225F,TUR,A225FXXS8DXA1,2024-02-01,2026-09-11T14:47:40Z
SM-A225F,XSA,A225FXXS8DXA1,2024-02-01,2026-09-11T14:48:01Z
SM-A225F,XSG,A225FXXS8DXA1,2024-02-01,2026-09-11T14:47:43Z
SM-A225F,INS,A225FXXS8DXB1,2024-02-01,2026-09-11T14:47:49Z
SM-A225F,AFG,A225FXXS9DXE1,2024-05-01,2026-09-11T14:47:46Z
SM-A225F,EGY,A225FXXS9DXE1,2024-05-01,2026-09-11T14:47:37Z
SM-A225F,ILO,A225FXXS9DXE1,2024-05-01,2026-09-11T14:47:31Z
SM-A225F,MID,A225FXXS9DXE1,2024-05-01,2026-09-11T14:47:34Z
SM-A225F,SEE,A225FXXS9DXE1,2024-05-01,2026-09-11T14:47:58Z
SM-A225F,TUR,A225FXXS9DXE1,2024-05-01,2026-09-11T14:47:40Z
SM-A225F,XSA,A225FXXS9DXE1,2024-05-01,2026-09-11T14:48:01Z
SM-A225F,XSG,A225FXXS9DXE1,2024-05-01,2026-09-11T14:47:43Z
SM-A225F,INS,A225FXXS9DXE2,2024-05-01,2026-09-11T14:47:49Z
SM-A225F,AFG,A225FXXSADXK1,2024-11-01,2026-09-11T14:47:46Z
SM-A225F,EGY,A225FXXSADXK1,2024-11-01,2026-09-11T14:47:37Z
SM-A225F,ILO,A225FXXSADXK1,2024-11-01,2026-09-11T14:47:31Z
SM-A225F,MID,A225FXXSADXK1,2024-11-01,2026-09-11T14:47:34Z
SM-A225F,SEE,A225FXXSADXK1,2024-11-01,2026-09-11T14:47:58Z
SM-A225F,TUR,A225FXXSADXK1,2024-11-01,2026-09-11T14:47:40Z
SM-A225F,XSA,A225FXXSADXK1,2024-11-01,2026-09-11T14:48:01Z
SM-A225F,XSG,A225FXXSADXK1,2024-11-01,2026-09-11T14:47:43Z
SM-A225F,INS,A225FXXSADXK2,2024-11-01,2026-09-11T14:47:49Z
SM-A225F,AFG,A225FXXSBDYE1,2025-05-01,2026-09-11T14:47:46Z
SM-A225F,EGY,A225FXXSBDYE1,2025-05-01,2026-09-11T14:47:37Z
SM-A225F,ILO,A225FXXSBDYE1,2025-05-01,2026-09-11T14:47:31Z
SM-A225F,MID,A225FXXSBDYE1,2025-05-01,2026-09-11T14:47:34Z
SM-A225F,SEE,A225FXXSBDYE1,2025-05-01,2026-09-11T14:47:58Z
SM-A225F,TUR,A225FXXSBDYE1,2025-05-01,2026-09-11T14:47:40Z
SM-A225F,XSA,A225FXXSBDYE1,2025-05-01,2026-09-11T14:48:01Z
SM-A225F,XSG,A225FXXSBDYE1,2025-05-01,2026-09-11T14:47:43Z
SM-A225F,INS,A225FXXSBDYE2,2025-05-01,2026-09-11T14:47:49Z
SM-A225F,AFG,A225FXXU1AUF2,2021-05-01,2026-09-11T14:47:46Z
SM-A225F,EGY,A225FXXU1AUF2,2021-05-01,2026-09-11T14:47:37Z
SM-A225F,ILO,A225FXXU1AUF2,2021-05-01,2026-09-11T14:47:31Z
SM-A225F,INS,A225FXXU1AUF2,2021-05-01,2026-09-11T14:47:49Z
SM-A225F,MID,A225FXXU1AUF2,2021-05-01,2026-09-11T14:47:34Z
SM-A225F,SEE,A225FXXU1AUF2,2021-05-01,2026-09-11T14:47:58Z
SM-A225F,TUR,A225FXXU1AUF2,2021-05-01,2026-09-11T14:47:40Z
SM-A225F,XSG,A225FXXU1AUF2,2021-05-01,2026-09-11T14:47:43Z
SM-A225F,INS,A225FXXU1AUF5,2021-05-01,2026-09-11T14:47:49Z
SM-A225F,SEE,A225FXXU1AUF5,2021-05-01,2026-09-11T14:47:58Z
SM-A225F,AFG,A225FXXU1AUG2,2021-05-01,2026-09-11T14:47:46Z
SM-A225F,EGY,A225FXXU1AUG2,2021-05-01,2026-09-11T14:47:37Z
SM-A225F,ILO,A225FXXU1AUG2,2021-05-01,2026-09-11T14:47:31Z
SM-A225F,MID,A225FXXU1AUG2,2021-05-01,2026-09-11T14:47:34Z
SM-A225F,TUR,A225FXXU1AUG2,2021-05-01,2026-09-11T14:47:40Z
SM-A225F,XSG,A225FXXU1AUG2,2021-05-01,2026-09-11T14:47:43Z
SM-A225F,XSA,A225FXXU2AUGA,2021-07-01,2026-09-11T14:48:01Z
SM-A225F,AFG,A225FXXU2AUH1,2021-08-01,2026-09-11T14:47:46Z
SM-A225F,EGY,A225FXXU2AUH1,2021-08-01,2026-09-11T14:47:37Z
SM-A225F,ILO,A225FXXU2AUH1,2021-08-01,2026-09-11T14:47:31Z
SM-A225F,INS,A225FXXU2AUH1,2021-08-01,2026-09-11T14:47:49Z
SM-A225F,MID,A225FXXU2AUH1,2021-08-01,2026-09-11T14:47:34Z
SM-A225F,SEE,A225FXXU2AUH1,2021-08-01,2026-09-11T14:47:58Z
SM-A225F,TUR,A225FXXU2AUH1,2021-08-01,2026-09-11T14:47:40Z
SM-A225F,XSG,A225FXXU2AUH1,2021-08-01,2026-09-11T14:47:43Z
SM-A225F,AFG,A225FXXU3AUJ3,2021-11-01,2026-09-11T14:47:46Z
SM-A225F,EGY,A225FXXU3AUJ3,2021-11-01,2026-09-11T14:47:37Z
SM-A225F,ILO,A225FXXU3AUJ3,2021-11-01,2026-09-11T14:47:31Z
SM-A225F,INS,A225FXXU3AUJ3,2021-11-01,2026-09-11T14:47:49Z
SM-A225F,MID,A225FXXU3AUJ3,2021-11-01,2026-09-11T14:47:34Z
SM-A225F,SEE,A225FXXU3AUJ3,2021-11-01,2026-09-11T14:47:58Z
SM-A225F,TUR,A225FXXU3AUJ3,2021-11-01,2026-09-11T14:47:40Z
SM-A225F,XSA,A225FXXU3AUJ3,2021-11-01,2026-09-11T14:48:01Z
SM-A225F,XSG,A225FXXU3AUJ3,2021-11-01,2026-09-11T14:47:43Z
SM-A225F,AFG,A225FXXU3AUK2,2021-11-01,2026-09-11T14:47:46Z
SM-A225F,EGY,A225FXXU3AUK2,2021-11-01,2026-09-11T14:47:37Z
SM-A225F,ILO,A225FXXU3AUK2,2021-11-01,2026-09-11T14:47:31Z
SM-A225F,INS,A225FXXU3AUK2,2021-11-01,2026-09-11T14:47:49Z
SM-A225F,MID,A225FXXU3AUK2,2021-11-01,2026-09-11T14:47:34Z
SM-A225F,SEE,A225FXXU3AUK2,2021-11-01,2026-09-11T14:47:58Z
SM-A225F,TUR,A225FXXU3AUK2,2021-11-01,2026-09-11T14:47:40Z
SM-A225F,XSA,A225FXXU3AUK2,2021-11-01,2026-09-11T14:48:01Z
SM-A225F,XSG,A225FXXU3AUK2,2021-11-01,2026-09-11T14:47:43Z
SM-A225F,INS,A225FXXU3AUL1,2021-11-01,2026-09-11T14:47:49Z
SM-A225F,SEE,A225FXXU3AUL1,2021-11-01,2026-09-11T14:47:58Z
SM-A225F,AFG,A225FXXU3AUL2,2021-11-01,2026-09-11T14:47:46Z
SM-A225F,EGY,A225FXXU3AUL2,2021-11-01,2026-09-11T14:47:37Z
SM-A225F,ILO,A225FXXU3AUL2,2021-11-01,2026-09-11T14:47:31Z
SM-A225F,MID,A225FXXU3AUL2,2021-11-01,2026-09-11T14:47:34Z
SM-A225F,TUR,A225FXXU3AUL2,2021-11-01,2026-09-11T14:47:40Z
SM-A225F,XSA,A225FXXU3AUL2,2021-11-01,2026-09-11T14:48:01Z
SM-A225F,XSG,A225FXXU3AUL2,2021-11-01,2026-09-11T14:47:43Z
SM-A225F,AFG,A225FXXU3AVB1,2022-02-01,2026-09-11T14:47:46Z
SM-A225F,EGY,A225FXXU3AVB1,2022-02-01,2026-09-11T14:47:37Z
SM-A225F,ILO,A225FXXU3AVB1,2022-02-01,2026-09-11T14:47:31Z
SM-A225F,INS,A225FXXU3AVB1,2022-02-01,2026-09-11T14:47:49Z
SM-A225F,MID,A225FXXU3AVB1,2022-02-01,2026-09-11T14:47:34Z
SM-A225F,TUR,A225FXXU3AVB1,2022-02-01,2026-09-11T14:47:40Z
SM-A225F,XSA,A225FXXU3AVB1,2022-02-01,2026-09-11T14:48:01Z
SM-A225F,XSG,A225FXXU3AVB1,2022-02-01,2026-09-11T14:47:43Z
SM-A225F,SEE,A225FXXU3AVC1,2022-02-01,2026-09-11T14:47:58Z
SM-A225F,AFG,A225FXXU3BVD8,2022-04-01,2026-09-11T14:47:46Z
SM-A225F,EGY,A225FXXU3BVD8,2022-04-01,2026-09-11T14:47:37Z
SM-A225F,ILO,A225FXXU3BVD8,2022-04-01,2026-09-11T14:47:31Z
SM-A225F,MID,A225FXXU3BVD8,2022-04-01,2026-09-11T14:47:34Z
SM-A225F,SEE,A225FXXU3BVD8,2022-04-01,2026-09-11T14:47:58Z
SM-A225F,TUR,A225FXXU3BVD8,2022-04-01,2026-09-11T14:47:40Z
SM-A225F,XSA,A225FXXU3BVD8,2022-04-01,2026-09-11T14:48:01Z
SM-A225F,XSG,A225FXXU3BVD8,2022-04-01,2026-09-11T14:47:43Z
SM-A225F,INS,A225FXXU3BVE1,2022-04-01,2026-09-11T14:47:49Z
SM-A225F,AFG,A225FXXU3BVF1,2022-04-01,2026-09-11T14:47:46Z
SM-A225F,EGY,A225FXXU3BVF1,2022-04-01,2026-09-11T14:47:37Z
SM-A225F,ILO,A225FXXU3BVF1,2022-04-01,2026-09-11T14:47:31Z
SM-A225F,INS,A225FXXU3BVF1,2022-04-01,2026-09-11T14:47:49Z
SM-A225F,MID,A225FXXU3BVF1,2022-04-01,2026-09-11T14:47:34Z
SM-A225F,SEE,A225FXXU3BVF1,2022-04-01,2026-09-11T14:47:58Z
SM-A225F,TUR,A225FXXU3BVF1,2022-04-01,2026-09-11T14:47:40Z
SM-A225F,XSA,A225FXXU3BVF1,2022-04-01,2026-09-11T14:48:01Z
SM-A225F,XSG,A225FXXU3BVF1,2022-04-01,2026-09-11T14:47:43Z
SM-A225F,AFG,A225FXXU3BVG4,2022-07-01,2026-09-11T14:47:46Z
SM-A225F,EGY,A225FXXU3BVG4,2022-07-01,2026-09-11T14:47:37Z
SM-A225F,ILO,A225FXXU3BVG4,2022-07-01,2026-09-11T14:47:31Z
SM-A225F,INS,A225FXXU3BVG4,2022-07-01,2026-09-11T14:47:49Z
SM-A225F,MID,A225FXXU3BVG4,2022-07-01,2026-09-11T14:47:34Z
SM-A225F,SEE,A225FXXU3BVG4,2022-07-01,2026-09-11T14:47:58Z
SM-A225F,TUR,A225FXXU3BVG4,2022-07-01,2026-09-11T14:47:40Z
SM-A225F,XSA,A225FXXU3BVG4,2022-07-01,2026-09-11T14:48:01Z
SM-A225F,XSG,A225FXXU3BVG4,2022-07-01,2026-09-11T14:47:43Z
SM-A225F,AFG,A225FXXU3BVI9,2022-09-01,2026-09-11T14:47:46Z
SM-A225F,EGY,A225FXXU3BVI9,2022-09-01,2026-09-11T14:47:37Z
SM-A225F,ILO,A225FXXU3BVI9,2022-09-01,2026-09-11T14:47:31Z
SM-A225F,INS,A225FXXU3BVI9,2022-09-01,2026-09-11T14:47:49Z
SM-A225F,MID,A225FXXU3BVI9,2022-09-01,2026-09-11T14:47:34Z
SM-A225F,SEE,A225FXXU3BVI9,2022-09-01,2026-09-11T14:47:58Z
SM-A225F,TUR,A225FXXU3BVI9,2022-09-01,2026-09-11T14:47:40Z
SM-A225F,XSA,A225FXXU3BVI9,2022-09-01,2026-09-11T14:48:01Z
SM-A225F,XSG,A225FXXU3BVI9,2022-09-01,2026-09-11T14:47:43Z
SM-A225F,AFG,A225FXXU3CVK3,2022-10-01,2026-09-11T14:47:46Z
SM-A225F,EGY,A225FXXU3CVK3,2022-10-01,2026-09-11T14:47:37Z
SM-A225F,ILO,A225FXXU3CVK3,2022-10-01,2026-09-11T14:47:31Z
SM-A225F,INS,A225FXXU3CVK3,2022-10-01,2026-09-11T14:47:49Z
SM-A225F,MID,A225FXXU3CVK3,2022-10-01,2026-09-11T14:47:34Z
SM-A225F,SEE,A225FXXU3CVK3,2022-10-01,2026-09-11T14:47:58Z
SM-A225F,TUR,A225FXXU3CVK3,2022-10-01,2026-09-11T14:47:40Z
SM-A225F,XSG,A225FXXU3CVK3,2022-10-01,2026-09-11T14:47:43Z
SM-A225F,XSA,A225FXXU3CVL2,2022-10-01,2026-09-11T14:48:01Z
SM-A225F,XSA,A225FXXU3CWA3,2022-11-01,2026-09-11T14:48:01Z
SM-A225F,AFG,A225FXXU3CWA6,2022-12-01,2026-09-11T14:47:46Z
SM-A225F,EGY,A225FXXU3CWA6,2022-12-01,2026-09-11T14:47:37Z
SM-A225F,ILO,A225FXXU3CWA6,2022-12-01,2026-09-11T14:47:31Z
SM-A225F,INS,A225FXXU3CWA6,2022-12-01,2026-09-11T14:47:49Z
SM-A225F,MID,A225FXXU3CWA6,2022-12-01,2026-09-11T14:47:34Z
SM-A225F,SEE,A225FXXU3CWA6,2022-12-01,2026-09-11T14:47:58Z
SM-A225F,TUR,A225FXXU3CWA6,2022-12-01,2026-09-11T14:47:40Z
SM-A225F,XSA,A225FXXU3CWA6,2022-12-01,2026-09-11T14:48:01Z
SM-A225F,XSG,A225FXXU3CWA6,2022-12-01,2026-09-11T14:47:43Z
SM-A225F,AFG,A225FXXU4DWB8,2023-02-01,2026-09-11T14:47:46Z
SM-A225F,EGY,A225FXXU4DWB8,2023-02-01,2026-09-11T14:47:37Z
SM-A225F,ILO,A225FXXU4DWB8,2023-02-01,2026-09-11T14:47:31Z
SM-A225F,INS,A225FXXU4DWB8,2023-02-01,2026-09-11T14:47:49Z
SM-A225F,MID,A225FXXU4DWB8,2023-02-01,2026-09-11T14:47:34Z
SM-A225F,SEE,A225FXXU4DWB8,2023-02-01,2026-09-11T14:47:58Z
SM-A225F,TUR,A225FXXU4DWB8,2023-02-01,2026-09-11T14:47:40Z
SM-A225F,XSA,A225FXXU4DWB8,2023-02-01,2026-09-11T14:48:01Z
SM-A225F,XSG,A225FXXU4DWB8,2023-02-01,2026-09-11T14:47:43Z
SM-A225F,AFG,A225FXXU6DWE3,2023-06-01,2026-09-11T14:47:46Z
SM-A225F,EGY,A225FXXU6DWE3,2023-06-01,2026-09-11T14:47:37Z
SM-A225F,ILO,A225FXXU6DWE3,2023-06-01,2026-09-11T14:47:31Z
SM-A225F,MID,A225FXXU6DWE3,2023-06-01,2026-09-11T14:47:34Z
SM-A225F,SEE,A225FXXU6DWE3,2023-06-01,2026-09-11T14:47:58Z
SM-A225F,TUR,A225FXXU6DWE3,2023-06-01,2026-09-11T14:47:40Z
SM-A225F,XSA,A225FXXU6DWE3,2023-06-01,2026-09-11T14:48:01Z
SM-A225F,XSG,A225FXXU6DWE3,2023-06-01,2026-09-11T14:47:43Z
SM-A225F,INS,A225FXXU6DWF3,2023-06-01,2026-09-11T14:47:49Z
SM-A225F,AFG,A225FXXU7DWH3,2023-08-01,2026-09-11T14:47:46Z
SM-A225F,EGY,A225FXXU7DWH3,2023-08-01,2026-09-11T14:47:37Z
SM-A225F,ILO,A225FXXU7DWH3,2023-08-01,2026-09-11T14:47:31Z
SM-A225F,MID,A225FXXU7DWH3,2023-08-01,2026-09-11T14:47:34Z
SM-A225F,SEE,A225FXXU7DWH3,2023-08-01,2026-09-11T14:47:58Z
SM-A225F,TUR,A225FXXU7DWH3,2023-08-01,2026-09-11T14:47:40Z
SM-A225F,XSA,A225FXXU7DWH3,2023-08-01,2026-09-11T14:48:01Z
SM-A225F,XSG,A225FXXU7DWH3,2023-08-01,2026-09-11T14:47:43Z
SM-A225F,INS,A225FXXU7DWI1,2023-08-01,2026-09-11T14:47:49Z
SM-A226B,BTU,A226BXXS4AVA6,2022-02-01,2026-09-11T14:48:42Z
SM-A226B,SEE,A226BXXS4AVA6,2022-02-01,2026-09-11T14:48:36Z
SM-A226B,BTU,A226BXXS4AVD5,2022-04-01,2026-09-11T14:48:42Z
SM-A226B,EGY,A226BXXS4AVD5,2022-04-01,2026-09-11T14:48:14Z
SM-A226B,INS,A226BXXS4AVD5,2022-04-01,2026-09-11T14:48:26Z
SM-A226B,MID,A226BXXS4AVD5,2022-04-01,2026-09-11T14:48:11Z
SM-A226B,SEE,A226BXXS4AVD5,2022-04-01,2026-09-11T14:48:36Z
SM-A226B,XSA,A226BXXS4AVD5,2022-04-01,2026-09-11T14:48:39Z
SM-A226B,XSG,A226BXXS4AVD5,2022-04-01,2026-09-11T14:48:20Z
SM-A226B,BTU,A226BXXS4AVF1,2022-06-01,2026-09-11T14:48:42Z
SM-A226B,SEE,A226BXXS4AVF1,2022-06-01,2026-09-11T14:48:36Z
SM-A226B,BTU,A226BXXS5BVI6,2022-09-01,2026-09-11T14:48:42Z
SM-A226B,SEE,A226BXXS5BVI6,2022-09-01,2026-09-11T14:48:36Z
SM-A226B,EGY,A226BXXS5BVJ2,2022-09-01,2026-09-11T14:48:14Z
SM-A226B,MID,A226BXXS5BVJ2,2022-09-01,2026-09-11T14:48:11Z
SM-A226B,XSA,A226BXXS5BVJ2,2022-09-01,2026-09-11T14:48:39Z
SM-A226B,XSG,A226BXXS5BVJ2,2022-09-01,2026-09-11T14:48:20Z
SM-A226B,BTU,A226BXXS5CWA2,2023-01-01,2026-09-11T14:48:42Z
SM-A226B,SEE,A226BXXS5CWA2,2023-01-01,2026-09-11T14:48:36Z
SM-A226B,INS,A226BXXS5CWA4,2023-01-01,2026-09-11T14:48:26Z
SM-A226B,EGY,A226BXXS5CWA5,2023-01-01,2026-09-11T14:48:14Z
SM-A226B,MID,A226BXXS5CWA5,2023-01-01,2026-09-11T14:48:11Z
SM-A226B,XSG,A226BXXS5CWA5,2023-01-01,2026-09-11T14:48:20Z
SM-A226B,XSA,A226BXXS5CWA6,2023-01-01,2026-09-11T14:48:39Z
SM-A226B,BTU,A226BXXS8DWK2,2023-10-01,2026-09-11T14:48:42Z
SM-A226B,EGY,A226BXXS8DWK2,2023-10-01,2026-09-11T14:48:14Z
SM-A226B,INS,A226BXXS8DWK2,2023-10-01,2026-09-11T14:48:26Z
SM-A226B,MID,A226BXXS8DWK2,2023-10-01,2026-09-11T14:48:11Z
SM-A226B,SEE,A226BXXS8DWK2,2023-10-01,2026-09-11T14:48:36Z
SM-A226B,XSA,A226BXXS8DWK2,2023-10-01,2026-09-11T14:48:39Z
SM-A226B,XSG,A226BXXS8DWK2,2023-10-01,2026-09-11T14:48:20Z
SM-A226B,INS,A226BXXS9DWL1,2023-12-01,2026-09-11T14:48:26Z
SM-A226B,BTU,A226BXXS9DXD1,2024-03-01,2026-09-11T14:48:42Z
SM-A226B,EGY,A226BXXS9DXD1,2024-03-01,2026-09-11T14:48:14Z
SM-A226B,MID,A226BXXS9DXD1,2024-03-01,2026-09-11T14:48:11Z
SM-A226B,SEE,A226BXXS9DXD1,2024-03-01,2026-09-11T14:48:36Z
SM-A226B,XSA,A226BXXS9DXD1,2024-03-01,2026-09-11T14:48:39Z
SM-A226B,XSG,A226BXXS9DXD1,2024-03-01,2026-09-11T14:48:20Z
SM-A226B,INS,A226BXXS9DXD2,2024-03-01,2026-09-11T14:48:26Z
SM-A226B,BTU,A226BXXSADXH1,2024-08-01,2026-09-11T14:48:42Z
SM-A226B,EGY,A226BXXSADXH1,2024-08-01,2026-09-11T14:48:14Z
SM-A226B,MID,A226BXXSADXH1,2024-08-01,2026-09-11T14:48:11Z
SM-A226B,SEE,A226BXXSADXH1,2024-08-01,2026-09-11T14:48:36Z
SM-A226B,XSA,A226BXXSADXH1,2024-08-01,2026-09-11T14:48:39Z
SM-A226B,XSG,A226BXXSADXH1,2024-08-01,2026-09-11T14:48:20Z
SM-A226B,INS,A226BXXSADXH2,2024-08-01,2026-09-11T14:48:26Z
SM-A226B,BTU,A226BXXSBDYA1,2025-01-01,2026-09-11T14:48:42Z
SM-A226B,EGY,A226BXXSBDYA1,2025-01-01,2026-09-11T14:48:14Z
SM-A226B,MID,A226BXXSBDYA1,2025-01-01,2026-09-11T14:48:11Z
SM-A226B,SEE,A226BXXSBDYA1,2025-01-01,2026-09-11T14:48:36Z
SM-A226B,XSA,A226BXXSBDYA1,2025-01-01,2026-09-11T14:48:39Z
SM-A226B,XSG,A226BXXSBDYA1,2025-01-01,2026-09-11T14:48:20Z
SM-A226B,INS,A226BXXSBDYA2,2025-01-01,2026-09-11T14:48:26Z
SM-A226B,BTU,A226BXXSBDZC3,2025-01-01,2026-09-11T14:48:42Z
SM-A226B,SEE,A226BXXSBDZC3,2025-01-01,2026-09-11T14:48:36Z
SM-A226B,BTU,A226BXXU1AUEE,2021-05-01,2026-09-11T14:48:42Z
SM-A226B,SEE,A226BXXU1AUEE,2021-05-01,2026-09-11T14:48:36Z
SM-A226B,BTU,A226BXXU2AUH1,2021-08-01,2026-09-11T14:48:42Z
SM-A226B,INS,A226BXXU2AUH1,2021-08-01,2026-09-11T14:48:26Z
SM-A226B,SEE,A226BXXU2AUH1,2021-08-01,2026-09-11T14:48:36Z
SM-A226B,XSA,A226BXXU2AUH1,2021-08-01,2026-09-11T14:48:39Z
SM-A226B,AFG,A226BXXU2AUH3,2021-08-01,2026-09-11T14:48:23Z
SM-A226B,EGY,A226BXXU2AUH3,2021-08-01,2026-09-11T14:48:14Z
SM-A226B,MID,A226BXXU2AUH3,2021-08-01,2026-09-11T14:48:11Z
SM-A226B,TUR,A226BXXU2AUH3,2021-08-01,2026-09-11T14:48:17Z
SM-A226B,XSG,A226BXXU2AUH3,2021-08-01,2026-09-11T14:48:20Z
SM-A226B,BTU,A226BXXU3AUJ2,2021-10-01,2026-09-11T14:48:42Z
SM-A226B,EGY,A226BXXU3AUJ2,2021-10-01,2026-09-11T14:48:14Z
SM-A226B,INS,A226BXXU3AUJ2,2021-10-01,2026-09-11T14:48:26Z
SM-A226B,MID,A226BXXU3AUJ2,2021-10-01,2026-09-11T14:48:11Z
SM-A226B,SEE,A226BXXU3AUJ2,2021-10-01,2026-09-11T14:48:36Z
SM-A226B,TUR,A226BXXU3AUJ2,2021-10-01,2026-09-11T14:48:17Z
SM-A226B,XSA,A226BXXU3AUJ2,2021-10-01,2026-09-11T14:48:39Z
SM-A226B,XSG,A226BXXU3AUJ2,2021-10-01,2026-09-11T14:48:20Z
SM-A226B,BTU,A226BXXU3AUL1,2021-12-01,2026-09-11T14:48:42Z
SM-A226B,EGY,A226BXXU3AUL1,2021-12-01,2026-09-11T14:48:14Z
SM-A226B,INS,A226BXXU3AUL1,2021-12-01,2026-09-11T14:48:26Z
SM-A226B,MID,A226BXXU3AUL1,2021-12-01,2026-09-11T14:48:11Z
SM-A226B,SEE,A226BXXU3AUL1,2021-12-01,2026-09-11T14:48:36Z
SM-A226B,TUR,A226BXXU3AUL1,2021-12-01,2026-09-11T14:48:17Z
SM-A226B,XSA,A226BXXU3AUL1,2021-12-01,2026-09-11T14:48:39Z
SM-A226B,XSG,A226BXXU3AUL1,2021-12-01,2026-09-11T14:48:20Z
SM-A226B,BTU,A226BXXU4AVB1,2022-02-01,2026-09-11T14:48:42Z
SM-A226B,EGY,A226BXXU4AVB1,2022-02-01,2026-09-11T14:48:14Z
SM-A226B,INS,A226BXXU4AVB1,2022-02-01,2026-09-11T14:48:26Z
SM-A226B,MID,A226BXXU4AVB1,2022-02-01,2026-09-11T14:48:11Z
SM-A226B,SEE,A226BXXU4AVB1,2022-02-01,2026-09-11T14:48:36Z
SM-A226B,TUR,A226BXXU4AVB1,2022-02-01,2026-09-11T14:48:17Z
SM-A226B,XSA,A226BXXU4AVB1,2022-02-01,2026-09-11T14:48:39Z
SM-A226B,XSG,A226BXXU4AVB1,2022-02-01,2026-09-11T14:48:20Z
SM-A226B,BTU,A226BXXU4BVF7,2022-06-01,2026-09-11T14:48:42Z
SM-A226B,EGY,A226BXXU4BVF7,2022-06-01,2026-09-11T14:48:14Z
SM-A226B,INS,A226BXXU4BVF7,2022-06-01,2026-09-11T14:48:26Z
SM-A226B,MID,A226BXXU4BVF7,2022-06-01,2026-09-11T14:48:11Z
SM-A226B,SEE,A226BXXU4BVF7,2022-06-01,2026-09-11T14:48:36Z
SM-A226B,XSA,A226BXXU4BVF7,2022-06-01,2026-09-11T14:48:39Z
SM-A226B,XSG,A226BXXU4BVF7,2022-06-01,2026-09-11T14:48:20Z
SM-A226B,BTU,A226BXXU5BVH2,2022-07-01,2026-09-11T14:48:42Z
SM-A226B,EGY,A226BXXU5BVH2,2022-07-01,2026-09-11T14:48:14Z
SM-A226B,INS,A226BXXU5BVH2,2022-07-01,2026-09-11T14:48:26Z
SM-A226B,MID,A226BXXU5BVH2,2022-07-01,2026-09-11T14:48:11Z
SM-A226B,SEE,A226BXXU5BVH2,2022-07-01,2026-09-11T14:48:36Z
SM-A226B,XSA,A226BXXU5BVH2,2022-07-01,2026-09-11T14:48:39Z
SM-A226B,XSG,A226BXXU5BVH2,2022-07-01,2026-09-11T14:48:20Z
SM-A226B,INS,A226BXXU5BVJ3,2022-09-01,2026-09-11T14:48:26Z
SM-A226B,BTU,A226BXXU5CVK8,2022-11-01,2026-09-11T14:48:42Z
SM-A226B,SEE,A226BXXU5CVK8,2022-11-01,2026-09-11T14:48:36Z
SM-A226B,XSA,A226BXXU5CVK8,2022-11-01,2026-09-11T14:48:39Z
SM-A226B,INS,A226BXXU5CVK9,2022-11-01,2026-09-11T14:48:26Z
SM-A226B,EGY,A226BXXU5CVKA,2022-11-01,2026-09-11T14:48:14Z
SM-A226B,MID,A226BXXU5CVKA,2022-11-01,2026-09-11T14:48:11Z
SM-A226B,XSG,A226BXXU5CVKA,2022-11-01,2026-09-11T14:48:20Z
SM-A226B,XSA,A226BXXU5CWA1,2022-11-01,2026-09-11T14:48:39Z
SM-A226B,BTU,A226BXXU5CWB6,2023-01-01,2026-09-11T14:48:42Z
SM-A226B,EGY,A226BXXU5CWB6,2023-01-01,2026-09-11T14:48:14Z
SM-A226B,INS,A226BXXU5CWB6,2023-01-01,2026-09-11T14:48:26Z
SM-A226B,MID,A226BXXU5CWB6,2023-01-01,2026-09-11T14:48:11Z
SM-A226B,SEE,A226BXXU5CWB6,2023-01-01,2026-09-11T14:48:36Z
SM-A226B,XSA,A226BXXU5CWB6,2023-01-01,2026-09-11T14:48:39Z
SM-A226B,XSG,A226BXXU5CWB6,2023-01-01,2026-09-11T14:48:20Z
SM-A226B,BTU,A226BXXU5DWC1,2023-04-01,2026-09-11T14:48:42Z
SM-A226B,EGY,A226BXXU5DWC1,2023-04-01,2026-09-11T14:48:14Z
SM-A226B,INS,A226BXXU5DWC1,2023-04-01,2026-09-11T14:48:26Z
SM-A226B,MID,A226BXXU5DWC1,2023-04-01,2026-09-11T14:48:11Z
SM-A226B,SEE,A226BXXU5DWC1,2023-04-01,2026-09-11T14:48:36Z
SM-A226B,XSA,A226BXXU5DWC1,2023-04-01,2026-09-11T14:48:39Z
SM-A226B,XSG,A226BXXU5DWC1,2023-04-01,2026-09-11T14:48:20Z
SM-A226B,XSA,A226BXXU5DWD1,2023-04-01,2026-09-11T14:48:39Z
SM-A226B,BTU,A226BXXU6DWF3,2023-06-01,2026-09-11T14:48:42Z
SM-A226B,EGY,A226BXXU6DWF3,2023-06-01,2026-09-11T14:48:14Z
SM-A226B,INS,A226BXXU6DWF3,2023-06-01,2026-09-11T14:48:26Z
SM-A226B,MID,A226BXXU6DWF3,2023-06-01,2026-09-11T14:48:11Z
SM-A226B,SEE,A226BXXU6DWF3,2023-06-01,2026-09-11T14:48:36Z
SM-A226B,XSA,A226BXXU6DWF3,2023-06-01,2026-09-11T14:48:39Z
SM-A226B,XSG,A226BXXU6DWF3,2023-06-01,2026-09-11T14:48:20Z
SM-A226B,BTU,A226BXXU7DWH4,2023-08-01,2026-09-11T14:48:42Z
SM-A226B,EGY,A226BXXU7DWH4,2023-08-01,2026-09-11T14:48:14Z
SM-A226B,INS,A226BXXU7DWH4,2023-08-01,2026-09-11T14:48:26Z
SM-A226B,MID,A226BXXU7DWH4,2023-08-01,2026-09-11T14:48:11Z
SM-A226B,SEE,A226BXXU7DWH4,2023-08-01,2026-09-11T14:48:36Z
SM-A226B,XSA,A226BXXU7DWH4,2023-08-01,2026-09-11T14:48:39Z
SM-A226B,XSG,A226BXXU7DWH4,2023-08-01,2026-09-11T14:48:20Z
SM-A235F,INS,A235FXXS2BWB3,2023-01-01,2026-09-11T14:49:02Z
SM-A235F,AFG,A235FXXS2CWD1,2023-05-01,2026-09-11T14:48:59Z
SM-A235F,EGY,A235FXXS2CWD1,2023-05-01,2026-09-11T14:48:50Z
SM-A235F,ILO,A235FXXS2CWD1,2023-05-01,2026-09-11T14:48:44Z
SM-A235F,INS,A235FXXS2CWD1,2023-05-01,2026-09-11T14:49:02Z
SM-A235F,MID,A235FXXS2CWD1,2023-05-01,2026-09-11T14:48:47Z
SM-A235F,TUR,A235FXXS2CWD1,2023-05-01,2026-09-11T14:48:53Z
SM-A235F,XSA,A235FXXS2CWD1,2023-05-01,2026-09-11T14:49:14Z
SM-A235F,XSG,A235FXXS2CWD1,2023-05-01,2026-09-11T14:48:56Z
SM-A235F,AFG,A235FXXS4CWK2,2023-11-01,2026-09-11T14:48:59Z
SM-A235F,EGY,A235FXXS4CWK2,2023-11-01,2026-09-11T14:48:50Z
SM-A235F,ILO,A235FXXS4CWK2,2023-11-01,2026-09-11T14:48:44Z
SM-A235F,INS,A235FXXS4CWK2,2023-11-01,2026-09-11T14:49:02Z
SM-A235F,MID,A235FXXS4CWK2,2023-11-01,2026-09-11T14:48:47Z
SM-A235F,TUR,A235FXXS4CWK2,2023-11-01,2026-09-11T14:48:53Z
SM-A235F,XSA,A235FXXS4CWK2,2023-11-01,2026-09-11T14:49:14Z
SM-A235F,XSG,A235FXXS4CWK2,2023-11-01,2026-09-11T14:48:56Z
SM-A235F,AFG,A235FXXS4DXA5,2023-11-01,2026-09-11T14:48:59Z
SM-A235F,EGY,A235FXXS4DXA5,2023-11-01,2026-09-11T14:48:50Z
SM-A235F,ILO,A235FXXS4DXA5,2023-11-01,2026-09-11T14:48:44Z
SM-A235F,INS,A235FXXS4DXA5,2023-11-01,2026-09-11T14:49:02Z
SM-A235F,MID,A235FXXS4DXA5,2023-11-01,2026-09-11T14:48:47Z
SM-A235F,XSA,A235FXXS4DXA5,2023-11-01,2026-09-11T14:49:14Z
SM-A235F,XSG,A235FXXS4DXA5,2023-11-01,2026-09-11T14:48:56Z
SM-A235F,INS,A235FXXS5DXA6,2023-12-01,2026-09-11T14:49:02Z
SM-A235F,AFG,A235FXXS5DXB3,2024-02-01,2026-09-11T14:48:59Z
SM-A235F,EGY,A235FXXS5DXB3,2024-02-01,2026-09-11T14:48:50Z
SM-A235F,ILO,A235FXXS5DXB3,2024-02-01,2026-09-11T14:48:44Z
SM-A235F,INS,A235FXXS5DXB3,2024-02-01,2026-09-11T14:49:02Z
SM-A235F,MID,A235FXXS5DXB3,2024-02-01,2026-09-11T14:48:47Z
SM-A235F,XSA,A235FXXS5DXB3,2024-02-01,2026-09-11T14:49:14Z
SM-A235F,XSG,A235FXXS5DXB3,2024-02-01,2026-09-11T14:48:56Z
SM-A235F,TUR,A235FXXS5DXB4,2024-02-01,2026-09-11T14:48:53Z
SM-A235F,AFG,A235FXXS7EXH1,2024-08-01,2026-09-11T14:48:59Z
SM-A235F,EGY,A235FXXS7EXH1,2024-08-01,2026-09-11T14:48:50Z
SM-A235F,ILO,A235FXXS7EXH1,2024-08-01,2026-09-11T14:48:44Z
SM-A235F,INS,A235FXXS7EXH1,2024-08-01,2026-09-11T14:49:02Z
SM-A235F,MID,A235FXXS7EXH1,2024-08-01,2026-09-11T14:48:47Z
SM-A235F,TUR,A235FXXS7EXH1,2024-08-01,2026-09-11T14:48:53Z
SM-A235F,XSA,A235FXXS7EXH1,2024-08-01,2026-09-11T14:49:14Z
SM-A235F,XSG,A235FXXS7EXH1,2024-08-01,2026-09-11T14:48:56Z
SM-A235F,AFG,A235FXXS8EXJ1,2024-10-01,2026-09-11T14:48:59Z
SM-A235F,EGY,A235FXXS8EXJ1,2024-10-01,2026-09-11T14:48:50Z
SM-A235F,ILO,A235FXXS8EXJ1,2024-10-01,2026-09-11T14:48:44Z
SM-A235F,INS,A235FXXS8EXJ1,2024-10-01,2026-09-11T14:49:02Z
SM-A235F,MID,A235FXXS8EXJ1,2024-10-01,2026-09-11T14:48:47Z
SM-A235F,TUR,A235FXXS8EXJ1,2024-10-01,2026-09-11T14:48:53Z
SM-A235F,XSA,A235FXXS8EXJ1,2024-10-01,2026-09-11T14:49:14Z
SM-A235F,XSG,A235FXXS8EXJ1,2024-10-01,2026-09-11T14:48:56Z
SM-A235F,AFG,A235FXXS9EYB1,2025-02-01,2026-09-11T14:48:59Z
SM-A235F,EGY,A235FXXS9EYB1,2025-02-01,2026-09-11T14:48:50Z
SM-A235F,ILO,A235FXXS9EYB1,2025-02-01,2026-09-11T14:48:44Z
SM-A235F,INS,A235FXXS9EYB1,2025-02-01,2026-09-11T14:49:02Z
SM-A235F,MID,A235FXXS9EYB1,2025-02-01,2026-09-11T14:48:47Z
SM-A235F,TUR,A235FXXS9EYB1,2025-02-01,2026-09-11T14:48:53Z
SM-A235F,XSA,A235FXXS9EYB1,2025-02-01,2026-09-11T14:49:14Z
SM-A235F,XSG,A235FXXS9EYB1,2025-02-01,2026-09-11T14:48:56Z
SM-A235F,AFG,A235FXXSAEYE1,2025-05-01,2026-09-11T14:48:59Z
SM-A235F,EGY,A235FXXSAEYE1,2025-05-01,2026-09-11T14:48:50Z
SM-A235F,ILO,A235FXXSAEYE1,2025-05-01,2026-09-11T14:48:44Z
SM-A235F,INS,A235FXXSAEYE1,2025-05-01,2026-09-11T14:49:02Z
SM-A235F,MID,A235FXXSAEYE1,2025-05-01,2026-09-11T14:48:47Z
SM-A235F,TUR,A235FXXSAEYE1,2025-05-01,2026-09-11T14:48:53Z
SM-A235F,XSA,A235FXXSAEYE1,2025-05-01,2026-09-11T14:49:14Z
SM-A235F,XSG,A235FXXSAEYE1,2025-05-01,2026-09-11T14:48:56Z
SM-A235F,AFG,A235FXXSBEYG1,2025-08-01,2026-09-11T14:48:59Z
SM-A235F,EGY,A235FXXSBEYG1,2025-08-01,2026-09-11T14:48:50Z
SM-A235F,ILO,A235FXXSBEYG1,2025-08-01,2026-09-11T14:48:44Z
SM-A235F,INS,A235FXXSBEYG1,2025-08-01,2026-09-11T14:49:02Z
SM-A235F,MID,A235FXXSBEYG1,2025-08-01,2026-09-11T14:48:47Z
SM-A235F,TUR,A235FXXSBEYG1,2025-08-01,2026-09-11T14:48:53Z
SM-A235F,XSA,A235FXXSBEYG1,2025-08-01,2026-09-11T14:49:14Z
SM-A235F,XSG,A235FXXSBEYG1,2025-08-01,2026-09-11T14:48:56Z
SM-A235F,AFG,A235FXXSCEYJ3,2025-11-01,2026-09-11T14:48:59Z
SM-A235F,EGY,A235FXXSCEYJ3,2025-11-01,2026-09-11T14:48:50Z
SM-A235F,ILO,A235FXXSCEYJ3,2025-11-01,2026-09-11T14:48:44Z
SM-A235F,INS,A235FXXSCEYJ3,2025-11-01,2026-09-11T14:49:02Z
SM-A235F,MID,A235FXXSCEYJ3,2025-11-01,2026-09-11T14:48:47Z
SM-A235F,TUR,A235FXXSCEYJ3,2025-11-01,2026-09-11T14:48:53Z
SM-A235F,XSA,A235FXXSCEYJ3,2025-11-01,2026-09-11T14:49:14Z
SM-A235F,XSG,A235FXXSCEYJ3,2025-11-01,2026-09-11T14:48:56Z
SM-A235F,AFG,A235FXXSDEYL2,2026-01-01,2026-09-11T14:48:59Z
SM-A235F,EGY,A235FXXSDEYL2,2026-01-01,2026-09-11T14:48:50Z
SM-A235F,ILO,A235FXXSDEYL2,2026-01-01,2026-09-11T14:48:44Z
SM-A235F,INS,A235FXXSDEYL2,2026-01-01,2026-09-11T14:49:02Z
SM-A235F,MID,A235FXXSDEYL2,2026-01-01,2026-09-11T14:48:47Z
SM-A235F,TUR,A235FXXSDEYL2,2026-01-01,2026-09-11T14:48:53Z
SM-A235F,XSA,A235FXXSDEYL2,2026-01-01,2026-09-11T14:49:14Z
SM-A235F,XSG,A235FXXSDEYL2,2026-01-01,2026-09-11T14:48:56Z
SM-A235F,AFG,A235FXXSEEZB1,2026-02-05,2026-09-11T14:48:59Z
SM-A235F,EGY,A235FXXSEEZB1,2026-02-05,2026-09-11T14:48:50Z
SM-A235F,ILO,A235FXXSEEZB1,2026-02-05,2026-09-11T14:48:44Z
SM-A235F,INS,A235FXXSEEZB1,2026-02-05,2026-09-11T14:49:02Z
SM-A235F,MID,A235FXXSEEZB1,2026-02-05,2026-09-11T14:48:47Z
SM-A235F,TUR,A235FXXSEEZB1,2026-02-05,2026-09-11T14:48:53Z
SM-A235F,XSA,A235FXXSEEZB1,2026-02-05,2026-09-11T14:49:14Z
SM-A235F,XSG,A235FXXSEEZB1,2026-02-05,2026-09-11T14:48:56Z
SM-A235F,XSA,A235FXXSEEZE1,2026-02-05,2026-09-11T14:49:14Z
SM-A235F,AFG,A235FXXU1AVC4,2022-03-01,2026-09-11T14:48:59Z
SM-A235F,EGY,A235FXXU1AVC4,2022-03-01,2026-09-11T14:48:50Z
SM-A235F,ILO,A235FXXU1AVC4,2022-03-01,2026-09-11T14:48:44Z
SM-A235F,INS,A235FXXU1AVC4,2022-03-01,2026-09-11T14:49:02Z
SM-A235F,MID,A235FXXU1AVC4,2022-03-01,2026-09-11T14:48:47Z
SM-A235F,TUR,A235FXXU1AVC4,2022-03-01,2026-09-11T14:48:53Z
SM-A235F,XSA,A235FXXU1AVC4,2022-03-01,2026-09-11T14:49:14Z
SM-A235F,XSG,A235FXXU1AVC4,2022-03-01,2026-09-11T14:48:56Z
SM-A235F,AFG,A235FXXU1AVD1,2022-03-01,2026-09-11T14:48:59Z
SM-A235F,EGY,A235FXXU1AVD1,2022-03-01,2026-09-11T14:48:50Z
SM-A235F,ILO,A235FXXU1AVD1,2022-03-01,2026-09-11T14:48:44Z
SM-A235F,INS,A235FXXU1AVD1,2022-03-01,2026-09-11T14:49:02Z
SM-A235F,MID,A235FXXU1AVD1,2022-03-01,2026-09-11T14:48:47Z
SM-A235F,TUR,A235FXXU1AVD1,2022-03-01,2026-09-11T14:48:53Z
SM-A235F,XSA,A235FXXU1AVD1,2022-03-01,2026-09-11T14:49:14Z
SM-A235F,XSG,A235FXXU1AVD1,2022-03-01,2026-09-11T14:48:56Z
SM-A235F,INS,A235FXXU1AVE4,2022-05-01,2026-09-11T14:49:02Z
SM-A235F,XSA,A235FXXU1AVE4,2022-05-01,2026-09-11T14:49:14Z
SM-A235F,AFG,A235FXXU1AVE5,2022-05-01,2026-09-11T14:48:59Z
SM-A235F,EGY,A235FXXU1AVE5,2022-05-01,2026-09-11T14:48:50Z
SM-A235F,ILO,A235FXXU1AVE5,2022-05-01,2026-09-11T14:48:44Z
SM-A235F,MID,A235FXXU1AVE5,2022-05-01,2026-09-11T14:48:47Z
SM-A235F,TUR,A235FXXU1AVE5,2022-05-01,2026-09-11T14:48:53Z
SM-A235F,XSG,A235FXXU1AVE5,2022-05-01,2026-09-11T14:48:56Z
SM-A235F,INS,A235FXXU1AVE6,2022-05-01,2026-09-11T14:49:02Z
SM-A235F,XSA,A235FXXU1AVE6,2022-05-01,2026-09-11T14:49:14Z
SM-A235F,AFG,A235FXXU1AVF3,2022-07-01,2026-09-11T14:48:59Z
SM-A235F,EGY,A235FXXU1AVF3,2022-07-01,2026-09-11T14:48:50Z
SM-A235F,ILO,A235FXXU1AVF3,2022-07-01,2026-09-11T14:48:44Z
SM-A235F,INS,A235FXXU1AVF3,2022-07-01,2026-09-11T14:49:02Z
SM-A235F,MID,A235FXXU1AVF3,2022-07-01,2026-09-11T14:48:47Z
SM-A235F,TUR,A235FXXU1AVF3,2022-07-01,2026-09-11T14:48:53Z
SM-A235F,XSA,A235FXXU1AVF3,2022-07-01,2026-09-11T14:49:14Z
SM-A235F,XSG,A235FXXU1AVF3,2022-07-01,2026-09-11T14:48:56Z
SM-A235F,AFG,A235FXXU1AVG2,2022-08-01,2026-09-11T14:48:59Z
SM-A235F,EGY,A235FXXU1AVG2,2022-08-01,2026-09-11T14:48:50Z
SM-A235F,ILO,A235FXXU1AVG2,2022-08-01,2026-09-11T14:48:44Z
SM-A235F,INS,A235FXXU1AVG2,2022-08-01,2026-09-11T14:49:02Z
SM-A235F,MID,A235FXXU1AVG2,2022-08-01,2026-09-11T14:48:47Z
SM-A235F,TUR,A235FXXU1AVG2,2022-08-01,2026-09-11T14:48:53Z
SM-A235F,XSA,A235FXXU1AVG2,2022-08-01,2026-09-11T14:49:14Z
SM-A235F,XSG,A235FXXU1AVG2,2022-08-01,2026-09-11T14:48:56Z
SM-A235F,AFG,A235FXXU1BVK8,2022-11-01,2026-09-11T14:48:59Z
SM-A235F,EGY,A235FXXU1BVK8,2022-11-01,2026-09-11T14:48:50Z
SM-A235F,ILO,A235FXXU1BVK8,2022-11-01,2026-09-11T14:48:44Z
SM-A235F,INS,A235FXXU1BVK8,2022-11-01,2026-09-11T14:49:02Z
SM-A235F,MID,A235FXXU1BVK8,2022-11-01,2026-09-11T14:48:47Z
SM-A235F,TUR,A235FXXU1BVK8,2022-11-01,2026-09-11T14:48:53Z
SM-A235F,XSA,A235FXXU1BVK8,2022-11-01,2026-09-11T14:49:14Z
SM-A235F,XSG,A235FXXU1BVK8,2022-11-01,2026-09-11T14:48:56Z
SM-A235F,AFG,A235FXXU2CWB4,2023-02-01,2026-09-11T14:48:59Z
SM-A235F,EGY,A235FXXU2CWB4,2023-02-01,2026-09-11T14:48:50Z
SM-A235F,ILO,A235FXXU2CWB4,2023-02-01,2026-09-11T14:48:44Z
SM-A235F,INS,A235FXXU2CWB4,2023-02-01,2026-09-11T14:49:02Z
SM-A235F,MID,A235FXXU2CWB4,2023-02-01,2026-09-11T14:48:47Z
SM-A235F,TUR,A235FXXU2CWB4,2023-02-01,2026-09-11T14:48:53Z
SM-A235F,XSA,A235FXXU2CWB4,2023-02-01,2026-09-11T14:49:14Z
SM-A235F,XSG,A235FXXU2CWB4,2023-02-01,2026-09-11T14:48:56Z
SM-A235F,EGY,A235FXXU3CWE2,2023-05-01,2026-09-11T14:48:50Z
SM-A235F,MID,A235FXXU3CWE2,2023-05-01,2026-09-11T14:48:47Z
SM-A235F,TUR,A235FXXU3CWE2,2023-05-01,2026-09-11T14:48:53Z
SM-A235F,AFG,A235FXXU3CWE4,2023-06-01,2026-09-11T14:48:59Z
SM-A235F,EGY,A235FXXU3CWE4,2023-06-01,2026-09-11T14:48:50Z
SM-A235F,ILO,A235FXXU3CWE4,2023-06-01,2026-09-11T14:48:44Z
SM-A235F,MID,A235FXXU3CWE4,2023-06-01,2026-09-11T14:48:47Z
SM-A235F,TUR,A235FXXU3CWE4,2023-06-01,2026-09-11T14:48:53Z
SM-A235F,XSA,A235FXXU3CWE4,2023-06-01,2026-09-11T14:49:14Z
SM-A235F,XSG,A235FXXU3CWE4,2023-06-01,2026-09-11T14:48:56Z
SM-A235F,INS,A235FXXU3CWF1,2023-06-01,2026-09-11T14:49:02Z
SM-A235F,AFG,A235FXXU4CWH1,2023-08-01,2026-09-11T14:48:59Z
SM-A235F,EGY,A235FXXU4CWH1,2023-08-01,2026-09-11T14:48:50Z
SM-A235F,ILO,A235FXXU4CWH1,2023-08-01,2026-09-11T14:48:44Z
SM-A235F,INS,A235FXXU4CWH1,2023-08-01,2026-09-11T14:49:02Z
SM-A235F,MID,A235FXXU4CWH1,2023-08-01,2026-09-11T14:48:47Z
SM-A235F,TUR,A235FXXU4CWH1,2023-08-01,2026-09-11T14:48:53Z
SM-A235F,XSG,A235FXXU4CWH1,2023-08-01,2026-09-11T14:48:56Z
SM-A235F,XSA,A235FXXU4CWI1,2023-08-01,2026-09-11T14:49:14Z
SM-A235F,AFG,A235FXXU4CWJ1,2023-08-01,2026-09-11T14:48:59Z
SM-A235F,EGY,A235FXXU4CWJ1,2023-08-01,2026-09-11T14:48:50Z
SM-A235F,ILO,A235FXXU4CWJ1,2023-08-01,2026-09-11T14:48:44Z
SM-A235F,INS,A235FXXU4CWJ1,2023-08-01,2026-09-11T14:49:02Z
SM-A235F,MID,A235FXXU4CWJ1,2023-08-01,2026-09-11T14:48:47Z
SM-A235F,TUR,A235FXXU4CWJ1,2023-08-01,2026-09-11T14:48:53Z
SM-A235F,XSA,A235FXXU4CWJ1,2023-08-01,2026-09-11T14:49:14Z
SM-A235F,XSG,A235FXXU4CWJ1,2023-08-01,2026-09-11T14:48:56Z
SM-A235F,AFG,A235FXXU4DWL1,2023-11-01,2026-09-11T14:48:59Z
SM-A235F,EGY,A235FXXU4DWL1,2023-11-01,2026-09-11T14:48:50Z
SM-A235F,ILO,A235FXXU4DWL1,2023-11-01,2026-09-11T14:48:44Z
SM-A235F,INS,A235FXXU4DWL1,2023-11-01,2026-09-11T14:49:02Z
SM-A235F,MID,A235FXXU4DWL1,2023-11-01,2026-09-11T14:48:47Z
SM-A235F,XSA,A235FXXU4DWL1,2023-11-01,2026-09-11T14:49:14Z
SM-A235F,XSG,A235FXXU4DWL1,2023-11-01,2026-09-11T14:48:56Z
SM-A235F,TUR,A235FXXU4DXA3,2023-11-01,2026-09-11T14:48:53Z
SM-A235F,AFG,A235FXXU6EXE3,2024-05-01,2026-09-11T14:48:59Z
SM-A235F,EGY,A235FXXU6EXE3,2024-05-01,2026-09-11T14:48:50Z
SM-A235F,ILO,A235FXXU6EXE3,2024-05-01,2026-09-11T14:48:44Z
SM-A235F,INS,A235FXXU6EXE3,2024-05-01,2026-09-11T14:49:02Z
SM-A235F,MID,A235FXXU6EXE3,2024-05-01,2026-09-11T14:48:47Z
SM-A235F,TUR,A235FXXU6EXE3,2024-05-01,2026-09-11T14:48:53Z
SM-A235F,XSA,A235FXXU6EXE3,2024-05-01,2026-09-11T14:49:14Z
SM-A235F,XSG,A235FXXU6EXE3,2024-05-01,2026-09-11T14:48:56Z
SM-A235F,AFG,A235FXXU9EXL2,2024-11-01,2026-09-11T14:48:59Z
SM-A235F,EGY,A235FXXU9EXL2,2024-11-01,2026-09-11T14:48:50Z
SM-A235F,ILO,A235FXXU9EXL2,2024-11-01,2026-09-11T14:48:44Z
SM-A235F,INS,A235FXXU9EXL2,2024-11-01,2026-09-11T14:49:02Z
SM-A235F,MID,A235FXXU9EXL2,2024-11-01,2026-09-11T14:48:47Z
SM-A235F,TUR,A235FXXU9EXL2,2024-11-01,2026-09-11T14:48:53Z
SM-A235F,XSA,A235FXXU9EXL2,2024-11-01,2026-09-11T14:49:14Z
SM-A235F,XSG,A235FXXU9EXL2,2024-11-01,2026-09-11T14:48:56Z
SM-A236B,EUX,A236BXXS2AVI1,2022-10-01,2026-09-11T14:49:45Z
SM-A236B,EUX,A236BXXS3CWD4,2023-05-01,2026-09-11T14:49:45Z
SM-A236B,EUX,A236BXXS4CWK2,2023-11-01,2026-09-11T14:49:45Z
SM-A236B,EUX,A236BXXS4DXA2,2024-01-01,2026-09-11T14:49:45Z
SM-A236B,EUX,A236BXXS6EXE2,2024-05-01,2026-09-11T14:49:45Z
SM-A236B,EUX,A236BXXS7EXG3,2024-07-01,2026-09-11T14:49:45Z
SM-A236B,EUX,A236BXXS7EXI1,2024-09-01,2026-09-11T14:49:45Z
SM-A236B,EUX,A236BXXS8EXJ1,2024-10-01,2026-09-11T14:49:45Z
SM-A236B,EUX,A236BXXS9EYA1,2025-01-01,2026-09-11T14:49:45Z
SM-A236B,EUX,A236BXXSAEYD1,2025-04-01,2026-09-11T14:49:45Z
SM-A236B,EUX,A236BXXSBEYG1,2025-07-01,2026-09-11T14:49:45Z
SM-A236B,EUX,A236BXXSCEYJ1,2025-10-01,2026-09-11T14:49:45Z
SM-A236B,EUX,A236BXXSDEZA1,2026-01-01,2026-09-11T14:49:45Z
SM-A236B,EUX,A236BXXSEEZB1,2026-02-05,2026-09-11T14:49:45Z
SM-A236B,EUX,A236BXXSFEZE4,2026-05-05,2026-09-11T14:49:45Z
SM-A236B,EUX,A236BXXSGEZH2,2026-08-05,2026-09-11T14:49:45Z
SM-A236B,EUX,A236BXXU2AVH3,2022-08-01,2026-09-11T14:49:45Z
SM-A236B,EUX,A236BXXU2BVK7,2022-11-01,2026-09-11T14:49:45Z
SM-A236B,EUX,A236BXXU2BWA3,2023-01-01,2026-09-11T14:49:45Z
SM-A236B,EUX,A236BXXU3CWC1,2023-02-01,2026-09-11T14:49:45Z
SM-A236B,EUX,A236BXXU4CWE3,2023-05-01,2026-09-11T14:49:45Z
SM-A236B,EUX,A236BXXU4CWGJ,2023-08-01,2026-09-11T14:49:45Z
SM-A236B,EUX,A236BXXU4DWKA,2023-11-01,2026-09-11T14:49:45Z
SM-A236B,EUX,A236BXXU5DXD6,2024-04-01,2026-09-11T14:49:45Z
SM-A236B,EUX,A236BXXU5EXDA,2024-04-01,2026-09-11T14:49:45Z
SM-A236B,EUX,A236BXXU5EXE1,2024-04-01,2026-09-11T14:49:45Z
SM-A236B,EUX,A236BXXU6EXF3,2024-05-01,2026-09-11T14:49:45Z
SM-A236B,EUX,A236BXXU7EXG5,2024-07-01,2026-09-11T14:49:45Z
SM-A236B,EUX,A236BXXU9EXK1,2024-11-01,2026-09-11T14:49:45Z
SM-A245F,AFG,A245FXXS3AWH4,2023-09-01,2026-09-11T14:50:14Z
SM-A245F,EGY,A245FXXS3AWH4,2023-09-01,2026-09-11T14:50:06Z
SM-A245F,ILO,A245FXXS3AWH4,2023-09-01,2026-09-11T14:50:01Z
SM-A245F,MID,A245FXXS3AWH4,2023-09-01,2026-09-11T14:50:04Z
SM-A245F,TUR,A245FXXS3AWH4,2023-09-01,2026-09-11T14:50:09Z
SM-A245F,XSG,A245FXXS3AWH4,2023-09-01,2026-09-11T14:50:12Z
SM-A245F,AFG,A245FXXS3BXA1,2024-01-01,2026-09-11T14:50:14Z
SM-A245F,EGY,A245FXXS3BXA1,2024-01-01,2026-09-11T14:50:06Z
SM-A245F,ILO,A245FXXS3BXA1,2024-01-01,2026-09-11T14:50:01Z
SM-A245F,MID,A245FXXS3BXA1,2024-01-01,2026-09-11T14:50:04Z
SM-A245F,TUR,A245FXXS3BXA1,2024-01-01,2026-09-11T14:50:09Z
SM-A245F,XSG,A245FXXS3BXA1,2024-01-01,2026-09-11T14:50:12Z
SM-A245F,AFG,A245FXXS4BXD3,2024-04-01,2026-09-11T14:50:14Z
SM-A245F,EGY,A245FXXS4BXD3,2024-04-01,2026-09-11T14:50:06Z
SM-A245F,ILO,A245FXXS4BXD3,2024-04-01,2026-09-11T14:50:01Z
SM-A245F,MID,A245FXXS4BXD3,2024-04-01,2026-09-11T14:50:04Z
SM-A245F,TUR,A245FXXS4BXD3,2024-04-01,2026-09-11T14:50:09Z
SM-A245F,XSG,A245FXXS4BXD3,2024-04-01,2026-09-11T14:50:12Z
SM-A245F,AFG,A245FXXS6CXH1,2024-08-01,2026-09-11T14:50:14Z
SM-A245F,EGY,A245FXXS6CXH1,2024-08-01,2026-09-11T14:50:06Z
SM-A245F,ILO,A245FXXS6CXH1,2024-08-01,2026-09-11T14:50:01Z
SM-A245F,MID,A245FXXS6CXH1,2024-08-01,2026-09-11T14:50:04Z
SM-A245F,TUR,A245FXXS6CXH1,2024-08-01,2026-09-11T14:50:09Z
SM-A245F,XSG,A245FXXS6CXH1,2024-08-01,2026-09-11T14:50:12Z
SM-A245F,AFG,A245FXXS7CXJ1,2024-10-01,2026-09-11T14:50:14Z
SM-A245F,EGY,A245FXXS7CXJ1,2024-10-01,2026-09-11T14:50:06Z
SM-A245F,MID,A245FXXS7CXJ1,2024-10-01,2026-09-11T14:50:04Z
SM-A245F,TUR,A245FXXS7CXJ1,2024-10-01,2026-09-11T14:50:09Z
SM-A245F,XSG,A245FXXS7CXJ1,2024-10-01,2026-09-11T14:50:12Z
SM-A245F,ILO,A245FXXS7CXJ2,2024-10-01,2026-09-11T14:50:01Z
SM-A245F,AFG,A245FXXS8CYB1,2025-02-01,2026-09-11T14:50:14Z
SM-A245F,EGY,A245FXXS8CYB1,2025-02-01,2026-09-11T14:50:06Z
SM-A245F,ILO,A245FXXS8CYB1,2025-02-01,2026-09-11T14:50:01Z
SM-A245F,MID,A245FXXS8CYB1,2025-02-01,2026-09-11T14:50:04Z
SM-A245F,TUR,A245FXXS8CYB1,2025-02-01,2026-09-11T14:50:09Z
SM-A245F,XSG,A245FXXS8CYB1,2025-02-01,2026-09-11T14:50:12Z
SM-A245F,AFG,A245FXXS8CYD5,2025-03-01,2026-09-11T14:50:14Z
SM-A245F,EGY,A245FXXS8CYD5,2025-03-01,2026-09-11T14:50:06Z
SM-A245F,ILO,A245FXXS8CYD5,2025-03-01,2026-09-11T14:50:01Z
SM-A245F,MID,A245FXXS8CYD5,2025-03-01,2026-09-11T14:50:04Z
SM-A245F,TUR,A245FXXS8CYD5,2025-03-01,2026-09-11T14:50:09Z
SM-A245F,XSG,A245FXXS8CYD5,2025-03-01,2026-09-11T14:50:12Z
SM-A245F,AFG,A245FXXS9DYG1,2025-08-01,2026-09-11T14:50:14Z
SM-A245F,EGY,A245FXXS9DYG1,2025-08-01,2026-09-11T14:50:06Z
SM-A245F,ILO,A245FXXS9DYG1,2025-08-01,2026-09-11T14:50:01Z
SM-A245F,MID,A245FXXS9DYG1,2025-08-01,2026-09-11T14:50:04Z
SM-A245F,TUR,A245FXXS9DYG1,2025-08-01,2026-09-11T14:50:09Z
SM-A245F,XSG,A245FXXS9DYG1,2025-08-01,2026-09-11T14:50:12Z
SM-A245F,AFG,A245FXXS9EYL2,2025-12-01,2026-09-11T14:50:14Z
SM-A245F,EGY,A245FXXS9EYL2,2025-12-01,2026-09-11T14:50:06Z
SM-A245F,ILO,A245FXXS9EYL2,2025-12-01,2026-09-11T14:50:01Z
SM-A245F,MID,A245FXXS9EYL2,2025-12-01,2026-09-11T14:50:04Z
SM-A245F,TUR,A245FXXS9EYL2,2025-12-01,2026-09-11T14:50:09Z
SM-A245F,XSG,A245FXXS9EYL2,2025-12-01,2026-09-11T14:50:12Z
SM-A245F,AFG,A245FXXSAEZA4,2026-01-01,2026-09-11T14:50:14Z
SM-A245F,EGY,A245FXXSAEZA4,2026-01-01,2026-09-11T14:50:06Z
SM-A245F,ILO,A245FXXSAEZA4,2026-01-01,2026-09-11T14:50:01Z
SM-A245F,MID,A245FXXSAEZA4,2026-01-01,2026-09-11T14:50:04Z
SM-A245F,TUR,A245FXXSAEZA4,2026-01-01,2026-09-11T14:50:09Z
SM-A245F,XSG,A245FXXSAEZA4,2026-01-01,2026-09-11T14:50:12Z
SM-A245F,AFG,A245FXXSBEZB5,2026-02-05,2026-09-11T14:50:14Z
SM-A245F,EGY,A245FXXSBEZB5,2026-02-05,2026-09-11T14:50:06Z
SM-A245F,ILO,A245FXXSBEZB5,2026-02-05,2026-09-11T14:50:01Z
SM-A245F,MID,A245FXXSBEZB5,2026-02-05,2026-09-11T14:50:04Z
SM-A245F,TUR,A245FXXSBEZB5,2026-02-05,2026-09-11T14:50:09Z
SM-A245F,XSG,A245FXXSBEZB5,2026-02-05,2026-09-11T14:50:12Z
SM-A245F,AFG,A245FXXSCEZE1,2026-05-05,2026-09-11T14:50:14Z
SM-A245F,EGY,A245FXXSCEZE1,2026-05-05,2026-09-11T14:50:06Z
SM-A245F,ILO,A245FXXSCEZE1,2026-05-05,2026-09-11T14:50:01Z
SM-A245F,MID,A245FXXSCEZE1,2026-05-05,2026-09-11T14:50:04Z
SM-A245F,TUR,A245FXXSCEZE1,2026-05-05,2026-09-11T14:50:09Z
SM-A245F,XSG,A245FXXSCEZE1,2026-05-05,2026-09-11T14:50:12Z
SM-A245F,AFG,A245FXXSDFZG3,2026-07-05,2026-09-11T14:50:14Z
SM-A245F,EGY,A245FXXSDFZG3,2026-07-05,2026-09-11T14:50:06Z
SM-A245F,ILO,A245FXXSDFZG3,2026-07-05,2026-09-11T14:50:01Z
SM-A245F,MID,A245FXXSDFZG3,2026-07-05,2026-09-11T14:50:04Z
SM-A245F,TUR,A245FXXSDFZG3,2026-07-05,2026-09-11T14:50:09Z
SM-A245F,XSG,A245FXXSDFZG3,2026-07-05,2026-09-11T14:50:12Z
SM-A245F,AFG,A245FXXU2AWE6,2023-06-01,2026-09-11T14:50:14Z
SM-A245F,EGY,A245FXXU2AWE6,2023-06-01,2026-09-11T14:50:06Z
SM-A245F,ILO,A245FXXU2AWE6,2023-06-01,2026-09-11T14:50:01Z
SM-A245F,MID,A245FXXU2AWE6,2023-06-01,2026-09-11T14:50:04Z
SM-A245F,TUR,A245FXXU2AWE6,2023-06-01,2026-09-11T14:50:09Z
SM-A245F,XSG,A245FXXU2AWE6,2023-06-01,2026-09-11T14:50:12Z
SM-A245F,AFG,A245FXXU3BWK3,2023-11-01,2026-09-11T14:50:14Z
SM-A245F,EGY,A245FXXU3BWK3,2023-11-01,2026-09-11T14:50:06Z
SM-A245F,ILO,A245FXXU3BWK3,2023-11-01,2026-09-11T14:50:01Z
SM-A245F,MID,A245FXXU3BWK3,2023-11-01,2026-09-11T14:50:04Z
SM-A245F,TUR,A245FXXU3BWK3,2023-11-01,2026-09-11T14:50:09Z
SM-A245F,XSG,A245FXXU3BWK3,2023-11-01,2026-09-11T14:50:12Z
SM-A245F,AFG,A245FXXU5CXE1,2024-05-01,2026-09-11T14:50:14Z
SM-A245F,EGY,A245FXXU5CXE1,2024-05-01,2026-09-11T14:50:06Z
SM-A245F,ILO,A245FXXU5CXE1,2024-05-01,2026-09-11T14:50:01Z
SM-A245F,MID,A245FXXU5CXE1,2024-05-01,2026-09-11T14:50:04Z
SM-A245F,TUR,A245FXXU5CXE1,2024-05-01,2026-09-11T14:50:09Z
SM-A245F,XSG,A245FXXU5CXE1,2024-05-01,2026-09-11T14:50:12Z
SM-A245F,ILO,A245FXXU6CXI3,2024-08-01,2026-09-11T14:50:01Z
SM-A245F,AFG,A245FXXU8CXL1,2024-11-01,2026-09-11T14:50:14Z
SM-A245F,EGY,A245FXXU8CXL1,2024-11-01,2026-09-11T14:50:06Z
SM-A245F,ILO,A245FXXU8CXL1,2024-11-01,2026-09-11T14:50:01Z
SM-A245F,MID,A245FXXU8CXL1,2024-11-01,2026-09-11T14:50:04Z
SM-A245F,TUR,A245FXXU8CXL1,2024-11-01,2026-09-11T14:50:09Z
SM-A245F,XSG,A245FXXU8CXL1,2024-11-01,2026-09-11T14:50:12Z
SM-A245F,AFG,A245FXXU8DYE5,2025-05-01,2026-09-11T14:50:14Z
SM-A245F,EGY,A245FXXU8DYE5,2025-05-01,2026-09-11T14:50:06Z
SM-A245F,ILO,A245FXXU8DYE5,2025-05-01,2026-09-11T14:50:01Z
SM-A245F,MID,A245FXXU8DYE5,2025-05-01,2026-09-11T14:50:04Z
SM-A245F,TUR,A245FXXU8DYE5,2025-05-01,2026-09-11T14:50:09Z
SM-A245F,XSG,A245FXXU8DYE5,2025-05-01,2026-09-11T14:50:12Z
SM-A245F,AFG,A245FXXU9EYK1,2025-10-01,2026-09-11T14:50:14Z
SM-A245F,EGY,A245FXXU9EYK1,2025-10-01,2026-09-11T14:50:06Z
SM-A245F,ILO,A245FXXU9EYK1,2025-10-01,2026-09-11T14:50:01Z
SM-A245F,MID,A245FXXU9EYK1,2025-10-01,2026-09-11T14:50:04Z
SM-A245F,TUR,A245FXXU9EYK1,2025-10-01,2026-09-11T14:50:09Z
SM-A245F,XSG,A245FXXU9EYK1,2025-10-01,2026-09-11T14:50:12Z
SM-A245F,AFG,A245FXXUCFZF1,2026-05-05,2026-09-11T14:50:14Z
SM-A245F,EGY,A245FXXUCFZF1,2026-05-05,2026-09-11T14:50:06Z
SM-A245F,ILO,A245FXXUCFZF1,2026-05-05,2026-09-11T14:50:01Z
SM-A245F,MID,A245FXXUCFZF1,2026-05-05,2026-09-11T14:50:04Z
SM-A245F,TUR,A245FXXUCFZF1,2026-05-05,2026-09-11T14:50:09Z
SM-A245F,XSG,A245FXXUCFZF1,2026-05-05,2026-09-11T14:50:12Z
SM-A256B,EUX,A256BXXS1AXA2,2024-01-01,2026-09-11T14:51:01Z
SM-A256B,EUX,A256BXXS2AXD1,2024-04-01,2026-09-11T14:51:01Z
SM-A256B,EUX,A256BXXS5BXI1,2024-09-01,2026-09-11T14:51:01Z
SM-A256B,EUX,A256BXXS6BXJ1,2024-10-01,2026-09-11T14:51:01Z
SM-A256B,EUX,A256BXXS7BYA3,2025-01-01,2026-09-11T14:51:01Z
SM-A256B,EUX,A256BXXS7BYC2,2025-03-01,2026-09-11T14:51:01Z
SM-A256B,EUX,A256BXXS8CYG4,2025-08-01,2026-09-11T14:51:01Z
SM-A256B,EUX,A256BXXS9DYK2,2025-11-01,2026-09-11T14:51:01Z
SM-A256B,EUX,A256BXXSADZA2,2026-01-01,2026-09-11T14:51:01Z
SM-A256B,EUX,A256BXXSBDZB2,2026-02-05,2026-09-11T14:51:01Z
SM-A256B,EUX,A256BXXSCDZD8,2026-04-05,2026-09-11T14:51:01Z
SM-A256B,EUX,A256BXXSDEZG2,2026-07-05,2026-09-11T14:51:01Z
SM-A256B,EUX,A256BXXSEEZH9,2026-08-05,2026-09-11T14:51:01Z
SM-A256B,EUX,A256BXXU1AXB6,2024-02-01,2026-09-11T14:51:01Z
SM-A256B,EUX,A256BXXU1AXC8,2024-02-01,2026-09-11T14:51:01Z
SM-A256B,EUX,A256BXXU4BXE3,2024-05-01,2026-09-11T14:51:01Z
SM-A256B,EUX,A256BXXU5BXG9,2024-07-01,2026-09-11T14:51:01Z
SM-A256B,EUX,A256BXXU7BXK7,2024-11-01,2026-09-11T14:51:01Z
SM-A256B,EUX,A256BXXU7CYE1,2025-05-01,2026-09-11T14:51:01Z
SM-A256B,EUX,A256BXXU8DYI8,2025-09-01,2026-09-11T14:51:01Z
SM-A256B,EUX,A256BXXUCEZE6,2026-05-05,2026-09-11T14:51:01Z
SM-A266B,AFG,A266BXXS2AYC1,2025-04-01,2026-09-11T14:51:33Z
SM-A266B,EGY,A266BXXS2AYC1,2025-04-01,2026-09-11T14:51:24Z
SM-A266B,EUX,A266BXXS2AYC1,2025-04-01,2026-09-11T14:51:38Z
SM-A266B,ILO,A266BXXS2AYC1,2025-04-01,2026-09-11T14:51:18Z
SM-A266B,MID,A266BXXS2AYC1,2025-04-01,2026-09-11T14:51:21Z
SM-A266B,TUR,A266BXXS2AYC1,2025-04-01,2026-09-11T14:51:27Z
SM-A266B,XSA,A266BXXS2AYC1,2025-04-01,2026-09-11T14:51:48Z
SM-A266B,XSG,A266BXXS2AYC1,2025-04-01,2026-09-11T14:51:30Z
SM-A266B,INS,A266BXXS2AYD3,2025-04-01,2026-09-11T14:51:36Z
SM-A266B,XSA,A266BXXS3AYG2,2025-06-01,2026-09-11T14:51:48Z
SM-A266B,INS,A266BXXS3AYG4,2025-06-01,2026-09-11T14:51:36Z
SM-A266B,EUX,A266BXXS4AYG9,2025-08-01,2026-09-11T14:51:38Z
SM-A266B,TUR,A266BXXS4AYG9,2025-08-01,2026-09-11T14:51:27Z
SM-A266B,XSA,A266BXXS4AYGA,2025-08-01,2026-09-11T14:51:48Z
SM-A266B,AFG,A266BXXS4AYGC,2025-08-01,2026-09-11T14:51:33Z
SM-A266B,EGY,A266BXXS4AYGC,2025-08-01,2026-09-11T14:51:24Z
SM-A266B,ILO,A266BXXS4AYGC,2025-08-01,2026-09-11T14:51:18Z
SM-A266B,MID,A266BXXS4AYGC,2025-08-01,2026-09-11T14:51:21Z
SM-A266B,XSG,A266BXXS4AYGC,2025-08-01,2026-09-11T14:51:30Z
SM-A266B,INS,A266BXXS4AYH1,2025-08-01,2026-09-11T14:51:36Z
SM-A266B,AFG,A266BXXS5BYK2,2025-11-01,2026-09-11T14:51:33Z
SM-A266B,EGY,A266BXXS5BYK2,2025-11-01,2026-09-11T14:51:24Z
SM-A266B,EUX,A266BXXS5BYK2,2025-11-01,2026-09-11T14:51:38Z
SM-A266B,ILO,A266BXXS5BYK2,2025-11-01,2026-09-11T14:51:18Z
SM-A266B,MID,A266BXXS5BYK2,2025-11-01,2026-09-11T14:51:21Z
SM-A266B,TUR,A266BXXS5BYK2,2025-11-01,2026-09-11T14:51:27Z
SM-A266B,XSA,A266BXXS5BYK2,2025-11-01,2026-09-11T14:51:48Z
SM-A266B,XSG,A266BXXS5BYK2,2025-11-01,2026-09-11T14:51:30Z
SM-A266B,INS,A266BXXS5BYK3,2025-11-01,2026-09-11T14:51:36Z
SM-A266B,AFG,A266BXXS6BYL1,2025-12-01,2026-09-11T14:51:33Z
SM-A266B,EGY,A266BXXS6BYL1,2025-12-01,2026-09-11T14:51:24Z
SM-A266B,ILO,A266BXXS6BYL1,2025-12-01,2026-09-11T14:51:18Z
SM-A266B,MID,A266BXXS6BYL1,2025-12-01,2026-09-11T14:51:21Z
SM-A266B,XSG,A266BXXS6BYL1,2025-12-01,2026-09-11T14:51:30Z
SM-A266B,AFG,A266BXXS7BZA3,2026-01-01,2026-09-11T14:51:33Z
SM-A266B,EGY,A266BXXS7BZA3,2026-01-01,2026-09-11T14:51:24Z
SM-A266B,EUX,A266BXXS7BZA3,2026-01-01,2026-09-11T14:51:38Z
SM-A266B,ILO,A266BXXS7BZA3,2026-01-01,2026-09-11T14:51:18Z
SM-A266B,MID,A266BXXS7BZA3,2026-01-01,2026-09-11T14:51:21Z
SM-A266B,TUR,A266BXXS7BZA3,2026-01-01,2026-09-11T14:51:27Z
SM-A266B,XSA,A266BXXS7BZA3,2026-01-01,2026-09-11T14:51:48Z
SM-A266B,XSG,A266BXXS7BZA3,2026-01-01,2026-09-11T14:51:30Z
SM-A266B,INS,A266BXXS7BZA5,2026-01-01,2026-09-11T14:51:36Z
SM-A266B,AFG,A266BXXS8BZB6,2026-02-05,2026-09-11T14:51:33Z
SM-A266B,EGY,A266BXXS8BZB6,2026-02-05,2026-09-11T14:51:24Z
SM-A266B,EUX,A266BXXS8BZB6,2026-02-05,2026-09-11T14:51:38Z
SM-A266B,ILO,A266BXXS8BZB6,2026-02-05,2026-09-11T14:51:18Z
SM-A266B,MID,A266BXXS8BZB6,2026-02-05,2026-09-11T14:51:21Z
SM-A266B,TUR,A266BXXS8BZB6,2026-02-05,2026-09-11T14:51:27Z
SM-A266B,XSA,A266BXXS8BZB6,2026-02-05,2026-09-11T14:51:48Z
SM-A266B,XSG,A266BXXS8BZB6,2026-02-05,2026-09-11T14:51:30Z
SM-A266B,INS,A266BXXS8BZB7,2026-02-05,2026-09-11T14:51:36Z
SM-A266B,AFG,A266BXXS9BZD4,2026-04-05,2026-09-11T14:51:33Z
SM-A266B,EGY,A266BXXS9BZD4,2026-04-05,2026-09-11T14:51:24Z
SM-A266B,EUX,A266BXXS9BZD4,2026-04-05,2026-09-11T14:51:38Z
SM-A266B,ILO,A266BXXS9BZD4,2026-04-05,2026-09-11T14:51:18Z
SM-A266B,MID,A266BXXS9BZD4,2026-04-05,2026-09-11T14:51:21Z
SM-A266B,TUR,A266BXXS9BZD4,2026-04-05,2026-09-11T14:51:27Z
SM-A266B,XSA,A266BXXS9BZD4,2026-04-05,2026-09-11T14:51:48Z
SM-A266B,XSG,A266BXXS9BZD4,2026-04-05,2026-09-11T14:51:30Z
SM-A266B,INS,A266BXXS9BZD5,2026-04-05,2026-09-11T14:51:36Z
SM-A266B,EUX,A266BXXS9BZE5,2026-05-05,2026-09-11T14:51:38Z
SM-A266B,TUR,A266BXXS9BZE5,2026-05-05,2026-09-11T14:51:27Z
SM-A266B,AFG,A266BXXSACZF1,2026-06-05,2026-09-11T14:51:33Z
SM-A266B,EGY,A266BXXSACZF1,2026-06-05,2026-09-11T14:51:24Z
SM-A266B,ILO,A266BXXSACZF1,2026-06-05,2026-09-11T14:51:18Z
SM-A266B,MID,A266BXXSACZF1,2026-06-05,2026-09-11T14:51:21Z
SM-A266B,XSG,A266BXXSACZF1,2026-06-05,2026-09-11T14:51:30Z
SM-A266B,AFG,A266BXXSBCZG2,2026-07-05,2026-09-11T14:51:33Z
SM-A266B,EGY,A266BXXSBCZG2,2026-07-05,2026-09-11T14:51:24Z
SM-A266B,EUX,A266BXXSBCZG2,2026-07-05,2026-09-11T14:51:38Z
SM-A266B,ILO,A266BXXSBCZG2,2026-07-05,2026-09-11T14:51:18Z
SM-A266B,MID,A266BXXSBCZG2,2026-07-05,2026-09-11T14:51:21Z
SM-A266B,TUR,A266BXXSBCZG2,2026-07-05,2026-09-11T14:51:27Z
SM-A266B,XSA,A266BXXSBCZG2,2026-07-05,2026-09-11T14:51:48Z
SM-A266B,XSG,A266BXXSBCZG2,2026-07-05,2026-09-11T14:51:30Z
SM-A266B,INS,A266BXXSBCZG4,2026-07-05,2026-09-11T14:51:36Z
SM-A266B,AFG,A266BXXSCCZH3,2026-08-05,2026-09-11T14:51:33Z
SM-A266B,EGY,A266BXXSCCZH3,2026-08-05,2026-09-11T14:51:24Z
SM-A266B,EUX,A266BXXSCCZH3,2026-08-05,2026-09-11T14:51:38Z
SM-A266B,ILO,A266BXXSCCZH3,2026-08-05,2026-09-11T14:51:18Z
SM-A266B,MID,A266BXXSCCZH3,2026-08-05,2026-09-11T14:51:21Z
SM-A266B,TUR,A266BXXSCCZH3,2026-08-05,2026-09-11T14:51:27Z
SM-A266B,XSA,A266BXXSCCZH3,2026-08-05,2026-09-11T14:51:48Z
SM-A266B,XSG,A266BXXSCCZH3,2026-08-05,2026-09-11T14:51:30Z
SM-A266B,INS,A266BXXSCCZH5,2026-08-05,2026-09-11T14:51:36Z
SM-A266B,AFG,A266BXXU2AYD9,2025-04-01,2026-09-11T14:51:33Z
SM-A266B,EGY,A266BXXU2AYD9,2025-04-01,2026-09-11T14:51:24Z
SM-A266B,EUX,A266BXXU2AYD9,2025-04-01,2026-09-11T14:51:38Z
SM-A266B,ILO,A266BXXU2AYD9,2025-04-01,2026-09-11T14:51:18Z
SM-A266B,INS,A266BXXU2AYD9,2025-04-01,2026-09-11T14:51:36Z
SM-A266B,MID,A266BXXU2AYD9,2025-04-01,2026-09-11T14:51:21Z
SM-A266B,TUR,A266BXXU2AYD9,2025-04-01,2026-09-11T14:51:27Z
SM-A266B,XSA,A266BXXU2AYD9,2025-04-01,2026-09-11T14:51:48Z
SM-A266B,XSG,A266BXXU2AYD9,2025-04-01,2026-09-11T14:51:30Z
SM-A266B,EUX,A266BXXU2AYE4,2025-04-01,2026-09-11T14:51:38Z
SM-A266B,TUR,A266BXXU2AYE4,2025-04-01,2026-09-11T14:51:27Z
SM-A266B,EUX,A266BXXU3AYE6,2025-06-01,2026-09-11T14:51:38Z
SM-A266B,TUR,A266BXXU3AYE6,2025-06-01,2026-09-11T14:51:27Z
SM-A266B,AFG,A266BXXU3AYF2,2025-06-01,2026-09-11T14:51:33Z
SM-A266B,EGY,A266BXXU3AYF2,2025-06-01,2026-09-11T14:51:24Z
SM-A266B,ILO,A266BXXU3AYF2,2025-06-01,2026-09-11T14:51:18Z
SM-A266B,MID,A266BXXU3AYF2,2025-06-01,2026-09-11T14:51:21Z
SM-A266B,XSG,A266BXXU3AYF2,2025-06-01,2026-09-11T14:51:30Z
SM-A266B,AFG,A266BXXU4BYI2,2025-09-01,2026-09-11T14:51:33Z
SM-A266B,EGY,A266BXXU4BYI2,2025-09-01,2026-09-11T14:51:24Z
SM-A266B,EUX,A266BXXU4BYI2,2025-09-01,2026-09-11T14:51:38Z
SM-A266B,ILO,A266BXXU4BYI2,2025-09-01,2026-09-11T14:51:18Z
SM-A266B,INS,A266BXXU4BYI2,2025-09-01,2026-09-11T14:51:36Z
SM-A266B,MID,A266BXXU4BYI2,2025-09-01,2026-09-11T14:51:21Z
SM-A266B,TUR,A266BXXU4BYI2,2025-09-01,2026-09-11T14:51:27Z
SM-A266B,XSA,A266BXXU4BYI2,2025-09-01,2026-09-11T14:51:48Z
SM-A266B,XSG,A266BXXU4BYI2,2025-09-01,2026-09-11T14:51:30Z
SM-A266B,AFG,A266BXXU9CZEA,2026-05-05,2026-09-11T14:51:33Z
SM-A266B,EGY,A266BXXU9CZEA,2026-05-05,2026-09-11T14:51:24Z
SM-A266B,EUX,A266BXXU9CZEA,2026-05-05,2026-09-11T14:51:38Z
SM-A266B,ILO,A266BXXU9CZEA,2026-05-05,2026-09-11T14:51:18Z
SM-A266B,INS,A266BXXU9CZEA,2026-05-05,2026-09-11T14:51:36Z
SM-A266B,MID,A266BXXU9CZEA,2026-05-05,2026-09-11T14:51:21Z
SM-A266B,TUR,A266BXXU9CZEA,2026-05-05,2026-09-11T14:51:27Z
SM-A266B,XSA,A266BXXU9CZEA,2026-05-05,2026-09-11T14:51:48Z
SM-A266B,XSG,A266BXXU9CZEA,2026-05-05,2026-09-11T14:51:30Z
SM-A276B,AFG,A276BXXS2AZG1,2026-07-05,2026-09-11T14:52:09Z
SM-A276B,EGY,A276BXXS2AZG1,2026-07-05,2026-09-11T14:52:00Z
SM-A276B,EUX,A276BXXS2AZG1,2026-07-05,2026-09-11T14:52:14Z
SM-A276B,ILO,A276BXXS2AZG1,2026-07-05,2026-09-11T14:51:54Z
SM-A276B,MID,A276BXXS2AZG1,2026-07-05,2026-09-11T14:51:57Z
SM-A276B,TUR,A276BXXS2AZG1,2026-07-05,2026-09-11T14:52:03Z
SM-A276B,XSA,A276BXXS2AZG1,2026-07-05,2026-09-11T14:52:25Z
SM-A276B,XSG,A276BXXS2AZG1,2026-07-05,2026-09-11T14:52:06Z
SM-A276B,INS,A276BXXS2AZG3,2026-07-05,2026-09-11T14:52:12Z
SM-A276B,AFG,A276BXXU2AZH7,2026-07-05,2026-09-11T14:52:09Z
SM-A276B,EGY,A276BXXU2AZH7,2026-07-05,2026-09-11T14:52:00Z
SM-A276B,EUX,A276BXXU2AZH7,2026-07-05,2026-09-11T14:52:14Z
SM-A276B,ILO,A276BXXU2AZH7,2026-07-05,2026-09-11T14:51:54Z
SM-A276B,MID,A276BXXU2AZH7,2026-07-05,2026-09-11T14:51:57Z
SM-A276B,TUR,A276BXXU2AZH7,2026-07-05,2026-09-11T14:52:03Z
SM-A276B,XSA,A276BXXU2AZH7,2026-07-05,2026-09-11T14:52:25Z
SM-A276B,XSG,A276BXXU2AZH7,2026-07-05,2026-09-11T14:52:06Z
SM-A305F,AFG,A305FDDS4ASL1,2020-01-01,2026-09-11T14:52:46Z
SM-A305F,EGY,A305FDDS4ASL1,2020-01-01,2026-09-11T14:52:37Z
SM-A305F,INS,A305FDDS4ASL1,2020-01-01,2026-09-11T14:52:49Z
SM-A305F,MID,A305FDDS4ASL1,2020-01-01,2026-09-11T14:52:35Z
SM-A305F,AFG,A305FDDS5BTE3,2020-05-01,2026-09-11T14:52:46Z
SM-A305F,EGY,A305FDDS5BTE3,2020-05-01,2026-09-11T14:52:37Z
SM-A305F,MID,A305FDDS5BTE3,2020-05-01,2026-09-11T14:52:35Z
SM-A305F,TUR,A305FDDS5BTE3,2020-05-01,2026-09-11T14:52:40Z
SM-A305F,XSG,A305FDDS5BTE3,2020-05-01,2026-09-11T14:52:43Z
SM-A305F,AFG,A305FDDS6BTI1,2020-09-01,2026-09-11T14:52:46Z
SM-A305F,EGY,A305FDDS6BTI1,2020-09-01,2026-09-11T14:52:37Z
SM-A305F,ILO,A305FDDS6BTI1,2020-09-01,2026-09-11T14:52:32Z
SM-A305F,MID,A305FDDS6BTI1,2020-09-01,2026-09-11T14:52:35Z
SM-A305F,TUR,A305FDDS6BTI1,2020-09-01,2026-09-11T14:52:40Z
SM-A305F,XSG,A305FDDS6BTI1,2020-09-01,2026-09-11T14:52:43Z
SM-A305F,AFG,A305FDDS6BTL1,2021-01-01,2026-09-11T14:52:46Z
SM-A305F,EGY,A305FDDS6BTL1,2021-01-01,2026-09-11T14:52:37Z
SM-A305F,ILO,A305FDDS6BTL1,2021-01-01,2026-09-11T14:52:32Z
SM-A305F,INS,A305FDDS6BTL1,2021-01-01,2026-09-11T14:52:49Z
SM-A305F,MID,A305FDDS6BTL1,2021-01-01,2026-09-11T14:52:35Z
SM-A305F,TUR,A305FDDS6BTL1,2021-01-01,2026-09-11T14:52:40Z
SM-A305F,XSG,A305FDDS6BTL2,2021-01-01,2026-09-11T14:52:43Z
SM-A305F,AFG,A305FDDS6BUD3,2021-04-01,2026-09-11T14:52:46Z
SM-A305F,EGY,A305FDDS6BUD3,2021-04-01,2026-09-11T14:52:37Z
SM-A305F,ILO,A305FDDS6BUD3,2021-04-01,2026-09-11T14:52:32Z
SM-A305F,INS,A305FDDS6BUD3,2021-04-01,2026-09-11T14:52:49Z
SM-A305F,MID,A305FDDS6BUD3,2021-04-01,2026-09-11T14:52:35Z
SM-A305F,TUR,A305FDDS6BUD3,2021-04-01,2026-09-11T14:52:40Z
SM-A305F,XSG,A305FDDS6BUD4,2021-04-01,2026-09-11T14:52:43Z
SM-A305F,AFG,A305FDDS6CWA3,2023-01-01,2026-09-11T14:52:46Z
SM-A305F,EGY,A305FDDS6CWA3,2023-01-01,2026-09-11T14:52:37Z
SM-A305F,ILO,A305FDDS6CWA3,2023-01-01,2026-09-11T14:52:32Z
SM-A305F,INS,A305FDDS6CWA3,2023-01-01,2026-09-11T14:52:49Z
SM-A305F,MID,A305FDDS6CWA3,2023-01-01,2026-09-11T14:52:35Z
SM-A305F,TUR,A305FDDS6CWA3,2023-01-01,2026-09-11T14:52:40Z
SM-A305F,XSG,A305FDDS6CWA3,2023-01-01,2026-09-11T14:52:43Z
SM-A305F,INS,A305FDDU1ASC2,2019-03-01,2026-09-11T14:52:49Z
SM-A305F,AFG,A305FDDU1ASC4,2019-03-01,2026-09-11T14:52:46Z
SM-A305F,EGY,A305FDDU1ASC4,2019-03-01,2026-09-11T14:52:37Z
SM-A305F,ILO,A305FDDU1ASC4,2019-03-01,2026-09-11T14:52:32Z
SM-A305F,TUR,A305FDDU1ASC4,2019-03-01,2026-09-11T14:52:40Z
SM-A305F,INS,A305FDDU1ASC6,2019-04-01,2026-09-11T14:52:49Z
SM-A305F,AFG,A305FDDU1ASD5,2019-04-01,2026-09-11T14:52:46Z
SM-A305F,EGY,A305FDDU1ASD5,2019-04-01,2026-09-11T14:52:37Z
SM-A305F,ILO,A305FDDU1ASD5,2019-04-01,2026-09-11T14:52:32Z
SM-A305F,INS,A305FDDU1ASD5,2019-04-01,2026-09-11T14:52:49Z
SM-A305F,MID,A305FDDU1ASD5,2019-04-01,2026-09-11T14:52:35Z
SM-A305F,TUR,A305FDDU1ASD5,2019-04-01,2026-09-11T14:52:40Z
SM-A305F,XSG,A305FDDU1ASD5,2019-04-01,2026-09-11T14:52:43Z
SM-A305F,AFG,A305FDDU2ASE5,2019-06-01,2026-09-11T14:52:46Z
SM-A305F,EGY,A305FDDU2ASE5,2019-06-01,2026-09-11T14:52:37Z
SM-A305F,ILO,A305FDDU2ASE5,2019-06-01,2026-09-11T14:52:32Z
SM-A305F,INS,A305FDDU2ASE5,2019-06-01,2026-09-11T14:52:49Z
SM-A305F,MID,A305FDDU2ASE5,2019-06-01,2026-09-11T14:52:35Z
SM-A305F,TUR,A305FDDU2ASE5,2019-06-01,2026-09-11T14:52:40Z
SM-A305F,AFG,A305FDDU2ASF3,2019-07-01,2026-09-11T14:52:46Z
SM-A305F,EGY,A305FDDU2ASF3,2019-07-01,2026-09-11T14:52:37Z
SM-A305F,ILO,A305FDDU2ASF3,2019-07-01,2026-09-11T14:52:32Z
SM-A305F,INS,A305FDDU2ASF3,2019-07-01,2026-09-11T14:52:49Z
SM-A305F,MID,A305FDDU2ASF3,2019-07-01,2026-09-11T14:52:35Z
SM-A305F,TUR,A305FDDU2ASF3,2019-07-01,2026-09-11T14:52:40Z
SM-A305F,XSG,A305FDDU2ASF3,2019-07-01,2026-09-11T14:52:43Z
SM-A305F,INS,A305FDDU2ASH1,2019-07-01,2026-09-11T14:52:49Z
SM-A305F,AFG,A305FDDU2ASI1,2019-07-01,2026-09-11T14:52:46Z
SM-A305F,ILO,A305FDDU2ASI1,2019-07-01,2026-09-11T14:52:32Z
SM-A305F,INS,A305FDDU2ASI1,2019-07-01,2026-09-11T14:52:49Z
SM-A305F,MID,A305FDDU2ASI1,2019-07-01,2026-09-11T14:52:35Z
SM-A305F,TUR,A305FDDU2ASI1,2019-07-01,2026-09-11T14:52:40Z
SM-A305F,XSG,A305FDDU2ASI1,2019-07-01,2026-09-11T14:52:43Z
SM-A305F,AFG,A305FDDU2ASJ2,2019-10-01,2026-09-11T14:52:46Z
SM-A305F,EGY,A305FDDU2ASJ2,2019-10-01,2026-09-11T14:52:37Z
SM-A305F,ILO,A305FDDU2ASJ2,2019-10-01,2026-09-11T14:52:32Z
SM-A305F,INS,A305FDDU2ASJ2,2019-10-01,2026-09-11T14:52:49Z
SM-A305F,MID,A305FDDU2ASJ2,2019-10-01,2026-09-11T14:52:35Z
SM-A305F,TUR,A305FDDU2ASJ2,2019-10-01,2026-09-11T14:52:40Z
SM-A305F,XSG,A305FDDU2ASJ2,2019-10-01,2026-09-11T14:52:43Z
SM-A305F,AFG,A305FDDU3ASK3,2019-11-01,2026-09-11T14:52:46Z
SM-A305F,EGY,A305FDDU3ASK3,2019-11-01,2026-09-11T14:52:37Z
SM-A305F,ILO,A305FDDU3ASK3,2019-11-01,2026-09-11T14:52:32Z
SM-A305F,INS,A305FDDU3ASK3,2019-11-01,2026-09-11T14:52:49Z
SM-A305F,MID,A305FDDU3ASK3,2019-11-01,2026-09-11T14:52:35Z
SM-A305F,ILO,A305FDDU4ATA2,2020-01-01,2026-09-11T14:52:32Z
SM-A305F,TUR,A305FDDU4ATA2,2020-01-01,2026-09-11T14:52:40Z
SM-A305F,XSG,A305FDDU4ATA2,2020-01-01,2026-09-11T14:52:43Z
SM-A305F,AFG,A305FDDU4BTB3,2020-02-01,2026-09-11T14:52:46Z
SM-A305F,EGY,A305FDDU4BTB3,2020-02-01,2026-09-11T14:52:37Z
SM-A305F,ILO,A305FDDU4BTB3,2020-02-01,2026-09-11T14:52:32Z
SM-A305F,INS,A305FDDU4BTB3,2020-02-01,2026-09-11T14:52:49Z
SM-A305F,MID,A305FDDU4BTB3,2020-02-01,2026-09-11T14:52:35Z
SM-A305F,TUR,A305FDDU4BTB3,2020-02-01,2026-09-11T14:52:40Z
SM-A305F,XSG,A305FDDU4BTB3,2020-02-01,2026-09-11T14:52:43Z
SM-A305F,ILO,A305FDDU5BTD3,2020-03-01,2026-09-11T14:52:32Z
SM-A305F,AFG,A305FDDU5BTF6,2020-06-01,2026-09-11T14:52:46Z
SM-A305F,EGY,A305FDDU5BTF6,2020-06-01,2026-09-11T14:52:37Z
SM-A305F,ILO,A305FDDU5BTF6,2020-06-01,2026-09-11T14:52:32Z
SM-A305F,INS,A305FDDU5BTF6,2020-06-01,2026-09-11T14:52:49Z
SM-A305F,MID,A305FDDU5BTF6,2020-06-01,2026-09-11T14:52:35Z
SM-A305F,TUR,A305FDDU5BTF6,2020-06-01,2026-09-11T14:52:40Z
SM-A305F,XSG,A305FDDU5BTF6,2020-06-01,2026-09-11T14:52:43Z
SM-A305F,INS,A305FDDU6BTI3,2020-09-01,2026-09-11T14:52:49Z
SM-A305F,AFG,A305FDDU6BTJ2,2020-10-01,2026-09-11T14:52:46Z
SM-A305F,EGY,A305FDDU6BTJ2,2020-10-01,2026-09-11T14:52:37Z
SM-A305F,ILO,A305FDDU6BTJ2,2020-10-01,2026-09-11T14:52:32Z
SM-A305F,INS,A305FDDU6BTJ2,2020-10-01,2026-09-11T14:52:49Z
SM-A305F,MID,A305FDDU6BTJ2,2020-10-01,2026-09-11T14:52:35Z
SM-A305F,TUR,A305FDDU6BTJ2,2020-10-01,2026-09-11T14:52:40Z
SM-A305F,XSG,A305FDDU6BTK1,2020-10-01,2026-09-11T14:52:43Z
SM-A305F,AFG,A305FDDU6CUE1,2021-04-01,2026-09-11T14:52:46Z
SM-A305F,EGY,A305FDDU6CUE1,2021-04-01,2026-09-11T14:52:37Z
SM-A305F,ILO,A305FDDU6CUE1,2021-04-01,2026-09-11T14:52:32Z
SM-A305F,INS,A305FDDU6CUE1,2021-04-01,2026-09-11T14:52:49Z
SM-A305F,MID,A305FDDU6CUE1,2021-04-01,2026-09-11T14:52:35Z
SM-A305F,TUR,A305FDDU6CUE1,2021-04-01,2026-09-11T14:52:40Z
SM-A305F,XSG,A305FDDU6CUE1,2021-04-01,2026-09-11T14:52:43Z
SM-A305F,AFG,A305FDDU6CUI3,2021-10-01,2026-09-11T14:52:46Z
SM-A305F,EGY,A305FDDU6CUI3,2021-10-01,2026-09-11T14:52:37Z
SM-A305F,ILO,A305FDDU6CUI3,2021-10-01,2026-09-11T14:52:32Z
SM-A305F,INS,A305FDDU6CUI3,2021-10-01,2026-09-11T14:52:49Z
SM-A305F,MID,A305FDDU6CUI3,2021-10-01,2026-09-11T14:52:35Z
SM-A305F,TUR,A305FDDU6CUI3,2021-10-01,2026-09-11T14:52:40Z
SM-A305F,XSG,A305FDDU6CUI3,2021-10-01,2026-09-11T14:52:43Z
SM-A305F,AFG,A305FDDU6CVD2,2022-03-01,2026-09-11T14:52:46Z
SM-A305F,EGY,A305FDDU6CVD2,2022-03-01,2026-09-11T14:52:37Z
SM-A305F,ILO,A305FDDU6CVD2,2022-03-01,2026-09-11T14:52:32Z
SM-A305F,INS,A305FDDU6CVD2,2022-03-01,2026-09-11T14:52:49Z
SM-A305F,MID,A305FDDU6CVD2,2022-03-01,2026-09-11T14:52:35Z
SM-A305F,TUR,A305FDDU6CVD2,2022-03-01,2026-09-11T14:52:40Z
SM-A305F,XSG,A305FDDU6CVD2,2022-03-01,2026-09-11T14:52:43Z
SM-A305F,AFG,A305FDDU6CVG2,2022-07-01,2026-09-11T14:52:46Z
SM-A305F,EGY,A305FDDU6CVG2,2022-07-01,2026-09-11T14:52:37Z
SM-A305F,ILO,A305FDDU6CVG2,2022-07-01,2026-09-11T14:52:32Z
SM-A305F,INS,A305FDDU6CVG2,2022-07-01,2026-09-11T14:52:49Z
SM-A305F,MID,A305FDDU6CVG2,2022-07-01,2026-09-11T14:52:35Z
SM-A305F,TUR,A305FDDU6CVG2,2022-07-01,2026-09-11T14:52:40Z
SM-A305F,XSG,A305FDDU6CVG2,2022-07-01,2026-09-11T14:52:43Z
SM-A315F,AFG,A315FXXS1ATJ1,2020-10-01,2026-09-11T14:53:23Z
SM-A315F,EGY,A315FXXS1ATJ1,2020-10-01,2026-09-11T14:53:14Z
SM-A315F,MID,A315FXXS1ATJ1,2020-10-01,2026-09-11T14:53:11Z
SM-A315F,TUR,A315FXXS1ATJ1,2020-10-01,2026-09-11T14:53:17Z
SM-A315F,XSG,A315FXXS1ATJ1,2020-10-01,2026-09-11T14:53:20Z
SM-A315F,INS,A315FXXS1ATJ2,2020-10-01,2026-09-11T14:53:26Z
SM-A315F,AFG,A315FXXS1CUG1,2021-07-01,2026-09-11T14:53:23Z
SM-A315F,EGY,A315FXXS1CUG1,2021-07-01,2026-09-11T14:53:14Z
SM-A315F,ILO,A315FXXS1CUG1,2021-07-01,2026-09-11T14:53:08Z
SM-A315F,MID,A315FXXS1CUG1,2021-07-01,2026-09-11T14:53:11Z
SM-A315F,TUR,A315FXXS1CUG1,2021-07-01,2026-09-11T14:53:17Z
SM-A315F,XSG,A315FXXS1CUG1,2021-07-01,2026-09-11T14:53:20Z
SM-A315F,AFG,A315FXXS1CUK2,2021-11-01,2026-09-11T14:53:23Z
SM-A315F,EGY,A315FXXS1CUK2,2021-11-01,2026-09-11T14:53:14Z
SM-A315F,ILO,A315FXXS1CUK2,2021-11-01,2026-09-11T14:53:08Z
SM-A315F,INS,A315FXXS1CUK2,2021-11-01,2026-09-11T14:53:26Z
SM-A315F,MID,A315FXXS1CUK2,2021-11-01,2026-09-11T14:53:11Z
SM-A315F,TUR,A315FXXS1CUK2,2021-11-01,2026-09-11T14:53:17Z
SM-A315F,XSG,A315FXXS1CUK2,2021-11-01,2026-09-11T14:53:20Z
SM-A315F,AFG,A315FXXS1CVD2,2022-04-01,2026-09-11T14:53:23Z
SM-A315F,EGY,A315FXXS1CVD2,2022-04-01,2026-09-11T14:53:14Z
SM-A315F,ILO,A315FXXS1CVD2,2022-04-01,2026-09-11T14:53:08Z
SM-A315F,MID,A315FXXS1CVD2,2022-04-01,2026-09-11T14:53:11Z
SM-A315F,TUR,A315FXXS1CVD2,2022-04-01,2026-09-11T14:53:17Z
SM-A315F,XSG,A315FXXS1CVD2,2022-04-01,2026-09-11T14:53:20Z
SM-A315F,EGY,A315FXXS2DWA2,2023-01-01,2026-09-11T14:53:14Z
SM-A315F,INS,A315FXXS2DWA2,2023-01-01,2026-09-11T14:53:26Z
SM-A315F,AFG,A315FXXS4DWH1,2023-08-01,2026-09-11T14:53:23Z
SM-A315F,EGY,A315FXXS4DWH1,2023-08-01,2026-09-11T14:53:14Z
SM-A315F,ILO,A315FXXS4DWH1,2023-08-01,2026-09-11T14:53:08Z
SM-A315F,MID,A315FXXS4DWH1,2023-08-01,2026-09-11T14:53:11Z
SM-A315F,TUR,A315FXXS4DWH1,2023-08-01,2026-09-11T14:53:17Z
SM-A315F,XSG,A315FXXS4DWH1,2023-08-01,2026-09-11T14:53:20Z
SM-A315F,AFG,A315FXXS5DXB1,2024-02-01,2026-09-11T14:53:23Z
SM-A315F,EGY,A315FXXS5DXB1,2024-02-01,2026-09-11T14:53:14Z
SM-A315F,ILO,A315FXXS5DXB1,2024-02-01,2026-09-11T14:53:08Z
SM-A315F,MID,A315FXXS5DXB1,2024-02-01,2026-09-11T14:53:11Z
SM-A315F,TUR,A315FXXS5DXB1,2024-02-01,2026-09-11T14:53:17Z
SM-A315F,XSG,A315FXXS5DXB1,2024-02-01,2026-09-11T14:53:20Z
SM-A315F,INS,A315FXXS5DXB3,2024-02-01,2026-09-11T14:53:26Z
SM-A315F,INS,A315FXXU1ATCH,2020-03-01,2026-09-11T14:53:26Z
SM-A315F,AFG,A315FXXU1ATD4,2020-03-01,2026-09-11T14:53:23Z
SM-A315F,EGY,A315FXXU1ATD4,2020-03-01,2026-09-11T14:53:14Z
SM-A315F,ILO,A315FXXU1ATD4,2020-03-01,2026-09-11T14:53:08Z
SM-A315F,MID,A315FXXU1ATD4,2020-03-01,2026-09-11T14:53:11Z
SM-A315F,TUR,A315FXXU1ATD4,2020-03-01,2026-09-11T14:53:17Z
SM-A315F,XSG,A315FXXU1ATD4,2020-03-01,2026-09-11T14:53:20Z
SM-A315F,AFG,A315FXXU1ATE4,2020-06-01,2026-09-11T14:53:23Z
SM-A315F,EGY,A315FXXU1ATE4,2020-06-01,2026-09-11T14:53:14Z
SM-A315F,ILO,A315FXXU1ATE4,2020-06-01,2026-09-11T14:53:08Z
SM-A315F,INS,A315FXXU1ATE4,2020-06-01,2026-09-11T14:53:26Z
SM-A315F,MID,A315FXXU1ATE4,2020-06-01,2026-09-11T14:53:11Z
SM-A315F,TUR,A315FXXU1ATE4,2020-06-01,2026-09-11T14:53:17Z
SM-A315F,XSG,A315FXXU1ATE4,2020-06-01,2026-09-11T14:53:20Z
SM-A315F,AFG,A315FXXU1ATG1,2020-07-01,2026-09-11T14:53:23Z
SM-A315F,EGY,A315FXXU1ATG1,2020-07-01,2026-09-11T14:53:14Z
SM-A315F,ILO,A315FXXU1ATG1,2020-07-01,2026-09-11T14:53:08Z
SM-A315F,INS,A315FXXU1ATG1,2020-07-01,2026-09-11T14:53:26Z
SM-A315F,MID,A315FXXU1ATG1,2020-07-01,2026-09-11T14:53:11Z
SM-A315F,TUR,A315FXXU1ATG1,2020-07-01,2026-09-11T14:53:17Z
SM-A315F,XSG,A315FXXU1ATG1,2020-07-01,2026-09-11T14:53:20Z
SM-A315F,AFG,A315FXXU1ATH2,2020-07-01,2026-09-11T14:53:23Z
SM-A315F,EGY,A315FXXU1ATH2,2020-07-01,2026-09-11T14:53:14Z
SM-A315F,ILO,A315FXXU1ATH2,2020-07-01,2026-09-11T14:53:08Z
SM-A315F,INS,A315FXXU1ATH2,2020-07-01,2026-09-11T14:53:26Z
SM-A315F,MID,A315FXXU1ATH2,2020-07-01,2026-09-11T14:53:11Z
SM-A315F,TUR,A315FXXU1ATH2,2020-07-01,2026-09-11T14:53:17Z
SM-A315F,XSG,A315FXXU1ATH2,2020-07-01,2026-09-11T14:53:20Z
SM-A315F,AFG,A315FXXU1ATH3,2020-07-01,2026-09-11T14:53:23Z
SM-A315F,EGY,A315FXXU1ATH3,2020-07-01,2026-09-11T14:53:14Z
SM-A315F,ILO,A315FXXU1ATH3,2020-07-01,2026-09-11T14:53:08Z
SM-A315F,MID,A315FXXU1ATH3,2020-07-01,2026-09-11T14:53:11Z
SM-A315F,TUR,A315FXXU1ATH3,2020-07-01,2026-09-11T14:53:17Z
SM-A315F,XSG,A315FXXU1ATH3,2020-07-01,2026-09-11T14:53:20Z
SM-A315F,AFG,A315FXXU1BTK3,2020-11-01,2026-09-11T14:53:23Z
SM-A315F,EGY,A315FXXU1BTK3,2020-11-01,2026-09-11T14:53:14Z
SM-A315F,ILO,A315FXXU1BTK3,2020-11-01,2026-09-11T14:53:08Z
SM-A315F,INS,A315FXXU1BTK3,2020-11-01,2026-09-11T14:53:26Z
SM-A315F,MID,A315FXXU1BTK3,2020-11-01,2026-09-11T14:53:11Z
SM-A315F,TUR,A315FXXU1BTK3,2020-11-01,2026-09-11T14:53:17Z
SM-A315F,XSG,A315FXXU1BTK3,2020-11-01,2026-09-11T14:53:20Z
SM-A315F,AFG,A315FXXU1BUA1,2021-02-01,2026-09-11T14:53:23Z
SM-A315F,EGY,A315FXXU1BUA1,2021-02-01,2026-09-11T14:53:14Z
SM-A315F,ILO,A315FXXU1BUA1,2021-02-01,2026-09-11T14:53:08Z
SM-A315F,MID,A315FXXU1BUA1,2021-02-01,2026-09-11T14:53:11Z
SM-A315F,TUR,A315FXXU1BUA1,2021-02-01,2026-09-11T14:53:17Z
SM-A315F,XSG,A315FXXU1BUA1,2021-02-01,2026-09-11T14:53:20Z
SM-A315F,INS,A315FXXU1BUA2,2021-02-01,2026-09-11T14:53:26Z
SM-A315F,AFG,A315FXXU1CUD4,2021-04-01,2026-09-11T14:53:23Z
SM-A315F,EGY,A315FXXU1CUD4,2021-04-01,2026-09-11T14:53:14Z
SM-A315F,ILO,A315FXXU1CUD4,2021-04-01,2026-09-11T14:53:08Z
SM-A315F,INS,A315FXXU1CUD4,2021-04-01,2026-09-11T14:53:26Z
SM-A315F,MID,A315FXXU1CUD4,2021-04-01,2026-09-11T14:53:11Z
SM-A315F,TUR,A315FXXU1CUD4,2021-04-01,2026-09-11T14:53:17Z
SM-A315F,XSG,A315FXXU1CUD4,2021-04-01,2026-09-11T14:53:20Z
SM-A315F,AFG,A315FXXU1CUF2,2021-05-01,2026-09-11T14:53:23Z
SM-A315F,EGY,A315FXXU1CUF2,2021-05-01,2026-09-11T14:53:14Z
SM-A315F,ILO,A315FXXU1CUF2,2021-05-01,2026-09-11T14:53:08Z
SM-A315F,MID,A315FXXU1CUF2,2021-05-01,2026-09-11T14:53:11Z
SM-A315F,TUR,A315FXXU1CUF2,2021-05-01,2026-09-11T14:53:17Z
SM-A315F,XSG,A315FXXU1CUF2,2021-05-01,2026-09-11T14:53:20Z
SM-A315F,INS,A315FXXU1CUF5,2021-05-01,2026-09-11T14:53:26Z
SM-A315F,AFG,A315FXXU1CUH2,2021-07-01,2026-09-11T14:53:23Z
SM-A315F,EGY,A315FXXU1CUH2,2021-07-01,2026-09-11T14:53:14Z
SM-A315F,ILO,A315FXXU1CUH2,2021-07-01,2026-09-11T14:53:08Z
SM-A315F,INS,A315FXXU1CUH2,2021-07-01,2026-09-11T14:53:26Z
SM-A315F,MID,A315FXXU1CUH2,2021-07-01,2026-09-11T14:53:11Z
SM-A315F,TUR,A315FXXU1CUH2,2021-07-01,2026-09-11T14:53:17Z
SM-A315F,XSG,A315FXXU1CUH2,2021-07-01,2026-09-11T14:53:20Z
SM-A315F,AFG,A315FXXU1CUH3,2021-08-01,2026-09-11T14:53:23Z
SM-A315F,EGY,A315FXXU1CUH3,2021-08-01,2026-09-11T14:53:14Z
SM-A315F,ILO,A315FXXU1CUH3,2021-08-01,2026-09-11T14:53:08Z
SM-A315F,INS,A315FXXU1CUH3,2021-08-01,2026-09-11T14:53:26Z
SM-A315F,MID,A315FXXU1CUH3,2021-08-01,2026-09-11T14:53:11Z
SM-A315F,TUR,A315FXXU1CUH3,2021-08-01,2026-09-11T14:53:17Z
SM-A315F,XSG,A315FXXU1CUH3,2021-08-01,2026-09-11T14:53:20Z
SM-A315F,AFG,A315FXXU1CUK4,2021-11-01,2026-09-11T14:53:23Z
SM-A315F,EGY,A315FXXU1CUK4,2021-11-01,2026-09-11T14:53:14Z
SM-A315F,ILO,A315FXXU1CUK4,2021-11-01,2026-09-11T14:53:08Z
SM-A315F,INS,A315FXXU1CUK4,2021-11-01,2026-09-11T14:53:26Z
SM-A315F,MID,A315FXXU1CUK4,2021-11-01,2026-09-11T14:53:11Z
SM-A315F,TUR,A315FXXU1CUK4,2021-11-01,2026-09-11T14:53:17Z
SM-A315F,XSG,A315FXXU1CUK4,2021-11-01,2026-09-11T14:53:20Z
SM-A315F,AFG,A315FXXU1CVA1,2022-01-01,2026-09-11T14:53:23Z
SM-A315F,EGY,A315FXXU1CVA1,2022-01-01,2026-09-11T14:53:14Z
SM-A315F,ILO,A315FXXU1CVA1,2022-01-01,2026-09-11T14:53:08Z
SM-A315F,INS,A315FXXU1CVA1,2022-01-01,2026-09-11T14:53:26Z
SM-A315F,MID,A315FXXU1CVA1,2022-01-01,2026-09-11T14:53:11Z
SM-A315F,TUR,A315FXXU1CVA1,2022-01-01,2026-09-11T14:53:17Z
SM-A315F,XSG,A315FXXU1CVA1,2022-01-01,2026-09-11T14:53:20Z
SM-A315F,AFG,A315FXXU1DVD8,2022-04-01,2026-09-11T14:53:23Z
SM-A315F,EGY,A315FXXU1DVD8,2022-04-01,2026-09-11T14:53:14Z
SM-A315F,ILO,A315FXXU1DVD8,2022-04-01,2026-09-11T14:53:08Z
SM-A315F,INS,A315FXXU1DVD8,2022-04-01,2026-09-11T14:53:26Z
SM-A315F,MID,A315FXXU1DVD8,2022-04-01,2026-09-11T14:53:11Z
SM-A315F,TUR,A315FXXU1DVD8,2022-04-01,2026-09-11T14:53:17Z
SM-A315F,XSG,A315FXXU1DVD8,2022-04-01,2026-09-11T14:53:20Z
SM-A315F,AFG,A315FXXU1DVF1,2022-04-01,2026-09-11T14:53:23Z
SM-A315F,EGY,A315FXXU1DVF1,2022-04-01,2026-09-11T14:53:14Z
SM-A315F,ILO,A315FXXU1DVF1,2022-04-01,2026-09-11T14:53:08Z
SM-A315F,INS,A315FXXU1DVF1,2022-04-01,2026-09-11T14:53:26Z
SM-A315F,MID,A315FXXU1DVF1,2022-04-01,2026-09-11T14:53:11Z
SM-A315F,TUR,A315FXXU1DVF1,2022-04-01,2026-09-11T14:53:17Z
SM-A315F,XSG,A315FXXU1DVF1,2022-04-01,2026-09-11T14:53:20Z
SM-A315F,AFG,A315FXXU1DVG8,2022-07-01,2026-09-11T14:53:23Z
SM-A315F,EGY,A315FXXU1DVG8,2022-07-01,2026-09-11T14:53:14Z
SM-A315F,ILO,A315FXXU1DVG8,2022-07-01,2026-09-11T14:53:08Z
SM-A315F,INS,A315FXXU1DVG8,2022-07-01,2026-09-11T14:53:26Z
SM-A315F,MID,A315FXXU1DVG8,2022-07-01,2026-09-11T14:53:11Z
SM-A315F,TUR,A315FXXU1DVG8,2022-07-01,2026-09-11T14:53:17Z
SM-A315F,XSG,A315FXXU1DVG8,2022-07-01,2026-09-11T14:53:20Z
SM-A315F,AFG,A315FXXU1DVJ2,2022-10-01,2026-09-11T14:53:23Z
SM-A315F,ILO,A315FXXU1DVJ2,2022-10-01,2026-09-11T14:53:08Z
SM-A315F,MID,A315FXXU1DVJ2,2022-10-01,2026-09-11T14:53:11Z
SM-A315F,TUR,A315FXXU1DVJ2,2022-10-01,2026-09-11T14:53:17Z
SM-A315F,XSG,A315FXXU1DVJ2,2022-10-01,2026-09-11T14:53:20Z
SM-A315F,AFG,A315FXXU2DWB3,2023-02-01,2026-09-11T14:53:23Z
SM-A315F,EGY,A315FXXU2DWB3,2023-02-01,2026-09-11T14:53:14Z
SM-A315F,ILO,A315FXXU2DWB3,2023-02-01,2026-09-11T14:53:08Z
SM-A315F,INS,A315FXXU2DWB3,2023-02-01,2026-09-11T14:53:26Z
SM-A315F,MID,A315FXXU2DWB3,2023-02-01,2026-09-11T14:53:11Z
SM-A315F,TUR,A315FXXU2DWB3,2023-02-01,2026-09-11T14:53:17Z
SM-A315F,XSG,A315FXXU2DWB3,2023-02-01,2026-09-11T14:53:20Z
SM-A315F,INS,A315FXXU4DWH4,2023-08-01,2026-09-11T14:53:26Z
SM-A315F,INS,A315FXXU4DWI2,2023-08-01,2026-09-11T14:53:26Z
SM-A325F,AFG,A325FXXS2AVB2,2022-02-01,2026-09-11T14:54:01Z
SM-A325F,EGY,A325FXXS2AVB2,2022-02-01,2026-09-11T14:53:52Z
SM-A325F,ILO,A325FXXS2AVB2,2022-02-01,2026-09-11T14:53:46Z
SM-A325F,MID,A325FXXS2AVB2,2022-02-01,2026-09-11T14:53:49Z
SM-A325F,TUR,A325FXXS2AVB2,2022-02-01,2026-09-11T14:53:55Z
SM-A325F,XSG,A325FXXS2AVB2,2022-02-01,2026-09-11T14:53:58Z
SM-A325F,BTU,A325FXXS2BVJ2,2022-10-01,2026-09-11T14:54:19Z
SM-A325F,SEE,A325FXXS2BVJ2,2022-10-01,2026-09-11T14:54:13Z
SM-A325F,INS,A325FXXS3CWB3,2022-12-01,2026-09-11T14:54:04Z
SM-A325F,AFG,A325FXXS4DWD4,2023-04-01,2026-09-11T14:54:01Z
SM-A325F,BTU,A325FXXS4DWD4,2023-04-01,2026-09-11T14:54:19Z
SM-A325F,EGY,A325FXXS4DWD4,2023-04-01,2026-09-11T14:53:52Z
SM-A325F,ILO,A325FXXS4DWD4,2023-04-01,2026-09-11T14:53:46Z
SM-A325F,INS,A325FXXS4DWD4,2023-04-01,2026-09-11T14:54:04Z
SM-A325F,MID,A325FXXS4DWD4,2023-04-01,2026-09-11T14:53:49Z
SM-A325F,SEE,A325FXXS4DWD4,2023-04-01,2026-09-11T14:54:13Z
SM-A325F,TUR,A325FXXS4DWD4,2023-04-01,2026-09-11T14:53:55Z
SM-A325F,XSA,A325FXXS4DWD4,2023-04-01,2026-09-11T14:54:16Z
SM-A325F,XSG,A325FXXS4DWD4,2023-04-01,2026-09-11T14:53:58Z
SM-A325F,AFG,A325FXXS6DWK1,2023-11-01,2026-09-11T14:54:01Z
SM-A325F,BTU,A325FXXS6DWK1,2023-11-01,2026-09-11T14:54:19Z
SM-A325F,EGY,A325FXXS6DWK1,2023-11-01,2026-09-11T14:53:52Z
SM-A325F,ILO,A325FXXS6DWK1,2023-11-01,2026-09-11T14:53:46Z
SM-A325F,MID,A325FXXS6DWK1,2023-11-01,2026-09-11T14:53:49Z
SM-A325F,SEE,A325FXXS6DWK1,2023-11-01,2026-09-11T14:54:13Z
SM-A325F,TUR,A325FXXS6DWK1,2023-11-01,2026-09-11T14:53:55Z
SM-A325F,XSA,A325FXXS6DWK1,2023-11-01,2026-09-11T14:54:16Z
SM-A325F,XSG,A325FXXS6DWK1,2023-11-01,2026-09-11T14:53:58Z
SM-A325F,INS,A325FXXS6DWK2,2023-11-01,2026-09-11T14:54:04Z
SM-A325F,INS,A325FXXS7DWL1,2023-12-01,2026-09-11T14:54:04Z
SM-A325F,AFG,A325FXXS7DXA2,2024-02-01,2026-09-11T14:54:01Z
SM-A325F,BTU,A325FXXS7DXA2,2024-02-01,2026-09-11T14:54:19Z
SM-A325F,EGY,A325FXXS7DXA2,2024-02-01,2026-09-11T14:53:52Z
SM-A325F,ILO,A325FXXS7DXA2,2024-02-01,2026-09-11T14:53:46Z
SM-A325F,MID,A325FXXS7DXA2,2024-02-01,2026-09-11T14:53:49Z
SM-A325F,SEE,A325FXXS7DXA2,2024-02-01,2026-09-11T14:54:13Z
SM-A325F,TUR,A325FXXS7DXA2,2024-02-01,2026-09-11T14:53:55Z
SM-A325F,XSA,A325FXXS7DXA2,2024-02-01,2026-09-11T14:54:16Z
SM-A325F,XSG,A325FXXS7DXA2,2024-02-01,2026-09-11T14:53:58Z
SM-A325F,INS,A325FXXS8DXC1,2024-03-01,2026-09-11T14:54:04Z
SM-A325F,AFG,A325FXXS8DXE5,2024-05-01,2026-09-11T14:54:01Z
SM-A325F,BTU,A325FXXS8DXE5,2024-05-01,2026-09-11T14:54:19Z
SM-A325F,EGY,A325FXXS8DXE5,2024-05-01,2026-09-11T14:53:52Z
SM-A325F,ILO,A325FXXS8DXE5,2024-05-01,2026-09-11T14:53:46Z
SM-A325F,MID,A325FXXS8DXE5,2024-05-01,2026-09-11T14:53:49Z
SM-A325F,SEE,A325FXXS8DXE5,2024-05-01,2026-09-11T14:54:13Z
SM-A325F,TUR,A325FXXS8DXE5,2024-05-01,2026-09-11T14:53:55Z
SM-A325F,XSA,A325FXXS8DXE5,2024-05-01,2026-09-11T14:54:16Z
SM-A325F,XSG,A325FXXS8DXE5,2024-05-01,2026-09-11T14:53:58Z
SM-A325F,INS,A325FXXS9DXE3,2024-05-01,2026-09-11T14:54:04Z
SM-A325F,AFG,A325FXXSADXG1,2024-08-01,2026-09-11T14:54:01Z
SM-A325F,BTU,A325FXXSADXG1,2024-08-01,2026-09-11T14:54:19Z
SM-A325F,EGY,A325FXXSADXG1,2024-08-01,2026-09-11T14:53:52Z
SM-A325F,ILO,A325FXXSADXG1,2024-08-01,2026-09-11T14:53:46Z
SM-A325F,MID,A325FXXSADXG1,2024-08-01,2026-09-11T14:53:49Z
SM-A325F,SEE,A325FXXSADXG1,2024-08-01,2026-09-11T14:54:13Z
SM-A325F,TUR,A325FXXSADXG1,2024-08-01,2026-09-11T14:53:55Z
SM-A325F,XSA,A325FXXSADXG1,2024-08-01,2026-09-11T14:54:16Z
SM-A325F,XSG,A325FXXSADXG1,2024-08-01,2026-09-11T14:53:58Z
SM-A325F,INS,A325FXXSADXG2,2024-08-01,2026-09-11T14:54:04Z
SM-A325F,AFG,A325FXXSBDXJ1,2024-10-01,2026-09-11T14:54:01Z
SM-A325F,BTU,A325FXXSBDXJ1,2024-10-01,2026-09-11T14:54:19Z
SM-A325F,EGY,A325FXXSBDXJ1,2024-10-01,2026-09-11T14:53:52Z
SM-A325F,ILO,A325FXXSBDXJ1,2024-10-01,2026-09-11T14:53:46Z
SM-A325F,MID,A325FXXSBDXJ1,2024-10-01,2026-09-11T14:53:49Z
SM-A325F,SEE,A325FXXSBDXJ1,2024-10-01,2026-09-11T14:54:13Z
SM-A325F,TUR,A325FXXSBDXJ1,2024-10-01,2026-09-11T14:53:55Z
SM-A325F,XSA,A325FXXSBDXJ1,2024-10-01,2026-09-11T14:54:16Z
SM-A325F,XSG,A325FXXSBDXJ1,2024-10-01,2026-09-11T14:53:58Z
SM-A325F,INS,A325FXXSBDXJ2,2024-10-01,2026-09-11T14:54:04Z
SM-A325F,AFG,A325FXXSCDXL2,2025-01-01,2026-09-11T14:54:01Z
SM-A325F,BTU,A325FXXSCDXL2,2025-01-01,2026-09-11T14:54:19Z
SM-A325F,EGY,A325FXXSCDXL2,2025-01-01,2026-09-11T14:53:52Z
SM-A325F,ILO,A325FXXSCDXL2,2025-01-01,2026-09-11T14:53:46Z
SM-A325F,MID,A325FXXSCDXL2,2025-01-01,2026-09-11T14:53:49Z
SM-A325F,SEE,A325FXXSCDXL2,2025-01-01,2026-09-11T14:54:13Z
SM-A325F,TUR,A325FXXSCDXL2,2025-01-01,2026-09-11T14:53:55Z
SM-A325F,XSA,A325FXXSCDXL2,2025-01-01,2026-09-11T14:54:16Z
SM-A325F,XSG,A325FXXSCDXL2,2025-01-01,2026-09-11T14:53:58Z
SM-A325F,INS,A325FXXSCDYA2,2025-01-01,2026-09-11T14:54:04Z
SM-A325F,AFG,A325FXXSCDYB2,2025-03-01,2026-09-11T14:54:01Z
SM-A325F,BTU,A325FXXSCDYB2,2025-03-01,2026-09-11T14:54:19Z
SM-A325F,EGY,A325FXXSCDYB2,2025-03-01,2026-09-11T14:53:52Z
SM-A325F,ILO,A325FXXSCDYB2,2025-03-01,2026-09-11T14:53:46Z
SM-A325F,MID,A325FXXSCDYB2,2025-03-01,2026-09-11T14:53:49Z
SM-A325F,SEE,A325FXXSCDYB2,2025-03-01,2026-09-11T14:54:13Z
SM-A325F,TUR,A325FXXSCDYB2,2025-03-01,2026-09-11T14:53:55Z
SM-A325F,XSA,A325FXXSCDYB2,2025-03-01,2026-09-11T14:54:16Z
SM-A325F,XSG,A325FXXSCDYB2,2025-03-01,2026-09-11T14:53:58Z
SM-A325F,AFG,A325FXXU1AUC2,2021-02-01,2026-09-11T14:54:01Z
SM-A325F,BTU,A325FXXU1AUC2,2021-02-01,2026-09-11T14:54:19Z
SM-A325F,EGY,A325FXXU1AUC2,2021-02-01,2026-09-11T14:53:52Z
SM-A325F,ILO,A325FXXU1AUC2,2021-02-01,2026-09-11T14:53:46Z
SM-A325F,INS,A325FXXU1AUC2,2021-02-01,2026-09-11T14:54:04Z
SM-A325F,MID,A325FXXU1AUC2,2021-02-01,2026-09-11T14:53:49Z
SM-A325F,SEE,A325FXXU1AUC2,2021-02-01,2026-09-11T14:54:13Z
SM-A325F,TUR,A325FXXU1AUC2,2021-02-01,2026-09-11T14:53:55Z
SM-A325F,XSA,A325FXXU1AUC2,2021-02-01,2026-09-11T14:54:16Z
SM-A325F,XSG,A325FXXU1AUC2,2021-02-01,2026-09-11T14:53:58Z
SM-A325F,AFG,A325FXXU1AUCB,2021-03-01,2026-09-11T14:54:01Z
SM-A325F,EGY,A325FXXU1AUCB,2021-03-01,2026-09-11T14:53:52Z
SM-A325F,ILO,A325FXXU1AUCB,2021-03-01,2026-09-11T14:53:46Z
SM-A325F,INS,A325FXXU1AUCB,2021-03-01,2026-09-11T14:54:04Z
SM-A325F,MID,A325FXXU1AUCB,2021-03-01,2026-09-11T14:53:49Z
SM-A325F,TUR,A325FXXU1AUCB,2021-03-01,2026-09-11T14:53:55Z
SM-A325F,XSA,A325FXXU1AUCB,2021-03-01,2026-09-11T14:54:16Z
SM-A325F,XSG,A325FXXU1AUCB,2021-03-01,2026-09-11T14:53:58Z
SM-A325F,BTU,A325FXXU1AUCC,2021-03-01,2026-09-11T14:54:19Z
SM-A325F,EUX,A325FXXU1AUCC,2021-03-01,2026-09-11T14:54:07Z
SM-A325F,SEE,A325FXXU1AUCC,2021-03-01,2026-09-11T14:54:13Z
SM-A325F,AFG,A325FXXU1AUD7,2021-04-01,2026-09-11T14:54:01Z
SM-A325F,BTU,A325FXXU1AUD7,2021-04-01,2026-09-11T14:54:19Z
SM-A325F,EGY,A325FXXU1AUD7,2021-04-01,2026-09-11T14:53:52Z
SM-A325F,ILO,A325FXXU1AUD7,2021-04-01,2026-09-11T14:53:46Z
SM-A325F,INS,A325FXXU1AUD7,2021-04-01,2026-09-11T14:54:04Z
SM-A325F,MID,A325FXXU1AUD7,2021-04-01,2026-09-11T14:53:49Z
SM-A325F,SEE,A325FXXU1AUD7,2021-04-01,2026-09-11T14:54:13Z
SM-A325F,TUR,A325FXXU1AUD7,2021-04-01,2026-09-11T14:53:55Z
SM-A325F,XSA,A325FXXU1AUD7,2021-04-01,2026-09-11T14:54:16Z
SM-A325F,XSG,A325FXXU1AUD7,2021-04-01,2026-09-11T14:53:58Z
SM-A325F,INS,A325FXXU1AUF2,2021-05-01,2026-09-11T14:54:04Z
SM-A325F,TUR,A325FXXU1AUF2,2021-05-01,2026-09-11T14:53:55Z
SM-A325F,XSG,A325FXXU1AUF2,2021-05-01,2026-09-11T14:53:58Z
SM-A325F,AFG,A325FXXU1AUG2,2021-05-01,2026-09-11T14:54:01Z
SM-A325F,BTU,A325FXXU1AUG2,2021-05-01,2026-09-11T14:54:19Z
SM-A325F,EGY,A325FXXU1AUG2,2021-05-01,2026-09-11T14:53:52Z
SM-A325F,ILO,A325FXXU1AUG2,2021-05-01,2026-09-11T14:53:46Z
SM-A325F,INS,A325FXXU1AUG2,2021-05-01,2026-09-11T14:54:04Z
SM-A325F,MID,A325FXXU1AUG2,2021-05-01,2026-09-11T14:53:49Z
SM-A325F,SEE,A325FXXU1AUG2,2021-05-01,2026-09-11T14:54:13Z
SM-A325F,TUR,A325FXXU1AUG2,2021-05-01,2026-09-11T14:53:55Z
SM-A325F,XSA,A325FXXU1AUG2,2021-05-01,2026-09-11T14:54:16Z
SM-A325F,XSG,A325FXXU1AUG2,2021-05-01,2026-09-11T14:53:58Z
SM-A325F,BTU,A325FXXU1AUH1,2021-08-01,2026-09-11T14:54:19Z
SM-A325F,INS,A325FXXU1AUH1,2021-08-01,2026-09-11T14:54:04Z
SM-A325F,SEE,A325FXXU1AUH1,2021-08-01,2026-09-11T14:54:13Z
SM-A325F,XSA,A325FXXU1AUH1,2021-08-01,2026-09-11T14:54:16Z
SM-A325F,AFG,A325FXXU1AUH2,2021-08-01,2026-09-11T14:54:01Z
SM-A325F,EGY,A325FXXU1AUH2,2021-08-01,2026-09-11T14:53:52Z
SM-A325F,ILO,A325FXXU1AUH2,2021-08-01,2026-09-11T14:53:46Z
SM-A325F,MID,A325FXXU1AUH2,2021-08-01,2026-09-11T14:53:49Z
SM-A325F,TUR,A325FXXU1AUH2,2021-08-01,2026-09-11T14:53:55Z
SM-A325F,XSG,A325FXXU1AUH2,2021-08-01,2026-09-11T14:53:58Z
SM-A325F,AFG,A325FXXU2AUJ4,2021-11-01,2026-09-11T14:54:01Z
SM-A325F,BTU,A325FXXU2AUJ4,2021-11-01,2026-09-11T14:54:19Z
SM-A325F,EGY,A325FXXU2AUJ4,2021-11-01,2026-09-11T14:53:52Z
SM-A325F,ILO,A325FXXU2AUJ4,2021-11-01,2026-09-11T14:53:46Z
SM-A325F,INS,A325FXXU2AUJ4,2021-11-01,2026-09-11T14:54:04Z
SM-A325F,MID,A325FXXU2AUJ4,2021-11-01,2026-09-11T14:53:49Z
SM-A325F,SEE,A325FXXU2AUJ4,2021-11-01,2026-09-11T14:54:13Z
SM-A325F,TUR,A325FXXU2AUJ4,2021-11-01,2026-09-11T14:53:55Z
SM-A325F,XSA,A325FXXU2AUJ4,2021-11-01,2026-09-11T14:54:16Z
SM-A325F,XSG,A325FXXU2AUJ4,2021-11-01,2026-09-11T14:53:58Z
SM-A325F,BTU,A325FXXU2AUK3,2021-11-01,2026-09-11T14:54:19Z
SM-A325F,SEE,A325FXXU2AUK3,2021-11-01,2026-09-11T14:54:13Z
SM-A325F,INS,A325FXXU2AVB1,2022-02-01,2026-09-11T14:54:04Z
SM-A325F,XSA,A325FXXU2AVB1,2022-02-01,2026-09-11T14:54:16Z
SM-A325F,BTU,A325FXXU2AVB3,2022-02-01,2026-09-11T14:54:19Z
SM-A325F,SEE,A325FXXU2AVB3,2022-02-01,2026-09-11T14:54:13Z
SM-A325F,AFG,A325FXXU2AVB6,2022-02-01,2026-09-11T14:54:01Z
SM-A325F,EGY,A325FXXU2AVB6,2022-02-01,2026-09-11T14:53:52Z
SM-A325F,ILO,A325FXXU2AVB6,2022-02-01,2026-09-11T14:53:46Z
SM-A325F,MID,A325FXXU2AVB6,2022-02-01,2026-09-11T14:53:49Z
SM-A325F,TUR,A325FXXU2AVB6,2022-02-01,2026-09-11T14:53:55Z
SM-A325F,XSG,A325FXXU2AVB6,2022-02-01,2026-09-11T14:53:58Z
SM-A325F,BTU,A325FXXU2AVC2,2022-02-01,2026-09-11T14:54:19Z
SM-A325F,SEE,A325FXXU2AVC2,2022-02-01,2026-09-11T14:54:13Z
SM-A325F,AFG,A325FXXU2BVD6,2022-04-01,2026-09-11T14:54:01Z
SM-A325F,BTU,A325FXXU2BVD6,2022-04-01,2026-09-11T14:54:19Z
SM-A325F,EGY,A325FXXU2BVD6,2022-04-01,2026-09-11T14:53:52Z
SM-A325F,ILO,A325FXXU2BVD6,2022-04-01,2026-09-11T14:53:46Z
SM-A325F,INS,A325FXXU2BVD6,2022-04-01,2026-09-11T14:54:04Z
SM-A325F,MID,A325FXXU2BVD6,2022-04-01,2026-09-11T14:53:49Z
SM-A325F,SEE,A325FXXU2BVD6,2022-04-01,2026-09-11T14:54:13Z
SM-A325F,TUR,A325FXXU2BVD6,2022-04-01,2026-09-11T14:53:55Z
SM-A325F,XSA,A325FXXU2BVD6,2022-04-01,2026-09-11T14:54:16Z
SM-A325F,XSG,A325FXXU2BVD6,2022-04-01,2026-09-11T14:53:58Z
SM-A325F,AFG,A325FXXU2BVF1,2022-04-01,2026-09-11T14:54:01Z
SM-A325F,BTU,A325FXXU2BVF1,2022-04-01,2026-09-11T14:54:19Z
SM-A325F,EGY,A325FXXU2BVF1,2022-04-01,2026-09-11T14:53:52Z
SM-A325F,ILO,A325FXXU2BVF1,2022-04-01,2026-09-11T14:53:46Z
SM-A325F,INS,A325FXXU2BVF1,2022-04-01,2026-09-11T14:54:04Z
SM-A325F,MID,A325FXXU2BVF1,2022-04-01,2026-09-11T14:53:49Z
SM-A325F,SEE,A325FXXU2BVF1,2022-04-01,2026-09-11T14:54:13Z
SM-A325F,TUR,A325FXXU2BVF1,2022-04-01,2026-09-11T14:53:55Z
SM-A325F,XSA,A325FXXU2BVF1,2022-04-01,2026-09-11T14:54:16Z
SM-A325F,XSG,A325FXXU2BVF1,2022-04-01,2026-09-11T14:53:58Z
SM-A325F,AFG,A325FXXU2BVG1,2022-07-01,2026-09-11T14:54:01Z
SM-A325F,BTU,A325FXXU2BVG1,2022-07-01,2026-09-11T14:54:19Z
SM-A325F,EGY,A325FXXU2BVG1,2022-07-01,2026-09-11T14:53:52Z
SM-A325F,ILO,A325FXXU2BVG1,2022-07-01,2026-09-11T14:53:46Z
SM-A325F,INS,A325FXXU2BVG1,2022-07-01,2026-09-11T14:54:04Z
SM-A325F,MID,A325FXXU2BVG1,2022-07-01,2026-09-11T14:53:49Z
SM-A325F,SEE,A325FXXU2BVG1,2022-07-01,2026-09-11T14:54:13Z
SM-A325F,TUR,A325FXXU2BVG1,2022-07-01,2026-09-11T14:53:55Z
SM-A325F,XSA,A325FXXU2BVG1,2022-07-01,2026-09-11T14:54:16Z
SM-A325F,XSG,A325FXXU2BVG1,2022-07-01,2026-09-11T14:53:58Z
SM-A325F,AFG,A325FXXU2BVG3,2022-07-01,2026-09-11T14:54:01Z
SM-A325F,BTU,A325FXXU2BVG3,2022-07-01,2026-09-11T14:54:19Z
SM-A325F,EGY,A325FXXU2BVG3,2022-07-01,2026-09-11T14:53:52Z
SM-A325F,ILO,A325FXXU2BVG3,2022-07-01,2026-09-11T14:53:46Z
SM-A325F,INS,A325FXXU2BVG3,2022-07-01,2026-09-11T14:54:04Z
SM-A325F,MID,A325FXXU2BVG3,2022-07-01,2026-09-11T14:53:49Z
SM-A325F,SEE,A325FXXU2BVG3,2022-07-01,2026-09-11T14:54:13Z
SM-A325F,TUR,A325FXXU2BVG3,2022-07-01,2026-09-11T14:53:55Z
SM-A325F,XSA,A325FXXU2BVG3,2022-07-01,2026-09-11T14:54:16Z
SM-A325F,XSG,A325FXXU2BVG3,2022-07-01,2026-09-11T14:53:58Z
SM-A325F,AFG,A325FXXU2BVH1,2022-08-01,2026-09-11T14:54:01Z
SM-A325F,EGY,A325FXXU2BVH1,2022-08-01,2026-09-11T14:53:52Z
SM-A325F,ILO,A325FXXU2BVH1,2022-08-01,2026-09-11T14:53:46Z
SM-A325F,INS,A325FXXU2BVH1,2022-08-01,2026-09-11T14:54:04Z
SM-A325F,MID,A325FXXU2BVH1,2022-08-01,2026-09-11T14:53:49Z
SM-A325F,TUR,A325FXXU2BVH1,2022-08-01,2026-09-11T14:53:55Z
SM-A325F,XSA,A325FXXU2BVH1,2022-08-01,2026-09-11T14:54:16Z
SM-A325F,XSG,A325FXXU2BVH1,2022-08-01,2026-09-11T14:53:58Z
SM-A325F,BTU,A325FXXU2BVH2,2022-08-01,2026-09-11T14:54:19Z
SM-A325F,SEE,A325FXXU2BVH2,2022-08-01,2026-09-11T14:54:13Z
SM-A325F,AFG,A325FXXU2CVK3,2022-10-01,2026-09-11T14:54:01Z
SM-A325F,BTU,A325FXXU2CVK3,2022-10-01,2026-09-11T14:54:19Z
SM-A325F,EGY,A325FXXU2CVK3,2022-10-01,2026-09-11T14:53:52Z
SM-A325F,ILO,A325FXXU2CVK3,2022-10-01,2026-09-11T14:53:46Z
SM-A325F,INS,A325FXXU2CVK3,2022-10-01,2026-09-11T14:54:04Z
SM-A325F,MID,A325FXXU2CVK3,2022-10-01,2026-09-11T14:53:49Z
SM-A325F,SEE,A325FXXU2CVK3,2022-10-01,2026-09-11T14:54:13Z
SM-A325F,TUR,A325FXXU2CVK3,2022-10-01,2026-09-11T14:53:55Z
SM-A325F,XSG,A325FXXU2CVK3,2022-10-01,2026-09-11T14:53:58Z
SM-A325F,XSA,A325FXXU2CVK4,2022-10-01,2026-09-11T14:54:16Z
SM-A325F,XSA,A325FXXU2CWA3,2022-11-01,2026-09-11T14:54:16Z
SM-A325F,AFG,A325FXXU2CWA6,2022-12-01,2026-09-11T14:54:01Z
SM-A325F,BTU,A325FXXU2CWA6,2022-12-01,2026-09-11T14:54:19Z
SM-A325F,EGY,A325FXXU2CWA6,2022-12-01,2026-09-11T14:53:52Z
SM-A325F,ILO,A325FXXU2CWA6,2022-12-01,2026-09-11T14:53:46Z
SM-A325F,INS,A325FXXU2CWA6,2022-12-01,2026-09-11T14:54:04Z
SM-A325F,MID,A325FXXU2CWA6,2022-12-01,2026-09-11T14:53:49Z
SM-A325F,SEE,A325FXXU2CWA6,2022-12-01,2026-09-11T14:54:13Z
SM-A325F,TUR,A325FXXU2CWA6,2022-12-01,2026-09-11T14:53:55Z
SM-A325F,XSA,A325FXXU2CWA6,2022-12-01,2026-09-11T14:54:16Z
SM-A325F,XSG,A325FXXU2CWA6,2022-12-01,2026-09-11T14:53:58Z
SM-A325F,AFG,A325FXXU3DWB8,2023-02-01,2026-09-11T14:54:01Z
SM-A325F,BTU,A325FXXU3DWB8,2023-02-01,2026-09-11T14:54:19Z
SM-A325F,EGY,A325FXXU3DWB8,2023-02-01,2026-09-11T14:53:52Z
SM-A325F,ILO,A325FXXU3DWB8,2023-02-01,2026-09-11T14:53:46Z
SM-A325F,INS,A325FXXU3DWB8,2023-02-01,2026-09-11T14:54:04Z
SM-A325F,MID,A325FXXU3DWB8,2023-02-01,2026-09-11T14:53:49Z
SM-A325F,SEE,A325FXXU3DWB8,2023-02-01,2026-09-11T14:54:13Z
SM-A325F,TUR,A325FXXU3DWB8,2023-02-01,2026-09-11T14:53:55Z
SM-A325F,XSA,A325FXXU3DWB8,2023-02-01,2026-09-11T14:54:16Z
SM-A325F,XSG,A325FXXU3DWB8,2023-02-01,2026-09-11T14:53:58Z
SM-A325F,AFG,A325FXXU5DWE3,2023-06-01,2026-09-11T14:54:01Z
SM-A325F,BTU,A325FXXU5DWE3,2023-06-01,2026-09-11T14:54:19Z
SM-A325F,EGY,A325FXXU5DWE3,2023-06-01,2026-09-11T14:53:52Z
SM-A325F,ILO,A325FXXU5DWE3,2023-06-01,2026-09-11T14:53:46Z
SM-A325F,MID,A325FXXU5DWE3,2023-06-01,2026-09-11T14:53:49Z
SM-A325F,SEE,A325FXXU5DWE3,2023-06-01,2026-09-11T14:54:13Z
SM-A325F,TUR,A325FXXU5DWE3,2023-06-01,2026-09-11T14:53:55Z
SM-A325F,XSA,A325FXXU5DWE3,2023-06-01,2026-09-11T14:54:16Z
SM-A325F,XSG,A325FXXU5DWE3,2023-06-01,2026-09-11T14:53:58Z
SM-A325F,INS,A325FXXU5DWF2,2023-06-01,2026-09-11T14:54:04Z
SM-A325F,AFG,A325FXXU6DWH3,2023-08-01,2026-09-11T14:54:01Z
SM-A325F,BTU,A325FXXU6DWH3,2023-08-01,2026-09-11T14:54:19Z
SM-A325F,EGY,A325FXXU6DWH3,2023-08-01,2026-09-11T14:53:52Z
SM-A325F,ILO,A325FXXU6DWH3,2023-08-01,2026-09-11T14:53:46Z
SM-A325F,MID,A325FXXU6DWH3,2023-08-01,2026-09-11T14:53:49Z
SM-A325F,SEE,A325FXXU6DWH3,2023-08-01,2026-09-11T14:54:13Z
SM-A325F,TUR,A325FXXU6DWH3,2023-08-01,2026-09-11T14:53:55Z
SM-A325F,XSA,A325FXXU6DWH3,2023-08-01,2026-09-11T14:54:16Z
SM-A325F,XSG,A325FXXU6DWH3,2023-08-01,2026-09-11T14:53:58Z
SM-A325F,INS,A325FXXU6DWH5,2023-08-01,2026-09-11T14:54:04Z
SM-A326B,BTU,A326BXXS3AUH3,2021-08-01,2026-09-11T14:55:00Z
SM-A326B,BTU,A326BXXS3AUJ5,2021-10-01,2026-09-11T14:55:00Z
SM-A326B,BTU,A326BXXS4AVA1,2022-01-01,2026-09-11T14:55:00Z
SM-A326B,BTU,A326BXXS4AVA8,2022-02-01,2026-09-11T14:55:00Z
SM-A326B,BTU,A326BXXS4AVC1,2022-04-01,2026-09-11T14:55:00Z
SM-A326B,BTU,A326BXXS4BVE9,2022-06-01,2026-09-11T14:55:00Z
SM-A326B,BTU,A326BXXS4BVI1,2022-09-01,2026-09-11T14:55:00Z
SM-A326B,XSG,A326BXXS4BVI1,2022-09-01,2026-09-11T14:54:37Z
SM-A326B,BTU,A326BXXS4BVK1,2022-11-01,2026-09-11T14:55:00Z
SM-A326B,XSG,A326BXXS4BVK1,2022-11-01,2026-09-11T14:54:37Z
SM-A326B,BTU,A326BXXS4CWA3,2023-01-01,2026-09-11T14:55:00Z
SM-A326B,XSG,A326BXXS4CWA3,2023-01-01,2026-09-11T14:54:37Z
SM-A326B,BTU,A326BXXS5CWD5,2023-04-01,2026-09-11T14:55:00Z
SM-A326B,BTU,A326BXXS7CWI4,2023-08-01,2026-09-11T14:55:00Z
SM-A326B,XSG,A326BXXS7CWI4,2023-08-01,2026-09-11T14:54:37Z
SM-A326B,BTU,A326BXXS8CWK2,2023-10-01,2026-09-11T14:55:00Z
SM-A326B,XSG,A326BXXS8CWK2,2023-10-01,2026-09-11T14:54:37Z
SM-A326B,BTU,A326BXXSACXC1,2024-03-01,2026-09-11T14:55:00Z
SM-A326B,XSG,A326BXXSACXC3,2024-03-01,2026-09-11T14:54:37Z
SM-A326B,BTU,A326BXXSBCXE1,2024-05-01,2026-09-11T14:55:00Z
SM-A326B,XSG,A326BXXSBCXE3,2024-05-01,2026-09-11T14:54:37Z
SM-A326B,BTU,A326BXXSCCXH1,2024-08-01,2026-09-11T14:55:00Z
SM-A326B,XSG,A326BXXSCCXH3,2024-08-01,2026-09-11T14:54:37Z
SM-A326B,BTU,A326BXXSDCXJA,2024-10-01,2026-09-11T14:55:00Z
SM-A326B,XSG,A326BXXSDCXJC,2024-10-01,2026-09-11T14:54:37Z
SM-A326B,BTU,A326BXXSECYA1,2025-01-01,2026-09-11T14:55:00Z
SM-A326B,XSG,A326BXXSECYA3,2025-01-01,2026-09-11T14:54:37Z
SM-A326B,BTU,A326BXXSECYB5,2025-02-01,2026-09-11T14:55:00Z
SM-A326B,XSG,A326BXXSECYB7,2025-02-01,2026-09-11T14:54:37Z
SM-A326B,BTU,A326BXXU1AUA6,2021-01-01,2026-09-11T14:55:00Z
SM-A326B,XSG,A326BXXU1AUB3,2021-02-01,2026-09-11T14:54:37Z
SM-A326B,BTU,A326BXXU1AUB6,2021-02-01,2026-09-11T14:55:00Z
SM-A326B,XSG,A326BXXU1AUC9,2021-02-01,2026-09-11T14:54:37Z
SM-A326B,BTU,A326BXXU1AUCA,2021-02-01,2026-09-11T14:55:00Z
SM-A326B,XSG,A326BXXU2AUD5,2021-04-01,2026-09-11T14:54:37Z
SM-A326B,BTU,A326BXXU2AUE2,2021-05-01,2026-09-11T14:55:00Z
SM-A326B,XSG,A326BXXU2AUE5,2021-05-01,2026-09-11T14:54:37Z
SM-A326B,XSG,A326BXXU2AUF3,2021-06-01,2026-09-11T14:54:37Z
SM-A326B,BTU,A326BXXU2AUF4,2021-06-01,2026-09-11T14:55:00Z
SM-A326B,XSG,A326BXXU3AUH4,2021-08-01,2026-09-11T14:54:37Z
SM-A326B,BTU,A326BXXU3AUH5,2021-08-01,2026-09-11T14:55:00Z
SM-A326B,XSG,A326BXXU4AUJ6,2021-11-01,2026-09-11T14:54:37Z
SM-A326B,BTU,A326BXXU4AUK1,2021-11-01,2026-09-11T14:55:00Z
SM-A326B,XSG,A326BXXU4AVB6,2022-02-01,2026-09-11T14:54:37Z
SM-A326B,BTU,A326BXXU4AVB7,2022-02-01,2026-09-11T14:55:00Z
SM-A326B,XSG,A326BXXU4BVC8,2022-03-01,2026-09-11T14:54:37Z
SM-A326B,XSG,A326BXXU4BVE7,2022-03-01,2026-09-11T14:54:37Z
SM-A326B,BTU,A326BXXU4BVE8,2022-04-01,2026-09-11T14:55:00Z
SM-A326B,BTU,A326BXXU4BVF1,2022-06-01,2026-09-11T14:55:00Z
SM-A326B,XSG,A326BXXU4BVF2,2022-06-01,2026-09-11T14:54:37Z
SM-A326B,BTU,A326BXXU4BVG3,2022-08-01,2026-09-11T14:55:00Z
SM-A326B,BTU,A326BXXU4BVH2,2022-08-01,2026-09-11T14:55:00Z
SM-A326B,XSG,A326BXXU4BVH2,2022-08-01,2026-09-11T14:54:37Z
SM-A326B,BTU,A326BXXU4CVK5,2022-11-01,2026-09-11T14:55:00Z
SM-A326B,XSG,A326BXXU4CVK5,2022-11-01,2026-09-11T14:54:37Z
SM-A326B,BTU,A326BXXU5CWB7,2023-02-01,2026-09-11T14:55:00Z
SM-A326B,BTU,A326BXXU5CWDC,2023-04-01,2026-09-11T14:55:00Z
SM-A326B,XSG,A326BXXU5CWDC,2023-04-01,2026-09-11T14:54:37Z
SM-A326B,BTU,A326BXXU6CWF5,2023-06-01,2026-09-11T14:55:00Z
SM-A326B,XSG,A326BXXU6CWF5,2023-06-01,2026-09-11T14:54:37Z
SM-A326B,BTU,A326BXXU9CWL1,2023-12-01,2026-09-11T14:55:00Z
SM-A326B,XSG,A326BXXU9CXA3,2023-12-01,2026-09-11T14:54:37Z
SM-A336B,EUX,A336BXXS4BWA1,2023-01-01,2026-09-11T14:55:28Z
SM-A336B,EUX,A336BXXS5CWC2,2023-03-01,2026-09-11T14:55:28Z
SM-A336B,EUX,A336BXXS7CWG1,2023-07-01,2026-09-11T14:55:28Z
SM-A336B,EUX,A336BXXS7CWJ1,2023-10-01,2026-09-11T14:55:28Z
SM-A336B,EUX,A336BXXS8DXA1,2024-01-01,2026-09-11T14:55:28Z
SM-A336B,EUX,A336BXXS8DXC1,2024-03-01,2026-09-11T14:55:28Z
SM-A336B,EUX,A336BXXS9EXE2,2024-05-01,2026-09-11T14:55:28Z
SM-A336B,EUX,A336BXXSAEXG3,2024-07-01,2026-09-11T14:55:28Z
SM-A336B,EUX,A336BXXSAEXI8,2024-09-01,2026-09-11T14:55:28Z
SM-A336B,EUX,A336BXXSBEXJ1,2024-10-01,2026-09-11T14:55:28Z
SM-A336B,EUX,A336BXXSCEXK1,2024-11-01,2026-09-11T14:55:28Z
SM-A336B,EUX,A336BXXSCEXL1,2025-01-01,2026-09-11T14:55:28Z
SM-A336B,EUX,A336BXXSDEYD2,2025-04-01,2026-09-11T14:55:28Z
SM-A336B,EUX,A336BXXSEFYH2,2025-08-01,2026-09-11T14:55:28Z
SM-A336B,EUX,A336BXXSEGYJ3,2025-10-01,2026-09-11T14:55:28Z
SM-A336B,EUX,A336BXXSFGYK3,2025-11-01,2026-09-11T14:55:28Z
SM-A336B,EUX,A336BXXSFGYL1,2025-12-01,2026-09-11T14:55:28Z
SM-A336B,EUX,A336BXXSGGZA1,2026-01-01,2026-09-11T14:55:28Z
SM-A336B,EUX,A336BXXSHGZB6,2026-02-05,2026-09-11T14:55:28Z
SM-A336B,EUX,A336BXXSIGZE1,2026-05-05,2026-09-11T14:55:28Z
SM-A336B,EUX,A336BXXSJGZG3,2026-07-05,2026-09-11T14:55:28Z
SM-A336B,EUX,A336BXXSKGZH2,2026-08-05,2026-09-11T14:55:28Z
SM-A336B,EUX,A336BXXU2AVF2,2022-06-01,2026-09-11T14:55:28Z
SM-A336B,EUX,A336BXXU2AVG2,2022-07-01,2026-09-11T14:55:28Z
SM-A336B,EUX,A336BXXU3AVGA,2022-08-01,2026-09-11T14:55:28Z
SM-A336B,EUX,A336BXXU4AVI4,2022-09-01,2026-09-11T14:55:28Z
SM-A336B,EUX,A336BXXU4BVJG,2022-10-01,2026-09-11T14:55:28Z
SM-A336B,EUX,A336BXXU4BVKB,2022-11-01,2026-09-11T14:55:28Z
SM-A336B,EUX,A336BXXU4CWB2,2023-02-01,2026-09-11T14:55:28Z
SM-A336B,EUX,A336BXXU5CWD1,2023-04-01,2026-09-11T14:55:28Z
SM-A336B,EUX,A336BXXU6CWF2,2023-06-01,2026-09-11T14:55:28Z
SM-A336B,EUX,A336BXXU7CWH2,2023-08-01,2026-09-11T14:55:28Z
SM-A336B,EUX,A336BXXU7DWK6,2023-11-01,2026-09-11T14:55:28Z
SM-A336B,EUX,A336BXXU8EXDC,2024-04-01,2026-09-11T14:55:28Z
SM-A336B,EUX,A336BXXUAEXG4,2024-07-01,2026-09-11T14:55:28Z
SM-A336B,EUX,A336BXXUCEXK4,2024-11-01,2026-09-11T14:55:28Z
SM-A336B,EUX,A336BXXUDFYE3,2025-05-01,2026-09-11T14:55:28Z
SM-A336B,EUX,A336BXXUEGYI8,2025-09-01,2026-09-11T14:55:28Z
SM-A346B,EUX,A346BXXS5BWL2,2024-01-01,2026-09-11T14:56:07Z
SM-A346B,EUX,A346BXXS6BXD1,2024-04-01,2026-09-11T14:56:07Z
SM-A346B,EUX,A346BXXS8CXG3,2024-07-01,2026-09-11T14:56:07Z
SM-A346B,EUX,A346BXXS8CXI3,2024-09-01,2026-09-11T14:56:07Z
SM-A346B,EUX,A346BXXS9CYA1,2025-02-01,2026-09-11T14:56:07Z
SM-A346B,EUX,A346BXXS9CYD1,2025-03-01,2026-09-11T14:56:07Z
SM-A346B,EUX,A346BXXSADYG1,2025-07-01,2026-09-11T14:56:07Z
SM-A346B,EUX,A346BXXSBDYI1,2025-09-01,2026-09-11T14:56:07Z
SM-A346B,EUX,A346BXXSCEYL1,2025-12-01,2026-09-11T14:56:07Z
SM-A346B,EUX,A346BXXSDEYL2,2026-01-01,2026-09-11T14:56:07Z
SM-A346B,EUX,A346BXXSEEZB6,2026-02-05,2026-09-11T14:56:07Z
SM-A346B,EUX,A346BXXSFEZC7,2026-04-05,2026-09-11T14:56:07Z
SM-A346B,EUX,A346BXXSGFZG4,2026-07-05,2026-09-11T14:56:07Z
SM-A346B,EUX,A346BXXU1AWC1,2023-02-01,2026-09-11T14:56:07Z
SM-A346B,EUX,A346BXXU2AWE2,2023-05-01,2026-09-11T14:56:07Z
SM-A346B,EUX,A346BXXU3AWF1,2023-06-01,2026-09-11T14:56:07Z
SM-A346B,EUX,A346BXXU4AWG7,2023-08-01,2026-09-11T14:56:07Z
SM-A346B,EUX,A346BXXU4BWK2,2023-11-01,2026-09-11T14:56:07Z
SM-A346B,EUX,A346BXXU6BXD2,2024-04-01,2026-09-11T14:56:07Z
SM-A346B,EUX,A346BXXU6CXD5,2024-04-01,2026-09-11T14:56:07Z
SM-A346B,EUX,A346BXXU7CXE1,2024-05-01,2026-09-11T14:56:07Z
SM-A346B,EUX,A346BXXU8CXG7,2024-07-01,2026-09-11T14:56:07Z
SM-A346B,EUX,A346BXXU9CXK1,2024-11-01,2026-09-11T14:56:07Z
SM-A346B,EUX,A346BXXU9DYE7,2025-04-01,2026-09-11T14:56:07Z
SM-A346B,EUX,A346BXXU9DYF4,2025-05-01,2026-09-11T14:56:07Z
SM-A346B,EUX,A346BXXUBEYI7,2025-09-01,2026-09-11T14:56:07Z
SM-A346B,EUX,A346BXXUFFZE6,2026-05-05,2026-09-11T14:56:07Z
SM-A356B,EUX,A356BXXS3AXG3,2024-07-01,2026-09-11T14:56:47Z
SM-A356B,EUX,A356BXXS3AXI3,2024-09-01,2026-09-11T14:56:47Z
SM-A356B,EUX,A356BXXS4AYB1,2025-02-01,2026-09-11T14:56:47Z
SM-A356B,EUX,A356BXXS4AYD1,2025-03-01,2026-09-11T14:56:47Z
SM-A356B,EUX,A356BXXS5BYF3,2025-07-01,2026-09-11T14:56:47Z
SM-A356B,EUX,A356BXXS6BYI1,2025-09-01,2026-09-11T14:56:47Z
SM-A356B,EUX,A356BXXS6CYJ1,2025-10-01,2026-09-11T14:56:47Z
SM-A356B,EUX,A356BXXS7CYK1,2025-12-01,2026-09-11T14:56:47Z
SM-A356B,EUX,A356BXXS8CZA4,2026-01-01,2026-09-11T14:56:47Z
SM-A356B,EUX,A356BXXS9CZB6,2026-02-05,2026-09-11T14:56:47Z
SM-A356B,EUX,A356BXXSACZD5,2026-04-05,2026-09-11T14:56:47Z
SM-A356B,EUX,A356BXXSBDZG2,2026-07-05,2026-09-11T14:56:47Z
SM-A356B,EUX,A356BXXSCDZH1,2026-08-05,2026-09-11T14:56:47Z
SM-A356B,EUX,A356BXXU1AXBB,2024-02-01,2026-09-11T14:56:47Z
SM-A356B,EUX,A356BXXU1AXD3,2024-04-01,2026-09-11T14:56:47Z
SM-A356B,EUX,A356BXXU2AXE1,2024-05-01,2026-09-11T14:56:47Z
SM-A356B,EUX,A356BXXU3AXG9,2024-07-01,2026-09-11T14:56:47Z
SM-A356B,EUX,A356BXXU4AXK4,2024-11-01,2026-09-11T14:56:47Z
SM-A356B,EUX,A356BXXU4BYDC,2025-04-01,2026-09-11T14:56:47Z
SM-A356B,EUX,A356BXXU6CYI8,2025-09-01,2026-09-11T14:56:47Z
SM-A356B,EUX,A356BXXUADZE8,2026-05-05,2026-09-11T14:56:47Z
SM-A366B,AFG,A366BXXS2AYC4,2025-04-01,2026-09-11T14:57:18Z
SM-A366B,EGY,A366BXXS2AYC4,2025-04-01,2026-09-11T14:57:09Z
SM-A366B,EUX,A366BXXS2AYC4,2025-04-01,2026-09-11T14:57:24Z
SM-A366B,ILO,A366BXXS2AYC4,2025-04-01,2026-09-11T14:57:03Z
SM-A366B,MID,A366BXXS2AYC4,2025-04-01,2026-09-11T14:57:06Z
SM-A366B,TUR,A366BXXS2AYC4,2025-04-01,2026-09-11T14:57:12Z
SM-A366B,XSA,A366BXXS2AYC4,2025-04-01,2026-09-11T14:57:34Z
SM-A366B,XSG,A366BXXS2AYC4,2025-04-01,2026-09-11T14:57:15Z
SM-A366B,EUX,A366BXXS4AYF9,2025-07-01,2026-09-11T14:57:24Z
SM-A366B,TUR,A366BXXS4AYF9,2025-07-01,2026-09-11T14:57:12Z
SM-A366B,XSA,A366BXXS4AYFA,2025-07-01,2026-09-11T14:57:34Z
SM-A366B,EUX,A366BXXS4AYH9,2025-08-01,2026-09-11T14:57:24Z
SM-A366B,TUR,A366BXXS4AYH9,2025-08-01,2026-09-11T14:57:12Z
SM-A366B,XSA,A366BXXS4AYHA,2025-08-01,2026-09-11T14:57:34Z
SM-A366B,AFG,A366BXXS4AYHB,2025-08-01,2026-09-11T14:57:18Z
SM-A366B,EGY,A366BXXS4AYHB,2025-08-01,2026-09-11T14:57:09Z
SM-A366B,ILO,A366BXXS4AYHB,2025-08-01,2026-09-11T14:57:03Z
SM-A366B,MID,A366BXXS4AYHB,2025-08-01,2026-09-11T14:57:06Z
SM-A366B,XSG,A366BXXS4AYHB,2025-08-01,2026-09-11T14:57:15Z
SM-A366B,AFG,A366BXXS5BYK3,2025-11-01,2026-09-11T14:57:18Z
SM-A366B,EGY,A366BXXS5BYK3,2025-11-01,2026-09-11T14:57:09Z
SM-A366B,EUX,A366BXXS5BYK3,2025-11-01,2026-09-11T14:57:24Z
SM-A366B,ILO,A366BXXS5BYK3,2025-11-01,2026-09-11T14:57:03Z
SM-A366B,MID,A366BXXS5BYK3,2025-11-01,2026-09-11T14:57:06Z
SM-A366B,TUR,A366BXXS5BYK3,2025-11-01,2026-09-11T14:57:12Z
SM-A366B,XSA,A366BXXS5BYK3,2025-11-01,2026-09-11T14:57:34Z
SM-A366B,XSG,A366BXXS5BYK3,2025-11-01,2026-09-11T14:57:15Z
SM-A366B,AFG,A366BXXS6BYL1,2025-12-01,2026-09-11T14:57:18Z
SM-A366B,EGY,A366BXXS6BYL1,2025-12-01,2026-09-11T14:57:09Z
SM-A366B,ILO,A366BXXS6BYL1,2025-12-01,2026-09-11T14:57:03Z
SM-A366B,MID,A366BXXS6BYL1,2025-12-01,2026-09-11T14:57:06Z
SM-A366B,XSG,A366BXXS6BYL1,2025-12-01,2026-09-11T14:57:15Z
SM-A366B,AFG,A366BXXS7BZA1,2026-01-01,2026-09-11T14:57:18Z
SM-A366B,EGY,A366BXXS7BZA1,2026-01-01,2026-09-11T14:57:09Z
SM-A366B,EUX,A366BXXS7BZA1,2026-01-01,2026-09-11T14:57:24Z
SM-A366B,ILO,A366BXXS7BZA1,2026-01-01,2026-09-11T14:57:03Z
SM-A366B,MID,A366BXXS7BZA1,2026-01-01,2026-09-11T14:57:06Z
SM-A366B,TUR,A366BXXS7BZA1,2026-01-01,2026-09-11T14:57:12Z
SM-A366B,XSA,A366BXXS7BZA1,2026-01-01,2026-09-11T14:57:34Z
SM-A366B,XSG,A366BXXS7BZA1,2026-01-01,2026-09-11T14:57:15Z
SM-A366B,AFG,A366BXXS8BZB6,2026-02-05,2026-09-11T14:57:18Z
SM-A366B,EGY,A366BXXS8BZB6,2026-02-05,2026-09-11T14:57:09Z
SM-A366B,EUX,A366BXXS8BZB6,2026-02-05,2026-09-11T14:57:24Z
SM-A366B,ILO,A366BXXS8BZB6,2026-02-05,2026-09-11T14:57:03Z
SM-A366B,MID,A366BXXS8BZB6,2026-02-05,2026-09-11T14:57:06Z
SM-A366B,TUR,A366BXXS8BZB6,2026-02-05,2026-09-11T14:57:12Z
SM-A366B,XSA,A366BXXS8BZB6,2026-02-05,2026-09-11T14:57:34Z
SM-A366B,XSG,A366BXXS8BZB6,2026-02-05,2026-09-11T14:57:15Z
SM-A366B,AFG,A366BXXS8BZC2,2026-03-05,2026-09-11T14:57:18Z
SM-A366B,EGY,A366BXXS8BZC2,2026-03-05,2026-09-11T14:57:09Z
SM-A366B,EUX,A366BXXS8BZC2,2026-03-05,2026-09-11T14:57:24Z
SM-A366B,ILO,A366BXXS8BZC2,2026-03-05,2026-09-11T14:57:03Z
SM-A366B,MID,A366BXXS8BZC2,2026-03-05,2026-09-11T14:57:06Z
SM-A366B,TUR,A366BXXS8BZC2,2026-03-05,2026-09-11T14:57:12Z
SM-A366B,XSA,A366BXXS8BZC2,2026-03-05,2026-09-11T14:57:34Z
SM-A366B,XSG,A366BXXS8BZC2,2026-03-05,2026-09-11T14:57:15Z
SM-A366B,AFG,A366BXXS9BZDA,2026-04-05,2026-09-11T14:57:18Z
SM-A366B,EGY,A366BXXS9BZDA,2026-04-05,2026-09-11T14:57:09Z
SM-A366B,EUX,A366BXXS9BZDA,2026-04-05,2026-09-11T14:57:24Z
SM-A366B,ILO,A366BXXS9BZDA,2026-04-05,2026-09-11T14:57:03Z
SM-A366B,MID,A366BXXS9BZDA,2026-04-05,2026-09-11T14:57:06Z
SM-A366B,TUR,A366BXXS9BZDA,2026-04-05,2026-09-11T14:57:12Z
SM-A366B,XSA,A366BXXS9BZDA,2026-04-05,2026-09-11T14:57:34Z
SM-A366B,XSG,A366BXXS9BZDA,2026-04-05,2026-09-11T14:57:15Z
SM-A366B,AFG,A366BXXSACZE3,2026-05-05,2026-09-11T14:57:18Z
SM-A366B,EGY,A366BXXSACZE3,2026-05-05,2026-09-11T14:57:09Z
SM-A366B,EUX,A366BXXSACZE3,2026-05-05,2026-09-11T14:57:24Z
SM-A366B,ILO,A366BXXSACZE3,2026-05-05,2026-09-11T14:57:03Z
SM-A366B,MID,A366BXXSACZE3,2026-05-05,2026-09-11T14:57:06Z
SM-A366B,TUR,A366BXXSACZE3,2026-05-05,2026-09-11T14:57:12Z
SM-A366B,XSA,A366BXXSACZE3,2026-05-05,2026-09-11T14:57:34Z
SM-A366B,XSG,A366BXXSACZE3,2026-05-05,2026-09-11T14:57:15Z
SM-A366B,AFG,A366BXXSACZF1,2026-06-05,2026-09-11T14:57:18Z
SM-A366B,EGY,A366BXXSACZF1,2026-06-05,2026-09-11T14:57:09Z
SM-A366B,EUX,A366BXXSACZF1,2026-06-05,2026-09-11T14:57:24Z
SM-A366B,ILO,A366BXXSACZF1,2026-06-05,2026-09-11T14:57:03Z
SM-A366B,MID,A366BXXSACZF1,2026-06-05,2026-09-11T14:57:06Z
SM-A366B,TUR,A366BXXSACZF1,2026-06-05,2026-09-11T14:57:12Z
SM-A366B,XSA,A366BXXSACZF1,2026-06-05,2026-09-11T14:57:34Z
SM-A366B,XSG,A366BXXSACZF1,2026-06-05,2026-09-11T14:57:15Z
SM-A366B,AFG,A366BXXSBCZG1,2026-07-05,2026-09-11T14:57:18Z
SM-A366B,EGY,A366BXXSBCZG1,2026-07-05,2026-09-11T14:57:09Z
SM-A366B,EUX,A366BXXSBCZG1,2026-07-05,2026-09-11T14:57:24Z
SM-A366B,ILO,A366BXXSBCZG1,2026-07-05,2026-09-11T14:57:03Z
SM-A366B,MID,A366BXXSBCZG1,2026-07-05,2026-09-11T14:57:06Z
SM-A366B,TUR,A366BXXSBCZG1,2026-07-05,2026-09-11T14:57:12Z
SM-A366B,XSA,A366BXXSBCZG1,2026-07-05,2026-09-11T14:57:34Z
SM-A366B,XSG,A366BXXSBCZG1,2026-07-05,2026-09-11T14:57:15Z
SM-A366B,AFG,A366BXXSCCZH1,2026-08-05,2026-09-11T14:57:18Z
SM-A366B,EGY,A366BXXSCCZH1,2026-08-05,2026-09-11T14:57:09Z
SM-A366B,EUX,A366BXXSCCZH1,2026-08-05,2026-09-11T14:57:24Z
SM-A366B,ILO,A366BXXSCCZH1,2026-08-05,2026-09-11T14:57:03Z
SM-A366B,MID,A366BXXSCCZH1,2026-08-05,2026-09-11T14:57:06Z
SM-A366B,TUR,A366BXXSCCZH1,2026-08-05,2026-09-11T14:57:12Z
SM-A366B,XSA,A366BXXSCCZH1,2026-08-05,2026-09-11T14:57:34Z
SM-A366B,XSG,A366BXXSCCZH1,2026-08-05,2026-09-11T14:57:15Z
SM-A366B,AFG,A366BXXU2AYD8,2025-04-01,2026-09-11T14:57:18Z
SM-A366B,EGY,A366BXXU2AYD8,2025-04-01,2026-09-11T14:57:09Z
SM-A366B,EUX,A366BXXU2AYD8,2025-04-01,2026-09-11T14:57:24Z
SM-A366B,ILO,A366BXXU2AYD8,2025-04-01,2026-09-11T14:57:03Z
SM-A366B,MID,A366BXXU2AYD8,2025-04-01,2026-09-11T14:57:06Z
SM-A366B,TUR,A366BXXU2AYD8,2025-04-01,2026-09-11T14:57:12Z
SM-A366B,XSA,A366BXXU2AYD8,2025-04-01,2026-09-11T14:57:34Z
SM-A366B,XSG,A366BXXU2AYD8,2025-04-01,2026-09-11T14:57:15Z
SM-A366B,EUX,A366BXXU2AYE3,2025-04-01,2026-09-11T14:57:24Z
SM-A366B,TUR,A366BXXU2AYE3,2025-04-01,2026-09-11T14:57:12Z
SM-A366B,AFG,A366BXXU4AYFD,2025-07-01,2026-09-11T14:57:18Z
SM-A366B,EGY,A366BXXU4AYFD,2025-07-01,2026-09-11T14:57:09Z
SM-A366B,ILO,A366BXXU4AYFD,2025-07-01,2026-09-11T14:57:03Z
SM-A366B,MID,A366BXXU4AYFD,2025-07-01,2026-09-11T14:57:06Z
SM-A366B,XSG,A366BXXU4AYFD,2025-07-01,2026-09-11T14:57:15Z
SM-A366B,AFG,A366BXXU4BYI7,2025-09-01,2026-09-11T14:57:18Z
SM-A366B,EGY,A366BXXU4BYI7,2025-09-01,2026-09-11T14:57:09Z
SM-A366B,EUX,A366BXXU4BYI7,2025-09-01,2026-09-11T14:57:24Z
SM-A366B,ILO,A366BXXU4BYI7,2025-09-01,2026-09-11T14:57:03Z
SM-A366B,MID,A366BXXU4BYI7,2025-09-01,2026-09-11T14:57:06Z
SM-A366B,TUR,A366BXXU4BYI7,2025-09-01,2026-09-11T14:57:12Z
SM-A366B,XSA,A366BXXU4BYI7,2025-09-01,2026-09-11T14:57:34Z
SM-A366B,XSG,A366BXXU4BYI7,2025-09-01,2026-09-11T14:57:15Z
SM-A366B,AFG,A366BXXU5BYK5,2025-11-01,2026-09-11T14:57:18Z
SM-A366B,EGY,A366BXXU5BYK5,2025-11-01,2026-09-11T14:57:09Z
SM-A366B,EUX,A366BXXU5BYK5,2025-11-01,2026-09-11T14:57:24Z
SM-A366B,ILO,A366BXXU5BYK5,2025-11-01,2026-09-11T14:57:03Z
SM-A366B,MID,A366BXXU5BYK5,2025-11-01,2026-09-11T14:57:06Z
SM-A366B,TUR,A366BXXU5BYK5,2025-11-01,2026-09-11T14:57:12Z
SM-A366B,XSA,A366BXXU5BYK5,2025-11-01,2026-09-11T14:57:34Z
SM-A366B,XSG,A366BXXU5BYK5,2025-11-01,2026-09-11T14:57:15Z
SM-A366B,AFG,A366BXXU9CZDD,2026-04-05,2026-09-11T14:57:18Z
SM-A366B,EGY,A366BXXU9CZDD,2026-04-05,2026-09-11T14:57:09Z
SM-A366B,EUX,A366BXXU9CZDD,2026-04-05,2026-09-11T14:57:24Z
SM-A366B,ILO,A366BXXU9CZDD,2026-04-05,2026-09-11T14:57:03Z
SM-A366B,MID,A366BXXU9CZDD,2026-04-05,2026-09-11T14:57:06Z
SM-A366B,TUR,A366BXXU9CZDD,2026-04-05,2026-09-11T14:57:12Z
SM-A366B,XSA,A366BXXU9CZDD,2026-04-05,2026-09-11T14:57:34Z
SM-A366B,XSG,A366BXXU9CZDD,2026-04-05,2026-09-11T14:57:15Z
SM-A376B,AFG,A376BXXS2AZC2,2026-04-05,2026-09-11T14:57:55Z
SM-A376B,EGY,A376BXXS2AZC2,2026-04-05,2026-09-11T14:57:46Z
SM-A376B,EUX,A376BXXS2AZC2,2026-04-05,2026-09-11T14:58:01Z
SM-A376B,ILO,A376BXXS2AZC2,2026-04-05,2026-09-11T14:57:40Z
SM-A376B,MID,A376BXXS2AZC2,2026-04-05,2026-09-11T14:57:43Z
SM-A376B,TUR,A376BXXS2AZC2,2026-04-05,2026-09-11T14:57:49Z
SM-A376B,XSA,A376BXXS2AZC2,2026-04-05,2026-09-11T14:58:10Z
SM-A376B,XSG,A376BXXS2AZC2,2026-04-05,2026-09-11T14:57:52Z
SM-A376B,AFG,A376BXXS2AZE2,2026-05-05,2026-09-11T14:57:55Z
SM-A376B,EGY,A376BXXS2AZE2,2026-05-05,2026-09-11T14:57:46Z
SM-A376B,EUX,A376BXXS2AZE2,2026-05-05,2026-09-11T14:58:01Z
SM-A376B,ILO,A376BXXS2AZE2,2026-05-05,2026-09-11T14:57:40Z
SM-A376B,MID,A376BXXS2AZE2,2026-05-05,2026-09-11T14:57:43Z
SM-A376B,TUR,A376BXXS2AZE2,2026-05-05,2026-09-11T14:57:49Z
SM-A376B,XSA,A376BXXS2AZE2,2026-05-05,2026-09-11T14:58:10Z
SM-A376B,XSG,A376BXXS2AZE2,2026-05-05,2026-09-11T14:57:52Z
SM-A376B,AFG,A376BXXS3AZF5,2026-06-05,2026-09-11T14:57:55Z
SM-A376B,EGY,A376BXXS3AZF5,2026-06-05,2026-09-11T14:57:46Z
SM-A376B,EUX,A376BXXS3AZF5,2026-06-05,2026-09-11T14:58:01Z
SM-A376B,ILO,A376BXXS3AZF5,2026-06-05,2026-09-11T14:57:40Z
SM-A376B,MID,A376BXXS3AZF5,2026-06-05,2026-09-11T14:57:43Z
SM-A376B,TUR,A376BXXS3AZF5,2026-06-05,2026-09-11T14:57:49Z
SM-A376B,XSA,A376BXXS3AZF5,2026-06-05,2026-09-11T14:58:10Z
SM-A376B,XSG,A376BXXS3AZF5,2026-06-05,2026-09-11T14:57:52Z
SM-A376B,AFG,A376BXXS4AZG4,2026-07-05,2026-09-11T14:57:55Z
SM-A376B,EGY,A376BXXS4AZG4,2026-07-05,2026-09-11T14:57:46Z
SM-A376B,EUX,A376BXXS4AZG4,2026-07-05,2026-09-11T14:58:01Z
SM-A376B,ILO,A376BXXS4AZG4,2026-07-05,2026-09-11T14:57:40Z
SM-A376B,MID,A376BXXS4AZG4,2026-07-05,2026-09-11T14:57:43Z
SM-A376B,TUR,A376BXXS4AZG4,2026-07-05,2026-09-11T14:57:49Z
SM-A376B,XSA,A376BXXS4AZG4,2026-07-05,2026-09-11T14:58:10Z
SM-A376B,XSG,A376BXXS4AZG4,2026-07-05,2026-09-11T14:57:52Z
SM-A376B,AFG,A376BXXS5AZH4,2026-08-05,2026-09-11T14:57:55Z
SM-A376B,EGY,A376BXXS5AZH4,2026-08-05,2026-09-11T14:57:46Z
SM-A376B,EUX,A376BXXS5AZH4,2026-08-05,2026-09-11T14:58:01Z
SM-A376B,ILO,A376BXXS5AZH4,2026-08-05,2026-09-11T14:57:40Z
SM-A376B,MID,A376BXXS5AZH4,2026-08-05,2026-09-11T14:57:43Z
SM-A376B,TUR,A376BXXS5AZH4,2026-08-05,2026-09-11T14:57:49Z
SM-A376B,XSA,A376BXXS5AZH4,2026-08-05,2026-09-11T14:58:10Z
SM-A376B,XSG,A376BXXS5AZH4,2026-08-05,2026-09-11T14:57:52Z
SM-A376B,AFG,A376BXXU2AZD5,2026-04-05,2026-09-11T14:57:55Z
SM-A376B,EGY,A376BXXU2AZD5,2026-04-05,2026-09-11T14:57:46Z
SM-A376B,EUX,A376BXXU2AZD5,2026-04-05,2026-09-11T14:58:01Z
SM-A376B,ILO,A376BXXU2AZD5,2026-04-05,2026-09-11T14:57:40Z
SM-A376B,MID,A376BXXU2AZD5,2026-04-05,2026-09-11T14:57:43Z
SM-A376B,TUR,A376BXXU2AZD5,2026-04-05,2026-09-11T14:57:49Z
SM-A376B,XSA,A376BXXU2AZD5,2026-04-05,2026-09-11T14:58:10Z
SM-A376B,XSG,A376BXXU2AZD5,2026-04-05,2026-09-11T14:57:52Z
SM-A505F,INS,A505FDDS2ASI3,2019-10-01,2026-09-11T14:58:35Z
SM-A505F,AFG,A505FDDS2ASI5,2019-10-01,2026-09-11T14:58:33Z
SM-A505F,EGY,A505FDDS2ASI5,2019-10-01,2026-09-11T14:58:23Z
SM-A505F,MID,A505FDDS2ASI5,2019-10-01,2026-09-11T14:58:20Z
SM-A505F,TUR,A505FDDS2ASI5,2019-10-01,2026-09-11T14:58:26Z
SM-A505F,XSG,A505FDDS2ASI5,2019-10-01,2026-09-11T14:58:29Z
SM-A505F,INS,A505FDDS3ASK5,2019-11-01,2026-09-11T14:58:35Z
SM-A505F,AFG,A505FDDS3ASK6,2019-11-01,2026-09-11T14:58:33Z
SM-A505F,EGY,A505FDDS3ASK6,2019-11-01,2026-09-11T14:58:23Z
SM-A505F,MID,A505FDDS3ASK6,2019-11-01,2026-09-11T14:58:20Z
SM-A505F,TUR,A505FDDS3ASK6,2019-11-01,2026-09-11T14:58:26Z
SM-A505F,XSG,A505FDDS3ASK6,2019-11-01,2026-09-11T14:58:29Z
SM-A505F,AFG,A505FDDS4ATA1,2020-01-01,2026-09-11T14:58:33Z
SM-A505F,EGY,A505FDDS4ATA1,2020-01-01,2026-09-11T14:58:23Z
SM-A505F,MID,A505FDDS4ATA1,2020-01-01,2026-09-11T14:58:20Z
SM-A505F,TUR,A505FDDS4ATA1,2020-01-01,2026-09-11T14:58:26Z
SM-A505F,XSG,A505FDDS4ATA1,2020-01-01,2026-09-11T14:58:29Z
SM-A505F,INS,A505FDDS4ATA3,2020-01-01,2026-09-11T14:58:35Z
SM-A505F,AFG,A505FDDS4ATB6,2020-02-01,2026-09-11T14:58:33Z
SM-A505F,EGY,A505FDDS4ATB6,2020-02-01,2026-09-11T14:58:23Z
SM-A505F,INS,A505FDDS4ATB6,2020-02-01,2026-09-11T14:58:35Z
SM-A505F,MID,A505FDDS4ATB6,2020-02-01,2026-09-11T14:58:20Z
SM-A505F,TUR,A505FDDS4ATB6,2020-02-01,2026-09-11T14:58:26Z
SM-A505F,XSG,A505FDDS4ATB6,2020-02-01,2026-09-11T14:58:29Z
SM-A505F,AFG,A505FDDS4ATC1,2020-03-01,2026-09-11T14:58:33Z
SM-A505F,EGY,A505FDDS4ATC1,2020-03-01,2026-09-11T14:58:23Z
SM-A505F,MID,A505FDDS4ATC1,2020-03-01,2026-09-11T14:58:20Z
SM-A505F,TUR,A505FDDS4ATC1,2020-03-01,2026-09-11T14:58:26Z
SM-A505F,XSG,A505FDDS4ATC1,2020-03-01,2026-09-11T14:58:29Z
SM-A505F,AFG,A505FDDS4BTD2,2020-04-01,2026-09-11T14:58:33Z
SM-A505F,EGY,A505FDDS4BTD2,2020-04-01,2026-09-11T14:58:23Z
SM-A505F,MID,A505FDDS4BTD2,2020-04-01,2026-09-11T14:58:20Z
SM-A505F,TUR,A505FDDS4BTD2,2020-04-01,2026-09-11T14:58:26Z
SM-A505F,XSG,A505FDDS4BTD2,2020-04-01,2026-09-11T14:58:29Z
SM-A505F,AFG,A505FDDS5BTF1,2020-06-01,2026-09-11T14:58:33Z
SM-A505F,EGY,A505FDDS5BTF1,2020-06-01,2026-09-11T14:58:23Z
SM-A505F,MID,A505FDDS5BTF1,2020-06-01,2026-09-11T14:58:20Z
SM-A505F,TUR,A505FDDS5BTF1,2020-06-01,2026-09-11T14:58:26Z
SM-A505F,XSG,A505FDDS5BTF1,2020-06-01,2026-09-11T14:58:29Z
SM-A505F,INS,A505FDDS5BTF2,2020-06-01,2026-09-11T14:58:35Z
SM-A505F,AFG,A505FDDS5BTG3,2020-07-01,2026-09-11T14:58:33Z
SM-A505F,EGY,A505FDDS5BTG3,2020-07-01,2026-09-11T14:58:23Z
SM-A505F,MID,A505FDDS5BTG3,2020-07-01,2026-09-11T14:58:20Z
SM-A505F,TUR,A505FDDS5BTG3,2020-07-01,2026-09-11T14:58:26Z
SM-A505F,XSG,A505FDDS5BTG3,2020-07-01,2026-09-11T14:58:29Z
SM-A505F,INS,A505FDDS5BTG5,2020-07-01,2026-09-11T14:58:35Z
SM-A505F,AFG,A505FDDS5BTH5,2020-08-01,2026-09-11T14:58:33Z
SM-A505F,EGY,A505FDDS5BTH5,2020-08-01,2026-09-11T14:58:23Z
SM-A505F,MID,A505FDDS5BTH5,2020-08-01,2026-09-11T14:58:20Z
SM-A505F,TUR,A505FDDS5BTH5,2020-08-01,2026-09-11T14:58:26Z
SM-A505F,XSG,A505FDDS5BTH5,2020-08-01,2026-09-11T14:58:29Z
SM-A505F,AFG,A505FDDS5BTI5,2020-09-01,2026-09-11T14:58:33Z
SM-A505F,EGY,A505FDDS5BTI5,2020-09-01,2026-09-11T14:58:23Z
SM-A505F,MID,A505FDDS5BTI5,2020-09-01,2026-09-11T14:58:20Z
SM-A505F,TUR,A505FDDS5BTI5,2020-09-01,2026-09-11T14:58:26Z
SM-A505F,XSG,A505FDDS5BTI5,2020-09-01,2026-09-11T14:58:29Z
SM-A505F,INS,A505FDDS5BTJ8,2020-10-01,2026-09-11T14:58:35Z
SM-A505F,AFG,A505FDDS5BTJC,2020-11-01,2026-09-11T14:58:33Z
SM-A505F,EGY,A505FDDS5BTJC,2020-11-01,2026-09-11T14:58:23Z
SM-A505F,MID,A505FDDS5BTJC,2020-11-01,2026-09-11T14:58:20Z
SM-A505F,TUR,A505FDDS5BTJC,2020-11-01,2026-09-11T14:58:26Z
SM-A505F,XSG,A505FDDS5BTJC,2020-11-01,2026-09-11T14:58:29Z
SM-A505F,INS,A505FDDS5BTK3,2020-11-01,2026-09-11T14:58:35Z
SM-A505F,AFG,A505FDDS6BUA8,2021-01-01,2026-09-11T14:58:33Z
SM-A505F,EGY,A505FDDS6BUA8,2021-01-01,2026-09-11T14:58:23Z
SM-A505F,INS,A505FDDS6BUA8,2021-01-01,2026-09-11T14:58:35Z
SM-A505F,MID,A505FDDS6BUA8,2021-01-01,2026-09-11T14:58:20Z
SM-A505F,TUR,A505FDDS6BUA8,2021-01-01,2026-09-11T14:58:26Z
SM-A505F,XSG,A505FDDS6BUA8,2021-01-01,2026-09-11T14:58:29Z
SM-A505F,AFG,A505FDDS7BUB5,2021-02-01,2026-09-11T14:58:33Z
SM-A505F,EGY,A505FDDS7BUB5,2021-02-01,2026-09-11T14:58:23Z
SM-A505F,ILO,A505FDDS7BUB5,2021-02-01,2026-09-11T14:58:17Z
SM-A505F,INS,A505FDDS7BUB5,2021-02-01,2026-09-11T14:58:35Z
SM-A505F,MID,A505FDDS7BUB5,2021-02-01,2026-09-11T14:58:20Z
SM-A505F,TUR,A505FDDS7BUB5,2021-02-01,2026-09-11T14:58:26Z
SM-A505F,XSG,A505FDDS7BUB5,2021-02-01,2026-09-11T14:58:29Z
SM-A505F,INS,A505FDDS9CUF1,2021-07-01,2026-09-11T14:58:35Z
SM-A505F,AFG,A505FDDS9CUF2,2021-07-01,2026-09-11T14:58:33Z
SM-A505F,EGY,A505FDDS9CUF2,2021-07-01,2026-09-11T14:58:23Z
SM-A505F,ILO,A505FDDS9CUF2,2021-07-01,2026-09-11T14:58:17Z
SM-A505F,MID,A505FDDS9CUF2,2021-07-01,2026-09-11T14:58:20Z
SM-A505F,TUR,A505FDDS9CUF2,2021-07-01,2026-09-11T14:58:26Z
SM-A505F,XSG,A505FDDS9CUF2,2021-07-01,2026-09-11T14:58:29Z
SM-A505F,INS,A505FDDS9CUH3,2021-08-01,2026-09-11T14:58:35Z
SM-A505F,INS,A505FDDS9CUI4,2021-09-01,2026-09-11T14:58:35Z
SM-A505F,AFG,A505FDDS9CUI5,2021-09-01,2026-09-11T14:58:33Z
SM-A505F,EGY,A505FDDS9CUI5,2021-09-01,2026-09-11T14:58:23Z
SM-A505F,ILO,A505FDDS9CUI5,2021-09-01,2026-09-11T14:58:17Z
SM-A505F,MID,A505FDDS9CUI5,2021-09-01,2026-09-11T14:58:20Z
SM-A505F,TUR,A505FDDS9CUI5,2021-09-01,2026-09-11T14:58:26Z
SM-A505F,XSG,A505FDDS9CUI5,2021-09-01,2026-09-11T14:58:29Z
SM-A505F,INS,A505FDDS9CUJ1,2021-10-01,2026-09-11T14:58:35Z
SM-A505F,AFG,A505FDDS9CUJ2,2021-10-01,2026-09-11T14:58:33Z
SM-A505F,EGY,A505FDDS9CUJ2,2021-10-01,2026-09-11T14:58:23Z
SM-A505F,MID,A505FDDS9CUJ2,2021-10-01,2026-09-11T14:58:20Z
SM-A505F,TUR,A505FDDS9CUJ2,2021-10-01,2026-09-11T14:58:26Z
SM-A505F,XSG,A505FDDS9CUJ2,2021-10-01,2026-09-11T14:58:29Z
SM-A505F,INS,A505FDDS9CUK1,2021-11-01,2026-09-11T14:58:35Z
SM-A505F,AFG,A505FDDS9CUK2,2021-11-01,2026-09-11T14:58:33Z
SM-A505F,EGY,A505FDDS9CUK2,2021-11-01,2026-09-11T14:58:23Z
SM-A505F,ILO,A505FDDS9CUK2,2021-11-01,2026-09-11T14:58:17Z
SM-A505F,MID,A505FDDS9CUK2,2021-11-01,2026-09-11T14:58:20Z
SM-A505F,TUR,A505FDDS9CUK2,2021-11-01,2026-09-11T14:58:26Z
SM-A505F,XSG,A505FDDS9CUK2,2021-11-01,2026-09-11T14:58:29Z
SM-A505F,INS,A505FDDS9CUL1,2021-12-01,2026-09-11T14:58:35Z
SM-A505F,AFG,A505FDDS9CUL2,2021-12-01,2026-09-11T14:58:33Z
SM-A505F,EGY,A505FDDS9CUL2,2021-12-01,2026-09-11T14:58:23Z
SM-A505F,ILO,A505FDDS9CUL2,2021-12-01,2026-09-11T14:58:17Z
SM-A505F,MID,A505FDDS9CUL2,2021-12-01,2026-09-11T14:58:20Z
SM-A505F,TUR,A505FDDS9CUL2,2021-12-01,2026-09-11T14:58:26Z
SM-A505F,XSG,A505FDDS9CUL2,2021-12-01,2026-09-11T14:58:29Z
SM-A505F,INS,A505FDDS9CVA3,2022-01-01,2026-09-11T14:58:35Z
SM-A505F,AFG,A505FDDS9CVA4,2022-01-01,2026-09-11T14:58:33Z
SM-A505F,EGY,A505FDDS9CVA4,2022-01-01,2026-09-11T14:58:23Z
SM-A505F,ILO,A505FDDS9CVA4,2022-01-01,2026-09-11T14:58:17Z
SM-A505F,MID,A505FDDS9CVA4,2022-01-01,2026-09-11T14:58:20Z
SM-A505F,TUR,A505FDDS9CVA4,2022-01-01,2026-09-11T14:58:26Z
SM-A505F,XSG,A505FDDS9CVA4,2022-01-01,2026-09-11T14:58:29Z
SM-A505F,INS,A505FDDS9CVC1,2022-03-01,2026-09-11T14:58:35Z
SM-A505F,INS,A505FDDS9CVF3,2022-06-01,2026-09-11T14:58:35Z
SM-A505F,AFG,A505FDDS9CVJ1,2022-10-01,2026-09-11T14:58:33Z
SM-A505F,EGY,A505FDDS9CVJ1,2022-10-01,2026-09-11T14:58:23Z
SM-A505F,ILO,A505FDDS9CVJ1,2022-10-01,2026-09-11T14:58:17Z
SM-A505F,INS,A505FDDS9CVJ1,2022-10-01,2026-09-11T14:58:35Z
SM-A505F,MID,A505FDDS9CVJ1,2022-10-01,2026-09-11T14:58:20Z
SM-A505F,TUR,A505FDDS9CVJ1,2022-10-01,2026-09-11T14:58:26Z
SM-A505F,XSG,A505FDDS9CVJ1,2022-10-01,2026-09-11T14:58:29Z
SM-A505F,AFG,A505FDDS9CWA1,2023-01-01,2026-09-11T14:58:33Z
SM-A505F,EGY,A505FDDS9CWA1,2023-01-01,2026-09-11T14:58:23Z
SM-A505F,ILO,A505FDDS9CWA1,2023-01-01,2026-09-11T14:58:17Z
SM-A505F,MID,A505FDDS9CWA1,2023-01-01,2026-09-11T14:58:20Z
SM-A505F,TUR,A505FDDS9CWA1,2023-01-01,2026-09-11T14:58:26Z
SM-A505F,XSG,A505FDDS9CWA1,2023-01-01,2026-09-11T14:58:29Z
SM-A505F,INS,A505FDDS9CWA2,2023-01-01,2026-09-11T14:58:35Z
SM-A505F,INS,A505FDDU1ASBD,2019-02-01,2026-09-11T14:58:35Z
SM-A505F,INS,A505FDDU1ASC1,2019-03-01,2026-09-11T14:58:35Z
SM-A505F,INS,A505FDDU1ASC6,2019-03-01,2026-09-11T14:58:35Z
SM-A505F,AFG,A505FDDU1ASC7,2019-03-01,2026-09-11T14:58:33Z
SM-A505F,EGY,A505FDDU1ASC7,2019-03-01,2026-09-11T14:58:23Z
SM-A505F,ILO,A505FDDU1ASC7,2019-03-01,2026-09-11T14:58:17Z
SM-A505F,INS,A505FDDU1ASC7,2019-03-01,2026-09-11T14:58:35Z
SM-A505F,MID,A505FDDU1ASC7,2019-03-01,2026-09-11T14:58:20Z
SM-A505F,XSG,A505FDDU1ASC7,2019-03-01,2026-09-11T14:58:29Z
SM-A505F,TUR,A505FDDU1ASD2,2019-03-01,2026-09-11T14:58:26Z
SM-A505F,AFG,A505FDDU1ASD6,2019-04-01,2026-09-11T14:58:33Z
SM-A505F,EGY,A505FDDU1ASD6,2019-04-01,2026-09-11T14:58:23Z
SM-A505F,ILO,A505FDDU1ASD6,2019-04-01,2026-09-11T14:58:17Z
SM-A505F,INS,A505FDDU1ASD6,2019-04-01,2026-09-11T14:58:35Z
SM-A505F,MID,A505FDDU1ASD6,2019-04-01,2026-09-11T14:58:20Z
SM-A505F,TUR,A505FDDU1ASD6,2019-04-01,2026-09-11T14:58:26Z
SM-A505F,XSG,A505FDDU1ASE1,2019-04-01,2026-09-11T14:58:29Z
SM-A505F,INS,A505FDDU1ASE2,2019-05-01,2026-09-11T14:58:35Z
SM-A505F,AFG,A505FDDU1ASE3,2019-05-01,2026-09-11T14:58:33Z
SM-A505F,MID,A505FDDU1ASE3,2019-05-01,2026-09-11T14:58:20Z
SM-A505F,TUR,A505FDDU1ASE3,2019-05-01,2026-09-11T14:58:26Z
SM-A505F,XSG,A505FDDU1ASE3,2019-05-01,2026-09-11T14:58:29Z
SM-A505F,EGY,A505FDDU1ASE4,2019-05-01,2026-09-11T14:58:23Z
SM-A505F,ILO,A505FDDU1ASE4,2019-05-01,2026-09-11T14:58:17Z
SM-A505F,INS,A505FDDU2ASF2,2019-06-01,2026-09-11T14:58:35Z
SM-A505F,AFG,A505FDDU2ASG4,2019-07-01,2026-09-11T14:58:33Z
SM-A505F,ILO,A505FDDU2ASG4,2019-07-01,2026-09-11T14:58:17Z
SM-A505F,INS,A505FDDU2ASG4,2019-07-01,2026-09-11T14:58:35Z
SM-A505F,MID,A505FDDU2ASG4,2019-07-01,2026-09-11T14:58:20Z
SM-A505F,TUR,A505FDDU2ASG4,2019-07-01,2026-09-11T14:58:26Z
SM-A505F,XSG,A505FDDU2ASG5,2019-07-01,2026-09-11T14:58:29Z
SM-A505F,EGY,A505FDDU2ASH2,2019-07-01,2026-09-11T14:58:23Z
SM-A505F,INS,A505FDDU2ASH3,2019-08-01,2026-09-11T14:58:35Z
SM-A505F,AFG,A505FDDU2ASH4,2019-08-01,2026-09-11T14:58:33Z
SM-A505F,EGY,A505FDDU2ASH4,2019-08-01,2026-09-11T14:58:23Z
SM-A505F,ILO,A505FDDU2ASH4,2019-08-01,2026-09-11T14:58:17Z
SM-A505F,MID,A505FDDU2ASH4,2019-08-01,2026-09-11T14:58:20Z
SM-A505F,TUR,A505FDDU2ASH4,2019-08-01,2026-09-11T14:58:26Z
SM-A505F,XSG,A505FDDU2ASH4,2019-08-01,2026-09-11T14:58:29Z
SM-A505F,ILO,A505FDDU3ASKA,2019-12-01,2026-09-11T14:58:17Z
SM-A505F,MID,A505FDDU3ASKA,2019-12-01,2026-09-11T14:58:20Z
SM-A505F,AFG,A505FDDU3ASL5,2019-12-01,2026-09-11T14:58:33Z
SM-A505F,EGY,A505FDDU3ASL5,2019-12-01,2026-09-11T14:58:23Z
SM-A505F,ILO,A505FDDU3ASL5,2019-12-01,2026-09-11T14:58:17Z
SM-A505F,INS,A505FDDU3ASL5,2019-12-01,2026-09-11T14:58:35Z
SM-A505F,MID,A505FDDU3ASL5,2019-12-01,2026-09-11T14:58:20Z
SM-A505F,TUR,A505FDDU3ASL5,2019-12-01,2026-09-11T14:58:26Z
SM-A505F,XSG,A505FDDU3ASL5,2019-12-01,2026-09-11T14:58:29Z
SM-A505F,ILO,A505FDDU4ATB8,2020-03-01,2026-09-11T14:58:17Z
SM-A505F,INS,A505FDDU4BTC8,2020-03-01,2026-09-11T14:58:35Z
SM-A505F,AFG,A505FDDU4BTC9,2020-03-01,2026-09-11T14:58:33Z
SM-A505F,EGY,A505FDDU4BTC9,2020-03-01,2026-09-11T14:58:23Z
SM-A505F,MID,A505FDDU4BTC9,2020-03-01,2026-09-11T14:58:20Z
SM-A505F,TUR,A505FDDU4BTC9,2020-03-01,2026-09-11T14:58:26Z
SM-A505F,XSG,A505FDDU4BTC9,2020-03-01,2026-09-11T14:58:29Z
SM-A505F,ILO,A505FDDU4BTD1,2020-03-01,2026-09-11T14:58:17Z
SM-A505F,AFG,A505FDDU5BTE1,2020-05-01,2026-09-11T14:58:33Z
SM-A505F,EGY,A505FDDU5BTE1,2020-05-01,2026-09-11T14:58:23Z
SM-A505F,ILO,A505FDDU5BTE1,2020-05-01,2026-09-11T14:58:17Z
SM-A505F,MID,A505FDDU5BTE1,2020-05-01,2026-09-11T14:58:20Z
SM-A505F,TUR,A505FDDU5BTE1,2020-05-01,2026-09-11T14:58:26Z
SM-A505F,XSG,A505FDDU5BTE1,2020-05-01,2026-09-11T14:58:29Z
SM-A505F,INS,A505FDDU5BTF1,2020-05-01,2026-09-11T14:58:35Z
SM-A505F,AFG,A505FDDU5BTH8,2020-08-01,2026-09-11T14:58:33Z
SM-A505F,EGY,A505FDDU5BTH8,2020-08-01,2026-09-11T14:58:23Z
SM-A505F,ILO,A505FDDU5BTH8,2020-08-01,2026-09-11T14:58:17Z
SM-A505F,INS,A505FDDU5BTH8,2020-08-01,2026-09-11T14:58:35Z
SM-A505F,MID,A505FDDU5BTH8,2020-08-01,2026-09-11T14:58:20Z
SM-A505F,TUR,A505FDDU5BTH8,2020-08-01,2026-09-11T14:58:26Z
SM-A505F,XSG,A505FDDU5BTH8,2020-08-01,2026-09-11T14:58:29Z
SM-A505F,AFG,A505FDDU5BTJ2,2020-10-01,2026-09-11T14:58:33Z
SM-A505F,EGY,A505FDDU5BTJ2,2020-10-01,2026-09-11T14:58:23Z
SM-A505F,ILO,A505FDDU5BTJ2,2020-10-01,2026-09-11T14:58:17Z
SM-A505F,MID,A505FDDU5BTJ2,2020-10-01,2026-09-11T14:58:20Z
SM-A505F,TUR,A505FDDU5BTJ2,2020-10-01,2026-09-11T14:58:26Z
SM-A505F,XSG,A505FDDU5BTJ2,2020-10-01,2026-09-11T14:58:29Z
SM-A505F,AFG,A505FDDU5BTL1,2020-12-01,2026-09-11T14:58:33Z
SM-A505F,EGY,A505FDDU5BTL1,2020-12-01,2026-09-11T14:58:23Z
SM-A505F,ILO,A505FDDU5BTL1,2020-12-01,2026-09-11T14:58:17Z
SM-A505F,INS,A505FDDU5BTL1,2020-12-01,2026-09-11T14:58:35Z
SM-A505F,MID,A505FDDU5BTL1,2020-12-01,2026-09-11T14:58:20Z
SM-A505F,TUR,A505FDDU5BTL1,2020-12-01,2026-09-11T14:58:26Z
SM-A505F,XSG,A505FDDU5BTL1,2020-12-01,2026-09-11T14:58:29Z
SM-A505F,INS,A505FDDU7CUBC,2021-03-01,2026-09-11T14:58:35Z
SM-A505F,AFG,A505FDDU7CUBD,2021-03-01,2026-09-11T14:58:33Z
SM-A505F,EGY,A505FDDU7CUBD,2021-03-01,2026-09-11T14:58:23Z
SM-A505F,ILO,A505FDDU7CUBD,2021-03-01,2026-09-11T14:58:17Z
SM-A505F,MID,A505FDDU7CUBD,2021-03-01,2026-09-11T14:58:20Z
SM-A505F,TUR,A505FDDU7CUBD,2021-03-01,2026-09-11T14:58:26Z
SM-A505F,XSG,A505FDDU7CUBD,2021-03-01,2026-09-11T14:58:29Z
SM-A505F,AFG,A505FDDU7CUD1,2021-04-01,2026-09-11T14:58:33Z
SM-A505F,EGY,A505FDDU7CUD1,2021-04-01,2026-09-11T14:58:23Z
SM-A505F,ILO,A505FDDU7CUD1,2021-04-01,2026-09-11T14:58:17Z
SM-A505F,INS,A505FDDU7CUD1,2021-04-01,2026-09-11T14:58:35Z
SM-A505F,MID,A505FDDU7CUD1,2021-04-01,2026-09-11T14:58:20Z
SM-A505F,TUR,A505FDDU7CUD1,2021-04-01,2026-09-11T14:58:26Z
SM-A505F,XSG,A505FDDU7CUD1,2021-04-01,2026-09-11T14:58:29Z
SM-A505F,INS,A505FDDU7CUD4,2021-04-01,2026-09-11T14:58:35Z
SM-A505F,INS,A505FDDU8CUE4,2021-06-01,2026-09-11T14:58:35Z
SM-A505F,AFG,A505FDDU8CUE5,2021-06-01,2026-09-11T14:58:33Z
SM-A505F,EGY,A505FDDU8CUE5,2021-06-01,2026-09-11T14:58:23Z
SM-A505F,ILO,A505FDDU8CUE5,2021-06-01,2026-09-11T14:58:17Z
SM-A505F,TUR,A505FDDU8CUE5,2021-06-01,2026-09-11T14:58:26Z
SM-A505F,AFG,A505FDDU9CUH3,2021-08-01,2026-09-11T14:58:33Z
SM-A505F,EGY,A505FDDU9CUH3,2021-08-01,2026-09-11T14:58:23Z
SM-A505F,ILO,A505FDDU9CUH3,2021-08-01,2026-09-11T14:58:17Z
SM-A505F,MID,A505FDDU9CUH3,2021-08-01,2026-09-11T14:58:20Z
SM-A505F,TUR,A505FDDU9CUH3,2021-08-01,2026-09-11T14:58:26Z
SM-A505F,XSG,A505FDDU9CUH3,2021-08-01,2026-09-11T14:58:29Z
SM-A505F,AFG,A505FDDU9CVB1,2022-02-01,2026-09-11T14:58:33Z
SM-A505F,ILO,A505FDDU9CVB1,2022-02-01,2026-09-11T14:58:17Z
SM-A505F,INS,A505FDDU9CVB1,2022-02-01,2026-09-11T14:58:35Z
SM-A505F,TUR,A505FDDU9CVB1,2022-02-01,2026-09-11T14:58:26Z
SM-A505F,XSG,A505FDDU9CVB1,2022-02-01,2026-09-11T14:58:29Z
SM-A505F,AFG,A505FDDU9CVC2,2022-03-01,2026-09-11T14:58:33Z
SM-A505F,EGY,A505FDDU9CVC2,2022-03-01,2026-09-11T14:58:23Z
SM-A505F,ILO,A505FDDU9CVC2,2022-03-01,2026-09-11T14:58:17Z
SM-A505F,MID,A505FDDU9CVC2,2022-03-01,2026-09-11T14:58:20Z
SM-A505F,TUR,A505FDDU9CVC2,2022-03-01,2026-09-11T14:58:26Z
SM-A505F,XSG,A505FDDU9CVC2,2022-03-01,2026-09-11T14:58:29Z
SM-A505F,AFG,A505FDDU9CVF2,2022-06-01,2026-09-11T14:58:33Z
SM-A505F,EGY,A505FDDU9CVF2,2022-06-01,2026-09-11T14:58:23Z
SM-A505F,ILO,A505FDDU9CVF2,2022-06-01,2026-09-11T14:58:17Z
SM-A505F,MID,A505FDDU9CVF2,2022-06-01,2026-09-11T14:58:20Z
SM-A505F,TUR,A505FDDU9CVF2,2022-06-01,2026-09-11T14:58:26Z
SM-A505F,XSG,A505FDDU9CVF2,2022-06-01,2026-09-11T14:58:29Z
SM-A505F,AFG,A505FDDU9CVG2,2022-07-01,2026-09-11T14:58:33Z
SM-A505F,EGY,A505FDDU9CVG2,2022-07-01,2026-09-11T14:58:23Z
SM-A505F,ILO,A505FDDU9CVG2,2022-07-01,2026-09-11T14:58:17Z
SM-A505F,INS,A505FDDU9CVG2,2022-07-01,2026-09-11T14:58:35Z
SM-A505F,MID,A505FDDU9CVG2,2022-07-01,2026-09-11T14:58:20Z
SM-A505F,TUR,A505FDDU9CVG2,2022-07-01,2026-09-11T14:58:26Z
SM-A505F,XSG,A505FDDU9CVG2,2022-07-01,2026-09-11T14:58:29Z
SM-A515F,XSA,A515FXXS4CTL1,2020-12-01,2026-09-11T14:59:25Z
SM-A515F,XSA,A515FXXS5EUI3,2021-10-01,2026-09-11T14:59:25Z
SM-A515F,BTU,A515FXXS5EUI4,2021-10-01,2026-09-11T14:59:28Z
SM-A515F,SEE,A515FXXS5EUI4,2021-10-01,2026-09-11T14:59:22Z
SM-A515F,XSA,A515FXXS5EVC3,2022-03-01,2026-09-11T14:59:25Z
SM-A515F,AFG,A515FXXS5FVI1,2022-09-01,2026-09-11T14:59:10Z
SM-A515F,EGY,A515FXXS5FVI1,2022-09-01,2026-09-11T14:59:01Z
SM-A515F,ILO,A515FXXS5FVI1,2022-09-01,2026-09-11T14:58:55Z
SM-A515F,MID,A515FXXS5FVI1,2022-09-01,2026-09-11T14:58:58Z
SM-A515F,TUR,A515FXXS5FVI1,2022-09-01,2026-09-11T14:59:04Z
SM-A515F,XSA,A515FXXS5FVI1,2022-09-01,2026-09-11T14:59:25Z
SM-A515F,XSG,A515FXXS5FVI1,2022-09-01,2026-09-11T14:59:07Z
SM-A515F,BTU,A515FXXS5FVI2,2022-09-01,2026-09-11T14:59:28Z
SM-A515F,SEE,A515FXXS5FVI2,2022-09-01,2026-09-11T14:59:22Z
SM-A515F,INS,A515FXXS6GWB1,2023-01-01,2026-09-11T14:59:13Z
SM-A515F,AFG,A515FXXU1ASL6,2019-12-01,2026-09-11T14:59:10Z
SM-A515F,BTU,A515FXXU1ASL6,2019-12-01,2026-09-11T14:59:28Z
SM-A515F,EGY,A515FXXU1ASL6,2019-12-01,2026-09-11T14:59:01Z
SM-A515F,ILO,A515FXXU1ASL6,2019-12-01,2026-09-11T14:58:55Z
SM-A515F,INS,A515FXXU1ASL6,2019-12-01,2026-09-11T14:59:13Z
SM-A515F,MID,A515FXXU1ASL6,2019-12-01,2026-09-11T14:58:58Z
SM-A515F,SEE,A515FXXU1ASL6,2019-12-01,2026-09-11T14:59:22Z
SM-A515F,TUR,A515FXXU1ASL6,2019-12-01,2026-09-11T14:59:04Z
SM-A515F,XSG,A515FXXU1ASL6,2019-12-01,2026-09-11T14:59:07Z
SM-A515F,MID,A515FXXU1ATA4,2019-12-01,2026-09-11T14:58:58Z
SM-A515F,ILO,A515FXXU2ATA8,2020-02-01,2026-09-11T14:58:55Z
SM-A515F,XSG,A515FXXU2ATA8,2020-02-01,2026-09-11T14:59:07Z
SM-A515F,AFG,A515FXXU2ATB1,2020-02-01,2026-09-11T14:59:10Z
SM-A515F,BTU,A515FXXU2ATB1,2020-02-01,2026-09-11T14:59:28Z
SM-A515F,EGY,A515FXXU2ATB1,2020-02-01,2026-09-11T14:59:01Z
SM-A515F,ILO,A515FXXU2ATB1,2020-02-01,2026-09-11T14:58:55Z
SM-A515F,INS,A515FXXU2ATB1,2020-02-01,2026-09-11T14:59:13Z
SM-A515F,MID,A515FXXU2ATB1,2020-02-01,2026-09-11T14:58:58Z
SM-A515F,SEE,A515FXXU2ATB1,2020-02-01,2026-09-11T14:59:22Z
SM-A515F,TUR,A515FXXU2ATB1,2020-02-01,2026-09-11T14:59:04Z
SM-A515F,XSG,A515FXXU2ATB1,2020-02-01,2026-09-11T14:59:07Z
SM-A515F,XSA,A515FXXU3ATC3,2020-03-01,2026-09-11T14:59:25Z
SM-A515F,AFG,A515FXXU3BTD4,2020-04-01,2026-09-11T14:59:10Z
SM-A515F,BTU,A515FXXU3BTD4,2020-04-01,2026-09-11T14:59:28Z
SM-A515F,EGY,A515FXXU3BTD4,2020-04-01,2026-09-11T14:59:01Z
SM-A515F,ILO,A515FXXU3BTD4,2020-04-01,2026-09-11T14:58:55Z
SM-A515F,INS,A515FXXU3BTD4,2020-04-01,2026-09-11T14:59:13Z
SM-A515F,MID,A515FXXU3BTD4,2020-04-01,2026-09-11T14:58:58Z
SM-A515F,SEE,A515FXXU3BTD4,2020-04-01,2026-09-11T14:59:22Z
SM-A515F,TUR,A515FXXU3BTD4,2020-04-01,2026-09-11T14:59:04Z
SM-A515F,XSA,A515FXXU3BTD4,2020-04-01,2026-09-11T14:59:25Z
SM-A515F,XSG,A515FXXU3BTD4,2020-04-01,2026-09-11T14:59:07Z
SM-A515F,AFG,A515FXXU3BTF4,2020-06-01,2026-09-11T14:59:10Z
SM-A515F,BTU,A515FXXU3BTF4,2020-06-01,2026-09-11T14:59:28Z
SM-A515F,EGY,A515FXXU3BTF4,2020-06-01,2026-09-11T14:59:01Z
SM-A515F,INS,A515FXXU3BTF4,2020-06-01,2026-09-11T14:59:13Z
SM-A515F,MID,A515FXXU3BTF4,2020-06-01,2026-09-11T14:58:58Z
SM-A515F,SEE,A515FXXU3BTF4,2020-06-01,2026-09-11T14:59:22Z
SM-A515F,TUR,A515FXXU3BTF4,2020-06-01,2026-09-11T14:59:04Z
SM-A515F,XSA,A515FXXU3BTF4,2020-06-01,2026-09-11T14:59:25Z
SM-A515F,XSG,A515FXXU3BTF4,2020-06-01,2026-09-11T14:59:07Z
SM-A515F,ILO,A515FXXU3BTG1,2020-06-01,2026-09-11T14:58:55Z
SM-A515F,INS,A515FXXU3BTGF,2020-06-01,2026-09-11T14:59:13Z
SM-A515F,AFG,A515FXXU3BTH4,2020-09-01,2026-09-11T14:59:10Z
SM-A515F,BTU,A515FXXU3BTH4,2020-09-01,2026-09-11T14:59:28Z
SM-A515F,EGY,A515FXXU3BTH4,2020-09-01,2026-09-11T14:59:01Z
SM-A515F,ILO,A515FXXU3BTH4,2020-09-01,2026-09-11T14:58:55Z
SM-A515F,MID,A515FXXU3BTH4,2020-09-01,2026-09-11T14:58:58Z
SM-A515F,SEE,A515FXXU3BTH4,2020-09-01,2026-09-11T14:59:22Z
SM-A515F,TUR,A515FXXU3BTH4,2020-09-01,2026-09-11T14:59:04Z
SM-A515F,XSA,A515FXXU3BTH4,2020-09-01,2026-09-11T14:59:25Z
SM-A515F,XSG,A515FXXU3BTH4,2020-09-01,2026-09-11T14:59:07Z
SM-A515F,INS,A515FXXU3BTH5,2020-09-01,2026-09-11T14:59:13Z
SM-A515F,AFG,A515FXXU4CTJ1,2020-10-01,2026-09-11T14:59:10Z
SM-A515F,BTU,A515FXXU4CTJ1,2020-10-01,2026-09-11T14:59:28Z
SM-A515F,EGY,A515FXXU4CTJ1,2020-10-01,2026-09-11T14:59:01Z
SM-A515F,ILO,A515FXXU4CTJ1,2020-10-01,2026-09-11T14:58:55Z
SM-A515F,INS,A515FXXU4CTJ1,2020-10-01,2026-09-11T14:59:13Z
SM-A515F,MID,A515FXXU4CTJ1,2020-10-01,2026-09-11T14:58:58Z
SM-A515F,SEE,A515FXXU4CTJ1,2020-10-01,2026-09-11T14:59:22Z
SM-A515F,TUR,A515FXXU4CTJ1,2020-10-01,2026-09-11T14:59:04Z
SM-A515F,XSA,A515FXXU4CTJ1,2020-10-01,2026-09-11T14:59:25Z
SM-A515F,XSG,A515FXXU4CTJ2,2020-10-01,2026-09-11T14:59:07Z
SM-A515F,AFG,A515FXXU4CUA1,2021-01-01,2026-09-11T14:59:10Z
SM-A515F,BTU,A515FXXU4CUA1,2021-01-01,2026-09-11T14:59:28Z
SM-A515F,EGY,A515FXXU4CUA1,2021-01-01,2026-09-11T14:59:01Z
SM-A515F,ILO,A515FXXU4CUA1,2021-01-01,2026-09-11T14:58:55Z
SM-A515F,INS,A515FXXU4CUA1,2021-01-01,2026-09-11T14:59:13Z
SM-A515F,MID,A515FXXU4CUA1,2021-01-01,2026-09-11T14:58:58Z
SM-A515F,SEE,A515FXXU4CUA1,2021-01-01,2026-09-11T14:59:22Z
SM-A515F,TUR,A515FXXU4CUA1,2021-01-01,2026-09-11T14:59:04Z
SM-A515F,XSG,A515FXXU4CUA1,2021-01-01,2026-09-11T14:59:07Z
SM-A515F,AFG,A515FXXU4DUB1,2021-02-01,2026-09-11T14:59:10Z
SM-A515F,EGY,A515FXXU4DUB1,2021-02-01,2026-09-11T14:59:01Z
SM-A515F,ILO,A515FXXU4DUB1,2021-02-01,2026-09-11T14:58:55Z
SM-A515F,INS,A515FXXU4DUB1,2021-02-01,2026-09-11T14:59:13Z
SM-A515F,MID,A515FXXU4DUB1,2021-02-01,2026-09-11T14:58:58Z
SM-A515F,TUR,A515FXXU4DUB1,2021-02-01,2026-09-11T14:59:04Z
SM-A515F,XSA,A515FXXU4DUB1,2021-02-01,2026-09-11T14:59:25Z
SM-A515F,XSG,A515FXXU4DUB1,2021-02-01,2026-09-11T14:59:07Z
SM-A515F,BTU,A515FXXU4DUB2,2021-02-01,2026-09-11T14:59:28Z
SM-A515F,SEE,A515FXXU4DUB2,2021-02-01,2026-09-11T14:59:22Z
SM-A515F,AFG,A515FXXU4EUC8,2021-04-01,2026-09-11T14:59:10Z
SM-A515F,BTU,A515FXXU4EUC8,2021-04-01,2026-09-11T14:59:28Z
SM-A515F,ILO,A515FXXU4EUC8,2021-04-01,2026-09-11T14:58:55Z
SM-A515F,MID,A515FXXU4EUC8,2021-04-01,2026-09-11T14:58:58Z
SM-A515F,SEE,A515FXXU4EUC8,2021-04-01,2026-09-11T14:59:22Z
SM-A515F,TUR,A515FXXU4EUC8,2021-04-01,2026-09-11T14:59:04Z
SM-A515F,INS,A515FXXU4EUD2,2021-04-01,2026-09-11T14:59:13Z
SM-A515F,XSA,A515FXXU4EUD4,2021-04-01,2026-09-11T14:59:25Z
SM-A515F,AFG,A515FXXU4EUD7,2021-05-01,2026-09-11T14:59:10Z
SM-A515F,BTU,A515FXXU4EUD7,2021-05-01,2026-09-11T14:59:28Z
SM-A515F,EGY,A515FXXU4EUD7,2021-05-01,2026-09-11T14:59:01Z
SM-A515F,ILO,A515FXXU4EUD7,2021-05-01,2026-09-11T14:58:55Z
SM-A515F,INS,A515FXXU4EUD7,2021-05-01,2026-09-11T14:59:13Z
SM-A515F,MID,A515FXXU4EUD7,2021-05-01,2026-09-11T14:58:58Z
SM-A515F,SEE,A515FXXU4EUD7,2021-05-01,2026-09-11T14:59:22Z
SM-A515F,TUR,A515FXXU4EUD7,2021-05-01,2026-09-11T14:59:04Z
SM-A515F,XSA,A515FXXU4EUD7,2021-05-01,2026-09-11T14:59:25Z
SM-A515F,XSG,A515FXXU4EUD7,2021-05-01,2026-09-11T14:59:07Z
SM-A515F,BTU,A515FXXU5EUG3,2021-07-01,2026-09-11T14:59:28Z
SM-A515F,SEE,A515FXXU5EUG3,2021-07-01,2026-09-11T14:59:22Z
SM-A515F,INS,A515FXXU5EUG5,2021-07-01,2026-09-11T14:59:13Z
SM-A515F,XSA,A515FXXU5EUG5,2021-07-01,2026-09-11T14:59:25Z
SM-A515F,EGY,A515FXXU5EUH1,2021-07-01,2026-09-11T14:59:01Z
SM-A515F,ILO,A515FXXU5EUH1,2021-07-01,2026-09-11T14:58:55Z
SM-A515F,MID,A515FXXU5EUH1,2021-07-01,2026-09-11T14:58:58Z
SM-A515F,TUR,A515FXXU5EUH1,2021-07-01,2026-09-11T14:59:04Z
SM-A515F,XSG,A515FXXU5EUH1,2021-07-01,2026-09-11T14:59:07Z
SM-A515F,AFG,A515FXXU5EUH2,2021-07-01,2026-09-11T14:59:10Z
SM-A515F,INS,A515FXXU5EUI2,2021-09-01,2026-09-11T14:59:13Z
SM-A515F,INS,A515FXXU5EUJ2,2021-10-01,2026-09-11T14:59:13Z
SM-A515F,AFG,A515FXXU5EUJ4,2021-11-01,2026-09-11T14:59:10Z
SM-A515F,BTU,A515FXXU5EUJ4,2021-11-01,2026-09-11T14:59:28Z
SM-A515F,EGY,A515FXXU5EUJ4,2021-11-01,2026-09-11T14:59:01Z
SM-A515F,ILO,A515FXXU5EUJ4,2021-11-01,2026-09-11T14:58:55Z
SM-A515F,INS,A515FXXU5EUJ4,2021-11-01,2026-09-11T14:59:13Z
SM-A515F,MID,A515FXXU5EUJ4,2021-11-01,2026-09-11T14:58:58Z
SM-A515F,SEE,A515FXXU5EUJ4,2021-11-01,2026-09-11T14:59:22Z
SM-A515F,TUR,A515FXXU5EUJ4,2021-11-01,2026-09-11T14:59:04Z
SM-A515F,XSA,A515FXXU5EUJ4,2021-11-01,2026-09-11T14:59:25Z
SM-A515F,XSG,A515FXXU5EUJ4,2021-11-01,2026-09-11T14:59:07Z
SM-A515F,AFG,A515FXXU5EUL3,2022-01-01,2026-09-11T14:59:10Z
SM-A515F,BTU,A515FXXU5EUL3,2022-01-01,2026-09-11T14:59:28Z
SM-A515F,EGY,A515FXXU5EUL3,2022-01-01,2026-09-11T14:59:01Z
SM-A515F,ILO,A515FXXU5EUL3,2022-01-01,2026-09-11T14:58:55Z
SM-A515F,INS,A515FXXU5EUL3,2022-01-01,2026-09-11T14:59:13Z
SM-A515F,MID,A515FXXU5EUL3,2022-01-01,2026-09-11T14:58:58Z
SM-A515F,SEE,A515FXXU5EUL3,2022-01-01,2026-09-11T14:59:22Z
SM-A515F,TUR,A515FXXU5EUL3,2022-01-01,2026-09-11T14:59:04Z
SM-A515F,XSA,A515FXXU5EUL3,2022-01-01,2026-09-11T14:59:25Z
SM-A515F,XSG,A515FXXU5EUL3,2022-01-01,2026-09-11T14:59:07Z
SM-A515F,XSG,A515FXXU5FVC2,2022-02-01,2026-09-11T14:59:07Z
SM-A515F,AFG,A515FXXU5FVD2,2022-04-01,2026-09-11T14:59:10Z
SM-A515F,BTU,A515FXXU5FVD2,2022-04-01,2026-09-11T14:59:28Z
SM-A515F,EGY,A515FXXU5FVD2,2022-04-01,2026-09-11T14:59:01Z
SM-A515F,ILO,A515FXXU5FVD2,2022-04-01,2026-09-11T14:58:55Z
SM-A515F,INS,A515FXXU5FVD2,2022-04-01,2026-09-11T14:59:13Z
SM-A515F,MID,A515FXXU5FVD2,2022-04-01,2026-09-11T14:58:58Z
SM-A515F,SEE,A515FXXU5FVD2,2022-04-01,2026-09-11T14:59:22Z
SM-A515F,TUR,A515FXXU5FVD2,2022-04-01,2026-09-11T14:59:04Z
SM-A515F,XSG,A515FXXU5FVD2,2022-04-01,2026-09-11T14:59:07Z
SM-A515F,AFG,A515FXXU5FVE2,2022-05-01,2026-09-11T14:59:10Z
SM-A515F,BTU,A515FXXU5FVE2,2022-05-01,2026-09-11T14:59:28Z
SM-A515F,EGY,A515FXXU5FVE2,2022-05-01,2026-09-11T14:59:01Z
SM-A515F,ILO,A515FXXU5FVE2,2022-05-01,2026-09-11T14:58:55Z
SM-A515F,INS,A515FXXU5FVE2,2022-05-01,2026-09-11T14:59:13Z
SM-A515F,MID,A515FXXU5FVE2,2022-05-01,2026-09-11T14:58:58Z
SM-A515F,SEE,A515FXXU5FVE2,2022-05-01,2026-09-11T14:59:22Z
SM-A515F,XSA,A515FXXU5FVE2,2022-05-01,2026-09-11T14:59:25Z
SM-A515F,XSG,A515FXXU5FVE2,2022-05-01,2026-09-11T14:59:07Z
SM-A515F,AFG,A515FXXU5FVG3,2022-07-01,2026-09-11T14:59:10Z
SM-A515F,EGY,A515FXXU5FVG3,2022-07-01,2026-09-11T14:59:01Z
SM-A515F,ILO,A515FXXU5FVG3,2022-07-01,2026-09-11T14:58:55Z
SM-A515F,INS,A515FXXU5FVG3,2022-07-01,2026-09-11T14:59:13Z
SM-A515F,MID,A515FXXU5FVG3,2022-07-01,2026-09-11T14:58:58Z
SM-A515F,XSA,A515FXXU5FVG3,2022-07-01,2026-09-11T14:59:25Z
SM-A515F,XSG,A515FXXU5FVG3,2022-07-01,2026-09-11T14:59:07Z
SM-A515F,BTU,A515FXXU5FVG4,2022-07-01,2026-09-11T14:59:28Z
SM-A515F,SEE,A515FXXU5FVG4,2022-07-01,2026-09-11T14:59:22Z
SM-A515F,AFG,A515FXXU5GVK6,2022-10-01,2026-09-11T14:59:10Z
SM-A515F,BTU,A515FXXU5GVK6,2022-10-01,2026-09-11T14:59:28Z
SM-A515F,EGY,A515FXXU5GVK6,2022-10-01,2026-09-11T14:59:01Z
SM-A515F,ILO,A515FXXU5GVK6,2022-10-01,2026-09-11T14:58:55Z
SM-A515F,MID,A515FXXU5GVK6,2022-10-01,2026-09-11T14:58:58Z
SM-A515F,SEE,A515FXXU5GVK6,2022-10-01,2026-09-11T14:59:22Z
SM-A515F,TUR,A515FXXU5GVK6,2022-10-01,2026-09-11T14:59:04Z
SM-A515F,XSA,A515FXXU5GVK6,2022-10-01,2026-09-11T14:59:25Z
SM-A515F,XSG,A515FXXU5GVK6,2022-10-01,2026-09-11T14:59:07Z
SM-A515F,INS,A515FXXU5GVK7,2022-10-01,2026-09-11T14:59:13Z
SM-A515F,XSA,A515FXXU5GWA2,2022-10-01,2026-09-11T14:59:25Z
SM-A515F,AFG,A515FXXU6HWC7,2023-02-01,2026-09-11T14:59:10Z
SM-A515F,BTU,A515FXXU6HWC7,2023-02-01,2026-09-11T14:59:28Z
SM-A515F,EGY,A515FXXU6HWC7,2023-02-01,2026-09-11T14:59:01Z
SM-A515F,ILO,A515FXXU6HWC7,2023-02-01,2026-09-11T14:58:55Z
SM-A515F,INS,A515FXXU6HWC7,2023-02-01,2026-09-11T14:59:13Z
SM-A515F,MID,A515FXXU6HWC7,2023-02-01,2026-09-11T14:58:58Z
SM-A515F,SEE,A515FXXU6HWC7,2023-02-01,2026-09-11T14:59:22Z
SM-A515F,TUR,A515FXXU6HWC7,2023-02-01,2026-09-11T14:59:04Z
SM-A515F,XSA,A515FXXU6HWC7,2023-02-01,2026-09-11T14:59:25Z
SM-A515F,XSG,A515FXXU6HWC7,2023-02-01,2026-09-11T14:59:07Z
SM-A515F,XSA,A515FXXU6HWD3,2023-02-01,2026-09-11T14:59:25Z
SM-A515F,AFG,A515FXXU7HWF1,2023-06-01,2026-09-11T14:59:10Z
SM-A515F,BTU,A515FXXU7HWF1,2023-06-01,2026-09-11T14:59:28Z
SM-A515F,EGY,A515FXXU7HWF1,2023-06-01,2026-09-11T14:59:01Z
SM-A515F,ILO,A515FXXU7HWF1,2023-06-01,2026-09-11T14:58:55Z
SM-A515F,MID,A515FXXU7HWF1,2023-06-01,2026-09-11T14:58:58Z
SM-A515F,SEE,A515FXXU7HWF1,2023-06-01,2026-09-11T14:59:22Z
SM-A515F,TUR,A515FXXU7HWF1,2023-06-01,2026-09-11T14:59:04Z
SM-A515F,XSA,A515FXXU7HWF1,2023-06-01,2026-09-11T14:59:25Z
SM-A515F,XSG,A515FXXU7HWF1,2023-06-01,2026-09-11T14:59:07Z
SM-A515F,INS,A515FXXU7HWF4,2023-06-01,2026-09-11T14:59:13Z
SM-A515F,AFG,A515FXXU8HWI1,2023-08-01,2026-09-11T14:59:10Z
SM-A515F,BTU,A515FXXU8HWI1,2023-08-01,2026-09-11T14:59:28Z
SM-A515F,EGY,A515FXXU8HWI1,2023-08-01,2026-09-11T14:59:01Z
SM-A515F,ILO,A515FXXU8HWI1,2023-08-01,2026-09-11T14:58:55Z
SM-A515F,MID,A515FXXU8HWI1,2023-08-01,2026-09-11T14:58:58Z
SM-A515F,SEE,A515FXXU8HWI1,2023-08-01,2026-09-11T14:59:22Z
SM-A515F,TUR,A515FXXU8HWI1,2023-08-01,2026-09-11T14:59:04Z
SM-A515F,XSA,A515FXXU8HWI1,2023-08-01,2026-09-11T14:59:25Z
SM-A515F,XSG,A515FXXU8HWI1,2023-08-01,2026-09-11T14:59:07Z
SM-A515F,INS,A515FXXU8HWI5,2023-08-01,2026-09-11T14:59:13Z
SM-A525F,AFG,A525FXXS2AUE2,2021-06-01,2026-09-11T14:59:45Z
SM-A525F,EGY,A525FXXS2AUE2,2021-06-01,2026-09-11T14:59:36Z
SM-A525F,EUX,A525FXXS2AUE2,2021-06-01,2026-09-11T14:59:51Z
SM-A525F,ILO,A525FXXS2AUE2,2021-06-01,2026-09-11T14:59:31Z
SM-A525F,INS,A525FXXS2AUE2,2021-06-01,2026-09-11T14:59:48Z
SM-A525F,MID,A525FXXS2AUE2,2021-06-01,2026-09-11T14:59:34Z
SM-A525F,TUR,A525FXXS2AUE2,2021-06-01,2026-09-11T14:59:39Z
SM-A525F,XSA,A525FXXS2AUE2,2021-06-01,2026-09-11T15:00:01Z
SM-A525F,XSG,A525FXXS2AUE2,2021-06-01,2026-09-11T14:59:43Z
SM-A525F,AFG,A525FXXS2AUF4,2021-07-01,2026-09-11T14:59:45Z
SM-A525F,EGY,A525FXXS2AUF4,2021-07-01,2026-09-11T14:59:36Z
SM-A525F,EUX,A525FXXS2AUF4,2021-07-01,2026-09-11T14:59:51Z
SM-A525F,ILO,A525FXXS2AUF4,2021-07-01,2026-09-11T14:59:31Z
SM-A525F,INS,A525FXXS2AUF4,2021-07-01,2026-09-11T14:59:48Z
SM-A525F,MID,A525FXXS2AUF4,2021-07-01,2026-09-11T14:59:34Z
SM-A525F,TUR,A525FXXS2AUF4,2021-07-01,2026-09-11T14:59:39Z
SM-A525F,XSA,A525FXXS2AUF4,2021-07-01,2026-09-11T15:00:01Z
SM-A525F,XSG,A525FXXS2AUF4,2021-07-01,2026-09-11T14:59:43Z
SM-A525F,XSA,A525FXXS4AUL2,2021-12-01,2026-09-11T15:00:01Z
SM-A525F,AFG,A525FXXS4AUL3,2021-12-01,2026-09-11T14:59:45Z
SM-A525F,EGY,A525FXXS4AUL3,2021-12-01,2026-09-11T14:59:36Z
SM-A525F,EUX,A525FXXS4AUL3,2021-12-01,2026-09-11T14:59:51Z
SM-A525F,MID,A525FXXS4AUL3,2021-12-01,2026-09-11T14:59:34Z
SM-A525F,TUR,A525FXXS4AUL3,2021-12-01,2026-09-11T14:59:39Z
SM-A525F,XSG,A525FXXS4AUL3,2021-12-01,2026-09-11T14:59:43Z
SM-A525F,AFG,A525FXXS4BVA2,2022-01-01,2026-09-11T14:59:45Z
SM-A525F,EUX,A525FXXS4BVA2,2022-01-01,2026-09-11T14:59:51Z
SM-A525F,ILO,A525FXXS4BVA2,2022-01-01,2026-09-11T14:59:31Z
SM-A525F,INS,A525FXXS4BVA2,2022-01-01,2026-09-11T14:59:48Z
SM-A525F,MID,A525FXXS4BVA2,2022-01-01,2026-09-11T14:59:34Z
SM-A525F,TUR,A525FXXS4BVA2,2022-01-01,2026-09-11T14:59:39Z
SM-A525F,XSA,A525FXXS4BVA2,2022-01-01,2026-09-11T15:00:01Z
SM-A525F,XSG,A525FXXS4BVA2,2022-01-01,2026-09-11T14:59:43Z
SM-A525F,EUX,A525FXXS4BVC1,2022-03-01,2026-09-11T14:59:51Z
SM-A525F,AFG,A525FXXS4BVD1,2022-04-01,2026-09-11T14:59:45Z
SM-A525F,EUX,A525FXXS4BVD1,2022-04-01,2026-09-11T14:59:51Z
SM-A525F,ILO,A525FXXS4BVD1,2022-04-01,2026-09-11T14:59:31Z
SM-A525F,INS,A525FXXS4BVD1,2022-04-01,2026-09-11T14:59:48Z
SM-A525F,MID,A525FXXS4BVD1,2022-04-01,2026-09-11T14:59:34Z
SM-A525F,TUR,A525FXXS4BVD1,2022-04-01,2026-09-11T14:59:39Z
SM-A525F,XSA,A525FXXS4BVD1,2022-04-01,2026-09-11T15:00:01Z
SM-A525F,XSG,A525FXXS4BVD1,2022-04-01,2026-09-11T14:59:43Z
SM-A525F,AFG,A525FXXS4BVE1,2022-05-01,2026-09-11T14:59:45Z
SM-A525F,EUX,A525FXXS4BVE1,2022-05-01,2026-09-11T14:59:51Z
SM-A525F,ILO,A525FXXS4BVE1,2022-05-01,2026-09-11T14:59:31Z
SM-A525F,INS,A525FXXS4BVE1,2022-05-01,2026-09-11T14:59:48Z
SM-A525F,MID,A525FXXS4BVE1,2022-05-01,2026-09-11T14:59:34Z
SM-A525F,TUR,A525FXXS4BVE1,2022-05-01,2026-09-11T14:59:39Z
SM-A525F,XSA,A525FXXS4BVE1,2022-05-01,2026-09-11T15:00:01Z
SM-A525F,XSG,A525FXXS4BVE1,2022-05-01,2026-09-11T14:59:43Z
SM-A525F,AFG,A525FXXS4BVI2,2022-09-01,2026-09-11T14:59:45Z
SM-A525F,EUX,A525FXXS4BVI2,2022-09-01,2026-09-11T14:59:51Z
SM-A525F,ILO,A525FXXS4BVI2,2022-09-01,2026-09-11T14:59:31Z
SM-A525F,INS,A525FXXS4BVI2,2022-09-01,2026-09-11T14:59:48Z
SM-A525F,MID,A525FXXS4BVI2,2022-09-01,2026-09-11T14:59:34Z
SM-A525F,TUR,A525FXXS4BVI2,2022-09-01,2026-09-11T14:59:39Z
SM-A525F,XSA,A525FXXS4BVI2,2022-09-01,2026-09-11T15:00:01Z
SM-A525F,XSG,A525FXXS4BVI2,2022-09-01,2026-09-11T14:59:43Z
SM-A525F,AFG,A525FXXS4BVI3,2022-10-01,2026-09-11T14:59:45Z
SM-A525F,EUX,A525FXXS4BVI3,2022-10-01,2026-09-11T14:59:51Z
SM-A525F,ILO,A525FXXS4BVI3,2022-10-01,2026-09-11T14:59:31Z
SM-A525F,INS,A525FXXS4BVI3,2022-10-01,2026-09-11T14:59:48Z
SM-A525F,MID,A525FXXS4BVI3,2022-10-01,2026-09-11T14:59:34Z
SM-A525F,TUR,A525FXXS4BVI3,2022-10-01,2026-09-11T14:59:39Z
SM-A525F,XSA,A525FXXS4BVI3,2022-10-01,2026-09-11T15:00:01Z
SM-A525F,XSG,A525FXXS4BVI3,2022-10-01,2026-09-11T14:59:43Z
SM-A525F,AFG,A525FXXS4CVK4,2022-12-01,2026-09-11T14:59:45Z
SM-A525F,EUX,A525FXXS4CVK4,2022-12-01,2026-09-11T14:59:51Z
SM-A525F,ILO,A525FXXS4CVK4,2022-12-01,2026-09-11T14:59:31Z
SM-A525F,INS,A525FXXS4CVK4,2022-12-01,2026-09-11T14:59:48Z
SM-A525F,MID,A525FXXS4CVK4,2022-12-01,2026-09-11T14:59:34Z
SM-A525F,TUR,A525FXXS4CVK4,2022-12-01,2026-09-11T14:59:39Z
SM-A525F,XSA,A525FXXS4CVK4,2022-12-01,2026-09-11T15:00:01Z
SM-A525F,XSG,A525FXXS4CVK4,2022-12-01,2026-09-11T14:59:43Z
SM-A525F,AFG,A525FXXS5CWB2,2023-02-01,2026-09-11T14:59:45Z
SM-A525F,EUX,A525FXXS5CWB2,2023-02-01,2026-09-11T14:59:51Z
SM-A525F,ILO,A525FXXS5CWB2,2023-02-01,2026-09-11T14:59:31Z
SM-A525F,INS,A525FXXS5CWB2,2023-02-01,2026-09-11T14:59:48Z
SM-A525F,MID,A525FXXS5CWB2,2023-02-01,2026-09-11T14:59:34Z
SM-A525F,TUR,A525FXXS5CWB2,2023-02-01,2026-09-11T14:59:39Z
SM-A525F,XSG,A525FXXS5CWB2,2023-02-01,2026-09-11T14:59:43Z
SM-A525F,XSA,A525FXXS5CWB4,2023-02-01,2026-09-11T15:00:01Z
SM-A525F,AFG,A525FXXS5DWC2,2023-03-01,2026-09-11T14:59:45Z
SM-A525F,EUX,A525FXXS5DWC2,2023-03-01,2026-09-11T14:59:51Z
SM-A525F,ILO,A525FXXS5DWC2,2023-03-01,2026-09-11T14:59:31Z
SM-A525F,INS,A525FXXS5DWC2,2023-03-01,2026-09-11T14:59:48Z
SM-A525F,MID,A525FXXS5DWC2,2023-03-01,2026-09-11T14:59:34Z
SM-A525F,TUR,A525FXXS5DWC2,2023-03-01,2026-09-11T14:59:39Z
SM-A525F,XSA,A525FXXS5DWC2,2023-03-01,2026-09-11T15:00:01Z
SM-A525F,XSG,A525FXXS5DWC2,2023-03-01,2026-09-11T14:59:43Z
SM-A525F,AFG,A525FXXS5DWD1,2023-04-01,2026-09-11T14:59:45Z
SM-A525F,EUX,A525FXXS5DWD1,2023-04-01,2026-09-11T14:59:51Z
SM-A525F,ILO,A525FXXS5DWD1,2023-04-01,2026-09-11T14:59:31Z
SM-A525F,INS,A525FXXS5DWD1,2023-04-01,2026-09-11T14:59:48Z
SM-A525F,MID,A525FXXS5DWD1,2023-04-01,2026-09-11T14:59:34Z
SM-A525F,TUR,A525FXXS5DWD1,2023-04-01,2026-09-11T14:59:39Z
SM-A525F,XSA,A525FXXS5DWD1,2023-04-01,2026-09-11T15:00:01Z
SM-A525F,XSG,A525FXXS5DWD1,2023-04-01,2026-09-11T14:59:43Z
SM-A525F,AFG,A525FXXS5DWD2,2023-05-01,2026-09-11T14:59:45Z
SM-A525F,EUX,A525FXXS5DWD2,2023-05-01,2026-09-11T14:59:51Z
SM-A525F,ILO,A525FXXS5DWD2,2023-05-01,2026-09-11T14:59:31Z
SM-A525F,INS,A525FXXS5DWD2,2023-05-01,2026-09-11T14:59:48Z
SM-A525F,MID,A525FXXS5DWD2,2023-05-01,2026-09-11T14:59:34Z
SM-A525F,TUR,A525FXXS5DWD2,2023-05-01,2026-09-11T14:59:39Z
SM-A525F,XSA,A525FXXS5DWD2,2023-05-01,2026-09-11T15:00:01Z
SM-A525F,XSG,A525FXXS5DWD2,2023-05-01,2026-09-11T14:59:43Z
SM-A525F,AFG,A525FXXS6DWG1,2023-07-01,2026-09-11T14:59:45Z
SM-A525F,EUX,A525FXXS6DWG1,2023-07-01,2026-09-11T14:59:51Z
SM-A525F,ILO,A525FXXS6DWG1,2023-07-01,2026-09-11T14:59:31Z
SM-A525F,INS,A525FXXS6DWG1,2023-07-01,2026-09-11T14:59:48Z
SM-A525F,MID,A525FXXS6DWG1,2023-07-01,2026-09-11T14:59:34Z
SM-A525F,TUR,A525FXXS6DWG1,2023-07-01,2026-09-11T14:59:39Z
SM-A525F,XSA,A525FXXS6DWG1,2023-07-01,2026-09-11T15:00:01Z
SM-A525F,XSG,A525FXXS6DWG1,2023-07-01,2026-09-11T14:59:43Z
SM-A525F,AFG,A525FXXS6DWG2,2023-08-01,2026-09-11T14:59:45Z
SM-A525F,EUX,A525FXXS6DWG2,2023-08-01,2026-09-11T14:59:51Z
SM-A525F,ILO,A525FXXS6DWG2,2023-08-01,2026-09-11T14:59:31Z
SM-A525F,INS,A525FXXS6DWG2,2023-08-01,2026-09-11T14:59:48Z
SM-A525F,MID,A525FXXS6DWG2,2023-08-01,2026-09-11T14:59:34Z
SM-A525F,TUR,A525FXXS6DWG2,2023-08-01,2026-09-11T14:59:39Z
SM-A525F,XSA,A525FXXS6DWG2,2023-08-01,2026-09-11T15:00:01Z
SM-A525F,XSG,A525FXXS6DWG2,2023-08-01,2026-09-11T14:59:43Z
SM-A525F,AFG,A525FXXS6DWI1,2023-10-01,2026-09-11T14:59:45Z
SM-A525F,EUX,A525FXXS6DWI1,2023-10-01,2026-09-11T14:59:51Z
SM-A525F,ILO,A525FXXS6DWI1,2023-10-01,2026-09-11T14:59:31Z
SM-A525F,INS,A525FXXS6DWI1,2023-10-01,2026-09-11T14:59:48Z
SM-A525F,MID,A525FXXS6DWI1,2023-10-01,2026-09-11T14:59:34Z
SM-A525F,TUR,A525FXXS6DWI1,2023-10-01,2026-09-11T14:59:39Z
SM-A525F,XSA,A525FXXS6DWI1,2023-10-01,2026-09-11T15:00:01Z
SM-A525F,XSG,A525FXXS6DWI1,2023-10-01,2026-09-11T14:59:43Z
SM-A525F,AFG,A525FXXS6DWK1,2023-11-01,2026-09-11T14:59:45Z
SM-A525F,EUX,A525FXXS6DWK1,2023-11-01,2026-09-11T14:59:51Z
SM-A525F,ILO,A525FXXS6DWK1,2023-11-01,2026-09-11T14:59:31Z
SM-A525F,INS,A525FXXS6DWK1,2023-11-01,2026-09-11T14:59:48Z
SM-A525F,MID,A525FXXS6DWK1,2023-11-01,2026-09-11T14:59:34Z
SM-A525F,TUR,A525FXXS6DWK1,2023-11-01,2026-09-11T14:59:39Z
SM-A525F,XSA,A525FXXS6DWK1,2023-11-01,2026-09-11T15:00:01Z
SM-A525F,XSG,A525FXXS6DWK1,2023-11-01,2026-09-11T14:59:43Z
SM-A525F,AFG,A525FXXS6DWK2,2023-12-01,2026-09-11T14:59:45Z
SM-A525F,EUX,A525FXXS6DWK2,2023-12-01,2026-09-11T14:59:51Z
SM-A525F,ILO,A525FXXS6DWK2,2023-12-01,2026-09-11T14:59:31Z
SM-A525F,INS,A525FXXS6DWK2,2023-12-01,2026-09-11T14:59:48Z
SM-A525F,MID,A525FXXS6DWK2,2023-12-01,2026-09-11T14:59:34Z
SM-A525F,TUR,A525FXXS6DWK2,2023-12-01,2026-09-11T14:59:39Z
SM-A525F,XSA,A525FXXS6DWK2,2023-12-01,2026-09-11T15:00:01Z
SM-A525F,XSG,A525FXXS6DWK2,2023-12-01,2026-09-11T14:59:43Z
SM-A525F,AFG,A525FXXS6EXB7,2024-02-01,2026-09-11T14:59:45Z
SM-A525F,EUX,A525FXXS6EXB7,2024-02-01,2026-09-11T14:59:51Z
SM-A525F,ILO,A525FXXS6EXB7,2024-02-01,2026-09-11T14:59:31Z
SM-A525F,INS,A525FXXS6EXB7,2024-02-01,2026-09-11T14:59:48Z
SM-A525F,MID,A525FXXS6EXB7,2024-02-01,2026-09-11T14:59:34Z
SM-A525F,TUR,A525FXXS6EXB7,2024-02-01,2026-09-11T14:59:39Z
SM-A525F,XSA,A525FXXS6EXB7,2024-02-01,2026-09-11T15:00:01Z
SM-A525F,XSG,A525FXXS6EXB7,2024-02-01,2026-09-11T14:59:43Z
SM-A525F,AFG,A525FXXS6EXC3,2024-03-01,2026-09-11T14:59:45Z
SM-A525F,EUX,A525FXXS6EXC3,2024-03-01,2026-09-11T14:59:51Z
SM-A525F,ILO,A525FXXS6EXC3,2024-03-01,2026-09-11T14:59:31Z
SM-A525F,INS,A525FXXS6EXC3,2024-03-01,2026-09-11T14:59:48Z
SM-A525F,MID,A525FXXS6EXC3,2024-03-01,2026-09-11T14:59:34Z
SM-A525F,TUR,A525FXXS6EXC3,2024-03-01,2026-09-11T14:59:39Z
SM-A525F,XSA,A525FXXS6EXC3,2024-03-01,2026-09-11T15:00:01Z
SM-A525F,XSG,A525FXXS6EXC3,2024-03-01,2026-09-11T14:59:43Z
SM-A525F,AFG,A525FXXS6EXC9,2024-04-01,2026-09-11T14:59:45Z
SM-A525F,EUX,A525FXXS6EXC9,2024-04-01,2026-09-11T14:59:51Z
SM-A525F,ILO,A525FXXS6EXC9,2024-04-01,2026-09-11T14:59:31Z
SM-A525F,INS,A525FXXS6EXC9,2024-04-01,2026-09-11T14:59:48Z
SM-A525F,MID,A525FXXS6EXC9,2024-04-01,2026-09-11T14:59:34Z
SM-A525F,TUR,A525FXXS6EXC9,2024-04-01,2026-09-11T14:59:39Z
SM-A525F,XSA,A525FXXS6EXC9,2024-04-01,2026-09-11T15:00:01Z
SM-A525F,XSG,A525FXXS6EXC9,2024-04-01,2026-09-11T14:59:43Z
SM-A525F,AFG,A525FXXS7FXE2,2024-05-01,2026-09-11T14:59:45Z
SM-A525F,EUX,A525FXXS7FXE2,2024-05-01,2026-09-11T14:59:51Z
SM-A525F,ILO,A525FXXS7FXE2,2024-05-01,2026-09-11T14:59:31Z
SM-A525F,INS,A525FXXS7FXE2,2024-05-01,2026-09-11T14:59:48Z
SM-A525F,MID,A525FXXS7FXE2,2024-05-01,2026-09-11T14:59:34Z
SM-A525F,TUR,A525FXXS7FXE2,2024-05-01,2026-09-11T14:59:39Z
SM-A525F,XSA,A525FXXS7FXE2,2024-05-01,2026-09-11T15:00:01Z
SM-A525F,XSG,A525FXXS7FXE2,2024-05-01,2026-09-11T14:59:43Z
SM-A525F,AFG,A525FXXS8FXG3,2024-08-01,2026-09-11T14:59:45Z
SM-A525F,EUX,A525FXXS8FXG3,2024-08-01,2026-09-11T14:59:51Z
SM-A525F,ILO,A525FXXS8FXG3,2024-08-01,2026-09-11T14:59:31Z
SM-A525F,INS,A525FXXS8FXG3,2024-08-01,2026-09-11T14:59:48Z
SM-A525F,MID,A525FXXS8FXG3,2024-08-01,2026-09-11T14:59:34Z
SM-A525F,TUR,A525FXXS8FXG3,2024-08-01,2026-09-11T14:59:39Z
SM-A525F,XSA,A525FXXS8FXG3,2024-08-01,2026-09-11T15:00:01Z
SM-A525F,XSG,A525FXXS8FXG3,2024-08-01,2026-09-11T14:59:43Z
SM-A525F,AFG,A525FXXS9FXJ1,2024-10-01,2026-09-11T14:59:45Z
SM-A525F,EUX,A525FXXS9FXJ1,2024-10-01,2026-09-11T14:59:51Z
SM-A525F,ILO,A525FXXS9FXJ1,2024-10-01,2026-09-11T14:59:31Z
SM-A525F,INS,A525FXXS9FXJ1,2024-10-01,2026-09-11T14:59:48Z
SM-A525F,MID,A525FXXS9FXJ1,2024-10-01,2026-09-11T14:59:34Z
SM-A525F,TUR,A525FXXS9FXJ1,2024-10-01,2026-09-11T14:59:39Z
SM-A525F,XSA,A525FXXS9FXJ1,2024-10-01,2026-09-11T15:00:01Z
SM-A525F,XSG,A525FXXS9FXJ1,2024-10-01,2026-09-11T14:59:43Z
SM-A525F,AFG,A525FXXSAFXJ2,2024-11-01,2026-09-11T14:59:45Z
SM-A525F,EUX,A525FXXSAFXJ2,2024-11-01,2026-09-11T14:59:51Z
SM-A525F,ILO,A525FXXSAFXJ2,2024-11-01,2026-09-11T14:59:31Z
SM-A525F,INS,A525FXXSAFXJ2,2024-11-01,2026-09-11T14:59:48Z
SM-A525F,MID,A525FXXSAFXJ2,2024-11-01,2026-09-11T14:59:34Z
SM-A525F,TUR,A525FXXSAFXJ2,2024-11-01,2026-09-11T14:59:39Z
SM-A525F,XSA,A525FXXSAFXJ2,2024-11-01,2026-09-11T15:00:01Z
SM-A525F,XSG,A525FXXSAFXJ2,2024-11-01,2026-09-11T14:59:43Z
SM-A525F,AFG,A525FXXSAFYB1,2025-02-01,2026-09-11T14:59:45Z
SM-A525F,EUX,A525FXXSAFYB1,2025-02-01,2026-09-11T14:59:51Z
SM-A525F,ILO,A525FXXSAFYB1,2025-02-01,2026-09-11T14:59:31Z
SM-A525F,INS,A525FXXSAFYB1,2025-02-01,2026-09-11T14:59:48Z
SM-A525F,MID,A525FXXSAFYB1,2025-02-01,2026-09-11T14:59:34Z
SM-A525F,TUR,A525FXXSAFYB1,2025-02-01,2026-09-11T14:59:39Z
SM-A525F,XSA,A525FXXSAFYB1,2025-02-01,2026-09-11T15:00:01Z
SM-A525F,XSG,A525FXXSAFYB1,2025-02-01,2026-09-11T14:59:43Z
SM-A525F,AFG,A525FXXSBFYC1,2025-03-01,2026-09-11T14:59:45Z
SM-A525F,EUX,A525FXXSBFYC1,2025-03-01,2026-09-11T14:59:51Z
SM-A525F,ILO,A525FXXSBFYC1,2025-03-01,2026-09-11T14:59:31Z
SM-A525F,INS,A525FXXSBFYC1,2025-03-01,2026-09-11T14:59:48Z
SM-A525F,MID,A525FXXSBFYC1,2025-03-01,2026-09-11T14:59:34Z
SM-A525F,TUR,A525FXXSBFYC1,2025-03-01,2026-09-11T14:59:39Z
SM-A525F,XSA,A525FXXSBFYC1,2025-03-01,2026-09-11T15:00:01Z
SM-A525F,XSG,A525FXXSBFYC1,2025-03-01,2026-09-11T14:59:43Z
SM-A525F,AFG,A525FXXSCFYF1,2025-04-01,2026-09-11T14:59:45Z
SM-A525F,EUX,A525FXXSCFYF1,2025-04-01,2026-09-11T14:59:51Z
SM-A525F,ILO,A525FXXSCFYF1,2025-04-01,2026-09-11T14:59:31Z
SM-A525F,INS,A525FXXSCFYF1,2025-04-01,2026-09-11T14:59:48Z
SM-A525F,MID,A525FXXSCFYF1,2025-04-01,2026-09-11T14:59:34Z
SM-A525F,TUR,A525FXXSCFYF1,2025-04-01,2026-09-11T14:59:39Z
SM-A525F,XSA,A525FXXSCFYF1,2025-04-01,2026-09-11T15:00:01Z
SM-A525F,XSG,A525FXXSCFYF1,2025-04-01,2026-09-11T14:59:43Z
SM-A525F,AFG,A525FXXU1AUC4,2021-02-01,2026-09-11T14:59:45Z
SM-A525F,EGY,A525FXXU1AUC4,2021-02-01,2026-09-11T14:59:36Z
SM-A525F,EUX,A525FXXU1AUC4,2021-02-01,2026-09-11T14:59:51Z
SM-A525F,ILO,A525FXXU1AUC4,2021-02-01,2026-09-11T14:59:31Z
SM-A525F,INS,A525FXXU1AUC4,2021-02-01,2026-09-11T14:59:48Z
SM-A525F,MID,A525FXXU1AUC4,2021-02-01,2026-09-11T14:59:34Z
SM-A525F,TUR,A525FXXU1AUC4,2021-02-01,2026-09-11T14:59:39Z
SM-A525F,XSA,A525FXXU1AUC4,2021-02-01,2026-09-11T15:00:01Z
SM-A525F,XSG,A525FXXU1AUC4,2021-02-01,2026-09-11T14:59:43Z
SM-A525F,EUX,A525FXXU1AUC5,2021-04-01,2026-09-11T14:59:51Z
SM-A525F,AFG,A525FXXU1AUD2,2021-04-01,2026-09-11T14:59:45Z
SM-A525F,EGY,A525FXXU1AUD2,2021-04-01,2026-09-11T14:59:36Z
SM-A525F,EUX,A525FXXU1AUD2,2021-04-01,2026-09-11T14:59:51Z
SM-A525F,ILO,A525FXXU1AUD2,2021-04-01,2026-09-11T14:59:31Z
SM-A525F,INS,A525FXXU1AUD2,2021-04-01,2026-09-11T14:59:48Z
SM-A525F,MID,A525FXXU1AUD2,2021-04-01,2026-09-11T14:59:34Z
SM-A525F,TUR,A525FXXU1AUD2,2021-04-01,2026-09-11T14:59:39Z
SM-A525F,XSA,A525FXXU1AUD2,2021-04-01,2026-09-11T15:00:01Z
SM-A525F,XSG,A525FXXU1AUD2,2021-04-01,2026-09-11T14:59:43Z
SM-A525F,AFG,A525FXXU2AUE1,2021-05-01,2026-09-11T14:59:45Z
SM-A525F,EGY,A525FXXU2AUE1,2021-05-01,2026-09-11T14:59:36Z
SM-A525F,EUX,A525FXXU2AUE1,2021-05-01,2026-09-11T14:59:51Z
SM-A525F,ILO,A525FXXU2AUE1,2021-05-01,2026-09-11T14:59:31Z
SM-A525F,INS,A525FXXU2AUE1,2021-05-01,2026-09-11T14:59:48Z
SM-A525F,MID,A525FXXU2AUE1,2021-05-01,2026-09-11T14:59:34Z
SM-A525F,TUR,A525FXXU2AUE1,2021-05-01,2026-09-11T14:59:39Z
SM-A525F,XSA,A525FXXU2AUE1,2021-05-01,2026-09-11T15:00:01Z
SM-A525F,XSG,A525FXXU2AUE1,2021-05-01,2026-09-11T14:59:43Z
SM-A525F,AFG,A525FXXU2AUF3,2021-06-01,2026-09-11T14:59:45Z
SM-A525F,EGY,A525FXXU2AUF3,2021-06-01,2026-09-11T14:59:36Z
SM-A525F,EUX,A525FXXU2AUF3,2021-06-01,2026-09-11T14:59:51Z
SM-A525F,ILO,A525FXXU2AUF3,2021-06-01,2026-09-11T14:59:31Z
SM-A525F,INS,A525FXXU2AUF3,2021-06-01,2026-09-11T14:59:48Z
SM-A525F,MID,A525FXXU2AUF3,2021-06-01,2026-09-11T14:59:34Z
SM-A525F,TUR,A525FXXU2AUF3,2021-06-01,2026-09-11T14:59:39Z
SM-A525F,XSA,A525FXXU2AUF3,2021-06-01,2026-09-11T15:00:01Z
SM-A525F,XSG,A525FXXU2AUF3,2021-06-01,2026-09-11T14:59:43Z
SM-A525F,EUX,A525FXXU3AUG4,2021-08-01,2026-09-11T14:59:51Z
SM-A525F,INS,A525FXXU3AUG4,2021-08-01,2026-09-11T14:59:48Z
SM-A525F,XSA,A525FXXU3AUG4,2021-08-01,2026-09-11T15:00:01Z
SM-A525F,AFG,A525FXXU3AUG6,2021-08-01,2026-09-11T14:59:45Z
SM-A525F,EGY,A525FXXU3AUG6,2021-08-01,2026-09-11T14:59:36Z
SM-A525F,ILO,A525FXXU3AUG6,2021-08-01,2026-09-11T14:59:31Z
SM-A525F,MID,A525FXXU3AUG6,2021-08-01,2026-09-11T14:59:34Z
SM-A525F,XSG,A525FXXU3AUG6,2021-08-01,2026-09-11T14:59:43Z
SM-A525F,TUR,A525FXXU3AUH1,2021-08-01,2026-09-11T14:59:39Z
SM-A525F,INS,A525FXXU4AUH3,2021-09-01,2026-09-11T14:59:48Z
SM-A525F,XSA,A525FXXU4AUH3,2021-09-01,2026-09-11T15:00:01Z
SM-A525F,EUX,A525FXXU4AUH4,2021-09-01,2026-09-11T14:59:51Z
SM-A525F,AFG,A525FXXU4AUH5,2021-09-01,2026-09-11T14:59:45Z
SM-A525F,EGY,A525FXXU4AUH5,2021-09-01,2026-09-11T14:59:36Z
SM-A525F,ILO,A525FXXU4AUH5,2021-09-01,2026-09-11T14:59:31Z
SM-A525F,MID,A525FXXU4AUH5,2021-09-01,2026-09-11T14:59:34Z
SM-A525F,TUR,A525FXXU4AUH5,2021-09-01,2026-09-11T14:59:39Z
SM-A525F,XSG,A525FXXU4AUH5,2021-09-01,2026-09-11T14:59:43Z
SM-A525F,EUX,A525FXXU4AUI3,2021-10-01,2026-09-11T14:59:51Z
SM-A525F,XSA,A525FXXU4AUI3,2021-10-01,2026-09-11T15:00:01Z
SM-A525F,AFG,A525FXXU4AUI5,2021-10-01,2026-09-11T14:59:45Z
SM-A525F,EGY,A525FXXU4AUI5,2021-10-01,2026-09-11T14:59:36Z
SM-A525F,ILO,A525FXXU4AUI5,2021-10-01,2026-09-11T14:59:31Z
SM-A525F,INS,A525FXXU4AUI5,2021-10-01,2026-09-11T14:59:48Z
SM-A525F,MID,A525FXXU4AUI5,2021-10-01,2026-09-11T14:59:34Z
SM-A525F,TUR,A525FXXU4AUI5,2021-10-01,2026-09-11T14:59:39Z
SM-A525F,XSG,A525FXXU4AUI5,2021-10-01,2026-09-11T14:59:43Z
SM-A525F,AFG,A525FXXU4AUJ2,2021-11-01,2026-09-11T14:59:45Z
SM-A525F,EGY,A525FXXU4AUJ2,2021-11-01,2026-09-11T14:59:36Z
SM-A525F,EUX,A525FXXU4AUJ2,2021-11-01,2026-09-11T14:59:51Z
SM-A525F,ILO,A525FXXU4AUJ2,2021-11-01,2026-09-11T14:59:31Z
SM-A525F,INS,A525FXXU4AUJ2,2021-11-01,2026-09-11T14:59:48Z
SM-A525F,MID,A525FXXU4AUJ2,2021-11-01,2026-09-11T14:59:34Z
SM-A525F,TUR,A525FXXU4AUJ2,2021-11-01,2026-09-11T14:59:39Z
SM-A525F,XSA,A525FXXU4AUJ2,2021-11-01,2026-09-11T15:00:01Z
SM-A525F,XSG,A525FXXU4AUJ2,2021-11-01,2026-09-11T14:59:43Z
SM-A525F,AFG,A525FXXU4BUL8,2021-12-01,2026-09-11T14:59:45Z
SM-A525F,EUX,A525FXXU4BUL8,2021-12-01,2026-09-11T14:59:51Z
SM-A525F,ILO,A525FXXU4BUL8,2021-12-01,2026-09-11T14:59:31Z
SM-A525F,INS,A525FXXU4BUL8,2021-12-01,2026-09-11T14:59:48Z
SM-A525F,MID,A525FXXU4BUL8,2021-12-01,2026-09-11T14:59:34Z
SM-A525F,TUR,A525FXXU4BUL8,2021-12-01,2026-09-11T14:59:39Z
SM-A525F,XSA,A525FXXU4BUL8,2021-12-01,2026-09-11T15:00:01Z
SM-A525F,XSG,A525FXXU4BUL8,2021-12-01,2026-09-11T14:59:43Z
SM-A525F,AFG,A525FXXU4BVB3,2022-02-01,2026-09-11T14:59:45Z
SM-A525F,EUX,A525FXXU4BVB3,2022-02-01,2026-09-11T14:59:51Z
SM-A525F,ILO,A525FXXU4BVB3,2022-02-01,2026-09-11T14:59:31Z
SM-A525F,INS,A525FXXU4BVB3,2022-02-01,2026-09-11T14:59:48Z
SM-A525F,MID,A525FXXU4BVB3,2022-02-01,2026-09-11T14:59:34Z
SM-A525F,TUR,A525FXXU4BVB3,2022-02-01,2026-09-11T14:59:39Z
SM-A525F,XSA,A525FXXU4BVB3,2022-02-01,2026-09-11T15:00:01Z
SM-A525F,XSG,A525FXXU4BVB3,2022-02-01,2026-09-11T14:59:43Z
SM-A525F,AFG,A525FXXU4BVC2,2022-03-01,2026-09-11T14:59:45Z
SM-A525F,EUX,A525FXXU4BVC2,2022-03-01,2026-09-11T14:59:51Z
SM-A525F,ILO,A525FXXU4BVC2,2022-03-01,2026-09-11T14:59:31Z
SM-A525F,INS,A525FXXU4BVC2,2022-03-01,2026-09-11T14:59:48Z
SM-A525F,MID,A525FXXU4BVC2,2022-03-01,2026-09-11T14:59:34Z
SM-A525F,TUR,A525FXXU4BVC2,2022-03-01,2026-09-11T14:59:39Z
SM-A525F,XSA,A525FXXU4BVC2,2022-03-01,2026-09-11T15:00:01Z
SM-A525F,XSG,A525FXXU4BVC2,2022-03-01,2026-09-11T14:59:43Z
SM-A525F,AFG,A525FXXU4BVE2,2022-06-01,2026-09-11T14:59:45Z
SM-A525F,EUX,A525FXXU4BVE2,2022-06-01,2026-09-11T14:59:51Z
SM-A525F,ILO,A525FXXU4BVE2,2022-06-01,2026-09-11T14:59:31Z
SM-A525F,INS,A525FXXU4BVE2,2022-06-01,2026-09-11T14:59:48Z
SM-A525F,TUR,A525FXXU4BVE2,2022-06-01,2026-09-11T14:59:39Z
SM-A525F,XSA,A525FXXU4BVE2,2022-06-01,2026-09-11T15:00:01Z
SM-A525F,XSG,A525FXXU4BVE2,2022-06-01,2026-09-11T14:59:43Z
SM-A525F,AFG,A525FXXU4BVG1,2022-07-01,2026-09-11T14:59:45Z
SM-A525F,EUX,A525FXXU4BVG1,2022-07-01,2026-09-11T14:59:51Z
SM-A525F,ILO,A525FXXU4BVG1,2022-07-01,2026-09-11T14:59:31Z
SM-A525F,INS,A525FXXU4BVG1,2022-07-01,2026-09-11T14:59:48Z
SM-A525F,MID,A525FXXU4BVG1,2022-07-01,2026-09-11T14:59:34Z
SM-A525F,TUR,A525FXXU4BVG1,2022-07-01,2026-09-11T14:59:39Z
SM-A525F,XSA,A525FXXU4BVG1,2022-07-01,2026-09-11T15:00:01Z
SM-A525F,AFG,A525FXXU4BVG2,2022-08-01,2026-09-11T14:59:45Z
SM-A525F,EUX,A525FXXU4BVG2,2022-08-01,2026-09-11T14:59:51Z
SM-A525F,ILO,A525FXXU4BVG2,2022-08-01,2026-09-11T14:59:31Z
SM-A525F,INS,A525FXXU4BVG2,2022-08-01,2026-09-11T14:59:48Z
SM-A525F,MID,A525FXXU4BVG2,2022-08-01,2026-09-11T14:59:34Z
SM-A525F,TUR,A525FXXU4BVG2,2022-08-01,2026-09-11T14:59:39Z
SM-A525F,XSA,A525FXXU4BVG2,2022-08-01,2026-09-11T15:00:01Z
SM-A525F,XSG,A525FXXU4BVG2,2022-08-01,2026-09-11T14:59:43Z
SM-A525F,AFG,A525FXXU4CVJB,2022-11-01,2026-09-11T14:59:45Z
SM-A525F,EUX,A525FXXU4CVJB,2022-11-01,2026-09-11T14:59:51Z
SM-A525F,ILO,A525FXXU4CVJB,2022-11-01,2026-09-11T14:59:31Z
SM-A525F,INS,A525FXXU4CVJB,2022-11-01,2026-09-11T14:59:48Z
SM-A525F,MID,A525FXXU4CVJB,2022-11-01,2026-09-11T14:59:34Z
SM-A525F,TUR,A525FXXU4CVJB,2022-11-01,2026-09-11T14:59:39Z
SM-A525F,XSA,A525FXXU4CVJB,2022-11-01,2026-09-11T15:00:01Z
SM-A525F,XSG,A525FXXU4CVJB,2022-11-01,2026-09-11T14:59:43Z
SM-A525F,AFG,A525FXXU4CWA2,2023-01-01,2026-09-11T14:59:45Z
SM-A525F,EUX,A525FXXU4CWA2,2023-01-01,2026-09-11T14:59:51Z
SM-A525F,ILO,A525FXXU4CWA2,2023-01-01,2026-09-11T14:59:31Z
SM-A525F,INS,A525FXXU4CWA2,2023-01-01,2026-09-11T14:59:48Z
SM-A525F,MID,A525FXXU4CWA2,2023-01-01,2026-09-11T14:59:34Z
SM-A525F,TUR,A525FXXU4CWA2,2023-01-01,2026-09-11T14:59:39Z
SM-A525F,XSG,A525FXXU4CWA2,2023-01-01,2026-09-11T14:59:43Z
SM-A525F,XSA,A525FXXU4CWA3,2022-12-01,2026-09-11T15:00:01Z
SM-A525F,XSA,A525FXXU4CWA5,2023-01-01,2026-09-11T15:00:01Z
SM-A525F,AFG,A525FXXU5DWB6,2023-02-01,2026-09-11T14:59:45Z
SM-A525F,EUX,A525FXXU5DWB6,2023-02-01,2026-09-11T14:59:51Z
SM-A525F,ILO,A525FXXU5DWB6,2023-02-01,2026-09-11T14:59:31Z
SM-A525F,INS,A525FXXU5DWB6,2023-02-01,2026-09-11T14:59:48Z
SM-A525F,MID,A525FXXU5DWB6,2023-02-01,2026-09-11T14:59:34Z
SM-A525F,TUR,A525FXXU5DWB6,2023-02-01,2026-09-11T14:59:39Z
SM-A525F,XSA,A525FXXU5DWB6,2023-02-01,2026-09-11T15:00:01Z
SM-A525F,XSG,A525FXXU5DWB6,2023-02-01,2026-09-11T14:59:43Z
SM-A525F,AFG,A525FXXU6DWE3,2023-06-01,2026-09-11T14:59:45Z
SM-A525F,EUX,A525FXXU6DWE3,2023-06-01,2026-09-11T14:59:51Z
SM-A525F,ILO,A525FXXU6DWE3,2023-06-01,2026-09-11T14:59:31Z
SM-A525F,INS,A525FXXU6DWE3,2023-06-01,2026-09-11T14:59:48Z
SM-A525F,MID,A525FXXU6DWE3,2023-06-01,2026-09-11T14:59:34Z
SM-A525F,TUR,A525FXXU6DWE3,2023-06-01,2026-09-11T14:59:39Z
SM-A525F,XSA,A525FXXU6DWE3,2023-06-01,2026-09-11T15:00:01Z
SM-A525F,XSG,A525FXXU6DWE3,2023-06-01,2026-09-11T14:59:43Z
SM-A525F,AFG,A525FXXU6DWH2,2023-09-01,2026-09-11T14:59:45Z
SM-A525F,EUX,A525FXXU6DWH2,2023-09-01,2026-09-11T14:59:51Z
SM-A525F,ILO,A525FXXU6DWH2,2023-09-01,2026-09-11T14:59:31Z
SM-A525F,INS,A525FXXU6DWH2,2023-09-01,2026-09-11T14:59:48Z
SM-A525F,MID,A525FXXU6DWH2,2023-09-01,2026-09-11T14:59:34Z
SM-A525F,TUR,A525FXXU6DWH2,2023-09-01,2026-09-11T14:59:39Z
SM-A525F,XSA,A525FXXU6DWH2,2023-09-01,2026-09-11T15:00:01Z
SM-A525F,XSG,A525FXXU6DWH2,2023-09-01,2026-09-11T14:59:43Z
SM-A525F,AFG,A525FXXU6EXB3,2024-01-01,2026-09-11T14:59:45Z
SM-A525F,EUX,A525FXXU6EXB3,2024-01-01,2026-09-11T14:59:51Z
SM-A525F,ILO,A525FXXU6EXB3,2024-01-01,2026-09-11T14:59:31Z
SM-A525F,INS,A525FXXU6EXB3,2024-01-01,2026-09-11T14:59:48Z
SM-A525F,MID,A525FXXU6EXB3,2024-01-01,2026-09-11T14:59:34Z
SM-A525F,TUR,A525FXXU6EXB3,2024-01-01,2026-09-11T14:59:39Z
SM-A525F,XSA,A525FXXU6EXB3,2024-01-01,2026-09-11T15:00:01Z
SM-A525F,XSG,A525FXXU6EXB3,2024-01-01,2026-09-11T14:59:43Z
SM-A525F,AFG,A525FXXU6FXD2,2024-04-01,2026-09-11T14:59:45Z
SM-A525F,EUX,A525FXXU6FXD2,2024-04-01,2026-09-11T14:59:51Z
SM-A525F,ILO,A525FXXU6FXD2,2024-04-01,2026-09-11T14:59:31Z
SM-A525F,INS,A525FXXU6FXD2,2024-04-01,2026-09-11T14:59:48Z
SM-A525F,MID,A525FXXU6FXD2,2024-04-01,2026-09-11T14:59:34Z
SM-A525F,TUR,A525FXXU6FXD2,2024-04-01,2026-09-11T14:59:39Z
SM-A525F,XSA,A525FXXU6FXD2,2024-04-01,2026-09-11T15:00:01Z
SM-A525F,XSG,A525FXXU6FXD2,2024-04-01,2026-09-11T14:59:43Z
SM-A525F,AFG,A525FXXU8FXH1,2024-08-01,2026-09-11T14:59:45Z
SM-A525F,EUX,A525FXXU8FXH1,2024-08-01,2026-09-11T14:59:51Z
SM-A525F,ILO,A525FXXU8FXH1,2024-08-01,2026-09-11T14:59:31Z
SM-A525F,INS,A525FXXU8FXH1,2024-08-01,2026-09-11T14:59:48Z
SM-A525F,MID,A525FXXU8FXH1,2024-08-01,2026-09-11T14:59:34Z
SM-A525F,TUR,A525FXXU8FXH1,2024-08-01,2026-09-11T14:59:39Z
SM-A525F,XSA,A525FXXU8FXH1,2024-08-01,2026-09-11T15:00:01Z
SM-A525F,XSG,A525FXXU8FXH1,2024-08-01,2026-09-11T14:59:43Z
SM-A525F,AFG,A525FXXUAFXL2,2024-11-01,2026-09-11T14:59:45Z
SM-A525F,EUX,A525FXXUAFXL2,2024-11-01,2026-09-11T14:59:51Z
SM-A525F,ILO,A525FXXUAFXL2,2024-11-01,2026-09-11T14:59:31Z
SM-A525F,INS,A525FXXUAFXL2,2024-11-01,2026-09-11T14:59:48Z
SM-A525F,MID,A525FXXUAFXL2,2024-11-01,2026-09-11T14:59:34Z
SM-A525F,TUR,A525FXXUAFXL2,2024-11-01,2026-09-11T14:59:39Z
SM-A525F,XSA,A525FXXUAFXL2,2024-11-01,2026-09-11T15:00:01Z
SM-A525F,XSG,A525FXXUAFXL2,2024-11-01,2026-09-11T14:59:43Z
SM-A526B,BTU,A526BXXS1AUE4,2021-06-01,2026-09-11T15:00:44Z
SM-A526B,MID,A526BXXS1AUE4,2021-06-01,2026-09-11T15:00:10Z
SM-A526B,XSA,A526BXXS1AUE4,2021-06-01,2026-09-11T15:00:41Z
SM-A526B,XSG,A526BXXS1AUE4,2021-06-01,2026-09-11T15:00:19Z
SM-A526B,BTU,A526BXXS1AUG1,2021-07-01,2026-09-11T15:00:44Z
SM-A526B,MID,A526BXXS1AUG1,2021-07-01,2026-09-11T15:00:10Z
SM-A526B,XSG,A526BXXS1AUG1,2021-07-01,2026-09-11T15:00:19Z
SM-A526B,XSA,A526BXXS1AUH2,2021-08-01,2026-09-11T15:00:41Z
SM-A526B,XSA,A526BXXS1AUJ1,2021-10-01,2026-09-11T15:00:41Z
SM-A526B,XSA,A526BXXS1AUL1,2021-12-01,2026-09-11T15:00:41Z
SM-A526B,BTU,A526BXXS1AUL2,2021-12-01,2026-09-11T15:00:44Z
SM-A526B,MID,A526BXXS1AUL2,2021-12-01,2026-09-11T15:00:10Z
SM-A526B,XSG,A526BXXS1AUL2,2021-12-01,2026-09-11T15:00:19Z
SM-A526B,ILO,A526BXXS1BVB4,2022-02-01,2026-09-11T15:00:07Z
SM-A526B,MID,A526BXXS1BVB4,2022-02-01,2026-09-11T15:00:10Z
SM-A526B,XSA,A526BXXS1BVB4,2022-02-01,2026-09-11T15:00:41Z
SM-A526B,XSG,A526BXXS1BVB4,2022-02-01,2026-09-11T15:00:19Z
SM-A526B,BTU,A526BXXS1CVD1,2022-04-01,2026-09-11T15:00:44Z
SM-A526B,MID,A526BXXS1CVD1,2022-04-01,2026-09-11T15:00:10Z
SM-A526B,XSA,A526BXXS1CVD1,2022-04-01,2026-09-11T15:00:41Z
SM-A526B,XSG,A526BXXS1CVD1,2022-04-01,2026-09-11T15:00:19Z
SM-A526B,BTU,A526BXXS1CVI4,2022-10-01,2026-09-11T15:00:44Z
SM-A526B,ILO,A526BXXS1CVI4,2022-10-01,2026-09-11T15:00:07Z
SM-A526B,MID,A526BXXS1CVI4,2022-10-01,2026-09-11T15:00:10Z
SM-A526B,XSA,A526BXXS1CVI4,2022-10-01,2026-09-11T15:00:41Z
SM-A526B,XSG,A526BXXS1CVI4,2022-10-01,2026-09-11T15:00:19Z
SM-A526B,XSA,A526BXXS2DWA7,2023-01-01,2026-09-11T15:00:41Z
SM-A526B,BTU,A526BXXS3EWD6,2023-05-01,2026-09-11T15:00:44Z
SM-A526B,ILO,A526BXXS3EWD6,2023-05-01,2026-09-11T15:00:07Z
SM-A526B,MID,A526BXXS3EWD6,2023-05-01,2026-09-11T15:00:10Z
SM-A526B,XSA,A526BXXS3EWD6,2023-05-01,2026-09-11T15:00:41Z
SM-A526B,XSG,A526BXXS3EWD6,2023-05-01,2026-09-11T15:00:19Z
SM-A526B,BTU,A526BXXS4EWE2,2023-06-01,2026-09-11T15:00:44Z
SM-A526B,MID,A526BXXS4EWE2,2023-06-01,2026-09-11T15:00:10Z
SM-A526B,XSA,A526BXXS4EWE2,2023-06-01,2026-09-11T15:00:41Z
SM-A526B,XSG,A526BXXS4EWE2,2023-06-01,2026-09-11T15:00:19Z
SM-A526B,BTU,A526BXXS4EWG1,2023-07-01,2026-09-11T15:00:44Z
SM-A526B,ILO,A526BXXS4EWG1,2023-07-01,2026-09-11T15:00:07Z
SM-A526B,MID,A526BXXS4EWG1,2023-07-01,2026-09-11T15:00:10Z
SM-A526B,XSA,A526BXXS4EWG1,2023-07-01,2026-09-11T15:00:41Z
SM-A526B,XSG,A526BXXS4EWG1,2023-07-01,2026-09-11T15:00:19Z
SM-A526B,BTU,A526BXXS5EWI1,2023-09-01,2026-09-11T15:00:44Z
SM-A526B,MID,A526BXXS5EWI1,2023-09-01,2026-09-11T15:00:10Z
SM-A526B,XSA,A526BXXS5EWI1,2023-09-01,2026-09-11T15:00:41Z
SM-A526B,XSG,A526BXXS5EWI1,2023-09-01,2026-09-11T15:00:19Z
SM-A526B,BTU,A526BXXS5EWJ1,2023-10-01,2026-09-11T15:00:44Z
SM-A526B,MID,A526BXXS5EWJ1,2023-10-01,2026-09-11T15:00:10Z
SM-A526B,XSA,A526BXXS5EWJ1,2023-10-01,2026-09-11T15:00:41Z
SM-A526B,XSG,A526BXXS5EWJ1,2023-10-01,2026-09-11T15:00:19Z
SM-A526B,BTU,A526BXXS5EWJ5,2023-11-01,2026-09-11T15:00:44Z
SM-A526B,ILO,A526BXXS5EWJ5,2023-11-01,2026-09-11T15:00:07Z
SM-A526B,MID,A526BXXS5EWJ5,2023-11-01,2026-09-11T15:00:10Z
SM-A526B,XSA,A526BXXS5EWJ5,2023-11-01,2026-09-11T15:00:41Z
SM-A526B,XSG,A526BXXS5EWJ5,2023-11-01,2026-09-11T15:00:19Z
SM-A526B,BTU,A526BXXS6FXA1,2024-01-01,2026-09-11T15:00:44Z
SM-A526B,ILO,A526BXXS6FXA1,2024-01-01,2026-09-11T15:00:07Z
SM-A526B,MID,A526BXXS6FXA1,2024-01-01,2026-09-11T15:00:10Z
SM-A526B,XSA,A526BXXS6FXA1,2024-01-01,2026-09-11T15:00:41Z
SM-A526B,XSG,A526BXXS6FXA1,2024-01-01,2026-09-11T15:00:19Z
SM-A526B,BTU,A526BXXS6FXC1,2024-02-01,2026-09-11T15:00:44Z
SM-A526B,ILO,A526BXXS6FXC1,2024-02-01,2026-09-11T15:00:07Z
SM-A526B,MID,A526BXXS6FXC1,2024-02-01,2026-09-11T15:00:10Z
SM-A526B,XSA,A526BXXS6FXC1,2024-02-01,2026-09-11T15:00:41Z
SM-A526B,XSG,A526BXXS6FXC1,2024-02-01,2026-09-11T15:00:19Z
SM-A526B,BTU,A526BXXS6FXC4,2024-03-01,2026-09-11T15:00:44Z
SM-A526B,ILO,A526BXXS6FXC4,2024-03-01,2026-09-11T15:00:07Z
SM-A526B,MID,A526BXXS6FXC4,2024-03-01,2026-09-11T15:00:10Z
SM-A526B,XSA,A526BXXS6FXC4,2024-03-01,2026-09-11T15:00:41Z
SM-A526B,XSG,A526BXXS6FXC4,2024-03-01,2026-09-11T15:00:19Z
SM-A526B,BTU,A526BXXS8GXE1,2024-05-01,2026-09-11T15:00:44Z
SM-A526B,ILO,A526BXXS8GXE1,2024-05-01,2026-09-11T15:00:07Z
SM-A526B,MID,A526BXXS8GXE1,2024-05-01,2026-09-11T15:00:10Z
SM-A526B,XSA,A526BXXS8GXE1,2024-05-01,2026-09-11T15:00:41Z
SM-A526B,XSG,A526BXXS8GXE1,2024-05-01,2026-09-11T15:00:19Z
SM-A526B,BTU,A526BXXS9GXG2,2024-07-01,2026-09-11T15:00:44Z
SM-A526B,ILO,A526BXXS9GXG2,2024-07-01,2026-09-11T15:00:07Z
SM-A526B,MID,A526BXXS9GXG2,2024-07-01,2026-09-11T15:00:10Z
SM-A526B,XSA,A526BXXS9GXG2,2024-07-01,2026-09-11T15:00:41Z
SM-A526B,XSG,A526BXXS9GXG2,2024-07-01,2026-09-11T15:00:19Z
SM-A526B,BTU,A526BXXSAGXJ4,2024-10-01,2026-09-11T15:00:44Z
SM-A526B,ILO,A526BXXSAGXJ4,2024-10-01,2026-09-11T15:00:07Z
SM-A526B,MID,A526BXXSAGXJ4,2024-10-01,2026-09-11T15:00:10Z
SM-A526B,XSA,A526BXXSAGXJ4,2024-10-01,2026-09-11T15:00:41Z
SM-A526B,XSG,A526BXXSAGXJ4,2024-10-01,2026-09-11T15:00:19Z
SM-A526B,BTU,A526BXXSBGYA2,2025-01-01,2026-09-11T15:00:44Z
SM-A526B,ILO,A526BXXSBGYA2,2025-01-01,2026-09-11T15:00:07Z
SM-A526B,MID,A526BXXSBGYA2,2025-01-01,2026-09-11T15:00:10Z
SM-A526B,XSA,A526BXXSBGYA2,2025-01-01,2026-09-11T15:00:41Z
SM-A526B,XSG,A526BXXSBGYA2,2025-01-01,2026-09-11T15:00:19Z
SM-A526B,BTU,A526BXXSCGYC1,2025-03-01,2026-09-11T15:00:44Z
SM-A526B,ILO,A526BXXSCGYC1,2025-03-01,2026-09-11T15:00:07Z
SM-A526B,MID,A526BXXSCGYC1,2025-03-01,2026-09-11T15:00:10Z
SM-A526B,XSA,A526BXXSCGYC1,2025-03-01,2026-09-11T15:00:41Z
SM-A526B,XSG,A526BXXSCGYC1,2025-03-01,2026-09-11T15:00:19Z
SM-A526B,BTU,A526BXXU1AUCA,2021-02-01,2026-09-11T15:00:44Z
SM-A526B,XSG,A526BXXU1AUCA,2021-02-01,2026-09-11T15:00:19Z
SM-A526B,XSA,A526BXXU1AUCB,2021-02-01,2026-09-11T15:00:41Z
SM-A526B,BTU,A526BXXU1AUD6,2021-04-01,2026-09-11T15:00:44Z
SM-A526B,ILO,A526BXXU1AUD6,2021-04-01,2026-09-11T15:00:07Z
SM-A526B,XSA,A526BXXU1AUD6,2021-04-01,2026-09-11T15:00:41Z
SM-A526B,XSG,A526BXXU1AUD6,2021-04-01,2026-09-11T15:00:19Z
SM-A526B,BTU,A526BXXU1AUE1,2021-05-01,2026-09-11T15:00:44Z
SM-A526B,ILO,A526BXXU1AUE1,2021-05-01,2026-09-11T15:00:07Z
SM-A526B,XSA,A526BXXU1AUE1,2021-05-01,2026-09-11T15:00:41Z
SM-A526B,XSG,A526BXXU1AUE1,2021-05-01,2026-09-11T15:00:19Z
SM-A526B,BTU,A526BXXU1AUF4,2021-06-01,2026-09-11T15:00:44Z
SM-A526B,ILO,A526BXXU1AUF4,2021-06-01,2026-09-11T15:00:07Z
SM-A526B,MID,A526BXXU1AUF4,2021-06-01,2026-09-11T15:00:10Z
SM-A526B,XSG,A526BXXU1AUF4,2021-06-01,2026-09-11T15:00:19Z
SM-A526B,XSA,A526BXXU1AUG3,2021-07-01,2026-09-11T15:00:41Z
SM-A526B,BTU,A526BXXU1AUH5,2021-08-01,2026-09-11T15:00:44Z
SM-A526B,ILO,A526BXXU1AUH5,2021-08-01,2026-09-11T15:00:07Z
SM-A526B,MID,A526BXXU1AUH5,2021-08-01,2026-09-11T15:00:10Z
SM-A526B,XSG,A526BXXU1AUH5,2021-08-01,2026-09-11T15:00:19Z
SM-A526B,BTU,A526BXXU1AUI4,2021-09-01,2026-09-11T15:00:44Z
SM-A526B,ILO,A526BXXU1AUI4,2021-09-01,2026-09-11T15:00:07Z
SM-A526B,MID,A526BXXU1AUI4,2021-09-01,2026-09-11T15:00:10Z
SM-A526B,XSA,A526BXXU1AUI4,2021-09-01,2026-09-11T15:00:41Z
SM-A526B,XSG,A526BXXU1AUI4,2021-09-01,2026-09-11T15:00:19Z
SM-A526B,BTU,A526BXXU1AUJ2,2021-10-01,2026-09-11T15:00:44Z
SM-A526B,ILO,A526BXXU1AUJ3,2021-10-01,2026-09-11T15:00:07Z
SM-A526B,MID,A526BXXU1AUJ3,2021-10-01,2026-09-11T15:00:10Z
SM-A526B,XSG,A526BXXU1AUJ3,2021-10-01,2026-09-11T15:00:19Z
SM-A526B,BTU,A526BXXU1AUJ7,2021-11-01,2026-09-11T15:00:44Z
SM-A526B,ILO,A526BXXU1AUJ7,2021-11-01,2026-09-11T15:00:07Z
SM-A526B,MID,A526BXXU1AUJ7,2021-11-01,2026-09-11T15:00:10Z
SM-A526B,XSA,A526BXXU1AUJ7,2021-11-01,2026-09-11T15:00:41Z
SM-A526B,XSG,A526BXXU1AUJ7,2021-11-01,2026-09-11T15:00:19Z
SM-A526B,BTU,A526BXXU1BUL7,2022-01-01,2026-09-11T15:00:44Z
SM-A526B,ILO,A526BXXU1BUL7,2022-01-01,2026-09-11T15:00:07Z
SM-A526B,MID,A526BXXU1BUL7,2022-01-01,2026-09-11T15:00:10Z
SM-A526B,XSA,A526BXXU1BUL7,2022-01-01,2026-09-11T15:00:41Z
SM-A526B,XSG,A526BXXU1BUL7,2022-01-01,2026-09-11T15:00:19Z
SM-A526B,BTU,A526BXXU1BVB2,2022-02-01,2026-09-11T15:00:44Z
SM-A526B,BTU,A526BXXU1CVC4,2022-03-01,2026-09-11T15:00:44Z
SM-A526B,ILO,A526BXXU1CVC4,2022-03-01,2026-09-11T15:00:07Z
SM-A526B,MID,A526BXXU1CVC4,2022-03-01,2026-09-11T15:00:10Z
SM-A526B,XSA,A526BXXU1CVC4,2022-03-01,2026-09-11T15:00:41Z
SM-A526B,XSG,A526BXXU1CVC4,2022-03-01,2026-09-11T15:00:19Z
SM-A526B,BTU,A526BXXU1CVD9,2022-05-01,2026-09-11T15:00:44Z
SM-A526B,ILO,A526BXXU1CVD9,2022-05-01,2026-09-11T15:00:07Z
SM-A526B,MID,A526BXXU1CVD9,2022-05-01,2026-09-11T15:00:10Z
SM-A526B,XSA,A526BXXU1CVD9,2022-05-01,2026-09-11T15:00:41Z
SM-A526B,XSG,A526BXXU1CVD9,2022-05-01,2026-09-11T15:00:19Z
SM-A526B,BTU,A526BXXU1CVF3,2022-06-01,2026-09-11T15:00:44Z
SM-A526B,XSA,A526BXXU1CVF3,2022-06-01,2026-09-11T15:00:41Z
SM-A526B,ILO,A526BXXU1CVF4,2022-06-01,2026-09-11T15:00:07Z
SM-A526B,MID,A526BXXU1CVF4,2022-06-01,2026-09-11T15:00:10Z
SM-A526B,XSG,A526BXXU1CVF4,2022-06-01,2026-09-11T15:00:19Z
SM-A526B,BTU,A526BXXU1CVG2,2022-07-01,2026-09-11T15:00:44Z
SM-A526B,XSA,A526BXXU1CVG2,2022-07-01,2026-09-11T15:00:41Z
SM-A526B,ILO,A526BXXU1CVG3,2022-07-01,2026-09-11T15:00:07Z
SM-A526B,MID,A526BXXU1CVG3,2022-07-01,2026-09-11T15:00:10Z
SM-A526B,XSG,A526BXXU1CVG3,2022-07-01,2026-09-11T15:00:19Z
SM-A526B,BTU,A526BXXU1CVG5,2022-08-01,2026-09-11T15:00:44Z
SM-A526B,XSA,A526BXXU1CVG5,2022-08-01,2026-09-11T15:00:41Z
SM-A526B,ILO,A526BXXU1CVG6,2022-08-01,2026-09-11T15:00:07Z
SM-A526B,MID,A526BXXU1CVG6,2022-08-01,2026-09-11T15:00:10Z
SM-A526B,XSG,A526BXXU1CVG6,2022-08-01,2026-09-11T15:00:19Z
SM-A526B,BTU,A526BXXU1CVH5,2022-09-01,2026-09-11T15:00:44Z
SM-A526B,ILO,A526BXXU1CVH5,2022-09-01,2026-09-11T15:00:07Z
SM-A526B,MID,A526BXXU1CVH5,2022-09-01,2026-09-11T15:00:10Z
SM-A526B,XSA,A526BXXU1CVH5,2022-09-01,2026-09-11T15:00:41Z
SM-A526B,XSG,A526BXXU1CVH5,2022-09-01,2026-09-11T15:00:19Z
SM-A526B,BTU,A526BXXU1DVK2,2022-11-01,2026-09-11T15:00:44Z
SM-A526B,ILO,A526BXXU1DVK3,2022-11-01,2026-09-11T15:00:07Z
SM-A526B,MID,A526BXXU1DVK3,2022-11-01,2026-09-11T15:00:10Z
SM-A526B,XSG,A526BXXU1DVK3,2022-11-01,2026-09-11T15:00:19Z
SM-A526B,XSA,A526BXXU1DVK5,2022-11-01,2026-09-11T15:00:41Z
SM-A526B,BTU,A526BXXU1DVL2,2022-12-01,2026-09-11T15:00:44Z
SM-A526B,ILO,A526BXXU1DVL2,2022-12-01,2026-09-11T15:00:07Z
SM-A526B,MID,A526BXXU1DVL2,2022-12-01,2026-09-11T15:00:10Z
SM-A526B,XSG,A526BXXU1DVL2,2022-12-01,2026-09-11T15:00:19Z
SM-A526B,XSA,A526BXXU1DWA6,2022-11-01,2026-09-11T15:00:41Z
SM-A526B,BTU,A526BXXU2DWA4,2023-01-01,2026-09-11T15:00:44Z
SM-A526B,ILO,A526BXXU2DWA4,2023-01-01,2026-09-11T15:00:07Z
SM-A526B,MID,A526BXXU2DWA4,2023-01-01,2026-09-11T15:00:10Z
SM-A526B,XSG,A526BXXU2DWA4,2023-01-01,2026-09-11T15:00:19Z
SM-A526B,BTU,A526BXXU2EWB1,2023-02-01,2026-09-11T15:00:44Z
SM-A526B,ILO,A526BXXU2EWB1,2023-02-01,2026-09-11T15:00:07Z
SM-A526B,MID,A526BXXU2EWB1,2023-02-01,2026-09-11T15:00:10Z
SM-A526B,XSA,A526BXXU2EWB1,2023-02-01,2026-09-11T15:00:41Z
SM-A526B,XSG,A526BXXU2EWB1,2023-02-01,2026-09-11T15:00:19Z
SM-A526B,BTU,A526BXXU2EWB5,2023-03-01,2026-09-11T15:00:44Z
SM-A526B,ILO,A526BXXU2EWB5,2023-03-01,2026-09-11T15:00:07Z
SM-A526B,MID,A526BXXU2EWB5,2023-03-01,2026-09-11T15:00:10Z
SM-A526B,XSA,A526BXXU2EWB5,2023-03-01,2026-09-11T15:00:41Z
SM-A526B,XSG,A526BXXU2EWB5,2023-03-01,2026-09-11T15:00:19Z
SM-A526B,BTU,A526BXXU3EWD2,2023-04-01,2026-09-11T15:00:44Z
SM-A526B,ILO,A526BXXU3EWD2,2023-04-01,2026-09-11T15:00:07Z
SM-A526B,MID,A526BXXU3EWD2,2023-04-01,2026-09-11T15:00:10Z
SM-A526B,XSA,A526BXXU3EWD2,2023-04-01,2026-09-11T15:00:41Z
SM-A526B,XSG,A526BXXU3EWD2,2023-04-01,2026-09-11T15:00:19Z
SM-A526B,BTU,A526BXXU4EWF3,2023-06-01,2026-09-11T15:00:44Z
SM-A526B,ILO,A526BXXU4EWF3,2023-06-01,2026-09-11T15:00:07Z
SM-A526B,MID,A526BXXU4EWF3,2023-06-01,2026-09-11T15:00:10Z
SM-A526B,XSA,A526BXXU4EWF3,2023-06-01,2026-09-11T15:00:41Z
SM-A526B,XSG,A526BXXU4EWF3,2023-06-01,2026-09-11T15:00:19Z
SM-A526B,BTU,A526BXXU4EWG8,2023-08-01,2026-09-11T15:00:44Z
SM-A526B,ILO,A526BXXU4EWG8,2023-08-01,2026-09-11T15:00:07Z
SM-A526B,MID,A526BXXU4EWG8,2023-08-01,2026-09-11T15:00:10Z
SM-A526B,XSA,A526BXXU4EWG8,2023-08-01,2026-09-11T15:00:41Z
SM-A526B,XSG,A526BXXU4EWG8,2023-08-01,2026-09-11T15:00:19Z
SM-A526B,BTU,A526BXXU5FWL1,2023-12-01,2026-09-11T15:00:44Z
SM-A526B,ILO,A526BXXU5FWL1,2023-12-01,2026-09-11T15:00:07Z
SM-A526B,MID,A526BXXU5FWL1,2023-12-01,2026-09-11T15:00:10Z
SM-A526B,XSA,A526BXXU5FWL1,2023-12-01,2026-09-11T15:00:41Z
SM-A526B,XSG,A526BXXU5FWL1,2023-12-01,2026-09-11T15:00:19Z
SM-A526B,BTU,A526BXXU7GXD3,2024-04-01,2026-09-11T15:00:44Z
SM-A526B,ILO,A526BXXU7GXD3,2024-04-01,2026-09-11T15:00:07Z
SM-A526B,MID,A526BXXU7GXD3,2024-04-01,2026-09-11T15:00:10Z
SM-A526B,XSA,A526BXXU7GXD3,2024-04-01,2026-09-11T15:00:41Z
SM-A526B,XSG,A526BXXU7GXD3,2024-04-01,2026-09-11T15:00:19Z
SM-A526B,BTU,A526BXXU9GXH1,2024-08-01,2026-09-11T15:00:44Z
SM-A526B,ILO,A526BXXU9GXH1,2024-08-01,2026-09-11T15:00:07Z
SM-A526B,MID,A526BXXU9GXH1,2024-08-01,2026-09-11T15:00:10Z
SM-A526B,XSA,A526BXXU9GXH1,2024-08-01,2026-09-11T15:00:41Z
SM-A526B,XSG,A526BXXU9GXH1,2024-08-01,2026-09-11T15:00:19Z
SM-A526B,BTU,A526BXXUBGXK4,2024-11-01,2026-09-11T15:00:44Z
SM-A526B,ILO,A526BXXUBGXK4,2024-11-01,2026-09-11T15:00:07Z
SM-A526B,MID,A526BXXUBGXK4,2024-11-01,2026-09-11T15:00:10Z
SM-A526B,XSA,A526BXXUBGXK4,2024-11-01,2026-09-11T15:00:41Z
SM-A526B,XSG,A526BXXUBGXK4,2024-11-01,2026-09-11T15:00:19Z
SM-A528B,AFG,A528BXXS1AUHA,2021-09-01,2026-09-11T15:01:02Z
SM-A528B,BTU,A528BXXS1AUHA,2021-09-01,2026-09-11T15:01:21Z
SM-A528B,EGY,A528BXXS1AUHA,2021-09-01,2026-09-11T15:00:53Z
SM-A528B,ILO,A528BXXS1AUHA,2021-09-01,2026-09-11T15:00:47Z
SM-A528B,INS,A528BXXS1AUHA,2021-09-01,2026-09-11T15:01:05Z
SM-A528B,MID,A528BXXS1AUHA,2021-09-01,2026-09-11T15:00:50Z
SM-A528B,SEE,A528BXXS1AUHA,2021-09-01,2026-09-11T15:01:15Z
SM-A528B,TUR,A528BXXS1AUHA,2021-09-01,2026-09-11T15:00:56Z
SM-A528B,XSG,A528BXXS1AUHA,2021-09-01,2026-09-11T15:00:59Z
SM-A528B,XSA,A528BXXS1AUK5,2021-11-01,2026-09-11T15:01:18Z
SM-A528B,XSA,A528BXXS1AUL2,2021-12-01,2026-09-11T15:01:18Z
SM-A528B,AFG,A528BXXS1AUL3,2021-12-01,2026-09-11T15:01:02Z
SM-A528B,BTU,A528BXXS1AUL3,2021-12-01,2026-09-11T15:01:21Z
SM-A528B,EGY,A528BXXS1AUL3,2021-12-01,2026-09-11T15:00:53Z
SM-A528B,INS,A528BXXS1AUL3,2021-12-01,2026-09-11T15:01:05Z
SM-A528B,MID,A528BXXS1AUL3,2021-12-01,2026-09-11T15:00:50Z
SM-A528B,SEE,A528BXXS1AUL3,2021-12-01,2026-09-11T15:01:15Z
SM-A528B,TUR,A528BXXS1AUL3,2021-12-01,2026-09-11T15:00:56Z
SM-A528B,XSG,A528BXXS1AUL3,2021-12-01,2026-09-11T15:00:59Z
SM-A528B,INS,A528BXXS1BVA4,2022-02-01,2026-09-11T15:01:05Z
SM-A528B,AFG,A528BXXS1BVB1,2022-02-01,2026-09-11T15:01:02Z
SM-A528B,BTU,A528BXXS1BVB1,2022-02-01,2026-09-11T15:01:21Z
SM-A528B,EGY,A528BXXS1BVB1,2022-02-01,2026-09-11T15:00:53Z
SM-A528B,ILO,A528BXXS1BVB1,2022-02-01,2026-09-11T15:00:47Z
SM-A528B,MID,A528BXXS1BVB1,2022-02-01,2026-09-11T15:00:50Z
SM-A528B,SEE,A528BXXS1BVB1,2022-02-01,2026-09-11T15:01:15Z
SM-A528B,TUR,A528BXXS1BVB1,2022-02-01,2026-09-11T15:00:56Z
SM-A528B,XSA,A528BXXS1BVB1,2022-02-01,2026-09-11T15:01:18Z
SM-A528B,XSG,A528BXXS1BVB1,2022-02-01,2026-09-11T15:00:59Z
SM-A528B,AFG,A528BXXS1BVC2,2022-03-01,2026-09-11T15:01:02Z
SM-A528B,BTU,A528BXXS1BVC2,2022-03-01,2026-09-11T15:01:21Z
SM-A528B,EGY,A528BXXS1BVC2,2022-03-01,2026-09-11T15:00:53Z
SM-A528B,ILO,A528BXXS1BVC2,2022-03-01,2026-09-11T15:00:47Z
SM-A528B,MID,A528BXXS1BVC2,2022-03-01,2026-09-11T15:00:50Z
SM-A528B,SEE,A528BXXS1BVC2,2022-03-01,2026-09-11T15:01:15Z
SM-A528B,TUR,A528BXXS1BVC2,2022-03-01,2026-09-11T15:00:56Z
SM-A528B,XSA,A528BXXS1BVC2,2022-03-01,2026-09-11T15:01:18Z
SM-A528B,XSG,A528BXXS1BVC2,2022-03-01,2026-09-11T15:00:59Z
SM-A528B,AFG,A528BXXS1CVD1,2022-04-01,2026-09-11T15:01:02Z
SM-A528B,BTU,A528BXXS1CVD1,2022-04-01,2026-09-11T15:01:21Z
SM-A528B,EGY,A528BXXS1CVD1,2022-04-01,2026-09-11T15:00:53Z
SM-A528B,ILO,A528BXXS1CVD1,2022-04-01,2026-09-11T15:00:47Z
SM-A528B,INS,A528BXXS1CVD1,2022-04-01,2026-09-11T15:01:05Z
SM-A528B,MID,A528BXXS1CVD1,2022-04-01,2026-09-11T15:00:50Z
SM-A528B,SEE,A528BXXS1CVD1,2022-04-01,2026-09-11T15:01:15Z
SM-A528B,TUR,A528BXXS1CVD1,2022-04-01,2026-09-11T15:00:56Z
SM-A528B,XSG,A528BXXS1CVD1,2022-04-01,2026-09-11T15:00:59Z
SM-A528B,AFG,A528BXXS1CVF1,2022-06-01,2026-09-11T15:01:02Z
SM-A528B,BTU,A528BXXS1CVF1,2022-06-01,2026-09-11T15:01:21Z
SM-A528B,EGY,A528BXXS1CVF1,2022-06-01,2026-09-11T15:00:53Z
SM-A528B,ILO,A528BXXS1CVF1,2022-06-01,2026-09-11T15:00:47Z
SM-A528B,INS,A528BXXS1CVF1,2022-06-01,2026-09-11T15:01:05Z
SM-A528B,MID,A528BXXS1CVF1,2022-06-01,2026-09-11T15:00:50Z
SM-A528B,SEE,A528BXXS1CVF1,2022-06-01,2026-09-11T15:01:15Z
SM-A528B,TUR,A528BXXS1CVF1,2022-06-01,2026-09-11T15:00:56Z
SM-A528B,XSA,A528BXXS1CVF1,2022-06-01,2026-09-11T15:01:18Z
SM-A528B,XSG,A528BXXS1CVF1,2022-06-01,2026-09-11T15:00:59Z
SM-A528B,AFG,A528BXXS1CVG2,2022-07-01,2026-09-11T15:01:02Z
SM-A528B,BTU,A528BXXS1CVG2,2022-07-01,2026-09-11T15:01:21Z
SM-A528B,EGY,A528BXXS1CVG2,2022-07-01,2026-09-11T15:00:53Z
SM-A528B,ILO,A528BXXS1CVG2,2022-07-01,2026-09-11T15:00:47Z
SM-A528B,INS,A528BXXS1CVG2,2022-07-01,2026-09-11T15:01:05Z
SM-A528B,MID,A528BXXS1CVG2,2022-07-01,2026-09-11T15:00:50Z
SM-A528B,SEE,A528BXXS1CVG2,2022-07-01,2026-09-11T15:01:15Z
SM-A528B,TUR,A528BXXS1CVG2,2022-07-01,2026-09-11T15:00:56Z
SM-A528B,XSA,A528BXXS1CVG2,2022-07-01,2026-09-11T15:01:18Z
SM-A528B,XSG,A528BXXS1CVG2,2022-07-01,2026-09-11T15:00:59Z
SM-A528B,AFG,A528BXXS1CVI6,2022-10-01,2026-09-11T15:01:02Z
SM-A528B,BTU,A528BXXS1CVI6,2022-10-01,2026-09-11T15:01:21Z
SM-A528B,EGY,A528BXXS1CVI6,2022-10-01,2026-09-11T15:00:53Z
SM-A528B,ILO,A528BXXS1CVI6,2022-10-01,2026-09-11T15:00:47Z
SM-A528B,INS,A528BXXS1CVI6,2022-10-01,2026-09-11T15:01:05Z
SM-A528B,MID,A528BXXS1CVI6,2022-10-01,2026-09-11T15:00:50Z
SM-A528B,SEE,A528BXXS1CVI6,2022-10-01,2026-09-11T15:01:15Z
SM-A528B,TUR,A528BXXS1CVI6,2022-10-01,2026-09-11T15:00:56Z
SM-A528B,XSA,A528BXXS1CVI6,2022-10-01,2026-09-11T15:01:18Z
SM-A528B,XSG,A528BXXS1CVI6,2022-10-01,2026-09-11T15:00:59Z
SM-A528B,AFG,A528BXXS1DVL2,2022-12-01,2026-09-11T15:01:02Z
SM-A528B,BTU,A528BXXS1DVL2,2022-12-01,2026-09-11T15:01:21Z
SM-A528B,EGY,A528BXXS1DVL2,2022-12-01,2026-09-11T15:00:53Z
SM-A528B,ILO,A528BXXS1DVL2,2022-12-01,2026-09-11T15:00:47Z
SM-A528B,INS,A528BXXS1DVL2,2022-12-01,2026-09-11T15:01:05Z
SM-A528B,MID,A528BXXS1DVL2,2022-12-01,2026-09-11T15:00:50Z
SM-A528B,SEE,A528BXXS1DVL2,2022-12-01,2026-09-11T15:01:15Z
SM-A528B,TUR,A528BXXS1DVL2,2022-12-01,2026-09-11T15:00:56Z
SM-A528B,XSG,A528BXXS1DVL2,2022-12-01,2026-09-11T15:00:59Z
SM-A528B,INS,A528BXXS2DWA9,2023-02-01,2026-09-11T15:01:05Z
SM-A528B,AFG,A528BXXS2DWB5,2023-02-01,2026-09-11T15:01:02Z
SM-A528B,BTU,A528BXXS2DWB5,2023-02-01,2026-09-11T15:01:21Z
SM-A528B,EGY,A528BXXS2DWB5,2023-02-01,2026-09-11T15:00:53Z
SM-A528B,ILO,A528BXXS2DWB5,2023-02-01,2026-09-11T15:00:47Z
SM-A528B,MID,A528BXXS2DWB5,2023-02-01,2026-09-11T15:00:50Z
SM-A528B,SEE,A528BXXS2DWB5,2023-02-01,2026-09-11T15:01:15Z
SM-A528B,TUR,A528BXXS2DWB5,2023-02-01,2026-09-11T15:00:56Z
SM-A528B,XSA,A528BXXS2DWB5,2023-02-01,2026-09-11T15:01:18Z
SM-A528B,XSG,A528BXXS2DWB5,2023-02-01,2026-09-11T15:00:59Z
SM-A528B,AFG,A528BXXS4EWG1,2023-07-01,2026-09-11T15:01:02Z
SM-A528B,BTU,A528BXXS4EWG1,2023-07-01,2026-09-11T15:01:21Z
SM-A528B,EGY,A528BXXS4EWG1,2023-07-01,2026-09-11T15:00:53Z
SM-A528B,ILO,A528BXXS4EWG1,2023-07-01,2026-09-11T15:00:47Z
SM-A528B,MID,A528BXXS4EWG1,2023-07-01,2026-09-11T15:00:50Z
SM-A528B,SEE,A528BXXS4EWG1,2023-07-01,2026-09-11T15:01:15Z
SM-A528B,TUR,A528BXXS4EWG1,2023-07-01,2026-09-11T15:00:56Z
SM-A528B,XSA,A528BXXS4EWG1,2023-07-01,2026-09-11T15:01:18Z
SM-A528B,XSG,A528BXXS4EWG1,2023-07-01,2026-09-11T15:00:59Z
SM-A528B,INS,A528BXXS4EWG2,2023-07-01,2026-09-11T15:01:05Z
SM-A528B,AFG,A528BXXS4EWGB,2023-08-01,2026-09-11T15:01:02Z
SM-A528B,BTU,A528BXXS4EWGB,2023-08-01,2026-09-11T15:01:21Z
SM-A528B,EGY,A528BXXS4EWGB,2023-08-01,2026-09-11T15:00:53Z
SM-A528B,ILO,A528BXXS4EWGB,2023-08-01,2026-09-11T15:00:47Z
SM-A528B,MID,A528BXXS4EWGB,2023-08-01,2026-09-11T15:00:50Z
SM-A528B,SEE,A528BXXS4EWGB,2023-08-01,2026-09-11T15:01:15Z
SM-A528B,TUR,A528BXXS4EWGB,2023-08-01,2026-09-11T15:00:56Z
SM-A528B,XSA,A528BXXS4EWGB,2023-08-01,2026-09-11T15:01:18Z
SM-A528B,XSG,A528BXXS4EWGB,2023-08-01,2026-09-11T15:00:59Z
SM-A528B,INS,A528BXXS4EWGC,2023-08-01,2026-09-11T15:01:05Z
SM-A528B,AFG,A528BXXS5EWJ1,2023-10-01,2026-09-11T15:01:02Z
SM-A528B,BTU,A528BXXS5EWJ1,2023-10-01,2026-09-11T15:01:21Z
SM-A528B,EGY,A528BXXS5EWJ1,2023-10-01,2026-09-11T15:00:53Z
SM-A528B,ILO,A528BXXS5EWJ1,2023-10-01,2026-09-11T15:00:47Z
SM-A528B,INS,A528BXXS5EWJ1,2023-10-01,2026-09-11T15:01:05Z
SM-A528B,MID,A528BXXS5EWJ1,2023-10-01,2026-09-11T15:00:50Z
SM-A528B,SEE,A528BXXS5EWJ1,2023-10-01,2026-09-11T15:01:15Z
SM-A528B,TUR,A528BXXS5EWJ1,2023-10-01,2026-09-11T15:00:56Z
SM-A528B,XSA,A528BXXS5EWJ1,2023-10-01,2026-09-11T15:01:18Z
SM-A528B,XSG,A528BXXS5EWJ1,2023-10-01,2026-09-11T15:00:59Z
SM-A528B,AFG,A528BXXS5EWK1,2023-11-01,2026-09-11T15:01:02Z
SM-A528B,BTU,A528BXXS5EWK1,2023-11-01,2026-09-11T15:01:21Z
SM-A528B,EGY,A528BXXS5EWK1,2023-11-01,2026-09-11T15:00:53Z
SM-A528B,ILO,A528BXXS5EWK1,2023-11-01,2026-09-11T15:00:47Z
SM-A528B,INS,A528BXXS5EWK1,2023-11-01,2026-09-11T15:01:05Z
SM-A528B,MID,A528BXXS5EWK1,2023-11-01,2026-09-11T15:00:50Z
SM-A528B,SEE,A528BXXS5EWK1,2023-11-01,2026-09-11T15:01:15Z
SM-A528B,TUR,A528BXXS5EWK1,2023-11-01,2026-09-11T15:00:56Z
SM-A528B,XSA,A528BXXS5EWK1,2023-11-01,2026-09-11T15:01:18Z
SM-A528B,XSG,A528BXXS5EWK1,2023-11-01,2026-09-11T15:00:59Z
SM-A528B,BTU,A528BXXS5FWL4,2023-12-01,2026-09-11T15:01:21Z
SM-A528B,INS,A528BXXS5FWL4,2023-12-01,2026-09-11T15:01:05Z
SM-A528B,SEE,A528BXXS5FWL4,2023-12-01,2026-09-11T15:01:15Z
SM-A528B,BTU,A528BXXS6FXA1,2024-01-01,2026-09-11T15:01:21Z
SM-A528B,INS,A528BXXS6FXA1,2024-01-01,2026-09-11T15:01:05Z
SM-A528B,SEE,A528BXXS6FXA1,2024-01-01,2026-09-11T15:01:15Z
SM-A528B,AFG,A528BXXS6FXA2,2024-01-01,2026-09-11T15:01:02Z
SM-A528B,EGY,A528BXXS6FXA2,2024-01-01,2026-09-11T15:00:53Z
SM-A528B,ILO,A528BXXS6FXA2,2024-01-01,2026-09-11T15:00:47Z
SM-A528B,MID,A528BXXS6FXA2,2024-01-01,2026-09-11T15:00:50Z
SM-A528B,TUR,A528BXXS6FXA2,2024-01-01,2026-09-11T15:00:56Z
SM-A528B,XSA,A528BXXS6FXA2,2024-01-01,2026-09-11T15:01:18Z
SM-A528B,XSG,A528BXXS6FXA2,2024-01-01,2026-09-11T15:00:59Z
SM-A528B,BTU,A528BXXS6FXB7,2024-02-01,2026-09-11T15:01:21Z
SM-A528B,INS,A528BXXS6FXB7,2024-02-01,2026-09-11T15:01:05Z
SM-A528B,SEE,A528BXXS6FXB7,2024-02-01,2026-09-11T15:01:15Z
SM-A528B,AFG,A528BXXS6FXB8,2024-02-01,2026-09-11T15:01:02Z
SM-A528B,EGY,A528BXXS6FXB8,2024-02-01,2026-09-11T15:00:53Z
SM-A528B,ILO,A528BXXS6FXB8,2024-02-01,2026-09-11T15:00:47Z
SM-A528B,MID,A528BXXS6FXB8,2024-02-01,2026-09-11T15:00:50Z
SM-A528B,TUR,A528BXXS6FXB8,2024-02-01,2026-09-11T15:00:56Z
SM-A528B,XSA,A528BXXS6FXB8,2024-02-01,2026-09-11T15:01:18Z
SM-A528B,XSG,A528BXXS6FXB8,2024-02-01,2026-09-11T15:00:59Z
SM-A528B,BTU,A528BXXS6FXC1,2024-03-01,2026-09-11T15:01:21Z
SM-A528B,INS,A528BXXS6FXC1,2024-03-01,2026-09-11T15:01:05Z
SM-A528B,SEE,A528BXXS6FXC1,2024-03-01,2026-09-11T15:01:15Z
SM-A528B,AFG,A528BXXS6FXC3,2024-03-01,2026-09-11T15:01:02Z
SM-A528B,EGY,A528BXXS6FXC3,2024-03-01,2026-09-11T15:00:53Z
SM-A528B,ILO,A528BXXS6FXC3,2024-03-01,2026-09-11T15:00:47Z
SM-A528B,MID,A528BXXS6FXC3,2024-03-01,2026-09-11T15:00:50Z
SM-A528B,TUR,A528BXXS6FXC3,2024-03-01,2026-09-11T15:00:56Z
SM-A528B,XSA,A528BXXS6FXC3,2024-03-01,2026-09-11T15:01:18Z
SM-A528B,XSG,A528BXXS6FXC3,2024-03-01,2026-09-11T15:00:59Z
SM-A528B,BTU,A528BXXS7FXC8,2024-04-01,2026-09-11T15:01:21Z
SM-A528B,INS,A528BXXS7FXC8,2024-04-01,2026-09-11T15:01:05Z
SM-A528B,SEE,A528BXXS7FXC8,2024-04-01,2026-09-11T15:01:15Z
SM-A528B,AFG,A528BXXS7FXC9,2024-04-01,2026-09-11T15:01:02Z
SM-A528B,EGY,A528BXXS7FXC9,2024-04-01,2026-09-11T15:00:53Z
SM-A528B,ILO,A528BXXS7FXC9,2024-04-01,2026-09-11T15:00:47Z
SM-A528B,MID,A528BXXS7FXC9,2024-04-01,2026-09-11T15:00:50Z
SM-A528B,TUR,A528BXXS7FXC9,2024-04-01,2026-09-11T15:00:56Z
SM-A528B,XSA,A528BXXS7FXC9,2024-04-01,2026-09-11T15:01:18Z
SM-A528B,XSG,A528BXXS7FXC9,2024-04-01,2026-09-11T15:00:59Z
SM-A528B,AFG,A528BXXS8GXE1,2024-05-01,2026-09-11T15:01:02Z
SM-A528B,BTU,A528BXXS8GXE1,2024-05-01,2026-09-11T15:01:21Z
SM-A528B,EGY,A528BXXS8GXE1,2024-05-01,2026-09-11T15:00:53Z
SM-A528B,ILO,A528BXXS8GXE1,2024-05-01,2026-09-11T15:00:47Z
SM-A528B,INS,A528BXXS8GXE1,2024-05-01,2026-09-11T15:01:05Z
SM-A528B,MID,A528BXXS8GXE1,2024-05-01,2026-09-11T15:00:50Z
SM-A528B,SEE,A528BXXS8GXE1,2024-05-01,2026-09-11T15:01:15Z
SM-A528B,XSA,A528BXXS8GXE1,2024-05-01,2026-09-11T15:01:18Z
SM-A528B,XSG,A528BXXS8GXE1,2024-05-01,2026-09-11T15:00:59Z
SM-A528B,TUR,A528BXXS8GXE8,2024-05-01,2026-09-11T15:00:56Z
SM-A528B,BTU,A528BXXS8GXEA,2024-06-01,2026-09-11T15:01:21Z
SM-A528B,INS,A528BXXS8GXEA,2024-06-01,2026-09-11T15:01:05Z
SM-A528B,SEE,A528BXXS8GXEA,2024-06-01,2026-09-11T15:01:15Z
SM-A528B,XSA,A528BXXS8GXEA,2024-06-01,2026-09-11T15:01:18Z
SM-A528B,AFG,A528BXXS8GXF4,2024-06-01,2026-09-11T15:01:02Z
SM-A528B,EGY,A528BXXS8GXF4,2024-06-01,2026-09-11T15:00:53Z
SM-A528B,ILO,A528BXXS8GXF4,2024-06-01,2026-09-11T15:00:47Z
SM-A528B,MID,A528BXXS8GXF4,2024-06-01,2026-09-11T15:00:50Z
SM-A528B,XSG,A528BXXS8GXF4,2024-06-01,2026-09-11T15:00:59Z
SM-A528B,TUR,A528BXXS8GXF5,2024-06-01,2026-09-11T15:00:56Z
SM-A528B,BTU,A528BXXS9GXF8,2024-07-01,2026-09-11T15:01:21Z
SM-A528B,INS,A528BXXS9GXF8,2024-07-01,2026-09-11T15:01:05Z
SM-A528B,SEE,A528BXXS9GXF8,2024-07-01,2026-09-11T15:01:15Z
SM-A528B,XSA,A528BXXS9GXF8,2024-07-01,2026-09-11T15:01:18Z
SM-A528B,AFG,A528BXXS9GXF9,2024-07-01,2026-09-11T15:01:02Z
SM-A528B,EGY,A528BXXS9GXF9,2024-07-01,2026-09-11T15:00:53Z
SM-A528B,ILO,A528BXXS9GXF9,2024-07-01,2026-09-11T15:00:47Z
SM-A528B,MID,A528BXXS9GXF9,2024-07-01,2026-09-11T15:00:50Z
SM-A528B,XSG,A528BXXS9GXF9,2024-07-01,2026-09-11T15:00:59Z
SM-A528B,TUR,A528BXXS9GXFA,2024-07-01,2026-09-11T15:00:56Z
SM-A528B,BTU,A528BXXS9GXG5,2024-08-01,2026-09-11T15:01:21Z
SM-A528B,INS,A528BXXS9GXG5,2024-08-01,2026-09-11T15:01:05Z
SM-A528B,SEE,A528BXXS9GXG5,2024-08-01,2026-09-11T15:01:15Z
SM-A528B,XSA,A528BXXS9GXG5,2024-08-01,2026-09-11T15:01:18Z
SM-A528B,AFG,A528BXXS9GXG6,2024-08-01,2026-09-11T15:01:02Z
SM-A528B,EGY,A528BXXS9GXG6,2024-08-01,2026-09-11T15:00:53Z
SM-A528B,ILO,A528BXXS9GXG6,2024-08-01,2026-09-11T15:00:47Z
SM-A528B,MID,A528BXXS9GXG6,2024-08-01,2026-09-11T15:00:50Z
SM-A528B,XSG,A528BXXS9GXG6,2024-08-01,2026-09-11T15:00:59Z
SM-A528B,TUR,A528BXXS9GXG7,2024-08-01,2026-09-11T15:00:56Z
SM-A528B,AFG,A528BXXS9GXH2,2024-09-01,2026-09-11T15:01:02Z
SM-A528B,BTU,A528BXXS9GXH2,2024-09-01,2026-09-11T15:01:21Z
SM-A528B,EGY,A528BXXS9GXH2,2024-09-01,2026-09-11T15:00:53Z
SM-A528B,ILO,A528BXXS9GXH2,2024-09-01,2026-09-11T15:00:47Z
SM-A528B,INS,A528BXXS9GXH2,2024-09-01,2026-09-11T15:01:05Z
SM-A528B,MID,A528BXXS9GXH2,2024-09-01,2026-09-11T15:00:50Z
SM-A528B,SEE,A528BXXS9GXH2,2024-09-01,2026-09-11T15:01:15Z
SM-A528B,TUR,A528BXXS9GXH2,2024-09-01,2026-09-11T15:00:56Z
SM-A528B,XSA,A528BXXS9GXH2,2024-09-01,2026-09-11T15:01:18Z
SM-A528B,XSG,A528BXXS9GXH2,2024-09-01,2026-09-11T15:00:59Z
SM-A528B,AFG,A528BXXSAGXK1,2024-11-01,2026-09-11T15:01:02Z
SM-A528B,BTU,A528BXXSAGXK1,2024-11-01,2026-09-11T15:01:21Z
SM-A528B,EGY,A528BXXSAGXK1,2024-11-01,2026-09-11T15:00:53Z
SM-A528B,ILO,A528BXXSAGXK1,2024-11-01,2026-09-11T15:00:47Z
SM-A528B,INS,A528BXXSAGXK1,2024-11-01,2026-09-11T15:01:05Z
SM-A528B,MID,A528BXXSAGXK1,2024-11-01,2026-09-11T15:00:50Z
SM-A528B,SEE,A528BXXSAGXK1,2024-11-01,2026-09-11T15:01:15Z
SM-A528B,TUR,A528BXXSAGXK1,2024-11-01,2026-09-11T15:00:56Z
SM-A528B,XSA,A528BXXSAGXK1,2024-11-01,2026-09-11T15:01:18Z
SM-A528B,XSG,A528BXXSAGXK1,2024-11-01,2026-09-11T15:00:59Z
SM-A528B,AFG,A528BXXSAGYA2,2025-01-01,2026-09-11T15:01:02Z
SM-A528B,BTU,A528BXXSAGYA2,2025-01-01,2026-09-11T15:01:21Z
SM-A528B,EGY,A528BXXSAGYA2,2025-01-01,2026-09-11T15:00:53Z
SM-A528B,ILO,A528BXXSAGYA2,2025-01-01,2026-09-11T15:00:47Z
SM-A528B,INS,A528BXXSAGYA2,2025-01-01,2026-09-11T15:01:05Z
SM-A528B,MID,A528BXXSAGYA2,2025-01-01,2026-09-11T15:00:50Z
SM-A528B,SEE,A528BXXSAGYA2,2025-01-01,2026-09-11T15:01:15Z
SM-A528B,TUR,A528BXXSAGYA2,2025-01-01,2026-09-11T15:00:56Z
SM-A528B,XSA,A528BXXSAGYA2,2025-01-01,2026-09-11T15:01:18Z
SM-A528B,XSG,A528BXXSAGYA2,2025-01-01,2026-09-11T15:00:59Z
SM-A528B,AFG,A528BXXSBGYC1,2025-04-01,2026-09-11T15:01:02Z
SM-A528B,BTU,A528BXXSBGYC1,2025-04-01,2026-09-11T15:01:21Z
SM-A528B,EGY,A528BXXSBGYC1,2025-04-01,2026-09-11T15:00:53Z
SM-A528B,ILO,A528BXXSBGYC1,2025-04-01,2026-09-11T15:00:47Z
SM-A528B,INS,A528BXXSBGYC1,2025-04-01,2026-09-11T15:01:05Z
SM-A528B,MID,A528BXXSBGYC1,2025-04-01,2026-09-11T15:00:50Z
SM-A528B,SEE,A528BXXSBGYC1,2025-04-01,2026-09-11T15:01:15Z
SM-A528B,TUR,A528BXXSBGYC1,2025-04-01,2026-09-11T15:00:56Z
SM-A528B,XSA,A528BXXSBGYC1,2025-04-01,2026-09-11T15:01:18Z
SM-A528B,XSG,A528BXXSBGYC1,2025-04-01,2026-09-11T15:00:59Z
SM-A528B,AFG,A528BXXSBGYF1,2025-06-01,2026-09-11T15:01:02Z
SM-A528B,BTU,A528BXXSBGYF1,2025-06-01,2026-09-11T15:01:21Z
SM-A528B,EGY,A528BXXSBGYF1,2025-06-01,2026-09-11T15:00:53Z
SM-A528B,ILO,A528BXXSBGYF1,2025-06-01,2026-09-11T15:00:47Z
SM-A528B,MID,A528BXXSBGYF1,2025-06-01,2026-09-11T15:00:50Z
SM-A528B,SEE,A528BXXSBGYF1,2025-06-01,2026-09-11T15:01:15Z
SM-A528B,TUR,A528BXXSBGYF1,2025-06-01,2026-09-11T15:00:56Z
SM-A528B,XSA,A528BXXSBGYF1,2025-06-01,2026-09-11T15:01:18Z
SM-A528B,XSG,A528BXXSBGYF1,2025-06-01,2026-09-11T15:00:59Z
SM-A528B,AFG,A528BXXSBGYI3,2025-09-01,2026-09-11T15:01:02Z
SM-A528B,BTU,A528BXXSBGYI3,2025-09-01,2026-09-11T15:01:21Z
SM-A528B,EGY,A528BXXSBGYI3,2025-09-01,2026-09-11T15:00:53Z
SM-A528B,ILO,A528BXXSBGYI3,2025-09-01,2026-09-11T15:00:47Z
SM-A528B,INS,A528BXXSBGYI3,2025-09-01,2026-09-11T15:01:05Z
SM-A528B,MID,A528BXXSBGYI3,2025-09-01,2026-09-11T15:00:50Z
SM-A528B,SEE,A528BXXSBGYI3,2025-09-01,2026-09-11T15:01:15Z
SM-A528B,TUR,A528BXXSBGYI3,2025-09-01,2026-09-11T15:00:56Z
SM-A528B,XSA,A528BXXSBGYI3,2025-09-01,2026-09-11T15:01:18Z
SM-A528B,XSG,A528BXXSBGYI3,2025-09-01,2026-09-11T15:00:59Z
SM-A528B,AFG,A528BXXU1AUH9,2021-08-01,2026-09-11T15:01:02Z
SM-A528B,BTU,A528BXXU1AUH9,2021-08-01,2026-09-11T15:01:21Z
SM-A528B,EGY,A528BXXU1AUH9,2021-08-01,2026-09-11T15:00:53Z
SM-A528B,ILO,A528BXXU1AUH9,2021-08-01,2026-09-11T15:00:47Z
SM-A528B,INS,A528BXXU1AUH9,2021-08-01,2026-09-11T15:01:05Z
SM-A528B,MID,A528BXXU1AUH9,2021-08-01,2026-09-11T15:00:50Z
SM-A528B,SEE,A528BXXU1AUH9,2021-08-01,2026-09-11T15:01:15Z
SM-A528B,TUR,A528BXXU1AUH9,2021-08-01,2026-09-11T15:00:56Z
SM-A528B,XSG,A528BXXU1AUH9,2021-08-01,2026-09-11T15:00:59Z
SM-A528B,XSA,A528BXXU1AUI1,2021-09-01,2026-09-11T15:01:18Z
SM-A528B,BTU,A528BXXU1AUI8,2021-10-01,2026-09-11T15:01:21Z
SM-A528B,INS,A528BXXU1AUI8,2021-10-01,2026-09-11T15:01:05Z
SM-A528B,SEE,A528BXXU1AUI8,2021-10-01,2026-09-11T15:01:15Z
SM-A528B,XSA,A528BXXU1AUI8,2021-10-01,2026-09-11T15:01:18Z
SM-A528B,AFG,A528BXXU1AUJ6,2021-10-01,2026-09-11T15:01:02Z
SM-A528B,EGY,A528BXXU1AUJ6,2021-10-01,2026-09-11T15:00:53Z
SM-A528B,ILO,A528BXXU1AUJ6,2021-10-01,2026-09-11T15:00:47Z
SM-A528B,MID,A528BXXU1AUJ6,2021-10-01,2026-09-11T15:00:50Z
SM-A528B,TUR,A528BXXU1AUJ6,2021-10-01,2026-09-11T15:00:56Z
SM-A528B,XSG,A528BXXU1AUJ6,2021-10-01,2026-09-11T15:00:59Z
SM-A528B,AFG,A528BXXU1AUK4,2021-11-01,2026-09-11T15:01:02Z
SM-A528B,BTU,A528BXXU1AUK4,2021-11-01,2026-09-11T15:01:21Z
SM-A528B,EGY,A528BXXU1AUK4,2021-11-01,2026-09-11T15:00:53Z
SM-A528B,ILO,A528BXXU1AUK4,2021-11-01,2026-09-11T15:00:47Z
SM-A528B,INS,A528BXXU1AUK4,2021-11-01,2026-09-11T15:01:05Z
SM-A528B,MID,A528BXXU1AUK4,2021-11-01,2026-09-11T15:00:50Z
SM-A528B,SEE,A528BXXU1AUK4,2021-11-01,2026-09-11T15:01:15Z
SM-A528B,TUR,A528BXXU1AUK4,2021-11-01,2026-09-11T15:00:56Z
SM-A528B,XSG,A528BXXU1AUK4,2021-11-01,2026-09-11T15:00:59Z
SM-A528B,AFG,A528BXXU1BUL7,2022-01-01,2026-09-11T15:01:02Z
SM-A528B,BTU,A528BXXU1BUL7,2022-01-01,2026-09-11T15:01:21Z
SM-A528B,EGY,A528BXXU1BUL7,2022-01-01,2026-09-11T15:00:53Z
SM-A528B,ILO,A528BXXU1BUL7,2022-01-01,2026-09-11T15:00:47Z
SM-A528B,INS,A528BXXU1BUL7,2022-01-01,2026-09-11T15:01:05Z
SM-A528B,MID,A528BXXU1BUL7,2022-01-01,2026-09-11T15:00:50Z
SM-A528B,SEE,A528BXXU1BUL7,2022-01-01,2026-09-11T15:01:15Z
SM-A528B,TUR,A528BXXU1BUL7,2022-01-01,2026-09-11T15:00:56Z
SM-A528B,XSA,A528BXXU1BUL7,2022-01-01,2026-09-11T15:01:18Z
SM-A528B,XSG,A528BXXU1BUL7,2022-01-01,2026-09-11T15:00:59Z
SM-A528B,AFG,A528BXXU1CVC6,2022-03-01,2026-09-11T15:01:02Z
SM-A528B,BTU,A528BXXU1CVC6,2022-03-01,2026-09-11T15:01:21Z
SM-A528B,EGY,A528BXXU1CVC6,2022-03-01,2026-09-11T15:00:53Z
SM-A528B,ILO,A528BXXU1CVC6,2022-03-01,2026-09-11T15:00:47Z
SM-A528B,INS,A528BXXU1CVC6,2022-03-01,2026-09-11T15:01:05Z
SM-A528B,MID,A528BXXU1CVC6,2022-03-01,2026-09-11T15:00:50Z
SM-A528B,SEE,A528BXXU1CVC6,2022-03-01,2026-09-11T15:01:15Z
SM-A528B,TUR,A528BXXU1CVC6,2022-03-01,2026-09-11T15:00:56Z
SM-A528B,XSG,A528BXXU1CVC6,2022-03-01,2026-09-11T15:00:59Z
SM-A528B,XSA,A528BXXU1CVD2,2022-03-01,2026-09-11T15:01:18Z
SM-A528B,BTU,A528BXXU1CVE1,2022-05-01,2026-09-11T15:01:21Z
SM-A528B,SEE,A528BXXU1CVE1,2022-05-01,2026-09-11T15:01:15Z
SM-A528B,AFG,A528BXXU1CVE2,2022-05-01,2026-09-11T15:01:02Z
SM-A528B,BTU,A528BXXU1CVE2,2022-05-01,2026-09-11T15:01:21Z
SM-A528B,EGY,A528BXXU1CVE2,2022-05-01,2026-09-11T15:00:53Z
SM-A528B,ILO,A528BXXU1CVE2,2022-05-01,2026-09-11T15:00:47Z
SM-A528B,INS,A528BXXU1CVE2,2022-05-01,2026-09-11T15:01:05Z
SM-A528B,MID,A528BXXU1CVE2,2022-05-01,2026-09-11T15:00:50Z
SM-A528B,SEE,A528BXXU1CVE2,2022-05-01,2026-09-11T15:01:15Z
SM-A528B,TUR,A528BXXU1CVE2,2022-05-01,2026-09-11T15:00:56Z
SM-A528B,XSA,A528BXXU1CVE2,2022-05-01,2026-09-11T15:01:18Z
SM-A528B,XSG,A528BXXU1CVE2,2022-05-01,2026-09-11T15:00:59Z
SM-A528B,AFG,A528BXXU1CVG7,2022-08-01,2026-09-11T15:01:02Z
SM-A528B,BTU,A528BXXU1CVG7,2022-08-01,2026-09-11T15:01:21Z
SM-A528B,EGY,A528BXXU1CVG7,2022-08-01,2026-09-11T15:00:53Z
SM-A528B,ILO,A528BXXU1CVG7,2022-08-01,2026-09-11T15:00:47Z
SM-A528B,INS,A528BXXU1CVG7,2022-08-01,2026-09-11T15:01:05Z
SM-A528B,MID,A528BXXU1CVG7,2022-08-01,2026-09-11T15:00:50Z
SM-A528B,SEE,A528BXXU1CVG7,2022-08-01,2026-09-11T15:01:15Z
SM-A528B,TUR,A528BXXU1CVG7,2022-08-01,2026-09-11T15:00:56Z
SM-A528B,XSA,A528BXXU1CVG7,2022-08-01,2026-09-11T15:01:18Z
SM-A528B,XSG,A528BXXU1CVG7,2022-08-01,2026-09-11T15:00:59Z
SM-A528B,AFG,A528BXXU1CVH6,2022-09-01,2026-09-11T15:01:02Z
SM-A528B,BTU,A528BXXU1CVH6,2022-09-01,2026-09-11T15:01:21Z
SM-A528B,EGY,A528BXXU1CVH6,2022-09-01,2026-09-11T15:00:53Z
SM-A528B,ILO,A528BXXU1CVH6,2022-09-01,2026-09-11T15:00:47Z
SM-A528B,INS,A528BXXU1CVH6,2022-09-01,2026-09-11T15:01:05Z
SM-A528B,MID,A528BXXU1CVH6,2022-09-01,2026-09-11T15:00:50Z
SM-A528B,SEE,A528BXXU1CVH6,2022-09-01,2026-09-11T15:01:15Z
SM-A528B,TUR,A528BXXU1CVH6,2022-09-01,2026-09-11T15:00:56Z
SM-A528B,XSA,A528BXXU1CVH6,2022-09-01,2026-09-11T15:01:18Z
SM-A528B,XSG,A528BXXU1CVH6,2022-09-01,2026-09-11T15:00:59Z
SM-A528B,INS,A528BXXU1CVJ1,2022-10-01,2026-09-11T15:01:05Z
SM-A528B,AFG,A528BXXU1DVK5,2022-11-01,2026-09-11T15:01:02Z
SM-A528B,BTU,A528BXXU1DVK5,2022-11-01,2026-09-11T15:01:21Z
SM-A528B,EGY,A528BXXU1DVK5,2022-11-01,2026-09-11T15:00:53Z
SM-A528B,ILO,A528BXXU1DVK5,2022-11-01,2026-09-11T15:00:47Z
SM-A528B,INS,A528BXXU1DVK5,2022-11-01,2026-09-11T15:01:05Z
SM-A528B,MID,A528BXXU1DVK5,2022-11-01,2026-09-11T15:00:50Z
SM-A528B,SEE,A528BXXU1DVK5,2022-11-01,2026-09-11T15:01:15Z
SM-A528B,TUR,A528BXXU1DVK5,2022-11-01,2026-09-11T15:00:56Z
SM-A528B,XSG,A528BXXU1DVK5,2022-11-01,2026-09-11T15:00:59Z
SM-A528B,XSA,A528BXXU1DVK6,2022-11-01,2026-09-11T15:01:18Z
SM-A528B,XSA,A528BXXU1DWA2,2022-11-01,2026-09-11T15:01:18Z
SM-A528B,AFG,A528BXXU1DWA4,2023-01-01,2026-09-11T15:01:02Z
SM-A528B,BTU,A528BXXU1DWA4,2023-01-01,2026-09-11T15:01:21Z
SM-A528B,EGY,A528BXXU1DWA4,2023-01-01,2026-09-11T15:00:53Z
SM-A528B,ILO,A528BXXU1DWA4,2023-01-01,2026-09-11T15:00:47Z
SM-A528B,INS,A528BXXU1DWA4,2023-01-01,2026-09-11T15:01:05Z
SM-A528B,MID,A528BXXU1DWA4,2023-01-01,2026-09-11T15:00:50Z
SM-A528B,SEE,A528BXXU1DWA4,2023-01-01,2026-09-11T15:01:15Z
SM-A528B,TUR,A528BXXU1DWA4,2023-01-01,2026-09-11T15:00:56Z
SM-A528B,XSA,A528BXXU1DWA4,2023-01-01,2026-09-11T15:01:18Z
SM-A528B,XSG,A528BXXU1DWA4,2023-01-01,2026-09-11T15:00:59Z
SM-A528B,AFG,A528BXXU2EWC1,2023-03-01,2026-09-11T15:01:02Z
SM-A528B,BTU,A528BXXU2EWC1,2023-03-01,2026-09-11T15:01:21Z
SM-A528B,EGY,A528BXXU2EWC1,2023-03-01,2026-09-11T15:00:53Z
SM-A528B,ILO,A528BXXU2EWC1,2023-03-01,2026-09-11T15:00:47Z
SM-A528B,INS,A528BXXU2EWC1,2023-03-01,2026-09-11T15:01:05Z
SM-A528B,MID,A528BXXU2EWC1,2023-03-01,2026-09-11T15:00:50Z
SM-A528B,SEE,A528BXXU2EWC1,2023-03-01,2026-09-11T15:01:15Z
SM-A528B,TUR,A528BXXU2EWC1,2023-03-01,2026-09-11T15:00:56Z
SM-A528B,XSA,A528BXXU2EWC1,2023-03-01,2026-09-11T15:01:18Z
SM-A528B,XSG,A528BXXU2EWC1,2023-03-01,2026-09-11T15:00:59Z
SM-A528B,AFG,A528BXXU3EWC6,2023-04-01,2026-09-11T15:01:02Z
SM-A528B,BTU,A528BXXU3EWC6,2023-04-01,2026-09-11T15:01:21Z
SM-A528B,EGY,A528BXXU3EWC6,2023-04-01,2026-09-11T15:00:53Z
SM-A528B,ILO,A528BXXU3EWC6,2023-04-01,2026-09-11T15:00:47Z
SM-A528B,INS,A528BXXU3EWC6,2023-04-01,2026-09-11T15:01:05Z
SM-A528B,MID,A528BXXU3EWC6,2023-04-01,2026-09-11T15:00:50Z
SM-A528B,SEE,A528BXXU3EWC6,2023-04-01,2026-09-11T15:01:15Z
SM-A528B,TUR,A528BXXU3EWC6,2023-04-01,2026-09-11T15:00:56Z
SM-A528B,XSA,A528BXXU3EWC6,2023-04-01,2026-09-11T15:01:18Z
SM-A528B,XSG,A528BXXU3EWC6,2023-04-01,2026-09-11T15:00:59Z
SM-A528B,XSA,A528BXXU3EWD3,2023-04-01,2026-09-11T15:01:18Z
SM-A528B,AFG,A528BXXU3EWE1,2023-05-01,2026-09-11T15:01:02Z
SM-A528B,BTU,A528BXXU3EWE1,2023-05-01,2026-09-11T15:01:21Z
SM-A528B,EGY,A528BXXU3EWE1,2023-05-01,2026-09-11T15:00:53Z
SM-A528B,ILO,A528BXXU3EWE1,2023-05-01,2026-09-11T15:00:47Z
SM-A528B,INS,A528BXXU3EWE1,2023-05-01,2026-09-11T15:01:05Z
SM-A528B,MID,A528BXXU3EWE1,2023-05-01,2026-09-11T15:00:50Z
SM-A528B,SEE,A528BXXU3EWE1,2023-05-01,2026-09-11T15:01:15Z
SM-A528B,TUR,A528BXXU3EWE1,2023-05-01,2026-09-11T15:00:56Z
SM-A528B,XSA,A528BXXU3EWE1,2023-05-01,2026-09-11T15:01:18Z
SM-A528B,XSG,A528BXXU3EWE1,2023-05-01,2026-09-11T15:00:59Z
SM-A528B,AFG,A528BXXU4EWE4,2023-06-01,2026-09-11T15:01:02Z
SM-A528B,BTU,A528BXXU4EWE4,2023-06-01,2026-09-11T15:01:21Z
SM-A528B,EGY,A528BXXU4EWE4,2023-06-01,2026-09-11T15:00:53Z
SM-A528B,ILO,A528BXXU4EWE4,2023-06-01,2026-09-11T15:00:47Z
SM-A528B,MID,A528BXXU4EWE4,2023-06-01,2026-09-11T15:00:50Z
SM-A528B,SEE,A528BXXU4EWE4,2023-06-01,2026-09-11T15:01:15Z
SM-A528B,TUR,A528BXXU4EWE4,2023-06-01,2026-09-11T15:00:56Z
SM-A528B,XSA,A528BXXU4EWE4,2023-06-01,2026-09-11T15:01:18Z
SM-A528B,XSG,A528BXXU4EWE4,2023-06-01,2026-09-11T15:00:59Z
SM-A528B,INS,A528BXXU4EWF2,2023-06-01,2026-09-11T15:01:05Z
SM-A528B,AFG,A528BXXU5EWH9,2023-09-01,2026-09-11T15:01:02Z
SM-A528B,BTU,A528BXXU5EWH9,2023-09-01,2026-09-11T15:01:21Z
SM-A528B,EGY,A528BXXU5EWH9,2023-09-01,2026-09-11T15:00:53Z
SM-A528B,ILO,A528BXXU5EWH9,2023-09-01,2026-09-11T15:00:47Z
SM-A528B,INS,A528BXXU5EWH9,2023-09-01,2026-09-11T15:01:05Z
SM-A528B,MID,A528BXXU5EWH9,2023-09-01,2026-09-11T15:00:50Z
SM-A528B,SEE,A528BXXU5EWH9,2023-09-01,2026-09-11T15:01:15Z
SM-A528B,TUR,A528BXXU5EWH9,2023-09-01,2026-09-11T15:00:56Z
SM-A528B,XSA,A528BXXU5EWH9,2023-09-01,2026-09-11T15:01:18Z
SM-A528B,XSG,A528BXXU5EWH9,2023-09-01,2026-09-11T15:00:59Z
SM-A528B,BTU,A528BXXU5FWK4,2023-11-01,2026-09-11T15:01:21Z
SM-A528B,INS,A528BXXU5FWK4,2023-11-01,2026-09-11T15:01:05Z
SM-A528B,SEE,A528BXXU5FWK4,2023-11-01,2026-09-11T15:01:15Z
SM-A528B,AFG,A528BXXU5FWL2,2023-12-01,2026-09-11T15:01:02Z
SM-A528B,EGY,A528BXXU5FWL2,2023-12-01,2026-09-11T15:00:53Z
SM-A528B,ILO,A528BXXU5FWL2,2023-12-01,2026-09-11T15:00:47Z
SM-A528B,MID,A528BXXU5FWL2,2023-12-01,2026-09-11T15:00:50Z
SM-A528B,TUR,A528BXXU5FWL2,2023-12-01,2026-09-11T15:00:56Z
SM-A528B,XSA,A528BXXU5FWL2,2023-12-01,2026-09-11T15:01:18Z
SM-A528B,XSG,A528BXXU5FWL2,2023-12-01,2026-09-11T15:00:59Z
SM-A528B,AFG,A528BXXU7GXDC,2024-04-01,2026-09-11T15:01:02Z
SM-A528B,BTU,A528BXXU7GXDC,2024-04-01,2026-09-11T15:01:21Z
SM-A528B,EGY,A528BXXU7GXDC,2024-04-01,2026-09-11T15:00:53Z
SM-A528B,ILO,A528BXXU7GXDC,2024-04-01,2026-09-11T15:00:47Z
SM-A528B,INS,A528BXXU7GXDC,2024-04-01,2026-09-11T15:01:05Z
SM-A528B,MID,A528BXXU7GXDC,2024-04-01,2026-09-11T15:00:50Z
SM-A528B,SEE,A528BXXU7GXDC,2024-04-01,2026-09-11T15:01:15Z
SM-A528B,XSA,A528BXXU7GXDC,2024-04-01,2026-09-11T15:01:18Z
SM-A528B,XSG,A528BXXU7GXDC,2024-04-01,2026-09-11T15:00:59Z
SM-A528B,TUR,A528BXXU7GXE5,2024-04-01,2026-09-11T15:00:56Z
SM-A528B,AFG,A528BXXU9GXH1,2024-08-01,2026-09-11T15:01:02Z
SM-A528B,BTU,A528BXXU9GXH1,2024-08-01,2026-09-11T15:01:21Z
SM-A528B,EGY,A528BXXU9GXH1,2024-08-01,2026-09-11T15:00:53Z
SM-A528B,ILO,A528BXXU9GXH1,2024-08-01,2026-09-11T15:00:47Z
SM-A528B,INS,A528BXXU9GXH1,2024-08-01,2026-09-11T15:01:05Z
SM-A528B,MID,A528BXXU9GXH1,2024-08-01,2026-09-11T15:00:50Z
SM-A528B,SEE,A528BXXU9GXH1,2024-08-01,2026-09-11T15:01:15Z
SM-A528B,TUR,A528BXXU9GXH1,2024-08-01,2026-09-11T15:00:56Z
SM-A528B,XSA,A528BXXU9GXH1,2024-08-01,2026-09-11T15:01:18Z
SM-A528B,XSG,A528BXXU9GXH1,2024-08-01,2026-09-11T15:00:59Z
SM-A528B,AFG,A528BXXU9GXJ5,2024-10-01,2026-09-11T15:01:02Z
SM-A528B,BTU,A528BXXU9GXJ5,2024-10-01,2026-09-11T15:01:21Z
SM-A528B,EGY,A528BXXU9GXJ5,2024-10-01,2026-09-11T15:00:53Z
SM-A528B,ILO,A528BXXU9GXJ5,2024-10-01,2026-09-11T15:00:47Z
SM-A528B,INS,A528BXXU9GXJ5,2024-10-01,2026-09-11T15:01:05Z
SM-A528B,MID,A528BXXU9GXJ5,2024-10-01,2026-09-11T15:00:50Z
SM-A528B,SEE,A528BXXU9GXJ5,2024-10-01,2026-09-11T15:01:15Z
SM-A528B,TUR,A528BXXU9GXJ5,2024-10-01,2026-09-11T15:00:56Z
SM-A528B,XSA,A528BXXU9GXJ5,2024-10-01,2026-09-11T15:01:18Z
SM-A528B,XSG,A528BXXU9GXJ5,2024-10-01,2026-09-11T15:00:59Z
SM-A528B,AFG,A528BXXUAGXK8,2024-11-01,2026-09-11T15:01:02Z
SM-A528B,BTU,A528BXXUAGXK8,2024-11-01,2026-09-11T15:01:21Z
SM-A528B,EGY,A528BXXUAGXK8,2024-11-01,2026-09-11T15:00:53Z
SM-A528B,ILO,A528BXXUAGXK8,2024-11-01,2026-09-11T15:00:47Z
SM-A528B,INS,A528BXXUAGXK8,2024-11-01,2026-09-11T15:01:05Z
SM-A528B,MID,A528BXXUAGXK8,2024-11-01,2026-09-11T15:00:50Z
SM-A528B,SEE,A528BXXUAGXK8,2024-11-01,2026-09-11T15:01:15Z
SM-A528B,TUR,A528BXXUAGXK8,2024-11-01,2026-09-11T15:00:56Z
SM-A528B,XSA,A528BXXUAGXK8,2024-11-01,2026-09-11T15:01:18Z
SM-A528B,XSG,A528BXXUAGXK8,2024-11-01,2026-09-11T15:00:59Z
SM-A536B,EUX,A536BXXS4AVJ1,2022-10-01,2026-09-11T15:01:49Z
SM-A536B,EUX,A536BXXS4BWA2,2023-01-01,2026-09-11T15:01:49Z
SM-A536B,EUX,A536BXXS5CWB6,2023-03-01,2026-09-11T15:01:49Z
SM-A536B,EUX,A536BXXS5CWD3,2023-05-01,2026-09-11T15:01:49Z
SM-A536B,EUX,A536BXXS7CWG2,2023-07-01,2026-09-11T15:01:49Z
SM-A536B,EUX,A536BXXS7CWH1,2023-09-01,2026-09-11T15:01:49Z
SM-A536B,EUX,A536BXXS7CWI1,2023-10-01,2026-09-11T15:01:49Z
SM-A536B,EUX,A536BXXS8DWL1,2023-12-01,2026-09-11T15:01:49Z
SM-A536B,EUX,A536BXXS8DWL5,2024-01-01,2026-09-11T15:01:49Z
SM-A536B,EUX,A536BXXS8DXA1,2024-02-01,2026-09-11T15:01:49Z
SM-A536B,EUX,A536BXXS8DXC1,2024-03-01,2026-09-11T15:01:49Z
SM-A536B,EUX,A536BXXS9DXD1,2024-04-01,2026-09-11T15:01:49Z
SM-A536B,EUX,A536BXXSAEXE1,2024-05-01,2026-09-11T15:01:49Z
SM-A536B,EUX,A536BXXSAEXF1,2024-06-01,2026-09-11T15:01:49Z
SM-A536B,EUX,A536BXXSBEXF3,2024-07-01,2026-09-11T15:01:49Z
SM-A536B,EUX,A536BXXSBEXH1,2024-08-01,2026-09-11T15:01:49Z
SM-A536B,EUX,A536BXXSBEXH3,2024-09-01,2026-09-11T15:01:49Z
SM-A536B,EUX,A536BXXSCEXIA,2024-10-01,2026-09-11T15:01:49Z
SM-A536B,EUX,A536BXXSDEXJB,2024-11-01,2026-09-11T15:01:49Z
SM-A536B,EUX,A536BXXSDEXL2,2024-12-01,2026-09-11T15:01:49Z
SM-A536B,EUX,A536BXXSDEXLC,2025-01-01,2026-09-11T15:01:49Z
SM-A536B,EUX,A536BXXSDEYB1,2025-02-01,2026-09-11T15:01:49Z
SM-A536B,EUX,A536BXXSDEYB9,2025-03-01,2026-09-11T15:01:49Z
SM-A536B,EUX,A536BXXSEEYCB,2025-04-01,2026-09-11T15:01:49Z
SM-A536B,EUX,A536BXXSEEYD9,2025-05-01,2026-09-11T15:01:49Z
SM-A536B,EUX,A536BXXSFFYEA,2025-06-01,2026-09-11T15:01:49Z
SM-A536B,EUX,A536BXXSGFYG1,2025-07-01,2026-09-11T15:01:49Z
SM-A536B,EUX,A536BXXSHFYH1,2025-08-01,2026-09-11T15:01:49Z
SM-A536B,EUX,A536BXXSHFYI1,2025-09-01,2026-09-11T15:01:49Z
SM-A536B,EUX,A536BXXSHGYJ3,2025-10-01,2026-09-11T15:01:49Z
SM-A536B,EUX,A536BXXSIGYK3,2025-11-01,2026-09-11T15:01:49Z
SM-A536B,EUX,A536BXXSIGYL1,2025-12-01,2026-09-11T15:01:49Z
SM-A536B,EUX,A536BXXSJGZA2,2026-01-01,2026-09-11T15:01:49Z
SM-A536B,EUX,A536BXXSKGZB6,2026-02-05,2026-09-11T15:01:49Z
SM-A536B,EUX,A536BXXSKGZC1,2026-03-05,2026-09-11T15:01:49Z
SM-A536B,EUX,A536BXXSLGZD1,2026-04-05,2026-09-11T15:01:49Z
SM-A536B,EUX,A536BXXSMGZE1,2026-05-05,2026-09-11T15:01:49Z
SM-A536B,EUX,A536BXXSNGZG3,2026-07-05,2026-09-11T15:01:49Z
SM-A536B,EUX,A536BXXSOGZH2,2026-08-05,2026-09-11T15:01:49Z
SM-A536B,EUX,A536BXXU1AVCA,2022-03-01,2026-09-11T15:01:49Z
SM-A536B,EUX,A536BXXU1AVCC,2022-04-01,2026-09-11T15:01:49Z
SM-A536B,EUX,A536BXXU2AVD7,2022-05-01,2026-09-11T15:01:49Z
SM-A536B,EUX,A536BXXU2AVF2,2022-06-01,2026-09-11T15:01:49Z
SM-A536B,EUX,A536BXXU2AVG1,2022-07-01,2026-09-11T15:01:49Z
SM-A536B,EUX,A536BXXU3AVGA,2022-08-01,2026-09-11T15:01:49Z
SM-A536B,EUX,A536BXXU4BVJG,2022-10-01,2026-09-11T15:01:49Z
SM-A536B,EUX,A536BXXU4BVK5,2022-10-01,2026-09-11T15:01:49Z
SM-A536B,EUX,A536BXXU4BVKB,2022-11-01,2026-09-11T15:01:49Z
SM-A536B,EUX,A536BXXU4BVL2,2022-12-01,2026-09-11T15:01:49Z
SM-A536B,EUX,A536BXXU4CWB1,2023-02-01,2026-09-11T15:01:49Z
SM-A536B,EUX,A536BXXU5CWD1,2023-04-01,2026-09-11T15:01:49Z
SM-A536B,EUX,A536BXXU6CWE9,2023-06-01,2026-09-11T15:01:49Z
SM-A536B,EUX,A536BXXU7CWGJ,2023-08-01,2026-09-11T15:01:49Z
SM-A536B,EUX,A536BXXU7DWK6,2023-11-01,2026-09-11T15:01:49Z
SM-A536B,EUX,A536BXXU9EXDC,2024-04-01,2026-09-11T15:01:49Z
SM-A536B,EUX,A536BXXUBEXG7,2024-07-01,2026-09-11T15:01:49Z
SM-A536B,EUX,A536BXXUDEXK3,2024-11-01,2026-09-11T15:01:49Z
SM-A536B,EUX,A536BXXUEFYE2,2025-05-01,2026-09-11T15:01:49Z
SM-A536B,EUX,A536BXXUHGYI9,2025-09-01,2026-09-11T15:01:49Z
SM-A546B,EUX,A546BXXS2AWC6,2023-04-01,2026-09-11T15:02:30Z
SM-A546B,EUX,A546BXXS4AWF7,2023-07-01,2026-09-11T15:02:30Z
SM-A546B,EUX,A546BXXS5AWI3,2023-09-01,2026-09-11T15:02:30Z
SM-A546B,EUX,A546BXXS5AWJ1,2023-10-01,2026-09-11T15:02:30Z
SM-A546B,EUX,A546BXXS6BWL3,2023-12-01,2026-09-11T15:02:30Z
SM-A546B,EUX,A546BXXS6BXA8,2024-02-01,2026-09-11T15:02:30Z
SM-A546B,EUX,A546BXXS6BXC1,2024-03-01,2026-09-11T15:02:30Z
SM-A546B,EUX,A546BXXS7BXD1,2024-04-01,2026-09-11T15:02:30Z
SM-A546B,EUX,A546BXXS8CXE2,2024-05-01,2026-09-11T15:02:30Z
SM-A546B,EUX,A546BXXS8CXF1,2024-06-01,2026-09-11T15:02:30Z
SM-A546B,EUX,A546BXXS9CXG1,2024-07-01,2026-09-11T15:02:30Z
SM-A546B,EUX,A546BXXS9CXH7,2024-09-01,2026-09-11T15:02:30Z
SM-A546B,EUX,A546BXXSACXI3,2024-10-01,2026-09-11T15:02:30Z
SM-A546B,EUX,A546BXXSBCXL3,2024-12-01,2026-09-11T15:02:30Z
SM-A546B,EUX,A546BXXSBCYA2,2025-01-01,2026-09-11T15:02:30Z
SM-A546B,EUX,A546BXXSBCYB1,2025-02-01,2026-09-11T15:02:30Z
SM-A546B,EUX,A546BXXSBCYB7,2025-03-01,2026-09-11T15:02:30Z
SM-A546B,EUX,A546BXXSCCYD1,2025-04-01,2026-09-11T15:02:30Z
SM-A546B,EUX,A546BXXSDDYF1,2025-06-01,2026-09-11T15:02:30Z
SM-A546B,EUX,A546BXXSEDYG1,2025-07-01,2026-09-11T15:02:30Z
SM-A546B,EUX,A546BXXSFDYH1,2025-08-01,2026-09-11T15:02:30Z
SM-A546B,EUX,A546BXXSFDYI1,2025-09-01,2026-09-11T15:02:30Z
SM-A546B,EUX,A546BXXSFEYJ9,2025-10-01,2026-09-11T15:02:30Z
SM-A546B,EUX,A546BXXSGEYK3,2025-11-01,2026-09-11T15:02:30Z
SM-A546B,EUX,A546BXXSGEYK7,2025-12-01,2026-09-11T15:02:30Z
SM-A546B,EUX,A546BXXSHEZA3,2026-01-01,2026-09-11T15:02:30Z
SM-A546B,EUX,A546BXXSIEZB7,2026-02-05,2026-09-11T15:02:30Z
SM-A546B,EUX,A546BXXSIEZC3,2026-03-05,2026-09-11T15:02:30Z
SM-A546B,EUX,A546BXXSJEZD1,2026-04-05,2026-09-11T15:02:30Z
SM-A546B,EUX,A546BXXSJEZE5,2026-05-05,2026-09-11T15:02:30Z
SM-A546B,EUX,A546BXXSKFZF3,2026-06-05,2026-09-11T15:02:30Z
SM-A546B,EUX,A546BXXSLFZG3,2026-07-05,2026-09-11T15:02:30Z
SM-A546B,EUX,A546BXXSMFZH5,2026-08-05,2026-09-11T15:02:30Z
SM-A546B,EUX,A546BXXU1AWC4,2023-02-01,2026-09-11T15:02:30Z
SM-A546B,EUX,A546BXXU2AWDB,2023-05-01,2026-09-11T15:02:30Z
SM-A546B,EUX,A546BXXU3AWF4,2023-06-01,2026-09-11T15:02:30Z
SM-A546B,EUX,A546BXXU5AWGJ,2023-08-01,2026-09-11T15:02:30Z
SM-A546B,EUX,A546BXXU5AWHA,2023-08-01,2026-09-11T15:02:30Z
SM-A546B,EUX,A546BXXU5BWK4,2023-11-01,2026-09-11T15:02:30Z
SM-A546B,EUX,A546BXXU6BXA2,2024-01-01,2026-09-11T15:02:30Z
SM-A546B,EUX,A546BXXU7BXD8,2024-04-01,2026-09-11T15:02:30Z
SM-A546B,EUX,A546BXXU7CXDC,2024-04-01,2026-09-11T15:02:30Z
SM-A546B,EUX,A546BXXU8CXE7,2024-05-01,2026-09-11T15:02:30Z
SM-A546B,EUX,A546BXXU9CXH1,2024-08-01,2026-09-11T15:02:30Z
SM-A546B,EUX,A546BXXUBCXK1,2024-11-01,2026-09-11T15:02:30Z
SM-A546B,EUX,A546BXXUCDYDB,2025-05-01,2026-09-11T15:02:30Z
SM-A546B,EUX,A546BXXUFEYI4,2025-09-01,2026-09-11T15:02:30Z
SM-A546B,EUX,A546BXXUJFZE9,2026-05-05,2026-09-11T15:02:30Z
SM-A556B,EUX,A556BXXS1AXC1,2024-03-01,2026-09-11T15:03:10Z
SM-A556B,EUX,A556BXXS2AXD3,2024-04-01,2026-09-11T15:03:10Z
SM-A556B,EUX,A556BXXS3AXF2,2024-06-01,2026-09-11T15:03:10Z
SM-A556B,EUX,A556BXXS4AXF3,2024-07-01,2026-09-11T15:03:10Z
SM-A556B,EUX,A556BXXS4AXH4,2024-09-01,2026-09-11T15:03:10Z
SM-A556B,EUX,A556BXXS5AXI4,2024-10-01,2026-09-11T15:03:10Z
SM-A556B,EUX,A556BXXS6AYA3,2025-01-01,2026-09-11T15:03:10Z
SM-A556B,EUX,A556BXXS6AYB2,2025-02-01,2026-09-11T15:03:10Z
SM-A556B,EUX,A556BXXS6AYB4,2025-03-01,2026-09-11T15:03:10Z
SM-A556B,EUX,A556BXXS7AYC6,2025-04-01,2026-09-11T15:03:10Z
SM-A556B,EUX,A556BXXS8BYE1,2025-06-01,2026-09-11T15:03:10Z
SM-A556B,EUX,A556BXXS9BYF3,2025-07-01,2026-09-11T15:03:10Z
SM-A556B,EUX,A556BXXSABYG2,2025-08-01,2026-09-11T15:03:10Z
SM-A556B,EUX,A556BXXSABYI1,2025-09-01,2026-09-11T15:03:10Z
SM-A556B,EUX,A556BXXSACYJ2,2025-10-01,2026-09-11T15:03:10Z
SM-A556B,EUX,A556BXXSBCYK2,2025-11-01,2026-09-11T15:03:10Z
SM-A556B,EUX,A556BXXSBCYL1,2025-12-01,2026-09-11T15:03:10Z
SM-A556B,EUX,A556BXXSCCZA1,2026-01-01,2026-09-11T15:03:10Z
SM-A556B,EUX,A556BXXSDCZB5,2026-02-05,2026-09-11T15:03:10Z
SM-A556B,EUX,A556BXXSDCZC4,2026-03-05,2026-09-11T15:03:10Z
SM-A556B,EUX,A556BXXSECZD1,2026-04-05,2026-09-11T15:03:10Z
SM-A556B,EUX,A556BXXSECZDE,2026-05-05,2026-09-11T15:03:10Z
SM-A556B,EUX,A556BXXSFDZF4,2026-06-05,2026-09-11T15:03:10Z
SM-A556B,EUX,A556BXXSGDZG2,2026-07-05,2026-09-11T15:03:10Z
SM-A556B,EUX,A556BXXSHDZH6,2026-08-05,2026-09-11T15:03:10Z
SM-A556B,EUX,A556BXXU1AXC4,2024-03-01,2026-09-11T15:03:10Z
SM-A556B,EUX,A556BXXU3AXF1,2024-05-01,2026-09-11T15:03:10Z
SM-A556B,EUX,A556BXXU4AXH1,2024-08-01,2026-09-11T15:03:10Z
SM-A556B,EUX,A556BXXU6AXL2,2024-12-01,2026-09-11T15:03:10Z
SM-A556B,EUX,A556BXXU7BYDB,2025-05-01,2026-09-11T15:03:10Z
SM-A556B,EUX,A556BXXUACYI9,2025-09-01,2026-09-11T15:03:10Z
SM-A556B,EUX,A556BXXUEDZE4,2026-05-05,2026-09-11T15:03:10Z
SM-A566B,AFG,A566BXXS2AYD3,2025-04-01,2026-09-11T15:03:42Z
SM-A566B,EGY,A566BXXS2AYD3,2025-04-01,2026-09-11T15:03:34Z
SM-A566B,EUX,A566BXXS2AYD3,2025-04-01,2026-09-11T15:03:49Z
SM-A566B,ILO,A566BXXS2AYD3,2025-04-01,2026-09-11T15:03:27Z
SM-A566B,MID,A566BXXS2AYD3,2025-04-01,2026-09-11T15:03:30Z
SM-A566B,TUR,A566BXXS2AYD3,2025-04-01,2026-09-11T15:03:36Z
SM-A566B,XSA,A566BXXS2AYD3,2025-04-01,2026-09-11T15:03:58Z
SM-A566B,XSG,A566BXXS2AYD3,2025-04-01,2026-09-11T15:03:39Z
SM-A566B,AFG,A566BXXS4AYE5,2025-06-01,2026-09-11T15:03:42Z
SM-A566B,EGY,A566BXXS4AYE5,2025-06-01,2026-09-11T15:03:34Z
SM-A566B,ILO,A566BXXS4AYE5,2025-06-01,2026-09-11T15:03:27Z
SM-A566B,MID,A566BXXS4AYE5,2025-06-01,2026-09-11T15:03:30Z
SM-A566B,XSA,A566BXXS4AYE5,2025-06-01,2026-09-11T15:03:58Z
SM-A566B,XSG,A566BXXS4AYE5,2025-06-01,2026-09-11T15:03:39Z
SM-A566B,EUX,A566BXXS5AYFA,2025-07-01,2026-09-11T15:03:49Z
SM-A566B,TUR,A566BXXS5AYFA,2025-07-01,2026-09-11T15:03:36Z
SM-A566B,XSA,A566BXXS5AYFB,2025-07-01,2026-09-11T15:03:58Z
SM-A566B,AFG,A566BXXS5AYFD,2025-07-01,2026-09-11T15:03:42Z
SM-A566B,EGY,A566BXXS5AYFD,2025-07-01,2026-09-11T15:03:34Z
SM-A566B,ILO,A566BXXS5AYFD,2025-07-01,2026-09-11T15:03:27Z
SM-A566B,MID,A566BXXS5AYFD,2025-07-01,2026-09-11T15:03:30Z
SM-A566B,XSG,A566BXXS5AYFD,2025-07-01,2026-09-11T15:03:39Z
SM-A566B,EUX,A566BXXS6AYGE,2025-08-01,2026-09-11T15:03:49Z
SM-A566B,TUR,A566BXXS6AYGE,2025-08-01,2026-09-11T15:03:36Z
SM-A566B,XSA,A566BXXS6AYGF,2025-08-01,2026-09-11T15:03:58Z
SM-A566B,AFG,A566BXXS6AYGG,2025-08-01,2026-09-11T15:03:42Z
SM-A566B,EGY,A566BXXS6AYGG,2025-08-01,2026-09-11T15:03:34Z
SM-A566B,ILO,A566BXXS6AYGG,2025-08-01,2026-09-11T15:03:27Z
SM-A566B,MID,A566BXXS6AYGG,2025-08-01,2026-09-11T15:03:30Z
SM-A566B,XSG,A566BXXS6AYGG,2025-08-01,2026-09-11T15:03:39Z
SM-A566B,AFG,A566BXXS6BYJ4,2025-10-01,2026-09-11T15:03:42Z
SM-A566B,EGY,A566BXXS6BYJ4,2025-10-01,2026-09-11T15:03:34Z
SM-A566B,ILO,A566BXXS6BYJ4,2025-10-01,2026-09-11T15:03:27Z
SM-A566B,MID,A566BXXS6BYJ4,2025-10-01,2026-09-11T15:03:30Z
SM-A566B,XSA,A566BXXS6BYJ4,2025-10-01,2026-09-11T15:03:58Z
SM-A566B,XSG,A566BXXS6BYJ4,2025-10-01,2026-09-11T15:03:39Z
SM-A566B,EUX,A566BXXS7BYK3,2025-11-01,2026-09-11T15:03:49Z
SM-A566B,TUR,A566BXXS7BYK3,2025-11-01,2026-09-11T15:03:36Z
SM-A566B,AFG,A566BXXS7BYK4,2025-11-01,2026-09-11T15:03:42Z
SM-A566B,EGY,A566BXXS7BYK4,2025-11-01,2026-09-11T15:03:34Z
SM-A566B,ILO,A566BXXS7BYK4,2025-11-01,2026-09-11T15:03:27Z
SM-A566B,MID,A566BXXS7BYK4,2025-11-01,2026-09-11T15:03:30Z
SM-A566B,XSA,A566BXXS7BYK4,2025-11-01,2026-09-11T15:03:58Z
SM-A566B,XSG,A566BXXS7BYK4,2025-11-01,2026-09-11T15:03:39Z
SM-A566B,EUX,A566BXXS7BYL3,2025-12-01,2026-09-11T15:03:49Z
SM-A566B,TUR,A566BXXS7BYL3,2025-12-01,2026-09-11T15:03:36Z
SM-A566B,AFG,A566BXXS7BYL4,2025-12-01,2026-09-11T15:03:42Z
SM-A566B,EGY,A566BXXS7BYL4,2025-12-01,2026-09-11T15:03:34Z
SM-A566B,ILO,A566BXXS7BYL4,2025-12-01,2026-09-11T15:03:27Z
SM-A566B,MID,A566BXXS7BYL4,2025-12-01,2026-09-11T15:03:30Z
SM-A566B,XSA,A566BXXS7BYL4,2025-12-01,2026-09-11T15:03:58Z
SM-A566B,XSG,A566BXXS7BYL4,2025-12-01,2026-09-11T15:03:39Z
SM-A566B,AFG,A566BXXS8BZA1,2026-01-01,2026-09-11T15:03:42Z
SM-A566B,EGY,A566BXXS8BZA1,2026-01-01,2026-09-11T15:03:34Z
SM-A566B,ILO,A566BXXS8BZA1,2026-01-01,2026-09-11T15:03:27Z
SM-A566B,MID,A566BXXS8BZA1,2026-01-01,2026-09-11T15:03:30Z
SM-A566B,XSA,A566BXXS8BZA1,2026-01-01,2026-09-11T15:03:58Z
SM-A566B,XSG,A566BXXS8BZA1,2026-01-01,2026-09-11T15:03:39Z
SM-A566B,EUX,A566BXXS8BZA7,2026-01-01,2026-09-11T15:03:49Z
SM-A566B,TUR,A566BXXS8BZA7,2026-01-01,2026-09-11T15:03:36Z
SM-A566B,EUX,A566BXXS9BZB6,2026-02-05,2026-09-11T15:03:49Z
SM-A566B,TUR,A566BXXS9BZB6,2026-02-05,2026-09-11T15:03:36Z
SM-A566B,AFG,A566BXXS9BZB7,2026-02-05,2026-09-11T15:03:42Z
SM-A566B,EGY,A566BXXS9BZB7,2026-02-05,2026-09-11T15:03:34Z
SM-A566B,ILO,A566BXXS9BZB7,2026-02-05,2026-09-11T15:03:27Z
SM-A566B,MID,A566BXXS9BZB7,2026-02-05,2026-09-11T15:03:30Z
SM-A566B,XSA,A566BXXS9BZB7,2026-02-05,2026-09-11T15:03:58Z
SM-A566B,XSG,A566BXXS9BZB7,2026-02-05,2026-09-11T15:03:39Z
SM-A566B,AFG,A566BXXS9BZC5,2026-03-05,2026-09-11T15:03:42Z
SM-A566B,EGY,A566BXXS9BZC5,2026-03-05,2026-09-11T15:03:34Z
SM-A566B,ILO,A566BXXS9BZC5,2026-03-05,2026-09-11T15:03:27Z
SM-A566B,MID,A566BXXS9BZC5,2026-03-05,2026-09-11T15:03:30Z
SM-A566B,XSA,A566BXXS9BZC5,2026-03-05,2026-09-11T15:03:58Z
SM-A566B,XSG,A566BXXS9BZC5,2026-03-05,2026-09-11T15:03:39Z
SM-A566B,EUX,A566BXXSABZD1,2026-04-05,2026-09-11T15:03:49Z
SM-A566B,TUR,A566BXXSABZD1,2026-04-05,2026-09-11T15:03:36Z
SM-A566B,AFG,A566BXXSABZD2,2026-04-05,2026-09-11T15:03:42Z
SM-A566B,EGY,A566BXXSABZD2,2026-04-05,2026-09-11T15:03:34Z
SM-A566B,ILO,A566BXXSABZD2,2026-04-05,2026-09-11T15:03:27Z
SM-A566B,MID,A566BXXSABZD2,2026-04-05,2026-09-11T15:03:30Z
SM-A566B,XSA,A566BXXSABZD2,2026-04-05,2026-09-11T15:03:58Z
SM-A566B,XSG,A566BXXSABZD2,2026-04-05,2026-09-11T15:03:39Z
SM-A566B,AFG,A566BXXSACZE2,2026-05-05,2026-09-11T15:03:42Z
SM-A566B,EGY,A566BXXSACZE2,2026-05-05,2026-09-11T15:03:34Z
SM-A566B,EUX,A566BXXSACZE2,2026-05-05,2026-09-11T15:03:49Z
SM-A566B,ILO,A566BXXSACZE2,2026-05-05,2026-09-11T15:03:27Z
SM-A566B,MID,A566BXXSACZE2,2026-05-05,2026-09-11T15:03:30Z
SM-A566B,TUR,A566BXXSACZE2,2026-05-05,2026-09-11T15:03:36Z
SM-A566B,XSA,A566BXXSACZE2,2026-05-05,2026-09-11T15:03:58Z
SM-A566B,XSG,A566BXXSACZE2,2026-05-05,2026-09-11T15:03:39Z
SM-A566B,AFG,A566BXXSBCZF5,2026-06-05,2026-09-11T15:03:42Z
SM-A566B,EGY,A566BXXSBCZF5,2026-06-05,2026-09-11T15:03:34Z
SM-A566B,EUX,A566BXXSBCZF5,2026-06-05,2026-09-11T15:03:49Z
SM-A566B,ILO,A566BXXSBCZF5,2026-06-05,2026-09-11T15:03:27Z
SM-A566B,MID,A566BXXSBCZF5,2026-06-05,2026-09-11T15:03:30Z
SM-A566B,TUR,A566BXXSBCZF5,2026-06-05,2026-09-11T15:03:36Z
SM-A566B,XSG,A566BXXSBCZF5,2026-06-05,2026-09-11T15:03:39Z
SM-A566B,XSA,A566BXXSBCZF6,2026-06-05,2026-09-11T15:03:58Z
SM-A566B,AFG,A566BXXSCCZG7,2026-07-05,2026-09-11T15:03:42Z
SM-A566B,EGY,A566BXXSCCZG7,2026-07-05,2026-09-11T15:03:34Z
SM-A566B,EUX,A566BXXSCCZG7,2026-07-05,2026-09-11T15:03:49Z
SM-A566B,ILO,A566BXXSCCZG7,2026-07-05,2026-09-11T15:03:27Z
SM-A566B,MID,A566BXXSCCZG7,2026-07-05,2026-09-11T15:03:30Z
SM-A566B,TUR,A566BXXSCCZG7,2026-07-05,2026-09-11T15:03:36Z
SM-A566B,XSA,A566BXXSCCZG7,2026-07-05,2026-09-11T15:03:58Z
SM-A566B,XSG,A566BXXSCCZG7,2026-07-05,2026-09-11T15:03:39Z
SM-A566B,AFG,A566BXXSDCZHB,2026-08-05,2026-09-11T15:03:42Z
SM-A566B,EGY,A566BXXSDCZHB,2026-08-05,2026-09-11T15:03:34Z
SM-A566B,EUX,A566BXXSDCZHB,2026-08-05,2026-09-11T15:03:49Z
SM-A566B,ILO,A566BXXSDCZHB,2026-08-05,2026-09-11T15:03:27Z
SM-A566B,MID,A566BXXSDCZHB,2026-08-05,2026-09-11T15:03:30Z
SM-A566B,TUR,A566BXXSDCZHB,2026-08-05,2026-09-11T15:03:36Z
SM-A566B,XSA,A566BXXSDCZHB,2026-08-05,2026-09-11T15:03:58Z
SM-A566B,XSG,A566BXXSDCZHB,2026-08-05,2026-09-11T15:03:39Z
SM-A566B,AFG,A566BXXU3AYDK,2025-05-01,2026-09-11T15:03:42Z
SM-A566B,EGY,A566BXXU3AYDK,2025-05-01,2026-09-11T15:03:34Z
SM-A566B,EUX,A566BXXU3AYDK,2025-05-01,2026-09-11T15:03:49Z
SM-A566B,ILO,A566BXXU3AYDK,2025-05-01,2026-09-11T15:03:27Z
SM-A566B,MID,A566BXXU3AYDK,2025-05-01,2026-09-11T15:03:30Z
SM-A566B,TUR,A566BXXU3AYDK,2025-05-01,2026-09-11T15:03:36Z
SM-A566B,XSA,A566BXXU3AYDK,2025-05-01,2026-09-11T15:03:58Z
SM-A566B,XSG,A566BXXU3AYDK,2025-05-01,2026-09-11T15:03:39Z
SM-A566B,EUX,A566BXXU4AYE7,2025-06-01,2026-09-11T15:03:49Z
SM-A566B,TUR,A566BXXU4AYE7,2025-06-01,2026-09-11T15:03:36Z
SM-A566B,AFG,A566BXXU4AYF2,2025-06-01,2026-09-11T15:03:42Z
SM-A566B,EGY,A566BXXU4AYF2,2025-06-01,2026-09-11T15:03:34Z
SM-A566B,ILO,A566BXXU4AYF2,2025-06-01,2026-09-11T15:03:27Z
SM-A566B,MID,A566BXXU4AYF2,2025-06-01,2026-09-11T15:03:30Z
SM-A566B,XSG,A566BXXU4AYF2,2025-06-01,2026-09-11T15:03:39Z
SM-A566B,EUX,A566BXXU6BYI5,2025-09-01,2026-09-11T15:03:49Z
SM-A566B,TUR,A566BXXU6BYI5,2025-09-01,2026-09-11T15:03:36Z
SM-A566B,AFG,A566BXXU6BYI8,2025-09-01,2026-09-11T15:03:42Z
SM-A566B,EGY,A566BXXU6BYI8,2025-09-01,2026-09-11T15:03:34Z
SM-A566B,ILO,A566BXXU6BYI8,2025-09-01,2026-09-11T15:03:27Z
SM-A566B,MID,A566BXXU6BYI8,2025-09-01,2026-09-11T15:03:30Z
SM-A566B,XSA,A566BXXU6BYI8,2025-09-01,2026-09-11T15:03:58Z
SM-A566B,XSG,A566BXXU6BYI8,2025-09-01,2026-09-11T15:03:39Z
SM-A566B,EUX,A566BXXU6BYIF,2025-10-01,2026-09-11T15:03:49Z
SM-A566B,TUR,A566BXXU6BYIF,2025-10-01,2026-09-11T15:03:36Z
SM-A566B,EUX,A566BXXU9BZC4,2026-03-05,2026-09-11T15:03:49Z
SM-A566B,TUR,A566BXXU9BZC4,2026-03-05,2026-09-11T15:03:36Z
SM-A566B,AFG,A566BXXUACZDR,2026-04-05,2026-09-11T15:03:42Z
SM-A566B,EGY,A566BXXUACZDR,2026-04-05,2026-09-11T15:03:34Z
SM-A566B,EUX,A566BXXUACZDR,2026-04-05,2026-09-11T15:03:49Z
SM-A566B,ILO,A566BXXUACZDR,2026-04-05,2026-09-11T15:03:27Z
SM-A566B,MID,A566BXXUACZDR,2026-04-05,2026-09-11T15:03:30Z
SM-A566B,TUR,A566BXXUACZDR,2026-04-05,2026-09-11T15:03:36Z
SM-A566B,XSA,A566BXXUACZDR,2026-04-05,2026-09-11T15:03:58Z
SM-A566B,XSG,A566BXXUACZDR,2026-04-05,2026-09-11T15:03:39Z
SM-A576B,AFG,A576BXXS2AZD3,2026-04-05,2026-09-11T15:04:20Z
SM-A576B,EGY,A576BXXS2AZD3,2026-04-05,2026-09-11T15:04:10Z
SM-A576B,EUX,A576BXXS2AZD3,2026-04-05,2026-09-11T15:04:25Z
SM-A576B,ILO,A576BXXS2AZD3,2026-04-05,2026-09-11T15:04:05Z
SM-A576B,MID,A576BXXS2AZD3,2026-04-05,2026-09-11T15:04:07Z
SM-A576B,TUR,A576BXXS2AZD3,2026-04-05,2026-09-11T15:04:14Z
SM-A576B,XSA,A576BXXS2AZD3,2026-04-05,2026-09-11T15:04:35Z
SM-A576B,XSG,A576BXXS2AZD3,2026-04-05,2026-09-11T15:04:17Z
SM-A576B,INS,A576BXXS2AZD4,2026-04-05,2026-09-11T15:04:22Z
SM-A576B,AFG,A576BXXS2AZE2,2026-05-05,2026-09-11T15:04:20Z
SM-A576B,EGY,A576BXXS2AZE2,2026-05-05,2026-09-11T15:04:10Z
SM-A576B,EUX,A576BXXS2AZE2,2026-05-05,2026-09-11T15:04:25Z
SM-A576B,ILO,A576BXXS2AZE2,2026-05-05,2026-09-11T15:04:05Z
SM-A576B,MID,A576BXXS2AZE2,2026-05-05,2026-09-11T15:04:07Z
SM-A576B,TUR,A576BXXS2AZE2,2026-05-05,2026-09-11T15:04:14Z
SM-A576B,XSA,A576BXXS2AZE2,2026-05-05,2026-09-11T15:04:35Z
SM-A576B,XSG,A576BXXS2AZE2,2026-05-05,2026-09-11T15:04:17Z
SM-A576B,INS,A576BXXS2AZE3,2026-05-05,2026-09-11T15:04:22Z
SM-A576B,AFG,A576BXXS3AZF4,2026-06-05,2026-09-11T15:04:20Z
SM-A576B,EGY,A576BXXS3AZF4,2026-06-05,2026-09-11T15:04:10Z
SM-A576B,EUX,A576BXXS3AZF4,2026-06-05,2026-09-11T15:04:25Z
SM-A576B,ILO,A576BXXS3AZF4,2026-06-05,2026-09-11T15:04:05Z
SM-A576B,MID,A576BXXS3AZF4,2026-06-05,2026-09-11T15:04:07Z
SM-A576B,TUR,A576BXXS3AZF4,2026-06-05,2026-09-11T15:04:14Z
SM-A576B,XSA,A576BXXS3AZF4,2026-06-05,2026-09-11T15:04:35Z
SM-A576B,XSG,A576BXXS3AZF4,2026-06-05,2026-09-11T15:04:17Z
SM-A576B,INS,A576BXXS3AZF6,2026-06-05,2026-09-11T15:04:22Z
SM-A576B,AFG,A576BXXS4AZG5,2026-07-05,2026-09-11T15:04:20Z
SM-A576B,EGY,A576BXXS4AZG5,2026-07-05,2026-09-11T15:04:10Z
SM-A576B,EUX,A576BXXS4AZG5,2026-07-05,2026-09-11T15:04:25Z
SM-A576B,ILO,A576BXXS4AZG5,2026-07-05,2026-09-11T15:04:05Z
SM-A576B,MID,A576BXXS4AZG5,2026-07-05,2026-09-11T15:04:07Z
SM-A576B,TUR,A576BXXS4AZG5,2026-07-05,2026-09-11T15:04:14Z
SM-A576B,XSA,A576BXXS4AZG5,2026-07-05,2026-09-11T15:04:35Z
SM-A576B,XSG,A576BXXS4AZG5,2026-07-05,2026-09-11T15:04:17Z
SM-A576B,INS,A576BXXS4AZG7,2026-07-05,2026-09-11T15:04:22Z
SM-A576B,AFG,A576BXXS5AZH3,2026-08-05,2026-09-11T15:04:20Z
SM-A576B,EGY,A576BXXS5AZH3,2026-08-05,2026-09-11T15:04:10Z
SM-A576B,EUX,A576BXXS5AZH3,2026-08-05,2026-09-11T15:04:25Z
SM-A576B,ILO,A576BXXS5AZH3,2026-08-05,2026-09-11T15:04:05Z
SM-A576B,MID,A576BXXS5AZH3,2026-08-05,2026-09-11T15:04:07Z
SM-A576B,TUR,A576BXXS5AZH3,2026-08-05,2026-09-11T15:04:14Z
SM-A576B,XSA,A576BXXS5AZH3,2026-08-05,2026-09-11T15:04:35Z
SM-A576B,XSG,A576BXXS5AZH3,2026-08-05,2026-09-11T15:04:17Z
SM-A576B,INS,A576BXXS5AZH4,2026-08-05,2026-09-11T15:04:22Z
SM-A576B,INS,A576BXXS6AZI3,2026-09-05,2026-09-11T15:04:22Z
SM-A576B,AFG,A576BXXU1AZC2,2026-01-01,2026-09-11T15:04:20Z
SM-A576B,EGY,A576BXXU1AZC2,2026-01-01,2026-09-11T15:04:10Z
SM-A576B,EUX,A576BXXU1AZC2,2026-01-01,2026-09-11T15:04:25Z
SM-A576B,ILO,A576BXXU1AZC2,2026-01-01,2026-09-11T15:04:05Z
SM-A576B,INS,A576BXXU1AZC2,2026-01-01,2026-09-11T15:04:22Z
SM-A576B,MID,A576BXXU1AZC2,2026-01-01,2026-09-11T15:04:07Z
SM-A576B,TUR,A576BXXU1AZC2,2026-01-01,2026-09-11T15:04:14Z
SM-A576B,XSA,A576BXXU1AZC2,2026-01-01,2026-09-11T15:04:35Z
SM-A576B,XSG,A576BXXU1AZC2,2026-01-01,2026-09-11T15:04:17Z
SM-A576B,AFG,A576BXXU2AZD9,2026-04-05,2026-09-11T15:04:20Z
SM-A576B,EGY,A576BXXU2AZD9,2026-04-05,2026-09-11T15:04:10Z
SM-A576B,EUX,A576BXXU2AZD9,2026-04-05,2026-09-11T15:04:25Z
SM-A576B,ILO,A576BXXU2AZD9,2026-04-05,2026-09-11T15:04:05Z
SM-A576B,INS,A576BXXU2AZD9,2026-04-05,2026-09-11T15:04:22Z
SM-A576B,MID,A576BXXU2AZD9,2026-04-05,2026-09-11T15:04:07Z
SM-A576B,TUR,A576BXXU2AZD9,2026-04-05,2026-09-11T15:04:14Z
SM-A576B,XSA,A576BXXU2AZD9,2026-04-05,2026-09-11T15:04:35Z
SM-A576B,XSG,A576BXXU2AZD9,2026-04-05,2026-09-11T15:04:17Z
SM-A715F,INS,A715FXXS3AUB1,2021-01-01,2026-09-11T15:05:40Z
SM-A715F,AFG,A715FXXS4BUC1,2021-04-01,2026-09-11T15:05:38Z
SM-A715F,BTU,A715FXXS4BUC1,2021-04-01,2026-09-11T15:05:55Z
SM-A715F,EGY,A715FXXS4BUC1,2021-04-01,2026-09-11T15:05:28Z
SM-A715F,ILO,A715FXXS4BUC1,2021-04-01,2026-09-11T15:05:22Z
SM-A715F,INS,A715FXXS4BUC1,2021-04-01,2026-09-11T15:05:40Z
SM-A715F,SEE,A715FXXS4BUC1,2021-04-01,2026-09-11T15:05:50Z
SM-A715F,TUR,A715FXXS4BUC1,2021-04-01,2026-09-11T15:05:31Z
SM-A715F,XEU,A715FXXS4BUC1,2021-04-01,2026-09-11T15:05:47Z
SM-A715F,XSA,A715FXXS4BUC1,2021-04-01,2026-09-11T15:05:53Z
SM-A715F,XSG,A715FXXS4BUC1,2021-04-01,2026-09-11T15:05:35Z
SM-A715F,AFG,A715FXXS7BUJ1,2021-10-01,2026-09-11T15:05:38Z
SM-A715F,BTU,A715FXXS7BUJ1,2021-10-01,2026-09-11T15:05:55Z
SM-A715F,EGY,A715FXXS7BUJ1,2021-10-01,2026-09-11T15:05:28Z
SM-A715F,ILO,A715FXXS7BUJ1,2021-10-01,2026-09-11T15:05:22Z
SM-A715F,SEE,A715FXXS7BUJ1,2021-10-01,2026-09-11T15:05:50Z
SM-A715F,TUR,A715FXXS7BUJ1,2021-10-01,2026-09-11T15:05:31Z
SM-A715F,XEU,A715FXXS7BUJ1,2021-10-01,2026-09-11T15:05:47Z
SM-A715F,XSA,A715FXXS7BUJ1,2021-10-01,2026-09-11T15:05:53Z
SM-A715F,XSG,A715FXXS7BUJ1,2021-10-01,2026-09-11T15:05:35Z
SM-A715F,AFG,A715FXXS9DWD1,2023-04-01,2026-09-11T15:05:38Z
SM-A715F,BTU,A715FXXS9DWD1,2023-04-01,2026-09-11T15:05:55Z
SM-A715F,EGY,A715FXXS9DWD1,2023-04-01,2026-09-11T15:05:28Z
SM-A715F,ILO,A715FXXS9DWD1,2023-04-01,2026-09-11T15:05:22Z
SM-A715F,INS,A715FXXS9DWD1,2023-04-01,2026-09-11T15:05:40Z
SM-A715F,SEE,A715FXXS9DWD1,2023-04-01,2026-09-11T15:05:50Z
SM-A715F,TUR,A715FXXS9DWD1,2023-04-01,2026-09-11T15:05:31Z
SM-A715F,XEU,A715FXXS9DWD1,2023-04-01,2026-09-11T15:05:47Z
SM-A715F,XSG,A715FXXS9DWD1,2023-04-01,2026-09-11T15:05:35Z
SM-A715F,XSA,A715FXXS9DWD2,2023-04-01,2026-09-11T15:05:53Z
SM-A715F,AFG,A715FXXSBDXB1,2024-02-01,2026-09-11T15:05:38Z
SM-A715F,BTU,A715FXXSBDXB1,2024-02-01,2026-09-11T15:05:55Z
SM-A715F,EGY,A715FXXSBDXB1,2024-02-01,2026-09-11T15:05:28Z
SM-A715F,ILO,A715FXXSBDXB1,2024-02-01,2026-09-11T15:05:22Z
SM-A715F,INS,A715FXXSBDXB1,2024-02-01,2026-09-11T15:05:40Z
SM-A715F,SEE,A715FXXSBDXB1,2024-02-01,2026-09-11T15:05:50Z
SM-A715F,TUR,A715FXXSBDXB1,2024-02-01,2026-09-11T15:05:31Z
SM-A715F,XEU,A715FXXSBDXB1,2024-02-01,2026-09-11T15:05:47Z
SM-A715F,XSA,A715FXXSBDXB1,2024-02-01,2026-09-11T15:05:53Z
SM-A715F,XSG,A715FXXSBDXB1,2024-02-01,2026-09-11T15:05:35Z
SM-A715F,AFG,A715FXXU1ATA7,2020-01-01,2026-09-11T15:05:38Z
SM-A715F,BTU,A715FXXU1ATA7,2020-01-01,2026-09-11T15:05:55Z
SM-A715F,EGY,A715FXXU1ATA7,2020-01-01,2026-09-11T15:05:28Z
SM-A715F,ILO,A715FXXU1ATA7,2020-01-01,2026-09-11T15:05:22Z
SM-A715F,MID,A715FXXU1ATA7,2020-01-01,2026-09-11T15:05:25Z
SM-A715F,SEE,A715FXXU1ATA7,2020-01-01,2026-09-11T15:05:50Z
SM-A715F,XEU,A715FXXU1ATA7,2020-01-01,2026-09-11T15:05:47Z
SM-A715F,XSA,A715FXXU1ATA7,2020-01-01,2026-09-11T15:05:53Z
SM-A715F,XSG,A715FXXU1ATA7,2020-01-01,2026-09-11T15:05:35Z
SM-A715F,INS,A715FXXU1ATA9,2020-01-01,2026-09-11T15:05:40Z
SM-A715F,BTU,A715FXXU2ATB2,2020-02-01,2026-09-11T15:05:55Z
SM-A715F,EGY,A715FXXU2ATB2,2020-02-01,2026-09-11T15:05:28Z
SM-A715F,INS,A715FXXU2ATB2,2020-02-01,2026-09-11T15:05:40Z
SM-A715F,MID,A715FXXU2ATB2,2020-02-01,2026-09-11T15:05:25Z
SM-A715F,TUR,A715FXXU2ATB2,2020-02-01,2026-09-11T15:05:31Z
SM-A715F,XEU,A715FXXU2ATB2,2020-02-01,2026-09-11T15:05:47Z
SM-A715F,XSA,A715FXXU2ATB2,2020-02-01,2026-09-11T15:05:53Z
SM-A715F,XSG,A715FXXU2ATB2,2020-02-01,2026-09-11T15:05:35Z
SM-A715F,XSG,A715FXXU2ATC2,2020-02-01,2026-09-11T15:05:35Z
SM-A715F,AFG,A715FXXU2ATCC,2020-03-01,2026-09-11T15:05:38Z
SM-A715F,BTU,A715FXXU2ATCC,2020-03-01,2026-09-11T15:05:55Z
SM-A715F,EGY,A715FXXU2ATCC,2020-03-01,2026-09-11T15:05:28Z
SM-A715F,INS,A715FXXU2ATCC,2020-03-01,2026-09-11T15:05:40Z
SM-A715F,MID,A715FXXU2ATCC,2020-03-01,2026-09-11T15:05:25Z
SM-A715F,XEU,A715FXXU2ATCC,2020-03-01,2026-09-11T15:05:47Z
SM-A715F,XSG,A715FXXU2ATCC,2020-03-01,2026-09-11T15:05:35Z
SM-A715F,XSA,A715FXXU2ATD2,2020-03-01,2026-09-11T15:05:53Z
SM-A715F,BTU,A715FXXU2ATD3,2020-04-01,2026-09-11T15:05:55Z
SM-A715F,EGY,A715FXXU2ATD3,2020-04-01,2026-09-11T15:05:28Z
SM-A715F,MID,A715FXXU2ATD3,2020-04-01,2026-09-11T15:05:25Z
SM-A715F,TUR,A715FXXU2ATD3,2020-04-01,2026-09-11T15:05:31Z
SM-A715F,XEU,A715FXXU2ATD3,2020-04-01,2026-09-11T15:05:47Z
SM-A715F,XSG,A715FXXU2ATD3,2020-04-01,2026-09-11T15:05:35Z
SM-A715F,AFG,A715FXXU2ATE8,2020-04-01,2026-09-11T15:05:38Z
SM-A715F,BTU,A715FXXU2ATE8,2020-04-01,2026-09-11T15:05:55Z
SM-A715F,EGY,A715FXXU2ATE8,2020-04-01,2026-09-11T15:05:28Z
SM-A715F,ILO,A715FXXU2ATE8,2020-04-01,2026-09-11T15:05:22Z
SM-A715F,MID,A715FXXU2ATE8,2020-04-01,2026-09-11T15:05:25Z
SM-A715F,SEE,A715FXXU2ATE8,2020-04-01,2026-09-11T15:05:50Z
SM-A715F,TUR,A715FXXU2ATE8,2020-04-01,2026-09-11T15:05:31Z
SM-A715F,XEU,A715FXXU2ATE8,2020-04-01,2026-09-11T15:05:47Z
SM-A715F,XSA,A715FXXU2ATE8,2020-04-01,2026-09-11T15:05:53Z
SM-A715F,XSG,A715FXXU2ATE8,2020-04-01,2026-09-11T15:05:35Z
SM-A715F,INS,A715FXXU2ATEB,2020-04-01,2026-09-11T15:05:40Z
SM-A715F,AFG,A715FXXU2ATG1,2020-06-01,2026-09-11T15:05:38Z
SM-A715F,BTU,A715FXXU2ATG1,2020-06-01,2026-09-11T15:05:55Z
SM-A715F,EGY,A715FXXU2ATG1,2020-06-01,2026-09-11T15:05:28Z
SM-A715F,ILO,A715FXXU2ATG1,2020-06-01,2026-09-11T15:05:22Z
SM-A715F,INS,A715FXXU2ATG1,2020-06-01,2026-09-11T15:05:40Z
SM-A715F,MID,A715FXXU2ATG1,2020-06-01,2026-09-11T15:05:25Z
SM-A715F,SEE,A715FXXU2ATG1,2020-06-01,2026-09-11T15:05:50Z
SM-A715F,TUR,A715FXXU2ATG1,2020-06-01,2026-09-11T15:05:31Z
SM-A715F,XEU,A715FXXU2ATG1,2020-06-01,2026-09-11T15:05:47Z
SM-A715F,XSA,A715FXXU2ATG1,2020-06-01,2026-09-11T15:05:53Z
SM-A715F,XSG,A715FXXU2ATG1,2020-06-01,2026-09-11T15:05:35Z
SM-A715F,INS,A715FXXU2ATGK,2020-06-01,2026-09-11T15:05:40Z
SM-A715F,AFG,A715FXXU3ATH8,2020-08-01,2026-09-11T15:05:38Z
SM-A715F,BTU,A715FXXU3ATH8,2020-08-01,2026-09-11T15:05:55Z
SM-A715F,EGY,A715FXXU3ATH8,2020-08-01,2026-09-11T15:05:28Z
SM-A715F,ILO,A715FXXU3ATH8,2020-08-01,2026-09-11T15:05:22Z
SM-A715F,MID,A715FXXU3ATH8,2020-08-01,2026-09-11T15:05:25Z
SM-A715F,SEE,A715FXXU3ATH8,2020-08-01,2026-09-11T15:05:50Z
SM-A715F,TUR,A715FXXU3ATH8,2020-08-01,2026-09-11T15:05:31Z
SM-A715F,XEU,A715FXXU3ATH8,2020-08-01,2026-09-11T15:05:47Z
SM-A715F,XSG,A715FXXU3ATH8,2020-08-01,2026-09-11T15:05:35Z
SM-A715F,INS,A715FXXU3ATH9,2020-08-01,2026-09-11T15:05:40Z
SM-A715F,XSA,A715FXXU3ATI1,2020-08-01,2026-09-11T15:05:53Z
SM-A715F,AFG,A715FXXU3ATI8,2020-10-01,2026-09-11T15:05:38Z
SM-A715F,BTU,A715FXXU3ATI8,2020-10-01,2026-09-11T15:05:55Z
SM-A715F,EGY,A715FXXU3ATI8,2020-10-01,2026-09-11T15:05:28Z
SM-A715F,ILO,A715FXXU3ATI8,2020-10-01,2026-09-11T15:05:22Z
SM-A715F,MID,A715FXXU3ATI8,2020-10-01,2026-09-11T15:05:25Z
SM-A715F,SEE,A715FXXU3ATI8,2020-10-01,2026-09-11T15:05:50Z
SM-A715F,TUR,A715FXXU3ATI8,2020-10-01,2026-09-11T15:05:31Z
SM-A715F,XEU,A715FXXU3ATI8,2020-10-01,2026-09-11T15:05:47Z
SM-A715F,XSA,A715FXXU3ATI8,2020-10-01,2026-09-11T15:05:53Z
SM-A715F,XSG,A715FXXU3ATI8,2020-10-01,2026-09-11T15:05:35Z
SM-A715F,INS,A715FXXU3ATJ1,2020-10-01,2026-09-11T15:05:40Z
SM-A715F,AFG,A715FXXU3ATJ2,2020-10-01,2026-09-11T15:05:38Z
SM-A715F,BTU,A715FXXU3ATJ2,2020-10-01,2026-09-11T15:05:55Z
SM-A715F,EGY,A715FXXU3ATJ2,2020-10-01,2026-09-11T15:05:28Z
SM-A715F,ILO,A715FXXU3ATJ2,2020-10-01,2026-09-11T15:05:22Z
SM-A715F,INS,A715FXXU3ATJ2,2020-10-01,2026-09-11T15:05:40Z
SM-A715F,MID,A715FXXU3ATJ2,2020-10-01,2026-09-11T15:05:25Z
SM-A715F,SEE,A715FXXU3ATJ2,2020-10-01,2026-09-11T15:05:50Z
SM-A715F,TUR,A715FXXU3ATJ2,2020-10-01,2026-09-11T15:05:31Z
SM-A715F,XEU,A715FXXU3ATJ2,2020-10-01,2026-09-11T15:05:47Z
SM-A715F,XSA,A715FXXU3ATJ2,2020-10-01,2026-09-11T15:05:53Z
SM-A715F,XSG,A715FXXU3ATJ2,2020-10-01,2026-09-11T15:05:35Z
SM-A715F,AFG,A715FXXU3ATK1,2020-11-01,2026-09-11T15:05:38Z
SM-A715F,BTU,A715FXXU3ATK1,2020-11-01,2026-09-11T15:05:55Z
SM-A715F,EGY,A715FXXU3ATK1,2020-11-01,2026-09-11T15:05:28Z
SM-A715F,ILO,A715FXXU3ATK1,2020-11-01,2026-09-11T15:05:22Z
SM-A715F,MID,A715FXXU3ATK1,2020-11-01,2026-09-11T15:05:25Z
SM-A715F,SEE,A715FXXU3ATK1,2020-11-01,2026-09-11T15:05:50Z
SM-A715F,TUR,A715FXXU3ATK1,2020-11-01,2026-09-11T15:05:31Z
SM-A715F,XEU,A715FXXU3ATK1,2020-11-01,2026-09-11T15:05:47Z
SM-A715F,XSA,A715FXXU3ATK1,2020-11-01,2026-09-11T15:05:53Z
SM-A715F,XSG,A715FXXU3ATK1,2020-11-01,2026-09-11T15:05:35Z
SM-A715F,AFG,A715FXXU3BUB5,2021-02-01,2026-09-11T15:05:38Z
SM-A715F,BTU,A715FXXU3BUB5,2021-02-01,2026-09-11T15:05:55Z
SM-A715F,EGY,A715FXXU3BUB5,2021-02-01,2026-09-11T15:05:28Z
SM-A715F,ILO,A715FXXU3BUB5,2021-02-01,2026-09-11T15:05:22Z
SM-A715F,INS,A715FXXU3BUB5,2021-02-01,2026-09-11T15:05:40Z
SM-A715F,MID,A715FXXU3BUB5,2021-02-01,2026-09-11T15:05:25Z
SM-A715F,SEE,A715FXXU3BUB5,2021-02-01,2026-09-11T15:05:50Z
SM-A715F,TUR,A715FXXU3BUB5,2021-02-01,2026-09-11T15:05:31Z
SM-A715F,XEU,A715FXXU3BUB5,2021-02-01,2026-09-11T15:05:47Z
SM-A715F,XSA,A715FXXU3BUB5,2021-02-01,2026-09-11T15:05:53Z
SM-A715F,XSG,A715FXXU3BUB5,2021-02-01,2026-09-11T15:05:35Z
SM-A715F,INS,A715FXXU4BUE2,2021-04-01,2026-09-11T15:05:40Z
SM-A715F,AFG,A715FXXU5BUF1,2021-06-01,2026-09-11T15:05:38Z
SM-A715F,BTU,A715FXXU5BUF1,2021-06-01,2026-09-11T15:05:55Z
SM-A715F,ILO,A715FXXU5BUF1,2021-06-01,2026-09-11T15:05:22Z
SM-A715F,INS,A715FXXU5BUF1,2021-06-01,2026-09-11T15:05:40Z
SM-A715F,SEE,A715FXXU5BUF1,2021-06-01,2026-09-11T15:05:50Z
SM-A715F,TUR,A715FXXU5BUF1,2021-06-01,2026-09-11T15:05:31Z
SM-A715F,XEU,A715FXXU5BUF1,2021-06-01,2026-09-11T15:05:47Z
SM-A715F,XSA,A715FXXU5BUF1,2021-06-01,2026-09-11T15:05:53Z
SM-A715F,XSG,A715FXXU5BUF1,2021-06-01,2026-09-11T15:05:35Z
SM-A715F,EGY,A715FXXU5BUF2,2021-06-01,2026-09-11T15:05:28Z
SM-A715F,AFG,A715FXXU6BUH1,2021-08-01,2026-09-11T15:05:38Z
SM-A715F,BTU,A715FXXU6BUH1,2021-08-01,2026-09-11T15:05:55Z
SM-A715F,EGY,A715FXXU6BUH1,2021-08-01,2026-09-11T15:05:28Z
SM-A715F,ILO,A715FXXU6BUH1,2021-08-01,2026-09-11T15:05:22Z
SM-A715F,INS,A715FXXU6BUH1,2021-08-01,2026-09-11T15:05:40Z
SM-A715F,SEE,A715FXXU6BUH1,2021-08-01,2026-09-11T15:05:50Z
SM-A715F,TUR,A715FXXU6BUH1,2021-08-01,2026-09-11T15:05:31Z
SM-A715F,XEU,A715FXXU6BUH1,2021-08-01,2026-09-11T15:05:47Z
SM-A715F,XSA,A715FXXU6BUH1,2021-08-01,2026-09-11T15:05:53Z
SM-A715F,XSG,A715FXXU6BUH1,2021-08-01,2026-09-11T15:05:35Z
SM-A715F,AFG,A715FXXU8BVA2,2022-01-01,2026-09-11T15:05:38Z
SM-A715F,BTU,A715FXXU8BVA2,2022-01-01,2026-09-11T15:05:55Z
SM-A715F,EGY,A715FXXU8BVA2,2022-01-01,2026-09-11T15:05:28Z
SM-A715F,ILO,A715FXXU8BVA2,2022-01-01,2026-09-11T15:05:22Z
SM-A715F,INS,A715FXXU8BVA2,2022-01-01,2026-09-11T15:05:40Z
SM-A715F,SEE,A715FXXU8BVA2,2022-01-01,2026-09-11T15:05:50Z
SM-A715F,TUR,A715FXXU8BVA2,2022-01-01,2026-09-11T15:05:31Z
SM-A715F,XEU,A715FXXU8BVA2,2022-01-01,2026-09-11T15:05:47Z
SM-A715F,XSA,A715FXXU8BVA2,2022-01-01,2026-09-11T15:05:53Z
SM-A715F,XSG,A715FXXU8BVA2,2022-01-01,2026-09-11T15:05:35Z
SM-A715F,AFG,A715FXXU8CVD1,2022-04-01,2026-09-11T15:05:38Z
SM-A715F,BTU,A715FXXU8CVD1,2022-04-01,2026-09-11T15:05:55Z
SM-A715F,EGY,A715FXXU8CVD1,2022-04-01,2026-09-11T15:05:28Z
SM-A715F,ILO,A715FXXU8CVD1,2022-04-01,2026-09-11T15:05:22Z
SM-A715F,INS,A715FXXU8CVD1,2022-04-01,2026-09-11T15:05:40Z
SM-A715F,SEE,A715FXXU8CVD1,2022-04-01,2026-09-11T15:05:50Z
SM-A715F,TUR,A715FXXU8CVD1,2022-04-01,2026-09-11T15:05:31Z
SM-A715F,XEU,A715FXXU8CVD1,2022-04-01,2026-09-11T15:05:47Z
SM-A715F,XSA,A715FXXU8CVD1,2022-04-01,2026-09-11T15:05:53Z
SM-A715F,XSG,A715FXXU8CVD1,2022-04-01,2026-09-11T15:05:35Z
SM-A715F,AFG,A715FXXU8CVI3,2022-09-01,2026-09-11T15:05:38Z
SM-A715F,BTU,A715FXXU8CVI3,2022-09-01,2026-09-11T15:05:55Z
SM-A715F,EGY,A715FXXU8CVI3,2022-09-01,2026-09-11T15:05:28Z
SM-A715F,ILO,A715FXXU8CVI3,2022-09-01,2026-09-11T15:05:22Z
SM-A715F,INS,A715FXXU8CVI3,2022-09-01,2026-09-11T15:05:40Z
SM-A715F,SEE,A715FXXU8CVI3,2022-09-01,2026-09-11T15:05:50Z
SM-A715F,TUR,A715FXXU8CVI3,2022-09-01,2026-09-11T15:05:31Z
SM-A715F,XEU,A715FXXU8CVI3,2022-09-01,2026-09-11T15:05:47Z
SM-A715F,XSA,A715FXXU8CVI3,2022-09-01,2026-09-11T15:05:53Z
SM-A715F,XSG,A715FXXU8CVI3,2022-09-01,2026-09-11T15:05:35Z
SM-A715F,AFG,A715FXXU8DVK1,2022-10-01,2026-09-11T15:05:38Z
SM-A715F,BTU,A715FXXU8DVK1,2022-10-01,2026-09-11T15:05:55Z
SM-A715F,EGY,A715FXXU8DVK1,2022-10-01,2026-09-11T15:05:28Z
SM-A715F,ILO,A715FXXU8DVK1,2022-10-01,2026-09-11T15:05:22Z
SM-A715F,SEE,A715FXXU8DVK1,2022-10-01,2026-09-11T15:05:50Z
SM-A715F,TUR,A715FXXU8DVK1,2022-10-01,2026-09-11T15:05:31Z
SM-A715F,XEU,A715FXXU8DVK1,2022-10-01,2026-09-11T15:05:47Z
SM-A715F,XSG,A715FXXU8DVK1,2022-10-01,2026-09-11T15:05:35Z
SM-A715F,XSA,A715FXXU8DVK2,2022-10-01,2026-09-11T15:05:53Z
SM-A715F,INS,A715FXXU8DVK5,2022-11-01,2026-09-11T15:05:40Z
SM-A715F,XSA,A715FXXU8DWA2,2022-10-01,2026-09-11T15:05:53Z
SM-A715F,AFG,A715FXXU8DWB5,2023-02-01,2026-09-11T15:05:38Z
SM-A715F,BTU,A715FXXU8DWB5,2023-02-01,2026-09-11T15:05:55Z
SM-A715F,EGY,A715FXXU8DWB5,2023-02-01,2026-09-11T15:05:28Z
SM-A715F,ILO,A715FXXU8DWB5,2023-02-01,2026-09-11T15:05:22Z
SM-A715F,INS,A715FXXU8DWB5,2023-02-01,2026-09-11T15:05:40Z
SM-A715F,SEE,A715FXXU8DWB5,2023-02-01,2026-09-11T15:05:50Z
SM-A715F,TUR,A715FXXU8DWB5,2023-02-01,2026-09-11T15:05:31Z
SM-A715F,XEU,A715FXXU8DWB5,2023-02-01,2026-09-11T15:05:47Z
SM-A715F,XSG,A715FXXU8DWB5,2023-02-01,2026-09-11T15:05:35Z
SM-A715F,XSA,A715FXXU8DWC3,2023-02-01,2026-09-11T15:05:53Z
SM-A715F,AFG,A715FXXUADWE1,2023-06-01,2026-09-11T15:05:38Z
SM-A715F,BTU,A715FXXUADWE1,2023-06-01,2026-09-11T15:05:55Z
SM-A715F,EGY,A715FXXUADWE1,2023-06-01,2026-09-11T15:05:28Z
SM-A715F,ILO,A715FXXUADWE1,2023-06-01,2026-09-11T15:05:22Z
SM-A715F,SEE,A715FXXUADWE1,2023-06-01,2026-09-11T15:05:50Z
SM-A715F,TUR,A715FXXUADWE1,2023-06-01,2026-09-11T15:05:31Z
SM-A715F,XEU,A715FXXUADWE1,2023-06-01,2026-09-11T15:05:47Z
SM-A715F,XSA,A715FXXUADWE1,2023-06-01,2026-09-11T15:05:53Z
SM-A715F,XSG,A715FXXUADWE1,2023-06-01,2026-09-11T15:05:35Z
SM-A715F,INS,A715FXXUADWF1,2023-06-01,2026-09-11T15:05:40Z
SM-A715F,AFG,A715FXXUADWH4,2023-08-01,2026-09-11T15:05:38Z
SM-A715F,BTU,A715FXXUADWH4,2023-08-01,2026-09-11T15:05:55Z
SM-A715F,EGY,A715FXXUADWH4,2023-08-01,2026-09-11T15:05:28Z
SM-A715F,ILO,A715FXXUADWH4,2023-08-01,2026-09-11T15:05:22Z
SM-A715F,INS,A715FXXUADWH4,2023-08-01,2026-09-11T15:05:40Z
SM-A715F,SEE,A715FXXUADWH4,2023-08-01,2026-09-11T15:05:50Z
SM-A715F,TUR,A715FXXUADWH4,2023-08-01,2026-09-11T15:05:31Z
SM-A715F,XEU,A715FXXUADWH4,2023-08-01,2026-09-11T15:05:47Z
SM-A715F,XSA,A715FXXUADWH4,2023-08-01,2026-09-11T15:05:53Z
SM-A715F,XSG,A715FXXUADWH4,2023-08-01,2026-09-11T15:05:35Z
SM-A725F,BTU,A725FXXS4BVE2,2022-05-01,2026-09-11T15:06:33Z
SM-A725F,SEE,A725FXXS4BVE2,2022-05-01,2026-09-11T15:06:27Z
SM-A725F,XSA,A725FXXS4BVE2,2022-05-01,2026-09-11T15:06:30Z
SM-A725F,AFG,A725FXXS4BVI2,2022-10-01,2026-09-11T15:06:14Z
SM-A725F,BTU,A725FXXS4BVI2,2022-10-01,2026-09-11T15:06:33Z
SM-A725F,EGY,A725FXXS4BVI2,2022-10-01,2026-09-11T15:06:05Z
SM-A725F,ILO,A725FXXS4BVI2,2022-10-01,2026-09-11T15:05:58Z
SM-A725F,INS,A725FXXS4BVI2,2022-10-01,2026-09-11T15:06:16Z
SM-A725F,MID,A725FXXS4BVI2,2022-10-01,2026-09-11T15:06:02Z
SM-A725F,SEE,A725FXXS4BVI2,2022-10-01,2026-09-11T15:06:27Z
SM-A725F,TUR,A725FXXS4BVI2,2022-10-01,2026-09-11T15:06:08Z
SM-A725F,XSA,A725FXXS4BVI2,2022-10-01,2026-09-11T15:06:30Z
SM-A725F,XSG,A725FXXS4BVI2,2022-10-01,2026-09-11T15:06:11Z
SM-A725F,INS,A725FXXS5CWB2,2023-02-01,2026-09-11T15:06:16Z
SM-A725F,AFG,A725FXXS5DWD2,2023-04-01,2026-09-11T15:06:14Z
SM-A725F,BTU,A725FXXS5DWD2,2023-04-01,2026-09-11T15:06:33Z
SM-A725F,EGY,A725FXXS5DWD2,2023-04-01,2026-09-11T15:06:05Z
SM-A725F,ILO,A725FXXS5DWD2,2023-04-01,2026-09-11T15:05:58Z
SM-A725F,INS,A725FXXS5DWD2,2023-04-01,2026-09-11T15:06:16Z
SM-A725F,MID,A725FXXS5DWD2,2023-04-01,2026-09-11T15:06:02Z
SM-A725F,SEE,A725FXXS5DWD2,2023-04-01,2026-09-11T15:06:27Z
SM-A725F,TUR,A725FXXS5DWD2,2023-04-01,2026-09-11T15:06:08Z
SM-A725F,XSA,A725FXXS5DWD2,2023-04-01,2026-09-11T15:06:30Z
SM-A725F,XSG,A725FXXS5DWD2,2023-04-01,2026-09-11T15:06:11Z
SM-A725F,TUR,A725FXXS6DXA2,2023-12-01,2026-09-11T15:06:08Z
SM-A725F,AFG,A725FXXS8FXE3,2024-05-01,2026-09-11T15:06:14Z
SM-A725F,BTU,A725FXXS8FXE3,2024-05-01,2026-09-11T15:06:33Z
SM-A725F,EGY,A725FXXS8FXE3,2024-05-01,2026-09-11T15:06:05Z
SM-A725F,ILO,A725FXXS8FXE3,2024-05-01,2026-09-11T15:05:58Z
SM-A725F,INS,A725FXXS8FXE3,2024-05-01,2026-09-11T15:06:16Z
SM-A725F,MID,A725FXXS8FXE3,2024-05-01,2026-09-11T15:06:02Z
SM-A725F,SEE,A725FXXS8FXE3,2024-05-01,2026-09-11T15:06:27Z
SM-A725F,TUR,A725FXXS8FXE3,2024-05-01,2026-09-11T15:06:08Z
SM-A725F,XSA,A725FXXS8FXE3,2024-05-01,2026-09-11T15:06:30Z
SM-A725F,XSG,A725FXXS8FXE3,2024-05-01,2026-09-11T15:06:11Z
SM-A725F,AFG,A725FXXSAFXJ1,2024-11-01,2026-09-11T15:06:14Z
SM-A725F,BTU,A725FXXSAFXJ1,2024-11-01,2026-09-11T15:06:33Z
SM-A725F,EGY,A725FXXSAFXJ1,2024-11-01,2026-09-11T15:06:05Z
SM-A725F,ILO,A725FXXSAFXJ1,2024-11-01,2026-09-11T15:05:58Z
SM-A725F,INS,A725FXXSAFXJ1,2024-11-01,2026-09-11T15:06:16Z
SM-A725F,MID,A725FXXSAFXJ1,2024-11-01,2026-09-11T15:06:02Z
SM-A725F,SEE,A725FXXSAFXJ1,2024-11-01,2026-09-11T15:06:27Z
SM-A725F,TUR,A725FXXSAFXJ1,2024-11-01,2026-09-11T15:06:08Z
SM-A725F,XSA,A725FXXSAFXJ1,2024-11-01,2026-09-11T15:06:30Z
SM-A725F,XSG,A725FXXSAFXJ1,2024-11-01,2026-09-11T15:06:11Z
SM-A725F,AFG,A725FXXSBFYC1,2025-03-01,2026-09-11T15:06:14Z
SM-A725F,BTU,A725FXXSBFYC1,2025-03-01,2026-09-11T15:06:33Z
SM-A725F,EGY,A725FXXSBFYC1,2025-03-01,2026-09-11T15:06:05Z
SM-A725F,ILO,A725FXXSBFYC1,2025-03-01,2026-09-11T15:05:58Z
SM-A725F,INS,A725FXXSBFYC1,2025-03-01,2026-09-11T15:06:16Z
SM-A725F,MID,A725FXXSBFYC1,2025-03-01,2026-09-11T15:06:02Z
SM-A725F,SEE,A725FXXSBFYC1,2025-03-01,2026-09-11T15:06:27Z
SM-A725F,TUR,A725FXXSBFYC1,2025-03-01,2026-09-11T15:06:08Z
SM-A725F,XSA,A725FXXSBFYC1,2025-03-01,2026-09-11T15:06:30Z
SM-A725F,XSG,A725FXXSBFYC1,2025-03-01,2026-09-11T15:06:11Z
SM-A725F,AFG,A725FXXU1AUC4,2021-02-01,2026-09-11T15:06:14Z
SM-A725F,BTU,A725FXXU1AUC4,2021-02-01,2026-09-11T15:06:33Z
SM-A725F,EGY,A725FXXU1AUC4,2021-02-01,2026-09-11T15:06:05Z
SM-A725F,ILO,A725FXXU1AUC4,2021-02-01,2026-09-11T15:05:58Z
SM-A725F,INS,A725FXXU1AUC4,2021-02-01,2026-09-11T15:06:16Z
SM-A725F,MID,A725FXXU1AUC4,2021-02-01,2026-09-11T15:06:02Z
SM-A725F,SEE,A725FXXU1AUC4,2021-02-01,2026-09-11T15:06:27Z
SM-A725F,TUR,A725FXXU1AUC4,2021-02-01,2026-09-11T15:06:08Z
SM-A725F,XSA,A725FXXU1AUC4,2021-02-01,2026-09-11T15:06:30Z
SM-A725F,XSG,A725FXXU1AUC4,2021-02-01,2026-09-11T15:06:11Z
SM-A725F,AFG,A725FXXU1AUD2,2021-04-01,2026-09-11T15:06:14Z
SM-A725F,BTU,A725FXXU1AUD2,2021-04-01,2026-09-11T15:06:33Z
SM-A725F,EGY,A725FXXU1AUD2,2021-04-01,2026-09-11T15:06:05Z
SM-A725F,ILO,A725FXXU1AUD2,2021-04-01,2026-09-11T15:05:58Z
SM-A725F,INS,A725FXXU1AUD2,2021-04-01,2026-09-11T15:06:16Z
SM-A725F,MID,A725FXXU1AUD2,2021-04-01,2026-09-11T15:06:02Z
SM-A725F,SEE,A725FXXU1AUD2,2021-04-01,2026-09-11T15:06:27Z
SM-A725F,TUR,A725FXXU1AUD2,2021-04-01,2026-09-11T15:06:08Z
SM-A725F,XSA,A725FXXU1AUD2,2021-04-01,2026-09-11T15:06:30Z
SM-A725F,XSG,A725FXXU1AUD2,2021-04-01,2026-09-11T15:06:11Z
SM-A725F,AFG,A725FXXU2AUE1,2021-05-01,2026-09-11T15:06:14Z
SM-A725F,BTU,A725FXXU2AUE1,2021-05-01,2026-09-11T15:06:33Z
SM-A725F,EGY,A725FXXU2AUE1,2021-05-01,2026-09-11T15:06:05Z
SM-A725F,ILO,A725FXXU2AUE1,2021-05-01,2026-09-11T15:05:58Z
SM-A725F,INS,A725FXXU2AUE1,2021-05-01,2026-09-11T15:06:16Z
SM-A725F,MID,A725FXXU2AUE1,2021-05-01,2026-09-11T15:06:02Z
SM-A725F,SEE,A725FXXU2AUE1,2021-05-01,2026-09-11T15:06:27Z
SM-A725F,TUR,A725FXXU2AUE1,2021-05-01,2026-09-11T15:06:08Z
SM-A725F,XSA,A725FXXU2AUE1,2021-05-01,2026-09-11T15:06:30Z
SM-A725F,XSG,A725FXXU2AUE1,2021-05-01,2026-09-11T15:06:11Z
SM-A725F,AFG,A725FXXU2AUF3,2021-06-01,2026-09-11T15:06:14Z
SM-A725F,BTU,A725FXXU2AUF3,2021-06-01,2026-09-11T15:06:33Z
SM-A725F,EGY,A725FXXU2AUF3,2021-06-01,2026-09-11T15:06:05Z
SM-A725F,ILO,A725FXXU2AUF3,2021-06-01,2026-09-11T15:05:58Z
SM-A725F,INS,A725FXXU2AUF3,2021-06-01,2026-09-11T15:06:16Z
SM-A725F,MID,A725FXXU2AUF3,2021-06-01,2026-09-11T15:06:02Z
SM-A725F,SEE,A725FXXU2AUF3,2021-06-01,2026-09-11T15:06:27Z
SM-A725F,TUR,A725FXXU2AUF3,2021-06-01,2026-09-11T15:06:08Z
SM-A725F,XSA,A725FXXU2AUF3,2021-06-01,2026-09-11T15:06:30Z
SM-A725F,XSG,A725FXXU2AUF3,2021-06-01,2026-09-11T15:06:11Z
SM-A725F,AFG,A725FXXU3AUG2,2021-08-01,2026-09-11T15:06:14Z
SM-A725F,BTU,A725FXXU3AUG2,2021-08-01,2026-09-11T15:06:33Z
SM-A725F,EGY,A725FXXU3AUG2,2021-08-01,2026-09-11T15:06:05Z
SM-A725F,ILO,A725FXXU3AUG2,2021-08-01,2026-09-11T15:05:58Z
SM-A725F,INS,A725FXXU3AUG2,2021-08-01,2026-09-11T15:06:16Z
SM-A725F,MID,A725FXXU3AUG2,2021-08-01,2026-09-11T15:06:02Z
SM-A725F,SEE,A725FXXU3AUG2,2021-08-01,2026-09-11T15:06:27Z
SM-A725F,TUR,A725FXXU3AUG2,2021-08-01,2026-09-11T15:06:08Z
SM-A725F,XSA,A725FXXU3AUG2,2021-08-01,2026-09-11T15:06:30Z
SM-A725F,XSG,A725FXXU3AUG2,2021-08-01,2026-09-11T15:06:11Z
SM-A725F,BTU,A725FXXU4AUH2,2021-09-01,2026-09-11T15:06:33Z
SM-A725F,INS,A725FXXU4AUH2,2021-09-01,2026-09-11T15:06:16Z
SM-A725F,SEE,A725FXXU4AUH2,2021-09-01,2026-09-11T15:06:27Z
SM-A725F,XSA,A725FXXU4AUH2,2021-09-01,2026-09-11T15:06:30Z
SM-A725F,AFG,A725FXXU4AUI1,2021-09-01,2026-09-11T15:06:14Z
SM-A725F,EGY,A725FXXU4AUI1,2021-09-01,2026-09-11T15:06:05Z
SM-A725F,ILO,A725FXXU4AUI1,2021-09-01,2026-09-11T15:05:58Z
SM-A725F,MID,A725FXXU4AUI1,2021-09-01,2026-09-11T15:06:02Z
SM-A725F,TUR,A725FXXU4AUI1,2021-09-01,2026-09-11T15:06:08Z
SM-A725F,XSG,A725FXXU4AUI1,2021-09-01,2026-09-11T15:06:11Z
SM-A725F,AFG,A725FXXU4AUJ2,2021-10-01,2026-09-11T15:06:14Z
SM-A725F,BTU,A725FXXU4AUJ2,2021-10-01,2026-09-11T15:06:33Z
SM-A725F,EGY,A725FXXU4AUJ2,2021-10-01,2026-09-11T15:06:05Z
SM-A725F,ILO,A725FXXU4AUJ2,2021-10-01,2026-09-11T15:05:58Z
SM-A725F,INS,A725FXXU4AUJ2,2021-10-01,2026-09-11T15:06:16Z
SM-A725F,MID,A725FXXU4AUJ2,2021-10-01,2026-09-11T15:06:02Z
SM-A725F,SEE,A725FXXU4AUJ2,2021-10-01,2026-09-11T15:06:27Z
SM-A725F,TUR,A725FXXU4AUJ2,2021-10-01,2026-09-11T15:06:08Z
SM-A725F,XSA,A725FXXU4AUJ2,2021-10-01,2026-09-11T15:06:30Z
SM-A725F,XSG,A725FXXU4AUJ2,2021-10-01,2026-09-11T15:06:11Z
SM-A725F,AFG,A725FXXU4BULA,2021-12-01,2026-09-11T15:06:14Z
SM-A725F,BTU,A725FXXU4BULA,2021-12-01,2026-09-11T15:06:33Z
SM-A725F,EGY,A725FXXU4BULA,2021-12-01,2026-09-11T15:06:05Z
SM-A725F,ILO,A725FXXU4BULA,2021-12-01,2026-09-11T15:05:58Z
SM-A725F,INS,A725FXXU4BULA,2021-12-01,2026-09-11T15:06:16Z
SM-A725F,MID,A725FXXU4BULA,2021-12-01,2026-09-11T15:06:02Z
SM-A725F,SEE,A725FXXU4BULA,2021-12-01,2026-09-11T15:06:27Z
SM-A725F,TUR,A725FXXU4BULA,2021-12-01,2026-09-11T15:06:08Z
SM-A725F,XSA,A725FXXU4BULA,2021-12-01,2026-09-11T15:06:30Z
SM-A725F,XSG,A725FXXU4BULA,2021-12-01,2026-09-11T15:06:11Z
SM-A725F,BTU,A725FXXU4BVB4,2022-02-01,2026-09-11T15:06:33Z
SM-A725F,ILO,A725FXXU4BVB4,2022-02-01,2026-09-11T15:05:58Z
SM-A725F,INS,A725FXXU4BVB4,2022-02-01,2026-09-11T15:06:16Z
SM-A725F,SEE,A725FXXU4BVB4,2022-02-01,2026-09-11T15:06:27Z
SM-A725F,TUR,A725FXXU4BVB4,2022-02-01,2026-09-11T15:06:08Z
SM-A725F,XSA,A725FXXU4BVB4,2022-02-01,2026-09-11T15:06:30Z
SM-A725F,XSG,A725FXXU4BVB4,2022-02-01,2026-09-11T15:06:11Z
SM-A725F,AFG,A725FXXU4BVC1,2022-03-01,2026-09-11T15:06:14Z
SM-A725F,BTU,A725FXXU4BVC1,2022-03-01,2026-09-11T15:06:33Z
SM-A725F,EGY,A725FXXU4BVC1,2022-03-01,2026-09-11T15:06:05Z
SM-A725F,ILO,A725FXXU4BVC1,2022-03-01,2026-09-11T15:05:58Z
SM-A725F,INS,A725FXXU4BVC1,2022-03-01,2026-09-11T15:06:16Z
SM-A725F,MID,A725FXXU4BVC1,2022-03-01,2026-09-11T15:06:02Z
SM-A725F,SEE,A725FXXU4BVC1,2022-03-01,2026-09-11T15:06:27Z
SM-A725F,TUR,A725FXXU4BVC1,2022-03-01,2026-09-11T15:06:08Z
SM-A725F,XSA,A725FXXU4BVC1,2022-03-01,2026-09-11T15:06:30Z
SM-A725F,XSG,A725FXXU4BVC1,2022-03-01,2026-09-11T15:06:11Z
SM-A725F,BTU,A725FXXU4BVE3,2022-06-01,2026-09-11T15:06:33Z
SM-A725F,ILO,A725FXXU4BVE3,2022-06-01,2026-09-11T15:05:58Z
SM-A725F,INS,A725FXXU4BVE3,2022-06-01,2026-09-11T15:06:16Z
SM-A725F,SEE,A725FXXU4BVE3,2022-06-01,2026-09-11T15:06:27Z
SM-A725F,TUR,A725FXXU4BVE3,2022-06-01,2026-09-11T15:06:08Z
SM-A725F,XSA,A725FXXU4BVE3,2022-06-01,2026-09-11T15:06:30Z
SM-A725F,XSG,A725FXXU4BVE3,2022-06-01,2026-09-11T15:06:11Z
SM-A725F,AFG,A725FXXU4BVG1,2022-07-01,2026-09-11T15:06:14Z
SM-A725F,BTU,A725FXXU4BVG1,2022-07-01,2026-09-11T15:06:33Z
SM-A725F,EGY,A725FXXU4BVG1,2022-07-01,2026-09-11T15:06:05Z
SM-A725F,ILO,A725FXXU4BVG1,2022-07-01,2026-09-11T15:05:58Z
SM-A725F,INS,A725FXXU4BVG1,2022-07-01,2026-09-11T15:06:16Z
SM-A725F,MID,A725FXXU4BVG1,2022-07-01,2026-09-11T15:06:02Z
SM-A725F,SEE,A725FXXU4BVG1,2022-07-01,2026-09-11T15:06:27Z
SM-A725F,TUR,A725FXXU4BVG1,2022-07-01,2026-09-11T15:06:08Z
SM-A725F,XSA,A725FXXU4BVG1,2022-07-01,2026-09-11T15:06:30Z
SM-A725F,XSG,A725FXXU4BVG1,2022-07-01,2026-09-11T15:06:11Z
SM-A725F,AFG,A725FXXU4BVG2,2022-08-01,2026-09-11T15:06:14Z
SM-A725F,BTU,A725FXXU4BVG2,2022-08-01,2026-09-11T15:06:33Z
SM-A725F,EGY,A725FXXU4BVG2,2022-08-01,2026-09-11T15:06:05Z
SM-A725F,ILO,A725FXXU4BVG2,2022-08-01,2026-09-11T15:05:58Z
SM-A725F,INS,A725FXXU4BVG2,2022-08-01,2026-09-11T15:06:16Z
SM-A725F,MID,A725FXXU4BVG2,2022-08-01,2026-09-11T15:06:02Z
SM-A725F,SEE,A725FXXU4BVG2,2022-08-01,2026-09-11T15:06:27Z
SM-A725F,TUR,A725FXXU4BVG2,2022-08-01,2026-09-11T15:06:08Z
SM-A725F,XSA,A725FXXU4BVG2,2022-08-01,2026-09-11T15:06:30Z
SM-A725F,XSG,A725FXXU4BVG2,2022-08-01,2026-09-11T15:06:11Z
SM-A725F,AFG,A725FXXU4CVJB,2022-11-01,2026-09-11T15:06:14Z
SM-A725F,BTU,A725FXXU4CVJB,2022-11-01,2026-09-11T15:06:33Z
SM-A725F,EGY,A725FXXU4CVJB,2022-11-01,2026-09-11T15:06:05Z
SM-A725F,ILO,A725FXXU4CVJB,2022-11-01,2026-09-11T15:05:58Z
SM-A725F,INS,A725FXXU4CVJB,2022-11-01,2026-09-11T15:06:16Z
SM-A725F,MID,A725FXXU4CVJB,2022-11-01,2026-09-11T15:06:02Z
SM-A725F,SEE,A725FXXU4CVJB,2022-11-01,2026-09-11T15:06:27Z
SM-A725F,TUR,A725FXXU4CVJB,2022-11-01,2026-09-11T15:06:08Z
SM-A725F,XSG,A725FXXU4CVJB,2022-11-01,2026-09-11T15:06:11Z
SM-A725F,AFG,A725FXXU4CWA2,2023-01-01,2026-09-11T15:06:14Z
SM-A725F,BTU,A725FXXU4CWA2,2023-01-01,2026-09-11T15:06:33Z
SM-A725F,EGY,A725FXXU4CWA2,2023-01-01,2026-09-11T15:06:05Z
SM-A725F,ILO,A725FXXU4CWA2,2023-01-01,2026-09-11T15:05:58Z
SM-A725F,INS,A725FXXU4CWA2,2023-01-01,2026-09-11T15:06:16Z
SM-A725F,MID,A725FXXU4CWA2,2023-01-01,2026-09-11T15:06:02Z
SM-A725F,SEE,A725FXXU4CWA2,2023-01-01,2026-09-11T15:06:27Z
SM-A725F,TUR,A725FXXU4CWA2,2023-01-01,2026-09-11T15:06:08Z
SM-A725F,XSG,A725FXXU4CWA2,2023-01-01,2026-09-11T15:06:11Z
SM-A725F,XSA,A725FXXU4CWA3,2023-01-01,2026-09-11T15:06:30Z
SM-A725F,AFG,A725FXXU5DWB6,2023-02-01,2026-09-11T15:06:14Z
SM-A725F,BTU,A725FXXU5DWB6,2023-02-01,2026-09-11T15:06:33Z
SM-A725F,EGY,A725FXXU5DWB6,2023-02-01,2026-09-11T15:06:05Z
SM-A725F,ILO,A725FXXU5DWB6,2023-02-01,2026-09-11T15:05:58Z
SM-A725F,INS,A725FXXU5DWB6,2023-02-01,2026-09-11T15:06:16Z
SM-A725F,MID,A725FXXU5DWB6,2023-02-01,2026-09-11T15:06:02Z
SM-A725F,SEE,A725FXXU5DWB6,2023-02-01,2026-09-11T15:06:27Z
SM-A725F,TUR,A725FXXU5DWB6,2023-02-01,2026-09-11T15:06:08Z
SM-A725F,XSA,A725FXXU5DWB6,2023-02-01,2026-09-11T15:06:30Z
SM-A725F,XSG,A725FXXU5DWB6,2023-02-01,2026-09-11T15:06:11Z
SM-A725F,AFG,A725FXXU6DWE3,2023-06-01,2026-09-11T15:06:14Z
SM-A725F,BTU,A725FXXU6DWE3,2023-06-01,2026-09-11T15:06:33Z
SM-A725F,EGY,A725FXXU6DWE3,2023-06-01,2026-09-11T15:06:05Z
SM-A725F,ILO,A725FXXU6DWE3,2023-06-01,2026-09-11T15:05:58Z
SM-A725F,INS,A725FXXU6DWE3,2023-06-01,2026-09-11T15:06:16Z
SM-A725F,MID,A725FXXU6DWE3,2023-06-01,2026-09-11T15:06:02Z
SM-A725F,SEE,A725FXXU6DWE3,2023-06-01,2026-09-11T15:06:27Z
SM-A725F,TUR,A725FXXU6DWE3,2023-06-01,2026-09-11T15:06:08Z
SM-A725F,XSA,A725FXXU6DWE3,2023-06-01,2026-09-11T15:06:30Z
SM-A725F,XSG,A725FXXU6DWE3,2023-06-01,2026-09-11T15:06:11Z
SM-A725F,AFG,A725FXXU6DWH2,2023-09-01,2026-09-11T15:06:14Z
SM-A725F,BTU,A725FXXU6DWH2,2023-09-01,2026-09-11T15:06:33Z
SM-A725F,EGY,A725FXXU6DWH2,2023-09-01,2026-09-11T15:06:05Z
SM-A725F,ILO,A725FXXU6DWH2,2023-09-01,2026-09-11T15:05:58Z
SM-A725F,INS,A725FXXU6DWH2,2023-09-01,2026-09-11T15:06:16Z
SM-A725F,MID,A725FXXU6DWH2,2023-09-01,2026-09-11T15:06:02Z
SM-A725F,SEE,A725FXXU6DWH2,2023-09-01,2026-09-11T15:06:27Z
SM-A725F,TUR,A725FXXU6DWH2,2023-09-01,2026-09-11T15:06:08Z
SM-A725F,XSA,A725FXXU6DWH2,2023-09-01,2026-09-11T15:06:30Z
SM-A725F,XSG,A725FXXU6DWH2,2023-09-01,2026-09-11T15:06:11Z
SM-A725F,AFG,A725FXXU6EXB3,2024-01-01,2026-09-11T15:06:14Z
SM-A725F,BTU,A725FXXU6EXB3,2024-01-01,2026-09-11T15:06:33Z
SM-A725F,EGY,A725FXXU6EXB3,2024-01-01,2026-09-11T15:06:05Z
SM-A725F,ILO,A725FXXU6EXB3,2024-01-01,2026-09-11T15:05:58Z
SM-A725F,INS,A725FXXU6EXB3,2024-01-01,2026-09-11T15:06:16Z
SM-A725F,MID,A725FXXU6EXB3,2024-01-01,2026-09-11T15:06:02Z
SM-A725F,SEE,A725FXXU6EXB3,2024-01-01,2026-09-11T15:06:27Z
SM-A725F,TUR,A725FXXU6EXB3,2024-01-01,2026-09-11T15:06:08Z
SM-A725F,XSA,A725FXXU6EXB3,2024-01-01,2026-09-11T15:06:30Z
SM-A725F,XSG,A725FXXU6EXB3,2024-01-01,2026-09-11T15:06:11Z
SM-A725F,AFG,A725FXXU7FXE1,2024-04-01,2026-09-11T15:06:14Z
SM-A725F,BTU,A725FXXU7FXE1,2024-04-01,2026-09-11T15:06:33Z
SM-A725F,EGY,A725FXXU7FXE1,2024-04-01,2026-09-11T15:06:05Z
SM-A725F,ILO,A725FXXU7FXE1,2024-04-01,2026-09-11T15:05:58Z
SM-A725F,INS,A725FXXU7FXE1,2024-04-01,2026-09-11T15:06:16Z
SM-A725F,MID,A725FXXU7FXE1,2024-04-01,2026-09-11T15:06:02Z
SM-A725F,SEE,A725FXXU7FXE1,2024-04-01,2026-09-11T15:06:27Z
SM-A725F,TUR,A725FXXU7FXE1,2024-04-01,2026-09-11T15:06:08Z
SM-A725F,XSA,A725FXXU7FXE1,2024-04-01,2026-09-11T15:06:30Z
SM-A725F,XSG,A725FXXU7FXE1,2024-04-01,2026-09-11T15:06:11Z
SM-A725F,AFG,A725FXXU9FXH1,2024-08-01,2026-09-11T15:06:14Z
SM-A725F,BTU,A725FXXU9FXH1,2024-08-01,2026-09-11T15:06:33Z
SM-A725F,EGY,A725FXXU9FXH1,2024-08-01,2026-09-11T15:06:05Z
SM-A725F,ILO,A725FXXU9FXH1,2024-08-01,2026-09-11T15:05:58Z
SM-A725F,INS,A725FXXU9FXH1,2024-08-01,2026-09-11T15:06:16Z
SM-A725F,MID,A725FXXU9FXH1,2024-08-01,2026-09-11T15:06:02Z
SM-A725F,SEE,A725FXXU9FXH1,2024-08-01,2026-09-11T15:06:27Z
SM-A725F,TUR,A725FXXU9FXH1,2024-08-01,2026-09-11T15:06:08Z
SM-A725F,XSA,A725FXXU9FXH1,2024-08-01,2026-09-11T15:06:30Z
SM-A725F,XSG,A725FXXU9FXH1,2024-08-01,2026-09-11T15:06:11Z
SM-A725F,AFG,A725FXXUAFXL2,2024-11-01,2026-09-11T15:06:14Z
SM-A725F,BTU,A725FXXUAFXL2,2024-11-01,2026-09-11T15:06:33Z
SM-A725F,EGY,A725FXXUAFXL2,2024-11-01,2026-09-11T15:06:05Z
SM-A725F,ILO,A725FXXUAFXL2,2024-11-01,2026-09-11T15:05:58Z
SM-A725F,INS,A725FXXUAFXL2,2024-11-01,2026-09-11T15:06:16Z
SM-A725F,MID,A725FXXUAFXL2,2024-11-01,2026-09-11T15:06:02Z
SM-A725F,SEE,A725FXXUAFXL2,2024-11-01,2026-09-11T15:06:27Z
SM-A725F,TUR,A725FXXUAFXL2,2024-11-01,2026-09-11T15:06:08Z
SM-A725F,XSA,A725FXXUAFXL2,2024-11-01,2026-09-11T15:06:30Z
SM-A725F,XSG,A725FXXUAFXL2,2024-11-01,2026-09-11T15:06:11Z
SM-A736B,AFG,A736BXXS2BWA3,2023-01-01,2026-09-11T15:06:51Z
SM-A736B,EGY,A736BXXS2BWA3,2023-01-01,2026-09-11T15:06:42Z
SM-A736B,ILO,A736BXXS2BWA3,2023-01-01,2026-09-11T15:06:36Z
SM-A736B,INS,A736BXXS2BWA3,2023-01-01,2026-09-11T15:06:54Z
SM-A736B,MID,A736BXXS2BWA3,2023-01-01,2026-09-11T15:06:39Z
SM-A736B,TUR,A736BXXS2BWA3,2023-01-01,2026-09-11T15:06:45Z
SM-A736B,XSG,A736BXXS2BWA3,2023-01-01,2026-09-11T15:06:48Z
SM-A736B,XSA,A736BXXS2BWA4,2023-01-01,2026-09-11T15:07:07Z
SM-A736B,INS,A736BXXS3BWB5,2023-01-01,2026-09-11T15:06:54Z
SM-A736B,INS,A736BXXS6DWL2,2023-12-01,2026-09-11T15:06:54Z
SM-A736B,XSA,A736BXXS6DWL2,2023-12-01,2026-09-11T15:07:07Z
SM-A736B,AFG,A736BXXS6DWL3,2023-12-01,2026-09-11T15:06:51Z
SM-A736B,EGY,A736BXXS6DWL3,2023-12-01,2026-09-11T15:06:42Z
SM-A736B,ILO,A736BXXS6DWL3,2023-12-01,2026-09-11T15:06:36Z
SM-A736B,MID,A736BXXS6DWL3,2023-12-01,2026-09-11T15:06:39Z
SM-A736B,TUR,A736BXXS6DWL3,2023-12-01,2026-09-11T15:06:45Z
SM-A736B,XSG,A736BXXS6DWL3,2023-12-01,2026-09-11T15:06:48Z
SM-A736B,TUR,A736BXXS6DXA1,2024-01-01,2026-09-11T15:06:45Z
SM-A736B,INS,A736BXXS6DXC3,2024-03-01,2026-09-11T15:06:54Z
SM-A736B,XSA,A736BXXS6DXC3,2024-03-01,2026-09-11T15:07:07Z
SM-A736B,AFG,A736BXXS6DXC5,2024-03-01,2026-09-11T15:06:51Z
SM-A736B,EGY,A736BXXS6DXC5,2024-03-01,2026-09-11T15:06:42Z
SM-A736B,ILO,A736BXXS6DXC5,2024-03-01,2026-09-11T15:06:36Z
SM-A736B,MID,A736BXXS6DXC5,2024-03-01,2026-09-11T15:06:39Z
SM-A736B,XSG,A736BXXS6DXC5,2024-03-01,2026-09-11T15:06:48Z
SM-A736B,TUR,A736BXXS6DXC6,2024-03-01,2026-09-11T15:06:45Z
SM-A736B,AFG,A736BXXS8EXE4,2024-05-01,2026-09-11T15:06:51Z
SM-A736B,EGY,A736BXXS8EXE4,2024-05-01,2026-09-11T15:06:42Z
SM-A736B,ILO,A736BXXS8EXE4,2024-05-01,2026-09-11T15:06:36Z
SM-A736B,INS,A736BXXS8EXE4,2024-05-01,2026-09-11T15:06:54Z
SM-A736B,MID,A736BXXS8EXE4,2024-05-01,2026-09-11T15:06:39Z
SM-A736B,TUR,A736BXXS8EXE4,2024-05-01,2026-09-11T15:06:45Z
SM-A736B,XSA,A736BXXS8EXE4,2024-05-01,2026-09-11T15:07:07Z
SM-A736B,XSG,A736BXXS8EXE4,2024-05-01,2026-09-11T15:06:48Z
SM-A736B,AFG,A736BXXS9EXH2,2024-08-01,2026-09-11T15:06:51Z
SM-A736B,EGY,A736BXXS9EXH2,2024-08-01,2026-09-11T15:06:42Z
SM-A736B,ILO,A736BXXS9EXH2,2024-08-01,2026-09-11T15:06:36Z
SM-A736B,INS,A736BXXS9EXH2,2024-08-01,2026-09-11T15:06:54Z
SM-A736B,MID,A736BXXS9EXH2,2024-08-01,2026-09-11T15:06:39Z
SM-A736B,TUR,A736BXXS9EXH2,2024-08-01,2026-09-11T15:06:45Z
SM-A736B,XSA,A736BXXS9EXH2,2024-08-01,2026-09-11T15:07:07Z
SM-A736B,XSG,A736BXXS9EXH2,2024-08-01,2026-09-11T15:06:48Z
SM-A736B,AFG,A736BXXS9EXJ5,2024-09-01,2026-09-11T15:06:51Z
SM-A736B,EGY,A736BXXS9EXJ5,2024-09-01,2026-09-11T15:06:42Z
SM-A736B,ILO,A736BXXS9EXJ5,2024-09-01,2026-09-11T15:06:36Z
SM-A736B,INS,A736BXXS9EXJ5,2024-09-01,2026-09-11T15:06:54Z
SM-A736B,MID,A736BXXS9EXJ5,2024-09-01,2026-09-11T15:06:39Z
SM-A736B,TUR,A736BXXS9EXJ5,2024-09-01,2026-09-11T15:06:45Z
SM-A736B,XSA,A736BXXS9EXJ5,2024-09-01,2026-09-11T15:07:07Z
SM-A736B,XSG,A736BXXS9EXJ5,2024-09-01,2026-09-11T15:06:48Z
SM-A736B,AFG,A736BXXSAEYB2,2025-02-01,2026-09-11T15:06:51Z
SM-A736B,EGY,A736BXXSAEYB2,2025-02-01,2026-09-11T15:06:42Z
SM-A736B,ILO,A736BXXSAEYB2,2025-02-01,2026-09-11T15:06:36Z
SM-A736B,INS,A736BXXSAEYB2,2025-02-01,2026-09-11T15:06:54Z
SM-A736B,MID,A736BXXSAEYB2,2025-02-01,2026-09-11T15:06:39Z
SM-A736B,TUR,A736BXXSAEYB2,2025-02-01,2026-09-11T15:06:45Z
SM-A736B,XSA,A736BXXSAEYB2,2025-02-01,2026-09-11T15:07:07Z
SM-A736B,XSG,A736BXXSAEYB2,2025-02-01,2026-09-11T15:06:48Z
SM-A736B,AFG,A736BXXSAFYH2,2025-08-01,2026-09-11T15:06:51Z
SM-A736B,EGY,A736BXXSAFYH2,2025-08-01,2026-09-11T15:06:42Z
SM-A736B,ILO,A736BXXSAFYH2,2025-08-01,2026-09-11T15:06:36Z
SM-A736B,INS,A736BXXSAFYH2,2025-08-01,2026-09-11T15:06:54Z
SM-A736B,MID,A736BXXSAFYH2,2025-08-01,2026-09-11T15:06:39Z
SM-A736B,TUR,A736BXXSAFYH2,2025-08-01,2026-09-11T15:06:45Z
SM-A736B,XSA,A736BXXSAFYH2,2025-08-01,2026-09-11T15:07:07Z
SM-A736B,XSG,A736BXXSAFYH2,2025-08-01,2026-09-11T15:06:48Z
SM-A736B,AFG,A736BXXSAGYJ3,2025-10-01,2026-09-11T15:06:51Z
SM-A736B,EGY,A736BXXSAGYJ3,2025-10-01,2026-09-11T15:06:42Z
SM-A736B,ILO,A736BXXSAGYJ3,2025-10-01,2026-09-11T15:06:36Z
SM-A736B,INS,A736BXXSAGYJ3,2025-10-01,2026-09-11T15:06:54Z
SM-A736B,MID,A736BXXSAGYJ3,2025-10-01,2026-09-11T15:06:39Z
SM-A736B,TUR,A736BXXSAGYJ3,2025-10-01,2026-09-11T15:06:45Z
SM-A736B,XSA,A736BXXSAGYJ3,2025-10-01,2026-09-11T15:07:07Z
SM-A736B,XSG,A736BXXSAGYJ3,2025-10-01,2026-09-11T15:06:48Z
SM-A736B,AFG,A736BXXSAGZA1,2026-01-01,2026-09-11T15:06:51Z
SM-A736B,EGY,A736BXXSAGZA1,2026-01-01,2026-09-11T15:06:42Z
SM-A736B,ILO,A736BXXSAGZA1,2026-01-01,2026-09-11T15:06:36Z
SM-A736B,INS,A736BXXSAGZA1,2026-01-01,2026-09-11T15:06:54Z
SM-A736B,MID,A736BXXSAGZA1,2026-01-01,2026-09-11T15:06:39Z
SM-A736B,TUR,A736BXXSAGZA1,2026-01-01,2026-09-11T15:06:45Z
SM-A736B,XSA,A736BXXSAGZA1,2026-01-01,2026-09-11T15:07:07Z
SM-A736B,XSG,A736BXXSAGZA1,2026-01-01,2026-09-11T15:06:48Z
SM-A736B,AFG,A736BXXSBGZB2,2026-02-05,2026-09-11T15:06:51Z
SM-A736B,EGY,A736BXXSBGZB2,2026-02-05,2026-09-11T15:06:42Z
SM-A736B,ILO,A736BXXSBGZB2,2026-02-05,2026-09-11T15:06:36Z
SM-A736B,INS,A736BXXSBGZB2,2026-02-05,2026-09-11T15:06:54Z
SM-A736B,MID,A736BXXSBGZB2,2026-02-05,2026-09-11T15:06:39Z
SM-A736B,TUR,A736BXXSBGZB2,2026-02-05,2026-09-11T15:06:45Z
SM-A736B,XSA,A736BXXSBGZB2,2026-02-05,2026-09-11T15:07:07Z
SM-A736B,XSG,A736BXXSBGZB2,2026-02-05,2026-09-11T15:06:48Z
SM-A736B,AFG,A736BXXSCGZE2,2026-05-05,2026-09-11T15:06:51Z
SM-A736B,EGY,A736BXXSCGZE2,2026-05-05,2026-09-11T15:06:42Z
SM-A736B,ILO,A736BXXSCGZE2,2026-05-05,2026-09-11T15:06:36Z
SM-A736B,INS,A736BXXSCGZE2,2026-05-05,2026-09-11T15:06:54Z
SM-A736B,MID,A736BXXSCGZE2,2026-05-05,2026-09-11T15:06:39Z
SM-A736B,TUR,A736BXXSCGZE2,2026-05-05,2026-09-11T15:06:45Z
SM-A736B,XSA,A736BXXSCGZE2,2026-05-05,2026-09-11T15:07:07Z
SM-A736B,XSG,A736BXXSCGZE2,2026-05-05,2026-09-11T15:06:48Z
SM-A736B,AFG,A736BXXSCGZF1,2026-06-05,2026-09-11T15:06:51Z
SM-A736B,EGY,A736BXXSCGZF1,2026-06-05,2026-09-11T15:06:42Z
SM-A736B,ILO,A736BXXSCGZF1,2026-06-05,2026-09-11T15:06:36Z
SM-A736B,INS,A736BXXSCGZF1,2026-06-05,2026-09-11T15:06:54Z
SM-A736B,MID,A736BXXSCGZF1,2026-06-05,2026-09-11T15:06:39Z
SM-A736B,TUR,A736BXXSCGZF1,2026-06-05,2026-09-11T15:06:45Z
SM-A736B,XSA,A736BXXSCGZF1,2026-06-05,2026-09-11T15:07:07Z
SM-A736B,XSG,A736BXXSCGZF1,2026-06-05,2026-09-11T15:06:48Z
SM-A736B,XSA,A736BXXSCGZH1,2026-08-05,2026-09-11T15:07:07Z
SM-A736B,AFG,A736BXXU1AVD4,2022-04-01,2026-09-11T15:06:51Z
SM-A736B,EGY,A736BXXU1AVD4,2022-04-01,2026-09-11T15:06:42Z
SM-A736B,ILO,A736BXXU1AVD4,2022-04-01,2026-09-11T15:06:36Z
SM-A736B,INS,A736BXXU1AVD4,2022-04-01,2026-09-11T15:06:54Z
SM-A736B,MID,A736BXXU1AVD4,2022-04-01,2026-09-11T15:06:39Z
SM-A736B,TUR,A736BXXU1AVD4,2022-04-01,2026-09-11T15:06:45Z
SM-A736B,XSA,A736BXXU1AVD4,2022-04-01,2026-09-11T15:07:07Z
SM-A736B,XSG,A736BXXU1AVD4,2022-04-01,2026-09-11T15:06:48Z
SM-A736B,AFG,A736BXXU1AVF3,2022-06-01,2026-09-11T15:06:51Z
SM-A736B,EGY,A736BXXU1AVF3,2022-06-01,2026-09-11T15:06:42Z
SM-A736B,ILO,A736BXXU1AVF3,2022-06-01,2026-09-11T15:06:36Z
SM-A736B,INS,A736BXXU1AVF3,2022-06-01,2026-09-11T15:06:54Z
SM-A736B,MID,A736BXXU1AVF3,2022-06-01,2026-09-11T15:06:39Z
SM-A736B,TUR,A736BXXU1AVF3,2022-06-01,2026-09-11T15:06:45Z
SM-A736B,XSA,A736BXXU1AVF3,2022-06-01,2026-09-11T15:07:07Z
SM-A736B,XSG,A736BXXU1AVF3,2022-06-01,2026-09-11T15:06:48Z
SM-A736B,AFG,A736BXXU2AVG3,2022-08-01,2026-09-11T15:06:51Z
SM-A736B,EGY,A736BXXU2AVG3,2022-08-01,2026-09-11T15:06:42Z
SM-A736B,ILO,A736BXXU2AVG3,2022-08-01,2026-09-11T15:06:36Z
SM-A736B,INS,A736BXXU2AVG3,2022-08-01,2026-09-11T15:06:54Z
SM-A736B,MID,A736BXXU2AVG3,2022-08-01,2026-09-11T15:06:39Z
SM-A736B,TUR,A736BXXU2AVG3,2022-08-01,2026-09-11T15:06:45Z
SM-A736B,XSA,A736BXXU2AVG3,2022-08-01,2026-09-11T15:07:07Z
SM-A736B,XSG,A736BXXU2AVG3,2022-08-01,2026-09-11T15:06:48Z
SM-A736B,INS,A736BXXU2AVJ1,2022-08-01,2026-09-11T15:06:54Z
SM-A736B,AFG,A736BXXU2BVK2,2022-10-01,2026-09-11T15:06:51Z
SM-A736B,EGY,A736BXXU2BVK2,2022-10-01,2026-09-11T15:06:42Z
SM-A736B,ILO,A736BXXU2BVK2,2022-10-01,2026-09-11T15:06:36Z
SM-A736B,INS,A736BXXU2BVK2,2022-10-01,2026-09-11T15:06:54Z
SM-A736B,MID,A736BXXU2BVK2,2022-10-01,2026-09-11T15:06:39Z
SM-A736B,TUR,A736BXXU2BVK2,2022-10-01,2026-09-11T15:06:45Z
SM-A736B,XSG,A736BXXU2BVK2,2022-10-01,2026-09-11T15:06:48Z
SM-A736B,XSA,A736BXXU2BVK3,2022-10-01,2026-09-11T15:07:07Z
SM-A736B,AFG,A736BXXU3CWB7,2023-02-01,2026-09-11T15:06:51Z
SM-A736B,EGY,A736BXXU3CWB7,2023-02-01,2026-09-11T15:06:42Z
SM-A736B,ILO,A736BXXU3CWB7,2023-02-01,2026-09-11T15:06:36Z
SM-A736B,INS,A736BXXU3CWB7,2023-02-01,2026-09-11T15:06:54Z
SM-A736B,MID,A736BXXU3CWB7,2023-02-01,2026-09-11T15:06:39Z
SM-A736B,TUR,A736BXXU3CWB7,2023-02-01,2026-09-11T15:06:45Z
SM-A736B,XSA,A736BXXU3CWB7,2023-02-01,2026-09-11T15:07:07Z
SM-A736B,XSG,A736BXXU3CWB7,2023-02-01,2026-09-11T15:06:48Z
SM-A736B,AFG,A736BXXU3CWD4,2023-05-01,2026-09-11T15:06:51Z
SM-A736B,EGY,A736BXXU3CWD4,2023-05-01,2026-09-11T15:06:42Z
SM-A736B,ILO,A736BXXU3CWD4,2023-05-01,2026-09-11T15:06:36Z
SM-A736B,INS,A736BXXU3CWD4,2023-05-01,2026-09-11T15:06:54Z
SM-A736B,MID,A736BXXU3CWD4,2023-05-01,2026-09-11T15:06:39Z
SM-A736B,TUR,A736BXXU3CWD4,2023-05-01,2026-09-11T15:06:45Z
SM-A736B,XSA,A736BXXU3CWD4,2023-05-01,2026-09-11T15:07:07Z
SM-A736B,XSG,A736BXXU3CWD4,2023-05-01,2026-09-11T15:06:48Z
SM-A736B,AFG,A736BXXU4CWE4,2023-06-01,2026-09-11T15:06:51Z
SM-A736B,EGY,A736BXXU4CWE4,2023-06-01,2026-09-11T15:06:42Z
SM-A736B,ILO,A736BXXU4CWE4,2023-06-01,2026-09-11T15:06:36Z
SM-A736B,MID,A736BXXU4CWE4,2023-06-01,2026-09-11T15:06:39Z
SM-A736B,TUR,A736BXXU4CWE4,2023-06-01,2026-09-11T15:06:45Z
SM-A736B,XSA,A736BXXU4CWE4,2023-06-01,2026-09-11T15:07:07Z
SM-A736B,XSG,A736BXXU4CWE4,2023-06-01,2026-09-11T15:06:48Z
SM-A736B,INS,A736BXXU4CWF7,2023-06-01,2026-09-11T15:06:54Z
SM-A736B,AFG,A736BXXU5CWH7,2023-08-01,2026-09-11T15:06:51Z
SM-A736B,EGY,A736BXXU5CWH7,2023-08-01,2026-09-11T15:06:42Z
SM-A736B,ILO,A736BXXU5CWH7,2023-08-01,2026-09-11T15:06:36Z
SM-A736B,INS,A736BXXU5CWH7,2023-08-01,2026-09-11T15:06:54Z
SM-A736B,MID,A736BXXU5CWH7,2023-08-01,2026-09-11T15:06:39Z
SM-A736B,TUR,A736BXXU5CWH7,2023-08-01,2026-09-11T15:06:45Z
SM-A736B,XSA,A736BXXU5CWH7,2023-08-01,2026-09-11T15:07:07Z
SM-A736B,XSG,A736BXXU5CWH7,2023-08-01,2026-09-11T15:06:48Z
SM-A736B,INS,A736BXXU5DWK2,2023-11-01,2026-09-11T15:06:54Z
SM-A736B,XSA,A736BXXU5DWK2,2023-11-01,2026-09-11T15:07:07Z
SM-A736B,AFG,A736BXXU5DWL2,2023-11-01,2026-09-11T15:06:51Z
SM-A736B,EGY,A736BXXU5DWL2,2023-11-01,2026-09-11T15:06:42Z
SM-A736B,ILO,A736BXXU5DWL2,2023-11-01,2026-09-11T15:06:36Z
SM-A736B,MID,A736BXXU5DWL2,2023-11-01,2026-09-11T15:06:39Z
SM-A736B,TUR,A736BXXU5DWL2,2023-11-01,2026-09-11T15:06:45Z
SM-A736B,XSG,A736BXXU5DWL2,2023-11-01,2026-09-11T15:06:48Z
SM-A736B,AFG,A736BXXU7EXDC,2024-04-01,2026-09-11T15:06:51Z
SM-A736B,EGY,A736BXXU7EXDC,2024-04-01,2026-09-11T15:06:42Z
SM-A736B,ILO,A736BXXU7EXDC,2024-04-01,2026-09-11T15:06:36Z
SM-A736B,INS,A736BXXU7EXDC,2024-04-01,2026-09-11T15:06:54Z
SM-A736B,MID,A736BXXU7EXDC,2024-04-01,2026-09-11T15:06:39Z
SM-A736B,TUR,A736BXXU7EXDC,2024-04-01,2026-09-11T15:06:45Z
SM-A736B,XSA,A736BXXU7EXDC,2024-04-01,2026-09-11T15:07:07Z
SM-A736B,XSG,A736BXXU7EXDC,2024-04-01,2026-09-11T15:06:48Z
SM-A736B,AFG,A736BXXUAEXK2,2024-11-01,2026-09-11T15:06:51Z
SM-A736B,EGY,A736BXXUAEXK2,2024-11-01,2026-09-11T15:06:42Z
SM-A736B,ILO,A736BXXUAEXK2,2024-11-01,2026-09-11T15:06:36Z
SM-A736B,INS,A736BXXUAEXK2,2024-11-01,2026-09-11T15:06:54Z
SM-A736B,MID,A736BXXUAEXK2,2024-11-01,2026-09-11T15:06:39Z
SM-A736B,TUR,A736BXXUAEXK2,2024-11-01,2026-09-11T15:06:45Z
SM-A736B,XSA,A736BXXUAEXK2,2024-11-01,2026-09-11T15:07:07Z
SM-A736B,XSG,A736BXXUAEXK2,2024-11-01,2026-09-11T15:06:48Z
SM-A736B,AFG,A736BXXUAFYE6,2025-05-01,2026-09-11T15:06:51Z
SM-A736B,EGY,A736BXXUAFYE6,2025-05-01,2026-09-11T15:06:42Z
SM-A736B,ILO,A736BXXUAFYE6,2025-05-01,2026-09-11T15:06:36Z
SM-A736B,INS,A736BXXUAFYE6,2025-05-01,2026-09-11T15:06:54Z
SM-A736B,MID,A736BXXUAFYE6,2025-05-01,2026-09-11T15:06:39Z
SM-A736B,TUR,A736BXXUAFYE6,2025-05-01,2026-09-11T15:06:45Z
SM-A736B,XSA,A736BXXUAFYE6,2025-05-01,2026-09-11T15:07:07Z
SM-A736B,XSG,A736BXXUAFYE6,2025-05-01,2026-09-11T15:06:48Z
SM-A736B,AFG,A736BXXUAGYJ1,2025-09-01,2026-09-11T15:06:51Z
SM-A736B,EGY,A736BXXUAGYJ1,2025-09-01,2026-09-11T15:06:42Z
SM-A736B,ILO,A736BXXUAGYJ1,2025-09-01,2026-09-11T15:06:36Z
SM-A736B,INS,A736BXXUAGYJ1,2025-09-01,2026-09-11T15:06:54Z
SM-A736B,MID,A736BXXUAGYJ1,2025-09-01,2026-09-11T15:06:39Z
SM-A736B,TUR,A736BXXUAGYJ1,2025-09-01,2026-09-11T15:06:45Z
SM-A736B,XSA,A736BXXUAGYJ1,2025-09-01,2026-09-11T15:07:07Z
SM-A736B,XSG,A736BXXUAGYJ1,2025-09-01,2026-09-11T15:06:48Z
SM-G780F,XSA,G780FXXS1ATL1,2020-12-01,2026-09-11T15:07:45Z
SM-G780F,AFG,G780FXXS1BTL2,2021-01-01,2026-09-11T15:07:28Z
SM-G780F,BTU,G780FXXS1BTL2,2021-01-01,2026-09-11T15:07:48Z
SM-G780F,EGY,G780FXXS1BTL2,2021-01-01,2026-09-11T15:07:20Z
SM-G780F,INS,G780FXXS1BTL2,2021-01-01,2026-09-11T15:07:31Z
SM-G780F,MID,G780FXXS1BTL2,2021-01-01,2026-09-11T15:07:17Z
SM-G780F,SEE,G780FXXS1BTL2,2021-01-01,2026-09-11T15:07:42Z
SM-G780F,TUR,G780FXXS1BTL2,2021-01-01,2026-09-11T15:07:22Z
SM-G780F,XSG,G780FXXS1BTL2,2021-01-01,2026-09-11T15:07:25Z
SM-G780F,AFG,G780FXXS2BUA5,2021-02-01,2026-09-11T15:07:28Z
SM-G780F,BTU,G780FXXS2BUA5,2021-02-01,2026-09-11T15:07:48Z
SM-G780F,EGY,G780FXXS2BUA5,2021-02-01,2026-09-11T15:07:20Z
SM-G780F,MID,G780FXXS2BUA5,2021-02-01,2026-09-11T15:07:17Z
SM-G780F,SEE,G780FXXS2BUA5,2021-02-01,2026-09-11T15:07:42Z
SM-G780F,TUR,G780FXXS2BUA5,2021-02-01,2026-09-11T15:07:22Z
SM-G780F,XSG,G780FXXS2BUA5,2021-02-01,2026-09-11T15:07:25Z
SM-G780F,INS,G780FXXS2BUB1,2021-02-01,2026-09-11T15:07:31Z
SM-G780F,AFG,G780FXXS2CUB5,2021-03-01,2026-09-11T15:07:28Z
SM-G780F,BTU,G780FXXS2CUB5,2021-03-01,2026-09-11T15:07:48Z
SM-G780F,EGY,G780FXXS2CUB5,2021-03-01,2026-09-11T15:07:20Z
SM-G780F,MID,G780FXXS2CUB5,2021-03-01,2026-09-11T15:07:17Z
SM-G780F,SEE,G780FXXS2CUB5,2021-03-01,2026-09-11T15:07:42Z
SM-G780F,TUR,G780FXXS2CUB5,2021-03-01,2026-09-11T15:07:22Z
SM-G780F,XSA,G780FXXS2CUB5,2021-03-01,2026-09-11T15:07:45Z
SM-G780F,XSG,G780FXXS2CUB5,2021-03-01,2026-09-11T15:07:25Z
SM-G780F,INS,G780FXXS2CUB6,2021-03-01,2026-09-11T15:07:31Z
SM-G780F,BTU,G780FXXS2CUC8,2021-04-01,2026-09-11T15:07:48Z
SM-G780F,SEE,G780FXXS2CUC8,2021-04-01,2026-09-11T15:07:42Z
SM-G780F,AFG,G780FXXS3CUD7,2021-05-01,2026-09-11T15:07:28Z
SM-G780F,BTU,G780FXXS3CUD7,2021-05-01,2026-09-11T15:07:48Z
SM-G780F,EGY,G780FXXS3CUD7,2021-05-01,2026-09-11T15:07:20Z
SM-G780F,ILO,G780FXXS3CUD7,2021-05-01,2026-09-11T15:07:14Z
SM-G780F,MID,G780FXXS3CUD7,2021-05-01,2026-09-11T15:07:17Z
SM-G780F,SEE,G780FXXS3CUD7,2021-05-01,2026-09-11T15:07:42Z
SM-G780F,TUR,G780FXXS3CUD7,2021-05-01,2026-09-11T15:07:22Z
SM-G780F,XSA,G780FXXS3CUD7,2021-05-01,2026-09-11T15:07:45Z
SM-G780F,XSG,G780FXXS3CUD7,2021-05-01,2026-09-11T15:07:25Z
SM-G780F,INS,G780FXXS3CUE2,2021-05-01,2026-09-11T15:07:31Z
SM-G780F,XSA,G780FXXS4CUE5,2021-06-01,2026-09-11T15:07:45Z
SM-G780F,AFG,G780FXXS7CUI5,2021-10-01,2026-09-11T15:07:28Z
SM-G780F,BTU,G780FXXS7CUI5,2021-10-01,2026-09-11T15:07:48Z
SM-G780F,EGY,G780FXXS7CUI5,2021-10-01,2026-09-11T15:07:20Z
SM-G780F,ILO,G780FXXS7CUI5,2021-10-01,2026-09-11T15:07:14Z
SM-G780F,INS,G780FXXS7CUI5,2021-10-01,2026-09-11T15:07:31Z
SM-G780F,MID,G780FXXS7CUI5,2021-10-01,2026-09-11T15:07:17Z
SM-G780F,SEE,G780FXXS7CUI5,2021-10-01,2026-09-11T15:07:42Z
SM-G780F,TUR,G780FXXS7CUI5,2021-10-01,2026-09-11T15:07:22Z
SM-G780F,XSA,G780FXXS7CUI5,2021-10-01,2026-09-11T15:07:45Z
SM-G780F,XSG,G780FXXS7CUI5,2021-10-01,2026-09-11T15:07:25Z
SM-G780F,AFG,G780FXXS8CUJ5,2021-11-01,2026-09-11T15:07:28Z
SM-G780F,BTU,G780FXXS8CUJ5,2021-11-01,2026-09-11T15:07:48Z
SM-G780F,EGY,G780FXXS8CUJ5,2021-11-01,2026-09-11T15:07:20Z
SM-G780F,ILO,G780FXXS8CUJ5,2021-11-01,2026-09-11T15:07:14Z
SM-G780F,INS,G780FXXS8CUJ5,2021-11-01,2026-09-11T15:07:31Z
SM-G780F,MID,G780FXXS8CUJ5,2021-11-01,2026-09-11T15:07:17Z
SM-G780F,SEE,G780FXXS8CUJ5,2021-11-01,2026-09-11T15:07:42Z
SM-G780F,TUR,G780FXXS8CUJ5,2021-11-01,2026-09-11T15:07:22Z
SM-G780F,XSA,G780FXXS8CUJ5,2021-11-01,2026-09-11T15:07:45Z
SM-G780F,XSG,G780FXXS8CUJ5,2021-11-01,2026-09-11T15:07:25Z
SM-G780F,AFG,G780FXXS8CUKA,2021-12-01,2026-09-11T15:07:28Z
SM-G780F,EGY,G780FXXS8CUKA,2021-12-01,2026-09-11T15:07:20Z
SM-G780F,MID,G780FXXS8CUKA,2021-12-01,2026-09-11T15:07:17Z
SM-G780F,TUR,G780FXXS8CUKA,2021-12-01,2026-09-11T15:07:22Z
SM-G780F,XSA,G780FXXS8CUKA,2021-12-01,2026-09-11T15:07:45Z
SM-G780F,XSG,G780FXXS8CUKA,2021-12-01,2026-09-11T15:07:25Z
SM-G780F,AFG,G780FXXS8DUL6,2021-12-01,2026-09-11T15:07:28Z
SM-G780F,BTU,G780FXXS8DUL6,2021-12-01,2026-09-11T15:07:48Z
SM-G780F,EGY,G780FXXS8DUL6,2021-12-01,2026-09-11T15:07:20Z
SM-G780F,ILO,G780FXXS8DUL6,2021-12-01,2026-09-11T15:07:14Z
SM-G780F,INS,G780FXXS8DUL6,2021-12-01,2026-09-11T15:07:31Z
SM-G780F,MID,G780FXXS8DUL6,2021-12-01,2026-09-11T15:07:17Z
SM-G780F,SEE,G780FXXS8DUL6,2021-12-01,2026-09-11T15:07:42Z
SM-G780F,TUR,G780FXXS8DUL6,2021-12-01,2026-09-11T15:07:22Z
SM-G780F,XSA,G780FXXS8DUL6,2021-12-01,2026-09-11T15:07:45Z
SM-G780F,XSG,G780FXXS8DUL6,2021-12-01,2026-09-11T15:07:25Z
SM-G780F,AFG,G780FXXS8DVA1,2022-01-01,2026-09-11T15:07:28Z
SM-G780F,BTU,G780FXXS8DVA1,2022-01-01,2026-09-11T15:07:48Z
SM-G780F,EGY,G780FXXS8DVA1,2022-01-01,2026-09-11T15:07:20Z
SM-G780F,ILO,G780FXXS8DVA1,2022-01-01,2026-09-11T15:07:14Z
SM-G780F,INS,G780FXXS8DVA1,2022-01-01,2026-09-11T15:07:31Z
SM-G780F,MID,G780FXXS8DVA1,2022-01-01,2026-09-11T15:07:17Z
SM-G780F,SEE,G780FXXS8DVA1,2022-01-01,2026-09-11T15:07:42Z
SM-G780F,TUR,G780FXXS8DVA1,2022-01-01,2026-09-11T15:07:22Z
SM-G780F,XSA,G780FXXS8DVA1,2022-01-01,2026-09-11T15:07:45Z
SM-G780F,XSG,G780FXXS8DVA1,2022-01-01,2026-09-11T15:07:25Z
SM-G780F,BTU,G780FXXS8DVC2,2022-03-01,2026-09-11T15:07:48Z
SM-G780F,SEE,G780FXXS8DVC2,2022-03-01,2026-09-11T15:07:42Z
SM-G780F,AFG,G780FXXS8DVD3,2022-04-01,2026-09-11T15:07:28Z
SM-G780F,BTU,G780FXXS8DVD3,2022-04-01,2026-09-11T15:07:48Z
SM-G780F,EGY,G780FXXS8DVD3,2022-04-01,2026-09-11T15:07:20Z
SM-G780F,ILO,G780FXXS8DVD3,2022-04-01,2026-09-11T15:07:14Z
SM-G780F,INS,G780FXXS8DVD3,2022-04-01,2026-09-11T15:07:31Z
SM-G780F,MID,G780FXXS8DVD3,2022-04-01,2026-09-11T15:07:17Z
SM-G780F,SEE,G780FXXS8DVD3,2022-04-01,2026-09-11T15:07:42Z
SM-G780F,TUR,G780FXXS8DVD3,2022-04-01,2026-09-11T15:07:22Z
SM-G780F,XSA,G780FXXS8DVD3,2022-04-01,2026-09-11T15:07:45Z
SM-G780F,XSG,G780FXXS8DVD3,2022-04-01,2026-09-11T15:07:25Z
SM-G780F,AFG,G780FXXS9DVE3,2022-05-01,2026-09-11T15:07:28Z
SM-G780F,BTU,G780FXXS9DVE3,2022-05-01,2026-09-11T15:07:48Z
SM-G780F,EGY,G780FXXS9DVE3,2022-05-01,2026-09-11T15:07:20Z
SM-G780F,ILO,G780FXXS9DVE3,2022-05-01,2026-09-11T15:07:14Z
SM-G780F,INS,G780FXXS9DVE3,2022-05-01,2026-09-11T15:07:31Z
SM-G780F,MID,G780FXXS9DVE3,2022-05-01,2026-09-11T15:07:17Z
SM-G780F,SEE,G780FXXS9DVE3,2022-05-01,2026-09-11T15:07:42Z
SM-G780F,TUR,G780FXXS9DVE3,2022-05-01,2026-09-11T15:07:22Z
SM-G780F,XSA,G780FXXS9DVE3,2022-05-01,2026-09-11T15:07:45Z
SM-G780F,XSG,G780FXXS9DVE3,2022-05-01,2026-09-11T15:07:25Z
SM-G780F,AFG,G780FXXS9DVF8,2022-07-01,2026-09-11T15:07:28Z
SM-G780F,BTU,G780FXXS9DVF8,2022-07-01,2026-09-11T15:07:48Z
SM-G780F,EGY,G780FXXS9DVF8,2022-07-01,2026-09-11T15:07:20Z
SM-G780F,ILO,G780FXXS9DVF8,2022-07-01,2026-09-11T15:07:14Z
SM-G780F,INS,G780FXXS9DVF8,2022-07-01,2026-09-11T15:07:31Z
SM-G780F,MID,G780FXXS9DVF8,2022-07-01,2026-09-11T15:07:17Z
SM-G780F,SEE,G780FXXS9DVF8,2022-07-01,2026-09-11T15:07:42Z
SM-G780F,TUR,G780FXXS9DVF8,2022-07-01,2026-09-11T15:07:22Z
SM-G780F,XSA,G780FXXS9DVF8,2022-07-01,2026-09-11T15:07:45Z
SM-G780F,XSG,G780FXXS9DVF8,2022-07-01,2026-09-11T15:07:25Z
SM-G780F,AFG,G780FXXSADVJ1,2022-10-01,2026-09-11T15:07:28Z
SM-G780F,BTU,G780FXXSADVJ1,2022-10-01,2026-09-11T15:07:48Z
SM-G780F,EGY,G780FXXSADVJ1,2022-10-01,2026-09-11T15:07:20Z
SM-G780F,ILO,G780FXXSADVJ1,2022-10-01,2026-09-11T15:07:14Z
SM-G780F,MID,G780FXXSADVJ1,2022-10-01,2026-09-11T15:07:17Z
SM-G780F,SEE,G780FXXSADVJ1,2022-10-01,2026-09-11T15:07:42Z
SM-G780F,TUR,G780FXXSADVJ1,2022-10-01,2026-09-11T15:07:22Z
SM-G780F,XSA,G780FXXSADVJ1,2022-10-01,2026-09-11T15:07:45Z
SM-G780F,XSG,G780FXXSADVJ1,2022-10-01,2026-09-11T15:07:25Z
SM-G780F,BTU,G780FXXSAEVL1,2022-12-01,2026-09-11T15:07:48Z
SM-G780F,INS,G780FXXSAEVL1,2022-12-01,2026-09-11T15:07:31Z
SM-G780F,SEE,G780FXXSAEVL1,2022-12-01,2026-09-11T15:07:42Z
SM-G780F,TUR,G780FXXSAEVL1,2022-12-01,2026-09-11T15:07:22Z
SM-G780F,AFG,G780FXXSAEVL2,2022-12-01,2026-09-11T15:07:28Z
SM-G780F,EGY,G780FXXSAEVL2,2022-12-01,2026-09-11T15:07:20Z
SM-G780F,ILO,G780FXXSAEVL2,2022-12-01,2026-09-11T15:07:14Z
SM-G780F,MID,G780FXXSAEVL2,2022-12-01,2026-09-11T15:07:17Z
SM-G780F,XSG,G780FXXSAEVL2,2022-12-01,2026-09-11T15:07:25Z
SM-G780F,BTU,G780FXXSAEWA4,2023-01-01,2026-09-11T15:07:48Z
SM-G780F,INS,G780FXXSAEWA4,2023-01-01,2026-09-11T15:07:31Z
SM-G780F,SEE,G780FXXSAEWA4,2023-01-01,2026-09-11T15:07:42Z
SM-G780F,TUR,G780FXXSAEWA4,2023-01-01,2026-09-11T15:07:22Z
SM-G780F,AFG,G780FXXSAEWA5,2023-01-01,2026-09-11T15:07:28Z
SM-G780F,EGY,G780FXXSAEWA5,2023-01-01,2026-09-11T15:07:20Z
SM-G780F,ILO,G780FXXSAEWA5,2023-01-01,2026-09-11T15:07:14Z
SM-G780F,MID,G780FXXSAEWA5,2023-01-01,2026-09-11T15:07:17Z
SM-G780F,XSG,G780FXXSAEWA5,2023-01-01,2026-09-11T15:07:25Z
SM-G780F,XSA,G780FXXSAEWA6,2022-12-01,2026-09-11T15:07:45Z
SM-G780F,XSA,G780FXXSAEWA7,2023-01-01,2026-09-11T15:07:45Z
SM-G780F,BTU,G780FXXSAEWB3,2023-02-01,2026-09-11T15:07:48Z
SM-G780F,INS,G780FXXSAEWB3,2023-02-01,2026-09-11T15:07:31Z
SM-G780F,SEE,G780FXXSAEWB3,2023-02-01,2026-09-11T15:07:42Z
SM-G780F,TUR,G780FXXSAEWB3,2023-02-01,2026-09-11T15:07:22Z
SM-G780F,AFG,G780FXXSAEWB4,2023-02-01,2026-09-11T15:07:28Z
SM-G780F,EGY,G780FXXSAEWB4,2023-02-01,2026-09-11T15:07:20Z
SM-G780F,ILO,G780FXXSAEWB4,2023-02-01,2026-09-11T15:07:14Z
SM-G780F,MID,G780FXXSAEWB4,2023-02-01,2026-09-11T15:07:17Z
SM-G780F,XSG,G780FXXSAEWB4,2023-02-01,2026-09-11T15:07:25Z
SM-G780F,XSA,G780FXXSAEWC1,2023-02-01,2026-09-11T15:07:45Z
SM-G780F,XSA,G780FXXSAEWC4,2023-03-01,2026-09-11T15:07:45Z
SM-G780F,AFG,G780FXXSAFWC5,2023-03-01,2026-09-11T15:07:28Z
SM-G780F,BTU,G780FXXSAFWC5,2023-03-01,2026-09-11T15:07:48Z
SM-G780F,EGY,G780FXXSAFWC5,2023-03-01,2026-09-11T15:07:20Z
SM-G780F,ILO,G780FXXSAFWC5,2023-03-01,2026-09-11T15:07:14Z
SM-G780F,INS,G780FXXSAFWC5,2023-03-01,2026-09-11T15:07:31Z
SM-G780F,MID,G780FXXSAFWC5,2023-03-01,2026-09-11T15:07:17Z
SM-G780F,SEE,G780FXXSAFWC5,2023-03-01,2026-09-11T15:07:42Z
SM-G780F,TUR,G780FXXSAFWC5,2023-03-01,2026-09-11T15:07:22Z
SM-G780F,XSG,G780FXXSAFWC5,2023-03-01,2026-09-11T15:07:25Z
SM-G780F,AFG,G780FXXSBFWD1,2023-04-01,2026-09-11T15:07:28Z
SM-G780F,BTU,G780FXXSBFWD1,2023-04-01,2026-09-11T15:07:48Z
SM-G780F,EGY,G780FXXSBFWD1,2023-04-01,2026-09-11T15:07:20Z
SM-G780F,ILO,G780FXXSBFWD1,2023-04-01,2026-09-11T15:07:14Z
SM-G780F,INS,G780FXXSBFWD1,2023-04-01,2026-09-11T15:07:31Z
SM-G780F,MID,G780FXXSBFWD1,2023-04-01,2026-09-11T15:07:17Z
SM-G780F,SEE,G780FXXSBFWD1,2023-04-01,2026-09-11T15:07:42Z
SM-G780F,TUR,G780FXXSBFWD1,2023-04-01,2026-09-11T15:07:22Z
SM-G780F,XSG,G780FXXSBFWD1,2023-04-01,2026-09-11T15:07:25Z
SM-G780F,INS,G780FXXSDFWG1,2023-07-01,2026-09-11T15:07:31Z
SM-G780F,AFG,G780FXXSDFWG3,2023-07-01,2026-09-11T15:07:28Z
SM-G780F,BTU,G780FXXSDFWG3,2023-07-01,2026-09-11T15:07:48Z
SM-G780F,EGY,G780FXXSDFWG3,2023-07-01,2026-09-11T15:07:20Z
SM-G780F,ILO,G780FXXSDFWG3,2023-07-01,2026-09-11T15:07:14Z
SM-G780F,MID,G780FXXSDFWG3,2023-07-01,2026-09-11T15:07:17Z
SM-G780F,SEE,G780FXXSDFWG3,2023-07-01,2026-09-11T15:07:42Z
SM-G780F,TUR,G780FXXSDFWG3,2023-07-01,2026-09-11T15:07:22Z
SM-G780F,XSA,G780FXXSDFWG3,2023-07-01,2026-09-11T15:07:45Z
SM-G780F,XSG,G780FXXSDFWG3,2023-07-01,2026-09-11T15:07:25Z
SM-G780F,AFG,G780FXXSDFWGA,2023-08-01,2026-09-11T15:07:28Z
SM-G780F,BTU,G780FXXSDFWGA,2023-08-01,2026-09-11T15:07:48Z
SM-G780F,EGY,G780FXXSDFWGA,2023-08-01,2026-09-11T15:07:20Z
SM-G780F,ILO,G780FXXSDFWGA,2023-08-01,2026-09-11T15:07:14Z
SM-G780F,MID,G780FXXSDFWGA,2023-08-01,2026-09-11T15:07:17Z
SM-G780F,SEE,G780FXXSDFWGA,2023-08-01,2026-09-11T15:07:42Z
SM-G780F,TUR,G780FXXSDFWGA,2023-08-01,2026-09-11T15:07:22Z
SM-G780F,XSA,G780FXXSDFWGA,2023-08-01,2026-09-11T15:07:45Z
SM-G780F,XSG,G780FXXSDFWGA,2023-08-01,2026-09-11T15:07:25Z
SM-G780F,INS,G780FXXSDFWGB,2023-08-01,2026-09-11T15:07:31Z
SM-G780F,AFG,G780FXXSDFWH8,2023-09-01,2026-09-11T15:07:28Z
SM-G780F,BTU,G780FXXSDFWH8,2023-09-01,2026-09-11T15:07:48Z
SM-G780F,EGY,G780FXXSDFWH8,2023-09-01,2026-09-11T15:07:20Z
SM-G780F,ILO,G780FXXSDFWH8,2023-09-01,2026-09-11T15:07:14Z
SM-G780F,MID,G780FXXSDFWH8,2023-09-01,2026-09-11T15:07:17Z
SM-G780F,SEE,G780FXXSDFWH8,2023-09-01,2026-09-11T15:07:42Z
SM-G780F,TUR,G780FXXSDFWH8,2023-09-01,2026-09-11T15:07:22Z
SM-G780F,XSA,G780FXXSDFWH8,2023-09-01,2026-09-11T15:07:45Z
SM-G780F,XSG,G780FXXSDFWH8,2023-09-01,2026-09-11T15:07:25Z
SM-G780F,INS,G780FXXSDFWI1,2023-09-01,2026-09-11T15:07:31Z
SM-G780F,AFG,G780FXXSDFWI3,2023-10-01,2026-09-11T15:07:28Z
SM-G780F,BTU,G780FXXSDFWI3,2023-10-01,2026-09-11T15:07:48Z
SM-G780F,EGY,G780FXXSDFWI3,2023-10-01,2026-09-11T15:07:20Z
SM-G780F,ILO,G780FXXSDFWI3,2023-10-01,2026-09-11T15:07:14Z
SM-G780F,MID,G780FXXSDFWI3,2023-10-01,2026-09-11T15:07:17Z
SM-G780F,SEE,G780FXXSDFWI3,2023-10-01,2026-09-11T15:07:42Z
SM-G780F,TUR,G780FXXSDFWI3,2023-10-01,2026-09-11T15:07:22Z
SM-G780F,XSA,G780FXXSDFWI3,2023-10-01,2026-09-11T15:07:45Z
SM-G780F,XSG,G780FXXSDFWI3,2023-10-01,2026-09-11T15:07:25Z
SM-G780F,INS,G780FXXSDFWJ1,2023-10-01,2026-09-11T15:07:31Z
SM-G780F,AFG,G780FXXSDFWJ8,2023-11-01,2026-09-11T15:07:28Z
SM-G780F,BTU,G780FXXSDFWJ8,2023-11-01,2026-09-11T15:07:48Z
SM-G780F,EGY,G780FXXSDFWJ8,2023-11-01,2026-09-11T15:07:20Z
SM-G780F,ILO,G780FXXSDFWJ8,2023-11-01,2026-09-11T15:07:14Z
SM-G780F,MID,G780FXXSDFWJ8,2023-11-01,2026-09-11T15:07:17Z
SM-G780F,SEE,G780FXXSDFWJ8,2023-11-01,2026-09-11T15:07:42Z
SM-G780F,TUR,G780FXXSDFWJ8,2023-11-01,2026-09-11T15:07:22Z
SM-G780F,XSA,G780FXXSDFWJ8,2023-11-01,2026-09-11T15:07:45Z
SM-G780F,XSG,G780FXXSDFWJ8,2023-11-01,2026-09-11T15:07:25Z
SM-G780F,INS,G780FXXSDFWK1,2023-11-01,2026-09-11T15:07:31Z
SM-G780F,AFG,G780FXXSEFWK8,2023-12-01,2026-09-11T15:07:28Z
SM-G780F,BTU,G780FXXSEFWK8,2023-12-01,2026-09-11T15:07:48Z
SM-G780F,EGY,G780FXXSEFWK8,2023-12-01,2026-09-11T15:07:20Z
SM-G780F,ILO,G780FXXSEFWK8,2023-12-01,2026-09-11T15:07:14Z
SM-G780F,MID,G780FXXSEFWK8,2023-12-01,2026-09-11T15:07:17Z
SM-G780F,SEE,G780FXXSEFWK8,2023-12-01,2026-09-11T15:07:42Z
SM-G780F,TUR,G780FXXSEFWK8,2023-12-01,2026-09-11T15:07:22Z
SM-G780F,XSA,G780FXXSEFWK8,2023-12-01,2026-09-11T15:07:45Z
SM-G780F,XSG,G780FXXSEFWK8,2023-12-01,2026-09-11T15:07:25Z
SM-G780F,INS,G780FXXSEFWL1,2023-12-01,2026-09-11T15:07:31Z
SM-G780F,AFG,G780FXXSEFWLC,2024-01-01,2026-09-11T15:07:28Z
SM-G780F,BTU,G780FXXSEFWLC,2024-01-01,2026-09-11T15:07:48Z
SM-G780F,EGY,G780FXXSEFWLC,2024-01-01,2026-09-11T15:07:20Z
SM-G780F,ILO,G780FXXSEFWLC,2024-01-01,2026-09-11T15:07:14Z
SM-G780F,MID,G780FXXSEFWLC,2024-01-01,2026-09-11T15:07:17Z
SM-G780F,SEE,G780FXXSEFWLC,2024-01-01,2026-09-11T15:07:42Z
SM-G780F,TUR,G780FXXSEFWLC,2024-01-01,2026-09-11T15:07:22Z
SM-G780F,XSA,G780FXXSEFWLC,2024-01-01,2026-09-11T15:07:45Z
SM-G780F,XSG,G780FXXSEFWLC,2024-01-01,2026-09-11T15:07:25Z
SM-G780F,INS,G780FXXSEFWLD,2024-01-01,2026-09-11T15:07:31Z
SM-G780F,AFG,G780FXXSFFXA6,2024-02-01,2026-09-11T15:07:28Z
SM-G780F,BTU,G780FXXSFFXA6,2024-02-01,2026-09-11T15:07:48Z
SM-G780F,EGY,G780FXXSFFXA6,2024-02-01,2026-09-11T15:07:20Z
SM-G780F,ILO,G780FXXSFFXA6,2024-02-01,2026-09-11T15:07:14Z
SM-G780F,MID,G780FXXSFFXA6,2024-02-01,2026-09-11T15:07:17Z
SM-G780F,SEE,G780FXXSFFXA6,2024-02-01,2026-09-11T15:07:42Z
SM-G780F,TUR,G780FXXSFFXA6,2024-02-01,2026-09-11T15:07:22Z
SM-G780F,XSA,G780FXXSFFXA6,2024-02-01,2026-09-11T15:07:45Z
SM-G780F,XSG,G780FXXSFFXA6,2024-02-01,2026-09-11T15:07:25Z
SM-G780F,INS,G780FXXSFFXA7,2024-02-01,2026-09-11T15:07:31Z
SM-G780F,AFG,G780FXXSFFXC1,2024-03-01,2026-09-11T15:07:28Z
SM-G780F,BTU,G780FXXSFFXC1,2024-03-01,2026-09-11T15:07:48Z
SM-G780F,EGY,G780FXXSFFXC1,2024-03-01,2026-09-11T15:07:20Z
SM-G780F,ILO,G780FXXSFFXC1,2024-03-01,2026-09-11T15:07:14Z
SM-G780F,MID,G780FXXSFFXC1,2024-03-01,2026-09-11T15:07:17Z
SM-G780F,SEE,G780FXXSFFXC1,2024-03-01,2026-09-11T15:07:42Z
SM-G780F,TUR,G780FXXSFFXC1,2024-03-01,2026-09-11T15:07:22Z
SM-G780F,XSA,G780FXXSFFXC1,2024-03-01,2026-09-11T15:07:45Z
SM-G780F,XSG,G780FXXSFFXC1,2024-03-01,2026-09-11T15:07:25Z
SM-G780F,INS,G780FXXSFFXC2,2024-03-01,2026-09-11T15:07:31Z
SM-G780F,AFG,G780FXXSGFXC6,2024-04-01,2026-09-11T15:07:28Z
SM-G780F,BTU,G780FXXSGFXC6,2024-04-01,2026-09-11T15:07:48Z
SM-G780F,EGY,G780FXXSGFXC6,2024-04-01,2026-09-11T15:07:20Z
SM-G780F,ILO,G780FXXSGFXC6,2024-04-01,2026-09-11T15:07:14Z
SM-G780F,MID,G780FXXSGFXC6,2024-04-01,2026-09-11T15:07:17Z
SM-G780F,SEE,G780FXXSGFXC6,2024-04-01,2026-09-11T15:07:42Z
SM-G780F,TUR,G780FXXSGFXC6,2024-04-01,2026-09-11T15:07:22Z
SM-G780F,XSA,G780FXXSGFXC6,2024-04-01,2026-09-11T15:07:45Z
SM-G780F,XSG,G780FXXSGFXC6,2024-04-01,2026-09-11T15:07:25Z
SM-G780F,INS,G780FXXSGFXD1,2024-04-01,2026-09-11T15:07:31Z
SM-G780F,AFG,G780FXXSHFXE5,2024-05-01,2026-09-11T15:07:28Z
SM-G780F,BTU,G780FXXSHFXE5,2024-05-01,2026-09-11T15:07:48Z
SM-G780F,EGY,G780FXXSHFXE5,2024-05-01,2026-09-11T15:07:20Z
SM-G780F,ILO,G780FXXSHFXE5,2024-05-01,2026-09-11T15:07:14Z
SM-G780F,MID,G780FXXSHFXE5,2024-05-01,2026-09-11T15:07:17Z
SM-G780F,SEE,G780FXXSHFXE5,2024-05-01,2026-09-11T15:07:42Z
SM-G780F,TUR,G780FXXSHFXE5,2024-05-01,2026-09-11T15:07:22Z
SM-G780F,XSA,G780FXXSHFXE5,2024-05-01,2026-09-11T15:07:45Z
SM-G780F,XSG,G780FXXSHFXE5,2024-05-01,2026-09-11T15:07:25Z
SM-G780F,INS,G780FXXSHFXE6,2024-05-01,2026-09-11T15:07:31Z
SM-G780F,AFG,G780FXXSHFXF3,2024-06-01,2026-09-11T15:07:28Z
SM-G780F,BTU,G780FXXSHFXF3,2024-06-01,2026-09-11T15:07:48Z
SM-G780F,EGY,G780FXXSHFXF3,2024-06-01,2026-09-11T15:07:20Z
SM-G780F,ILO,G780FXXSHFXF3,2024-06-01,2026-09-11T15:07:14Z
SM-G780F,MID,G780FXXSHFXF3,2024-06-01,2026-09-11T15:07:17Z
SM-G780F,SEE,G780FXXSHFXF3,2024-06-01,2026-09-11T15:07:42Z
SM-G780F,TUR,G780FXXSHFXF3,2024-06-01,2026-09-11T15:07:22Z
SM-G780F,XSA,G780FXXSHFXF3,2024-06-01,2026-09-11T15:07:45Z
SM-G780F,XSG,G780FXXSHFXF3,2024-06-01,2026-09-11T15:07:25Z
SM-G780F,INS,G780FXXSHFXF4,2024-06-01,2026-09-11T15:07:31Z
SM-G780F,AFG,G780FXXSIFXG1,2024-07-01,2026-09-11T15:07:28Z
SM-G780F,BTU,G780FXXSIFXG1,2024-07-01,2026-09-11T15:07:48Z
SM-G780F,EGY,G780FXXSIFXG1,2024-07-01,2026-09-11T15:07:20Z
SM-G780F,ILO,G780FXXSIFXG1,2024-07-01,2026-09-11T15:07:14Z
SM-G780F,MID,G780FXXSIFXG1,2024-07-01,2026-09-11T15:07:17Z
SM-G780F,SEE,G780FXXSIFXG1,2024-07-01,2026-09-11T15:07:42Z
SM-G780F,TUR,G780FXXSIFXG1,2024-07-01,2026-09-11T15:07:22Z
SM-G780F,XSA,G780FXXSIFXG1,2024-07-01,2026-09-11T15:07:45Z
SM-G780F,XSG,G780FXXSIFXG1,2024-07-01,2026-09-11T15:07:25Z
SM-G780F,INS,G780FXXSIFXG2,2024-07-01,2026-09-11T15:07:31Z
SM-G780F,AFG,G780FXXSJFXH1,2024-08-01,2026-09-11T15:07:28Z
SM-G780F,BTU,G780FXXSJFXH1,2024-08-01,2026-09-11T15:07:48Z
SM-G780F,EGY,G780FXXSJFXH1,2024-08-01,2026-09-11T15:07:20Z
SM-G780F,ILO,G780FXXSJFXH1,2024-08-01,2026-09-11T15:07:14Z
SM-G780F,MID,G780FXXSJFXH1,2024-08-01,2026-09-11T15:07:17Z
SM-G780F,SEE,G780FXXSJFXH1,2024-08-01,2026-09-11T15:07:42Z
SM-G780F,TUR,G780FXXSJFXH1,2024-08-01,2026-09-11T15:07:22Z
SM-G780F,XSA,G780FXXSJFXH1,2024-08-01,2026-09-11T15:07:45Z
SM-G780F,XSG,G780FXXSJFXH1,2024-08-01,2026-09-11T15:07:25Z
SM-G780F,INS,G780FXXSJFXH2,2024-08-01,2026-09-11T15:07:31Z
SM-G780F,AFG,G780FXXSJFXI1,2024-09-01,2026-09-11T15:07:28Z
SM-G780F,BTU,G780FXXSJFXI1,2024-09-01,2026-09-11T15:07:48Z
SM-G780F,EGY,G780FXXSJFXI1,2024-09-01,2026-09-11T15:07:20Z
SM-G780F,ILO,G780FXXSJFXI1,2024-09-01,2026-09-11T15:07:14Z
SM-G780F,MID,G780FXXSJFXI1,2024-09-01,2026-09-11T15:07:17Z
SM-G780F,SEE,G780FXXSJFXI1,2024-09-01,2026-09-11T15:07:42Z
SM-G780F,TUR,G780FXXSJFXI1,2024-09-01,2026-09-11T15:07:22Z
SM-G780F,XSA,G780FXXSJFXI1,2024-09-01,2026-09-11T15:07:45Z
SM-G780F,XSG,G780FXXSJFXI1,2024-09-01,2026-09-11T15:07:25Z
SM-G780F,INS,G780FXXSJFXI2,2024-09-01,2026-09-11T15:07:31Z
SM-G780F,AFG,G780FXXSKFXJ3,2024-10-01,2026-09-11T15:07:28Z
SM-G780F,BTU,G780FXXSKFXJ3,2024-10-01,2026-09-11T15:07:48Z
SM-G780F,EGY,G780FXXSKFXJ3,2024-10-01,2026-09-11T15:07:20Z
SM-G780F,ILO,G780FXXSKFXJ3,2024-10-01,2026-09-11T15:07:14Z
SM-G780F,MID,G780FXXSKFXJ3,2024-10-01,2026-09-11T15:07:17Z
SM-G780F,SEE,G780FXXSKFXJ3,2024-10-01,2026-09-11T15:07:42Z
SM-G780F,TUR,G780FXXSKFXJ3,2024-10-01,2026-09-11T15:07:22Z
SM-G780F,XSA,G780FXXSKFXJ3,2024-10-01,2026-09-11T15:07:45Z
SM-G780F,XSG,G780FXXSKFXJ3,2024-10-01,2026-09-11T15:07:25Z
SM-G780F,INS,G780FXXSKFXJ4,2024-10-01,2026-09-11T15:07:31Z
SM-G780F,AFG,G780FXXSLFXK7,2024-11-01,2026-09-11T15:07:28Z
SM-G780F,BTU,G780FXXSLFXK7,2024-11-01,2026-09-11T15:07:48Z
SM-G780F,EGY,G780FXXSLFXK7,2024-11-01,2026-09-11T15:07:20Z
SM-G780F,ILO,G780FXXSLFXK7,2024-11-01,2026-09-11T15:07:14Z
SM-G780F,MID,G780FXXSLFXK7,2024-11-01,2026-09-11T15:07:17Z
SM-G780F,SEE,G780FXXSLFXK7,2024-11-01,2026-09-11T15:07:42Z
SM-G780F,TUR,G780FXXSLFXK7,2024-11-01,2026-09-11T15:07:22Z
SM-G780F,XSA,G780FXXSLFXK7,2024-11-01,2026-09-11T15:07:45Z
SM-G780F,XSG,G780FXXSLFXK7,2024-11-01,2026-09-11T15:07:25Z
SM-G780F,INS,G780FXXSLFXK8,2024-11-01,2026-09-11T15:07:31Z
SM-G780F,AFG,G780FXXSLFXL1,2025-01-01,2026-09-11T15:07:28Z
SM-G780F,BTU,G780FXXSLFXL1,2025-01-01,2026-09-11T15:07:48Z
SM-G780F,EGY,G780FXXSLFXL1,2025-01-01,2026-09-11T15:07:20Z
SM-G780F,ILO,G780FXXSLFXL1,2025-01-01,2026-09-11T15:07:14Z
SM-G780F,MID,G780FXXSLFXL1,2025-01-01,2026-09-11T15:07:17Z
SM-G780F,SEE,G780FXXSLFXL1,2025-01-01,2026-09-11T15:07:42Z
SM-G780F,TUR,G780FXXSLFXL1,2025-01-01,2026-09-11T15:07:22Z
SM-G780F,XSA,G780FXXSLFXL1,2025-01-01,2026-09-11T15:07:45Z
SM-G780F,XSG,G780FXXSLFXL1,2025-01-01,2026-09-11T15:07:25Z
SM-G780F,INS,G780FXXSLFYA1,2025-01-01,2026-09-11T15:07:31Z
SM-G780F,AFG,G780FXXSMFYC1,2025-04-01,2026-09-11T15:07:28Z
SM-G780F,BTU,G780FXXSMFYC1,2025-04-01,2026-09-11T15:07:48Z
SM-G780F,EGY,G780FXXSMFYC1,2025-04-01,2026-09-11T15:07:20Z
SM-G780F,ILO,G780FXXSMFYC1,2025-04-01,2026-09-11T15:07:14Z
SM-G780F,MID,G780FXXSMFYC1,2025-04-01,2026-09-11T15:07:17Z
SM-G780F,SEE,G780FXXSMFYC1,2025-04-01,2026-09-11T15:07:42Z
SM-G780F,TUR,G780FXXSMFYC1,2025-04-01,2026-09-11T15:07:22Z
SM-G780F,XSA,G780FXXSMFYC1,2025-04-01,2026-09-11T15:07:45Z
SM-G780F,XSG,G780FXXSMFYC1,2025-04-01,2026-09-11T15:07:25Z
SM-G780F,INS,G780FXXSMFYD1,2025-04-01,2026-09-11T15:07:31Z
SM-G780F,BTU,G780FXXSNFYF2,2025-07-01,2026-09-11T15:07:48Z
SM-G780F,SEE,G780FXXSNFYF2,2025-07-01,2026-09-11T15:07:42Z
SM-G780F,XSA,G780FXXSNFYF2,2025-07-01,2026-09-11T15:07:45Z
SM-G780F,AFG,G780FXXSNFYH1,2025-07-01,2026-09-11T15:07:28Z
SM-G780F,BTU,G780FXXSNFYH1,2025-07-01,2026-09-11T15:07:48Z
SM-G780F,EGY,G780FXXSNFYH1,2025-07-01,2026-09-11T15:07:20Z
SM-G780F,ILO,G780FXXSNFYH1,2025-07-01,2026-09-11T15:07:14Z
SM-G780F,MID,G780FXXSNFYH1,2025-07-01,2026-09-11T15:07:17Z
SM-G780F,SEE,G780FXXSNFYH1,2025-07-01,2026-09-11T15:07:42Z
SM-G780F,TUR,G780FXXSNFYH1,2025-07-01,2026-09-11T15:07:22Z
SM-G780F,XSA,G780FXXSNFYH1,2025-07-01,2026-09-11T15:07:45Z
SM-G780F,XSG,G780FXXSNFYH1,2025-07-01,2026-09-11T15:07:25Z
SM-G780F,INS,G780FXXSNFYH3,2025-07-01,2026-09-11T15:07:31Z
SM-G780F,AFG,G780FXXSOFYJ1,2025-10-01,2026-09-11T15:07:28Z
SM-G780F,BTU,G780FXXSOFYJ1,2025-10-01,2026-09-11T15:07:48Z
SM-G780F,EGY,G780FXXSOFYJ1,2025-10-01,2026-09-11T15:07:20Z
SM-G780F,ILO,G780FXXSOFYJ1,2025-10-01,2026-09-11T15:07:14Z
SM-G780F,MID,G780FXXSOFYJ1,2025-10-01,2026-09-11T15:07:17Z
SM-G780F,SEE,G780FXXSOFYJ1,2025-10-01,2026-09-11T15:07:42Z
SM-G780F,TUR,G780FXXSOFYJ1,2025-10-01,2026-09-11T15:07:22Z
SM-G780F,XSA,G780FXXSOFYJ1,2025-10-01,2026-09-11T15:07:45Z
SM-G780F,XSG,G780FXXSOFYJ1,2025-10-01,2026-09-11T15:07:25Z
SM-G780F,BTU,G780FXXU1ATIL,2020-09-01,2026-09-11T15:07:48Z
SM-G780F,SEE,G780FXXU1ATIL,2020-09-01,2026-09-11T15:07:42Z
SM-G780F,AFG,G780FXXU1ATJ1,2020-10-01,2026-09-11T15:07:28Z
SM-G780F,BTU,G780FXXU1ATJ1,2020-10-01,2026-09-11T15:07:48Z
SM-G780F,EGY,G780FXXU1ATJ1,2020-10-01,2026-09-11T15:07:20Z
SM-G780F,INS,G780FXXU1ATJ1,2020-10-01,2026-09-11T15:07:31Z
SM-G780F,MID,G780FXXU1ATJ1,2020-10-01,2026-09-11T15:07:17Z
SM-G780F,SEE,G780FXXU1ATJ1,2020-10-01,2026-09-11T15:07:42Z
SM-G780F,TUR,G780FXXU1ATJ1,2020-10-01,2026-09-11T15:07:22Z
SM-G780F,XSG,G780FXXU1ATJ1,2020-10-01,2026-09-11T15:07:25Z
SM-G780F,AFG,G780FXXU1ATJ5,2020-10-01,2026-09-11T15:07:28Z
SM-G780F,BTU,G780FXXU1ATJ5,2020-10-01,2026-09-11T15:07:48Z
SM-G780F,EGY,G780FXXU1ATJ5,2020-10-01,2026-09-11T15:07:20Z
SM-G780F,INS,G780FXXU1ATJ5,2020-10-01,2026-09-11T15:07:31Z
SM-G780F,MID,G780FXXU1ATJ5,2020-10-01,2026-09-11T15:07:17Z
SM-G780F,SEE,G780FXXU1ATJ5,2020-10-01,2026-09-11T15:07:42Z
SM-G780F,TUR,G780FXXU1ATJ5,2020-10-01,2026-09-11T15:07:22Z
SM-G780F,XSA,G780FXXU1ATJ5,2020-10-01,2026-09-11T15:07:45Z
SM-G780F,XSG,G780FXXU1ATJ5,2020-10-01,2026-09-11T15:07:25Z
SM-G780F,AFG,G780FXXU1ATK1,2020-11-01,2026-09-11T15:07:28Z
SM-G780F,BTU,G780FXXU1ATK1,2020-11-01,2026-09-11T15:07:48Z
SM-G780F,EGY,G780FXXU1ATK1,2020-11-01,2026-09-11T15:07:20Z
SM-G780F,INS,G780FXXU1ATK1,2020-11-01,2026-09-11T15:07:31Z
SM-G780F,MID,G780FXXU1ATK1,2020-11-01,2026-09-11T15:07:17Z
SM-G780F,SEE,G780FXXU1ATK1,2020-11-01,2026-09-11T15:07:42Z
SM-G780F,TUR,G780FXXU1ATK1,2020-11-01,2026-09-11T15:07:22Z
SM-G780F,XSA,G780FXXU1ATK1,2020-11-01,2026-09-11T15:07:45Z
SM-G780F,XSG,G780FXXU1ATK1,2020-11-01,2026-09-11T15:07:25Z
SM-G780F,INS,G780FXXU1ATK3,2020-11-01,2026-09-11T15:07:31Z
SM-G780F,AFG,G780FXXU1BTL1,2020-12-01,2026-09-11T15:07:28Z
SM-G780F,BTU,G780FXXU1BTL1,2020-12-01,2026-09-11T15:07:48Z
SM-G780F,EGY,G780FXXU1BTL1,2020-12-01,2026-09-11T15:07:20Z
SM-G780F,ILO,G780FXXU1BTL1,2020-12-01,2026-09-11T15:07:14Z
SM-G780F,INS,G780FXXU1BTL1,2020-12-01,2026-09-11T15:07:31Z
SM-G780F,MID,G780FXXU1BTL1,2020-12-01,2026-09-11T15:07:17Z
SM-G780F,SEE,G780FXXU1BTL1,2020-12-01,2026-09-11T15:07:42Z
SM-G780F,TUR,G780FXXU1BTL1,2020-12-01,2026-09-11T15:07:22Z
SM-G780F,XSG,G780FXXU1BTL1,2020-12-01,2026-09-11T15:07:25Z
SM-G780F,INS,G780FXXU1BUA1,2021-01-01,2026-09-11T15:07:31Z
SM-G780F,XSA,G780FXXU1BUA8,2021-01-01,2026-09-11T15:07:45Z
SM-G780F,AFG,G780FXXU2CUB2,2021-02-01,2026-09-11T15:07:28Z
SM-G780F,BTU,G780FXXU2CUB2,2021-02-01,2026-09-11T15:07:48Z
SM-G780F,EGY,G780FXXU2CUB2,2021-02-01,2026-09-11T15:07:20Z
SM-G780F,MID,G780FXXU2CUB2,2021-02-01,2026-09-11T15:07:17Z
SM-G780F,SEE,G780FXXU2CUB2,2021-02-01,2026-09-11T15:07:42Z
SM-G780F,TUR,G780FXXU2CUB2,2021-02-01,2026-09-11T15:07:22Z
SM-G780F,XSA,G780FXXU2CUB2,2021-02-01,2026-09-11T15:07:45Z
SM-G780F,XSG,G780FXXU2CUB2,2021-02-01,2026-09-11T15:07:25Z
SM-G780F,INS,G780FXXU2CUB3,2021-02-01,2026-09-11T15:07:31Z
SM-G780F,AFG,G780FXXU2CUCC,2021-04-01,2026-09-11T15:07:28Z
SM-G780F,BTU,G780FXXU2CUCC,2021-04-01,2026-09-11T15:07:48Z
SM-G780F,EGY,G780FXXU2CUCC,2021-04-01,2026-09-11T15:07:20Z
SM-G780F,INS,G780FXXU2CUCC,2021-04-01,2026-09-11T15:07:31Z
SM-G780F,MID,G780FXXU2CUCC,2021-04-01,2026-09-11T15:07:17Z
SM-G780F,SEE,G780FXXU2CUCC,2021-04-01,2026-09-11T15:07:42Z
SM-G780F,TUR,G780FXXU2CUCC,2021-04-01,2026-09-11T15:07:22Z
SM-G780F,XSA,G780FXXU2CUCC,2021-04-01,2026-09-11T15:07:45Z
SM-G780F,XSG,G780FXXU2CUCC,2021-04-01,2026-09-11T15:07:25Z
SM-G780F,INS,G780FXXU2CUE1,2021-04-01,2026-09-11T15:07:31Z
SM-G780F,AFG,G780FXXU4CUF1,2021-06-01,2026-09-11T15:07:28Z
SM-G780F,BTU,G780FXXU4CUF1,2021-06-01,2026-09-11T15:07:48Z
SM-G780F,EGY,G780FXXU4CUF1,2021-06-01,2026-09-11T15:07:20Z
SM-G780F,ILO,G780FXXU4CUF1,2021-06-01,2026-09-11T15:07:14Z
SM-G780F,INS,G780FXXU4CUF1,2021-06-01,2026-09-11T15:07:31Z
SM-G780F,SEE,G780FXXU4CUF1,2021-06-01,2026-09-11T15:07:42Z
SM-G780F,TUR,G780FXXU4CUF1,2021-06-01,2026-09-11T15:07:22Z
SM-G780F,XSA,G780FXXU4CUF1,2021-06-01,2026-09-11T15:07:45Z
SM-G780F,XSG,G780FXXU4CUF1,2021-06-01,2026-09-11T15:07:25Z
SM-G780F,BTU,G780FXXU4CUG1,2021-07-01,2026-09-11T15:07:48Z
SM-G780F,ILO,G780FXXU4CUG1,2021-07-01,2026-09-11T15:07:14Z
SM-G780F,INS,G780FXXU4CUG1,2021-07-01,2026-09-11T15:07:31Z
SM-G780F,SEE,G780FXXU4CUG1,2021-07-01,2026-09-11T15:07:42Z
SM-G780F,TUR,G780FXXU4CUG1,2021-07-01,2026-09-11T15:07:22Z
SM-G780F,XSA,G780FXXU4CUG1,2021-07-01,2026-09-11T15:07:45Z
SM-G780F,XSG,G780FXXU4CUG1,2021-07-01,2026-09-11T15:07:25Z
SM-G780F,AFG,G780FXXU4CUG5,2021-07-01,2026-09-11T15:07:28Z
SM-G780F,EGY,G780FXXU4CUG5,2021-07-01,2026-09-11T15:07:20Z
SM-G780F,ILO,G780FXXU4CUG5,2021-07-01,2026-09-11T15:07:14Z
SM-G780F,INS,G780FXXU4CUG5,2021-07-01,2026-09-11T15:07:31Z
SM-G780F,MID,G780FXXU4CUG5,2021-07-01,2026-09-11T15:07:17Z
SM-G780F,TUR,G780FXXU4CUG5,2021-07-01,2026-09-11T15:07:22Z
SM-G780F,XSA,G780FXXU4CUG5,2021-07-01,2026-09-11T15:07:45Z
SM-G780F,XSG,G780FXXU4CUG5,2021-07-01,2026-09-11T15:07:25Z
SM-G780F,BTU,G780FXXU5CUG6,2021-08-01,2026-09-11T15:07:48Z
SM-G780F,SEE,G780FXXU5CUG6,2021-08-01,2026-09-11T15:07:42Z
SM-G780F,AFG,G780FXXU5CUH1,2021-08-01,2026-09-11T15:07:28Z
SM-G780F,BTU,G780FXXU5CUH1,2021-08-01,2026-09-11T15:07:48Z
SM-G780F,EGY,G780FXXU5CUH1,2021-08-01,2026-09-11T15:07:20Z
SM-G780F,ILO,G780FXXU5CUH1,2021-08-01,2026-09-11T15:07:14Z
SM-G780F,INS,G780FXXU5CUH1,2021-08-01,2026-09-11T15:07:31Z
SM-G780F,MID,G780FXXU5CUH1,2021-08-01,2026-09-11T15:07:17Z
SM-G780F,SEE,G780FXXU5CUH1,2021-08-01,2026-09-11T15:07:42Z
SM-G780F,XSA,G780FXXU5CUH1,2021-08-01,2026-09-11T15:07:45Z
SM-G780F,XSG,G780FXXU5CUH1,2021-08-01,2026-09-11T15:07:25Z
SM-G780F,AFG,G780FXXU6CUI4,2021-09-01,2026-09-11T15:07:28Z
SM-G780F,BTU,G780FXXU6CUI4,2021-09-01,2026-09-11T15:07:48Z
SM-G780F,EGY,G780FXXU6CUI4,2021-09-01,2026-09-11T15:07:20Z
SM-G780F,ILO,G780FXXU6CUI4,2021-09-01,2026-09-11T15:07:14Z
SM-G780F,INS,G780FXXU6CUI4,2021-09-01,2026-09-11T15:07:31Z
SM-G780F,MID,G780FXXU6CUI4,2021-09-01,2026-09-11T15:07:17Z
SM-G780F,SEE,G780FXXU6CUI4,2021-09-01,2026-09-11T15:07:42Z
SM-G780F,TUR,G780FXXU6CUI4,2021-09-01,2026-09-11T15:07:22Z
SM-G780F,XSA,G780FXXU6CUI4,2021-09-01,2026-09-11T15:07:45Z
SM-G780F,XSG,G780FXXU6CUI4,2021-09-01,2026-09-11T15:07:25Z
SM-G780F,BTU,G780FXXU8DVB2,2022-02-01,2026-09-11T15:07:48Z
SM-G780F,EGY,G780FXXU8DVB2,2022-02-01,2026-09-11T15:07:20Z
SM-G780F,ILO,G780FXXU8DVB2,2022-02-01,2026-09-11T15:07:14Z
SM-G780F,MID,G780FXXU8DVB2,2022-02-01,2026-09-11T15:07:17Z
SM-G780F,SEE,G780FXXU8DVB2,2022-02-01,2026-09-11T15:07:42Z
SM-G780F,TUR,G780FXXU8DVB2,2022-02-01,2026-09-11T15:07:22Z
SM-G780F,XSA,G780FXXU8DVB2,2022-02-01,2026-09-11T15:07:45Z
SM-G780F,XSG,G780FXXU8DVB2,2022-02-01,2026-09-11T15:07:25Z
SM-G780F,AFG,G780FXXU8DVC8,2022-03-01,2026-09-11T15:07:28Z
SM-G780F,BTU,G780FXXU8DVC8,2022-03-01,2026-09-11T15:07:48Z
SM-G780F,EGY,G780FXXU8DVC8,2022-03-01,2026-09-11T15:07:20Z
SM-G780F,ILO,G780FXXU8DVC8,2022-03-01,2026-09-11T15:07:14Z
SM-G780F,INS,G780FXXU8DVC8,2022-03-01,2026-09-11T15:07:31Z
SM-G780F,MID,G780FXXU8DVC8,2022-03-01,2026-09-11T15:07:17Z
SM-G780F,SEE,G780FXXU8DVC8,2022-03-01,2026-09-11T15:07:42Z
SM-G780F,TUR,G780FXXU8DVC8,2022-03-01,2026-09-11T15:07:22Z
SM-G780F,XSA,G780FXXU8DVC8,2022-03-01,2026-09-11T15:07:45Z
SM-G780F,XSG,G780FXXU8DVC8,2022-03-01,2026-09-11T15:07:25Z
SM-G780F,AFG,G780FXXU9DVE7,2022-06-01,2026-09-11T15:07:28Z
SM-G780F,BTU,G780FXXU9DVE7,2022-06-01,2026-09-11T15:07:48Z
SM-G780F,EGY,G780FXXU9DVE7,2022-06-01,2026-09-11T15:07:20Z
SM-G780F,ILO,G780FXXU9DVE7,2022-06-01,2026-09-11T15:07:14Z
SM-G780F,INS,G780FXXU9DVE7,2022-06-01,2026-09-11T15:07:31Z
SM-G780F,MID,G780FXXU9DVE7,2022-06-01,2026-09-11T15:07:17Z
SM-G780F,SEE,G780FXXU9DVE7,2022-06-01,2026-09-11T15:07:42Z
SM-G780F,TUR,G780FXXU9DVE7,2022-06-01,2026-09-11T15:07:22Z
SM-G780F,XSA,G780FXXU9DVE7,2022-06-01,2026-09-11T15:07:45Z
SM-G780F,XSG,G780FXXU9DVE7,2022-06-01,2026-09-11T15:07:25Z
SM-G780F,AFG,G780FXXU9DVG5,2022-08-01,2026-09-11T15:07:28Z
SM-G780F,BTU,G780FXXU9DVG5,2022-08-01,2026-09-11T15:07:48Z
SM-G780F,EGY,G780FXXU9DVG5,2022-08-01,2026-09-11T15:07:20Z
SM-G780F,ILO,G780FXXU9DVG5,2022-08-01,2026-09-11T15:07:14Z
SM-G780F,INS,G780FXXU9DVG5,2022-08-01,2026-09-11T15:07:31Z
SM-G780F,MID,G780FXXU9DVG5,2022-08-01,2026-09-11T15:07:17Z
SM-G780F,SEE,G780FXXU9DVG5,2022-08-01,2026-09-11T15:07:42Z
SM-G780F,TUR,G780FXXU9DVG5,2022-08-01,2026-09-11T15:07:22Z
SM-G780F,XSA,G780FXXU9DVG5,2022-08-01,2026-09-11T15:07:45Z
SM-G780F,XSG,G780FXXU9DVG5,2022-08-01,2026-09-11T15:07:25Z
SM-G780F,AFG,G780FXXUADVI1,2022-09-01,2026-09-11T15:07:28Z
SM-G780F,BTU,G780FXXUADVI1,2022-09-01,2026-09-11T15:07:48Z
SM-G780F,EGY,G780FXXUADVI1,2022-09-01,2026-09-11T15:07:20Z
SM-G780F,ILO,G780FXXUADVI1,2022-09-01,2026-09-11T15:07:14Z
SM-G780F,INS,G780FXXUADVI1,2022-09-01,2026-09-11T15:07:31Z
SM-G780F,MID,G780FXXUADVI1,2022-09-01,2026-09-11T15:07:17Z
SM-G780F,SEE,G780FXXUADVI1,2022-09-01,2026-09-11T15:07:42Z
SM-G780F,TUR,G780FXXUADVI1,2022-09-01,2026-09-11T15:07:22Z
SM-G780F,XSA,G780FXXUADVI1,2022-09-01,2026-09-11T15:07:45Z
SM-G780F,XSG,G780FXXUADVI1,2022-09-01,2026-09-11T15:07:25Z
SM-G780F,BTU,G780FXXUAEVK3,2022-11-01,2026-09-11T15:07:48Z
SM-G780F,INS,G780FXXUAEVK3,2022-11-01,2026-09-11T15:07:31Z
SM-G780F,SEE,G780FXXUAEVK3,2022-11-01,2026-09-11T15:07:42Z
SM-G780F,TUR,G780FXXUAEVK3,2022-11-01,2026-09-11T15:07:22Z
SM-G780F,AFG,G780FXXUAEVK5,2022-11-01,2026-09-11T15:07:28Z
SM-G780F,EGY,G780FXXUAEVK5,2022-11-01,2026-09-11T15:07:20Z
SM-G780F,ILO,G780FXXUAEVK5,2022-11-01,2026-09-11T15:07:14Z
SM-G780F,MID,G780FXXUAEVK5,2022-11-01,2026-09-11T15:07:17Z
SM-G780F,XSG,G780FXXUAEVK5,2022-11-01,2026-09-11T15:07:25Z
SM-G780F,XSA,G780FXXUAEWA3,2022-11-01,2026-09-11T15:07:45Z
SM-G780F,AFG,G780FXXUAFWB6,2023-02-01,2026-09-11T15:07:28Z
SM-G780F,BTU,G780FXXUAFWB6,2023-02-01,2026-09-11T15:07:48Z
SM-G780F,EGY,G780FXXUAFWB6,2023-02-01,2026-09-11T15:07:20Z
SM-G780F,ILO,G780FXXUAFWB6,2023-02-01,2026-09-11T15:07:14Z
SM-G780F,INS,G780FXXUAFWB6,2023-02-01,2026-09-11T15:07:31Z
SM-G780F,MID,G780FXXUAFWB6,2023-02-01,2026-09-11T15:07:17Z
SM-G780F,SEE,G780FXXUAFWB6,2023-02-01,2026-09-11T15:07:42Z
SM-G780F,TUR,G780FXXUAFWB6,2023-02-01,2026-09-11T15:07:22Z
SM-G780F,XSG,G780FXXUAFWB6,2023-02-01,2026-09-11T15:07:25Z
SM-G780F,AFG,G780FXXUBFWD2,2023-05-01,2026-09-11T15:07:28Z
SM-G780F,BTU,G780FXXUBFWD2,2023-05-01,2026-09-11T15:07:48Z
SM-G780F,EGY,G780FXXUBFWD2,2023-05-01,2026-09-11T15:07:20Z
SM-G780F,ILO,G780FXXUBFWD2,2023-05-01,2026-09-11T15:07:14Z
SM-G780F,INS,G780FXXUBFWD2,2023-05-01,2026-09-11T15:07:31Z
SM-G780F,MID,G780FXXUBFWD2,2023-05-01,2026-09-11T15:07:17Z
SM-G780F,SEE,G780FXXUBFWD2,2023-05-01,2026-09-11T15:07:42Z
SM-G780F,TUR,G780FXXUBFWD2,2023-05-01,2026-09-11T15:07:22Z
SM-G780F,XSA,G780FXXUBFWD2,2023-05-01,2026-09-11T15:07:45Z
SM-G780F,XSG,G780FXXUBFWD2,2023-05-01,2026-09-11T15:07:25Z
SM-G780F,AFG,G780FXXUCFWE5,2023-06-01,2026-09-11T15:07:28Z
SM-G780F,BTU,G780FXXUCFWE5,2023-06-01,2026-09-11T15:07:48Z
SM-G780F,EGY,G780FXXUCFWE5,2023-06-01,2026-09-11T15:07:20Z
SM-G780F,ILO,G780FXXUCFWE5,2023-06-01,2026-09-11T15:07:14Z
SM-G780F,MID,G780FXXUCFWE5,2023-06-01,2026-09-11T15:07:17Z
SM-G780F,SEE,G780FXXUCFWE5,2023-06-01,2026-09-11T15:07:42Z
SM-G780F,TUR,G780FXXUCFWE5,2023-06-01,2026-09-11T15:07:22Z
SM-G780F,XSA,G780FXXUCFWE5,2023-06-01,2026-09-11T15:07:45Z
SM-G780F,XSG,G780FXXUCFWE5,2023-06-01,2026-09-11T15:07:25Z
SM-G780F,INS,G780FXXUCFWF2,2023-06-01,2026-09-11T15:07:31Z
SM-G780F,AFG,G780FXXUDFWH5,2023-08-01,2026-09-11T15:07:28Z
SM-G780F,BTU,G780FXXUDFWH5,2023-08-01,2026-09-11T15:07:48Z
SM-G780F,EGY,G780FXXUDFWH5,2023-08-01,2026-09-11T15:07:20Z
SM-G780F,ILO,G780FXXUDFWH5,2023-08-01,2026-09-11T15:07:14Z
SM-G780F,MID,G780FXXUDFWH5,2023-08-01,2026-09-11T15:07:17Z
SM-G780F,SEE,G780FXXUDFWH5,2023-08-01,2026-09-11T15:07:42Z
SM-G780F,TUR,G780FXXUDFWH5,2023-08-01,2026-09-11T15:07:22Z
SM-G780F,XSA,G780FXXUDFWH5,2023-08-01,2026-09-11T15:07:45Z
SM-G780F,XSG,G780FXXUDFWH5,2023-08-01,2026-09-11T15:07:25Z
SM-G780F,INS,G780FXXUDFWH7,2023-08-01,2026-09-11T15:07:31Z
SM-G781B,BTU,G781BXXS1ATL1,2020-12-01,2026-09-11T15:08:27Z
SM-G781B,XSA,G781BXXS1ATL1,2020-12-01,2026-09-11T15:08:24Z
SM-G781B,XSG,G781BXXS1ATL1,2020-12-01,2026-09-11T15:08:04Z
SM-G781B,BTU,G781BXXS2CUB8,2021-03-01,2026-09-11T15:08:27Z
SM-G781B,XSA,G781BXXS2CUB8,2021-03-01,2026-09-11T15:08:24Z
SM-G781B,XSA,G781BXXS3CUF1,2021-06-01,2026-09-11T15:08:24Z
SM-G781B,BTU,G781BXXS4CUI1,2021-10-01,2026-09-11T15:08:27Z
SM-G781B,ILO,G781BXXS4CUI1,2021-10-01,2026-09-11T15:07:51Z
SM-G781B,INS,G781BXXS4CUI1,2021-10-01,2026-09-11T15:08:11Z
SM-G781B,XSA,G781BXXS4CUI1,2021-10-01,2026-09-11T15:08:24Z
SM-G781B,XSG,G781BXXS4CUI1,2021-10-01,2026-09-11T15:08:04Z
SM-G781B,BTU,G781BXXS4CUJ2,2021-11-01,2026-09-11T15:08:27Z
SM-G781B,ILO,G781BXXS4CUJ2,2021-11-01,2026-09-11T15:07:51Z
SM-G781B,INS,G781BXXS4CUJ2,2021-11-01,2026-09-11T15:08:11Z
SM-G781B,XSA,G781BXXS4CUJ2,2021-11-01,2026-09-11T15:08:24Z
SM-G781B,XSG,G781BXXS4CUJ2,2021-11-01,2026-09-11T15:08:04Z
SM-G781B,XSA,G781BXXS4CUL1,2021-12-01,2026-09-11T15:08:24Z
SM-G781B,BTU,G781BXXS4CUL3,2021-12-01,2026-09-11T15:08:27Z
SM-G781B,XSA,G781BXXS4CVA1,2022-01-01,2026-09-11T15:08:24Z
SM-G781B,BTU,G781BXXS4DVA2,2022-01-01,2026-09-11T15:08:27Z
SM-G781B,ILO,G781BXXS4DVA2,2022-01-01,2026-09-11T15:07:51Z
SM-G781B,INS,G781BXXS4DVA2,2022-01-01,2026-09-11T15:08:11Z
SM-G781B,XSG,G781BXXS4DVA2,2022-01-01,2026-09-11T15:08:04Z
SM-G781B,BTU,G781BXXS4DVB1,2022-02-01,2026-09-11T15:08:27Z
SM-G781B,ILO,G781BXXS4DVB1,2022-02-01,2026-09-11T15:07:51Z
SM-G781B,INS,G781BXXS4DVB1,2022-02-01,2026-09-11T15:08:11Z
SM-G781B,XSG,G781BXXS4DVB1,2022-02-01,2026-09-11T15:08:04Z
SM-G781B,INS,G781BXXS4FVD1,2022-04-01,2026-09-11T15:08:11Z
SM-G781B,BTU,G781BXXS4FVD9,2022-05-01,2026-09-11T15:08:27Z
SM-G781B,ILO,G781BXXS4FVD9,2022-05-01,2026-09-11T15:07:51Z
SM-G781B,XSA,G781BXXS4FVD9,2022-05-01,2026-09-11T15:08:24Z
SM-G781B,XSG,G781BXXS4FVD9,2022-05-01,2026-09-11T15:08:04Z
SM-G781B,INS,G781BXXS4FVE1,2022-05-01,2026-09-11T15:08:11Z
SM-G781B,BTU,G781BXXS4FVF3,2022-07-01,2026-09-11T15:08:27Z
SM-G781B,ILO,G781BXXS4FVF3,2022-07-01,2026-09-11T15:07:51Z
SM-G781B,INS,G781BXXS4FVF3,2022-07-01,2026-09-11T15:08:11Z
SM-G781B,XSA,G781BXXS4FVF3,2022-07-01,2026-09-11T15:08:24Z
SM-G781B,XSG,G781BXXS4FVF3,2022-07-01,2026-09-11T15:08:04Z
SM-G781B,BTU,G781BXXS4FVK1,2022-11-01,2026-09-11T15:08:27Z
SM-G781B,ILO,G781BXXS4FVK1,2022-11-01,2026-09-11T15:07:51Z
SM-G781B,XSA,G781BXXS4FVK1,2022-11-01,2026-09-11T15:08:24Z
SM-G781B,XSG,G781BXXS4FVK1,2022-11-01,2026-09-11T15:08:04Z
SM-G781B,INS,G781BXXS4FVK4,2022-11-01,2026-09-11T15:08:11Z
SM-G781B,BTU,G781BXXS4GVL1,2022-12-01,2026-09-11T15:08:27Z
SM-G781B,ILO,G781BXXS4GVL1,2022-12-01,2026-09-11T15:07:51Z
SM-G781B,INS,G781BXXS4GVL1,2022-12-01,2026-09-11T15:08:11Z
SM-G781B,XSG,G781BXXS4GVL1,2022-12-01,2026-09-11T15:08:04Z
SM-G781B,BTU,G781BXXS4GWA3,2023-01-01,2026-09-11T15:08:27Z
SM-G781B,ILO,G781BXXS4GWA3,2023-01-01,2026-09-11T15:07:51Z
SM-G781B,XSG,G781BXXS4GWA3,2023-01-01,2026-09-11T15:08:04Z
SM-G781B,INS,G781BXXS4GWA5,2023-01-01,2026-09-11T15:08:11Z
SM-G781B,XSA,G781BXXS4GWA6,2023-01-01,2026-09-11T15:08:24Z
SM-G781B,XSA,G781BXXS4GWB4,2023-02-01,2026-09-11T15:08:24Z
SM-G781B,XSA,G781BXXS4GWC3,2023-03-01,2026-09-11T15:08:24Z
SM-G781B,BTU,G781BXXS4HWC2,2023-03-01,2026-09-11T15:08:27Z
SM-G781B,ILO,G781BXXS4HWC2,2023-03-01,2026-09-11T15:07:51Z
SM-G781B,INS,G781BXXS4HWC2,2023-03-01,2026-09-11T15:08:11Z
SM-G781B,XSG,G781BXXS4HWC2,2023-03-01,2026-09-11T15:08:04Z
SM-G781B,BTU,G781BXXS5HWD4,2023-05-01,2026-09-11T15:08:27Z
SM-G781B,ILO,G781BXXS5HWD4,2023-05-01,2026-09-11T15:07:51Z
SM-G781B,INS,G781BXXS5HWD4,2023-05-01,2026-09-11T15:08:11Z
SM-G781B,XSA,G781BXXS5HWD4,2023-05-01,2026-09-11T15:08:24Z
SM-G781B,XSG,G781BXXS5HWD4,2023-05-01,2026-09-11T15:08:04Z
SM-G781B,BTU,G781BXXS7HWF3,2023-07-01,2026-09-11T15:08:27Z
SM-G781B,ILO,G781BXXS7HWF3,2023-07-01,2026-09-11T15:07:51Z
SM-G781B,XSA,G781BXXS7HWF3,2023-07-01,2026-09-11T15:08:24Z
SM-G781B,XSG,G781BXXS7HWF3,2023-07-01,2026-09-11T15:08:04Z
SM-G781B,INS,G781BXXS7HWF5,2023-07-01,2026-09-11T15:08:11Z
SM-G781B,BTU,G781BXXS7HWG9,2023-08-01,2026-09-11T15:08:27Z
SM-G781B,ILO,G781BXXS7HWG9,2023-08-01,2026-09-11T15:07:51Z
SM-G781B,XSA,G781BXXS7HWG9,2023-08-01,2026-09-11T15:08:24Z
SM-G781B,XSG,G781BXXS7HWG9,2023-08-01,2026-09-11T15:08:04Z
SM-G781B,INS,G781BXXS7HWH2,2023-08-01,2026-09-11T15:08:11Z
SM-G781B,BTU,G781BXXS8HWH8,2023-09-01,2026-09-11T15:08:27Z
SM-G781B,ILO,G781BXXS8HWH8,2023-09-01,2026-09-11T15:07:51Z
SM-G781B,XSA,G781BXXS8HWH8,2023-09-01,2026-09-11T15:08:24Z
SM-G781B,XSG,G781BXXS8HWH8,2023-09-01,2026-09-11T15:08:04Z
SM-G781B,INS,G781BXXS8HWI1,2023-09-01,2026-09-11T15:08:11Z
SM-G781B,BTU,G781BXXS8HWI3,2023-10-01,2026-09-11T15:08:27Z
SM-G781B,ILO,G781BXXS8HWI3,2023-10-01,2026-09-11T15:07:51Z
SM-G781B,XSA,G781BXXS8HWI3,2023-10-01,2026-09-11T15:08:24Z
SM-G781B,XSG,G781BXXS8HWI3,2023-10-01,2026-09-11T15:08:04Z
SM-G781B,INS,G781BXXS8HWJ1,2023-10-01,2026-09-11T15:08:11Z
SM-G781B,BTU,G781BXXS8HWJ8,2023-11-01,2026-09-11T15:08:27Z
SM-G781B,ILO,G781BXXS8HWJ8,2023-11-01,2026-09-11T15:07:51Z
SM-G781B,XSA,G781BXXS8HWJ8,2023-11-01,2026-09-11T15:08:24Z
SM-G781B,XSG,G781BXXS8HWJ8,2023-11-01,2026-09-11T15:08:04Z
SM-G781B,INS,G781BXXS8HWK1,2023-11-01,2026-09-11T15:08:11Z
SM-G781B,BTU,G781BXXS9HWK8,2023-12-01,2026-09-11T15:08:27Z
SM-G781B,ILO,G781BXXS9HWK8,2023-12-01,2026-09-11T15:07:51Z
SM-G781B,XSA,G781BXXS9HWK8,2023-12-01,2026-09-11T15:08:24Z
SM-G781B,XSG,G781BXXS9HWK8,2023-12-01,2026-09-11T15:08:04Z
SM-G781B,INS,G781BXXS9HWL2,2023-12-01,2026-09-11T15:08:11Z
SM-G781B,BTU,G781BXXS9HWLA,2024-01-01,2026-09-11T15:08:27Z
SM-G781B,ILO,G781BXXS9HWLA,2024-01-01,2026-09-11T15:07:51Z
SM-G781B,XSA,G781BXXS9HWLA,2024-01-01,2026-09-11T15:08:24Z
SM-G781B,XSG,G781BXXS9HWLA,2024-01-01,2026-09-11T15:08:04Z
SM-G781B,INS,G781BXXS9HXA4,2024-01-01,2026-09-11T15:08:11Z
SM-G781B,BTU,G781BXXS9HXA6,2024-02-01,2026-09-11T15:08:27Z
SM-G781B,ILO,G781BXXS9HXA6,2024-02-01,2026-09-11T15:07:51Z
SM-G781B,XSA,G781BXXS9HXA6,2024-02-01,2026-09-11T15:08:24Z
SM-G781B,XSG,G781BXXS9HXA6,2024-02-01,2026-09-11T15:08:04Z
SM-G781B,INS,G781BXXS9HXB1,2024-02-01,2026-09-11T15:08:11Z
SM-G781B,BTU,G781BXXS9HXC1,2024-03-01,2026-09-11T15:08:27Z
SM-G781B,ILO,G781BXXS9HXC1,2024-03-01,2026-09-11T15:07:51Z
SM-G781B,XSA,G781BXXS9HXC1,2024-03-01,2026-09-11T15:08:24Z
SM-G781B,XSG,G781BXXS9HXC1,2024-03-01,2026-09-11T15:08:04Z
SM-G781B,INS,G781BXXS9HXC2,2024-03-01,2026-09-11T15:08:11Z
SM-G781B,BTU,G781BXXSAHXC6,2024-04-01,2026-09-11T15:08:27Z
SM-G781B,ILO,G781BXXSAHXC6,2024-04-01,2026-09-11T15:07:51Z
SM-G781B,XSA,G781BXXSAHXC6,2024-04-01,2026-09-11T15:08:24Z
SM-G781B,XSG,G781BXXSAHXC6,2024-04-01,2026-09-11T15:08:04Z
SM-G781B,INS,G781BXXSAHXD1,2024-04-01,2026-09-11T15:08:11Z
SM-G781B,BTU,G781BXXSBHXE5,2024-05-01,2026-09-11T15:08:27Z
SM-G781B,ILO,G781BXXSBHXE5,2024-05-01,2026-09-11T15:07:51Z
SM-G781B,XSA,G781BXXSBHXE5,2024-05-01,2026-09-11T15:08:24Z
SM-G781B,XSG,G781BXXSBHXE5,2024-05-01,2026-09-11T15:08:04Z
SM-G781B,INS,G781BXXSBHXE7,2024-05-01,2026-09-11T15:08:11Z
SM-G781B,BTU,G781BXXSBHXF1,2024-06-01,2026-09-11T15:08:27Z
SM-G781B,ILO,G781BXXSBHXF1,2024-06-01,2026-09-11T15:07:51Z
SM-G781B,XSA,G781BXXSBHXF1,2024-06-01,2026-09-11T15:08:24Z
SM-G781B,XSG,G781BXXSBHXF1,2024-06-01,2026-09-11T15:08:04Z
SM-G781B,INS,G781BXXSBHXF4,2024-06-01,2026-09-11T15:08:11Z
SM-G781B,BTU,G781BXXSCHXG1,2024-07-01,2026-09-11T15:08:27Z
SM-G781B,ILO,G781BXXSCHXG1,2024-07-01,2026-09-11T15:07:51Z
SM-G781B,XSA,G781BXXSCHXG1,2024-07-01,2026-09-11T15:08:24Z
SM-G781B,XSG,G781BXXSCHXG1,2024-07-01,2026-09-11T15:08:04Z
SM-G781B,INS,G781BXXSCHXG2,2024-07-01,2026-09-11T15:08:11Z
SM-G781B,BTU,G781BXXSDHXH1,2024-08-01,2026-09-11T15:08:27Z
SM-G781B,ILO,G781BXXSDHXH1,2024-08-01,2026-09-11T15:07:51Z
SM-G781B,XSA,G781BXXSDHXH1,2024-08-01,2026-09-11T15:08:24Z
SM-G781B,XSG,G781BXXSDHXH1,2024-08-01,2026-09-11T15:08:04Z
SM-G781B,INS,G781BXXSDHXH2,2024-08-01,2026-09-11T15:08:11Z
SM-G781B,BTU,G781BXXSDHXI1,2024-09-01,2026-09-11T15:08:27Z
SM-G781B,ILO,G781BXXSDHXI1,2024-09-01,2026-09-11T15:07:51Z
SM-G781B,XSA,G781BXXSDHXI1,2024-09-01,2026-09-11T15:08:24Z
SM-G781B,XSG,G781BXXSDHXI1,2024-09-01,2026-09-11T15:08:04Z
SM-G781B,INS,G781BXXSDHXI4,2024-09-01,2026-09-11T15:08:11Z
SM-G781B,BTU,G781BXXSEHXJ3,2024-10-01,2026-09-11T15:08:27Z
SM-G781B,ILO,G781BXXSEHXJ3,2024-10-01,2026-09-11T15:07:51Z
SM-G781B,XSA,G781BXXSEHXJ3,2024-10-01,2026-09-11T15:08:24Z
SM-G781B,XSG,G781BXXSEHXJ3,2024-10-01,2026-09-11T15:08:04Z
SM-G781B,INS,G781BXXSEHXJ5,2024-10-01,2026-09-11T15:08:11Z
SM-G781B,BTU,G781BXXSFHXL1,2025-01-01,2026-09-11T15:08:27Z
SM-G781B,ILO,G781BXXSFHXL1,2025-01-01,2026-09-11T15:07:51Z
SM-G781B,XSA,G781BXXSFHXL1,2025-01-01,2026-09-11T15:08:24Z
SM-G781B,XSG,G781BXXSFHXL1,2025-01-01,2026-09-11T15:08:04Z
SM-G781B,INS,G781BXXSFHXL2,2025-01-01,2026-09-11T15:08:11Z
SM-G781B,BTU,G781BXXSGHYC1,2025-04-01,2026-09-11T15:08:27Z
SM-G781B,ILO,G781BXXSGHYC1,2025-04-01,2026-09-11T15:07:51Z
SM-G781B,XSA,G781BXXSGHYC1,2025-04-01,2026-09-11T15:08:24Z
SM-G781B,XSG,G781BXXSGHYC1,2025-04-01,2026-09-11T15:08:04Z
SM-G781B,INS,G781BXXSGHYC4,2025-04-01,2026-09-11T15:08:11Z
SM-G781B,BTU,G781BXXSHHYH1,2025-07-01,2026-09-11T15:08:27Z
SM-G781B,ILO,G781BXXSHHYH1,2025-07-01,2026-09-11T15:07:51Z
SM-G781B,XSA,G781BXXSHHYH1,2025-07-01,2026-09-11T15:08:24Z
SM-G781B,XSG,G781BXXSHHYH1,2025-07-01,2026-09-11T15:08:04Z
SM-G781B,INS,G781BXXSHHYH3,2025-07-01,2026-09-11T15:08:11Z
SM-G781B,BTU,G781BXXSIHYJ1,2025-10-01,2026-09-11T15:08:27Z
SM-G781B,ILO,G781BXXSIHYJ1,2025-10-01,2026-09-11T15:07:51Z
SM-G781B,XSA,G781BXXSIHYJ1,2025-10-01,2026-09-11T15:08:24Z
SM-G781B,XSG,G781BXXSIHYJ1,2025-10-01,2026-09-11T15:08:04Z
SM-G781B,INS,G781BXXSIHYJ4,2025-10-01,2026-09-11T15:08:11Z
SM-G781B,BTU,G781BXXU1ATIG,2020-09-01,2026-09-11T15:08:27Z
SM-G781B,BTU,G781BXXU1ATJ1,2020-10-01,2026-09-11T15:08:27Z
SM-G781B,ILO,G781BXXU1ATJ1,2020-10-01,2026-09-11T15:07:51Z
SM-G781B,XSG,G781BXXU1ATJ1,2020-10-01,2026-09-11T15:08:04Z
SM-G781B,BTU,G781BXXU1ATJ5,2020-10-01,2026-09-11T15:08:27Z
SM-G781B,ILO,G781BXXU1ATJ5,2020-10-01,2026-09-11T15:07:51Z
SM-G781B,XSA,G781BXXU1ATJ5,2020-10-01,2026-09-11T15:08:24Z
SM-G781B,XSG,G781BXXU1ATJ5,2020-10-01,2026-09-11T15:08:04Z
SM-G781B,BTU,G781BXXU1ATK1,2020-11-01,2026-09-11T15:08:27Z
SM-G781B,ILO,G781BXXU1ATK1,2020-11-01,2026-09-11T15:07:51Z
SM-G781B,XSA,G781BXXU1ATK1,2020-11-01,2026-09-11T15:08:24Z
SM-G781B,XSG,G781BXXU1ATK1,2020-11-01,2026-09-11T15:08:04Z
SM-G781B,BTU,G781BXXU1BTL4,2020-12-01,2026-09-11T15:08:27Z
SM-G781B,BTU,G781BXXU1BUA5,2021-01-01,2026-09-11T15:08:27Z
SM-G781B,ILO,G781BXXU1BUA5,2021-01-01,2026-09-11T15:07:51Z
SM-G781B,XSA,G781BXXU1BUA5,2021-01-01,2026-09-11T15:08:24Z
SM-G781B,XSG,G781BXXU1BUA5,2021-01-01,2026-09-11T15:08:04Z
SM-G781B,BTU,G781BXXU2CUB5,2021-02-01,2026-09-11T15:08:27Z
SM-G781B,ILO,G781BXXU2CUB5,2021-02-01,2026-09-11T15:07:51Z
SM-G781B,XSA,G781BXXU2CUB5,2021-02-01,2026-09-11T15:08:24Z
SM-G781B,XSG,G781BXXU2CUB5,2021-02-01,2026-09-11T15:08:04Z
SM-G781B,BTU,G781BXXU2CUD1,2021-04-01,2026-09-11T15:08:27Z
SM-G781B,ILO,G781BXXU2CUD1,2021-04-01,2026-09-11T15:07:51Z
SM-G781B,INS,G781BXXU2CUD1,2021-04-01,2026-09-11T15:08:11Z
SM-G781B,XSA,G781BXXU2CUD1,2021-04-01,2026-09-11T15:08:24Z
SM-G781B,XSG,G781BXXU2CUD1,2021-04-01,2026-09-11T15:08:04Z
SM-G781B,BTU,G781BXXU3CUD6,2021-05-01,2026-09-11T15:08:27Z
SM-G781B,ILO,G781BXXU3CUD6,2021-05-01,2026-09-11T15:07:51Z
SM-G781B,INS,G781BXXU3CUD6,2021-05-01,2026-09-11T15:08:11Z
SM-G781B,XSA,G781BXXU3CUD6,2021-05-01,2026-09-11T15:08:24Z
SM-G781B,XSG,G781BXXU3CUD6,2021-05-01,2026-09-11T15:08:04Z
SM-G781B,BTU,G781BXXU3CUE3,2021-06-01,2026-09-11T15:08:27Z
SM-G781B,ILO,G781BXXU3CUE3,2021-06-01,2026-09-11T15:07:51Z
SM-G781B,INS,G781BXXU3CUE3,2021-06-01,2026-09-11T15:08:11Z
SM-G781B,XSG,G781BXXU3CUE3,2021-06-01,2026-09-11T15:08:04Z
SM-G781B,BTU,G781BXXU3CUG2,2021-07-01,2026-09-11T15:08:27Z
SM-G781B,ILO,G781BXXU3CUG2,2021-07-01,2026-09-11T15:07:51Z
SM-G781B,INS,G781BXXU3CUG2,2021-07-01,2026-09-11T15:08:11Z
SM-G781B,XSA,G781BXXU3CUG2,2021-07-01,2026-09-11T15:08:24Z
SM-G781B,XSG,G781BXXU3CUG2,2021-07-01,2026-09-11T15:08:04Z
SM-G781B,BTU,G781BXXU4CUH1,2021-08-01,2026-09-11T15:08:27Z
SM-G781B,ILO,G781BXXU4CUH1,2021-08-01,2026-09-11T15:07:51Z
SM-G781B,INS,G781BXXU4CUH1,2021-08-01,2026-09-11T15:08:11Z
SM-G781B,XSA,G781BXXU4CUH1,2021-08-01,2026-09-11T15:08:24Z
SM-G781B,XSG,G781BXXU4CUH1,2021-08-01,2026-09-11T15:08:04Z
SM-G781B,BTU,G781BXXU4CUH5,2021-09-01,2026-09-11T15:08:27Z
SM-G781B,ILO,G781BXXU4CUH5,2021-09-01,2026-09-11T15:07:51Z
SM-G781B,INS,G781BXXU4CUH5,2021-09-01,2026-09-11T15:08:11Z
SM-G781B,XSA,G781BXXU4CUH5,2021-09-01,2026-09-11T15:08:24Z
SM-G781B,XSG,G781BXXU4CUH5,2021-09-01,2026-09-11T15:08:04Z
SM-G781B,BTU,G781BXXU4DUL9,2021-12-01,2026-09-11T15:08:27Z
SM-G781B,ILO,G781BXXU4DUL9,2021-12-01,2026-09-11T15:07:51Z
SM-G781B,INS,G781BXXU4DUL9,2021-12-01,2026-09-11T15:08:11Z
SM-G781B,XSG,G781BXXU4DUL9,2021-12-01,2026-09-11T15:08:04Z
SM-G781B,XSA,G781BXXU4DVA8,2022-02-01,2026-09-11T15:08:24Z
SM-G781B,BTU,G781BXXU4FVC2,2022-03-01,2026-09-11T15:08:27Z
SM-G781B,ILO,G781BXXU4FVC2,2022-03-01,2026-09-11T15:07:51Z
SM-G781B,INS,G781BXXU4FVC2,2022-03-01,2026-09-11T15:08:11Z
SM-G781B,XSA,G781BXXU4FVC2,2022-03-01,2026-09-11T15:08:24Z
SM-G781B,XSG,G781BXXU4FVC2,2022-03-01,2026-09-11T15:08:04Z
SM-G781B,BTU,G781BXXU4FVC4,2022-04-01,2026-09-11T15:08:27Z
SM-G781B,ILO,G781BXXU4FVC4,2022-04-01,2026-09-11T15:07:51Z
SM-G781B,XSA,G781BXXU4FVC4,2022-04-01,2026-09-11T15:08:24Z
SM-G781B,XSG,G781BXXU4FVC4,2022-04-01,2026-09-11T15:08:04Z
SM-G781B,BTU,G781BXXU4FVE8,2022-06-01,2026-09-11T15:08:27Z
SM-G781B,ILO,G781BXXU4FVE8,2022-06-01,2026-09-11T15:07:51Z
SM-G781B,INS,G781BXXU4FVE8,2022-06-01,2026-09-11T15:08:11Z
SM-G781B,XSA,G781BXXU4FVE8,2022-06-01,2026-09-11T15:08:24Z
SM-G781B,XSG,G781BXXU4FVE8,2022-06-01,2026-09-11T15:08:04Z
SM-G781B,BTU,G781BXXU4FVG6,2022-08-01,2026-09-11T15:08:27Z
SM-G781B,BTU,G781BXXU4FVH3,2022-08-01,2026-09-11T15:08:27Z
SM-G781B,ILO,G781BXXU4FVH3,2022-08-01,2026-09-11T15:07:51Z
SM-G781B,XSG,G781BXXU4FVH3,2022-08-01,2026-09-11T15:08:04Z
SM-G781B,BTU,G781BXXU4FVI1,2022-09-01,2026-09-11T15:08:27Z
SM-G781B,ILO,G781BXXU4FVI1,2022-09-01,2026-09-11T15:07:51Z
SM-G781B,INS,G781BXXU4FVI1,2022-09-01,2026-09-11T15:08:11Z
SM-G781B,XSA,G781BXXU4FVI1,2022-09-01,2026-09-11T15:08:24Z
SM-G781B,XSG,G781BXXU4FVI1,2022-09-01,2026-09-11T15:08:04Z
SM-G781B,BTU,G781BXXU4FVI4,2022-10-01,2026-09-11T15:08:27Z
SM-G781B,ILO,G781BXXU4FVI4,2022-10-01,2026-09-11T15:07:51Z
SM-G781B,INS,G781BXXU4FVI4,2022-10-01,2026-09-11T15:08:11Z
SM-G781B,XSA,G781BXXU4FVI4,2022-10-01,2026-09-11T15:08:24Z
SM-G781B,XSG,G781BXXU4FVI4,2022-10-01,2026-09-11T15:08:04Z
SM-G781B,INS,G781BXXU4FVJ1,2022-10-01,2026-09-11T15:08:11Z
SM-G781B,BTU,G781BXXU4GVK6,2022-11-01,2026-09-11T15:08:27Z
SM-G781B,ILO,G781BXXU4GVK6,2022-11-01,2026-09-11T15:07:51Z
SM-G781B,INS,G781BXXU4GVK6,2022-11-01,2026-09-11T15:08:11Z
SM-G781B,XSG,G781BXXU4GVK6,2022-11-01,2026-09-11T15:08:04Z
SM-G781B,INS,G781BXXU4GVL7,2022-12-01,2026-09-11T15:08:11Z
SM-G781B,XSA,G781BXXU4GWA4,2022-12-01,2026-09-11T15:08:24Z
SM-G781B,BTU,G781BXXU4HWB1,2023-02-01,2026-09-11T15:08:27Z
SM-G781B,ILO,G781BXXU4HWB1,2023-02-01,2026-09-11T15:07:51Z
SM-G781B,INS,G781BXXU4HWB1,2023-02-01,2026-09-11T15:08:11Z
SM-G781B,XSG,G781BXXU4HWB1,2023-02-01,2026-09-11T15:08:04Z
SM-G781B,BTU,G781BXXU5HWCH,2023-04-01,2026-09-11T15:08:27Z
SM-G781B,ILO,G781BXXU5HWCH,2023-04-01,2026-09-11T15:07:51Z
SM-G781B,INS,G781BXXU5HWCH,2023-04-01,2026-09-11T15:08:11Z
SM-G781B,XSA,G781BXXU5HWCH,2023-04-01,2026-09-11T15:08:24Z
SM-G781B,XSG,G781BXXU5HWCH,2023-04-01,2026-09-11T15:08:04Z
SM-G781B,INS,G781BXXU5HWE1,2023-05-01,2026-09-11T15:08:11Z
SM-G781B,BTU,G781BXXU6HWE6,2023-06-01,2026-09-11T15:08:27Z
SM-G781B,ILO,G781BXXU6HWE6,2023-06-01,2026-09-11T15:07:51Z
SM-G781B,XSA,G781BXXU6HWE6,2023-06-01,2026-09-11T15:08:24Z
SM-G781B,XSG,G781BXXU6HWE6,2023-06-01,2026-09-11T15:08:04Z
SM-G781B,INS,G781BXXU6HWF1,2023-06-01,2026-09-11T15:08:11Z
SM-G781B,BTU,G781BXXU7HWH5,2023-08-01,2026-09-11T15:08:27Z
SM-G781B,ILO,G781BXXU7HWH5,2023-08-01,2026-09-11T15:07:51Z
SM-G781B,XSA,G781BXXU7HWH5,2023-08-01,2026-09-11T15:08:24Z
SM-G781B,XSG,G781BXXU7HWH5,2023-08-01,2026-09-11T15:08:04Z
SM-G781B,INS,G781BXXU7HWH6,2023-08-01,2026-09-11T15:08:11Z
SM-G980F,BTU,G980FXXS2ATD5,2020-05-01,2026-09-11T15:09:06Z
SM-G980F,SEE,G980FXXS2ATD5,2020-05-01,2026-09-11T15:09:00Z
SM-G980F,BTU,G980FXXS2ATE7,2020-06-01,2026-09-11T15:09:06Z
SM-G980F,SEE,G980FXXS2ATE7,2020-06-01,2026-09-11T15:09:00Z
SM-G980F,BTU,G980FXXS4ATGB,2020-08-01,2026-09-11T15:09:06Z
SM-G980F,SEE,G980FXXS4ATGB,2020-08-01,2026-09-11T15:09:00Z
SM-G980F,BTU,G980FXXS4BTHH,2020-09-01,2026-09-11T15:09:06Z
SM-G980F,SEE,G980FXXS4BTHH,2020-09-01,2026-09-11T15:09:00Z
SM-G980F,BTU,G980FXXS5BTIJ,2020-10-01,2026-09-11T15:09:06Z
SM-G980F,SEE,G980FXXS5BTIJ,2020-10-01,2026-09-11T15:09:00Z
SM-G980F,BTU,G980FXXS5BTJ4,2020-11-01,2026-09-11T15:09:06Z
SM-G980F,SEE,G980FXXS5BTJ4,2020-11-01,2026-09-11T15:09:00Z
SM-G980F,BTU,G980FXXS5CTL5,2021-01-01,2026-09-11T15:09:06Z
SM-G980F,SEE,G980FXXS5CTL5,2021-01-01,2026-09-11T15:09:00Z
SM-G980F,BTU,G980FXXS6CUA8,2021-02-01,2026-09-11T15:09:06Z
SM-G980F,SEE,G980FXXS6CUA8,2021-02-01,2026-09-11T15:09:00Z
SM-G980F,BTU,G980FXXS6DUBA,2021-03-01,2026-09-11T15:09:06Z
SM-G980F,SEE,G980FXXS6DUBA,2021-03-01,2026-09-11T15:09:00Z
SM-G980F,AFG,G980FXXS7DUC9,2021-04-01,2026-09-11T15:08:47Z
SM-G980F,BTU,G980FXXS7DUC9,2021-04-01,2026-09-11T15:09:06Z
SM-G980F,SEE,G980FXXS7DUC9,2021-04-01,2026-09-11T15:09:00Z
SM-G980F,TUR,G980FXXS7DUC9,2021-04-01,2026-09-11T15:08:41Z
SM-G980F,XSA,G980FXXS7DUC9,2021-04-01,2026-09-11T15:09:03Z
SM-G980F,XSG,G980FXXS7DUC9,2021-04-01,2026-09-11T15:08:44Z
SM-G980F,AFG,G980FXXS8DUE4,2021-06-01,2026-09-11T15:08:47Z
SM-G980F,BTU,G980FXXS8DUE4,2021-06-01,2026-09-11T15:09:06Z
SM-G980F,EGY,G980FXXS8DUE4,2021-06-01,2026-09-11T15:08:37Z
SM-G980F,MID,G980FXXS8DUE4,2021-06-01,2026-09-11T15:08:33Z
SM-G980F,SEE,G980FXXS8DUE4,2021-06-01,2026-09-11T15:09:00Z
SM-G980F,TUR,G980FXXS8DUE4,2021-06-01,2026-09-11T15:08:41Z
SM-G980F,XSA,G980FXXS8DUE4,2021-06-01,2026-09-11T15:09:03Z
SM-G980F,XSG,G980FXXS8DUE4,2021-06-01,2026-09-11T15:08:44Z
SM-G980F,AFG,G980FXXSADUH5,2021-09-01,2026-09-11T15:08:47Z
SM-G980F,BTU,G980FXXSADUH5,2021-09-01,2026-09-11T15:09:06Z
SM-G980F,EGY,G980FXXSADUH5,2021-09-01,2026-09-11T15:08:37Z
SM-G980F,MID,G980FXXSADUH5,2021-09-01,2026-09-11T15:08:33Z
SM-G980F,SEE,G980FXXSADUH5,2021-09-01,2026-09-11T15:09:00Z
SM-G980F,TUR,G980FXXSADUH5,2021-09-01,2026-09-11T15:08:41Z
SM-G980F,XSA,G980FXXSADUH5,2021-09-01,2026-09-11T15:09:03Z
SM-G980F,XSG,G980FXXSADUH5,2021-09-01,2026-09-11T15:08:44Z
SM-G980F,AFG,G980FXXSCDUJ5,2021-11-01,2026-09-11T15:08:47Z
SM-G980F,BTU,G980FXXSCDUJ5,2021-11-01,2026-09-11T15:09:06Z
SM-G980F,EGY,G980FXXSCDUJ5,2021-11-01,2026-09-11T15:08:37Z
SM-G980F,ILO,G980FXXSCDUJ5,2021-11-01,2026-09-11T15:08:30Z
SM-G980F,MID,G980FXXSCDUJ5,2021-11-01,2026-09-11T15:08:33Z
SM-G980F,SEE,G980FXXSCDUJ5,2021-11-01,2026-09-11T15:09:00Z
SM-G980F,TUR,G980FXXSCDUJ5,2021-11-01,2026-09-11T15:08:41Z
SM-G980F,XSA,G980FXXSCDUJ5,2021-11-01,2026-09-11T15:09:03Z
SM-G980F,XSG,G980FXXSCDUJ5,2021-11-01,2026-09-11T15:08:44Z
SM-G980F,SEE,G980FXXSCDUK1,2021-12-01,2026-09-11T15:09:00Z
SM-G980F,AFG,G980FXXSCEUL7,2021-12-01,2026-09-11T15:08:47Z
SM-G980F,BTU,G980FXXSCEUL7,2021-12-01,2026-09-11T15:09:06Z
SM-G980F,EGY,G980FXXSCEUL7,2021-12-01,2026-09-11T15:08:37Z
SM-G980F,ILO,G980FXXSCEUL7,2021-12-01,2026-09-11T15:08:30Z
SM-G980F,MID,G980FXXSCEUL7,2021-12-01,2026-09-11T15:08:33Z
SM-G980F,SEE,G980FXXSCEUL7,2021-12-01,2026-09-11T15:09:00Z
SM-G980F,TUR,G980FXXSCEUL7,2021-12-01,2026-09-11T15:08:41Z
SM-G980F,XSA,G980FXXSCEUL7,2021-12-01,2026-09-11T15:09:03Z
SM-G980F,XSG,G980FXXSCEUL7,2021-12-01,2026-09-11T15:08:44Z
SM-G980F,AFG,G980FXXSCEUL9,2022-01-01,2026-09-11T15:08:47Z
SM-G980F,BTU,G980FXXSCEUL9,2022-01-01,2026-09-11T15:09:06Z
SM-G980F,SEE,G980FXXSCEUL9,2022-01-01,2026-09-11T15:09:00Z
SM-G980F,XSA,G980FXXSCEUL9,2022-01-01,2026-09-11T15:09:03Z
SM-G980F,BTU,G980FXXSDEVB1,2022-02-01,2026-09-11T15:09:06Z
SM-G980F,SEE,G980FXXSDEVB1,2022-02-01,2026-09-11T15:09:00Z
SM-G980F,TUR,G980FXXSDEVB1,2022-02-01,2026-09-11T15:08:41Z
SM-G980F,AFG,G980FXXSDFVC9,2022-04-01,2026-09-11T15:08:47Z
SM-G980F,BTU,G980FXXSDFVC9,2022-04-01,2026-09-11T15:09:06Z
SM-G980F,EGY,G980FXXSDFVC9,2022-04-01,2026-09-11T15:08:37Z
SM-G980F,ILO,G980FXXSDFVC9,2022-04-01,2026-09-11T15:08:30Z
SM-G980F,MID,G980FXXSDFVC9,2022-04-01,2026-09-11T15:08:33Z
SM-G980F,SEE,G980FXXSDFVC9,2022-04-01,2026-09-11T15:09:00Z
SM-G980F,TUR,G980FXXSDFVC9,2022-04-01,2026-09-11T15:08:41Z
SM-G980F,XSA,G980FXXSDFVC9,2022-04-01,2026-09-11T15:09:03Z
SM-G980F,XSG,G980FXXSDFVC9,2022-04-01,2026-09-11T15:08:44Z
SM-G980F,AFG,G980FXXSEFVE6,2022-06-01,2026-09-11T15:08:47Z
SM-G980F,BTU,G980FXXSEFVE6,2022-06-01,2026-09-11T15:09:06Z
SM-G980F,EGY,G980FXXSEFVE6,2022-06-01,2026-09-11T15:08:37Z
SM-G980F,ILO,G980FXXSEFVE6,2022-06-01,2026-09-11T15:08:30Z
SM-G980F,MID,G980FXXSEFVE6,2022-06-01,2026-09-11T15:08:33Z
SM-G980F,SEE,G980FXXSEFVE6,2022-06-01,2026-09-11T15:09:00Z
SM-G980F,TUR,G980FXXSEFVE6,2022-06-01,2026-09-11T15:08:41Z
SM-G980F,XSA,G980FXXSEFVE6,2022-06-01,2026-09-11T15:09:03Z
SM-G980F,XSG,G980FXXSEFVE6,2022-06-01,2026-09-11T15:08:44Z
SM-G980F,AFG,G980FXXSEFVF4,2022-07-01,2026-09-11T15:08:47Z
SM-G980F,BTU,G980FXXSEFVF4,2022-07-01,2026-09-11T15:09:06Z
SM-G980F,EGY,G980FXXSEFVF4,2022-07-01,2026-09-11T15:08:37Z
SM-G980F,ILO,G980FXXSEFVF4,2022-07-01,2026-09-11T15:08:30Z
SM-G980F,MID,G980FXXSEFVF4,2022-07-01,2026-09-11T15:08:33Z
SM-G980F,SEE,G980FXXSEFVF4,2022-07-01,2026-09-11T15:09:00Z
SM-G980F,TUR,G980FXXSEFVF4,2022-07-01,2026-09-11T15:08:41Z
SM-G980F,XSA,G980FXXSEFVF4,2022-07-01,2026-09-11T15:09:03Z
SM-G980F,XSG,G980FXXSEFVF4,2022-07-01,2026-09-11T15:08:44Z
SM-G980F,AFG,G980FXXSFFVH7,2022-09-01,2026-09-11T15:08:47Z
SM-G980F,EGY,G980FXXSFFVH7,2022-09-01,2026-09-11T15:08:37Z
SM-G980F,ILO,G980FXXSFFVH7,2022-09-01,2026-09-11T15:08:30Z
SM-G980F,MID,G980FXXSFFVH7,2022-09-01,2026-09-11T15:08:33Z
SM-G980F,TUR,G980FXXSFFVH7,2022-09-01,2026-09-11T15:08:41Z
SM-G980F,XSA,G980FXXSFFVH7,2022-09-01,2026-09-11T15:09:03Z
SM-G980F,XSG,G980FXXSFFVH7,2022-09-01,2026-09-11T15:08:44Z
SM-G980F,BTU,G980FXXSFFVHA,2022-09-01,2026-09-11T15:09:06Z
SM-G980F,SEE,G980FXXSFFVHA,2022-09-01,2026-09-11T15:09:00Z
SM-G980F,BTU,G980FXXSFFVIB,2022-10-01,2026-09-11T15:09:06Z
SM-G980F,SEE,G980FXXSFFVIB,2022-10-01,2026-09-11T15:09:00Z
SM-G980F,AFG,G980FXXSFFVIH,2022-10-01,2026-09-11T15:08:47Z
SM-G980F,EGY,G980FXXSFFVIH,2022-10-01,2026-09-11T15:08:37Z
SM-G980F,ILO,G980FXXSFFVIH,2022-10-01,2026-09-11T15:08:30Z
SM-G980F,MID,G980FXXSFFVIH,2022-10-01,2026-09-11T15:08:33Z
SM-G980F,TUR,G980FXXSFFVIH,2022-10-01,2026-09-11T15:08:41Z
SM-G980F,XSA,G980FXXSFFVIH,2022-10-01,2026-09-11T15:09:03Z
SM-G980F,XSG,G980FXXSFFVIH,2022-10-01,2026-09-11T15:08:44Z
SM-G980F,BTU,G980FXXSFGVK1,2022-11-01,2026-09-11T15:09:06Z
SM-G980F,SEE,G980FXXSFGVK1,2022-11-01,2026-09-11T15:09:00Z
SM-G980F,BTU,G980FXXSFGVK7,2022-12-01,2026-09-11T15:09:06Z
SM-G980F,SEE,G980FXXSFGVK7,2022-12-01,2026-09-11T15:09:00Z
SM-G980F,AFG,G980FXXSFGWA7,2023-01-01,2026-09-11T15:08:47Z
SM-G980F,BTU,G980FXXSFGWA7,2023-01-01,2026-09-11T15:09:06Z
SM-G980F,EGY,G980FXXSFGWA7,2023-01-01,2026-09-11T15:08:37Z
SM-G980F,ILO,G980FXXSFGWA7,2023-01-01,2026-09-11T15:08:30Z
SM-G980F,SEE,G980FXXSFGWA7,2023-01-01,2026-09-11T15:09:00Z
SM-G980F,TUR,G980FXXSFGWA7,2023-01-01,2026-09-11T15:08:41Z
SM-G980F,XSG,G980FXXSFGWA7,2023-01-01,2026-09-11T15:08:44Z
SM-G980F,XSA,G980FXXSFGWA9,2023-01-01,2026-09-11T15:09:03Z
SM-G980F,AFG,G980FXXSFHWB1,2023-03-01,2026-09-11T15:08:47Z
SM-G980F,BTU,G980FXXSFHWB1,2023-03-01,2026-09-11T15:09:06Z
SM-G980F,EGY,G980FXXSFHWB1,2023-03-01,2026-09-11T15:08:37Z
SM-G980F,ILO,G980FXXSFHWB1,2023-03-01,2026-09-11T15:08:30Z
SM-G980F,MID,G980FXXSFHWB1,2023-03-01,2026-09-11T15:08:33Z
SM-G980F,SEE,G980FXXSFHWB1,2023-03-01,2026-09-11T15:09:00Z
SM-G980F,TUR,G980FXXSFHWB1,2023-03-01,2026-09-11T15:08:41Z
SM-G980F,XSA,G980FXXSFHWB1,2023-03-01,2026-09-11T15:09:03Z
SM-G980F,XSG,G980FXXSFHWB1,2023-03-01,2026-09-11T15:08:44Z
SM-G980F,AFG,G980FXXSGHWD4,2023-05-01,2026-09-11T15:08:47Z
SM-G980F,BTU,G980FXXSGHWD4,2023-05-01,2026-09-11T15:09:06Z
SM-G980F,EGY,G980FXXSGHWD4,2023-05-01,2026-09-11T15:08:37Z
SM-G980F,ILO,G980FXXSGHWD4,2023-05-01,2026-09-11T15:08:30Z
SM-G980F,MID,G980FXXSGHWD4,2023-05-01,2026-09-11T15:08:33Z
SM-G980F,SEE,G980FXXSGHWD4,2023-05-01,2026-09-11T15:09:00Z
SM-G980F,TUR,G980FXXSGHWD4,2023-05-01,2026-09-11T15:08:41Z
SM-G980F,XSG,G980FXXSGHWD4,2023-05-01,2026-09-11T15:08:44Z
SM-G980F,AFG,G980FXXSIHWF6,2023-07-01,2026-09-11T15:08:47Z
SM-G980F,BTU,G980FXXSIHWF6,2023-07-01,2026-09-11T15:09:06Z
SM-G980F,EGY,G980FXXSIHWF6,2023-07-01,2026-09-11T15:08:37Z
SM-G980F,ILO,G980FXXSIHWF6,2023-07-01,2026-09-11T15:08:30Z
SM-G980F,MID,G980FXXSIHWF6,2023-07-01,2026-09-11T15:08:33Z
SM-G980F,SEE,G980FXXSIHWF6,2023-07-01,2026-09-11T15:09:00Z
SM-G980F,TUR,G980FXXSIHWF6,2023-07-01,2026-09-11T15:08:41Z
SM-G980F,XSA,G980FXXSIHWF6,2023-07-01,2026-09-11T15:09:03Z
SM-G980F,XSG,G980FXXSIHWF6,2023-07-01,2026-09-11T15:08:44Z
SM-G980F,AFG,G980FXXSIHWGA,2023-08-01,2026-09-11T15:08:47Z
SM-G980F,BTU,G980FXXSIHWGA,2023-08-01,2026-09-11T15:09:06Z
SM-G980F,EGY,G980FXXSIHWGA,2023-08-01,2026-09-11T15:08:37Z
SM-G980F,ILO,G980FXXSIHWGA,2023-08-01,2026-09-11T15:08:30Z
SM-G980F,MID,G980FXXSIHWGA,2023-08-01,2026-09-11T15:08:33Z
SM-G980F,SEE,G980FXXSIHWGA,2023-08-01,2026-09-11T15:09:00Z
SM-G980F,TUR,G980FXXSIHWGA,2023-08-01,2026-09-11T15:08:41Z
SM-G980F,XSA,G980FXXSIHWGA,2023-08-01,2026-09-11T15:09:03Z
SM-G980F,XSG,G980FXXSIHWGA,2023-08-01,2026-09-11T15:08:44Z
SM-G980F,AFG,G980FXXSIHWHI,2023-09-01,2026-09-11T15:08:47Z
SM-G980F,BTU,G980FXXSIHWHI,2023-09-01,2026-09-11T15:09:06Z
SM-G980F,EGY,G980FXXSIHWHI,2023-09-01,2026-09-11T15:08:37Z
SM-G980F,ILO,G980FXXSIHWHI,2023-09-01,2026-09-11T15:08:30Z
SM-G980F,MID,G980FXXSIHWHI,2023-09-01,2026-09-11T15:08:33Z
SM-G980F,SEE,G980FXXSIHWHI,2023-09-01,2026-09-11T15:09:00Z
SM-G980F,TUR,G980FXXSIHWHI,2023-09-01,2026-09-11T15:08:41Z
SM-G980F,XSA,G980FXXSIHWHI,2023-09-01,2026-09-11T15:09:03Z
SM-G980F,XSG,G980FXXSIHWHI,2023-09-01,2026-09-11T15:08:44Z
SM-G980F,AFG,G980FXXSIHWI7,2023-10-01,2026-09-11T15:08:47Z
SM-G980F,BTU,G980FXXSIHWI7,2023-10-01,2026-09-11T15:09:06Z
SM-G980F,EGY,G980FXXSIHWI7,2023-10-01,2026-09-11T15:08:37Z
SM-G980F,ILO,G980FXXSIHWI7,2023-10-01,2026-09-11T15:08:30Z
SM-G980F,MID,G980FXXSIHWI7,2023-10-01,2026-09-11T15:08:33Z
SM-G980F,SEE,G980FXXSIHWI7,2023-10-01,2026-09-11T15:09:00Z
SM-G980F,TUR,G980FXXSIHWI7,2023-10-01,2026-09-11T15:08:41Z
SM-G980F,XSA,G980FXXSIHWI7,2023-10-01,2026-09-11T15:09:03Z
SM-G980F,XSG,G980FXXSIHWI7,2023-10-01,2026-09-11T15:08:44Z
SM-G980F,AFG,G980FXXSIHWJD,2023-11-01,2026-09-11T15:08:47Z
SM-G980F,BTU,G980FXXSIHWJD,2023-11-01,2026-09-11T15:09:06Z
SM-G980F,EGY,G980FXXSIHWJD,2023-11-01,2026-09-11T15:08:37Z
SM-G980F,ILO,G980FXXSIHWJD,2023-11-01,2026-09-11T15:08:30Z
SM-G980F,MID,G980FXXSIHWJD,2023-11-01,2026-09-11T15:08:33Z
SM-G980F,SEE,G980FXXSIHWJD,2023-11-01,2026-09-11T15:09:00Z
SM-G980F,TUR,G980FXXSIHWJD,2023-11-01,2026-09-11T15:08:41Z
SM-G980F,XSA,G980FXXSIHWJD,2023-11-01,2026-09-11T15:09:03Z
SM-G980F,XSG,G980FXXSIHWJD,2023-11-01,2026-09-11T15:08:44Z
SM-G980F,AFG,G980FXXSIHWKD,2023-12-01,2026-09-11T15:08:47Z
SM-G980F,BTU,G980FXXSIHWKD,2023-12-01,2026-09-11T15:09:06Z
SM-G980F,EGY,G980FXXSIHWKD,2023-12-01,2026-09-11T15:08:37Z
SM-G980F,ILO,G980FXXSIHWKD,2023-12-01,2026-09-11T15:08:30Z
SM-G980F,MID,G980FXXSIHWKD,2023-12-01,2026-09-11T15:08:33Z
SM-G980F,SEE,G980FXXSIHWKD,2023-12-01,2026-09-11T15:09:00Z
SM-G980F,TUR,G980FXXSIHWKD,2023-12-01,2026-09-11T15:08:41Z
SM-G980F,XSA,G980FXXSIHWKD,2023-12-01,2026-09-11T15:09:03Z
SM-G980F,XSG,G980FXXSIHWKD,2023-12-01,2026-09-11T15:08:44Z
SM-G980F,AFG,G980FXXSIHWL1,2024-01-01,2026-09-11T15:08:47Z
SM-G980F,BTU,G980FXXSIHWL1,2024-01-01,2026-09-11T15:09:06Z
SM-G980F,EGY,G980FXXSIHWL1,2024-01-01,2026-09-11T15:08:37Z
SM-G980F,ILO,G980FXXSIHWL1,2024-01-01,2026-09-11T15:08:30Z
SM-G980F,MID,G980FXXSIHWL1,2024-01-01,2026-09-11T15:08:33Z
SM-G980F,SEE,G980FXXSIHWL1,2024-01-01,2026-09-11T15:09:00Z
SM-G980F,TUR,G980FXXSIHWL1,2024-01-01,2026-09-11T15:08:41Z
SM-G980F,XSA,G980FXXSIHWL1,2024-01-01,2026-09-11T15:09:03Z
SM-G980F,XSG,G980FXXSIHWL1,2024-01-01,2026-09-11T15:08:44Z
SM-G980F,AFG,G980FXXSJHXA1,2024-02-01,2026-09-11T15:08:47Z
SM-G980F,BTU,G980FXXSJHXA1,2024-02-01,2026-09-11T15:09:06Z
SM-G980F,EGY,G980FXXSJHXA1,2024-02-01,2026-09-11T15:08:37Z
SM-G980F,ILO,G980FXXSJHXA1,2024-02-01,2026-09-11T15:08:30Z
SM-G980F,MID,G980FXXSJHXA1,2024-02-01,2026-09-11T15:08:33Z
SM-G980F,SEE,G980FXXSJHXA1,2024-02-01,2026-09-11T15:09:00Z
SM-G980F,TUR,G980FXXSJHXA1,2024-02-01,2026-09-11T15:08:41Z
SM-G980F,XSA,G980FXXSJHXA1,2024-02-01,2026-09-11T15:09:03Z
SM-G980F,XSG,G980FXXSJHXA1,2024-02-01,2026-09-11T15:08:44Z
SM-G980F,AFG,G980FXXSJHXC1,2024-03-01,2026-09-11T15:08:47Z
SM-G980F,BTU,G980FXXSJHXC1,2024-03-01,2026-09-11T15:09:06Z
SM-G980F,EGY,G980FXXSJHXC1,2024-03-01,2026-09-11T15:08:37Z
SM-G980F,ILO,G980FXXSJHXC1,2024-03-01,2026-09-11T15:08:30Z
SM-G980F,MID,G980FXXSJHXC1,2024-03-01,2026-09-11T15:08:33Z
SM-G980F,SEE,G980FXXSJHXC1,2024-03-01,2026-09-11T15:09:00Z
SM-G980F,TUR,G980FXXSJHXC1,2024-03-01,2026-09-11T15:08:41Z
SM-G980F,XSA,G980FXXSJHXC1,2024-03-01,2026-09-11T15:09:03Z
SM-G980F,XSG,G980FXXSJHXC1,2024-03-01,2026-09-11T15:08:44Z
SM-G980F,AFG,G980FXXSKHXEA,2024-05-01,2026-09-11T15:08:47Z
SM-G980F,BTU,G980FXXSKHXEA,2024-05-01,2026-09-11T15:09:06Z
SM-G980F,EGY,G980FXXSKHXEA,2024-05-01,2026-09-11T15:08:37Z
SM-G980F,ILO,G980FXXSKHXEA,2024-05-01,2026-09-11T15:08:30Z
SM-G980F,MID,G980FXXSKHXEA,2024-05-01,2026-09-11T15:08:33Z
SM-G980F,SEE,G980FXXSKHXEA,2024-05-01,2026-09-11T15:09:00Z
SM-G980F,TUR,G980FXXSKHXEA,2024-05-01,2026-09-11T15:08:41Z
SM-G980F,XSA,G980FXXSKHXEA,2024-05-01,2026-09-11T15:09:03Z
SM-G980F,XSG,G980FXXSKHXEA,2024-05-01,2026-09-11T15:08:44Z
SM-G980F,AFG,G980FXXSLHXG1,2024-08-01,2026-09-11T15:08:47Z
SM-G980F,BTU,G980FXXSLHXG1,2024-08-01,2026-09-11T15:09:06Z
SM-G980F,EGY,G980FXXSLHXG1,2024-08-01,2026-09-11T15:08:37Z
SM-G980F,ILO,G980FXXSLHXG1,2024-08-01,2026-09-11T15:08:30Z
SM-G980F,MID,G980FXXSLHXG1,2024-08-01,2026-09-11T15:08:33Z
SM-G980F,SEE,G980FXXSLHXG1,2024-08-01,2026-09-11T15:09:00Z
SM-G980F,TUR,G980FXXSLHXG1,2024-08-01,2026-09-11T15:08:41Z
SM-G980F,XSA,G980FXXSLHXG1,2024-08-01,2026-09-11T15:09:03Z
SM-G980F,XSG,G980FXXSLHXG1,2024-08-01,2026-09-11T15:08:44Z
SM-G980F,AFG,G980FXXSMHXJ2,2024-10-01,2026-09-11T15:08:47Z
SM-G980F,BTU,G980FXXSMHXJ2,2024-10-01,2026-09-11T15:09:06Z
SM-G980F,EGY,G980FXXSMHXJ2,2024-10-01,2026-09-11T15:08:37Z
SM-G980F,ILO,G980FXXSMHXJ2,2024-10-01,2026-09-11T15:08:30Z
SM-G980F,MID,G980FXXSMHXJ2,2024-10-01,2026-09-11T15:08:33Z
SM-G980F,SEE,G980FXXSMHXJ2,2024-10-01,2026-09-11T15:09:00Z
SM-G980F,TUR,G980FXXSMHXJ2,2024-10-01,2026-09-11T15:08:41Z
SM-G980F,XSA,G980FXXSMHXJ2,2024-10-01,2026-09-11T15:09:03Z
SM-G980F,XSG,G980FXXSMHXJ2,2024-10-01,2026-09-11T15:08:44Z
SM-G980F,AFG,G980FXXSMHXK1,2024-10-01,2026-09-11T15:08:47Z
SM-G980F,BTU,G980FXXSMHXK1,2024-10-01,2026-09-11T15:09:06Z
SM-G980F,EGY,G980FXXSMHXK1,2024-10-01,2026-09-11T15:08:37Z
SM-G980F,ILO,G980FXXSMHXK1,2024-10-01,2026-09-11T15:08:30Z
SM-G980F,MID,G980FXXSMHXK1,2024-10-01,2026-09-11T15:08:33Z
SM-G980F,SEE,G980FXXSMHXK1,2024-10-01,2026-09-11T15:09:00Z
SM-G980F,TUR,G980FXXSMHXK1,2024-10-01,2026-09-11T15:08:41Z
SM-G980F,XSA,G980FXXSMHXK1,2024-10-01,2026-09-11T15:09:03Z
SM-G980F,XSG,G980FXXSMHXK1,2024-10-01,2026-09-11T15:08:44Z
SM-G980F,AFG,G980FXXSNHXL1,2025-01-01,2026-09-11T15:08:47Z
SM-G980F,BTU,G980FXXSNHXL1,2025-01-01,2026-09-11T15:09:06Z
SM-G980F,EGY,G980FXXSNHXL1,2025-01-01,2026-09-11T15:08:37Z
SM-G980F,ILO,G980FXXSNHXL1,2025-01-01,2026-09-11T15:08:30Z
SM-G980F,MID,G980FXXSNHXL1,2025-01-01,2026-09-11T15:08:33Z
SM-G980F,SEE,G980FXXSNHXL1,2025-01-01,2026-09-11T15:09:00Z
SM-G980F,TUR,G980FXXSNHXL1,2025-01-01,2026-09-11T15:08:41Z
SM-G980F,XSA,G980FXXSNHXL1,2025-01-01,2026-09-11T15:09:03Z
SM-G980F,XSG,G980FXXSNHXL1,2025-01-01,2026-09-11T15:08:44Z
SM-G980F,AFG,G980FXXSNHYB1,2025-03-01,2026-09-11T15:08:47Z
SM-G980F,BTU,G980FXXSNHYB1,2025-03-01,2026-09-11T15:09:06Z
SM-G980F,EGY,G980FXXSNHYB1,2025-03-01,2026-09-11T15:08:37Z
SM-G980F,ILO,G980FXXSNHYB1,2025-03-01,2026-09-11T15:08:30Z
SM-G980F,MID,G980FXXSNHYB1,2025-03-01,2026-09-11T15:08:33Z
SM-G980F,SEE,G980FXXSNHYB1,2025-03-01,2026-09-11T15:09:00Z
SM-G980F,TUR,G980FXXSNHYB1,2025-03-01,2026-09-11T15:08:41Z
SM-G980F,XSA,G980FXXSNHYB1,2025-03-01,2026-09-11T15:09:03Z
SM-G980F,XSG,G980FXXSNHYB1,2025-03-01,2026-09-11T15:08:44Z
SM-G980F,XSA,G980FXXU1ATBK,2020-03-01,2026-09-11T15:09:03Z
SM-G980F,AFG,G980FXXU1ATBM,2020-03-01,2026-09-11T15:08:47Z
SM-G980F,BTU,G980FXXU1ATBM,2020-03-01,2026-09-11T15:09:06Z
SM-G980F,EGY,G980FXXU1ATBM,2020-03-01,2026-09-11T15:08:37Z
SM-G980F,ILO,G980FXXU1ATBM,2020-03-01,2026-09-11T15:08:30Z
SM-G980F,MID,G980FXXU1ATBM,2020-03-01,2026-09-11T15:08:33Z
SM-G980F,SEE,G980FXXU1ATBM,2020-03-01,2026-09-11T15:09:00Z
SM-G980F,TUR,G980FXXU1ATBM,2020-03-01,2026-09-11T15:08:41Z
SM-G980F,XSG,G980FXXU1ATBM,2020-03-01,2026-09-11T15:08:44Z
SM-G980F,AFG,G980FXXU1ATCH,2020-03-01,2026-09-11T15:08:47Z
SM-G980F,BTU,G980FXXU1ATCH,2020-03-01,2026-09-11T15:09:06Z
SM-G980F,EGY,G980FXXU1ATCH,2020-03-01,2026-09-11T15:08:37Z
SM-G980F,ILO,G980FXXU1ATCH,2020-03-01,2026-09-11T15:08:30Z
SM-G980F,MID,G980FXXU1ATCH,2020-03-01,2026-09-11T15:08:33Z
SM-G980F,SEE,G980FXXU1ATCH,2020-03-01,2026-09-11T15:09:00Z
SM-G980F,TUR,G980FXXU1ATCH,2020-03-01,2026-09-11T15:08:41Z
SM-G980F,XSA,G980FXXU1ATCH,2020-03-01,2026-09-11T15:09:03Z
SM-G980F,XSG,G980FXXU1ATCH,2020-03-01,2026-09-11T15:08:44Z
SM-G980F,AFG,G980FXXU1ATCT,2020-04-01,2026-09-11T15:08:47Z
SM-G980F,BTU,G980FXXU1ATCT,2020-04-01,2026-09-11T15:09:06Z
SM-G980F,EGY,G980FXXU1ATCT,2020-04-01,2026-09-11T15:08:37Z
SM-G980F,ILO,G980FXXU1ATCT,2020-04-01,2026-09-11T15:08:30Z
SM-G980F,MID,G980FXXU1ATCT,2020-04-01,2026-09-11T15:08:33Z
SM-G980F,SEE,G980FXXU1ATCT,2020-04-01,2026-09-11T15:09:00Z
SM-G980F,TUR,G980FXXU1ATCT,2020-04-01,2026-09-11T15:08:41Z
SM-G980F,XSA,G980FXXU1ATCT,2020-04-01,2026-09-11T15:09:03Z
SM-G980F,XSG,G980FXXU1ATCT,2020-04-01,2026-09-11T15:08:44Z
SM-G980F,AFG,G980FXXU1ATD3,2020-04-01,2026-09-11T15:08:47Z
SM-G980F,BTU,G980FXXU1ATD3,2020-04-01,2026-09-11T15:09:06Z
SM-G980F,EGY,G980FXXU1ATD3,2020-04-01,2026-09-11T15:08:37Z
SM-G980F,ILO,G980FXXU1ATD3,2020-04-01,2026-09-11T15:08:30Z
SM-G980F,MID,G980FXXU1ATD3,2020-04-01,2026-09-11T15:08:33Z
SM-G980F,SEE,G980FXXU1ATD3,2020-04-01,2026-09-11T15:09:00Z
SM-G980F,TUR,G980FXXU1ATD3,2020-04-01,2026-09-11T15:08:41Z
SM-G980F,XSA,G980FXXU1ATD3,2020-04-01,2026-09-11T15:09:03Z
SM-G980F,XSG,G980FXXU1ATD3,2020-04-01,2026-09-11T15:08:44Z
SM-G980F,AFG,G980FXXU2ATE6,2020-05-01,2026-09-11T15:08:47Z
SM-G980F,BTU,G980FXXU2ATE6,2020-05-01,2026-09-11T15:09:06Z
SM-G980F,EGY,G980FXXU2ATE6,2020-05-01,2026-09-11T15:08:37Z
SM-G980F,ILO,G980FXXU2ATE6,2020-05-01,2026-09-11T15:08:30Z
SM-G980F,MID,G980FXXU2ATE6,2020-05-01,2026-09-11T15:08:33Z
SM-G980F,SEE,G980FXXU2ATE6,2020-05-01,2026-09-11T15:09:00Z
SM-G980F,TUR,G980FXXU2ATE6,2020-05-01,2026-09-11T15:08:41Z
SM-G980F,XSA,G980FXXU2ATE6,2020-05-01,2026-09-11T15:09:03Z
SM-G980F,XSG,G980FXXU2ATE6,2020-05-01,2026-09-11T15:08:44Z
SM-G980F,AFG,G980FXXU3ATFG,2020-07-01,2026-09-11T15:08:47Z
SM-G980F,BTU,G980FXXU3ATFG,2020-07-01,2026-09-11T15:09:06Z
SM-G980F,EGY,G980FXXU3ATFG,2020-07-01,2026-09-11T15:08:37Z
SM-G980F,ILO,G980FXXU3ATFG,2020-07-01,2026-09-11T15:08:30Z
SM-G980F,MID,G980FXXU3ATFG,2020-07-01,2026-09-11T15:08:33Z
SM-G980F,SEE,G980FXXU3ATFG,2020-07-01,2026-09-11T15:09:00Z
SM-G980F,TUR,G980FXXU3ATFG,2020-07-01,2026-09-11T15:08:41Z
SM-G980F,XSA,G980FXXU3ATFG,2020-07-01,2026-09-11T15:09:03Z
SM-G980F,XSG,G980FXXU3ATFG,2020-07-01,2026-09-11T15:08:44Z
SM-G980F,AFG,G980FXXU3ATG4,2020-07-01,2026-09-11T15:08:47Z
SM-G980F,BTU,G980FXXU3ATG4,2020-07-01,2026-09-11T15:09:06Z
SM-G980F,EGY,G980FXXU3ATG4,2020-07-01,2026-09-11T15:08:37Z
SM-G980F,ILO,G980FXXU3ATG4,2020-07-01,2026-09-11T15:08:30Z
SM-G980F,MID,G980FXXU3ATG4,2020-07-01,2026-09-11T15:08:33Z
SM-G980F,SEE,G980FXXU3ATG4,2020-07-01,2026-09-11T15:09:00Z
SM-G980F,TUR,G980FXXU3ATG4,2020-07-01,2026-09-11T15:08:41Z
SM-G980F,XSA,G980FXXU3ATG4,2020-07-01,2026-09-11T15:09:03Z
SM-G980F,XSG,G980FXXU3ATG4,2020-07-01,2026-09-11T15:08:44Z
SM-G980F,AFG,G980FXXU4BTH5,2020-08-01,2026-09-11T15:08:47Z
SM-G980F,BTU,G980FXXU4BTH5,2020-08-01,2026-09-11T15:09:06Z
SM-G980F,EGY,G980FXXU4BTH5,2020-08-01,2026-09-11T15:08:37Z
SM-G980F,ILO,G980FXXU4BTH5,2020-08-01,2026-09-11T15:08:30Z
SM-G980F,MID,G980FXXU4BTH5,2020-08-01,2026-09-11T15:08:33Z
SM-G980F,SEE,G980FXXU4BTH5,2020-08-01,2026-09-11T15:09:00Z
SM-G980F,TUR,G980FXXU4BTH5,2020-08-01,2026-09-11T15:08:41Z
SM-G980F,XSA,G980FXXU4BTH5,2020-08-01,2026-09-11T15:09:03Z
SM-G980F,XSG,G980FXXU4BTH5,2020-08-01,2026-09-11T15:08:44Z
SM-G980F,AFG,G980FXXU4BTIB,2020-09-01,2026-09-11T15:08:47Z
SM-G980F,BTU,G980FXXU4BTIB,2020-09-01,2026-09-11T15:09:06Z
SM-G980F,EGY,G980FXXU4BTIB,2020-09-01,2026-09-11T15:08:37Z
SM-G980F,ILO,G980FXXU4BTIB,2020-09-01,2026-09-11T15:08:30Z
SM-G980F,MID,G980FXXU4BTIB,2020-09-01,2026-09-11T15:08:33Z
SM-G980F,SEE,G980FXXU4BTIB,2020-09-01,2026-09-11T15:09:00Z
SM-G980F,TUR,G980FXXU4BTIB,2020-09-01,2026-09-11T15:08:41Z
SM-G980F,XSA,G980FXXU4BTIB,2020-09-01,2026-09-11T15:09:03Z
SM-G980F,XSG,G980FXXU4BTIB,2020-09-01,2026-09-11T15:08:44Z
SM-G980F,AFG,G980FXXU5BTJ3,2020-10-01,2026-09-11T15:08:47Z
SM-G980F,BTU,G980FXXU5BTJ3,2020-10-01,2026-09-11T15:09:06Z
SM-G980F,EGY,G980FXXU5BTJ3,2020-10-01,2026-09-11T15:08:37Z
SM-G980F,ILO,G980FXXU5BTJ3,2020-10-01,2026-09-11T15:08:30Z
SM-G980F,MID,G980FXXU5BTJ3,2020-10-01,2026-09-11T15:08:33Z
SM-G980F,SEE,G980FXXU5BTJ3,2020-10-01,2026-09-11T15:09:00Z
SM-G980F,TUR,G980FXXU5BTJ3,2020-10-01,2026-09-11T15:08:41Z
SM-G980F,XSA,G980FXXU5BTJ3,2020-10-01,2026-09-11T15:09:03Z
SM-G980F,XSG,G980FXXU5BTJ3,2020-10-01,2026-09-11T15:08:44Z
SM-G980F,AFG,G980FXXU5CTKG,2020-12-01,2026-09-11T15:08:47Z
SM-G980F,BTU,G980FXXU5CTKG,2020-12-01,2026-09-11T15:09:06Z
SM-G980F,EGY,G980FXXU5CTKG,2020-12-01,2026-09-11T15:08:37Z
SM-G980F,ILO,G980FXXU5CTKG,2020-12-01,2026-09-11T15:08:30Z
SM-G980F,MID,G980FXXU5CTKG,2020-12-01,2026-09-11T15:08:33Z
SM-G980F,SEE,G980FXXU5CTKG,2020-12-01,2026-09-11T15:09:00Z
SM-G980F,TUR,G980FXXU5CTKG,2020-12-01,2026-09-11T15:08:41Z
SM-G980F,XSA,G980FXXU5CTKG,2020-12-01,2026-09-11T15:09:03Z
SM-G980F,XSG,G980FXXU5CTKG,2020-12-01,2026-09-11T15:08:44Z
SM-G980F,AFG,G980FXXU5CUA3,2021-01-01,2026-09-11T15:08:47Z
SM-G980F,EGY,G980FXXU5CUA3,2021-01-01,2026-09-11T15:08:37Z
SM-G980F,ILO,G980FXXU5CUA3,2021-01-01,2026-09-11T15:08:30Z
SM-G980F,MID,G980FXXU5CUA3,2021-01-01,2026-09-11T15:08:33Z
SM-G980F,SEE,G980FXXU5CUA3,2021-01-01,2026-09-11T15:09:00Z
SM-G980F,TUR,G980FXXU5CUA3,2021-01-01,2026-09-11T15:08:41Z
SM-G980F,XSA,G980FXXU5CUA3,2021-01-01,2026-09-11T15:09:03Z
SM-G980F,AFG,G980FXXU6DUB5,2021-02-01,2026-09-11T15:08:47Z
SM-G980F,BTU,G980FXXU6DUB5,2021-02-01,2026-09-11T15:09:06Z
SM-G980F,EGY,G980FXXU6DUB5,2021-02-01,2026-09-11T15:08:37Z
SM-G980F,ILO,G980FXXU6DUB5,2021-02-01,2026-09-11T15:08:30Z
SM-G980F,MID,G980FXXU6DUB5,2021-02-01,2026-09-11T15:08:33Z
SM-G980F,SEE,G980FXXU6DUB5,2021-02-01,2026-09-11T15:09:00Z
SM-G980F,TUR,G980FXXU6DUB5,2021-02-01,2026-09-11T15:08:41Z
SM-G980F,XSA,G980FXXU6DUB5,2021-02-01,2026-09-11T15:09:03Z
SM-G980F,XSG,G980FXXU6DUB5,2021-02-01,2026-09-11T15:08:44Z
SM-G980F,AFG,G980FXXU7DUC7,2021-03-01,2026-09-11T15:08:47Z
SM-G980F,BTU,G980FXXU7DUC7,2021-03-01,2026-09-11T15:09:06Z
SM-G980F,EGY,G980FXXU7DUC7,2021-03-01,2026-09-11T15:08:37Z
SM-G980F,ILO,G980FXXU7DUC7,2021-03-01,2026-09-11T15:08:30Z
SM-G980F,MID,G980FXXU7DUC7,2021-03-01,2026-09-11T15:08:33Z
SM-G980F,SEE,G980FXXU7DUC7,2021-03-01,2026-09-11T15:09:00Z
SM-G980F,TUR,G980FXXU7DUC7,2021-03-01,2026-09-11T15:08:41Z
SM-G980F,XSA,G980FXXU7DUC7,2021-03-01,2026-09-11T15:09:03Z
SM-G980F,XSG,G980FXXU7DUC7,2021-03-01,2026-09-11T15:08:44Z
SM-G980F,AFG,G980FXXU7DUE1,2021-05-01,2026-09-11T15:08:47Z
SM-G980F,BTU,G980FXXU7DUE1,2021-05-01,2026-09-11T15:09:06Z
SM-G980F,EGY,G980FXXU7DUE1,2021-05-01,2026-09-11T15:08:37Z
SM-G980F,ILO,G980FXXU7DUE1,2021-05-01,2026-09-11T15:08:30Z
SM-G980F,MID,G980FXXU7DUE1,2021-05-01,2026-09-11T15:08:33Z
SM-G980F,SEE,G980FXXU7DUE1,2021-05-01,2026-09-11T15:09:00Z
SM-G980F,TUR,G980FXXU7DUE1,2021-05-01,2026-09-11T15:08:41Z
SM-G980F,XSA,G980FXXU7DUE1,2021-05-01,2026-09-11T15:09:03Z
SM-G980F,XSG,G980FXXU7DUE1,2021-05-01,2026-09-11T15:08:44Z
SM-G980F,AFG,G980FXXU8DUF9,2021-07-01,2026-09-11T15:08:47Z
SM-G980F,BTU,G980FXXU8DUF9,2021-07-01,2026-09-11T15:09:06Z
SM-G980F,EGY,G980FXXU8DUF9,2021-07-01,2026-09-11T15:08:37Z
SM-G980F,ILO,G980FXXU8DUF9,2021-07-01,2026-09-11T15:08:30Z
SM-G980F,MID,G980FXXU8DUF9,2021-07-01,2026-09-11T15:08:33Z
SM-G980F,SEE,G980FXXU8DUF9,2021-07-01,2026-09-11T15:09:00Z
SM-G980F,TUR,G980FXXU8DUF9,2021-07-01,2026-09-11T15:08:41Z
SM-G980F,XSA,G980FXXU8DUF9,2021-07-01,2026-09-11T15:09:03Z
SM-G980F,XSG,G980FXXU8DUF9,2021-07-01,2026-09-11T15:08:44Z
SM-G980F,AFG,G980FXXU9DUH2,2021-08-01,2026-09-11T15:08:47Z
SM-G980F,BTU,G980FXXU9DUH2,2021-08-01,2026-09-11T15:09:06Z
SM-G980F,EGY,G980FXXU9DUH2,2021-08-01,2026-09-11T15:08:37Z
SM-G980F,ILO,G980FXXU9DUH2,2021-08-01,2026-09-11T15:08:30Z
SM-G980F,MID,G980FXXU9DUH2,2021-08-01,2026-09-11T15:08:33Z
SM-G980F,SEE,G980FXXU9DUH2,2021-08-01,2026-09-11T15:09:00Z
SM-G980F,TUR,G980FXXU9DUH2,2021-08-01,2026-09-11T15:08:41Z
SM-G980F,XSA,G980FXXU9DUH2,2021-08-01,2026-09-11T15:09:03Z
SM-G980F,XSG,G980FXXU9DUH2,2021-08-01,2026-09-11T15:08:44Z
SM-G980F,AFG,G980FXXUBDUI5,2021-10-01,2026-09-11T15:08:47Z
SM-G980F,BTU,G980FXXUBDUI5,2021-10-01,2026-09-11T15:09:06Z
SM-G980F,EGY,G980FXXUBDUI5,2021-10-01,2026-09-11T15:08:37Z
SM-G980F,ILO,G980FXXUBDUI5,2021-10-01,2026-09-11T15:08:30Z
SM-G980F,MID,G980FXXUBDUI5,2021-10-01,2026-09-11T15:08:33Z
SM-G980F,SEE,G980FXXUBDUI5,2021-10-01,2026-09-11T15:09:00Z
SM-G980F,TUR,G980FXXUBDUI5,2021-10-01,2026-09-11T15:08:41Z
SM-G980F,XSA,G980FXXUBDUI5,2021-10-01,2026-09-11T15:09:03Z
SM-G980F,XSG,G980FXXUBDUI5,2021-10-01,2026-09-11T15:08:44Z
SM-G980F,BTU,G980FXXUDEVA9,2022-02-01,2026-09-11T15:09:06Z
SM-G980F,EGY,G980FXXUDEVA9,2022-02-01,2026-09-11T15:08:37Z
SM-G980F,ILO,G980FXXUDEVA9,2022-02-01,2026-09-11T15:08:30Z
SM-G980F,MID,G980FXXUDEVA9,2022-02-01,2026-09-11T15:08:33Z
SM-G980F,SEE,G980FXXUDEVA9,2022-02-01,2026-09-11T15:09:00Z
SM-G980F,TUR,G980FXXUDEVA9,2022-02-01,2026-09-11T15:08:41Z
SM-G980F,XSA,G980FXXUDEVA9,2022-02-01,2026-09-11T15:09:03Z
SM-G980F,XSG,G980FXXUDEVA9,2022-02-01,2026-09-11T15:08:44Z
SM-G980F,AFG,G980FXXUDFVC7,2022-03-01,2026-09-11T15:08:47Z
SM-G980F,BTU,G980FXXUDFVC7,2022-03-01,2026-09-11T15:09:06Z
SM-G980F,EGY,G980FXXUDFVC7,2022-03-01,2026-09-11T15:08:37Z
SM-G980F,ILO,G980FXXUDFVC7,2022-03-01,2026-09-11T15:08:30Z
SM-G980F,MID,G980FXXUDFVC7,2022-03-01,2026-09-11T15:08:33Z
SM-G980F,SEE,G980FXXUDFVC7,2022-03-01,2026-09-11T15:09:00Z
SM-G980F,TUR,G980FXXUDFVC7,2022-03-01,2026-09-11T15:08:41Z
SM-G980F,XSA,G980FXXUDFVC7,2022-03-01,2026-09-11T15:09:03Z
SM-G980F,XSG,G980FXXUDFVC7,2022-03-01,2026-09-11T15:08:44Z
SM-G980F,AFG,G980FXXUEFVDB,2022-05-01,2026-09-11T15:08:47Z
SM-G980F,BTU,G980FXXUEFVDB,2022-05-01,2026-09-11T15:09:06Z
SM-G980F,EGY,G980FXXUEFVDB,2022-05-01,2026-09-11T15:08:37Z
SM-G980F,ILO,G980FXXUEFVDB,2022-05-01,2026-09-11T15:08:30Z
SM-G980F,MID,G980FXXUEFVDB,2022-05-01,2026-09-11T15:08:33Z
SM-G980F,SEE,G980FXXUEFVDB,2022-05-01,2026-09-11T15:09:00Z
SM-G980F,TUR,G980FXXUEFVDB,2022-05-01,2026-09-11T15:08:41Z
SM-G980F,XSA,G980FXXUEFVDB,2022-05-01,2026-09-11T15:09:03Z
SM-G980F,XSG,G980FXXUEFVDB,2022-05-01,2026-09-11T15:08:44Z
SM-G980F,AFG,G980FXXUEFVG5,2022-08-01,2026-09-11T15:08:47Z
SM-G980F,BTU,G980FXXUEFVG5,2022-08-01,2026-09-11T15:09:06Z
SM-G980F,EGY,G980FXXUEFVG5,2022-08-01,2026-09-11T15:08:37Z
SM-G980F,ILO,G980FXXUEFVG5,2022-08-01,2026-09-11T15:08:30Z
SM-G980F,MID,G980FXXUEFVG5,2022-08-01,2026-09-11T15:08:33Z
SM-G980F,SEE,G980FXXUEFVG5,2022-08-01,2026-09-11T15:09:00Z
SM-G980F,TUR,G980FXXUEFVG5,2022-08-01,2026-09-11T15:08:41Z
SM-G980F,XSA,G980FXXUEFVG5,2022-08-01,2026-09-11T15:09:03Z
SM-G980F,XSG,G980FXXUEFVG5,2022-08-01,2026-09-11T15:08:44Z
SM-G980F,BTU,G980FXXUEFVH3,2022-08-01,2026-09-11T15:09:06Z
SM-G980F,SEE,G980FXXUEFVH3,2022-08-01,2026-09-11T15:09:00Z
SM-G980F,AFG,G980FXXUFGVJE,2022-10-01,2026-09-11T15:08:47Z
SM-G980F,BTU,G980FXXUFGVJE,2022-10-01,2026-09-11T15:09:06Z
SM-G980F,EGY,G980FXXUFGVJE,2022-10-01,2026-09-11T15:08:37Z
SM-G980F,ILO,G980FXXUFGVJE,2022-10-01,2026-09-11T15:08:30Z
SM-G980F,SEE,G980FXXUFGVJE,2022-10-01,2026-09-11T15:09:00Z
SM-G980F,TUR,G980FXXUFGVJE,2022-10-01,2026-09-11T15:08:41Z
SM-G980F,XSG,G980FXXUFGVJE,2022-10-01,2026-09-11T15:08:44Z
SM-G980F,XSA,G980FXXUFGVK5,2022-11-01,2026-09-11T15:09:03Z
SM-G980F,AFG,G980FXXUFGVL5,2022-12-01,2026-09-11T15:08:47Z
SM-G980F,BTU,G980FXXUFGVL5,2022-12-01,2026-09-11T15:09:06Z
SM-G980F,EGY,G980FXXUFGVL5,2022-12-01,2026-09-11T15:08:37Z
SM-G980F,ILO,G980FXXUFGVL5,2022-12-01,2026-09-11T15:08:30Z
SM-G980F,SEE,G980FXXUFGVL5,2022-12-01,2026-09-11T15:09:00Z
SM-G980F,TUR,G980FXXUFGVL5,2022-12-01,2026-09-11T15:08:41Z
SM-G980F,XSG,G980FXXUFGVL5,2022-12-01,2026-09-11T15:08:44Z
SM-G980F,XSA,G980FXXUFGWA5,2022-11-01,2026-09-11T15:09:03Z
SM-G980F,AFG,G980FXXUFHWAK,2023-02-01,2026-09-11T15:08:47Z
SM-G980F,BTU,G980FXXUFHWAK,2023-02-01,2026-09-11T15:09:06Z
SM-G980F,EGY,G980FXXUFHWAK,2023-02-01,2026-09-11T15:08:37Z
SM-G980F,ILO,G980FXXUFHWAK,2023-02-01,2026-09-11T15:08:30Z
SM-G980F,MID,G980FXXUFHWAK,2023-02-01,2026-09-11T15:08:33Z
SM-G980F,SEE,G980FXXUFHWAK,2023-02-01,2026-09-11T15:09:00Z
SM-G980F,TUR,G980FXXUFHWAK,2023-02-01,2026-09-11T15:08:41Z
SM-G980F,XSA,G980FXXUFHWAK,2023-02-01,2026-09-11T15:09:03Z
SM-G980F,XSG,G980FXXUFHWAK,2023-02-01,2026-09-11T15:08:44Z
SM-G980F,AFG,G980FXXUGHWCG,2023-04-01,2026-09-11T15:08:47Z
SM-G980F,BTU,G980FXXUGHWCG,2023-04-01,2026-09-11T15:09:06Z
SM-G980F,EGY,G980FXXUGHWCG,2023-04-01,2026-09-11T15:08:37Z
SM-G980F,ILO,G980FXXUGHWCG,2023-04-01,2026-09-11T15:08:30Z
SM-G980F,MID,G980FXXUGHWCG,2023-04-01,2026-09-11T15:08:33Z
SM-G980F,SEE,G980FXXUGHWCG,2023-04-01,2026-09-11T15:09:00Z
SM-G980F,TUR,G980FXXUGHWCG,2023-04-01,2026-09-11T15:08:41Z
SM-G980F,XSA,G980FXXUGHWCG,2023-04-01,2026-09-11T15:09:03Z
SM-G980F,XSG,G980FXXUGHWCG,2023-04-01,2026-09-11T15:08:44Z
SM-G980F,XSA,G980FXXUGHWD6,2023-05-01,2026-09-11T15:09:03Z
SM-G980F,AFG,G980FXXUHHWED,2023-06-01,2026-09-11T15:08:47Z
SM-G980F,BTU,G980FXXUHHWED,2023-06-01,2026-09-11T15:09:06Z
SM-G980F,EGY,G980FXXUHHWED,2023-06-01,2026-09-11T15:08:37Z
SM-G980F,ILO,G980FXXUHHWED,2023-06-01,2026-09-11T15:08:30Z
SM-G980F,MID,G980FXXUHHWED,2023-06-01,2026-09-11T15:08:33Z
SM-G980F,SEE,G980FXXUHHWED,2023-06-01,2026-09-11T15:09:00Z
SM-G980F,TUR,G980FXXUHHWED,2023-06-01,2026-09-11T15:08:41Z
SM-G980F,XSA,G980FXXUHHWED,2023-06-01,2026-09-11T15:09:03Z
SM-G980F,XSG,G980FXXUHHWED,2023-06-01,2026-09-11T15:08:44Z
SM-G980F,AFG,G980FXXUIHWH9,2023-08-01,2026-09-11T15:08:47Z
SM-G980F,BTU,G980FXXUIHWH9,2023-08-01,2026-09-11T15:09:06Z
SM-G980F,EGY,G980FXXUIHWH9,2023-08-01,2026-09-11T15:08:37Z
SM-G980F,ILO,G980FXXUIHWH9,2023-08-01,2026-09-11T15:08:30Z
SM-G980F,MID,G980FXXUIHWH9,2023-08-01,2026-09-11T15:08:33Z
SM-G980F,SEE,G980FXXUIHWH9,2023-08-01,2026-09-11T15:09:00Z
SM-G980F,TUR,G980FXXUIHWH9,2023-08-01,2026-09-11T15:08:41Z
SM-G980F,XSA,G980FXXUIHWH9,2023-08-01,2026-09-11T15:09:03Z
SM-G980F,XSG,G980FXXUIHWH9,2023-08-01,2026-09-11T15:08:44Z
SM-G981B,BTU,G981BXXS2ATD5,2020-05-01,2026-09-11T15:09:46Z
SM-G981B,BTU,G981BXXS2ATE7,2020-06-01,2026-09-11T15:09:46Z
SM-G981B,BTU,G981BXXS4ATGB,2020-08-01,2026-09-11T15:09:46Z
SM-G981B,BTU,G981BXXS4BTHH,2020-09-01,2026-09-11T15:09:46Z
SM-G981B,BTU,G981BXXS5BTIJ,2020-10-01,2026-09-11T15:09:46Z
SM-G981B,BTU,G981BXXS5BTJ4,2020-11-01,2026-09-11T15:09:46Z
SM-G981B,BTU,G981BXXS5CTL5,2021-01-01,2026-09-11T15:09:46Z
SM-G981B,BTU,G981BXXS6CUA8,2021-02-01,2026-09-11T15:09:46Z
SM-G981B,BTU,G981BXXS6DUBA,2021-03-01,2026-09-11T15:09:46Z
SM-G981B,BTU,G981BXXS7DUC9,2021-04-01,2026-09-11T15:09:46Z
SM-G981B,XSA,G981BXXS7DUC9,2021-04-01,2026-09-11T15:09:43Z
SM-G981B,BTU,G981BXXS8DUE4,2021-06-01,2026-09-11T15:09:46Z
SM-G981B,XSA,G981BXXS8DUE4,2021-06-01,2026-09-11T15:09:43Z
SM-G981B,BTU,G981BXXSADUH5,2021-09-01,2026-09-11T15:09:46Z
SM-G981B,XSA,G981BXXSADUH5,2021-09-01,2026-09-11T15:09:43Z
SM-G981B,BTU,G981BXXSCDUJ5,2021-11-01,2026-09-11T15:09:46Z
SM-G981B,XSA,G981BXXSCDUJ5,2021-11-01,2026-09-11T15:09:43Z
SM-G981B,BTU,G981BXXSCEUL7,2021-12-01,2026-09-11T15:09:46Z
SM-G981B,XSA,G981BXXSCEUL7,2021-12-01,2026-09-11T15:09:43Z
SM-G981B,BTU,G981BXXSCEUL9,2022-01-01,2026-09-11T15:09:46Z
SM-G981B,XSA,G981BXXSCEUL9,2022-01-01,2026-09-11T15:09:43Z
SM-G981B,BTU,G981BXXSDEVB1,2022-02-01,2026-09-11T15:09:46Z
SM-G981B,BTU,G981BXXSDFVC9,2022-04-01,2026-09-11T15:09:46Z
SM-G981B,XSA,G981BXXSDFVC9,2022-04-01,2026-09-11T15:09:43Z
SM-G981B,BTU,G981BXXSEFVE6,2022-06-01,2026-09-11T15:09:46Z
SM-G981B,XSA,G981BXXSEFVE6,2022-06-01,2026-09-11T15:09:43Z
SM-G981B,BTU,G981BXXSEFVF4,2022-07-01,2026-09-11T15:09:46Z
SM-G981B,XSA,G981BXXSEFVF4,2022-07-01,2026-09-11T15:09:43Z
SM-G981B,XSA,G981BXXSFFVH7,2022-09-01,2026-09-11T15:09:43Z
SM-G981B,BTU,G981BXXSFFVHA,2022-09-01,2026-09-11T15:09:46Z
SM-G981B,BTU,G981BXXSFFVIB,2022-10-01,2026-09-11T15:09:46Z
SM-G981B,XSA,G981BXXSFFVIH,2022-10-01,2026-09-11T15:09:43Z
SM-G981B,BTU,G981BXXSFGVK1,2022-11-01,2026-09-11T15:09:46Z
SM-G981B,BTU,G981BXXSFGVK7,2022-12-01,2026-09-11T15:09:46Z
SM-G981B,BTU,G981BXXSFGWA7,2023-01-01,2026-09-11T15:09:46Z
SM-G981B,XSA,G981BXXSFGWA9,2023-01-01,2026-09-11T15:09:43Z
SM-G981B,BTU,G981BXXSFHWB1,2023-03-01,2026-09-11T15:09:46Z
SM-G981B,XSA,G981BXXSFHWB1,2023-03-01,2026-09-11T15:09:43Z
SM-G981B,BTU,G981BXXSGHWD4,2023-05-01,2026-09-11T15:09:46Z
SM-G981B,BTU,G981BXXSIHWF6,2023-07-01,2026-09-11T15:09:46Z
SM-G981B,XSA,G981BXXSIHWF6,2023-07-01,2026-09-11T15:09:43Z
SM-G981B,BTU,G981BXXSIHWGA,2023-08-01,2026-09-11T15:09:46Z
SM-G981B,XSA,G981BXXSIHWGA,2023-08-01,2026-09-11T15:09:43Z
SM-G981B,BTU,G981BXXSIHWHI,2023-09-01,2026-09-11T15:09:46Z
SM-G981B,XSA,G981BXXSIHWHI,2023-09-01,2026-09-11T15:09:43Z
SM-G981B,BTU,G981BXXSIHWI7,2023-10-01,2026-09-11T15:09:46Z
SM-G981B,XSA,G981BXXSIHWI7,2023-10-01,2026-09-11T15:09:43Z
SM-G981B,BTU,G981BXXSIHWJD,2023-11-01,2026-09-11T15:09:46Z
SM-G981B,XSA,G981BXXSIHWJD,2023-11-01,2026-09-11T15:09:43Z
SM-G981B,BTU,G981BXXSIHWKD,2023-12-01,2026-09-11T15:09:46Z
SM-G981B,XSA,G981BXXSIHWKD,2023-12-01,2026-09-11T15:09:43Z
SM-G981B,BTU,G981BXXSIHWL1,2024-01-01,2026-09-11T15:09:46Z
SM-G981B,XSA,G981BXXSIHWL1,2024-01-01,2026-09-11T15:09:43Z
SM-G981B,BTU,G981BXXSJHXA1,2024-02-01,2026-09-11T15:09:46Z
SM-G981B,XSA,G981BXXSJHXA1,2024-02-01,2026-09-11T15:09:43Z
SM-G981B,BTU,G981BXXSJHXC1,2024-03-01,2026-09-11T15:09:46Z
SM-G981B,XSA,G981BXXSJHXC1,2024-03-01,2026-09-11T15:09:43Z
SM-G981B,BTU,G981BXXSKHXEA,2024-05-01,2026-09-11T15:09:46Z
SM-G981B,XSA,G981BXXSKHXEA,2024-05-01,2026-09-11T15:09:43Z
SM-G981B,BTU,G981BXXSLHXG1,2024-08-01,2026-09-11T15:09:46Z
SM-G981B,XSA,G981BXXSLHXG1,2024-08-01,2026-09-11T15:09:43Z
SM-G981B,BTU,G981BXXSMHXJ2,2024-10-01,2026-09-11T15:09:46Z
SM-G981B,XSA,G981BXXSMHXJ2,2024-10-01,2026-09-11T15:09:43Z
SM-G981B,BTU,G981BXXSMHXK1,2024-10-01,2026-09-11T15:09:46Z
SM-G981B,XSA,G981BXXSMHXK1,2024-10-01,2026-09-11T15:09:43Z
SM-G981B,BTU,G981BXXSNHXL1,2025-01-01,2026-09-11T15:09:46Z
SM-G981B,XSA,G981BXXSNHXL1,2025-01-01,2026-09-11T15:09:43Z
SM-G981B,BTU,G981BXXSNHYB1,2025-03-01,2026-09-11T15:09:46Z
SM-G981B,XSA,G981BXXSNHYB1,2025-03-01,2026-09-11T15:09:43Z
SM-G981B,XSA,G981BXXU1ATBK,2020-03-01,2026-09-11T15:09:43Z
SM-G981B,BTU,G981BXXU1ATBM,2020-03-01,2026-09-11T15:09:46Z
SM-G981B,BTU,G981BXXU1ATCH,2020-03-01,2026-09-11T15:09:46Z
SM-G981B,XSA,G981BXXU1ATCH,2020-03-01,2026-09-11T15:09:43Z
SM-G981B,BTU,G981BXXU1ATCT,2020-04-01,2026-09-11T15:09:46Z
SM-G981B,XSA,G981BXXU1ATCT,2020-04-01,2026-09-11T15:09:43Z
SM-G981B,BTU,G981BXXU1ATD3,2020-04-01,2026-09-11T15:09:46Z
SM-G981B,XSA,G981BXXU1ATD3,2020-04-01,2026-09-11T15:09:43Z
SM-G981B,BTU,G981BXXU2ATE6,2020-05-01,2026-09-11T15:09:46Z
SM-G981B,XSA,G981BXXU2ATE6,2020-05-01,2026-09-11T15:09:43Z
SM-G981B,BTU,G981BXXU3ATFG,2020-07-01,2026-09-11T15:09:46Z
SM-G981B,XSA,G981BXXU3ATFG,2020-07-01,2026-09-11T15:09:43Z
SM-G981B,BTU,G981BXXU3ATG4,2020-07-01,2026-09-11T15:09:46Z
SM-G981B,XSA,G981BXXU3ATG4,2020-07-01,2026-09-11T15:09:43Z
SM-G981B,BTU,G981BXXU4BTH5,2020-08-01,2026-09-11T15:09:46Z
SM-G981B,XSA,G981BXXU4BTH5,2020-08-01,2026-09-11T15:09:43Z
SM-G981B,BTU,G981BXXU4BTIB,2020-09-01,2026-09-11T15:09:46Z
SM-G981B,XSA,G981BXXU4BTIB,2020-09-01,2026-09-11T15:09:43Z
SM-G981B,BTU,G981BXXU5BTJ3,2020-10-01,2026-09-11T15:09:46Z
SM-G981B,XSA,G981BXXU5BTJ3,2020-10-01,2026-09-11T15:09:43Z
SM-G981B,BTU,G981BXXU5CTKG,2020-12-01,2026-09-11T15:09:46Z
SM-G981B,XSA,G981BXXU5CTKG,2020-12-01,2026-09-11T15:09:43Z
SM-G981B,XSA,G981BXXU5CUA3,2021-01-01,2026-09-11T15:09:43Z
SM-G981B,BTU,G981BXXU6DUB5,2021-02-01,2026-09-11T15:09:46Z
SM-G981B,XSA,G981BXXU6DUB5,2021-02-01,2026-09-11T15:09:43Z
SM-G981B,BTU,G981BXXU7DUC7,2021-03-01,2026-09-11T15:09:46Z
SM-G981B,XSA,G981BXXU7DUC7,2021-03-01,2026-09-11T15:09:43Z
SM-G981B,BTU,G981BXXU7DUE1,2021-05-01,2026-09-11T15:09:46Z
SM-G981B,XSA,G981BXXU7DUE1,2021-05-01,2026-09-11T15:09:43Z
SM-G981B,BTU,G981BXXU8DUF9,2021-07-01,2026-09-11T15:09:46Z
SM-G981B,XSA,G981BXXU8DUF9,2021-07-01,2026-09-11T15:09:43Z
SM-G981B,BTU,G981BXXU9DUH2,2021-08-01,2026-09-11T15:09:46Z
SM-G981B,XSA,G981BXXU9DUH2,2021-08-01,2026-09-11T15:09:43Z
SM-G981B,BTU,G981BXXUBDUI5,2021-10-01,2026-09-11T15:09:46Z
SM-G981B,XSA,G981BXXUBDUI5,2021-10-01,2026-09-11T15:09:43Z
SM-G981B,BTU,G981BXXUDEVA9,2022-02-01,2026-09-11T15:09:46Z
SM-G981B,XSA,G981BXXUDEVA9,2022-02-01,2026-09-11T15:09:43Z
SM-G981B,BTU,G981BXXUDFVC7,2022-03-01,2026-09-11T15:09:46Z
SM-G981B,XSA,G981BXXUDFVC7,2022-03-01,2026-09-11T15:09:43Z
SM-G981B,BTU,G981BXXUEFVDB,2022-05-01,2026-09-11T15:09:46Z
SM-G981B,XSA,G981BXXUEFVDB,2022-05-01,2026-09-11T15:09:43Z
SM-G981B,BTU,G981BXXUEFVG5,2022-08-01,2026-09-11T15:09:46Z
SM-G981B,XSA,G981BXXUEFVG5,2022-08-01,2026-09-11T15:09:43Z
SM-G981B,BTU,G981BXXUEFVH3,2022-08-01,2026-09-11T15:09:46Z
SM-G981B,BTU,G981BXXUFGVJE,2022-10-01,2026-09-11T15:09:46Z
SM-G981B,XSA,G981BXXUFGVK5,2022-11-01,2026-09-11T15:09:43Z
SM-G981B,BTU,G981BXXUFGVL5,2022-12-01,2026-09-11T15:09:46Z
SM-G981B,XSA,G981BXXUFGWA5,2022-11-01,2026-09-11T15:09:43Z
SM-G981B,BTU,G981BXXUFHWAK,2023-02-01,2026-09-11T15:09:46Z
SM-G981B,XSA,G981BXXUFHWAK,2023-02-01,2026-09-11T15:09:43Z
SM-G981B,BTU,G981BXXUGHWCG,2023-04-01,2026-09-11T15:09:46Z
SM-G981B,XSA,G981BXXUGHWCG,2023-04-01,2026-09-11T15:09:43Z
SM-G981B,XSA,G981BXXUGHWD6,2023-05-01,2026-09-11T15:09:43Z
SM-G981B,BTU,G981BXXUHHWED,2023-06-01,2026-09-11T15:09:46Z
SM-G981B,XSA,G981BXXUHHWED,2023-06-01,2026-09-11T15:09:43Z
SM-G981B,BTU,G981BXXUIHWH9,2023-08-01,2026-09-11T15:09:46Z
SM-G981B,XSA,G981BXXUIHWH9,2023-08-01,2026-09-11T15:09:43Z
SM-G985F,BTU,G985FXXS2ATD5,2020-05-01,2026-09-11T15:10:27Z
SM-G985F,SEE,G985FXXS2ATD5,2020-05-01,2026-09-11T15:10:21Z
SM-G985F,BTU,G985FXXS2ATE7,2020-06-01,2026-09-11T15:10:27Z
SM-G985F,SEE,G985FXXS2ATE7,2020-06-01,2026-09-11T15:10:21Z
SM-G985F,BTU,G985FXXS4ATGB,2020-08-01,2026-09-11T15:10:27Z
SM-G985F,SEE,G985FXXS4ATGB,2020-08-01,2026-09-11T15:10:21Z
SM-G985F,BTU,G985FXXS4BTHH,2020-09-01,2026-09-11T15:10:27Z
SM-G985F,SEE,G985FXXS4BTHH,2020-09-01,2026-09-11T15:10:21Z
SM-G985F,BTU,G985FXXS5BTIJ,2020-10-01,2026-09-11T15:10:27Z
SM-G985F,SEE,G985FXXS5BTIJ,2020-10-01,2026-09-11T15:10:21Z
SM-G985F,BTU,G985FXXS5BTJ4,2020-11-01,2026-09-11T15:10:27Z
SM-G985F,SEE,G985FXXS5BTJ4,2020-11-01,2026-09-11T15:10:21Z
SM-G985F,BTU,G985FXXS5CTL5,2021-01-01,2026-09-11T15:10:27Z
SM-G985F,SEE,G985FXXS5CTL5,2021-01-01,2026-09-11T15:10:21Z
SM-G985F,BTU,G985FXXS6CUA8,2021-02-01,2026-09-11T15:10:27Z
SM-G985F,SEE,G985FXXS6CUA8,2021-02-01,2026-09-11T15:10:21Z
SM-G985F,BTU,G985FXXS6DUBA,2021-03-01,2026-09-11T15:10:27Z
SM-G985F,SEE,G985FXXS6DUBA,2021-03-01,2026-09-11T15:10:21Z
SM-G985F,AFG,G985FXXS7DUC9,2021-04-01,2026-09-11T15:10:05Z
SM-G985F,BTU,G985FXXS7DUC9,2021-04-01,2026-09-11T15:10:27Z
SM-G985F,SEE,G985FXXS7DUC9,2021-04-01,2026-09-11T15:10:21Z
SM-G985F,TUR,G985FXXS7DUC9,2021-04-01,2026-09-11T15:09:59Z
SM-G985F,XSA,G985FXXS7DUC9,2021-04-01,2026-09-11T15:10:24Z
SM-G985F,XSG,G985FXXS7DUC9,2021-04-01,2026-09-11T15:10:02Z
SM-G985F,AFG,G985FXXS8DUE4,2021-06-01,2026-09-11T15:10:05Z
SM-G985F,BTU,G985FXXS8DUE4,2021-06-01,2026-09-11T15:10:27Z
SM-G985F,EGY,G985FXXS8DUE4,2021-06-01,2026-09-11T15:09:56Z
SM-G985F,MID,G985FXXS8DUE4,2021-06-01,2026-09-11T15:09:53Z
SM-G985F,SEE,G985FXXS8DUE4,2021-06-01,2026-09-11T15:10:21Z
SM-G985F,TUR,G985FXXS8DUE4,2021-06-01,2026-09-11T15:09:59Z
SM-G985F,XSA,G985FXXS8DUE4,2021-06-01,2026-09-11T15:10:24Z
SM-G985F,XSG,G985FXXS8DUE4,2021-06-01,2026-09-11T15:10:02Z
SM-G985F,AFG,G985FXXSADUH5,2021-09-01,2026-09-11T15:10:05Z
SM-G985F,BTU,G985FXXSADUH5,2021-09-01,2026-09-11T15:10:27Z
SM-G985F,EGY,G985FXXSADUH5,2021-09-01,2026-09-11T15:09:56Z
SM-G985F,MID,G985FXXSADUH5,2021-09-01,2026-09-11T15:09:53Z
SM-G985F,SEE,G985FXXSADUH5,2021-09-01,2026-09-11T15:10:21Z
SM-G985F,TUR,G985FXXSADUH5,2021-09-01,2026-09-11T15:09:59Z
SM-G985F,XSA,G985FXXSADUH5,2021-09-01,2026-09-11T15:10:24Z
SM-G985F,XSG,G985FXXSADUH5,2021-09-01,2026-09-11T15:10:02Z
SM-G985F,AFG,G985FXXSCDUJ5,2021-11-01,2026-09-11T15:10:05Z
SM-G985F,BTU,G985FXXSCDUJ5,2021-11-01,2026-09-11T15:10:27Z
SM-G985F,EGY,G985FXXSCDUJ5,2021-11-01,2026-09-11T15:09:56Z
SM-G985F,ILO,G985FXXSCDUJ5,2021-11-01,2026-09-11T15:09:50Z
SM-G985F,MID,G985FXXSCDUJ5,2021-11-01,2026-09-11T15:09:53Z
SM-G985F,SEE,G985FXXSCDUJ5,2021-11-01,2026-09-11T15:10:21Z
SM-G985F,TUR,G985FXXSCDUJ5,2021-11-01,2026-09-11T15:09:59Z
SM-G985F,XSA,G985FXXSCDUJ5,2021-11-01,2026-09-11T15:10:24Z
SM-G985F,XSG,G985FXXSCDUJ5,2021-11-01,2026-09-11T15:10:02Z
SM-G985F,SEE,G985FXXSCDUK1,2021-12-01,2026-09-11T15:10:21Z
SM-G985F,AFG,G985FXXSCEUL7,2021-12-01,2026-09-11T15:10:05Z
SM-G985F,BTU,G985FXXSCEUL7,2021-12-01,2026-09-11T15:10:27Z
SM-G985F,EGY,G985FXXSCEUL7,2021-12-01,2026-09-11T15:09:56Z
SM-G985F,ILO,G985FXXSCEUL7,2021-12-01,2026-09-11T15:09:50Z
SM-G985F,MID,G985FXXSCEUL7,2021-12-01,2026-09-11T15:09:53Z
SM-G985F,SEE,G985FXXSCEUL7,2021-12-01,2026-09-11T15:10:21Z
SM-G985F,TUR,G985FXXSCEUL7,2021-12-01,2026-09-11T15:09:59Z
SM-G985F,XSA,G985FXXSCEUL7,2021-12-01,2026-09-11T15:10:24Z
SM-G985F,XSG,G985FXXSCEUL7,2021-12-01,2026-09-11T15:10:02Z
SM-G985F,AFG,G985FXXSCEUL9,2022-01-01,2026-09-11T15:10:05Z
SM-G985F,BTU,G985FXXSCEUL9,2022-01-01,2026-09-11T15:10:27Z
SM-G985F,SEE,G985FXXSCEUL9,2022-01-01,2026-09-11T15:10:21Z
SM-G985F,XSA,G985FXXSCEUL9,2022-01-01,2026-09-11T15:10:24Z
SM-G985F,BTU,G985FXXSDEVB1,2022-02-01,2026-09-11T15:10:27Z
SM-G985F,SEE,G985FXXSDEVB1,2022-02-01,2026-09-11T15:10:21Z
SM-G985F,TUR,G985FXXSDEVB1,2022-02-01,2026-09-11T15:09:59Z
SM-G985F,AFG,G985FXXSDFVC9,2022-04-01,2026-09-11T15:10:05Z
SM-G985F,BTU,G985FXXSDFVC9,2022-04-01,2026-09-11T15:10:27Z
SM-G985F,EGY,G985FXXSDFVC9,2022-04-01,2026-09-11T15:09:56Z
SM-G985F,ILO,G985FXXSDFVC9,2022-04-01,2026-09-11T15:09:50Z
SM-G985F,MID,G985FXXSDFVC9,2022-04-01,2026-09-11T15:09:53Z
SM-G985F,SEE,G985FXXSDFVC9,2022-04-01,2026-09-11T15:10:21Z
SM-G985F,TUR,G985FXXSDFVC9,2022-04-01,2026-09-11T15:09:59Z
SM-G985F,XSA,G985FXXSDFVC9,2022-04-01,2026-09-11T15:10:24Z
SM-G985F,XSG,G985FXXSDFVC9,2022-04-01,2026-09-11T15:10:02Z
SM-G985F,AFG,G985FXXSEFVE6,2022-06-01,2026-09-11T15:10:05Z
SM-G985F,BTU,G985FXXSEFVE6,2022-06-01,2026-09-11T15:10:27Z
SM-G985F,EGY,G985FXXSEFVE6,2022-06-01,2026-09-11T15:09:56Z
SM-G985F,ILO,G985FXXSEFVE6,2022-06-01,2026-09-11T15:09:50Z
SM-G985F,MID,G985FXXSEFVE6,2022-06-01,2026-09-11T15:09:53Z
SM-G985F,SEE,G985FXXSEFVE6,2022-06-01,2026-09-11T15:10:21Z
SM-G985F,TUR,G985FXXSEFVE6,2022-06-01,2026-09-11T15:09:59Z
SM-G985F,XSA,G985FXXSEFVE6,2022-06-01,2026-09-11T15:10:24Z
SM-G985F,XSG,G985FXXSEFVE6,2022-06-01,2026-09-11T15:10:02Z
SM-G985F,AFG,G985FXXSEFVF4,2022-07-01,2026-09-11T15:10:05Z
SM-G985F,BTU,G985FXXSEFVF4,2022-07-01,2026-09-11T15:10:27Z
SM-G985F,EGY,G985FXXSEFVF4,2022-07-01,2026-09-11T15:09:56Z
SM-G985F,ILO,G985FXXSEFVF4,2022-07-01,2026-09-11T15:09:50Z
SM-G985F,MID,G985FXXSEFVF4,2022-07-01,2026-09-11T15:09:53Z
SM-G985F,SEE,G985FXXSEFVF4,2022-07-01,2026-09-11T15:10:21Z
SM-G985F,TUR,G985FXXSEFVF4,2022-07-01,2026-09-11T15:09:59Z
SM-G985F,XSA,G985FXXSEFVF4,2022-07-01,2026-09-11T15:10:24Z
SM-G985F,XSG,G985FXXSEFVF4,2022-07-01,2026-09-11T15:10:02Z
SM-G985F,AFG,G985FXXSFFVH7,2022-09-01,2026-09-11T15:10:05Z
SM-G985F,EGY,G985FXXSFFVH7,2022-09-01,2026-09-11T15:09:56Z
SM-G985F,ILO,G985FXXSFFVH7,2022-09-01,2026-09-11T15:09:50Z
SM-G985F,MID,G985FXXSFFVH7,2022-09-01,2026-09-11T15:09:53Z
SM-G985F,TUR,G985FXXSFFVH7,2022-09-01,2026-09-11T15:09:59Z
SM-G985F,XSA,G985FXXSFFVH7,2022-09-01,2026-09-11T15:10:24Z
SM-G985F,XSG,G985FXXSFFVH7,2022-09-01,2026-09-11T15:10:02Z
SM-G985F,BTU,G985FXXSFFVHA,2022-09-01,2026-09-11T15:10:27Z
SM-G985F,SEE,G985FXXSFFVHA,2022-09-01,2026-09-11T15:10:21Z
SM-G985F,BTU,G985FXXSFFVIB,2022-10-01,2026-09-11T15:10:27Z
SM-G985F,SEE,G985FXXSFFVIB,2022-10-01,2026-09-11T15:10:21Z
SM-G985F,AFG,G985FXXSFFVIH,2022-10-01,2026-09-11T15:10:05Z
SM-G985F,EGY,G985FXXSFFVIH,2022-10-01,2026-09-11T15:09:56Z
SM-G985F,ILO,G985FXXSFFVIH,2022-10-01,2026-09-11T15:09:50Z
SM-G985F,MID,G985FXXSFFVIH,2022-10-01,2026-09-11T15:09:53Z
SM-G985F,TUR,G985FXXSFFVIH,2022-10-01,2026-09-11T15:09:59Z
SM-G985F,XSA,G985FXXSFFVIH,2022-10-01,2026-09-11T15:10:24Z
SM-G985F,XSG,G985FXXSFFVIH,2022-10-01,2026-09-11T15:10:02Z
SM-G985F,BTU,G985FXXSFGVK1,2022-11-01,2026-09-11T15:10:27Z
SM-G985F,SEE,G985FXXSFGVK1,2022-11-01,2026-09-11T15:10:21Z
SM-G985F,BTU,G985FXXSFGVK7,2022-12-01,2026-09-11T15:10:27Z
SM-G985F,SEE,G985FXXSFGVK7,2022-12-01,2026-09-11T15:10:21Z
SM-G985F,AFG,G985FXXSFGWA7,2023-01-01,2026-09-11T15:10:05Z
SM-G985F,BTU,G985FXXSFGWA7,2023-01-01,2026-09-11T15:10:27Z
SM-G985F,EGY,G985FXXSFGWA7,2023-01-01,2026-09-11T15:09:56Z
SM-G985F,ILO,G985FXXSFGWA7,2023-01-01,2026-09-11T15:09:50Z
SM-G985F,SEE,G985FXXSFGWA7,2023-01-01,2026-09-11T15:10:21Z
SM-G985F,TUR,G985FXXSFGWA7,2023-01-01,2026-09-11T15:09:59Z
SM-G985F,XSG,G985FXXSFGWA7,2023-01-01,2026-09-11T15:10:02Z
SM-G985F,XSA,G985FXXSFGWA9,2023-01-01,2026-09-11T15:10:24Z
SM-G985F,AFG,G985FXXSFHWB1,2023-03-01,2026-09-11T15:10:05Z
SM-G985F,BTU,G985FXXSFHWB1,2023-03-01,2026-09-11T15:10:27Z
SM-G985F,EGY,G985FXXSFHWB1,2023-03-01,2026-09-11T15:09:56Z
SM-G985F,ILO,G985FXXSFHWB1,2023-03-01,2026-09-11T15:09:50Z
SM-G985F,MID,G985FXXSFHWB1,2023-03-01,2026-09-11T15:09:53Z
SM-G985F,SEE,G985FXXSFHWB1,2023-03-01,2026-09-11T15:10:21Z
SM-G985F,TUR,G985FXXSFHWB1,2023-03-01,2026-09-11T15:09:59Z
SM-G985F,XSA,G985FXXSFHWB1,2023-03-01,2026-09-11T15:10:24Z
SM-G985F,XSG,G985FXXSFHWB1,2023-03-01,2026-09-11T15:10:02Z
SM-G985F,AFG,G985FXXSGHWD4,2023-05-01,2026-09-11T15:10:05Z
SM-G985F,BTU,G985FXXSGHWD4,2023-05-01,2026-09-11T15:10:27Z
SM-G985F,EGY,G985FXXSGHWD4,2023-05-01,2026-09-11T15:09:56Z
SM-G985F,ILO,G985FXXSGHWD4,2023-05-01,2026-09-11T15:09:50Z
SM-G985F,MID,G985FXXSGHWD4,2023-05-01,2026-09-11T15:09:53Z
SM-G985F,SEE,G985FXXSGHWD4,2023-05-01,2026-09-11T15:10:21Z
SM-G985F,TUR,G985FXXSGHWD4,2023-05-01,2026-09-11T15:09:59Z
SM-G985F,XSG,G985FXXSGHWD4,2023-05-01,2026-09-11T15:10:02Z
SM-G985F,AFG,G985FXXSIHWF6,2023-07-01,2026-09-11T15:10:05Z
SM-G985F,BTU,G985FXXSIHWF6,2023-07-01,2026-09-11T15:10:27Z
SM-G985F,EGY,G985FXXSIHWF6,2023-07-01,2026-09-11T15:09:56Z
SM-G985F,ILO,G985FXXSIHWF6,2023-07-01,2026-09-11T15:09:50Z
SM-G985F,MID,G985FXXSIHWF6,2023-07-01,2026-09-11T15:09:53Z
SM-G985F,SEE,G985FXXSIHWF6,2023-07-01,2026-09-11T15:10:21Z
SM-G985F,TUR,G985FXXSIHWF6,2023-07-01,2026-09-11T15:09:59Z
SM-G985F,XSA,G985FXXSIHWF6,2023-07-01,2026-09-11T15:10:24Z
SM-G985F,XSG,G985FXXSIHWF6,2023-07-01,2026-09-11T15:10:02Z
SM-G985F,AFG,G985FXXSIHWGA,2023-08-01,2026-09-11T15:10:05Z
SM-G985F,BTU,G985FXXSIHWGA,2023-08-01,2026-09-11T15:10:27Z
SM-G985F,EGY,G985FXXSIHWGA,2023-08-01,2026-09-11T15:09:56Z
SM-G985F,ILO,G985FXXSIHWGA,2023-08-01,2026-09-11T15:09:50Z
SM-G985F,MID,G985FXXSIHWGA,2023-08-01,2026-09-11T15:09:53Z
SM-G985F,SEE,G985FXXSIHWGA,2023-08-01,2026-09-11T15:10:21Z
SM-G985F,TUR,G985FXXSIHWGA,2023-08-01,2026-09-11T15:09:59Z
SM-G985F,XSA,G985FXXSIHWGA,2023-08-01,2026-09-11T15:10:24Z
SM-G985F,XSG,G985FXXSIHWGA,2023-08-01,2026-09-11T15:10:02Z
SM-G985F,AFG,G985FXXSIHWHI,2023-09-01,2026-09-11T15:10:05Z
SM-G985F,BTU,G985FXXSIHWHI,2023-09-01,2026-09-11T15:10:27Z
SM-G985F,EGY,G985FXXSIHWHI,2023-09-01,2026-09-11T15:09:56Z
SM-G985F,ILO,G985FXXSIHWHI,2023-09-01,2026-09-11T15:09:50Z
SM-G985F,MID,G985FXXSIHWHI,2023-09-01,2026-09-11T15:09:53Z
SM-G985F,SEE,G985FXXSIHWHI,2023-09-01,2026-09-11T15:10:21Z
SM-G985F,TUR,G985FXXSIHWHI,2023-09-01,2026-09-11T15:09:59Z
SM-G985F,XSA,G985FXXSIHWHI,2023-09-01,2026-09-11T15:10:24Z
SM-G985F,XSG,G985FXXSIHWHI,2023-09-01,2026-09-11T15:10:02Z
SM-G985F,AFG,G985FXXSIHWI7,2023-10-01,2026-09-11T15:10:05Z
SM-G985F,BTU,G985FXXSIHWI7,2023-10-01,2026-09-11T15:10:27Z
SM-G985F,EGY,G985FXXSIHWI7,2023-10-01,2026-09-11T15:09:56Z
SM-G985F,ILO,G985FXXSIHWI7,2023-10-01,2026-09-11T15:09:50Z
SM-G985F,MID,G985FXXSIHWI7,2023-10-01,2026-09-11T15:09:53Z
SM-G985F,SEE,G985FXXSIHWI7,2023-10-01,2026-09-11T15:10:21Z
SM-G985F,TUR,G985FXXSIHWI7,2023-10-01,2026-09-11T15:09:59Z
SM-G985F,XSA,G985FXXSIHWI7,2023-10-01,2026-09-11T15:10:24Z
SM-G985F,XSG,G985FXXSIHWI7,2023-10-01,2026-09-11T15:10:02Z
SM-G985F,AFG,G985FXXSIHWJD,2023-11-01,2026-09-11T15:10:05Z
SM-G985F,BTU,G985FXXSIHWJD,2023-11-01,2026-09-11T15:10:27Z
SM-G985F,EGY,G985FXXSIHWJD,2023-11-01,2026-09-11T15:09:56Z
SM-G985F,ILO,G985FXXSIHWJD,2023-11-01,2026-09-11T15:09:50Z
SM-G985F,MID,G985FXXSIHWJD,2023-11-01,2026-09-11T15:09:53Z
SM-G985F,SEE,G985FXXSIHWJD,2023-11-01,2026-09-11T15:10:21Z
SM-G985F,TUR,G985FXXSIHWJD,2023-11-01,2026-09-11T15:09:59Z
SM-G985F,XSA,G985FXXSIHWJD,2023-11-01,2026-09-11T15:10:24Z
SM-G985F,XSG,G985FXXSIHWJD,2023-11-01,2026-09-11T15:10:02Z
SM-G985F,AFG,G985FXXSIHWKD,2023-12-01,2026-09-11T15:10:05Z
SM-G985F,BTU,G985FXXSIHWKD,2023-12-01,2026-09-11T15:10:27Z
SM-G985F,EGY,G985FXXSIHWKD,2023-12-01,2026-09-11T15:09:56Z
SM-G985F,ILO,G985FXXSIHWKD,2023-12-01,2026-09-11T15:09:50Z
SM-G985F,MID,G985FXXSIHWKD,2023-12-01,2026-09-11T15:09:53Z
SM-G985F,SEE,G985FXXSIHWKD,2023-12-01,2026-09-11T15:10:21Z
SM-G985F,TUR,G985FXXSIHWKD,2023-12-01,2026-09-11T15:09:59Z
SM-G985F,XSA,G985FXXSIHWKD,2023-12-01,2026-09-11T15:10:24Z
SM-G985F,XSG,G985FXXSIHWKD,2023-12-01,2026-09-11T15:10:02Z
SM-G985F,AFG,G985FXXSIHWL1,2024-01-01,2026-09-11T15:10:05Z
SM-G985F,BTU,G985FXXSIHWL1,2024-01-01,2026-09-11T15:10:27Z
SM-G985F,EGY,G985FXXSIHWL1,2024-01-01,2026-09-11T15:09:56Z
SM-G985F,ILO,G985FXXSIHWL1,2024-01-01,2026-09-11T15:09:50Z
SM-G985F,MID,G985FXXSIHWL1,2024-01-01,2026-09-11T15:09:53Z
SM-G985F,SEE,G985FXXSIHWL1,2024-01-01,2026-09-11T15:10:21Z
SM-G985F,TUR,G985FXXSIHWL1,2024-01-01,2026-09-11T15:09:59Z
SM-G985F,XSA,G985FXXSIHWL1,2024-01-01,2026-09-11T15:10:24Z
SM-G985F,XSG,G985FXXSIHWL1,2024-01-01,2026-09-11T15:10:02Z
SM-G985F,AFG,G985FXXSJHXA1,2024-02-01,2026-09-11T15:10:05Z
SM-G985F,BTU,G985FXXSJHXA1,2024-02-01,2026-09-11T15:10:27Z
SM-G985F,EGY,G985FXXSJHXA1,2024-02-01,2026-09-11T15:09:56Z
SM-G985F,ILO,G985FXXSJHXA1,2024-02-01,2026-09-11T15:09:50Z
SM-G985F,MID,G985FXXSJHXA1,2024-02-01,2026-09-11T15:09:53Z
SM-G985F,SEE,G985FXXSJHXA1,2024-02-01,2026-09-11T15:10:21Z
SM-G985F,TUR,G985FXXSJHXA1,2024-02-01,2026-09-11T15:09:59Z
SM-G985F,XSA,G985FXXSJHXA1,2024-02-01,2026-09-11T15:10:24Z
SM-G985F,XSG,G985FXXSJHXA1,2024-02-01,2026-09-11T15:10:02Z
SM-G985F,AFG,G985FXXSJHXC1,2024-03-01,2026-09-11T15:10:05Z
SM-G985F,BTU,G985FXXSJHXC1,2024-03-01,2026-09-11T15:10:27Z
SM-G985F,EGY,G985FXXSJHXC1,2024-03-01,2026-09-11T15:09:56Z
SM-G985F,ILO,G985FXXSJHXC1,2024-03-01,2026-09-11T15:09:50Z
SM-G985F,MID,G985FXXSJHXC1,2024-03-01,2026-09-11T15:09:53Z
SM-G985F,SEE,G985FXXSJHXC1,2024-03-01,2026-09-11T15:10:21Z
SM-G985F,TUR,G985FXXSJHXC1,2024-03-01,2026-09-11T15:09:59Z
SM-G985F,XSA,G985FXXSJHXC1,2024-03-01,2026-09-11T15:10:24Z
SM-G985F,XSG,G985FXXSJHXC1,2024-03-01,2026-09-11T15:10:02Z
SM-G985F,AFG,G985FXXSKHXEA,2024-05-01,2026-09-11T15:10:05Z
SM-G985F,BTU,G985FXXSKHXEA,2024-05-01,2026-09-11T15:10:27Z
SM-G985F,EGY,G985FXXSKHXEA,2024-05-01,2026-09-11T15:09:56Z
SM-G985F,ILO,G985FXXSKHXEA,2024-05-01,2026-09-11T15:09:50Z
SM-G985F,MID,G985FXXSKHXEA,2024-05-01,2026-09-11T15:09:53Z
SM-G985F,SEE,G985FXXSKHXEA,2024-05-01,2026-09-11T15:10:21Z
SM-G985F,TUR,G985FXXSKHXEA,2024-05-01,2026-09-11T15:09:59Z
SM-G985F,XSA,G985FXXSKHXEA,2024-05-01,2026-09-11T15:10:24Z
SM-G985F,XSG,G985FXXSKHXEA,2024-05-01,2026-09-11T15:10:02Z
SM-G985F,AFG,G985FXXSLHXG1,2024-08-01,2026-09-11T15:10:05Z
SM-G985F,BTU,G985FXXSLHXG1,2024-08-01,2026-09-11T15:10:27Z
SM-G985F,EGY,G985FXXSLHXG1,2024-08-01,2026-09-11T15:09:56Z
SM-G985F,ILO,G985FXXSLHXG1,2024-08-01,2026-09-11T15:09:50Z
SM-G985F,MID,G985FXXSLHXG1,2024-08-01,2026-09-11T15:09:53Z
SM-G985F,SEE,G985FXXSLHXG1,2024-08-01,2026-09-11T15:10:21Z
SM-G985F,TUR,G985FXXSLHXG1,2024-08-01,2026-09-11T15:09:59Z
SM-G985F,XSA,G985FXXSLHXG1,2024-08-01,2026-09-11T15:10:24Z
SM-G985F,XSG,G985FXXSLHXG1,2024-08-01,2026-09-11T15:10:02Z
SM-G985F,AFG,G985FXXSMHXJ2,2024-10-01,2026-09-11T15:10:05Z
SM-G985F,BTU,G985FXXSMHXJ2,2024-10-01,2026-09-11T15:10:27Z
SM-G985F,EGY,G985FXXSMHXJ2,2024-10-01,2026-09-11T15:09:56Z
SM-G985F,ILO,G985FXXSMHXJ2,2024-10-01,2026-09-11T15:09:50Z
SM-G985F,MID,G985FXXSMHXJ2,2024-10-01,2026-09-11T15:09:53Z
SM-G985F,SEE,G985FXXSMHXJ2,2024-10-01,2026-09-11T15:10:21Z
SM-G985F,TUR,G985FXXSMHXJ2,2024-10-01,2026-09-11T15:09:59Z
SM-G985F,XSA,G985FXXSMHXJ2,2024-10-01,2026-09-11T15:10:24Z
SM-G985F,XSG,G985FXXSMHXJ2,2024-10-01,2026-09-11T15:10:02Z
SM-G985F,AFG,G985FXXSMHXK1,2024-10-01,2026-09-11T15:10:05Z
SM-G985F,BTU,G985FXXSMHXK1,2024-10-01,2026-09-11T15:10:27Z
SM-G985F,EGY,G985FXXSMHXK1,2024-10-01,2026-09-11T15:09:56Z
SM-G985F,ILO,G985FXXSMHXK1,2024-10-01,2026-09-11T15:09:50Z
SM-G985F,MID,G985FXXSMHXK1,2024-10-01,2026-09-11T15:09:53Z
SM-G985F,SEE,G985FXXSMHXK1,2024-10-01,2026-09-11T15:10:21Z
SM-G985F,TUR,G985FXXSMHXK1,2024-10-01,2026-09-11T15:09:59Z
SM-G985F,XSA,G985FXXSMHXK1,2024-10-01,2026-09-11T15:10:24Z
SM-G985F,XSG,G985FXXSMHXK1,2024-10-01,2026-09-11T15:10:02Z
SM-G985F,AFG,G985FXXSNHXL1,2025-01-01,2026-09-11T15:10:05Z
SM-G985F,BTU,G985FXXSNHXL1,2025-01-01,2026-09-11T15:10:27Z
SM-G985F,EGY,G985FXXSNHXL1,2025-01-01,2026-09-11T15:09:56Z
SM-G985F,ILO,G985FXXSNHXL1,2025-01-01,2026-09-11T15:09:50Z
SM-G985F,MID,G985FXXSNHXL1,2025-01-01,2026-09-11T15:09:53Z
SM-G985F,SEE,G985FXXSNHXL1,2025-01-01,2026-09-11T15:10:21Z
SM-G985F,TUR,G985FXXSNHXL1,2025-01-01,2026-09-11T15:09:59Z
SM-G985F,XSA,G985FXXSNHXL1,2025-01-01,2026-09-11T15:10:24Z
SM-G985F,XSG,G985FXXSNHXL1,2025-01-01,2026-09-11T15:10:02Z
SM-G985F,AFG,G985FXXSNHYB1,2025-03-01,2026-09-11T15:10:05Z
SM-G985F,BTU,G985FXXSNHYB1,2025-03-01,2026-09-11T15:10:27Z
SM-G985F,EGY,G985FXXSNHYB1,2025-03-01,2026-09-11T15:09:56Z
SM-G985F,ILO,G985FXXSNHYB1,2025-03-01,2026-09-11T15:09:50Z
SM-G985F,MID,G985FXXSNHYB1,2025-03-01,2026-09-11T15:09:53Z
SM-G985F,SEE,G985FXXSNHYB1,2025-03-01,2026-09-11T15:10:21Z
SM-G985F,TUR,G985FXXSNHYB1,2025-03-01,2026-09-11T15:09:59Z
SM-G985F,XSA,G985FXXSNHYB1,2025-03-01,2026-09-11T15:10:24Z
SM-G985F,XSG,G985FXXSNHYB1,2025-03-01,2026-09-11T15:10:02Z
SM-G985F,XSA,G985FXXU1ATBK,2020-03-01,2026-09-11T15:10:24Z
SM-G985F,AFG,G985FXXU1ATBM,2020-03-01,2026-09-11T15:10:05Z
SM-G985F,BTU,G985FXXU1ATBM,2020-03-01,2026-09-11T15:10:27Z
SM-G985F,EGY,G985FXXU1ATBM,2020-03-01,2026-09-11T15:09:56Z
SM-G985F,ILO,G985FXXU1ATBM,2020-03-01,2026-09-11T15:09:50Z
SM-G985F,MID,G985FXXU1ATBM,2020-03-01,2026-09-11T15:09:53Z
SM-G985F,SEE,G985FXXU1ATBM,2020-03-01,2026-09-11T15:10:21Z
SM-G985F,TUR,G985FXXU1ATBM,2020-03-01,2026-09-11T15:09:59Z
SM-G985F,XSG,G985FXXU1ATBM,2020-03-01,2026-09-11T15:10:02Z
SM-G985F,AFG,G985FXXU1ATCH,2020-03-01,2026-09-11T15:10:05Z
SM-G985F,BTU,G985FXXU1ATCH,2020-03-01,2026-09-11T15:10:27Z
SM-G985F,EGY,G985FXXU1ATCH,2020-03-01,2026-09-11T15:09:56Z
SM-G985F,ILO,G985FXXU1ATCH,2020-03-01,2026-09-11T15:09:50Z
SM-G985F,MID,G985FXXU1ATCH,2020-03-01,2026-09-11T15:09:53Z
SM-G985F,SEE,G985FXXU1ATCH,2020-03-01,2026-09-11T15:10:21Z
SM-G985F,TUR,G985FXXU1ATCH,2020-03-01,2026-09-11T15:09:59Z
SM-G985F,XSA,G985FXXU1ATCH,2020-03-01,2026-09-11T15:10:24Z
SM-G985F,XSG,G985FXXU1ATCH,2020-03-01,2026-09-11T15:10:02Z
SM-G985F,AFG,G985FXXU1ATCT,2020-04-01,2026-09-11T15:10:05Z
SM-G985F,BTU,G985FXXU1ATCT,2020-04-01,2026-09-11T15:10:27Z
SM-G985F,EGY,G985FXXU1ATCT,2020-04-01,2026-09-11T15:09:56Z
SM-G985F,ILO,G985FXXU1ATCT,2020-04-01,2026-09-11T15:09:50Z
SM-G985F,MID,G985FXXU1ATCT,2020-04-01,2026-09-11T15:09:53Z
SM-G985F,SEE,G985FXXU1ATCT,2020-04-01,2026-09-11T15:10:21Z
SM-G985F,TUR,G985FXXU1ATCT,2020-04-01,2026-09-11T15:09:59Z
SM-G985F,XSA,G985FXXU1ATCT,2020-04-01,2026-09-11T15:10:24Z
SM-G985F,XSG,G985FXXU1ATCT,2020-04-01,2026-09-11T15:10:02Z
SM-G985F,AFG,G985FXXU1ATD3,2020-04-01,2026-09-11T15:10:05Z
SM-G985F,BTU,G985FXXU1ATD3,2020-04-01,2026-09-11T15:10:27Z
SM-G985F,EGY,G985FXXU1ATD3,2020-04-01,2026-09-11T15:09:56Z
SM-G985F,ILO,G985FXXU1ATD3,2020-04-01,2026-09-11T15:09:50Z
SM-G985F,MID,G985FXXU1ATD3,2020-04-01,2026-09-11T15:09:53Z
SM-G985F,SEE,G985FXXU1ATD3,2020-04-01,2026-09-11T15:10:21Z
SM-G985F,TUR,G985FXXU1ATD3,2020-04-01,2026-09-11T15:09:59Z
SM-G985F,XSA,G985FXXU1ATD3,2020-04-01,2026-09-11T15:10:24Z
SM-G985F,XSG,G985FXXU1ATD3,2020-04-01,2026-09-11T15:10:02Z
SM-G985F,AFG,G985FXXU2ATE6,2020-05-01,2026-09-11T15:10:05Z
SM-G985F,BTU,G985FXXU2ATE6,2020-05-01,2026-09-11T15:10:27Z
SM-G985F,EGY,G985FXXU2ATE6,2020-05-01,2026-09-11T15:09:56Z
SM-G985F,ILO,G985FXXU2ATE6,2020-05-01,2026-09-11T15:09:50Z
SM-G985F,MID,G985FXXU2ATE6,2020-05-01,2026-09-11T15:09:53Z
SM-G985F,SEE,G985FXXU2ATE6,2020-05-01,2026-09-11T15:10:21Z
SM-G985F,TUR,G985FXXU2ATE6,2020-05-01,2026-09-11T15:09:59Z
SM-G985F,XSA,G985FXXU2ATE6,2020-05-01,2026-09-11T15:10:24Z
SM-G985F,XSG,G985FXXU2ATE6,2020-05-01,2026-09-11T15:10:02Z
SM-G985F,AFG,G985FXXU3ATFG,2020-07-01,2026-09-11T15:10:05Z
SM-G985F,BTU,G985FXXU3ATFG,2020-07-01,2026-09-11T15:10:27Z
SM-G985F,EGY,G985FXXU3ATFG,2020-07-01,2026-09-11T15:09:56Z
SM-G985F,ILO,G985FXXU3ATFG,2020-07-01,2026-09-11T15:09:50Z
SM-G985F,MID,G985FXXU3ATFG,2020-07-01,2026-09-11T15:09:53Z
SM-G985F,SEE,G985FXXU3ATFG,2020-07-01,2026-09-11T15:10:21Z
SM-G985F,TUR,G985FXXU3ATFG,2020-07-01,2026-09-11T15:09:59Z
SM-G985F,XSA,G985FXXU3ATFG,2020-07-01,2026-09-11T15:10:24Z
SM-G985F,XSG,G985FXXU3ATFG,2020-07-01,2026-09-11T15:10:02Z
SM-G985F,AFG,G985FXXU3ATG4,2020-07-01,2026-09-11T15:10:05Z
SM-G985F,BTU,G985FXXU3ATG4,2020-07-01,2026-09-11T15:10:27Z
SM-G985F,EGY,G985FXXU3ATG4,2020-07-01,2026-09-11T15:09:56Z
SM-G985F,ILO,G985FXXU3ATG4,2020-07-01,2026-09-11T15:09:50Z
SM-G985F,MID,G985FXXU3ATG4,2020-07-01,2026-09-11T15:09:53Z
SM-G985F,SEE,G985FXXU3ATG4,2020-07-01,2026-09-11T15:10:21Z
SM-G985F,TUR,G985FXXU3ATG4,2020-07-01,2026-09-11T15:09:59Z
SM-G985F,XSA,G985FXXU3ATG4,2020-07-01,2026-09-11T15:10:24Z
SM-G985F,XSG,G985FXXU3ATG4,2020-07-01,2026-09-11T15:10:02Z
SM-G985F,AFG,G985FXXU4BTH5,2020-08-01,2026-09-11T15:10:05Z
SM-G985F,BTU,G985FXXU4BTH5,2020-08-01,2026-09-11T15:10:27Z
SM-G985F,EGY,G985FXXU4BTH5,2020-08-01,2026-09-11T15:09:56Z
SM-G985F,ILO,G985FXXU4BTH5,2020-08-01,2026-09-11T15:09:50Z
SM-G985F,MID,G985FXXU4BTH5,2020-08-01,2026-09-11T15:09:53Z
SM-G985F,SEE,G985FXXU4BTH5,2020-08-01,2026-09-11T15:10:21Z
SM-G985F,TUR,G985FXXU4BTH5,2020-08-01,2026-09-11T15:09:59Z
SM-G985F,XSA,G985FXXU4BTH5,2020-08-01,2026-09-11T15:10:24Z
SM-G985F,XSG,G985FXXU4BTH5,2020-08-01,2026-09-11T15:10:02Z
SM-G985F,AFG,G985FXXU4BTIB,2020-09-01,2026-09-11T15:10:05Z
SM-G985F,BTU,G985FXXU4BTIB,2020-09-01,2026-09-11T15:10:27Z
SM-G985F,EGY,G985FXXU4BTIB,2020-09-01,2026-09-11T15:09:56Z
SM-G985F,ILO,G985FXXU4BTIB,2020-09-01,2026-09-11T15:09:50Z
SM-G985F,MID,G985FXXU4BTIB,2020-09-01,2026-09-11T15:09:53Z
SM-G985F,TUR,G985FXXU4BTIB,2020-09-01,2026-09-11T15:09:59Z
SM-G985F,XSA,G985FXXU4BTIB,2020-09-01,2026-09-11T15:10:24Z
SM-G985F,XSG,G985FXXU4BTIB,2020-09-01,2026-09-11T15:10:02Z
SM-G985F,AFG,G985FXXU5BTJ3,2020-10-01,2026-09-11T15:10:05Z
SM-G985F,BTU,G985FXXU5BTJ3,2020-10-01,2026-09-11T15:10:27Z
SM-G985F,EGY,G985FXXU5BTJ3,2020-10-01,2026-09-11T15:09:56Z
SM-G985F,ILO,G985FXXU5BTJ3,2020-10-01,2026-09-11T15:09:50Z
SM-G985F,MID,G985FXXU5BTJ3,2020-10-01,2026-09-11T15:09:53Z
SM-G985F,SEE,G985FXXU5BTJ3,2020-10-01,2026-09-11T15:10:21Z
SM-G985F,TUR,G985FXXU5BTJ3,2020-10-01,2026-09-11T15:09:59Z
SM-G985F,XSA,G985FXXU5BTJ3,2020-10-01,2026-09-11T15:10:24Z
SM-G985F,XSG,G985FXXU5BTJ3,2020-10-01,2026-09-11T15:10:02Z
SM-G985F,AFG,G985FXXU5CTKG,2020-12-01,2026-09-11T15:10:05Z
SM-G985F,BTU,G985FXXU5CTKG,2020-12-01,2026-09-11T15:10:27Z
SM-G985F,EGY,G985FXXU5CTKG,2020-12-01,2026-09-11T15:09:56Z
SM-G985F,ILO,G985FXXU5CTKG,2020-12-01,2026-09-11T15:09:50Z
SM-G985F,MID,G985FXXU5CTKG,2020-12-01,2026-09-11T15:09:53Z
SM-G985F,SEE,G985FXXU5CTKG,2020-12-01,2026-09-11T15:10:21Z
SM-G985F,TUR,G985FXXU5CTKG,2020-12-01,2026-09-11T15:09:59Z
SM-G985F,XSA,G985FXXU5CTKG,2020-12-01,2026-09-11T15:10:24Z
SM-G985F,XSG,G985FXXU5CTKG,2020-12-01,2026-09-11T15:10:02Z
SM-G985F,AFG,G985FXXU5CUA3,2021-01-01,2026-09-11T15:10:05Z
SM-G985F,EGY,G985FXXU5CUA3,2021-01-01,2026-09-11T15:09:56Z
SM-G985F,ILO,G985FXXU5CUA3,2021-01-01,2026-09-11T15:09:50Z
SM-G985F,MID,G985FXXU5CUA3,2021-01-01,2026-09-11T15:09:53Z
SM-G985F,SEE,G985FXXU5CUA3,2021-01-01,2026-09-11T15:10:21Z
SM-G985F,TUR,G985FXXU5CUA3,2021-01-01,2026-09-11T15:09:59Z
SM-G985F,XSA,G985FXXU5CUA3,2021-01-01,2026-09-11T15:10:24Z
SM-G985F,AFG,G985FXXU6DUB5,2021-02-01,2026-09-11T15:10:05Z
SM-G985F,BTU,G985FXXU6DUB5,2021-02-01,2026-09-11T15:10:27Z
SM-G985F,EGY,G985FXXU6DUB5,2021-02-01,2026-09-11T15:09:56Z
SM-G985F,ILO,G985FXXU6DUB5,2021-02-01,2026-09-11T15:09:50Z
SM-G985F,MID,G985FXXU6DUB5,2021-02-01,2026-09-11T15:09:53Z
SM-G985F,SEE,G985FXXU6DUB5,2021-02-01,2026-09-11T15:10:21Z
SM-G985F,TUR,G985FXXU6DUB5,2021-02-01,2026-09-11T15:09:59Z
SM-G985F,XSA,G985FXXU6DUB5,2021-02-01,2026-09-11T15:10:24Z
SM-G985F,XSG,G985FXXU6DUB5,2021-02-01,2026-09-11T15:10:02Z
SM-G985F,AFG,G985FXXU7DUC7,2021-03-01,2026-09-11T15:10:05Z
SM-G985F,BTU,G985FXXU7DUC7,2021-03-01,2026-09-11T15:10:27Z
SM-G985F,EGY,G985FXXU7DUC7,2021-03-01,2026-09-11T15:09:56Z
SM-G985F,ILO,G985FXXU7DUC7,2021-03-01,2026-09-11T15:09:50Z
SM-G985F,MID,G985FXXU7DUC7,2021-03-01,2026-09-11T15:09:53Z
SM-G985F,SEE,G985FXXU7DUC7,2021-03-01,2026-09-11T15:10:21Z
SM-G985F,TUR,G985FXXU7DUC7,2021-03-01,2026-09-11T15:09:59Z
SM-G985F,XSA,G985FXXU7DUC7,2021-03-01,2026-09-11T15:10:24Z
SM-G985F,XSG,G985FXXU7DUC7,2021-03-01,2026-09-11T15:10:02Z
SM-G985F,AFG,G985FXXU7DUE1,2021-05-01,2026-09-11T15:10:05Z
SM-G985F,BTU,G985FXXU7DUE1,2021-05-01,2026-09-11T15:10:27Z
SM-G985F,EGY,G985FXXU7DUE1,2021-05-01,2026-09-11T15:09:56Z
SM-G985F,ILO,G985FXXU7DUE1,2021-05-01,2026-09-11T15:09:50Z
SM-G985F,MID,G985FXXU7DUE1,2021-05-01,2026-09-11T15:09:53Z
SM-G985F,SEE,G985FXXU7DUE1,2021-05-01,2026-09-11T15:10:21Z
SM-G985F,TUR,G985FXXU7DUE1,2021-05-01,2026-09-11T15:09:59Z
SM-G985F,XSA,G985FXXU7DUE1,2021-05-01,2026-09-11T15:10:24Z
SM-G985F,XSG,G985FXXU7DUE1,2021-05-01,2026-09-11T15:10:02Z
SM-G985F,AFG,G985FXXU8DUF9,2021-07-01,2026-09-11T15:10:05Z
SM-G985F,BTU,G985FXXU8DUF9,2021-07-01,2026-09-11T15:10:27Z
SM-G985F,EGY,G985FXXU8DUF9,2021-07-01,2026-09-11T15:09:56Z
SM-G985F,ILO,G985FXXU8DUF9,2021-07-01,2026-09-11T15:09:50Z
SM-G985F,MID,G985FXXU8DUF9,2021-07-01,2026-09-11T15:09:53Z
SM-G985F,SEE,G985FXXU8DUF9,2021-07-01,2026-09-11T15:10:21Z
SM-G985F,TUR,G985FXXU8DUF9,2021-07-01,2026-09-11T15:09:59Z
SM-G985F,XSA,G985FXXU8DUF9,2021-07-01,2026-09-11T15:10:24Z
SM-G985F,XSG,G985FXXU8DUF9,2021-07-01,2026-09-11T15:10:02Z
SM-G985F,AFG,G985FXXU9DUH2,2021-08-01,2026-09-11T15:10:05Z
SM-G985F,BTU,G985FXXU9DUH2,2021-08-01,2026-09-11T15:10:27Z
SM-G985F,EGY,G985FXXU9DUH2,2021-08-01,2026-09-11T15:09:56Z
SM-G985F,ILO,G985FXXU9DUH2,2021-08-01,2026-09-11T15:09:50Z
SM-G985F,MID,G985FXXU9DUH2,2021-08-01,2026-09-11T15:09:53Z
SM-G985F,SEE,G985FXXU9DUH2,2021-08-01,2026-09-11T15:10:21Z
SM-G985F,TUR,G985FXXU9DUH2,2021-08-01,2026-09-11T15:09:59Z
SM-G985F,XSA,G985FXXU9DUH2,2021-08-01,2026-09-11T15:10:24Z
SM-G985F,XSG,G985FXXU9DUH2,2021-08-01,2026-09-11T15:10:02Z
SM-G985F,AFG,G985FXXUBDUI5,2021-10-01,2026-09-11T15:10:05Z
SM-G985F,BTU,G985FXXUBDUI5,2021-10-01,2026-09-11T15:10:27Z
SM-G985F,EGY,G985FXXUBDUI5,2021-10-01,2026-09-11T15:09:56Z
SM-G985F,ILO,G985FXXUBDUI5,2021-10-01,2026-09-11T15:09:50Z
SM-G985F,MID,G985FXXUBDUI5,2021-10-01,2026-09-11T15:09:53Z
SM-G985F,SEE,G985FXXUBDUI5,2021-10-01,2026-09-11T15:10:21Z
SM-G985F,TUR,G985FXXUBDUI5,2021-10-01,2026-09-11T15:09:59Z
SM-G985F,XSA,G985FXXUBDUI5,2021-10-01,2026-09-11T15:10:24Z
SM-G985F,XSG,G985FXXUBDUI5,2021-10-01,2026-09-11T15:10:02Z
SM-G985F,BTU,G985FXXUDEVA9,2022-02-01,2026-09-11T15:10:27Z
SM-G985F,EGY,G985FXXUDEVA9,2022-02-01,2026-09-11T15:09:56Z
SM-G985F,ILO,G985FXXUDEVA9,2022-02-01,2026-09-11T15:09:50Z
SM-G985F,MID,G985FXXUDEVA9,2022-02-01,2026-09-11T15:09:53Z
SM-G985F,SEE,G985FXXUDEVA9,2022-02-01,2026-09-11T15:10:21Z
SM-G985F,TUR,G985FXXUDEVA9,2022-02-01,2026-09-11T15:09:59Z
SM-G985F,XSA,G985FXXUDEVA9,2022-02-01,2026-09-11T15:10:24Z
SM-G985F,XSG,G985FXXUDEVA9,2022-02-01,2026-09-11T15:10:02Z
SM-G985F,AFG,G985FXXUDFVC7,2022-03-01,2026-09-11T15:10:05Z
SM-G985F,BTU,G985FXXUDFVC7,2022-03-01,2026-09-11T15:10:27Z
SM-G985F,EGY,G985FXXUDFVC7,2022-03-01,2026-09-11T15:09:56Z
SM-G985F,ILO,G985FXXUDFVC7,2022-03-01,2026-09-11T15:09:50Z
SM-G985F,MID,G985FXXUDFVC7,2022-03-01,2026-09-11T15:09:53Z
SM-G985F,SEE,G985FXXUDFVC7,2022-03-01,2026-09-11T15:10:21Z
SM-G985F,TUR,G985FXXUDFVC7,2022-03-01,2026-09-11T15:09:59Z
SM-G985F,XSA,G985FXXUDFVC7,2022-03-01,2026-09-11T15:10:24Z
SM-G985F,XSG,G985FXXUDFVC7,2022-03-01,2026-09-11T15:10:02Z
SM-G985F,AFG,G985FXXUEFVDB,2022-05-01,2026-09-11T15:10:05Z
SM-G985F,BTU,G985FXXUEFVDB,2022-05-01,2026-09-11T15:10:27Z
SM-G985F,EGY,G985FXXUEFVDB,2022-05-01,2026-09-11T15:09:56Z
SM-G985F,ILO,G985FXXUEFVDB,2022-05-01,2026-09-11T15:09:50Z
SM-G985F,MID,G985FXXUEFVDB,2022-05-01,2026-09-11T15:09:53Z
SM-G985F,SEE,G985FXXUEFVDB,2022-05-01,2026-09-11T15:10:21Z
SM-G985F,TUR,G985FXXUEFVDB,2022-05-01,2026-09-11T15:09:59Z
SM-G985F,XSA,G985FXXUEFVDB,2022-05-01,2026-09-11T15:10:24Z
SM-G985F,XSG,G985FXXUEFVDB,2022-05-01,2026-09-11T15:10:02Z
SM-G985F,AFG,G985FXXUEFVG5,2022-08-01,2026-09-11T15:10:05Z
SM-G985F,BTU,G985FXXUEFVG5,2022-08-01,2026-09-11T15:10:27Z
SM-G985F,EGY,G985FXXUEFVG5,2022-08-01,2026-09-11T15:09:56Z
SM-G985F,ILO,G985FXXUEFVG5,2022-08-01,2026-09-11T15:09:50Z
SM-G985F,MID,G985FXXUEFVG5,2022-08-01,2026-09-11T15:09:53Z
SM-G985F,SEE,G985FXXUEFVG5,2022-08-01,2026-09-11T15:10:21Z
SM-G985F,TUR,G985FXXUEFVG5,2022-08-01,2026-09-11T15:09:59Z
SM-G985F,XSA,G985FXXUEFVG5,2022-08-01,2026-09-11T15:10:24Z
SM-G985F,XSG,G985FXXUEFVG5,2022-08-01,2026-09-11T15:10:02Z
SM-G985F,BTU,G985FXXUEFVH3,2022-08-01,2026-09-11T15:10:27Z
SM-G985F,SEE,G985FXXUEFVH3,2022-08-01,2026-09-11T15:10:21Z
SM-G985F,AFG,G985FXXUFGVJE,2022-10-01,2026-09-11T15:10:05Z
SM-G985F,BTU,G985FXXUFGVJE,2022-10-01,2026-09-11T15:10:27Z
SM-G985F,EGY,G985FXXUFGVJE,2022-10-01,2026-09-11T15:09:56Z
SM-G985F,ILO,G985FXXUFGVJE,2022-10-01,2026-09-11T15:09:50Z
SM-G985F,SEE,G985FXXUFGVJE,2022-10-01,2026-09-11T15:10:21Z
SM-G985F,TUR,G985FXXUFGVJE,2022-10-01,2026-09-11T15:09:59Z
SM-G985F,XSG,G985FXXUFGVJE,2022-10-01,2026-09-11T15:10:02Z
SM-G985F,XSA,G985FXXUFGVK5,2022-11-01,2026-09-11T15:10:24Z
SM-G985F,AFG,G985FXXUFGVL5,2022-12-01,2026-09-11T15:10:05Z
SM-G985F,BTU,G985FXXUFGVL5,2022-12-01,2026-09-11T15:10:27Z
SM-G985F,EGY,G985FXXUFGVL5,2022-12-01,2026-09-11T15:09:56Z
SM-G985F,ILO,G985FXXUFGVL5,2022-12-01,2026-09-11T15:09:50Z
SM-G985F,SEE,G985FXXUFGVL5,2022-12-01,2026-09-11T15:10:21Z
SM-G985F,TUR,G985FXXUFGVL5,2022-12-01,2026-09-11T15:09:59Z
SM-G985F,XSG,G985FXXUFGVL5,2022-12-01,2026-09-11T15:10:02Z
SM-G985F,XSA,G985FXXUFGWA5,2022-11-01,2026-09-11T15:10:24Z
SM-G985F,AFG,G985FXXUFHWAK,2023-02-01,2026-09-11T15:10:05Z
SM-G985F,BTU,G985FXXUFHWAK,2023-02-01,2026-09-11T15:10:27Z
SM-G985F,EGY,G985FXXUFHWAK,2023-02-01,2026-09-11T15:09:56Z
SM-G985F,ILO,G985FXXUFHWAK,2023-02-01,2026-09-11T15:09:50Z
SM-G985F,MID,G985FXXUFHWAK,2023-02-01,2026-09-11T15:09:53Z
SM-G985F,SEE,G985FXXUFHWAK,2023-02-01,2026-09-11T15:10:21Z
SM-G985F,TUR,G985FXXUFHWAK,2023-02-01,2026-09-11T15:09:59Z
SM-G985F,XSA,G985FXXUFHWAK,2023-02-01,2026-09-11T15:10:24Z
SM-G985F,XSG,G985FXXUFHWAK,2023-02-01,2026-09-11T15:10:02Z
SM-G985F,AFG,G985FXXUGHWCG,2023-04-01,2026-09-11T15:10:05Z
SM-G985F,BTU,G985FXXUGHWCG,2023-04-01,2026-09-11T15:10:27Z
SM-G985F,EGY,G985FXXUGHWCG,2023-04-01,2026-09-11T15:09:56Z
SM-G985F,ILO,G985FXXUGHWCG,2023-04-01,2026-09-11T15:09:50Z
SM-G985F,SEE,G985FXXUGHWCG,2023-04-01,2026-09-11T15:10:21Z
SM-G985F,TUR,G985FXXUGHWCG,2023-04-01,2026-09-11T15:09:59Z
SM-G985F,XSA,G985FXXUGHWCG,2023-04-01,2026-09-11T15:10:24Z
SM-G985F,XSG,G985FXXUGHWCG,2023-04-01,2026-09-11T15:10:02Z
SM-G985F,XSA,G985FXXUGHWD6,2023-05-01,2026-09-11T15:10:24Z
SM-G985F,AFG,G985FXXUHHWED,2023-06-01,2026-09-11T15:10:05Z
SM-G985F,BTU,G985FXXUHHWED,2023-06-01,2026-09-11T15:10:27Z
SM-G985F,EGY,G985FXXUHHWED,2023-06-01,2026-09-11T15:09:56Z
SM-G985F,ILO,G985FXXUHHWED,2023-06-01,2026-09-11T15:09:50Z
SM-G985F,MID,G985FXXUHHWED,2023-06-01,2026-09-11T15:09:53Z
SM-G985F,SEE,G985FXXUHHWED,2023-06-01,2026-09-11T15:10:21Z
SM-G985F,TUR,G985FXXUHHWED,2023-06-01,2026-09-11T15:09:59Z
SM-G985F,XSA,G985FXXUHHWED,2023-06-01,2026-09-11T15:10:24Z
SM-G985F,XSG,G985FXXUHHWED,2023-06-01,2026-09-11T15:10:02Z
SM-G985F,AFG,G985FXXUIHWH9,2023-08-01,2026-09-11T15:10:05Z
SM-G985F,BTU,G985FXXUIHWH9,2023-08-01,2026-09-11T15:10:27Z
SM-G985F,EGY,G985FXXUIHWH9,2023-08-01,2026-09-11T15:09:56Z
SM-G985F,ILO,G985FXXUIHWH9,2023-08-01,2026-09-11T15:09:50Z
SM-G985F,MID,G985FXXUIHWH9,2023-08-01,2026-09-11T15:09:53Z
SM-G985F,SEE,G985FXXUIHWH9,2023-08-01,2026-09-11T15:10:21Z
SM-G985F,TUR,G985FXXUIHWH9,2023-08-01,2026-09-11T15:09:59Z
SM-G985F,XSA,G985FXXUIHWH9,2023-08-01,2026-09-11T15:10:24Z
SM-G985F,XSG,G985FXXUIHWH9,2023-08-01,2026-09-11T15:10:02Z
SM-G988B,BTU,G988BXXS2ATD5,2020-05-01,2026-09-11T15:11:05Z
SM-G988B,SEE,G988BXXS2ATD5,2020-05-01,2026-09-11T15:10:59Z
SM-G988B,BTU,G988BXXS2ATE7,2020-06-01,2026-09-11T15:11:05Z
SM-G988B,SEE,G988BXXS2ATE7,2020-06-01,2026-09-11T15:10:59Z
SM-G988B,BTU,G988BXXS4ATGB,2020-08-01,2026-09-11T15:11:05Z
SM-G988B,SEE,G988BXXS4ATGB,2020-08-01,2026-09-11T15:10:59Z
SM-G988B,BTU,G988BXXS4BTHH,2020-09-01,2026-09-11T15:11:05Z
SM-G988B,SEE,G988BXXS4BTHH,2020-09-01,2026-09-11T15:10:59Z
SM-G988B,BTU,G988BXXS5BTIJ,2020-10-01,2026-09-11T15:11:05Z
SM-G988B,SEE,G988BXXS5BTIJ,2020-10-01,2026-09-11T15:10:59Z
SM-G988B,BTU,G988BXXS5BTJ4,2020-11-01,2026-09-11T15:11:05Z
SM-G988B,SEE,G988BXXS5BTJ4,2020-11-01,2026-09-11T15:10:59Z
SM-G988B,BTU,G988BXXS5CTL5,2021-01-01,2026-09-11T15:11:05Z
SM-G988B,SEE,G988BXXS5CTL5,2021-01-01,2026-09-11T15:10:59Z
SM-G988B,BTU,G988BXXS6CUA8,2021-02-01,2026-09-11T15:11:05Z
SM-G988B,SEE,G988BXXS6CUA8,2021-02-01,2026-09-11T15:10:59Z
SM-G988B,BTU,G988BXXS6DUBA,2021-03-01,2026-09-11T15:11:05Z
SM-G988B,SEE,G988BXXS6DUBA,2021-03-01,2026-09-11T15:10:59Z
SM-G988B,AFG,G988BXXS7DUC9,2021-04-01,2026-09-11T15:10:46Z
SM-G988B,BTU,G988BXXS7DUC9,2021-04-01,2026-09-11T15:11:05Z
SM-G988B,SEE,G988BXXS7DUC9,2021-04-01,2026-09-11T15:10:59Z
SM-G988B,TUR,G988BXXS7DUC9,2021-04-01,2026-09-11T15:10:40Z
SM-G988B,XSA,G988BXXS7DUC9,2021-04-01,2026-09-11T15:11:02Z
SM-G988B,XSG,G988BXXS7DUC9,2021-04-01,2026-09-11T15:10:43Z
SM-G988B,AFG,G988BXXS8DUE4,2021-06-01,2026-09-11T15:10:46Z
SM-G988B,BTU,G988BXXS8DUE4,2021-06-01,2026-09-11T15:11:05Z
SM-G988B,EGY,G988BXXS8DUE4,2021-06-01,2026-09-11T15:10:37Z
SM-G988B,MID,G988BXXS8DUE4,2021-06-01,2026-09-11T15:10:33Z
SM-G988B,SEE,G988BXXS8DUE4,2021-06-01,2026-09-11T15:10:59Z
SM-G988B,TUR,G988BXXS8DUE4,2021-06-01,2026-09-11T15:10:40Z
SM-G988B,XSA,G988BXXS8DUE4,2021-06-01,2026-09-11T15:11:02Z
SM-G988B,XSG,G988BXXS8DUE4,2021-06-01,2026-09-11T15:10:43Z
SM-G988B,AFG,G988BXXSADUH5,2021-09-01,2026-09-11T15:10:46Z
SM-G988B,BTU,G988BXXSADUH5,2021-09-01,2026-09-11T15:11:05Z
SM-G988B,EGY,G988BXXSADUH5,2021-09-01,2026-09-11T15:10:37Z
SM-G988B,MID,G988BXXSADUH5,2021-09-01,2026-09-11T15:10:33Z
SM-G988B,SEE,G988BXXSADUH5,2021-09-01,2026-09-11T15:10:59Z
SM-G988B,TUR,G988BXXSADUH5,2021-09-01,2026-09-11T15:10:40Z
SM-G988B,XSA,G988BXXSADUH5,2021-09-01,2026-09-11T15:11:02Z
SM-G988B,XSG,G988BXXSADUH5,2021-09-01,2026-09-11T15:10:43Z
SM-G988B,AFG,G988BXXSCDUJ5,2021-11-01,2026-09-11T15:10:46Z
SM-G988B,BTU,G988BXXSCDUJ5,2021-11-01,2026-09-11T15:11:05Z
SM-G988B,EGY,G988BXXSCDUJ5,2021-11-01,2026-09-11T15:10:37Z
SM-G988B,ILO,G988BXXSCDUJ5,2021-11-01,2026-09-11T15:10:30Z
SM-G988B,MID,G988BXXSCDUJ5,2021-11-01,2026-09-11T15:10:33Z
SM-G988B,SEE,G988BXXSCDUJ5,2021-11-01,2026-09-11T15:10:59Z
SM-G988B,TUR,G988BXXSCDUJ5,2021-11-01,2026-09-11T15:10:40Z
SM-G988B,XSA,G988BXXSCDUJ5,2021-11-01,2026-09-11T15:11:02Z
SM-G988B,XSG,G988BXXSCDUJ5,2021-11-01,2026-09-11T15:10:43Z
SM-G988B,SEE,G988BXXSCDUK1,2021-12-01,2026-09-11T15:10:59Z
SM-G988B,AFG,G988BXXSCEUL7,2021-12-01,2026-09-11T15:10:46Z
SM-G988B,BTU,G988BXXSCEUL7,2021-12-01,2026-09-11T15:11:05Z
SM-G988B,EGY,G988BXXSCEUL7,2021-12-01,2026-09-11T15:10:37Z
SM-G988B,ILO,G988BXXSCEUL7,2021-12-01,2026-09-11T15:10:30Z
SM-G988B,MID,G988BXXSCEUL7,2021-12-01,2026-09-11T15:10:33Z
SM-G988B,SEE,G988BXXSCEUL7,2021-12-01,2026-09-11T15:10:59Z
SM-G988B,TUR,G988BXXSCEUL7,2021-12-01,2026-09-11T15:10:40Z
SM-G988B,XSA,G988BXXSCEUL7,2021-12-01,2026-09-11T15:11:02Z
SM-G988B,XSG,G988BXXSCEUL7,2021-12-01,2026-09-11T15:10:43Z
SM-G988B,AFG,G988BXXSCEUL9,2022-01-01,2026-09-11T15:10:46Z
SM-G988B,BTU,G988BXXSCEUL9,2022-01-01,2026-09-11T15:11:05Z
SM-G988B,SEE,G988BXXSCEUL9,2022-01-01,2026-09-11T15:10:59Z
SM-G988B,XSA,G988BXXSCEUL9,2022-01-01,2026-09-11T15:11:02Z
SM-G988B,BTU,G988BXXSDEVB1,2022-02-01,2026-09-11T15:11:05Z
SM-G988B,SEE,G988BXXSDEVB1,2022-02-01,2026-09-11T15:10:59Z
SM-G988B,TUR,G988BXXSDEVB1,2022-02-01,2026-09-11T15:10:40Z
SM-G988B,AFG,G988BXXSDFVC9,2022-04-01,2026-09-11T15:10:46Z
SM-G988B,BTU,G988BXXSDFVC9,2022-04-01,2026-09-11T15:11:05Z
SM-G988B,EGY,G988BXXSDFVC9,2022-04-01,2026-09-11T15:10:37Z
SM-G988B,ILO,G988BXXSDFVC9,2022-04-01,2026-09-11T15:10:30Z
SM-G988B,MID,G988BXXSDFVC9,2022-04-01,2026-09-11T15:10:33Z
SM-G988B,SEE,G988BXXSDFVC9,2022-04-01,2026-09-11T15:10:59Z
SM-G988B,TUR,G988BXXSDFVC9,2022-04-01,2026-09-11T15:10:40Z
SM-G988B,XSA,G988BXXSDFVC9,2022-04-01,2026-09-11T15:11:02Z
SM-G988B,XSG,G988BXXSDFVC9,2022-04-01,2026-09-11T15:10:43Z
SM-G988B,AFG,G988BXXSEFVE6,2022-06-01,2026-09-11T15:10:46Z
SM-G988B,BTU,G988BXXSEFVE6,2022-06-01,2026-09-11T15:11:05Z
SM-G988B,EGY,G988BXXSEFVE6,2022-06-01,2026-09-11T15:10:37Z
SM-G988B,ILO,G988BXXSEFVE6,2022-06-01,2026-09-11T15:10:30Z
SM-G988B,MID,G988BXXSEFVE6,2022-06-01,2026-09-11T15:10:33Z
SM-G988B,SEE,G988BXXSEFVE6,2022-06-01,2026-09-11T15:10:59Z
SM-G988B,TUR,G988BXXSEFVE6,2022-06-01,2026-09-11T15:10:40Z
SM-G988B,XSA,G988BXXSEFVE6,2022-06-01,2026-09-11T15:11:02Z
SM-G988B,XSG,G988BXXSEFVE6,2022-06-01,2026-09-11T15:10:43Z
SM-G988B,AFG,G988BXXSEFVF4,2022-07-01,2026-09-11T15:10:46Z
SM-G988B,BTU,G988BXXSEFVF4,2022-07-01,2026-09-11T15:11:05Z
SM-G988B,EGY,G988BXXSEFVF4,2022-07-01,2026-09-11T15:10:37Z
SM-G988B,ILO,G988BXXSEFVF4,2022-07-01,2026-09-11T15:10:30Z
SM-G988B,MID,G988BXXSEFVF4,2022-07-01,2026-09-11T15:10:33Z
SM-G988B,SEE,G988BXXSEFVF4,2022-07-01,2026-09-11T15:10:59Z
SM-G988B,TUR,G988BXXSEFVF4,2022-07-01,2026-09-11T15:10:40Z
SM-G988B,XSA,G988BXXSEFVF4,2022-07-01,2026-09-11T15:11:02Z
SM-G988B,XSG,G988BXXSEFVF4,2022-07-01,2026-09-11T15:10:43Z
SM-G988B,AFG,G988BXXSFFVH7,2022-09-01,2026-09-11T15:10:46Z
SM-G988B,EGY,G988BXXSFFVH7,2022-09-01,2026-09-11T15:10:37Z
SM-G988B,ILO,G988BXXSFFVH7,2022-09-01,2026-09-11T15:10:30Z
SM-G988B,MID,G988BXXSFFVH7,2022-09-01,2026-09-11T15:10:33Z
SM-G988B,TUR,G988BXXSFFVH7,2022-09-01,2026-09-11T15:10:40Z
SM-G988B,XSG,G988BXXSFFVH7,2022-09-01,2026-09-11T15:10:43Z
SM-G988B,AFG,G988BXXSFFVIB,2022-10-01,2026-09-11T15:10:46Z
SM-G988B,BTU,G988BXXSFFVIB,2022-10-01,2026-09-11T15:11:05Z
SM-G988B,EGY,G988BXXSFFVIB,2022-10-01,2026-09-11T15:10:37Z
SM-G988B,ILO,G988BXXSFFVIB,2022-10-01,2026-09-11T15:10:30Z
SM-G988B,MID,G988BXXSFFVIB,2022-10-01,2026-09-11T15:10:33Z
SM-G988B,SEE,G988BXXSFFVIB,2022-10-01,2026-09-11T15:10:59Z
SM-G988B,TUR,G988BXXSFFVIB,2022-10-01,2026-09-11T15:10:40Z
SM-G988B,XSA,G988BXXSFFVIB,2022-10-01,2026-09-11T15:11:02Z
SM-G988B,XSG,G988BXXSFFVIB,2022-10-01,2026-09-11T15:10:43Z
SM-G988B,BTU,G988BXXSFGVK1,2022-11-01,2026-09-11T15:11:05Z
SM-G988B,SEE,G988BXXSFGVK1,2022-11-01,2026-09-11T15:10:59Z
SM-G988B,BTU,G988BXXSFGVK7,2022-12-01,2026-09-11T15:11:05Z
SM-G988B,SEE,G988BXXSFGVK7,2022-12-01,2026-09-11T15:10:59Z
SM-G988B,AFG,G988BXXSFGWA7,2023-01-01,2026-09-11T15:10:46Z
SM-G988B,BTU,G988BXXSFGWA7,2023-01-01,2026-09-11T15:11:05Z
SM-G988B,EGY,G988BXXSFGWA7,2023-01-01,2026-09-11T15:10:37Z
SM-G988B,ILO,G988BXXSFGWA7,2023-01-01,2026-09-11T15:10:30Z
SM-G988B,SEE,G988BXXSFGWA7,2023-01-01,2026-09-11T15:10:59Z
SM-G988B,TUR,G988BXXSFGWA7,2023-01-01,2026-09-11T15:10:40Z
SM-G988B,XSG,G988BXXSFGWA7,2023-01-01,2026-09-11T15:10:43Z
SM-G988B,XSA,G988BXXSFGWA9,2023-01-01,2026-09-11T15:11:02Z
SM-G988B,AFG,G988BXXSFHWB1,2023-03-01,2026-09-11T15:10:46Z
SM-G988B,BTU,G988BXXSFHWB1,2023-03-01,2026-09-11T15:11:05Z
SM-G988B,EGY,G988BXXSFHWB1,2023-03-01,2026-09-11T15:10:37Z
SM-G988B,ILO,G988BXXSFHWB1,2023-03-01,2026-09-11T15:10:30Z
SM-G988B,MID,G988BXXSFHWB1,2023-03-01,2026-09-11T15:10:33Z
SM-G988B,SEE,G988BXXSFHWB1,2023-03-01,2026-09-11T15:10:59Z
SM-G988B,TUR,G988BXXSFHWB1,2023-03-01,2026-09-11T15:10:40Z
SM-G988B,XSA,G988BXXSFHWB1,2023-03-01,2026-09-11T15:11:02Z
SM-G988B,XSG,G988BXXSFHWB1,2023-03-01,2026-09-11T15:10:43Z
SM-G988B,AFG,G988BXXSGHWD4,2023-05-01,2026-09-11T15:10:46Z
SM-G988B,BTU,G988BXXSGHWD4,2023-05-01,2026-09-11T15:11:05Z
SM-G988B,EGY,G988BXXSGHWD4,2023-05-01,2026-09-11T15:10:37Z
SM-G988B,ILO,G988BXXSGHWD4,2023-05-01,2026-09-11T15:10:30Z
SM-G988B,MID,G988BXXSGHWD4,2023-05-01,2026-09-11T15:10:33Z
SM-G988B,SEE,G988BXXSGHWD4,2023-05-01,2026-09-11T15:10:59Z
SM-G988B,TUR,G988BXXSGHWD4,2023-05-01,2026-09-11T15:10:40Z
SM-G988B,XSG,G988BXXSGHWD4,2023-05-01,2026-09-11T15:10:43Z
SM-G988B,AFG,G988BXXSIHWF6,2023-07-01,2026-09-11T15:10:46Z
SM-G988B,BTU,G988BXXSIHWF6,2023-07-01,2026-09-11T15:11:05Z
SM-G988B,EGY,G988BXXSIHWF6,2023-07-01,2026-09-11T15:10:37Z
SM-G988B,ILO,G988BXXSIHWF6,2023-07-01,2026-09-11T15:10:30Z
SM-G988B,MID,G988BXXSIHWF6,2023-07-01,2026-09-11T15:10:33Z
SM-G988B,SEE,G988BXXSIHWF6,2023-07-01,2026-09-11T15:10:59Z
SM-G988B,TUR,G988BXXSIHWF6,2023-07-01,2026-09-11T15:10:40Z
SM-G988B,XSA,G988BXXSIHWF6,2023-07-01,2026-09-11T15:11:02Z
SM-G988B,XSG,G988BXXSIHWF6,2023-07-01,2026-09-11T15:10:43Z
SM-G988B,AFG,G988BXXSIHWGA,2023-08-01,2026-09-11T15:10:46Z
SM-G988B,BTU,G988BXXSIHWGA,2023-08-01,2026-09-11T15:11:05Z
SM-G988B,EGY,G988BXXSIHWGA,2023-08-01,2026-09-11T15:10:37Z
SM-G988B,ILO,G988BXXSIHWGA,2023-08-01,2026-09-11T15:10:30Z
SM-G988B,MID,G988BXXSIHWGA,2023-08-01,2026-09-11T15:10:33Z
SM-G988B,SEE,G988BXXSIHWGA,2023-08-01,2026-09-11T15:10:59Z
SM-G988B,TUR,G988BXXSIHWGA,2023-08-01,2026-09-11T15:10:40Z
SM-G988B,XSA,G988BXXSIHWGA,2023-08-01,2026-09-11T15:11:02Z
SM-G988B,XSG,G988BXXSIHWGA,2023-08-01,2026-09-11T15:10:43Z
SM-G988B,AFG,G988BXXSIHWHI,2023-09-01,2026-09-11T15:10:46Z
SM-G988B,BTU,G988BXXSIHWHI,2023-09-01,2026-09-11T15:11:05Z
SM-G988B,EGY,G988BXXSIHWHI,2023-09-01,2026-09-11T15:10:37Z
SM-G988B,ILO,G988BXXSIHWHI,2023-09-01,2026-09-11T15:10:30Z
SM-G988B,MID,G988BXXSIHWHI,2023-09-01,2026-09-11T15:10:33Z
SM-G988B,SEE,G988BXXSIHWHI,2023-09-01,2026-09-11T15:10:59Z
SM-G988B,TUR,G988BXXSIHWHI,2023-09-01,2026-09-11T15:10:40Z
SM-G988B,XSA,G988BXXSIHWHI,2023-09-01,2026-09-11T15:11:02Z
SM-G988B,XSG,G988BXXSIHWHI,2023-09-01,2026-09-11T15:10:43Z
SM-G988B,AFG,G988BXXSIHWI7,2023-10-01,2026-09-11T15:10:46Z
SM-G988B,BTU,G988BXXSIHWI7,2023-10-01,2026-09-11T15:11:05Z
SM-G988B,EGY,G988BXXSIHWI7,2023-10-01,2026-09-11T15:10:37Z
SM-G988B,ILO,G988BXXSIHWI7,2023-10-01,2026-09-11T15:10:30Z
SM-G988B,MID,G988BXXSIHWI7,2023-10-01,2026-09-11T15:10:33Z
SM-G988B,SEE,G988BXXSIHWI7,2023-10-01,2026-09-11T15:10:59Z
SM-G988B,TUR,G988BXXSIHWI7,2023-10-01,2026-09-11T15:10:40Z
SM-G988B,XSA,G988BXXSIHWI7,2023-10-01,2026-09-11T15:11:02Z
SM-G988B,XSG,G988BXXSIHWI7,2023-10-01,2026-09-11T15:10:43Z
SM-G988B,AFG,G988BXXSIHWJD,2023-11-01,2026-09-11T15:10:46Z
SM-G988B,BTU,G988BXXSIHWJD,2023-11-01,2026-09-11T15:11:05Z
SM-G988B,EGY,G988BXXSIHWJD,2023-11-01,2026-09-11T15:10:37Z
SM-G988B,ILO,G988BXXSIHWJD,2023-11-01,2026-09-11T15:10:30Z
SM-G988B,MID,G988BXXSIHWJD,2023-11-01,2026-09-11T15:10:33Z
SM-G988B,SEE,G988BXXSIHWJD,2023-11-01,2026-09-11T15:10:59Z
SM-G988B,TUR,G988BXXSIHWJD,2023-11-01,2026-09-11T15:10:40Z
SM-G988B,XSA,G988BXXSIHWJD,2023-11-01,2026-09-11T15:11:02Z
SM-G988B,XSG,G988BXXSIHWJD,2023-11-01,2026-09-11T15:10:43Z
SM-G988B,AFG,G988BXXSIHWKD,2023-12-01,2026-09-11T15:10:46Z
SM-G988B,BTU,G988BXXSIHWKD,2023-12-01,2026-09-11T15:11:05Z
SM-G988B,EGY,G988BXXSIHWKD,2023-12-01,2026-09-11T15:10:37Z
SM-G988B,ILO,G988BXXSIHWKD,2023-12-01,2026-09-11T15:10:30Z
SM-G988B,MID,G988BXXSIHWKD,2023-12-01,2026-09-11T15:10:33Z
SM-G988B,SEE,G988BXXSIHWKD,2023-12-01,2026-09-11T15:10:59Z
SM-G988B,TUR,G988BXXSIHWKD,2023-12-01,2026-09-11T15:10:40Z
SM-G988B,XSA,G988BXXSIHWKD,2023-12-01,2026-09-11T15:11:02Z
SM-G988B,XSG,G988BXXSIHWKD,2023-12-01,2026-09-11T15:10:43Z
SM-G988B,AFG,G988BXXSIHWL1,2024-01-01,2026-09-11T15:10:46Z
SM-G988B,BTU,G988BXXSIHWL1,2024-01-01,2026-09-11T15:11:05Z
SM-G988B,EGY,G988BXXSIHWL1,2024-01-01,2026-09-11T15:10:37Z
SM-G988B,ILO,G988BXXSIHWL1,2024-01-01,2026-09-11T15:10:30Z
SM-G988B,MID,G988BXXSIHWL1,2024-01-01,2026-09-11T15:10:33Z
SM-G988B,SEE,G988BXXSIHWL1,2024-01-01,2026-09-11T15:10:59Z
SM-G988B,TUR,G988BXXSIHWL1,2024-01-01,2026-09-11T15:10:40Z
SM-G988B,XSA,G988BXXSIHWL1,2024-01-01,2026-09-11T15:11:02Z
SM-G988B,XSG,G988BXXSIHWL1,2024-01-01,2026-09-11T15:10:43Z
SM-G988B,AFG,G988BXXSJHXA1,2024-02-01,2026-09-11T15:10:46Z
SM-G988B,BTU,G988BXXSJHXA1,2024-02-01,2026-09-11T15:11:05Z
SM-G988B,EGY,G988BXXSJHXA1,2024-02-01,2026-09-11T15:10:37Z
SM-G988B,ILO,G988BXXSJHXA1,2024-02-01,2026-09-11T15:10:30Z
SM-G988B,MID,G988BXXSJHXA1,2024-02-01,2026-09-11T15:10:33Z
SM-G988B,SEE,G988BXXSJHXA1,2024-02-01,2026-09-11T15:10:59Z
SM-G988B,TUR,G988BXXSJHXA1,2024-02-01,2026-09-11T15:10:40Z
SM-G988B,XSA,G988BXXSJHXA1,2024-02-01,2026-09-11T15:11:02Z
SM-G988B,XSG,G988BXXSJHXA1,2024-02-01,2026-09-11T15:10:43Z
SM-G988B,AFG,G988BXXSJHXC1,2024-03-01,2026-09-11T15:10:46Z
SM-G988B,BTU,G988BXXSJHXC1,2024-03-01,2026-09-11T15:11:05Z
SM-G988B,EGY,G988BXXSJHXC1,2024-03-01,2026-09-11T15:10:37Z
SM-G988B,ILO,G988BXXSJHXC1,2024-03-01,2026-09-11T15:10:30Z
SM-G988B,MID,G988BXXSJHXC1,2024-03-01,2026-09-11T15:10:33Z
SM-G988B,SEE,G988BXXSJHXC1,2024-03-01,2026-09-11T15:10:59Z
SM-G988B,TUR,G988BXXSJHXC1,2024-03-01,2026-09-11T15:10:40Z
SM-G988B,XSA,G988BXXSJHXC1,2024-03-01,2026-09-11T15:11:02Z
SM-G988B,XSG,G988BXXSJHXC1,2024-03-01,2026-09-11T15:10:43Z
SM-G988B,AFG,G988BXXSKHXEA,2024-05-01,2026-09-11T15:10:46Z
SM-G988B,BTU,G988BXXSKHXEA,2024-05-01,2026-09-11T15:11:05Z
SM-G988B,EGY,G988BXXSKHXEA,2024-05-01,2026-09-11T15:10:37Z
SM-G988B,ILO,G988BXXSKHXEA,2024-05-01,2026-09-11T15:10:30Z
SM-G988B,MID,G988BXXSKHXEA,2024-05-01,2026-09-11T15:10:33Z
SM-G988B,SEE,G988BXXSKHXEA,2024-05-01,2026-09-11T15:10:59Z
SM-G988B,TUR,G988BXXSKHXEA,2024-05-01,2026-09-11T15:10:40Z
SM-G988B,XSA,G988BXXSKHXEA,2024-05-01,2026-09-11T15:11:02Z
SM-G988B,XSG,G988BXXSKHXEA,2024-05-01,2026-09-11T15:10:43Z
SM-G988B,AFG,G988BXXSLHXG1,2024-08-01,2026-09-11T15:10:46Z
SM-G988B,BTU,G988BXXSLHXG1,2024-08-01,2026-09-11T15:11:05Z
SM-G988B,EGY,G988BXXSLHXG1,2024-08-01,2026-09-11T15:10:37Z
SM-G988B,ILO,G988BXXSLHXG1,2024-08-01,2026-09-11T15:10:30Z
SM-G988B,MID,G988BXXSLHXG1,2024-08-01,2026-09-11T15:10:33Z
SM-G988B,SEE,G988BXXSLHXG1,2024-08-01,2026-09-11T15:10:59Z
SM-G988B,TUR,G988BXXSLHXG1,2024-08-01,2026-09-11T15:10:40Z
SM-G988B,XSA,G988BXXSLHXG1,2024-08-01,2026-09-11T15:11:02Z
SM-G988B,XSG,G988BXXSLHXG1,2024-08-01,2026-09-11T15:10:43Z
SM-G988B,AFG,G988BXXSMHXJ2,2024-10-01,2026-09-11T15:10:46Z
SM-G988B,BTU,G988BXXSMHXJ2,2024-10-01,2026-09-11T15:11:05Z
SM-G988B,EGY,G988BXXSMHXJ2,2024-10-01,2026-09-11T15:10:37Z
SM-G988B,ILO,G988BXXSMHXJ2,2024-10-01,2026-09-11T15:10:30Z
SM-G988B,MID,G988BXXSMHXJ2,2024-10-01,2026-09-11T15:10:33Z
SM-G988B,SEE,G988BXXSMHXJ2,2024-10-01,2026-09-11T15:10:59Z
SM-G988B,TUR,G988BXXSMHXJ2,2024-10-01,2026-09-11T15:10:40Z
SM-G988B,XSA,G988BXXSMHXJ2,2024-10-01,2026-09-11T15:11:02Z
SM-G988B,XSG,G988BXXSMHXJ2,2024-10-01,2026-09-11T15:10:43Z
SM-G988B,AFG,G988BXXSMHXK1,2024-10-01,2026-09-11T15:10:46Z
SM-G988B,BTU,G988BXXSMHXK1,2024-10-01,2026-09-11T15:11:05Z
SM-G988B,EGY,G988BXXSMHXK1,2024-10-01,2026-09-11T15:10:37Z
SM-G988B,ILO,G988BXXSMHXK1,2024-10-01,2026-09-11T15:10:30Z
SM-G988B,MID,G988BXXSMHXK1,2024-10-01,2026-09-11T15:10:33Z
SM-G988B,SEE,G988BXXSMHXK1,2024-10-01,2026-09-11T15:10:59Z
SM-G988B,TUR,G988BXXSMHXK1,2024-10-01,2026-09-11T15:10:40Z
SM-G988B,XSA,G988BXXSMHXK1,2024-10-01,2026-09-11T15:11:02Z
SM-G988B,XSG,G988BXXSMHXK1,2024-10-01,2026-09-11T15:10:43Z
SM-G988B,AFG,G988BXXSNHXL1,2025-01-01,2026-09-11T15:10:46Z
SM-G988B,BTU,G988BXXSNHXL1,2025-01-01,2026-09-11T15:11:05Z
SM-G988B,EGY,G988BXXSNHXL1,2025-01-01,2026-09-11T15:10:37Z
SM-G988B,ILO,G988BXXSNHXL1,2025-01-01,2026-09-11T15:10:30Z
SM-G988B,MID,G988BXXSNHXL1,2025-01-01,2026-09-11T15:10:33Z
SM-G988B,SEE,G988BXXSNHXL1,2025-01-01,2026-09-11T15:10:59Z
SM-G988B,TUR,G988BXXSNHXL1,2025-01-01,2026-09-11T15:10:40Z
SM-G988B,XSA,G988BXXSNHXL1,2025-01-01,2026-09-11T15:11:02Z
SM-G988B,XSG,G988BXXSNHXL1,2025-01-01,2026-09-11T15:10:43Z
SM-G988B,AFG,G988BXXSNHYB1,2025-03-01,2026-09-11T15:10:46Z
SM-G988B,BTU,G988BXXSNHYB1,2025-03-01,2026-09-11T15:11:05Z
SM-G988B,EGY,G988BXXSNHYB1,2025-03-01,2026-09-11T15:10:37Z
SM-G988B,ILO,G988BXXSNHYB1,2025-03-01,2026-09-11T15:10:30Z
SM-G988B,MID,G988BXXSNHYB1,2025-03-01,2026-09-11T15:10:33Z
SM-G988B,SEE,G988BXXSNHYB1,2025-03-01,2026-09-11T15:10:59Z
SM-G988B,TUR,G988BXXSNHYB1,2025-03-01,2026-09-11T15:10:40Z
SM-G988B,XSA,G988BXXSNHYB1,2025-03-01,2026-09-11T15:11:02Z
SM-G988B,XSG,G988BXXSNHYB1,2025-03-01,2026-09-11T15:10:43Z
SM-G988B,XSA,G988BXXU1ATBK,2020-03-01,2026-09-11T15:11:02Z
SM-G988B,AFG,G988BXXU1ATBM,2020-03-01,2026-09-11T15:10:46Z
SM-G988B,BTU,G988BXXU1ATBM,2020-03-01,2026-09-11T15:11:05Z
SM-G988B,EGY,G988BXXU1ATBM,2020-03-01,2026-09-11T15:10:37Z
SM-G988B,ILO,G988BXXU1ATBM,2020-03-01,2026-09-11T15:10:30Z
SM-G988B,MID,G988BXXU1ATBM,2020-03-01,2026-09-11T15:10:33Z
SM-G988B,SEE,G988BXXU1ATBM,2020-03-01,2026-09-11T15:10:59Z
SM-G988B,TUR,G988BXXU1ATBM,2020-03-01,2026-09-11T15:10:40Z
SM-G988B,XSG,G988BXXU1ATBM,2020-03-01,2026-09-11T15:10:43Z
SM-G988B,AFG,G988BXXU1ATCH,2020-03-01,2026-09-11T15:10:46Z
SM-G988B,BTU,G988BXXU1ATCH,2020-03-01,2026-09-11T15:11:05Z
SM-G988B,EGY,G988BXXU1ATCH,2020-03-01,2026-09-11T15:10:37Z
SM-G988B,ILO,G988BXXU1ATCH,2020-03-01,2026-09-11T15:10:30Z
SM-G988B,MID,G988BXXU1ATCH,2020-03-01,2026-09-11T15:10:33Z
SM-G988B,SEE,G988BXXU1ATCH,2020-03-01,2026-09-11T15:10:59Z
SM-G988B,TUR,G988BXXU1ATCH,2020-03-01,2026-09-11T15:10:40Z
SM-G988B,XSA,G988BXXU1ATCH,2020-03-01,2026-09-11T15:11:02Z
SM-G988B,XSG,G988BXXU1ATCH,2020-03-01,2026-09-11T15:10:43Z
SM-G988B,AFG,G988BXXU1ATCT,2020-04-01,2026-09-11T15:10:46Z
SM-G988B,BTU,G988BXXU1ATCT,2020-04-01,2026-09-11T15:11:05Z
SM-G988B,EGY,G988BXXU1ATCT,2020-04-01,2026-09-11T15:10:37Z
SM-G988B,ILO,G988BXXU1ATCT,2020-04-01,2026-09-11T15:10:30Z
SM-G988B,MID,G988BXXU1ATCT,2020-04-01,2026-09-11T15:10:33Z
SM-G988B,SEE,G988BXXU1ATCT,2020-04-01,2026-09-11T15:10:59Z
SM-G988B,TUR,G988BXXU1ATCT,2020-04-01,2026-09-11T15:10:40Z
SM-G988B,XSA,G988BXXU1ATCT,2020-04-01,2026-09-11T15:11:02Z
SM-G988B,XSG,G988BXXU1ATCT,2020-04-01,2026-09-11T15:10:43Z
SM-G988B,AFG,G988BXXU1ATD3,2020-04-01,2026-09-11T15:10:46Z
SM-G988B,BTU,G988BXXU1ATD3,2020-04-01,2026-09-11T15:11:05Z
SM-G988B,EGY,G988BXXU1ATD3,2020-04-01,2026-09-11T15:10:37Z
SM-G988B,ILO,G988BXXU1ATD3,2020-04-01,2026-09-11T15:10:30Z
SM-G988B,MID,G988BXXU1ATD3,2020-04-01,2026-09-11T15:10:33Z
SM-G988B,SEE,G988BXXU1ATD3,2020-04-01,2026-09-11T15:10:59Z
SM-G988B,TUR,G988BXXU1ATD3,2020-04-01,2026-09-11T15:10:40Z
SM-G988B,XSA,G988BXXU1ATD3,2020-04-01,2026-09-11T15:11:02Z
SM-G988B,XSG,G988BXXU1ATD3,2020-04-01,2026-09-11T15:10:43Z
SM-G988B,AFG,G988BXXU2ATE6,2020-05-01,2026-09-11T15:10:46Z
SM-G988B,BTU,G988BXXU2ATE6,2020-05-01,2026-09-11T15:11:05Z
SM-G988B,EGY,G988BXXU2ATE6,2020-05-01,2026-09-11T15:10:37Z
SM-G988B,ILO,G988BXXU2ATE6,2020-05-01,2026-09-11T15:10:30Z
SM-G988B,MID,G988BXXU2ATE6,2020-05-01,2026-09-11T15:10:33Z
SM-G988B,SEE,G988BXXU2ATE6,2020-05-01,2026-09-11T15:10:59Z
SM-G988B,TUR,G988BXXU2ATE6,2020-05-01,2026-09-11T15:10:40Z
SM-G988B,XSA,G988BXXU2ATE6,2020-05-01,2026-09-11T15:11:02Z
SM-G988B,XSG,G988BXXU2ATE6,2020-05-01,2026-09-11T15:10:43Z
SM-G988B,AFG,G988BXXU3ATFG,2020-07-01,2026-09-11T15:10:46Z
SM-G988B,BTU,G988BXXU3ATFG,2020-07-01,2026-09-11T15:11:05Z
SM-G988B,EGY,G988BXXU3ATFG,2020-07-01,2026-09-11T15:10:37Z
SM-G988B,ILO,G988BXXU3ATFG,2020-07-01,2026-09-11T15:10:30Z
SM-G988B,MID,G988BXXU3ATFG,2020-07-01,2026-09-11T15:10:33Z
SM-G988B,SEE,G988BXXU3ATFG,2020-07-01,2026-09-11T15:10:59Z
SM-G988B,TUR,G988BXXU3ATFG,2020-07-01,2026-09-11T15:10:40Z
SM-G988B,XSA,G988BXXU3ATFG,2020-07-01,2026-09-11T15:11:02Z
SM-G988B,XSG,G988BXXU3ATFG,2020-07-01,2026-09-11T15:10:43Z
SM-G988B,AFG,G988BXXU3ATG4,2020-07-01,2026-09-11T15:10:46Z
SM-G988B,BTU,G988BXXU3ATG4,2020-07-01,2026-09-11T15:11:05Z
SM-G988B,EGY,G988BXXU3ATG4,2020-07-01,2026-09-11T15:10:37Z
SM-G988B,ILO,G988BXXU3ATG4,2020-07-01,2026-09-11T15:10:30Z
SM-G988B,MID,G988BXXU3ATG4,2020-07-01,2026-09-11T15:10:33Z
SM-G988B,SEE,G988BXXU3ATG4,2020-07-01,2026-09-11T15:10:59Z
SM-G988B,TUR,G988BXXU3ATG4,2020-07-01,2026-09-11T15:10:40Z
SM-G988B,XSA,G988BXXU3ATG4,2020-07-01,2026-09-11T15:11:02Z
SM-G988B,XSG,G988BXXU3ATG4,2020-07-01,2026-09-11T15:10:43Z
SM-G988B,AFG,G988BXXU4BTH5,2020-08-01,2026-09-11T15:10:46Z
SM-G988B,BTU,G988BXXU4BTH5,2020-08-01,2026-09-11T15:11:05Z
SM-G988B,EGY,G988BXXU4BTH5,2020-08-01,2026-09-11T15:10:37Z
SM-G988B,ILO,G988BXXU4BTH5,2020-08-01,2026-09-11T15:10:30Z
SM-G988B,MID,G988BXXU4BTH5,2020-08-01,2026-09-11T15:10:33Z
SM-G988B,SEE,G988BXXU4BTH5,2020-08-01,2026-09-11T15:10:59Z
SM-G988B,TUR,G988BXXU4BTH5,2020-08-01,2026-09-11T15:10:40Z
SM-G988B,XSA,G988BXXU4BTH5,2020-08-01,2026-09-11T15:11:02Z
SM-G988B,XSG,G988BXXU4BTH5,2020-08-01,2026-09-11T15:10:43Z
SM-G988B,AFG,G988BXXU4BTIB,2020-09-01,2026-09-11T15:10:46Z
SM-G988B,BTU,G988BXXU4BTIB,2020-09-01,2026-09-11T15:11:05Z
SM-G988B,EGY,G988BXXU4BTIB,2020-09-01,2026-09-11T15:10:37Z
SM-G988B,ILO,G988BXXU4BTIB,2020-09-01,2026-09-11T15:10:30Z
SM-G988B,MID,G988BXXU4BTIB,2020-09-01,2026-09-11T15:10:33Z
SM-G988B,SEE,G988BXXU4BTIB,2020-09-01,2026-09-11T15:10:59Z
SM-G988B,TUR,G988BXXU4BTIB,2020-09-01,2026-09-11T15:10:40Z
SM-G988B,XSA,G988BXXU4BTIB,2020-09-01,2026-09-11T15:11:02Z
SM-G988B,XSG,G988BXXU4BTIB,2020-09-01,2026-09-11T15:10:43Z
SM-G988B,AFG,G988BXXU5BTJ3,2020-10-01,2026-09-11T15:10:46Z
SM-G988B,BTU,G988BXXU5BTJ3,2020-10-01,2026-09-11T15:11:05Z
SM-G988B,EGY,G988BXXU5BTJ3,2020-10-01,2026-09-11T15:10:37Z
SM-G988B,ILO,G988BXXU5BTJ3,2020-10-01,2026-09-11T15:10:30Z
SM-G988B,MID,G988BXXU5BTJ3,2020-10-01,2026-09-11T15:10:33Z
SM-G988B,SEE,G988BXXU5BTJ3,2020-10-01,2026-09-11T15:10:59Z
SM-G988B,TUR,G988BXXU5BTJ3,2020-10-01,2026-09-11T15:10:40Z
SM-G988B,XSA,G988BXXU5BTJ3,2020-10-01,2026-09-11T15:11:02Z
SM-G988B,XSG,G988BXXU5BTJ3,2020-10-01,2026-09-11T15:10:43Z
SM-G988B,AFG,G988BXXU5CTKG,2020-12-01,2026-09-11T15:10:46Z
SM-G988B,BTU,G988BXXU5CTKG,2020-12-01,2026-09-11T15:11:05Z
SM-G988B,EGY,G988BXXU5CTKG,2020-12-01,2026-09-11T15:10:37Z
SM-G988B,ILO,G988BXXU5CTKG,2020-12-01,2026-09-11T15:10:30Z
SM-G988B,MID,G988BXXU5CTKG,2020-12-01,2026-09-11T15:10:33Z
SM-G988B,SEE,G988BXXU5CTKG,2020-12-01,2026-09-11T15:10:59Z
SM-G988B,TUR,G988BXXU5CTKG,2020-12-01,2026-09-11T15:10:40Z
SM-G988B,XSA,G988BXXU5CTKG,2020-12-01,2026-09-11T15:11:02Z
SM-G988B,XSG,G988BXXU5CTKG,2020-12-01,2026-09-11T15:10:43Z
SM-G988B,AFG,G988BXXU5CUA3,2021-01-01,2026-09-11T15:10:46Z
SM-G988B,BTU,G988BXXU5CUA3,2021-01-01,2026-09-11T15:11:05Z
SM-G988B,EGY,G988BXXU5CUA3,2021-01-01,2026-09-11T15:10:37Z
SM-G988B,ILO,G988BXXU5CUA3,2021-01-01,2026-09-11T15:10:30Z
SM-G988B,MID,G988BXXU5CUA3,2021-01-01,2026-09-11T15:10:33Z
SM-G988B,SEE,G988BXXU5CUA3,2021-01-01,2026-09-11T15:10:59Z
SM-G988B,TUR,G988BXXU5CUA3,2021-01-01,2026-09-11T15:10:40Z
SM-G988B,XSA,G988BXXU5CUA3,2021-01-01,2026-09-11T15:11:02Z
SM-G988B,XSG,G988BXXU5CUA3,2021-01-01,2026-09-11T15:10:43Z
SM-G988B,AFG,G988BXXU6DUB5,2021-02-01,2026-09-11T15:10:46Z
SM-G988B,BTU,G988BXXU6DUB5,2021-02-01,2026-09-11T15:11:05Z
SM-G988B,EGY,G988BXXU6DUB5,2021-02-01,2026-09-11T15:10:37Z
SM-G988B,ILO,G988BXXU6DUB5,2021-02-01,2026-09-11T15:10:30Z
SM-G988B,MID,G988BXXU6DUB5,2021-02-01,2026-09-11T15:10:33Z
SM-G988B,SEE,G988BXXU6DUB5,2021-02-01,2026-09-11T15:10:59Z
SM-G988B,TUR,G988BXXU6DUB5,2021-02-01,2026-09-11T15:10:40Z
SM-G988B,XSA,G988BXXU6DUB5,2021-02-01,2026-09-11T15:11:02Z
SM-G988B,XSG,G988BXXU6DUB5,2021-02-01,2026-09-11T15:10:43Z
SM-G988B,AFG,G988BXXU7DUC7,2021-03-01,2026-09-11T15:10:46Z
SM-G988B,BTU,G988BXXU7DUC7,2021-03-01,2026-09-11T15:11:05Z
SM-G988B,EGY,G988BXXU7DUC7,2021-03-01,2026-09-11T15:10:37Z
SM-G988B,ILO,G988BXXU7DUC7,2021-03-01,2026-09-11T15:10:30Z
SM-G988B,MID,G988BXXU7DUC7,2021-03-01,2026-09-11T15:10:33Z
SM-G988B,SEE,G988BXXU7DUC7,2021-03-01,2026-09-11T15:10:59Z
SM-G988B,TUR,G988BXXU7DUC7,2021-03-01,2026-09-11T15:10:40Z
SM-G988B,XSA,G988BXXU7DUC7,2021-03-01,2026-09-11T15:11:02Z
SM-G988B,XSG,G988BXXU7DUC7,2021-03-01,2026-09-11T15:10:43Z
SM-G988B,AFG,G988BXXU7DUE1,2021-05-01,2026-09-11T15:10:46Z
SM-G988B,BTU,G988BXXU7DUE1,2021-05-01,2026-09-11T15:11:05Z
SM-G988B,EGY,G988BXXU7DUE1,2021-05-01,2026-09-11T15:10:37Z
SM-G988B,ILO,G988BXXU7DUE1,2021-05-01,2026-09-11T15:10:30Z
SM-G988B,MID,G988BXXU7DUE1,2021-05-01,2026-09-11T15:10:33Z
SM-G988B,SEE,G988BXXU7DUE1,2021-05-01,2026-09-11T15:10:59Z
SM-G988B,TUR,G988BXXU7DUE1,2021-05-01,2026-09-11T15:10:40Z
SM-G988B,XSA,G988BXXU7DUE1,2021-05-01,2026-09-11T15:11:02Z
SM-G988B,XSG,G988BXXU7DUE1,2021-05-01,2026-09-11T15:10:43Z
SM-G988B,AFG,G988BXXU8DUF9,2021-07-01,2026-09-11T15:10:46Z
SM-G988B,BTU,G988BXXU8DUF9,2021-07-01,2026-09-11T15:11:05Z
SM-G988B,EGY,G988BXXU8DUF9,2021-07-01,2026-09-11T15:10:37Z
SM-G988B,ILO,G988BXXU8DUF9,2021-07-01,2026-09-11T15:10:30Z
SM-G988B,MID,G988BXXU8DUF9,2021-07-01,2026-09-11T15:10:33Z
SM-G988B,SEE,G988BXXU8DUF9,2021-07-01,2026-09-11T15:10:59Z
SM-G988B,TUR,G988BXXU8DUF9,2021-07-01,2026-09-11T15:10:40Z
SM-G988B,XSA,G988BXXU8DUF9,2021-07-01,2026-09-11T15:11:02Z
SM-G988B,XSG,G988BXXU8DUF9,2021-07-01,2026-09-11T15:10:43Z
SM-G988B,AFG,G988BXXU9DUH2,2021-08-01,2026-09-11T15:10:46Z
SM-G988B,BTU,G988BXXU9DUH2,2021-08-01,2026-09-11T15:11:05Z
SM-G988B,EGY,G988BXXU9DUH2,2021-08-01,2026-09-11T15:10:37Z
SM-G988B,ILO,G988BXXU9DUH2,2021-08-01,2026-09-11T15:10:30Z
SM-G988B,MID,G988BXXU9DUH2,2021-08-01,2026-09-11T15:10:33Z
SM-G988B,SEE,G988BXXU9DUH2,2021-08-01,2026-09-11T15:10:59Z
SM-G988B,TUR,G988BXXU9DUH2,2021-08-01,2026-09-11T15:10:40Z
SM-G988B,XSA,G988BXXU9DUH2,2021-08-01,2026-09-11T15:11:02Z
SM-G988B,XSG,G988BXXU9DUH2,2021-08-01,2026-09-11T15:10:43Z
SM-G988B,AFG,G988BXXUBDUI5,2021-10-01,2026-09-11T15:10:46Z
SM-G988B,BTU,G988BXXUBDUI5,2021-10-01,2026-09-11T15:11:05Z
SM-G988B,EGY,G988BXXUBDUI5,2021-10-01,2026-09-11T15:10:37Z
SM-G988B,ILO,G988BXXUBDUI5,2021-10-01,2026-09-11T15:10:30Z
SM-G988B,MID,G988BXXUBDUI5,2021-10-01,2026-09-11T15:10:33Z
SM-G988B,SEE,G988BXXUBDUI5,2021-10-01,2026-09-11T15:10:59Z
SM-G988B,TUR,G988BXXUBDUI5,2021-10-01,2026-09-11T15:10:40Z
SM-G988B,XSA,G988BXXUBDUI5,2021-10-01,2026-09-11T15:11:02Z
SM-G988B,XSG,G988BXXUBDUI5,2021-10-01,2026-09-11T15:10:43Z
SM-G988B,BTU,G988BXXUDEVA9,2022-02-01,2026-09-11T15:11:05Z
SM-G988B,EGY,G988BXXUDEVA9,2022-02-01,2026-09-11T15:10:37Z
SM-G988B,ILO,G988BXXUDEVA9,2022-02-01,2026-09-11T15:10:30Z
SM-G988B,MID,G988BXXUDEVA9,2022-02-01,2026-09-11T15:10:33Z
SM-G988B,SEE,G988BXXUDEVA9,2022-02-01,2026-09-11T15:10:59Z
SM-G988B,TUR,G988BXXUDEVA9,2022-02-01,2026-09-11T15:10:40Z
SM-G988B,XSA,G988BXXUDEVA9,2022-02-01,2026-09-11T15:11:02Z
SM-G988B,XSG,G988BXXUDEVA9,2022-02-01,2026-09-11T15:10:43Z
SM-G988B,AFG,G988BXXUDFVC7,2022-03-01,2026-09-11T15:10:46Z
SM-G988B,BTU,G988BXXUDFVC7,2022-03-01,2026-09-11T15:11:05Z
SM-G988B,EGY,G988BXXUDFVC7,2022-03-01,2026-09-11T15:10:37Z
SM-G988B,ILO,G988BXXUDFVC7,2022-03-01,2026-09-11T15:10:30Z
SM-G988B,MID,G988BXXUDFVC7,2022-03-01,2026-09-11T15:10:33Z
SM-G988B,SEE,G988BXXUDFVC7,2022-03-01,2026-09-11T15:10:59Z
SM-G988B,TUR,G988BXXUDFVC7,2022-03-01,2026-09-11T15:10:40Z
SM-G988B,XSA,G988BXXUDFVC7,2022-03-01,2026-09-11T15:11:02Z
SM-G988B,XSG,G988BXXUDFVC7,2022-03-01,2026-09-11T15:10:43Z
SM-G988B,AFG,G988BXXUEFVDB,2022-05-01,2026-09-11T15:10:46Z
SM-G988B,BTU,G988BXXUEFVDB,2022-05-01,2026-09-11T15:11:05Z
SM-G988B,EGY,G988BXXUEFVDB,2022-05-01,2026-09-11T15:10:37Z
SM-G988B,ILO,G988BXXUEFVDB,2022-05-01,2026-09-11T15:10:30Z
SM-G988B,MID,G988BXXUEFVDB,2022-05-01,2026-09-11T15:10:33Z
SM-G988B,SEE,G988BXXUEFVDB,2022-05-01,2026-09-11T15:10:59Z
SM-G988B,TUR,G988BXXUEFVDB,2022-05-01,2026-09-11T15:10:40Z
SM-G988B,XSA,G988BXXUEFVDB,2022-05-01,2026-09-11T15:11:02Z
SM-G988B,XSG,G988BXXUEFVDB,2022-05-01,2026-09-11T15:10:43Z
SM-G988B,AFG,G988BXXUEFVG5,2022-08-01,2026-09-11T15:10:46Z
SM-G988B,BTU,G988BXXUEFVG5,2022-08-01,2026-09-11T15:11:05Z
SM-G988B,EGY,G988BXXUEFVG5,2022-08-01,2026-09-11T15:10:37Z
SM-G988B,ILO,G988BXXUEFVG5,2022-08-01,2026-09-11T15:10:30Z
SM-G988B,MID,G988BXXUEFVG5,2022-08-01,2026-09-11T15:10:33Z
SM-G988B,SEE,G988BXXUEFVG5,2022-08-01,2026-09-11T15:10:59Z
SM-G988B,TUR,G988BXXUEFVG5,2022-08-01,2026-09-11T15:10:40Z
SM-G988B,XSA,G988BXXUEFVG5,2022-08-01,2026-09-11T15:11:02Z
SM-G988B,XSG,G988BXXUEFVG5,2022-08-01,2026-09-11T15:10:43Z
SM-G988B,BTU,G988BXXUEFVH3,2022-08-01,2026-09-11T15:11:05Z
SM-G988B,SEE,G988BXXUEFVH3,2022-08-01,2026-09-11T15:10:59Z
SM-G988B,AFG,G988BXXUFFVI7,2022-09-01,2026-09-11T15:10:46Z
SM-G988B,BTU,G988BXXUFFVI7,2022-09-01,2026-09-11T15:11:05Z
SM-G988B,EGY,G988BXXUFFVI7,2022-09-01,2026-09-11T15:10:37Z
SM-G988B,ILO,G988BXXUFFVI7,2022-09-01,2026-09-11T15:10:30Z
SM-G988B,MID,G988BXXUFFVI7,2022-09-01,2026-09-11T15:10:33Z
SM-G988B,SEE,G988BXXUFFVI7,2022-09-01,2026-09-11T15:10:59Z
SM-G988B,TUR,G988BXXUFFVI7,2022-09-01,2026-09-11T15:10:40Z
SM-G988B,XSA,G988BXXUFFVI7,2022-09-01,2026-09-11T15:11:02Z
SM-G988B,XSG,G988BXXUFFVI7,2022-09-01,2026-09-11T15:10:43Z
SM-G988B,AFG,G988BXXUFGVJE,2022-10-01,2026-09-11T15:10:46Z
SM-G988B,BTU,G988BXXUFGVJE,2022-10-01,2026-09-11T15:11:05Z
SM-G988B,EGY,G988BXXUFGVJE,2022-10-01,2026-09-11T15:10:37Z
SM-G988B,ILO,G988BXXUFGVJE,2022-10-01,2026-09-11T15:10:30Z
SM-G988B,SEE,G988BXXUFGVJE,2022-10-01,2026-09-11T15:10:59Z
SM-G988B,TUR,G988BXXUFGVJE,2022-10-01,2026-09-11T15:10:40Z
SM-G988B,XSG,G988BXXUFGVJE,2022-10-01,2026-09-11T15:10:43Z
SM-G988B,XSA,G988BXXUFGVK5,2022-11-01,2026-09-11T15:11:02Z
SM-G988B,AFG,G988BXXUFGVL5,2022-12-01,2026-09-11T15:10:46Z
SM-G988B,BTU,G988BXXUFGVL5,2022-12-01,2026-09-11T15:11:05Z
SM-G988B,EGY,G988BXXUFGVL5,2022-12-01,2026-09-11T15:10:37Z
SM-G988B,ILO,G988BXXUFGVL5,2022-12-01,2026-09-11T15:10:30Z
SM-G988B,SEE,G988BXXUFGVL5,2022-12-01,2026-09-11T15:10:59Z
SM-G988B,TUR,G988BXXUFGVL5,2022-12-01,2026-09-11T15:10:40Z
SM-G988B,XSA,G988BXXUFGVL5,2022-12-01,2026-09-11T15:11:02Z
SM-G988B,XSG,G988BXXUFGVL5,2022-12-01,2026-09-11T15:10:43Z
SM-G988B,XSA,G988BXXUFGWA4,2022-12-01,2026-09-11T15:11:02Z
SM-G988B,AFG,G988BXXUFHWAK,2023-02-01,2026-09-11T15:10:46Z
SM-G988B,BTU,G988BXXUFHWAK,2023-02-01,2026-09-11T15:11:05Z
SM-G988B,EGY,G988BXXUFHWAK,2023-02-01,2026-09-11T15:10:37Z
SM-G988B,ILO,G988BXXUFHWAK,2023-02-01,2026-09-11T15:10:30Z
SM-G988B,MID,G988BXXUFHWAK,2023-02-01,2026-09-11T15:10:33Z
SM-G988B,SEE,G988BXXUFHWAK,2023-02-01,2026-09-11T15:10:59Z
SM-G988B,TUR,G988BXXUFHWAK,2023-02-01,2026-09-11T15:10:40Z
SM-G988B,XSA,G988BXXUFHWAK,2023-02-01,2026-09-11T15:11:02Z
SM-G988B,XSG,G988BXXUFHWAK,2023-02-01,2026-09-11T15:10:43Z
SM-G988B,AFG,G988BXXUGHWCG,2023-04-01,2026-09-11T15:10:46Z
SM-G988B,BTU,G988BXXUGHWCG,2023-04-01,2026-09-11T15:11:05Z
SM-G988B,EGY,G988BXXUGHWCG,2023-04-01,2026-09-11T15:10:37Z
SM-G988B,ILO,G988BXXUGHWCG,2023-04-01,2026-09-11T15:10:30Z
SM-G988B,MID,G988BXXUGHWCG,2023-04-01,2026-09-11T15:10:33Z
SM-G988B,SEE,G988BXXUGHWCG,2023-04-01,2026-09-11T15:10:59Z
SM-G988B,TUR,G988BXXUGHWCG,2023-04-01,2026-09-11T15:10:40Z
SM-G988B,XSA,G988BXXUGHWCG,2023-04-01,2026-09-11T15:11:02Z
SM-G988B,XSG,G988BXXUGHWCG,2023-04-01,2026-09-11T15:10:43Z
SM-G988B,XSA,G988BXXUGHWD6,2023-05-01,2026-09-11T15:11:02Z
SM-G988B,AFG,G988BXXUHHWED,2023-06-01,2026-09-11T15:10:46Z
SM-G988B,BTU,G988BXXUHHWED,2023-06-01,2026-09-11T15:11:05Z
SM-G988B,EGY,G988BXXUHHWED,2023-06-01,2026-09-11T15:10:37Z
SM-G988B,ILO,G988BXXUHHWED,2023-06-01,2026-09-11T15:10:30Z
SM-G988B,MID,G988BXXUHHWED,2023-06-01,2026-09-11T15:10:33Z
SM-G988B,SEE,G988BXXUHHWED,2023-06-01,2026-09-11T15:10:59Z
SM-G988B,TUR,G988BXXUHHWED,2023-06-01,2026-09-11T15:10:40Z
SM-G988B,XSA,G988BXXUHHWED,2023-06-01,2026-09-11T15:11:02Z
SM-G988B,XSG,G988BXXUHHWED,2023-06-01,2026-09-11T15:10:43Z
SM-G988B,AFG,G988BXXUIHWH9,2023-08-01,2026-09-11T15:10:46Z
SM-G988B,BTU,G988BXXUIHWH9,2023-08-01,2026-09-11T15:11:05Z
SM-G988B,EGY,G988BXXUIHWH9,2023-08-01,2026-09-11T15:10:37Z
SM-G988B,ILO,G988BXXUIHWH9,2023-08-01,2026-09-11T15:10:30Z
SM-G988B,MID,G988BXXUIHWH9,2023-08-01,2026-09-11T15:10:33Z
SM-G988B,SEE,G988BXXUIHWH9,2023-08-01,2026-09-11T15:10:59Z
SM-G988B,TUR,G988BXXUIHWH9,2023-08-01,2026-09-11T15:10:40Z
SM-G988B,XSA,G988BXXUIHWH9,2023-08-01,2026-09-11T15:11:02Z
SM-G988B,XSG,G988BXXUIHWH9,2023-08-01,2026-09-11T15:10:43Z
SM-G990B,EUX,G990BXXS1BVB3,2022-02-01,2026-09-11T15:11:33Z
SM-G990B,EUX,G990BXXS2CVC6,2022-04-01,2026-09-11T15:11:33Z
SM-G990B,EUX,G990BXXS2CVI5,2022-10-01,2026-09-11T15:11:33Z
SM-G990B,EUX,G990BXXS2DVK4,2022-11-01,2026-09-11T15:11:33Z
SM-G990B,EUX,G990BXXS2DVL1,2022-12-01,2026-09-11T15:11:33Z
SM-G990B,EUX,G990BXXS3EWC4,2023-03-01,2026-09-11T15:11:33Z
SM-G990B,EUX,G990BXXS4EWE3,2023-05-01,2026-09-11T15:11:33Z
SM-G990B,EUX,G990BXXS6EWF2,2023-07-01,2026-09-11T15:11:33Z
SM-G990B,EUX,G990BXXS6EWG9,2023-08-01,2026-09-11T15:11:33Z
SM-G990B,EUX,G990BXXS6EWI1,2023-09-01,2026-09-11T15:11:33Z
SM-G990B,EUX,G990BXXS6EWJ1,2023-10-01,2026-09-11T15:11:33Z
SM-G990B,EUX,G990BXXS6EWJB,2023-11-01,2026-09-11T15:11:33Z
SM-G990B,EUX,G990BXXS6FWL2,2023-12-01,2026-09-11T15:11:33Z
SM-G990B,EUX,G990BXXS6FWL5,2024-01-01,2026-09-11T15:11:33Z
SM-G990B,EUX,G990BXXS6FXA7,2024-02-01,2026-09-11T15:11:33Z
SM-G990B,EUX,G990BXXS6FXC1,2024-03-01,2026-09-11T15:11:33Z
SM-G990B,EUX,G990BXXS7FXD2,2024-04-01,2026-09-11T15:11:33Z
SM-G990B,EUX,G990BXXS8GXF1,2024-06-01,2026-09-11T15:11:33Z
SM-G990B,EUX,G990BXXS9GXF3,2024-07-01,2026-09-11T15:11:33Z
SM-G990B,EUX,G990BXXS9GXI1,2024-09-01,2026-09-11T15:11:33Z
SM-G990B,EUX,G990BXXSAGXJ1,2024-10-01,2026-09-11T15:11:33Z
SM-G990B,EUX,G990BXXSBGXJ3,2024-11-01,2026-09-11T15:11:33Z
SM-G990B,EUX,G990BXXSBGXL2,2024-12-01,2026-09-11T15:11:33Z
SM-G990B,EUX,G990BXXSBGYA2,2025-01-01,2026-09-11T15:11:33Z
SM-G990B,EUX,G990BXXSBGYB1,2025-02-01,2026-09-11T15:11:33Z
SM-G990B,EUX,G990BXXSCGYC1,2025-03-01,2026-09-11T15:11:33Z
SM-G990B,EUX,G990BXXSCGYC9,2025-04-01,2026-09-11T15:11:33Z
SM-G990B,EUX,G990BXXSDHYE2,2025-05-01,2026-09-11T15:11:33Z
SM-G990B,EUX,G990BXXSEHYF1,2025-06-01,2026-09-11T15:11:33Z
SM-G990B,EUX,G990BXXSFHYG1,2025-07-01,2026-09-11T15:11:33Z
SM-G990B,EUX,G990BXXSFHYH1,2025-08-01,2026-09-11T15:11:33Z
SM-G990B,EUX,G990BXXSGHYI1,2025-09-01,2026-09-11T15:11:33Z
SM-G990B,EUX,G990BXXSGIYJ2,2025-10-01,2026-09-11T15:11:33Z
SM-G990B,EUX,G990BXXSHIYK1,2025-11-01,2026-09-11T15:11:33Z
SM-G990B,EUX,G990BXXSHIYK2,2025-12-01,2026-09-11T15:11:33Z
SM-G990B,EUX,G990BXXSIIZA1,2026-01-01,2026-09-11T15:11:33Z
SM-G990B,EUX,G990BXXSJIZB2,2026-02-05,2026-09-11T15:11:33Z
SM-G990B,EUX,G990BXXSKIZE1,2026-05-05,2026-09-11T15:11:33Z
SM-G990B,EUX,G990BXXSKIZF1,2026-06-05,2026-09-11T15:11:33Z
SM-G990B,EUX,G990BXXU1BUL5,2022-01-01,2026-09-11T15:11:33Z
SM-G990B,EUX,G990BXXU1CVC3,2022-03-01,2026-09-11T15:11:33Z
SM-G990B,EUX,G990BXXU2CVD9,2022-05-01,2026-09-11T15:11:33Z
SM-G990B,EUX,G990BXXU2CVF1,2022-06-01,2026-09-11T15:11:33Z
SM-G990B,EUX,G990BXXU2CVF6,2022-07-01,2026-09-11T15:11:33Z
SM-G990B,EUX,G990BXXU2CVG7,2022-08-01,2026-09-11T15:11:33Z
SM-G990B,EUX,G990BXXU2CVH7,2022-09-01,2026-09-11T15:11:33Z
SM-G990B,EUX,G990BXXU2DVK3,2022-10-01,2026-09-11T15:11:33Z
SM-G990B,EUX,G990BXXU2DWA4,2023-01-01,2026-09-11T15:11:33Z
SM-G990B,EUX,G990BXXU2EWAJ,2023-02-01,2026-09-11T15:11:33Z
SM-G990B,EUX,G990BXXU3EWC1,2023-02-01,2026-09-11T15:11:33Z
SM-G990B,EUX,G990BXXU4EWC7,2023-04-01,2026-09-11T15:11:33Z
SM-G990B,EUX,G990BXXU4EWD2,2023-04-01,2026-09-11T15:11:33Z
SM-G990B,EUX,G990BXXU5EWE7,2023-06-01,2026-09-11T15:11:33Z
SM-G990B,EUX,G990BXXU6EWH5,2023-08-01,2026-09-11T15:11:33Z
SM-G990B,EUX,G990BXXU6FWK3,2023-11-01,2026-09-11T15:11:33Z
SM-G990B,EUX,G990BXXU7GXD6,2024-04-01,2026-09-11T15:11:33Z
SM-G990B,EUX,G990BXXU8GXE1,2024-05-01,2026-09-11T15:11:33Z
SM-G990B,EUX,G990BXXU9GXH2,2024-08-01,2026-09-11T15:11:33Z
SM-G990B,EUX,G990BXXUBGXK7,2024-11-01,2026-09-11T15:11:33Z
SM-G990B,EUX,G990BXXUCHYDB,2025-04-01,2026-09-11T15:11:33Z
SM-G990B,EUX,G990BXXUGIYJ1,2025-09-01,2026-09-11T15:11:33Z
SM-G991B,AFG,G991BXXS2AUBB,2021-03-01,2026-09-11T15:12:07Z
SM-G991B,BTU,G991BXXS2AUBB,2021-03-01,2026-09-11T15:12:28Z
SM-G991B,EGY,G991BXXS2AUBB,2021-03-01,2026-09-11T15:11:57Z
SM-G991B,ILO,G991BXXS2AUBB,2021-03-01,2026-09-11T15:11:51Z
SM-G991B,MID,G991BXXS2AUBB,2021-03-01,2026-09-11T15:11:54Z
SM-G991B,SEE,G991BXXS2AUBB,2021-03-01,2026-09-11T15:12:22Z
SM-G991B,TUR,G991BXXS2AUBB,2021-03-01,2026-09-11T15:12:01Z
SM-G991B,XSA,G991BXXS2AUBB,2021-03-01,2026-09-11T15:12:25Z
SM-G991B,XSG,G991BXXS2AUBB,2021-03-01,2026-09-11T15:12:04Z
SM-G991B,XSA,G991BXXS3AUFD,2021-07-01,2026-09-11T15:12:25Z
SM-G991B,AFG,G991BXXS3AUHD,2021-09-01,2026-09-11T15:12:07Z
SM-G991B,BTU,G991BXXS3AUHD,2021-09-01,2026-09-11T15:12:28Z
SM-G991B,EGY,G991BXXS3AUHD,2021-09-01,2026-09-11T15:11:57Z
SM-G991B,MID,G991BXXS3AUHD,2021-09-01,2026-09-11T15:11:54Z
SM-G991B,SEE,G991BXXS3AUHD,2021-09-01,2026-09-11T15:12:22Z
SM-G991B,TUR,G991BXXS3AUHD,2021-09-01,2026-09-11T15:12:01Z
SM-G991B,XSA,G991BXXS3AUHD,2021-09-01,2026-09-11T15:12:25Z
SM-G991B,XSG,G991BXXS3AUHD,2021-09-01,2026-09-11T15:12:04Z
SM-G991B,AFG,G991BXXS3AUJ7,2021-11-01,2026-09-11T15:12:07Z
SM-G991B,BTU,G991BXXS3AUJ7,2021-11-01,2026-09-11T15:12:28Z
SM-G991B,EGY,G991BXXS3AUJ7,2021-11-01,2026-09-11T15:11:57Z
SM-G991B,ILO,G991BXXS3AUJ7,2021-11-01,2026-09-11T15:11:51Z
SM-G991B,MID,G991BXXS3AUJ7,2021-11-01,2026-09-11T15:11:54Z
SM-G991B,SEE,G991BXXS3AUJ7,2021-11-01,2026-09-11T15:12:22Z
SM-G991B,TUR,G991BXXS3AUJ7,2021-11-01,2026-09-11T15:12:01Z
SM-G991B,XSA,G991BXXS3AUJ7,2021-11-01,2026-09-11T15:12:25Z
SM-G991B,XSG,G991BXXS3AUJ7,2021-11-01,2026-09-11T15:12:04Z
SM-G991B,AFG,G991BXXS3BUL1,2021-12-01,2026-09-11T15:12:07Z
SM-G991B,BTU,G991BXXS3BUL1,2021-12-01,2026-09-11T15:12:28Z
SM-G991B,EGY,G991BXXS3BUL1,2021-12-01,2026-09-11T15:11:57Z
SM-G991B,ILO,G991BXXS3BUL1,2021-12-01,2026-09-11T15:11:51Z
SM-G991B,MID,G991BXXS3BUL1,2021-12-01,2026-09-11T15:11:54Z
SM-G991B,SEE,G991BXXS3BUL1,2021-12-01,2026-09-11T15:12:22Z
SM-G991B,TUR,G991BXXS3BUL1,2021-12-01,2026-09-11T15:12:01Z
SM-G991B,XSG,G991BXXS3BUL1,2021-12-01,2026-09-11T15:12:04Z
SM-G991B,AFG,G991BXXS3BULC,2021-12-01,2026-09-11T15:12:07Z
SM-G991B,BTU,G991BXXS3BULC,2021-12-01,2026-09-11T15:12:28Z
SM-G991B,EGY,G991BXXS3BULC,2021-12-01,2026-09-11T15:11:57Z
SM-G991B,ILO,G991BXXS3BULC,2021-12-01,2026-09-11T15:11:51Z
SM-G991B,MID,G991BXXS3BULC,2021-12-01,2026-09-11T15:11:54Z
SM-G991B,SEE,G991BXXS3BULC,2021-12-01,2026-09-11T15:12:22Z
SM-G991B,TUR,G991BXXS3BULC,2021-12-01,2026-09-11T15:12:01Z
SM-G991B,XSA,G991BXXS3BULC,2021-12-01,2026-09-11T15:12:25Z
SM-G991B,XSG,G991BXXS3BULC,2021-12-01,2026-09-11T15:12:04Z
SM-G991B,AFG,G991BXXS4BVA8,2022-02-01,2026-09-11T15:12:07Z
SM-G991B,MID,G991BXXS4BVA8,2022-02-01,2026-09-11T15:11:54Z
SM-G991B,XSG,G991BXXS4BVA8,2022-02-01,2026-09-11T15:12:04Z
SM-G991B,XSA,G991BXXS4BVAA,2022-02-01,2026-09-11T15:12:25Z
SM-G991B,BTU,G991BXXS4CVCG,2022-04-01,2026-09-11T15:12:28Z
SM-G991B,SEE,G991BXXS4CVCG,2022-04-01,2026-09-11T15:12:22Z
SM-G991B,AFG,G991BXXS5CVFB,2022-07-01,2026-09-11T15:12:07Z
SM-G991B,BTU,G991BXXS5CVFB,2022-07-01,2026-09-11T15:12:28Z
SM-G991B,EGY,G991BXXS5CVFB,2022-07-01,2026-09-11T15:11:57Z
SM-G991B,MID,G991BXXS5CVFB,2022-07-01,2026-09-11T15:11:54Z
SM-G991B,SEE,G991BXXS5CVFB,2022-07-01,2026-09-11T15:12:22Z
SM-G991B,TUR,G991BXXS5CVFB,2022-07-01,2026-09-11T15:12:01Z
SM-G991B,XSA,G991BXXS5CVFB,2022-07-01,2026-09-11T15:12:25Z
SM-G991B,XSG,G991BXXS5CVFB,2022-07-01,2026-09-11T15:12:04Z
SM-G991B,AFG,G991BXXS5CVHI,2022-09-01,2026-09-11T15:12:07Z
SM-G991B,BTU,G991BXXS5CVHI,2022-09-01,2026-09-11T15:12:28Z
SM-G991B,EGY,G991BXXS5CVHI,2022-09-01,2026-09-11T15:11:57Z
SM-G991B,ILO,G991BXXS5CVHI,2022-09-01,2026-09-11T15:11:51Z
SM-G991B,MID,G991BXXS5CVHI,2022-09-01,2026-09-11T15:11:54Z
SM-G991B,SEE,G991BXXS5CVHI,2022-09-01,2026-09-11T15:12:22Z
SM-G991B,TUR,G991BXXS5CVHI,2022-09-01,2026-09-11T15:12:01Z
SM-G991B,XSA,G991BXXS5CVHI,2022-09-01,2026-09-11T15:12:25Z
SM-G991B,XSG,G991BXXS5CVHI,2022-09-01,2026-09-11T15:12:04Z
SM-G991B,AFG,G991BXXS5CVIF,2022-10-01,2026-09-11T15:12:07Z
SM-G991B,BTU,G991BXXS5CVIF,2022-10-01,2026-09-11T15:12:28Z
SM-G991B,EGY,G991BXXS5CVIF,2022-10-01,2026-09-11T15:11:57Z
SM-G991B,ILO,G991BXXS5CVIF,2022-10-01,2026-09-11T15:11:51Z
SM-G991B,MID,G991BXXS5CVIF,2022-10-01,2026-09-11T15:11:54Z
SM-G991B,SEE,G991BXXS5CVIF,2022-10-01,2026-09-11T15:12:22Z
SM-G991B,TUR,G991BXXS5CVIF,2022-10-01,2026-09-11T15:12:01Z
SM-G991B,XSA,G991BXXS5CVIF,2022-10-01,2026-09-11T15:12:25Z
SM-G991B,XSG,G991BXXS5CVIF,2022-10-01,2026-09-11T15:12:04Z
SM-G991B,BTU,G991BXXS5DVK1,2022-11-01,2026-09-11T15:12:28Z
SM-G991B,SEE,G991BXXS5DVK1,2022-11-01,2026-09-11T15:12:22Z
SM-G991B,XSA,G991BXXS5DVK1,2022-11-01,2026-09-11T15:12:25Z
SM-G991B,AFG,G991BXXS5DVKE,2022-11-01,2026-09-11T15:12:07Z
SM-G991B,EGY,G991BXXS5DVKE,2022-11-01,2026-09-11T15:11:57Z
SM-G991B,MID,G991BXXS5DVKE,2022-11-01,2026-09-11T15:11:54Z
SM-G991B,TUR,G991BXXS5DVKE,2022-11-01,2026-09-11T15:12:01Z
SM-G991B,XSG,G991BXXS5DVKE,2022-11-01,2026-09-11T15:12:04Z
SM-G991B,SEE,G991BXXS5DVL3,2023-01-01,2026-09-11T15:12:22Z
SM-G991B,AFG,G991BXXS5DWA4,2023-01-01,2026-09-11T15:12:07Z
SM-G991B,BTU,G991BXXS5DWA4,2023-01-01,2026-09-11T15:12:28Z
SM-G991B,EGY,G991BXXS5DWA4,2023-01-01,2026-09-11T15:11:57Z
SM-G991B,ILO,G991BXXS5DWA4,2023-01-01,2026-09-11T15:11:51Z
SM-G991B,MID,G991BXXS5DWA4,2023-01-01,2026-09-11T15:11:54Z
SM-G991B,SEE,G991BXXS5DWA4,2023-01-01,2026-09-11T15:12:22Z
SM-G991B,TUR,G991BXXS5DWA4,2023-01-01,2026-09-11T15:12:01Z
SM-G991B,XSG,G991BXXS5DWA4,2023-01-01,2026-09-11T15:12:04Z
SM-G991B,XSA,G991BXXS5DWA7,2023-01-01,2026-09-11T15:12:25Z
SM-G991B,AFG,G991BXXS6EWBB,2023-03-01,2026-09-11T15:12:07Z
SM-G991B,BTU,G991BXXS6EWBB,2023-03-01,2026-09-11T15:12:28Z
SM-G991B,EGY,G991BXXS6EWBB,2023-03-01,2026-09-11T15:11:57Z
SM-G991B,ILO,G991BXXS6EWBB,2023-03-01,2026-09-11T15:11:51Z
SM-G991B,MID,G991BXXS6EWBB,2023-03-01,2026-09-11T15:11:54Z
SM-G991B,SEE,G991BXXS6EWBB,2023-03-01,2026-09-11T15:12:22Z
SM-G991B,TUR,G991BXXS6EWBB,2023-03-01,2026-09-11T15:12:01Z
SM-G991B,XSA,G991BXXS6EWBB,2023-03-01,2026-09-11T15:12:25Z
SM-G991B,XSG,G991BXXS6EWBB,2023-03-01,2026-09-11T15:12:04Z
SM-G991B,AFG,G991BXXS7EWD3,2023-05-01,2026-09-11T15:12:07Z
SM-G991B,EGY,G991BXXS7EWD3,2023-05-01,2026-09-11T15:11:57Z
SM-G991B,ILO,G991BXXS7EWD3,2023-05-01,2026-09-11T15:11:51Z
SM-G991B,MID,G991BXXS7EWD3,2023-05-01,2026-09-11T15:11:54Z
SM-G991B,TUR,G991BXXS7EWD3,2023-05-01,2026-09-11T15:12:01Z
SM-G991B,XSG,G991BXXS7EWD3,2023-05-01,2026-09-11T15:12:04Z
SM-G991B,AFG,G991BXXS9EWF3,2023-07-01,2026-09-11T15:12:07Z
SM-G991B,BTU,G991BXXS9EWF3,2023-07-01,2026-09-11T15:12:28Z
SM-G991B,EGY,G991BXXS9EWF3,2023-07-01,2026-09-11T15:11:57Z
SM-G991B,ILO,G991BXXS9EWF3,2023-07-01,2026-09-11T15:11:51Z
SM-G991B,MID,G991BXXS9EWF3,2023-07-01,2026-09-11T15:11:54Z
SM-G991B,SEE,G991BXXS9EWF3,2023-07-01,2026-09-11T15:12:22Z
SM-G991B,TUR,G991BXXS9EWF3,2023-07-01,2026-09-11T15:12:01Z
SM-G991B,XSA,G991BXXS9EWF3,2023-07-01,2026-09-11T15:12:25Z
SM-G991B,XSG,G991BXXS9EWF3,2023-07-01,2026-09-11T15:12:04Z
SM-G991B,AFG,G991BXXS9EWH1,2023-08-01,2026-09-11T15:12:07Z
SM-G991B,BTU,G991BXXS9EWH1,2023-08-01,2026-09-11T15:12:28Z
SM-G991B,EGY,G991BXXS9EWH1,2023-08-01,2026-09-11T15:11:57Z
SM-G991B,ILO,G991BXXS9EWH1,2023-08-01,2026-09-11T15:11:51Z
SM-G991B,MID,G991BXXS9EWH1,2023-08-01,2026-09-11T15:11:54Z
SM-G991B,SEE,G991BXXS9EWH1,2023-08-01,2026-09-11T15:12:22Z
SM-G991B,TUR,G991BXXS9EWH1,2023-08-01,2026-09-11T15:12:01Z
SM-G991B,XSA,G991BXXS9EWH1,2023-08-01,2026-09-11T15:12:25Z
SM-G991B,XSG,G991BXXS9EWH1,2023-08-01,2026-09-11T15:12:04Z
SM-G991B,AFG,G991BXXS9EWI1,2023-09-01,2026-09-11T15:12:07Z
SM-G991B,BTU,G991BXXS9EWI1,2023-09-01,2026-09-11T15:12:28Z
SM-G991B,EGY,G991BXXS9EWI1,2023-09-01,2026-09-11T15:11:57Z
SM-G991B,ILO,G991BXXS9EWI1,2023-09-01,2026-09-11T15:11:51Z
SM-G991B,MID,G991BXXS9EWI1,2023-09-01,2026-09-11T15:11:54Z
SM-G991B,SEE,G991BXXS9EWI1,2023-09-01,2026-09-11T15:12:22Z
SM-G991B,TUR,G991BXXS9EWI1,2023-09-01,2026-09-11T15:12:01Z
SM-G991B,XSA,G991BXXS9EWI1,2023-09-01,2026-09-11T15:12:25Z
SM-G991B,XSG,G991BXXS9EWI1,2023-09-01,2026-09-11T15:12:04Z
SM-G991B,AFG,G991BXXS9EWIA,2023-10-01,2026-09-11T15:12:07Z
SM-G991B,BTU,G991BXXS9EWIA,2023-10-01,2026-09-11T15:12:28Z
SM-G991B,EGY,G991BXXS9EWIA,2023-10-01,2026-09-11T15:11:57Z
SM-G991B,ILO,G991BXXS9EWIA,2023-10-01,2026-09-11T15:11:51Z
SM-G991B,MID,G991BXXS9EWIA,2023-10-01,2026-09-11T15:11:54Z
SM-G991B,SEE,G991BXXS9EWIA,2023-10-01,2026-09-11T15:12:22Z
SM-G991B,TUR,G991BXXS9EWIA,2023-10-01,2026-09-11T15:12:01Z
SM-G991B,XSA,G991BXXS9EWIA,2023-10-01,2026-09-11T15:12:25Z
SM-G991B,XSG,G991BXXS9EWIA,2023-10-01,2026-09-11T15:12:04Z
SM-G991B,BTU,G991BXXS9EWJG,2023-10-01,2026-09-11T15:12:28Z
SM-G991B,SEE,G991BXXS9EWJG,2023-10-01,2026-09-11T15:12:22Z
SM-G991B,AFG,G991BXXS9EWJO,2023-11-01,2026-09-11T15:12:07Z
SM-G991B,BTU,G991BXXS9EWJO,2023-11-01,2026-09-11T15:12:28Z
SM-G991B,EGY,G991BXXS9EWJO,2023-11-01,2026-09-11T15:11:57Z
SM-G991B,ILO,G991BXXS9EWJO,2023-11-01,2026-09-11T15:11:51Z
SM-G991B,MID,G991BXXS9EWJO,2023-11-01,2026-09-11T15:11:54Z
SM-G991B,SEE,G991BXXS9EWJO,2023-11-01,2026-09-11T15:12:22Z
SM-G991B,TUR,G991BXXS9EWJO,2023-11-01,2026-09-11T15:12:01Z
SM-G991B,XSA,G991BXXS9EWJO,2023-11-01,2026-09-11T15:12:25Z
SM-G991B,XSG,G991BXXS9EWJO,2023-11-01,2026-09-11T15:12:04Z
SM-G991B,SEE,G991BXXS9FWKB,2023-12-01,2026-09-11T15:12:22Z
SM-G991B,XSA,G991BXXS9FWL4,2023-12-01,2026-09-11T15:12:25Z
SM-G991B,AFG,G991BXXS9FWL5,2023-12-01,2026-09-11T15:12:07Z
SM-G991B,EGY,G991BXXS9FWL5,2023-12-01,2026-09-11T15:11:57Z
SM-G991B,MID,G991BXXS9FWL5,2023-12-01,2026-09-11T15:11:54Z
SM-G991B,XSG,G991BXXS9FWL5,2023-12-01,2026-09-11T15:12:04Z
SM-G991B,SEE,G991BXXS9FWL9,2024-01-01,2026-09-11T15:12:22Z
SM-G991B,BTU,G991BXXS9FWLA,2024-01-01,2026-09-11T15:12:28Z
SM-G991B,ILO,G991BXXS9FWLA,2024-01-01,2026-09-11T15:11:51Z
SM-G991B,TUR,G991BXXS9FWLA,2024-01-01,2026-09-11T15:12:01Z
SM-G991B,AFG,G991BXXS9FXA2,2024-01-01,2026-09-11T15:12:07Z
SM-G991B,EGY,G991BXXS9FXA2,2024-01-01,2026-09-11T15:11:57Z
SM-G991B,MID,G991BXXS9FXA2,2024-01-01,2026-09-11T15:11:54Z
SM-G991B,XSG,G991BXXS9FXA2,2024-01-01,2026-09-11T15:12:04Z
SM-G991B,XSA,G991BXXS9FXA3,2024-01-01,2026-09-11T15:12:25Z
SM-G991B,SEE,G991BXXS9FXAH,2024-02-01,2026-09-11T15:12:22Z
SM-G991B,XSA,G991BXXS9FXAI,2024-02-01,2026-09-11T15:12:25Z
SM-G991B,BTU,G991BXXS9FXAK,2024-02-01,2026-09-11T15:12:28Z
SM-G991B,ILO,G991BXXS9FXAK,2024-02-01,2026-09-11T15:11:51Z
SM-G991B,TUR,G991BXXS9FXAK,2024-02-01,2026-09-11T15:12:01Z
SM-G991B,AFG,G991BXXS9FXAM,2024-02-01,2026-09-11T15:12:07Z
SM-G991B,EGY,G991BXXS9FXAM,2024-02-01,2026-09-11T15:11:57Z
SM-G991B,MID,G991BXXS9FXAM,2024-02-01,2026-09-11T15:11:54Z
SM-G991B,XSG,G991BXXS9FXAM,2024-02-01,2026-09-11T15:12:04Z
SM-G991B,SEE,G991BXXS9FXBD,2024-03-01,2026-09-11T15:12:22Z
SM-G991B,BTU,G991BXXS9FXBE,2024-03-01,2026-09-11T15:12:28Z
SM-G991B,ILO,G991BXXS9FXBE,2024-03-01,2026-09-11T15:11:51Z
SM-G991B,TUR,G991BXXS9FXBE,2024-03-01,2026-09-11T15:12:01Z
SM-G991B,XSA,G991BXXS9FXBF,2024-03-01,2026-09-11T15:12:25Z
SM-G991B,AFG,G991BXXS9FXBG,2024-03-01,2026-09-11T15:12:07Z
SM-G991B,EGY,G991BXXS9FXBG,2024-03-01,2026-09-11T15:11:57Z
SM-G991B,MID,G991BXXS9FXBG,2024-03-01,2026-09-11T15:11:54Z
SM-G991B,XSG,G991BXXS9FXBG,2024-03-01,2026-09-11T15:12:04Z
SM-G991B,SEE,G991BXXSAFXCL,2024-04-01,2026-09-11T15:12:22Z
SM-G991B,BTU,G991BXXSAFXCM,2024-04-01,2026-09-11T15:12:28Z
SM-G991B,ILO,G991BXXSAFXCM,2024-04-01,2026-09-11T15:11:51Z
SM-G991B,TUR,G991BXXSAFXCM,2024-04-01,2026-09-11T15:12:01Z
SM-G991B,AFG,G991BXXSAFXCO,2024-04-01,2026-09-11T15:12:07Z
SM-G991B,EGY,G991BXXSAFXCO,2024-04-01,2026-09-11T15:11:57Z
SM-G991B,MID,G991BXXSAFXCO,2024-04-01,2026-09-11T15:11:54Z
SM-G991B,XSG,G991BXXSAFXCO,2024-04-01,2026-09-11T15:12:04Z
SM-G991B,XSA,G991BXXSAFXCP,2024-04-01,2026-09-11T15:12:25Z
SM-G991B,AFG,G991BXXSBGXDH,2024-05-01,2026-09-11T15:12:07Z
SM-G991B,BTU,G991BXXSBGXDH,2024-05-01,2026-09-11T15:12:28Z
SM-G991B,EGY,G991BXXSBGXDH,2024-05-01,2026-09-11T15:11:57Z
SM-G991B,ILO,G991BXXSBGXDH,2024-05-01,2026-09-11T15:11:51Z
SM-G991B,MID,G991BXXSBGXDH,2024-05-01,2026-09-11T15:11:54Z
SM-G991B,SEE,G991BXXSBGXDH,2024-05-01,2026-09-11T15:12:22Z
SM-G991B,TUR,G991BXXSBGXDH,2024-05-01,2026-09-11T15:12:01Z
SM-G991B,XSA,G991BXXSBGXDH,2024-05-01,2026-09-11T15:12:25Z
SM-G991B,XSG,G991BXXSBGXDH,2024-05-01,2026-09-11T15:12:04Z
SM-G991B,AFG,G991BXXSBGXEC,2024-06-01,2026-09-11T15:12:07Z
SM-G991B,EGY,G991BXXSBGXEC,2024-06-01,2026-09-11T15:11:57Z
SM-G991B,ILO,G991BXXSBGXEC,2024-06-01,2026-09-11T15:11:51Z
SM-G991B,MID,G991BXXSBGXEC,2024-06-01,2026-09-11T15:11:54Z
SM-G991B,TUR,G991BXXSBGXEC,2024-06-01,2026-09-11T15:12:01Z
SM-G991B,XSA,G991BXXSBGXEC,2024-06-01,2026-09-11T15:12:25Z
SM-G991B,XSG,G991BXXSBGXEC,2024-06-01,2026-09-11T15:12:04Z
SM-G991B,BTU,G991BXXSBGXED,2024-06-01,2026-09-11T15:12:28Z
SM-G991B,SEE,G991BXXSBGXED,2024-06-01,2026-09-11T15:12:22Z
SM-G991B,AFG,G991BXXSCGXF4,2024-07-01,2026-09-11T15:12:07Z
SM-G991B,EGY,G991BXXSCGXF4,2024-07-01,2026-09-11T15:11:57Z
SM-G991B,ILO,G991BXXSCGXF4,2024-07-01,2026-09-11T15:11:51Z
SM-G991B,MID,G991BXXSCGXF4,2024-07-01,2026-09-11T15:11:54Z
SM-G991B,TUR,G991BXXSCGXF4,2024-07-01,2026-09-11T15:12:01Z
SM-G991B,XSA,G991BXXSCGXF4,2024-07-01,2026-09-11T15:12:25Z
SM-G991B,XSG,G991BXXSCGXF4,2024-07-01,2026-09-11T15:12:04Z
SM-G991B,BTU,G991BXXSCGXF5,2024-07-01,2026-09-11T15:12:28Z
SM-G991B,SEE,G991BXXSCGXF5,2024-07-01,2026-09-11T15:12:22Z
SM-G991B,AFG,G991BXXSCGXH7,2024-09-01,2026-09-11T15:12:07Z
SM-G991B,BTU,G991BXXSCGXH7,2024-09-01,2026-09-11T15:12:28Z
SM-G991B,EGY,G991BXXSCGXH7,2024-09-01,2026-09-11T15:11:57Z
SM-G991B,ILO,G991BXXSCGXH7,2024-09-01,2026-09-11T15:11:51Z
SM-G991B,MID,G991BXXSCGXH7,2024-09-01,2026-09-11T15:11:54Z
SM-G991B,SEE,G991BXXSCGXH7,2024-09-01,2026-09-11T15:12:22Z
SM-G991B,TUR,G991BXXSCGXH7,2024-09-01,2026-09-11T15:12:01Z
SM-G991B,XSA,G991BXXSCGXH7,2024-09-01,2026-09-11T15:12:25Z
SM-G991B,XSG,G991BXXSCGXH7,2024-09-01,2026-09-11T15:12:04Z
SM-G991B,AFG,G991BXXSDGXI5,2024-10-01,2026-09-11T15:12:07Z
SM-G991B,BTU,G991BXXSDGXI5,2024-10-01,2026-09-11T15:12:28Z
SM-G991B,EGY,G991BXXSDGXI5,2024-10-01,2026-09-11T15:11:57Z
SM-G991B,ILO,G991BXXSDGXI5,2024-10-01,2026-09-11T15:11:51Z
SM-G991B,MID,G991BXXSDGXI5,2024-10-01,2026-09-11T15:11:54Z
SM-G991B,SEE,G991BXXSDGXI5,2024-10-01,2026-09-11T15:12:22Z
SM-G991B,TUR,G991BXXSDGXI5,2024-10-01,2026-09-11T15:12:01Z
SM-G991B,XSA,G991BXXSDGXI5,2024-10-01,2026-09-11T15:12:25Z
SM-G991B,XSG,G991BXXSDGXI5,2024-10-01,2026-09-11T15:12:04Z
SM-G991B,AFG,G991BXXSEGXK1,2024-12-01,2026-09-11T15:12:07Z
SM-G991B,BTU,G991BXXSEGXK1,2024-12-01,2026-09-11T15:12:28Z
SM-G991B,EGY,G991BXXSEGXK1,2024-12-01,2026-09-11T15:11:57Z
SM-G991B,ILO,G991BXXSEGXK1,2024-12-01,2026-09-11T15:11:51Z
SM-G991B,MID,G991BXXSEGXK1,2024-12-01,2026-09-11T15:11:54Z
SM-G991B,SEE,G991BXXSEGXK1,2024-12-01,2026-09-11T15:12:22Z
SM-G991B,TUR,G991BXXSEGXK1,2024-12-01,2026-09-11T15:12:01Z
SM-G991B,XSA,G991BXXSEGXK1,2024-12-01,2026-09-11T15:12:25Z
SM-G991B,XSG,G991BXXSEGXK1,2024-12-01,2026-09-11T15:12:04Z
SM-G991B,AFG,G991BXXSEGXL2,2025-01-01,2026-09-11T15:12:07Z
SM-G991B,BTU,G991BXXSEGXL2,2025-01-01,2026-09-11T15:12:28Z
SM-G991B,EGY,G991BXXSEGXL2,2025-01-01,2026-09-11T15:11:57Z
SM-G991B,ILO,G991BXXSEGXL2,2025-01-01,2026-09-11T15:11:51Z
SM-G991B,MID,G991BXXSEGXL2,2025-01-01,2026-09-11T15:11:54Z
SM-G991B,SEE,G991BXXSEGXL2,2025-01-01,2026-09-11T15:12:22Z
SM-G991B,TUR,G991BXXSEGXL2,2025-01-01,2026-09-11T15:12:01Z
SM-G991B,XSA,G991BXXSEGXL2,2025-01-01,2026-09-11T15:12:25Z
SM-G991B,XSG,G991BXXSEGXL2,2025-01-01,2026-09-11T15:12:04Z
SM-G991B,AFG,G991BXXSEGYA2,2025-02-01,2026-09-11T15:12:07Z
SM-G991B,BTU,G991BXXSEGYA2,2025-02-01,2026-09-11T15:12:28Z
SM-G991B,EGY,G991BXXSEGYA2,2025-02-01,2026-09-11T15:11:57Z
SM-G991B,ILO,G991BXXSEGYA2,2025-02-01,2026-09-11T15:11:51Z
SM-G991B,MID,G991BXXSEGYA2,2025-02-01,2026-09-11T15:11:54Z
SM-G991B,SEE,G991BXXSEGYA2,2025-02-01,2026-09-11T15:12:22Z
SM-G991B,TUR,G991BXXSEGYA2,2025-02-01,2026-09-11T15:12:01Z
SM-G991B,XSA,G991BXXSEGYA2,2025-02-01,2026-09-11T15:12:25Z
SM-G991B,XSG,G991BXXSEGYA2,2025-02-01,2026-09-11T15:12:04Z
SM-G991B,AFG,G991BXXSFHYE1,2025-05-01,2026-09-11T15:12:07Z
SM-G991B,BTU,G991BXXSFHYE1,2025-05-01,2026-09-11T15:12:28Z
SM-G991B,EGY,G991BXXSFHYE1,2025-05-01,2026-09-11T15:11:57Z
SM-G991B,ILO,G991BXXSFHYE1,2025-05-01,2026-09-11T15:11:51Z
SM-G991B,MID,G991BXXSFHYE1,2025-05-01,2026-09-11T15:11:54Z
SM-G991B,SEE,G991BXXSFHYE1,2025-05-01,2026-09-11T15:12:22Z
SM-G991B,TUR,G991BXXSFHYE1,2025-05-01,2026-09-11T15:12:01Z
SM-G991B,XSA,G991BXXSFHYE1,2025-05-01,2026-09-11T15:12:25Z
SM-G991B,XSG,G991BXXSFHYE1,2025-05-01,2026-09-11T15:12:04Z
SM-G991B,AFG,G991BXXSGHYH1,2025-08-01,2026-09-11T15:12:07Z
SM-G991B,BTU,G991BXXSGHYH1,2025-08-01,2026-09-11T15:12:28Z
SM-G991B,EGY,G991BXXSGHYH1,2025-08-01,2026-09-11T15:11:57Z
SM-G991B,ILO,G991BXXSGHYH1,2025-08-01,2026-09-11T15:11:51Z
SM-G991B,MID,G991BXXSGHYH1,2025-08-01,2026-09-11T15:11:54Z
SM-G991B,SEE,G991BXXSGHYH1,2025-08-01,2026-09-11T15:12:22Z
SM-G991B,TUR,G991BXXSGHYH1,2025-08-01,2026-09-11T15:12:01Z
SM-G991B,XSA,G991BXXSGHYH1,2025-08-01,2026-09-11T15:12:25Z
SM-G991B,XSG,G991BXXSGHYH1,2025-08-01,2026-09-11T15:12:04Z
SM-G991B,AFG,G991BXXSHHYJ1,2025-10-01,2026-09-11T15:12:07Z
SM-G991B,BTU,G991BXXSHHYJ1,2025-10-01,2026-09-11T15:12:28Z
SM-G991B,EGY,G991BXXSHHYJ1,2025-10-01,2026-09-11T15:11:57Z
SM-G991B,ILO,G991BXXSHHYJ1,2025-10-01,2026-09-11T15:11:51Z
SM-G991B,MID,G991BXXSHHYJ1,2025-10-01,2026-09-11T15:11:54Z
SM-G991B,SEE,G991BXXSHHYJ1,2025-10-01,2026-09-11T15:12:22Z
SM-G991B,TUR,G991BXXSHHYJ1,2025-10-01,2026-09-11T15:12:01Z
SM-G991B,XSA,G991BXXSHHYJ1,2025-10-01,2026-09-11T15:12:25Z
SM-G991B,XSG,G991BXXSHHYJ1,2025-10-01,2026-09-11T15:12:04Z
SM-G991B,BTU,G991BXXSIHYK1,2025-11-01,2026-09-11T15:12:28Z
SM-G991B,SEE,G991BXXSIHYK1,2025-11-01,2026-09-11T15:12:22Z
SM-G991B,AFG,G991BXXSJHZA6,2026-01-01,2026-09-11T15:12:07Z
SM-G991B,BTU,G991BXXSJHZA6,2026-01-01,2026-09-11T15:12:28Z
SM-G991B,EGY,G991BXXSJHZA6,2026-01-01,2026-09-11T15:11:57Z
SM-G991B,ILO,G991BXXSJHZA6,2026-01-01,2026-09-11T15:11:51Z
SM-G991B,MID,G991BXXSJHZA6,2026-01-01,2026-09-11T15:11:54Z
SM-G991B,SEE,G991BXXSJHZA6,2026-01-01,2026-09-11T15:12:22Z
SM-G991B,TUR,G991BXXSJHZA6,2026-01-01,2026-09-11T15:12:01Z
SM-G991B,XSA,G991BXXSJHZA6,2026-01-01,2026-09-11T15:12:25Z
SM-G991B,XSG,G991BXXSJHZA6,2026-01-01,2026-09-11T15:12:04Z
SM-G991B,AFG,G991BXXSJHZC2,2026-01-01,2026-09-11T15:12:07Z
SM-G991B,BTU,G991BXXSJHZC2,2026-01-01,2026-09-11T15:12:28Z
SM-G991B,EGY,G991BXXSJHZC2,2026-01-01,2026-09-11T15:11:57Z
SM-G991B,ILO,G991BXXSJHZC2,2026-01-01,2026-09-11T15:11:51Z
SM-G991B,MID,G991BXXSJHZC2,2026-01-01,2026-09-11T15:11:54Z
SM-G991B,SEE,G991BXXSJHZC2,2026-01-01,2026-09-11T15:12:22Z
SM-G991B,TUR,G991BXXSJHZC2,2026-01-01,2026-09-11T15:12:01Z
SM-G991B,XSA,G991BXXSJHZC2,2026-01-01,2026-09-11T15:12:25Z
SM-G991B,XSG,G991BXXSJHZC2,2026-01-01,2026-09-11T15:12:04Z
SM-G991B,AFG,G991BXXU1AUA4,2021-01-01,2026-09-11T15:12:07Z
SM-G991B,BTU,G991BXXU1AUA4,2021-01-01,2026-09-11T15:12:28Z
SM-G991B,EGY,G991BXXU1AUA4,2021-01-01,2026-09-11T15:11:57Z
SM-G991B,ILO,G991BXXU1AUA4,2021-01-01,2026-09-11T15:11:51Z
SM-G991B,MID,G991BXXU1AUA4,2021-01-01,2026-09-11T15:11:54Z
SM-G991B,SEE,G991BXXU1AUA4,2021-01-01,2026-09-11T15:12:22Z
SM-G991B,TUR,G991BXXU1AUA4,2021-01-01,2026-09-11T15:12:01Z
SM-G991B,XSA,G991BXXU1AUA4,2021-01-01,2026-09-11T15:12:25Z
SM-G991B,XSG,G991BXXU1AUA4,2021-01-01,2026-09-11T15:12:04Z
SM-G991B,AFG,G991BXXU1AUAB,2021-01-01,2026-09-11T15:12:07Z
SM-G991B,BTU,G991BXXU1AUAB,2021-01-01,2026-09-11T15:12:28Z
SM-G991B,EGY,G991BXXU1AUAB,2021-01-01,2026-09-11T15:11:57Z
SM-G991B,ILO,G991BXXU1AUAB,2021-01-01,2026-09-11T15:11:51Z
SM-G991B,MID,G991BXXU1AUAB,2021-01-01,2026-09-11T15:11:54Z
SM-G991B,SEE,G991BXXU1AUAB,2021-01-01,2026-09-11T15:12:22Z
SM-G991B,TUR,G991BXXU1AUAB,2021-01-01,2026-09-11T15:12:01Z
SM-G991B,XSA,G991BXXU1AUAB,2021-01-01,2026-09-11T15:12:25Z
SM-G991B,XSG,G991BXXU1AUAB,2021-01-01,2026-09-11T15:12:04Z
SM-G991B,AFG,G991BXXU1AUB3,2021-02-01,2026-09-11T15:12:07Z
SM-G991B,BTU,G991BXXU1AUB3,2021-02-01,2026-09-11T15:12:28Z
SM-G991B,EGY,G991BXXU1AUB3,2021-02-01,2026-09-11T15:11:57Z
SM-G991B,ILO,G991BXXU1AUB3,2021-02-01,2026-09-11T15:11:51Z
SM-G991B,SEE,G991BXXU1AUB3,2021-02-01,2026-09-11T15:12:22Z
SM-G991B,TUR,G991BXXU1AUB3,2021-02-01,2026-09-11T15:12:01Z
SM-G991B,XSG,G991BXXU1AUB3,2021-02-01,2026-09-11T15:12:04Z
SM-G991B,BTU,G991BXXU1AUB6,2021-02-01,2026-09-11T15:12:28Z
SM-G991B,ILO,G991BXXU1AUB6,2021-02-01,2026-09-11T15:11:51Z
SM-G991B,MID,G991BXXU1AUB6,2021-02-01,2026-09-11T15:11:54Z
SM-G991B,SEE,G991BXXU1AUB6,2021-02-01,2026-09-11T15:12:22Z
SM-G991B,TUR,G991BXXU1AUB6,2021-02-01,2026-09-11T15:12:01Z
SM-G991B,XSG,G991BXXU1AUB6,2021-02-01,2026-09-11T15:12:04Z
SM-G991B,AFG,G991BXXU1AUB8,2021-02-01,2026-09-11T15:12:07Z
SM-G991B,BTU,G991BXXU1AUB8,2021-02-01,2026-09-11T15:12:28Z
SM-G991B,EGY,G991BXXU1AUB8,2021-02-01,2026-09-11T15:11:57Z
SM-G991B,ILO,G991BXXU1AUB8,2021-02-01,2026-09-11T15:11:51Z
SM-G991B,MID,G991BXXU1AUB8,2021-02-01,2026-09-11T15:11:54Z
SM-G991B,SEE,G991BXXU1AUB8,2021-02-01,2026-09-11T15:12:22Z
SM-G991B,TUR,G991BXXU1AUB8,2021-02-01,2026-09-11T15:12:01Z
SM-G991B,XSA,G991BXXU1AUB8,2021-02-01,2026-09-11T15:12:25Z
SM-G991B,XSG,G991BXXU1AUB8,2021-02-01,2026-09-11T15:12:04Z
SM-G991B,AFG,G991BXXU2AUC8,2021-04-01,2026-09-11T15:12:07Z
SM-G991B,BTU,G991BXXU2AUC8,2021-04-01,2026-09-11T15:12:28Z
SM-G991B,EGY,G991BXXU2AUC8,2021-04-01,2026-09-11T15:11:57Z
SM-G991B,ILO,G991BXXU2AUC8,2021-04-01,2026-09-11T15:11:51Z
SM-G991B,MID,G991BXXU2AUC8,2021-04-01,2026-09-11T15:11:54Z
SM-G991B,SEE,G991BXXU2AUC8,2021-04-01,2026-09-11T15:12:22Z
SM-G991B,TUR,G991BXXU2AUC8,2021-04-01,2026-09-11T15:12:01Z
SM-G991B,XSA,G991BXXU2AUC8,2021-04-01,2026-09-11T15:12:25Z
SM-G991B,XSG,G991BXXU2AUC8,2021-04-01,2026-09-11T15:12:04Z
SM-G991B,TUR,G991BXXU3AUDA,2021-05-01,2026-09-11T15:12:01Z
SM-G991B,XSG,G991BXXU3AUDA,2021-05-01,2026-09-11T15:12:04Z
SM-G991B,AFG,G991BXXU3AUE1,2021-05-01,2026-09-11T15:12:07Z
SM-G991B,BTU,G991BXXU3AUE1,2021-05-01,2026-09-11T15:12:28Z
SM-G991B,EGY,G991BXXU3AUE1,2021-05-01,2026-09-11T15:11:57Z
SM-G991B,ILO,G991BXXU3AUE1,2021-05-01,2026-09-11T15:11:51Z
SM-G991B,MID,G991BXXU3AUE1,2021-05-01,2026-09-11T15:11:54Z
SM-G991B,SEE,G991BXXU3AUE1,2021-05-01,2026-09-11T15:12:22Z
SM-G991B,TUR,G991BXXU3AUE1,2021-05-01,2026-09-11T15:12:01Z
SM-G991B,XSA,G991BXXU3AUE1,2021-05-01,2026-09-11T15:12:25Z
SM-G991B,XSG,G991BXXU3AUE1,2021-05-01,2026-09-11T15:12:04Z
SM-G991B,XSG,G991BXXU3AUE8,2021-06-01,2026-09-11T15:12:04Z
SM-G991B,XSG,G991BXXU3AUF2,2021-06-01,2026-09-11T15:12:04Z
SM-G991B,AFG,G991BXXU3AUF6,2021-06-01,2026-09-11T15:12:07Z
SM-G991B,BTU,G991BXXU3AUF6,2021-06-01,2026-09-11T15:12:28Z
SM-G991B,ILO,G991BXXU3AUF6,2021-06-01,2026-09-11T15:11:51Z
SM-G991B,SEE,G991BXXU3AUF6,2021-06-01,2026-09-11T15:12:22Z
SM-G991B,TUR,G991BXXU3AUF6,2021-06-01,2026-09-11T15:12:01Z
SM-G991B,XSA,G991BXXU3AUF6,2021-06-01,2026-09-11T15:12:25Z
SM-G991B,XSG,G991BXXU3AUF6,2021-06-01,2026-09-11T15:12:04Z
SM-G991B,AFG,G991BXXU3AUG4,2021-07-01,2026-09-11T15:12:07Z
SM-G991B,BTU,G991BXXU3AUG4,2021-07-01,2026-09-11T15:12:28Z
SM-G991B,EGY,G991BXXU3AUG4,2021-07-01,2026-09-11T15:11:57Z
SM-G991B,ILO,G991BXXU3AUG4,2021-07-01,2026-09-11T15:11:51Z
SM-G991B,MID,G991BXXU3AUG4,2021-07-01,2026-09-11T15:11:54Z
SM-G991B,SEE,G991BXXU3AUG4,2021-07-01,2026-09-11T15:12:22Z
SM-G991B,TUR,G991BXXU3AUG4,2021-07-01,2026-09-11T15:12:01Z
SM-G991B,XSG,G991BXXU3AUG4,2021-07-01,2026-09-11T15:12:04Z
SM-G991B,BTU,G991BXXU3AUGM,2021-08-01,2026-09-11T15:12:28Z
SM-G991B,SEE,G991BXXU3AUGM,2021-08-01,2026-09-11T15:12:22Z
SM-G991B,TUR,G991BXXU3AUGM,2021-08-01,2026-09-11T15:12:01Z
SM-G991B,AFG,G991BXXU3AUHB,2021-08-01,2026-09-11T15:12:07Z
SM-G991B,BTU,G991BXXU3AUHB,2021-08-01,2026-09-11T15:12:28Z
SM-G991B,EGY,G991BXXU3AUHB,2021-08-01,2026-09-11T15:11:57Z
SM-G991B,ILO,G991BXXU3AUHB,2021-08-01,2026-09-11T15:11:51Z
SM-G991B,MID,G991BXXU3AUHB,2021-08-01,2026-09-11T15:11:54Z
SM-G991B,SEE,G991BXXU3AUHB,2021-08-01,2026-09-11T15:12:22Z
SM-G991B,TUR,G991BXXU3AUHB,2021-08-01,2026-09-11T15:12:01Z
SM-G991B,XSA,G991BXXU3AUHB,2021-08-01,2026-09-11T15:12:25Z
SM-G991B,XSG,G991BXXU3AUHB,2021-08-01,2026-09-11T15:12:04Z
SM-G991B,AFG,G991BXXU3AUIE,2021-10-01,2026-09-11T15:12:07Z
SM-G991B,BTU,G991BXXU3AUIE,2021-10-01,2026-09-11T15:12:28Z
SM-G991B,EGY,G991BXXU3AUIE,2021-10-01,2026-09-11T15:11:57Z
SM-G991B,ILO,G991BXXU3AUIE,2021-10-01,2026-09-11T15:11:51Z
SM-G991B,MID,G991BXXU3AUIE,2021-10-01,2026-09-11T15:11:54Z
SM-G991B,SEE,G991BXXU3AUIE,2021-10-01,2026-09-11T15:12:22Z
SM-G991B,TUR,G991BXXU3AUIE,2021-10-01,2026-09-11T15:12:01Z
SM-G991B,XSA,G991BXXU3AUIE,2021-10-01,2026-09-11T15:12:25Z
SM-G991B,XSG,G991BXXU3AUIE,2021-10-01,2026-09-11T15:12:04Z
SM-G991B,AFG,G991BXXU3BUK8,2021-11-01,2026-09-11T15:12:07Z
SM-G991B,BTU,G991BXXU3BUK8,2021-11-01,2026-09-11T15:12:28Z
SM-G991B,EGY,G991BXXU3BUK8,2021-11-01,2026-09-11T15:11:57Z
SM-G991B,ILO,G991BXXU3BUK8,2021-11-01,2026-09-11T15:11:51Z
SM-G991B,MID,G991BXXU3BUK8,2021-11-01,2026-09-11T15:11:54Z
SM-G991B,SEE,G991BXXU3BUK8,2021-11-01,2026-09-11T15:12:22Z
SM-G991B,TUR,G991BXXU3BUK8,2021-11-01,2026-09-11T15:12:01Z
SM-G991B,XSG,G991BXXU3BUK8,2021-11-01,2026-09-11T15:12:04Z
SM-G991B,XSA,G991BXXU3BUKA,2021-11-01,2026-09-11T15:12:25Z
SM-G991B,AFG,G991BXXU3BUKG,2021-11-01,2026-09-11T15:12:07Z
SM-G991B,BTU,G991BXXU3BUKG,2021-11-01,2026-09-11T15:12:28Z
SM-G991B,EGY,G991BXXU3BUKG,2021-11-01,2026-09-11T15:11:57Z
SM-G991B,ILO,G991BXXU3BUKG,2021-11-01,2026-09-11T15:11:51Z
SM-G991B,MID,G991BXXU3BUKG,2021-11-01,2026-09-11T15:11:54Z
SM-G991B,SEE,G991BXXU3BUKG,2021-11-01,2026-09-11T15:12:22Z
SM-G991B,TUR,G991BXXU3BUKG,2021-11-01,2026-09-11T15:12:01Z
SM-G991B,XSA,G991BXXU3BUKG,2021-11-01,2026-09-11T15:12:25Z
SM-G991B,XSG,G991BXXU3BUKG,2021-11-01,2026-09-11T15:12:04Z
SM-G991B,AFG,G991BXXU4BULF,2022-01-01,2026-09-11T15:12:07Z
SM-G991B,BTU,G991BXXU4BULF,2022-01-01,2026-09-11T15:12:28Z
SM-G991B,EGY,G991BXXU4BULF,2022-01-01,2026-09-11T15:11:57Z
SM-G991B,ILO,G991BXXU4BULF,2022-01-01,2026-09-11T15:11:51Z
SM-G991B,MID,G991BXXU4BULF,2022-01-01,2026-09-11T15:11:54Z
SM-G991B,SEE,G991BXXU4BULF,2022-01-01,2026-09-11T15:12:22Z
SM-G991B,TUR,G991BXXU4BULF,2022-01-01,2026-09-11T15:12:01Z
SM-G991B,XSA,G991BXXU4BULF,2022-01-01,2026-09-11T15:12:25Z
SM-G991B,XSG,G991BXXU4BULF,2022-01-01,2026-09-11T15:12:04Z
SM-G991B,AFG,G991BXXU4BVB1,2022-02-01,2026-09-11T15:12:07Z
SM-G991B,BTU,G991BXXU4BVB1,2022-02-01,2026-09-11T15:12:28Z
SM-G991B,EGY,G991BXXU4BVB1,2022-02-01,2026-09-11T15:11:57Z
SM-G991B,MID,G991BXXU4BVB1,2022-02-01,2026-09-11T15:11:54Z
SM-G991B,SEE,G991BXXU4BVB1,2022-02-01,2026-09-11T15:12:22Z
SM-G991B,TUR,G991BXXU4BVB1,2022-02-01,2026-09-11T15:12:01Z
SM-G991B,XSG,G991BXXU4BVB1,2022-02-01,2026-09-11T15:12:04Z
SM-G991B,AFG,G991BXXU4CVC4,2022-03-01,2026-09-11T15:12:07Z
SM-G991B,BTU,G991BXXU4CVC4,2022-03-01,2026-09-11T15:12:28Z
SM-G991B,EGY,G991BXXU4CVC4,2022-03-01,2026-09-11T15:11:57Z
SM-G991B,ILO,G991BXXU4CVC4,2022-03-01,2026-09-11T15:11:51Z
SM-G991B,MID,G991BXXU4CVC4,2022-03-01,2026-09-11T15:11:54Z
SM-G991B,SEE,G991BXXU4CVC4,2022-03-01,2026-09-11T15:12:22Z
SM-G991B,TUR,G991BXXU4CVC4,2022-03-01,2026-09-11T15:12:01Z
SM-G991B,XSA,G991BXXU4CVC4,2022-03-01,2026-09-11T15:12:25Z
SM-G991B,XSG,G991BXXU4CVC4,2022-03-01,2026-09-11T15:12:04Z
SM-G991B,AFG,G991BXXU4CVD2,2022-04-01,2026-09-11T15:12:07Z
SM-G991B,BTU,G991BXXU4CVD2,2022-04-01,2026-09-11T15:12:28Z
SM-G991B,EGY,G991BXXU4CVD2,2022-04-01,2026-09-11T15:11:57Z
SM-G991B,ILO,G991BXXU4CVD2,2022-04-01,2026-09-11T15:11:51Z
SM-G991B,MID,G991BXXU4CVD2,2022-04-01,2026-09-11T15:11:54Z
SM-G991B,SEE,G991BXXU4CVD2,2022-04-01,2026-09-11T15:12:22Z
SM-G991B,TUR,G991BXXU4CVD2,2022-04-01,2026-09-11T15:12:01Z
SM-G991B,XSA,G991BXXU4CVD2,2022-04-01,2026-09-11T15:12:25Z
SM-G991B,XSG,G991BXXU4CVD2,2022-04-01,2026-09-11T15:12:04Z
SM-G991B,AFG,G991BXXU5CVDD,2022-05-01,2026-09-11T15:12:07Z
SM-G991B,BTU,G991BXXU5CVDD,2022-05-01,2026-09-11T15:12:28Z
SM-G991B,EGY,G991BXXU5CVDD,2022-05-01,2026-09-11T15:11:57Z
SM-G991B,ILO,G991BXXU5CVDD,2022-05-01,2026-09-11T15:11:51Z
SM-G991B,MID,G991BXXU5CVDD,2022-05-01,2026-09-11T15:11:54Z
SM-G991B,SEE,G991BXXU5CVDD,2022-05-01,2026-09-11T15:12:22Z
SM-G991B,TUR,G991BXXU5CVDD,2022-05-01,2026-09-11T15:12:01Z
SM-G991B,XSA,G991BXXU5CVDD,2022-05-01,2026-09-11T15:12:25Z
SM-G991B,XSG,G991BXXU5CVDD,2022-05-01,2026-09-11T15:12:04Z
SM-G991B,AFG,G991BXXU5CVF1,2022-06-01,2026-09-11T15:12:07Z
SM-G991B,BTU,G991BXXU5CVF1,2022-06-01,2026-09-11T15:12:28Z
SM-G991B,EGY,G991BXXU5CVF1,2022-06-01,2026-09-11T15:11:57Z
SM-G991B,ILO,G991BXXU5CVF1,2022-06-01,2026-09-11T15:11:51Z
SM-G991B,MID,G991BXXU5CVF1,2022-06-01,2026-09-11T15:11:54Z
SM-G991B,SEE,G991BXXU5CVF1,2022-06-01,2026-09-11T15:12:22Z
SM-G991B,TUR,G991BXXU5CVF1,2022-06-01,2026-09-11T15:12:01Z
SM-G991B,XSA,G991BXXU5CVF1,2022-06-01,2026-09-11T15:12:25Z
SM-G991B,XSG,G991BXXU5CVF1,2022-06-01,2026-09-11T15:12:04Z
SM-G991B,AFG,G991BXXU5CVGB,2022-08-01,2026-09-11T15:12:07Z
SM-G991B,BTU,G991BXXU5CVGB,2022-08-01,2026-09-11T15:12:28Z
SM-G991B,EGY,G991BXXU5CVGB,2022-08-01,2026-09-11T15:11:57Z
SM-G991B,ILO,G991BXXU5CVGB,2022-08-01,2026-09-11T15:11:51Z
SM-G991B,MID,G991BXXU5CVGB,2022-08-01,2026-09-11T15:11:54Z
SM-G991B,SEE,G991BXXU5CVGB,2022-08-01,2026-09-11T15:12:22Z
SM-G991B,TUR,G991BXXU5CVGB,2022-08-01,2026-09-11T15:12:01Z
SM-G991B,XSA,G991BXXU5CVGB,2022-08-01,2026-09-11T15:12:25Z
SM-G991B,XSG,G991BXXU5CVGB,2022-08-01,2026-09-11T15:12:04Z
SM-G991B,AFG,G991BXXU5CVH7,2022-08-01,2026-09-11T15:12:07Z
SM-G991B,BTU,G991BXXU5CVH7,2022-08-01,2026-09-11T15:12:28Z
SM-G991B,EGY,G991BXXU5CVH7,2022-08-01,2026-09-11T15:11:57Z
SM-G991B,ILO,G991BXXU5CVH7,2022-08-01,2026-09-11T15:11:51Z
SM-G991B,MID,G991BXXU5CVH7,2022-08-01,2026-09-11T15:11:54Z
SM-G991B,SEE,G991BXXU5CVH7,2022-08-01,2026-09-11T15:12:22Z
SM-G991B,TUR,G991BXXU5CVH7,2022-08-01,2026-09-11T15:12:01Z
SM-G991B,XSA,G991BXXU5CVH7,2022-08-01,2026-09-11T15:12:25Z
SM-G991B,XSG,G991BXXU5CVH7,2022-08-01,2026-09-11T15:12:04Z
SM-G991B,BTU,G991BXXU5DVJC,2022-10-01,2026-09-11T15:12:28Z
SM-G991B,SEE,G991BXXU5DVJC,2022-10-01,2026-09-11T15:12:22Z
SM-G991B,XSA,G991BXXU5DVJC,2022-10-01,2026-09-11T15:12:25Z
SM-G991B,AFG,G991BXXU5DVK3,2022-10-01,2026-09-11T15:12:07Z
SM-G991B,EGY,G991BXXU5DVK3,2022-10-01,2026-09-11T15:11:57Z
SM-G991B,ILO,G991BXXU5DVK3,2022-10-01,2026-09-11T15:11:51Z
SM-G991B,MID,G991BXXU5DVK3,2022-10-01,2026-09-11T15:11:54Z
SM-G991B,TUR,G991BXXU5DVK3,2022-10-01,2026-09-11T15:12:01Z
SM-G991B,XSG,G991BXXU5DVK3,2022-10-01,2026-09-11T15:12:04Z
SM-G991B,AFG,G991BXXU5DVKF,2022-12-01,2026-09-11T15:12:07Z
SM-G991B,BTU,G991BXXU5DVKF,2022-12-01,2026-09-11T15:12:28Z
SM-G991B,EGY,G991BXXU5DVKF,2022-12-01,2026-09-11T15:11:57Z
SM-G991B,ILO,G991BXXU5DVKF,2022-12-01,2026-09-11T15:11:51Z
SM-G991B,MID,G991BXXU5DVKF,2022-12-01,2026-09-11T15:11:54Z
SM-G991B,SEE,G991BXXU5DVKF,2022-12-01,2026-09-11T15:12:22Z
SM-G991B,TUR,G991BXXU5DVKF,2022-12-01,2026-09-11T15:12:01Z
SM-G991B,XSA,G991BXXU5DVKF,2022-12-01,2026-09-11T15:12:25Z
SM-G991B,XSG,G991BXXU5DVKF,2022-12-01,2026-09-11T15:12:04Z
SM-G991B,XSA,G991BXXU5DWA3,2022-12-01,2026-09-11T15:12:25Z
SM-G991B,AFG,G991BXXU6EWAF,2023-02-01,2026-09-11T15:12:07Z
SM-G991B,BTU,G991BXXU6EWAF,2023-02-01,2026-09-11T15:12:28Z
SM-G991B,EGY,G991BXXU6EWAF,2023-02-01,2026-09-11T15:11:57Z
SM-G991B,ILO,G991BXXU6EWAF,2023-02-01,2026-09-11T15:11:51Z
SM-G991B,MID,G991BXXU6EWAF,2023-02-01,2026-09-11T15:11:54Z
SM-G991B,SEE,G991BXXU6EWAF,2023-02-01,2026-09-11T15:12:22Z
SM-G991B,TUR,G991BXXU6EWAF,2023-02-01,2026-09-11T15:12:01Z
SM-G991B,XSA,G991BXXU6EWAF,2023-02-01,2026-09-11T15:12:25Z
SM-G991B,XSG,G991BXXU6EWAF,2023-02-01,2026-09-11T15:12:04Z
SM-G991B,AFG,G991BXXU7EWCH,2023-04-01,2026-09-11T15:12:07Z
SM-G991B,BTU,G991BXXU7EWCH,2023-04-01,2026-09-11T15:12:28Z
SM-G991B,EGY,G991BXXU7EWCH,2023-04-01,2026-09-11T15:11:57Z
SM-G991B,ILO,G991BXXU7EWCH,2023-04-01,2026-09-11T15:11:51Z
SM-G991B,MID,G991BXXU7EWCH,2023-04-01,2026-09-11T15:11:54Z
SM-G991B,SEE,G991BXXU7EWCH,2023-04-01,2026-09-11T15:12:22Z
SM-G991B,TUR,G991BXXU7EWCH,2023-04-01,2026-09-11T15:12:01Z
SM-G991B,XSA,G991BXXU7EWCH,2023-04-01,2026-09-11T15:12:25Z
SM-G991B,XSG,G991BXXU7EWCH,2023-04-01,2026-09-11T15:12:04Z
SM-G991B,BTU,G991BXXU7EWE1,2023-05-01,2026-09-11T15:12:28Z
SM-G991B,SEE,G991BXXU7EWE1,2023-05-01,2026-09-11T15:12:22Z
SM-G991B,BTU,G991BXXU7EWE6,2023-05-01,2026-09-11T15:12:28Z
SM-G991B,SEE,G991BXXU7EWE6,2023-05-01,2026-09-11T15:12:22Z
SM-G991B,XSA,G991BXXU7EWE6,2023-05-01,2026-09-11T15:12:25Z
SM-G991B,AFG,G991BXXU8EWF1,2023-06-01,2026-09-11T15:12:07Z
SM-G991B,BTU,G991BXXU8EWF1,2023-06-01,2026-09-11T15:12:28Z
SM-G991B,EGY,G991BXXU8EWF1,2023-06-01,2026-09-11T15:11:57Z
SM-G991B,ILO,G991BXXU8EWF1,2023-06-01,2026-09-11T15:11:51Z
SM-G991B,MID,G991BXXU8EWF1,2023-06-01,2026-09-11T15:11:54Z
SM-G991B,SEE,G991BXXU8EWF1,2023-06-01,2026-09-11T15:12:22Z
SM-G991B,TUR,G991BXXU8EWF1,2023-06-01,2026-09-11T15:12:01Z
SM-G991B,XSA,G991BXXU8EWF1,2023-06-01,2026-09-11T15:12:25Z
SM-G991B,XSG,G991BXXU8EWF1,2023-06-01,2026-09-11T15:12:04Z
SM-G991B,AFG,G991BXXU9EWH5,2023-08-01,2026-09-11T15:12:07Z
SM-G991B,BTU,G991BXXU9EWH5,2023-08-01,2026-09-11T15:12:28Z
SM-G991B,EGY,G991BXXU9EWH5,2023-08-01,2026-09-11T15:11:57Z
SM-G991B,ILO,G991BXXU9EWH5,2023-08-01,2026-09-11T15:11:51Z
SM-G991B,MID,G991BXXU9EWH5,2023-08-01,2026-09-11T15:11:54Z
SM-G991B,SEE,G991BXXU9EWH5,2023-08-01,2026-09-11T15:12:22Z
SM-G991B,TUR,G991BXXU9EWH5,2023-08-01,2026-09-11T15:12:01Z
SM-G991B,XSA,G991BXXU9EWH5,2023-08-01,2026-09-11T15:12:25Z
SM-G991B,XSG,G991BXXU9EWH5,2023-08-01,2026-09-11T15:12:04Z
SM-G991B,SEE,G991BXXU9FWK2,2023-11-01,2026-09-11T15:12:22Z
SM-G991B,XSA,G991BXXU9FWK3,2023-11-01,2026-09-11T15:12:25Z
SM-G991B,AFG,G991BXXU9FWK5,2023-11-01,2026-09-11T15:12:07Z
SM-G991B,EGY,G991BXXU9FWK5,2023-11-01,2026-09-11T15:11:57Z
SM-G991B,MID,G991BXXU9FWK5,2023-11-01,2026-09-11T15:11:54Z
SM-G991B,XSG,G991BXXU9FWK5,2023-11-01,2026-09-11T15:12:04Z
SM-G991B,BTU,G991BXXU9FWL3,2023-12-01,2026-09-11T15:12:28Z
SM-G991B,ILO,G991BXXU9FWL3,2023-12-01,2026-09-11T15:11:51Z
SM-G991B,TUR,G991BXXU9FWL3,2023-12-01,2026-09-11T15:12:01Z
SM-G991B,AFG,G991BXXUAGXDA,2024-04-01,2026-09-11T15:12:07Z
SM-G991B,BTU,G991BXXUAGXDA,2024-04-01,2026-09-11T15:12:28Z
SM-G991B,EGY,G991BXXUAGXDA,2024-04-01,2026-09-11T15:11:57Z
SM-G991B,ILO,G991BXXUAGXDA,2024-04-01,2026-09-11T15:11:51Z
SM-G991B,MID,G991BXXUAGXDA,2024-04-01,2026-09-11T15:11:54Z
SM-G991B,SEE,G991BXXUAGXDA,2024-04-01,2026-09-11T15:12:22Z
SM-G991B,TUR,G991BXXUAGXDA,2024-04-01,2026-09-11T15:12:01Z
SM-G991B,XSA,G991BXXUAGXDA,2024-04-01,2026-09-11T15:12:25Z
SM-G991B,XSG,G991BXXUAGXDA,2024-04-01,2026-09-11T15:12:04Z
SM-G991B,BTU,G991BXXUBGXE7,2024-05-01,2026-09-11T15:12:28Z
SM-G991B,SEE,G991BXXUBGXE7,2024-05-01,2026-09-11T15:12:22Z
SM-G991B,AFG,G991BXXUCGXGC,2024-08-01,2026-09-11T15:12:07Z
SM-G991B,BTU,G991BXXUCGXGC,2024-08-01,2026-09-11T15:12:28Z
SM-G991B,EGY,G991BXXUCGXGC,2024-08-01,2026-09-11T15:11:57Z
SM-G991B,ILO,G991BXXUCGXGC,2024-08-01,2026-09-11T15:11:51Z
SM-G991B,MID,G991BXXUCGXGC,2024-08-01,2026-09-11T15:11:54Z
SM-G991B,SEE,G991BXXUCGXGC,2024-08-01,2026-09-11T15:12:22Z
SM-G991B,TUR,G991BXXUCGXGC,2024-08-01,2026-09-11T15:12:01Z
SM-G991B,XSA,G991BXXUCGXGC,2024-08-01,2026-09-11T15:12:25Z
SM-G991B,XSG,G991BXXUCGXGC,2024-08-01,2026-09-11T15:12:04Z
SM-G991B,AFG,G991BXXUEGXJE,2024-11-01,2026-09-11T15:12:07Z
SM-G991B,BTU,G991BXXUEGXJE,2024-11-01,2026-09-11T15:12:28Z
SM-G991B,EGY,G991BXXUEGXJE,2024-11-01,2026-09-11T15:11:57Z
SM-G991B,ILO,G991BXXUEGXJE,2024-11-01,2026-09-11T15:11:51Z
SM-G991B,MID,G991BXXUEGXJE,2024-11-01,2026-09-11T15:11:54Z
SM-G991B,SEE,G991BXXUEGXJE,2024-11-01,2026-09-11T15:12:22Z
SM-G991B,TUR,G991BXXUEGXJE,2024-11-01,2026-09-11T15:12:01Z
SM-G991B,XSA,G991BXXUEGXJE,2024-11-01,2026-09-11T15:12:25Z
SM-G991B,XSG,G991BXXUEGXJE,2024-11-01,2026-09-11T15:12:04Z
SM-G991B,AFG,G991BXXUEHYD5,2025-04-01,2026-09-11T15:12:07Z
SM-G991B,BTU,G991BXXUEHYD5,2025-04-01,2026-09-11T15:12:28Z
SM-G991B,EGY,G991BXXUEHYD5,2025-04-01,2026-09-11T15:11:57Z
SM-G991B,ILO,G991BXXUEHYD5,2025-04-01,2026-09-11T15:11:51Z
SM-G991B,MID,G991BXXUEHYD5,2025-04-01,2026-09-11T15:11:54Z
SM-G991B,SEE,G991BXXUEHYD5,2025-04-01,2026-09-11T15:12:22Z
SM-G991B,TUR,G991BXXUEHYD5,2025-04-01,2026-09-11T15:12:01Z
SM-G991B,XSA,G991BXXUEHYD5,2025-04-01,2026-09-11T15:12:25Z
SM-G991B,XSG,G991BXXUEHYD5,2025-04-01,2026-09-11T15:12:04Z
SM-G996B,AFG,G996BXXS2AUBB,2021-03-01,2026-09-11T15:12:46Z
SM-G996B,BTU,G996BXXS2AUBB,2021-03-01,2026-09-11T15:13:05Z
SM-G996B,EGY,G996BXXS2AUBB,2021-03-01,2026-09-11T15:12:36Z
SM-G996B,ILO,G996BXXS2AUBB,2021-03-01,2026-09-11T15:12:30Z
SM-G996B,MID,G996BXXS2AUBB,2021-03-01,2026-09-11T15:12:33Z
SM-G996B,SEE,G996BXXS2AUBB,2021-03-01,2026-09-11T15:12:59Z
SM-G996B,TUR,G996BXXS2AUBB,2021-03-01,2026-09-11T15:12:40Z
SM-G996B,XSA,G996BXXS2AUBB,2021-03-01,2026-09-11T15:13:02Z
SM-G996B,XSG,G996BXXS2AUBB,2021-03-01,2026-09-11T15:12:43Z
SM-G996B,XSA,G996BXXS3AUFD,2021-07-01,2026-09-11T15:13:02Z
SM-G996B,AFG,G996BXXS3AUHD,2021-09-01,2026-09-11T15:12:46Z
SM-G996B,BTU,G996BXXS3AUHD,2021-09-01,2026-09-11T15:13:05Z
SM-G996B,EGY,G996BXXS3AUHD,2021-09-01,2026-09-11T15:12:36Z
SM-G996B,MID,G996BXXS3AUHD,2021-09-01,2026-09-11T15:12:33Z
SM-G996B,SEE,G996BXXS3AUHD,2021-09-01,2026-09-11T15:12:59Z
SM-G996B,TUR,G996BXXS3AUHD,2021-09-01,2026-09-11T15:12:40Z
SM-G996B,XSA,G996BXXS3AUHD,2021-09-01,2026-09-11T15:13:02Z
SM-G996B,XSG,G996BXXS3AUHD,2021-09-01,2026-09-11T15:12:43Z
SM-G996B,AFG,G996BXXS3AUJ7,2021-11-01,2026-09-11T15:12:46Z
SM-G996B,BTU,G996BXXS3AUJ7,2021-11-01,2026-09-11T15:13:05Z
SM-G996B,EGY,G996BXXS3AUJ7,2021-11-01,2026-09-11T15:12:36Z
SM-G996B,ILO,G996BXXS3AUJ7,2021-11-01,2026-09-11T15:12:30Z
SM-G996B,MID,G996BXXS3AUJ7,2021-11-01,2026-09-11T15:12:33Z
SM-G996B,SEE,G996BXXS3AUJ7,2021-11-01,2026-09-11T15:12:59Z
SM-G996B,TUR,G996BXXS3AUJ7,2021-11-01,2026-09-11T15:12:40Z
SM-G996B,XSA,G996BXXS3AUJ7,2021-11-01,2026-09-11T15:13:02Z
SM-G996B,XSG,G996BXXS3AUJ7,2021-11-01,2026-09-11T15:12:43Z
SM-G996B,AFG,G996BXXS3BUL1,2021-12-01,2026-09-11T15:12:46Z
SM-G996B,BTU,G996BXXS3BUL1,2021-12-01,2026-09-11T15:13:05Z
SM-G996B,EGY,G996BXXS3BUL1,2021-12-01,2026-09-11T15:12:36Z
SM-G996B,ILO,G996BXXS3BUL1,2021-12-01,2026-09-11T15:12:30Z
SM-G996B,MID,G996BXXS3BUL1,2021-12-01,2026-09-11T15:12:33Z
SM-G996B,SEE,G996BXXS3BUL1,2021-12-01,2026-09-11T15:12:59Z
SM-G996B,TUR,G996BXXS3BUL1,2021-12-01,2026-09-11T15:12:40Z
SM-G996B,XSG,G996BXXS3BUL1,2021-12-01,2026-09-11T15:12:43Z
SM-G996B,AFG,G996BXXS3BULC,2021-12-01,2026-09-11T15:12:46Z
SM-G996B,BTU,G996BXXS3BULC,2021-12-01,2026-09-11T15:13:05Z
SM-G996B,EGY,G996BXXS3BULC,2021-12-01,2026-09-11T15:12:36Z
SM-G996B,ILO,G996BXXS3BULC,2021-12-01,2026-09-11T15:12:30Z
SM-G996B,MID,G996BXXS3BULC,2021-12-01,2026-09-11T15:12:33Z
SM-G996B,SEE,G996BXXS3BULC,2021-12-01,2026-09-11T15:12:59Z
SM-G996B,TUR,G996BXXS3BULC,2021-12-01,2026-09-11T15:12:40Z
SM-G996B,XSA,G996BXXS3BULC,2021-12-01,2026-09-11T15:13:02Z
SM-G996B,XSG,G996BXXS3BULC,2021-12-01,2026-09-11T15:12:43Z
SM-G996B,AFG,G996BXXS4BVA8,2022-02-01,2026-09-11T15:12:46Z
SM-G996B,EGY,G996BXXS4BVA8,2022-02-01,2026-09-11T15:12:36Z
SM-G996B,MID,G996BXXS4BVA8,2022-02-01,2026-09-11T15:12:33Z
SM-G996B,XSG,G996BXXS4BVA8,2022-02-01,2026-09-11T15:12:43Z
SM-G996B,XSA,G996BXXS4BVAA,2022-02-01,2026-09-11T15:13:02Z
SM-G996B,BTU,G996BXXS4CVCG,2022-04-01,2026-09-11T15:13:05Z
SM-G996B,SEE,G996BXXS4CVCG,2022-04-01,2026-09-11T15:12:59Z
SM-G996B,AFG,G996BXXS5CVFB,2022-07-01,2026-09-11T15:12:46Z
SM-G996B,BTU,G996BXXS5CVFB,2022-07-01,2026-09-11T15:13:05Z
SM-G996B,EGY,G996BXXS5CVFB,2022-07-01,2026-09-11T15:12:36Z
SM-G996B,MID,G996BXXS5CVFB,2022-07-01,2026-09-11T15:12:33Z
SM-G996B,SEE,G996BXXS5CVFB,2022-07-01,2026-09-11T15:12:59Z
SM-G996B,TUR,G996BXXS5CVFB,2022-07-01,2026-09-11T15:12:40Z
SM-G996B,XSA,G996BXXS5CVFB,2022-07-01,2026-09-11T15:13:02Z
SM-G996B,XSG,G996BXXS5CVFB,2022-07-01,2026-09-11T15:12:43Z
SM-G996B,AFG,G996BXXS5CVHI,2022-09-01,2026-09-11T15:12:46Z
SM-G996B,BTU,G996BXXS5CVHI,2022-09-01,2026-09-11T15:13:05Z
SM-G996B,EGY,G996BXXS5CVHI,2022-09-01,2026-09-11T15:12:36Z
SM-G996B,ILO,G996BXXS5CVHI,2022-09-01,2026-09-11T15:12:30Z
SM-G996B,MID,G996BXXS5CVHI,2022-09-01,2026-09-11T15:12:33Z
SM-G996B,SEE,G996BXXS5CVHI,2022-09-01,2026-09-11T15:12:59Z
SM-G996B,TUR,G996BXXS5CVHI,2022-09-01,2026-09-11T15:12:40Z
SM-G996B,XSA,G996BXXS5CVHI,2022-09-01,2026-09-11T15:13:02Z
SM-G996B,XSG,G996BXXS5CVHI,2022-09-01,2026-09-11T15:12:43Z
SM-G996B,AFG,G996BXXS5CVIF,2022-10-01,2026-09-11T15:12:46Z
SM-G996B,BTU,G996BXXS5CVIF,2022-10-01,2026-09-11T15:13:05Z
SM-G996B,EGY,G996BXXS5CVIF,2022-10-01,2026-09-11T15:12:36Z
SM-G996B,ILO,G996BXXS5CVIF,2022-10-01,2026-09-11T15:12:30Z
SM-G996B,MID,G996BXXS5CVIF,2022-10-01,2026-09-11T15:12:33Z
SM-G996B,SEE,G996BXXS5CVIF,2022-10-01,2026-09-11T15:12:59Z
SM-G996B,TUR,G996BXXS5CVIF,2022-10-01,2026-09-11T15:12:40Z
SM-G996B,XSA,G996BXXS5CVIF,2022-10-01,2026-09-11T15:13:02Z
SM-G996B,XSG,G996BXXS5CVIF,2022-10-01,2026-09-11T15:12:43Z
SM-G996B,BTU,G996BXXS5DVK1,2022-11-01,2026-09-11T15:13:05Z
SM-G996B,SEE,G996BXXS5DVK1,2022-11-01,2026-09-11T15:12:59Z
SM-G996B,XSA,G996BXXS5DVK1,2022-11-01,2026-09-11T15:13:02Z
SM-G996B,AFG,G996BXXS5DVKE,2022-11-01,2026-09-11T15:12:46Z
SM-G996B,EGY,G996BXXS5DVKE,2022-11-01,2026-09-11T15:12:36Z
SM-G996B,MID,G996BXXS5DVKE,2022-11-01,2026-09-11T15:12:33Z
SM-G996B,TUR,G996BXXS5DVKE,2022-11-01,2026-09-11T15:12:40Z
SM-G996B,XSG,G996BXXS5DVKE,2022-11-01,2026-09-11T15:12:43Z
SM-G996B,SEE,G996BXXS5DVL3,2023-01-01,2026-09-11T15:12:59Z
SM-G996B,AFG,G996BXXS5DWA4,2023-01-01,2026-09-11T15:12:46Z
SM-G996B,BTU,G996BXXS5DWA4,2023-01-01,2026-09-11T15:13:05Z
SM-G996B,EGY,G996BXXS5DWA4,2023-01-01,2026-09-11T15:12:36Z
SM-G996B,ILO,G996BXXS5DWA4,2023-01-01,2026-09-11T15:12:30Z
SM-G996B,MID,G996BXXS5DWA4,2023-01-01,2026-09-11T15:12:33Z
SM-G996B,SEE,G996BXXS5DWA4,2023-01-01,2026-09-11T15:12:59Z
SM-G996B,TUR,G996BXXS5DWA4,2023-01-01,2026-09-11T15:12:40Z
SM-G996B,XSG,G996BXXS5DWA4,2023-01-01,2026-09-11T15:12:43Z
SM-G996B,XSA,G996BXXS5DWA7,2023-01-01,2026-09-11T15:13:02Z
SM-G996B,AFG,G996BXXS6EWBB,2023-03-01,2026-09-11T15:12:46Z
SM-G996B,BTU,G996BXXS6EWBB,2023-03-01,2026-09-11T15:13:05Z
SM-G996B,EGY,G996BXXS6EWBB,2023-03-01,2026-09-11T15:12:36Z
SM-G996B,ILO,G996BXXS6EWBB,2023-03-01,2026-09-11T15:12:30Z
SM-G996B,MID,G996BXXS6EWBB,2023-03-01,2026-09-11T15:12:33Z
SM-G996B,SEE,G996BXXS6EWBB,2023-03-01,2026-09-11T15:12:59Z
SM-G996B,TUR,G996BXXS6EWBB,2023-03-01,2026-09-11T15:12:40Z
SM-G996B,XSA,G996BXXS6EWBB,2023-03-01,2026-09-11T15:13:02Z
SM-G996B,XSG,G996BXXS6EWBB,2023-03-01,2026-09-11T15:12:43Z
SM-G996B,AFG,G996BXXS7EWD3,2023-05-01,2026-09-11T15:12:46Z
SM-G996B,EGY,G996BXXS7EWD3,2023-05-01,2026-09-11T15:12:36Z
SM-G996B,ILO,G996BXXS7EWD3,2023-05-01,2026-09-11T15:12:30Z
SM-G996B,MID,G996BXXS7EWD3,2023-05-01,2026-09-11T15:12:33Z
SM-G996B,TUR,G996BXXS7EWD3,2023-05-01,2026-09-11T15:12:40Z
SM-G996B,XSG,G996BXXS7EWD3,2023-05-01,2026-09-11T15:12:43Z
SM-G996B,AFG,G996BXXS9EWF3,2023-07-01,2026-09-11T15:12:46Z
SM-G996B,BTU,G996BXXS9EWF3,2023-07-01,2026-09-11T15:13:05Z
SM-G996B,EGY,G996BXXS9EWF3,2023-07-01,2026-09-11T15:12:36Z
SM-G996B,ILO,G996BXXS9EWF3,2023-07-01,2026-09-11T15:12:30Z
SM-G996B,MID,G996BXXS9EWF3,2023-07-01,2026-09-11T15:12:33Z
SM-G996B,SEE,G996BXXS9EWF3,2023-07-01,2026-09-11T15:12:59Z
SM-G996B,TUR,G996BXXS9EWF3,2023-07-01,2026-09-11T15:12:40Z
SM-G996B,XSA,G996BXXS9EWF3,2023-07-01,2026-09-11T15:13:02Z
SM-G996B,XSG,G996BXXS9EWF3,2023-07-01,2026-09-11T15:12:43Z
SM-G996B,AFG,G996BXXS9EWH1,2023-08-01,2026-09-11T15:12:46Z
SM-G996B,BTU,G996BXXS9EWH1,2023-08-01,2026-09-11T15:13:05Z
SM-G996B,EGY,G996BXXS9EWH1,2023-08-01,2026-09-11T15:12:36Z
SM-G996B,ILO,G996BXXS9EWH1,2023-08-01,2026-09-11T15:12:30Z
SM-G996B,MID,G996BXXS9EWH1,2023-08-01,2026-09-11T15:12:33Z
SM-G996B,SEE,G996BXXS9EWH1,2023-08-01,2026-09-11T15:12:59Z
SM-G996B,TUR,G996BXXS9EWH1,2023-08-01,2026-09-11T15:12:40Z
SM-G996B,XSA,G996BXXS9EWH1,2023-08-01,2026-09-11T15:13:02Z
SM-G996B,XSG,G996BXXS9EWH1,2023-08-01,2026-09-11T15:12:43Z
SM-G996B,AFG,G996BXXS9EWI1,2023-09-01,2026-09-11T15:12:46Z
SM-G996B,BTU,G996BXXS9EWI1,2023-09-01,2026-09-11T15:13:05Z
SM-G996B,EGY,G996BXXS9EWI1,2023-09-01,2026-09-11T15:12:36Z
SM-G996B,ILO,G996BXXS9EWI1,2023-09-01,2026-09-11T15:12:30Z
SM-G996B,MID,G996BXXS9EWI1,2023-09-01,2026-09-11T15:12:33Z
SM-G996B,SEE,G996BXXS9EWI1,2023-09-01,2026-09-11T15:12:59Z
SM-G996B,TUR,G996BXXS9EWI1,2023-09-01,2026-09-11T15:12:40Z
SM-G996B,XSA,G996BXXS9EWI1,2023-09-01,2026-09-11T15:13:02Z
SM-G996B,XSG,G996BXXS9EWI1,2023-09-01,2026-09-11T15:12:43Z
SM-G996B,AFG,G996BXXS9EWIA,2023-10-01,2026-09-11T15:12:46Z
SM-G996B,BTU,G996BXXS9EWIA,2023-10-01,2026-09-11T15:13:05Z
SM-G996B,EGY,G996BXXS9EWIA,2023-10-01,2026-09-11T15:12:36Z
SM-G996B,ILO,G996BXXS9EWIA,2023-10-01,2026-09-11T15:12:30Z
SM-G996B,MID,G996BXXS9EWIA,2023-10-01,2026-09-11T15:12:33Z
SM-G996B,SEE,G996BXXS9EWIA,2023-10-01,2026-09-11T15:12:59Z
SM-G996B,TUR,G996BXXS9EWIA,2023-10-01,2026-09-11T15:12:40Z
SM-G996B,XSA,G996BXXS9EWIA,2023-10-01,2026-09-11T15:13:02Z
SM-G996B,XSG,G996BXXS9EWIA,2023-10-01,2026-09-11T15:12:43Z
SM-G996B,BTU,G996BXXS9EWJG,2023-10-01,2026-09-11T15:13:05Z
SM-G996B,SEE,G996BXXS9EWJG,2023-10-01,2026-09-11T15:12:59Z
SM-G996B,AFG,G996BXXS9EWJO,2023-11-01,2026-09-11T15:12:46Z
SM-G996B,BTU,G996BXXS9EWJO,2023-11-01,2026-09-11T15:13:05Z
SM-G996B,EGY,G996BXXS9EWJO,2023-11-01,2026-09-11T15:12:36Z
SM-G996B,ILO,G996BXXS9EWJO,2023-11-01,2026-09-11T15:12:30Z
SM-G996B,MID,G996BXXS9EWJO,2023-11-01,2026-09-11T15:12:33Z
SM-G996B,SEE,G996BXXS9EWJO,2023-11-01,2026-09-11T15:12:59Z
SM-G996B,TUR,G996BXXS9EWJO,2023-11-01,2026-09-11T15:12:40Z
SM-G996B,XSA,G996BXXS9EWJO,2023-11-01,2026-09-11T15:13:02Z
SM-G996B,XSG,G996BXXS9EWJO,2023-11-01,2026-09-11T15:12:43Z
SM-G996B,SEE,G996BXXS9FWKB,2023-12-01,2026-09-11T15:12:59Z
SM-G996B,XSA,G996BXXS9FWL4,2023-12-01,2026-09-11T15:13:02Z
SM-G996B,AFG,G996BXXS9FWL5,2023-12-01,2026-09-11T15:12:46Z
SM-G996B,EGY,G996BXXS9FWL5,2023-12-01,2026-09-11T15:12:36Z
SM-G996B,MID,G996BXXS9FWL5,2023-12-01,2026-09-11T15:12:33Z
SM-G996B,XSG,G996BXXS9FWL5,2023-12-01,2026-09-11T15:12:43Z
SM-G996B,SEE,G996BXXS9FWL9,2024-01-01,2026-09-11T15:12:59Z
SM-G996B,BTU,G996BXXS9FWLA,2024-01-01,2026-09-11T15:13:05Z
SM-G996B,ILO,G996BXXS9FWLA,2024-01-01,2026-09-11T15:12:30Z
SM-G996B,TUR,G996BXXS9FWLA,2024-01-01,2026-09-11T15:12:40Z
SM-G996B,AFG,G996BXXS9FXA2,2024-01-01,2026-09-11T15:12:46Z
SM-G996B,EGY,G996BXXS9FXA2,2024-01-01,2026-09-11T15:12:36Z
SM-G996B,MID,G996BXXS9FXA2,2024-01-01,2026-09-11T15:12:33Z
SM-G996B,XSG,G996BXXS9FXA2,2024-01-01,2026-09-11T15:12:43Z
SM-G996B,XSA,G996BXXS9FXA3,2024-01-01,2026-09-11T15:13:02Z
SM-G996B,SEE,G996BXXS9FXAH,2024-02-01,2026-09-11T15:12:59Z
SM-G996B,XSA,G996BXXS9FXAI,2024-02-01,2026-09-11T15:13:02Z
SM-G996B,BTU,G996BXXS9FXAK,2024-02-01,2026-09-11T15:13:05Z
SM-G996B,ILO,G996BXXS9FXAK,2024-02-01,2026-09-11T15:12:30Z
SM-G996B,TUR,G996BXXS9FXAK,2024-02-01,2026-09-11T15:12:40Z
SM-G996B,AFG,G996BXXS9FXAM,2024-02-01,2026-09-11T15:12:46Z
SM-G996B,EGY,G996BXXS9FXAM,2024-02-01,2026-09-11T15:12:36Z
SM-G996B,MID,G996BXXS9FXAM,2024-02-01,2026-09-11T15:12:33Z
SM-G996B,XSG,G996BXXS9FXAM,2024-02-01,2026-09-11T15:12:43Z
SM-G996B,SEE,G996BXXS9FXBD,2024-03-01,2026-09-11T15:12:59Z
SM-G996B,BTU,G996BXXS9FXBE,2024-03-01,2026-09-11T15:13:05Z
SM-G996B,ILO,G996BXXS9FXBE,2024-03-01,2026-09-11T15:12:30Z
SM-G996B,TUR,G996BXXS9FXBE,2024-03-01,2026-09-11T15:12:40Z
SM-G996B,XSA,G996BXXS9FXBF,2024-03-01,2026-09-11T15:13:02Z
SM-G996B,AFG,G996BXXS9FXBG,2024-03-01,2026-09-11T15:12:46Z
SM-G996B,EGY,G996BXXS9FXBG,2024-03-01,2026-09-11T15:12:36Z
SM-G996B,MID,G996BXXS9FXBG,2024-03-01,2026-09-11T15:12:33Z
SM-G996B,XSG,G996BXXS9FXBG,2024-03-01,2026-09-11T15:12:43Z
SM-G996B,SEE,G996BXXSAFXCL,2024-04-01,2026-09-11T15:12:59Z
SM-G996B,BTU,G996BXXSAFXCM,2024-04-01,2026-09-11T15:13:05Z
SM-G996B,ILO,G996BXXSAFXCM,2024-04-01,2026-09-11T15:12:30Z
SM-G996B,TUR,G996BXXSAFXCM,2024-04-01,2026-09-11T15:12:40Z
SM-G996B,AFG,G996BXXSAFXCO,2024-04-01,2026-09-11T15:12:46Z
SM-G996B,EGY,G996BXXSAFXCO,2024-04-01,2026-09-11T15:12:36Z
SM-G996B,MID,G996BXXSAFXCO,2024-04-01,2026-09-11T15:12:33Z
SM-G996B,XSG,G996BXXSAFXCO,2024-04-01,2026-09-11T15:12:43Z
SM-G996B,XSA,G996BXXSAFXCP,2024-04-01,2026-09-11T15:13:02Z
SM-G996B,AFG,G996BXXSBGXDH,2024-05-01,2026-09-11T15:12:46Z
SM-G996B,BTU,G996BXXSBGXDH,2024-05-01,2026-09-11T15:13:05Z
SM-G996B,EGY,G996BXXSBGXDH,2024-05-01,2026-09-11T15:12:36Z
SM-G996B,ILO,G996BXXSBGXDH,2024-05-01,2026-09-11T15:12:30Z
SM-G996B,MID,G996BXXSBGXDH,2024-05-01,2026-09-11T15:12:33Z
SM-G996B,SEE,G996BXXSBGXDH,2024-05-01,2026-09-11T15:12:59Z
SM-G996B,TUR,G996BXXSBGXDH,2024-05-01,2026-09-11T15:12:40Z
SM-G996B,XSA,G996BXXSBGXDH,2024-05-01,2026-09-11T15:13:02Z
SM-G996B,XSG,G996BXXSBGXDH,2024-05-01,2026-09-11T15:12:43Z
SM-G996B,AFG,G996BXXSBGXEC,2024-06-01,2026-09-11T15:12:46Z
SM-G996B,EGY,G996BXXSBGXEC,2024-06-01,2026-09-11T15:12:36Z
SM-G996B,ILO,G996BXXSBGXEC,2024-06-01,2026-09-11T15:12:30Z
SM-G996B,MID,G996BXXSBGXEC,2024-06-01,2026-09-11T15:12:33Z
SM-G996B,TUR,G996BXXSBGXEC,2024-06-01,2026-09-11T15:12:40Z
SM-G996B,XSA,G996BXXSBGXEC,2024-06-01,2026-09-11T15:13:02Z
SM-G996B,XSG,G996BXXSBGXEC,2024-06-01,2026-09-11T15:12:43Z
SM-G996B,BTU,G996BXXSBGXED,2024-06-01,2026-09-11T15:13:05Z
SM-G996B,SEE,G996BXXSBGXED,2024-06-01,2026-09-11T15:12:59Z
SM-G996B,AFG,G996BXXSCGXF4,2024-07-01,2026-09-11T15:12:46Z
SM-G996B,EGY,G996BXXSCGXF4,2024-07-01,2026-09-11T15:12:36Z
SM-G996B,ILO,G996BXXSCGXF4,2024-07-01,2026-09-11T15:12:30Z
SM-G996B,MID,G996BXXSCGXF4,2024-07-01,2026-09-11T15:12:33Z
SM-G996B,TUR,G996BXXSCGXF4,2024-07-01,2026-09-11T15:12:40Z
SM-G996B,XSA,G996BXXSCGXF4,2024-07-01,2026-09-11T15:13:02Z
SM-G996B,XSG,G996BXXSCGXF4,2024-07-01,2026-09-11T15:12:43Z
SM-G996B,BTU,G996BXXSCGXF5,2024-07-01,2026-09-11T15:13:05Z
SM-G996B,SEE,G996BXXSCGXF5,2024-07-01,2026-09-11T15:12:59Z
SM-G996B,AFG,G996BXXSCGXH7,2024-09-01,2026-09-11T15:12:46Z
SM-G996B,BTU,G996BXXSCGXH7,2024-09-01,2026-09-11T15:13:05Z
SM-G996B,EGY,G996BXXSCGXH7,2024-09-01,2026-09-11T15:12:36Z
SM-G996B,ILO,G996BXXSCGXH7,2024-09-01,2026-09-11T15:12:30Z
SM-G996B,MID,G996BXXSCGXH7,2024-09-01,2026-09-11T15:12:33Z
SM-G996B,SEE,G996BXXSCGXH7,2024-09-01,2026-09-11T15:12:59Z
SM-G996B,TUR,G996BXXSCGXH7,2024-09-01,2026-09-11T15:12:40Z
SM-G996B,XSA,G996BXXSCGXH7,2024-09-01,2026-09-11T15:13:02Z
SM-G996B,XSG,G996BXXSCGXH7,2024-09-01,2026-09-11T15:12:43Z
SM-G996B,AFG,G996BXXSDGXI5,2024-10-01,2026-09-11T15:12:46Z
SM-G996B,BTU,G996BXXSDGXI5,2024-10-01,2026-09-11T15:13:05Z
SM-G996B,EGY,G996BXXSDGXI5,2024-10-01,2026-09-11T15:12:36Z
SM-G996B,ILO,G996BXXSDGXI5,2024-10-01,2026-09-11T15:12:30Z
SM-G996B,MID,G996BXXSDGXI5,2024-10-01,2026-09-11T15:12:33Z
SM-G996B,SEE,G996BXXSDGXI5,2024-10-01,2026-09-11T15:12:59Z
SM-G996B,TUR,G996BXXSDGXI5,2024-10-01,2026-09-11T15:12:40Z
SM-G996B,XSA,G996BXXSDGXI5,2024-10-01,2026-09-11T15:13:02Z
SM-G996B,XSG,G996BXXSDGXI5,2024-10-01,2026-09-11T15:12:43Z
SM-G996B,AFG,G996BXXSEGXK1,2024-12-01,2026-09-11T15:12:46Z
SM-G996B,BTU,G996BXXSEGXK1,2024-12-01,2026-09-11T15:13:05Z
SM-G996B,EGY,G996BXXSEGXK1,2024-12-01,2026-09-11T15:12:36Z
SM-G996B,ILO,G996BXXSEGXK1,2024-12-01,2026-09-11T15:12:30Z
SM-G996B,MID,G996BXXSEGXK1,2024-12-01,2026-09-11T15:12:33Z
SM-G996B,SEE,G996BXXSEGXK1,2024-12-01,2026-09-11T15:12:59Z
SM-G996B,TUR,G996BXXSEGXK1,2024-12-01,2026-09-11T15:12:40Z
SM-G996B,XSA,G996BXXSEGXK1,2024-12-01,2026-09-11T15:13:02Z
SM-G996B,XSG,G996BXXSEGXK1,2024-12-01,2026-09-11T15:12:43Z
SM-G996B,AFG,G996BXXSEGXL2,2025-01-01,2026-09-11T15:12:46Z
SM-G996B,BTU,G996BXXSEGXL2,2025-01-01,2026-09-11T15:13:05Z
SM-G996B,EGY,G996BXXSEGXL2,2025-01-01,2026-09-11T15:12:36Z
SM-G996B,ILO,G996BXXSEGXL2,2025-01-01,2026-09-11T15:12:30Z
SM-G996B,MID,G996BXXSEGXL2,2025-01-01,2026-09-11T15:12:33Z
SM-G996B,SEE,G996BXXSEGXL2,2025-01-01,2026-09-11T15:12:59Z
SM-G996B,TUR,G996BXXSEGXL2,2025-01-01,2026-09-11T15:12:40Z
SM-G996B,XSA,G996BXXSEGXL2,2025-01-01,2026-09-11T15:13:02Z
SM-G996B,XSG,G996BXXSEGXL2,2025-01-01,2026-09-11T15:12:43Z
SM-G996B,AFG,G996BXXSEGYA2,2025-02-01,2026-09-11T15:12:46Z
SM-G996B,BTU,G996BXXSEGYA2,2025-02-01,2026-09-11T15:13:05Z
SM-G996B,EGY,G996BXXSEGYA2,2025-02-01,2026-09-11T15:12:36Z
SM-G996B,ILO,G996BXXSEGYA2,2025-02-01,2026-09-11T15:12:30Z
SM-G996B,MID,G996BXXSEGYA2,2025-02-01,2026-09-11T15:12:33Z
SM-G996B,SEE,G996BXXSEGYA2,2025-02-01,2026-09-11T15:12:59Z
SM-G996B,TUR,G996BXXSEGYA2,2025-02-01,2026-09-11T15:12:40Z
SM-G996B,XSA,G996BXXSEGYA2,2025-02-01,2026-09-11T15:13:02Z
SM-G996B,XSG,G996BXXSEGYA2,2025-02-01,2026-09-11T15:12:43Z
SM-G996B,AFG,G996BXXSFHYE1,2025-05-01,2026-09-11T15:12:46Z
SM-G996B,BTU,G996BXXSFHYE1,2025-05-01,2026-09-11T15:13:05Z
SM-G996B,EGY,G996BXXSFHYE1,2025-05-01,2026-09-11T15:12:36Z
SM-G996B,ILO,G996BXXSFHYE1,2025-05-01,2026-09-11T15:12:30Z
SM-G996B,MID,G996BXXSFHYE1,2025-05-01,2026-09-11T15:12:33Z
SM-G996B,SEE,G996BXXSFHYE1,2025-05-01,2026-09-11T15:12:59Z
SM-G996B,TUR,G996BXXSFHYE1,2025-05-01,2026-09-11T15:12:40Z
SM-G996B,XSA,G996BXXSFHYE1,2025-05-01,2026-09-11T15:13:02Z
SM-G996B,XSG,G996BXXSFHYE1,2025-05-01,2026-09-11T15:12:43Z
SM-G996B,AFG,G996BXXSGHYH1,2025-08-01,2026-09-11T15:12:46Z
SM-G996B,BTU,G996BXXSGHYH1,2025-08-01,2026-09-11T15:13:05Z
SM-G996B,EGY,G996BXXSGHYH1,2025-08-01,2026-09-11T15:12:36Z
SM-G996B,ILO,G996BXXSGHYH1,2025-08-01,2026-09-11T15:12:30Z
SM-G996B,MID,G996BXXSGHYH1,2025-08-01,2026-09-11T15:12:33Z
SM-G996B,SEE,G996BXXSGHYH1,2025-08-01,2026-09-11T15:12:59Z
SM-G996B,TUR,G996BXXSGHYH1,2025-08-01,2026-09-11T15:12:40Z
SM-G996B,XSA,G996BXXSGHYH1,2025-08-01,2026-09-11T15:13:02Z
SM-G996B,XSG,G996BXXSGHYH1,2025-08-01,2026-09-11T15:12:43Z
SM-G996B,AFG,G996BXXSHHYJ1,2025-10-01,2026-09-11T15:12:46Z
SM-G996B,BTU,G996BXXSHHYJ1,2025-10-01,2026-09-11T15:13:05Z
SM-G996B,EGY,G996BXXSHHYJ1,2025-10-01,2026-09-11T15:12:36Z
SM-G996B,ILO,G996BXXSHHYJ1,2025-10-01,2026-09-11T15:12:30Z
SM-G996B,MID,G996BXXSHHYJ1,2025-10-01,2026-09-11T15:12:33Z
SM-G996B,SEE,G996BXXSHHYJ1,2025-10-01,2026-09-11T15:12:59Z
SM-G996B,TUR,G996BXXSHHYJ1,2025-10-01,2026-09-11T15:12:40Z
SM-G996B,XSA,G996BXXSHHYJ1,2025-10-01,2026-09-11T15:13:02Z
SM-G996B,XSG,G996BXXSHHYJ1,2025-10-01,2026-09-11T15:12:43Z
SM-G996B,BTU,G996BXXSIHYK1,2025-11-01,2026-09-11T15:13:05Z
SM-G996B,SEE,G996BXXSIHYK1,2025-11-01,2026-09-11T15:12:59Z
SM-G996B,AFG,G996BXXSJHZA6,2026-01-01,2026-09-11T15:12:46Z
SM-G996B,BTU,G996BXXSJHZA6,2026-01-01,2026-09-11T15:13:05Z
SM-G996B,EGY,G996BXXSJHZA6,2026-01-01,2026-09-11T15:12:36Z
SM-G996B,ILO,G996BXXSJHZA6,2026-01-01,2026-09-11T15:12:30Z
SM-G996B,MID,G996BXXSJHZA6,2026-01-01,2026-09-11T15:12:33Z
SM-G996B,SEE,G996BXXSJHZA6,2026-01-01,2026-09-11T15:12:59Z
SM-G996B,TUR,G996BXXSJHZA6,2026-01-01,2026-09-11T15:12:40Z
SM-G996B,XSA,G996BXXSJHZA6,2026-01-01,2026-09-11T15:13:02Z
SM-G996B,XSG,G996BXXSJHZA6,2026-01-01,2026-09-11T15:12:43Z
SM-G996B,AFG,G996BXXSJHZC2,2026-01-01,2026-09-11T15:12:46Z
SM-G996B,BTU,G996BXXSJHZC2,2026-01-01,2026-09-11T15:13:05Z
SM-G996B,EGY,G996BXXSJHZC2,2026-01-01,2026-09-11T15:12:36Z
SM-G996B,ILO,G996BXXSJHZC2,2026-01-01,2026-09-11T15:12:30Z
SM-G996B,MID,G996BXXSJHZC2,2026-01-01,2026-09-11T15:12:33Z
SM-G996B,SEE,G996BXXSJHZC2,2026-01-01,2026-09-11T15:12:59Z
SM-G996B,TUR,G996BXXSJHZC2,2026-01-01,2026-09-11T15:12:40Z
SM-G996B,XSA,G996BXXSJHZC2,2026-01-01,2026-09-11T15:13:02Z
SM-G996B,XSG,G996BXXSJHZC2,2026-01-01,2026-09-11T15:12:43Z
SM-G996B,AFG,G996BXXU1AUA4,2021-01-01,2026-09-11T15:12:46Z
SM-G996B,BTU,G996BXXU1AUA4,2021-01-01,2026-09-11T15:13:05Z
SM-G996B,EGY,G996BXXU1AUA4,2021-01-01,2026-09-11T15:12:36Z
SM-G996B,ILO,G996BXXU1AUA4,2021-01-01,2026-09-11T15:12:30Z
SM-G996B,MID,G996BXXU1AUA4,2021-01-01,2026-09-11T15:12:33Z
SM-G996B,SEE,G996BXXU1AUA4,2021-01-01,2026-09-11T15:12:59Z
SM-G996B,TUR,G996BXXU1AUA4,2021-01-01,2026-09-11T15:12:40Z
SM-G996B,XSA,G996BXXU1AUA4,2021-01-01,2026-09-11T15:13:02Z
SM-G996B,XSG,G996BXXU1AUA4,2021-01-01,2026-09-11T15:12:43Z
SM-G996B,AFG,G996BXXU1AUAB,2021-01-01,2026-09-11T15:12:46Z
SM-G996B,BTU,G996BXXU1AUAB,2021-01-01,2026-09-11T15:13:05Z
SM-G996B,EGY,G996BXXU1AUAB,2021-01-01,2026-09-11T15:12:36Z
SM-G996B,ILO,G996BXXU1AUAB,2021-01-01,2026-09-11T15:12:30Z
SM-G996B,MID,G996BXXU1AUAB,2021-01-01,2026-09-11T15:12:33Z
SM-G996B,SEE,G996BXXU1AUAB,2021-01-01,2026-09-11T15:12:59Z
SM-G996B,TUR,G996BXXU1AUAB,2021-01-01,2026-09-11T15:12:40Z
SM-G996B,XSA,G996BXXU1AUAB,2021-01-01,2026-09-11T15:13:02Z
SM-G996B,XSG,G996BXXU1AUAB,2021-01-01,2026-09-11T15:12:43Z
SM-G996B,AFG,G996BXXU1AUB3,2021-02-01,2026-09-11T15:12:46Z
SM-G996B,BTU,G996BXXU1AUB3,2021-02-01,2026-09-11T15:13:05Z
SM-G996B,EGY,G996BXXU1AUB3,2021-02-01,2026-09-11T15:12:36Z
SM-G996B,ILO,G996BXXU1AUB3,2021-02-01,2026-09-11T15:12:30Z
SM-G996B,SEE,G996BXXU1AUB3,2021-02-01,2026-09-11T15:12:59Z
SM-G996B,TUR,G996BXXU1AUB3,2021-02-01,2026-09-11T15:12:40Z
SM-G996B,XSG,G996BXXU1AUB3,2021-02-01,2026-09-11T15:12:43Z
SM-G996B,BTU,G996BXXU1AUB6,2021-02-01,2026-09-11T15:13:05Z
SM-G996B,ILO,G996BXXU1AUB6,2021-02-01,2026-09-11T15:12:30Z
SM-G996B,MID,G996BXXU1AUB6,2021-02-01,2026-09-11T15:12:33Z
SM-G996B,SEE,G996BXXU1AUB6,2021-02-01,2026-09-11T15:12:59Z
SM-G996B,TUR,G996BXXU1AUB6,2021-02-01,2026-09-11T15:12:40Z
SM-G996B,XSG,G996BXXU1AUB6,2021-02-01,2026-09-11T15:12:43Z
SM-G996B,AFG,G996BXXU1AUB8,2021-02-01,2026-09-11T15:12:46Z
SM-G996B,BTU,G996BXXU1AUB8,2021-02-01,2026-09-11T15:13:05Z
SM-G996B,EGY,G996BXXU1AUB8,2021-02-01,2026-09-11T15:12:36Z
SM-G996B,ILO,G996BXXU1AUB8,2021-02-01,2026-09-11T15:12:30Z
SM-G996B,MID,G996BXXU1AUB8,2021-02-01,2026-09-11T15:12:33Z
SM-G996B,SEE,G996BXXU1AUB8,2021-02-01,2026-09-11T15:12:59Z
SM-G996B,TUR,G996BXXU1AUB8,2021-02-01,2026-09-11T15:12:40Z
SM-G996B,XSA,G996BXXU1AUB8,2021-02-01,2026-09-11T15:13:02Z
SM-G996B,XSG,G996BXXU1AUB8,2021-02-01,2026-09-11T15:12:43Z
SM-G996B,AFG,G996BXXU2AUC8,2021-04-01,2026-09-11T15:12:46Z
SM-G996B,BTU,G996BXXU2AUC8,2021-04-01,2026-09-11T15:13:05Z
SM-G996B,EGY,G996BXXU2AUC8,2021-04-01,2026-09-11T15:12:36Z
SM-G996B,ILO,G996BXXU2AUC8,2021-04-01,2026-09-11T15:12:30Z
SM-G996B,MID,G996BXXU2AUC8,2021-04-01,2026-09-11T15:12:33Z
SM-G996B,SEE,G996BXXU2AUC8,2021-04-01,2026-09-11T15:12:59Z
SM-G996B,TUR,G996BXXU2AUC8,2021-04-01,2026-09-11T15:12:40Z
SM-G996B,XSA,G996BXXU2AUC8,2021-04-01,2026-09-11T15:13:02Z
SM-G996B,XSG,G996BXXU2AUC8,2021-04-01,2026-09-11T15:12:43Z
SM-G996B,TUR,G996BXXU3AUDA,2021-05-01,2026-09-11T15:12:40Z
SM-G996B,XSG,G996BXXU3AUDA,2021-05-01,2026-09-11T15:12:43Z
SM-G996B,AFG,G996BXXU3AUE1,2021-05-01,2026-09-11T15:12:46Z
SM-G996B,BTU,G996BXXU3AUE1,2021-05-01,2026-09-11T15:13:05Z
SM-G996B,EGY,G996BXXU3AUE1,2021-05-01,2026-09-11T15:12:36Z
SM-G996B,ILO,G996BXXU3AUE1,2021-05-01,2026-09-11T15:12:30Z
SM-G996B,MID,G996BXXU3AUE1,2021-05-01,2026-09-11T15:12:33Z
SM-G996B,SEE,G996BXXU3AUE1,2021-05-01,2026-09-11T15:12:59Z
SM-G996B,TUR,G996BXXU3AUE1,2021-05-01,2026-09-11T15:12:40Z
SM-G996B,XSA,G996BXXU3AUE1,2021-05-01,2026-09-11T15:13:02Z
SM-G996B,XSG,G996BXXU3AUE1,2021-05-01,2026-09-11T15:12:43Z
SM-G996B,XSG,G996BXXU3AUE8,2021-06-01,2026-09-11T15:12:43Z
SM-G996B,XSG,G996BXXU3AUF2,2021-06-01,2026-09-11T15:12:43Z
SM-G996B,AFG,G996BXXU3AUF6,2021-06-01,2026-09-11T15:12:46Z
SM-G996B,BTU,G996BXXU3AUF6,2021-06-01,2026-09-11T15:13:05Z
SM-G996B,ILO,G996BXXU3AUF6,2021-06-01,2026-09-11T15:12:30Z
SM-G996B,SEE,G996BXXU3AUF6,2021-06-01,2026-09-11T15:12:59Z
SM-G996B,TUR,G996BXXU3AUF6,2021-06-01,2026-09-11T15:12:40Z
SM-G996B,XSA,G996BXXU3AUF6,2021-06-01,2026-09-11T15:13:02Z
SM-G996B,XSG,G996BXXU3AUF6,2021-06-01,2026-09-11T15:12:43Z
SM-G996B,AFG,G996BXXU3AUG4,2021-07-01,2026-09-11T15:12:46Z
SM-G996B,BTU,G996BXXU3AUG4,2021-07-01,2026-09-11T15:13:05Z
SM-G996B,EGY,G996BXXU3AUG4,2021-07-01,2026-09-11T15:12:36Z
SM-G996B,ILO,G996BXXU3AUG4,2021-07-01,2026-09-11T15:12:30Z
SM-G996B,MID,G996BXXU3AUG4,2021-07-01,2026-09-11T15:12:33Z
SM-G996B,SEE,G996BXXU3AUG4,2021-07-01,2026-09-11T15:12:59Z
SM-G996B,TUR,G996BXXU3AUG4,2021-07-01,2026-09-11T15:12:40Z
SM-G996B,XSG,G996BXXU3AUG4,2021-07-01,2026-09-11T15:12:43Z
SM-G996B,BTU,G996BXXU3AUGM,2021-08-01,2026-09-11T15:13:05Z
SM-G996B,SEE,G996BXXU3AUGM,2021-08-01,2026-09-11T15:12:59Z
SM-G996B,TUR,G996BXXU3AUGM,2021-08-01,2026-09-11T15:12:40Z
SM-G996B,AFG,G996BXXU3AUHB,2021-08-01,2026-09-11T15:12:46Z
SM-G996B,BTU,G996BXXU3AUHB,2021-08-01,2026-09-11T15:13:05Z
SM-G996B,EGY,G996BXXU3AUHB,2021-08-01,2026-09-11T15:12:36Z
SM-G996B,ILO,G996BXXU3AUHB,2021-08-01,2026-09-11T15:12:30Z
SM-G996B,SEE,G996BXXU3AUHB,2021-08-01,2026-09-11T15:12:59Z
SM-G996B,TUR,G996BXXU3AUHB,2021-08-01,2026-09-11T15:12:40Z
SM-G996B,XSA,G996BXXU3AUHB,2021-08-01,2026-09-11T15:13:02Z
SM-G996B,XSG,G996BXXU3AUHB,2021-08-01,2026-09-11T15:12:43Z
SM-G996B,AFG,G996BXXU3AUIE,2021-10-01,2026-09-11T15:12:46Z
SM-G996B,BTU,G996BXXU3AUIE,2021-10-01,2026-09-11T15:13:05Z
SM-G996B,EGY,G996BXXU3AUIE,2021-10-01,2026-09-11T15:12:36Z
SM-G996B,ILO,G996BXXU3AUIE,2021-10-01,2026-09-11T15:12:30Z
SM-G996B,MID,G996BXXU3AUIE,2021-10-01,2026-09-11T15:12:33Z
SM-G996B,SEE,G996BXXU3AUIE,2021-10-01,2026-09-11T15:12:59Z
SM-G996B,TUR,G996BXXU3AUIE,2021-10-01,2026-09-11T15:12:40Z
SM-G996B,XSA,G996BXXU3AUIE,2021-10-01,2026-09-11T15:13:02Z
SM-G996B,XSG,G996BXXU3AUIE,2021-10-01,2026-09-11T15:12:43Z
SM-G996B,AFG,G996BXXU3BUK8,2021-11-01,2026-09-11T15:12:46Z
SM-G996B,BTU,G996BXXU3BUK8,2021-11-01,2026-09-11T15:13:05Z
SM-G996B,EGY,G996BXXU3BUK8,2021-11-01,2026-09-11T15:12:36Z
SM-G996B,ILO,G996BXXU3BUK8,2021-11-01,2026-09-11T15:12:30Z
SM-G996B,MID,G996BXXU3BUK8,2021-11-01,2026-09-11T15:12:33Z
SM-G996B,SEE,G996BXXU3BUK8,2021-11-01,2026-09-11T15:12:59Z
SM-G996B,TUR,G996BXXU3BUK8,2021-11-01,2026-09-11T15:12:40Z
SM-G996B,XSG,G996BXXU3BUK8,2021-11-01,2026-09-11T15:12:43Z
SM-G996B,XSA,G996BXXU3BUKA,2021-11-01,2026-09-11T15:13:02Z
SM-G996B,AFG,G996BXXU3BUKG,2021-11-01,2026-09-11T15:12:46Z
SM-G996B,BTU,G996BXXU3BUKG,2021-11-01,2026-09-11T15:13:05Z
SM-G996B,EGY,G996BXXU3BUKG,2021-11-01,2026-09-11T15:12:36Z
SM-G996B,ILO,G996BXXU3BUKG,2021-11-01,2026-09-11T15:12:30Z
SM-G996B,MID,G996BXXU3BUKG,2021-11-01,2026-09-11T15:12:33Z
SM-G996B,SEE,G996BXXU3BUKG,2021-11-01,2026-09-11T15:12:59Z
SM-G996B,TUR,G996BXXU3BUKG,2021-11-01,2026-09-11T15:12:40Z
SM-G996B,XSA,G996BXXU3BUKG,2021-11-01,2026-09-11T15:13:02Z
SM-G996B,XSG,G996BXXU3BUKG,2021-11-01,2026-09-11T15:12:43Z
SM-G996B,AFG,G996BXXU4BULF,2022-01-01,2026-09-11T15:12:46Z
SM-G996B,BTU,G996BXXU4BULF,2022-01-01,2026-09-11T15:13:05Z
SM-G996B,EGY,G996BXXU4BULF,2022-01-01,2026-09-11T15:12:36Z
SM-G996B,ILO,G996BXXU4BULF,2022-01-01,2026-09-11T15:12:30Z
SM-G996B,MID,G996BXXU4BULF,2022-01-01,2026-09-11T15:12:33Z
SM-G996B,SEE,G996BXXU4BULF,2022-01-01,2026-09-11T15:12:59Z
SM-G996B,TUR,G996BXXU4BULF,2022-01-01,2026-09-11T15:12:40Z
SM-G996B,XSA,G996BXXU4BULF,2022-01-01,2026-09-11T15:13:02Z
SM-G996B,XSG,G996BXXU4BULF,2022-01-01,2026-09-11T15:12:43Z
SM-G996B,AFG,G996BXXU4BVB1,2022-02-01,2026-09-11T15:12:46Z
SM-G996B,BTU,G996BXXU4BVB1,2022-02-01,2026-09-11T15:13:05Z
SM-G996B,EGY,G996BXXU4BVB1,2022-02-01,2026-09-11T15:12:36Z
SM-G996B,MID,G996BXXU4BVB1,2022-02-01,2026-09-11T15:12:33Z
SM-G996B,SEE,G996BXXU4BVB1,2022-02-01,2026-09-11T15:12:59Z
SM-G996B,TUR,G996BXXU4BVB1,2022-02-01,2026-09-11T15:12:40Z
SM-G996B,XSG,G996BXXU4BVB1,2022-02-01,2026-09-11T15:12:43Z
SM-G996B,AFG,G996BXXU4CVC4,2022-03-01,2026-09-11T15:12:46Z
SM-G996B,BTU,G996BXXU4CVC4,2022-03-01,2026-09-11T15:13:05Z
SM-G996B,EGY,G996BXXU4CVC4,2022-03-01,2026-09-11T15:12:36Z
SM-G996B,ILO,G996BXXU4CVC4,2022-03-01,2026-09-11T15:12:30Z
SM-G996B,MID,G996BXXU4CVC4,2022-03-01,2026-09-11T15:12:33Z
SM-G996B,SEE,G996BXXU4CVC4,2022-03-01,2026-09-11T15:12:59Z
SM-G996B,TUR,G996BXXU4CVC4,2022-03-01,2026-09-11T15:12:40Z
SM-G996B,XSA,G996BXXU4CVC4,2022-03-01,2026-09-11T15:13:02Z
SM-G996B,XSG,G996BXXU4CVC4,2022-03-01,2026-09-11T15:12:43Z
SM-G996B,AFG,G996BXXU4CVD2,2022-04-01,2026-09-11T15:12:46Z
SM-G996B,BTU,G996BXXU4CVD2,2022-04-01,2026-09-11T15:13:05Z
SM-G996B,EGY,G996BXXU4CVD2,2022-04-01,2026-09-11T15:12:36Z
SM-G996B,ILO,G996BXXU4CVD2,2022-04-01,2026-09-11T15:12:30Z
SM-G996B,MID,G996BXXU4CVD2,2022-04-01,2026-09-11T15:12:33Z
SM-G996B,SEE,G996BXXU4CVD2,2022-04-01,2026-09-11T15:12:59Z
SM-G996B,TUR,G996BXXU4CVD2,2022-04-01,2026-09-11T15:12:40Z
SM-G996B,XSA,G996BXXU4CVD2,2022-04-01,2026-09-11T15:13:02Z
SM-G996B,XSG,G996BXXU4CVD2,2022-04-01,2026-09-11T15:12:43Z
SM-G996B,AFG,G996BXXU5CVDD,2022-05-01,2026-09-11T15:12:46Z
SM-G996B,BTU,G996BXXU5CVDD,2022-05-01,2026-09-11T15:13:05Z
SM-G996B,EGY,G996BXXU5CVDD,2022-05-01,2026-09-11T15:12:36Z
SM-G996B,ILO,G996BXXU5CVDD,2022-05-01,2026-09-11T15:12:30Z
SM-G996B,MID,G996BXXU5CVDD,2022-05-01,2026-09-11T15:12:33Z
SM-G996B,SEE,G996BXXU5CVDD,2022-05-01,2026-09-11T15:12:59Z
SM-G996B,TUR,G996BXXU5CVDD,2022-05-01,2026-09-11T15:12:40Z
SM-G996B,XSA,G996BXXU5CVDD,2022-05-01,2026-09-11T15:13:02Z
SM-G996B,XSG,G996BXXU5CVDD,2022-05-01,2026-09-11T15:12:43Z
SM-G996B,AFG,G996BXXU5CVF1,2022-06-01,2026-09-11T15:12:46Z
SM-G996B,BTU,G996BXXU5CVF1,2022-06-01,2026-09-11T15:13:05Z
SM-G996B,EGY,G996BXXU5CVF1,2022-06-01,2026-09-11T15:12:36Z
SM-G996B,ILO,G996BXXU5CVF1,2022-06-01,2026-09-11T15:12:30Z
SM-G996B,MID,G996BXXU5CVF1,2022-06-01,2026-09-11T15:12:33Z
SM-G996B,SEE,G996BXXU5CVF1,2022-06-01,2026-09-11T15:12:59Z
SM-G996B,TUR,G996BXXU5CVF1,2022-06-01,2026-09-11T15:12:40Z
SM-G996B,XSA,G996BXXU5CVF1,2022-06-01,2026-09-11T15:13:02Z
SM-G996B,XSG,G996BXXU5CVF1,2022-06-01,2026-09-11T15:12:43Z
SM-G996B,AFG,G996BXXU5CVGB,2022-08-01,2026-09-11T15:12:46Z
SM-G996B,BTU,G996BXXU5CVGB,2022-08-01,2026-09-11T15:13:05Z
SM-G996B,EGY,G996BXXU5CVGB,2022-08-01,2026-09-11T15:12:36Z
SM-G996B,ILO,G996BXXU5CVGB,2022-08-01,2026-09-11T15:12:30Z
SM-G996B,MID,G996BXXU5CVGB,2022-08-01,2026-09-11T15:12:33Z
SM-G996B,SEE,G996BXXU5CVGB,2022-08-01,2026-09-11T15:12:59Z
SM-G996B,TUR,G996BXXU5CVGB,2022-08-01,2026-09-11T15:12:40Z
SM-G996B,XSA,G996BXXU5CVGB,2022-08-01,2026-09-11T15:13:02Z
SM-G996B,XSG,G996BXXU5CVGB,2022-08-01,2026-09-11T15:12:43Z
SM-G996B,AFG,G996BXXU5CVH7,2022-08-01,2026-09-11T15:12:46Z
SM-G996B,BTU,G996BXXU5CVH7,2022-08-01,2026-09-11T15:13:05Z
SM-G996B,EGY,G996BXXU5CVH7,2022-08-01,2026-09-11T15:12:36Z
SM-G996B,ILO,G996BXXU5CVH7,2022-08-01,2026-09-11T15:12:30Z
SM-G996B,MID,G996BXXU5CVH7,2022-08-01,2026-09-11T15:12:33Z
SM-G996B,SEE,G996BXXU5CVH7,2022-08-01,2026-09-11T15:12:59Z
SM-G996B,TUR,G996BXXU5CVH7,2022-08-01,2026-09-11T15:12:40Z
SM-G996B,XSA,G996BXXU5CVH7,2022-08-01,2026-09-11T15:13:02Z
SM-G996B,XSG,G996BXXU5CVH7,2022-08-01,2026-09-11T15:12:43Z
SM-G996B,BTU,G996BXXU5DVJC,2022-10-01,2026-09-11T15:13:05Z
SM-G996B,SEE,G996BXXU5DVJC,2022-10-01,2026-09-11T15:12:59Z
SM-G996B,XSA,G996BXXU5DVJC,2022-10-01,2026-09-11T15:13:02Z
SM-G996B,AFG,G996BXXU5DVK3,2022-10-01,2026-09-11T15:12:46Z
SM-G996B,EGY,G996BXXU5DVK3,2022-10-01,2026-09-11T15:12:36Z
SM-G996B,ILO,G996BXXU5DVK3,2022-10-01,2026-09-11T15:12:30Z
SM-G996B,MID,G996BXXU5DVK3,2022-10-01,2026-09-11T15:12:33Z
SM-G996B,TUR,G996BXXU5DVK3,2022-10-01,2026-09-11T15:12:40Z
SM-G996B,XSG,G996BXXU5DVK3,2022-10-01,2026-09-11T15:12:43Z
SM-G996B,AFG,G996BXXU5DVKF,2022-12-01,2026-09-11T15:12:46Z
SM-G996B,BTU,G996BXXU5DVKF,2022-12-01,2026-09-11T15:13:05Z
SM-G996B,EGY,G996BXXU5DVKF,2022-12-01,2026-09-11T15:12:36Z
SM-G996B,ILO,G996BXXU5DVKF,2022-12-01,2026-09-11T15:12:30Z
SM-G996B,MID,G996BXXU5DVKF,2022-12-01,2026-09-11T15:12:33Z
SM-G996B,SEE,G996BXXU5DVKF,2022-12-01,2026-09-11T15:12:59Z
SM-G996B,TUR,G996BXXU5DVKF,2022-12-01,2026-09-11T15:12:40Z
SM-G996B,XSA,G996BXXU5DVKF,2022-12-01,2026-09-11T15:13:02Z
SM-G996B,XSG,G996BXXU5DVKF,2022-12-01,2026-09-11T15:12:43Z
SM-G996B,XSA,G996BXXU5DWA3,2022-12-01,2026-09-11T15:13:02Z
SM-G996B,AFG,G996BXXU6EWAF,2023-02-01,2026-09-11T15:12:46Z
SM-G996B,BTU,G996BXXU6EWAF,2023-02-01,2026-09-11T15:13:05Z
SM-G996B,EGY,G996BXXU6EWAF,2023-02-01,2026-09-11T15:12:36Z
SM-G996B,ILO,G996BXXU6EWAF,2023-02-01,2026-09-11T15:12:30Z
SM-G996B,MID,G996BXXU6EWAF,2023-02-01,2026-09-11T15:12:33Z
SM-G996B,SEE,G996BXXU6EWAF,2023-02-01,2026-09-11T15:12:59Z
SM-G996B,TUR,G996BXXU6EWAF,2023-02-01,2026-09-11T15:12:40Z
SM-G996B,XSA,G996BXXU6EWAF,2023-02-01,2026-09-11T15:13:02Z
SM-G996B,XSG,G996BXXU6EWAF,2023-02-01,2026-09-11T15:12:43Z
SM-G996B,AFG,G996BXXU7EWCH,2023-04-01,2026-09-11T15:12:46Z
SM-G996B,BTU,G996BXXU7EWCH,2023-04-01,2026-09-11T15:13:05Z
SM-G996B,EGY,G996BXXU7EWCH,2023-04-01,2026-09-11T15:12:36Z
SM-G996B,ILO,G996BXXU7EWCH,2023-04-01,2026-09-11T15:12:30Z
SM-G996B,MID,G996BXXU7EWCH,2023-04-01,2026-09-11T15:12:33Z
SM-G996B,SEE,G996BXXU7EWCH,2023-04-01,2026-09-11T15:12:59Z
SM-G996B,TUR,G996BXXU7EWCH,2023-04-01,2026-09-11T15:12:40Z
SM-G996B,XSA,G996BXXU7EWCH,2023-04-01,2026-09-11T15:13:02Z
SM-G996B,XSG,G996BXXU7EWCH,2023-04-01,2026-09-11T15:12:43Z
SM-G996B,BTU,G996BXXU7EWE1,2023-05-01,2026-09-11T15:13:05Z
SM-G996B,SEE,G996BXXU7EWE1,2023-05-01,2026-09-11T15:12:59Z
SM-G996B,BTU,G996BXXU7EWE6,2023-05-01,2026-09-11T15:13:05Z
SM-G996B,SEE,G996BXXU7EWE6,2023-05-01,2026-09-11T15:12:59Z
SM-G996B,XSA,G996BXXU7EWE6,2023-05-01,2026-09-11T15:13:02Z
SM-G996B,AFG,G996BXXU8EWF1,2023-06-01,2026-09-11T15:12:46Z
SM-G996B,BTU,G996BXXU8EWF1,2023-06-01,2026-09-11T15:13:05Z
SM-G996B,EGY,G996BXXU8EWF1,2023-06-01,2026-09-11T15:12:36Z
SM-G996B,ILO,G996BXXU8EWF1,2023-06-01,2026-09-11T15:12:30Z
SM-G996B,MID,G996BXXU8EWF1,2023-06-01,2026-09-11T15:12:33Z
SM-G996B,SEE,G996BXXU8EWF1,2023-06-01,2026-09-11T15:12:59Z
SM-G996B,TUR,G996BXXU8EWF1,2023-06-01,2026-09-11T15:12:40Z
SM-G996B,XSA,G996BXXU8EWF1,2023-06-01,2026-09-11T15:13:02Z
SM-G996B,XSG,G996BXXU8EWF1,2023-06-01,2026-09-11T15:12:43Z
SM-G996B,AFG,G996BXXU9EWH5,2023-08-01,2026-09-11T15:12:46Z
SM-G996B,BTU,G996BXXU9EWH5,2023-08-01,2026-09-11T15:13:05Z
SM-G996B,EGY,G996BXXU9EWH5,2023-08-01,2026-09-11T15:12:36Z
SM-G996B,ILO,G996BXXU9EWH5,2023-08-01,2026-09-11T15:12:30Z
SM-G996B,MID,G996BXXU9EWH5,2023-08-01,2026-09-11T15:12:33Z
SM-G996B,SEE,G996BXXU9EWH5,2023-08-01,2026-09-11T15:12:59Z
SM-G996B,TUR,G996BXXU9EWH5,2023-08-01,2026-09-11T15:12:40Z
SM-G996B,XSA,G996BXXU9EWH5,2023-08-01,2026-09-11T15:13:02Z
SM-G996B,XSG,G996BXXU9EWH5,2023-08-01,2026-09-11T15:12:43Z
SM-G996B,SEE,G996BXXU9FWK2,2023-11-01,2026-09-11T15:12:59Z
SM-G996B,XSA,G996BXXU9FWK3,2023-11-01,2026-09-11T15:13:02Z
SM-G996B,AFG,G996BXXU9FWK5,2023-11-01,2026-09-11T15:12:46Z
SM-G996B,EGY,G996BXXU9FWK5,2023-11-01,2026-09-11T15:12:36Z
SM-G996B,MID,G996BXXU9FWK5,2023-11-01,2026-09-11T15:12:33Z
SM-G996B,XSG,G996BXXU9FWK5,2023-11-01,2026-09-11T15:12:43Z
SM-G996B,BTU,G996BXXU9FWL3,2023-12-01,2026-09-11T15:13:05Z
SM-G996B,ILO,G996BXXU9FWL3,2023-12-01,2026-09-11T15:12:30Z
SM-G996B,TUR,G996BXXU9FWL3,2023-12-01,2026-09-11T15:12:40Z
SM-G996B,AFG,G996BXXUAGXDA,2024-04-01,2026-09-11T15:12:46Z
SM-G996B,BTU,G996BXXUAGXDA,2024-04-01,2026-09-11T15:13:05Z
SM-G996B,EGY,G996BXXUAGXDA,2024-04-01,2026-09-11T15:12:36Z
SM-G996B,ILO,G996BXXUAGXDA,2024-04-01,2026-09-11T15:12:30Z
SM-G996B,MID,G996BXXUAGXDA,2024-04-01,2026-09-11T15:12:33Z
SM-G996B,SEE,G996BXXUAGXDA,2024-04-01,2026-09-11T15:12:59Z
SM-G996B,TUR,G996BXXUAGXDA,2024-04-01,2026-09-11T15:12:40Z
SM-G996B,XSA,G996BXXUAGXDA,2024-04-01,2026-09-11T15:13:02Z
SM-G996B,XSG,G996BXXUAGXDA,2024-04-01,2026-09-11T15:12:43Z
SM-G996B,BTU,G996BXXUBGXE7,2024-05-01,2026-09-11T15:13:05Z
SM-G996B,SEE,G996BXXUBGXE7,2024-05-01,2026-09-11T15:12:59Z
SM-G996B,AFG,G996BXXUCGXGC,2024-08-01,2026-09-11T15:12:46Z
SM-G996B,BTU,G996BXXUCGXGC,2024-08-01,2026-09-11T15:13:05Z
SM-G996B,EGY,G996BXXUCGXGC,2024-08-01,2026-09-11T15:12:36Z
SM-G996B,ILO,G996BXXUCGXGC,2024-08-01,2026-09-11T15:12:30Z
SM-G996B,MID,G996BXXUCGXGC,2024-08-01,2026-09-11T15:12:33Z
SM-G996B,SEE,G996BXXUCGXGC,2024-08-01,2026-09-11T15:12:59Z
SM-G996B,TUR,G996BXXUCGXGC,2024-08-01,2026-09-11T15:12:40Z
SM-G996B,XSA,G996BXXUCGXGC,2024-08-01,2026-09-11T15:13:02Z
SM-G996B,XSG,G996BXXUCGXGC,2024-08-01,2026-09-11T15:12:43Z
SM-G996B,AFG,G996BXXUEGXJE,2024-11-01,2026-09-11T15:12:46Z
SM-G996B,BTU,G996BXXUEGXJE,2024-11-01,2026-09-11T15:13:05Z
SM-G996B,EGY,G996BXXUEGXJE,2024-11-01,2026-09-11T15:12:36Z
SM-G996B,ILO,G996BXXUEGXJE,2024-11-01,2026-09-11T15:12:30Z
SM-G996B,MID,G996BXXUEGXJE,2024-11-01,2026-09-11T15:12:33Z
SM-G996B,SEE,G996BXXUEGXJE,2024-11-01,2026-09-11T15:12:59Z
SM-G996B,TUR,G996BXXUEGXJE,2024-11-01,2026-09-11T15:12:40Z
SM-G996B,XSA,G996BXXUEGXJE,2024-11-01,2026-09-11T15:13:02Z
SM-G996B,XSG,G996BXXUEGXJE,2024-11-01,2026-09-11T15:12:43Z
SM-G996B,AFG,G996BXXUEHYD5,2025-04-01,2026-09-11T15:12:46Z
SM-G996B,BTU,G996BXXUEHYD5,2025-04-01,2026-09-11T15:13:05Z
SM-G996B,EGY,G996BXXUEHYD5,2025-04-01,2026-09-11T15:12:36Z
SM-G996B,ILO,G996BXXUEHYD5,2025-04-01,2026-09-11T15:12:30Z
SM-G996B,MID,G996BXXUEHYD5,2025-04-01,2026-09-11T15:12:33Z
SM-G996B,SEE,G996BXXUEHYD5,2025-04-01,2026-09-11T15:12:59Z
SM-G996B,TUR,G996BXXUEHYD5,2025-04-01,2026-09-11T15:12:40Z
SM-G996B,XSA,G996BXXUEHYD5,2025-04-01,2026-09-11T15:13:02Z
SM-G996B,XSG,G996BXXUEHYD5,2025-04-01,2026-09-11T15:12:43Z
SM-G998B,AFG,G998BXXS2AUBB,2021-03-01,2026-09-11T15:13:23Z
SM-G998B,BTU,G998BXXS2AUBB,2021-03-01,2026-09-11T15:13:42Z
SM-G998B,EGY,G998BXXS2AUBB,2021-03-01,2026-09-11T15:13:14Z
SM-G998B,ILO,G998BXXS2AUBB,2021-03-01,2026-09-11T15:13:08Z
SM-G998B,MID,G998BXXS2AUBB,2021-03-01,2026-09-11T15:13:11Z
SM-G998B,SEE,G998BXXS2AUBB,2021-03-01,2026-09-11T15:13:36Z
SM-G998B,TUR,G998BXXS2AUBB,2021-03-01,2026-09-11T15:13:17Z
SM-G998B,XSA,G998BXXS2AUBB,2021-03-01,2026-09-11T15:13:40Z
SM-G998B,XSG,G998BXXS2AUBB,2021-03-01,2026-09-11T15:13:20Z
SM-G998B,XSA,G998BXXS3AUFD,2021-07-01,2026-09-11T15:13:40Z
SM-G998B,AFG,G998BXXS3AUHD,2021-09-01,2026-09-11T15:13:23Z
SM-G998B,BTU,G998BXXS3AUHD,2021-09-01,2026-09-11T15:13:42Z
SM-G998B,EGY,G998BXXS3AUHD,2021-09-01,2026-09-11T15:13:14Z
SM-G998B,MID,G998BXXS3AUHD,2021-09-01,2026-09-11T15:13:11Z
SM-G998B,SEE,G998BXXS3AUHD,2021-09-01,2026-09-11T15:13:36Z
SM-G998B,TUR,G998BXXS3AUHD,2021-09-01,2026-09-11T15:13:17Z
SM-G998B,XSA,G998BXXS3AUHD,2021-09-01,2026-09-11T15:13:40Z
SM-G998B,XSG,G998BXXS3AUHD,2021-09-01,2026-09-11T15:13:20Z
SM-G998B,AFG,G998BXXS3AUJ7,2021-11-01,2026-09-11T15:13:23Z
SM-G998B,BTU,G998BXXS3AUJ7,2021-11-01,2026-09-11T15:13:42Z
SM-G998B,EGY,G998BXXS3AUJ7,2021-11-01,2026-09-11T15:13:14Z
SM-G998B,ILO,G998BXXS3AUJ7,2021-11-01,2026-09-11T15:13:08Z
SM-G998B,MID,G998BXXS3AUJ7,2021-11-01,2026-09-11T15:13:11Z
SM-G998B,SEE,G998BXXS3AUJ7,2021-11-01,2026-09-11T15:13:36Z
SM-G998B,TUR,G998BXXS3AUJ7,2021-11-01,2026-09-11T15:13:17Z
SM-G998B,XSA,G998BXXS3AUJ7,2021-11-01,2026-09-11T15:13:40Z
SM-G998B,XSG,G998BXXS3AUJ7,2021-11-01,2026-09-11T15:13:20Z
SM-G998B,AFG,G998BXXS3BUL1,2021-12-01,2026-09-11T15:13:23Z
SM-G998B,BTU,G998BXXS3BUL1,2021-12-01,2026-09-11T15:13:42Z
SM-G998B,EGY,G998BXXS3BUL1,2021-12-01,2026-09-11T15:13:14Z
SM-G998B,ILO,G998BXXS3BUL1,2021-12-01,2026-09-11T15:13:08Z
SM-G998B,MID,G998BXXS3BUL1,2021-12-01,2026-09-11T15:13:11Z
SM-G998B,SEE,G998BXXS3BUL1,2021-12-01,2026-09-11T15:13:36Z
SM-G998B,TUR,G998BXXS3BUL1,2021-12-01,2026-09-11T15:13:17Z
SM-G998B,XSG,G998BXXS3BUL1,2021-12-01,2026-09-11T15:13:20Z
SM-G998B,AFG,G998BXXS3BULC,2021-12-01,2026-09-11T15:13:23Z
SM-G998B,BTU,G998BXXS3BULC,2021-12-01,2026-09-11T15:13:42Z
SM-G998B,EGY,G998BXXS3BULC,2021-12-01,2026-09-11T15:13:14Z
SM-G998B,ILO,G998BXXS3BULC,2021-12-01,2026-09-11T15:13:08Z
SM-G998B,MID,G998BXXS3BULC,2021-12-01,2026-09-11T15:13:11Z
SM-G998B,SEE,G998BXXS3BULC,2021-12-01,2026-09-11T15:13:36Z
SM-G998B,TUR,G998BXXS3BULC,2021-12-01,2026-09-11T15:13:17Z
SM-G998B,XSA,G998BXXS3BULC,2021-12-01,2026-09-11T15:13:40Z
SM-G998B,XSG,G998BXXS3BULC,2021-12-01,2026-09-11T15:13:20Z
SM-G998B,AFG,G998BXXS4BVA8,2022-02-01,2026-09-11T15:13:23Z
SM-G998B,EGY,G998BXXS4BVA8,2022-02-01,2026-09-11T15:13:14Z
SM-G998B,MID,G998BXXS4BVA8,2022-02-01,2026-09-11T15:13:11Z
SM-G998B,XSG,G998BXXS4BVA8,2022-02-01,2026-09-11T15:13:20Z
SM-G998B,XSA,G998BXXS4BVAA,2022-02-01,2026-09-11T15:13:40Z
SM-G998B,BTU,G998BXXS4CVCG,2022-04-01,2026-09-11T15:13:42Z
SM-G998B,SEE,G998BXXS4CVCG,2022-04-01,2026-09-11T15:13:36Z
SM-G998B,AFG,G998BXXS5CVFB,2022-07-01,2026-09-11T15:13:23Z
SM-G998B,BTU,G998BXXS5CVFB,2022-07-01,2026-09-11T15:13:42Z
SM-G998B,EGY,G998BXXS5CVFB,2022-07-01,2026-09-11T15:13:14Z
SM-G998B,MID,G998BXXS5CVFB,2022-07-01,2026-09-11T15:13:11Z
SM-G998B,SEE,G998BXXS5CVFB,2022-07-01,2026-09-11T15:13:36Z
SM-G998B,TUR,G998BXXS5CVFB,2022-07-01,2026-09-11T15:13:17Z
SM-G998B,XSA,G998BXXS5CVFB,2022-07-01,2026-09-11T15:13:40Z
SM-G998B,XSG,G998BXXS5CVFB,2022-07-01,2026-09-11T15:13:20Z
SM-G998B,AFG,G998BXXS5CVHI,2022-09-01,2026-09-11T15:13:23Z
SM-G998B,BTU,G998BXXS5CVHI,2022-09-01,2026-09-11T15:13:42Z
SM-G998B,EGY,G998BXXS5CVHI,2022-09-01,2026-09-11T15:13:14Z
SM-G998B,ILO,G998BXXS5CVHI,2022-09-01,2026-09-11T15:13:08Z
SM-G998B,MID,G998BXXS5CVHI,2022-09-01,2026-09-11T15:13:11Z
SM-G998B,SEE,G998BXXS5CVHI,2022-09-01,2026-09-11T15:13:36Z
SM-G998B,TUR,G998BXXS5CVHI,2022-09-01,2026-09-11T15:13:17Z
SM-G998B,XSA,G998BXXS5CVHI,2022-09-01,2026-09-11T15:13:40Z
SM-G998B,XSG,G998BXXS5CVHI,2022-09-01,2026-09-11T15:13:20Z
SM-G998B,AFG,G998BXXS5CVIF,2022-10-01,2026-09-11T15:13:23Z
SM-G998B,BTU,G998BXXS5CVIF,2022-10-01,2026-09-11T15:13:42Z
SM-G998B,EGY,G998BXXS5CVIF,2022-10-01,2026-09-11T15:13:14Z
SM-G998B,ILO,G998BXXS5CVIF,2022-10-01,2026-09-11T15:13:08Z
SM-G998B,MID,G998BXXS5CVIF,2022-10-01,2026-09-11T15:13:11Z
SM-G998B,SEE,G998BXXS5CVIF,2022-10-01,2026-09-11T15:13:36Z
SM-G998B,TUR,G998BXXS5CVIF,2022-10-01,2026-09-11T15:13:17Z
SM-G998B,XSA,G998BXXS5CVIF,2022-10-01,2026-09-11T15:13:40Z
SM-G998B,XSG,G998BXXS5CVIF,2022-10-01,2026-09-11T15:13:20Z
SM-G998B,BTU,G998BXXS5DVK1,2022-11-01,2026-09-11T15:13:42Z
SM-G998B,SEE,G998BXXS5DVK1,2022-11-01,2026-09-11T15:13:36Z
SM-G998B,XSA,G998BXXS5DVK1,2022-11-01,2026-09-11T15:13:40Z
SM-G998B,AFG,G998BXXS5DVKE,2022-11-01,2026-09-11T15:13:23Z
SM-G998B,EGY,G998BXXS5DVKE,2022-11-01,2026-09-11T15:13:14Z
SM-G998B,MID,G998BXXS5DVKE,2022-11-01,2026-09-11T15:13:11Z
SM-G998B,TUR,G998BXXS5DVKE,2022-11-01,2026-09-11T15:13:17Z
SM-G998B,XSG,G998BXXS5DVKE,2022-11-01,2026-09-11T15:13:20Z
SM-G998B,SEE,G998BXXS5DVL3,2023-01-01,2026-09-11T15:13:36Z
SM-G998B,BTU,G998BXXS5DWA4,2023-01-01,2026-09-11T15:13:42Z
SM-G998B,SEE,G998BXXS5DWA4,2023-01-01,2026-09-11T15:13:36Z
SM-G998B,TUR,G998BXXS5DWA4,2023-01-01,2026-09-11T15:13:17Z
SM-G998B,AFG,G998BXXS5DWA6,2023-01-01,2026-09-11T15:13:23Z
SM-G998B,EGY,G998BXXS5DWA6,2023-01-01,2026-09-11T15:13:14Z
SM-G998B,ILO,G998BXXS5DWA6,2023-01-01,2026-09-11T15:13:08Z
SM-G998B,MID,G998BXXS5DWA6,2023-01-01,2026-09-11T15:13:11Z
SM-G998B,XSG,G998BXXS5DWA6,2023-01-01,2026-09-11T15:13:20Z
SM-G998B,XSA,G998BXXS5DWA7,2023-01-01,2026-09-11T15:13:40Z
SM-G998B,AFG,G998BXXS6EWBB,2023-03-01,2026-09-11T15:13:23Z
SM-G998B,BTU,G998BXXS6EWBB,2023-03-01,2026-09-11T15:13:42Z
SM-G998B,EGY,G998BXXS6EWBB,2023-03-01,2026-09-11T15:13:14Z
SM-G998B,ILO,G998BXXS6EWBB,2023-03-01,2026-09-11T15:13:08Z
SM-G998B,MID,G998BXXS6EWBB,2023-03-01,2026-09-11T15:13:11Z
SM-G998B,SEE,G998BXXS6EWBB,2023-03-01,2026-09-11T15:13:36Z
SM-G998B,TUR,G998BXXS6EWBB,2023-03-01,2026-09-11T15:13:17Z
SM-G998B,XSA,G998BXXS6EWBB,2023-03-01,2026-09-11T15:13:40Z
SM-G998B,XSG,G998BXXS6EWBB,2023-03-01,2026-09-11T15:13:20Z
SM-G998B,AFG,G998BXXS7EWD3,2023-05-01,2026-09-11T15:13:23Z
SM-G998B,EGY,G998BXXS7EWD3,2023-05-01,2026-09-11T15:13:14Z
SM-G998B,ILO,G998BXXS7EWD3,2023-05-01,2026-09-11T15:13:08Z
SM-G998B,MID,G998BXXS7EWD3,2023-05-01,2026-09-11T15:13:11Z
SM-G998B,TUR,G998BXXS7EWD3,2023-05-01,2026-09-11T15:13:17Z
SM-G998B,XSG,G998BXXS7EWD3,2023-05-01,2026-09-11T15:13:20Z
SM-G998B,AFG,G998BXXS9EWF3,2023-07-01,2026-09-11T15:13:23Z
SM-G998B,BTU,G998BXXS9EWF3,2023-07-01,2026-09-11T15:13:42Z
SM-G998B,EGY,G998BXXS9EWF3,2023-07-01,2026-09-11T15:13:14Z
SM-G998B,ILO,G998BXXS9EWF3,2023-07-01,2026-09-11T15:13:08Z
SM-G998B,MID,G998BXXS9EWF3,2023-07-01,2026-09-11T15:13:11Z
SM-G998B,SEE,G998BXXS9EWF3,2023-07-01,2026-09-11T15:13:36Z
SM-G998B,TUR,G998BXXS9EWF3,2023-07-01,2026-09-11T15:13:17Z
SM-G998B,XSA,G998BXXS9EWF3,2023-07-01,2026-09-11T15:13:40Z
SM-G998B,XSG,G998BXXS9EWF3,2023-07-01,2026-09-11T15:13:20Z
SM-G998B,AFG,G998BXXS9EWH1,2023-08-01,2026-09-11T15:13:23Z
SM-G998B,BTU,G998BXXS9EWH1,2023-08-01,2026-09-11T15:13:42Z
SM-G998B,EGY,G998BXXS9EWH1,2023-08-01,2026-09-11T15:13:14Z
SM-G998B,ILO,G998BXXS9EWH1,2023-08-01,2026-09-11T15:13:08Z
SM-G998B,MID,G998BXXS9EWH1,2023-08-01,2026-09-11T15:13:11Z
SM-G998B,SEE,G998BXXS9EWH1,2023-08-01,2026-09-11T15:13:36Z
SM-G998B,TUR,G998BXXS9EWH1,2023-08-01,2026-09-11T15:13:17Z
SM-G998B,XSA,G998BXXS9EWH1,2023-08-01,2026-09-11T15:13:40Z
SM-G998B,XSG,G998BXXS9EWH1,2023-08-01,2026-09-11T15:13:20Z
SM-G998B,AFG,G998BXXS9EWI1,2023-09-01,2026-09-11T15:13:23Z
SM-G998B,BTU,G998BXXS9EWI1,2023-09-01,2026-09-11T15:13:42Z
SM-G998B,EGY,G998BXXS9EWI1,2023-09-01,2026-09-11T15:13:14Z
SM-G998B,ILO,G998BXXS9EWI1,2023-09-01,2026-09-11T15:13:08Z
SM-G998B,MID,G998BXXS9EWI1,2023-09-01,2026-09-11T15:13:11Z
SM-G998B,SEE,G998BXXS9EWI1,2023-09-01,2026-09-11T15:13:36Z
SM-G998B,TUR,G998BXXS9EWI1,2023-09-01,2026-09-11T15:13:17Z
SM-G998B,XSA,G998BXXS9EWI1,2023-09-01,2026-09-11T15:13:40Z
SM-G998B,XSG,G998BXXS9EWI1,2023-09-01,2026-09-11T15:13:20Z
SM-G998B,AFG,G998BXXS9EWIA,2023-10-01,2026-09-11T15:13:23Z
SM-G998B,BTU,G998BXXS9EWIA,2023-10-01,2026-09-11T15:13:42Z
SM-G998B,EGY,G998BXXS9EWIA,2023-10-01,2026-09-11T15:13:14Z
SM-G998B,ILO,G998BXXS9EWIA,2023-10-01,2026-09-11T15:13:08Z
SM-G998B,MID,G998BXXS9EWIA,2023-10-01,2026-09-11T15:13:11Z
SM-G998B,SEE,G998BXXS9EWIA,2023-10-01,2026-09-11T15:13:36Z
SM-G998B,TUR,G998BXXS9EWIA,2023-10-01,2026-09-11T15:13:17Z
SM-G998B,XSA,G998BXXS9EWIA,2023-10-01,2026-09-11T15:13:40Z
SM-G998B,XSG,G998BXXS9EWIA,2023-10-01,2026-09-11T15:13:20Z
SM-G998B,BTU,G998BXXS9EWJG,2023-10-01,2026-09-11T15:13:42Z
SM-G998B,SEE,G998BXXS9EWJG,2023-10-01,2026-09-11T15:13:36Z
SM-G998B,AFG,G998BXXS9EWJO,2023-11-01,2026-09-11T15:13:23Z
SM-G998B,BTU,G998BXXS9EWJO,2023-11-01,2026-09-11T15:13:42Z
SM-G998B,EGY,G998BXXS9EWJO,2023-11-01,2026-09-11T15:13:14Z
SM-G998B,ILO,G998BXXS9EWJO,2023-11-01,2026-09-11T15:13:08Z
SM-G998B,MID,G998BXXS9EWJO,2023-11-01,2026-09-11T15:13:11Z
SM-G998B,SEE,G998BXXS9EWJO,2023-11-01,2026-09-11T15:13:36Z
SM-G998B,TUR,G998BXXS9EWJO,2023-11-01,2026-09-11T15:13:17Z
SM-G998B,XSA,G998BXXS9EWJO,2023-11-01,2026-09-11T15:13:40Z
SM-G998B,XSG,G998BXXS9EWJO,2023-11-01,2026-09-11T15:13:20Z
SM-G998B,SEE,G998BXXS9FWKB,2023-12-01,2026-09-11T15:13:36Z
SM-G998B,XSA,G998BXXS9FWL4,2023-12-01,2026-09-11T15:13:40Z
SM-G998B,AFG,G998BXXS9FWL5,2023-12-01,2026-09-11T15:13:23Z
SM-G998B,EGY,G998BXXS9FWL5,2023-12-01,2026-09-11T15:13:14Z
SM-G998B,MID,G998BXXS9FWL5,2023-12-01,2026-09-11T15:13:11Z
SM-G998B,XSG,G998BXXS9FWL5,2023-12-01,2026-09-11T15:13:20Z
SM-G998B,SEE,G998BXXS9FWL9,2024-01-01,2026-09-11T15:13:36Z
SM-G998B,BTU,G998BXXS9FWLA,2024-01-01,2026-09-11T15:13:42Z
SM-G998B,ILO,G998BXXS9FWLA,2024-01-01,2026-09-11T15:13:08Z
SM-G998B,TUR,G998BXXS9FWLA,2024-01-01,2026-09-11T15:13:17Z
SM-G998B,AFG,G998BXXS9FXA2,2024-01-01,2026-09-11T15:13:23Z
SM-G998B,EGY,G998BXXS9FXA2,2024-01-01,2026-09-11T15:13:14Z
SM-G998B,MID,G998BXXS9FXA2,2024-01-01,2026-09-11T15:13:11Z
SM-G998B,XSG,G998BXXS9FXA2,2024-01-01,2026-09-11T15:13:20Z
SM-G998B,XSA,G998BXXS9FXA3,2024-01-01,2026-09-11T15:13:40Z
SM-G998B,SEE,G998BXXS9FXAH,2024-02-01,2026-09-11T15:13:36Z
SM-G998B,XSA,G998BXXS9FXAI,2024-02-01,2026-09-11T15:13:40Z
SM-G998B,BTU,G998BXXS9FXAK,2024-02-01,2026-09-11T15:13:42Z
SM-G998B,ILO,G998BXXS9FXAK,2024-02-01,2026-09-11T15:13:08Z
SM-G998B,TUR,G998BXXS9FXAK,2024-02-01,2026-09-11T15:13:17Z
SM-G998B,AFG,G998BXXS9FXAM,2024-02-01,2026-09-11T15:13:23Z
SM-G998B,EGY,G998BXXS9FXAM,2024-02-01,2026-09-11T15:13:14Z
SM-G998B,MID,G998BXXS9FXAM,2024-02-01,2026-09-11T15:13:11Z
SM-G998B,XSG,G998BXXS9FXAM,2024-02-01,2026-09-11T15:13:20Z
SM-G998B,SEE,G998BXXS9FXBD,2024-03-01,2026-09-11T15:13:36Z
SM-G998B,BTU,G998BXXS9FXBE,2024-03-01,2026-09-11T15:13:42Z
SM-G998B,ILO,G998BXXS9FXBE,2024-03-01,2026-09-11T15:13:08Z
SM-G998B,TUR,G998BXXS9FXBE,2024-03-01,2026-09-11T15:13:17Z
SM-G998B,XSA,G998BXXS9FXBF,2024-03-01,2026-09-11T15:13:40Z
SM-G998B,AFG,G998BXXS9FXBG,2024-03-01,2026-09-11T15:13:23Z
SM-G998B,EGY,G998BXXS9FXBG,2024-03-01,2026-09-11T15:13:14Z
SM-G998B,MID,G998BXXS9FXBG,2024-03-01,2026-09-11T15:13:11Z
SM-G998B,XSG,G998BXXS9FXBG,2024-03-01,2026-09-11T15:13:20Z
SM-G998B,SEE,G998BXXSAFXCL,2024-04-01,2026-09-11T15:13:36Z
SM-G998B,BTU,G998BXXSAFXCM,2024-04-01,2026-09-11T15:13:42Z
SM-G998B,ILO,G998BXXSAFXCM,2024-04-01,2026-09-11T15:13:08Z
SM-G998B,TUR,G998BXXSAFXCM,2024-04-01,2026-09-11T15:13:17Z
SM-G998B,AFG,G998BXXSAFXCO,2024-04-01,2026-09-11T15:13:23Z
SM-G998B,EGY,G998BXXSAFXCO,2024-04-01,2026-09-11T15:13:14Z
SM-G998B,MID,G998BXXSAFXCO,2024-04-01,2026-09-11T15:13:11Z
SM-G998B,XSG,G998BXXSAFXCO,2024-04-01,2026-09-11T15:13:20Z
SM-G998B,XSA,G998BXXSAFXCP,2024-04-01,2026-09-11T15:13:40Z
SM-G998B,AFG,G998BXXSBGXDH,2024-05-01,2026-09-11T15:13:23Z
SM-G998B,BTU,G998BXXSBGXDH,2024-05-01,2026-09-11T15:13:42Z
SM-G998B,EGY,G998BXXSBGXDH,2024-05-01,2026-09-11T15:13:14Z
SM-G998B,ILO,G998BXXSBGXDH,2024-05-01,2026-09-11T15:13:08Z
SM-G998B,MID,G998BXXSBGXDH,2024-05-01,2026-09-11T15:13:11Z
SM-G998B,SEE,G998BXXSBGXDH,2024-05-01,2026-09-11T15:13:36Z
SM-G998B,TUR,G998BXXSBGXDH,2024-05-01,2026-09-11T15:13:17Z
SM-G998B,XSA,G998BXXSBGXDH,2024-05-01,2026-09-11T15:13:40Z
SM-G998B,XSG,G998BXXSBGXDH,2024-05-01,2026-09-11T15:13:20Z
SM-G998B,AFG,G998BXXSBGXEC,2024-06-01,2026-09-11T15:13:23Z
SM-G998B,EGY,G998BXXSBGXEC,2024-06-01,2026-09-11T15:13:14Z
SM-G998B,ILO,G998BXXSBGXEC,2024-06-01,2026-09-11T15:13:08Z
SM-G998B,MID,G998BXXSBGXEC,2024-06-01,2026-09-11T15:13:11Z
SM-G998B,TUR,G998BXXSBGXEC,2024-06-01,2026-09-11T15:13:17Z
SM-G998B,XSA,G998BXXSBGXEC,2024-06-01,2026-09-11T15:13:40Z
SM-G998B,XSG,G998BXXSBGXEC,2024-06-01,2026-09-11T15:13:20Z
SM-G998B,BTU,G998BXXSBGXED,2024-06-01,2026-09-11T15:13:42Z
SM-G998B,SEE,G998BXXSBGXED,2024-06-01,2026-09-11T15:13:36Z
SM-G998B,AFG,G998BXXSCGXF4,2024-07-01,2026-09-11T15:13:23Z
SM-G998B,EGY,G998BXXSCGXF4,2024-07-01,2026-09-11T15:13:14Z
SM-G998B,ILO,G998BXXSCGXF4,2024-07-01,2026-09-11T15:13:08Z
SM-G998B,MID,G998BXXSCGXF4,2024-07-01,2026-09-11T15:13:11Z
SM-G998B,TUR,G998BXXSCGXF4,2024-07-01,2026-09-11T15:13:17Z
SM-G998B,XSA,G998BXXSCGXF4,2024-07-01,2026-09-11T15:13:40Z
SM-G998B,XSG,G998BXXSCGXF4,2024-07-01,2026-09-11T15:13:20Z
SM-G998B,BTU,G998BXXSCGXF5,2024-07-01,2026-09-11T15:13:42Z
SM-G998B,SEE,G998BXXSCGXF5,2024-07-01,2026-09-11T15:13:36Z
SM-G998B,AFG,G998BXXSCGXH7,2024-09-01,2026-09-11T15:13:23Z
SM-G998B,BTU,G998BXXSCGXH7,2024-09-01,2026-09-11T15:13:42Z
SM-G998B,EGY,G998BXXSCGXH7,2024-09-01,2026-09-11T15:13:14Z
SM-G998B,ILO,G998BXXSCGXH7,2024-09-01,2026-09-11T15:13:08Z
SM-G998B,MID,G998BXXSCGXH7,2024-09-01,2026-09-11T15:13:11Z
SM-G998B,SEE,G998BXXSCGXH7,2024-09-01,2026-09-11T15:13:36Z
SM-G998B,TUR,G998BXXSCGXH7,2024-09-01,2026-09-11T15:13:17Z
SM-G998B,XSA,G998BXXSCGXH7,2024-09-01,2026-09-11T15:13:40Z
SM-G998B,XSG,G998BXXSCGXH7,2024-09-01,2026-09-11T15:13:20Z
SM-G998B,AFG,G998BXXSDGXI5,2024-10-01,2026-09-11T15:13:23Z
SM-G998B,BTU,G998BXXSDGXI5,2024-10-01,2026-09-11T15:13:42Z
SM-G998B,EGY,G998BXXSDGXI5,2024-10-01,2026-09-11T15:13:14Z
SM-G998B,ILO,G998BXXSDGXI5,2024-10-01,2026-09-11T15:13:08Z
SM-G998B,MID,G998BXXSDGXI5,2024-10-01,2026-09-11T15:13:11Z
SM-G998B,SEE,G998BXXSDGXI5,2024-10-01,2026-09-11T15:13:36Z
SM-G998B,TUR,G998BXXSDGXI5,2024-10-01,2026-09-11T15:13:17Z
SM-G998B,XSA,G998BXXSDGXI5,2024-10-01,2026-09-11T15:13:40Z
SM-G998B,XSG,G998BXXSDGXI5,2024-10-01,2026-09-11T15:13:20Z
SM-G998B,AFG,G998BXXSEGXK1,2024-12-01,2026-09-11T15:13:23Z
SM-G998B,BTU,G998BXXSEGXK1,2024-12-01,2026-09-11T15:13:42Z
SM-G998B,EGY,G998BXXSEGXK1,2024-12-01,2026-09-11T15:13:14Z
SM-G998B,ILO,G998BXXSEGXK1,2024-12-01,2026-09-11T15:13:08Z
SM-G998B,MID,G998BXXSEGXK1,2024-12-01,2026-09-11T15:13:11Z
SM-G998B,SEE,G998BXXSEGXK1,2024-12-01,2026-09-11T15:13:36Z
SM-G998B,TUR,G998BXXSEGXK1,2024-12-01,2026-09-11T15:13:17Z
SM-G998B,XSA,G998BXXSEGXK1,2024-12-01,2026-09-11T15:13:40Z
SM-G998B,XSG,G998BXXSEGXK1,2024-12-01,2026-09-11T15:13:20Z
SM-G998B,AFG,G998BXXSEGXL2,2025-01-01,2026-09-11T15:13:23Z
SM-G998B,BTU,G998BXXSEGXL2,2025-01-01,2026-09-11T15:13:42Z
SM-G998B,EGY,G998BXXSEGXL2,2025-01-01,2026-09-11T15:13:14Z
SM-G998B,ILO,G998BXXSEGXL2,2025-01-01,2026-09-11T15:13:08Z
SM-G998B,MID,G998BXXSEGXL2,2025-01-01,2026-09-11T15:13:11Z
SM-G998B,SEE,G998BXXSEGXL2,2025-01-01,2026-09-11T15:13:36Z
SM-G998B,TUR,G998BXXSEGXL2,2025-01-01,2026-09-11T15:13:17Z
SM-G998B,XSA,G998BXXSEGXL2,2025-01-01,2026-09-11T15:13:40Z
SM-G998B,XSG,G998BXXSEGXL2,2025-01-01,2026-09-11T15:13:20Z
SM-G998B,AFG,G998BXXSEGYA2,2025-02-01,2026-09-11T15:13:23Z
SM-G998B,BTU,G998BXXSEGYA2,2025-02-01,2026-09-11T15:13:42Z
SM-G998B,EGY,G998BXXSEGYA2,2025-02-01,2026-09-11T15:13:14Z
SM-G998B,ILO,G998BXXSEGYA2,2025-02-01,2026-09-11T15:13:08Z
SM-G998B,MID,G998BXXSEGYA2,2025-02-01,2026-09-11T15:13:11Z
SM-G998B,SEE,G998BXXSEGYA2,2025-02-01,2026-09-11T15:13:36Z
SM-G998B,TUR,G998BXXSEGYA2,2025-02-01,2026-09-11T15:13:17Z
SM-G998B,XSA,G998BXXSEGYA2,2025-02-01,2026-09-11T15:13:40Z
SM-G998B,XSG,G998BXXSEGYA2,2025-02-01,2026-09-11T15:13:20Z
SM-G998B,AFG,G998BXXSFHYE1,2025-05-01,2026-09-11T15:13:23Z
SM-G998B,BTU,G998BXXSFHYE1,2025-05-01,2026-09-11T15:13:42Z
SM-G998B,EGY,G998BXXSFHYE1,2025-05-01,2026-09-11T15:13:14Z
SM-G998B,ILO,G998BXXSFHYE1,2025-05-01,2026-09-11T15:13:08Z
SM-G998B,MID,G998BXXSFHYE1,2025-05-01,2026-09-11T15:13:11Z
SM-G998B,SEE,G998BXXSFHYE1,2025-05-01,2026-09-11T15:13:36Z
SM-G998B,TUR,G998BXXSFHYE1,2025-05-01,2026-09-11T15:13:17Z
SM-G998B,XSA,G998BXXSFHYE1,2025-05-01,2026-09-11T15:13:40Z
SM-G998B,XSG,G998BXXSFHYE1,2025-05-01,2026-09-11T15:13:20Z
SM-G998B,AFG,G998BXXSGHYH1,2025-08-01,2026-09-11T15:13:23Z
SM-G998B,BTU,G998BXXSGHYH1,2025-08-01,2026-09-11T15:13:42Z
SM-G998B,EGY,G998BXXSGHYH1,2025-08-01,2026-09-11T15:13:14Z
SM-G998B,ILO,G998BXXSGHYH1,2025-08-01,2026-09-11T15:13:08Z
SM-G998B,MID,G998BXXSGHYH1,2025-08-01,2026-09-11T15:13:11Z
SM-G998B,SEE,G998BXXSGHYH1,2025-08-01,2026-09-11T15:13:36Z
SM-G998B,TUR,G998BXXSGHYH1,2025-08-01,2026-09-11T15:13:17Z
SM-G998B,XSA,G998BXXSGHYH1,2025-08-01,2026-09-11T15:13:40Z
SM-G998B,XSG,G998BXXSGHYH1,2025-08-01,2026-09-11T15:13:20Z
SM-G998B,AFG,G998BXXSHHYJ1,2025-10-01,2026-09-11T15:13:23Z
SM-G998B,BTU,G998BXXSHHYJ1,2025-10-01,2026-09-11T15:13:42Z
SM-G998B,EGY,G998BXXSHHYJ1,2025-10-01,2026-09-11T15:13:14Z
SM-G998B,ILO,G998BXXSHHYJ1,2025-10-01,2026-09-11T15:13:08Z
SM-G998B,MID,G998BXXSHHYJ1,2025-10-01,2026-09-11T15:13:11Z
SM-G998B,SEE,G998BXXSHHYJ1,2025-10-01,2026-09-11T15:13:36Z
SM-G998B,TUR,G998BXXSHHYJ1,2025-10-01,2026-09-11T15:13:17Z
SM-G998B,XSA,G998BXXSHHYJ1,2025-10-01,2026-09-11T15:13:40Z
SM-G998B,XSG,G998BXXSHHYJ1,2025-10-01,2026-09-11T15:13:20Z
SM-G998B,BTU,G998BXXSIHYK1,2025-11-01,2026-09-11T15:13:42Z
SM-G998B,SEE,G998BXXSIHYK1,2025-11-01,2026-09-11T15:13:36Z
SM-G998B,AFG,G998BXXSJHZA6,2026-01-01,2026-09-11T15:13:23Z
SM-G998B,BTU,G998BXXSJHZA6,2026-01-01,2026-09-11T15:13:42Z
SM-G998B,EGY,G998BXXSJHZA6,2026-01-01,2026-09-11T15:13:14Z
SM-G998B,ILO,G998BXXSJHZA6,2026-01-01,2026-09-11T15:13:08Z
SM-G998B,MID,G998BXXSJHZA6,2026-01-01,2026-09-11T15:13:11Z
SM-G998B,SEE,G998BXXSJHZA6,2026-01-01,2026-09-11T15:13:36Z
SM-G998B,TUR,G998BXXSJHZA6,2026-01-01,2026-09-11T15:13:17Z
SM-G998B,XSA,G998BXXSJHZA6,2026-01-01,2026-09-11T15:13:40Z
SM-G998B,XSG,G998BXXSJHZA6,2026-01-01,2026-09-11T15:13:20Z
SM-G998B,AFG,G998BXXSJHZC2,2026-01-01,2026-09-11T15:13:23Z
SM-G998B,BTU,G998BXXSJHZC2,2026-01-01,2026-09-11T15:13:42Z
SM-G998B,EGY,G998BXXSJHZC2,2026-01-01,2026-09-11T15:13:14Z
SM-G998B,ILO,G998BXXSJHZC2,2026-01-01,2026-09-11T15:13:08Z
SM-G998B,MID,G998BXXSJHZC2,2026-01-01,2026-09-11T15:13:11Z
SM-G998B,SEE,G998BXXSJHZC2,2026-01-01,2026-09-11T15:13:36Z
SM-G998B,TUR,G998BXXSJHZC2,2026-01-01,2026-09-11T15:13:17Z
SM-G998B,XSA,G998BXXSJHZC2,2026-01-01,2026-09-11T15:13:40Z
SM-G998B,XSG,G998BXXSJHZC2,2026-01-01,2026-09-11T15:13:20Z
SM-G998B,AFG,G998BXXU1AUA4,2021-01-01,2026-09-11T15:13:23Z
SM-G998B,BTU,G998BXXU1AUA4,2021-01-01,2026-09-11T15:13:42Z
SM-G998B,EGY,G998BXXU1AUA4,2021-01-01,2026-09-11T15:13:14Z
SM-G998B,ILO,G998BXXU1AUA4,2021-01-01,2026-09-11T15:13:08Z
SM-G998B,MID,G998BXXU1AUA4,2021-01-01,2026-09-11T15:13:11Z
SM-G998B,SEE,G998BXXU1AUA4,2021-01-01,2026-09-11T15:13:36Z
SM-G998B,TUR,G998BXXU1AUA4,2021-01-01,2026-09-11T15:13:17Z
SM-G998B,XSA,G998BXXU1AUA4,2021-01-01,2026-09-11T15:13:40Z
SM-G998B,XSG,G998BXXU1AUA4,2021-01-01,2026-09-11T15:13:20Z
SM-G998B,AFG,G998BXXU1AUAC,2021-01-01,2026-09-11T15:13:23Z
SM-G998B,BTU,G998BXXU1AUAC,2021-01-01,2026-09-11T15:13:42Z
SM-G998B,EGY,G998BXXU1AUAC,2021-01-01,2026-09-11T15:13:14Z
SM-G998B,ILO,G998BXXU1AUAC,2021-01-01,2026-09-11T15:13:08Z
SM-G998B,MID,G998BXXU1AUAC,2021-01-01,2026-09-11T15:13:11Z
SM-G998B,SEE,G998BXXU1AUAC,2021-01-01,2026-09-11T15:13:36Z
SM-G998B,TUR,G998BXXU1AUAC,2021-01-01,2026-09-11T15:13:17Z
SM-G998B,XSA,G998BXXU1AUAC,2021-01-01,2026-09-11T15:13:40Z
SM-G998B,XSG,G998BXXU1AUAC,2021-01-01,2026-09-11T15:13:20Z
SM-G998B,AFG,G998BXXU1AUB3,2021-02-01,2026-09-11T15:13:23Z
SM-G998B,BTU,G998BXXU1AUB3,2021-02-01,2026-09-11T15:13:42Z
SM-G998B,EGY,G998BXXU1AUB3,2021-02-01,2026-09-11T15:13:14Z
SM-G998B,ILO,G998BXXU1AUB3,2021-02-01,2026-09-11T15:13:08Z
SM-G998B,SEE,G998BXXU1AUB3,2021-02-01,2026-09-11T15:13:36Z
SM-G998B,TUR,G998BXXU1AUB3,2021-02-01,2026-09-11T15:13:17Z
SM-G998B,XSG,G998BXXU1AUB3,2021-02-01,2026-09-11T15:13:20Z
SM-G998B,BTU,G998BXXU1AUB6,2021-02-01,2026-09-11T15:13:42Z
SM-G998B,ILO,G998BXXU1AUB6,2021-02-01,2026-09-11T15:13:08Z
SM-G998B,MID,G998BXXU1AUB6,2021-02-01,2026-09-11T15:13:11Z
SM-G998B,SEE,G998BXXU1AUB6,2021-02-01,2026-09-11T15:13:36Z
SM-G998B,TUR,G998BXXU1AUB6,2021-02-01,2026-09-11T15:13:17Z
SM-G998B,XSG,G998BXXU1AUB6,2021-02-01,2026-09-11T15:13:20Z
SM-G998B,AFG,G998BXXU1AUB9,2021-02-01,2026-09-11T15:13:23Z
SM-G998B,BTU,G998BXXU1AUB9,2021-02-01,2026-09-11T15:13:42Z
SM-G998B,EGY,G998BXXU1AUB9,2021-02-01,2026-09-11T15:13:14Z
SM-G998B,ILO,G998BXXU1AUB9,2021-02-01,2026-09-11T15:13:08Z
SM-G998B,MID,G998BXXU1AUB9,2021-02-01,2026-09-11T15:13:11Z
SM-G998B,SEE,G998BXXU1AUB9,2021-02-01,2026-09-11T15:13:36Z
SM-G998B,TUR,G998BXXU1AUB9,2021-02-01,2026-09-11T15:13:17Z
SM-G998B,XSA,G998BXXU1AUB9,2021-02-01,2026-09-11T15:13:40Z
SM-G998B,XSG,G998BXXU1AUB9,2021-02-01,2026-09-11T15:13:20Z
SM-G998B,AFG,G998BXXU2AUC8,2021-04-01,2026-09-11T15:13:23Z
SM-G998B,BTU,G998BXXU2AUC8,2021-04-01,2026-09-11T15:13:42Z
SM-G998B,EGY,G998BXXU2AUC8,2021-04-01,2026-09-11T15:13:14Z
SM-G998B,ILO,G998BXXU2AUC8,2021-04-01,2026-09-11T15:13:08Z
SM-G998B,MID,G998BXXU2AUC8,2021-04-01,2026-09-11T15:13:11Z
SM-G998B,SEE,G998BXXU2AUC8,2021-04-01,2026-09-11T15:13:36Z
SM-G998B,TUR,G998BXXU2AUC8,2021-04-01,2026-09-11T15:13:17Z
SM-G998B,XSA,G998BXXU2AUC8,2021-04-01,2026-09-11T15:13:40Z
SM-G998B,XSG,G998BXXU2AUC8,2021-04-01,2026-09-11T15:13:20Z
SM-G998B,TUR,G998BXXU3AUDA,2021-05-01,2026-09-11T15:13:17Z
SM-G998B,XSG,G998BXXU3AUDA,2021-05-01,2026-09-11T15:13:20Z
SM-G998B,AFG,G998BXXU3AUE1,2021-05-01,2026-09-11T15:13:23Z
SM-G998B,BTU,G998BXXU3AUE1,2021-05-01,2026-09-11T15:13:42Z
SM-G998B,EGY,G998BXXU3AUE1,2021-05-01,2026-09-11T15:13:14Z
SM-G998B,ILO,G998BXXU3AUE1,2021-05-01,2026-09-11T15:13:08Z
SM-G998B,MID,G998BXXU3AUE1,2021-05-01,2026-09-11T15:13:11Z
SM-G998B,SEE,G998BXXU3AUE1,2021-05-01,2026-09-11T15:13:36Z
SM-G998B,TUR,G998BXXU3AUE1,2021-05-01,2026-09-11T15:13:17Z
SM-G998B,XSA,G998BXXU3AUE1,2021-05-01,2026-09-11T15:13:40Z
SM-G998B,XSG,G998BXXU3AUE1,2021-05-01,2026-09-11T15:13:20Z
SM-G998B,XSG,G998BXXU3AUE8,2021-06-01,2026-09-11T15:13:20Z
SM-G998B,XSG,G998BXXU3AUF2,2021-06-01,2026-09-11T15:13:20Z
SM-G998B,AFG,G998BXXU3AUF6,2021-06-01,2026-09-11T15:13:23Z
SM-G998B,BTU,G998BXXU3AUF6,2021-06-01,2026-09-11T15:13:42Z
SM-G998B,ILO,G998BXXU3AUF6,2021-06-01,2026-09-11T15:13:08Z
SM-G998B,SEE,G998BXXU3AUF6,2021-06-01,2026-09-11T15:13:36Z
SM-G998B,TUR,G998BXXU3AUF6,2021-06-01,2026-09-11T15:13:17Z
SM-G998B,XSA,G998BXXU3AUF6,2021-06-01,2026-09-11T15:13:40Z
SM-G998B,XSG,G998BXXU3AUF6,2021-06-01,2026-09-11T15:13:20Z
SM-G998B,AFG,G998BXXU3AUG4,2021-07-01,2026-09-11T15:13:23Z
SM-G998B,BTU,G998BXXU3AUG4,2021-07-01,2026-09-11T15:13:42Z
SM-G998B,EGY,G998BXXU3AUG4,2021-07-01,2026-09-11T15:13:14Z
SM-G998B,ILO,G998BXXU3AUG4,2021-07-01,2026-09-11T15:13:08Z
SM-G998B,MID,G998BXXU3AUG4,2021-07-01,2026-09-11T15:13:11Z
SM-G998B,SEE,G998BXXU3AUG4,2021-07-01,2026-09-11T15:13:36Z
SM-G998B,TUR,G998BXXU3AUG4,2021-07-01,2026-09-11T15:13:17Z
SM-G998B,XSG,G998BXXU3AUG4,2021-07-01,2026-09-11T15:13:20Z
SM-G998B,BTU,G998BXXU3AUGM,2021-08-01,2026-09-11T15:13:42Z
SM-G998B,SEE,G998BXXU3AUGM,2021-08-01,2026-09-11T15:13:36Z
SM-G998B,TUR,G998BXXU3AUGM,2021-08-01,2026-09-11T15:13:17Z
SM-G998B,AFG,G998BXXU3AUHB,2021-08-01,2026-09-11T15:13:23Z
SM-G998B,BTU,G998BXXU3AUHB,2021-08-01,2026-09-11T15:13:42Z
SM-G998B,EGY,G998BXXU3AUHB,2021-08-01,2026-09-11T15:13:14Z
SM-G998B,ILO,G998BXXU3AUHB,2021-08-01,2026-09-11T15:13:08Z
SM-G998B,SEE,G998BXXU3AUHB,2021-08-01,2026-09-11T15:13:36Z
SM-G998B,TUR,G998BXXU3AUHB,2021-08-01,2026-09-11T15:13:17Z
SM-G998B,XSA,G998BXXU3AUHB,2021-08-01,2026-09-11T15:13:40Z
SM-G998B,XSG,G998BXXU3AUHB,2021-08-01,2026-09-11T15:13:20Z
SM-G998B,AFG,G998BXXU3AUIE,2021-10-01,2026-09-11T15:13:23Z
SM-G998B,BTU,G998BXXU3AUIE,2021-10-01,2026-09-11T15:13:42Z
SM-G998B,EGY,G998BXXU3AUIE,2021-10-01,2026-09-11T15:13:14Z
SM-G998B,ILO,G998BXXU3AUIE,2021-10-01,2026-09-11T15:13:08Z
SM-G998B,MID,G998BXXU3AUIE,2021-10-01,2026-09-11T15:13:11Z
SM-G998B,SEE,G998BXXU3AUIE,2021-10-01,2026-09-11T15:13:36Z
SM-G998B,TUR,G998BXXU3AUIE,2021-10-01,2026-09-11T15:13:17Z
SM-G998B,XSA,G998BXXU3AUIE,2021-10-01,2026-09-11T15:13:40Z
SM-G998B,XSG,G998BXXU3AUIE,2021-10-01,2026-09-11T15:13:20Z
SM-G998B,AFG,G998BXXU3BUK8,2021-11-01,2026-09-11T15:13:23Z
SM-G998B,BTU,G998BXXU3BUK8,2021-11-01,2026-09-11T15:13:42Z
SM-G998B,EGY,G998BXXU3BUK8,2021-11-01,2026-09-11T15:13:14Z
SM-G998B,ILO,G998BXXU3BUK8,2021-11-01,2026-09-11T15:13:08Z
SM-G998B,MID,G998BXXU3BUK8,2021-11-01,2026-09-11T15:13:11Z
SM-G998B,SEE,G998BXXU3BUK8,2021-11-01,2026-09-11T15:13:36Z
SM-G998B,TUR,G998BXXU3BUK8,2021-11-01,2026-09-11T15:13:17Z
SM-G998B,XSG,G998BXXU3BUK8,2021-11-01,2026-09-11T15:13:20Z
SM-G998B,XSA,G998BXXU3BUKA,2021-11-01,2026-09-11T15:13:40Z
SM-G998B,AFG,G998BXXU3BUKG,2021-11-01,2026-09-11T15:13:23Z
SM-G998B,BTU,G998BXXU3BUKG,2021-11-01,2026-09-11T15:13:42Z
SM-G998B,EGY,G998BXXU3BUKG,2021-11-01,2026-09-11T15:13:14Z
SM-G998B,ILO,G998BXXU3BUKG,2021-11-01,2026-09-11T15:13:08Z
SM-G998B,MID,G998BXXU3BUKG,2021-11-01,2026-09-11T15:13:11Z
SM-G998B,SEE,G998BXXU3BUKG,2021-11-01,2026-09-11T15:13:36Z
SM-G998B,TUR,G998BXXU3BUKG,2021-11-01,2026-09-11T15:13:17Z
SM-G998B,XSA,G998BXXU3BUKG,2021-11-01,2026-09-11T15:13:40Z
SM-G998B,XSG,G998BXXU3BUKG,2021-11-01,2026-09-11T15:13:20Z
SM-G998B,AFG,G998BXXU4BULF,2022-01-01,2026-09-11T15:13:23Z
SM-G998B,BTU,G998BXXU4BULF,2022-01-01,2026-09-11T15:13:42Z
SM-G998B,EGY,G998BXXU4BULF,2022-01-01,2026-09-11T15:13:14Z
SM-G998B,ILO,G998BXXU4BULF,2022-01-01,2026-09-11T15:13:08Z
SM-G998B,MID,G998BXXU4BULF,2022-01-01,2026-09-11T15:13:11Z
SM-G998B,SEE,G998BXXU4BULF,2022-01-01,2026-09-11T15:13:36Z
SM-G998B,TUR,G998BXXU4BULF,2022-01-01,2026-09-11T15:13:17Z
SM-G998B,XSA,G998BXXU4BULF,2022-01-01,2026-09-11T15:13:40Z
SM-G998B,XSG,G998BXXU4BULF,2022-01-01,2026-09-11T15:13:20Z
SM-G998B,AFG,G998BXXU4BVB1,2022-02-01,2026-09-11T15:13:23Z
SM-G998B,BTU,G998BXXU4BVB1,2022-02-01,2026-09-11T15:13:42Z
SM-G998B,EGY,G998BXXU4BVB1,2022-02-01,2026-09-11T15:13:14Z
SM-G998B,MID,G998BXXU4BVB1,2022-02-01,2026-09-11T15:13:11Z
SM-G998B,SEE,G998BXXU4BVB1,2022-02-01,2026-09-11T15:13:36Z
SM-G998B,TUR,G998BXXU4BVB1,2022-02-01,2026-09-11T15:13:17Z
SM-G998B,XSG,G998BXXU4BVB1,2022-02-01,2026-09-11T15:13:20Z
SM-G998B,AFG,G998BXXU4CVC4,2022-03-01,2026-09-11T15:13:23Z
SM-G998B,BTU,G998BXXU4CVC4,2022-03-01,2026-09-11T15:13:42Z
SM-G998B,EGY,G998BXXU4CVC4,2022-03-01,2026-09-11T15:13:14Z
SM-G998B,ILO,G998BXXU4CVC4,2022-03-01,2026-09-11T15:13:08Z
SM-G998B,MID,G998BXXU4CVC4,2022-03-01,2026-09-11T15:13:11Z
SM-G998B,SEE,G998BXXU4CVC4,2022-03-01,2026-09-11T15:13:36Z
SM-G998B,TUR,G998BXXU4CVC4,2022-03-01,2026-09-11T15:13:17Z
SM-G998B,XSA,G998BXXU4CVC4,2022-03-01,2026-09-11T15:13:40Z
SM-G998B,XSG,G998BXXU4CVC4,2022-03-01,2026-09-11T15:13:20Z
SM-G998B,AFG,G998BXXU4CVD2,2022-04-01,2026-09-11T15:13:23Z
SM-G998B,BTU,G998BXXU4CVD2,2022-04-01,2026-09-11T15:13:42Z
SM-G998B,EGY,G998BXXU4CVD2,2022-04-01,2026-09-11T15:13:14Z
SM-G998B,ILO,G998BXXU4CVD2,2022-04-01,2026-09-11T15:13:08Z
SM-G998B,MID,G998BXXU4CVD2,2022-04-01,2026-09-11T15:13:11Z
SM-G998B,SEE,G998BXXU4CVD2,2022-04-01,2026-09-11T15:13:36Z
SM-G998B,TUR,G998BXXU4CVD2,2022-04-01,2026-09-11T15:13:17Z
SM-G998B,XSA,G998BXXU4CVD2,2022-04-01,2026-09-11T15:13:40Z
SM-G998B,XSG,G998BXXU4CVD2,2022-04-01,2026-09-11T15:13:20Z
SM-G998B,AFG,G998BXXU5CVDD,2022-05-01,2026-09-11T15:13:23Z
SM-G998B,BTU,G998BXXU5CVDD,2022-05-01,2026-09-11T15:13:42Z
SM-G998B,EGY,G998BXXU5CVDD,2022-05-01,2026-09-11T15:13:14Z
SM-G998B,ILO,G998BXXU5CVDD,2022-05-01,2026-09-11T15:13:08Z
SM-G998B,MID,G998BXXU5CVDD,2022-05-01,2026-09-11T15:13:11Z
SM-G998B,SEE,G998BXXU5CVDD,2022-05-01,2026-09-11T15:13:36Z
SM-G998B,TUR,G998BXXU5CVDD,2022-05-01,2026-09-11T15:13:17Z
SM-G998B,XSA,G998BXXU5CVDD,2022-05-01,2026-09-11T15:13:40Z
SM-G998B,XSG,G998BXXU5CVDD,2022-05-01,2026-09-11T15:13:20Z
SM-G998B,AFG,G998BXXU5CVF2,2022-06-01,2026-09-11T15:13:23Z
SM-G998B,BTU,G998BXXU5CVF2,2022-06-01,2026-09-11T15:13:42Z
SM-G998B,EGY,G998BXXU5CVF2,2022-06-01,2026-09-11T15:13:14Z
SM-G998B,ILO,G998BXXU5CVF2,2022-06-01,2026-09-11T15:13:08Z
SM-G998B,MID,G998BXXU5CVF2,2022-06-01,2026-09-11T15:13:11Z
SM-G998B,SEE,G998BXXU5CVF2,2022-06-01,2026-09-11T15:13:36Z
SM-G998B,TUR,G998BXXU5CVF2,2022-06-01,2026-09-11T15:13:17Z
SM-G998B,XSA,G998BXXU5CVF2,2022-06-01,2026-09-11T15:13:40Z
SM-G998B,XSG,G998BXXU5CVF2,2022-06-01,2026-09-11T15:13:20Z
SM-G998B,AFG,G998BXXU5CVGB,2022-08-01,2026-09-11T15:13:23Z
SM-G998B,BTU,G998BXXU5CVGB,2022-08-01,2026-09-11T15:13:42Z
SM-G998B,EGY,G998BXXU5CVGB,2022-08-01,2026-09-11T15:13:14Z
SM-G998B,ILO,G998BXXU5CVGB,2022-08-01,2026-09-11T15:13:08Z
SM-G998B,MID,G998BXXU5CVGB,2022-08-01,2026-09-11T15:13:11Z
SM-G998B,SEE,G998BXXU5CVGB,2022-08-01,2026-09-11T15:13:36Z
SM-G998B,TUR,G998BXXU5CVGB,2022-08-01,2026-09-11T15:13:17Z
SM-G998B,XSA,G998BXXU5CVGB,2022-08-01,2026-09-11T15:13:40Z
SM-G998B,XSG,G998BXXU5CVGB,2022-08-01,2026-09-11T15:13:20Z
SM-G998B,AFG,G998BXXU5CVH7,2022-08-01,2026-09-11T15:13:23Z
SM-G998B,BTU,G998BXXU5CVH7,2022-08-01,2026-09-11T15:13:42Z
SM-G998B,EGY,G998BXXU5CVH7,2022-08-01,2026-09-11T15:13:14Z
SM-G998B,ILO,G998BXXU5CVH7,2022-08-01,2026-09-11T15:13:08Z
SM-G998B,MID,G998BXXU5CVH7,2022-08-01,2026-09-11T15:13:11Z
SM-G998B,SEE,G998BXXU5CVH7,2022-08-01,2026-09-11T15:13:36Z
SM-G998B,TUR,G998BXXU5CVH7,2022-08-01,2026-09-11T15:13:17Z
SM-G998B,XSA,G998BXXU5CVH7,2022-08-01,2026-09-11T15:13:40Z
SM-G998B,XSG,G998BXXU5CVH7,2022-08-01,2026-09-11T15:13:20Z
SM-G998B,BTU,G998BXXU5DVJC,2022-10-01,2026-09-11T15:13:42Z
SM-G998B,SEE,G998BXXU5DVJC,2022-10-01,2026-09-11T15:13:36Z
SM-G998B,XSA,G998BXXU5DVJC,2022-10-01,2026-09-11T15:13:40Z
SM-G998B,AFG,G998BXXU5DVK3,2022-10-01,2026-09-11T15:13:23Z
SM-G998B,EGY,G998BXXU5DVK3,2022-10-01,2026-09-11T15:13:14Z
SM-G998B,ILO,G998BXXU5DVK3,2022-10-01,2026-09-11T15:13:08Z
SM-G998B,MID,G998BXXU5DVK3,2022-10-01,2026-09-11T15:13:11Z
SM-G998B,TUR,G998BXXU5DVK3,2022-10-01,2026-09-11T15:13:17Z
SM-G998B,XSG,G998BXXU5DVK3,2022-10-01,2026-09-11T15:13:20Z
SM-G998B,BTU,G998BXXU5DVKF,2022-12-01,2026-09-11T15:13:42Z
SM-G998B,SEE,G998BXXU5DVKF,2022-12-01,2026-09-11T15:13:36Z
SM-G998B,TUR,G998BXXU5DVKF,2022-12-01,2026-09-11T15:13:17Z
SM-G998B,XSA,G998BXXU5DVKF,2022-12-01,2026-09-11T15:13:40Z
SM-G998B,AFG,G998BXXU5DVKI,2022-12-01,2026-09-11T15:13:23Z
SM-G998B,EGY,G998BXXU5DVKI,2022-12-01,2026-09-11T15:13:14Z
SM-G998B,ILO,G998BXXU5DVKI,2022-12-01,2026-09-11T15:13:08Z
SM-G998B,MID,G998BXXU5DVKI,2022-12-01,2026-09-11T15:13:11Z
SM-G998B,XSG,G998BXXU5DVKI,2022-12-01,2026-09-11T15:13:20Z
SM-G998B,XSA,G998BXXU5DWA3,2022-12-01,2026-09-11T15:13:40Z
SM-G998B,AFG,G998BXXU6EWAF,2023-02-01,2026-09-11T15:13:23Z
SM-G998B,BTU,G998BXXU6EWAF,2023-02-01,2026-09-11T15:13:42Z
SM-G998B,EGY,G998BXXU6EWAF,2023-02-01,2026-09-11T15:13:14Z
SM-G998B,ILO,G998BXXU6EWAF,2023-02-01,2026-09-11T15:13:08Z
SM-G998B,MID,G998BXXU6EWAF,2023-02-01,2026-09-11T15:13:11Z
SM-G998B,SEE,G998BXXU6EWAF,2023-02-01,2026-09-11T15:13:36Z
SM-G998B,TUR,G998BXXU6EWAF,2023-02-01,2026-09-11T15:13:17Z
SM-G998B,XSA,G998BXXU6EWAF,2023-02-01,2026-09-11T15:13:40Z
SM-G998B,XSG,G998BXXU6EWAF,2023-02-01,2026-09-11T15:13:20Z
SM-G998B,AFG,G998BXXU7EWCH,2023-04-01,2026-09-11T15:13:23Z
SM-G998B,BTU,G998BXXU7EWCH,2023-04-01,2026-09-11T15:13:42Z
SM-G998B,EGY,G998BXXU7EWCH,2023-04-01,2026-09-11T15:13:14Z
SM-G998B,ILO,G998BXXU7EWCH,2023-04-01,2026-09-11T15:13:08Z
SM-G998B,MID,G998BXXU7EWCH,2023-04-01,2026-09-11T15:13:11Z
SM-G998B,SEE,G998BXXU7EWCH,2023-04-01,2026-09-11T15:13:36Z
SM-G998B,TUR,G998BXXU7EWCH,2023-04-01,2026-09-11T15:13:17Z
SM-G998B,XSA,G998BXXU7EWCH,2023-04-01,2026-09-11T15:13:40Z
SM-G998B,XSG,G998BXXU7EWCH,2023-04-01,2026-09-11T15:13:20Z
SM-G998B,BTU,G998BXXU7EWE1,2023-05-01,2026-09-11T15:13:42Z
SM-G998B,SEE,G998BXXU7EWE1,2023-05-01,2026-09-11T15:13:36Z
SM-G998B,BTU,G998BXXU7EWE6,2023-05-01,2026-09-11T15:13:42Z
SM-G998B,SEE,G998BXXU7EWE6,2023-05-01,2026-09-11T15:13:36Z
SM-G998B,XSA,G998BXXU7EWE6,2023-05-01,2026-09-11T15:13:40Z
SM-G998B,AFG,G998BXXU8EWF1,2023-06-01,2026-09-11T15:13:23Z
SM-G998B,BTU,G998BXXU8EWF1,2023-06-01,2026-09-11T15:13:42Z
SM-G998B,EGY,G998BXXU8EWF1,2023-06-01,2026-09-11T15:13:14Z
SM-G998B,ILO,G998BXXU8EWF1,2023-06-01,2026-09-11T15:13:08Z
SM-G998B,MID,G998BXXU8EWF1,2023-06-01,2026-09-11T15:13:11Z
SM-G998B,SEE,G998BXXU8EWF1,2023-06-01,2026-09-11T15:13:36Z
SM-G998B,TUR,G998BXXU8EWF1,2023-06-01,2026-09-11T15:13:17Z
SM-G998B,XSA,G998BXXU8EWF1,2023-06-01,2026-09-11T15:13:40Z
SM-G998B,XSG,G998BXXU8EWF1,2023-06-01,2026-09-11T15:13:20Z
SM-G998B,AFG,G998BXXU9EWH5,2023-08-01,2026-09-11T15:13:23Z
SM-G998B,BTU,G998BXXU9EWH5,2023-08-01,2026-09-11T15:13:42Z
SM-G998B,EGY,G998BXXU9EWH5,2023-08-01,2026-09-11T15:13:14Z
SM-G998B,ILO,G998BXXU9EWH5,2023-08-01,2026-09-11T15:13:08Z
SM-G998B,MID,G998BXXU9EWH5,2023-08-01,2026-09-11T15:13:11Z
SM-G998B,SEE,G998BXXU9EWH5,2023-08-01,2026-09-11T15:13:36Z
SM-G998B,TUR,G998BXXU9EWH5,2023-08-01,2026-09-11T15:13:17Z
SM-G998B,XSA,G998BXXU9EWH5,2023-08-01,2026-09-11T15:13:40Z
SM-G998B,XSG,G998BXXU9EWH5,2023-08-01,2026-09-11T15:13:20Z
SM-G998B,SEE,G998BXXU9FWK2,2023-11-01,2026-09-11T15:13:36Z
SM-G998B,XSA,G998BXXU9FWK3,2023-11-01,2026-09-11T15:13:40Z
SM-G998B,AFG,G998BXXU9FWK5,2023-11-01,2026-09-11T15:13:23Z
SM-G998B,EGY,G998BXXU9FWK5,2023-11-01,2026-09-11T15:13:14Z
SM-G998B,MID,G998BXXU9FWK5,2023-11-01,2026-09-11T15:13:11Z
SM-G998B,XSG,G998BXXU9FWK5,2023-11-01,2026-09-11T15:13:20Z
SM-G998B,BTU,G998BXXU9FWL3,2023-12-01,2026-09-11T15:13:42Z
SM-G998B,ILO,G998BXXU9FWL3,2023-12-01,2026-09-11T15:13:08Z
SM-G998B,TUR,G998BXXU9FWL3,2023-12-01,2026-09-11T15:13:17Z
SM-G998B,AFG,G998BXXUAGXDA,2024-04-01,2026-09-11T15:13:23Z
SM-G998B,BTU,G998BXXUAGXDA,2024-04-01,2026-09-11T15:13:42Z
SM-G998B,EGY,G998BXXUAGXDA,2024-04-01,2026-09-11T15:13:14Z
SM-G998B,ILO,G998BXXUAGXDA,2024-04-01,2026-09-11T15:13:08Z
SM-G998B,MID,G998BXXUAGXDA,2024-04-01,2026-09-11T15:13:11Z
SM-G998B,SEE,G998BXXUAGXDA,2024-04-01,2026-09-11T15:13:36Z
SM-G998B,TUR,G998BXXUAGXDA,2024-04-01,2026-09-11T15:13:17Z
SM-G998B,XSA,G998BXXUAGXDA,2024-04-01,2026-09-11T15:13:40Z
SM-G998B,XSG,G998BXXUAGXDA,2024-04-01,2026-09-11T15:13:20Z
SM-G998B,BTU,G998BXXUBGXE7,2024-05-01,2026-09-11T15:13:42Z
SM-G998B,SEE,G998BXXUBGXE7,2024-05-01,2026-09-11T15:13:36Z
SM-G998B,AFG,G998BXXUCGXGC,2024-08-01,2026-09-11T15:13:23Z
SM-G998B,BTU,G998BXXUCGXGC,2024-08-01,2026-09-11T15:13:42Z
SM-G998B,EGY,G998BXXUCGXGC,2024-08-01,2026-09-11T15:13:14Z
SM-G998B,ILO,G998BXXUCGXGC,2024-08-01,2026-09-11T15:13:08Z
SM-G998B,MID,G998BXXUCGXGC,2024-08-01,2026-09-11T15:13:11Z
SM-G998B,SEE,G998BXXUCGXGC,2024-08-01,2026-09-11T15:13:36Z
SM-G998B,TUR,G998BXXUCGXGC,2024-08-01,2026-09-11T15:13:17Z
SM-G998B,XSA,G998BXXUCGXGC,2024-08-01,2026-09-11T15:13:40Z
SM-G998B,XSG,G998BXXUCGXGC,2024-08-01,2026-09-11T15:13:20Z
SM-G998B,AFG,G998BXXUEGXJE,2024-11-01,2026-09-11T15:13:23Z
SM-G998B,BTU,G998BXXUEGXJE,2024-11-01,2026-09-11T15:13:42Z
SM-G998B,EGY,G998BXXUEGXJE,2024-11-01,2026-09-11T15:13:14Z
SM-G998B,ILO,G998BXXUEGXJE,2024-11-01,2026-09-11T15:13:08Z
SM-G998B,MID,G998BXXUEGXJE,2024-11-01,2026-09-11T15:13:11Z
SM-G998B,SEE,G998BXXUEGXJE,2024-11-01,2026-09-11T15:13:36Z
SM-G998B,TUR,G998BXXUEGXJE,2024-11-01,2026-09-11T15:13:17Z
SM-G998B,XSA,G998BXXUEGXJE,2024-11-01,2026-09-11T15:13:40Z
SM-G998B,XSG,G998BXXUEGXJE,2024-11-01,2026-09-11T15:13:20Z
SM-G998B,AFG,G998BXXUEHYD5,2025-04-01,2026-09-11T15:13:23Z
SM-G998B,BTU,G998BXXUEHYD5,2025-04-01,2026-09-11T15:13:42Z
SM-G998B,EGY,G998BXXUEHYD5,2025-04-01,2026-09-11T15:13:14Z
SM-G998B,ILO,G998BXXUEHYD5,2025-04-01,2026-09-11T15:13:08Z
SM-G998B,MID,G998BXXUEHYD5,2025-04-01,2026-09-11T15:13:11Z
SM-G998B,SEE,G998BXXUEHYD5,2025-04-01,2026-09-11T15:13:36Z
SM-G998B,TUR,G998BXXUEHYD5,2025-04-01,2026-09-11T15:13:17Z
SM-G998B,XSA,G998BXXUEHYD5,2025-04-01,2026-09-11T15:13:40Z
SM-G998B,XSG,G998BXXUEHYD5,2025-04-01,2026-09-11T15:13:20Z
SM-S711B,AFG,S711BXXS1AWJ6,2023-10-01,2026-09-11T15:14:01Z
SM-S711B,EGY,S711BXXS1AWJ6,2023-10-01,2026-09-11T15:13:52Z
SM-S711B,ILO,S711BXXS1AWJ6,2023-10-01,2026-09-11T15:13:46Z
SM-S711B,INS,S711BXXS1AWJ6,2023-10-01,2026-09-11T15:14:04Z
SM-S711B,MID,S711BXXS1AWJ6,2023-10-01,2026-09-11T15:13:49Z
SM-S711B,TUR,S711BXXS1AWJ6,2023-10-01,2026-09-11T15:13:55Z
SM-S711B,XSG,S711BXXS1AWJ6,2023-10-01,2026-09-11T15:13:58Z
SM-S711B,XSA,S711BXXS1AWJ7,2023-10-01,2026-09-11T15:14:18Z
SM-S711B,EUX,S711BXXS2BWL1,2023-12-01,2026-09-11T15:14:07Z
SM-S711B,AFG,S711BXXS2BWL4,2023-12-01,2026-09-11T15:14:01Z
SM-S711B,EGY,S711BXXS2BWL4,2023-12-01,2026-09-11T15:13:52Z
SM-S711B,ILO,S711BXXS2BWL4,2023-12-01,2026-09-11T15:13:46Z
SM-S711B,INS,S711BXXS2BWL4,2023-12-01,2026-09-11T15:14:04Z
SM-S711B,MID,S711BXXS2BWL4,2023-12-01,2026-09-11T15:13:49Z
SM-S711B,TUR,S711BXXS2BWL4,2023-12-01,2026-09-11T15:13:55Z
SM-S711B,XSA,S711BXXS2BWL4,2023-12-01,2026-09-11T15:14:18Z
SM-S711B,XSG,S711BXXS2BWL4,2023-12-01,2026-09-11T15:13:58Z
SM-S711B,EUX,S711BXXS2BWL7,2024-01-01,2026-09-11T15:14:07Z
SM-S711B,AFG,S711BXXS2BWL8,2024-01-01,2026-09-11T15:14:01Z
SM-S711B,EGY,S711BXXS2BWL8,2024-01-01,2026-09-11T15:13:52Z
SM-S711B,ILO,S711BXXS2BWL8,2024-01-01,2026-09-11T15:13:46Z
SM-S711B,INS,S711BXXS2BWL8,2024-01-01,2026-09-11T15:14:04Z
SM-S711B,MID,S711BXXS2BWL8,2024-01-01,2026-09-11T15:13:49Z
SM-S711B,TUR,S711BXXS2BWL8,2024-01-01,2026-09-11T15:13:55Z
SM-S711B,XSA,S711BXXS2BWL8,2024-01-01,2026-09-11T15:14:18Z
SM-S711B,XSG,S711BXXS2BWL8,2024-01-01,2026-09-11T15:13:58Z
SM-S711B,EUX,S711BXXS2BXA8,2024-02-01,2026-09-11T15:14:07Z
SM-S711B,AFG,S711BXXS2BXA9,2024-02-01,2026-09-11T15:14:01Z
SM-S711B,EGY,S711BXXS2BXA9,2024-02-01,2026-09-11T15:13:52Z
SM-S711B,ILO,S711BXXS2BXA9,2024-02-01,2026-09-11T15:13:46Z
SM-S711B,INS,S711BXXS2BXA9,2024-02-01,2026-09-11T15:14:04Z
SM-S711B,MID,S711BXXS2BXA9,2024-02-01,2026-09-11T15:13:49Z
SM-S711B,TUR,S711BXXS2BXA9,2024-02-01,2026-09-11T15:13:55Z
SM-S711B,XSA,S711BXXS2BXA9,2024-02-01,2026-09-11T15:14:18Z
SM-S711B,XSG,S711BXXS2BXA9,2024-02-01,2026-09-11T15:13:58Z
SM-S711B,EUX,S711BXXS2BXBF,2024-03-01,2026-09-11T15:14:07Z
SM-S711B,AFG,S711BXXS2BXBG,2024-03-01,2026-09-11T15:14:01Z
SM-S711B,EGY,S711BXXS2BXBG,2024-03-01,2026-09-11T15:13:52Z
SM-S711B,ILO,S711BXXS2BXBG,2024-03-01,2026-09-11T15:13:46Z
SM-S711B,INS,S711BXXS2BXBG,2024-03-01,2026-09-11T15:14:04Z
SM-S711B,MID,S711BXXS2BXBG,2024-03-01,2026-09-11T15:13:49Z
SM-S711B,TUR,S711BXXS2BXBG,2024-03-01,2026-09-11T15:13:55Z
SM-S711B,XSA,S711BXXS2BXBG,2024-03-01,2026-09-11T15:14:18Z
SM-S711B,XSG,S711BXXS2BXBG,2024-03-01,2026-09-11T15:13:58Z
SM-S711B,AFG,S711BXXS2CXD1,2024-04-01,2026-09-11T15:14:01Z
SM-S711B,EGY,S711BXXS2CXD1,2024-04-01,2026-09-11T15:13:52Z
SM-S711B,EUX,S711BXXS2CXD1,2024-04-01,2026-09-11T15:14:07Z
SM-S711B,ILO,S711BXXS2CXD1,2024-04-01,2026-09-11T15:13:46Z
SM-S711B,INS,S711BXXS2CXD1,2024-04-01,2026-09-11T15:14:04Z
SM-S711B,MID,S711BXXS2CXD1,2024-04-01,2026-09-11T15:13:49Z
SM-S711B,TUR,S711BXXS2CXD1,2024-04-01,2026-09-11T15:13:55Z
SM-S711B,XSA,S711BXXS2CXD1,2024-04-01,2026-09-11T15:14:18Z
SM-S711B,XSG,S711BXXS2CXD1,2024-04-01,2026-09-11T15:13:58Z
SM-S711B,AFG,S711BXXS3CXE3,2024-05-01,2026-09-11T15:14:01Z
SM-S711B,EGY,S711BXXS3CXE3,2024-05-01,2026-09-11T15:13:52Z
SM-S711B,ILO,S711BXXS3CXE3,2024-05-01,2026-09-11T15:13:46Z
SM-S711B,INS,S711BXXS3CXE3,2024-05-01,2026-09-11T15:14:04Z
SM-S711B,MID,S711BXXS3CXE3,2024-05-01,2026-09-11T15:13:49Z
SM-S711B,TUR,S711BXXS3CXE3,2024-05-01,2026-09-11T15:13:55Z
SM-S711B,XSA,S711BXXS3CXE3,2024-05-01,2026-09-11T15:14:18Z
SM-S711B,XSG,S711BXXS3CXE3,2024-05-01,2026-09-11T15:13:58Z
SM-S711B,EUX,S711BXXS3CXE4,2024-05-01,2026-09-11T15:14:07Z
SM-S711B,AFG,S711BXXS3CXE8,2024-06-01,2026-09-11T15:14:01Z
SM-S711B,EGY,S711BXXS3CXE8,2024-06-01,2026-09-11T15:13:52Z
SM-S711B,ILO,S711BXXS3CXE8,2024-06-01,2026-09-11T15:13:46Z
SM-S711B,INS,S711BXXS3CXE8,2024-06-01,2026-09-11T15:14:04Z
SM-S711B,MID,S711BXXS3CXE8,2024-06-01,2026-09-11T15:13:49Z
SM-S711B,TUR,S711BXXS3CXE8,2024-06-01,2026-09-11T15:13:55Z
SM-S711B,XSA,S711BXXS3CXE8,2024-06-01,2026-09-11T15:14:18Z
SM-S711B,XSG,S711BXXS3CXE8,2024-06-01,2026-09-11T15:13:58Z
SM-S711B,EUX,S711BXXS3CXE9,2024-06-01,2026-09-11T15:14:07Z
SM-S711B,AFG,S711BXXS4CXF8,2024-07-01,2026-09-11T15:14:01Z
SM-S711B,EGY,S711BXXS4CXF8,2024-07-01,2026-09-11T15:13:52Z
SM-S711B,ILO,S711BXXS4CXF8,2024-07-01,2026-09-11T15:13:46Z
SM-S711B,INS,S711BXXS4CXF8,2024-07-01,2026-09-11T15:14:04Z
SM-S711B,MID,S711BXXS4CXF8,2024-07-01,2026-09-11T15:13:49Z
SM-S711B,TUR,S711BXXS4CXF8,2024-07-01,2026-09-11T15:13:55Z
SM-S711B,XSA,S711BXXS4CXF8,2024-07-01,2026-09-11T15:14:18Z
SM-S711B,XSG,S711BXXS4CXF8,2024-07-01,2026-09-11T15:13:58Z
SM-S711B,EUX,S711BXXS4CXF9,2024-07-01,2026-09-11T15:14:07Z
SM-S711B,AFG,S711BXXS4CXGC,2024-08-01,2026-09-11T15:14:01Z
SM-S711B,EGY,S711BXXS4CXGC,2024-08-01,2026-09-11T15:13:52Z
SM-S711B,ILO,S711BXXS4CXGC,2024-08-01,2026-09-11T15:13:46Z
SM-S711B,INS,S711BXXS4CXGC,2024-08-01,2026-09-11T15:14:04Z
SM-S711B,MID,S711BXXS4CXGC,2024-08-01,2026-09-11T15:13:49Z
SM-S711B,TUR,S711BXXS4CXGC,2024-08-01,2026-09-11T15:13:55Z
SM-S711B,XSA,S711BXXS4CXGC,2024-08-01,2026-09-11T15:14:18Z
SM-S711B,XSG,S711BXXS4CXGC,2024-08-01,2026-09-11T15:13:58Z
SM-S711B,EUX,S711BXXS4CXGD,2024-08-01,2026-09-11T15:14:07Z
SM-S711B,AFG,S711BXXS4DXH8,2024-09-01,2026-09-11T15:14:01Z
SM-S711B,EGY,S711BXXS4DXH8,2024-09-01,2026-09-11T15:13:52Z
SM-S711B,EUX,S711BXXS4DXH8,2024-09-01,2026-09-11T15:14:07Z
SM-S711B,ILO,S711BXXS4DXH8,2024-09-01,2026-09-11T15:13:46Z
SM-S711B,INS,S711BXXS4DXH8,2024-09-01,2026-09-11T15:14:04Z
SM-S711B,MID,S711BXXS4DXH8,2024-09-01,2026-09-11T15:13:49Z
SM-S711B,TUR,S711BXXS4DXH8,2024-09-01,2026-09-11T15:13:55Z
SM-S711B,XSA,S711BXXS4DXH8,2024-09-01,2026-09-11T15:14:18Z
SM-S711B,XSG,S711BXXS4DXH8,2024-09-01,2026-09-11T15:13:58Z
SM-S711B,AFG,S711BXXS5DXI3,2024-10-01,2026-09-11T15:14:01Z
SM-S711B,EGY,S711BXXS5DXI3,2024-10-01,2026-09-11T15:13:52Z
SM-S711B,EUX,S711BXXS5DXI3,2024-10-01,2026-09-11T15:14:07Z
SM-S711B,ILO,S711BXXS5DXI3,2024-10-01,2026-09-11T15:13:46Z
SM-S711B,INS,S711BXXS5DXI3,2024-10-01,2026-09-11T15:14:04Z
SM-S711B,MID,S711BXXS5DXI3,2024-10-01,2026-09-11T15:13:49Z
SM-S711B,TUR,S711BXXS5DXI3,2024-10-01,2026-09-11T15:13:55Z
SM-S711B,XSA,S711BXXS5DXI3,2024-10-01,2026-09-11T15:14:18Z
SM-S711B,XSG,S711BXXS5DXI3,2024-10-01,2026-09-11T15:13:58Z
SM-S711B,AFG,S711BXXS6DXK8,2024-12-01,2026-09-11T15:14:01Z
SM-S711B,EGY,S711BXXS6DXK8,2024-12-01,2026-09-11T15:13:52Z
SM-S711B,EUX,S711BXXS6DXK8,2024-12-01,2026-09-11T15:14:07Z
SM-S711B,ILO,S711BXXS6DXK8,2024-12-01,2026-09-11T15:13:46Z
SM-S711B,INS,S711BXXS6DXK8,2024-12-01,2026-09-11T15:14:04Z
SM-S711B,MID,S711BXXS6DXK8,2024-12-01,2026-09-11T15:13:49Z
SM-S711B,TUR,S711BXXS6DXK8,2024-12-01,2026-09-11T15:13:55Z
SM-S711B,XSA,S711BXXS6DXK8,2024-12-01,2026-09-11T15:14:18Z
SM-S711B,XSG,S711BXXS6DXK8,2024-12-01,2026-09-11T15:13:58Z
SM-S711B,AFG,S711BXXS6DXL7,2025-01-01,2026-09-11T15:14:01Z
SM-S711B,EGY,S711BXXS6DXL7,2025-01-01,2026-09-11T15:13:52Z
SM-S711B,EUX,S711BXXS6DXL7,2025-01-01,2026-09-11T15:14:07Z
SM-S711B,ILO,S711BXXS6DXL7,2025-01-01,2026-09-11T15:13:46Z
SM-S711B,INS,S711BXXS6DXL7,2025-01-01,2026-09-11T15:14:04Z
SM-S711B,MID,S711BXXS6DXL7,2025-01-01,2026-09-11T15:13:49Z
SM-S711B,TUR,S711BXXS6DXL7,2025-01-01,2026-09-11T15:13:55Z
SM-S711B,XSA,S711BXXS6DXL7,2025-01-01,2026-09-11T15:14:18Z
SM-S711B,XSG,S711BXXS6DXL7,2025-01-01,2026-09-11T15:13:58Z
SM-S711B,AFG,S711BXXS6DYB1,2025-02-01,2026-09-11T15:14:01Z
SM-S711B,EGY,S711BXXS6DYB1,2025-02-01,2026-09-11T15:13:52Z
SM-S711B,EUX,S711BXXS6DYB1,2025-02-01,2026-09-11T15:14:07Z
SM-S711B,ILO,S711BXXS6DYB1,2025-02-01,2026-09-11T15:13:46Z
SM-S711B,INS,S711BXXS6DYB1,2025-02-01,2026-09-11T15:14:04Z
SM-S711B,MID,S711BXXS6DYB1,2025-02-01,2026-09-11T15:13:49Z
SM-S711B,TUR,S711BXXS6DYB1,2025-02-01,2026-09-11T15:13:55Z
SM-S711B,XSA,S711BXXS6DYB1,2025-02-01,2026-09-11T15:14:18Z
SM-S711B,XSG,S711BXXS6DYB1,2025-02-01,2026-09-11T15:13:58Z
SM-S711B,AFG,S711BXXS6DYBH,2025-03-01,2026-09-11T15:14:01Z
SM-S711B,EGY,S711BXXS6DYBH,2025-03-01,2026-09-11T15:13:52Z
SM-S711B,EUX,S711BXXS6DYBH,2025-03-01,2026-09-11T15:14:07Z
SM-S711B,ILO,S711BXXS6DYBH,2025-03-01,2026-09-11T15:13:46Z
SM-S711B,INS,S711BXXS6DYBH,2025-03-01,2026-09-11T15:14:04Z
SM-S711B,MID,S711BXXS6DYBH,2025-03-01,2026-09-11T15:13:49Z
SM-S711B,TUR,S711BXXS6DYBH,2025-03-01,2026-09-11T15:13:55Z
SM-S711B,XSA,S711BXXS6DYBH,2025-03-01,2026-09-11T15:14:18Z
SM-S711B,XSG,S711BXXS6DYBH,2025-03-01,2026-09-11T15:13:58Z
SM-S711B,AFG,S711BXXS7EYE1,2025-05-01,2026-09-11T15:14:01Z
SM-S711B,EGY,S711BXXS7EYE1,2025-05-01,2026-09-11T15:13:52Z
SM-S711B,EUX,S711BXXS7EYE1,2025-05-01,2026-09-11T15:14:07Z
SM-S711B,ILO,S711BXXS7EYE1,2025-05-01,2026-09-11T15:13:46Z
SM-S711B,INS,S711BXXS7EYE1,2025-05-01,2026-09-11T15:14:04Z
SM-S711B,MID,S711BXXS7EYE1,2025-05-01,2026-09-11T15:13:49Z
SM-S711B,TUR,S711BXXS7EYE1,2025-05-01,2026-09-11T15:13:55Z
SM-S711B,XSA,S711BXXS7EYE1,2025-05-01,2026-09-11T15:14:18Z
SM-S711B,XSG,S711BXXS7EYE1,2025-05-01,2026-09-11T15:13:58Z
SM-S711B,AFG,S711BXXS8EYEA,2025-06-01,2026-09-11T15:14:01Z
SM-S711B,EGY,S711BXXS8EYEA,2025-06-01,2026-09-11T15:13:52Z
SM-S711B,EUX,S711BXXS8EYEA,2025-06-01,2026-09-11T15:14:07Z
SM-S711B,ILO,S711BXXS8EYEA,2025-06-01,2026-09-11T15:13:46Z
SM-S711B,INS,S711BXXS8EYEA,2025-06-01,2026-09-11T15:14:04Z
SM-S711B,MID,S711BXXS8EYEA,2025-06-01,2026-09-11T15:13:49Z
SM-S711B,TUR,S711BXXS8EYEA,2025-06-01,2026-09-11T15:13:55Z
SM-S711B,XSA,S711BXXS8EYEA,2025-06-01,2026-09-11T15:14:18Z
SM-S711B,XSG,S711BXXS8EYEA,2025-06-01,2026-09-11T15:13:58Z
SM-S711B,AFG,S711BXXS9EYG1,2025-07-01,2026-09-11T15:14:01Z
SM-S711B,EGY,S711BXXS9EYG1,2025-07-01,2026-09-11T15:13:52Z
SM-S711B,EUX,S711BXXS9EYG1,2025-07-01,2026-09-11T15:14:07Z
SM-S711B,ILO,S711BXXS9EYG1,2025-07-01,2026-09-11T15:13:46Z
SM-S711B,INS,S711BXXS9EYG1,2025-07-01,2026-09-11T15:14:04Z
SM-S711B,MID,S711BXXS9EYG1,2025-07-01,2026-09-11T15:13:49Z
SM-S711B,TUR,S711BXXS9EYG1,2025-07-01,2026-09-11T15:13:55Z
SM-S711B,XSA,S711BXXS9EYG1,2025-07-01,2026-09-11T15:14:18Z
SM-S711B,XSG,S711BXXS9EYG1,2025-07-01,2026-09-11T15:13:58Z
SM-S711B,AFG,S711BXXSAEYH1,2025-08-01,2026-09-11T15:14:01Z
SM-S711B,EGY,S711BXXSAEYH1,2025-08-01,2026-09-11T15:13:52Z
SM-S711B,EUX,S711BXXSAEYH1,2025-08-01,2026-09-11T15:14:07Z
SM-S711B,ILO,S711BXXSAEYH1,2025-08-01,2026-09-11T15:13:46Z
SM-S711B,INS,S711BXXSAEYH1,2025-08-01,2026-09-11T15:14:04Z
SM-S711B,MID,S711BXXSAEYH1,2025-08-01,2026-09-11T15:13:49Z
SM-S711B,TUR,S711BXXSAEYH1,2025-08-01,2026-09-11T15:13:55Z
SM-S711B,XSA,S711BXXSAEYH1,2025-08-01,2026-09-11T15:14:18Z
SM-S711B,XSG,S711BXXSAEYH1,2025-08-01,2026-09-11T15:13:58Z
SM-S711B,AFG,S711BXXSAEYI1,2025-09-01,2026-09-11T15:14:01Z
SM-S711B,EGY,S711BXXSAEYI1,2025-09-01,2026-09-11T15:13:52Z
SM-S711B,EUX,S711BXXSAEYI1,2025-09-01,2026-09-11T15:14:07Z
SM-S711B,ILO,S711BXXSAEYI1,2025-09-01,2026-09-11T15:13:46Z
SM-S711B,INS,S711BXXSAEYI1,2025-09-01,2026-09-11T15:14:04Z
SM-S711B,MID,S711BXXSAEYI1,2025-09-01,2026-09-11T15:13:49Z
SM-S711B,TUR,S711BXXSAEYI1,2025-09-01,2026-09-11T15:13:55Z
SM-S711B,XSG,S711BXXSAEYI1,2025-09-01,2026-09-11T15:13:58Z
SM-S711B,XSA,S711BXXSAEYI2,2025-09-01,2026-09-11T15:14:18Z
SM-S711B,AFG,S711BXXSBFYJ1,2025-10-01,2026-09-11T15:14:01Z
SM-S711B,EGY,S711BXXSBFYJ1,2025-10-01,2026-09-11T15:13:52Z
SM-S711B,EUX,S711BXXSBFYJ1,2025-10-01,2026-09-11T15:14:07Z
SM-S711B,ILO,S711BXXSBFYJ1,2025-10-01,2026-09-11T15:13:46Z
SM-S711B,INS,S711BXXSBFYJ1,2025-10-01,2026-09-11T15:14:04Z
SM-S711B,MID,S711BXXSBFYJ1,2025-10-01,2026-09-11T15:13:49Z
SM-S711B,TUR,S711BXXSBFYJ1,2025-10-01,2026-09-11T15:13:55Z
SM-S711B,XSA,S711BXXSBFYJ1,2025-10-01,2026-09-11T15:14:18Z
SM-S711B,XSG,S711BXXSBFYJ1,2025-10-01,2026-09-11T15:13:58Z
SM-S711B,AFG,S711BXXSCFYK3,2025-11-01,2026-09-11T15:14:01Z
SM-S711B,EGY,S711BXXSCFYK3,2025-11-01,2026-09-11T15:13:52Z
SM-S711B,EUX,S711BXXSCFYK3,2025-11-01,2026-09-11T15:14:07Z
SM-S711B,ILO,S711BXXSCFYK3,2025-11-01,2026-09-11T15:13:46Z
SM-S711B,INS,S711BXXSCFYK3,2025-11-01,2026-09-11T15:14:04Z
SM-S711B,MID,S711BXXSCFYK3,2025-11-01,2026-09-11T15:13:49Z
SM-S711B,TUR,S711BXXSCFYK3,2025-11-01,2026-09-11T15:13:55Z
SM-S711B,XSA,S711BXXSCFYK3,2025-11-01,2026-09-11T15:14:18Z
SM-S711B,XSG,S711BXXSCFYK3,2025-11-01,2026-09-11T15:13:58Z
SM-S711B,AFG,S711BXXSCFYL1,2025-12-01,2026-09-11T15:14:01Z
SM-S711B,EGY,S711BXXSCFYL1,2025-12-01,2026-09-11T15:13:52Z
SM-S711B,EUX,S711BXXSCFYL1,2025-12-01,2026-09-11T15:14:07Z
SM-S711B,ILO,S711BXXSCFYL1,2025-12-01,2026-09-11T15:13:46Z
SM-S711B,INS,S711BXXSCFYL1,2025-12-01,2026-09-11T15:14:04Z
SM-S711B,MID,S711BXXSCFYL1,2025-12-01,2026-09-11T15:13:49Z
SM-S711B,TUR,S711BXXSCFYL1,2025-12-01,2026-09-11T15:13:55Z
SM-S711B,XSA,S711BXXSCFYL1,2025-12-01,2026-09-11T15:14:18Z
SM-S711B,XSG,S711BXXSCFYL1,2025-12-01,2026-09-11T15:13:58Z
SM-S711B,AFG,S711BXXSDFZA1,2026-01-01,2026-09-11T15:14:01Z
SM-S711B,EGY,S711BXXSDFZA1,2026-01-01,2026-09-11T15:13:52Z
SM-S711B,EUX,S711BXXSDFZA1,2026-01-01,2026-09-11T15:14:07Z
SM-S711B,ILO,S711BXXSDFZA1,2026-01-01,2026-09-11T15:13:46Z
SM-S711B,INS,S711BXXSDFZA1,2026-01-01,2026-09-11T15:14:04Z
SM-S711B,MID,S711BXXSDFZA1,2026-01-01,2026-09-11T15:13:49Z
SM-S711B,TUR,S711BXXSDFZA1,2026-01-01,2026-09-11T15:13:55Z
SM-S711B,XSA,S711BXXSDFZA1,2026-01-01,2026-09-11T15:14:18Z
SM-S711B,XSG,S711BXXSDFZA1,2026-01-01,2026-09-11T15:13:58Z
SM-S711B,AFG,S711BXXSEFZB3,2026-02-05,2026-09-11T15:14:01Z
SM-S711B,EGY,S711BXXSEFZB3,2026-02-05,2026-09-11T15:13:52Z
SM-S711B,EUX,S711BXXSEFZB3,2026-02-05,2026-09-11T15:14:07Z
SM-S711B,ILO,S711BXXSEFZB3,2026-02-05,2026-09-11T15:13:46Z
SM-S711B,INS,S711BXXSEFZB3,2026-02-05,2026-09-11T15:14:04Z
SM-S711B,MID,S711BXXSEFZB3,2026-02-05,2026-09-11T15:13:49Z
SM-S711B,TUR,S711BXXSEFZB3,2026-02-05,2026-09-11T15:13:55Z
SM-S711B,XSA,S711BXXSEFZB3,2026-02-05,2026-09-11T15:14:18Z
SM-S711B,XSG,S711BXXSEFZB3,2026-02-05,2026-09-11T15:13:58Z
SM-S711B,AFG,S711BXXSEFZC1,2026-03-05,2026-09-11T15:14:01Z
SM-S711B,EGY,S711BXXSEFZC1,2026-03-05,2026-09-11T15:13:52Z
SM-S711B,EUX,S711BXXSEFZC1,2026-03-05,2026-09-11T15:14:07Z
SM-S711B,ILO,S711BXXSEFZC1,2026-03-05,2026-09-11T15:13:46Z
SM-S711B,INS,S711BXXSEFZC1,2026-03-05,2026-09-11T15:14:04Z
SM-S711B,MID,S711BXXSEFZC1,2026-03-05,2026-09-11T15:13:49Z
SM-S711B,TUR,S711BXXSEFZC1,2026-03-05,2026-09-11T15:13:55Z
SM-S711B,XSA,S711BXXSEFZC1,2026-03-05,2026-09-11T15:14:18Z
SM-S711B,XSG,S711BXXSEFZC1,2026-03-05,2026-09-11T15:13:58Z
SM-S711B,AFG,S711BXXSFFZD2,2026-04-05,2026-09-11T15:14:01Z
SM-S711B,EGY,S711BXXSFFZD2,2026-04-05,2026-09-11T15:13:52Z
SM-S711B,EUX,S711BXXSFFZD2,2026-04-05,2026-09-11T15:14:07Z
SM-S711B,ILO,S711BXXSFFZD2,2026-04-05,2026-09-11T15:13:46Z
SM-S711B,INS,S711BXXSFFZD2,2026-04-05,2026-09-11T15:14:04Z
SM-S711B,MID,S711BXXSFFZD2,2026-04-05,2026-09-11T15:13:49Z
SM-S711B,TUR,S711BXXSFFZD2,2026-04-05,2026-09-11T15:13:55Z
SM-S711B,XSA,S711BXXSFFZD2,2026-04-05,2026-09-11T15:14:18Z
SM-S711B,XSG,S711BXXSFFZD2,2026-04-05,2026-09-11T15:13:58Z
SM-S711B,AFG,S711BXXSFGZE2,2026-05-05,2026-09-11T15:14:01Z
SM-S711B,EGY,S711BXXSFGZE2,2026-05-05,2026-09-11T15:13:52Z
SM-S711B,EUX,S711BXXSFGZE2,2026-05-05,2026-09-11T15:14:07Z
SM-S711B,ILO,S711BXXSFGZE2,2026-05-05,2026-09-11T15:13:46Z
SM-S711B,INS,S711BXXSFGZE2,2026-05-05,2026-09-11T15:14:04Z
SM-S711B,MID,S711BXXSFGZE2,2026-05-05,2026-09-11T15:13:49Z
SM-S711B,TUR,S711BXXSFGZE2,2026-05-05,2026-09-11T15:13:55Z
SM-S711B,XSA,S711BXXSFGZE2,2026-05-05,2026-09-11T15:14:18Z
SM-S711B,XSG,S711BXXSFGZE2,2026-05-05,2026-09-11T15:13:58Z
SM-S711B,AFG,S711BXXSGGZF2,2026-06-05,2026-09-11T15:14:01Z
SM-S711B,EGY,S711BXXSGGZF2,2026-06-05,2026-09-11T15:13:52Z
SM-S711B,EUX,S711BXXSGGZF2,2026-06-05,2026-09-11T15:14:07Z
SM-S711B,ILO,S711BXXSGGZF2,2026-06-05,2026-09-11T15:13:46Z
SM-S711B,INS,S711BXXSGGZF2,2026-06-05,2026-09-11T15:14:04Z
SM-S711B,MID,S711BXXSGGZF2,2026-06-05,2026-09-11T15:13:49Z
SM-S711B,TUR,S711BXXSGGZF2,2026-06-05,2026-09-11T15:13:55Z
SM-S711B,XSA,S711BXXSGGZF2,2026-06-05,2026-09-11T15:14:18Z
SM-S711B,XSG,S711BXXSGGZF2,2026-06-05,2026-09-11T15:13:58Z
SM-S711B,AFG,S711BXXSHGZG1,2026-07-05,2026-09-11T15:14:01Z
SM-S711B,EGY,S711BXXSHGZG1,2026-07-05,2026-09-11T15:13:52Z
SM-S711B,EUX,S711BXXSHGZG1,2026-07-05,2026-09-11T15:14:07Z
SM-S711B,ILO,S711BXXSHGZG1,2026-07-05,2026-09-11T15:13:46Z
SM-S711B,INS,S711BXXSHGZG1,2026-07-05,2026-09-11T15:14:04Z
SM-S711B,MID,S711BXXSHGZG1,2026-07-05,2026-09-11T15:13:49Z
SM-S711B,TUR,S711BXXSHGZG1,2026-07-05,2026-09-11T15:13:55Z
SM-S711B,XSA,S711BXXSHGZG1,2026-07-05,2026-09-11T15:14:18Z
SM-S711B,XSG,S711BXXSHGZG1,2026-07-05,2026-09-11T15:13:58Z
SM-S711B,AFG,S711BXXSIGZH9,2026-08-05,2026-09-11T15:14:01Z
SM-S711B,EGY,S711BXXSIGZH9,2026-08-05,2026-09-11T15:13:52Z
SM-S711B,EUX,S711BXXSIGZH9,2026-08-05,2026-09-11T15:14:07Z
SM-S711B,ILO,S711BXXSIGZH9,2026-08-05,2026-09-11T15:13:46Z
SM-S711B,INS,S711BXXSIGZH9,2026-08-05,2026-09-11T15:14:04Z
SM-S711B,MID,S711BXXSIGZH9,2026-08-05,2026-09-11T15:13:49Z
SM-S711B,TUR,S711BXXSIGZH9,2026-08-05,2026-09-11T15:13:55Z
SM-S711B,XSA,S711BXXSIGZH9,2026-08-05,2026-09-11T15:14:18Z
SM-S711B,XSG,S711BXXSIGZH9,2026-08-05,2026-09-11T15:13:58Z
SM-S711B,AFG,S711BXXU1AWI7,2023-09-01,2026-09-11T15:14:01Z
SM-S711B,EGY,S711BXXU1AWI7,2023-09-01,2026-09-11T15:13:52Z
SM-S711B,MID,S711BXXU1AWI7,2023-09-01,2026-09-11T15:13:49Z
SM-S711B,XSG,S711BXXU1AWI7,2023-09-01,2026-09-11T15:13:58Z
SM-S711B,XSA,S711BXXU1AWJ1,2023-09-01,2026-09-11T15:14:18Z
SM-S711B,AFG,S711BXXU1AWJ2,2023-09-01,2026-09-11T15:14:01Z
SM-S711B,EGY,S711BXXU1AWJ2,2023-09-01,2026-09-11T15:13:52Z
SM-S711B,ILO,S711BXXU1AWJ2,2023-09-01,2026-09-11T15:13:46Z
SM-S711B,INS,S711BXXU1AWJ2,2023-09-01,2026-09-11T15:14:04Z
SM-S711B,MID,S711BXXU1AWJ2,2023-09-01,2026-09-11T15:13:49Z
SM-S711B,TUR,S711BXXU1AWJ2,2023-09-01,2026-09-11T15:13:55Z
SM-S711B,XSG,S711BXXU1AWJ2,2023-09-01,2026-09-11T15:13:58Z
SM-S711B,AFG,S711BXXU1BWK9,2023-11-01,2026-09-11T15:14:01Z
SM-S711B,EGY,S711BXXU1BWK9,2023-11-01,2026-09-11T15:13:52Z
SM-S711B,ILO,S711BXXU1BWK9,2023-11-01,2026-09-11T15:13:46Z
SM-S711B,INS,S711BXXU1BWK9,2023-11-01,2026-09-11T15:14:04Z
SM-S711B,MID,S711BXXU1BWK9,2023-11-01,2026-09-11T15:13:49Z
SM-S711B,TUR,S711BXXU1BWK9,2023-11-01,2026-09-11T15:13:55Z
SM-S711B,XSA,S711BXXU1BWK9,2023-11-01,2026-09-11T15:14:18Z
SM-S711B,XSG,S711BXXU1BWK9,2023-11-01,2026-09-11T15:13:58Z
SM-S711B,AFG,S711BXXU2CXCF,2024-03-01,2026-09-11T15:14:01Z
SM-S711B,EGY,S711BXXU2CXCF,2024-03-01,2026-09-11T15:13:52Z
SM-S711B,EUX,S711BXXU2CXCF,2024-03-01,2026-09-11T15:14:07Z
SM-S711B,ILO,S711BXXU2CXCF,2024-03-01,2026-09-11T15:13:46Z
SM-S711B,INS,S711BXXU2CXCF,2024-03-01,2026-09-11T15:14:04Z
SM-S711B,MID,S711BXXU2CXCF,2024-03-01,2026-09-11T15:13:49Z
SM-S711B,TUR,S711BXXU2CXCF,2024-03-01,2026-09-11T15:13:55Z
SM-S711B,XSA,S711BXXU2CXCF,2024-03-01,2026-09-11T15:14:18Z
SM-S711B,XSG,S711BXXU2CXCF,2024-03-01,2026-09-11T15:13:58Z
SM-S711B,EUX,S711BXXU2CXD3,2024-04-01,2026-09-11T15:14:07Z
SM-S711B,EUX,S711BXXU3CXE6,2024-05-01,2026-09-11T15:14:07Z
SM-S711B,AFG,S711BXXU4DXH7,2024-08-01,2026-09-11T15:14:01Z
SM-S711B,EGY,S711BXXU4DXH7,2024-08-01,2026-09-11T15:13:52Z
SM-S711B,EUX,S711BXXU4DXH7,2024-08-01,2026-09-11T15:14:07Z
SM-S711B,ILO,S711BXXU4DXH7,2024-08-01,2026-09-11T15:13:46Z
SM-S711B,INS,S711BXXU4DXH7,2024-08-01,2026-09-11T15:14:04Z
SM-S711B,MID,S711BXXU4DXH7,2024-08-01,2026-09-11T15:13:49Z
SM-S711B,TUR,S711BXXU4DXH7,2024-08-01,2026-09-11T15:13:55Z
SM-S711B,XSA,S711BXXU4DXH7,2024-08-01,2026-09-11T15:14:18Z
SM-S711B,XSG,S711BXXU4DXH7,2024-08-01,2026-09-11T15:13:58Z
SM-S711B,AFG,S711BXXU6DXK4,2024-11-01,2026-09-11T15:14:01Z
SM-S711B,EGY,S711BXXU6DXK4,2024-11-01,2026-09-11T15:13:52Z
SM-S711B,EUX,S711BXXU6DXK4,2024-11-01,2026-09-11T15:14:07Z
SM-S711B,ILO,S711BXXU6DXK4,2024-11-01,2026-09-11T15:13:46Z
SM-S711B,INS,S711BXXU6DXK4,2024-11-01,2026-09-11T15:14:04Z
SM-S711B,MID,S711BXXU6DXK4,2024-11-01,2026-09-11T15:13:49Z
SM-S711B,TUR,S711BXXU6DXK4,2024-11-01,2026-09-11T15:13:55Z
SM-S711B,XSA,S711BXXU6DXK4,2024-11-01,2026-09-11T15:14:18Z
SM-S711B,XSG,S711BXXU6DXK4,2024-11-01,2026-09-11T15:13:58Z
SM-S711B,AFG,S711BXXU6EYDA,2025-04-01,2026-09-11T15:14:01Z
SM-S711B,EGY,S711BXXU6EYDA,2025-04-01,2026-09-11T15:13:52Z
SM-S711B,EUX,S711BXXU6EYDA,2025-04-01,2026-09-11T15:14:07Z
SM-S711B,ILO,S711BXXU6EYDA,2025-04-01,2026-09-11T15:13:46Z
SM-S711B,INS,S711BXXU6EYDA,2025-04-01,2026-09-11T15:14:04Z
SM-S711B,MID,S711BXXU6EYDA,2025-04-01,2026-09-11T15:13:49Z
SM-S711B,TUR,S711BXXU6EYDA,2025-04-01,2026-09-11T15:13:55Z
SM-S711B,XSA,S711BXXU6EYDA,2025-04-01,2026-09-11T15:14:18Z
SM-S711B,XSG,S711BXXU6EYDA,2025-04-01,2026-09-11T15:13:58Z
SM-S711B,AFG,S711BXXUAFYI6,2025-09-01,2026-09-11T15:14:01Z
SM-S711B,EGY,S711BXXUAFYI6,2025-09-01,2026-09-11T15:13:52Z
SM-S711B,EUX,S711BXXUAFYI6,2025-09-01,2026-09-11T15:14:07Z
SM-S711B,ILO,S711BXXUAFYI6,2025-09-01,2026-09-11T15:13:46Z
SM-S711B,INS,S711BXXUAFYI6,2025-09-01,2026-09-11T15:14:04Z
SM-S711B,MID,S711BXXUAFYI6,2025-09-01,2026-09-11T15:13:49Z
SM-S711B,TUR,S711BXXUAFYI6,2025-09-01,2026-09-11T15:13:55Z
SM-S711B,XSA,S711BXXUAFYI6,2025-09-01,2026-09-11T15:14:18Z
SM-S711B,XSG,S711BXXUAFYI6,2025-09-01,2026-09-11T15:13:58Z
SM-S711B,AFG,S711BXXUFGZDP,2026-04-05,2026-09-11T15:14:01Z
SM-S711B,EGY,S711BXXUFGZDP,2026-04-05,2026-09-11T15:13:52Z
SM-S711B,EUX,S711BXXUFGZDP,2026-04-05,2026-09-11T15:14:07Z
SM-S711B,ILO,S711BXXUFGZDP,2026-04-05,2026-09-11T15:13:46Z
SM-S711B,INS,S711BXXUFGZDP,2026-04-05,2026-09-11T15:14:04Z
SM-S711B,MID,S711BXXUFGZDP,2026-04-05,2026-09-11T15:13:49Z
SM-S711B,TUR,S711BXXUFGZDP,2026-04-05,2026-09-11T15:13:55Z
SM-S711B,XSA,S711BXXUFGZDP,2026-04-05,2026-09-11T15:14:18Z
SM-S711B,XSG,S711BXXUFGZDP,2026-04-05,2026-09-11T15:13:58Z
SM-S721B,AFG,S721BXXS2AXI5,2024-10-01,2026-09-11T15:14:39Z
SM-S721B,EGY,S721BXXS2AXI5,2024-10-01,2026-09-11T15:14:30Z
SM-S721B,EUX,S721BXXS2AXI5,2024-10-01,2026-09-11T15:14:46Z
SM-S721B,ILO,S721BXXS2AXI5,2024-10-01,2026-09-11T15:14:24Z
SM-S721B,INS,S721BXXS2AXI5,2024-10-01,2026-09-11T15:14:43Z
SM-S721B,MID,S721BXXS2AXI5,2024-10-01,2026-09-11T15:14:27Z
SM-S721B,TUR,S721BXXS2AXI5,2024-10-01,2026-09-11T15:14:33Z
SM-S721B,XSA,S721BXXS2AXI5,2024-10-01,2026-09-11T15:14:56Z
SM-S721B,XSG,S721BXXS2AXI5,2024-10-01,2026-09-11T15:14:36Z
SM-S721B,EUX,S721BXXS3AXK6,2024-12-01,2026-09-11T15:14:46Z
SM-S721B,INS,S721BXXS3AXK6,2024-12-01,2026-09-11T15:14:43Z
SM-S721B,TUR,S721BXXS3AXK6,2024-12-01,2026-09-11T15:14:33Z
SM-S721B,XSA,S721BXXS3AXK6,2024-12-01,2026-09-11T15:14:56Z
SM-S721B,AFG,S721BXXS3AXK7,2024-12-01,2026-09-11T15:14:39Z
SM-S721B,EGY,S721BXXS3AXK7,2024-12-01,2026-09-11T15:14:30Z
SM-S721B,ILO,S721BXXS3AXK7,2024-12-01,2026-09-11T15:14:24Z
SM-S721B,MID,S721BXXS3AXK7,2024-12-01,2026-09-11T15:14:27Z
SM-S721B,XSG,S721BXXS3AXK7,2024-12-01,2026-09-11T15:14:36Z
SM-S721B,EUX,S721BXXS3AXL1,2025-01-01,2026-09-11T15:14:46Z
SM-S721B,INS,S721BXXS3AXL1,2025-01-01,2026-09-11T15:14:43Z
SM-S721B,TUR,S721BXXS3AXL1,2025-01-01,2026-09-11T15:14:33Z
SM-S721B,XSA,S721BXXS3AXL1,2025-01-01,2026-09-11T15:14:56Z
SM-S721B,AFG,S721BXXS3AYA1,2025-01-01,2026-09-11T15:14:39Z
SM-S721B,EGY,S721BXXS3AYA1,2025-01-01,2026-09-11T15:14:30Z
SM-S721B,ILO,S721BXXS3AYA1,2025-01-01,2026-09-11T15:14:24Z
SM-S721B,MID,S721BXXS3AYA1,2025-01-01,2026-09-11T15:14:27Z
SM-S721B,XSG,S721BXXS3AYA1,2025-01-01,2026-09-11T15:14:36Z
SM-S721B,EUX,S721BXXS3AYA4,2025-02-01,2026-09-11T15:14:46Z
SM-S721B,INS,S721BXXS3AYA4,2025-02-01,2026-09-11T15:14:43Z
SM-S721B,TUR,S721BXXS3AYA4,2025-02-01,2026-09-11T15:14:33Z
SM-S721B,XSA,S721BXXS3AYA4,2025-02-01,2026-09-11T15:14:56Z
SM-S721B,AFG,S721BXXS3AYB1,2025-02-01,2026-09-11T15:14:39Z
SM-S721B,EGY,S721BXXS3AYB1,2025-02-01,2026-09-11T15:14:30Z
SM-S721B,ILO,S721BXXS3AYB1,2025-02-01,2026-09-11T15:14:24Z
SM-S721B,MID,S721BXXS3AYB1,2025-02-01,2026-09-11T15:14:27Z
SM-S721B,XSG,S721BXXS3AYB1,2025-02-01,2026-09-11T15:14:36Z
SM-S721B,EUX,S721BXXS3AYB3,2025-03-01,2026-09-11T15:14:46Z
SM-S721B,INS,S721BXXS3AYB3,2025-03-01,2026-09-11T15:14:43Z
SM-S721B,TUR,S721BXXS3AYB3,2025-03-01,2026-09-11T15:14:33Z
SM-S721B,XSA,S721BXXS3AYB3,2025-03-01,2026-09-11T15:14:56Z
SM-S721B,AFG,S721BXXS3AYB5,2025-03-01,2026-09-11T15:14:39Z
SM-S721B,EGY,S721BXXS3AYB5,2025-03-01,2026-09-11T15:14:30Z
SM-S721B,ILO,S721BXXS3AYB5,2025-03-01,2026-09-11T15:14:24Z
SM-S721B,MID,S721BXXS3AYB5,2025-03-01,2026-09-11T15:14:27Z
SM-S721B,XSG,S721BXXS3AYB5,2025-03-01,2026-09-11T15:14:36Z
SM-S721B,AFG,S721BXXS4BYE1,2025-05-01,2026-09-11T15:14:39Z
SM-S721B,EGY,S721BXXS4BYE1,2025-05-01,2026-09-11T15:14:30Z
SM-S721B,EUX,S721BXXS4BYE1,2025-05-01,2026-09-11T15:14:46Z
SM-S721B,ILO,S721BXXS4BYE1,2025-05-01,2026-09-11T15:14:24Z
SM-S721B,INS,S721BXXS4BYE1,2025-05-01,2026-09-11T15:14:43Z
SM-S721B,MID,S721BXXS4BYE1,2025-05-01,2026-09-11T15:14:27Z
SM-S721B,TUR,S721BXXS4BYE1,2025-05-01,2026-09-11T15:14:33Z
SM-S721B,XSA,S721BXXS4BYE1,2025-05-01,2026-09-11T15:14:56Z
SM-S721B,XSG,S721BXXS4BYE1,2025-05-01,2026-09-11T15:14:36Z
SM-S721B,EUX,S721BXXS5BYF1,2025-06-01,2026-09-11T15:14:46Z
SM-S721B,TUR,S721BXXS5BYF1,2025-06-01,2026-09-11T15:14:33Z
SM-S721B,AFG,S721BXXS5BYF2,2025-06-01,2026-09-11T15:14:39Z
SM-S721B,EGY,S721BXXS5BYF2,2025-06-01,2026-09-11T15:14:30Z
SM-S721B,ILO,S721BXXS5BYF2,2025-06-01,2026-09-11T15:14:24Z
SM-S721B,INS,S721BXXS5BYF2,2025-06-01,2026-09-11T15:14:43Z
SM-S721B,MID,S721BXXS5BYF2,2025-06-01,2026-09-11T15:14:27Z
SM-S721B,XSA,S721BXXS5BYF2,2025-06-01,2026-09-11T15:14:56Z
SM-S721B,XSG,S721BXXS5BYF2,2025-06-01,2026-09-11T15:14:36Z
SM-S721B,EUX,S721BXXS6BYF5,2025-07-01,2026-09-11T15:14:46Z
SM-S721B,TUR,S721BXXS6BYF5,2025-07-01,2026-09-11T15:14:33Z
SM-S721B,AFG,S721BXXS6BYF6,2025-07-01,2026-09-11T15:14:39Z
SM-S721B,EGY,S721BXXS6BYF6,2025-07-01,2026-09-11T15:14:30Z
SM-S721B,ILO,S721BXXS6BYF6,2025-07-01,2026-09-11T15:14:24Z
SM-S721B,INS,S721BXXS6BYF6,2025-07-01,2026-09-11T15:14:43Z
SM-S721B,MID,S721BXXS6BYF6,2025-07-01,2026-09-11T15:14:27Z
SM-S721B,XSA,S721BXXS6BYF6,2025-07-01,2026-09-11T15:14:56Z
SM-S721B,XSG,S721BXXS6BYF6,2025-07-01,2026-09-11T15:14:36Z
SM-S721B,EUX,S721BXXS7BYH1,2025-08-01,2026-09-11T15:14:46Z
SM-S721B,TUR,S721BXXS7BYH1,2025-08-01,2026-09-11T15:14:33Z
SM-S721B,AFG,S721BXXS7BYH2,2025-08-01,2026-09-11T15:14:39Z
SM-S721B,EGY,S721BXXS7BYH2,2025-08-01,2026-09-11T15:14:30Z
SM-S721B,ILO,S721BXXS7BYH2,2025-08-01,2026-09-11T15:14:24Z
SM-S721B,INS,S721BXXS7BYH2,2025-08-01,2026-09-11T15:14:43Z
SM-S721B,MID,S721BXXS7BYH2,2025-08-01,2026-09-11T15:14:27Z
SM-S721B,XSA,S721BXXS7BYH2,2025-08-01,2026-09-11T15:14:56Z
SM-S721B,XSG,S721BXXS7BYH2,2025-08-01,2026-09-11T15:14:36Z
SM-S721B,AFG,S721BXXS7CYJ5,2025-10-01,2026-09-11T15:14:39Z
SM-S721B,EGY,S721BXXS7CYJ5,2025-10-01,2026-09-11T15:14:30Z
SM-S721B,EUX,S721BXXS7CYJ5,2025-10-01,2026-09-11T15:14:46Z
SM-S721B,ILO,S721BXXS7CYJ5,2025-10-01,2026-09-11T15:14:24Z
SM-S721B,INS,S721BXXS7CYJ5,2025-10-01,2026-09-11T15:14:43Z
SM-S721B,MID,S721BXXS7CYJ5,2025-10-01,2026-09-11T15:14:27Z
SM-S721B,TUR,S721BXXS7CYJ5,2025-10-01,2026-09-11T15:14:33Z
SM-S721B,XSA,S721BXXS7CYJ5,2025-10-01,2026-09-11T15:14:56Z
SM-S721B,XSG,S721BXXS7CYJ5,2025-10-01,2026-09-11T15:14:36Z
SM-S721B,AFG,S721BXXS8CYK2,2025-11-01,2026-09-11T15:14:39Z
SM-S721B,EGY,S721BXXS8CYK2,2025-11-01,2026-09-11T15:14:30Z
SM-S721B,EUX,S721BXXS8CYK2,2025-11-01,2026-09-11T15:14:46Z
SM-S721B,ILO,S721BXXS8CYK2,2025-11-01,2026-09-11T15:14:24Z
SM-S721B,INS,S721BXXS8CYK2,2025-11-01,2026-09-11T15:14:43Z
SM-S721B,MID,S721BXXS8CYK2,2025-11-01,2026-09-11T15:14:27Z
SM-S721B,TUR,S721BXXS8CYK2,2025-11-01,2026-09-11T15:14:33Z
SM-S721B,XSA,S721BXXS8CYK2,2025-11-01,2026-09-11T15:14:56Z
SM-S721B,XSG,S721BXXS8CYK2,2025-11-01,2026-09-11T15:14:36Z
SM-S721B,AFG,S721BXXS8CYL1,2025-12-01,2026-09-11T15:14:39Z
SM-S721B,EGY,S721BXXS8CYL1,2025-12-01,2026-09-11T15:14:30Z
SM-S721B,EUX,S721BXXS8CYL1,2025-12-01,2026-09-11T15:14:46Z
SM-S721B,ILO,S721BXXS8CYL1,2025-12-01,2026-09-11T15:14:24Z
SM-S721B,INS,S721BXXS8CYL1,2025-12-01,2026-09-11T15:14:43Z
SM-S721B,MID,S721BXXS8CYL1,2025-12-01,2026-09-11T15:14:27Z
SM-S721B,TUR,S721BXXS8CYL1,2025-12-01,2026-09-11T15:14:33Z
SM-S721B,XSA,S721BXXS8CYL1,2025-12-01,2026-09-11T15:14:56Z
SM-S721B,XSG,S721BXXS8CYL1,2025-12-01,2026-09-11T15:14:36Z
SM-S721B,AFG,S721BXXS9CZA2,2026-01-01,2026-09-11T15:14:39Z
SM-S721B,EGY,S721BXXS9CZA2,2026-01-01,2026-09-11T15:14:30Z
SM-S721B,EUX,S721BXXS9CZA2,2026-01-01,2026-09-11T15:14:46Z
SM-S721B,ILO,S721BXXS9CZA2,2026-01-01,2026-09-11T15:14:24Z
SM-S721B,INS,S721BXXS9CZA2,2026-01-01,2026-09-11T15:14:43Z
SM-S721B,MID,S721BXXS9CZA2,2026-01-01,2026-09-11T15:14:27Z
SM-S721B,TUR,S721BXXS9CZA2,2026-01-01,2026-09-11T15:14:33Z
SM-S721B,XSA,S721BXXS9CZA2,2026-01-01,2026-09-11T15:14:56Z
SM-S721B,XSG,S721BXXS9CZA2,2026-01-01,2026-09-11T15:14:36Z
SM-S721B,AFG,S721BXXSACZB2,2026-02-05,2026-09-11T15:14:39Z
SM-S721B,EGY,S721BXXSACZB2,2026-02-05,2026-09-11T15:14:30Z
SM-S721B,EUX,S721BXXSACZB2,2026-02-05,2026-09-11T15:14:46Z
SM-S721B,ILO,S721BXXSACZB2,2026-02-05,2026-09-11T15:14:24Z
SM-S721B,INS,S721BXXSACZB2,2026-02-05,2026-09-11T15:14:43Z
SM-S721B,MID,S721BXXSACZB2,2026-02-05,2026-09-11T15:14:27Z
SM-S721B,TUR,S721BXXSACZB2,2026-02-05,2026-09-11T15:14:33Z
SM-S721B,XSA,S721BXXSACZB2,2026-02-05,2026-09-11T15:14:56Z
SM-S721B,XSG,S721BXXSACZB2,2026-02-05,2026-09-11T15:14:36Z
SM-S721B,AFG,S721BXXSACZC1,2026-03-05,2026-09-11T15:14:39Z
SM-S721B,EGY,S721BXXSACZC1,2026-03-05,2026-09-11T15:14:30Z
SM-S721B,EUX,S721BXXSACZC1,2026-03-05,2026-09-11T15:14:46Z
SM-S721B,ILO,S721BXXSACZC1,2026-03-05,2026-09-11T15:14:24Z
SM-S721B,INS,S721BXXSACZC1,2026-03-05,2026-09-11T15:14:43Z
SM-S721B,MID,S721BXXSACZC1,2026-03-05,2026-09-11T15:14:27Z
SM-S721B,TUR,S721BXXSACZC1,2026-03-05,2026-09-11T15:14:33Z
SM-S721B,XSA,S721BXXSACZC1,2026-03-05,2026-09-11T15:14:56Z
SM-S721B,XSG,S721BXXSACZC1,2026-03-05,2026-09-11T15:14:36Z
SM-S721B,AFG,S721BXXSBCZC5,2026-04-05,2026-09-11T15:14:39Z
SM-S721B,EGY,S721BXXSBCZC5,2026-04-05,2026-09-11T15:14:30Z
SM-S721B,EUX,S721BXXSBCZC5,2026-04-05,2026-09-11T15:14:46Z
SM-S721B,ILO,S721BXXSBCZC5,2026-04-05,2026-09-11T15:14:24Z
SM-S721B,INS,S721BXXSBCZC5,2026-04-05,2026-09-11T15:14:43Z
SM-S721B,MID,S721BXXSBCZC5,2026-04-05,2026-09-11T15:14:27Z
SM-S721B,TUR,S721BXXSBCZC5,2026-04-05,2026-09-11T15:14:33Z
SM-S721B,XSA,S721BXXSBCZC5,2026-04-05,2026-09-11T15:14:56Z
SM-S721B,XSG,S721BXXSBCZC5,2026-04-05,2026-09-11T15:14:36Z
SM-S721B,AFG,S721BXXSBDZE1,2026-05-05,2026-09-11T15:14:39Z
SM-S721B,EGY,S721BXXSBDZE1,2026-05-05,2026-09-11T15:14:30Z
SM-S721B,EUX,S721BXXSBDZE1,2026-05-05,2026-09-11T15:14:46Z
SM-S721B,ILO,S721BXXSBDZE1,2026-05-05,2026-09-11T15:14:24Z
SM-S721B,INS,S721BXXSBDZE1,2026-05-05,2026-09-11T15:14:43Z
SM-S721B,MID,S721BXXSBDZE1,2026-05-05,2026-09-11T15:14:27Z
SM-S721B,TUR,S721BXXSBDZE1,2026-05-05,2026-09-11T15:14:33Z
SM-S721B,XSA,S721BXXSBDZE1,2026-05-05,2026-09-11T15:14:56Z
SM-S721B,XSG,S721BXXSBDZE1,2026-05-05,2026-09-11T15:14:36Z
SM-S721B,AFG,S721BXXSCDZF3,2026-06-05,2026-09-11T15:14:39Z
SM-S721B,EGY,S721BXXSCDZF3,2026-06-05,2026-09-11T15:14:30Z
SM-S721B,EUX,S721BXXSCDZF3,2026-06-05,2026-09-11T15:14:46Z
SM-S721B,ILO,S721BXXSCDZF3,2026-06-05,2026-09-11T15:14:24Z
SM-S721B,INS,S721BXXSCDZF3,2026-06-05,2026-09-11T15:14:43Z
SM-S721B,MID,S721BXXSCDZF3,2026-06-05,2026-09-11T15:14:27Z
SM-S721B,TUR,S721BXXSCDZF3,2026-06-05,2026-09-11T15:14:33Z
SM-S721B,XSA,S721BXXSCDZF3,2026-06-05,2026-09-11T15:14:56Z
SM-S721B,XSG,S721BXXSCDZF3,2026-06-05,2026-09-11T15:14:36Z
SM-S721B,AFG,S721BXXSDDZG1,2026-07-05,2026-09-11T15:14:39Z
SM-S721B,EGY,S721BXXSDDZG1,2026-07-05,2026-09-11T15:14:30Z
SM-S721B,EUX,S721BXXSDDZG1,2026-07-05,2026-09-11T15:14:46Z
SM-S721B,ILO,S721BXXSDDZG1,2026-07-05,2026-09-11T15:14:24Z
SM-S721B,INS,S721BXXSDDZG1,2026-07-05,2026-09-11T15:14:43Z
SM-S721B,MID,S721BXXSDDZG1,2026-07-05,2026-09-11T15:14:27Z
SM-S721B,TUR,S721BXXSDDZG1,2026-07-05,2026-09-11T15:14:33Z
SM-S721B,XSA,S721BXXSDDZG1,2026-07-05,2026-09-11T15:14:56Z
SM-S721B,XSG,S721BXXSDDZG1,2026-07-05,2026-09-11T15:14:36Z
SM-S721B,AFG,S721BXXSEDZH9,2026-08-05,2026-09-11T15:14:39Z
SM-S721B,EGY,S721BXXSEDZH9,2026-08-05,2026-09-11T15:14:30Z
SM-S721B,EUX,S721BXXSEDZH9,2026-08-05,2026-09-11T15:14:46Z
SM-S721B,ILO,S721BXXSEDZH9,2026-08-05,2026-09-11T15:14:24Z
SM-S721B,INS,S721BXXSEDZH9,2026-08-05,2026-09-11T15:14:43Z
SM-S721B,MID,S721BXXSEDZH9,2026-08-05,2026-09-11T15:14:27Z
SM-S721B,TUR,S721BXXSEDZH9,2026-08-05,2026-09-11T15:14:33Z
SM-S721B,XSA,S721BXXSEDZH9,2026-08-05,2026-09-11T15:14:56Z
SM-S721B,XSG,S721BXXSEDZH9,2026-08-05,2026-09-11T15:14:36Z
SM-S721B,EUX,S721BXXU3AXK4,2024-11-01,2026-09-11T15:14:46Z
SM-S721B,INS,S721BXXU3AXK4,2024-11-01,2026-09-11T15:14:43Z
SM-S721B,TUR,S721BXXU3AXK4,2024-11-01,2026-09-11T15:14:33Z
SM-S721B,XSA,S721BXXU3AXK4,2024-11-01,2026-09-11T15:14:56Z
SM-S721B,AFG,S721BXXU3AXK5,2024-11-01,2026-09-11T15:14:39Z
SM-S721B,EGY,S721BXXU3AXK5,2024-11-01,2026-09-11T15:14:30Z
SM-S721B,ILO,S721BXXU3AXK5,2024-11-01,2026-09-11T15:14:24Z
SM-S721B,MID,S721BXXU3AXK5,2024-11-01,2026-09-11T15:14:27Z
SM-S721B,XSG,S721BXXU3AXK5,2024-11-01,2026-09-11T15:14:36Z
SM-S721B,AFG,S721BXXU3BYD9,2025-04-01,2026-09-11T15:14:39Z
SM-S721B,EGY,S721BXXU3BYD9,2025-04-01,2026-09-11T15:14:30Z
SM-S721B,EUX,S721BXXU3BYD9,2025-04-01,2026-09-11T15:14:46Z
SM-S721B,ILO,S721BXXU3BYD9,2025-04-01,2026-09-11T15:14:24Z
SM-S721B,INS,S721BXXU3BYD9,2025-04-01,2026-09-11T15:14:43Z
SM-S721B,MID,S721BXXU3BYD9,2025-04-01,2026-09-11T15:14:27Z
SM-S721B,TUR,S721BXXU3BYD9,2025-04-01,2026-09-11T15:14:33Z
SM-S721B,XSA,S721BXXU3BYD9,2025-04-01,2026-09-11T15:14:56Z
SM-S721B,XSG,S721BXXU3BYD9,2025-04-01,2026-09-11T15:14:36Z
SM-S721B,EUX,S721BXXU4BYE7,2025-05-01,2026-09-11T15:14:46Z
SM-S721B,TUR,S721BXXU4BYE7,2025-05-01,2026-09-11T15:14:33Z
SM-S721B,AFG,S721BXXU7CYI5,2025-09-01,2026-09-11T15:14:39Z
SM-S721B,EGY,S721BXXU7CYI5,2025-09-01,2026-09-11T15:14:30Z
SM-S721B,EUX,S721BXXU7CYI5,2025-09-01,2026-09-11T15:14:46Z
SM-S721B,ILO,S721BXXU7CYI5,2025-09-01,2026-09-11T15:14:24Z
SM-S721B,INS,S721BXXU7CYI5,2025-09-01,2026-09-11T15:14:43Z
SM-S721B,MID,S721BXXU7CYI5,2025-09-01,2026-09-11T15:14:27Z
SM-S721B,TUR,S721BXXU7CYI5,2025-09-01,2026-09-11T15:14:33Z
SM-S721B,XSA,S721BXXU7CYI5,2025-09-01,2026-09-11T15:14:56Z
SM-S721B,XSG,S721BXXU7CYI5,2025-09-01,2026-09-11T15:14:36Z
SM-S721B,AFG,S721BXXUBDZDP,2026-04-05,2026-09-11T15:14:39Z
SM-S721B,EGY,S721BXXUBDZDP,2026-04-05,2026-09-11T15:14:30Z
SM-S721B,EUX,S721BXXUBDZDP,2026-04-05,2026-09-11T15:14:46Z
SM-S721B,ILO,S721BXXUBDZDP,2026-04-05,2026-09-11T15:14:24Z
SM-S721B,INS,S721BXXUBDZDP,2026-04-05,2026-09-11T15:14:43Z
SM-S721B,MID,S721BXXUBDZDP,2026-04-05,2026-09-11T15:14:27Z
SM-S721B,TUR,S721BXXUBDZDP,2026-04-05,2026-09-11T15:14:33Z
SM-S721B,XSA,S721BXXUBDZDP,2026-04-05,2026-09-11T15:14:56Z
SM-S721B,XSG,S721BXXUBDZDP,2026-04-05,2026-09-11T15:14:36Z
SM-S901B,EUX,S901BXXS2AVDB,2022-05-01,2026-09-11T15:15:27Z
SM-S901B,EUX,S901BXXS2AVHD,2022-09-01,2026-09-11T15:15:27Z
SM-S901B,EUX,S901BXXS2AVI7,2022-10-01,2026-09-11T15:15:27Z
SM-S901B,EUX,S901BXXS2BWA2,2023-01-01,2026-09-11T15:15:27Z
SM-S901B,EUX,S901BXXS4CWD3,2023-05-01,2026-09-11T15:15:27Z
SM-S901B,EUX,S901BXXS6CWF6,2023-07-01,2026-09-11T15:15:27Z
SM-S901B,EUX,S901BXXS6CWGA,2023-08-01,2026-09-11T15:15:27Z
SM-S901B,EUX,S901BXXS6CWH6,2023-09-01,2026-09-11T15:15:27Z
SM-S901B,EUX,S901BXXS6CWI1,2023-10-01,2026-09-11T15:15:27Z
SM-S901B,EUX,S901BXXS7DWL1,2023-12-01,2026-09-11T15:15:27Z
SM-S901B,EUX,S901BXXS7DWL3,2024-01-01,2026-09-11T15:15:27Z
SM-S901B,EUX,S901BXXS7DXAC,2024-02-01,2026-09-11T15:15:27Z
SM-S901B,EUX,S901BXXS7DXBD,2024-03-01,2026-09-11T15:15:27Z
SM-S901B,EUX,S901BXXS8DXD2,2024-04-01,2026-09-11T15:15:27Z
SM-S901B,EUX,S901BXXSAEXE3,2024-05-01,2026-09-11T15:15:27Z
SM-S901B,EUX,S901BXXSAEXEC,2024-06-01,2026-09-11T15:15:27Z
SM-S901B,EUX,S901BXXSBEXFF,2024-07-01,2026-09-11T15:15:27Z
SM-S901B,EUX,S901BXXSBEXG8,2024-08-01,2026-09-11T15:15:27Z
SM-S901B,EUX,S901BXXSCEXI4,2024-10-01,2026-09-11T15:15:27Z
SM-S901B,EUX,S901BXXSDEXKA,2024-12-01,2026-09-11T15:15:27Z
SM-S901B,EUX,S901BXXSDEXL1,2025-01-01,2026-09-11T15:15:27Z
SM-S901B,EUX,S901BXXSDEYA1,2025-02-01,2026-09-11T15:15:27Z
SM-S901B,EUX,S901BXXSDEYB1,2025-03-01,2026-09-11T15:15:27Z
SM-S901B,EUX,S901BXXSEFYE3,2025-05-01,2026-09-11T15:15:27Z
SM-S901B,EUX,S901BXXSFFYF1,2025-06-01,2026-09-11T15:15:27Z
SM-S901B,EUX,S901BXXSGFYG1,2025-07-01,2026-09-11T15:15:27Z
SM-S901B,EUX,S901BXXSHFYH1,2025-08-01,2026-09-11T15:15:27Z
SM-S901B,EUX,S901BXXSIFYI3,2025-09-01,2026-09-11T15:15:27Z
SM-S901B,EUX,S901BXXSKGYK5,2025-11-01,2026-09-11T15:15:27Z
SM-S901B,EUX,S901BXXSKGYL3,2025-12-01,2026-09-11T15:15:27Z
SM-S901B,EUX,S901BXXSLGZA1,2026-01-01,2026-09-11T15:15:27Z
SM-S901B,EUX,S901BXXSMGZB2,2026-02-05,2026-09-11T15:15:27Z
SM-S901B,EUX,S901BXXSNGZD7,2026-05-05,2026-09-11T15:15:27Z
SM-S901B,EUX,S901BXXSOGZH3,2026-08-05,2026-09-11T15:15:27Z
SM-S901B,EUX,S901BXXU1AVBF,2022-03-01,2026-09-11T15:15:27Z
SM-S901B,EUX,S901BXXU1AVC6,2022-03-01,2026-09-11T15:15:27Z
SM-S901B,EUX,S901BXXU1AVCJ,2022-04-01,2026-09-11T15:15:27Z
SM-S901B,EUX,S901BXXU1AVDA,2022-04-01,2026-09-11T15:15:27Z
SM-S901B,EUX,S901BXXU2AVEH,2022-06-01,2026-09-11T15:15:27Z
SM-S901B,EUX,S901BXXU2AVF1,2022-06-01,2026-09-11T15:15:27Z
SM-S901B,EUX,S901BXXU2AVF5,2022-07-01,2026-09-11T15:15:27Z
SM-S901B,EUX,S901BXXU2AVG6,2022-08-01,2026-09-11T15:15:27Z
SM-S901B,EUX,S901BXXU2AVH9,2022-08-01,2026-09-11T15:15:27Z
SM-S901B,EUX,S901BXXU2BVJA,2022-10-01,2026-09-11T15:15:27Z
SM-S901B,EUX,S901BXXU2BVKB,2022-11-01,2026-09-11T15:15:27Z
SM-S901B,EUX,S901BXXU2BVL1,2022-12-01,2026-09-11T15:15:27Z
SM-S901B,EUX,S901BXXU3CWAI,2023-02-01,2026-09-11T15:15:27Z
SM-S901B,EUX,S901BXXU3CWBE,2023-03-01,2026-09-11T15:15:27Z
SM-S901B,EUX,S901BXXU4CWCG,2023-04-01,2026-09-11T15:15:27Z
SM-S901B,EUX,S901BXXU5CWEA,2023-06-01,2026-09-11T15:15:27Z
SM-S901B,EUX,S901BXXU6CWH5,2023-08-01,2026-09-11T15:15:27Z
SM-S901B,EUX,S901BXXU6DWK4,2023-11-01,2026-09-11T15:15:27Z
SM-S901B,EUX,S901BXXU7DXA6,2024-01-01,2026-09-11T15:15:27Z
SM-S901B,EUX,S901BXXU8DXD6,2024-04-01,2026-09-11T15:15:27Z
SM-S901B,EUX,S901BXXU9EXE1,2024-04-01,2026-09-11T15:15:27Z
SM-S901B,EUX,S901BXXUAEXEA,2024-05-01,2026-09-11T15:15:27Z
SM-S901B,EUX,S901BXXUBEXH7,2024-09-01,2026-09-11T15:15:27Z
SM-S901B,EUX,S901BXXUDEXK5,2024-11-01,2026-09-11T15:15:27Z
SM-S901B,EUX,S901BXXUDFYD9,2025-04-01,2026-09-11T15:15:27Z
SM-S901B,EUX,S901BXXUIGYI7,2025-09-01,2026-09-11T15:15:27Z
SM-S901B,EUX,S901BXXUJGYJ3,2025-10-01,2026-09-11T15:15:27Z
SM-S906B,EUX,S906BXXS2AVDB,2022-05-01,2026-09-11T15:16:07Z
SM-S906B,EUX,S906BXXS2AVHD,2022-09-01,2026-09-11T15:16:07Z
SM-S906B,EUX,S906BXXS2AVI7,2022-10-01,2026-09-11T15:16:07Z
SM-S906B,EUX,S906BXXS2BWA2,2023-01-01,2026-09-11T15:16:07Z
SM-S906B,EUX,S906BXXS4CWD3,2023-05-01,2026-09-11T15:16:07Z
SM-S906B,EUX,S906BXXS6CWF6,2023-07-01,2026-09-11T15:16:07Z
SM-S906B,EUX,S906BXXS6CWGA,2023-08-01,2026-09-11T15:16:07Z
SM-S906B,EUX,S906BXXS6CWH6,2023-09-01,2026-09-11T15:16:07Z
SM-S906B,EUX,S906BXXS6CWI1,2023-10-01,2026-09-11T15:16:07Z
SM-S906B,EUX,S906BXXS7DWL1,2023-12-01,2026-09-11T15:16:07Z
SM-S906B,EUX,S906BXXS7DWL3,2024-01-01,2026-09-11T15:16:07Z
SM-S906B,EUX,S906BXXS7DXAC,2024-02-01,2026-09-11T15:16:07Z
SM-S906B,EUX,S906BXXS7DXBD,2024-03-01,2026-09-11T15:16:07Z
SM-S906B,EUX,S906BXXS8DXD2,2024-04-01,2026-09-11T15:16:07Z
SM-S906B,EUX,S906BXXSAEXE3,2024-05-01,2026-09-11T15:16:07Z
SM-S906B,EUX,S906BXXSAEXEC,2024-06-01,2026-09-11T15:16:07Z
SM-S906B,EUX,S906BXXSBEXFF,2024-07-01,2026-09-11T15:16:07Z
SM-S906B,EUX,S906BXXSBEXG8,2024-08-01,2026-09-11T15:16:07Z
SM-S906B,EUX,S906BXXSCEXI4,2024-10-01,2026-09-11T15:16:07Z
SM-S906B,EUX,S906BXXSDEXKA,2024-12-01,2026-09-11T15:16:07Z
SM-S906B,EUX,S906BXXSDEXL1,2025-01-01,2026-09-11T15:16:07Z
SM-S906B,EUX,S906BXXSDEYA1,2025-02-01,2026-09-11T15:16:07Z
SM-S906B,EUX,S906BXXSDEYB1,2025-03-01,2026-09-11T15:16:07Z
SM-S906B,EUX,S906BXXSEFYE3,2025-05-01,2026-09-11T15:16:07Z
SM-S906B,EUX,S906BXXSFFYF1,2025-06-01,2026-09-11T15:16:07Z
SM-S906B,EUX,S906BXXSGFYG1,2025-07-01,2026-09-11T15:16:07Z
SM-S906B,EUX,S906BXXSHFYH1,2025-08-01,2026-09-11T15:16:07Z
SM-S906B,EUX,S906BXXSIFYI3,2025-09-01,2026-09-11T15:16:07Z
SM-S906B,EUX,S906BXXSKGYK5,2025-11-01,2026-09-11T15:16:07Z
SM-S906B,EUX,S906BXXSKGYL3,2025-12-01,2026-09-11T15:16:07Z
SM-S906B,EUX,S906BXXSLGZA1,2026-01-01,2026-09-11T15:16:07Z
SM-S906B,EUX,S906BXXSMGZB2,2026-02-05,2026-09-11T15:16:07Z
SM-S906B,EUX,S906BXXSNGZD7,2026-05-05,2026-09-11T15:16:07Z
SM-S906B,EUX,S906BXXSOGZH3,2026-08-05,2026-09-11T15:16:07Z
SM-S906B,EUX,S906BXXU1AVBF,2022-03-01,2026-09-11T15:16:07Z
SM-S906B,EUX,S906BXXU1AVC6,2022-03-01,2026-09-11T15:16:07Z
SM-S906B,EUX,S906BXXU1AVCJ,2022-04-01,2026-09-11T15:16:07Z
SM-S906B,EUX,S906BXXU1AVDA,2022-04-01,2026-09-11T15:16:07Z
SM-S906B,EUX,S906BXXU2AVEH,2022-06-01,2026-09-11T15:16:07Z
SM-S906B,EUX,S906BXXU2AVF1,2022-06-01,2026-09-11T15:16:07Z
SM-S906B,EUX,S906BXXU2AVF5,2022-07-01,2026-09-11T15:16:07Z
SM-S906B,EUX,S906BXXU2AVG6,2022-08-01,2026-09-11T15:16:07Z
SM-S906B,EUX,S906BXXU2AVH9,2022-08-01,2026-09-11T15:16:07Z
SM-S906B,EUX,S906BXXU2BVJA,2022-10-01,2026-09-11T15:16:07Z
SM-S906B,EUX,S906BXXU2BVKB,2022-11-01,2026-09-11T15:16:07Z
SM-S906B,EUX,S906BXXU2BVL1,2022-12-01,2026-09-11T15:16:07Z
SM-S906B,EUX,S906BXXU3CWAI,2023-02-01,2026-09-11T15:16:07Z
SM-S906B,EUX,S906BXXU3CWBE,2023-03-01,2026-09-11T15:16:07Z
SM-S906B,EUX,S906BXXU4CWCG,2023-04-01,2026-09-11T15:16:07Z
SM-S906B,EUX,S906BXXU5CWEA,2023-06-01,2026-09-11T15:16:07Z
SM-S906B,EUX,S906BXXU6CWH5,2023-08-01,2026-09-11T15:16:07Z
SM-S906B,EUX,S906BXXU6DWK4,2023-11-01,2026-09-11T15:16:07Z
SM-S906B,EUX,S906BXXU7DXA6,2024-01-01,2026-09-11T15:16:07Z
SM-S906B,EUX,S906BXXU8DXD6,2024-04-01,2026-09-11T15:16:07Z
SM-S906B,EUX,S906BXXU9EXE1,2024-04-01,2026-09-11T15:16:07Z
SM-S906B,EUX,S906BXXUAEXEA,2024-05-01,2026-09-11T15:16:07Z
SM-S906B,EUX,S906BXXUBEXH7,2024-09-01,2026-09-11T15:16:07Z
SM-S906B,EUX,S906BXXUDEXK5,2024-11-01,2026-09-11T15:16:07Z
SM-S906B,EUX,S906BXXUDFYD9,2025-04-01,2026-09-11T15:16:07Z
SM-S906B,EUX,S906BXXUIGYI7,2025-09-01,2026-09-11T15:16:07Z
SM-S906B,EUX,S906BXXUJGYJ3,2025-10-01,2026-09-11T15:16:07Z
SM-S908B,EUX,S908BXXS2AVDB,2022-05-01,2026-09-11T15:16:48Z
SM-S908B,EUX,S908BXXS2AVI7,2022-10-01,2026-09-11T15:16:48Z
SM-S908B,EUX,S908BXXS2BWA2,2023-01-01,2026-09-11T15:16:48Z
SM-S908B,EUX,S908BXXS4CWD3,2023-05-01,2026-09-11T15:16:48Z
SM-S908B,EUX,S908BXXS6CWF6,2023-07-01,2026-09-11T15:16:48Z
SM-S908B,EUX,S908BXXS6CWGA,2023-08-01,2026-09-11T15:16:48Z
SM-S908B,EUX,S908BXXS6CWH6,2023-09-01,2026-09-11T15:16:48Z
SM-S908B,EUX,S908BXXS6CWI1,2023-10-01,2026-09-11T15:16:48Z
SM-S908B,EUX,S908BXXS7DWL1,2023-12-01,2026-09-11T15:16:48Z
SM-S908B,EUX,S908BXXS7DWL3,2024-01-01,2026-09-11T15:16:48Z
SM-S908B,EUX,S908BXXS7DXAC,2024-02-01,2026-09-11T15:16:48Z
SM-S908B,EUX,S908BXXS7DXBD,2024-03-01,2026-09-11T15:16:48Z
SM-S908B,EUX,S908BXXS8DXD2,2024-04-01,2026-09-11T15:16:48Z
SM-S908B,EUX,S908BXXSAEXE3,2024-05-01,2026-09-11T15:16:48Z
SM-S908B,EUX,S908BXXSAEXEC,2024-06-01,2026-09-11T15:16:48Z
SM-S908B,EUX,S908BXXSBEXFF,2024-07-01,2026-09-11T15:16:48Z
SM-S908B,EUX,S908BXXSBEXG8,2024-08-01,2026-09-11T15:16:48Z
SM-S908B,EUX,S908BXXSCEXI4,2024-10-01,2026-09-11T15:16:48Z
SM-S908B,EUX,S908BXXSDEXKA,2024-12-01,2026-09-11T15:16:48Z
SM-S908B,EUX,S908BXXSDEXL1,2025-01-01,2026-09-11T15:16:48Z
SM-S908B,EUX,S908BXXSDEYA1,2025-02-01,2026-09-11T15:16:48Z
SM-S908B,EUX,S908BXXSDEYB1,2025-03-01,2026-09-11T15:16:48Z
SM-S908B,EUX,S908BXXSEFYE3,2025-05-01,2026-09-11T15:16:48Z
SM-S908B,EUX,S908BXXSFFYF1,2025-06-01,2026-09-11T15:16:48Z
SM-S908B,EUX,S908BXXSGFYG1,2025-07-01,2026-09-11T15:16:48Z
SM-S908B,EUX,S908BXXSHFYH1,2025-08-01,2026-09-11T15:16:48Z
SM-S908B,EUX,S908BXXSIFYI3,2025-09-01,2026-09-11T15:16:48Z
SM-S908B,EUX,S908BXXSKGYK5,2025-11-01,2026-09-11T15:16:48Z
SM-S908B,EUX,S908BXXSKGYL3,2025-12-01,2026-09-11T15:16:48Z
SM-S908B,EUX,S908BXXSLGZA1,2026-01-01,2026-09-11T15:16:48Z
SM-S908B,EUX,S908BXXSMGZB2,2026-02-05,2026-09-11T15:16:48Z
SM-S908B,EUX,S908BXXSNGZD7,2026-05-05,2026-09-11T15:16:48Z
SM-S908B,EUX,S908BXXSOGZH3,2026-08-05,2026-09-11T15:16:48Z
SM-S908B,EUX,S908BXXU1AVBF,2022-03-01,2026-09-11T15:16:48Z
SM-S908B,EUX,S908BXXU1AVC6,2022-03-01,2026-09-11T15:16:48Z
SM-S908B,EUX,S908BXXU1AVCJ,2022-04-01,2026-09-11T15:16:48Z
SM-S908B,EUX,S908BXXU1AVDA,2022-04-01,2026-09-11T15:16:48Z
SM-S908B,EUX,S908BXXU2AVEH,2022-06-01,2026-09-11T15:16:48Z
SM-S908B,EUX,S908BXXU2AVF1,2022-06-01,2026-09-11T15:16:48Z
SM-S908B,EUX,S908BXXU2AVF5,2022-07-01,2026-09-11T15:16:48Z
SM-S908B,EUX,S908BXXU2AVG6,2022-08-01,2026-09-11T15:16:48Z
SM-S908B,EUX,S908BXXU2AVH9,2022-08-01,2026-09-11T15:16:48Z
SM-S908B,EUX,S908BXXU2AVI3,2022-09-01,2026-09-11T15:16:48Z
SM-S908B,EUX,S908BXXU2BVJA,2022-10-01,2026-09-11T15:16:48Z
SM-S908B,EUX,S908BXXU2BVKB,2022-11-01,2026-09-11T15:16:48Z
SM-S908B,EUX,S908BXXU2BVL1,2022-12-01,2026-09-11T15:16:48Z
SM-S908B,EUX,S908BXXU3CWAI,2023-02-01,2026-09-11T15:16:48Z
SM-S908B,EUX,S908BXXU3CWBE,2023-03-01,2026-09-11T15:16:48Z
SM-S908B,EUX,S908BXXU4CWCG,2023-04-01,2026-09-11T15:16:48Z
SM-S908B,EUX,S908BXXU5CWEA,2023-06-01,2026-09-11T15:16:48Z
SM-S908B,EUX,S908BXXU6CWH5,2023-08-01,2026-09-11T15:16:48Z
SM-S908B,EUX,S908BXXU6DWK4,2023-11-01,2026-09-11T15:16:48Z
SM-S908B,EUX,S908BXXU7DXA6,2024-01-01,2026-09-11T15:16:48Z
SM-S908B,EUX,S908BXXU8DXD6,2024-04-01,2026-09-11T15:16:48Z
SM-S908B,EUX,S908BXXU9EXE1,2024-04-01,2026-09-11T15:16:48Z
SM-S908B,EUX,S908BXXUAEXEA,2024-05-01,2026-09-11T15:16:48Z
SM-S908B,EUX,S908BXXUBEXH7,2024-09-01,2026-09-11T15:16:48Z
SM-S908B,EUX,S908BXXUDEXK5,2024-11-01,2026-09-11T15:16:48Z
SM-S908B,EUX,S908BXXUDFYD9,2025-04-01,2026-09-11T15:16:48Z
SM-S908B,EUX,S908BXXUIGYI7,2025-09-01,2026-09-11T15:16:48Z
SM-S908B,EUX,S908BXXUJGYJ3,2025-10-01,2026-09-11T15:16:48Z
SM-S911B,AFG,S911BXXS1AWBM,2023-03-01,2026-09-11T15:17:20Z
SM-S911B,EGY,S911BXXS1AWBM,2023-03-01,2026-09-11T15:17:11Z
SM-S911B,EUX,S911BXXS1AWBM,2023-03-01,2026-09-11T15:17:25Z
SM-S911B,ILO,S911BXXS1AWBM,2023-03-01,2026-09-11T15:17:05Z
SM-S911B,INS,S911BXXS1AWBM,2023-03-01,2026-09-11T15:17:23Z
SM-S911B,MID,S911BXXS1AWBM,2023-03-01,2026-09-11T15:17:08Z
SM-S911B,TUR,S911BXXS1AWBM,2023-03-01,2026-09-11T15:17:14Z
SM-S911B,XSA,S911BXXS1AWBM,2023-03-01,2026-09-11T15:17:36Z
SM-S911B,XSG,S911BXXS1AWBM,2023-03-01,2026-09-11T15:17:17Z
SM-S911B,AFG,S911BXXS1AWD1,2023-05-01,2026-09-11T15:17:20Z
SM-S911B,EGY,S911BXXS1AWD1,2023-05-01,2026-09-11T15:17:11Z
SM-S911B,EUX,S911BXXS1AWD1,2023-05-01,2026-09-11T15:17:25Z
SM-S911B,ILO,S911BXXS1AWD1,2023-05-01,2026-09-11T15:17:05Z
SM-S911B,INS,S911BXXS1AWD1,2023-05-01,2026-09-11T15:17:23Z
SM-S911B,MID,S911BXXS1AWD1,2023-05-01,2026-09-11T15:17:08Z
SM-S911B,TUR,S911BXXS1AWD1,2023-05-01,2026-09-11T15:17:14Z
SM-S911B,XSA,S911BXXS1AWD1,2023-05-01,2026-09-11T15:17:36Z
SM-S911B,XSG,S911BXXS1AWD1,2023-05-01,2026-09-11T15:17:17Z
SM-S911B,AFG,S911BXXS3AWF7,2023-07-01,2026-09-11T15:17:20Z
SM-S911B,EGY,S911BXXS3AWF7,2023-07-01,2026-09-11T15:17:11Z
SM-S911B,EUX,S911BXXS3AWF7,2023-07-01,2026-09-11T15:17:25Z
SM-S911B,ILO,S911BXXS3AWF7,2023-07-01,2026-09-11T15:17:05Z
SM-S911B,MID,S911BXXS3AWF7,2023-07-01,2026-09-11T15:17:08Z
SM-S911B,TUR,S911BXXS3AWF7,2023-07-01,2026-09-11T15:17:14Z
SM-S911B,XSA,S911BXXS3AWF7,2023-07-01,2026-09-11T15:17:36Z
SM-S911B,XSG,S911BXXS3AWF7,2023-07-01,2026-09-11T15:17:17Z
SM-S911B,INS,S911BXXS3AWF9,2023-07-01,2026-09-11T15:17:23Z
SM-S911B,AFG,S911BXXS3AWHR,2023-09-01,2026-09-11T15:17:20Z
SM-S911B,EGY,S911BXXS3AWHR,2023-09-01,2026-09-11T15:17:11Z
SM-S911B,EUX,S911BXXS3AWHR,2023-09-01,2026-09-11T15:17:25Z
SM-S911B,ILO,S911BXXS3AWHR,2023-09-01,2026-09-11T15:17:05Z
SM-S911B,MID,S911BXXS3AWHR,2023-09-01,2026-09-11T15:17:08Z
SM-S911B,TUR,S911BXXS3AWHR,2023-09-01,2026-09-11T15:17:14Z
SM-S911B,XSA,S911BXXS3AWHR,2023-09-01,2026-09-11T15:17:36Z
SM-S911B,XSG,S911BXXS3AWHR,2023-09-01,2026-09-11T15:17:17Z
SM-S911B,INS,S911BXXS3AWI1,2023-09-01,2026-09-11T15:17:23Z
SM-S911B,AFG,S911BXXS3AWIF,2023-10-01,2026-09-11T15:17:20Z
SM-S911B,EGY,S911BXXS3AWIF,2023-10-01,2026-09-11T15:17:11Z
SM-S911B,EUX,S911BXXS3AWIF,2023-10-01,2026-09-11T15:17:25Z
SM-S911B,ILO,S911BXXS3AWIF,2023-10-01,2026-09-11T15:17:05Z
SM-S911B,MID,S911BXXS3AWIF,2023-10-01,2026-09-11T15:17:08Z
SM-S911B,TUR,S911BXXS3AWIF,2023-10-01,2026-09-11T15:17:14Z
SM-S911B,XSA,S911BXXS3AWIF,2023-10-01,2026-09-11T15:17:36Z
SM-S911B,XSG,S911BXXS3AWIF,2023-10-01,2026-09-11T15:17:17Z
SM-S911B,INS,S911BXXS3AWIG,2023-10-01,2026-09-11T15:17:23Z
SM-S911B,AFG,S911BXXS3BWK5,2023-11-01,2026-09-11T15:17:20Z
SM-S911B,EGY,S911BXXS3BWK5,2023-11-01,2026-09-11T15:17:11Z
SM-S911B,EUX,S911BXXS3BWK5,2023-11-01,2026-09-11T15:17:25Z
SM-S911B,ILO,S911BXXS3BWK5,2023-11-01,2026-09-11T15:17:05Z
SM-S911B,INS,S911BXXS3BWK5,2023-11-01,2026-09-11T15:17:23Z
SM-S911B,MID,S911BXXS3BWK5,2023-11-01,2026-09-11T15:17:08Z
SM-S911B,TUR,S911BXXS3BWK5,2023-11-01,2026-09-11T15:17:14Z
SM-S911B,XSA,S911BXXS3BWK5,2023-11-01,2026-09-11T15:17:36Z
SM-S911B,XSG,S911BXXS3BWK5,2023-11-01,2026-09-11T15:17:17Z
SM-S911B,AFG,S911BXXS3BWKC,2023-12-01,2026-09-11T15:17:20Z
SM-S911B,EGY,S911BXXS3BWKC,2023-12-01,2026-09-11T15:17:11Z
SM-S911B,EUX,S911BXXS3BWKC,2023-12-01,2026-09-11T15:17:25Z
SM-S911B,ILO,S911BXXS3BWKC,2023-12-01,2026-09-11T15:17:05Z
SM-S911B,INS,S911BXXS3BWKC,2023-12-01,2026-09-11T15:17:23Z
SM-S911B,MID,S911BXXS3BWKC,2023-12-01,2026-09-11T15:17:08Z
SM-S911B,TUR,S911BXXS3BWKC,2023-12-01,2026-09-11T15:17:14Z
SM-S911B,XSA,S911BXXS3BWKC,2023-12-01,2026-09-11T15:17:36Z
SM-S911B,XSG,S911BXXS3BWKC,2023-12-01,2026-09-11T15:17:17Z
SM-S911B,AFG,S911BXXS3BWL3,2024-01-01,2026-09-11T15:17:20Z
SM-S911B,EGY,S911BXXS3BWL3,2024-01-01,2026-09-11T15:17:11Z
SM-S911B,EUX,S911BXXS3BWL3,2024-01-01,2026-09-11T15:17:25Z
SM-S911B,ILO,S911BXXS3BWL3,2024-01-01,2026-09-11T15:17:05Z
SM-S911B,INS,S911BXXS3BWL3,2024-01-01,2026-09-11T15:17:23Z
SM-S911B,MID,S911BXXS3BWL3,2024-01-01,2026-09-11T15:17:08Z
SM-S911B,TUR,S911BXXS3BWL3,2024-01-01,2026-09-11T15:17:14Z
SM-S911B,XSA,S911BXXS3BWL3,2024-01-01,2026-09-11T15:17:36Z
SM-S911B,XSG,S911BXXS3BWL3,2024-01-01,2026-09-11T15:17:17Z
SM-S911B,AFG,S911BXXS3BXAD,2024-02-01,2026-09-11T15:17:20Z
SM-S911B,EGY,S911BXXS3BXAD,2024-02-01,2026-09-11T15:17:11Z
SM-S911B,EUX,S911BXXS3BXAD,2024-02-01,2026-09-11T15:17:25Z
SM-S911B,ILO,S911BXXS3BXAD,2024-02-01,2026-09-11T15:17:05Z
SM-S911B,INS,S911BXXS3BXAD,2024-02-01,2026-09-11T15:17:23Z
SM-S911B,MID,S911BXXS3BXAD,2024-02-01,2026-09-11T15:17:08Z
SM-S911B,TUR,S911BXXS3BXAD,2024-02-01,2026-09-11T15:17:14Z
SM-S911B,XSA,S911BXXS3BXAD,2024-02-01,2026-09-11T15:17:36Z
SM-S911B,XSG,S911BXXS3BXAD,2024-02-01,2026-09-11T15:17:17Z
SM-S911B,AFG,S911BXXS3BXBD,2024-03-01,2026-09-11T15:17:20Z
SM-S911B,EGY,S911BXXS3BXBD,2024-03-01,2026-09-11T15:17:11Z
SM-S911B,EUX,S911BXXS3BXBD,2024-03-01,2026-09-11T15:17:25Z
SM-S911B,ILO,S911BXXS3BXBD,2024-03-01,2026-09-11T15:17:05Z
SM-S911B,INS,S911BXXS3BXBD,2024-03-01,2026-09-11T15:17:23Z
SM-S911B,MID,S911BXXS3BXBD,2024-03-01,2026-09-11T15:17:08Z
SM-S911B,TUR,S911BXXS3BXBD,2024-03-01,2026-09-11T15:17:14Z
SM-S911B,XSA,S911BXXS3BXBD,2024-03-01,2026-09-11T15:17:36Z
SM-S911B,XSG,S911BXXS3BXBD,2024-03-01,2026-09-11T15:17:17Z
SM-S911B,AFG,S911BXXS3CXD2,2024-04-01,2026-09-11T15:17:20Z
SM-S911B,EGY,S911BXXS3CXD2,2024-04-01,2026-09-11T15:17:11Z
SM-S911B,EUX,S911BXXS3CXD2,2024-04-01,2026-09-11T15:17:25Z
SM-S911B,ILO,S911BXXS3CXD2,2024-04-01,2026-09-11T15:17:05Z
SM-S911B,INS,S911BXXS3CXD2,2024-04-01,2026-09-11T15:17:23Z
SM-S911B,MID,S911BXXS3CXD2,2024-04-01,2026-09-11T15:17:08Z
SM-S911B,TUR,S911BXXS3CXD2,2024-04-01,2026-09-11T15:17:14Z
SM-S911B,XSA,S911BXXS3CXD2,2024-04-01,2026-09-11T15:17:36Z
SM-S911B,XSG,S911BXXS3CXD2,2024-04-01,2026-09-11T15:17:17Z
SM-S911B,XSG,S911BXXS4CXD8,2024-04-01,2026-09-11T15:17:17Z
SM-S911B,AFG,S911BXXS5CXDE,2024-05-01,2026-09-11T15:17:20Z
SM-S911B,EGY,S911BXXS5CXDE,2024-05-01,2026-09-11T15:17:11Z
SM-S911B,ILO,S911BXXS5CXDE,2024-05-01,2026-09-11T15:17:05Z
SM-S911B,INS,S911BXXS5CXDE,2024-05-01,2026-09-11T15:17:23Z
SM-S911B,MID,S911BXXS5CXDE,2024-05-01,2026-09-11T15:17:08Z
SM-S911B,TUR,S911BXXS5CXDE,2024-05-01,2026-09-11T15:17:14Z
SM-S911B,XSA,S911BXXS5CXDE,2024-05-01,2026-09-11T15:17:36Z
SM-S911B,XSG,S911BXXS5CXDE,2024-05-01,2026-09-11T15:17:17Z
SM-S911B,EUX,S911BXXS5CXDF,2024-05-01,2026-09-11T15:17:25Z
SM-S911B,AFG,S911BXXS5CXE7,2024-06-01,2026-09-11T15:17:20Z
SM-S911B,EGY,S911BXXS5CXE7,2024-06-01,2026-09-11T15:17:11Z
SM-S911B,ILO,S911BXXS5CXE7,2024-06-01,2026-09-11T15:17:05Z
SM-S911B,INS,S911BXXS5CXE7,2024-06-01,2026-09-11T15:17:23Z
SM-S911B,MID,S911BXXS5CXE7,2024-06-01,2026-09-11T15:17:08Z
SM-S911B,TUR,S911BXXS5CXE7,2024-06-01,2026-09-11T15:17:14Z
SM-S911B,XSA,S911BXXS5CXE7,2024-06-01,2026-09-11T15:17:36Z
SM-S911B,XSG,S911BXXS5CXE7,2024-06-01,2026-09-11T15:17:17Z
SM-S911B,EUX,S911BXXS5CXE9,2024-06-01,2026-09-11T15:17:25Z
SM-S911B,AFG,S911BXXS6CXFC,2024-07-01,2026-09-11T15:17:20Z
SM-S911B,EGY,S911BXXS6CXFC,2024-07-01,2026-09-11T15:17:11Z
SM-S911B,ILO,S911BXXS6CXFC,2024-07-01,2026-09-11T15:17:05Z
SM-S911B,INS,S911BXXS6CXFC,2024-07-01,2026-09-11T15:17:23Z
SM-S911B,MID,S911BXXS6CXFC,2024-07-01,2026-09-11T15:17:08Z
SM-S911B,TUR,S911BXXS6CXFC,2024-07-01,2026-09-11T15:17:14Z
SM-S911B,XSA,S911BXXS6CXFC,2024-07-01,2026-09-11T15:17:36Z
SM-S911B,XSG,S911BXXS6CXFC,2024-07-01,2026-09-11T15:17:17Z
SM-S911B,EUX,S911BXXS6CXFE,2024-07-01,2026-09-11T15:17:25Z
SM-S911B,AFG,S911BXXS6CXG8,2024-08-01,2026-09-11T15:17:20Z
SM-S911B,EGY,S911BXXS6CXG8,2024-08-01,2026-09-11T15:17:11Z
SM-S911B,ILO,S911BXXS6CXG8,2024-08-01,2026-09-11T15:17:05Z
SM-S911B,INS,S911BXXS6CXG8,2024-08-01,2026-09-11T15:17:23Z
SM-S911B,MID,S911BXXS6CXG8,2024-08-01,2026-09-11T15:17:08Z
SM-S911B,TUR,S911BXXS6CXG8,2024-08-01,2026-09-11T15:17:14Z
SM-S911B,XSA,S911BXXS6CXG8,2024-08-01,2026-09-11T15:17:36Z
SM-S911B,XSG,S911BXXS6CXG8,2024-08-01,2026-09-11T15:17:17Z
SM-S911B,EUX,S911BXXS6CXGA,2024-08-01,2026-09-11T15:17:25Z
SM-S911B,AFG,S911BXXS6CXHA,2024-09-01,2026-09-11T15:17:20Z
SM-S911B,EGY,S911BXXS6CXHA,2024-09-01,2026-09-11T15:17:11Z
SM-S911B,EUX,S911BXXS6CXHA,2024-09-01,2026-09-11T15:17:25Z
SM-S911B,ILO,S911BXXS6CXHA,2024-09-01,2026-09-11T15:17:05Z
SM-S911B,INS,S911BXXS6CXHA,2024-09-01,2026-09-11T15:17:23Z
SM-S911B,MID,S911BXXS6CXHA,2024-09-01,2026-09-11T15:17:08Z
SM-S911B,TUR,S911BXXS6CXHA,2024-09-01,2026-09-11T15:17:14Z
SM-S911B,XSA,S911BXXS6CXHA,2024-09-01,2026-09-11T15:17:36Z
SM-S911B,XSG,S911BXXS6CXHA,2024-09-01,2026-09-11T15:17:17Z
SM-S911B,AFG,S911BXXS6CXI4,2024-10-01,2026-09-11T15:17:20Z
SM-S911B,EGY,S911BXXS6CXI4,2024-10-01,2026-09-11T15:17:11Z
SM-S911B,EUX,S911BXXS6CXI4,2024-10-01,2026-09-11T15:17:25Z
SM-S911B,ILO,S911BXXS6CXI4,2024-10-01,2026-09-11T15:17:05Z
SM-S911B,INS,S911BXXS6CXI4,2024-10-01,2026-09-11T15:17:23Z
SM-S911B,MID,S911BXXS6CXI4,2024-10-01,2026-09-11T15:17:08Z
SM-S911B,TUR,S911BXXS6CXI4,2024-10-01,2026-09-11T15:17:14Z
SM-S911B,XSA,S911BXXS6CXI4,2024-10-01,2026-09-11T15:17:36Z
SM-S911B,XSG,S911BXXS6CXI4,2024-10-01,2026-09-11T15:17:17Z
SM-S911B,AFG,S911BXXS7CXK6,2024-12-01,2026-09-11T15:17:20Z
SM-S911B,EGY,S911BXXS7CXK6,2024-12-01,2026-09-11T15:17:11Z
SM-S911B,EUX,S911BXXS7CXK6,2024-12-01,2026-09-11T15:17:25Z
SM-S911B,ILO,S911BXXS7CXK6,2024-12-01,2026-09-11T15:17:05Z
SM-S911B,INS,S911BXXS7CXK6,2024-12-01,2026-09-11T15:17:23Z
SM-S911B,MID,S911BXXS7CXK6,2024-12-01,2026-09-11T15:17:08Z
SM-S911B,TUR,S911BXXS7CXK6,2024-12-01,2026-09-11T15:17:14Z
SM-S911B,XSA,S911BXXS7CXK6,2024-12-01,2026-09-11T15:17:36Z
SM-S911B,XSG,S911BXXS7CXK6,2024-12-01,2026-09-11T15:17:17Z
SM-S911B,AFG,S911BXXS7CXL2,2025-01-01,2026-09-11T15:17:20Z
SM-S911B,EGY,S911BXXS7CXL2,2025-01-01,2026-09-11T15:17:11Z
SM-S911B,EUX,S911BXXS7CXL2,2025-01-01,2026-09-11T15:17:25Z
SM-S911B,ILO,S911BXXS7CXL2,2025-01-01,2026-09-11T15:17:05Z
SM-S911B,INS,S911BXXS7CXL2,2025-01-01,2026-09-11T15:17:23Z
SM-S911B,MID,S911BXXS7CXL2,2025-01-01,2026-09-11T15:17:08Z
SM-S911B,TUR,S911BXXS7CXL2,2025-01-01,2026-09-11T15:17:14Z
SM-S911B,XSA,S911BXXS7CXL2,2025-01-01,2026-09-11T15:17:36Z
SM-S911B,XSG,S911BXXS7CXL2,2025-01-01,2026-09-11T15:17:17Z
SM-S911B,AFG,S911BXXS8CYBD,2025-03-01,2026-09-11T15:17:20Z
SM-S911B,EGY,S911BXXS8CYBD,2025-03-01,2026-09-11T15:17:11Z
SM-S911B,EUX,S911BXXS8CYBD,2025-03-01,2026-09-11T15:17:25Z
SM-S911B,ILO,S911BXXS8CYBD,2025-03-01,2026-09-11T15:17:05Z
SM-S911B,INS,S911BXXS8CYBD,2025-03-01,2026-09-11T15:17:23Z
SM-S911B,MID,S911BXXS8CYBD,2025-03-01,2026-09-11T15:17:08Z
SM-S911B,TUR,S911BXXS8CYBD,2025-03-01,2026-09-11T15:17:14Z
SM-S911B,XSA,S911BXXS8CYBD,2025-03-01,2026-09-11T15:17:36Z
SM-S911B,XSG,S911BXXS8CYBD,2025-03-01,2026-09-11T15:17:17Z
SM-S911B,AFG,S911BXXS8DYDB,2025-05-01,2026-09-11T15:17:20Z
SM-S911B,EGY,S911BXXS8DYDB,2025-05-01,2026-09-11T15:17:11Z
SM-S911B,EUX,S911BXXS8DYDB,2025-05-01,2026-09-11T15:17:25Z
SM-S911B,ILO,S911BXXS8DYDB,2025-05-01,2026-09-11T15:17:05Z
SM-S911B,INS,S911BXXS8DYDB,2025-05-01,2026-09-11T15:17:23Z
SM-S911B,MID,S911BXXS8DYDB,2025-05-01,2026-09-11T15:17:08Z
SM-S911B,TUR,S911BXXS8DYDB,2025-05-01,2026-09-11T15:17:14Z
SM-S911B,XSA,S911BXXS8DYDB,2025-05-01,2026-09-11T15:17:36Z
SM-S911B,XSG,S911BXXS8DYDB,2025-05-01,2026-09-11T15:17:17Z
SM-S911B,AFG,S911BXXS8DYF1,2025-06-01,2026-09-11T15:17:20Z
SM-S911B,EGY,S911BXXS8DYF1,2025-06-01,2026-09-11T15:17:11Z
SM-S911B,EUX,S911BXXS8DYF1,2025-06-01,2026-09-11T15:17:25Z
SM-S911B,ILO,S911BXXS8DYF1,2025-06-01,2026-09-11T15:17:05Z
SM-S911B,INS,S911BXXS8DYF1,2025-06-01,2026-09-11T15:17:23Z
SM-S911B,MID,S911BXXS8DYF1,2025-06-01,2026-09-11T15:17:08Z
SM-S911B,TUR,S911BXXS8DYF1,2025-06-01,2026-09-11T15:17:14Z
SM-S911B,XSA,S911BXXS8DYF1,2025-06-01,2026-09-11T15:17:36Z
SM-S911B,XSG,S911BXXS8DYF1,2025-06-01,2026-09-11T15:17:17Z
SM-S911B,AFG,S911BXXS8DYG1,2025-07-01,2026-09-11T15:17:20Z
SM-S911B,EGY,S911BXXS8DYG1,2025-07-01,2026-09-11T15:17:11Z
SM-S911B,EUX,S911BXXS8DYG1,2025-07-01,2026-09-11T15:17:25Z
SM-S911B,ILO,S911BXXS8DYG1,2025-07-01,2026-09-11T15:17:05Z
SM-S911B,INS,S911BXXS8DYG1,2025-07-01,2026-09-11T15:17:23Z
SM-S911B,MID,S911BXXS8DYG1,2025-07-01,2026-09-11T15:17:08Z
SM-S911B,TUR,S911BXXS8DYG1,2025-07-01,2026-09-11T15:17:14Z
SM-S911B,XSA,S911BXXS8DYG1,2025-07-01,2026-09-11T15:17:36Z
SM-S911B,XSG,S911BXXS8DYG1,2025-07-01,2026-09-11T15:17:17Z
SM-S911B,AFG,S911BXXS8DYG5,2025-08-01,2026-09-11T15:17:20Z
SM-S911B,EGY,S911BXXS8DYG5,2025-08-01,2026-09-11T15:17:11Z
SM-S911B,EUX,S911BXXS8DYG5,2025-08-01,2026-09-11T15:17:25Z
SM-S911B,ILO,S911BXXS8DYG5,2025-08-01,2026-09-11T15:17:05Z
SM-S911B,INS,S911BXXS8DYG5,2025-08-01,2026-09-11T15:17:23Z
SM-S911B,MID,S911BXXS8DYG5,2025-08-01,2026-09-11T15:17:08Z
SM-S911B,TUR,S911BXXS8DYG5,2025-08-01,2026-09-11T15:17:14Z
SM-S911B,XSA,S911BXXS8DYG5,2025-08-01,2026-09-11T15:17:36Z
SM-S911B,XSG,S911BXXS8DYG5,2025-08-01,2026-09-11T15:17:17Z
SM-S911B,AFG,S911BXXS8DYI3,2025-09-01,2026-09-11T15:17:20Z
SM-S911B,EGY,S911BXXS8DYI3,2025-09-01,2026-09-11T15:17:11Z
SM-S911B,EUX,S911BXXS8DYI3,2025-09-01,2026-09-11T15:17:25Z
SM-S911B,ILO,S911BXXS8DYI3,2025-09-01,2026-09-11T15:17:05Z
SM-S911B,INS,S911BXXS8DYI3,2025-09-01,2026-09-11T15:17:23Z
SM-S911B,MID,S911BXXS8DYI3,2025-09-01,2026-09-11T15:17:08Z
SM-S911B,TUR,S911BXXS8DYI3,2025-09-01,2026-09-11T15:17:14Z
SM-S911B,XSA,S911BXXS8DYI3,2025-09-01,2026-09-11T15:17:36Z
SM-S911B,XSG,S911BXXS8DYI3,2025-09-01,2026-09-11T15:17:17Z
SM-S911B,AFG,S911BXXS8EYJ3,2025-10-01,2026-09-11T15:17:20Z
SM-S911B,EGY,S911BXXS8EYJ3,2025-10-01,2026-09-11T15:17:11Z
SM-S911B,EUX,S911BXXS8EYJ3,2025-10-01,2026-09-11T15:17:25Z
SM-S911B,ILO,S911BXXS8EYJ3,2025-10-01,2026-09-11T15:17:05Z
SM-S911B,INS,S911BXXS8EYJ3,2025-10-01,2026-09-11T15:17:23Z
SM-S911B,MID,S911BXXS8EYJ3,2025-10-01,2026-09-11T15:17:08Z
SM-S911B,TUR,S911BXXS8EYJ3,2025-10-01,2026-09-11T15:17:14Z
SM-S911B,XSA,S911BXXS8EYJ3,2025-10-01,2026-09-11T15:17:36Z
SM-S911B,XSG,S911BXXS8EYJ3,2025-10-01,2026-09-11T15:17:17Z
SM-S911B,AFG,S911BXXS8EYK2,2025-11-01,2026-09-11T15:17:20Z
SM-S911B,EGY,S911BXXS8EYK2,2025-11-01,2026-09-11T15:17:11Z
SM-S911B,EUX,S911BXXS8EYK2,2025-11-01,2026-09-11T15:17:25Z
SM-S911B,ILO,S911BXXS8EYK2,2025-11-01,2026-09-11T15:17:05Z
SM-S911B,INS,S911BXXS8EYK2,2025-11-01,2026-09-11T15:17:23Z
SM-S911B,MID,S911BXXS8EYK2,2025-11-01,2026-09-11T15:17:08Z
SM-S911B,TUR,S911BXXS8EYK2,2025-11-01,2026-09-11T15:17:14Z
SM-S911B,XSA,S911BXXS8EYK2,2025-11-01,2026-09-11T15:17:36Z
SM-S911B,XSG,S911BXXS8EYK2,2025-11-01,2026-09-11T15:17:17Z
SM-S911B,AFG,S911BXXS8EYK5,2025-12-01,2026-09-11T15:17:20Z
SM-S911B,EGY,S911BXXS8EYK5,2025-12-01,2026-09-11T15:17:11Z
SM-S911B,EUX,S911BXXS8EYK5,2025-12-01,2026-09-11T15:17:25Z
SM-S911B,ILO,S911BXXS8EYK5,2025-12-01,2026-09-11T15:17:05Z
SM-S911B,INS,S911BXXS8EYK5,2025-12-01,2026-09-11T15:17:23Z
SM-S911B,MID,S911BXXS8EYK5,2025-12-01,2026-09-11T15:17:08Z
SM-S911B,TUR,S911BXXS8EYK5,2025-12-01,2026-09-11T15:17:14Z
SM-S911B,XSA,S911BXXS8EYK5,2025-12-01,2026-09-11T15:17:36Z
SM-S911B,XSG,S911BXXS8EYK5,2025-12-01,2026-09-11T15:17:17Z
SM-S911B,AFG,S911BXXS8EZA1,2026-01-01,2026-09-11T15:17:20Z
SM-S911B,EGY,S911BXXS8EZA1,2026-01-01,2026-09-11T15:17:11Z
SM-S911B,EUX,S911BXXS8EZA1,2026-01-01,2026-09-11T15:17:25Z
SM-S911B,ILO,S911BXXS8EZA1,2026-01-01,2026-09-11T15:17:05Z
SM-S911B,INS,S911BXXS8EZA1,2026-01-01,2026-09-11T15:17:23Z
SM-S911B,MID,S911BXXS8EZA1,2026-01-01,2026-09-11T15:17:08Z
SM-S911B,TUR,S911BXXS8EZA1,2026-01-01,2026-09-11T15:17:14Z
SM-S911B,XSA,S911BXXS8EZA1,2026-01-01,2026-09-11T15:17:36Z
SM-S911B,XSG,S911BXXS8EZA1,2026-01-01,2026-09-11T15:17:17Z
SM-S911B,AFG,S911BXXS9EZB6,2026-02-05,2026-09-11T15:17:20Z
SM-S911B,EGY,S911BXXS9EZB6,2026-02-05,2026-09-11T15:17:11Z
SM-S911B,EUX,S911BXXS9EZB6,2026-02-05,2026-09-11T15:17:25Z
SM-S911B,ILO,S911BXXS9EZB6,2026-02-05,2026-09-11T15:17:05Z
SM-S911B,INS,S911BXXS9EZB6,2026-02-05,2026-09-11T15:17:23Z
SM-S911B,MID,S911BXXS9EZB6,2026-02-05,2026-09-11T15:17:08Z
SM-S911B,TUR,S911BXXS9EZB6,2026-02-05,2026-09-11T15:17:14Z
SM-S911B,XSA,S911BXXS9EZB6,2026-02-05,2026-09-11T15:17:36Z
SM-S911B,XSG,S911BXXS9EZB6,2026-02-05,2026-09-11T15:17:17Z
SM-S911B,AFG,S911BXXS9EZC1,2026-03-05,2026-09-11T15:17:20Z
SM-S911B,EGY,S911BXXS9EZC1,2026-03-05,2026-09-11T15:17:11Z
SM-S911B,EUX,S911BXXS9EZC1,2026-03-05,2026-09-11T15:17:25Z
SM-S911B,ILO,S911BXXS9EZC1,2026-03-05,2026-09-11T15:17:05Z
SM-S911B,INS,S911BXXS9EZC1,2026-03-05,2026-09-11T15:17:23Z
SM-S911B,MID,S911BXXS9EZC1,2026-03-05,2026-09-11T15:17:08Z
SM-S911B,TUR,S911BXXS9EZC1,2026-03-05,2026-09-11T15:17:14Z
SM-S911B,XSA,S911BXXS9EZC1,2026-03-05,2026-09-11T15:17:36Z
SM-S911B,XSG,S911BXXS9EZC1,2026-03-05,2026-09-11T15:17:17Z
SM-S911B,AFG,S911BXXS9EZCI,2026-04-05,2026-09-11T15:17:20Z
SM-S911B,EGY,S911BXXS9EZCI,2026-04-05,2026-09-11T15:17:11Z
SM-S911B,EUX,S911BXXS9EZCI,2026-04-05,2026-09-11T15:17:25Z
SM-S911B,ILO,S911BXXS9EZCI,2026-04-05,2026-09-11T15:17:05Z
SM-S911B,INS,S911BXXS9EZCI,2026-04-05,2026-09-11T15:17:23Z
SM-S911B,MID,S911BXXS9EZCI,2026-04-05,2026-09-11T15:17:08Z
SM-S911B,TUR,S911BXXS9EZCI,2026-04-05,2026-09-11T15:17:14Z
SM-S911B,XSA,S911BXXS9EZCI,2026-04-05,2026-09-11T15:17:36Z
SM-S911B,XSG,S911BXXS9EZCI,2026-04-05,2026-09-11T15:17:17Z
SM-S911B,AFG,S911BXXSAFZE1,2026-05-05,2026-09-11T15:17:20Z
SM-S911B,EGY,S911BXXSAFZE1,2026-05-05,2026-09-11T15:17:11Z
SM-S911B,EUX,S911BXXSAFZE1,2026-05-05,2026-09-11T15:17:25Z
SM-S911B,ILO,S911BXXSAFZE1,2026-05-05,2026-09-11T15:17:05Z
SM-S911B,INS,S911BXXSAFZE1,2026-05-05,2026-09-11T15:17:23Z
SM-S911B,MID,S911BXXSAFZE1,2026-05-05,2026-09-11T15:17:08Z
SM-S911B,TUR,S911BXXSAFZE1,2026-05-05,2026-09-11T15:17:14Z
SM-S911B,XSA,S911BXXSAFZE1,2026-05-05,2026-09-11T15:17:36Z
SM-S911B,XSG,S911BXXSAFZE1,2026-05-05,2026-09-11T15:17:17Z
SM-S911B,AFG,S911BXXSAFZF5,2026-06-05,2026-09-11T15:17:20Z
SM-S911B,EGY,S911BXXSAFZF5,2026-06-05,2026-09-11T15:17:11Z
SM-S911B,EUX,S911BXXSAFZF5,2026-06-05,2026-09-11T15:17:25Z
SM-S911B,ILO,S911BXXSAFZF5,2026-06-05,2026-09-11T15:17:05Z
SM-S911B,INS,S911BXXSAFZF5,2026-06-05,2026-09-11T15:17:23Z
SM-S911B,MID,S911BXXSAFZF5,2026-06-05,2026-09-11T15:17:08Z
SM-S911B,TUR,S911BXXSAFZF5,2026-06-05,2026-09-11T15:17:14Z
SM-S911B,XSA,S911BXXSAFZF5,2026-06-05,2026-09-11T15:17:36Z
SM-S911B,XSG,S911BXXSAFZF5,2026-06-05,2026-09-11T15:17:17Z
SM-S911B,AFG,S911BXXSAFZG1,2026-07-05,2026-09-11T15:17:20Z
SM-S911B,EGY,S911BXXSAFZG1,2026-07-05,2026-09-11T15:17:11Z
SM-S911B,EUX,S911BXXSAFZG1,2026-07-05,2026-09-11T15:17:25Z
SM-S911B,ILO,S911BXXSAFZG1,2026-07-05,2026-09-11T15:17:05Z
SM-S911B,INS,S911BXXSAFZG1,2026-07-05,2026-09-11T15:17:23Z
SM-S911B,MID,S911BXXSAFZG1,2026-07-05,2026-09-11T15:17:08Z
SM-S911B,TUR,S911BXXSAFZG1,2026-07-05,2026-09-11T15:17:14Z
SM-S911B,XSA,S911BXXSAFZG1,2026-07-05,2026-09-11T15:17:36Z
SM-S911B,XSG,S911BXXSAFZG1,2026-07-05,2026-09-11T15:17:17Z
SM-S911B,AFG,S911BXXSAFZH3,2026-08-05,2026-09-11T15:17:20Z
SM-S911B,EGY,S911BXXSAFZH3,2026-08-05,2026-09-11T15:17:11Z
SM-S911B,EUX,S911BXXSAFZH3,2026-08-05,2026-09-11T15:17:25Z
SM-S911B,ILO,S911BXXSAFZH3,2026-08-05,2026-09-11T15:17:05Z
SM-S911B,INS,S911BXXSAFZH3,2026-08-05,2026-09-11T15:17:23Z
SM-S911B,MID,S911BXXSAFZH3,2026-08-05,2026-09-11T15:17:08Z
SM-S911B,TUR,S911BXXSAFZH3,2026-08-05,2026-09-11T15:17:14Z
SM-S911B,XSA,S911BXXSAFZH3,2026-08-05,2026-09-11T15:17:36Z
SM-S911B,XSG,S911BXXSAFZH3,2026-08-05,2026-09-11T15:17:17Z
SM-S911B,AFG,S911BXXU1AWBD,2023-02-01,2026-09-11T15:17:20Z
SM-S911B,EGY,S911BXXU1AWBD,2023-02-01,2026-09-11T15:17:11Z
SM-S911B,EUX,S911BXXU1AWBD,2023-02-01,2026-09-11T15:17:25Z
SM-S911B,ILO,S911BXXU1AWBD,2023-02-01,2026-09-11T15:17:05Z
SM-S911B,INS,S911BXXU1AWBD,2023-02-01,2026-09-11T15:17:23Z
SM-S911B,MID,S911BXXU1AWBD,2023-02-01,2026-09-11T15:17:08Z
SM-S911B,TUR,S911BXXU1AWBD,2023-02-01,2026-09-11T15:17:14Z
SM-S911B,XSA,S911BXXU1AWBD,2023-02-01,2026-09-11T15:17:36Z
SM-S911B,XSG,S911BXXU1AWBD,2023-02-01,2026-09-11T15:17:17Z
SM-S911B,AFG,S911BXXU1AWC8,2023-04-01,2026-09-11T15:17:20Z
SM-S911B,EGY,S911BXXU1AWC8,2023-04-01,2026-09-11T15:17:11Z
SM-S911B,EUX,S911BXXU1AWC8,2023-04-01,2026-09-11T15:17:25Z
SM-S911B,ILO,S911BXXU1AWC8,2023-04-01,2026-09-11T15:17:05Z
SM-S911B,INS,S911BXXU1AWC8,2023-04-01,2026-09-11T15:17:23Z
SM-S911B,MID,S911BXXU1AWC8,2023-04-01,2026-09-11T15:17:08Z
SM-S911B,TUR,S911BXXU1AWC8,2023-04-01,2026-09-11T15:17:14Z
SM-S911B,XSA,S911BXXU1AWC8,2023-04-01,2026-09-11T15:17:36Z
SM-S911B,XSG,S911BXXU1AWC8,2023-04-01,2026-09-11T15:17:17Z
SM-S911B,AFG,S911BXXU2AWF1,2023-06-01,2026-09-11T15:17:20Z
SM-S911B,EGY,S911BXXU2AWF1,2023-06-01,2026-09-11T15:17:11Z
SM-S911B,EUX,S911BXXU2AWF1,2023-06-01,2026-09-11T15:17:25Z
SM-S911B,ILO,S911BXXU2AWF1,2023-06-01,2026-09-11T15:17:05Z
SM-S911B,MID,S911BXXU2AWF1,2023-06-01,2026-09-11T15:17:08Z
SM-S911B,TUR,S911BXXU2AWF1,2023-06-01,2026-09-11T15:17:14Z
SM-S911B,XSA,S911BXXU2AWF1,2023-06-01,2026-09-11T15:17:36Z
SM-S911B,XSG,S911BXXU2AWF1,2023-06-01,2026-09-11T15:17:17Z
SM-S911B,INS,S911BXXU2AWF3,2023-06-01,2026-09-11T15:17:23Z
SM-S911B,AFG,S911BXXU3AWGJ,2023-08-01,2026-09-11T15:17:20Z
SM-S911B,EGY,S911BXXU3AWGJ,2023-08-01,2026-09-11T15:17:11Z
SM-S911B,EUX,S911BXXU3AWGJ,2023-08-01,2026-09-11T15:17:25Z
SM-S911B,ILO,S911BXXU3AWGJ,2023-08-01,2026-09-11T15:17:05Z
SM-S911B,MID,S911BXXU3AWGJ,2023-08-01,2026-09-11T15:17:08Z
SM-S911B,TUR,S911BXXU3AWGJ,2023-08-01,2026-09-11T15:17:14Z
SM-S911B,XSA,S911BXXU3AWGJ,2023-08-01,2026-09-11T15:17:36Z
SM-S911B,XSG,S911BXXU3AWGJ,2023-08-01,2026-09-11T15:17:17Z
SM-S911B,INS,S911BXXU3AWH3,2023-08-01,2026-09-11T15:17:23Z
SM-S911B,AFG,S911BXXU3BWJM,2023-10-01,2026-09-11T15:17:20Z
SM-S911B,EGY,S911BXXU3BWJM,2023-10-01,2026-09-11T15:17:11Z
SM-S911B,EUX,S911BXXU3BWJM,2023-10-01,2026-09-11T15:17:25Z
SM-S911B,ILO,S911BXXU3BWJM,2023-10-01,2026-09-11T15:17:05Z
SM-S911B,INS,S911BXXU3BWJM,2023-10-01,2026-09-11T15:17:23Z
SM-S911B,MID,S911BXXU3BWJM,2023-10-01,2026-09-11T15:17:08Z
SM-S911B,TUR,S911BXXU3BWJM,2023-10-01,2026-09-11T15:17:14Z
SM-S911B,XSA,S911BXXU3BWJM,2023-10-01,2026-09-11T15:17:36Z
SM-S911B,XSG,S911BXXU3BWJM,2023-10-01,2026-09-11T15:17:17Z
SM-S911B,AFG,S911BXXU3CXCF,2024-03-01,2026-09-11T15:17:20Z
SM-S911B,EGY,S911BXXU3CXCF,2024-03-01,2026-09-11T15:17:11Z
SM-S911B,EUX,S911BXXU3CXCF,2024-03-01,2026-09-11T15:17:25Z
SM-S911B,ILO,S911BXXU3CXCF,2024-03-01,2026-09-11T15:17:05Z
SM-S911B,INS,S911BXXU3CXCF,2024-03-01,2026-09-11T15:17:23Z
SM-S911B,MID,S911BXXU3CXCF,2024-03-01,2026-09-11T15:17:08Z
SM-S911B,TUR,S911BXXU3CXCF,2024-03-01,2026-09-11T15:17:14Z
SM-S911B,XSA,S911BXXU3CXCF,2024-03-01,2026-09-11T15:17:36Z
SM-S911B,XSG,S911BXXU3CXCF,2024-03-01,2026-09-11T15:17:17Z
SM-S911B,EUX,S911BXXU3CXD3,2024-04-01,2026-09-11T15:17:25Z
SM-S911B,EUX,S911BXXU5CXE3,2024-05-01,2026-09-11T15:17:25Z
SM-S911B,AFG,S911BXXU6CXH7,2024-08-01,2026-09-11T15:17:20Z
SM-S911B,EGY,S911BXXU6CXH7,2024-08-01,2026-09-11T15:17:11Z
SM-S911B,EUX,S911BXXU6CXH7,2024-08-01,2026-09-11T15:17:25Z
SM-S911B,ILO,S911BXXU6CXH7,2024-08-01,2026-09-11T15:17:05Z
SM-S911B,INS,S911BXXU6CXH7,2024-08-01,2026-09-11T15:17:23Z
SM-S911B,MID,S911BXXU6CXH7,2024-08-01,2026-09-11T15:17:08Z
SM-S911B,TUR,S911BXXU6CXH7,2024-08-01,2026-09-11T15:17:14Z
SM-S911B,XSA,S911BXXU6CXH7,2024-08-01,2026-09-11T15:17:36Z
SM-S911B,XSG,S911BXXU6CXH7,2024-08-01,2026-09-11T15:17:17Z
SM-S911B,AFG,S911BXXU7CXK4,2024-11-01,2026-09-11T15:17:20Z
SM-S911B,EGY,S911BXXU7CXK4,2024-11-01,2026-09-11T15:17:11Z
SM-S911B,EUX,S911BXXU7CXK4,2024-11-01,2026-09-11T15:17:25Z
SM-S911B,ILO,S911BXXU7CXK4,2024-11-01,2026-09-11T15:17:05Z
SM-S911B,INS,S911BXXU7CXK4,2024-11-01,2026-09-11T15:17:23Z
SM-S911B,MID,S911BXXU7CXK4,2024-11-01,2026-09-11T15:17:08Z
SM-S911B,TUR,S911BXXU7CXK4,2024-11-01,2026-09-11T15:17:14Z
SM-S911B,XSA,S911BXXU7CXK4,2024-11-01,2026-09-11T15:17:36Z
SM-S911B,XSG,S911BXXU7CXK4,2024-11-01,2026-09-11T15:17:17Z
SM-S911B,AFG,S911BXXU8CYB4,2025-02-01,2026-09-11T15:17:20Z
SM-S911B,EGY,S911BXXU8CYB4,2025-02-01,2026-09-11T15:17:11Z
SM-S911B,EUX,S911BXXU8CYB4,2025-02-01,2026-09-11T15:17:25Z
SM-S911B,ILO,S911BXXU8CYB4,2025-02-01,2026-09-11T15:17:05Z
SM-S911B,INS,S911BXXU8CYB4,2025-02-01,2026-09-11T15:17:23Z
SM-S911B,MID,S911BXXU8CYB4,2025-02-01,2026-09-11T15:17:08Z
SM-S911B,TUR,S911BXXU8CYB4,2025-02-01,2026-09-11T15:17:14Z
SM-S911B,XSA,S911BXXU8CYB4,2025-02-01,2026-09-11T15:17:36Z
SM-S911B,XSG,S911BXXU8CYB4,2025-02-01,2026-09-11T15:17:17Z
SM-S911B,AFG,S911BXXU8DYD9,2025-04-01,2026-09-11T15:17:20Z
SM-S911B,EGY,S911BXXU8DYD9,2025-04-01,2026-09-11T15:17:11Z
SM-S911B,EUX,S911BXXU8DYD9,2025-04-01,2026-09-11T15:17:25Z
SM-S911B,ILO,S911BXXU8DYD9,2025-04-01,2026-09-11T15:17:05Z
SM-S911B,INS,S911BXXU8DYD9,2025-04-01,2026-09-11T15:17:23Z
SM-S911B,MID,S911BXXU8DYD9,2025-04-01,2026-09-11T15:17:08Z
SM-S911B,TUR,S911BXXU8DYD9,2025-04-01,2026-09-11T15:17:14Z
SM-S911B,XSA,S911BXXU8DYD9,2025-04-01,2026-09-11T15:17:36Z
SM-S911B,XSG,S911BXXU8DYD9,2025-04-01,2026-09-11T15:17:17Z
SM-S911B,AFG,S911BXXU8EYI5,2025-09-01,2026-09-11T15:17:20Z
SM-S911B,EGY,S911BXXU8EYI5,2025-09-01,2026-09-11T15:17:11Z
SM-S911B,EUX,S911BXXU8EYI5,2025-09-01,2026-09-11T15:17:25Z
SM-S911B,ILO,S911BXXU8EYI5,2025-09-01,2026-09-11T15:17:05Z
SM-S911B,INS,S911BXXU8EYI5,2025-09-01,2026-09-11T15:17:23Z
SM-S911B,MID,S911BXXU8EYI5,2025-09-01,2026-09-11T15:17:08Z
SM-S911B,TUR,S911BXXU8EYI5,2025-09-01,2026-09-11T15:17:14Z
SM-S911B,XSA,S911BXXU8EYI5,2025-09-01,2026-09-11T15:17:36Z
SM-S911B,XSG,S911BXXU8EYI5,2025-09-01,2026-09-11T15:17:17Z
SM-S911B,AFG,S911BXXU9FZDP,2026-04-05,2026-09-11T15:17:20Z
SM-S911B,EGY,S911BXXU9FZDP,2026-04-05,2026-09-11T15:17:11Z
SM-S911B,EUX,S911BXXU9FZDP,2026-04-05,2026-09-11T15:17:25Z
SM-S911B,ILO,S911BXXU9FZDP,2026-04-05,2026-09-11T15:17:05Z
SM-S911B,INS,S911BXXU9FZDP,2026-04-05,2026-09-11T15:17:23Z
SM-S911B,MID,S911BXXU9FZDP,2026-04-05,2026-09-11T15:17:08Z
SM-S911B,TUR,S911BXXU9FZDP,2026-04-05,2026-09-11T15:17:14Z
SM-S911B,XSA,S911BXXU9FZDP,2026-04-05,2026-09-11T15:17:36Z
SM-S911B,XSG,S911BXXU9FZDP,2026-04-05,2026-09-11T15:17:17Z
SM-S916B,AFG,S916BXXS1AWBM,2023-03-01,2026-09-11T15:17:58Z
SM-S916B,EGY,S916BXXS1AWBM,2023-03-01,2026-09-11T15:17:49Z
SM-S916B,EUX,S916BXXS1AWBM,2023-03-01,2026-09-11T15:18:04Z
SM-S916B,ILO,S916BXXS1AWBM,2023-03-01,2026-09-11T15:17:42Z
SM-S916B,INS,S916BXXS1AWBM,2023-03-01,2026-09-11T15:18:01Z
SM-S916B,MID,S916BXXS1AWBM,2023-03-01,2026-09-11T15:17:46Z
SM-S916B,TUR,S916BXXS1AWBM,2023-03-01,2026-09-11T15:17:52Z
SM-S916B,XSA,S916BXXS1AWBM,2023-03-01,2026-09-11T15:18:14Z
SM-S916B,XSG,S916BXXS1AWBM,2023-03-01,2026-09-11T15:17:55Z
SM-S916B,AFG,S916BXXS1AWD1,2023-05-01,2026-09-11T15:17:58Z
SM-S916B,EGY,S916BXXS1AWD1,2023-05-01,2026-09-11T15:17:49Z
SM-S916B,EUX,S916BXXS1AWD1,2023-05-01,2026-09-11T15:18:04Z
SM-S916B,ILO,S916BXXS1AWD1,2023-05-01,2026-09-11T15:17:42Z
SM-S916B,INS,S916BXXS1AWD1,2023-05-01,2026-09-11T15:18:01Z
SM-S916B,MID,S916BXXS1AWD1,2023-05-01,2026-09-11T15:17:46Z
SM-S916B,TUR,S916BXXS1AWD1,2023-05-01,2026-09-11T15:17:52Z
SM-S916B,XSA,S916BXXS1AWD1,2023-05-01,2026-09-11T15:18:14Z
SM-S916B,XSG,S916BXXS1AWD1,2023-05-01,2026-09-11T15:17:55Z
SM-S916B,AFG,S916BXXS3AWF7,2023-07-01,2026-09-11T15:17:58Z
SM-S916B,EGY,S916BXXS3AWF7,2023-07-01,2026-09-11T15:17:49Z
SM-S916B,EUX,S916BXXS3AWF7,2023-07-01,2026-09-11T15:18:04Z
SM-S916B,ILO,S916BXXS3AWF7,2023-07-01,2026-09-11T15:17:42Z
SM-S916B,MID,S916BXXS3AWF7,2023-07-01,2026-09-11T15:17:46Z
SM-S916B,TUR,S916BXXS3AWF7,2023-07-01,2026-09-11T15:17:52Z
SM-S916B,XSA,S916BXXS3AWF7,2023-07-01,2026-09-11T15:18:14Z
SM-S916B,XSG,S916BXXS3AWF7,2023-07-01,2026-09-11T15:17:55Z
SM-S916B,INS,S916BXXS3AWF9,2023-07-01,2026-09-11T15:18:01Z
SM-S916B,AFG,S916BXXS3AWHR,2023-09-01,2026-09-11T15:17:58Z
SM-S916B,EGY,S916BXXS3AWHR,2023-09-01,2026-09-11T15:17:49Z
SM-S916B,EUX,S916BXXS3AWHR,2023-09-01,2026-09-11T15:18:04Z
SM-S916B,ILO,S916BXXS3AWHR,2023-09-01,2026-09-11T15:17:42Z
SM-S916B,MID,S916BXXS3AWHR,2023-09-01,2026-09-11T15:17:46Z
SM-S916B,TUR,S916BXXS3AWHR,2023-09-01,2026-09-11T15:17:52Z
SM-S916B,XSA,S916BXXS3AWHR,2023-09-01,2026-09-11T15:18:14Z
SM-S916B,XSG,S916BXXS3AWHR,2023-09-01,2026-09-11T15:17:55Z
SM-S916B,INS,S916BXXS3AWI1,2023-09-01,2026-09-11T15:18:01Z
SM-S916B,AFG,S916BXXS3AWIF,2023-10-01,2026-09-11T15:17:58Z
SM-S916B,EGY,S916BXXS3AWIF,2023-10-01,2026-09-11T15:17:49Z
SM-S916B,EUX,S916BXXS3AWIF,2023-10-01,2026-09-11T15:18:04Z
SM-S916B,ILO,S916BXXS3AWIF,2023-10-01,2026-09-11T15:17:42Z
SM-S916B,MID,S916BXXS3AWIF,2023-10-01,2026-09-11T15:17:46Z
SM-S916B,TUR,S916BXXS3AWIF,2023-10-01,2026-09-11T15:17:52Z
SM-S916B,XSA,S916BXXS3AWIF,2023-10-01,2026-09-11T15:18:14Z
SM-S916B,XSG,S916BXXS3AWIF,2023-10-01,2026-09-11T15:17:55Z
SM-S916B,INS,S916BXXS3AWIG,2023-10-01,2026-09-11T15:18:01Z
SM-S916B,AFG,S916BXXS3BWK5,2023-11-01,2026-09-11T15:17:58Z
SM-S916B,EGY,S916BXXS3BWK5,2023-11-01,2026-09-11T15:17:49Z
SM-S916B,EUX,S916BXXS3BWK5,2023-11-01,2026-09-11T15:18:04Z
SM-S916B,ILO,S916BXXS3BWK5,2023-11-01,2026-09-11T15:17:42Z
SM-S916B,INS,S916BXXS3BWK5,2023-11-01,2026-09-11T15:18:01Z
SM-S916B,MID,S916BXXS3BWK5,2023-11-01,2026-09-11T15:17:46Z
SM-S916B,TUR,S916BXXS3BWK5,2023-11-01,2026-09-11T15:17:52Z
SM-S916B,XSA,S916BXXS3BWK5,2023-11-01,2026-09-11T15:18:14Z
SM-S916B,XSG,S916BXXS3BWK5,2023-11-01,2026-09-11T15:17:55Z
SM-S916B,AFG,S916BXXS3BWKC,2023-12-01,2026-09-11T15:17:58Z
SM-S916B,EGY,S916BXXS3BWKC,2023-12-01,2026-09-11T15:17:49Z
SM-S916B,EUX,S916BXXS3BWKC,2023-12-01,2026-09-11T15:18:04Z
SM-S916B,ILO,S916BXXS3BWKC,2023-12-01,2026-09-11T15:17:42Z
SM-S916B,INS,S916BXXS3BWKC,2023-12-01,2026-09-11T15:18:01Z
SM-S916B,MID,S916BXXS3BWKC,2023-12-01,2026-09-11T15:17:46Z
SM-S916B,TUR,S916BXXS3BWKC,2023-12-01,2026-09-11T15:17:52Z
SM-S916B,XSA,S916BXXS3BWKC,2023-12-01,2026-09-11T15:18:14Z
SM-S916B,XSG,S916BXXS3BWKC,2023-12-01,2026-09-11T15:17:55Z
SM-S916B,AFG,S916BXXS3BWL3,2024-01-01,2026-09-11T15:17:58Z
SM-S916B,EGY,S916BXXS3BWL3,2024-01-01,2026-09-11T15:17:49Z
SM-S916B,EUX,S916BXXS3BWL3,2024-01-01,2026-09-11T15:18:04Z
SM-S916B,ILO,S916BXXS3BWL3,2024-01-01,2026-09-11T15:17:42Z
SM-S916B,INS,S916BXXS3BWL3,2024-01-01,2026-09-11T15:18:01Z
SM-S916B,MID,S916BXXS3BWL3,2024-01-01,2026-09-11T15:17:46Z
SM-S916B,TUR,S916BXXS3BWL3,2024-01-01,2026-09-11T15:17:52Z
SM-S916B,XSA,S916BXXS3BWL3,2024-01-01,2026-09-11T15:18:14Z
SM-S916B,XSG,S916BXXS3BWL3,2024-01-01,2026-09-11T15:17:55Z
SM-S916B,AFG,S916BXXS3BXAD,2024-02-01,2026-09-11T15:17:58Z
SM-S916B,EGY,S916BXXS3BXAD,2024-02-01,2026-09-11T15:17:49Z
SM-S916B,EUX,S916BXXS3BXAD,2024-02-01,2026-09-11T15:18:04Z
SM-S916B,ILO,S916BXXS3BXAD,2024-02-01,2026-09-11T15:17:42Z
SM-S916B,INS,S916BXXS3BXAD,2024-02-01,2026-09-11T15:18:01Z
SM-S916B,MID,S916BXXS3BXAD,2024-02-01,2026-09-11T15:17:46Z
SM-S916B,TUR,S916BXXS3BXAD,2024-02-01,2026-09-11T15:17:52Z
SM-S916B,XSA,S916BXXS3BXAD,2024-02-01,2026-09-11T15:18:14Z
SM-S916B,XSG,S916BXXS3BXAD,2024-02-01,2026-09-11T15:17:55Z
SM-S916B,AFG,S916BXXS3BXBD,2024-03-01,2026-09-11T15:17:58Z
SM-S916B,EGY,S916BXXS3BXBD,2024-03-01,2026-09-11T15:17:49Z
SM-S916B,EUX,S916BXXS3BXBD,2024-03-01,2026-09-11T15:18:04Z
SM-S916B,ILO,S916BXXS3BXBD,2024-03-01,2026-09-11T15:17:42Z
SM-S916B,INS,S916BXXS3BXBD,2024-03-01,2026-09-11T15:18:01Z
SM-S916B,MID,S916BXXS3BXBD,2024-03-01,2026-09-11T15:17:46Z
SM-S916B,TUR,S916BXXS3BXBD,2024-03-01,2026-09-11T15:17:52Z
SM-S916B,XSA,S916BXXS3BXBD,2024-03-01,2026-09-11T15:18:14Z
SM-S916B,XSG,S916BXXS3BXBD,2024-03-01,2026-09-11T15:17:55Z
SM-S916B,AFG,S916BXXS3CXD2,2024-04-01,2026-09-11T15:17:58Z
SM-S916B,EGY,S916BXXS3CXD2,2024-04-01,2026-09-11T15:17:49Z
SM-S916B,EUX,S916BXXS3CXD2,2024-04-01,2026-09-11T15:18:04Z
SM-S916B,ILO,S916BXXS3CXD2,2024-04-01,2026-09-11T15:17:42Z
SM-S916B,INS,S916BXXS3CXD2,2024-04-01,2026-09-11T15:18:01Z
SM-S916B,MID,S916BXXS3CXD2,2024-04-01,2026-09-11T15:17:46Z
SM-S916B,TUR,S916BXXS3CXD2,2024-04-01,2026-09-11T15:17:52Z
SM-S916B,XSA,S916BXXS3CXD2,2024-04-01,2026-09-11T15:18:14Z
SM-S916B,XSG,S916BXXS3CXD2,2024-04-01,2026-09-11T15:17:55Z
SM-S916B,XSG,S916BXXS4CXD8,2024-04-01,2026-09-11T15:17:55Z
SM-S916B,AFG,S916BXXS5CXDE,2024-05-01,2026-09-11T15:17:58Z
SM-S916B,EGY,S916BXXS5CXDE,2024-05-01,2026-09-11T15:17:49Z
SM-S916B,ILO,S916BXXS5CXDE,2024-05-01,2026-09-11T15:17:42Z
SM-S916B,INS,S916BXXS5CXDE,2024-05-01,2026-09-11T15:18:01Z
SM-S916B,MID,S916BXXS5CXDE,2024-05-01,2026-09-11T15:17:46Z
SM-S916B,TUR,S916BXXS5CXDE,2024-05-01,2026-09-11T15:17:52Z
SM-S916B,XSA,S916BXXS5CXDE,2024-05-01,2026-09-11T15:18:14Z
SM-S916B,XSG,S916BXXS5CXDE,2024-05-01,2026-09-11T15:17:55Z
SM-S916B,EUX,S916BXXS5CXDF,2024-05-01,2026-09-11T15:18:04Z
SM-S916B,AFG,S916BXXS5CXE7,2024-06-01,2026-09-11T15:17:58Z
SM-S916B,EGY,S916BXXS5CXE7,2024-06-01,2026-09-11T15:17:49Z
SM-S916B,ILO,S916BXXS5CXE7,2024-06-01,2026-09-11T15:17:42Z
SM-S916B,INS,S916BXXS5CXE7,2024-06-01,2026-09-11T15:18:01Z
SM-S916B,MID,S916BXXS5CXE7,2024-06-01,2026-09-11T15:17:46Z
SM-S916B,TUR,S916BXXS5CXE7,2024-06-01,2026-09-11T15:17:52Z
SM-S916B,XSA,S916BXXS5CXE7,2024-06-01,2026-09-11T15:18:14Z
SM-S916B,XSG,S916BXXS5CXE7,2024-06-01,2026-09-11T15:17:55Z
SM-S916B,EUX,S916BXXS5CXE9,2024-06-01,2026-09-11T15:18:04Z
SM-S916B,AFG,S916BXXS6CXFC,2024-07-01,2026-09-11T15:17:58Z
SM-S916B,EGY,S916BXXS6CXFC,2024-07-01,2026-09-11T15:17:49Z
SM-S916B,ILO,S916BXXS6CXFC,2024-07-01,2026-09-11T15:17:42Z
SM-S916B,INS,S916BXXS6CXFC,2024-07-01,2026-09-11T15:18:01Z
SM-S916B,MID,S916BXXS6CXFC,2024-07-01,2026-09-11T15:17:46Z
SM-S916B,TUR,S916BXXS6CXFC,2024-07-01,2026-09-11T15:17:52Z
SM-S916B,XSA,S916BXXS6CXFC,2024-07-01,2026-09-11T15:18:14Z
SM-S916B,XSG,S916BXXS6CXFC,2024-07-01,2026-09-11T15:17:55Z
SM-S916B,EUX,S916BXXS6CXFE,2024-07-01,2026-09-11T15:18:04Z
SM-S916B,AFG,S916BXXS6CXG8,2024-08-01,2026-09-11T15:17:58Z
SM-S916B,EGY,S916BXXS6CXG8,2024-08-01,2026-09-11T15:17:49Z
SM-S916B,ILO,S916BXXS6CXG8,2024-08-01,2026-09-11T15:17:42Z
SM-S916B,INS,S916BXXS6CXG8,2024-08-01,2026-09-11T15:18:01Z
SM-S916B,MID,S916BXXS6CXG8,2024-08-01,2026-09-11T15:17:46Z
SM-S916B,TUR,S916BXXS6CXG8,2024-08-01,2026-09-11T15:17:52Z
SM-S916B,XSA,S916BXXS6CXG8,2024-08-01,2026-09-11T15:18:14Z
SM-S916B,XSG,S916BXXS6CXG8,2024-08-01,2026-09-11T15:17:55Z
SM-S916B,EUX,S916BXXS6CXGA,2024-08-01,2026-09-11T15:18:04Z
SM-S916B,AFG,S916BXXS6CXHA,2024-09-01,2026-09-11T15:17:58Z
SM-S916B,EGY,S916BXXS6CXHA,2024-09-01,2026-09-11T15:17:49Z
SM-S916B,EUX,S916BXXS6CXHA,2024-09-01,2026-09-11T15:18:04Z
SM-S916B,ILO,S916BXXS6CXHA,2024-09-01,2026-09-11T15:17:42Z
SM-S916B,INS,S916BXXS6CXHA,2024-09-01,2026-09-11T15:18:01Z
SM-S916B,MID,S916BXXS6CXHA,2024-09-01,2026-09-11T15:17:46Z
SM-S916B,TUR,S916BXXS6CXHA,2024-09-01,2026-09-11T15:17:52Z
SM-S916B,XSA,S916BXXS6CXHA,2024-09-01,2026-09-11T15:18:14Z
SM-S916B,XSG,S916BXXS6CXHA,2024-09-01,2026-09-11T15:17:55Z
SM-S916B,AFG,S916BXXS6CXI4,2024-10-01,2026-09-11T15:17:58Z
SM-S916B,EGY,S916BXXS6CXI4,2024-10-01,2026-09-11T15:17:49Z
SM-S916B,EUX,S916BXXS6CXI4,2024-10-01,2026-09-11T15:18:04Z
SM-S916B,ILO,S916BXXS6CXI4,2024-10-01,2026-09-11T15:17:42Z
SM-S916B,INS,S916BXXS6CXI4,2024-10-01,2026-09-11T15:18:01Z
SM-S916B,MID,S916BXXS6CXI4,2024-10-01,2026-09-11T15:17:46Z
SM-S916B,TUR,S916BXXS6CXI4,2024-10-01,2026-09-11T15:17:52Z
SM-S916B,XSA,S916BXXS6CXI4,2024-10-01,2026-09-11T15:18:14Z
SM-S916B,XSG,S916BXXS6CXI4,2024-10-01,2026-09-11T15:17:55Z
SM-S916B,AFG,S916BXXS7CXK6,2024-12-01,2026-09-11T15:17:58Z
SM-S916B,EGY,S916BXXS7CXK6,2024-12-01,2026-09-11T15:17:49Z
SM-S916B,EUX,S916BXXS7CXK6,2024-12-01,2026-09-11T15:18:04Z
SM-S916B,ILO,S916BXXS7CXK6,2024-12-01,2026-09-11T15:17:42Z
SM-S916B,INS,S916BXXS7CXK6,2024-12-01,2026-09-11T15:18:01Z
SM-S916B,MID,S916BXXS7CXK6,2024-12-01,2026-09-11T15:17:46Z
SM-S916B,TUR,S916BXXS7CXK6,2024-12-01,2026-09-11T15:17:52Z
SM-S916B,XSA,S916BXXS7CXK6,2024-12-01,2026-09-11T15:18:14Z
SM-S916B,XSG,S916BXXS7CXK6,2024-12-01,2026-09-11T15:17:55Z
SM-S916B,AFG,S916BXXS7CXL2,2025-01-01,2026-09-11T15:17:58Z
SM-S916B,EGY,S916BXXS7CXL2,2025-01-01,2026-09-11T15:17:49Z
SM-S916B,EUX,S916BXXS7CXL2,2025-01-01,2026-09-11T15:18:04Z
SM-S916B,ILO,S916BXXS7CXL2,2025-01-01,2026-09-11T15:17:42Z
SM-S916B,INS,S916BXXS7CXL2,2025-01-01,2026-09-11T15:18:01Z
SM-S916B,MID,S916BXXS7CXL2,2025-01-01,2026-09-11T15:17:46Z
SM-S916B,TUR,S916BXXS7CXL2,2025-01-01,2026-09-11T15:17:52Z
SM-S916B,XSA,S916BXXS7CXL2,2025-01-01,2026-09-11T15:18:14Z
SM-S916B,XSG,S916BXXS7CXL2,2025-01-01,2026-09-11T15:17:55Z
SM-S916B,AFG,S916BXXS8CYBD,2025-03-01,2026-09-11T15:17:58Z
SM-S916B,EGY,S916BXXS8CYBD,2025-03-01,2026-09-11T15:17:49Z
SM-S916B,EUX,S916BXXS8CYBD,2025-03-01,2026-09-11T15:18:04Z
SM-S916B,ILO,S916BXXS8CYBD,2025-03-01,2026-09-11T15:17:42Z
SM-S916B,INS,S916BXXS8CYBD,2025-03-01,2026-09-11T15:18:01Z
SM-S916B,MID,S916BXXS8CYBD,2025-03-01,2026-09-11T15:17:46Z
SM-S916B,TUR,S916BXXS8CYBD,2025-03-01,2026-09-11T15:17:52Z
SM-S916B,XSA,S916BXXS8CYBD,2025-03-01,2026-09-11T15:18:14Z
SM-S916B,XSG,S916BXXS8CYBD,2025-03-01,2026-09-11T15:17:55Z
SM-S916B,AFG,S916BXXS8DYDB,2025-05-01,2026-09-11T15:17:58Z
SM-S916B,EGY,S916BXXS8DYDB,2025-05-01,2026-09-11T15:17:49Z
SM-S916B,EUX,S916BXXS8DYDB,2025-05-01,2026-09-11T15:18:04Z
SM-S916B,ILO,S916BXXS8DYDB,2025-05-01,2026-09-11T15:17:42Z
SM-S916B,INS,S916BXXS8DYDB,2025-05-01,2026-09-11T15:18:01Z
SM-S916B,MID,S916BXXS8DYDB,2025-05-01,2026-09-11T15:17:46Z
SM-S916B,TUR,S916BXXS8DYDB,2025-05-01,2026-09-11T15:17:52Z
SM-S916B,XSA,S916BXXS8DYDB,2025-05-01,2026-09-11T15:18:14Z
SM-S916B,XSG,S916BXXS8DYDB,2025-05-01,2026-09-11T15:17:55Z
SM-S916B,AFG,S916BXXS8DYF1,2025-06-01,2026-09-11T15:17:58Z
SM-S916B,EGY,S916BXXS8DYF1,2025-06-01,2026-09-11T15:17:49Z
SM-S916B,EUX,S916BXXS8DYF1,2025-06-01,2026-09-11T15:18:04Z
SM-S916B,ILO,S916BXXS8DYF1,2025-06-01,2026-09-11T15:17:42Z
SM-S916B,INS,S916BXXS8DYF1,2025-06-01,2026-09-11T15:18:01Z
SM-S916B,MID,S916BXXS8DYF1,2025-06-01,2026-09-11T15:17:46Z
SM-S916B,TUR,S916BXXS8DYF1,2025-06-01,2026-09-11T15:17:52Z
SM-S916B,XSA,S916BXXS8DYF1,2025-06-01,2026-09-11T15:18:14Z
SM-S916B,XSG,S916BXXS8DYF1,2025-06-01,2026-09-11T15:17:55Z
SM-S916B,AFG,S916BXXS8DYG1,2025-07-01,2026-09-11T15:17:58Z
SM-S916B,EGY,S916BXXS8DYG1,2025-07-01,2026-09-11T15:17:49Z
SM-S916B,EUX,S916BXXS8DYG1,2025-07-01,2026-09-11T15:18:04Z
SM-S916B,ILO,S916BXXS8DYG1,2025-07-01,2026-09-11T15:17:42Z
SM-S916B,INS,S916BXXS8DYG1,2025-07-01,2026-09-11T15:18:01Z
SM-S916B,MID,S916BXXS8DYG1,2025-07-01,2026-09-11T15:17:46Z
SM-S916B,TUR,S916BXXS8DYG1,2025-07-01,2026-09-11T15:17:52Z
SM-S916B,XSA,S916BXXS8DYG1,2025-07-01,2026-09-11T15:18:14Z
SM-S916B,XSG,S916BXXS8DYG1,2025-07-01,2026-09-11T15:17:55Z
SM-S916B,AFG,S916BXXS8DYG5,2025-08-01,2026-09-11T15:17:58Z
SM-S916B,EGY,S916BXXS8DYG5,2025-08-01,2026-09-11T15:17:49Z
SM-S916B,EUX,S916BXXS8DYG5,2025-08-01,2026-09-11T15:18:04Z
SM-S916B,ILO,S916BXXS8DYG5,2025-08-01,2026-09-11T15:17:42Z
SM-S916B,INS,S916BXXS8DYG5,2025-08-01,2026-09-11T15:18:01Z
SM-S916B,MID,S916BXXS8DYG5,2025-08-01,2026-09-11T15:17:46Z
SM-S916B,TUR,S916BXXS8DYG5,2025-08-01,2026-09-11T15:17:52Z
SM-S916B,XSA,S916BXXS8DYG5,2025-08-01,2026-09-11T15:18:14Z
SM-S916B,XSG,S916BXXS8DYG5,2025-08-01,2026-09-11T15:17:55Z
SM-S916B,AFG,S916BXXS8DYI3,2025-09-01,2026-09-11T15:17:58Z
SM-S916B,EGY,S916BXXS8DYI3,2025-09-01,2026-09-11T15:17:49Z
SM-S916B,EUX,S916BXXS8DYI3,2025-09-01,2026-09-11T15:18:04Z
SM-S916B,ILO,S916BXXS8DYI3,2025-09-01,2026-09-11T15:17:42Z
SM-S916B,INS,S916BXXS8DYI3,2025-09-01,2026-09-11T15:18:01Z
SM-S916B,MID,S916BXXS8DYI3,2025-09-01,2026-09-11T15:17:46Z
SM-S916B,TUR,S916BXXS8DYI3,2025-09-01,2026-09-11T15:17:52Z
SM-S916B,XSA,S916BXXS8DYI3,2025-09-01,2026-09-11T15:18:14Z
SM-S916B,XSG,S916BXXS8DYI3,2025-09-01,2026-09-11T15:17:55Z
SM-S916B,AFG,S916BXXS8EYJ3,2025-10-01,2026-09-11T15:17:58Z
SM-S916B,EGY,S916BXXS8EYJ3,2025-10-01,2026-09-11T15:17:49Z
SM-S916B,EUX,S916BXXS8EYJ3,2025-10-01,2026-09-11T15:18:04Z
SM-S916B,ILO,S916BXXS8EYJ3,2025-10-01,2026-09-11T15:17:42Z
SM-S916B,INS,S916BXXS8EYJ3,2025-10-01,2026-09-11T15:18:01Z
SM-S916B,MID,S916BXXS8EYJ3,2025-10-01,2026-09-11T15:17:46Z
SM-S916B,TUR,S916BXXS8EYJ3,2025-10-01,2026-09-11T15:17:52Z
SM-S916B,XSA,S916BXXS8EYJ3,2025-10-01,2026-09-11T15:18:14Z
SM-S916B,XSG,S916BXXS8EYJ3,2025-10-01,2026-09-11T15:17:55Z
SM-S916B,AFG,S916BXXS8EYK2,2025-11-01,2026-09-11T15:17:58Z
SM-S916B,EGY,S916BXXS8EYK2,2025-11-01,2026-09-11T15:17:49Z
SM-S916B,EUX,S916BXXS8EYK2,2025-11-01,2026-09-11T15:18:04Z
SM-S916B,ILO,S916BXXS8EYK2,2025-11-01,2026-09-11T15:17:42Z
SM-S916B,INS,S916BXXS8EYK2,2025-11-01,2026-09-11T15:18:01Z
SM-S916B,MID,S916BXXS8EYK2,2025-11-01,2026-09-11T15:17:46Z
SM-S916B,TUR,S916BXXS8EYK2,2025-11-01,2026-09-11T15:17:52Z
SM-S916B,XSA,S916BXXS8EYK2,2025-11-01,2026-09-11T15:18:14Z
SM-S916B,XSG,S916BXXS8EYK2,2025-11-01,2026-09-11T15:17:55Z
SM-S916B,AFG,S916BXXS8EYK5,2025-12-01,2026-09-11T15:17:58Z
SM-S916B,EGY,S916BXXS8EYK5,2025-12-01,2026-09-11T15:17:49Z
SM-S916B,EUX,S916BXXS8EYK5,2025-12-01,2026-09-11T15:18:04Z
SM-S916B,ILO,S916BXXS8EYK5,2025-12-01,2026-09-11T15:17:42Z
SM-S916B,INS,S916BXXS8EYK5,2025-12-01,2026-09-11T15:18:01Z
SM-S916B,MID,S916BXXS8EYK5,2025-12-01,2026-09-11T15:17:46Z
SM-S916B,TUR,S916BXXS8EYK5,2025-12-01,2026-09-11T15:17:52Z
SM-S916B,XSA,S916BXXS8EYK5,2025-12-01,2026-09-11T15:18:14Z
SM-S916B,XSG,S916BXXS8EYK5,2025-12-01,2026-09-11T15:17:55Z
SM-S916B,AFG,S916BXXS8EZA1,2026-01-01,2026-09-11T15:17:58Z
SM-S916B,EGY,S916BXXS8EZA1,2026-01-01,2026-09-11T15:17:49Z
SM-S916B,EUX,S916BXXS8EZA1,2026-01-01,2026-09-11T15:18:04Z
SM-S916B,ILO,S916BXXS8EZA1,2026-01-01,2026-09-11T15:17:42Z
SM-S916B,INS,S916BXXS8EZA1,2026-01-01,2026-09-11T15:18:01Z
SM-S916B,MID,S916BXXS8EZA1,2026-01-01,2026-09-11T15:17:46Z
SM-S916B,TUR,S916BXXS8EZA1,2026-01-01,2026-09-11T15:17:52Z
SM-S916B,XSA,S916BXXS8EZA1,2026-01-01,2026-09-11T15:18:14Z
SM-S916B,XSG,S916BXXS8EZA1,2026-01-01,2026-09-11T15:17:55Z
SM-S916B,AFG,S916BXXS9EZB6,2026-02-05,2026-09-11T15:17:58Z
SM-S916B,EGY,S916BXXS9EZB6,2026-02-05,2026-09-11T15:17:49Z
SM-S916B,EUX,S916BXXS9EZB6,2026-02-05,2026-09-11T15:18:04Z
SM-S916B,ILO,S916BXXS9EZB6,2026-02-05,2026-09-11T15:17:42Z
SM-S916B,INS,S916BXXS9EZB6,2026-02-05,2026-09-11T15:18:01Z
SM-S916B,MID,S916BXXS9EZB6,2026-02-05,2026-09-11T15:17:46Z
SM-S916B,TUR,S916BXXS9EZB6,2026-02-05,2026-09-11T15:17:52Z
SM-S916B,XSA,S916BXXS9EZB6,2026-02-05,2026-09-11T15:18:14Z
SM-S916B,XSG,S916BXXS9EZB6,2026-02-05,2026-09-11T15:17:55Z
SM-S916B,AFG,S916BXXS9EZC1,2026-03-05,2026-09-11T15:17:58Z
SM-S916B,EGY,S916BXXS9EZC1,2026-03-05,2026-09-11T15:17:49Z
SM-S916B,EUX,S916BXXS9EZC1,2026-03-05,2026-09-11T15:18:04Z
SM-S916B,ILO,S916BXXS9EZC1,2026-03-05,2026-09-11T15:17:42Z
SM-S916B,INS,S916BXXS9EZC1,2026-03-05,2026-09-11T15:18:01Z
SM-S916B,MID,S916BXXS9EZC1,2026-03-05,2026-09-11T15:17:46Z
SM-S916B,TUR,S916BXXS9EZC1,2026-03-05,2026-09-11T15:17:52Z
SM-S916B,XSA,S916BXXS9EZC1,2026-03-05,2026-09-11T15:18:14Z
SM-S916B,XSG,S916BXXS9EZC1,2026-03-05,2026-09-11T15:17:55Z
SM-S916B,AFG,S916BXXS9EZCI,2026-04-05,2026-09-11T15:17:58Z
SM-S916B,EGY,S916BXXS9EZCI,2026-04-05,2026-09-11T15:17:49Z
SM-S916B,EUX,S916BXXS9EZCI,2026-04-05,2026-09-11T15:18:04Z
SM-S916B,ILO,S916BXXS9EZCI,2026-04-05,2026-09-11T15:17:42Z
SM-S916B,INS,S916BXXS9EZCI,2026-04-05,2026-09-11T15:18:01Z
SM-S916B,MID,S916BXXS9EZCI,2026-04-05,2026-09-11T15:17:46Z
SM-S916B,TUR,S916BXXS9EZCI,2026-04-05,2026-09-11T15:17:52Z
SM-S916B,XSA,S916BXXS9EZCI,2026-04-05,2026-09-11T15:18:14Z
SM-S916B,XSG,S916BXXS9EZCI,2026-04-05,2026-09-11T15:17:55Z
SM-S916B,AFG,S916BXXSAFZE1,2026-05-05,2026-09-11T15:17:58Z
SM-S916B,EGY,S916BXXSAFZE1,2026-05-05,2026-09-11T15:17:49Z
SM-S916B,EUX,S916BXXSAFZE1,2026-05-05,2026-09-11T15:18:04Z
SM-S916B,ILO,S916BXXSAFZE1,2026-05-05,2026-09-11T15:17:42Z
SM-S916B,INS,S916BXXSAFZE1,2026-05-05,2026-09-11T15:18:01Z
SM-S916B,MID,S916BXXSAFZE1,2026-05-05,2026-09-11T15:17:46Z
SM-S916B,TUR,S916BXXSAFZE1,2026-05-05,2026-09-11T15:17:52Z
SM-S916B,XSA,S916BXXSAFZE1,2026-05-05,2026-09-11T15:18:14Z
SM-S916B,XSG,S916BXXSAFZE1,2026-05-05,2026-09-11T15:17:55Z
SM-S916B,AFG,S916BXXSAFZF5,2026-06-05,2026-09-11T15:17:58Z
SM-S916B,EGY,S916BXXSAFZF5,2026-06-05,2026-09-11T15:17:49Z
SM-S916B,EUX,S916BXXSAFZF5,2026-06-05,2026-09-11T15:18:04Z
SM-S916B,ILO,S916BXXSAFZF5,2026-06-05,2026-09-11T15:17:42Z
SM-S916B,INS,S916BXXSAFZF5,2026-06-05,2026-09-11T15:18:01Z
SM-S916B,MID,S916BXXSAFZF5,2026-06-05,2026-09-11T15:17:46Z
SM-S916B,TUR,S916BXXSAFZF5,2026-06-05,2026-09-11T15:17:52Z
SM-S916B,XSA,S916BXXSAFZF5,2026-06-05,2026-09-11T15:18:14Z
SM-S916B,XSG,S916BXXSAFZF5,2026-06-05,2026-09-11T15:17:55Z
SM-S916B,AFG,S916BXXSAFZG1,2026-07-05,2026-09-11T15:17:58Z
SM-S916B,EGY,S916BXXSAFZG1,2026-07-05,2026-09-11T15:17:49Z
SM-S916B,EUX,S916BXXSAFZG1,2026-07-05,2026-09-11T15:18:04Z
SM-S916B,ILO,S916BXXSAFZG1,2026-07-05,2026-09-11T15:17:42Z
SM-S916B,INS,S916BXXSAFZG1,2026-07-05,2026-09-11T15:18:01Z
SM-S916B,MID,S916BXXSAFZG1,2026-07-05,2026-09-11T15:17:46Z
SM-S916B,TUR,S916BXXSAFZG1,2026-07-05,2026-09-11T15:17:52Z
SM-S916B,XSA,S916BXXSAFZG1,2026-07-05,2026-09-11T15:18:14Z
SM-S916B,XSG,S916BXXSAFZG1,2026-07-05,2026-09-11T15:17:55Z
SM-S916B,AFG,S916BXXSAFZH3,2026-08-05,2026-09-11T15:17:58Z
SM-S916B,EGY,S916BXXSAFZH3,2026-08-05,2026-09-11T15:17:49Z
SM-S916B,EUX,S916BXXSAFZH3,2026-08-05,2026-09-11T15:18:04Z
SM-S916B,ILO,S916BXXSAFZH3,2026-08-05,2026-09-11T15:17:42Z
SM-S916B,INS,S916BXXSAFZH3,2026-08-05,2026-09-11T15:18:01Z
SM-S916B,MID,S916BXXSAFZH3,2026-08-05,2026-09-11T15:17:46Z
SM-S916B,TUR,S916BXXSAFZH3,2026-08-05,2026-09-11T15:17:52Z
SM-S916B,XSA,S916BXXSAFZH3,2026-08-05,2026-09-11T15:18:14Z
SM-S916B,XSG,S916BXXSAFZH3,2026-08-05,2026-09-11T15:17:55Z
SM-S916B,AFG,S916BXXU1AWBD,2023-02-01,2026-09-11T15:17:58Z
SM-S916B,EGY,S916BXXU1AWBD,2023-02-01,2026-09-11T15:17:49Z
SM-S916B,EUX,S916BXXU1AWBD,2023-02-01,2026-09-11T15:18:04Z
SM-S916B,ILO,S916BXXU1AWBD,2023-02-01,2026-09-11T15:17:42Z
SM-S916B,INS,S916BXXU1AWBD,2023-02-01,2026-09-11T15:18:01Z
SM-S916B,MID,S916BXXU1AWBD,2023-02-01,2026-09-11T15:17:46Z
SM-S916B,TUR,S916BXXU1AWBD,2023-02-01,2026-09-11T15:17:52Z
SM-S916B,XSA,S916BXXU1AWBD,2023-02-01,2026-09-11T15:18:14Z
SM-S916B,XSG,S916BXXU1AWBD,2023-02-01,2026-09-11T15:17:55Z
SM-S916B,AFG,S916BXXU1AWC8,2023-04-01,2026-09-11T15:17:58Z
SM-S916B,EGY,S916BXXU1AWC8,2023-04-01,2026-09-11T15:17:49Z
SM-S916B,EUX,S916BXXU1AWC8,2023-04-01,2026-09-11T15:18:04Z
SM-S916B,ILO,S916BXXU1AWC8,2023-04-01,2026-09-11T15:17:42Z
SM-S916B,INS,S916BXXU1AWC8,2023-04-01,2026-09-11T15:18:01Z
SM-S916B,MID,S916BXXU1AWC8,2023-04-01,2026-09-11T15:17:46Z
SM-S916B,TUR,S916BXXU1AWC8,2023-04-01,2026-09-11T15:17:52Z
SM-S916B,XSA,S916BXXU1AWC8,2023-04-01,2026-09-11T15:18:14Z
SM-S916B,XSG,S916BXXU1AWC8,2023-04-01,2026-09-11T15:17:55Z
SM-S916B,AFG,S916BXXU2AWF1,2023-06-01,2026-09-11T15:17:58Z
SM-S916B,EGY,S916BXXU2AWF1,2023-06-01,2026-09-11T15:17:49Z
SM-S916B,EUX,S916BXXU2AWF1,2023-06-01,2026-09-11T15:18:04Z
SM-S916B,ILO,S916BXXU2AWF1,2023-06-01,2026-09-11T15:17:42Z
SM-S916B,MID,S916BXXU2AWF1,2023-06-01,2026-09-11T15:17:46Z
SM-S916B,TUR,S916BXXU2AWF1,2023-06-01,2026-09-11T15:17:52Z
SM-S916B,XSA,S916BXXU2AWF1,2023-06-01,2026-09-11T15:18:14Z
SM-S916B,XSG,S916BXXU2AWF1,2023-06-01,2026-09-11T15:17:55Z
SM-S916B,INS,S916BXXU2AWF3,2023-06-01,2026-09-11T15:18:01Z
SM-S916B,AFG,S916BXXU3AWGJ,2023-08-01,2026-09-11T15:17:58Z
SM-S916B,EGY,S916BXXU3AWGJ,2023-08-01,2026-09-11T15:17:49Z
SM-S916B,EUX,S916BXXU3AWGJ,2023-08-01,2026-09-11T15:18:04Z
SM-S916B,ILO,S916BXXU3AWGJ,2023-08-01,2026-09-11T15:17:42Z
SM-S916B,MID,S916BXXU3AWGJ,2023-08-01,2026-09-11T15:17:46Z
SM-S916B,TUR,S916BXXU3AWGJ,2023-08-01,2026-09-11T15:17:52Z
SM-S916B,XSA,S916BXXU3AWGJ,2023-08-01,2026-09-11T15:18:14Z
SM-S916B,XSG,S916BXXU3AWGJ,2023-08-01,2026-09-11T15:17:55Z
SM-S916B,INS,S916BXXU3AWH3,2023-08-01,2026-09-11T15:18:01Z
SM-S916B,AFG,S916BXXU3BWJM,2023-10-01,2026-09-11T15:17:58Z
SM-S916B,EGY,S916BXXU3BWJM,2023-10-01,2026-09-11T15:17:49Z
SM-S916B,EUX,S916BXXU3BWJM,2023-10-01,2026-09-11T15:18:04Z
SM-S916B,ILO,S916BXXU3BWJM,2023-10-01,2026-09-11T15:17:42Z
SM-S916B,INS,S916BXXU3BWJM,2023-10-01,2026-09-11T15:18:01Z
SM-S916B,MID,S916BXXU3BWJM,2023-10-01,2026-09-11T15:17:46Z
SM-S916B,TUR,S916BXXU3BWJM,2023-10-01,2026-09-11T15:17:52Z
SM-S916B,XSA,S916BXXU3BWJM,2023-10-01,2026-09-11T15:18:14Z
SM-S916B,XSG,S916BXXU3BWJM,2023-10-01,2026-09-11T15:17:55Z
SM-S916B,AFG,S916BXXU3CXCF,2024-03-01,2026-09-11T15:17:58Z
SM-S916B,EGY,S916BXXU3CXCF,2024-03-01,2026-09-11T15:17:49Z
SM-S916B,EUX,S916BXXU3CXCF,2024-03-01,2026-09-11T15:18:04Z
SM-S916B,ILO,S916BXXU3CXCF,2024-03-01,2026-09-11T15:17:42Z
SM-S916B,INS,S916BXXU3CXCF,2024-03-01,2026-09-11T15:18:01Z
SM-S916B,MID,S916BXXU3CXCF,2024-03-01,2026-09-11T15:17:46Z
SM-S916B,TUR,S916BXXU3CXCF,2024-03-01,2026-09-11T15:17:52Z
SM-S916B,XSA,S916BXXU3CXCF,2024-03-01,2026-09-11T15:18:14Z
SM-S916B,XSG,S916BXXU3CXCF,2024-03-01,2026-09-11T15:17:55Z
SM-S916B,EUX,S916BXXU3CXD3,2024-04-01,2026-09-11T15:18:04Z
SM-S916B,EUX,S916BXXU5CXE3,2024-05-01,2026-09-11T15:18:04Z
SM-S916B,AFG,S916BXXU6CXH7,2024-08-01,2026-09-11T15:17:58Z
SM-S916B,EGY,S916BXXU6CXH7,2024-08-01,2026-09-11T15:17:49Z
SM-S916B,EUX,S916BXXU6CXH7,2024-08-01,2026-09-11T15:18:04Z
SM-S916B,ILO,S916BXXU6CXH7,2024-08-01,2026-09-11T15:17:42Z
SM-S916B,INS,S916BXXU6CXH7,2024-08-01,2026-09-11T15:18:01Z
SM-S916B,MID,S916BXXU6CXH7,2024-08-01,2026-09-11T15:17:46Z
SM-S916B,TUR,S916BXXU6CXH7,2024-08-01,2026-09-11T15:17:52Z
SM-S916B,XSA,S916BXXU6CXH7,2024-08-01,2026-09-11T15:18:14Z
SM-S916B,XSG,S916BXXU6CXH7,2024-08-01,2026-09-11T15:17:55Z
SM-S916B,AFG,S916BXXU7CXK4,2024-11-01,2026-09-11T15:17:58Z
SM-S916B,EGY,S916BXXU7CXK4,2024-11-01,2026-09-11T15:17:49Z
SM-S916B,EUX,S916BXXU7CXK4,2024-11-01,2026-09-11T15:18:04Z
SM-S916B,ILO,S916BXXU7CXK4,2024-11-01,2026-09-11T15:17:42Z
SM-S916B,INS,S916BXXU7CXK4,2024-11-01,2026-09-11T15:18:01Z
SM-S916B,MID,S916BXXU7CXK4,2024-11-01,2026-09-11T15:17:46Z
SM-S916B,TUR,S916BXXU7CXK4,2024-11-01,2026-09-11T15:17:52Z
SM-S916B,XSA,S916BXXU7CXK4,2024-11-01,2026-09-11T15:18:14Z
SM-S916B,XSG,S916BXXU7CXK4,2024-11-01,2026-09-11T15:17:55Z
SM-S916B,AFG,S916BXXU8CYB4,2025-02-01,2026-09-11T15:17:58Z
SM-S916B,EGY,S916BXXU8CYB4,2025-02-01,2026-09-11T15:17:49Z
SM-S916B,EUX,S916BXXU8CYB4,2025-02-01,2026-09-11T15:18:04Z
SM-S916B,ILO,S916BXXU8CYB4,2025-02-01,2026-09-11T15:17:42Z
SM-S916B,INS,S916BXXU8CYB4,2025-02-01,2026-09-11T15:18:01Z
SM-S916B,MID,S916BXXU8CYB4,2025-02-01,2026-09-11T15:17:46Z
SM-S916B,TUR,S916BXXU8CYB4,2025-02-01,2026-09-11T15:17:52Z
SM-S916B,XSA,S916BXXU8CYB4,2025-02-01,2026-09-11T15:18:14Z
SM-S916B,XSG,S916BXXU8CYB4,2025-02-01,2026-09-11T15:17:55Z
SM-S916B,AFG,S916BXXU8DYD9,2025-04-01,2026-09-11T15:17:58Z
SM-S916B,EGY,S916BXXU8DYD9,2025-04-01,2026-09-11T15:17:49Z
SM-S916B,EUX,S916BXXU8DYD9,2025-04-01,2026-09-11T15:18:04Z
SM-S916B,ILO,S916BXXU8DYD9,2025-04-01,2026-09-11T15:17:42Z
SM-S916B,INS,S916BXXU8DYD9,2025-04-01,2026-09-11T15:18:01Z
SM-S916B,MID,S916BXXU8DYD9,2025-04-01,2026-09-11T15:17:46Z
SM-S916B,TUR,S916BXXU8DYD9,2025-04-01,2026-09-11T15:17:52Z
SM-S916B,XSA,S916BXXU8DYD9,2025-04-01,2026-09-11T15:18:14Z
SM-S916B,XSG,S916BXXU8DYD9,2025-04-01,2026-09-11T15:17:55Z
SM-S916B,AFG,S916BXXU8EYI5,2025-09-01,2026-09-11T15:17:58Z
SM-S916B,EGY,S916BXXU8EYI5,2025-09-01,2026-09-11T15:17:49Z
SM-S916B,EUX,S916BXXU8EYI5,2025-09-01,2026-09-11T15:18:04Z
SM-S916B,ILO,S916BXXU8EYI5,2025-09-01,2026-09-11T15:17:42Z
SM-S916B,INS,S916BXXU8EYI5,2025-09-01,2026-09-11T15:18:01Z
SM-S916B,MID,S916BXXU8EYI5,2025-09-01,2026-09-11T15:17:46Z
SM-S916B,TUR,S916BXXU8EYI5,2025-09-01,2026-09-11T15:17:52Z
SM-S916B,XSA,S916BXXU8EYI5,2025-09-01,2026-09-11T15:18:14Z
SM-S916B,XSG,S916BXXU8EYI5,2025-09-01,2026-09-11T15:17:55Z
SM-S916B,AFG,S916BXXU9FZDP,2026-04-05,2026-09-11T15:17:58Z
SM-S916B,EGY,S916BXXU9FZDP,2026-04-05,2026-09-11T15:17:49Z
SM-S916B,EUX,S916BXXU9FZDP,2026-04-05,2026-09-11T15:18:04Z
SM-S916B,ILO,S916BXXU9FZDP,2026-04-05,2026-09-11T15:17:42Z
SM-S916B,INS,S916BXXU9FZDP,2026-04-05,2026-09-11T15:18:01Z
SM-S916B,MID,S916BXXU9FZDP,2026-04-05,2026-09-11T15:17:46Z
SM-S916B,TUR,S916BXXU9FZDP,2026-04-05,2026-09-11T15:17:52Z
SM-S916B,XSA,S916BXXU9FZDP,2026-04-05,2026-09-11T15:18:14Z
SM-S916B,XSG,S916BXXU9FZDP,2026-04-05,2026-09-11T15:17:55Z
SM-S918B,AFG,S918BXXS1AWBM,2023-03-01,2026-09-11T15:18:35Z
SM-S918B,EGY,S918BXXS1AWBM,2023-03-01,2026-09-11T15:18:26Z
SM-S918B,EUX,S918BXXS1AWBM,2023-03-01,2026-09-11T15:18:41Z
SM-S918B,ILO,S918BXXS1AWBM,2023-03-01,2026-09-11T15:18:20Z
SM-S918B,INS,S918BXXS1AWBM,2023-03-01,2026-09-11T15:18:38Z
SM-S918B,MID,S918BXXS1AWBM,2023-03-01,2026-09-11T15:18:23Z
SM-S918B,TUR,S918BXXS1AWBM,2023-03-01,2026-09-11T15:18:29Z
SM-S918B,XSA,S918BXXS1AWBM,2023-03-01,2026-09-11T15:18:51Z
SM-S918B,XSG,S918BXXS1AWBM,2023-03-01,2026-09-11T15:18:32Z
SM-S918B,AFG,S918BXXS1AWD1,2023-05-01,2026-09-11T15:18:35Z
SM-S918B,EGY,S918BXXS1AWD1,2023-05-01,2026-09-11T15:18:26Z
SM-S918B,EUX,S918BXXS1AWD1,2023-05-01,2026-09-11T15:18:41Z
SM-S918B,ILO,S918BXXS1AWD1,2023-05-01,2026-09-11T15:18:20Z
SM-S918B,INS,S918BXXS1AWD1,2023-05-01,2026-09-11T15:18:38Z
SM-S918B,MID,S918BXXS1AWD1,2023-05-01,2026-09-11T15:18:23Z
SM-S918B,TUR,S918BXXS1AWD1,2023-05-01,2026-09-11T15:18:29Z
SM-S918B,XSA,S918BXXS1AWD1,2023-05-01,2026-09-11T15:18:51Z
SM-S918B,XSG,S918BXXS1AWD1,2023-05-01,2026-09-11T15:18:32Z
SM-S918B,AFG,S918BXXS3AWF7,2023-07-01,2026-09-11T15:18:35Z
SM-S918B,EGY,S918BXXS3AWF7,2023-07-01,2026-09-11T15:18:26Z
SM-S918B,EUX,S918BXXS3AWF7,2023-07-01,2026-09-11T15:18:41Z
SM-S918B,ILO,S918BXXS3AWF7,2023-07-01,2026-09-11T15:18:20Z
SM-S918B,MID,S918BXXS3AWF7,2023-07-01,2026-09-11T15:18:23Z
SM-S918B,TUR,S918BXXS3AWF7,2023-07-01,2026-09-11T15:18:29Z
SM-S918B,XSA,S918BXXS3AWF7,2023-07-01,2026-09-11T15:18:51Z
SM-S918B,XSG,S918BXXS3AWF7,2023-07-01,2026-09-11T15:18:32Z
SM-S918B,INS,S918BXXS3AWF9,2023-07-01,2026-09-11T15:18:38Z
SM-S918B,AFG,S918BXXS3AWHR,2023-09-01,2026-09-11T15:18:35Z
SM-S918B,EGY,S918BXXS3AWHR,2023-09-01,2026-09-11T15:18:26Z
SM-S918B,EUX,S918BXXS3AWHR,2023-09-01,2026-09-11T15:18:41Z
SM-S918B,ILO,S918BXXS3AWHR,2023-09-01,2026-09-11T15:18:20Z
SM-S918B,MID,S918BXXS3AWHR,2023-09-01,2026-09-11T15:18:23Z
SM-S918B,TUR,S918BXXS3AWHR,2023-09-01,2026-09-11T15:18:29Z
SM-S918B,XSA,S918BXXS3AWHR,2023-09-01,2026-09-11T15:18:51Z
SM-S918B,XSG,S918BXXS3AWHR,2023-09-01,2026-09-11T15:18:32Z
SM-S918B,INS,S918BXXS3AWI1,2023-09-01,2026-09-11T15:18:38Z
SM-S918B,AFG,S918BXXS3AWIF,2023-10-01,2026-09-11T15:18:35Z
SM-S918B,EGY,S918BXXS3AWIF,2023-10-01,2026-09-11T15:18:26Z
SM-S918B,EUX,S918BXXS3AWIF,2023-10-01,2026-09-11T15:18:41Z
SM-S918B,ILO,S918BXXS3AWIF,2023-10-01,2026-09-11T15:18:20Z
SM-S918B,MID,S918BXXS3AWIF,2023-10-01,2026-09-11T15:18:23Z
SM-S918B,TUR,S918BXXS3AWIF,2023-10-01,2026-09-11T15:18:29Z
SM-S918B,XSA,S918BXXS3AWIF,2023-10-01,2026-09-11T15:18:51Z
SM-S918B,XSG,S918BXXS3AWIF,2023-10-01,2026-09-11T15:18:32Z
SM-S918B,INS,S918BXXS3AWIG,2023-10-01,2026-09-11T15:18:38Z
SM-S918B,AFG,S918BXXS3BWK5,2023-11-01,2026-09-11T15:18:35Z
SM-S918B,EGY,S918BXXS3BWK5,2023-11-01,2026-09-11T15:18:26Z
SM-S918B,EUX,S918BXXS3BWK5,2023-11-01,2026-09-11T15:18:41Z
SM-S918B,ILO,S918BXXS3BWK5,2023-11-01,2026-09-11T15:18:20Z
SM-S918B,INS,S918BXXS3BWK5,2023-11-01,2026-09-11T15:18:38Z
SM-S918B,MID,S918BXXS3BWK5,2023-11-01,2026-09-11T15:18:23Z
SM-S918B,TUR,S918BXXS3BWK5,2023-11-01,2026-09-11T15:18:29Z
SM-S918B,XSA,S918BXXS3BWK5,2023-11-01,2026-09-11T15:18:51Z
SM-S918B,XSG,S918BXXS3BWK5,2023-11-01,2026-09-11T15:18:32Z
SM-S918B,AFG,S918BXXS3BWKC,2023-12-01,2026-09-11T15:18:35Z
SM-S918B,EGY,S918BXXS3BWKC,2023-12-01,2026-09-11T15:18:26Z
SM-S918B,EUX,S918BXXS3BWKC,2023-12-01,2026-09-11T15:18:41Z
SM-S918B,ILO,S918BXXS3BWKC,2023-12-01,2026-09-11T15:18:20Z
SM-S918B,INS,S918BXXS3BWKC,2023-12-01,2026-09-11T15:18:38Z
SM-S918B,MID,S918BXXS3BWKC,2023-12-01,2026-09-11T15:18:23Z
SM-S918B,TUR,S918BXXS3BWKC,2023-12-01,2026-09-11T15:18:29Z
SM-S918B,XSA,S918BXXS3BWKC,2023-12-01,2026-09-11T15:18:51Z
SM-S918B,XSG,S918BXXS3BWKC,2023-12-01,2026-09-11T15:18:32Z
SM-S918B,AFG,S918BXXS3BWL3,2024-01-01,2026-09-11T15:18:35Z
SM-S918B,EGY,S918BXXS3BWL3,2024-01-01,2026-09-11T15:18:26Z
SM-S918B,EUX,S918BXXS3BWL3,2024-01-01,2026-09-11T15:18:41Z
SM-S918B,ILO,S918BXXS3BWL3,2024-01-01,2026-09-11T15:18:20Z
SM-S918B,INS,S918BXXS3BWL3,2024-01-01,2026-09-11T15:18:38Z
SM-S918B,MID,S918BXXS3BWL3,2024-01-01,2026-09-11T15:18:23Z
SM-S918B,TUR,S918BXXS3BWL3,2024-01-01,2026-09-11T15:18:29Z
SM-S918B,XSA,S918BXXS3BWL3,2024-01-01,2026-09-11T15:18:51Z
SM-S918B,XSG,S918BXXS3BWL3,2024-01-01,2026-09-11T15:18:32Z
SM-S918B,AFG,S918BXXS3BXAD,2024-02-01,2026-09-11T15:18:35Z
SM-S918B,EGY,S918BXXS3BXAD,2024-02-01,2026-09-11T15:18:26Z
SM-S918B,EUX,S918BXXS3BXAD,2024-02-01,2026-09-11T15:18:41Z
SM-S918B,ILO,S918BXXS3BXAD,2024-02-01,2026-09-11T15:18:20Z
SM-S918B,INS,S918BXXS3BXAD,2024-02-01,2026-09-11T15:18:38Z
SM-S918B,MID,S918BXXS3BXAD,2024-02-01,2026-09-11T15:18:23Z
SM-S918B,TUR,S918BXXS3BXAD,2024-02-01,2026-09-11T15:18:29Z
SM-S918B,XSA,S918BXXS3BXAD,2024-02-01,2026-09-11T15:18:51Z
SM-S918B,XSG,S918BXXS3BXAD,2024-02-01,2026-09-11T15:18:32Z
SM-S918B,AFG,S918BXXS3BXBD,2024-03-01,2026-09-11T15:18:35Z
SM-S918B,EGY,S918BXXS3BXBD,2024-03-01,2026-09-11T15:18:26Z
SM-S918B,EUX,S918BXXS3BXBD,2024-03-01,2026-09-11T15:18:41Z
SM-S918B,ILO,S918BXXS3BXBD,2024-03-01,2026-09-11T15:18:20Z
SM-S918B,INS,S918BXXS3BXBD,2024-03-01,2026-09-11T15:18:38Z
SM-S918B,MID,S918BXXS3BXBD,2024-03-01,2026-09-11T15:18:23Z
SM-S918B,TUR,S918BXXS3BXBD,2024-03-01,2026-09-11T15:18:29Z
SM-S918B,XSA,S918BXXS3BXBD,2024-03-01,2026-09-11T15:18:51Z
SM-S918B,XSG,S918BXXS3BXBD,2024-03-01,2026-09-11T15:18:32Z
SM-S918B,AFG,S918BXXS3CXD2,2024-04-01,2026-09-11T15:18:35Z
SM-S918B,EGY,S918BXXS3CXD2,2024-04-01,2026-09-11T15:18:26Z
SM-S918B,EUX,S918BXXS3CXD2,2024-04-01,2026-09-11T15:18:41Z
SM-S918B,ILO,S918BXXS3CXD2,2024-04-01,2026-09-11T15:18:20Z
SM-S918B,INS,S918BXXS3CXD2,2024-04-01,2026-09-11T15:18:38Z
SM-S918B,MID,S918BXXS3CXD2,2024-04-01,2026-09-11T15:18:23Z
SM-S918B,TUR,S918BXXS3CXD2,2024-04-01,2026-09-11T15:18:29Z
SM-S918B,XSA,S918BXXS3CXD2,2024-04-01,2026-09-11T15:18:51Z
SM-S918B,XSG,S918BXXS3CXD2,2024-04-01,2026-09-11T15:18:32Z
SM-S918B,XSG,S918BXXS4CXD8,2024-04-01,2026-09-11T15:18:32Z
SM-S918B,AFG,S918BXXS5CXDE,2024-05-01,2026-09-11T15:18:35Z
SM-S918B,EGY,S918BXXS5CXDE,2024-05-01,2026-09-11T15:18:26Z
SM-S918B,ILO,S918BXXS5CXDE,2024-05-01,2026-09-11T15:18:20Z
SM-S918B,INS,S918BXXS5CXDE,2024-05-01,2026-09-11T15:18:38Z
SM-S918B,MID,S918BXXS5CXDE,2024-05-01,2026-09-11T15:18:23Z
SM-S918B,TUR,S918BXXS5CXDE,2024-05-01,2026-09-11T15:18:29Z
SM-S918B,XSA,S918BXXS5CXDE,2024-05-01,2026-09-11T15:18:51Z
SM-S918B,XSG,S918BXXS5CXDE,2024-05-01,2026-09-11T15:18:32Z
SM-S918B,EUX,S918BXXS5CXDF,2024-05-01,2026-09-11T15:18:41Z
SM-S918B,AFG,S918BXXS5CXE7,2024-06-01,2026-09-11T15:18:35Z
SM-S918B,EGY,S918BXXS5CXE7,2024-06-01,2026-09-11T15:18:26Z
SM-S918B,ILO,S918BXXS5CXE7,2024-06-01,2026-09-11T15:18:20Z
SM-S918B,INS,S918BXXS5CXE7,2024-06-01,2026-09-11T15:18:38Z
SM-S918B,MID,S918BXXS5CXE7,2024-06-01,2026-09-11T15:18:23Z
SM-S918B,TUR,S918BXXS5CXE7,2024-06-01,2026-09-11T15:18:29Z
SM-S918B,XSA,S918BXXS5CXE7,2024-06-01,2026-09-11T15:18:51Z
SM-S918B,XSG,S918BXXS5CXE7,2024-06-01,2026-09-11T15:18:32Z
SM-S918B,EUX,S918BXXS5CXE9,2024-06-01,2026-09-11T15:18:41Z
SM-S918B,AFG,S918BXXS6CXFC,2024-07-01,2026-09-11T15:18:35Z
SM-S918B,EGY,S918BXXS6CXFC,2024-07-01,2026-09-11T15:18:26Z
SM-S918B,ILO,S918BXXS6CXFC,2024-07-01,2026-09-11T15:18:20Z
SM-S918B,INS,S918BXXS6CXFC,2024-07-01,2026-09-11T15:18:38Z
SM-S918B,MID,S918BXXS6CXFC,2024-07-01,2026-09-11T15:18:23Z
SM-S918B,TUR,S918BXXS6CXFC,2024-07-01,2026-09-11T15:18:29Z
SM-S918B,XSA,S918BXXS6CXFC,2024-07-01,2026-09-11T15:18:51Z
SM-S918B,XSG,S918BXXS6CXFC,2024-07-01,2026-09-11T15:18:32Z
SM-S918B,EUX,S918BXXS6CXFE,2024-07-01,2026-09-11T15:18:41Z
SM-S918B,AFG,S918BXXS6CXG8,2024-08-01,2026-09-11T15:18:35Z
SM-S918B,EGY,S918BXXS6CXG8,2024-08-01,2026-09-11T15:18:26Z
SM-S918B,ILO,S918BXXS6CXG8,2024-08-01,2026-09-11T15:18:20Z
SM-S918B,INS,S918BXXS6CXG8,2024-08-01,2026-09-11T15:18:38Z
SM-S918B,MID,S918BXXS6CXG8,2024-08-01,2026-09-11T15:18:23Z
SM-S918B,TUR,S918BXXS6CXG8,2024-08-01,2026-09-11T15:18:29Z
SM-S918B,XSA,S918BXXS6CXG8,2024-08-01,2026-09-11T15:18:51Z
SM-S918B,XSG,S918BXXS6CXG8,2024-08-01,2026-09-11T15:18:32Z
SM-S918B,EUX,S918BXXS6CXGA,2024-08-01,2026-09-11T15:18:41Z
SM-S918B,XSA,S918BXXS6CXHA,2024-09-01,2026-09-11T15:18:51Z
SM-S918B,AFG,S918BXXS6CXI4,2024-10-01,2026-09-11T15:18:35Z
SM-S918B,EGY,S918BXXS6CXI4,2024-10-01,2026-09-11T15:18:26Z
SM-S918B,EUX,S918BXXS6CXI4,2024-10-01,2026-09-11T15:18:41Z
SM-S918B,ILO,S918BXXS6CXI4,2024-10-01,2026-09-11T15:18:20Z
SM-S918B,INS,S918BXXS6CXI4,2024-10-01,2026-09-11T15:18:38Z
SM-S918B,MID,S918BXXS6CXI4,2024-10-01,2026-09-11T15:18:23Z
SM-S918B,TUR,S918BXXS6CXI4,2024-10-01,2026-09-11T15:18:29Z
SM-S918B,XSA,S918BXXS6CXI4,2024-10-01,2026-09-11T15:18:51Z
SM-S918B,XSG,S918BXXS6CXI4,2024-10-01,2026-09-11T15:18:32Z
SM-S918B,AFG,S918BXXS7CXK6,2024-12-01,2026-09-11T15:18:35Z
SM-S918B,EGY,S918BXXS7CXK6,2024-12-01,2026-09-11T15:18:26Z
SM-S918B,EUX,S918BXXS7CXK6,2024-12-01,2026-09-11T15:18:41Z
SM-S918B,ILO,S918BXXS7CXK6,2024-12-01,2026-09-11T15:18:20Z
SM-S918B,INS,S918BXXS7CXK6,2024-12-01,2026-09-11T15:18:38Z
SM-S918B,MID,S918BXXS7CXK6,2024-12-01,2026-09-11T15:18:23Z
SM-S918B,TUR,S918BXXS7CXK6,2024-12-01,2026-09-11T15:18:29Z
SM-S918B,XSA,S918BXXS7CXK6,2024-12-01,2026-09-11T15:18:51Z
SM-S918B,XSG,S918BXXS7CXK6,2024-12-01,2026-09-11T15:18:32Z
SM-S918B,AFG,S918BXXS7CXL2,2025-01-01,2026-09-11T15:18:35Z
SM-S918B,EGY,S918BXXS7CXL2,2025-01-01,2026-09-11T15:18:26Z
SM-S918B,EUX,S918BXXS7CXL2,2025-01-01,2026-09-11T15:18:41Z
SM-S918B,ILO,S918BXXS7CXL2,2025-01-01,2026-09-11T15:18:20Z
SM-S918B,INS,S918BXXS7CXL2,2025-01-01,2026-09-11T15:18:38Z
SM-S918B,MID,S918BXXS7CXL2,2025-01-01,2026-09-11T15:18:23Z
SM-S918B,TUR,S918BXXS7CXL2,2025-01-01,2026-09-11T15:18:29Z
SM-S918B,XSA,S918BXXS7CXL2,2025-01-01,2026-09-11T15:18:51Z
SM-S918B,XSG,S918BXXS7CXL2,2025-01-01,2026-09-11T15:18:32Z
SM-S918B,AFG,S918BXXS8CYBD,2025-03-01,2026-09-11T15:18:35Z
SM-S918B,EGY,S918BXXS8CYBD,2025-03-01,2026-09-11T15:18:26Z
SM-S918B,EUX,S918BXXS8CYBD,2025-03-01,2026-09-11T15:18:41Z
SM-S918B,ILO,S918BXXS8CYBD,2025-03-01,2026-09-11T15:18:20Z
SM-S918B,INS,S918BXXS8CYBD,2025-03-01,2026-09-11T15:18:38Z
SM-S918B,MID,S918BXXS8CYBD,2025-03-01,2026-09-11T15:18:23Z
SM-S918B,TUR,S918BXXS8CYBD,2025-03-01,2026-09-11T15:18:29Z
SM-S918B,XSA,S918BXXS8CYBD,2025-03-01,2026-09-11T15:18:51Z
SM-S918B,XSG,S918BXXS8CYBD,2025-03-01,2026-09-11T15:18:32Z
SM-S918B,AFG,S918BXXS8DYDB,2025-05-01,2026-09-11T15:18:35Z
SM-S918B,EGY,S918BXXS8DYDB,2025-05-01,2026-09-11T15:18:26Z
SM-S918B,EUX,S918BXXS8DYDB,2025-05-01,2026-09-11T15:18:41Z
SM-S918B,ILO,S918BXXS8DYDB,2025-05-01,2026-09-11T15:18:20Z
SM-S918B,INS,S918BXXS8DYDB,2025-05-01,2026-09-11T15:18:38Z
SM-S918B,MID,S918BXXS8DYDB,2025-05-01,2026-09-11T15:18:23Z
SM-S918B,TUR,S918BXXS8DYDB,2025-05-01,2026-09-11T15:18:29Z
SM-S918B,XSA,S918BXXS8DYDB,2025-05-01,2026-09-11T15:18:51Z
SM-S918B,XSG,S918BXXS8DYDB,2025-05-01,2026-09-11T15:18:32Z
SM-S918B,AFG,S918BXXS8DYF1,2025-06-01,2026-09-11T15:18:35Z
SM-S918B,EGY,S918BXXS8DYF1,2025-06-01,2026-09-11T15:18:26Z
SM-S918B,EUX,S918BXXS8DYF1,2025-06-01,2026-09-11T15:18:41Z
SM-S918B,ILO,S918BXXS8DYF1,2025-06-01,2026-09-11T15:18:20Z
SM-S918B,INS,S918BXXS8DYF1,2025-06-01,2026-09-11T15:18:38Z
SM-S918B,MID,S918BXXS8DYF1,2025-06-01,2026-09-11T15:18:23Z
SM-S918B,TUR,S918BXXS8DYF1,2025-06-01,2026-09-11T15:18:29Z
SM-S918B,XSA,S918BXXS8DYF1,2025-06-01,2026-09-11T15:18:51Z
SM-S918B,XSG,S918BXXS8DYF1,2025-06-01,2026-09-11T15:18:32Z
SM-S918B,AFG,S918BXXS8DYG1,2025-07-01,2026-09-11T15:18:35Z
SM-S918B,EGY,S918BXXS8DYG1,2025-07-01,2026-09-11T15:18:26Z
SM-S918B,EUX,S918BXXS8DYG1,2025-07-01,2026-09-11T15:18:41Z
SM-S918B,ILO,S918BXXS8DYG1,2025-07-01,2026-09-11T15:18:20Z
SM-S918B,INS,S918BXXS8DYG1,2025-07-01,2026-09-11T15:18:38Z
SM-S918B,MID,S918BXXS8DYG1,2025-07-01,2026-09-11T15:18:23Z
SM-S918B,TUR,S918BXXS8DYG1,2025-07-01,2026-09-11T15:18:29Z
SM-S918B,XSA,S918BXXS8DYG1,2025-07-01,2026-09-11T15:18:51Z
SM-S918B,XSG,S918BXXS8DYG1,2025-07-01,2026-09-11T15:18:32Z
SM-S918B,AFG,S918BXXS8DYG5,2025-08-01,2026-09-11T15:18:35Z
SM-S918B,EGY,S918BXXS8DYG5,2025-08-01,2026-09-11T15:18:26Z
SM-S918B,EUX,S918BXXS8DYG5,2025-08-01,2026-09-11T15:18:41Z
SM-S918B,ILO,S918BXXS8DYG5,2025-08-01,2026-09-11T15:18:20Z
SM-S918B,INS,S918BXXS8DYG5,2025-08-01,2026-09-11T15:18:38Z
SM-S918B,MID,S918BXXS8DYG5,2025-08-01,2026-09-11T15:18:23Z
SM-S918B,TUR,S918BXXS8DYG5,2025-08-01,2026-09-11T15:18:29Z
SM-S918B,XSA,S918BXXS8DYG5,2025-08-01,2026-09-11T15:18:51Z
SM-S918B,XSG,S918BXXS8DYG5,2025-08-01,2026-09-11T15:18:32Z
SM-S918B,AFG,S918BXXS8DYI3,2025-09-01,2026-09-11T15:18:35Z
SM-S918B,EGY,S918BXXS8DYI3,2025-09-01,2026-09-11T15:18:26Z
SM-S918B,EUX,S918BXXS8DYI3,2025-09-01,2026-09-11T15:18:41Z
SM-S918B,ILO,S918BXXS8DYI3,2025-09-01,2026-09-11T15:18:20Z
SM-S918B,INS,S918BXXS8DYI3,2025-09-01,2026-09-11T15:18:38Z
SM-S918B,MID,S918BXXS8DYI3,2025-09-01,2026-09-11T15:18:23Z
SM-S918B,TUR,S918BXXS8DYI3,2025-09-01,2026-09-11T15:18:29Z
SM-S918B,XSA,S918BXXS8DYI3,2025-09-01,2026-09-11T15:18:51Z
SM-S918B,XSG,S918BXXS8DYI3,2025-09-01,2026-09-11T15:18:32Z
SM-S918B,AFG,S918BXXS8EYJ3,2025-10-01,2026-09-11T15:18:35Z
SM-S918B,EGY,S918BXXS8EYJ3,2025-10-01,2026-09-11T15:18:26Z
SM-S918B,EUX,S918BXXS8EYJ3,2025-10-01,2026-09-11T15:18:41Z
SM-S918B,ILO,S918BXXS8EYJ3,2025-10-01,2026-09-11T15:18:20Z
SM-S918B,INS,S918BXXS8EYJ3,2025-10-01,2026-09-11T15:18:38Z
SM-S918B,MID,S918BXXS8EYJ3,2025-10-01,2026-09-11T15:18:23Z
SM-S918B,TUR,S918BXXS8EYJ3,2025-10-01,2026-09-11T15:18:29Z
SM-S918B,XSA,S918BXXS8EYJ3,2025-10-01,2026-09-11T15:18:51Z
SM-S918B,XSG,S918BXXS8EYJ3,2025-10-01,2026-09-11T15:18:32Z
SM-S918B,AFG,S918BXXS8EYK2,2025-11-01,2026-09-11T15:18:35Z
SM-S918B,EGY,S918BXXS8EYK2,2025-11-01,2026-09-11T15:18:26Z
SM-S918B,EUX,S918BXXS8EYK2,2025-11-01,2026-09-11T15:18:41Z
SM-S918B,ILO,S918BXXS8EYK2,2025-11-01,2026-09-11T15:18:20Z
SM-S918B,INS,S918BXXS8EYK2,2025-11-01,2026-09-11T15:18:38Z
SM-S918B,MID,S918BXXS8EYK2,2025-11-01,2026-09-11T15:18:23Z
SM-S918B,TUR,S918BXXS8EYK2,2025-11-01,2026-09-11T15:18:29Z
SM-S918B,XSA,S918BXXS8EYK2,2025-11-01,2026-09-11T15:18:51Z
SM-S918B,XSG,S918BXXS8EYK2,2025-11-01,2026-09-11T15:18:32Z
SM-S918B,AFG,S918BXXS8EYK5,2025-12-01,2026-09-11T15:18:35Z
SM-S918B,EGY,S918BXXS8EYK5,2025-12-01,2026-09-11T15:18:26Z
SM-S918B,EUX,S918BXXS8EYK5,2025-12-01,2026-09-11T15:18:41Z
SM-S918B,ILO,S918BXXS8EYK5,2025-12-01,2026-09-11T15:18:20Z
SM-S918B,INS,S918BXXS8EYK5,2025-12-01,2026-09-11T15:18:38Z
SM-S918B,MID,S918BXXS8EYK5,2025-12-01,2026-09-11T15:18:23Z
SM-S918B,TUR,S918BXXS8EYK5,2025-12-01,2026-09-11T15:18:29Z
SM-S918B,XSA,S918BXXS8EYK5,2025-12-01,2026-09-11T15:18:51Z
SM-S918B,XSG,S918BXXS8EYK5,2025-12-01,2026-09-11T15:18:32Z
SM-S918B,AFG,S918BXXS8EZA1,2026-01-01,2026-09-11T15:18:35Z
SM-S918B,EGY,S918BXXS8EZA1,2026-01-01,2026-09-11T15:18:26Z
SM-S918B,EUX,S918BXXS8EZA1,2026-01-01,2026-09-11T15:18:41Z
SM-S918B,ILO,S918BXXS8EZA1,2026-01-01,2026-09-11T15:18:20Z
SM-S918B,INS,S918BXXS8EZA1,2026-01-01,2026-09-11T15:18:38Z
SM-S918B,MID,S918BXXS8EZA1,2026-01-01,2026-09-11T15:18:23Z
SM-S918B,TUR,S918BXXS8EZA1,2026-01-01,2026-09-11T15:18:29Z
SM-S918B,XSA,S918BXXS8EZA1,2026-01-01,2026-09-11T15:18:51Z
SM-S918B,XSG,S918BXXS8EZA1,2026-01-01,2026-09-11T15:18:32Z
SM-S918B,AFG,S918BXXS9EZB6,2026-02-05,2026-09-11T15:18:35Z
SM-S918B,EGY,S918BXXS9EZB6,2026-02-05,2026-09-11T15:18:26Z
SM-S918B,EUX,S918BXXS9EZB6,2026-02-05,2026-09-11T15:18:41Z
SM-S918B,ILO,S918BXXS9EZB6,2026-02-05,2026-09-11T15:18:20Z
SM-S918B,INS,S918BXXS9EZB6,2026-02-05,2026-09-11T15:18:38Z
SM-S918B,MID,S918BXXS9EZB6,2026-02-05,2026-09-11T15:18:23Z
SM-S918B,TUR,S918BXXS9EZB6,2026-02-05,2026-09-11T15:18:29Z
SM-S918B,XSA,S918BXXS9EZB6,2026-02-05,2026-09-11T15:18:51Z
SM-S918B,XSG,S918BXXS9EZB6,2026-02-05,2026-09-11T15:18:32Z
SM-S918B,AFG,S918BXXS9EZC1,2026-03-05,2026-09-11T15:18:35Z
SM-S918B,EGY,S918BXXS9EZC1,2026-03-05,2026-09-11T15:18:26Z
SM-S918B,EUX,S918BXXS9EZC1,2026-03-05,2026-09-11T15:18:41Z
SM-S918B,ILO,S918BXXS9EZC1,2026-03-05,2026-09-11T15:18:20Z
SM-S918B,INS,S918BXXS9EZC1,2026-03-05,2026-09-11T15:18:38Z
SM-S918B,MID,S918BXXS9EZC1,2026-03-05,2026-09-11T15:18:23Z
SM-S918B,TUR,S918BXXS9EZC1,2026-03-05,2026-09-11T15:18:29Z
SM-S918B,XSA,S918BXXS9EZC1,2026-03-05,2026-09-11T15:18:51Z
SM-S918B,XSG,S918BXXS9EZC1,2026-03-05,2026-09-11T15:18:32Z
SM-S918B,AFG,S918BXXS9EZCI,2026-04-05,2026-09-11T15:18:35Z
SM-S918B,EGY,S918BXXS9EZCI,2026-04-05,2026-09-11T15:18:26Z
SM-S918B,EUX,S918BXXS9EZCI,2026-04-05,2026-09-11T15:18:41Z
SM-S918B,ILO,S918BXXS9EZCI,2026-04-05,2026-09-11T15:18:20Z
SM-S918B,INS,S918BXXS9EZCI,2026-04-05,2026-09-11T15:18:38Z
SM-S918B,MID,S918BXXS9EZCI,2026-04-05,2026-09-11T15:18:23Z
SM-S918B,TUR,S918BXXS9EZCI,2026-04-05,2026-09-11T15:18:29Z
SM-S918B,XSA,S918BXXS9EZCI,2026-04-05,2026-09-11T15:18:51Z
SM-S918B,XSG,S918BXXS9EZCI,2026-04-05,2026-09-11T15:18:32Z
SM-S918B,AFG,S918BXXSAFZE1,2026-05-05,2026-09-11T15:18:35Z
SM-S918B,EGY,S918BXXSAFZE1,2026-05-05,2026-09-11T15:18:26Z
SM-S918B,EUX,S918BXXSAFZE1,2026-05-05,2026-09-11T15:18:41Z
SM-S918B,ILO,S918BXXSAFZE1,2026-05-05,2026-09-11T15:18:20Z
SM-S918B,INS,S918BXXSAFZE1,2026-05-05,2026-09-11T15:18:38Z
SM-S918B,MID,S918BXXSAFZE1,2026-05-05,2026-09-11T15:18:23Z
SM-S918B,TUR,S918BXXSAFZE1,2026-05-05,2026-09-11T15:18:29Z
SM-S918B,XSA,S918BXXSAFZE1,2026-05-05,2026-09-11T15:18:51Z
SM-S918B,XSG,S918BXXSAFZE1,2026-05-05,2026-09-11T15:18:32Z
SM-S918B,AFG,S918BXXSAFZF5,2026-06-05,2026-09-11T15:18:35Z
SM-S918B,EGY,S918BXXSAFZF5,2026-06-05,2026-09-11T15:18:26Z
SM-S918B,EUX,S918BXXSAFZF5,2026-06-05,2026-09-11T15:18:41Z
SM-S918B,ILO,S918BXXSAFZF5,2026-06-05,2026-09-11T15:18:20Z
SM-S918B,INS,S918BXXSAFZF5,2026-06-05,2026-09-11T15:18:38Z
SM-S918B,MID,S918BXXSAFZF5,2026-06-05,2026-09-11T15:18:23Z
SM-S918B,TUR,S918BXXSAFZF5,2026-06-05,2026-09-11T15:18:29Z
SM-S918B,XSA,S918BXXSAFZF5,2026-06-05,2026-09-11T15:18:51Z
SM-S918B,XSG,S918BXXSAFZF5,2026-06-05,2026-09-11T15:18:32Z
SM-S918B,AFG,S918BXXSAFZG1,2026-07-05,2026-09-11T15:18:35Z
SM-S918B,EGY,S918BXXSAFZG1,2026-07-05,2026-09-11T15:18:26Z
SM-S918B,EUX,S918BXXSAFZG1,2026-07-05,2026-09-11T15:18:41Z
SM-S918B,ILO,S918BXXSAFZG1,2026-07-05,2026-09-11T15:18:20Z
SM-S918B,INS,S918BXXSAFZG1,2026-07-05,2026-09-11T15:18:38Z
SM-S918B,MID,S918BXXSAFZG1,2026-07-05,2026-09-11T15:18:23Z
SM-S918B,TUR,S918BXXSAFZG1,2026-07-05,2026-09-11T15:18:29Z
SM-S918B,XSA,S918BXXSAFZG1,2026-07-05,2026-09-11T15:18:51Z
SM-S918B,XSG,S918BXXSAFZG1,2026-07-05,2026-09-11T15:18:32Z
SM-S918B,AFG,S918BXXSAFZH3,2026-08-05,2026-09-11T15:18:35Z
SM-S918B,EGY,S918BXXSAFZH3,2026-08-05,2026-09-11T15:18:26Z
SM-S918B,EUX,S918BXXSAFZH3,2026-08-05,2026-09-11T15:18:41Z
SM-S918B,ILO,S918BXXSAFZH3,2026-08-05,2026-09-11T15:18:20Z
SM-S918B,INS,S918BXXSAFZH3,2026-08-05,2026-09-11T15:18:38Z
SM-S918B,MID,S918BXXSAFZH3,2026-08-05,2026-09-11T15:18:23Z
SM-S918B,TUR,S918BXXSAFZH3,2026-08-05,2026-09-11T15:18:29Z
SM-S918B,XSA,S918BXXSAFZH3,2026-08-05,2026-09-11T15:18:51Z
SM-S918B,XSG,S918BXXSAFZH3,2026-08-05,2026-09-11T15:18:32Z
SM-S918B,AFG,S918BXXU1AWBD,2023-02-01,2026-09-11T15:18:35Z
SM-S918B,EGY,S918BXXU1AWBD,2023-02-01,2026-09-11T15:18:26Z
SM-S918B,EUX,S918BXXU1AWBD,2023-02-01,2026-09-11T15:18:41Z
SM-S918B,ILO,S918BXXU1AWBD,2023-02-01,2026-09-11T15:18:20Z
SM-S918B,INS,S918BXXU1AWBD,2023-02-01,2026-09-11T15:18:38Z
SM-S918B,MID,S918BXXU1AWBD,2023-02-01,2026-09-11T15:18:23Z
SM-S918B,TUR,S918BXXU1AWBD,2023-02-01,2026-09-11T15:18:29Z
SM-S918B,XSA,S918BXXU1AWBD,2023-02-01,2026-09-11T15:18:51Z
SM-S918B,XSG,S918BXXU1AWBD,2023-02-01,2026-09-11T15:18:32Z
SM-S918B,AFG,S918BXXU1AWC8,2023-04-01,2026-09-11T15:18:35Z
SM-S918B,EGY,S918BXXU1AWC8,2023-04-01,2026-09-11T15:18:26Z
SM-S918B,EUX,S918BXXU1AWC8,2023-04-01,2026-09-11T15:18:41Z
SM-S918B,ILO,S918BXXU1AWC8,2023-04-01,2026-09-11T15:18:20Z
SM-S918B,INS,S918BXXU1AWC8,2023-04-01,2026-09-11T15:18:38Z
SM-S918B,MID,S918BXXU1AWC8,2023-04-01,2026-09-11T15:18:23Z
SM-S918B,TUR,S918BXXU1AWC8,2023-04-01,2026-09-11T15:18:29Z
SM-S918B,XSA,S918BXXU1AWC8,2023-04-01,2026-09-11T15:18:51Z
SM-S918B,XSG,S918BXXU1AWC8,2023-04-01,2026-09-11T15:18:32Z
SM-S918B,AFG,S918BXXU2AWF1,2023-06-01,2026-09-11T15:18:35Z
SM-S918B,EGY,S918BXXU2AWF1,2023-06-01,2026-09-11T15:18:26Z
SM-S918B,EUX,S918BXXU2AWF1,2023-06-01,2026-09-11T15:18:41Z
SM-S918B,ILO,S918BXXU2AWF1,2023-06-01,2026-09-11T15:18:20Z
SM-S918B,MID,S918BXXU2AWF1,2023-06-01,2026-09-11T15:18:23Z
SM-S918B,TUR,S918BXXU2AWF1,2023-06-01,2026-09-11T15:18:29Z
SM-S918B,XSA,S918BXXU2AWF1,2023-06-01,2026-09-11T15:18:51Z
SM-S918B,XSG,S918BXXU2AWF1,2023-06-01,2026-09-11T15:18:32Z
SM-S918B,INS,S918BXXU2AWF3,2023-06-01,2026-09-11T15:18:38Z
SM-S918B,AFG,S918BXXU3AWGJ,2023-08-01,2026-09-11T15:18:35Z
SM-S918B,EGY,S918BXXU3AWGJ,2023-08-01,2026-09-11T15:18:26Z
SM-S918B,EUX,S918BXXU3AWGJ,2023-08-01,2026-09-11T15:18:41Z
SM-S918B,ILO,S918BXXU3AWGJ,2023-08-01,2026-09-11T15:18:20Z
SM-S918B,MID,S918BXXU3AWGJ,2023-08-01,2026-09-11T15:18:23Z
SM-S918B,TUR,S918BXXU3AWGJ,2023-08-01,2026-09-11T15:18:29Z
SM-S918B,XSA,S918BXXU3AWGJ,2023-08-01,2026-09-11T15:18:51Z
SM-S918B,XSG,S918BXXU3AWGJ,2023-08-01,2026-09-11T15:18:32Z
SM-S918B,INS,S918BXXU3AWH3,2023-08-01,2026-09-11T15:18:38Z
SM-S918B,AFG,S918BXXU3BWJM,2023-10-01,2026-09-11T15:18:35Z
SM-S918B,EGY,S918BXXU3BWJM,2023-10-01,2026-09-11T15:18:26Z
SM-S918B,EUX,S918BXXU3BWJM,2023-10-01,2026-09-11T15:18:41Z
SM-S918B,ILO,S918BXXU3BWJM,2023-10-01,2026-09-11T15:18:20Z
SM-S918B,INS,S918BXXU3BWJM,2023-10-01,2026-09-11T15:18:38Z
SM-S918B,MID,S918BXXU3BWJM,2023-10-01,2026-09-11T15:18:23Z
SM-S918B,TUR,S918BXXU3BWJM,2023-10-01,2026-09-11T15:18:29Z
SM-S918B,XSA,S918BXXU3BWJM,2023-10-01,2026-09-11T15:18:51Z
SM-S918B,XSG,S918BXXU3BWJM,2023-10-01,2026-09-11T15:18:32Z
SM-S918B,AFG,S918BXXU3CXCF,2024-03-01,2026-09-11T15:18:35Z
SM-S918B,EGY,S918BXXU3CXCF,2024-03-01,2026-09-11T15:18:26Z
SM-S918B,EUX,S918BXXU3CXCF,2024-03-01,2026-09-11T15:18:41Z
SM-S918B,ILO,S918BXXU3CXCF,2024-03-01,2026-09-11T15:18:20Z
SM-S918B,INS,S918BXXU3CXCF,2024-03-01,2026-09-11T15:18:38Z
SM-S918B,MID,S918BXXU3CXCF,2024-03-01,2026-09-11T15:18:23Z
SM-S918B,TUR,S918BXXU3CXCF,2024-03-01,2026-09-11T15:18:29Z
SM-S918B,XSA,S918BXXU3CXCF,2024-03-01,2026-09-11T15:18:51Z
SM-S918B,XSG,S918BXXU3CXCF,2024-03-01,2026-09-11T15:18:32Z
SM-S918B,EUX,S918BXXU3CXD3,2024-04-01,2026-09-11T15:18:41Z
SM-S918B,EUX,S918BXXU5CXE3,2024-05-01,2026-09-11T15:18:41Z
SM-S918B,AFG,S918BXXU6CXH7,2024-08-01,2026-09-11T15:18:35Z
SM-S918B,EGY,S918BXXU6CXH7,2024-08-01,2026-09-11T15:18:26Z
SM-S918B,EUX,S918BXXU6CXH7,2024-08-01,2026-09-11T15:18:41Z
SM-S918B,ILO,S918BXXU6CXH7,2024-08-01,2026-09-11T15:18:20Z
SM-S918B,INS,S918BXXU6CXH7,2024-08-01,2026-09-11T15:18:38Z
SM-S918B,MID,S918BXXU6CXH7,2024-08-01,2026-09-11T15:18:23Z
SM-S918B,TUR,S918BXXU6CXH7,2024-08-01,2026-09-11T15:18:29Z
SM-S918B,XSA,S918BXXU6CXH7,2024-08-01,2026-09-11T15:18:51Z
SM-S918B,XSG,S918BXXU6CXH7,2024-08-01,2026-09-11T15:18:32Z
SM-S918B,AFG,S918BXXU6CXI1,2024-09-01,2026-09-11T15:18:35Z
SM-S918B,EGY,S918BXXU6CXI1,2024-09-01,2026-09-11T15:18:26Z
SM-S918B,EUX,S918BXXU6CXI1,2024-09-01,2026-09-11T15:18:41Z
SM-S918B,ILO,S918BXXU6CXI1,2024-09-01,2026-09-11T15:18:20Z
SM-S918B,INS,S918BXXU6CXI1,2024-09-01,2026-09-11T15:18:38Z
SM-S918B,MID,S918BXXU6CXI1,2024-09-01,2026-09-11T15:18:23Z
SM-S918B,TUR,S918BXXU6CXI1,2024-09-01,2026-09-11T15:18:29Z
SM-S918B,XSA,S918BXXU6CXI1,2024-09-01,2026-09-11T15:18:51Z
SM-S918B,XSG,S918BXXU6CXI1,2024-09-01,2026-09-11T15:18:32Z
SM-S918B,AFG,S918BXXU7CXK4,2024-11-01,2026-09-11T15:18:35Z
SM-S918B,EGY,S918BXXU7CXK4,2024-11-01,2026-09-11T15:18:26Z
SM-S918B,EUX,S918BXXU7CXK4,2024-11-01,2026-09-11T15:18:41Z
SM-S918B,ILO,S918BXXU7CXK4,2024-11-01,2026-09-11T15:18:20Z
SM-S918B,INS,S918BXXU7CXK4,2024-11-01,2026-09-11T15:18:38Z
SM-S918B,MID,S918BXXU7CXK4,2024-11-01,2026-09-11T15:18:23Z
SM-S918B,TUR,S918BXXU7CXK4,2024-11-01,2026-09-11T15:18:29Z
SM-S918B,XSA,S918BXXU7CXK4,2024-11-01,2026-09-11T15:18:51Z
SM-S918B,XSG,S918BXXU7CXK4,2024-11-01,2026-09-11T15:18:32Z
SM-S918B,AFG,S918BXXU8CYB4,2025-02-01,2026-09-11T15:18:35Z
SM-S918B,EGY,S918BXXU8CYB4,2025-02-01,2026-09-11T15:18:26Z
SM-S918B,EUX,S918BXXU8CYB4,2025-02-01,2026-09-11T15:18:41Z
SM-S918B,ILO,S918BXXU8CYB4,2025-02-01,2026-09-11T15:18:20Z
SM-S918B,INS,S918BXXU8CYB4,2025-02-01,2026-09-11T15:18:38Z
SM-S918B,MID,S918BXXU8CYB4,2025-02-01,2026-09-11T15:18:23Z
SM-S918B,TUR,S918BXXU8CYB4,2025-02-01,2026-09-11T15:18:29Z
SM-S918B,XSA,S918BXXU8CYB4,2025-02-01,2026-09-11T15:18:51Z
SM-S918B,XSG,S918BXXU8CYB4,2025-02-01,2026-09-11T15:18:32Z
SM-S918B,AFG,S918BXXU8DYD9,2025-04-01,2026-09-11T15:18:35Z
SM-S918B,EGY,S918BXXU8DYD9,2025-04-01,2026-09-11T15:18:26Z
SM-S918B,EUX,S918BXXU8DYD9,2025-04-01,2026-09-11T15:18:41Z
SM-S918B,ILO,S918BXXU8DYD9,2025-04-01,2026-09-11T15:18:20Z
SM-S918B,INS,S918BXXU8DYD9,2025-04-01,2026-09-11T15:18:38Z
SM-S918B,MID,S918BXXU8DYD9,2025-04-01,2026-09-11T15:18:23Z
SM-S918B,TUR,S918BXXU8DYD9,2025-04-01,2026-09-11T15:18:29Z
SM-S918B,XSA,S918BXXU8DYD9,2025-04-01,2026-09-11T15:18:51Z
SM-S918B,XSG,S918BXXU8DYD9,2025-04-01,2026-09-11T15:18:32Z
SM-S918B,AFG,S918BXXU8EYI5,2025-09-01,2026-09-11T15:18:35Z
SM-S918B,EGY,S918BXXU8EYI5,2025-09-01,2026-09-11T15:18:26Z
SM-S918B,EUX,S918BXXU8EYI5,2025-09-01,2026-09-11T15:18:41Z
SM-S918B,ILO,S918BXXU8EYI5,2025-09-01,2026-09-11T15:18:20Z
SM-S918B,INS,S918BXXU8EYI5,2025-09-01,2026-09-11T15:18:38Z
SM-S918B,MID,S918BXXU8EYI5,2025-09-01,2026-09-11T15:18:23Z
SM-S918B,TUR,S918BXXU8EYI5,2025-09-01,2026-09-11T15:18:29Z
SM-S918B,XSA,S918BXXU8EYI5,2025-09-01,2026-09-11T15:18:51Z
SM-S918B,XSG,S918BXXU8EYI5,2025-09-01,2026-09-11T15:18:32Z
SM-S918B,AFG,S918BXXU9FZDP,2026-04-05,2026-09-11T15:18:35Z
SM-S918B,EGY,S918BXXU9FZDP,2026-04-05,2026-09-11T15:18:26Z
SM-S918B,EUX,S918BXXU9FZDP,2026-04-05,2026-09-11T15:18:41Z
SM-S918B,ILO,S918BXXU9FZDP,2026-04-05,2026-09-11T15:18:20Z
SM-S918B,INS,S918BXXU9FZDP,2026-04-05,2026-09-11T15:18:38Z
SM-S918B,MID,S918BXXU9FZDP,2026-04-05,2026-09-11T15:18:23Z
SM-S918B,TUR,S918BXXU9FZDP,2026-04-05,2026-09-11T15:18:29Z
SM-S918B,XSA,S918BXXU9FZDP,2026-04-05,2026-09-11T15:18:51Z
SM-S918B,XSG,S918BXXU9FZDP,2026-04-05,2026-09-11T15:18:32Z
SM-S921B,EUX,S921BXXS1AXBG,2024-03-01,2026-09-11T15:19:18Z
SM-S921B,XSA,S921BXXS1AXBG,2024-03-01,2026-09-11T15:19:27Z
SM-S921B,AFG,S921BXXS1AXBN,2024-03-01,2026-09-11T15:19:12Z
SM-S921B,EGY,S921BXXS1AXBN,2024-03-01,2026-09-11T15:19:03Z
SM-S921B,ILO,S921BXXS1AXBN,2024-03-01,2026-09-11T15:18:57Z
SM-S921B,INS,S921BXXS1AXBN,2024-03-01,2026-09-11T15:19:15Z
SM-S921B,MID,S921BXXS1AXBN,2024-03-01,2026-09-11T15:19:00Z
SM-S921B,TUR,S921BXXS1AXBN,2024-03-01,2026-09-11T15:19:06Z
SM-S921B,XSG,S921BXXS1AXBN,2024-03-01,2026-09-11T15:19:09Z
SM-S921B,AFG,S921BXXS2AXD5,2024-05-01,2026-09-11T15:19:12Z
SM-S921B,EGY,S921BXXS2AXD5,2024-05-01,2026-09-11T15:19:03Z
SM-S921B,ILO,S921BXXS2AXD5,2024-05-01,2026-09-11T15:18:57Z
SM-S921B,INS,S921BXXS2AXD5,2024-05-01,2026-09-11T15:19:15Z
SM-S921B,MID,S921BXXS2AXD5,2024-05-01,2026-09-11T15:19:00Z
SM-S921B,TUR,S921BXXS2AXD5,2024-05-01,2026-09-11T15:19:06Z
SM-S921B,XSA,S921BXXS2AXD5,2024-05-01,2026-09-11T15:19:27Z
SM-S921B,XSG,S921BXXS2AXD5,2024-05-01,2026-09-11T15:19:09Z
SM-S921B,EUX,S921BXXS2AXD6,2024-05-01,2026-09-11T15:19:18Z
SM-S921B,AFG,S921BXXS2AXED,2024-06-01,2026-09-11T15:19:12Z
SM-S921B,EGY,S921BXXS2AXED,2024-06-01,2026-09-11T15:19:03Z
SM-S921B,ILO,S921BXXS2AXED,2024-06-01,2026-09-11T15:18:57Z
SM-S921B,INS,S921BXXS2AXED,2024-06-01,2026-09-11T15:19:15Z
SM-S921B,MID,S921BXXS2AXED,2024-06-01,2026-09-11T15:19:00Z
SM-S921B,TUR,S921BXXS2AXED,2024-06-01,2026-09-11T15:19:06Z
SM-S921B,XSA,S921BXXS2AXED,2024-06-01,2026-09-11T15:19:27Z
SM-S921B,XSG,S921BXXS2AXED,2024-06-01,2026-09-11T15:19:09Z
SM-S921B,EUX,S921BXXS2AXEF,2024-06-01,2026-09-11T15:19:18Z
SM-S921B,AFG,S921BXXS3AXFC,2024-07-01,2026-09-11T15:19:12Z
SM-S921B,EGY,S921BXXS3AXFC,2024-07-01,2026-09-11T15:19:03Z
SM-S921B,ILO,S921BXXS3AXFC,2024-07-01,2026-09-11T15:18:57Z
SM-S921B,INS,S921BXXS3AXFC,2024-07-01,2026-09-11T15:19:15Z
SM-S921B,MID,S921BXXS3AXFC,2024-07-01,2026-09-11T15:19:00Z
SM-S921B,TUR,S921BXXS3AXFC,2024-07-01,2026-09-11T15:19:06Z
SM-S921B,XSA,S921BXXS3AXFC,2024-07-01,2026-09-11T15:19:27Z
SM-S921B,XSG,S921BXXS3AXFC,2024-07-01,2026-09-11T15:19:09Z
SM-S921B,EUX,S921BXXS3AXFE,2024-07-01,2026-09-11T15:19:18Z
SM-S921B,AFG,S921BXXS3AXGD,2024-08-01,2026-09-11T15:19:12Z
SM-S921B,EGY,S921BXXS3AXGD,2024-08-01,2026-09-11T15:19:03Z
SM-S921B,ILO,S921BXXS3AXGD,2024-08-01,2026-09-11T15:18:57Z
SM-S921B,INS,S921BXXS3AXGD,2024-08-01,2026-09-11T15:19:15Z
SM-S921B,MID,S921BXXS3AXGD,2024-08-01,2026-09-11T15:19:00Z
SM-S921B,TUR,S921BXXS3AXGD,2024-08-01,2026-09-11T15:19:06Z
SM-S921B,XSA,S921BXXS3AXGD,2024-08-01,2026-09-11T15:19:27Z
SM-S921B,XSG,S921BXXS3AXGD,2024-08-01,2026-09-11T15:19:09Z
SM-S921B,EUX,S921BXXS3AXGF,2024-08-01,2026-09-11T15:19:18Z
SM-S921B,AFG,S921BXXS3AXHD,2024-09-01,2026-09-11T15:19:12Z
SM-S921B,EGY,S921BXXS3AXHD,2024-09-01,2026-09-11T15:19:03Z
SM-S921B,EUX,S921BXXS3AXHD,2024-09-01,2026-09-11T15:19:18Z
SM-S921B,ILO,S921BXXS3AXHD,2024-09-01,2026-09-11T15:18:57Z
SM-S921B,INS,S921BXXS3AXHD,2024-09-01,2026-09-11T15:19:15Z
SM-S921B,MID,S921BXXS3AXHD,2024-09-01,2026-09-11T15:19:00Z
SM-S921B,TUR,S921BXXS3AXHD,2024-09-01,2026-09-11T15:19:06Z
SM-S921B,XSA,S921BXXS3AXHD,2024-09-01,2026-09-11T15:19:27Z
SM-S921B,XSG,S921BXXS3AXHD,2024-09-01,2026-09-11T15:19:09Z
SM-S921B,AFG,S921BXXS4AXI8,2024-10-01,2026-09-11T15:19:12Z
SM-S921B,EGY,S921BXXS4AXI8,2024-10-01,2026-09-11T15:19:03Z
SM-S921B,EUX,S921BXXS4AXI8,2024-10-01,2026-09-11T15:19:18Z
SM-S921B,ILO,S921BXXS4AXI8,2024-10-01,2026-09-11T15:18:57Z
SM-S921B,INS,S921BXXS4AXI8,2024-10-01,2026-09-11T15:19:15Z
SM-S921B,MID,S921BXXS4AXI8,2024-10-01,2026-09-11T15:19:00Z
SM-S921B,TUR,S921BXXS4AXI8,2024-10-01,2026-09-11T15:19:06Z
SM-S921B,XSA,S921BXXS4AXI8,2024-10-01,2026-09-11T15:19:27Z
SM-S921B,XSG,S921BXXS4AXI8,2024-10-01,2026-09-11T15:19:09Z
SM-S921B,EUX,S921BXXS5AXJ8,2024-11-01,2026-09-11T15:19:18Z
SM-S921B,EUX,S921BXXS5AXKA,2024-12-01,2026-09-11T15:19:18Z
SM-S921B,INS,S921BXXS5AXKA,2024-12-01,2026-09-11T15:19:15Z
SM-S921B,XSA,S921BXXS5AXKA,2024-12-01,2026-09-11T15:19:27Z
SM-S921B,AFG,S921BXXS5AXKB,2024-12-01,2026-09-11T15:19:12Z
SM-S921B,EGY,S921BXXS5AXKB,2024-12-01,2026-09-11T15:19:03Z
SM-S921B,ILO,S921BXXS5AXKB,2024-12-01,2026-09-11T15:18:57Z
SM-S921B,MID,S921BXXS5AXKB,2024-12-01,2026-09-11T15:19:00Z
SM-S921B,TUR,S921BXXS5AXKB,2024-12-01,2026-09-11T15:19:06Z
SM-S921B,XSG,S921BXXS5AXKB,2024-12-01,2026-09-11T15:19:09Z
SM-S921B,INS,S921BXXS5AYA1,2025-01-01,2026-09-11T15:19:15Z
SM-S921B,XSA,S921BXXS5AYA1,2025-01-01,2026-09-11T15:19:27Z
SM-S921B,AFG,S921BXXS5AYA2,2025-01-01,2026-09-11T15:19:12Z
SM-S921B,EGY,S921BXXS5AYA2,2025-01-01,2026-09-11T15:19:03Z
SM-S921B,ILO,S921BXXS5AYA2,2025-01-01,2026-09-11T15:18:57Z
SM-S921B,MID,S921BXXS5AYA2,2025-01-01,2026-09-11T15:19:00Z
SM-S921B,TUR,S921BXXS5AYA2,2025-01-01,2026-09-11T15:19:06Z
SM-S921B,XSG,S921BXXS5AYA2,2025-01-01,2026-09-11T15:19:09Z
SM-S921B,INS,S921BXXS5AYAA,2025-02-01,2026-09-11T15:19:15Z
SM-S921B,XSA,S921BXXS5AYAA,2025-02-01,2026-09-11T15:19:27Z
SM-S921B,AFG,S921BXXS5AYB1,2025-02-01,2026-09-11T15:19:12Z
SM-S921B,EGY,S921BXXS5AYB1,2025-02-01,2026-09-11T15:19:03Z
SM-S921B,ILO,S921BXXS5AYB1,2025-02-01,2026-09-11T15:18:57Z
SM-S921B,MID,S921BXXS5AYB1,2025-02-01,2026-09-11T15:19:00Z
SM-S921B,TUR,S921BXXS5AYB1,2025-02-01,2026-09-11T15:19:06Z
SM-S921B,XSG,S921BXXS5AYB1,2025-02-01,2026-09-11T15:19:09Z
SM-S921B,EUX,S921BXXS5AYB2,2025-02-01,2026-09-11T15:19:18Z
SM-S921B,EUX,S921BXXS5AYB6,2025-03-01,2026-09-11T15:19:18Z
SM-S921B,INS,S921BXXS5AYB7,2025-03-01,2026-09-11T15:19:15Z
SM-S921B,XSA,S921BXXS5AYB7,2025-03-01,2026-09-11T15:19:27Z
SM-S921B,AFG,S921BXXS5AYB8,2025-03-01,2026-09-11T15:19:12Z
SM-S921B,EGY,S921BXXS5AYB8,2025-03-01,2026-09-11T15:19:03Z
SM-S921B,ILO,S921BXXS5AYB8,2025-03-01,2026-09-11T15:18:57Z
SM-S921B,MID,S921BXXS5AYB8,2025-03-01,2026-09-11T15:19:00Z
SM-S921B,TUR,S921BXXS5AYB8,2025-03-01,2026-09-11T15:19:06Z
SM-S921B,XSG,S921BXXS5AYB8,2025-03-01,2026-09-11T15:19:09Z
SM-S921B,AFG,S921BXXS6BYE3,2025-05-01,2026-09-11T15:19:12Z
SM-S921B,EGY,S921BXXS6BYE3,2025-05-01,2026-09-11T15:19:03Z
SM-S921B,EUX,S921BXXS6BYE3,2025-05-01,2026-09-11T15:19:18Z
SM-S921B,ILO,S921BXXS6BYE3,2025-05-01,2026-09-11T15:18:57Z
SM-S921B,INS,S921BXXS6BYE3,2025-05-01,2026-09-11T15:19:15Z
SM-S921B,MID,S921BXXS6BYE3,2025-05-01,2026-09-11T15:19:00Z
SM-S921B,TUR,S921BXXS6BYE3,2025-05-01,2026-09-11T15:19:06Z
SM-S921B,XSA,S921BXXS6BYE3,2025-05-01,2026-09-11T15:19:27Z
SM-S921B,XSG,S921BXXS6BYE3,2025-05-01,2026-09-11T15:19:09Z
SM-S921B,AFG,S921BXXS7BYEB,2025-06-01,2026-09-11T15:19:12Z
SM-S921B,EGY,S921BXXS7BYEB,2025-06-01,2026-09-11T15:19:03Z
SM-S921B,ILO,S921BXXS7BYEB,2025-06-01,2026-09-11T15:18:57Z
SM-S921B,INS,S921BXXS7BYEB,2025-06-01,2026-09-11T15:19:15Z
SM-S921B,MID,S921BXXS7BYEB,2025-06-01,2026-09-11T15:19:00Z
SM-S921B,TUR,S921BXXS7BYEB,2025-06-01,2026-09-11T15:19:06Z
SM-S921B,XSA,S921BXXS7BYEB,2025-06-01,2026-09-11T15:19:27Z
SM-S921B,XSG,S921BXXS7BYEB,2025-06-01,2026-09-11T15:19:09Z
SM-S921B,EUX,S921BXXS7BYEC,2025-06-01,2026-09-11T15:19:18Z
SM-S921B,AFG,S921BXXS8BYG1,2025-07-01,2026-09-11T15:19:12Z
SM-S921B,EGY,S921BXXS8BYG1,2025-07-01,2026-09-11T15:19:03Z
SM-S921B,ILO,S921BXXS8BYG1,2025-07-01,2026-09-11T15:18:57Z
SM-S921B,INS,S921BXXS8BYG1,2025-07-01,2026-09-11T15:19:15Z
SM-S921B,MID,S921BXXS8BYG1,2025-07-01,2026-09-11T15:19:00Z
SM-S921B,TUR,S921BXXS8BYG1,2025-07-01,2026-09-11T15:19:06Z
SM-S921B,XSA,S921BXXS8BYG1,2025-07-01,2026-09-11T15:19:27Z
SM-S921B,XSG,S921BXXS8BYG1,2025-07-01,2026-09-11T15:19:09Z
SM-S921B,EUX,S921BXXS8BYG2,2025-07-01,2026-09-11T15:19:18Z
SM-S921B,AFG,S921BXXS9BYH1,2025-08-01,2026-09-11T15:19:12Z
SM-S921B,EGY,S921BXXS9BYH1,2025-08-01,2026-09-11T15:19:03Z
SM-S921B,ILO,S921BXXS9BYH1,2025-08-01,2026-09-11T15:18:57Z
SM-S921B,INS,S921BXXS9BYH1,2025-08-01,2026-09-11T15:19:15Z
SM-S921B,MID,S921BXXS9BYH1,2025-08-01,2026-09-11T15:19:00Z
SM-S921B,TUR,S921BXXS9BYH1,2025-08-01,2026-09-11T15:19:06Z
SM-S921B,XSA,S921BXXS9BYH1,2025-08-01,2026-09-11T15:19:27Z
SM-S921B,XSG,S921BXXS9BYH1,2025-08-01,2026-09-11T15:19:09Z
SM-S921B,EUX,S921BXXS9BYH2,2025-08-01,2026-09-11T15:19:18Z
SM-S921B,AFG,S921BXXSACYJ7,2025-10-01,2026-09-11T15:19:12Z
SM-S921B,EGY,S921BXXSACYJ7,2025-10-01,2026-09-11T15:19:03Z
SM-S921B,EUX,S921BXXSACYJ7,2025-10-01,2026-09-11T15:19:18Z
SM-S921B,ILO,S921BXXSACYJ7,2025-10-01,2026-09-11T15:18:57Z
SM-S921B,INS,S921BXXSACYJ7,2025-10-01,2026-09-11T15:19:15Z
SM-S921B,MID,S921BXXSACYJ7,2025-10-01,2026-09-11T15:19:00Z
SM-S921B,TUR,S921BXXSACYJ7,2025-10-01,2026-09-11T15:19:06Z
SM-S921B,XSA,S921BXXSACYJ7,2025-10-01,2026-09-11T15:19:27Z
SM-S921B,XSG,S921BXXSACYJ7,2025-10-01,2026-09-11T15:19:09Z
SM-S921B,AFG,S921BXXSBCYK2,2025-11-01,2026-09-11T15:19:12Z
SM-S921B,EGY,S921BXXSBCYK2,2025-11-01,2026-09-11T15:19:03Z
SM-S921B,EUX,S921BXXSBCYK2,2025-11-01,2026-09-11T15:19:18Z
SM-S921B,ILO,S921BXXSBCYK2,2025-11-01,2026-09-11T15:18:57Z
SM-S921B,INS,S921BXXSBCYK2,2025-11-01,2026-09-11T15:19:15Z
SM-S921B,MID,S921BXXSBCYK2,2025-11-01,2026-09-11T15:19:00Z
SM-S921B,TUR,S921BXXSBCYK2,2025-11-01,2026-09-11T15:19:06Z
SM-S921B,XSA,S921BXXSBCYK2,2025-11-01,2026-09-11T15:19:27Z
SM-S921B,XSG,S921BXXSBCYK2,2025-11-01,2026-09-11T15:19:09Z
SM-S921B,AFG,S921BXXSBCYK8,2025-12-01,2026-09-11T15:19:12Z
SM-S921B,EGY,S921BXXSBCYK8,2025-12-01,2026-09-11T15:19:03Z
SM-S921B,EUX,S921BXXSBCYK8,2025-12-01,2026-09-11T15:19:18Z
SM-S921B,ILO,S921BXXSBCYK8,2025-12-01,2026-09-11T15:18:57Z
SM-S921B,INS,S921BXXSBCYK8,2025-12-01,2026-09-11T15:19:15Z
SM-S921B,MID,S921BXXSBCYK8,2025-12-01,2026-09-11T15:19:00Z
SM-S921B,TUR,S921BXXSBCYK8,2025-12-01,2026-09-11T15:19:06Z
SM-S921B,XSA,S921BXXSBCYK8,2025-12-01,2026-09-11T15:19:27Z
SM-S921B,XSG,S921BXXSBCYK8,2025-12-01,2026-09-11T15:19:09Z
SM-S921B,AFG,S921BXXSCCZA1,2026-01-01,2026-09-11T15:19:12Z
SM-S921B,EGY,S921BXXSCCZA1,2026-01-01,2026-09-11T15:19:03Z
SM-S921B,EUX,S921BXXSCCZA1,2026-01-01,2026-09-11T15:19:18Z
SM-S921B,ILO,S921BXXSCCZA1,2026-01-01,2026-09-11T15:18:57Z
SM-S921B,INS,S921BXXSCCZA1,2026-01-01,2026-09-11T15:19:15Z
SM-S921B,MID,S921BXXSCCZA1,2026-01-01,2026-09-11T15:19:00Z
SM-S921B,TUR,S921BXXSCCZA1,2026-01-01,2026-09-11T15:19:06Z
SM-S921B,XSA,S921BXXSCCZA1,2026-01-01,2026-09-11T15:19:27Z
SM-S921B,XSG,S921BXXSCCZA1,2026-01-01,2026-09-11T15:19:09Z
SM-S921B,AFG,S921BXXSDCZB2,2026-02-05,2026-09-11T15:19:12Z
SM-S921B,EGY,S921BXXSDCZB2,2026-02-05,2026-09-11T15:19:03Z
SM-S921B,EUX,S921BXXSDCZB2,2026-02-05,2026-09-11T15:19:18Z
SM-S921B,ILO,S921BXXSDCZB2,2026-02-05,2026-09-11T15:18:57Z
SM-S921B,INS,S921BXXSDCZB2,2026-02-05,2026-09-11T15:19:15Z
SM-S921B,MID,S921BXXSDCZB2,2026-02-05,2026-09-11T15:19:00Z
SM-S921B,TUR,S921BXXSDCZB2,2026-02-05,2026-09-11T15:19:06Z
SM-S921B,XSA,S921BXXSDCZB2,2026-02-05,2026-09-11T15:19:27Z
SM-S921B,XSG,S921BXXSDCZB2,2026-02-05,2026-09-11T15:19:09Z
SM-S921B,AFG,S921BXXSECZD1,2026-04-05,2026-09-11T15:19:12Z
SM-S921B,EGY,S921BXXSECZD1,2026-04-05,2026-09-11T15:19:03Z
SM-S921B,EUX,S921BXXSECZD1,2026-04-05,2026-09-11T15:19:18Z
SM-S921B,ILO,S921BXXSECZD1,2026-04-05,2026-09-11T15:18:57Z
SM-S921B,INS,S921BXXSECZD1,2026-04-05,2026-09-11T15:19:15Z
SM-S921B,MID,S921BXXSECZD1,2026-04-05,2026-09-11T15:19:00Z
SM-S921B,TUR,S921BXXSECZD1,2026-04-05,2026-09-11T15:19:06Z
SM-S921B,XSA,S921BXXSECZD1,2026-04-05,2026-09-11T15:19:27Z
SM-S921B,XSG,S921BXXSECZD1,2026-04-05,2026-09-11T15:19:09Z
SM-S921B,AFG,S921BXXSFDZE1,2026-05-05,2026-09-11T15:19:12Z
SM-S921B,EGY,S921BXXSFDZE1,2026-05-05,2026-09-11T15:19:03Z
SM-S921B,EUX,S921BXXSFDZE1,2026-05-05,2026-09-11T15:19:18Z
SM-S921B,ILO,S921BXXSFDZE1,2026-05-05,2026-09-11T15:18:57Z
SM-S921B,INS,S921BXXSFDZE1,2026-05-05,2026-09-11T15:19:15Z
SM-S921B,MID,S921BXXSFDZE1,2026-05-05,2026-09-11T15:19:00Z
SM-S921B,TUR,S921BXXSFDZE1,2026-05-05,2026-09-11T15:19:06Z
SM-S921B,XSA,S921BXXSFDZE1,2026-05-05,2026-09-11T15:19:27Z
SM-S921B,XSG,S921BXXSFDZE1,2026-05-05,2026-09-11T15:19:09Z
SM-S921B,AFG,S921BXXSFDZF2,2026-06-05,2026-09-11T15:19:12Z
SM-S921B,EGY,S921BXXSFDZF2,2026-06-05,2026-09-11T15:19:03Z
SM-S921B,EUX,S921BXXSFDZF2,2026-06-05,2026-09-11T15:19:18Z
SM-S921B,ILO,S921BXXSFDZF2,2026-06-05,2026-09-11T15:18:57Z
SM-S921B,INS,S921BXXSFDZF2,2026-06-05,2026-09-11T15:19:15Z
SM-S921B,MID,S921BXXSFDZF2,2026-06-05,2026-09-11T15:19:00Z
SM-S921B,TUR,S921BXXSFDZF2,2026-06-05,2026-09-11T15:19:06Z
SM-S921B,XSA,S921BXXSFDZF2,2026-06-05,2026-09-11T15:19:27Z
SM-S921B,XSG,S921BXXSFDZF2,2026-06-05,2026-09-11T15:19:09Z
SM-S921B,AFG,S921BXXSGDZG1,2026-07-05,2026-09-11T15:19:12Z
SM-S921B,EGY,S921BXXSGDZG1,2026-07-05,2026-09-11T15:19:03Z
SM-S921B,EUX,S921BXXSGDZG1,2026-07-05,2026-09-11T15:19:18Z
SM-S921B,ILO,S921BXXSGDZG1,2026-07-05,2026-09-11T15:18:57Z
SM-S921B,INS,S921BXXSGDZG1,2026-07-05,2026-09-11T15:19:15Z
SM-S921B,MID,S921BXXSGDZG1,2026-07-05,2026-09-11T15:19:00Z
SM-S921B,TUR,S921BXXSGDZG1,2026-07-05,2026-09-11T15:19:06Z
SM-S921B,XSA,S921BXXSGDZG1,2026-07-05,2026-09-11T15:19:27Z
SM-S921B,XSG,S921BXXSGDZG1,2026-07-05,2026-09-11T15:19:09Z
SM-S921B,AFG,S921BXXSHDZH3,2026-08-05,2026-09-11T15:19:12Z
SM-S921B,EGY,S921BXXSHDZH3,2026-08-05,2026-09-11T15:19:03Z
SM-S921B,EUX,S921BXXSHDZH3,2026-08-05,2026-09-11T15:19:18Z
SM-S921B,ILO,S921BXXSHDZH3,2026-08-05,2026-09-11T15:18:57Z
SM-S921B,INS,S921BXXSHDZH3,2026-08-05,2026-09-11T15:19:15Z
SM-S921B,MID,S921BXXSHDZH3,2026-08-05,2026-09-11T15:19:00Z
SM-S921B,TUR,S921BXXSHDZH3,2026-08-05,2026-09-11T15:19:06Z
SM-S921B,XSA,S921BXXSHDZH3,2026-08-05,2026-09-11T15:19:27Z
SM-S921B,XSG,S921BXXSHDZH3,2026-08-05,2026-09-11T15:19:09Z
SM-S921B,EUX,S921BXXU1AXB5,2024-02-01,2026-09-11T15:19:18Z
SM-S921B,XSA,S921BXXU1AXB5,2024-02-01,2026-09-11T15:19:27Z
SM-S921B,AFG,S921BXXU1AXBA,2024-02-01,2026-09-11T15:19:12Z
SM-S921B,EGY,S921BXXU1AXBA,2024-02-01,2026-09-11T15:19:03Z
SM-S921B,ILO,S921BXXU1AXBA,2024-02-01,2026-09-11T15:18:57Z
SM-S921B,INS,S921BXXU1AXBA,2024-02-01,2026-09-11T15:19:15Z
SM-S921B,MID,S921BXXU1AXBA,2024-02-01,2026-09-11T15:19:00Z
SM-S921B,TUR,S921BXXU1AXBA,2024-02-01,2026-09-11T15:19:06Z
SM-S921B,XSG,S921BXXU1AXBA,2024-02-01,2026-09-11T15:19:09Z
SM-S921B,AFG,S921BXXU1AXCA,2024-04-01,2026-09-11T15:19:12Z
SM-S921B,EGY,S921BXXU1AXCA,2024-04-01,2026-09-11T15:19:03Z
SM-S921B,EUX,S921BXXU1AXCA,2024-04-01,2026-09-11T15:19:18Z
SM-S921B,ILO,S921BXXU1AXCA,2024-04-01,2026-09-11T15:18:57Z
SM-S921B,INS,S921BXXU1AXCA,2024-04-01,2026-09-11T15:19:15Z
SM-S921B,MID,S921BXXU1AXCA,2024-04-01,2026-09-11T15:19:00Z
SM-S921B,TUR,S921BXXU1AXCA,2024-04-01,2026-09-11T15:19:06Z
SM-S921B,XSA,S921BXXU1AXCA,2024-04-01,2026-09-11T15:19:27Z
SM-S921B,XSG,S921BXXU1AXCA,2024-04-01,2026-09-11T15:19:09Z
SM-S921B,EUX,S921BXXU1AXCB,2024-04-01,2026-09-11T15:19:18Z
SM-S921B,EUX,S921BXXU2AXEC,2024-05-01,2026-09-11T15:19:18Z
SM-S921B,AFG,S921BXXU3AXH7,2024-08-01,2026-09-11T15:19:12Z
SM-S921B,EGY,S921BXXU3AXH7,2024-08-01,2026-09-11T15:19:03Z
SM-S921B,EUX,S921BXXU3AXH7,2024-08-01,2026-09-11T15:19:18Z
SM-S921B,ILO,S921BXXU3AXH7,2024-08-01,2026-09-11T15:18:57Z
SM-S921B,INS,S921BXXU3AXH7,2024-08-01,2026-09-11T15:19:15Z
SM-S921B,MID,S921BXXU3AXH7,2024-08-01,2026-09-11T15:19:00Z
SM-S921B,TUR,S921BXXU3AXH7,2024-08-01,2026-09-11T15:19:06Z
SM-S921B,XSA,S921BXXU3AXH7,2024-08-01,2026-09-11T15:19:27Z
SM-S921B,XSG,S921BXXU3AXH7,2024-08-01,2026-09-11T15:19:09Z
SM-S921B,EUX,S921BXXU5AXK4,2024-11-01,2026-09-11T15:19:18Z
SM-S921B,INS,S921BXXU5AXK4,2024-11-01,2026-09-11T15:19:15Z
SM-S921B,XSA,S921BXXU5AXK4,2024-11-01,2026-09-11T15:19:27Z
SM-S921B,AFG,S921BXXU5AXK5,2024-11-01,2026-09-11T15:19:12Z
SM-S921B,EGY,S921BXXU5AXK5,2024-11-01,2026-09-11T15:19:03Z
SM-S921B,ILO,S921BXXU5AXK5,2024-11-01,2026-09-11T15:18:57Z
SM-S921B,MID,S921BXXU5AXK5,2024-11-01,2026-09-11T15:19:00Z
SM-S921B,TUR,S921BXXU5AXK5,2024-11-01,2026-09-11T15:19:06Z
SM-S921B,XSG,S921BXXU5AXK5,2024-11-01,2026-09-11T15:19:09Z
SM-S921B,EUX,S921BXXU5AYA5,2025-01-01,2026-09-11T15:19:18Z
SM-S921B,EUX,S921BXXU5BYCG,2025-04-01,2026-09-11T15:19:18Z
SM-S921B,AFG,S921BXXU5BYD9,2025-04-01,2026-09-11T15:19:12Z
SM-S921B,EGY,S921BXXU5BYD9,2025-04-01,2026-09-11T15:19:03Z
SM-S921B,EUX,S921BXXU5BYD9,2025-04-01,2026-09-11T15:19:18Z
SM-S921B,ILO,S921BXXU5BYD9,2025-04-01,2026-09-11T15:18:57Z
SM-S921B,INS,S921BXXU5BYD9,2025-04-01,2026-09-11T15:19:15Z
SM-S921B,MID,S921BXXU5BYD9,2025-04-01,2026-09-11T15:19:00Z
SM-S921B,TUR,S921BXXU5BYD9,2025-04-01,2026-09-11T15:19:06Z
SM-S921B,XSA,S921BXXU5BYD9,2025-04-01,2026-09-11T15:19:27Z
SM-S921B,XSG,S921BXXU5BYD9,2025-04-01,2026-09-11T15:19:09Z
SM-S921B,EUX,S921BXXU6BYE7,2025-05-01,2026-09-11T15:19:18Z
SM-S921B,AFG,S921BXXU9CYI5,2025-09-01,2026-09-11T15:19:12Z
SM-S921B,EGY,S921BXXU9CYI5,2025-09-01,2026-09-11T15:19:03Z
SM-S921B,EUX,S921BXXU9CYI5,2025-09-01,2026-09-11T15:19:18Z
SM-S921B,ILO,S921BXXU9CYI5,2025-09-01,2026-09-11T15:18:57Z
SM-S921B,INS,S921BXXU9CYI5,2025-09-01,2026-09-11T15:19:15Z
SM-S921B,MID,S921BXXU9CYI5,2025-09-01,2026-09-11T15:19:00Z
SM-S921B,TUR,S921BXXU9CYI5,2025-09-01,2026-09-11T15:19:06Z
SM-S921B,XSA,S921BXXU9CYI5,2025-09-01,2026-09-11T15:19:27Z
SM-S921B,XSG,S921BXXU9CYI5,2025-09-01,2026-09-11T15:19:09Z
SM-S921B,AFG,S921BXXUDCZC2,2026-03-05,2026-09-11T15:19:12Z
SM-S921B,EGY,S921BXXUDCZC2,2026-03-05,2026-09-11T15:19:03Z
SM-S921B,EUX,S921BXXUDCZC2,2026-03-05,2026-09-11T15:19:18Z
SM-S921B,ILO,S921BXXUDCZC2,2026-03-05,2026-09-11T15:18:57Z
SM-S921B,INS,S921BXXUDCZC2,2026-03-05,2026-09-11T15:19:15Z
SM-S921B,MID,S921BXXUDCZC2,2026-03-05,2026-09-11T15:19:00Z
SM-S921B,TUR,S921BXXUDCZC2,2026-03-05,2026-09-11T15:19:06Z
SM-S921B,XSA,S921BXXUDCZC2,2026-03-05,2026-09-11T15:19:27Z
SM-S921B,XSG,S921BXXUDCZC2,2026-03-05,2026-09-11T15:19:09Z
SM-S921B,AFG,S921BXXUEDZDR,2026-04-05,2026-09-11T15:19:12Z
SM-S921B,EGY,S921BXXUEDZDR,2026-04-05,2026-09-11T15:19:03Z
SM-S921B,EUX,S921BXXUEDZDR,2026-04-05,2026-09-11T15:19:18Z
SM-S921B,ILO,S921BXXUEDZDR,2026-04-05,2026-09-11T15:18:57Z
SM-S921B,INS,S921BXXUEDZDR,2026-04-05,2026-09-11T15:19:15Z
SM-S921B,MID,S921BXXUEDZDR,2026-04-05,2026-09-11T15:19:00Z
SM-S921B,TUR,S921BXXUEDZDR,2026-04-05,2026-09-11T15:19:06Z
SM-S921B,XSA,S921BXXUEDZDR,2026-04-05,2026-09-11T15:19:27Z
SM-S921B,XSG,S921BXXUEDZDR,2026-04-05,2026-09-11T15:19:09Z
SM-S926B,EUX,S926BXXS1AXBG,2024-03-01,2026-09-11T15:19:53Z
SM-S926B,XSA,S926BXXS1AXBG,2024-03-01,2026-09-11T15:20:02Z
SM-S926B,AFG,S926BXXS1AXBN,2024-03-01,2026-09-11T15:19:48Z
SM-S926B,EGY,S926BXXS1AXBN,2024-03-01,2026-09-11T15:19:39Z
SM-S926B,ILO,S926BXXS1AXBN,2024-03-01,2026-09-11T15:19:33Z
SM-S926B,INS,S926BXXS1AXBN,2024-03-01,2026-09-11T15:19:50Z
SM-S926B,MID,S926BXXS1AXBN,2024-03-01,2026-09-11T15:19:36Z
SM-S926B,TUR,S926BXXS1AXBN,2024-03-01,2026-09-11T15:19:42Z
SM-S926B,XSG,S926BXXS1AXBN,2024-03-01,2026-09-11T15:19:45Z
SM-S926B,AFG,S926BXXS2AXD5,2024-05-01,2026-09-11T15:19:48Z
SM-S926B,EGY,S926BXXS2AXD5,2024-05-01,2026-09-11T15:19:39Z
SM-S926B,ILO,S926BXXS2AXD5,2024-05-01,2026-09-11T15:19:33Z
SM-S926B,INS,S926BXXS2AXD5,2024-05-01,2026-09-11T15:19:50Z
SM-S926B,MID,S926BXXS2AXD5,2024-05-01,2026-09-11T15:19:36Z
SM-S926B,TUR,S926BXXS2AXD5,2024-05-01,2026-09-11T15:19:42Z
SM-S926B,XSA,S926BXXS2AXD5,2024-05-01,2026-09-11T15:20:02Z
SM-S926B,XSG,S926BXXS2AXD5,2024-05-01,2026-09-11T15:19:45Z
SM-S926B,EUX,S926BXXS2AXD6,2024-05-01,2026-09-11T15:19:53Z
SM-S926B,AFG,S926BXXS2AXED,2024-06-01,2026-09-11T15:19:48Z
SM-S926B,EGY,S926BXXS2AXED,2024-06-01,2026-09-11T15:19:39Z
SM-S926B,ILO,S926BXXS2AXED,2024-06-01,2026-09-11T15:19:33Z
SM-S926B,INS,S926BXXS2AXED,2024-06-01,2026-09-11T15:19:50Z
SM-S926B,MID,S926BXXS2AXED,2024-06-01,2026-09-11T15:19:36Z
SM-S926B,TUR,S926BXXS2AXED,2024-06-01,2026-09-11T15:19:42Z
SM-S926B,XSA,S926BXXS2AXED,2024-06-01,2026-09-11T15:20:02Z
SM-S926B,XSG,S926BXXS2AXED,2024-06-01,2026-09-11T15:19:45Z
SM-S926B,EUX,S926BXXS2AXEF,2024-06-01,2026-09-11T15:19:53Z
SM-S926B,AFG,S926BXXS3AXFC,2024-07-01,2026-09-11T15:19:48Z
SM-S926B,EGY,S926BXXS3AXFC,2024-07-01,2026-09-11T15:19:39Z
SM-S926B,ILO,S926BXXS3AXFC,2024-07-01,2026-09-11T15:19:33Z
SM-S926B,INS,S926BXXS3AXFC,2024-07-01,2026-09-11T15:19:50Z
SM-S926B,MID,S926BXXS3AXFC,2024-07-01,2026-09-11T15:19:36Z
SM-S926B,TUR,S926BXXS3AXFC,2024-07-01,2026-09-11T15:19:42Z
SM-S926B,XSA,S926BXXS3AXFC,2024-07-01,2026-09-11T15:20:02Z
SM-S926B,XSG,S926BXXS3AXFC,2024-07-01,2026-09-11T15:19:45Z
SM-S926B,EUX,S926BXXS3AXFE,2024-07-01,2026-09-11T15:19:53Z
SM-S926B,AFG,S926BXXS3AXGD,2024-08-01,2026-09-11T15:19:48Z
SM-S926B,EGY,S926BXXS3AXGD,2024-08-01,2026-09-11T15:19:39Z
SM-S926B,ILO,S926BXXS3AXGD,2024-08-01,2026-09-11T15:19:33Z
SM-S926B,INS,S926BXXS3AXGD,2024-08-01,2026-09-11T15:19:50Z
SM-S926B,MID,S926BXXS3AXGD,2024-08-01,2026-09-11T15:19:36Z
SM-S926B,TUR,S926BXXS3AXGD,2024-08-01,2026-09-11T15:19:42Z
SM-S926B,XSA,S926BXXS3AXGD,2024-08-01,2026-09-11T15:20:02Z
SM-S926B,XSG,S926BXXS3AXGD,2024-08-01,2026-09-11T15:19:45Z
SM-S926B,EUX,S926BXXS3AXGF,2024-08-01,2026-09-11T15:19:53Z
SM-S926B,AFG,S926BXXS3AXHD,2024-09-01,2026-09-11T15:19:48Z
SM-S926B,EGY,S926BXXS3AXHD,2024-09-01,2026-09-11T15:19:39Z
SM-S926B,EUX,S926BXXS3AXHD,2024-09-01,2026-09-11T15:19:53Z
SM-S926B,ILO,S926BXXS3AXHD,2024-09-01,2026-09-11T15:19:33Z
SM-S926B,INS,S926BXXS3AXHD,2024-09-01,2026-09-11T15:19:50Z
SM-S926B,MID,S926BXXS3AXHD,2024-09-01,2026-09-11T15:19:36Z
SM-S926B,TUR,S926BXXS3AXHD,2024-09-01,2026-09-11T15:19:42Z
SM-S926B,XSA,S926BXXS3AXHD,2024-09-01,2026-09-11T15:20:02Z
SM-S926B,XSG,S926BXXS3AXHD,2024-09-01,2026-09-11T15:19:45Z
SM-S926B,AFG,S926BXXS4AXI8,2024-10-01,2026-09-11T15:19:48Z
SM-S926B,EGY,S926BXXS4AXI8,2024-10-01,2026-09-11T15:19:39Z
SM-S926B,EUX,S926BXXS4AXI8,2024-10-01,2026-09-11T15:19:53Z
SM-S926B,ILO,S926BXXS4AXI8,2024-10-01,2026-09-11T15:19:33Z
SM-S926B,INS,S926BXXS4AXI8,2024-10-01,2026-09-11T15:19:50Z
SM-S926B,MID,S926BXXS4AXI8,2024-10-01,2026-09-11T15:19:36Z
SM-S926B,TUR,S926BXXS4AXI8,2024-10-01,2026-09-11T15:19:42Z
SM-S926B,XSA,S926BXXS4AXI8,2024-10-01,2026-09-11T15:20:02Z
SM-S926B,XSG,S926BXXS4AXI8,2024-10-01,2026-09-11T15:19:45Z
SM-S926B,EUX,S926BXXS5AXJ8,2024-11-01,2026-09-11T15:19:53Z
SM-S926B,EUX,S926BXXS5AXKA,2024-12-01,2026-09-11T15:19:53Z
SM-S926B,INS,S926BXXS5AXKA,2024-12-01,2026-09-11T15:19:50Z
SM-S926B,XSA,S926BXXS5AXKA,2024-12-01,2026-09-11T15:20:02Z
SM-S926B,AFG,S926BXXS5AXKB,2024-12-01,2026-09-11T15:19:48Z
SM-S926B,EGY,S926BXXS5AXKB,2024-12-01,2026-09-11T15:19:39Z
SM-S926B,ILO,S926BXXS5AXKB,2024-12-01,2026-09-11T15:19:33Z
SM-S926B,MID,S926BXXS5AXKB,2024-12-01,2026-09-11T15:19:36Z
SM-S926B,TUR,S926BXXS5AXKB,2024-12-01,2026-09-11T15:19:42Z
SM-S926B,XSG,S926BXXS5AXKB,2024-12-01,2026-09-11T15:19:45Z
SM-S926B,INS,S926BXXS5AYA1,2025-01-01,2026-09-11T15:19:50Z
SM-S926B,XSA,S926BXXS5AYA1,2025-01-01,2026-09-11T15:20:02Z
SM-S926B,AFG,S926BXXS5AYA2,2025-01-01,2026-09-11T15:19:48Z
SM-S926B,EGY,S926BXXS5AYA2,2025-01-01,2026-09-11T15:19:39Z
SM-S926B,ILO,S926BXXS5AYA2,2025-01-01,2026-09-11T15:19:33Z
SM-S926B,MID,S926BXXS5AYA2,2025-01-01,2026-09-11T15:19:36Z
SM-S926B,TUR,S926BXXS5AYA2,2025-01-01,2026-09-11T15:19:42Z
SM-S926B,XSG,S926BXXS5AYA2,2025-01-01,2026-09-11T15:19:45Z
SM-S926B,INS,S926BXXS5AYAA,2025-02-01,2026-09-11T15:19:50Z
SM-S926B,XSA,S926BXXS5AYAA,2025-02-01,2026-09-11T15:20:02Z
SM-S926B,AFG,S926BXXS5AYB1,2025-02-01,2026-09-11T15:19:48Z
SM-S926B,EGY,S926BXXS5AYB1,2025-02-01,2026-09-11T15:19:39Z
SM-S926B,ILO,S926BXXS5AYB1,2025-02-01,2026-09-11T15:19:33Z
SM-S926B,MID,S926BXXS5AYB1,2025-02-01,2026-09-11T15:19:36Z
SM-S926B,TUR,S926BXXS5AYB1,2025-02-01,2026-09-11T15:19:42Z
SM-S926B,XSG,S926BXXS5AYB1,2025-02-01,2026-09-11T15:19:45Z
SM-S926B,EUX,S926BXXS5AYB2,2025-02-01,2026-09-11T15:19:53Z
SM-S926B,EUX,S926BXXS5AYB6,2025-03-01,2026-09-11T15:19:53Z
SM-S926B,INS,S926BXXS5AYB7,2025-03-01,2026-09-11T15:19:50Z
SM-S926B,XSA,S926BXXS5AYB7,2025-03-01,2026-09-11T15:20:02Z
SM-S926B,AFG,S926BXXS5AYB8,2025-03-01,2026-09-11T15:19:48Z
SM-S926B,EGY,S926BXXS5AYB8,2025-03-01,2026-09-11T15:19:39Z
SM-S926B,ILO,S926BXXS5AYB8,2025-03-01,2026-09-11T15:19:33Z
SM-S926B,MID,S926BXXS5AYB8,2025-03-01,2026-09-11T15:19:36Z
SM-S926B,TUR,S926BXXS5AYB8,2025-03-01,2026-09-11T15:19:42Z
SM-S926B,XSG,S926BXXS5AYB8,2025-03-01,2026-09-11T15:19:45Z
SM-S926B,AFG,S926BXXS6BYE3,2025-05-01,2026-09-11T15:19:48Z
SM-S926B,EGY,S926BXXS6BYE3,2025-05-01,2026-09-11T15:19:39Z
SM-S926B,EUX,S926BXXS6BYE3,2025-05-01,2026-09-11T15:19:53Z
SM-S926B,ILO,S926BXXS6BYE3,2025-05-01,2026-09-11T15:19:33Z
SM-S926B,INS,S926BXXS6BYE3,2025-05-01,2026-09-11T15:19:50Z
SM-S926B,MID,S926BXXS6BYE3,2025-05-01,2026-09-11T15:19:36Z
SM-S926B,TUR,S926BXXS6BYE3,2025-05-01,2026-09-11T15:19:42Z
SM-S926B,XSA,S926BXXS6BYE3,2025-05-01,2026-09-11T15:20:02Z
SM-S926B,XSG,S926BXXS6BYE3,2025-05-01,2026-09-11T15:19:45Z
SM-S926B,AFG,S926BXXS7BYEB,2025-06-01,2026-09-11T15:19:48Z
SM-S926B,EGY,S926BXXS7BYEB,2025-06-01,2026-09-11T15:19:39Z
SM-S926B,ILO,S926BXXS7BYEB,2025-06-01,2026-09-11T15:19:33Z
SM-S926B,INS,S926BXXS7BYEB,2025-06-01,2026-09-11T15:19:50Z
SM-S926B,MID,S926BXXS7BYEB,2025-06-01,2026-09-11T15:19:36Z
SM-S926B,TUR,S926BXXS7BYEB,2025-06-01,2026-09-11T15:19:42Z
SM-S926B,XSA,S926BXXS7BYEB,2025-06-01,2026-09-11T15:20:02Z
SM-S926B,XSG,S926BXXS7BYEB,2025-06-01,2026-09-11T15:19:45Z
SM-S926B,EUX,S926BXXS7BYEC,2025-06-01,2026-09-11T15:19:53Z
SM-S926B,AFG,S926BXXS8BYG1,2025-07-01,2026-09-11T15:19:48Z
SM-S926B,EGY,S926BXXS8BYG1,2025-07-01,2026-09-11T15:19:39Z
SM-S926B,ILO,S926BXXS8BYG1,2025-07-01,2026-09-11T15:19:33Z
SM-S926B,INS,S926BXXS8BYG1,2025-07-01,2026-09-11T15:19:50Z
SM-S926B,MID,S926BXXS8BYG1,2025-07-01,2026-09-11T15:19:36Z
SM-S926B,TUR,S926BXXS8BYG1,2025-07-01,2026-09-11T15:19:42Z
SM-S926B,XSA,S926BXXS8BYG1,2025-07-01,2026-09-11T15:20:02Z
SM-S926B,XSG,S926BXXS8BYG1,2025-07-01,2026-09-11T15:19:45Z
SM-S926B,EUX,S926BXXS8BYG2,2025-07-01,2026-09-11T15:19:53Z
SM-S926B,AFG,S926BXXS9BYH1,2025-08-01,2026-09-11T15:19:48Z
SM-S926B,EGY,S926BXXS9BYH1,2025-08-01,2026-09-11T15:19:39Z
SM-S926B,ILO,S926BXXS9BYH1,2025-08-01,2026-09-11T15:19:33Z
SM-S926B,INS,S926BXXS9BYH1,2025-08-01,2026-09-11T15:19:50Z
SM-S926B,MID,S926BXXS9BYH1,2025-08-01,2026-09-11T15:19:36Z
SM-S926B,TUR,S926BXXS9BYH1,2025-08-01,2026-09-11T15:19:42Z
SM-S926B,XSA,S926BXXS9BYH1,2025-08-01,2026-09-11T15:20:02Z
SM-S926B,XSG,S926BXXS9BYH1,2025-08-01,2026-09-11T15:19:45Z
SM-S926B,EUX,S926BXXS9BYH2,2025-08-01,2026-09-11T15:19:53Z
SM-S926B,AFG,S926BXXSACYJ7,2025-10-01,2026-09-11T15:19:48Z
SM-S926B,EGY,S926BXXSACYJ7,2025-10-01,2026-09-11T15:19:39Z
SM-S926B,EUX,S926BXXSACYJ7,2025-10-01,2026-09-11T15:19:53Z
SM-S926B,ILO,S926BXXSACYJ7,2025-10-01,2026-09-11T15:19:33Z
SM-S926B,INS,S926BXXSACYJ7,2025-10-01,2026-09-11T15:19:50Z
SM-S926B,MID,S926BXXSACYJ7,2025-10-01,2026-09-11T15:19:36Z
SM-S926B,TUR,S926BXXSACYJ7,2025-10-01,2026-09-11T15:19:42Z
SM-S926B,XSA,S926BXXSACYJ7,2025-10-01,2026-09-11T15:20:02Z
SM-S926B,XSG,S926BXXSACYJ7,2025-10-01,2026-09-11T15:19:45Z
SM-S926B,AFG,S926BXXSBCYK2,2025-11-01,2026-09-11T15:19:48Z
SM-S926B,EGY,S926BXXSBCYK2,2025-11-01,2026-09-11T15:19:39Z
SM-S926B,EUX,S926BXXSBCYK2,2025-11-01,2026-09-11T15:19:53Z
SM-S926B,ILO,S926BXXSBCYK2,2025-11-01,2026-09-11T15:19:33Z
SM-S926B,INS,S926BXXSBCYK2,2025-11-01,2026-09-11T15:19:50Z
SM-S926B,MID,S926BXXSBCYK2,2025-11-01,2026-09-11T15:19:36Z
SM-S926B,TUR,S926BXXSBCYK2,2025-11-01,2026-09-11T15:19:42Z
SM-S926B,XSA,S926BXXSBCYK2,2025-11-01,2026-09-11T15:20:02Z
SM-S926B,XSG,S926BXXSBCYK2,2025-11-01,2026-09-11T15:19:45Z
SM-S926B,AFG,S926BXXSBCYK8,2025-12-01,2026-09-11T15:19:48Z
SM-S926B,EGY,S926BXXSBCYK8,2025-12-01,2026-09-11T15:19:39Z
SM-S926B,EUX,S926BXXSBCYK8,2025-12-01,2026-09-11T15:19:53Z
SM-S926B,ILO,S926BXXSBCYK8,2025-12-01,2026-09-11T15:19:33Z
SM-S926B,INS,S926BXXSBCYK8,2025-12-01,2026-09-11T15:19:50Z
SM-S926B,MID,S926BXXSBCYK8,2025-12-01,2026-09-11T15:19:36Z
SM-S926B,TUR,S926BXXSBCYK8,2025-12-01,2026-09-11T15:19:42Z
SM-S926B,XSA,S926BXXSBCYK8,2025-12-01,2026-09-11T15:20:02Z
SM-S926B,XSG,S926BXXSBCYK8,2025-12-01,2026-09-11T15:19:45Z
SM-S926B,AFG,S926BXXSCCZA1,2026-01-01,2026-09-11T15:19:48Z
SM-S926B,EGY,S926BXXSCCZA1,2026-01-01,2026-09-11T15:19:39Z
SM-S926B,EUX,S926BXXSCCZA1,2026-01-01,2026-09-11T15:19:53Z
SM-S926B,ILO,S926BXXSCCZA1,2026-01-01,2026-09-11T15:19:33Z
SM-S926B,INS,S926BXXSCCZA1,2026-01-01,2026-09-11T15:19:50Z
SM-S926B,MID,S926BXXSCCZA1,2026-01-01,2026-09-11T15:19:36Z
SM-S926B,TUR,S926BXXSCCZA1,2026-01-01,2026-09-11T15:19:42Z
SM-S926B,XSA,S926BXXSCCZA1,2026-01-01,2026-09-11T15:20:02Z
SM-S926B,XSG,S926BXXSCCZA1,2026-01-01,2026-09-11T15:19:45Z
SM-S926B,AFG,S926BXXSDCZB2,2026-02-05,2026-09-11T15:19:48Z
SM-S926B,EGY,S926BXXSDCZB2,2026-02-05,2026-09-11T15:19:39Z
SM-S926B,EUX,S926BXXSDCZB2,2026-02-05,2026-09-11T15:19:53Z
SM-S926B,ILO,S926BXXSDCZB2,2026-02-05,2026-09-11T15:19:33Z
SM-S926B,INS,S926BXXSDCZB2,2026-02-05,2026-09-11T15:19:50Z
SM-S926B,MID,S926BXXSDCZB2,2026-02-05,2026-09-11T15:19:36Z
SM-S926B,TUR,S926BXXSDCZB2,2026-02-05,2026-09-11T15:19:42Z
SM-S926B,XSA,S926BXXSDCZB2,2026-02-05,2026-09-11T15:20:02Z
SM-S926B,XSG,S926BXXSDCZB2,2026-02-05,2026-09-11T15:19:45Z
SM-S926B,AFG,S926BXXSECZD1,2026-04-05,2026-09-11T15:19:48Z
SM-S926B,EGY,S926BXXSECZD1,2026-04-05,2026-09-11T15:19:39Z
SM-S926B,EUX,S926BXXSECZD1,2026-04-05,2026-09-11T15:19:53Z
SM-S926B,ILO,S926BXXSECZD1,2026-04-05,2026-09-11T15:19:33Z
SM-S926B,INS,S926BXXSECZD1,2026-04-05,2026-09-11T15:19:50Z
SM-S926B,MID,S926BXXSECZD1,2026-04-05,2026-09-11T15:19:36Z
SM-S926B,TUR,S926BXXSECZD1,2026-04-05,2026-09-11T15:19:42Z
SM-S926B,XSA,S926BXXSECZD1,2026-04-05,2026-09-11T15:20:02Z
SM-S926B,XSG,S926BXXSECZD1,2026-04-05,2026-09-11T15:19:45Z
SM-S926B,AFG,S926BXXSFDZE1,2026-05-05,2026-09-11T15:19:48Z
SM-S926B,EGY,S926BXXSFDZE1,2026-05-05,2026-09-11T15:19:39Z
SM-S926B,EUX,S926BXXSFDZE1,2026-05-05,2026-09-11T15:19:53Z
SM-S926B,ILO,S926BXXSFDZE1,2026-05-05,2026-09-11T15:19:33Z
SM-S926B,INS,S926BXXSFDZE1,2026-05-05,2026-09-11T15:19:50Z
SM-S926B,MID,S926BXXSFDZE1,2026-05-05,2026-09-11T15:19:36Z
SM-S926B,TUR,S926BXXSFDZE1,2026-05-05,2026-09-11T15:19:42Z
SM-S926B,XSA,S926BXXSFDZE1,2026-05-05,2026-09-11T15:20:02Z
SM-S926B,XSG,S926BXXSFDZE1,2026-05-05,2026-09-11T15:19:45Z
SM-S926B,AFG,S926BXXSFDZF2,2026-06-05,2026-09-11T15:19:48Z
SM-S926B,EGY,S926BXXSFDZF2,2026-06-05,2026-09-11T15:19:39Z
SM-S926B,EUX,S926BXXSFDZF2,2026-06-05,2026-09-11T15:19:53Z
SM-S926B,ILO,S926BXXSFDZF2,2026-06-05,2026-09-11T15:19:33Z
SM-S926B,INS,S926BXXSFDZF2,2026-06-05,2026-09-11T15:19:50Z
SM-S926B,MID,S926BXXSFDZF2,2026-06-05,2026-09-11T15:19:36Z
SM-S926B,TUR,S926BXXSFDZF2,2026-06-05,2026-09-11T15:19:42Z
SM-S926B,XSA,S926BXXSFDZF2,2026-06-05,2026-09-11T15:20:02Z
SM-S926B,XSG,S926BXXSFDZF2,2026-06-05,2026-09-11T15:19:45Z
SM-S926B,AFG,S926BXXSGDZG1,2026-07-05,2026-09-11T15:19:48Z
SM-S926B,EGY,S926BXXSGDZG1,2026-07-05,2026-09-11T15:19:39Z
SM-S926B,EUX,S926BXXSGDZG1,2026-07-05,2026-09-11T15:19:53Z
SM-S926B,ILO,S926BXXSGDZG1,2026-07-05,2026-09-11T15:19:33Z
SM-S926B,INS,S926BXXSGDZG1,2026-07-05,2026-09-11T15:19:50Z
SM-S926B,MID,S926BXXSGDZG1,2026-07-05,2026-09-11T15:19:36Z
SM-S926B,TUR,S926BXXSGDZG1,2026-07-05,2026-09-11T15:19:42Z
SM-S926B,XSA,S926BXXSGDZG1,2026-07-05,2026-09-11T15:20:02Z
SM-S926B,XSG,S926BXXSGDZG1,2026-07-05,2026-09-11T15:19:45Z
SM-S926B,AFG,S926BXXSHDZH3,2026-08-05,2026-09-11T15:19:48Z
SM-S926B,EGY,S926BXXSHDZH3,2026-08-05,2026-09-11T15:19:39Z
SM-S926B,EUX,S926BXXSHDZH3,2026-08-05,2026-09-11T15:19:53Z
SM-S926B,ILO,S926BXXSHDZH3,2026-08-05,2026-09-11T15:19:33Z
SM-S926B,INS,S926BXXSHDZH3,2026-08-05,2026-09-11T15:19:50Z
SM-S926B,MID,S926BXXSHDZH3,2026-08-05,2026-09-11T15:19:36Z
SM-S926B,TUR,S926BXXSHDZH3,2026-08-05,2026-09-11T15:19:42Z
SM-S926B,XSA,S926BXXSHDZH3,2026-08-05,2026-09-11T15:20:02Z
SM-S926B,XSG,S926BXXSHDZH3,2026-08-05,2026-09-11T15:19:45Z
SM-S926B,EUX,S926BXXU1AXB5,2024-02-01,2026-09-11T15:19:53Z
SM-S926B,XSA,S926BXXU1AXB5,2024-02-01,2026-09-11T15:20:02Z
SM-S926B,AFG,S926BXXU1AXBA,2024-02-01,2026-09-11T15:19:48Z
SM-S926B,EGY,S926BXXU1AXBA,2024-02-01,2026-09-11T15:19:39Z
SM-S926B,ILO,S926BXXU1AXBA,2024-02-01,2026-09-11T15:19:33Z
SM-S926B,INS,S926BXXU1AXBA,2024-02-01,2026-09-11T15:19:50Z
SM-S926B,MID,S926BXXU1AXBA,2024-02-01,2026-09-11T15:19:36Z
SM-S926B,TUR,S926BXXU1AXBA,2024-02-01,2026-09-11T15:19:42Z
SM-S926B,XSG,S926BXXU1AXBA,2024-02-01,2026-09-11T15:19:45Z
SM-S926B,AFG,S926BXXU1AXCA,2024-04-01,2026-09-11T15:19:48Z
SM-S926B,EGY,S926BXXU1AXCA,2024-04-01,2026-09-11T15:19:39Z
SM-S926B,EUX,S926BXXU1AXCA,2024-04-01,2026-09-11T15:19:53Z
SM-S926B,ILO,S926BXXU1AXCA,2024-04-01,2026-09-11T15:19:33Z
SM-S926B,INS,S926BXXU1AXCA,2024-04-01,2026-09-11T15:19:50Z
SM-S926B,MID,S926BXXU1AXCA,2024-04-01,2026-09-11T15:19:36Z
SM-S926B,TUR,S926BXXU1AXCA,2024-04-01,2026-09-11T15:19:42Z
SM-S926B,XSA,S926BXXU1AXCA,2024-04-01,2026-09-11T15:20:02Z
SM-S926B,XSG,S926BXXU1AXCA,2024-04-01,2026-09-11T15:19:45Z
SM-S926B,EUX,S926BXXU1AXCB,2024-04-01,2026-09-11T15:19:53Z
SM-S926B,EUX,S926BXXU2AXEC,2024-05-01,2026-09-11T15:19:53Z
SM-S926B,AFG,S926BXXU3AXH7,2024-08-01,2026-09-11T15:19:48Z
SM-S926B,EGY,S926BXXU3AXH7,2024-08-01,2026-09-11T15:19:39Z
SM-S926B,EUX,S926BXXU3AXH7,2024-08-01,2026-09-11T15:19:53Z
SM-S926B,ILO,S926BXXU3AXH7,2024-08-01,2026-09-11T15:19:33Z
SM-S926B,INS,S926BXXU3AXH7,2024-08-01,2026-09-11T15:19:50Z
SM-S926B,MID,S926BXXU3AXH7,2024-08-01,2026-09-11T15:19:36Z
SM-S926B,TUR,S926BXXU3AXH7,2024-08-01,2026-09-11T15:19:42Z
SM-S926B,XSA,S926BXXU3AXH7,2024-08-01,2026-09-11T15:20:02Z
SM-S926B,XSG,S926BXXU3AXH7,2024-08-01,2026-09-11T15:19:45Z
SM-S926B,EUX,S926BXXU5AXK4,2024-11-01,2026-09-11T15:19:53Z
SM-S926B,INS,S926BXXU5AXK4,2024-11-01,2026-09-11T15:19:50Z
SM-S926B,XSA,S926BXXU5AXK4,2024-11-01,2026-09-11T15:20:02Z
SM-S926B,AFG,S926BXXU5AXK5,2024-11-01,2026-09-11T15:19:48Z
SM-S926B,EGY,S926BXXU5AXK5,2024-11-01,2026-09-11T15:19:39Z
SM-S926B,ILO,S926BXXU5AXK5,2024-11-01,2026-09-11T15:19:33Z
SM-S926B,MID,S926BXXU5AXK5,2024-11-01,2026-09-11T15:19:36Z
SM-S926B,TUR,S926BXXU5AXK5,2024-11-01,2026-09-11T15:19:42Z
SM-S926B,XSG,S926BXXU5AXK5,2024-11-01,2026-09-11T15:19:45Z
SM-S926B,EUX,S926BXXU5AYA5,2025-01-01,2026-09-11T15:19:53Z
SM-S926B,EUX,S926BXXU5BYCG,2025-04-01,2026-09-11T15:19:53Z
SM-S926B,AFG,S926BXXU5BYD9,2025-04-01,2026-09-11T15:19:48Z
SM-S926B,EGY,S926BXXU5BYD9,2025-04-01,2026-09-11T15:19:39Z
SM-S926B,EUX,S926BXXU5BYD9,2025-04-01,2026-09-11T15:19:53Z
SM-S926B,ILO,S926BXXU5BYD9,2025-04-01,2026-09-11T15:19:33Z
SM-S926B,INS,S926BXXU5BYD9,2025-04-01,2026-09-11T15:19:50Z
SM-S926B,MID,S926BXXU5BYD9,2025-04-01,2026-09-11T15:19:36Z
SM-S926B,TUR,S926BXXU5BYD9,2025-04-01,2026-09-11T15:19:42Z
SM-S926B,XSA,S926BXXU5BYD9,2025-04-01,2026-09-11T15:20:02Z
SM-S926B,XSG,S926BXXU5BYD9,2025-04-01,2026-09-11T15:19:45Z
SM-S926B,EUX,S926BXXU6BYE7,2025-05-01,2026-09-11T15:19:53Z
SM-S926B,AFG,S926BXXU9CYI5,2025-09-01,2026-09-11T15:19:48Z
SM-S926B,EGY,S926BXXU9CYI5,2025-09-01,2026-09-11T15:19:39Z
SM-S926B,EUX,S926BXXU9CYI5,2025-09-01,2026-09-11T15:19:53Z
SM-S926B,ILO,S926BXXU9CYI5,2025-09-01,2026-09-11T15:19:33Z
SM-S926B,INS,S926BXXU9CYI5,2025-09-01,2026-09-11T15:19:50Z
SM-S926B,MID,S926BXXU9CYI5,2025-09-01,2026-09-11T15:19:36Z
SM-S926B,TUR,S926BXXU9CYI5,2025-09-01,2026-09-11T15:19:42Z
SM-S926B,XSA,S926BXXU9CYI5,2025-09-01,2026-09-11T15:20:02Z
SM-S926B,XSG,S926BXXU9CYI5,2025-09-01,2026-09-11T15:19:45Z
SM-S926B,AFG,S926BXXUDCZC2,2026-03-05,2026-09-11T15:19:48Z
SM-S926B,EGY,S926BXXUDCZC2,2026-03-05,2026-09-11T15:19:39Z
SM-S926B,EUX,S926BXXUDCZC2,2026-03-05,2026-09-11T15:19:53Z
SM-S926B,ILO,S926BXXUDCZC2,2026-03-05,2026-09-11T15:19:33Z
SM-S926B,INS,S926BXXUDCZC2,2026-03-05,2026-09-11T15:19:50Z
SM-S926B,MID,S926BXXUDCZC2,2026-03-05,2026-09-11T15:19:36Z
SM-S926B,TUR,S926BXXUDCZC2,2026-03-05,2026-09-11T15:19:42Z
SM-S926B,XSA,S926BXXUDCZC2,2026-03-05,2026-09-11T15:20:02Z
SM-S926B,XSG,S926BXXUDCZC2,2026-03-05,2026-09-11T15:19:45Z
SM-S926B,AFG,S926BXXUEDZDR,2026-04-05,2026-09-11T15:19:48Z
SM-S926B,EGY,S926BXXUEDZDR,2026-04-05,2026-09-11T15:19:39Z
SM-S926B,EUX,S926BXXUEDZDR,2026-04-05,2026-09-11T15:19:53Z
SM-S926B,ILO,S926BXXUEDZDR,2026-04-05,2026-09-11T15:19:33Z
SM-S926B,INS,S926BXXUEDZDR,2026-04-05,2026-09-11T15:19:50Z
SM-S926B,MID,S926BXXUEDZDR,2026-04-05,2026-09-11T15:19:36Z
SM-S926B,TUR,S926BXXUEDZDR,2026-04-05,2026-09-11T15:19:42Z
SM-S926B,XSA,S926BXXUEDZDR,2026-04-05,2026-09-11T15:20:02Z
SM-S926B,XSG,S926BXXUEDZDR,2026-04-05,2026-09-11T15:19:45Z
SM-S928B,EUX,S928BXXS1AXBG,2024-03-01,2026-09-11T15:20:27Z
SM-S928B,XSA,S928BXXS1AXBG,2024-03-01,2026-09-11T15:20:37Z
SM-S928B,AFG,S928BXXS1AXBN,2024-03-01,2026-09-11T15:20:22Z
SM-S928B,EGY,S928BXXS1AXBN,2024-03-01,2026-09-11T15:20:13Z
SM-S928B,ILO,S928BXXS1AXBN,2024-03-01,2026-09-11T15:20:08Z
SM-S928B,INS,S928BXXS1AXBN,2024-03-01,2026-09-11T15:20:25Z
SM-S928B,MID,S928BXXS1AXBN,2024-03-01,2026-09-11T15:20:11Z
SM-S928B,TUR,S928BXXS1AXBN,2024-03-01,2026-09-11T15:20:16Z
SM-S928B,XSG,S928BXXS1AXBN,2024-03-01,2026-09-11T15:20:19Z
SM-S928B,AFG,S928BXXS2AXD5,2024-05-01,2026-09-11T15:20:22Z
SM-S928B,EGY,S928BXXS2AXD5,2024-05-01,2026-09-11T15:20:13Z
SM-S928B,ILO,S928BXXS2AXD5,2024-05-01,2026-09-11T15:20:08Z
SM-S928B,INS,S928BXXS2AXD5,2024-05-01,2026-09-11T15:20:25Z
SM-S928B,MID,S928BXXS2AXD5,2024-05-01,2026-09-11T15:20:11Z
SM-S928B,TUR,S928BXXS2AXD5,2024-05-01,2026-09-11T15:20:16Z
SM-S928B,XSA,S928BXXS2AXD5,2024-05-01,2026-09-11T15:20:37Z
SM-S928B,XSG,S928BXXS2AXD5,2024-05-01,2026-09-11T15:20:19Z
SM-S928B,EUX,S928BXXS2AXD6,2024-05-01,2026-09-11T15:20:27Z
SM-S928B,AFG,S928BXXS2AXED,2024-06-01,2026-09-11T15:20:22Z
SM-S928B,EGY,S928BXXS2AXED,2024-06-01,2026-09-11T15:20:13Z
SM-S928B,ILO,S928BXXS2AXED,2024-06-01,2026-09-11T15:20:08Z
SM-S928B,INS,S928BXXS2AXED,2024-06-01,2026-09-11T15:20:25Z
SM-S928B,MID,S928BXXS2AXED,2024-06-01,2026-09-11T15:20:11Z
SM-S928B,TUR,S928BXXS2AXED,2024-06-01,2026-09-11T15:20:16Z
SM-S928B,XSA,S928BXXS2AXED,2024-06-01,2026-09-11T15:20:37Z
SM-S928B,XSG,S928BXXS2AXED,2024-06-01,2026-09-11T15:20:19Z
SM-S928B,EUX,S928BXXS2AXEF,2024-06-01,2026-09-11T15:20:27Z
SM-S928B,AFG,S928BXXS3AXFC,2024-07-01,2026-09-11T15:20:22Z
SM-S928B,EGY,S928BXXS3AXFC,2024-07-01,2026-09-11T15:20:13Z
SM-S928B,ILO,S928BXXS3AXFC,2024-07-01,2026-09-11T15:20:08Z
SM-S928B,INS,S928BXXS3AXFC,2024-07-01,2026-09-11T15:20:25Z
SM-S928B,MID,S928BXXS3AXFC,2024-07-01,2026-09-11T15:20:11Z
SM-S928B,TUR,S928BXXS3AXFC,2024-07-01,2026-09-11T15:20:16Z
SM-S928B,XSA,S928BXXS3AXFC,2024-07-01,2026-09-11T15:20:37Z
SM-S928B,XSG,S928BXXS3AXFC,2024-07-01,2026-09-11T15:20:19Z
SM-S928B,EUX,S928BXXS3AXFE,2024-07-01,2026-09-11T15:20:27Z
SM-S928B,AFG,S928BXXS3AXGD,2024-08-01,2026-09-11T15:20:22Z
SM-S928B,EGY,S928BXXS3AXGD,2024-08-01,2026-09-11T15:20:13Z
SM-S928B,ILO,S928BXXS3AXGD,2024-08-01,2026-09-11T15:20:08Z
SM-S928B,INS,S928BXXS3AXGD,2024-08-01,2026-09-11T15:20:25Z
SM-S928B,MID,S928BXXS3AXGD,2024-08-01,2026-09-11T15:20:11Z
SM-S928B,TUR,S928BXXS3AXGD,2024-08-01,2026-09-11T15:20:16Z
SM-S928B,XSA,S928BXXS3AXGD,2024-08-01,2026-09-11T15:20:37Z
SM-S928B,XSG,S928BXXS3AXGD,2024-08-01,2026-09-11T15:20:19Z
SM-S928B,EUX,S928BXXS3AXGF,2024-08-01,2026-09-11T15:20:27Z
SM-S928B,AFG,S928BXXS3AXHD,2024-09-01,2026-09-11T15:20:22Z
SM-S928B,EGY,S928BXXS3AXHD,2024-09-01,2026-09-11T15:20:13Z
SM-S928B,ILO,S928BXXS3AXHD,2024-09-01,2026-09-11T15:20:08Z
SM-S928B,INS,S928BXXS3AXHD,2024-09-01,2026-09-11T15:20:25Z
SM-S928B,MID,S928BXXS3AXHD,2024-09-01,2026-09-11T15:20:11Z
SM-S928B,TUR,S928BXXS3AXHD,2024-09-01,2026-09-11T15:20:16Z
SM-S928B,XSA,S928BXXS3AXHD,2024-09-01,2026-09-11T15:20:37Z
SM-S928B,XSG,S928BXXS3AXHD,2024-09-01,2026-09-11T15:20:19Z
SM-S928B,EUX,S928BXXS3AXI1,2024-09-01,2026-09-11T15:20:27Z
SM-S928B,AFG,S928BXXS3AXI7,2024-10-01,2026-09-11T15:20:22Z
SM-S928B,EGY,S928BXXS3AXI7,2024-10-01,2026-09-11T15:20:13Z
SM-S928B,ILO,S928BXXS3AXI7,2024-10-01,2026-09-11T15:20:08Z
SM-S928B,INS,S928BXXS3AXI7,2024-10-01,2026-09-11T15:20:25Z
SM-S928B,MID,S928BXXS3AXI7,2024-10-01,2026-09-11T15:20:11Z
SM-S928B,TUR,S928BXXS3AXI7,2024-10-01,2026-09-11T15:20:16Z
SM-S928B,XSA,S928BXXS3AXI7,2024-10-01,2026-09-11T15:20:37Z
SM-S928B,XSG,S928BXXS3AXI7,2024-10-01,2026-09-11T15:20:19Z
SM-S928B,EUX,S928BXXS3AXI8,2024-10-01,2026-09-11T15:20:27Z
SM-S928B,EUX,S928BXXS4AXJB,2024-11-01,2026-09-11T15:20:27Z
SM-S928B,EUX,S928BXXS4AXKA,2024-12-01,2026-09-11T15:20:27Z
SM-S928B,INS,S928BXXS4AXKA,2024-12-01,2026-09-11T15:20:25Z
SM-S928B,XSA,S928BXXS4AXKA,2024-12-01,2026-09-11T15:20:37Z
SM-S928B,AFG,S928BXXS4AXKB,2024-12-01,2026-09-11T15:20:22Z
SM-S928B,EGY,S928BXXS4AXKB,2024-12-01,2026-09-11T15:20:13Z
SM-S928B,ILO,S928BXXS4AXKB,2024-12-01,2026-09-11T15:20:08Z
SM-S928B,MID,S928BXXS4AXKB,2024-12-01,2026-09-11T15:20:11Z
SM-S928B,TUR,S928BXXS4AXKB,2024-12-01,2026-09-11T15:20:16Z
SM-S928B,XSG,S928BXXS4AXKB,2024-12-01,2026-09-11T15:20:19Z
SM-S928B,INS,S928BXXS4AYA1,2025-01-01,2026-09-11T15:20:25Z
SM-S928B,XSA,S928BXXS4AYA1,2025-01-01,2026-09-11T15:20:37Z
SM-S928B,AFG,S928BXXS4AYA2,2025-01-01,2026-09-11T15:20:22Z
SM-S928B,EGY,S928BXXS4AYA2,2025-01-01,2026-09-11T15:20:13Z
SM-S928B,ILO,S928BXXS4AYA2,2025-01-01,2026-09-11T15:20:08Z
SM-S928B,MID,S928BXXS4AYA2,2025-01-01,2026-09-11T15:20:11Z
SM-S928B,TUR,S928BXXS4AYA2,2025-01-01,2026-09-11T15:20:16Z
SM-S928B,XSG,S928BXXS4AYA2,2025-01-01,2026-09-11T15:20:19Z
SM-S928B,INS,S928BXXS4AYAA,2025-02-01,2026-09-11T15:20:25Z
SM-S928B,XSA,S928BXXS4AYAA,2025-02-01,2026-09-11T15:20:37Z
SM-S928B,AFG,S928BXXS4AYB1,2025-02-01,2026-09-11T15:20:22Z
SM-S928B,EGY,S928BXXS4AYB1,2025-02-01,2026-09-11T15:20:13Z
SM-S928B,ILO,S928BXXS4AYB1,2025-02-01,2026-09-11T15:20:08Z
SM-S928B,MID,S928BXXS4AYB1,2025-02-01,2026-09-11T15:20:11Z
SM-S928B,TUR,S928BXXS4AYB1,2025-02-01,2026-09-11T15:20:16Z
SM-S928B,XSG,S928BXXS4AYB1,2025-02-01,2026-09-11T15:20:19Z
SM-S928B,EUX,S928BXXS4AYB2,2025-02-01,2026-09-11T15:20:27Z
SM-S928B,EUX,S928BXXS4AYB6,2025-03-01,2026-09-11T15:20:27Z
SM-S928B,INS,S928BXXS4AYB7,2025-03-01,2026-09-11T15:20:25Z
SM-S928B,XSA,S928BXXS4AYB7,2025-03-01,2026-09-11T15:20:37Z
SM-S928B,AFG,S928BXXS4AYB8,2025-03-01,2026-09-11T15:20:22Z
SM-S928B,EGY,S928BXXS4AYB8,2025-03-01,2026-09-11T15:20:13Z
SM-S928B,ILO,S928BXXS4AYB8,2025-03-01,2026-09-11T15:20:08Z
SM-S928B,MID,S928BXXS4AYB8,2025-03-01,2026-09-11T15:20:11Z
SM-S928B,TUR,S928BXXS4AYB8,2025-03-01,2026-09-11T15:20:16Z
SM-S928B,XSG,S928BXXS4AYB8,2025-03-01,2026-09-11T15:20:19Z
SM-S928B,AFG,S928BXXS4BYE3,2025-05-01,2026-09-11T15:20:22Z
SM-S928B,EGY,S928BXXS4BYE3,2025-05-01,2026-09-11T15:20:13Z
SM-S928B,EUX,S928BXXS4BYE3,2025-05-01,2026-09-11T15:20:27Z
SM-S928B,ILO,S928BXXS4BYE3,2025-05-01,2026-09-11T15:20:08Z
SM-S928B,INS,S928BXXS4BYE3,2025-05-01,2026-09-11T15:20:25Z
SM-S928B,MID,S928BXXS4BYE3,2025-05-01,2026-09-11T15:20:11Z
SM-S928B,TUR,S928BXXS4BYE3,2025-05-01,2026-09-11T15:20:16Z
SM-S928B,XSA,S928BXXS4BYE3,2025-05-01,2026-09-11T15:20:37Z
SM-S928B,XSG,S928BXXS4BYE3,2025-05-01,2026-09-11T15:20:19Z
SM-S928B,AFG,S928BXXS4BYEB,2025-06-01,2026-09-11T15:20:22Z
SM-S928B,EGY,S928BXXS4BYEB,2025-06-01,2026-09-11T15:20:13Z
SM-S928B,ILO,S928BXXS4BYEB,2025-06-01,2026-09-11T15:20:08Z
SM-S928B,INS,S928BXXS4BYEB,2025-06-01,2026-09-11T15:20:25Z
SM-S928B,MID,S928BXXS4BYEB,2025-06-01,2026-09-11T15:20:11Z
SM-S928B,TUR,S928BXXS4BYEB,2025-06-01,2026-09-11T15:20:16Z
SM-S928B,XSA,S928BXXS4BYEB,2025-06-01,2026-09-11T15:20:37Z
SM-S928B,XSG,S928BXXS4BYEB,2025-06-01,2026-09-11T15:20:19Z
SM-S928B,EUX,S928BXXS4BYEC,2025-06-01,2026-09-11T15:20:27Z
SM-S928B,AFG,S928BXXS4BYG1,2025-07-01,2026-09-11T15:20:22Z
SM-S928B,EGY,S928BXXS4BYG1,2025-07-01,2026-09-11T15:20:13Z
SM-S928B,ILO,S928BXXS4BYG1,2025-07-01,2026-09-11T15:20:08Z
SM-S928B,INS,S928BXXS4BYG1,2025-07-01,2026-09-11T15:20:25Z
SM-S928B,MID,S928BXXS4BYG1,2025-07-01,2026-09-11T15:20:11Z
SM-S928B,TUR,S928BXXS4BYG1,2025-07-01,2026-09-11T15:20:16Z
SM-S928B,XSA,S928BXXS4BYG1,2025-07-01,2026-09-11T15:20:37Z
SM-S928B,XSG,S928BXXS4BYG1,2025-07-01,2026-09-11T15:20:19Z
SM-S928B,EUX,S928BXXS4BYG2,2025-07-01,2026-09-11T15:20:27Z
SM-S928B,AFG,S928BXXS4BYH1,2025-08-01,2026-09-11T15:20:22Z
SM-S928B,EGY,S928BXXS4BYH1,2025-08-01,2026-09-11T15:20:13Z
SM-S928B,ILO,S928BXXS4BYH1,2025-08-01,2026-09-11T15:20:08Z
SM-S928B,INS,S928BXXS4BYH1,2025-08-01,2026-09-11T15:20:25Z
SM-S928B,MID,S928BXXS4BYH1,2025-08-01,2026-09-11T15:20:11Z
SM-S928B,TUR,S928BXXS4BYH1,2025-08-01,2026-09-11T15:20:16Z
SM-S928B,XSA,S928BXXS4BYH1,2025-08-01,2026-09-11T15:20:37Z
SM-S928B,XSG,S928BXXS4BYH1,2025-08-01,2026-09-11T15:20:19Z
SM-S928B,EUX,S928BXXS4BYH2,2025-08-01,2026-09-11T15:20:27Z
SM-S928B,AFG,S928BXXS4CYJ7,2025-10-01,2026-09-11T15:20:22Z
SM-S928B,EGY,S928BXXS4CYJ7,2025-10-01,2026-09-11T15:20:13Z
SM-S928B,EUX,S928BXXS4CYJ7,2025-10-01,2026-09-11T15:20:27Z
SM-S928B,ILO,S928BXXS4CYJ7,2025-10-01,2026-09-11T15:20:08Z
SM-S928B,INS,S928BXXS4CYJ7,2025-10-01,2026-09-11T15:20:25Z
SM-S928B,MID,S928BXXS4CYJ7,2025-10-01,2026-09-11T15:20:11Z
SM-S928B,TUR,S928BXXS4CYJ7,2025-10-01,2026-09-11T15:20:16Z
SM-S928B,XSA,S928BXXS4CYJ7,2025-10-01,2026-09-11T15:20:37Z
SM-S928B,XSG,S928BXXS4CYJ7,2025-10-01,2026-09-11T15:20:19Z
SM-S928B,AFG,S928BXXS4CYK2,2025-11-01,2026-09-11T15:20:22Z
SM-S928B,EGY,S928BXXS4CYK2,2025-11-01,2026-09-11T15:20:13Z
SM-S928B,EUX,S928BXXS4CYK2,2025-11-01,2026-09-11T15:20:27Z
SM-S928B,ILO,S928BXXS4CYK2,2025-11-01,2026-09-11T15:20:08Z
SM-S928B,INS,S928BXXS4CYK2,2025-11-01,2026-09-11T15:20:25Z
SM-S928B,MID,S928BXXS4CYK2,2025-11-01,2026-09-11T15:20:11Z
SM-S928B,TUR,S928BXXS4CYK2,2025-11-01,2026-09-11T15:20:16Z
SM-S928B,XSA,S928BXXS4CYK2,2025-11-01,2026-09-11T15:20:37Z
SM-S928B,XSG,S928BXXS4CYK2,2025-11-01,2026-09-11T15:20:19Z
SM-S928B,AFG,S928BXXS4CYK8,2025-12-01,2026-09-11T15:20:22Z
SM-S928B,EGY,S928BXXS4CYK8,2025-12-01,2026-09-11T15:20:13Z
SM-S928B,EUX,S928BXXS4CYK8,2025-12-01,2026-09-11T15:20:27Z
SM-S928B,ILO,S928BXXS4CYK8,2025-12-01,2026-09-11T15:20:08Z
SM-S928B,INS,S928BXXS4CYK8,2025-12-01,2026-09-11T15:20:25Z
SM-S928B,MID,S928BXXS4CYK8,2025-12-01,2026-09-11T15:20:11Z
SM-S928B,TUR,S928BXXS4CYK8,2025-12-01,2026-09-11T15:20:16Z
SM-S928B,XSA,S928BXXS4CYK8,2025-12-01,2026-09-11T15:20:37Z
SM-S928B,XSG,S928BXXS4CYK8,2025-12-01,2026-09-11T15:20:19Z
SM-S928B,AFG,S928BXXS4CZA1,2026-01-01,2026-09-11T15:20:22Z
SM-S928B,EGY,S928BXXS4CZA1,2026-01-01,2026-09-11T15:20:13Z
SM-S928B,EUX,S928BXXS4CZA1,2026-01-01,2026-09-11T15:20:27Z
SM-S928B,ILO,S928BXXS4CZA1,2026-01-01,2026-09-11T15:20:08Z
SM-S928B,INS,S928BXXS4CZA1,2026-01-01,2026-09-11T15:20:25Z
SM-S928B,MID,S928BXXS4CZA1,2026-01-01,2026-09-11T15:20:11Z
SM-S928B,TUR,S928BXXS4CZA1,2026-01-01,2026-09-11T15:20:16Z
SM-S928B,XSA,S928BXXS4CZA1,2026-01-01,2026-09-11T15:20:37Z
SM-S928B,XSG,S928BXXS4CZA1,2026-01-01,2026-09-11T15:20:19Z
SM-S928B,AFG,S928BXXS5CZB2,2026-02-05,2026-09-11T15:20:22Z
SM-S928B,EGY,S928BXXS5CZB2,2026-02-05,2026-09-11T15:20:13Z
SM-S928B,EUX,S928BXXS5CZB2,2026-02-05,2026-09-11T15:20:27Z
SM-S928B,ILO,S928BXXS5CZB2,2026-02-05,2026-09-11T15:20:08Z
SM-S928B,INS,S928BXXS5CZB2,2026-02-05,2026-09-11T15:20:25Z
SM-S928B,MID,S928BXXS5CZB2,2026-02-05,2026-09-11T15:20:11Z
SM-S928B,TUR,S928BXXS5CZB2,2026-02-05,2026-09-11T15:20:16Z
SM-S928B,XSA,S928BXXS5CZB2,2026-02-05,2026-09-11T15:20:37Z
SM-S928B,XSG,S928BXXS5CZB2,2026-02-05,2026-09-11T15:20:19Z
SM-S928B,AFG,S928BXXS5CZC1,2026-03-05,2026-09-11T15:20:22Z
SM-S928B,EGY,S928BXXS5CZC1,2026-03-05,2026-09-11T15:20:13Z
SM-S928B,EUX,S928BXXS5CZC1,2026-03-05,2026-09-11T15:20:27Z
SM-S928B,ILO,S928BXXS5CZC1,2026-03-05,2026-09-11T15:20:08Z
SM-S928B,INS,S928BXXS5CZC1,2026-03-05,2026-09-11T15:20:25Z
SM-S928B,MID,S928BXXS5CZC1,2026-03-05,2026-09-11T15:20:11Z
SM-S928B,TUR,S928BXXS5CZC1,2026-03-05,2026-09-11T15:20:16Z
SM-S928B,XSA,S928BXXS5CZC1,2026-03-05,2026-09-11T15:20:37Z
SM-S928B,XSG,S928BXXS5CZC1,2026-03-05,2026-09-11T15:20:19Z
SM-S928B,AFG,S928BXXS5CZD1,2026-04-05,2026-09-11T15:20:22Z
SM-S928B,EGY,S928BXXS5CZD1,2026-04-05,2026-09-11T15:20:13Z
SM-S928B,EUX,S928BXXS5CZD1,2026-04-05,2026-09-11T15:20:27Z
SM-S928B,ILO,S928BXXS5CZD1,2026-04-05,2026-09-11T15:20:08Z
SM-S928B,INS,S928BXXS5CZD1,2026-04-05,2026-09-11T15:20:25Z
SM-S928B,MID,S928BXXS5CZD1,2026-04-05,2026-09-11T15:20:11Z
SM-S928B,TUR,S928BXXS5CZD1,2026-04-05,2026-09-11T15:20:16Z
SM-S928B,XSA,S928BXXS5CZD1,2026-04-05,2026-09-11T15:20:37Z
SM-S928B,XSG,S928BXXS5CZD1,2026-04-05,2026-09-11T15:20:19Z
SM-S928B,AFG,S928BXXS6DZE1,2026-05-05,2026-09-11T15:20:22Z
SM-S928B,EGY,S928BXXS6DZE1,2026-05-05,2026-09-11T15:20:13Z
SM-S928B,EUX,S928BXXS6DZE1,2026-05-05,2026-09-11T15:20:27Z
SM-S928B,ILO,S928BXXS6DZE1,2026-05-05,2026-09-11T15:20:08Z
SM-S928B,INS,S928BXXS6DZE1,2026-05-05,2026-09-11T15:20:25Z
SM-S928B,MID,S928BXXS6DZE1,2026-05-05,2026-09-11T15:20:11Z
SM-S928B,TUR,S928BXXS6DZE1,2026-05-05,2026-09-11T15:20:16Z
SM-S928B,XSA,S928BXXS6DZE1,2026-05-05,2026-09-11T15:20:37Z
SM-S928B,XSG,S928BXXS6DZE1,2026-05-05,2026-09-11T15:20:19Z
SM-S928B,AFG,S928BXXS6DZF2,2026-06-05,2026-09-11T15:20:22Z
SM-S928B,EGY,S928BXXS6DZF2,2026-06-05,2026-09-11T15:20:13Z
SM-S928B,EUX,S928BXXS6DZF2,2026-06-05,2026-09-11T15:20:27Z
SM-S928B,ILO,S928BXXS6DZF2,2026-06-05,2026-09-11T15:20:08Z
SM-S928B,INS,S928BXXS6DZF2,2026-06-05,2026-09-11T15:20:25Z
SM-S928B,MID,S928BXXS6DZF2,2026-06-05,2026-09-11T15:20:11Z
SM-S928B,TUR,S928BXXS6DZF2,2026-06-05,2026-09-11T15:20:16Z
SM-S928B,XSA,S928BXXS6DZF2,2026-06-05,2026-09-11T15:20:37Z
SM-S928B,XSG,S928BXXS6DZF2,2026-06-05,2026-09-11T15:20:19Z
SM-S928B,AFG,S928BXXS6DZG1,2026-07-05,2026-09-11T15:20:22Z
SM-S928B,EGY,S928BXXS6DZG1,2026-07-05,2026-09-11T15:20:13Z
SM-S928B,EUX,S928BXXS6DZG1,2026-07-05,2026-09-11T15:20:27Z
SM-S928B,ILO,S928BXXS6DZG1,2026-07-05,2026-09-11T15:20:08Z
SM-S928B,INS,S928BXXS6DZG1,2026-07-05,2026-09-11T15:20:25Z
SM-S928B,MID,S928BXXS6DZG1,2026-07-05,2026-09-11T15:20:11Z
SM-S928B,TUR,S928BXXS6DZG1,2026-07-05,2026-09-11T15:20:16Z
SM-S928B,XSA,S928BXXS6DZG1,2026-07-05,2026-09-11T15:20:37Z
SM-S928B,XSG,S928BXXS6DZG1,2026-07-05,2026-09-11T15:20:19Z
SM-S928B,AFG,S928BXXS6DZH2,2026-08-05,2026-09-11T15:20:22Z
SM-S928B,EGY,S928BXXS6DZH2,2026-08-05,2026-09-11T15:20:13Z
SM-S928B,EUX,S928BXXS6DZH2,2026-08-05,2026-09-11T15:20:27Z
SM-S928B,ILO,S928BXXS6DZH2,2026-08-05,2026-09-11T15:20:08Z
SM-S928B,INS,S928BXXS6DZH2,2026-08-05,2026-09-11T15:20:25Z
SM-S928B,MID,S928BXXS6DZH2,2026-08-05,2026-09-11T15:20:11Z
SM-S928B,TUR,S928BXXS6DZH2,2026-08-05,2026-09-11T15:20:16Z
SM-S928B,XSA,S928BXXS6DZH2,2026-08-05,2026-09-11T15:20:37Z
SM-S928B,XSG,S928BXXS6DZH2,2026-08-05,2026-09-11T15:20:19Z
SM-S928B,EUX,S928BXXU1AXB5,2024-02-01,2026-09-11T15:20:27Z
SM-S928B,XSA,S928BXXU1AXB5,2024-02-01,2026-09-11T15:20:37Z
SM-S928B,AFG,S928BXXU1AXBA,2024-02-01,2026-09-11T15:20:22Z
SM-S928B,EGY,S928BXXU1AXBA,2024-02-01,2026-09-11T15:20:13Z
SM-S928B,ILO,S928BXXU1AXBA,2024-02-01,2026-09-11T15:20:08Z
SM-S928B,INS,S928BXXU1AXBA,2024-02-01,2026-09-11T15:20:25Z
SM-S928B,MID,S928BXXU1AXBA,2024-02-01,2026-09-11T15:20:11Z
SM-S928B,TUR,S928BXXU1AXBA,2024-02-01,2026-09-11T15:20:16Z
SM-S928B,XSG,S928BXXU1AXBA,2024-02-01,2026-09-11T15:20:19Z
SM-S928B,AFG,S928BXXU1AXCA,2024-04-01,2026-09-11T15:20:22Z
SM-S928B,EGY,S928BXXU1AXCA,2024-04-01,2026-09-11T15:20:13Z
SM-S928B,EUX,S928BXXU1AXCA,2024-04-01,2026-09-11T15:20:27Z
SM-S928B,ILO,S928BXXU1AXCA,2024-04-01,2026-09-11T15:20:08Z
SM-S928B,INS,S928BXXU1AXCA,2024-04-01,2026-09-11T15:20:25Z
SM-S928B,MID,S928BXXU1AXCA,2024-04-01,2026-09-11T15:20:11Z
SM-S928B,TUR,S928BXXU1AXCA,2024-04-01,2026-09-11T15:20:16Z
SM-S928B,XSA,S928BXXU1AXCA,2024-04-01,2026-09-11T15:20:37Z
SM-S928B,XSG,S928BXXU1AXCA,2024-04-01,2026-09-11T15:20:19Z
SM-S928B,EUX,S928BXXU1AXCB,2024-04-01,2026-09-11T15:20:27Z
SM-S928B,EUX,S928BXXU2AXEC,2024-05-01,2026-09-11T15:20:27Z
SM-S928B,AFG,S928BXXU3AXH7,2024-08-01,2026-09-11T15:20:22Z
SM-S928B,EGY,S928BXXU3AXH7,2024-08-01,2026-09-11T15:20:13Z
SM-S928B,EUX,S928BXXU3AXH7,2024-08-01,2026-09-11T15:20:27Z
SM-S928B,ILO,S928BXXU3AXH7,2024-08-01,2026-09-11T15:20:08Z
SM-S928B,INS,S928BXXU3AXH7,2024-08-01,2026-09-11T15:20:25Z
SM-S928B,MID,S928BXXU3AXH7,2024-08-01,2026-09-11T15:20:11Z
SM-S928B,TUR,S928BXXU3AXH7,2024-08-01,2026-09-11T15:20:16Z
SM-S928B,XSA,S928BXXU3AXH7,2024-08-01,2026-09-11T15:20:37Z
SM-S928B,XSG,S928BXXU3AXH7,2024-08-01,2026-09-11T15:20:19Z
SM-S928B,EUX,S928BXXU4AXK4,2024-11-01,2026-09-11T15:20:27Z
SM-S928B,INS,S928BXXU4AXK4,2024-11-01,2026-09-11T15:20:25Z
SM-S928B,XSA,S928BXXU4AXK4,2024-11-01,2026-09-11T15:20:37Z
SM-S928B,AFG,S928BXXU4AXK5,2024-11-01,2026-09-11T15:20:22Z
SM-S928B,EGY,S928BXXU4AXK5,2024-11-01,2026-09-11T15:20:13Z
SM-S928B,ILO,S928BXXU4AXK5,2024-11-01,2026-09-11T15:20:08Z
SM-S928B,MID,S928BXXU4AXK5,2024-11-01,2026-09-11T15:20:11Z
SM-S928B,TUR,S928BXXU4AXK5,2024-11-01,2026-09-11T15:20:16Z
SM-S928B,XSG,S928BXXU4AXK5,2024-11-01,2026-09-11T15:20:19Z
SM-S928B,EUX,S928BXXU4AYA5,2025-01-01,2026-09-11T15:20:27Z
SM-S928B,EUX,S928BXXU4BYCG,2025-04-01,2026-09-11T15:20:27Z
SM-S928B,AFG,S928BXXU4BYD9,2025-04-01,2026-09-11T15:20:22Z
SM-S928B,EGY,S928BXXU4BYD9,2025-04-01,2026-09-11T15:20:13Z
SM-S928B,EUX,S928BXXU4BYD9,2025-04-01,2026-09-11T15:20:27Z
SM-S928B,ILO,S928BXXU4BYD9,2025-04-01,2026-09-11T15:20:08Z
SM-S928B,INS,S928BXXU4BYD9,2025-04-01,2026-09-11T15:20:25Z
SM-S928B,MID,S928BXXU4BYD9,2025-04-01,2026-09-11T15:20:11Z
SM-S928B,TUR,S928BXXU4BYD9,2025-04-01,2026-09-11T15:20:16Z
SM-S928B,XSA,S928BXXU4BYD9,2025-04-01,2026-09-11T15:20:37Z
SM-S928B,XSG,S928BXXU4BYD9,2025-04-01,2026-09-11T15:20:19Z
SM-S928B,EUX,S928BXXU4BYE7,2025-05-01,2026-09-11T15:20:27Z
SM-S928B,AFG,S928BXXU4CYI7,2025-09-01,2026-09-11T15:20:22Z
SM-S928B,EGY,S928BXXU4CYI7,2025-09-01,2026-09-11T15:20:13Z
SM-S928B,EUX,S928BXXU4CYI7,2025-09-01,2026-09-11T15:20:27Z
SM-S928B,ILO,S928BXXU4CYI7,2025-09-01,2026-09-11T15:20:08Z
SM-S928B,INS,S928BXXU4CYI7,2025-09-01,2026-09-11T15:20:25Z
SM-S928B,MID,S928BXXU4CYI7,2025-09-01,2026-09-11T15:20:11Z
SM-S928B,TUR,S928BXXU4CYI7,2025-09-01,2026-09-11T15:20:16Z
SM-S928B,XSA,S928BXXU4CYI7,2025-09-01,2026-09-11T15:20:37Z
SM-S928B,XSG,S928BXXU4CYI7,2025-09-01,2026-09-11T15:20:19Z
SM-S928B,AFG,S928BXXU5DZDP,2026-04-05,2026-09-11T15:20:22Z
SM-S928B,EGY,S928BXXU5DZDP,2026-04-05,2026-09-11T15:20:13Z
SM-S928B,EUX,S928BXXU5DZDP,2026-04-05,2026-09-11T15:20:27Z
SM-S928B,ILO,S928BXXU5DZDP,2026-04-05,2026-09-11T15:20:08Z
SM-S928B,INS,S928BXXU5DZDP,2026-04-05,2026-09-11T15:20:25Z
SM-S928B,MID,S928BXXU5DZDP,2026-04-05,2026-09-11T15:20:11Z
SM-S928B,TUR,S928BXXU5DZDP,2026-04-05,2026-09-11T15:20:16Z
SM-S928B,XSA,S928BXXU5DZDP,2026-04-05,2026-09-11T15:20:37Z
SM-S928B,XSG,S928BXXU5DZDP,2026-04-05,2026-09-11T15:20:19Z
SM-S931B,AFG,S931BXXS1AYC2,2025-03-01,2026-09-11T15:20:59Z
SM-S931B,EGY,S931BXXS1AYC2,2025-03-01,2026-09-11T15:20:50Z
SM-S931B,EUX,S931BXXS1AYC2,2025-03-01,2026-09-11T15:21:04Z
SM-S931B,ILO,S931BXXS1AYC2,2025-03-01,2026-09-11T15:20:43Z
SM-S931B,INS,S931BXXS1AYC2,2025-03-01,2026-09-11T15:21:02Z
SM-S931B,MID,S931BXXS1AYC2,2025-03-01,2026-09-11T15:20:47Z
SM-S931B,TUR,S931BXXS1AYC2,2025-03-01,2026-09-11T15:20:53Z
SM-S931B,XSA,S931BXXS1AYC2,2025-03-01,2026-09-11T15:21:14Z
SM-S931B,XSG,S931BXXS1AYC2,2025-03-01,2026-09-11T15:20:56Z
SM-S931B,AFG,S931BXXS3AYDA,2025-05-01,2026-09-11T15:20:59Z
SM-S931B,EGY,S931BXXS3AYDA,2025-05-01,2026-09-11T15:20:50Z
SM-S931B,EUX,S931BXXS3AYDA,2025-05-01,2026-09-11T15:21:04Z
SM-S931B,ILO,S931BXXS3AYDA,2025-05-01,2026-09-11T15:20:43Z
SM-S931B,INS,S931BXXS3AYDA,2025-05-01,2026-09-11T15:21:02Z
SM-S931B,MID,S931BXXS3AYDA,2025-05-01,2026-09-11T15:20:47Z
SM-S931B,TUR,S931BXXS3AYDA,2025-05-01,2026-09-11T15:20:53Z
SM-S931B,XSA,S931BXXS3AYDA,2025-05-01,2026-09-11T15:21:14Z
SM-S931B,XSG,S931BXXS3AYDA,2025-05-01,2026-09-11T15:20:56Z
SM-S931B,EUX,S931BXXS4AYF1,2025-06-01,2026-09-11T15:21:04Z
SM-S931B,TUR,S931BXXS4AYF1,2025-06-01,2026-09-11T15:20:53Z
SM-S931B,AFG,S931BXXS4AYF2,2025-06-01,2026-09-11T15:20:59Z
SM-S931B,EGY,S931BXXS4AYF2,2025-06-01,2026-09-11T15:20:50Z
SM-S931B,ILO,S931BXXS4AYF2,2025-06-01,2026-09-11T15:20:43Z
SM-S931B,INS,S931BXXS4AYF2,2025-06-01,2026-09-11T15:21:02Z
SM-S931B,MID,S931BXXS4AYF2,2025-06-01,2026-09-11T15:20:47Z
SM-S931B,XSA,S931BXXS4AYF2,2025-06-01,2026-09-11T15:21:14Z
SM-S931B,XSG,S931BXXS4AYF2,2025-06-01,2026-09-11T15:20:56Z
SM-S931B,EUX,S931BXXS5AYF4,2025-07-01,2026-09-11T15:21:04Z
SM-S931B,TUR,S931BXXS5AYF4,2025-07-01,2026-09-11T15:20:53Z
SM-S931B,AFG,S931BXXS5AYF6,2025-07-01,2026-09-11T15:20:59Z
SM-S931B,EGY,S931BXXS5AYF6,2025-07-01,2026-09-11T15:20:50Z
SM-S931B,ILO,S931BXXS5AYF6,2025-07-01,2026-09-11T15:20:43Z
SM-S931B,INS,S931BXXS5AYF6,2025-07-01,2026-09-11T15:21:02Z
SM-S931B,MID,S931BXXS5AYF6,2025-07-01,2026-09-11T15:20:47Z
SM-S931B,XSA,S931BXXS5AYF6,2025-07-01,2026-09-11T15:21:14Z
SM-S931B,XSG,S931BXXS5AYF6,2025-07-01,2026-09-11T15:20:56Z
SM-S931B,EUX,S931BXXS5AYG2,2025-08-01,2026-09-11T15:21:04Z
SM-S931B,TUR,S931BXXS5AYG2,2025-08-01,2026-09-11T15:20:53Z
SM-S931B,AFG,S931BXXS5AYG4,2025-08-01,2026-09-11T15:20:59Z
SM-S931B,EGY,S931BXXS5AYG4,2025-08-01,2026-09-11T15:20:50Z
SM-S931B,ILO,S931BXXS5AYG4,2025-08-01,2026-09-11T15:20:43Z
SM-S931B,INS,S931BXXS5AYG4,2025-08-01,2026-09-11T15:21:02Z
SM-S931B,MID,S931BXXS5AYG4,2025-08-01,2026-09-11T15:20:47Z
SM-S931B,XSA,S931BXXS5AYG4,2025-08-01,2026-09-11T15:21:14Z
SM-S931B,XSG,S931BXXS5AYG4,2025-08-01,2026-09-11T15:20:56Z
SM-S931B,AFG,S931BXXS6BYIF,2025-10-01,2026-09-11T15:20:59Z
SM-S931B,EGY,S931BXXS6BYIF,2025-10-01,2026-09-11T15:20:50Z
SM-S931B,EUX,S931BXXS6BYIF,2025-10-01,2026-09-11T15:21:04Z
SM-S931B,ILO,S931BXXS6BYIF,2025-10-01,2026-09-11T15:20:43Z
SM-S931B,INS,S931BXXS6BYIF,2025-10-01,2026-09-11T15:21:02Z
SM-S931B,MID,S931BXXS6BYIF,2025-10-01,2026-09-11T15:20:47Z
SM-S931B,TUR,S931BXXS6BYIF,2025-10-01,2026-09-11T15:20:53Z
SM-S931B,XSA,S931BXXS6BYIF,2025-10-01,2026-09-11T15:21:14Z
SM-S931B,XSG,S931BXXS6BYIF,2025-10-01,2026-09-11T15:20:56Z
SM-S931B,AFG,S931BXXS7BYK3,2025-11-01,2026-09-11T15:20:59Z
SM-S931B,EGY,S931BXXS7BYK3,2025-11-01,2026-09-11T15:20:50Z
SM-S931B,EUX,S931BXXS7BYK3,2025-11-01,2026-09-11T15:21:04Z
SM-S931B,ILO,S931BXXS7BYK3,2025-11-01,2026-09-11T15:20:43Z
SM-S931B,INS,S931BXXS7BYK3,2025-11-01,2026-09-11T15:21:02Z
SM-S931B,MID,S931BXXS7BYK3,2025-11-01,2026-09-11T15:20:47Z
SM-S931B,TUR,S931BXXS7BYK3,2025-11-01,2026-09-11T15:20:53Z
SM-S931B,XSA,S931BXXS7BYK3,2025-11-01,2026-09-11T15:21:14Z
SM-S931B,XSG,S931BXXS7BYK3,2025-11-01,2026-09-11T15:20:56Z
SM-S931B,AFG,S931BXXS7BYKS,2025-12-01,2026-09-11T15:20:59Z
SM-S931B,EGY,S931BXXS7BYKS,2025-12-01,2026-09-11T15:20:50Z
SM-S931B,EUX,S931BXXS7BYKS,2025-12-01,2026-09-11T15:21:04Z
SM-S931B,ILO,S931BXXS7BYKS,2025-12-01,2026-09-11T15:20:43Z
SM-S931B,INS,S931BXXS7BYKS,2025-12-01,2026-09-11T15:21:02Z
SM-S931B,MID,S931BXXS7BYKS,2025-12-01,2026-09-11T15:20:47Z
SM-S931B,TUR,S931BXXS7BYKS,2025-12-01,2026-09-11T15:20:53Z
SM-S931B,XSA,S931BXXS7BYKS,2025-12-01,2026-09-11T15:21:14Z
SM-S931B,XSG,S931BXXS7BYKS,2025-12-01,2026-09-11T15:20:56Z
SM-S931B,AFG,S931BXXS7BYLR,2026-01-01,2026-09-11T15:20:59Z
SM-S931B,EGY,S931BXXS7BYLR,2026-01-01,2026-09-11T15:20:50Z
SM-S931B,EUX,S931BXXS7BYLR,2026-01-01,2026-09-11T15:21:04Z
SM-S931B,ILO,S931BXXS7BYLR,2026-01-01,2026-09-11T15:20:43Z
SM-S931B,INS,S931BXXS7BYLR,2026-01-01,2026-09-11T15:21:02Z
SM-S931B,MID,S931BXXS7BYLR,2026-01-01,2026-09-11T15:20:47Z
SM-S931B,TUR,S931BXXS7BYLR,2026-01-01,2026-09-11T15:20:53Z
SM-S931B,XSA,S931BXXS7BYLR,2026-01-01,2026-09-11T15:21:14Z
SM-S931B,XSG,S931BXXS7BYLR,2026-01-01,2026-09-11T15:20:56Z
SM-S931B,AFG,S931BXXS8BZB5,2026-02-05,2026-09-11T15:20:59Z
SM-S931B,EGY,S931BXXS8BZB5,2026-02-05,2026-09-11T15:20:50Z
SM-S931B,EUX,S931BXXS8BZB5,2026-02-05,2026-09-11T15:21:04Z
SM-S931B,ILO,S931BXXS8BZB5,2026-02-05,2026-09-11T15:20:43Z
SM-S931B,INS,S931BXXS8BZB5,2026-02-05,2026-09-11T15:21:02Z
SM-S931B,MID,S931BXXS8BZB5,2026-02-05,2026-09-11T15:20:47Z
SM-S931B,TUR,S931BXXS8BZB5,2026-02-05,2026-09-11T15:20:53Z
SM-S931B,XSA,S931BXXS8BZB5,2026-02-05,2026-09-11T15:21:14Z
SM-S931B,XSG,S931BXXS8BZB5,2026-02-05,2026-09-11T15:20:56Z
SM-S931B,AFG,S931BXXS8BZC1,2026-03-05,2026-09-11T15:20:59Z
SM-S931B,EGY,S931BXXS8BZC1,2026-03-05,2026-09-11T15:20:50Z
SM-S931B,EUX,S931BXXS8BZC1,2026-03-05,2026-09-11T15:21:04Z
SM-S931B,ILO,S931BXXS8BZC1,2026-03-05,2026-09-11T15:20:43Z
SM-S931B,INS,S931BXXS8BZC1,2026-03-05,2026-09-11T15:21:02Z
SM-S931B,MID,S931BXXS8BZC1,2026-03-05,2026-09-11T15:20:47Z
SM-S931B,TUR,S931BXXS8BZC1,2026-03-05,2026-09-11T15:20:53Z
SM-S931B,XSA,S931BXXS8BZC1,2026-03-05,2026-09-11T15:21:14Z
SM-S931B,XSG,S931BXXS8BZC1,2026-03-05,2026-09-11T15:20:56Z
SM-S931B,AFG,S931BXXS9BZCH,2026-04-05,2026-09-11T15:20:59Z
SM-S931B,EGY,S931BXXS9BZCH,2026-04-05,2026-09-11T15:20:50Z
SM-S931B,EUX,S931BXXS9BZCH,2026-04-05,2026-09-11T15:21:04Z
SM-S931B,ILO,S931BXXS9BZCH,2026-04-05,2026-09-11T15:20:43Z
SM-S931B,INS,S931BXXS9BZCH,2026-04-05,2026-09-11T15:21:02Z
SM-S931B,MID,S931BXXS9BZCH,2026-04-05,2026-09-11T15:20:47Z
SM-S931B,TUR,S931BXXS9BZCH,2026-04-05,2026-09-11T15:20:53Z
SM-S931B,XSA,S931BXXS9BZCH,2026-04-05,2026-09-11T15:21:14Z
SM-S931B,XSG,S931BXXS9BZCH,2026-04-05,2026-09-11T15:20:56Z
SM-S931B,AFG,S931BXXS9CZE1,2026-05-05,2026-09-11T15:20:59Z
SM-S931B,EGY,S931BXXS9CZE1,2026-05-05,2026-09-11T15:20:50Z
SM-S931B,EUX,S931BXXS9CZE1,2026-05-05,2026-09-11T15:21:04Z
SM-S931B,ILO,S931BXXS9CZE1,2026-05-05,2026-09-11T15:20:43Z
SM-S931B,INS,S931BXXS9CZE1,2026-05-05,2026-09-11T15:21:02Z
SM-S931B,MID,S931BXXS9CZE1,2026-05-05,2026-09-11T15:20:47Z
SM-S931B,TUR,S931BXXS9CZE1,2026-05-05,2026-09-11T15:20:53Z
SM-S931B,XSA,S931BXXS9CZE1,2026-05-05,2026-09-11T15:21:14Z
SM-S931B,XSG,S931BXXS9CZE1,2026-05-05,2026-09-11T15:20:56Z
SM-S931B,AFG,S931BXXSBCZG3,2026-07-05,2026-09-11T15:20:59Z
SM-S931B,EGY,S931BXXSBCZG3,2026-07-05,2026-09-11T15:20:50Z
SM-S931B,EUX,S931BXXSBCZG3,2026-07-05,2026-09-11T15:21:04Z
SM-S931B,ILO,S931BXXSBCZG3,2026-07-05,2026-09-11T15:20:43Z
SM-S931B,INS,S931BXXSBCZG3,2026-07-05,2026-09-11T15:21:02Z
SM-S931B,MID,S931BXXSBCZG3,2026-07-05,2026-09-11T15:20:47Z
SM-S931B,TUR,S931BXXSBCZG3,2026-07-05,2026-09-11T15:20:53Z
SM-S931B,XSA,S931BXXSBCZG3,2026-07-05,2026-09-11T15:21:14Z
SM-S931B,XSG,S931BXXSBCZG3,2026-07-05,2026-09-11T15:20:56Z
SM-S931B,AFG,S931BXXSCCZH1,2026-08-05,2026-09-11T15:20:59Z
SM-S931B,EGY,S931BXXSCCZH1,2026-08-05,2026-09-11T15:20:50Z
SM-S931B,EUX,S931BXXSCCZH1,2026-08-05,2026-09-11T15:21:04Z
SM-S931B,ILO,S931BXXSCCZH1,2026-08-05,2026-09-11T15:20:43Z
SM-S931B,INS,S931BXXSCCZH1,2026-08-05,2026-09-11T15:21:02Z
SM-S931B,MID,S931BXXSCCZH1,2026-08-05,2026-09-11T15:20:47Z
SM-S931B,TUR,S931BXXSCCZH1,2026-08-05,2026-09-11T15:20:53Z
SM-S931B,XSA,S931BXXSCCZH1,2026-08-05,2026-09-11T15:21:14Z
SM-S931B,XSG,S931BXXSCCZH1,2026-08-05,2026-09-11T15:20:56Z
SM-S931B,AFG,S931BXXU1AYB4,2025-02-01,2026-09-11T15:20:59Z
SM-S931B,EGY,S931BXXU1AYB4,2025-02-01,2026-09-11T15:20:50Z
SM-S931B,EUX,S931BXXU1AYB4,2025-02-01,2026-09-11T15:21:04Z
SM-S931B,ILO,S931BXXU1AYB4,2025-02-01,2026-09-11T15:20:43Z
SM-S931B,INS,S931BXXU1AYB4,2025-02-01,2026-09-11T15:21:02Z
SM-S931B,MID,S931BXXU1AYB4,2025-02-01,2026-09-11T15:20:47Z
SM-S931B,TUR,S931BXXU1AYB4,2025-02-01,2026-09-11T15:20:53Z
SM-S931B,XSA,S931BXXU1AYB4,2025-02-01,2026-09-11T15:21:14Z
SM-S931B,XSG,S931BXXU1AYB4,2025-02-01,2026-09-11T15:20:56Z
SM-S931B,AFG,S931BXXU2AYD9,2025-04-01,2026-09-11T15:20:59Z
SM-S931B,EGY,S931BXXU2AYD9,2025-04-01,2026-09-11T15:20:50Z
SM-S931B,EUX,S931BXXU2AYD9,2025-04-01,2026-09-11T15:21:04Z
SM-S931B,ILO,S931BXXU2AYD9,2025-04-01,2026-09-11T15:20:43Z
SM-S931B,INS,S931BXXU2AYD9,2025-04-01,2026-09-11T15:21:02Z
SM-S931B,MID,S931BXXU2AYD9,2025-04-01,2026-09-11T15:20:47Z
SM-S931B,TUR,S931BXXU2AYD9,2025-04-01,2026-09-11T15:20:53Z
SM-S931B,XSA,S931BXXU2AYD9,2025-04-01,2026-09-11T15:21:14Z
SM-S931B,XSG,S931BXXU2AYD9,2025-04-01,2026-09-11T15:20:56Z
SM-S931B,EUX,S931BXXU3AYE7,2025-05-01,2026-09-11T15:21:04Z
SM-S931B,TUR,S931BXXU3AYE7,2025-05-01,2026-09-11T15:20:53Z
SM-S931B,AFG,S931BXXU5BYI3,2025-09-01,2026-09-11T15:20:59Z
SM-S931B,EGY,S931BXXU5BYI3,2025-09-01,2026-09-11T15:20:50Z
SM-S931B,EUX,S931BXXU5BYI3,2025-09-01,2026-09-11T15:21:04Z
SM-S931B,ILO,S931BXXU5BYI3,2025-09-01,2026-09-11T15:20:43Z
SM-S931B,INS,S931BXXU5BYI3,2025-09-01,2026-09-11T15:21:02Z
SM-S931B,MID,S931BXXU5BYI3,2025-09-01,2026-09-11T15:20:47Z
SM-S931B,TUR,S931BXXU5BYI3,2025-09-01,2026-09-11T15:20:53Z
SM-S931B,XSA,S931BXXU5BYI3,2025-09-01,2026-09-11T15:21:14Z
SM-S931B,XSG,S931BXXU5BYI3,2025-09-01,2026-09-11T15:20:56Z
SM-S931B,AFG,S931BXXU9CZDP,2026-04-05,2026-09-11T15:20:59Z
SM-S931B,EGY,S931BXXU9CZDP,2026-04-05,2026-09-11T15:20:50Z
SM-S931B,EUX,S931BXXU9CZDP,2026-04-05,2026-09-11T15:21:04Z
SM-S931B,ILO,S931BXXU9CZDP,2026-04-05,2026-09-11T15:20:43Z
SM-S931B,INS,S931BXXU9CZDP,2026-04-05,2026-09-11T15:21:02Z
SM-S931B,MID,S931BXXU9CZDP,2026-04-05,2026-09-11T15:20:47Z
SM-S931B,TUR,S931BXXU9CZDP,2026-04-05,2026-09-11T15:20:53Z
SM-S931B,XSA,S931BXXU9CZDP,2026-04-05,2026-09-11T15:21:14Z
SM-S931B,XSG,S931BXXU9CZDP,2026-04-05,2026-09-11T15:20:56Z
SM-S931B,AFG,S931BXXUACZF1,2026-06-05,2026-09-11T15:20:59Z
SM-S931B,EGY,S931BXXUACZF1,2026-06-05,2026-09-11T15:20:50Z
SM-S931B,EUX,S931BXXUACZF1,2026-06-05,2026-09-11T15:21:04Z
SM-S931B,ILO,S931BXXUACZF1,2026-06-05,2026-09-11T15:20:43Z
SM-S931B,INS,S931BXXUACZF1,2026-06-05,2026-09-11T15:21:02Z
SM-S931B,MID,S931BXXUACZF1,2026-06-05,2026-09-11T15:20:47Z
SM-S931B,TUR,S931BXXUACZF1,2026-06-05,2026-09-11T15:20:53Z
SM-S931B,XSA,S931BXXUACZF1,2026-06-05,2026-09-11T15:21:14Z
SM-S931B,XSG,S931BXXUACZF1,2026-06-05,2026-09-11T15:20:56Z
SM-S936B,AFG,S936BXXS1AYC2,2025-03-01,2026-09-11T15:21:34Z
SM-S936B,EGY,S936BXXS1AYC2,2025-03-01,2026-09-11T15:21:26Z
SM-S936B,EUX,S936BXXS1AYC2,2025-03-01,2026-09-11T15:21:40Z
SM-S936B,ILO,S936BXXS1AYC2,2025-03-01,2026-09-11T15:21:20Z
SM-S936B,INS,S936BXXS1AYC2,2025-03-01,2026-09-11T15:21:37Z
SM-S936B,MID,S936BXXS1AYC2,2025-03-01,2026-09-11T15:21:23Z
SM-S936B,TUR,S936BXXS1AYC2,2025-03-01,2026-09-11T15:21:29Z
SM-S936B,XSA,S936BXXS1AYC2,2025-03-01,2026-09-11T15:21:49Z
SM-S936B,XSG,S936BXXS1AYC2,2025-03-01,2026-09-11T15:21:31Z
SM-S936B,AFG,S936BXXS3AYDA,2025-05-01,2026-09-11T15:21:34Z
SM-S936B,EGY,S936BXXS3AYDA,2025-05-01,2026-09-11T15:21:26Z
SM-S936B,EUX,S936BXXS3AYDA,2025-05-01,2026-09-11T15:21:40Z
SM-S936B,ILO,S936BXXS3AYDA,2025-05-01,2026-09-11T15:21:20Z
SM-S936B,INS,S936BXXS3AYDA,2025-05-01,2026-09-11T15:21:37Z
SM-S936B,MID,S936BXXS3AYDA,2025-05-01,2026-09-11T15:21:23Z
SM-S936B,TUR,S936BXXS3AYDA,2025-05-01,2026-09-11T15:21:29Z
SM-S936B,XSA,S936BXXS3AYDA,2025-05-01,2026-09-11T15:21:49Z
SM-S936B,XSG,S936BXXS3AYDA,2025-05-01,2026-09-11T15:21:31Z
SM-S936B,EUX,S936BXXS4AYF1,2025-06-01,2026-09-11T15:21:40Z
SM-S936B,TUR,S936BXXS4AYF1,2025-06-01,2026-09-11T15:21:29Z
SM-S936B,AFG,S936BXXS4AYF2,2025-06-01,2026-09-11T15:21:34Z
SM-S936B,EGY,S936BXXS4AYF2,2025-06-01,2026-09-11T15:21:26Z
SM-S936B,ILO,S936BXXS4AYF2,2025-06-01,2026-09-11T15:21:20Z
SM-S936B,INS,S936BXXS4AYF2,2025-06-01,2026-09-11T15:21:37Z
SM-S936B,MID,S936BXXS4AYF2,2025-06-01,2026-09-11T15:21:23Z
SM-S936B,XSA,S936BXXS4AYF2,2025-06-01,2026-09-11T15:21:49Z
SM-S936B,XSG,S936BXXS4AYF2,2025-06-01,2026-09-11T15:21:31Z
SM-S936B,EUX,S936BXXS5AYF4,2025-07-01,2026-09-11T15:21:40Z
SM-S936B,TUR,S936BXXS5AYF4,2025-07-01,2026-09-11T15:21:29Z
SM-S936B,AFG,S936BXXS5AYF6,2025-07-01,2026-09-11T15:21:34Z
SM-S936B,EGY,S936BXXS5AYF6,2025-07-01,2026-09-11T15:21:26Z
SM-S936B,ILO,S936BXXS5AYF6,2025-07-01,2026-09-11T15:21:20Z
SM-S936B,INS,S936BXXS5AYF6,2025-07-01,2026-09-11T15:21:37Z
SM-S936B,MID,S936BXXS5AYF6,2025-07-01,2026-09-11T15:21:23Z
SM-S936B,XSA,S936BXXS5AYF6,2025-07-01,2026-09-11T15:21:49Z
SM-S936B,XSG,S936BXXS5AYF6,2025-07-01,2026-09-11T15:21:31Z
SM-S936B,EUX,S936BXXS5AYG2,2025-08-01,2026-09-11T15:21:40Z
SM-S936B,TUR,S936BXXS5AYG2,2025-08-01,2026-09-11T15:21:29Z
SM-S936B,AFG,S936BXXS5AYG4,2025-08-01,2026-09-11T15:21:34Z
SM-S936B,EGY,S936BXXS5AYG4,2025-08-01,2026-09-11T15:21:26Z
SM-S936B,ILO,S936BXXS5AYG4,2025-08-01,2026-09-11T15:21:20Z
SM-S936B,INS,S936BXXS5AYG4,2025-08-01,2026-09-11T15:21:37Z
SM-S936B,MID,S936BXXS5AYG4,2025-08-01,2026-09-11T15:21:23Z
SM-S936B,XSA,S936BXXS5AYG4,2025-08-01,2026-09-11T15:21:49Z
SM-S936B,XSG,S936BXXS5AYG4,2025-08-01,2026-09-11T15:21:31Z
SM-S936B,AFG,S936BXXS6BYIF,2025-10-01,2026-09-11T15:21:34Z
SM-S936B,EGY,S936BXXS6BYIF,2025-10-01,2026-09-11T15:21:26Z
SM-S936B,EUX,S936BXXS6BYIF,2025-10-01,2026-09-11T15:21:40Z
SM-S936B,ILO,S936BXXS6BYIF,2025-10-01,2026-09-11T15:21:20Z
SM-S936B,INS,S936BXXS6BYIF,2025-10-01,2026-09-11T15:21:37Z
SM-S936B,MID,S936BXXS6BYIF,2025-10-01,2026-09-11T15:21:23Z
SM-S936B,TUR,S936BXXS6BYIF,2025-10-01,2026-09-11T15:21:29Z
SM-S936B,XSA,S936BXXS6BYIF,2025-10-01,2026-09-11T15:21:49Z
SM-S936B,XSG,S936BXXS6BYIF,2025-10-01,2026-09-11T15:21:31Z
SM-S936B,AFG,S936BXXS7BYK3,2025-11-01,2026-09-11T15:21:34Z
SM-S936B,EGY,S936BXXS7BYK3,2025-11-01,2026-09-11T15:21:26Z
SM-S936B,EUX,S936BXXS7BYK3,2025-11-01,2026-09-11T15:21:40Z
SM-S936B,ILO,S936BXXS7BYK3,2025-11-01,2026-09-11T15:21:20Z
SM-S936B,INS,S936BXXS7BYK3,2025-11-01,2026-09-11T15:21:37Z
SM-S936B,MID,S936BXXS7BYK3,2025-11-01,2026-09-11T15:21:23Z
SM-S936B,TUR,S936BXXS7BYK3,2025-11-01,2026-09-11T15:21:29Z
SM-S936B,XSA,S936BXXS7BYK3,2025-11-01,2026-09-11T15:21:49Z
SM-S936B,XSG,S936BXXS7BYK3,2025-11-01,2026-09-11T15:21:31Z
SM-S936B,AFG,S936BXXS7BYKS,2025-12-01,2026-09-11T15:21:34Z
SM-S936B,EGY,S936BXXS7BYKS,2025-12-01,2026-09-11T15:21:26Z
SM-S936B,EUX,S936BXXS7BYKS,2025-12-01,2026-09-11T15:21:40Z
SM-S936B,ILO,S936BXXS7BYKS,2025-12-01,2026-09-11T15:21:20Z
SM-S936B,INS,S936BXXS7BYKS,2025-12-01,2026-09-11T15:21:37Z
SM-S936B,MID,S936BXXS7BYKS,2025-12-01,2026-09-11T15:21:23Z
SM-S936B,TUR,S936BXXS7BYKS,2025-12-01,2026-09-11T15:21:29Z
SM-S936B,XSA,S936BXXS7BYKS,2025-12-01,2026-09-11T15:21:49Z
SM-S936B,XSG,S936BXXS7BYKS,2025-12-01,2026-09-11T15:21:31Z
SM-S936B,AFG,S936BXXS7BYLR,2026-01-01,2026-09-11T15:21:34Z
SM-S936B,EGY,S936BXXS7BYLR,2026-01-01,2026-09-11T15:21:26Z
SM-S936B,EUX,S936BXXS7BYLR,2026-01-01,2026-09-11T15:21:40Z
SM-S936B,ILO,S936BXXS7BYLR,2026-01-01,2026-09-11T15:21:20Z
SM-S936B,INS,S936BXXS7BYLR,2026-01-01,2026-09-11T15:21:37Z
SM-S936B,MID,S936BXXS7BYLR,2026-01-01,2026-09-11T15:21:23Z
SM-S936B,TUR,S936BXXS7BYLR,2026-01-01,2026-09-11T15:21:29Z
SM-S936B,XSA,S936BXXS7BYLR,2026-01-01,2026-09-11T15:21:49Z
SM-S936B,XSG,S936BXXS7BYLR,2026-01-01,2026-09-11T15:21:31Z
SM-S936B,AFG,S936BXXS8BZB5,2026-02-05,2026-09-11T15:21:34Z
SM-S936B,EGY,S936BXXS8BZB5,2026-02-05,2026-09-11T15:21:26Z
SM-S936B,EUX,S936BXXS8BZB5,2026-02-05,2026-09-11T15:21:40Z
SM-S936B,ILO,S936BXXS8BZB5,2026-02-05,2026-09-11T15:21:20Z
SM-S936B,INS,S936BXXS8BZB5,2026-02-05,2026-09-11T15:21:37Z
SM-S936B,MID,S936BXXS8BZB5,2026-02-05,2026-09-11T15:21:23Z
SM-S936B,TUR,S936BXXS8BZB5,2026-02-05,2026-09-11T15:21:29Z
SM-S936B,XSA,S936BXXS8BZB5,2026-02-05,2026-09-11T15:21:49Z
SM-S936B,XSG,S936BXXS8BZB5,2026-02-05,2026-09-11T15:21:31Z
SM-S936B,AFG,S936BXXS8BZC1,2026-03-05,2026-09-11T15:21:34Z
SM-S936B,EGY,S936BXXS8BZC1,2026-03-05,2026-09-11T15:21:26Z
SM-S936B,EUX,S936BXXS8BZC1,2026-03-05,2026-09-11T15:21:40Z
SM-S936B,ILO,S936BXXS8BZC1,2026-03-05,2026-09-11T15:21:20Z
SM-S936B,INS,S936BXXS8BZC1,2026-03-05,2026-09-11T15:21:37Z
SM-S936B,MID,S936BXXS8BZC1,2026-03-05,2026-09-11T15:21:23Z
SM-S936B,TUR,S936BXXS8BZC1,2026-03-05,2026-09-11T15:21:29Z
SM-S936B,XSA,S936BXXS8BZC1,2026-03-05,2026-09-11T15:21:49Z
SM-S936B,XSG,S936BXXS8BZC1,2026-03-05,2026-09-11T15:21:31Z
SM-S936B,AFG,S936BXXS9BZCH,2026-04-05,2026-09-11T15:21:34Z
SM-S936B,EGY,S936BXXS9BZCH,2026-04-05,2026-09-11T15:21:26Z
SM-S936B,EUX,S936BXXS9BZCH,2026-04-05,2026-09-11T15:21:40Z
SM-S936B,ILO,S936BXXS9BZCH,2026-04-05,2026-09-11T15:21:20Z
SM-S936B,INS,S936BXXS9BZCH,2026-04-05,2026-09-11T15:21:37Z
SM-S936B,MID,S936BXXS9BZCH,2026-04-05,2026-09-11T15:21:23Z
SM-S936B,TUR,S936BXXS9BZCH,2026-04-05,2026-09-11T15:21:29Z
SM-S936B,XSA,S936BXXS9BZCH,2026-04-05,2026-09-11T15:21:49Z
SM-S936B,XSG,S936BXXS9BZCH,2026-04-05,2026-09-11T15:21:31Z
SM-S936B,AFG,S936BXXS9CZE1,2026-05-05,2026-09-11T15:21:34Z
SM-S936B,EGY,S936BXXS9CZE1,2026-05-05,2026-09-11T15:21:26Z
SM-S936B,EUX,S936BXXS9CZE1,2026-05-05,2026-09-11T15:21:40Z
SM-S936B,ILO,S936BXXS9CZE1,2026-05-05,2026-09-11T15:21:20Z
SM-S936B,INS,S936BXXS9CZE1,2026-05-05,2026-09-11T15:21:37Z
SM-S936B,MID,S936BXXS9CZE1,2026-05-05,2026-09-11T15:21:23Z
SM-S936B,TUR,S936BXXS9CZE1,2026-05-05,2026-09-11T15:21:29Z
SM-S936B,XSA,S936BXXS9CZE1,2026-05-05,2026-09-11T15:21:49Z
SM-S936B,XSG,S936BXXS9CZE1,2026-05-05,2026-09-11T15:21:31Z
SM-S936B,AFG,S936BXXSBCZG3,2026-07-05,2026-09-11T15:21:34Z
SM-S936B,EGY,S936BXXSBCZG3,2026-07-05,2026-09-11T15:21:26Z
SM-S936B,EUX,S936BXXSBCZG3,2026-07-05,2026-09-11T15:21:40Z
SM-S936B,ILO,S936BXXSBCZG3,2026-07-05,2026-09-11T15:21:20Z
SM-S936B,INS,S936BXXSBCZG3,2026-07-05,2026-09-11T15:21:37Z
SM-S936B,MID,S936BXXSBCZG3,2026-07-05,2026-09-11T15:21:23Z
SM-S936B,TUR,S936BXXSBCZG3,2026-07-05,2026-09-11T15:21:29Z
SM-S936B,XSA,S936BXXSBCZG3,2026-07-05,2026-09-11T15:21:49Z
SM-S936B,XSG,S936BXXSBCZG3,2026-07-05,2026-09-11T15:21:31Z
SM-S936B,AFG,S936BXXSCCZH1,2026-08-05,2026-09-11T15:21:34Z
SM-S936B,EGY,S936BXXSCCZH1,2026-08-05,2026-09-11T15:21:26Z
SM-S936B,EUX,S936BXXSCCZH1,2026-08-05,2026-09-11T15:21:40Z
SM-S936B,ILO,S936BXXSCCZH1,2026-08-05,2026-09-11T15:21:20Z
SM-S936B,INS,S936BXXSCCZH1,2026-08-05,2026-09-11T15:21:37Z
SM-S936B,MID,S936BXXSCCZH1,2026-08-05,2026-09-11T15:21:23Z
SM-S936B,TUR,S936BXXSCCZH1,2026-08-05,2026-09-11T15:21:29Z
SM-S936B,XSA,S936BXXSCCZH1,2026-08-05,2026-09-11T15:21:49Z
SM-S936B,XSG,S936BXXSCCZH1,2026-08-05,2026-09-11T15:21:31Z
SM-S936B,AFG,S936BXXU1AYB4,2025-02-01,2026-09-11T15:21:34Z
SM-S936B,EGY,S936BXXU1AYB4,2025-02-01,2026-09-11T15:21:26Z
SM-S936B,EUX,S936BXXU1AYB4,2025-02-01,2026-09-11T15:21:40Z
SM-S936B,ILO,S936BXXU1AYB4,2025-02-01,2026-09-11T15:21:20Z
SM-S936B,INS,S936BXXU1AYB4,2025-02-01,2026-09-11T15:21:37Z
SM-S936B,MID,S936BXXU1AYB4,2025-02-01,2026-09-11T15:21:23Z
SM-S936B,TUR,S936BXXU1AYB4,2025-02-01,2026-09-11T15:21:29Z
SM-S936B,XSA,S936BXXU1AYB4,2025-02-01,2026-09-11T15:21:49Z
SM-S936B,XSG,S936BXXU1AYB4,2025-02-01,2026-09-11T15:21:31Z
SM-S936B,AFG,S936BXXU2AYD9,2025-04-01,2026-09-11T15:21:34Z
SM-S936B,EGY,S936BXXU2AYD9,2025-04-01,2026-09-11T15:21:26Z
SM-S936B,EUX,S936BXXU2AYD9,2025-04-01,2026-09-11T15:21:40Z
SM-S936B,ILO,S936BXXU2AYD9,2025-04-01,2026-09-11T15:21:20Z
SM-S936B,INS,S936BXXU2AYD9,2025-04-01,2026-09-11T15:21:37Z
SM-S936B,MID,S936BXXU2AYD9,2025-04-01,2026-09-11T15:21:23Z
SM-S936B,TUR,S936BXXU2AYD9,2025-04-01,2026-09-11T15:21:29Z
SM-S936B,XSA,S936BXXU2AYD9,2025-04-01,2026-09-11T15:21:49Z
SM-S936B,XSG,S936BXXU2AYD9,2025-04-01,2026-09-11T15:21:31Z
SM-S936B,EUX,S936BXXU3AYE7,2025-05-01,2026-09-11T15:21:40Z
SM-S936B,TUR,S936BXXU3AYE7,2025-05-01,2026-09-11T15:21:29Z
SM-S936B,AFG,S936BXXU5BYI3,2025-09-01,2026-09-11T15:21:34Z
SM-S936B,EGY,S936BXXU5BYI3,2025-09-01,2026-09-11T15:21:26Z
SM-S936B,EUX,S936BXXU5BYI3,2025-09-01,2026-09-11T15:21:40Z
SM-S936B,ILO,S936BXXU5BYI3,2025-09-01,2026-09-11T15:21:20Z
SM-S936B,INS,S936BXXU5BYI3,2025-09-01,2026-09-11T15:21:37Z
SM-S936B,MID,S936BXXU5BYI3,2025-09-01,2026-09-11T15:21:23Z
SM-S936B,TUR,S936BXXU5BYI3,2025-09-01,2026-09-11T15:21:29Z
SM-S936B,XSA,S936BXXU5BYI3,2025-09-01,2026-09-11T15:21:49Z
SM-S936B,XSG,S936BXXU5BYI3,2025-09-01,2026-09-11T15:21:31Z
SM-S936B,AFG,S936BXXU9CZDP,2026-04-05,2026-09-11T15:21:34Z
SM-S936B,EGY,S936BXXU9CZDP,2026-04-05,2026-09-11T15:21:26Z
SM-S936B,EUX,S936BXXU9CZDP,2026-04-05,2026-09-11T15:21:40Z
SM-S936B,ILO,S936BXXU9CZDP,2026-04-05,2026-09-11T15:21:20Z
SM-S936B,INS,S936BXXU9CZDP,2026-04-05,2026-09-11T15:21:37Z
SM-S936B,MID,S936BXXU9CZDP,2026-04-05,2026-09-11T15:21:23Z
SM-S936B,TUR,S936BXXU9CZDP,2026-04-05,2026-09-11T15:21:29Z
SM-S936B,XSA,S936BXXU9CZDP,2026-04-05,2026-09-11T15:21:49Z
SM-S936B,XSG,S936BXXU9CZDP,2026-04-05,2026-09-11T15:21:31Z
SM-S936B,AFG,S936BXXUACZF1,2026-06-05,2026-09-11T15:21:34Z
SM-S936B,EGY,S936BXXUACZF1,2026-06-05,2026-09-11T15:21:26Z
SM-S936B,EUX,S936BXXUACZF1,2026-06-05,2026-09-11T15:21:40Z
SM-S936B,ILO,S936BXXUACZF1,2026-06-05,2026-09-11T15:21:20Z
SM-S936B,INS,S936BXXUACZF1,2026-06-05,2026-09-11T15:21:37Z
SM-S936B,MID,S936BXXUACZF1,2026-06-05,2026-09-11T15:21:23Z
SM-S936B,TUR,S936BXXUACZF1,2026-06-05,2026-09-11T15:21:29Z
SM-S936B,XSA,S936BXXUACZF1,2026-06-05,2026-09-11T15:21:49Z
SM-S936B,XSG,S936BXXUACZF1,2026-06-05,2026-09-11T15:21:31Z
SM-S937B,EUX,S937BXXS1AYF1,2025-06-01,2026-09-11T15:22:17Z
SM-S937B,TUR,S937BXXS1AYF1,2025-06-01,2026-09-11T15:22:05Z
SM-S937B,ILO,S937BXXS1AYF3,2025-06-01,2026-09-11T15:21:55Z
SM-S937B,INS,S937BXXS1AYF3,2025-06-01,2026-09-11T15:22:14Z
SM-S937B,XSA,S937BXXS1AYF3,2025-06-01,2026-09-11T15:22:27Z
SM-S937B,XSG,S937BXXS1AYF3,2025-06-01,2026-09-11T15:22:08Z
SM-S937B,EUX,S937BXXS2AYF4,2025-07-01,2026-09-11T15:22:17Z
SM-S937B,TUR,S937BXXS2AYF4,2025-07-01,2026-09-11T15:22:05Z
SM-S937B,ILO,S937BXXS2AYF6,2025-07-01,2026-09-11T15:21:55Z
SM-S937B,INS,S937BXXS2AYF6,2025-07-01,2026-09-11T15:22:14Z
SM-S937B,XSA,S937BXXS2AYF6,2025-07-01,2026-09-11T15:22:27Z
SM-S937B,XSG,S937BXXS2AYF6,2025-07-01,2026-09-11T15:22:08Z
SM-S937B,EUX,S937BXXS2AYG6,2025-08-01,2026-09-11T15:22:17Z
SM-S937B,TUR,S937BXXS2AYG6,2025-08-01,2026-09-11T15:22:05Z
SM-S937B,ILO,S937BXXS2AYG8,2025-08-01,2026-09-11T15:21:55Z
SM-S937B,INS,S937BXXS2AYG8,2025-08-01,2026-09-11T15:22:14Z
SM-S937B,XSA,S937BXXS2AYG8,2025-08-01,2026-09-11T15:22:27Z
SM-S937B,XSG,S937BXXS2AYG8,2025-08-01,2026-09-11T15:22:08Z
SM-S937B,EUX,S937BXXS3BYIF,2025-10-01,2026-09-11T15:22:17Z
SM-S937B,ILO,S937BXXS3BYIF,2025-10-01,2026-09-11T15:21:55Z
SM-S937B,INS,S937BXXS3BYIF,2025-10-01,2026-09-11T15:22:14Z
SM-S937B,TUR,S937BXXS3BYIF,2025-10-01,2026-09-11T15:22:05Z
SM-S937B,XSA,S937BXXS3BYIF,2025-10-01,2026-09-11T15:22:27Z
SM-S937B,XSG,S937BXXS3BYIF,2025-10-01,2026-09-11T15:22:08Z
SM-S937B,EUX,S937BXXS4BYK3,2025-11-01,2026-09-11T15:22:17Z
SM-S937B,ILO,S937BXXS4BYK3,2025-11-01,2026-09-11T15:21:55Z
SM-S937B,INS,S937BXXS4BYK3,2025-11-01,2026-09-11T15:22:14Z
SM-S937B,TUR,S937BXXS4BYK3,2025-11-01,2026-09-11T15:22:05Z
SM-S937B,XSA,S937BXXS4BYK3,2025-11-01,2026-09-11T15:22:27Z
SM-S937B,XSG,S937BXXS4BYK3,2025-11-01,2026-09-11T15:22:08Z
SM-S937B,EUX,S937BXXS4BYKS,2025-12-01,2026-09-11T15:22:17Z
SM-S937B,ILO,S937BXXS4BYKS,2025-12-01,2026-09-11T15:21:55Z
SM-S937B,INS,S937BXXS4BYKS,2025-12-01,2026-09-11T15:22:14Z
SM-S937B,TUR,S937BXXS4BYKS,2025-12-01,2026-09-11T15:22:05Z
SM-S937B,XSA,S937BXXS4BYKS,2025-12-01,2026-09-11T15:22:27Z
SM-S937B,XSG,S937BXXS4BYKS,2025-12-01,2026-09-11T15:22:08Z
SM-S937B,EUX,S937BXXS5BYLR,2026-01-01,2026-09-11T15:22:17Z
SM-S937B,ILO,S937BXXS5BYLR,2026-01-01,2026-09-11T15:21:55Z
SM-S937B,INS,S937BXXS5BYLR,2026-01-01,2026-09-11T15:22:14Z
SM-S937B,TUR,S937BXXS5BYLR,2026-01-01,2026-09-11T15:22:05Z
SM-S937B,XSA,S937BXXS5BYLR,2026-01-01,2026-09-11T15:22:27Z
SM-S937B,XSG,S937BXXS5BYLR,2026-01-01,2026-09-11T15:22:08Z
SM-S937B,EUX,S937BXXS6BZB5,2026-02-05,2026-09-11T15:22:17Z
SM-S937B,ILO,S937BXXS6BZB5,2026-02-05,2026-09-11T15:21:55Z
SM-S937B,INS,S937BXXS6BZB5,2026-02-05,2026-09-11T15:22:14Z
SM-S937B,TUR,S937BXXS6BZB5,2026-02-05,2026-09-11T15:22:05Z
SM-S937B,XSA,S937BXXS6BZB5,2026-02-05,2026-09-11T15:22:27Z
SM-S937B,XSG,S937BXXS6BZB5,2026-02-05,2026-09-11T15:22:08Z
SM-S937B,EUX,S937BXXS6BZC1,2026-03-05,2026-09-11T15:22:17Z
SM-S937B,ILO,S937BXXS6BZC1,2026-03-05,2026-09-11T15:21:55Z
SM-S937B,INS,S937BXXS6BZC1,2026-03-05,2026-09-11T15:22:14Z
SM-S937B,TUR,S937BXXS6BZC1,2026-03-05,2026-09-11T15:22:05Z
SM-S937B,XSA,S937BXXS6BZC1,2026-03-05,2026-09-11T15:22:27Z
SM-S937B,XSG,S937BXXS6BZC1,2026-03-05,2026-09-11T15:22:08Z
SM-S937B,EUX,S937BXXS7BZCH,2026-04-05,2026-09-11T15:22:17Z
SM-S937B,ILO,S937BXXS7BZCH,2026-04-05,2026-09-11T15:21:55Z
SM-S937B,INS,S937BXXS7BZCH,2026-04-05,2026-09-11T15:22:14Z
SM-S937B,TUR,S937BXXS7BZCH,2026-04-05,2026-09-11T15:22:05Z
SM-S937B,XSA,S937BXXS7BZCH,2026-04-05,2026-09-11T15:22:27Z
SM-S937B,XSG,S937BXXS7BZCH,2026-04-05,2026-09-11T15:22:08Z
SM-S937B,EUX,S937BXXS7CZE1,2026-05-05,2026-09-11T15:22:17Z
SM-S937B,ILO,S937BXXS7CZE1,2026-05-05,2026-09-11T15:21:55Z
SM-S937B,INS,S937BXXS7CZE1,2026-05-05,2026-09-11T15:22:14Z
SM-S937B,TUR,S937BXXS7CZE1,2026-05-05,2026-09-11T15:22:05Z
SM-S937B,XSA,S937BXXS7CZE1,2026-05-05,2026-09-11T15:22:27Z
SM-S937B,XSG,S937BXXS7CZE1,2026-05-05,2026-09-11T15:22:08Z
SM-S937B,EUX,S937BXXS9CZG3,2026-07-05,2026-09-11T15:22:17Z
SM-S937B,ILO,S937BXXS9CZG3,2026-07-05,2026-09-11T15:21:55Z
SM-S937B,INS,S937BXXS9CZG3,2026-07-05,2026-09-11T15:22:14Z
SM-S937B,TUR,S937BXXS9CZG3,2026-07-05,2026-09-11T15:22:05Z
SM-S937B,XSA,S937BXXS9CZG3,2026-07-05,2026-09-11T15:22:27Z
SM-S937B,XSG,S937BXXS9CZG3,2026-07-05,2026-09-11T15:22:08Z
SM-S937B,EUX,S937BXXSACZH1,2026-08-05,2026-09-11T15:22:17Z
SM-S937B,ILO,S937BXXSACZH1,2026-08-05,2026-09-11T15:21:55Z
SM-S937B,INS,S937BXXSACZH1,2026-08-05,2026-09-11T15:22:14Z
SM-S937B,TUR,S937BXXSACZH1,2026-08-05,2026-09-11T15:22:05Z
SM-S937B,XSA,S937BXXSACZH1,2026-08-05,2026-09-11T15:22:27Z
SM-S937B,XSG,S937BXXSACZH1,2026-08-05,2026-09-11T15:22:08Z
SM-S937B,EUX,S937BXXU2BYI3,2025-09-01,2026-09-11T15:22:17Z
SM-S937B,ILO,S937BXXU2BYI3,2025-09-01,2026-09-11T15:21:55Z
SM-S937B,INS,S937BXXU2BYI3,2025-09-01,2026-09-11T15:22:14Z
SM-S937B,TUR,S937BXXU2BYI3,2025-09-01,2026-09-11T15:22:05Z
SM-S937B,XSA,S937BXXU2BYI3,2025-09-01,2026-09-11T15:22:27Z
SM-S937B,XSG,S937BXXU2BYI3,2025-09-01,2026-09-11T15:22:08Z
SM-S937B,EUX,S937BXXU7CZDP,2026-04-05,2026-09-11T15:22:17Z
SM-S937B,ILO,S937BXXU7CZDP,2026-04-05,2026-09-11T15:21:55Z
SM-S937B,INS,S937BXXU7CZDP,2026-04-05,2026-09-11T15:22:14Z
SM-S937B,TUR,S937BXXU7CZDP,2026-04-05,2026-09-11T15:22:05Z
SM-S937B,XSA,S937BXXU7CZDP,2026-04-05,2026-09-11T15:22:27Z
SM-S937B,XSG,S937BXXU7CZDP,2026-04-05,2026-09-11T15:22:08Z
SM-S937B,EUX,S937BXXU8CZF1,2026-06-05,2026-09-11T15:22:17Z
SM-S937B,ILO,S937BXXU8CZF1,2026-06-05,2026-09-11T15:21:55Z
SM-S937B,INS,S937BXXU8CZF1,2026-06-05,2026-09-11T15:22:14Z
SM-S937B,TUR,S937BXXU8CZF1,2026-06-05,2026-09-11T15:22:05Z
SM-S937B,XSA,S937BXXU8CZF1,2026-06-05,2026-09-11T15:22:27Z
SM-S937B,XSG,S937BXXU8CZF1,2026-06-05,2026-09-11T15:22:08Z
SM-S938B,AFG,S938BXXS1AYC2,2025-03-01,2026-09-11T15:22:48Z
SM-S938B,EGY,S938BXXS1AYC2,2025-03-01,2026-09-11T15:22:39Z
SM-S938B,EUX,S938BXXS1AYC2,2025-03-01,2026-09-11T15:22:53Z
SM-S938B,ILO,S938BXXS1AYC2,2025-03-01,2026-09-11T15:22:33Z
SM-S938B,INS,S938BXXS1AYC2,2025-03-01,2026-09-11T15:22:50Z
SM-S938B,MID,S938BXXS1AYC2,2025-03-01,2026-09-11T15:22:36Z
SM-S938B,TUR,S938BXXS1AYC2,2025-03-01,2026-09-11T15:22:42Z
SM-S938B,XSA,S938BXXS1AYC2,2025-03-01,2026-09-11T15:23:02Z
SM-S938B,XSG,S938BXXS1AYC2,2025-03-01,2026-09-11T15:22:45Z
SM-S938B,AFG,S938BXXS3AYDA,2025-05-01,2026-09-11T15:22:48Z
SM-S938B,EGY,S938BXXS3AYDA,2025-05-01,2026-09-11T15:22:39Z
SM-S938B,EUX,S938BXXS3AYDA,2025-05-01,2026-09-11T15:22:53Z
SM-S938B,ILO,S938BXXS3AYDA,2025-05-01,2026-09-11T15:22:33Z
SM-S938B,INS,S938BXXS3AYDA,2025-05-01,2026-09-11T15:22:50Z
SM-S938B,MID,S938BXXS3AYDA,2025-05-01,2026-09-11T15:22:36Z
SM-S938B,TUR,S938BXXS3AYDA,2025-05-01,2026-09-11T15:22:42Z
SM-S938B,XSA,S938BXXS3AYDA,2025-05-01,2026-09-11T15:23:02Z
SM-S938B,XSG,S938BXXS3AYDA,2025-05-01,2026-09-11T15:22:45Z
SM-S938B,EUX,S938BXXS4AYF1,2025-06-01,2026-09-11T15:22:53Z
SM-S938B,TUR,S938BXXS4AYF1,2025-06-01,2026-09-11T15:22:42Z
SM-S938B,AFG,S938BXXS4AYF2,2025-06-01,2026-09-11T15:22:48Z
SM-S938B,EGY,S938BXXS4AYF2,2025-06-01,2026-09-11T15:22:39Z
SM-S938B,ILO,S938BXXS4AYF2,2025-06-01,2026-09-11T15:22:33Z
SM-S938B,INS,S938BXXS4AYF2,2025-06-01,2026-09-11T15:22:50Z
SM-S938B,MID,S938BXXS4AYF2,2025-06-01,2026-09-11T15:22:36Z
SM-S938B,XSA,S938BXXS4AYF2,2025-06-01,2026-09-11T15:23:02Z
SM-S938B,XSG,S938BXXS4AYF2,2025-06-01,2026-09-11T15:22:45Z
SM-S938B,EUX,S938BXXS5AYF4,2025-07-01,2026-09-11T15:22:53Z
SM-S938B,TUR,S938BXXS5AYF4,2025-07-01,2026-09-11T15:22:42Z
SM-S938B,AFG,S938BXXS5AYF6,2025-07-01,2026-09-11T15:22:48Z
SM-S938B,EGY,S938BXXS5AYF6,2025-07-01,2026-09-11T15:22:39Z
SM-S938B,ILO,S938BXXS5AYF6,2025-07-01,2026-09-11T15:22:33Z
SM-S938B,INS,S938BXXS5AYF6,2025-07-01,2026-09-11T15:22:50Z
SM-S938B,MID,S938BXXS5AYF6,2025-07-01,2026-09-11T15:22:36Z
SM-S938B,XSA,S938BXXS5AYF6,2025-07-01,2026-09-11T15:23:02Z
SM-S938B,XSG,S938BXXS5AYF6,2025-07-01,2026-09-11T15:22:45Z
SM-S938B,EUX,S938BXXS5AYG2,2025-08-01,2026-09-11T15:22:53Z
SM-S938B,TUR,S938BXXS5AYG2,2025-08-01,2026-09-11T15:22:42Z
SM-S938B,AFG,S938BXXS5AYG4,2025-08-01,2026-09-11T15:22:48Z
SM-S938B,EGY,S938BXXS5AYG4,2025-08-01,2026-09-11T15:22:39Z
SM-S938B,ILO,S938BXXS5AYG4,2025-08-01,2026-09-11T15:22:33Z
SM-S938B,INS,S938BXXS5AYG4,2025-08-01,2026-09-11T15:22:50Z
SM-S938B,MID,S938BXXS5AYG4,2025-08-01,2026-09-11T15:22:36Z
SM-S938B,XSA,S938BXXS5AYG4,2025-08-01,2026-09-11T15:23:02Z
SM-S938B,XSG,S938BXXS5AYG4,2025-08-01,2026-09-11T15:22:45Z
SM-S938B,AFG,S938BXXS6BYIF,2025-10-01,2026-09-11T15:22:48Z
SM-S938B,EGY,S938BXXS6BYIF,2025-10-01,2026-09-11T15:22:39Z
SM-S938B,EUX,S938BXXS6BYIF,2025-10-01,2026-09-11T15:22:53Z
SM-S938B,ILO,S938BXXS6BYIF,2025-10-01,2026-09-11T15:22:33Z
SM-S938B,INS,S938BXXS6BYIF,2025-10-01,2026-09-11T15:22:50Z
SM-S938B,MID,S938BXXS6BYIF,2025-10-01,2026-09-11T15:22:36Z
SM-S938B,TUR,S938BXXS6BYIF,2025-10-01,2026-09-11T15:22:42Z
SM-S938B,XSA,S938BXXS6BYIF,2025-10-01,2026-09-11T15:23:02Z
SM-S938B,XSG,S938BXXS6BYIF,2025-10-01,2026-09-11T15:22:45Z
SM-S938B,AFG,S938BXXS7BYK3,2025-11-01,2026-09-11T15:22:48Z
SM-S938B,EGY,S938BXXS7BYK3,2025-11-01,2026-09-11T15:22:39Z
SM-S938B,EUX,S938BXXS7BYK3,2025-11-01,2026-09-11T15:22:53Z
SM-S938B,ILO,S938BXXS7BYK3,2025-11-01,2026-09-11T15:22:33Z
SM-S938B,INS,S938BXXS7BYK3,2025-11-01,2026-09-11T15:22:50Z
SM-S938B,MID,S938BXXS7BYK3,2025-11-01,2026-09-11T15:22:36Z
SM-S938B,TUR,S938BXXS7BYK3,2025-11-01,2026-09-11T15:22:42Z
SM-S938B,XSA,S938BXXS7BYK3,2025-11-01,2026-09-11T15:23:02Z
SM-S938B,XSG,S938BXXS7BYK3,2025-11-01,2026-09-11T15:22:45Z
SM-S938B,AFG,S938BXXS7BYKS,2025-12-01,2026-09-11T15:22:48Z
SM-S938B,EGY,S938BXXS7BYKS,2025-12-01,2026-09-11T15:22:39Z
SM-S938B,EUX,S938BXXS7BYKS,2025-12-01,2026-09-11T15:22:53Z
SM-S938B,ILO,S938BXXS7BYKS,2025-12-01,2026-09-11T15:22:33Z
SM-S938B,INS,S938BXXS7BYKS,2025-12-01,2026-09-11T15:22:50Z
SM-S938B,MID,S938BXXS7BYKS,2025-12-01,2026-09-11T15:22:36Z
SM-S938B,TUR,S938BXXS7BYKS,2025-12-01,2026-09-11T15:22:42Z
SM-S938B,XSA,S938BXXS7BYKS,2025-12-01,2026-09-11T15:23:02Z
SM-S938B,XSG,S938BXXS7BYKS,2025-12-01,2026-09-11T15:22:45Z
SM-S938B,AFG,S938BXXS7BYLR,2026-01-01,2026-09-11T15:22:48Z
SM-S938B,EGY,S938BXXS7BYLR,2026-01-01,2026-09-11T15:22:39Z
SM-S938B,EUX,S938BXXS7BYLR,2026-01-01,2026-09-11T15:22:53Z
SM-S938B,ILO,S938BXXS7BYLR,2026-01-01,2026-09-11T15:22:33Z
SM-S938B,INS,S938BXXS7BYLR,2026-01-01,2026-09-11T15:22:50Z
SM-S938B,MID,S938BXXS7BYLR,2026-01-01,2026-09-11T15:22:36Z
SM-S938B,TUR,S938BXXS7BYLR,2026-01-01,2026-09-11T15:22:42Z
SM-S938B,XSA,S938BXXS7BYLR,2026-01-01,2026-09-11T15:23:02Z
SM-S938B,XSG,S938BXXS7BYLR,2026-01-01,2026-09-11T15:22:45Z
SM-S938B,AFG,S938BXXS8BZB5,2026-02-05,2026-09-11T15:22:48Z
SM-S938B,EGY,S938BXXS8BZB5,2026-02-05,2026-09-11T15:22:39Z
SM-S938B,EUX,S938BXXS8BZB5,2026-02-05,2026-09-11T15:22:53Z
SM-S938B,ILO,S938BXXS8BZB5,2026-02-05,2026-09-11T15:22:33Z
SM-S938B,INS,S938BXXS8BZB5,2026-02-05,2026-09-11T15:22:50Z
SM-S938B,MID,S938BXXS8BZB5,2026-02-05,2026-09-11T15:22:36Z
SM-S938B,TUR,S938BXXS8BZB5,2026-02-05,2026-09-11T15:22:42Z
SM-S938B,XSA,S938BXXS8BZB5,2026-02-05,2026-09-11T15:23:02Z
SM-S938B,XSG,S938BXXS8BZB5,2026-02-05,2026-09-11T15:22:45Z
SM-S938B,AFG,S938BXXS8BZC1,2026-03-05,2026-09-11T15:22:48Z
SM-S938B,EGY,S938BXXS8BZC1,2026-03-05,2026-09-11T15:22:39Z
SM-S938B,EUX,S938BXXS8BZC1,2026-03-05,2026-09-11T15:22:53Z
SM-S938B,ILO,S938BXXS8BZC1,2026-03-05,2026-09-11T15:22:33Z
SM-S938B,INS,S938BXXS8BZC1,2026-03-05,2026-09-11T15:22:50Z
SM-S938B,MID,S938BXXS8BZC1,2026-03-05,2026-09-11T15:22:36Z
SM-S938B,TUR,S938BXXS8BZC1,2026-03-05,2026-09-11T15:22:42Z
SM-S938B,XSA,S938BXXS8BZC1,2026-03-05,2026-09-11T15:23:02Z
SM-S938B,XSG,S938BXXS8BZC1,2026-03-05,2026-09-11T15:22:45Z
SM-S938B,AFG,S938BXXS9BZCH,2026-04-05,2026-09-11T15:22:48Z
SM-S938B,EGY,S938BXXS9BZCH,2026-04-05,2026-09-11T15:22:39Z
SM-S938B,EUX,S938BXXS9BZCH,2026-04-05,2026-09-11T15:22:53Z
SM-S938B,ILO,S938BXXS9BZCH,2026-04-05,2026-09-11T15:22:33Z
SM-S938B,INS,S938BXXS9BZCH,2026-04-05,2026-09-11T15:22:50Z
SM-S938B,MID,S938BXXS9BZCH,2026-04-05,2026-09-11T15:22:36Z
SM-S938B,TUR,S938BXXS9BZCH,2026-04-05,2026-09-11T15:22:42Z
SM-S938B,XSA,S938BXXS9BZCH,2026-04-05,2026-09-11T15:23:02Z
SM-S938B,XSG,S938BXXS9BZCH,2026-04-05,2026-09-11T15:22:45Z
SM-S938B,AFG,S938BXXS9CZE1,2026-05-05,2026-09-11T15:22:48Z
SM-S938B,EGY,S938BXXS9CZE1,2026-05-05,2026-09-11T15:22:39Z
SM-S938B,EUX,S938BXXS9CZE1,2026-05-05,2026-09-11T15:22:53Z
SM-S938B,ILO,S938BXXS9CZE1,2026-05-05,2026-09-11T15:22:33Z
SM-S938B,INS,S938BXXS9CZE1,2026-05-05,2026-09-11T15:22:50Z
SM-S938B,MID,S938BXXS9CZE1,2026-05-05,2026-09-11T15:22:36Z
SM-S938B,TUR,S938BXXS9CZE1,2026-05-05,2026-09-11T15:22:42Z
SM-S938B,XSA,S938BXXS9CZE1,2026-05-05,2026-09-11T15:23:02Z
SM-S938B,XSG,S938BXXS9CZE1,2026-05-05,2026-09-11T15:22:45Z
SM-S938B,AFG,S938BXXSBCZG3,2026-07-05,2026-09-11T15:22:48Z
SM-S938B,EGY,S938BXXSBCZG3,2026-07-05,2026-09-11T15:22:39Z
SM-S938B,EUX,S938BXXSBCZG3,2026-07-05,2026-09-11T15:22:53Z
SM-S938B,ILO,S938BXXSBCZG3,2026-07-05,2026-09-11T15:22:33Z
SM-S938B,INS,S938BXXSBCZG3,2026-07-05,2026-09-11T15:22:50Z
SM-S938B,MID,S938BXXSBCZG3,2026-07-05,2026-09-11T15:22:36Z
SM-S938B,TUR,S938BXXSBCZG3,2026-07-05,2026-09-11T15:22:42Z
SM-S938B,XSA,S938BXXSBCZG3,2026-07-05,2026-09-11T15:23:02Z
SM-S938B,XSG,S938BXXSBCZG3,2026-07-05,2026-09-11T15:22:45Z
SM-S938B,AFG,S938BXXSCCZH1,2026-08-05,2026-09-11T15:22:48Z
SM-S938B,EGY,S938BXXSCCZH1,2026-08-05,2026-09-11T15:22:39Z
SM-S938B,EUX,S938BXXSCCZH1,2026-08-05,2026-09-11T15:22:53Z
SM-S938B,ILO,S938BXXSCCZH1,2026-08-05,2026-09-11T15:22:33Z
SM-S938B,INS,S938BXXSCCZH1,2026-08-05,2026-09-11T15:22:50Z
SM-S938B,MID,S938BXXSCCZH1,2026-08-05,2026-09-11T15:22:36Z
SM-S938B,TUR,S938BXXSCCZH1,2026-08-05,2026-09-11T15:22:42Z
SM-S938B,XSA,S938BXXSCCZH1,2026-08-05,2026-09-11T15:23:02Z
SM-S938B,XSG,S938BXXSCCZH1,2026-08-05,2026-09-11T15:22:45Z
SM-S938B,AFG,S938BXXU1AYB4,2025-02-01,2026-09-11T15:22:48Z
SM-S938B,EGY,S938BXXU1AYB4,2025-02-01,2026-09-11T15:22:39Z
SM-S938B,EUX,S938BXXU1AYB4,2025-02-01,2026-09-11T15:22:53Z
SM-S938B,ILO,S938BXXU1AYB4,2025-02-01,2026-09-11T15:22:33Z
SM-S938B,INS,S938BXXU1AYB4,2025-02-01,2026-09-11T15:22:50Z
SM-S938B,MID,S938BXXU1AYB4,2025-02-01,2026-09-11T15:22:36Z
SM-S938B,TUR,S938BXXU1AYB4,2025-02-01,2026-09-11T15:22:42Z
SM-S938B,XSA,S938BXXU1AYB4,2025-02-01,2026-09-11T15:23:02Z
SM-S938B,XSG,S938BXXU1AYB4,2025-02-01,2026-09-11T15:22:45Z
SM-S938B,AFG,S938BXXU2AYD9,2025-04-01,2026-09-11T15:22:48Z
SM-S938B,EGY,S938BXXU2AYD9,2025-04-01,2026-09-11T15:22:39Z
SM-S938B,EUX,S938BXXU2AYD9,2025-04-01,2026-09-11T15:22:53Z
SM-S938B,ILO,S938BXXU2AYD9,2025-04-01,2026-09-11T15:22:33Z
SM-S938B,INS,S938BXXU2AYD9,2025-04-01,2026-09-11T15:22:50Z
SM-S938B,MID,S938BXXU2AYD9,2025-04-01,2026-09-11T15:22:36Z
SM-S938B,TUR,S938BXXU2AYD9,2025-04-01,2026-09-11T15:22:42Z
SM-S938B,XSA,S938BXXU2AYD9,2025-04-01,2026-09-11T15:23:02Z
SM-S938B,XSG,S938BXXU2AYD9,2025-04-01,2026-09-11T15:22:45Z
SM-S938B,EUX,S938BXXU3AYE7,2025-05-01,2026-09-11T15:22:53Z
SM-S938B,TUR,S938BXXU3AYE7,2025-05-01,2026-09-11T15:22:42Z
SM-S938B,AFG,S938BXXU5BYI3,2025-09-01,2026-09-11T15:22:48Z
SM-S938B,EGY,S938BXXU5BYI3,2025-09-01,2026-09-11T15:22:39Z
SM-S938B,EUX,S938BXXU5BYI3,2025-09-01,2026-09-11T15:22:53Z
SM-S938B,ILO,S938BXXU5BYI3,2025-09-01,2026-09-11T15:22:33Z
SM-S938B,INS,S938BXXU5BYI3,2025-09-01,2026-09-11T15:22:50Z
SM-S938B,MID,S938BXXU5BYI3,2025-09-01,2026-09-11T15:22:36Z
SM-S938B,TUR,S938BXXU5BYI3,2025-09-01,2026-09-11T15:22:42Z
SM-S938B,XSA,S938BXXU5BYI3,2025-09-01,2026-09-11T15:23:02Z
SM-S938B,XSG,S938BXXU5BYI3,2025-09-01,2026-09-11T15:22:45Z
SM-S938B,AFG,S938BXXU9CZDP,2026-04-05,2026-09-11T15:22:48Z
SM-S938B,EGY,S938BXXU9CZDP,2026-04-05,2026-09-11T15:22:39Z
SM-S938B,EUX,S938BXXU9CZDP,2026-04-05,2026-09-11T15:22:53Z
SM-S938B,ILO,S938BXXU9CZDP,2026-04-05,2026-09-11T15:22:33Z
SM-S938B,INS,S938BXXU9CZDP,2026-04-05,2026-09-11T15:22:50Z
SM-S938B,MID,S938BXXU9CZDP,2026-04-05,2026-09-11T15:22:36Z
SM-S938B,TUR,S938BXXU9CZDP,2026-04-05,2026-09-11T15:22:42Z
SM-S938B,XSA,S938BXXU9CZDP,2026-04-05,2026-09-11T15:23:02Z
SM-S938B,XSG,S938BXXU9CZDP,2026-04-05,2026-09-11T15:22:45Z
SM-S938B,AFG,S938BXXUACZF1,2026-06-05,2026-09-11T15:22:48Z
SM-S938B,EGY,S938BXXUACZF1,2026-06-05,2026-09-11T15:22:39Z
SM-S938B,EUX,S938BXXUACZF1,2026-06-05,2026-09-11T15:22:53Z
SM-S938B,ILO,S938BXXUACZF1,2026-06-05,2026-09-11T15:22:33Z
SM-S938B,INS,S938BXXUACZF1,2026-06-05,2026-09-11T15:22:50Z
SM-S938B,MID,S938BXXUACZF1,2026-06-05,2026-09-11T15:22:36Z
SM-S938B,TUR,S938BXXUACZF1,2026-06-05,2026-09-11T15:22:42Z
SM-S938B,XSA,S938BXXUACZF1,2026-06-05,2026-09-11T15:23:02Z
SM-S938B,XSG,S938BXXUACZF1,2026-06-05,2026-09-11T15:22:45Z
SM-S942B,AFG,S942BXXS1AZC7,2026-02-05,2026-09-11T15:23:23Z
SM-S942B,EGY,S942BXXS1AZC7,2026-02-05,2026-09-11T15:23:15Z
SM-S942B,EUX,S942BXXS1AZC7,2026-02-05,2026-09-11T15:23:28Z
SM-S942B,ILO,S942BXXS1AZC7,2026-02-05,2026-09-11T15:23:09Z
SM-S942B,INS,S942BXXS1AZC7,2026-02-05,2026-09-11T15:23:26Z
SM-S942B,MID,S942BXXS1AZC7,2026-02-05,2026-09-11T15:23:12Z
SM-S942B,TUR,S942BXXS1AZC7,2026-02-05,2026-09-11T15:23:17Z
SM-S942B,XSA,S942BXXS1AZC7,2026-02-05,2026-09-11T15:23:38Z
SM-S942B,XSG,S942BXXS1AZC7,2026-02-05,2026-09-11T15:23:20Z
SM-S942B,AFG,S942BXXS2AZCO,2026-04-05,2026-09-11T15:23:23Z
SM-S942B,EGY,S942BXXS2AZCO,2026-04-05,2026-09-11T15:23:15Z
SM-S942B,EUX,S942BXXS2AZCO,2026-04-05,2026-09-11T15:23:28Z
SM-S942B,ILO,S942BXXS2AZCO,2026-04-05,2026-09-11T15:23:09Z
SM-S942B,INS,S942BXXS2AZCO,2026-04-05,2026-09-11T15:23:26Z
SM-S942B,MID,S942BXXS2AZCO,2026-04-05,2026-09-11T15:23:12Z
SM-S942B,TUR,S942BXXS2AZCO,2026-04-05,2026-09-11T15:23:17Z
SM-S942B,XSA,S942BXXS2AZCO,2026-04-05,2026-09-11T15:23:38Z
SM-S942B,XSG,S942BXXS2AZCO,2026-04-05,2026-09-11T15:23:20Z
SM-S942B,AFG,S942BXXS2AZE2,2026-05-05,2026-09-11T15:23:23Z
SM-S942B,EGY,S942BXXS2AZE2,2026-05-05,2026-09-11T15:23:15Z
SM-S942B,EUX,S942BXXS2AZE2,2026-05-05,2026-09-11T15:23:28Z
SM-S942B,ILO,S942BXXS2AZE2,2026-05-05,2026-09-11T15:23:09Z
SM-S942B,INS,S942BXXS2AZE2,2026-05-05,2026-09-11T15:23:26Z
SM-S942B,MID,S942BXXS2AZE2,2026-05-05,2026-09-11T15:23:12Z
SM-S942B,TUR,S942BXXS2AZE2,2026-05-05,2026-09-11T15:23:17Z
SM-S942B,XSA,S942BXXS2AZE2,2026-05-05,2026-09-11T15:23:38Z
SM-S942B,XSG,S942BXXS2AZE2,2026-05-05,2026-09-11T15:23:20Z
SM-S942B,AFG,S942BXXS3AZF1,2026-06-05,2026-09-11T15:23:23Z
SM-S942B,EGY,S942BXXS3AZF1,2026-06-05,2026-09-11T15:23:15Z
SM-S942B,EUX,S942BXXS3AZF1,2026-06-05,2026-09-11T15:23:28Z
SM-S942B,ILO,S942BXXS3AZF1,2026-06-05,2026-09-11T15:23:09Z
SM-S942B,INS,S942BXXS3AZF1,2026-06-05,2026-09-11T15:23:26Z
SM-S942B,MID,S942BXXS3AZF1,2026-06-05,2026-09-11T15:23:12Z
SM-S942B,TUR,S942BXXS3AZF1,2026-06-05,2026-09-11T15:23:17Z
SM-S942B,XSA,S942BXXS3AZF1,2026-06-05,2026-09-11T15:23:38Z
SM-S942B,XSG,S942BXXS3AZF1,2026-06-05,2026-09-11T15:23:20Z
SM-S942B,AFG,S942BXXS4AZG5,2026-07-05,2026-09-11T15:23:23Z
SM-S942B,EGY,S942BXXS4AZG5,2026-07-05,2026-09-11T15:23:15Z
SM-S942B,EUX,S942BXXS4AZG5,2026-07-05,2026-09-11T15:23:28Z
SM-S942B,ILO,S942BXXS4AZG5,2026-07-05,2026-09-11T15:23:09Z
SM-S942B,INS,S942BXXS4AZG5,2026-07-05,2026-09-11T15:23:26Z
SM-S942B,MID,S942BXXS4AZG5,2026-07-05,2026-09-11T15:23:12Z
SM-S942B,TUR,S942BXXS4AZG5,2026-07-05,2026-09-11T15:23:17Z
SM-S942B,XSA,S942BXXS4AZG5,2026-07-05,2026-09-11T15:23:38Z
SM-S942B,XSG,S942BXXS4AZG5,2026-07-05,2026-09-11T15:23:20Z
SM-S942B,AFG,S942BXXS4AZHA,2026-08-05,2026-09-11T15:23:23Z
SM-S942B,EGY,S942BXXS4AZHA,2026-08-05,2026-09-11T15:23:15Z
SM-S942B,EUX,S942BXXS4AZHA,2026-08-05,2026-09-11T15:23:28Z
SM-S942B,ILO,S942BXXS4AZHA,2026-08-05,2026-09-11T15:23:09Z
SM-S942B,INS,S942BXXS4AZHA,2026-08-05,2026-09-11T15:23:26Z
SM-S942B,MID,S942BXXS4AZHA,2026-08-05,2026-09-11T15:23:12Z
SM-S942B,TUR,S942BXXS4AZHA,2026-08-05,2026-09-11T15:23:17Z
SM-S942B,XSA,S942BXXS4AZHA,2026-08-05,2026-09-11T15:23:38Z
SM-S942B,XSG,S942BXXS4AZHA,2026-08-05,2026-09-11T15:23:20Z
SM-S942B,AFG,S942BXXU1AZCF,2026-02-05,2026-09-11T15:23:23Z
SM-S942B,EGY,S942BXXU1AZCF,2026-02-05,2026-09-11T15:23:15Z
SM-S942B,EUX,S942BXXU1AZCF,2026-02-05,2026-09-11T15:23:28Z
SM-S942B,ILO,S942BXXU1AZCF,2026-02-05,2026-09-11T15:23:09Z
SM-S942B,INS,S942BXXU1AZCF,2026-02-05,2026-09-11T15:23:26Z
SM-S942B,MID,S942BXXU1AZCF,2026-02-05,2026-09-11T15:23:12Z
SM-S942B,TUR,S942BXXU1AZCF,2026-02-05,2026-09-11T15:23:17Z
SM-S942B,XSA,S942BXXU1AZCF,2026-02-05,2026-09-11T15:23:38Z
SM-S942B,XSG,S942BXXU1AZCF,2026-02-05,2026-09-11T15:23:20Z
SM-S942B,AFG,S942BXXU2AZDE,2026-04-05,2026-09-11T15:23:23Z
SM-S942B,EGY,S942BXXU2AZDE,2026-04-05,2026-09-11T15:23:15Z
SM-S942B,EUX,S942BXXU2AZDE,2026-04-05,2026-09-11T15:23:28Z
SM-S942B,ILO,S942BXXU2AZDE,2026-04-05,2026-09-11T15:23:09Z
SM-S942B,INS,S942BXXU2AZDE,2026-04-05,2026-09-11T15:23:26Z
SM-S942B,MID,S942BXXU2AZDE,2026-04-05,2026-09-11T15:23:12Z
SM-S942B,TUR,S942BXXU2AZDE,2026-04-05,2026-09-11T15:23:17Z
SM-S942B,XSA,S942BXXU2AZDE,2026-04-05,2026-09-11T15:23:38Z
SM-S942B,XSG,S942BXXU2AZDE,2026-04-05,2026-09-11T15:23:20Z
SM-S947B,AFG,S947BXXS1AZC7,2026-02-05,2026-09-11T15:23:59Z
SM-S947B,EGY,S947BXXS1AZC7,2026-02-05,2026-09-11T15:23:51Z
SM-S947B,EUX,S947BXXS1AZC7,2026-02-05,2026-09-11T15:24:05Z
SM-S947B,ILO,S947BXXS1AZC7,2026-02-05,2026-09-11T15:23:45Z
SM-S947B,INS,S947BXXS1AZC7,2026-02-05,2026-09-11T15:24:02Z
SM-S947B,MID,S947BXXS1AZC7,2026-02-05,2026-09-11T15:23:48Z
SM-S947B,TUR,S947BXXS1AZC7,2026-02-05,2026-09-11T15:23:54Z
SM-S947B,XSA,S947BXXS1AZC7,2026-02-05,2026-09-11T15:24:15Z
SM-S947B,XSG,S947BXXS1AZC7,2026-02-05,2026-09-11T15:23:57Z
SM-S947B,AFG,S947BXXS2AZCO,2026-04-05,2026-09-11T15:23:59Z
SM-S947B,EGY,S947BXXS2AZCO,2026-04-05,2026-09-11T15:23:51Z
SM-S947B,EUX,S947BXXS2AZCO,2026-04-05,2026-09-11T15:24:05Z
SM-S947B,ILO,S947BXXS2AZCO,2026-04-05,2026-09-11T15:23:45Z
SM-S947B,INS,S947BXXS2AZCO,2026-04-05,2026-09-11T15:24:02Z
SM-S947B,MID,S947BXXS2AZCO,2026-04-05,2026-09-11T15:23:48Z
SM-S947B,TUR,S947BXXS2AZCO,2026-04-05,2026-09-11T15:23:54Z
SM-S947B,XSA,S947BXXS2AZCO,2026-04-05,2026-09-11T15:24:15Z
SM-S947B,XSG,S947BXXS2AZCO,2026-04-05,2026-09-11T15:23:57Z
SM-S947B,AFG,S947BXXS2AZE2,2026-05-05,2026-09-11T15:23:59Z
SM-S947B,EGY,S947BXXS2AZE2,2026-05-05,2026-09-11T15:23:51Z
SM-S947B,EUX,S947BXXS2AZE2,2026-05-05,2026-09-11T15:24:05Z
SM-S947B,ILO,S947BXXS2AZE2,2026-05-05,2026-09-11T15:23:45Z
SM-S947B,INS,S947BXXS2AZE2,2026-05-05,2026-09-11T15:24:02Z
SM-S947B,MID,S947BXXS2AZE2,2026-05-05,2026-09-11T15:23:48Z
SM-S947B,TUR,S947BXXS2AZE2,2026-05-05,2026-09-11T15:23:54Z
SM-S947B,XSA,S947BXXS2AZE2,2026-05-05,2026-09-11T15:24:15Z
SM-S947B,XSG,S947BXXS2AZE2,2026-05-05,2026-09-11T15:23:57Z
SM-S947B,AFG,S947BXXS3AZF1,2026-06-05,2026-09-11T15:23:59Z
SM-S947B,EGY,S947BXXS3AZF1,2026-06-05,2026-09-11T15:23:51Z
SM-S947B,EUX,S947BXXS3AZF1,2026-06-05,2026-09-11T15:24:05Z
SM-S947B,ILO,S947BXXS3AZF1,2026-06-05,2026-09-11T15:23:45Z
SM-S947B,INS,S947BXXS3AZF1,2026-06-05,2026-09-11T15:24:02Z
SM-S947B,MID,S947BXXS3AZF1,2026-06-05,2026-09-11T15:23:48Z
SM-S947B,TUR,S947BXXS3AZF1,2026-06-05,2026-09-11T15:23:54Z
SM-S947B,XSA,S947BXXS3AZF1,2026-06-05,2026-09-11T15:24:15Z
SM-S947B,XSG,S947BXXS3AZF1,2026-06-05,2026-09-11T15:23:57Z
SM-S947B,AFG,S947BXXS4AZG5,2026-07-05,2026-09-11T15:23:59Z
SM-S947B,EGY,S947BXXS4AZG5,2026-07-05,2026-09-11T15:23:51Z
SM-S947B,EUX,S947BXXS4AZG5,2026-07-05,2026-09-11T15:24:05Z
SM-S947B,ILO,S947BXXS4AZG5,2026-07-05,2026-09-11T15:23:45Z
SM-S947B,INS,S947BXXS4AZG5,2026-07-05,2026-09-11T15:24:02Z
SM-S947B,MID,S947BXXS4AZG5,2026-07-05,2026-09-11T15:23:48Z
SM-S947B,TUR,S947BXXS4AZG5,2026-07-05,2026-09-11T15:23:54Z
SM-S947B,XSA,S947BXXS4AZG5,2026-07-05,2026-09-11T15:24:15Z
SM-S947B,XSG,S947BXXS4AZG5,2026-07-05,2026-09-11T15:23:57Z
SM-S947B,AFG,S947BXXS4AZHA,2026-08-05,2026-09-11T15:23:59Z
SM-S947B,EGY,S947BXXS4AZHA,2026-08-05,2026-09-11T15:23:51Z
SM-S947B,EUX,S947BXXS4AZHA,2026-08-05,2026-09-11T15:24:05Z
SM-S947B,ILO,S947BXXS4AZHA,2026-08-05,2026-09-11T15:23:45Z
SM-S947B,INS,S947BXXS4AZHA,2026-08-05,2026-09-11T15:24:02Z
SM-S947B,MID,S947BXXS4AZHA,2026-08-05,2026-09-11T15:23:48Z
SM-S947B,TUR,S947BXXS4AZHA,2026-08-05,2026-09-11T15:23:54Z
SM-S947B,XSA,S947BXXS4AZHA,2026-08-05,2026-09-11T15:24:15Z
SM-S947B,XSG,S947BXXS4AZHA,2026-08-05,2026-09-11T15:23:57Z
SM-S947B,AFG,S947BXXU1AZCF,2026-02-05,2026-09-11T15:23:59Z
SM-S947B,EGY,S947BXXU1AZCF,2026-02-05,2026-09-11T15:23:51Z
SM-S947B,EUX,S947BXXU1AZCF,2026-02-05,2026-09-11T15:24:05Z
SM-S947B,ILO,S947BXXU1AZCF,2026-02-05,2026-09-11T15:23:45Z
SM-S947B,INS,S947BXXU1AZCF,2026-02-05,2026-09-11T15:24:02Z
SM-S947B,MID,S947BXXU1AZCF,2026-02-05,2026-09-11T15:23:48Z
SM-S947B,TUR,S947BXXU1AZCF,2026-02-05,2026-09-11T15:23:54Z
SM-S947B,XSA,S947BXXU1AZCF,2026-02-05,2026-09-11T15:24:15Z
SM-S947B,XSG,S947BXXU1AZCF,2026-02-05,2026-09-11T15:23:57Z
SM-S947B,AFG,S947BXXU2AZDE,2026-04-05,2026-09-11T15:23:59Z
SM-S947B,EGY,S947BXXU2AZDE,2026-04-05,2026-09-11T15:23:51Z
SM-S947B,EUX,S947BXXU2AZDE,2026-04-05,2026-09-11T15:24:05Z
SM-S947B,ILO,S947BXXU2AZDE,2026-04-05,2026-09-11T15:23:45Z
SM-S947B,INS,S947BXXU2AZDE,2026-04-05,2026-09-11T15:24:02Z
SM-S947B,MID,S947BXXU2AZDE,2026-04-05,2026-09-11T15:23:48Z
SM-S947B,TUR,S947BXXU2AZDE,2026-04-05,2026-09-11T15:23:54Z
SM-S947B,XSA,S947BXXU2AZDE,2026-04-05,2026-09-11T15:24:15Z
SM-S947B,XSG,S947BXXU2AZDE,2026-04-05,2026-09-11T15:23:57Z
SM-S948B,AFG,S948BXXS1AZC7,2026-02-05,2026-09-11T15:24:35Z
SM-S948B,EGY,S948BXXS1AZC7,2026-02-05,2026-09-11T15:24:27Z
SM-S948B,EUX,S948BXXS1AZC7,2026-02-05,2026-09-11T15:24:40Z
SM-S948B,ILO,S948BXXS1AZC7,2026-02-05,2026-09-11T15:24:21Z
SM-S948B,INS,S948BXXS1AZC7,2026-02-05,2026-09-11T15:24:37Z
SM-S948B,MID,S948BXXS1AZC7,2026-02-05,2026-09-11T15:24:24Z
SM-S948B,TUR,S948BXXS1AZC7,2026-02-05,2026-09-11T15:24:29Z
SM-S948B,XSA,S948BXXS1AZC7,2026-02-05,2026-09-11T15:24:49Z
SM-S948B,XSG,S948BXXS1AZC7,2026-02-05,2026-09-11T15:24:32Z
SM-S948B,AFG,S948BXXS2AZCL,2026-04-05,2026-09-11T15:24:35Z
SM-S948B,EGY,S948BXXS2AZCL,2026-04-05,2026-09-11T15:24:27Z
SM-S948B,EUX,S948BXXS2AZCL,2026-04-05,2026-09-11T15:24:40Z
SM-S948B,ILO,S948BXXS2AZCL,2026-04-05,2026-09-11T15:24:21Z
SM-S948B,INS,S948BXXS2AZCL,2026-04-05,2026-09-11T15:24:37Z
SM-S948B,MID,S948BXXS2AZCL,2026-04-05,2026-09-11T15:24:24Z
SM-S948B,TUR,S948BXXS2AZCL,2026-04-05,2026-09-11T15:24:29Z
SM-S948B,XSA,S948BXXS2AZCL,2026-04-05,2026-09-11T15:24:49Z
SM-S948B,XSG,S948BXXS2AZCL,2026-04-05,2026-09-11T15:24:32Z
SM-S948B,AFG,S948BXXS2AZE2,2026-05-05,2026-09-11T15:24:35Z
SM-S948B,EGY,S948BXXS2AZE2,2026-05-05,2026-09-11T15:24:27Z
SM-S948B,EUX,S948BXXS2AZE2,2026-05-05,2026-09-11T15:24:40Z
SM-S948B,ILO,S948BXXS2AZE2,2026-05-05,2026-09-11T15:24:21Z
SM-S948B,INS,S948BXXS2AZE2,2026-05-05,2026-09-11T15:24:37Z
SM-S948B,MID,S948BXXS2AZE2,2026-05-05,2026-09-11T15:24:24Z
SM-S948B,TUR,S948BXXS2AZE2,2026-05-05,2026-09-11T15:24:29Z
SM-S948B,XSA,S948BXXS2AZE2,2026-05-05,2026-09-11T15:24:49Z
SM-S948B,XSG,S948BXXS2AZE2,2026-05-05,2026-09-11T15:24:32Z
SM-S948B,AFG,S948BXXS3AZF1,2026-06-05,2026-09-11T15:24:35Z
SM-S948B,EGY,S948BXXS3AZF1,2026-06-05,2026-09-11T15:24:27Z
SM-S948B,EUX,S948BXXS3AZF1,2026-06-05,2026-09-11T15:24:40Z
SM-S948B,ILO,S948BXXS3AZF1,2026-06-05,2026-09-11T15:24:21Z
SM-S948B,INS,S948BXXS3AZF1,2026-06-05,2026-09-11T15:24:37Z
SM-S948B,MID,S948BXXS3AZF1,2026-06-05,2026-09-11T15:24:24Z
SM-S948B,TUR,S948BXXS3AZF1,2026-06-05,2026-09-11T15:24:29Z
SM-S948B,XSA,S948BXXS3AZF1,2026-06-05,2026-09-11T15:24:49Z
SM-S948B,XSG,S948BXXS3AZF1,2026-06-05,2026-09-11T15:24:32Z
SM-S948B,AFG,S948BXXS4AZG5,2026-07-05,2026-09-11T15:24:35Z
SM-S948B,EGY,S948BXXS4AZG5,2026-07-05,2026-09-11T15:24:27Z
SM-S948B,EUX,S948BXXS4AZG5,2026-07-05,2026-09-11T15:24:40Z
SM-S948B,ILO,S948BXXS4AZG5,2026-07-05,2026-09-11T15:24:21Z
SM-S948B,INS,S948BXXS4AZG5,2026-07-05,2026-09-11T15:24:37Z
SM-S948B,MID,S948BXXS4AZG5,2026-07-05,2026-09-11T15:24:24Z
SM-S948B,TUR,S948BXXS4AZG5,2026-07-05,2026-09-11T15:24:29Z
SM-S948B,XSA,S948BXXS4AZG5,2026-07-05,2026-09-11T15:24:49Z
SM-S948B,XSG,S948BXXS4AZG5,2026-07-05,2026-09-11T15:24:32Z
SM-S948B,AFG,S948BXXS4AZHL,2026-08-05,2026-09-11T15:24:35Z
SM-S948B,EGY,S948BXXS4AZHL,2026-08-05,2026-09-11T15:24:27Z
SM-S948B,EUX,S948BXXS4AZHL,2026-08-05,2026-09-11T15:24:40Z
SM-S948B,ILO,S948BXXS4AZHL,2026-08-05,2026-09-11T15:24:21Z
SM-S948B,INS,S948BXXS4AZHL,2026-08-05,2026-09-11T15:24:37Z
SM-S948B,MID,S948BXXS4AZHL,2026-08-05,2026-09-11T15:24:24Z
SM-S948B,TUR,S948BXXS4AZHL,2026-08-05,2026-09-11T15:24:29Z
SM-S948B,XSA,S948BXXS4AZHL,2026-08-05,2026-09-11T15:24:49Z
SM-S948B,XSG,S948BXXS4AZHL,2026-08-05,2026-09-11T15:24:32Z
SM-S948B,AFG,S948BXXU1AZCF,2026-02-05,2026-09-11T15:24:35Z
SM-S948B,EGY,S948BXXU1AZCF,2026-02-05,2026-09-11T15:24:27Z
SM-S948B,EUX,S948BXXU1AZCF,2026-02-05,2026-09-11T15:24:40Z
SM-S948B,ILO,S948BXXU1AZCF,2026-02-05,2026-09-11T15:24:21Z
SM-S948B,INS,S948BXXU1AZCF,2026-02-05,2026-09-11T15:24:37Z
SM-S948B,MID,S948BXXU1AZCF,2026-02-05,2026-09-11T15:24:24Z
SM-S948B,TUR,S948BXXU1AZCF,2026-02-05,2026-09-11T15:24:29Z
SM-S948B,XSA,S948BXXU1AZCF,2026-02-05,2026-09-11T15:24:49Z
SM-S948B,XSG,S948BXXU1AZCF,2026-02-05,2026-09-11T15:24:32Z
SM-S948B,AFG,S948BXXU2AZDE,2026-04-05,2026-09-11T15:24:35Z
SM-S948B,EGY,S948BXXU2AZDE,2026-04-05,2026-09-11T15:24:27Z
SM-S948B,EUX,S948BXXU2AZDE,2026-04-05,2026-09-11T15:24:40Z
SM-S948B,ILO,S948BXXU2AZDE,2026-04-05,2026-09-11T15:24:21Z
SM-S948B,INS,S948BXXU2AZDE,2026-04-05,2026-09-11T15:24:37Z
SM-S948B,MID,S948BXXU2AZDE,2026-04-05,2026-09-11T15:24:24Z
SM-S948B,TUR,S948BXXU2AZDE,2026-04-05,2026-09-11T15:24:29Z
SM-S948B,XSA,S948BXXU2AZDE,2026-04-05,2026-09-11T15:24:49Z
SM-S948B,XSG,S948BXXU2AZDE,2026-04-05,2026-09-11T15:24:32Z
